run_id,map_id,route_id,seed,fault_family,severity,policy_id,mission_complete,collision,guard_violation,guard_rejected,added_time_seconds,added_path_length_m,intervention_count,recovery_action,action_regret_vs_oracle,oracle_action,episode_key,pair_key,split,protected_test_used,terminal_state,mission_abort,failed_recovery,unnecessary_intervention,duration_s,path_length_m,time_difference_seconds,path_difference_m,warnings_issued,first_warning_time,forced_action,engineering_smoke,observed_cost,cost_collision,cost_mission_abort,cost_failed_recovery,cost_excessive_delay,cost_path_overhead,cost_unnecessary_intervention
e1caecd3-2486-49c2-887c-9c114639b8b4,val_00,val_00_r0,40000000,camera_occlusion,medium,R0,false,false,false,false,0.0,0.0,0,none,0.0,none,val_00-val_00_r0-camera-r0-R0,val_00-val_00_r0-40000000-camera_occlusion-medium,validation,false,false_arrival,true,false,false,74.044,6.2899,0.0,0.0,0,,,false,40.0,0.0,40.0,0.0,0.0,0.0,0.0
8c4823cd-21c5-4ab4-b4c2-116a280bba71,val_00,val_00_r0,40000000,camera_occlusion,medium,RP_backup,false,false,false,false,0.0,0.0,0,none,0.0,none,val_00-val_00_r0-camera-r0-RP_backup,val_00-val_00_r0-40000000-camera_occlusion-medium,validation,false,false_arrival,true,false,false,71.877,6.0852,-2.1670000000000016,-0.20469999999999988,0,,backup,false,40.0,0.0,40.0,0.0,0.0,0.0,0.0
10873052-dc75-437d-a336-0caf08e10d9a,val_00,val_00_r0,40000000,camera_occlusion,medium,RP_controlled_stop,false,false,false,false,0.0,0.0,0,none,0.0,none,val_00-val_00_r0-camera-r0-RP_controlled_stop,val_00-val_00_r0-40000000-camera_occlusion-medium,validation,false,false_arrival,true,false,false,63.361,5.8188,-10.683,-0.47109999999999985,0,,controlled_stop,false,40.0,0.0,40.0,0.0,0.0,0.0,0.0
3711bd8b-15d8-4480-942b-eb099915488e,val_00,val_00_r0,40000000,camera_occlusion,medium,RP_relocalise,false,false,false,false,0.0,0.0,0,none,0.0,none,val_00-val_00_r0-camera-r0-RP_relocalise,val_00-val_00_r0-40000000-camera_occlusion-medium,validation,false,false_arrival,true,false,false,67.965,5.8473,-6.0789999999999935,-0.44260000000000055,0,,relocalise,false,40.0,0.0,40.0,0.0,0.0,0.0,0.0
bc0f8075-7377-45a8-8239-cadfd9a1d9e3,val_00,val_00_r0,40000000,camera_occlusion,medium,RP_replan_clear_costmaps,false,false,false,true,0.0,0.0,1,controlled_stop,0.0,none,val_00-val_00_r0-camera-r0-RP_replan_clear_costmaps,val_00-val_00_r0-40000000-camera_occlusion-medium,validation,false,false_arrival,true,false,false,63.653,5.9116,-10.390999999999998,-0.3783000000000003,1,75.558,replan_clear_costmaps,false,40.0,0.0,40.0,0.0,0.0,0.0,0.0
049519b4-5fd9-48f1-a2ec-7201fdb67d44,val_00,val_00_r0,40000000,camera_occlusion,medium,RP_spin_active_rescan,false,false,false,false,6.2819999999999965,0.0,1,spin_active_rescan,3.1409999999999982,none,val_00-val_00_r0-camera-r0-RP_spin_active_rescan,val_00-val_00_r0-40000000-camera_occlusion-medium,validation,false,false_arrival,true,false,false,80.326,6.1045,6.2819999999999965,-0.18540000000000045,1,76.059,spin_active_rescan,false,43.141,0.0,40.0,0.0,3.1409999999999982,0.0,0.0
80a849f6-eb7a-417e-b1f0-ce5d4924a1d5,val_00,val_00_r0,40000000,camera_occlusion,medium,RP_wait,false,false,false,true,40.637,0.30129999999999946,1,controlled_stop,15.301299999999998,none,val_00-val_00_r0-camera-r0-RP_wait,val_00-val_00_r0-40000000-camera_occlusion-medium,validation,false,false_arrival,true,false,false,114.681,6.5912,40.637,0.30129999999999946,1,124.657,wait,false,55.3013,0.0,40.0,0.0,15.0,0.30129999999999946,0.0
c32a1c73-0a9f-4036-b76f-d566b7b78e39,val_00,val_00_r0,40000001,lidar_dropout,medium,R0,true,false,false,false,0.0,0.0,0,none,0.0,none,val_00-val_00_r0-lidar-r0-R0,val_00-val_00_r0-40000001-lidar_dropout-medium,validation,false,success,false,false,false,79.292,6.1494,0.0,0.0,0,,,false,0.0,0.0,0.0,0.0,0.0,0.0,0.0
141b0249-93cf-43b8-8dfb-7e72fafba9aa,val_00,val_00_r0,40000001,lidar_dropout,medium,RP_backup,false,false,false,false,0.0,0.12990000000000013,1,backup,45.1299,none,val_00-val_00_r0-lidar-r0-RP_backup,val_00-val_00_r0-40000001-lidar_dropout-medium,validation,false,false_arrival,true,false,true,65.252,6.2793,-14.040000000000006,0.12990000000000013,1,24.379,backup,false,45.1299,0.0,40.0,0.0,0.0,0.12990000000000013,5.0
323ec577-3331-46db-a8b6-078a634935d1,val_00,val_00_r0,40000001,lidar_dropout,medium,RP_controlled_stop,true,false,false,false,0.0,0.2264999999999997,1,controlled_stop,5.2265,none,val_00-val_00_r0-lidar-r0-RP_controlled_stop,val_00-val_00_r0-40000001-lidar_dropout-medium,validation,false,success,false,false,true,75.333,6.3759,-3.959000000000003,0.2264999999999997,1,23.567,controlled_stop,false,5.2265,0.0,0.0,0.0,0.0,0.2264999999999997,5.0
d8f987f0-af1d-4c59-9331-9c95c90cb678,val_00,val_00_r0,40000001,lidar_dropout,medium,RP_relocalise,false,false,false,true,0.0,0.0,1,controlled_stop,45.0,none,val_00-val_00_r0-lidar-r0-RP_relocalise,val_00-val_00_r0-40000001-lidar_dropout-medium,validation,false,false_arrival,true,false,true,62.281,5.8329,-17.011000000000003,-0.31649999999999956,1,24.027,relocalise,false,45.0,0.0,40.0,0.0,0.0,0.0,5.0
75edf5ca-4c5b-4bb2-847d-30fc6053a565,val_00,val_00_r0,40000001,lidar_dropout,medium,RP_replan_clear_costmaps,false,false,false,false,32.637,0.3174000000000001,1,replan_clear_costmaps,60.3174,none,val_00-val_00_r0-lidar-r0-RP_replan_clear_costmaps,val_00-val_00_r0-40000001-lidar_dropout-medium,validation,false,false_arrival,true,false,true,111.929,6.4668,32.637,0.3174000000000001,1,24.108,replan_clear_costmaps,false,60.3174,0.0,40.0,0.0,15.0,0.3174000000000001,5.0
7a8519d1-057d-4b4c-975b-22f2ab3bcccf,val_00,val_00_r0,40000001,lidar_dropout,medium,RP_spin_active_rescan,false,false,false,false,0.4899999999999949,0.0,1,spin_active_rescan,45.245,none,val_00-val_00_r0-lidar-r0-RP_spin_active_rescan,val_00-val_00_r0-40000001-lidar_dropout-medium,validation,false,false_arrival,true,false,true,79.782,6.0628,0.4899999999999949,-0.08659999999999979,1,24.25,spin_active_rescan,false,45.245,0.0,40.0,0.0,0.24499999999999744,0.0,5.0
42bc991a-28cc-4e49-931e-885b57f206a8,val_00,val_00_r0,40000001,lidar_dropout,medium,RP_wait,false,false,false,true,0.0,0.0,1,controlled_stop,45.0,none,val_00-val_00_r0-lidar-r0-RP_wait,val_00-val_00_r0-40000001-lidar_dropout-medium,validation,false,false_arrival,true,false,true,77.392,6.0564,-1.9000000000000057,-0.09299999999999997,1,24.513,wait,false,45.0,0.0,40.0,0.0,0.0,0.0,5.0
94f70b2b-0043-46d8-844c-830592d28c4f,val_00,val_00_r0,40000002,wheel_slip,medium,R0,false,false,false,false,0.0,0.0,0,none,40.0,none,val_00-val_00_r0-wheel-r0-R0,val_00-val_00_r0-40000002-wheel_slip-medium,validation,false,false_arrival,true,false,false,149.505,7.2494,0.0,0.0,0,,,false,40.0,0.0,40.0,0.0,0.0,0.0,0.0
c0430a8c-9edf-4234-a9af-3754f00f4ac3,val_00,val_00_r0,40000002,wheel_slip,medium,RP_backup,false,false,false,false,0.0,0.0,0,none,40.0,none,val_00-val_00_r0-wheel-r0-RP_backup,val_00-val_00_r0-40000002-wheel_slip-medium,validation,false,false_arrival,true,false,false,72.552,5.9557,-76.95299999999999,-1.2936999999999994,0,,backup,false,40.0,0.0,40.0,0.0,0.0,0.0,0.0
218071c6-0f88-47ab-8c94-c323a082ed91,val_00,val_00_r0,40000002,wheel_slip,medium,RP_controlled_stop,false,false,false,false,0.0,0.0,0,none,40.0,none,val_00-val_00_r0-wheel-r0-RP_controlled_stop,val_00-val_00_r0-40000002-wheel_slip-medium,validation,false,false_arrival,true,false,false,119.669,6.4155,-29.836,-0.8338999999999999,0,,controlled_stop,false,40.0,0.0,40.0,0.0,0.0,0.0,0.0
be49368d-21dc-4fd0-96aa-1c8b89f3c05c,val_00,val_00_r0,40000002,wheel_slip,medium,RP_relocalise,false,false,false,false,0.0,0.0,0,none,40.0,none,val_00-val_00_r0-wheel-r0-RP_relocalise,val_00-val_00_r0-40000002-wheel_slip-medium,validation,false,false_arrival,true,false,false,68.637,5.8548,-80.868,-1.3945999999999996,0,,relocalise,false,40.0,0.0,40.0,0.0,0.0,0.0,0.0
8807726f-c400-4443-b20a-6e7d09602d50,val_00,val_00_r0,40000002,wheel_slip,medium,RP_replan_clear_costmaps,true,false,false,false,0.0,0.0,0,none,0.0,none,val_00-val_00_r0-wheel-r0-RP_replan_clear_costmaps,val_00-val_00_r0-40000002-wheel_slip-medium,validation,false,success,false,false,false,75.068,6.0539,-74.437,-1.1955,0,,replan_clear_costmaps,false,0.0,0.0,0.0,0.0,0.0,0.0,0.0
2e49011f-91ca-40e7-9080-1cce29070a55,val_00,val_00_r0,40000002,wheel_slip,medium,RP_spin_active_rescan,false,false,false,false,0.0,0.0,0,none,40.0,none,val_00-val_00_r0-wheel-r0-RP_spin_active_rescan,val_00-val_00_r0-40000002-wheel_slip-medium,validation,false,false_arrival,true,false,false,67.879,5.9781,-81.62599999999999,-1.2712999999999992,0,,spin_active_rescan,false,40.0,0.0,40.0,0.0,0.0,0.0,0.0
6871c97b-4d7c-442f-9b77-4b4c92546019,val_00,val_00_r0,40000002,wheel_slip,medium,RP_wait,false,false,false,false,0.0,0.0,0,none,40.0,none,val_00-val_00_r0-wheel-r0-RP_wait,val_00-val_00_r0-40000002-wheel_slip-medium,validation,false,false_arrival,true,false,false,74.524,6.1992,-74.981,-1.0501999999999994,0,,wait,false,40.0,0.0,40.0,0.0,0.0,0.0,0.0
fa87279f-bfb2-4fbf-866f-858318762367,val_00,val_00_r0,40000003,localisation_perturbation,medium,R0,false,false,false,false,0.0,0.0,0,none,0.0,none,val_00-val_00_r0-localisation-r0-R0,val_00-val_00_r0-40000003-localisation_perturbation-medium,validation,false,false_arrival,true,false,false,118.895,6.483,0.0,0.0,0,,,false,40.0,0.0,40.0,0.0,0.0,0.0,0.0
af62cdf5-939d-4908-a25c-cb698794c35e,val_00,val_00_r0,40000003,localisation_perturbation,medium,RP_backup,false,false,false,false,0.0,0.0,0,none,0.0,none,val_00-val_00_r0-localisation-r0-RP_backup,val_00-val_00_r0-40000003-localisation_perturbation-medium,validation,false,false_arrival,true,false,false,68.724,5.7526,-50.17099999999999,-0.7303999999999995,0,,backup,false,40.0,0.0,40.0,0.0,0.0,0.0,0.0
160a7c06-5868-4b15-9a43-c69703e2d4f4,val_00,val_00_r0,40000003,localisation_perturbation,medium,RP_controlled_stop,false,false,false,false,0.0,0.12309999999999999,0,none,0.12310000000000088,none,val_00-val_00_r0-localisation-r0-RP_controlled_stop,val_00-val_00_r0-40000003-localisation_perturbation-medium,validation,false,false_arrival,true,false,false,114.336,6.6061,-4.5589999999999975,0.12309999999999999,0,,controlled_stop,false,40.1231,0.0,40.0,0.0,0.0,0.12309999999999999,0.0
692eb0f5-ade0-4c8e-81cf-06eb1de5f6b8,val_00,val_00_r0,40000003,localisation_perturbation,medium,RP_relocalise,false,false,false,false,13.649999999999991,1.0386000000000006,0,none,7.863599999999998,none,val_00-val_00_r0-localisation-r0-RP_relocalise,val_00-val_00_r0-40000003-localisation_perturbation-medium,validation,false,false_arrival,true,false,false,132.545,7.5216,13.649999999999991,1.0386000000000006,0,,relocalise,false,47.8636,0.0,40.0,0.0,6.824999999999996,1.0386000000000006,0.0
89cbc839-79d7-4cc5-b71f-0fe70bd862fd,val_00,val_00_r0,40000003,localisation_perturbation,medium,RP_replan_clear_costmaps,false,false,false,false,0.0,0.029200000000000337,0,none,0.029200000000003,none,val_00-val_00_r0-localisation-r0-RP_replan_clear_costmaps-infra-replacement-001,val_00-val_00_r0-40000003-localisation_perturbation-medium,validation,false,false_arrival,true,false,false,113.625,6.5122,-5.269999999999996,0.029200000000000337,0,,replan_clear_costmaps,false,40.0292,0.0,40.0,0.0,0.0,0.029200000000000337,0.0
0ba890a9-82e7-497e-bff8-55151ede78d1,val_00,val_00_r0,40000003,localisation_perturbation,medium,RP_spin_active_rescan,false,false,false,false,0.0,0.3045,0,none,0.30449999999999733,none,val_00-val_00_r0-localisation-r0-RP_spin_active_rescan,val_00-val_00_r0-40000003-localisation_perturbation-medium,validation,false,false_arrival,true,false,false,118.081,6.7875,-0.813999999999993,0.3045,0,,spin_active_rescan,false,40.3045,0.0,40.0,0.0,0.0,0.3045,0.0
28f07b88-333c-4b94-8502-f299394967bd,val_00,val_00_r0,40000003,localisation_perturbation,medium,RP_wait,false,false,false,false,0.0,0.0,0,none,0.0,none,val_00-val_00_r0-localisation-r0-RP_wait,val_00-val_00_r0-40000003-localisation_perturbation-medium,validation,false,false_arrival,true,false,false,72.309,5.6514,-46.586,-0.8315999999999999,0,,wait,false,40.0,0.0,40.0,0.0,0.0,0.0,0.0
07df7378-a04c-4561-b582-8deccfe253a7,val_00,val_00_r0,40000004,dynamic_blockage,medium,R0,false,false,false,false,0.0,0.0,0,none,24.8358,spin_active_rescan,val_00-val_00_r0-blockage-r0-R0,val_00-val_00_r0-40000004-dynamic_blockage-medium,validation,false,false_arrival,true,false,false,163.262,7.5708,0.0,0.0,0,,,false,40.0,0.0,40.0,0.0,0.0,0.0,0.0
34be2631-22c0-46af-b77e-aac98c322cbc,val_00,val_00_r0,40000004,dynamic_blockage,medium,RP_backup,false,false,false,false,0.0,0.16709999999999958,2,backup,25.002899999999997,spin_active_rescan,val_00-val_00_r0-blockage-r0-RP_backup,val_00-val_00_r0-40000004-dynamic_blockage-medium,validation,false,false_arrival,true,false,false,131.733,7.7379,-31.528999999999996,0.16709999999999958,2,90.057,backup,false,40.1671,0.0,40.0,0.0,0.0,0.16709999999999958,0.0
08a6640b-2096-4356-b1af-7ba3dccf94a4,val_00,val_00_r0,40000004,dynamic_blockage,medium,RP_controlled_stop,false,false,false,true,15.34299999999999,0.0,5,controlled_stop,32.507299999999994,spin_active_rescan,val_00-val_00_r0-blockage-r0-RP_controlled_stop,val_00-val_00_r0-40000004-dynamic_blockage-medium,validation,false,timeout,true,false,false,178.605,6.4621,15.34299999999999,-1.1086999999999998,5,104.523,controlled_stop,false,47.671499999999995,0.0,40.0,0.0,7.671499999999995,0.0,0.0
b90aac0d-14b5-4499-81a6-47b28502fc5a,val_00,val_00_r0,40000004,dynamic_blockage,medium,RP_relocalise,false,false,false,true,0.0,0.0,2,controlled_stop,24.8358,spin_active_rescan,val_00-val_00_r0-blockage-r0-RP_relocalise,val_00-val_00_r0-40000004-dynamic_blockage-medium,validation,false,false_arrival,true,false,false,133.314,7.2098,-29.948000000000008,-0.36099999999999977,2,98.10300000000001,relocalise,false,40.0,0.0,40.0,0.0,0.0,0.0,0.0
216f317f-a161-4464-ab52-8b3954decc5b,val_00,val_00_r0,40000004,dynamic_blockage,medium,RP_replan_clear_costmaps,false,false,false,true,15.397999999999996,0.0,5,replan_clear_costmaps,32.5348,spin_active_rescan,val_00-val_00_r0-blockage-r0-RP_replan_clear_costmaps,val_00-val_00_r0-40000004-dynamic_blockage-medium,validation,false,timeout,true,false,false,178.66,6.5685,15.397999999999996,-1.0023,5,105.113,replan_clear_costmaps,false,47.699,0.0,40.0,0.0,7.698999999999998,0.0,0.0
0c98864b-6b81-4d55-85e1-c88762e4b4b1,val_00,val_00_r0,40000004,dynamic_blockage,medium,RP_spin_active_rescan,true,false,false,false,37.644000000000005,0.16420000000000012,1,spin_active_rescan,0.0,spin_active_rescan,val_00-val_00_r0-blockage-r0-RP_spin_active_rescan,val_00-val_00_r0-40000004-dynamic_blockage-medium,validation,false,success,false,false,false,200.906,7.735,37.644000000000005,0.16420000000000012,1,109.879,spin_active_rescan,false,15.164200000000001,0.0,0.0,0.0,15.0,0.16420000000000012,0.0
9c5f31ed-ed77-44bb-a245-1e3338df759e,val_00,val_00_r0,40000004,dynamic_blockage,medium,RP_wait,false,false,false,true,32.00800000000001,0.08709999999999951,2,controlled_stop,39.9229,spin_active_rescan,val_00-val_00_r0-blockage-r0-RP_wait,val_00-val_00_r0-40000004-dynamic_blockage-medium,validation,false,false_arrival,true,false,false,195.27,7.6579,32.00800000000001,0.08709999999999951,2,114.366,wait,false,55.0871,0.0,40.0,0.0,15.0,0.08709999999999951,0.0
548045ce-b33a-4a48-a054-8767d7d30e45,val_00,val_00_r0,40000005,planner_oscillation,medium,R0,false,false,false,false,0.0,0.0,0,none,25.530299999999997,spin_active_rescan,val_00-val_00_r0-oscillation-r0-R0,val_00-val_00_r0-40000005-planner_oscillation-medium,validation,false,false_arrival,true,false,false,110.173,7.6946,0.0,0.0,0,,,false,40.0,0.0,40.0,0.0,0.0,0.0,0.0
bbb62668-1531-451d-b805-7869a81cfc50,val_00,val_00_r0,40000005,planner_oscillation,medium,RP_backup,false,false,false,false,74.457,2.104,1,backup,42.634299999999996,spin_active_rescan,val_00-val_00_r0-oscillation-r0-RP_backup,val_00-val_00_r0-40000005-planner_oscillation-medium,validation,false,false_arrival,true,false,false,184.63,9.7986,74.457,2.104,2,110.695,backup,false,57.104,0.0,40.0,0.0,15.0,2.104,0.0
be9d52ca-6ad4-4298-8462-66b550f958ec,val_00,val_00_r0,40000005,planner_oscillation,medium,RP_controlled_stop,false,false,false,false,5.191999999999993,0.0,1,controlled_stop,28.126299999999993,spin_active_rescan,val_00-val_00_r0-oscillation-r0-RP_controlled_stop,val_00-val_00_r0-40000005-planner_oscillation-medium,validation,false,false_arrival,true,false,false,115.365,7.6326,5.191999999999993,-0.06200000000000028,1,115.292,controlled_stop,false,42.596,0.0,40.0,0.0,2.5959999999999965,0.0,0.0
b4d98685-e768-4b88-9265-34c5bc399faa,val_00,val_00_r0,40000005,planner_oscillation,medium,RP_relocalise,false,false,false,true,59.44900000000001,0.0,5,controlled_stop,40.5303,spin_active_rescan,val_00-val_00_r0-oscillation-r0-RP_relocalise,val_00-val_00_r0-40000005-planner_oscillation-medium,validation,false,timeout,true,false,false,169.622,7.2192,59.44900000000001,-0.4754000000000005,5,119.669,relocalise,false,55.0,0.0,40.0,0.0,15.0,0.0,0.0
6267d555-3a35-4466-96ce-2279c06a5e71,val_00,val_00_r0,40000005,planner_oscillation,medium,RP_replan_clear_costmaps,false,false,false,false,57.55799999999999,0.48389999999999933,1,replan_clear_costmaps,41.014199999999995,spin_active_rescan,val_00-val_00_r0-oscillation-r0-RP_replan_clear_costmaps,val_00-val_00_r0-40000005-planner_oscillation-medium,validation,false,false_arrival,true,false,false,167.731,8.1785,57.55799999999999,0.48389999999999933,2,127.016,replan_clear_costmaps,false,55.4839,0.0,40.0,0.0,15.0,0.48389999999999933,0.0
6fd50d29-2fa6-4750-96d4-fa04cdcb9344,val_00,val_00_r0,40000005,planner_oscillation,medium,RP_spin_active_rescan,true,false,false,false,28.13300000000001,0.4031999999999991,1,spin_active_rescan,0.0,spin_active_rescan,val_00-val_00_r0-oscillation-r0-RP_spin_active_rescan,val_00-val_00_r0-40000005-planner_oscillation-medium,validation,false,success,false,false,false,138.306,8.0978,28.13300000000001,0.4031999999999991,1,111.663,spin_active_rescan,false,14.469700000000003,0.0,0.0,0.0,14.066500000000005,0.4031999999999991,0.0
0b1cf92d-6f66-4f41-8160-48d8b9ee3e4c,val_00,val_00_r0,40000005,planner_oscillation,medium,RP_wait,false,false,false,true,15.079999999999998,0.1614999999999993,1,controlled_stop,33.23179999999999,spin_active_rescan,val_00-val_00_r0-oscillation-r0-RP_wait,val_00-val_00_r0-40000005-planner_oscillation-medium,validation,false,false_arrival,true,false,false,125.253,7.8561,15.079999999999998,0.1614999999999993,1,115.191,wait,false,47.701499999999996,0.0,40.0,0.0,7.539999999999999,0.1614999999999993,0.0
6e0a87b7-7523-49f9-b91d-d0e69322ef8c,val_00,val_00_r0,40000006,semantic_corruption,medium,R0,false,false,false,false,0.0,0.0,0,none,0.0,none,val_00-val_00_r0-semantic-r0-R0-infra-replacement-001,val_00-val_00_r0-40000006-semantic_corruption-medium,validation,false,false_arrival,true,false,false,130.943,7.5327,0.0,0.0,0,,,false,40.0,0.0,40.0,0.0,0.0,0.0,0.0
aac26b59-4501-458b-ad00-a1e6d859e7cf,val_00,val_00_r0,40000006,semantic_corruption,medium,RP_backup,false,false,false,false,0.0,0.0,1,backup,0.0,none,val_00-val_00_r0-semantic-r0-RP_backup,val_00-val_00_r0-40000006-semantic_corruption-medium,validation,false,false_arrival,true,false,false,87.903,6.7416,-43.040000000000006,-0.7911000000000001,1,91.682,backup,false,40.0,0.0,40.0,0.0,0.0,0.0,0.0
62d271de-8cbe-4dca-a1bd-722a4f035702,val_00,val_00_r0,40000006,semantic_corruption,medium,RP_controlled_stop,false,false,false,false,0.0,0.0,1,controlled_stop,0.0,none,val_00-val_00_r0-semantic-r0-RP_controlled_stop,val_00-val_00_r0-40000006-semantic_corruption-medium,validation,false,false_arrival,true,false,false,62.725,5.9652,-68.21800000000002,-1.5675,1,71.654,controlled_stop,false,40.0,0.0,40.0,0.0,0.0,0.0,0.0
125eacf9-e112-4112-9c95-e460d81adda0,val_00,val_00_r0,40000006,semantic_corruption,medium,RP_relocalise,false,false,false,false,0.0,0.0,0,none,0.0,none,val_00-val_00_r0-semantic-r0-RP_relocalise,val_00-val_00_r0-40000006-semantic_corruption-medium,validation,false,false_arrival,true,false,false,73.94,6.14,-57.003000000000014,-1.3927000000000005,0,,relocalise,false,40.0,0.0,40.0,0.0,0.0,0.0,0.0
aa5ac037-9bc8-4407-a7f5-6ba84c90029f,val_00,val_00_r0,40000006,semantic_corruption,medium,RP_replan_clear_costmaps,false,false,false,false,0.0,0.0,1,replan_clear_costmaps,0.0,none,val_00-val_00_r0-semantic-r0-RP_replan_clear_costmaps,val_00-val_00_r0-40000006-semantic_corruption-medium,validation,false,false_arrival,true,false,false,64.266,5.9526,-66.677,-1.5800999999999998,1,75.16,replan_clear_costmaps,false,40.0,0.0,40.0,0.0,0.0,0.0,0.0
015b596f-8280-4974-affe-30693e20dbe2,val_00,val_00_r0,40000006,semantic_corruption,medium,RP_spin_active_rescan,false,false,false,false,0.0,0.0,0,none,0.0,none,val_00-val_00_r0-semantic-r0-RP_spin_active_rescan,val_00-val_00_r0-40000006-semantic_corruption-medium,validation,false,false_arrival,true,false,false,67.528,6.0852,-63.415000000000006,-1.4474999999999998,0,,spin_active_rescan,false,40.0,0.0,40.0,0.0,0.0,0.0,0.0
1f588f46-0e4e-4620-b67b-5434f7738f36,val_00,val_00_r0,40000006,semantic_corruption,medium,RP_wait,false,false,false,false,0.0,0.0,0,none,0.0,none,val_00-val_00_r0-semantic-r0-RP_wait,val_00-val_00_r0-40000006-semantic_corruption-medium,validation,false,false_arrival,true,false,false,67.803,6.1536,-63.140000000000015,-1.3791000000000002,0,,wait,false,40.0,0.0,40.0,0.0,0.0,0.0,0.0
31a94806-479c-4664-b256-e0d1a075e286,val_00,val_00_r1,40100000,camera_occlusion,medium,R0,true,false,false,false,0.0,0.0,0,none,0.0,none,val_00-val_00_r1-camera-r0-R0,val_00-val_00_r1-40100000-camera_occlusion-medium,validation,false,success,false,false,false,80.056,7.4226,0.0,0.0,0,,,false,0.0,0.0,0.0,0.0,0.0,0.0,0.0
9475cb81-9cec-488a-a60a-8db64d9e75d9,val_00,val_00_r1,40100000,camera_occlusion,medium,RP_backup,true,false,false,false,7.555999999999997,0.2049000000000003,0,none,3.982899999999999,none,val_00-val_00_r1-camera-r0-RP_backup,val_00-val_00_r1-40100000-camera_occlusion-medium,validation,false,success,false,false,false,87.612,7.6275,7.555999999999997,0.2049000000000003,0,,backup,false,3.982899999999999,0.0,0.0,0.0,3.7779999999999987,0.2049000000000003,0.0
1d12ccdb-44f1-4702-91c5-3a9525d6edc8,val_00,val_00_r1,40100000,camera_occlusion,medium,RP_controlled_stop,false,false,false,false,84.378,0.0,0,none,55.0,none,val_00-val_00_r1-camera-r0-RP_controlled_stop,val_00-val_00_r1-40100000-camera_occlusion-medium,validation,false,planner_failure,true,false,false,164.434,4.5439,84.378,-2.8787000000000003,0,,controlled_stop,false,55.0,0.0,40.0,0.0,15.0,0.0,0.0
e4d05263-7bae-4cbe-ad05-d2c95d34b600,val_00,val_00_r1,40100000,camera_occlusion,medium,RP_relocalise,true,false,false,false,77.03500000000001,1.7367,0,none,16.7367,none,val_00-val_00_r1-camera-r0-RP_relocalise,val_00-val_00_r1-40100000-camera_occlusion-medium,validation,false,success,false,false,false,157.091,9.1593,77.03500000000001,1.7367,0,,relocalise,false,16.7367,0.0,0.0,0.0,15.0,1.7367,0.0
92428646-f8cd-4a97-bf80-c6ac97c5f33a,val_00,val_00_r1,40100000,camera_occlusion,medium,RP_replan_clear_costmaps,true,false,false,false,0.0,0.0,0,none,0.0,none,val_00-val_00_r1-camera-r0-RP_replan_clear_costmaps,val_00-val_00_r1-40100000-camera_occlusion-medium,validation,false,success,false,false,false,76.155,7.1594,-3.9009999999999962,-0.2632000000000003,0,,replan_clear_costmaps,false,0.0,0.0,0.0,0.0,0.0,0.0,0.0
d6b26d12-3b6c-4c99-b2dd-a0e2d8a258ad,val_00,val_00_r1,40100000,camera_occlusion,medium,RP_spin_active_rescan,true,false,false,false,49.13000000000001,0.8057000000000007,0,none,15.805700000000002,none,val_00-val_00_r1-camera-r0-RP_spin_active_rescan,val_00-val_00_r1-40100000-camera_occlusion-medium,validation,false,success,false,false,false,129.186,8.2283,49.13000000000001,0.8057000000000007,0,,spin_active_rescan,false,15.805700000000002,0.0,0.0,0.0,15.0,0.8057000000000007,0.0
55674435-e565-45c4-b845-dbe192360a0d,val_00,val_00_r1,40100000,camera_occlusion,medium,RP_wait,true,false,false,false,10.762,0.20610000000000017,0,none,5.5871,none,val_00-val_00_r1-camera-r0-RP_wait,val_00-val_00_r1-40100000-camera_occlusion-medium,validation,false,success,false,false,false,90.818,7.6287,10.762,0.20610000000000017,0,,wait,false,5.5871,0.0,0.0,0.0,5.381,0.20610000000000017,0.0
779f7423-7c54-406a-883d-976fca14adfb,val_00,val_00_r1,40100001,lidar_dropout,medium,R0,true,false,false,false,0.0,0.0,0,none,0.0,none,val_00-val_00_r1-lidar-r0-R0,val_00-val_00_r1-40100001-lidar_dropout-medium,validation,false,success,false,false,false,77.86,7.207,0.0,0.0,0,,,false,0.0,0.0,0.0,0.0,0.0,0.0,0.0
082a8ae4-3654-4a4f-b361-3645b47c7fe3,val_00,val_00_r1,40100001,lidar_dropout,medium,RP_backup,true,false,false,true,85.71499999999999,2.0752999999999995,1,controlled_stop,22.0753,none,val_00-val_00_r1-lidar-r0-RP_backup,val_00-val_00_r1-40100001-lidar_dropout-medium,validation,false,success,false,false,true,163.575,9.2823,85.71499999999999,2.0752999999999995,1,23.93,backup,false,22.0753,0.0,0.0,0.0,15.0,2.0752999999999995,5.0
1d72eada-df7f-4514-87f2-5b5dff4f2e15,val_00,val_00_r1,40100001,lidar_dropout,medium,RP_controlled_stop,true,false,false,false,0.0,0.05320000000000036,1,controlled_stop,5.0532,none,val_00-val_00_r1-lidar-r0-RP_controlled_stop,val_00-val_00_r1-40100001-lidar_dropout-medium,validation,false,success,false,false,true,75.925,7.2602,-1.9350000000000023,0.05320000000000036,1,23.707,controlled_stop,false,5.0532,0.0,0.0,0.0,0.0,0.05320000000000036,5.0
6290f242-da17-46ec-9258-fccdfeb4a0fb,val_00,val_00_r1,40100001,lidar_dropout,medium,RP_relocalise,true,false,false,true,73.54299999999999,0.8671999999999995,1,controlled_stop,20.8672,none,val_00-val_00_r1-lidar-r0-RP_relocalise,val_00-val_00_r1-40100001-lidar_dropout-medium,validation,false,success,false,false,true,151.403,8.0742,73.54299999999999,0.8671999999999995,1,24.011,relocalise,false,20.8672,0.0,0.0,0.0,15.0,0.8671999999999995,5.0
7bdd9b24-b303-45e7-ba05-d88e8b477bd2,val_00,val_00_r1,40100001,lidar_dropout,medium,RP_replan_clear_costmaps,true,false,false,false,17.314000000000007,0.4638,1,replan_clear_costmaps,14.120800000000003,none,val_00-val_00_r1-lidar-r0-RP_replan_clear_costmaps,val_00-val_00_r1-40100001-lidar_dropout-medium,validation,false,success,false,false,true,95.174,7.6708,17.314000000000007,0.4638,1,24.377,replan_clear_costmaps,false,14.120800000000003,0.0,0.0,0.0,8.657000000000004,0.4638,5.0
300155ad-29f3-43b1-aa12-500e7372af43,val_00,val_00_r1,40100001,lidar_dropout,medium,RP_spin_active_rescan,true,false,false,false,20.619,0.24399999999999977,1,spin_active_rescan,15.5535,none,val_00-val_00_r1-lidar-r0-RP_spin_active_rescan,val_00-val_00_r1-40100001-lidar_dropout-medium,validation,false,success,false,false,true,98.479,7.451,20.619,0.24399999999999977,1,24.923,spin_active_rescan,false,15.5535,0.0,0.0,0.0,10.3095,0.24399999999999977,5.0
76730a04-5839-43c7-8828-20ac73506e0a,val_00,val_00_r1,40100001,lidar_dropout,medium,RP_wait,true,false,false,false,5.878,0.015600000000000058,1,wait,7.9546,none,val_00-val_00_r1-lidar-r0-RP_wait,val_00-val_00_r1-40100001-lidar_dropout-medium,validation,false,success,false,false,true,83.738,7.2226,5.878,0.015600000000000058,1,23.956,wait,false,7.9546,0.0,0.0,0.0,2.939,0.015600000000000058,5.0
34f0ef12-c330-4c31-8514-a56f30da5cc8,val_00,val_00_r1,40100002,wheel_slip,medium,R0,true,false,false,false,0.0,0.0,0,none,0.0,none,val_00-val_00_r1-wheel-r0-R0,val_00-val_00_r1-40100002-wheel_slip-medium,validation,false,success,false,false,false,77.761,7.1721,0.0,0.0,0,,,false,0.0,0.0,0.0,0.0,0.0,0.0,0.0
468d452b-3254-4e0c-b56d-8985fd898bb0,val_00,val_00_r1,40100002,wheel_slip,medium,RP_backup,true,false,false,false,0.0,0.0,0,none,0.0,none,val_00-val_00_r1-wheel-r0-RP_backup,val_00-val_00_r1-40100002-wheel_slip-medium,validation,false,success,false,false,false,72.398,7.1241,-5.3629999999999995,-0.04800000000000004,0,,backup,false,0.0,0.0,0.0,0.0,0.0,0.0,0.0
27726855-3a25-4c7e-bcc8-981bc929641a,val_00,val_00_r1,40100002,wheel_slip,medium,RP_controlled_stop,true,false,false,false,2.4579999999999984,0.025900000000000034,0,none,1.2548999999999992,none,val_00-val_00_r1-wheel-r0-RP_controlled_stop,val_00-val_00_r1-40100002-wheel_slip-medium,validation,false,success,false,false,false,80.219,7.198,2.4579999999999984,0.025900000000000034,0,,controlled_stop,false,1.2548999999999992,0.0,0.0,0.0,1.2289999999999992,0.025900000000000034,0.0
7eb2d9f4-bea1-435b-88d1-fcbffe93189f,val_00,val_00_r1,40100002,wheel_slip,medium,RP_relocalise,true,false,false,false,0.0,0.0034000000000000696,0,none,0.0034000000000000696,none,val_00-val_00_r1-wheel-r0-RP_relocalise,val_00-val_00_r1-40100002-wheel_slip-medium,validation,false,success,false,false,false,76.871,7.1755,-0.8900000000000006,0.0034000000000000696,0,,relocalise,false,0.0034000000000000696,0.0,0.0,0.0,0.0,0.0034000000000000696,0.0
3d265b26-2b94-4f51-a372-6f6ced034352,val_00,val_00_r1,40100002,wheel_slip,medium,RP_replan_clear_costmaps,true,false,false,false,0.2850000000000108,0.16929999999999978,0,none,0.3118000000000052,none,val_00-val_00_r1-wheel-r0-RP_replan_clear_costmaps,val_00-val_00_r1-40100002-wheel_slip-medium,validation,false,success,false,false,false,78.046,7.3414,0.2850000000000108,0.16929999999999978,0,,replan_clear_costmaps,false,0.3118000000000052,0.0,0.0,0.0,0.1425000000000054,0.16929999999999978,0.0
280bfde4-fea8-4335-92bd-9fbf5cb0396c,val_00,val_00_r1,40100002,wheel_slip,medium,RP_spin_active_rescan,true,false,false,false,0.8980000000000103,0.14749999999999996,0,none,0.5965000000000051,none,val_00-val_00_r1-wheel-r0-RP_spin_active_rescan,val_00-val_00_r1-40100002-wheel_slip-medium,validation,false,success,false,false,false,78.659,7.3196,0.8980000000000103,0.14749999999999996,0,,spin_active_rescan,false,0.5965000000000051,0.0,0.0,0.0,0.4490000000000052,0.14749999999999996,0.0
bad6c73c-a01c-4a63-af7a-049d02dd15f0,val_00,val_00_r1,40100002,wheel_slip,medium,RP_wait,true,false,false,false,3.743000000000009,0.13680000000000003,0,none,2.0083000000000046,none,val_00-val_00_r1-wheel-r0-RP_wait,val_00-val_00_r1-40100002-wheel_slip-medium,validation,false,success,false,false,false,81.504,7.3089,3.743000000000009,0.13680000000000003,0,,wait,false,2.0083000000000046,0.0,0.0,0.0,1.8715000000000046,0.13680000000000003,0.0
2fcc1174-5922-4d26-8e2c-86709b95bbcc,val_00,val_00_r1,40100003,localisation_perturbation,medium,R0,true,false,false,false,0.0,0.0,0,none,0.0,none,val_00-val_00_r1-localisation-r0-R0,val_00-val_00_r1-40100003-localisation_perturbation-medium,validation,false,success,false,false,false,77.811,7.1799,0.0,0.0,0,,,false,0.0,0.0,0.0,0.0,0.0,0.0,0.0
d0bd8cfa-027c-497e-a9b9-d90a99e9ac33,val_00,val_00_r1,40100003,localisation_perturbation,medium,RP_backup,true,false,false,false,37.52499999999999,0.5175000000000001,0,none,15.5175,none,val_00-val_00_r1-localisation-r0-RP_backup,val_00-val_00_r1-40100003-localisation_perturbation-medium,validation,false,success,false,false,false,115.336,7.6974,37.52499999999999,0.5175000000000001,0,,backup,false,15.5175,0.0,0.0,0.0,15.0,0.5175000000000001,0.0
9fb0fa1b-be0c-4567-a6b3-3fbf333df08c,val_00,val_00_r1,40100003,localisation_perturbation,medium,RP_controlled_stop,true,false,false,false,7.950999999999993,0.0,0,none,3.9754999999999967,none,val_00-val_00_r1-localisation-r0-RP_controlled_stop,val_00-val_00_r1-40100003-localisation_perturbation-medium,validation,false,success,false,false,false,85.762,7.1224,7.950999999999993,-0.05750000000000011,0,,controlled_stop,false,3.9754999999999967,0.0,0.0,0.0,3.9754999999999967,0.0,0.0
c9e1564d-82a0-4cd4-8553-758daabba187,val_00,val_00_r1,40100003,localisation_perturbation,medium,RP_relocalise,true,false,false,false,5.6299999999999955,0.1828000000000003,0,none,2.997799999999998,none,val_00-val_00_r1-localisation-r0-RP_relocalise,val_00-val_00_r1-40100003-localisation_perturbation-medium,validation,false,success,false,false,false,83.441,7.3627,5.6299999999999955,0.1828000000000003,0,,relocalise,false,2.997799999999998,0.0,0.0,0.0,2.8149999999999977,0.1828000000000003,0.0
6d82987c-81d0-48e8-b012-0a9d97f59c7f,val_00,val_00_r1,40100003,localisation_perturbation,medium,RP_replan_clear_costmaps,true,false,false,false,0.14999999999999147,0.0,0,none,0.07499999999999574,none,val_00-val_00_r1-localisation-r0-RP_replan_clear_costmaps,val_00-val_00_r1-40100003-localisation_perturbation-medium,validation,false,success,false,false,false,77.961,7.1492,0.14999999999999147,-0.030699999999999505,0,,replan_clear_costmaps,false,0.07499999999999574,0.0,0.0,0.0,0.07499999999999574,0.0,0.0
21a6c789-1d05-415b-a301-a7935aec382a,val_00,val_00_r1,40100003,localisation_perturbation,medium,RP_spin_active_rescan,true,false,false,false,15.13199999999999,0.30410000000000004,0,none,7.870099999999995,none,val_00-val_00_r1-localisation-r0-RP_spin_active_rescan,val_00-val_00_r1-40100003-localisation_perturbation-medium,validation,false,success,false,false,false,92.943,7.484,15.13199999999999,0.30410000000000004,0,,spin_active_rescan,false,7.870099999999995,0.0,0.0,0.0,7.565999999999995,0.30410000000000004,0.0
3ecafbe2-85bb-45c2-ab89-4950223506c1,val_00,val_00_r1,40100003,localisation_perturbation,medium,RP_wait,true,false,false,false,7.275999999999996,0.0,0,none,3.637999999999998,none,val_00-val_00_r1-localisation-r0-RP_wait,val_00-val_00_r1-40100003-localisation_perturbation-medium,validation,false,success,false,false,false,85.087,7.0273,7.275999999999996,-0.15259999999999962,0,,wait,false,3.637999999999998,0.0,0.0,0.0,3.637999999999998,0.0,0.0
431089b0-754c-44aa-b54a-c405656b6965,val_00,val_00_r1,40100004,dynamic_blockage,medium,R0,true,false,false,false,0.0,0.0,0,none,0.0,none,val_00-val_00_r1-blockage-r0-R0,val_00-val_00_r1-40100004-dynamic_blockage-medium,validation,false,success,false,false,false,113.767,8.4445,0.0,0.0,0,,,false,0.0,0.0,0.0,0.0,0.0,0.0,0.0
6d369077-5ad3-4675-b3ff-0c7f97bda50e,val_00,val_00_r1,40100004,dynamic_blockage,medium,RP_backup,true,false,false,false,0.0,0.0,0,none,0.0,none,val_00-val_00_r1-blockage-r0-RP_backup,val_00-val_00_r1-40100004-dynamic_blockage-medium,validation,false,success,false,false,false,106.741,8.0495,-7.025999999999996,-0.3949999999999996,0,,backup,false,0.0,0.0,0.0,0.0,0.0,0.0,0.0
5d3ee60c-17d7-4df8-816b-491e48822cf9,val_00,val_00_r1,40100004,dynamic_blockage,medium,RP_controlled_stop,true,false,false,false,0.0,0.0,0,none,0.0,none,val_00-val_00_r1-blockage-r0-RP_controlled_stop,val_00-val_00_r1-40100004-dynamic_blockage-medium,validation,false,success,false,false,false,110.569,8.1439,-3.1979999999999933,-0.3005999999999993,0,,controlled_stop,false,0.0,0.0,0.0,0.0,0.0,0.0,0.0
cf8a1f90-6b96-495d-b536-4923242cfa29,val_00,val_00_r1,40100004,dynamic_blockage,medium,RP_relocalise,true,false,false,false,0.0,0.0,0,none,0.0,none,val_00-val_00_r1-blockage-r0-RP_relocalise,val_00-val_00_r1-40100004-dynamic_blockage-medium,validation,false,success,false,false,false,113.674,7.9906,-0.09299999999998931,-0.45389999999999997,0,,relocalise,false,0.0,0.0,0.0,0.0,0.0,0.0,0.0
f1bf71c4-373d-4038-ae41-d116aa9aaaa9,val_00,val_00_r1,40100004,dynamic_blockage,medium,RP_replan_clear_costmaps,true,false,false,false,0.0,0.0,0,none,0.0,none,val_00-val_00_r1-blockage-r0-RP_replan_clear_costmaps,val_00-val_00_r1-40100004-dynamic_blockage-medium,validation,false,success,false,false,false,104.869,7.948,-8.897999999999996,-0.4964999999999993,0,,replan_clear_costmaps,false,0.0,0.0,0.0,0.0,0.0,0.0,0.0
f5c088d6-f947-445d-bde3-717efa33c5d9,val_00,val_00_r1,40100004,dynamic_blockage,medium,RP_spin_active_rescan,true,false,false,false,0.0,0.0,0,none,0.0,none,val_00-val_00_r1-blockage-r0-RP_spin_active_rescan,val_00-val_00_r1-40100004-dynamic_blockage-medium,validation,false,success,false,false,false,106.08,8.2625,-7.686999999999998,-0.18200000000000038,0,,spin_active_rescan,false,0.0,0.0,0.0,0.0,0.0,0.0,0.0
50f15af0-fe4d-4835-866d-9d9125698754,val_00,val_00_r1,40100004,dynamic_blockage,medium,RP_wait,true,false,false,false,0.0,0.0,0,none,0.0,none,val_00-val_00_r1-blockage-r0-RP_wait,val_00-val_00_r1-40100004-dynamic_blockage-medium,validation,false,success,false,false,false,102.004,8.1852,-11.762999999999991,-0.25929999999999964,0,,wait,false,0.0,0.0,0.0,0.0,0.0,0.0,0.0
d0b6db83-e38a-46d0-8c65-0a9647ef5fa1,val_00,val_00_r1,40100005,planner_oscillation,medium,R0,true,false,false,false,0.0,0.0,0,none,0.0,none,val_00-val_00_r1-oscillation-r0-R0,val_00-val_00_r1-40100005-planner_oscillation-medium,validation,false,success,false,false,false,115.837,8.931,0.0,0.0,0,,,false,0.0,0.0,0.0,0.0,0.0,0.0,0.0
60132927-a27b-4944-9a0a-6983b83a5e22,val_00,val_00_r1,40100005,planner_oscillation,medium,RP_backup,true,false,false,false,13.433999999999983,0.41769999999999996,1,backup,12.134699999999992,none,val_00-val_00_r1-oscillation-r0-RP_backup,val_00-val_00_r1-40100005-planner_oscillation-medium,validation,false,success,false,false,true,129.271,9.3487,13.433999999999983,0.41769999999999996,1,96.026,backup,false,12.134699999999992,0.0,0.0,0.0,6.716999999999992,0.41769999999999996,5.0
84c3af15-37a8-443a-9fe0-0e7f0722b457,val_00,val_00_r1,40100005,planner_oscillation,medium,RP_controlled_stop,false,false,false,false,92.659,0.6782000000000004,0,none,55.678200000000004,none,val_00-val_00_r1-oscillation-r0-RP_controlled_stop,val_00-val_00_r1-40100005-planner_oscillation-medium,validation,false,planner_failure,true,false,false,208.496,9.6092,92.659,0.6782000000000004,0,,controlled_stop,false,55.678200000000004,0.0,40.0,0.0,15.0,0.6782000000000004,0.0
f6be2ec2-e199-4c1f-b470-029c4e440d70,val_00,val_00_r1,40100005,planner_oscillation,medium,RP_relocalise,true,false,false,false,76.07600000000001,1.9718,0,none,16.9718,none,val_00-val_00_r1-oscillation-r0-RP_relocalise,val_00-val_00_r1-40100005-planner_oscillation-medium,validation,false,success,false,false,false,191.913,10.9028,76.07600000000001,1.9718,0,,relocalise,false,16.9718,0.0,0.0,0.0,15.0,1.9718,0.0
4ba14adc-212c-4f9f-ad73-1c644568ee52,val_00,val_00_r1,40100005,planner_oscillation,medium,RP_replan_clear_costmaps,true,false,false,false,0.0,0.0,0,none,0.0,none,val_00-val_00_r1-oscillation-r0-RP_replan_clear_costmaps,val_00-val_00_r1-40100005-planner_oscillation-medium,validation,false,success,false,false,false,115.622,8.7268,-0.2150000000000034,-0.20419999999999838,0,,replan_clear_costmaps,false,0.0,0.0,0.0,0.0,0.0,0.0,0.0
80255b4e-2616-46ea-b8be-1577224c06a5,val_00,val_00_r1,40100005,planner_oscillation,medium,RP_spin_active_rescan,true,false,false,false,4.459999999999994,0.0,0,none,2.229999999999997,none,val_00-val_00_r1-oscillation-r0-RP_spin_active_rescan,val_00-val_00_r1-40100005-planner_oscillation-medium,validation,false,success,false,false,false,120.297,8.7527,4.459999999999994,-0.17829999999999835,0,,spin_active_rescan,false,2.229999999999997,0.0,0.0,0.0,2.229999999999997,0.0,0.0
fee0ee92-9638-4bcc-a521-18d2472b2ec9,val_00,val_00_r1,40100005,planner_oscillation,medium,RP_wait,true,false,false,false,0.0,0.0,0,none,0.0,none,val_00-val_00_r1-oscillation-r0-RP_wait,val_00-val_00_r1-40100005-planner_oscillation-medium,validation,false,success,false,false,false,114.579,8.78,-1.2580000000000098,-0.1509999999999998,0,,wait,false,0.0,0.0,0.0,0.0,0.0,0.0,0.0
fc80f2a2-0769-4318-aee0-f2ec4d220668,val_00,val_00_r1,40100006,semantic_corruption,medium,R0,true,false,false,false,0.0,0.0,0,none,0.0,none,val_00-val_00_r1-semantic-r0-R0,val_00-val_00_r1-40100006-semantic_corruption-medium,validation,false,success,false,false,false,75.633,7.3142,0.0,0.0,0,,,false,0.0,0.0,0.0,0.0,0.0,0.0,0.0
1316868d-a321-45f8-9666-3e6f655bccc7,val_00,val_00_r1,40100006,semantic_corruption,medium,RP_backup,true,false,false,false,0.132000000000005,0.0,0,none,0.0660000000000025,none,val_00-val_00_r1-semantic-r0-RP_backup,val_00-val_00_r1-40100006-semantic_corruption-medium,validation,false,success,false,false,false,75.765,7.173,0.132000000000005,-0.14119999999999955,0,,backup,false,0.0660000000000025,0.0,0.0,0.0,0.0660000000000025,0.0,0.0
aa77223a-1c78-46d0-aae2-c6ea975cb42c,val_00,val_00_r1,40100006,semantic_corruption,medium,RP_controlled_stop,true,false,false,false,0.0,0.0,0,none,0.0,none,val_00-val_00_r1-semantic-r0-RP_controlled_stop,val_00-val_00_r1-40100006-semantic_corruption-medium,validation,false,success,false,false,false,74.491,7.253,-1.141999999999996,-0.06119999999999948,0,,controlled_stop,false,0.0,0.0,0.0,0.0,0.0,0.0,0.0
b29cb54d-8003-4a32-8524-069be2916764,val_00,val_00_r1,40100006,semantic_corruption,medium,RP_relocalise,true,false,false,false,0.27000000000001023,0.0929000000000002,0,none,0.22790000000000532,none,val_00-val_00_r1-semantic-r0-RP_relocalise,val_00-val_00_r1-40100006-semantic_corruption-medium,validation,false,success,false,false,false,75.903,7.4071,0.27000000000001023,0.0929000000000002,0,,relocalise,false,0.22790000000000532,0.0,0.0,0.0,0.13500000000000512,0.0929000000000002,0.0
f958c57f-d6de-4869-9096-a9c0cf87757f,val_00,val_00_r1,40100006,semantic_corruption,medium,RP_replan_clear_costmaps,true,false,false,false,1.2349999999999994,0.0,0,none,0.6174999999999997,none,val_00-val_00_r1-semantic-r0-RP_replan_clear_costmaps,val_00-val_00_r1-40100006-semantic_corruption-medium,validation,false,success,false,false,false,76.868,7.2818,1.2349999999999994,-0.032399999999999984,0,,replan_clear_costmaps,false,0.6174999999999997,0.0,0.0,0.0,0.6174999999999997,0.0,0.0
a3953601-8119-4ea7-89b5-900508c6fede,val_00,val_00_r1,40100006,semantic_corruption,medium,RP_spin_active_rescan,true,false,false,false,69.789,1.3612000000000002,0,none,16.3612,none,val_00-val_00_r1-semantic-r0-RP_spin_active_rescan,val_00-val_00_r1-40100006-semantic_corruption-medium,validation,false,success,false,false,false,145.422,8.6754,69.789,1.3612000000000002,0,,spin_active_rescan,false,16.3612,0.0,0.0,0.0,15.0,1.3612000000000002,0.0
fc00720a-a03e-43d9-8556-91d10282f292,val_00,val_00_r1,40100006,semantic_corruption,medium,RP_wait,true,false,false,false,0.0,0.0,0,none,0.0,none,val_00-val_00_r1-semantic-r0-RP_wait,val_00-val_00_r1-40100006-semantic_corruption-medium,validation,false,success,false,false,false,74.265,7.1645,-1.367999999999995,-0.14969999999999928,0,,wait,false,0.0,0.0,0.0,0.0,0.0,0.0,0.0
20433214-a611-4c73-8176-120140581ff4,val_00,val_00_r2,40200000,camera_occlusion,medium,R0,true,false,false,false,0.0,0.0,0,none,0.0,none,val_00-val_00_r2-camera-r0-R0,val_00-val_00_r2-40200000-camera_occlusion-medium,validation,false,success,false,false,false,145.509,10.8431,0.0,0.0,0,,,false,0.0,0.0,0.0,0.0,0.0,0.0,0.0
c4e00a4e-4db9-46f3-b2eb-4712df77fe33,val_00,val_00_r2,40200000,camera_occlusion,medium,RP_backup,true,false,false,false,67.12400000000002,1.8925,0,none,16.8925,none,val_00-val_00_r2-camera-r0-RP_backup,val_00-val_00_r2-40200000-camera_occlusion-medium,validation,false,success,false,false,false,212.633,12.7356,67.12400000000002,1.8925,0,,backup,false,16.8925,0.0,0.0,0.0,15.0,1.8925,0.0
aa2238a8-8155-4ff0-9a5c-5f5b47dd64a5,val_00,val_00_r2,40200000,camera_occlusion,medium,RP_controlled_stop,true,false,false,false,0.0,0.0,0,none,0.0,none,val_00-val_00_r2-camera-r0-RP_controlled_stop,val_00-val_00_r2-40200000-camera_occlusion-medium,validation,false,success,false,false,false,115.171,10.4041,-30.33799999999998,-0.43900000000000006,0,,controlled_stop,false,0.0,0.0,0.0,0.0,0.0,0.0,0.0
aba8035f-3332-458d-bae2-f761c6ad9e21,val_00,val_00_r2,40200000,camera_occlusion,medium,RP_relocalise,true,false,false,false,0.0,0.0,0,none,0.0,none,val_00-val_00_r2-camera-r0-RP_relocalise,val_00-val_00_r2-40200000-camera_occlusion-medium,validation,false,success,false,false,false,100.191,10.0668,-45.317999999999984,-0.7762999999999991,0,,relocalise,false,0.0,0.0,0.0,0.0,0.0,0.0,0.0
c234a90a-f005-463e-90ac-833e0c3b30b4,val_00,val_00_r2,40200000,camera_occlusion,medium,RP_replan_clear_costmaps,true,false,false,false,0.0,0.0,0,none,0.0,none,val_00-val_00_r2-camera-r0-RP_replan_clear_costmaps,val_00-val_00_r2-40200000-camera_occlusion-medium,validation,false,success,false,false,false,103.631,10.2679,-41.877999999999986,-0.5752000000000006,0,,replan_clear_costmaps,false,0.0,0.0,0.0,0.0,0.0,0.0,0.0
f6d3de11-b7a5-4942-b4ee-0c107619e99e,val_00,val_00_r2,40200000,camera_occlusion,medium,RP_spin_active_rescan,true,false,false,false,0.0,0.0,0,none,0.0,none,val_00-val_00_r2-camera-r0-RP_spin_active_rescan,val_00-val_00_r2-40200000-camera_occlusion-medium,validation,false,success,false,false,false,139.899,10.4299,-5.609999999999985,-0.4131999999999998,0,,spin_active_rescan,false,0.0,0.0,0.0,0.0,0.0,0.0,0.0
028852f5-651f-424d-856e-621fae4207fc,val_00,val_00_r2,40200000,camera_occlusion,medium,RP_wait,true,false,false,false,0.0,0.0,0,none,0.0,none,val_00-val_00_r2-camera-r0-RP_wait,val_00-val_00_r2-40200000-camera_occlusion-medium,validation,false,success,false,false,false,100.526,10.1399,-44.98299999999999,-0.7031999999999989,0,,wait,false,0.0,0.0,0.0,0.0,0.0,0.0,0.0
32fc4e32-a763-4c3c-95be-2cefe916a5c8,val_00,val_00_r2,40200001,lidar_dropout,medium,R0,true,false,false,false,0.0,0.0,0,none,0.0,none,val_00-val_00_r2-lidar-r0-R0,val_00-val_00_r2-40200001-lidar_dropout-medium,validation,false,success,false,false,false,189.436,11.9834,0.0,0.0,0,,,false,0.0,0.0,0.0,0.0,0.0,0.0,0.0
d755114f-db2a-4d70-93c6-c7631ea02ac3,val_00,val_00_r2,40200001,lidar_dropout,medium,RP_backup,true,false,false,true,0.0,0.0,1,controlled_stop,5.0,none,val_00-val_00_r2-lidar-r0-RP_backup,val_00-val_00_r2-40200001-lidar_dropout-medium,validation,false,success,false,false,true,118.684,10.1921,-70.75200000000001,-1.7912999999999997,1,23.119000000000003,backup,false,5.0,0.0,0.0,0.0,0.0,0.0,5.0
417e7d77-155c-4f8b-bfb3-145809c7b051,val_00,val_00_r2,40200001,lidar_dropout,medium,RP_controlled_stop,true,false,false,false,0.0,0.0,1,controlled_stop,5.0,none,val_00-val_00_r2-lidar-r0-RP_controlled_stop,val_00-val_00_r2-40200001-lidar_dropout-medium,validation,false,success,false,false,true,104.767,10.0944,-84.66900000000001,-1.8889999999999993,1,23.828,controlled_stop,false,5.0,0.0,0.0,0.0,0.0,0.0,5.0
bb70f582-c1e3-45f0-9973-81acc77a2ffc,val_00,val_00_r2,40200001,lidar_dropout,medium,RP_relocalise,true,false,false,true,0.0,0.0,1,controlled_stop,5.0,none,val_00-val_00_r2-lidar-r0-RP_relocalise,val_00-val_00_r2-40200001-lidar_dropout-medium,validation,false,success,false,false,true,109.217,10.0923,-80.21900000000001,-1.8910999999999998,1,23.904000000000003,relocalise,false,5.0,0.0,0.0,0.0,0.0,0.0,5.0
b6aadb30-1245-4fe2-b6e5-a3bf19d412f9,val_00,val_00_r2,40200001,lidar_dropout,medium,RP_replan_clear_costmaps,true,false,false,false,0.0,0.0,1,replan_clear_costmaps,5.0,none,val_00-val_00_r2-lidar-r0-RP_replan_clear_costmaps,val_00-val_00_r2-40200001-lidar_dropout-medium,validation,false,success,false,false,true,106.392,10.1229,-83.04400000000001,-1.8605,1,23.615,replan_clear_costmaps,false,5.0,0.0,0.0,0.0,0.0,0.0,5.0
395e34e2-6f06-4251-b869-c3fc9190ca88,val_00,val_00_r2,40200001,lidar_dropout,medium,RP_spin_active_rescan,true,false,false,false,0.0,0.0,1,spin_active_rescan,5.0,none,val_00-val_00_r2-lidar-r0-RP_spin_active_rescan,val_00-val_00_r2-40200001-lidar_dropout-medium,validation,false,success,false,false,true,112.85,10.3448,-76.58600000000001,-1.6386000000000003,1,23.329,spin_active_rescan,false,5.0,0.0,0.0,0.0,0.0,0.0,5.0
f3ed4ef3-3aeb-4abc-9920-08c29fc1094e,val_00,val_00_r2,40200001,lidar_dropout,medium,RP_wait,true,false,false,true,0.0,0.0,1,controlled_stop,5.0,none,val_00-val_00_r2-lidar-r0-RP_wait,val_00-val_00_r2-40200001-lidar_dropout-medium,validation,false,success,false,false,true,118.38,10.3551,-71.05600000000001,-1.6282999999999994,1,22.129,wait,false,5.0,0.0,0.0,0.0,0.0,0.0,5.0
aee0f517-8d88-4d24-ab1f-d4bf4bce7a55,val_00,val_00_r2,40200002,wheel_slip,medium,R0,true,false,false,false,0.0,0.0,0,none,0.0,none,val_00-val_00_r2-wheel-r0-R0,val_00-val_00_r2-40200002-wheel_slip-medium,validation,false,success,false,false,false,104.98,10.0812,0.0,0.0,0,,,false,0.0,0.0,0.0,0.0,0.0,0.0,0.0
88ff0d5c-105c-43f9-907e-67547f84b82d,val_00,val_00_r2,40200002,wheel_slip,medium,RP_backup,true,false,false,false,2.2549999999999955,0.024299999999998434,0,none,1.1517999999999962,none,val_00-val_00_r2-wheel-r0-RP_backup,val_00-val_00_r2-40200002-wheel_slip-medium,validation,false,success,false,false,false,107.235,10.1055,2.2549999999999955,0.024299999999998434,0,,backup,false,1.1517999999999962,0.0,0.0,0.0,1.1274999999999977,0.024299999999998434,0.0
29366fd9-92dc-4d05-a19e-f3073dea21e1,val_00,val_00_r2,40200002,wheel_slip,medium,RP_controlled_stop,true,false,false,false,78.188,1.6834999999999987,0,none,16.6835,none,val_00-val_00_r2-wheel-r0-RP_controlled_stop,val_00-val_00_r2-40200002-wheel_slip-medium,validation,false,success,false,false,false,183.168,11.7647,78.188,1.6834999999999987,0,,controlled_stop,false,16.6835,0.0,0.0,0.0,15.0,1.6834999999999987,0.0
4d30ba4b-c2a9-4ca9-8852-acc31a4790fe,val_00,val_00_r2,40200002,wheel_slip,medium,RP_relocalise,true,false,false,false,0.0,0.0,0,none,0.0,none,val_00-val_00_r2-wheel-r0-RP_relocalise,val_00-val_00_r2-40200002-wheel_slip-medium,validation,false,success,false,false,false,104.01,10.0779,-0.9699999999999989,-0.003300000000001191,0,,relocalise,false,0.0,0.0,0.0,0.0,0.0,0.0,0.0
61092cfd-dd1c-4c80-8746-d2d834c1aea4,val_00,val_00_r2,40200002,wheel_slip,medium,RP_replan_clear_costmaps,true,false,false,false,7.920999999999992,0.29129999999999967,0,none,4.251799999999996,none,val_00-val_00_r2-wheel-r0-RP_replan_clear_costmaps,val_00-val_00_r2-40200002-wheel_slip-medium,validation,false,success,false,false,false,112.901,10.3725,7.920999999999992,0.29129999999999967,0,,replan_clear_costmaps,false,4.251799999999996,0.0,0.0,0.0,3.960499999999996,0.29129999999999967,0.0
c4663947-eaad-4766-a80b-d41a77ef6996,val_00,val_00_r2,40200002,wheel_slip,medium,RP_spin_active_rescan,true,false,false,false,5.9410000000000025,0.05579999999999963,0,none,3.026300000000001,none,val_00-val_00_r2-wheel-r0-RP_spin_active_rescan,val_00-val_00_r2-40200002-wheel_slip-medium,validation,false,success,false,false,false,110.921,10.137,5.9410000000000025,0.05579999999999963,0,,spin_active_rescan,false,3.026300000000001,0.0,0.0,0.0,2.9705000000000013,0.05579999999999963,0.0
682b2aca-ef7e-4883-b6bc-4648f6efe2ba,val_00,val_00_r2,40200002,wheel_slip,medium,RP_wait,true,false,false,false,0.0,0.02009999999999934,0,none,0.02009999999999934,none,val_00-val_00_r2-wheel-r0-RP_wait,val_00-val_00_r2-40200002-wheel_slip-medium,validation,false,success,false,false,false,101.727,10.1013,-3.253,0.02009999999999934,0,,wait,false,0.02009999999999934,0.0,0.0,0.0,0.0,0.02009999999999934,0.0
7aa8af05-ff2f-4be1-a113-b0ead8e5652d,val_00,val_00_r2,40200003,localisation_perturbation,medium,R0,true,false,false,false,0.0,0.0,0,none,0.0,none,val_00-val_00_r2-localisation-r0-R0,val_00-val_00_r2-40200003-localisation_perturbation-medium,validation,false,success,false,false,false,166.471,10.8712,0.0,0.0,0,,,false,0.0,0.0,0.0,0.0,0.0,0.0,0.0
7099fe5b-e839-43e0-bcce-00fa278b249b,val_00,val_00_r2,40200003,localisation_perturbation,medium,RP_backup,true,false,false,false,1.968999999999994,0.7469999999999999,0,none,1.731499999999997,none,val_00-val_00_r2-localisation-r0-RP_backup,val_00-val_00_r2-40200003-localisation_perturbation-medium,validation,false,success,false,false,false,168.44,11.6182,1.968999999999994,0.7469999999999999,0,,backup,false,1.731499999999997,0.0,0.0,0.0,0.984499999999997,0.7469999999999999,0.0
adca1c4b-5d9f-4ef2-bd06-5cf53dee3550,val_00,val_00_r2,40200003,localisation_perturbation,medium,RP_controlled_stop,true,false,false,false,0.0,0.0,0,none,0.0,none,val_00-val_00_r2-localisation-r0-RP_controlled_stop,val_00-val_00_r2-40200003-localisation_perturbation-medium,validation,false,success,false,false,false,149.504,10.6594,-16.967000000000013,-0.2118000000000002,0,,controlled_stop,false,0.0,0.0,0.0,0.0,0.0,0.0,0.0
cc1bffbb-a78e-4f4e-b0d2-bf973a9c077d,val_00,val_00_r2,40200003,localisation_perturbation,medium,RP_relocalise,true,false,false,false,11.061000000000007,0.6548999999999996,0,none,6.185400000000003,none,val_00-val_00_r2-localisation-r0-RP_relocalise,val_00-val_00_r2-40200003-localisation_perturbation-medium,validation,false,success,false,false,false,177.532,11.5261,11.061000000000007,0.6548999999999996,0,,relocalise,false,6.185400000000003,0.0,0.0,0.0,5.5305000000000035,0.6548999999999996,0.0
6ae6ebd9-dbd8-48d1-a312-99083e00dfeb,val_00,val_00_r2,40200003,localisation_perturbation,medium,RP_replan_clear_costmaps,true,false,false,false,0.0,0.0,0,none,0.0,none,val_00-val_00_r2-localisation-r0-RP_replan_clear_costmaps,val_00-val_00_r2-40200003-localisation_perturbation-medium,validation,false,success,false,false,false,112.955,10.1234,-53.516000000000005,-0.7477999999999998,0,,replan_clear_costmaps,false,0.0,0.0,0.0,0.0,0.0,0.0,0.0
333c3f6c-b133-4dbc-a1c8-f40450e36fb2,val_00,val_00_r2,40200003,localisation_perturbation,medium,RP_spin_active_rescan,true,false,false,false,0.0,0.0,0,none,0.0,none,val_00-val_00_r2-localisation-r0-RP_spin_active_rescan,val_00-val_00_r2-40200003-localisation_perturbation-medium,validation,false,success,false,false,false,110.666,10.3766,-55.80500000000001,-0.49460000000000015,0,,spin_active_rescan,false,0.0,0.0,0.0,0.0,0.0,0.0,0.0
d7ce6108-8a0d-4826-bacb-3e43a8868361,val_00,val_00_r2,40200003,localisation_perturbation,medium,RP_wait,true,false,false,false,15.637,1.0696999999999992,0,none,8.8882,none,val_00-val_00_r2-localisation-r0-RP_wait,val_00-val_00_r2-40200003-localisation_perturbation-medium,validation,false,success,false,false,false,182.108,11.9409,15.637,1.0696999999999992,0,,wait,false,8.8882,0.0,0.0,0.0,7.8185,1.0696999999999992,0.0
7f32e2ff-a3c4-4238-ab20-4b0c0c00083b,val_00,val_00_r2,40200004,dynamic_blockage,medium,R0,true,false,false,false,0.0,0.0,0,none,0.0,none,val_00-val_00_r2-blockage-r0-R0,val_00-val_00_r2-40200004-dynamic_blockage-medium,validation,false,success,false,false,false,153.208,11.7981,0.0,0.0,0,,,false,0.0,0.0,0.0,0.0,0.0,0.0,0.0
000d8a16-f96b-425b-8e8c-095937dfc10a,val_00,val_00_r2,40200004,dynamic_blockage,medium,RP_backup,true,false,false,false,86.031,1.2440999999999995,1,backup,21.2441,none,val_00-val_00_r2-blockage-r0-RP_backup,val_00-val_00_r2-40200004-dynamic_blockage-medium,validation,false,success,false,false,true,239.239,13.0422,86.031,1.2440999999999995,2,120.087,backup,false,21.2441,0.0,0.0,0.0,15.0,1.2440999999999995,5.0
882189dd-54a2-4cd6-858d-7e0a64049af2,val_00,val_00_r2,40200004,dynamic_blockage,medium,RP_controlled_stop,true,false,false,false,83.815,0.6157000000000004,2,controlled_stop,20.6157,none,val_00-val_00_r2-blockage-r0-RP_controlled_stop,val_00-val_00_r2-40200004-dynamic_blockage-medium,validation,false,success,false,false,true,237.023,12.4138,83.815,0.6157000000000004,2,110.342,controlled_stop,false,20.6157,0.0,0.0,0.0,15.0,0.6157000000000004,5.0
63ada670-04df-4117-9d87-c5a1d343b7be,val_00,val_00_r2,40200004,dynamic_blockage,medium,RP_relocalise,true,false,false,false,0.0,0.0,0,none,0.0,none,val_00-val_00_r2-blockage-r0-RP_relocalise,val_00-val_00_r2-40200004-dynamic_blockage-medium,validation,false,success,false,false,false,151.143,11.6084,-2.0649999999999977,-0.1897000000000002,0,,relocalise,false,0.0,0.0,0.0,0.0,0.0,0.0,0.0
91bdad9d-c8de-4a09-8eb8-146b0e833953,val_00,val_00_r2,40200004,dynamic_blockage,medium,RP_replan_clear_costmaps,false,false,false,false,87.537,1.8453,0,none,56.8453,none,val_00-val_00_r2-blockage-r0-RP_replan_clear_costmaps,val_00-val_00_r2-40200004-dynamic_blockage-medium,validation,false,timeout,true,false,false,240.745,13.6434,87.537,1.8453,0,,replan_clear_costmaps,false,56.8453,0.0,40.0,0.0,15.0,1.8453,0.0
323b5d86-f0a3-4a27-8594-4ead0c9874d8,val_00,val_00_r2,40200004,dynamic_blockage,medium,RP_spin_active_rescan,true,false,false,false,79.548,1.1349,0,none,16.134900000000002,none,val_00-val_00_r2-blockage-r0-RP_spin_active_rescan,val_00-val_00_r2-40200004-dynamic_blockage-medium,validation,false,success,false,false,false,232.756,12.933,79.548,1.1349,1,190.484,spin_active_rescan,false,16.134900000000002,0.0,0.0,0.0,15.0,1.1349,0.0
f8567845-e473-432c-800c-2c8d8c1699c4,val_00,val_00_r2,40200004,dynamic_blockage,medium,RP_wait,false,false,false,true,87.54599999999999,0.0,1,controlled_stop,60.0,none,val_00-val_00_r2-blockage-r0-RP_wait,val_00-val_00_r2-40200004-dynamic_blockage-medium,validation,false,timeout,true,false,true,240.754,7.4459,87.54599999999999,-4.3522,1,109.664,wait,false,60.0,0.0,40.0,0.0,15.0,0.0,5.0
2ded8135-c58a-4b0a-bebc-1f41c7857176,val_00,val_00_r2,40200005,planner_oscillation,medium,R0,true,false,false,false,0.0,0.0,0,none,0.0,none,val_00-val_00_r2-oscillation-r0-R0,val_00-val_00_r2-40200005-planner_oscillation-medium,validation,false,success,false,false,false,133.436,12.4059,0.0,0.0,0,,,false,0.0,0.0,0.0,0.0,0.0,0.0,0.0
4e16f852-99a1-415f-a5e9-e4f90766b5bd,val_00,val_00_r2,40200005,planner_oscillation,medium,RP_backup,true,false,false,false,0.0,0.0,0,none,0.0,none,val_00-val_00_r2-oscillation-r0-RP_backup-infra-replacement-001,val_00-val_00_r2-40200005-planner_oscillation-medium,validation,false,success,false,false,false,122.135,12.2862,-11.301000000000002,-0.1197000000000017,0,,backup,false,0.0,0.0,0.0,0.0,0.0,0.0,0.0
9d438ab9-01b8-427f-8f9a-bc16ea686377,val_00,val_00_r2,40200005,planner_oscillation,medium,RP_controlled_stop,true,false,false,false,0.0,0.0,0,none,0.0,none,val_00-val_00_r2-oscillation-r0-RP_controlled_stop,val_00-val_00_r2-40200005-planner_oscillation-medium,validation,false,success,false,false,false,129.489,12.3091,-3.9470000000000027,-0.0968,0,,controlled_stop,false,0.0,0.0,0.0,0.0,0.0,0.0,0.0
da0c5237-19ed-4d9f-ab54-3504b2afedf8,val_00,val_00_r2,40200005,planner_oscillation,medium,RP_relocalise,true,false,false,false,0.0,0.0,0,none,0.0,none,val_00-val_00_r2-oscillation-r0-RP_relocalise,val_00-val_00_r2-40200005-planner_oscillation-medium,validation,false,success,false,false,false,128.72,12.253,-4.716000000000008,-0.1529000000000007,0,,relocalise,false,0.0,0.0,0.0,0.0,0.0,0.0,0.0
180dd686-25c8-4c24-8da5-73dac8bd501d,val_00,val_00_r2,40200005,planner_oscillation,medium,RP_replan_clear_costmaps,true,false,false,false,3.955999999999989,0.0,0,none,1.9779999999999944,none,val_00-val_00_r2-oscillation-r0-RP_replan_clear_costmaps,val_00-val_00_r2-40200005-planner_oscillation-medium,validation,false,success,false,false,false,137.392,12.3437,3.955999999999989,-0.0622000000000007,0,,replan_clear_costmaps,false,1.9779999999999944,0.0,0.0,0.0,1.9779999999999944,0.0,0.0
56350bb8-aaa0-4e29-8afa-64dde7717cb9,val_00,val_00_r2,40200005,planner_oscillation,medium,RP_spin_active_rescan,true,false,false,false,0.0,0.0,0,none,0.0,none,val_00-val_00_r2-oscillation-r0-RP_spin_active_rescan,val_00-val_00_r2-40200005-planner_oscillation-medium,validation,false,success,false,false,false,127.671,12.2964,-5.765000000000001,-0.1095000000000006,0,,spin_active_rescan,false,0.0,0.0,0.0,0.0,0.0,0.0,0.0
f4e8afbd-2834-482b-8ebc-fe00549c6dfe,val_00,val_00_r2,40200005,planner_oscillation,medium,RP_wait,true,false,false,false,0.0,0.0,0,none,0.0,none,val_00-val_00_r2-oscillation-r0-RP_wait,val_00-val_00_r2-40200005-planner_oscillation-medium,validation,false,success,false,false,false,127.449,12.3349,-5.987000000000009,-0.0710000000000015,0,,wait,false,0.0,0.0,0.0,0.0,0.0,0.0,0.0
d47d4379-954d-4ee0-b7be-756dda26fc7c,val_00,val_00_r2,40200006,semantic_corruption,medium,R0,true,false,false,false,0.0,0.0,0,none,0.0,none,val_00-val_00_r2-semantic-r0-R0,val_00-val_00_r2-40200006-semantic_corruption-medium,validation,false,success,false,false,false,97.591,10.0794,0.0,0.0,0,,,false,0.0,0.0,0.0,0.0,0.0,0.0,0.0
53e34389-0fcb-4515-a043-65e95a099ef2,val_00,val_00_r2,40200006,semantic_corruption,medium,RP_backup,false,false,false,false,143.20300000000003,0.0,0,none,55.0,none,val_00-val_00_r2-semantic-r0-RP_backup,val_00-val_00_r2-40200006-semantic_corruption-medium,validation,false,timeout,true,false,false,240.794,1.357,143.20300000000003,-8.7224,0,,backup,false,55.0,0.0,40.0,0.0,15.0,0.0,0.0
cb23bec7-f27b-45bc-951e-bd2ff520ff9d,val_00,val_00_r2,40200006,semantic_corruption,medium,RP_controlled_stop,true,false,false,false,64.69600000000001,1.5245999999999995,0,none,16.5246,none,val_00-val_00_r2-semantic-r0-RP_controlled_stop,val_00-val_00_r2-40200006-semantic_corruption-medium,validation,false,success,false,false,false,162.287,11.604,64.69600000000001,1.5245999999999995,0,,controlled_stop,false,16.5246,0.0,0.0,0.0,15.0,1.5245999999999995,0.0
43f96524-0f9f-48fa-bd56-284e7d5ebe12,val_00,val_00_r2,40200006,semantic_corruption,medium,RP_relocalise,false,false,false,false,143.17700000000002,0.0,0,none,55.0,none,val_00-val_00_r2-semantic-r0-RP_relocalise,val_00-val_00_r2-40200006-semantic_corruption-medium,validation,false,timeout,true,false,false,240.768,3.0597,143.17700000000002,-7.0197,0,,relocalise,false,55.0,0.0,40.0,0.0,15.0,0.0,0.0
ab270a3e-0e64-440f-a407-5ad59495c3e0,val_00,val_00_r2,40200006,semantic_corruption,medium,RP_replan_clear_costmaps,true,false,false,false,1.8730000000000047,0.0,0,none,0.9365000000000023,none,val_00-val_00_r2-semantic-r0-RP_replan_clear_costmaps-infra-replacement-001,val_00-val_00_r2-40200006-semantic_corruption-medium,validation,false,success,false,false,false,99.464,10.0491,1.8730000000000047,-0.030300000000000438,0,,replan_clear_costmaps,false,0.9365000000000023,0.0,0.0,0.0,0.9365000000000023,0.0,0.0
8cf1abc0-e305-4bb7-ac88-ca5a3a4e17a3,val_00,val_00_r2,40200006,semantic_corruption,medium,RP_spin_active_rescan,true,false,false,false,0.11700000000000443,0.0,0,none,0.05850000000000222,none,val_00-val_00_r2-semantic-r0-RP_spin_active_rescan,val_00-val_00_r2-40200006-semantic_corruption-medium,validation,false,success,false,false,false,97.708,10.0325,0.11700000000000443,-0.046899999999999054,0,,spin_active_rescan,false,0.05850000000000222,0.0,0.0,0.0,0.05850000000000222,0.0,0.0
e3e64e2a-36fb-4307-8e96-6aeb5b6c3594,val_00,val_00_r2,40200006,semantic_corruption,medium,RP_wait,true,false,false,false,1.8460000000000036,0.0,0,none,0.9230000000000018,none,val_00-val_00_r2-semantic-r0-RP_wait,val_00-val_00_r2-40200006-semantic_corruption-medium,validation,false,success,false,false,false,99.437,10.0699,1.8460000000000036,-0.009499999999999176,0,,wait,false,0.9230000000000018,0.0,0.0,0.0,0.9230000000000018,0.0,0.0
0442d5d9-7201-4c68-ad08-07f362e3aa33,val_00,val_00_r3,40300000,camera_occlusion,medium,R0,true,false,false,false,0.0,0.0,0,none,0.0,none,val_00-val_00_r3-camera-r0-R0,val_00-val_00_r3-40300000-camera_occlusion-medium,validation,false,success,false,false,false,121.254,11.7874,0.0,0.0,0,,,false,0.0,0.0,0.0,0.0,0.0,0.0,0.0
76046098-bfd2-417c-9448-5c9f8a6e5b0f,val_00,val_00_r3,40300000,camera_occlusion,medium,RP_backup,true,false,false,false,0.0,0.0,0,none,0.0,none,val_00-val_00_r3-camera-r0-RP_backup,val_00-val_00_r3-40300000-camera_occlusion-medium,validation,false,success,false,false,false,119.964,11.7799,-1.2900000000000063,-0.007500000000000284,0,,backup,false,0.0,0.0,0.0,0.0,0.0,0.0,0.0
88040d62-2939-49c0-9bdf-ed702b0e7c41,val_00,val_00_r3,40300000,camera_occlusion,medium,RP_controlled_stop,true,false,false,false,0.0,0.0,0,none,0.0,none,val_00-val_00_r3-camera-r0-RP_controlled_stop,val_00-val_00_r3-40300000-camera_occlusion-medium,validation,false,success,false,false,false,119.278,11.632,-1.975999999999999,-0.1554000000000002,0,,controlled_stop,false,0.0,0.0,0.0,0.0,0.0,0.0,0.0
63e8ecc2-9d88-46bb-ace3-29b5fd3e84c6,val_00,val_00_r3,40300000,camera_occlusion,medium,RP_relocalise,true,false,false,false,0.0,0.0,0,none,0.0,none,val_00-val_00_r3-camera-r0-RP_relocalise,val_00-val_00_r3-40300000-camera_occlusion-medium,validation,false,success,false,false,false,115.654,11.635,-5.6000000000000085,-0.1524000000000001,0,,relocalise,false,0.0,0.0,0.0,0.0,0.0,0.0,0.0
a47369a0-cb10-44b0-958e-5a6cb27ce058,val_00,val_00_r3,40300000,camera_occlusion,medium,RP_replan_clear_costmaps,true,false,false,false,0.21299999999999386,0.08079999999999998,0,none,0.1872999999999969,none,val_00-val_00_r3-camera-r0-RP_replan_clear_costmaps,val_00-val_00_r3-40300000-camera_occlusion-medium,validation,false,success,false,false,false,121.467,11.8682,0.21299999999999386,0.08079999999999998,0,,replan_clear_costmaps,false,0.1872999999999969,0.0,0.0,0.0,0.10649999999999693,0.08079999999999998,0.0
23c0113d-aea5-4400-a9ba-c8bf4d7920ce,val_00,val_00_r3,40300000,camera_occlusion,medium,RP_spin_active_rescan,true,false,false,false,5.584999999999994,0.19960000000000022,0,none,2.992099999999997,none,val_00-val_00_r3-camera-r0-RP_spin_active_rescan,val_00-val_00_r3-40300000-camera_occlusion-medium,validation,false,success,false,false,false,126.839,11.987,5.584999999999994,0.19960000000000022,0,,spin_active_rescan,false,2.992099999999997,0.0,0.0,0.0,2.792499999999997,0.19960000000000022,0.0
6b8c249a-b3a7-4ec2-97bb-11a8f4eab4b0,val_00,val_00_r3,40300000,camera_occlusion,medium,RP_wait,true,false,false,false,5.640999999999991,0.5284999999999993,0,none,3.348999999999995,none,val_00-val_00_r3-camera-r0-RP_wait,val_00-val_00_r3-40300000-camera_occlusion-medium,validation,false,success,false,false,false,126.895,12.3159,5.640999999999991,0.5284999999999993,0,,wait,false,3.348999999999995,0.0,0.0,0.0,2.8204999999999956,0.5284999999999993,0.0
4d6d4444-386b-4801-a94b-e7717a3e7b38,val_00,val_00_r3,40300001,lidar_dropout,medium,R0,true,false,false,false,0.0,0.0,0,none,0.0,none,val_00-val_00_r3-lidar-r0-R0,val_00-val_00_r3-40300001-lidar_dropout-medium,validation,false,success,false,false,false,127.251,11.9179,0.0,0.0,0,,,false,0.0,0.0,0.0,0.0,0.0,0.0,0.0
fe2095d9-de3b-492b-9ced-5c415546aa10,val_00,val_00_r3,40300001,lidar_dropout,medium,RP_backup,true,false,false,false,4.721000000000004,0.19449999999999967,1,backup,7.5550000000000015,none,val_00-val_00_r3-lidar-r0-RP_backup,val_00-val_00_r3-40300001-lidar_dropout-medium,validation,false,success,false,false,true,131.972,12.1124,4.721000000000004,0.19449999999999967,1,25.207,backup,false,7.5550000000000015,0.0,0.0,0.0,2.360500000000002,0.19449999999999967,5.0
b137689c-3727-4585-a7b1-c326d905d0e8,val_00,val_00_r3,40300001,lidar_dropout,medium,RP_controlled_stop,false,false,false,false,113.50899999999999,0.0,2,controlled_stop,60.0,none,val_00-val_00_r3-lidar-r0-RP_controlled_stop,val_00-val_00_r3-40300001-lidar_dropout-medium,validation,false,timeout,true,false,true,240.76,10.2485,113.50899999999999,-1.6693999999999996,2,26.247000000000003,controlled_stop,false,60.0,0.0,40.0,0.0,15.0,0.0,5.0
0dc0b43f-088b-49b7-ac59-0390fefb0d83,val_00,val_00_r3,40300001,lidar_dropout,medium,RP_relocalise,true,false,false,true,0.0,0.0,1,controlled_stop,5.0,none,val_00-val_00_r3-lidar-r0-RP_relocalise,val_00-val_00_r3-40300001-lidar_dropout-medium,validation,false,success,false,false,true,125.826,11.7212,-1.4250000000000114,-0.19669999999999987,1,26.045,relocalise,false,5.0,0.0,0.0,0.0,0.0,0.0,5.0
7c7f83a0-e229-4b54-82b7-f82235a369ea,val_00,val_00_r3,40300001,lidar_dropout,medium,RP_replan_clear_costmaps,true,false,false,false,51.02099999999999,0.6020000000000003,1,replan_clear_costmaps,20.602,none,val_00-val_00_r3-lidar-r0-RP_replan_clear_costmaps,val_00-val_00_r3-40300001-lidar_dropout-medium,validation,false,success,false,false,true,178.272,12.5199,51.02099999999999,0.6020000000000003,1,25.854000000000003,replan_clear_costmaps,false,20.602,0.0,0.0,0.0,15.0,0.6020000000000003,5.0
79a40c58-f061-47cf-a0a5-ff11a4ba2a16,val_00,val_00_r3,40300001,lidar_dropout,medium,RP_spin_active_rescan,true,false,false,false,22.72999999999999,0.10890000000000022,1,spin_active_rescan,16.473899999999993,none,val_00-val_00_r3-lidar-r0-RP_spin_active_rescan,val_00-val_00_r3-40300001-lidar_dropout-medium,validation,false,success,false,false,true,149.981,12.0268,22.72999999999999,0.10890000000000022,1,25.99,spin_active_rescan,false,16.473899999999993,0.0,0.0,0.0,11.364999999999995,0.10890000000000022,5.0
17831aec-092f-4381-a858-5a48858ebca1,val_00,val_00_r3,40300001,lidar_dropout,medium,RP_wait,true,false,false,true,11.019999999999982,0.16859999999999964,1,controlled_stop,10.67859999999999,none,val_00-val_00_r3-lidar-r0-RP_wait,val_00-val_00_r3-40300001-lidar_dropout-medium,validation,false,success,false,false,true,138.271,12.0865,11.019999999999982,0.16859999999999964,1,23.945,wait,false,10.67859999999999,0.0,0.0,0.0,5.509999999999991,0.16859999999999964,5.0
d7b38693-c821-47ab-b8e9-d9a4235644e8,val_00,val_00_r3,40300002,wheel_slip,medium,R0,true,false,false,false,0.0,0.0,0,none,0.0,none,val_00-val_00_r3-wheel-r0-R0,val_00-val_00_r3-40300002-wheel_slip-medium,validation,false,success,false,false,false,125.333,12.0096,0.0,0.0,0,,,false,0.0,0.0,0.0,0.0,0.0,0.0,0.0
34cd18d0-3376-414a-88aa-2e020b2f06ea,val_00,val_00_r3,40300002,wheel_slip,medium,RP_backup,true,false,false,false,0.0,0.0,0,none,0.0,none,val_00-val_00_r3-wheel-r0-RP_backup,val_00-val_00_r3-40300002-wheel_slip-medium,validation,false,success,false,false,false,123.393,11.7412,-1.9399999999999977,-0.2684000000000015,0,,backup,false,0.0,0.0,0.0,0.0,0.0,0.0,0.0
f6ec6432-e75d-4818-ac05-3a36102b574b,val_00,val_00_r3,40300002,wheel_slip,medium,RP_controlled_stop,true,false,false,false,39.053,0.9108,0,none,15.9108,none,val_00-val_00_r3-wheel-r0-RP_controlled_stop,val_00-val_00_r3-40300002-wheel_slip-medium,validation,false,success,false,false,false,164.386,12.9204,39.053,0.9108,0,,controlled_stop,false,15.9108,0.0,0.0,0.0,15.0,0.9108,0.0
7b87b6e8-6c77-4d10-ad4b-b8ef1ce9ed2c,val_00,val_00_r3,40300002,wheel_slip,medium,RP_relocalise,true,false,false,false,3.4470000000000027,0.0,0,none,1.7235000000000014,none,val_00-val_00_r3-wheel-r0-RP_relocalise,val_00-val_00_r3-40300002-wheel_slip-medium,validation,false,success,false,false,false,128.78,11.997,3.4470000000000027,-0.012600000000000833,0,,relocalise,false,1.7235000000000014,0.0,0.0,0.0,1.7235000000000014,0.0,0.0
a243c89e-9512-4ad2-b416-74db68afef52,val_00,val_00_r3,40300002,wheel_slip,medium,RP_replan_clear_costmaps,true,false,false,false,2.921999999999997,0.0,0,none,1.4609999999999985,none,val_00-val_00_r3-wheel-r0-RP_replan_clear_costmaps,val_00-val_00_r3-40300002-wheel_slip-medium,validation,false,success,false,false,false,128.255,11.8192,2.921999999999997,-0.19040000000000035,0,,replan_clear_costmaps,false,1.4609999999999985,0.0,0.0,0.0,1.4609999999999985,0.0,0.0
a4ad5559-d44e-4223-81ba-e8c2dd15a64d,val_00,val_00_r3,40300002,wheel_slip,medium,RP_spin_active_rescan,true,false,false,false,78.21199999999999,1.6654,0,none,16.665399999999998,none,val_00-val_00_r3-wheel-r0-RP_spin_active_rescan,val_00-val_00_r3-40300002-wheel_slip-medium,validation,false,success,false,false,false,203.545,13.675,78.21199999999999,1.6654,0,,spin_active_rescan,false,16.665399999999998,0.0,0.0,0.0,15.0,1.6654,0.0
4358be36-15e8-473e-9515-2d466c614cd0,val_00,val_00_r3,40300002,wheel_slip,medium,RP_wait,true,false,false,false,83.78900000000002,1.4110999999999994,0,none,16.411099999999998,none,val_00-val_00_r3-wheel-r0-RP_wait,val_00-val_00_r3-40300002-wheel_slip-medium,validation,false,success,false,false,false,209.122,13.4207,83.78900000000002,1.4110999999999994,0,,wait,false,16.411099999999998,0.0,0.0,0.0,15.0,1.4110999999999994,0.0
7de861fa-3fc1-4262-a238-7d3e643c07e1,val_00,val_00_r3,40300003,localisation_perturbation,medium,R0,false,false,false,false,0.0,0.0,0,none,37.425,none,val_00-val_00_r3-localisation-r0-R0,val_00-val_00_r3-40300003-localisation_perturbation-medium,validation,false,planner_failure,true,false,false,208.275,9.4325,0.0,0.0,0,,,false,40.0,0.0,40.0,0.0,0.0,0.0,0.0
10dd5f3a-2005-4fa4-b713-f1247a25fdaf,val_00,val_00_r3,40300003,localisation_perturbation,medium,RP_backup,true,false,false,false,0.0,2.725200000000001,0,none,0.1501999999999999,none,val_00-val_00_r3-localisation-r0-RP_backup,val_00-val_00_r3-40300003-localisation_perturbation-medium,validation,false,success,false,false,false,174.356,12.1577,-33.91900000000001,2.725200000000001,0,,backup,false,2.725200000000001,0.0,0.0,0.0,0.0,2.725200000000001,0.0
38d99f05-6f57-4fde-81a8-5f97b98004f2,val_00,val_00_r3,40300003,localisation_perturbation,medium,RP_controlled_stop,true,false,false,false,0.0,2.575000000000001,0,none,0.0,none,val_00-val_00_r3-localisation-r0-RP_controlled_stop,val_00-val_00_r3-40300003-localisation_perturbation-medium,validation,false,success,false,false,false,167.193,12.0075,-41.081999999999994,2.575000000000001,0,,controlled_stop,false,2.575000000000001,0.0,0.0,0.0,0.0,2.575000000000001,0.0
54cd0fa6-7729-4031-a4cd-aafc3154540e,val_00,val_00_r3,40300003,localisation_perturbation,medium,RP_relocalise,true,false,false,false,0.0,3.0442,0,none,0.46919999999999895,none,val_00-val_00_r3-localisation-r0-RP_relocalise,val_00-val_00_r3-40300003-localisation_perturbation-medium,validation,false,success,false,false,false,180.763,12.4767,-27.512,3.0442,0,,relocalise,false,3.0442,0.0,0.0,0.0,0.0,3.0442,0.0
f2653674-aea3-4a71-9cc5-18671b6d16b2,val_00,val_00_r3,40300003,localisation_perturbation,medium,RP_replan_clear_costmaps,true,false,false,false,0.0,2.939,0,none,0.363999999999999,none,val_00-val_00_r3-localisation-r0-RP_replan_clear_costmaps,val_00-val_00_r3-40300003-localisation_perturbation-medium,validation,false,success,false,false,false,183.931,12.3715,-24.343999999999994,2.939,0,,replan_clear_costmaps,false,2.939,0.0,0.0,0.0,0.0,2.939,0.0
9ca347b5-34e3-4189-821e-0607f2b3f87b,val_00,val_00_r3,40300003,localisation_perturbation,medium,RP_spin_active_rescan,true,false,false,false,0.0,2.5859000000000005,0,none,0.010899999999999466,none,val_00-val_00_r3-localisation-r0-RP_spin_active_rescan,val_00-val_00_r3-40300003-localisation_perturbation-medium,validation,false,success,false,false,false,143.079,12.0184,-65.196,2.5859000000000005,0,,spin_active_rescan,false,2.5859000000000005,0.0,0.0,0.0,0.0,2.5859000000000005,0.0
7cf58ad0-c08e-473c-8671-1cfc80f70740,val_00,val_00_r3,40300003,localisation_perturbation,medium,RP_wait,false,false,false,false,32.46199999999999,0.0,0,none,52.425,none,val_00-val_00_r3-localisation-r0-RP_wait,val_00-val_00_r3-40300003-localisation_perturbation-medium,validation,false,timeout,true,false,false,240.737,8.4917,32.46199999999999,-0.9407999999999994,0,,wait,false,55.0,0.0,40.0,0.0,15.0,0.0,0.0
ac6612cd-5884-4be0-b6fe-9a9a1dd2ee32,val_00,val_00_r3,40300004,dynamic_blockage,medium,R0,true,false,false,false,0.0,0.0,0,none,0.0,none,val_00-val_00_r3-blockage-r0-R0,val_00-val_00_r3-40300004-dynamic_blockage-medium,validation,false,success,false,false,false,220.875,12.276,0.0,0.0,0,,,false,0.0,0.0,0.0,0.0,0.0,0.0,0.0
e5ec759c-6f28-4ef8-bae4-e0adb0cc73e5,val_00,val_00_r3,40300004,dynamic_blockage,medium,RP_backup,true,false,false,false,0.0,1.33,0,none,1.33,none,val_00-val_00_r3-blockage-r0-RP_backup,val_00-val_00_r3-40300004-dynamic_blockage-medium,validation,false,success,false,false,false,173.325,13.606,-47.55000000000001,1.33,0,,backup,false,1.33,0.0,0.0,0.0,0.0,1.33,0.0
bd243ebd-9ed1-4473-a640-b0d2fda67e4c,val_00,val_00_r3,40300004,dynamic_blockage,medium,RP_controlled_stop,true,false,false,false,0.0,1.5081000000000007,0,none,1.5081000000000007,none,val_00-val_00_r3-blockage-r0-RP_controlled_stop,val_00-val_00_r3-40300004-dynamic_blockage-medium,validation,false,success,false,false,false,173.024,13.7841,-47.851,1.5081000000000007,0,,controlled_stop,false,1.5081000000000007,0.0,0.0,0.0,0.0,1.5081000000000007,0.0
a3647161-4531-44e6-822b-7b484506c13e,val_00,val_00_r3,40300004,dynamic_blockage,medium,RP_relocalise,true,false,false,false,0.0,1.7542000000000009,0,none,1.7542000000000009,none,val_00-val_00_r3-blockage-r0-RP_relocalise,val_00-val_00_r3-40300004-dynamic_blockage-medium,validation,false,success,false,false,false,175.547,14.0302,-45.328,1.7542000000000009,0,,relocalise,false,1.7542000000000009,0.0,0.0,0.0,0.0,1.7542000000000009,0.0
dd693699-10f1-425c-b6bc-7260d7caf9b1,val_00,val_00_r3,40300004,dynamic_blockage,medium,RP_replan_clear_costmaps,true,false,false,false,0.0,0.0,0,none,0.0,none,val_00-val_00_r3-blockage-r0-RP_replan_clear_costmaps,val_00-val_00_r3-40300004-dynamic_blockage-medium,validation,false,success,false,false,false,181.09,11.4519,-39.785,-0.8240999999999996,0,,replan_clear_costmaps,false,0.0,0.0,0.0,0.0,0.0,0.0,0.0
e6888bbd-8071-4393-95dd-3f78ebb03888,val_00,val_00_r3,40300004,dynamic_blockage,medium,RP_spin_active_rescan,true,false,false,true,0.0,0.0,1,controlled_stop,5.0,none,val_00-val_00_r3-blockage-r0-RP_spin_active_rescan,val_00-val_00_r3-40300004-dynamic_blockage-medium,validation,false,success,false,false,true,158.048,10.8508,-62.827,-1.4252000000000002,1,85.72800000000001,spin_active_rescan,false,5.0,0.0,0.0,0.0,0.0,0.0,5.0
6d82f976-d07a-4f42-af88-d5437e51acfd,val_00,val_00_r3,40300004,dynamic_blockage,medium,RP_wait,true,false,false,false,0.0,0.0,0,none,0.0,none,val_00-val_00_r3-blockage-r0-RP_wait,val_00-val_00_r3-40300004-dynamic_blockage-medium,validation,false,success,false,false,false,193.375,12.188,-27.5,-0.08799999999999919,0,,wait,false,0.0,0.0,0.0,0.0,0.0,0.0,0.0
410a20a2-8ffe-49b7-a9f2-e7b5e8ea64ec,val_00,val_00_r3,40300005,planner_oscillation,medium,R0,true,false,false,false,0.0,0.0,0,none,0.0,none,val_00-val_00_r3-oscillation-r0-R0,val_00-val_00_r3-40300005-planner_oscillation-medium,validation,false,success,false,false,false,161.861,14.9465,0.0,0.0,0,,,false,0.0,0.0,0.0,0.0,0.0,0.0,0.0
bf1f6bd4-4bab-4d75-944b-c8ab787e700b,val_00,val_00_r3,40300005,planner_oscillation,medium,RP_backup,true,false,false,false,13.28200000000001,0.0,0,none,6.641000000000005,none,val_00-val_00_r3-oscillation-r0-RP_backup,val_00-val_00_r3-40300005-planner_oscillation-medium,validation,false,success,false,false,false,175.143,14.8901,13.28200000000001,-0.056400000000000006,0,,backup,false,6.641000000000005,0.0,0.0,0.0,6.641000000000005,0.0,0.0
110ad5a2-5f5a-4fe9-ba34-8d0ad0246a84,val_00,val_00_r3,40300005,planner_oscillation,medium,RP_controlled_stop,true,false,false,false,1.2909999999999968,0.0,0,none,0.6454999999999984,none,val_00-val_00_r3-oscillation-r0-RP_controlled_stop,val_00-val_00_r3-40300005-planner_oscillation-medium,validation,false,success,false,false,false,163.152,14.9127,1.2909999999999968,-0.03380000000000116,0,,controlled_stop,false,0.6454999999999984,0.0,0.0,0.0,0.6454999999999984,0.0,0.0
a6090a5b-f817-45a3-bd42-40f60bce174b,val_00,val_00_r3,40300005,planner_oscillation,medium,RP_relocalise,true,false,false,false,9.236000000000018,0.3391000000000002,0,none,4.957100000000009,none,val_00-val_00_r3-oscillation-r0-RP_relocalise,val_00-val_00_r3-40300005-planner_oscillation-medium,validation,false,success,false,false,false,171.097,15.2856,9.236000000000018,0.3391000000000002,0,,relocalise,false,4.957100000000009,0.0,0.0,0.0,4.618000000000009,0.3391000000000002,0.0
dc0943eb-305c-46a7-826d-d268df664278,val_00,val_00_r3,40300005,planner_oscillation,medium,RP_replan_clear_costmaps,true,false,false,false,47.18700000000001,0.8652999999999995,0,none,15.8653,none,val_00-val_00_r3-oscillation-r0-RP_replan_clear_costmaps,val_00-val_00_r3-40300005-planner_oscillation-medium,validation,false,success,false,false,false,209.048,15.8118,47.18700000000001,0.8652999999999995,0,,replan_clear_costmaps,false,15.8653,0.0,0.0,0.0,15.0,0.8652999999999995,0.0
3ad509de-4942-49b8-9f6f-ba45b11e703a,val_00,val_00_r3,40300005,planner_oscillation,medium,RP_spin_active_rescan,true,false,false,false,23.104000000000013,0.1982999999999997,0,none,11.750300000000006,none,val_00-val_00_r3-oscillation-r0-RP_spin_active_rescan,val_00-val_00_r3-40300005-planner_oscillation-medium,validation,false,success,false,false,false,184.965,15.1448,23.104000000000013,0.1982999999999997,0,,spin_active_rescan,false,11.750300000000006,0.0,0.0,0.0,11.552000000000007,0.1982999999999997,0.0
0ecfd34c-4c80-4ab5-bc2b-372136ae5952,val_00,val_00_r3,40300005,planner_oscillation,medium,RP_wait,true,false,false,false,7.001000000000005,0.3528000000000002,0,none,3.8533000000000026,none,val_00-val_00_r3-oscillation-r0-RP_wait,val_00-val_00_r3-40300005-planner_oscillation-medium,validation,false,success,false,false,false,168.862,15.2993,7.001000000000005,0.3528000000000002,0,,wait,false,3.8533000000000026,0.0,0.0,0.0,3.5005000000000024,0.3528000000000002,0.0
d3f44161-d423-44ae-8058-10656d8e99bf,val_00,val_00_r3,40300006,semantic_corruption,medium,R0,true,false,false,false,0.0,0.0,0,none,0.0,none,val_00-val_00_r3-semantic-r0-R0,val_00-val_00_r3-40300006-semantic_corruption-medium,validation,false,success,false,false,false,129.036,12.399,0.0,0.0,0,,,false,0.0,0.0,0.0,0.0,0.0,0.0,0.0
155347e9-bf9e-41cb-80f5-35a6bbdbe1b8,val_00,val_00_r3,40300006,semantic_corruption,medium,RP_backup,true,false,false,false,0.0,0.0,0,none,0.0,none,val_00-val_00_r3-semantic-r0-RP_backup,val_00-val_00_r3-40300006-semantic_corruption-medium,validation,false,success,false,false,false,115.096,11.8224,-13.939999999999998,-0.5765999999999991,0,,backup,false,0.0,0.0,0.0,0.0,0.0,0.0,0.0
99df8113-9841-492c-a4e3-be23e72f80cb,val_00,val_00_r3,40300006,semantic_corruption,medium,RP_controlled_stop,true,false,false,false,0.0,0.0,0,none,0.0,none,val_00-val_00_r3-semantic-r0-RP_controlled_stop,val_00-val_00_r3-40300006-semantic_corruption-medium,validation,false,success,false,false,false,121.306,12.3312,-7.730000000000004,-0.0677999999999983,0,,controlled_stop,false,0.0,0.0,0.0,0.0,0.0,0.0,0.0
f6cdf105-f8cb-4b9e-9b43-1a4a6412eb98,val_00,val_00_r3,40300006,semantic_corruption,medium,RP_relocalise,true,false,false,false,0.0,0.0,0,none,0.0,none,val_00-val_00_r3-semantic-r0-RP_relocalise,val_00-val_00_r3-40300006-semantic_corruption-medium,validation,false,success,false,false,false,115.228,11.9068,-13.808000000000007,-0.49219999999999864,0,,relocalise,false,0.0,0.0,0.0,0.0,0.0,0.0,0.0
d4b62fc6-dd65-40ad-827f-11172bf87d28,val_00,val_00_r3,40300006,semantic_corruption,medium,RP_replan_clear_costmaps,true,false,false,false,0.0,0.0,0,none,0.0,none,val_00-val_00_r3-semantic-r0-RP_replan_clear_costmaps,val_00-val_00_r3-40300006-semantic_corruption-medium,validation,false,success,false,false,false,119.247,11.9965,-9.789000000000001,-0.40249999999999986,0,,replan_clear_costmaps,false,0.0,0.0,0.0,0.0,0.0,0.0,0.0
a9d99767-bfd8-4e13-9db9-c5030dc1a061,val_00,val_00_r3,40300006,semantic_corruption,medium,RP_spin_active_rescan,true,false,false,false,0.0,0.0,0,none,0.0,none,val_00-val_00_r3-semantic-r0-RP_spin_active_rescan,val_00-val_00_r3-40300006-semantic_corruption-medium,validation,false,success,false,false,false,125.564,12.1965,-3.4720000000000084,-0.2024999999999988,0,,spin_active_rescan,false,0.0,0.0,0.0,0.0,0.0,0.0,0.0
18769bb7-bf84-4455-881c-fb71614130a5,val_00,val_00_r3,40300006,semantic_corruption,medium,RP_wait,true,false,false,false,0.0,0.0,0,none,0.0,none,val_00-val_00_r3-semantic-r0-RP_wait,val_00-val_00_r3-40300006-semantic_corruption-medium,validation,false,success,false,false,false,115.859,11.8665,-13.177000000000007,-0.5324999999999989,0,,wait,false,0.0,0.0,0.0,0.0,0.0,0.0,0.0
6156420e-3c1e-4b38-912c-5deae927d439,val_00,val_00_r4,40400000,camera_occlusion,medium,R0,true,false,false,false,0.0,0.0,0,none,0.0,none,val_00-val_00_r4-camera-r0-R0,val_00-val_00_r4-40400000-camera_occlusion-medium,validation,false,success,false,false,false,171.096,14.7032,0.0,0.0,0,,,false,0.0,0.0,0.0,0.0,0.0,0.0,0.0
8ca1d170-bb95-4626-865b-0cd1cbec2bd4,val_00,val_00_r4,40400000,camera_occlusion,medium,RP_backup,true,false,false,false,0.0,0.20369999999999955,0,none,0.20369999999999955,none,val_00-val_00_r4-camera-r0-RP_backup-infra-replacement-001,val_00-val_00_r4-40400000-camera_occlusion-medium,validation,false,success,false,false,false,161.945,14.9069,-9.15100000000001,0.20369999999999955,0,,backup,false,0.20369999999999955,0.0,0.0,0.0,0.0,0.20369999999999955,0.0
4c3375a6-d31e-43ee-932a-ebfc3e8d135a,val_00,val_00_r4,40400000,camera_occlusion,medium,RP_controlled_stop,true,false,false,false,15.88300000000001,0.8958999999999993,0,none,8.837400000000004,none,val_00-val_00_r4-camera-r0-RP_controlled_stop,val_00-val_00_r4-40400000-camera_occlusion-medium,validation,false,success,false,false,false,186.979,15.5991,15.88300000000001,0.8958999999999993,0,,controlled_stop,false,8.837400000000004,0.0,0.0,0.0,7.941500000000005,0.8958999999999993,0.0
c552ff38-1a0c-4709-ac9e-361ca9afb4ea,val_00,val_00_r4,40400000,camera_occlusion,medium,RP_relocalise,true,false,false,false,0.0,0.0,0,none,0.0,none,val_00-val_00_r4-camera-r0-RP_relocalise,val_00-val_00_r4-40400000-camera_occlusion-medium,validation,false,success,false,false,false,133.0,14.2006,-38.096000000000004,-0.502600000000001,0,,relocalise,false,0.0,0.0,0.0,0.0,0.0,0.0,0.0
95ac3814-5633-48a5-bf48-46f1269bb892,val_00,val_00_r4,40400000,camera_occlusion,medium,RP_replan_clear_costmaps,true,false,false,false,0.0,0.024299999999998434,0,none,0.024299999999998434,none,val_00-val_00_r4-camera-r0-RP_replan_clear_costmaps,val_00-val_00_r4-40400000-camera_occlusion-medium,validation,false,success,false,false,false,169.464,14.7275,-1.632000000000005,0.024299999999998434,0,,replan_clear_costmaps,false,0.024299999999998434,0.0,0.0,0.0,0.0,0.024299999999998434,0.0
eedd905a-02c6-48c6-8f06-85464b92e2b8,val_00,val_00_r4,40400000,camera_occlusion,medium,RP_spin_active_rescan,true,false,false,false,0.0,0.30769999999999875,0,none,0.30769999999999875,none,val_00-val_00_r4-camera-r0-RP_spin_active_rescan,val_00-val_00_r4-40400000-camera_occlusion-medium,validation,false,success,false,false,false,170.158,15.0109,-0.9380000000000166,0.30769999999999875,0,,spin_active_rescan,false,0.30769999999999875,0.0,0.0,0.0,0.0,0.30769999999999875,0.0
b995b08c-8f85-4ea7-a21e-d58a140b2201,val_00,val_00_r4,40400000,camera_occlusion,medium,RP_wait,true,false,false,false,0.0,0.10729999999999862,0,none,0.10729999999999862,none,val_00-val_00_r4-camera-r0-RP_wait,val_00-val_00_r4-40400000-camera_occlusion-medium,validation,false,success,false,false,false,164.818,14.8105,-6.277999999999992,0.10729999999999862,0,,wait,false,0.10729999999999862,0.0,0.0,0.0,0.0,0.10729999999999862,0.0
c446fe83-2483-406b-8a41-465a03e0c396,val_00,val_00_r4,40400001,lidar_dropout,medium,R0,true,false,false,false,0.0,0.0,0,none,0.0,none,val_00-val_00_r4-lidar-r0-R0,val_00-val_00_r4-40400001-lidar_dropout-medium,validation,false,success,false,false,false,187.055,14.5901,0.0,0.0,0,,,false,0.0,0.0,0.0,0.0,0.0,0.0,0.0
976476dd-ceb2-4984-836a-cba43a049013,val_00,val_00_r4,40400001,lidar_dropout,medium,RP_backup,true,false,false,false,0.0,0.0,0,none,0.0,none,val_00-val_00_r4-lidar-r0-RP_backup,val_00-val_00_r4-40400001-lidar_dropout-medium,validation,false,success,false,false,false,149.532,14.5747,-37.522999999999996,-0.015399999999999636,0,,backup,false,0.0,0.0,0.0,0.0,0.0,0.0,0.0
3534ce06-b664-4811-b488-52b3dd4ffffe,val_00,val_00_r4,40400001,lidar_dropout,medium,RP_controlled_stop,true,false,false,false,0.0,0.0,0,none,0.0,none,val_00-val_00_r4-lidar-r0-RP_controlled_stop,val_00-val_00_r4-40400001-lidar_dropout-medium,validation,false,success,false,false,false,154.496,14.3641,-32.559,-0.2259999999999991,0,,controlled_stop,false,0.0,0.0,0.0,0.0,0.0,0.0,0.0
8e5b1b18-613d-4d04-8d65-b9548ab6b3a9,val_00,val_00_r4,40400001,lidar_dropout,medium,RP_relocalise,false,false,false,false,53.65899999999999,0.0,0,none,55.0,none,val_00-val_00_r4-lidar-r0-RP_relocalise,val_00-val_00_r4-40400001-lidar_dropout-medium,validation,false,timeout,true,false,false,240.714,13.5761,53.65899999999999,-1.0139999999999993,0,,relocalise,false,55.0,0.0,40.0,0.0,15.0,0.0,0.0
d0488b56-30b9-466d-97ef-9e0a3a493bc2,val_00,val_00_r4,40400001,lidar_dropout,medium,RP_replan_clear_costmaps,true,false,false,false,42.78199999999998,1.6949000000000005,0,none,16.6949,none,val_00-val_00_r4-lidar-r0-RP_replan_clear_costmaps,val_00-val_00_r4-40400001-lidar_dropout-medium,validation,false,success,false,false,false,229.837,16.285,42.78199999999998,1.6949000000000005,0,,replan_clear_costmaps,false,16.6949,0.0,0.0,0.0,15.0,1.6949000000000005,0.0
baf5c001-c3b1-4613-aa36-ff2726a011ed,val_00,val_00_r4,40400001,lidar_dropout,medium,RP_spin_active_rescan,true,false,false,false,3.680000000000007,0.6067,0,none,2.4467000000000034,none,val_00-val_00_r4-lidar-r0-RP_spin_active_rescan,val_00-val_00_r4-40400001-lidar_dropout-medium,validation,false,success,false,false,false,190.735,15.1968,3.680000000000007,0.6067,0,,spin_active_rescan,false,2.4467000000000034,0.0,0.0,0.0,1.8400000000000034,0.6067,0.0
a2098610-fba3-4001-adc6-e67deefa7dcb,val_00,val_00_r4,40400001,lidar_dropout,medium,RP_wait,true,false,false,false,0.0,0.38230000000000075,0,none,0.38230000000000075,none,val_00-val_00_r4-lidar-r0-RP_wait-infra-replacement-001,val_00-val_00_r4-40400001-lidar_dropout-medium,validation,false,success,false,false,false,143.158,14.9724,-43.89700000000002,0.38230000000000075,0,,wait,false,0.38230000000000075,0.0,0.0,0.0,0.0,0.38230000000000075,0.0
6ddcee6f-e957-44be-a18d-e753aeb7cd26,val_00,val_00_r4,40400002,wheel_slip,medium,R0,true,false,false,false,0.0,0.0,0,none,0.0,none,val_00-val_00_r4-wheel-r0-R0,val_00-val_00_r4-40400002-wheel_slip-medium,validation,false,success,false,false,false,132.668,14.0103,0.0,0.0,0,,,false,0.0,0.0,0.0,0.0,0.0,0.0,0.0
dc352e27-bb32-46ad-adf8-aebec95a7821,val_00,val_00_r4,40400002,wheel_slip,medium,RP_backup,true,false,false,false,46.916,1.1664999999999992,1,backup,21.1665,none,val_00-val_00_r4-wheel-r0-RP_backup,val_00-val_00_r4-40400002-wheel_slip-medium,validation,false,success,false,false,true,179.584,15.1768,46.916,1.1664999999999992,1,148.308,backup,false,21.1665,0.0,0.0,0.0,15.0,1.1664999999999992,5.0
3cfa640f-438c-4dad-9efc-8e09d291bd47,val_00,val_00_r4,40400002,wheel_slip,medium,RP_controlled_stop,true,false,false,false,70.172,1.9372999999999987,0,none,16.9373,none,val_00-val_00_r4-wheel-r0-RP_controlled_stop,val_00-val_00_r4-40400002-wheel_slip-medium,validation,false,success,false,false,false,202.84,15.9476,70.172,1.9372999999999987,0,,controlled_stop,false,16.9373,0.0,0.0,0.0,15.0,1.9372999999999987,0.0
875bbc7a-0858-4758-9004-dcc67214419e,val_00,val_00_r4,40400002,wheel_slip,medium,RP_relocalise,true,false,false,false,3.2889999999999873,0.21339999999999826,0,none,1.857899999999992,none,val_00-val_00_r4-wheel-r0-RP_relocalise,val_00-val_00_r4-40400002-wheel_slip-medium,validation,false,success,false,false,false,135.957,14.2237,3.2889999999999873,0.21339999999999826,0,,relocalise,false,1.857899999999992,0.0,0.0,0.0,1.6444999999999936,0.21339999999999826,0.0
d0ddebca-6d0b-4a21-bb4f-bb4d3f1e567f,val_00,val_00_r4,40400002,wheel_slip,medium,RP_replan_clear_costmaps,true,false,false,false,80.76599999999999,2.0497999999999976,0,none,17.049799999999998,none,val_00-val_00_r4-wheel-r0-RP_replan_clear_costmaps,val_00-val_00_r4-40400002-wheel_slip-medium,validation,false,success,false,false,false,213.434,16.0601,80.76599999999999,2.0497999999999976,0,,replan_clear_costmaps,false,17.049799999999998,0.0,0.0,0.0,15.0,2.0497999999999976,0.0
719de51d-f965-45ea-bd2e-be08364c4215,val_00,val_00_r4,40400002,wheel_slip,medium,RP_spin_active_rescan,true,false,false,false,19.974999999999994,0.2966999999999995,0,none,10.284199999999997,none,val_00-val_00_r4-wheel-r0-RP_spin_active_rescan,val_00-val_00_r4-40400002-wheel_slip-medium,validation,false,success,false,false,false,152.643,14.307,19.974999999999994,0.2966999999999995,0,,spin_active_rescan,false,10.284199999999997,0.0,0.0,0.0,9.987499999999997,0.2966999999999995,0.0
368f40ae-a811-4941-b98b-b2cb17e0626e,val_00,val_00_r4,40400002,wheel_slip,medium,RP_wait,true,false,false,false,1.5449999999999875,0.1365999999999996,0,none,0.9090999999999934,none,val_00-val_00_r4-wheel-r0-RP_wait,val_00-val_00_r4-40400002-wheel_slip-medium,validation,false,success,false,false,false,134.213,14.1469,1.5449999999999875,0.1365999999999996,0,,wait,false,0.9090999999999934,0.0,0.0,0.0,0.7724999999999937,0.1365999999999996,0.0
4fd4f00c-0440-4f30-b081-c17faf978790,val_00,val_00_r4,40400003,localisation_perturbation,medium,R0,true,false,false,false,0.0,0.0,0,none,0.0,none,val_00-val_00_r4-localisation-r0-R0,val_00-val_00_r4-40400003-localisation_perturbation-medium,validation,false,success,false,false,false,170.28,14.5022,0.0,0.0,0,,,false,0.0,0.0,0.0,0.0,0.0,0.0,0.0
44f11f2d-db98-4d5f-9e95-9e19a021d0db,val_00,val_00_r4,40400003,localisation_perturbation,medium,RP_backup,true,false,false,false,0.0,0.0,0,none,0.0,none,val_00-val_00_r4-localisation-r0-RP_backup,val_00-val_00_r4-40400003-localisation_perturbation-medium,validation,false,success,false,false,false,165.117,14.287,-5.163000000000011,-0.2151999999999994,0,,backup,false,0.0,0.0,0.0,0.0,0.0,0.0,0.0
8fc9b175-7aea-4e14-be63-f8246fdd2f7f,val_00,val_00_r4,40400003,localisation_perturbation,medium,RP_controlled_stop,true,false,false,false,39.417,0.035199999999999676,1,controlled_stop,20.0352,none,val_00-val_00_r4-localisation-r0-RP_controlled_stop,val_00-val_00_r4-40400003-localisation_perturbation-medium,validation,false,success,false,false,true,209.697,14.5374,39.417,0.035199999999999676,1,144.406,controlled_stop,false,20.0352,0.0,0.0,0.0,15.0,0.035199999999999676,5.0
366f5736-d25d-4233-bc39-4a3b4ac83140,val_00,val_00_r4,40400003,localisation_perturbation,medium,RP_relocalise,true,false,false,true,38.208,0.19560000000000066,1,controlled_stop,20.1956,none,val_00-val_00_r4-localisation-r0-RP_relocalise,val_00-val_00_r4-40400003-localisation_perturbation-medium,validation,false,success,false,false,true,208.488,14.6978,38.208,0.19560000000000066,1,141.914,relocalise,false,20.1956,0.0,0.0,0.0,15.0,0.19560000000000066,5.0
9155143e-a2e8-41d0-bfac-9cad1dd489a1,val_00,val_00_r4,40400003,localisation_perturbation,medium,RP_replan_clear_costmaps,true,false,false,false,66.05199999999999,1.309899999999999,0,none,16.3099,none,val_00-val_00_r4-localisation-r0-RP_replan_clear_costmaps,val_00-val_00_r4-40400003-localisation_perturbation-medium,validation,false,success,false,false,false,236.332,15.8121,66.05199999999999,1.309899999999999,0,,replan_clear_costmaps,false,16.3099,0.0,0.0,0.0,15.0,1.309899999999999,0.0
e59d8732-54c1-4db2-a31a-eaae9b035628,val_00,val_00_r4,40400003,localisation_perturbation,medium,RP_spin_active_rescan,true,false,false,false,0.0,0.0,0,none,0.0,none,val_00-val_00_r4-localisation-r0-RP_spin_active_rescan,val_00-val_00_r4-40400003-localisation_perturbation-medium,validation,false,success,false,false,false,156.48,14.2823,-13.800000000000011,-0.21990000000000087,0,,spin_active_rescan,false,0.0,0.0,0.0,0.0,0.0,0.0,0.0
6bfbeb5d-b305-4c9d-b9ba-f166bfe3e772,val_00,val_00_r4,40400003,localisation_perturbation,medium,RP_wait,true,false,false,false,61.762,1.4611999999999998,0,none,16.461199999999998,none,val_00-val_00_r4-localisation-r0-RP_wait,val_00-val_00_r4-40400003-localisation_perturbation-medium,validation,false,success,false,false,false,232.042,15.9634,61.762,1.4611999999999998,0,,wait,false,16.461199999999998,0.0,0.0,0.0,15.0,1.4611999999999998,0.0
53e42e74-82c0-4c9a-b730-09caf00fe033,val_00,val_00_r4,40400004,dynamic_blockage,medium,R0,false,false,false,false,0.0,0.0,0,none,0.0,none,val_00-val_00_r4-blockage-r0-R0,val_00-val_00_r4-40400004-dynamic_blockage-medium,validation,false,timeout,true,false,false,240.74,10.4229,0.0,0.0,0,,,false,40.0,0.0,40.0,0.0,0.0,0.0,0.0
6c2bd72e-13ac-49bd-9f1f-db0d67c68dbc,val_00,val_00_r4,40400004,dynamic_blockage,medium,RP_backup,false,false,false,false,0.01099999999999568,0.0,0,none,0.00549999999999784,none,val_00-val_00_r4-blockage-r0-RP_backup,val_00-val_00_r4-40400004-dynamic_blockage-medium,validation,false,timeout,true,false,false,240.751,10.3564,0.01099999999999568,-0.06649999999999956,0,,backup,false,40.0055,0.0,40.0,0.0,0.00549999999999784,0.0,0.0
64223c46-73f0-486a-b72b-d77f63549f00,val_00,val_00_r4,40400004,dynamic_blockage,medium,RP_controlled_stop,false,false,false,false,0.0,0.29579999999999984,0,none,0.29579999999999984,none,val_00-val_00_r4-blockage-r0-RP_controlled_stop,val_00-val_00_r4-40400004-dynamic_blockage-medium,validation,false,timeout,true,false,false,240.726,10.7187,-0.014000000000010004,0.29579999999999984,0,,controlled_stop,false,40.2958,0.0,40.0,0.0,0.0,0.29579999999999984,0.0
ebb46cc5-ccbf-415c-8a51-24bd99f371cb,val_00,val_00_r4,40400004,dynamic_blockage,medium,RP_relocalise,false,false,false,false,0.01099999999999568,0.4065999999999992,0,none,0.41209999999999525,none,val_00-val_00_r4-blockage-r0-RP_relocalise,val_00-val_00_r4-40400004-dynamic_blockage-medium,validation,false,timeout,true,false,false,240.751,10.8295,0.01099999999999568,0.4065999999999992,0,,relocalise,false,40.412099999999995,0.0,40.0,0.0,0.00549999999999784,0.4065999999999992,0.0
7ac49f38-3286-48fe-bfe0-95d5252ba480,val_00,val_00_r4,40400004,dynamic_blockage,medium,RP_replan_clear_costmaps,false,false,false,false,0.0,0.0,0,none,0.0,none,val_00-val_00_r4-blockage-r0-RP_replan_clear_costmaps,val_00-val_00_r4-40400004-dynamic_blockage-medium,validation,false,timeout,true,false,false,240.714,10.1743,-0.02600000000001046,-0.2485999999999997,0,,replan_clear_costmaps,false,40.0,0.0,40.0,0.0,0.0,0.0,0.0
ef142c08-3972-4998-81d1-4bcee7bcce50,val_00,val_00_r4,40400004,dynamic_blockage,medium,RP_spin_active_rescan,false,false,false,false,0.0589999999999975,0.8597999999999999,0,none,0.8892999999999986,none,val_00-val_00_r4-blockage-r0-RP_spin_active_rescan,val_00-val_00_r4-40400004-dynamic_blockage-medium,validation,false,timeout,true,false,false,240.799,11.2827,0.0589999999999975,0.8597999999999999,0,,spin_active_rescan,false,40.8893,0.0,40.0,0.0,0.02949999999999875,0.8597999999999999,0.0
d48aa082-351c-4051-ba01-2645f652b868,val_00,val_00_r4,40400004,dynamic_blockage,medium,RP_wait,false,false,false,true,0.06699999999997885,1.4642,1,controlled_stop,1.4976999999999876,none,val_00-val_00_r4-blockage-r0-RP_wait,val_00-val_00_r4-40400004-dynamic_blockage-medium,validation,false,timeout,true,false,false,240.807,11.8871,0.06699999999997885,1.4642,1,138.224,wait,false,41.49769999999999,0.0,40.0,0.0,0.03349999999998943,1.4642,0.0
e715b48a-87b8-4329-8447-218a703d53ae,val_00,val_00_r4,40400005,planner_oscillation,medium,R0,false,false,false,false,0.0,0.0,0,none,0.0,none,val_00-val_00_r4-oscillation-r0-R0,val_00-val_00_r4-40400005-planner_oscillation-medium,validation,false,planner_failure,true,false,false,134.585,7.7265,0.0,0.0,0,,,false,40.0,0.0,40.0,0.0,0.0,0.0,0.0
4646cc00-8dba-4b3c-8c07-fb9ec36aa8e8,val_00,val_00_r4,40400005,planner_oscillation,medium,RP_backup,false,false,false,true,0.0,0.0,5,backup,0.0,none,val_00-val_00_r4-oscillation-r0-RP_backup,val_00-val_00_r4-40400005-planner_oscillation-medium,validation,false,timeout,true,false,false,127.64,6.4711,-6.945000000000007,-1.2553999999999998,5,81.712,backup,false,40.0,0.0,40.0,0.0,0.0,0.0,0.0
7d8d1118-8204-4818-82ec-035beb10605e,val_00,val_00_r4,40400005,planner_oscillation,medium,RP_controlled_stop,false,false,false,true,0.0,0.0,5,controlled_stop,0.0,none,val_00-val_00_r4-oscillation-r0-RP_controlled_stop,val_00-val_00_r4-40400005-planner_oscillation-medium,validation,false,timeout,true,false,false,126.122,5.9026,-8.463000000000008,-1.8239,5,76.337,controlled_stop,false,40.0,0.0,40.0,0.0,0.0,0.0,0.0
5526dac9-cb0a-4a9b-b7e5-cc2ca2dabfec,val_00,val_00_r4,40400005,planner_oscillation,medium,RP_relocalise,false,false,false,true,3.080999999999989,0.0,1,controlled_stop,1.5404999999999944,none,val_00-val_00_r4-oscillation-r0-RP_relocalise,val_00-val_00_r4-40400005-planner_oscillation-medium,validation,false,planner_failure,true,false,false,137.666,7.3189,3.080999999999989,-0.4075999999999995,1,136.199,relocalise,false,41.540499999999994,0.0,40.0,0.0,1.5404999999999944,0.0,0.0
472b4f0d-d5a9-4dce-883e-0da8107e7dfd,val_00,val_00_r4,40400005,planner_oscillation,medium,RP_replan_clear_costmaps,false,false,false,false,57.68099999999998,0.0,0,none,15.0,none,val_00-val_00_r4-oscillation-r0-RP_replan_clear_costmaps,val_00-val_00_r4-40400005-planner_oscillation-medium,validation,false,planner_failure,true,false,false,192.266,4.1924,57.68099999999998,-3.5340999999999996,0,,replan_clear_costmaps,false,55.0,0.0,40.0,0.0,15.0,0.0,0.0
0349ada5-1de3-4276-b851-f7dc8fc2e05f,val_00,val_00_r4,40400005,planner_oscillation,medium,RP_spin_active_rescan,false,false,false,true,44.462999999999994,0.0,5,spin_active_rescan,15.0,none,val_00-val_00_r4-oscillation-r0-RP_spin_active_rescan,val_00-val_00_r4-40400005-planner_oscillation-medium,validation,false,timeout,true,false,false,179.048,7.1588,44.462999999999994,-0.5676999999999994,5,118.455,spin_active_rescan,false,55.0,0.0,40.0,0.0,15.0,0.0,0.0
6fc26cb9-9c86-41f5-aa49-b9a65e6fcabb,val_00,val_00_r4,40400005,planner_oscillation,medium,RP_wait,false,false,false,true,49.15899999999999,0.0,5,controlled_stop,15.0,none,val_00-val_00_r4-oscillation-r0-RP_wait,val_00-val_00_r4-40400005-planner_oscillation-medium,validation,false,timeout,true,false,false,183.744,7.4172,49.15899999999999,-0.30929999999999946,5,127.685,wait,false,55.0,0.0,40.0,0.0,15.0,0.0,0.0
30058217-2b4e-46d5-89fd-0c09bf4fbe87,val_00,val_00_r4,40400006,semantic_corruption,medium,R0,true,false,false,false,0.0,0.0,0,none,0.0,none,val_00-val_00_r4-semantic-r0-R0,val_00-val_00_r4-40400006-semantic_corruption-medium,validation,false,success,false,false,false,130.703,14.2949,0.0,0.0,0,,,false,0.0,0.0,0.0,0.0,0.0,0.0,0.0
f40a3ec0-6904-4269-8f98-4097bb3e1d1b,val_00,val_00_r4,40400006,semantic_corruption,medium,RP_backup,true,false,false,false,30.508999999999986,0.4643999999999995,0,none,15.4644,none,val_00-val_00_r4-semantic-r0-RP_backup,val_00-val_00_r4-40400006-semantic_corruption-medium,validation,false,success,false,false,false,161.212,14.7593,30.508999999999986,0.4643999999999995,0,,backup,false,15.4644,0.0,0.0,0.0,15.0,0.4643999999999995,0.0
363c377e-f7eb-4a77-b432-db636dc77674,val_00,val_00_r4,40400006,semantic_corruption,medium,RP_controlled_stop,true,false,false,false,6.442999999999984,0.07479999999999976,0,none,3.2962999999999916,none,val_00-val_00_r4-semantic-r0-RP_controlled_stop,val_00-val_00_r4-40400006-semantic_corruption-medium,validation,false,success,false,false,false,137.146,14.3697,6.442999999999984,0.07479999999999976,0,,controlled_stop,false,3.2962999999999916,0.0,0.0,0.0,3.221499999999992,0.07479999999999976,0.0
27d7c4b3-b9ed-48e0-8703-9c865881f63f,val_00,val_00_r4,40400006,semantic_corruption,medium,RP_relocalise,true,false,false,false,24.260999999999996,0.452399999999999,0,none,12.582899999999997,none,val_00-val_00_r4-semantic-r0-RP_relocalise,val_00-val_00_r4-40400006-semantic_corruption-medium,validation,false,success,false,false,false,154.964,14.7473,24.260999999999996,0.452399999999999,0,,relocalise,false,12.582899999999997,0.0,0.0,0.0,12.130499999999998,0.452399999999999,0.0
75efdf3a-7916-48da-a581-42b903007d42,val_00,val_00_r4,40400006,semantic_corruption,medium,RP_replan_clear_costmaps,true,false,false,false,43.692999999999984,0.4803999999999995,0,none,15.4804,none,val_00-val_00_r4-semantic-r0-RP_replan_clear_costmaps,val_00-val_00_r4-40400006-semantic_corruption-medium,validation,false,success,false,false,false,174.396,14.7753,43.692999999999984,0.4803999999999995,0,,replan_clear_costmaps,false,15.4804,0.0,0.0,0.0,15.0,0.4803999999999995,0.0
c336b0dc-f8a7-4bc7-8d37-2ebc7de2f2a5,val_00,val_00_r4,40400006,semantic_corruption,medium,RP_spin_active_rescan,true,false,false,false,0.914999999999992,0.12619999999999898,0,none,0.583699999999995,none,val_00-val_00_r4-semantic-r0-RP_spin_active_rescan,val_00-val_00_r4-40400006-semantic_corruption-medium,validation,false,success,false,false,false,131.618,14.4211,0.914999999999992,0.12619999999999898,0,,spin_active_rescan,false,0.583699999999995,0.0,0.0,0.0,0.457499999999996,0.12619999999999898,0.0
d2d0bb3e-e749-4b28-9491-89654791aded,val_00,val_00_r4,40400006,semantic_corruption,medium,RP_wait,false,false,false,false,110.084,2.618499999999999,0,none,57.6185,none,val_00-val_00_r4-semantic-r0-RP_wait,val_00-val_00_r4-40400006-semantic_corruption-medium,validation,false,timeout,true,false,false,240.787,16.9134,110.084,2.618499999999999,0,,wait,false,57.6185,0.0,40.0,0.0,15.0,2.618499999999999,0.0
7145ed8e-557f-4a7a-9842-5f43c4687f04,val_00,val_00_r5,40500000,camera_occlusion,medium,R0,false,false,false,false,0.0,0.0,0,none,39.754200000000004,none,val_00-val_00_r5-camera-r0-R0,val_00-val_00_r5-40500000-camera_occlusion-medium,validation,false,false_arrival,true,false,false,161.721,17.0067,0.0,0.0,0,,,false,40.0,0.0,40.0,0.0,0.0,0.0,0.0
f1053e0f-00ce-48d2-a40d-f8239741a8b2,val_00,val_00_r5,40500000,camera_occlusion,medium,RP_backup,false,false,false,false,30.882000000000005,0.3929000000000009,0,none,55.1471,none,val_00-val_00_r5-camera-r0-RP_backup,val_00-val_00_r5-40500000-camera_occlusion-medium,validation,false,false_arrival,true,false,false,192.603,17.3996,30.882000000000005,0.3929000000000009,0,,backup,false,55.3929,0.0,40.0,0.0,15.0,0.3929000000000009,0.0
31c095fc-6c84-405f-88ae-d95dc3b6eb9d,val_00,val_00_r5,40500000,camera_occlusion,medium,RP_controlled_stop,true,false,false,false,58.95400000000001,2.0574000000000012,0,none,16.811600000000006,none,val_00-val_00_r5-camera-r0-RP_controlled_stop,val_00-val_00_r5-40500000-camera_occlusion-medium,validation,false,success,false,false,false,220.675,19.0641,58.95400000000001,2.0574000000000012,0,,controlled_stop,false,17.0574,0.0,0.0,0.0,15.0,2.0574000000000012,0.0
cdddf2a3-8800-4c48-ad0e-69b15fccb89f,val_00,val_00_r5,40500000,camera_occlusion,medium,RP_relocalise,false,false,false,false,0.0,0.0,0,none,39.754200000000004,none,val_00-val_00_r5-camera-r0-RP_relocalise,val_00-val_00_r5-40500000-camera_occlusion-medium,validation,false,false_arrival,true,false,false,158.161,16.9947,-3.5600000000000023,-0.011999999999996902,0,,relocalise,false,40.0,0.0,40.0,0.0,0.0,0.0,0.0
d00a0e01-fa3a-490f-9089-b8269b8a5445,val_00,val_00_r5,40500000,camera_occlusion,medium,RP_replan_clear_costmaps,false,false,false,false,0.0,0.03300000000000125,0,none,39.787200000000006,none,val_00-val_00_r5-camera-r0-RP_replan_clear_costmaps,val_00-val_00_r5-40500000-camera_occlusion-medium,validation,false,false_arrival,true,false,false,158.616,17.0397,-3.1049999999999898,0.03300000000000125,0,,replan_clear_costmaps,false,40.033,0.0,40.0,0.0,0.0,0.03300000000000125,0.0
29637fca-6e3a-45c9-ae25-77f787607521,val_00,val_00_r5,40500000,camera_occlusion,medium,RP_spin_active_rescan,true,false,false,false,0.003999999999990678,0.24380000000000024,0,none,0.0,none,val_00-val_00_r5-camera-r0-RP_spin_active_rescan,val_00-val_00_r5-40500000-camera_occlusion-medium,validation,false,success,false,false,false,161.725,17.2505,0.003999999999990678,0.24380000000000024,0,,spin_active_rescan,false,0.24579999999999558,0.0,0.0,0.0,0.001999999999995339,0.24380000000000024,0.0
b9a2f4c0-bc77-4ca7-adfc-331d77cdaf39,val_00,val_00_r5,40500000,camera_occlusion,medium,RP_wait,false,false,false,false,3.087999999999994,0.09880000000000067,0,none,41.397,none,val_00-val_00_r5-camera-r0-RP_wait,val_00-val_00_r5-40500000-camera_occlusion-medium,validation,false,false_arrival,true,false,false,164.809,17.1055,3.087999999999994,0.09880000000000067,0,,wait,false,41.642799999999994,0.0,40.0,0.0,1.543999999999997,0.09880000000000067,0.0
0c0420e5-1745-4eb7-9d4e-48233a653ac7,val_00,val_00_r5,40500001,lidar_dropout,medium,R0,false,false,false,false,0.0,0.0,0,none,0.0,none,val_00-val_00_r5-lidar-r0-R0,val_00-val_00_r5-40500001-lidar_dropout-medium,validation,false,false_arrival,true,false,false,200.751,18.0782,0.0,0.0,0,,,false,40.0,0.0,40.0,0.0,0.0,0.0,0.0
7d458548-4e88-4a28-b586-2c442f76ba42,val_00,val_00_r5,40500001,lidar_dropout,medium,RP_backup,false,false,false,true,39.976,0.15850000000000009,3,backup,15.158500000000004,none,val_00-val_00_r5-lidar-r0-RP_backup,val_00-val_00_r5-40500001-lidar_dropout-medium,validation,false,timeout,true,false,false,240.727,18.2367,39.976,0.15850000000000009,3,193.087,backup,false,55.158500000000004,0.0,40.0,0.0,15.0,0.15850000000000009,0.0
737cfd52-f171-48ac-bdc7-1eaba20739e8,val_00,val_00_r5,40500001,lidar_dropout,medium,RP_controlled_stop,false,false,false,false,0.0,0.0,1,controlled_stop,0.0,none,val_00-val_00_r5-lidar-r0-RP_controlled_stop,val_00-val_00_r5-40500001-lidar_dropout-medium,validation,false,false_arrival,true,false,false,157.706,16.7937,-43.045000000000016,-1.2844999999999978,1,141.536,controlled_stop,false,40.0,0.0,40.0,0.0,0.0,0.0,0.0
f15428d5-07a8-498e-a176-54a93ddc569f,val_00,val_00_r5,40500001,lidar_dropout,medium,RP_relocalise,false,false,false,true,40.00399999999999,0.0,1,controlled_stop,15.0,none,val_00-val_00_r5-lidar-r0-RP_relocalise,val_00-val_00_r5-40500001-lidar_dropout-medium,validation,false,timeout,true,false,false,240.755,17.5906,40.00399999999999,-0.4876000000000005,1,225.425,relocalise,false,55.0,0.0,40.0,0.0,15.0,0.0,0.0
44b80b6a-43f9-4749-a3fc-6bdcd1ac99a0,val_00,val_00_r5,40500001,lidar_dropout,medium,RP_replan_clear_costmaps,false,false,false,false,39.989000000000004,0.12420000000000186,1,replan_clear_costmaps,15.124200000000002,none,val_00-val_00_r5-lidar-r0-RP_replan_clear_costmaps,val_00-val_00_r5-40500001-lidar_dropout-medium,validation,false,timeout,true,false,false,240.74,18.2024,39.989000000000004,0.12420000000000186,1,209.957,replan_clear_costmaps,false,55.1242,0.0,40.0,0.0,15.0,0.12420000000000186,0.0
a856ff98-1df6-4e86-959c-539efd846d3a,val_00,val_00_r5,40500001,lidar_dropout,medium,RP_spin_active_rescan,false,false,false,false,40.013000000000005,0.0,2,spin_active_rescan,15.0,none,val_00-val_00_r5-lidar-r0-RP_spin_active_rescan,val_00-val_00_r5-40500001-lidar_dropout-medium,validation,false,timeout,true,false,false,240.764,17.5114,40.013000000000005,-0.5668000000000006,2,195.483,spin_active_rescan,false,55.0,0.0,40.0,0.0,15.0,0.0,0.0
851e47a8-fd23-4330-ac7f-ac716114df48,val_00,val_00_r5,40500001,lidar_dropout,medium,RP_wait,false,false,false,true,0.0,0.0,1,controlled_stop,0.0,none,val_00-val_00_r5-lidar-r0-RP_wait,val_00-val_00_r5-40500001-lidar_dropout-medium,validation,false,false_arrival,true,false,false,194.133,17.4317,-6.617999999999995,-0.6464999999999996,1,163.798,wait,false,40.0,0.0,40.0,0.0,0.0,0.0,0.0
89536b48-cf0f-4ecb-acdb-75f915f1d938,val_00,val_00_r5,40500002,wheel_slip,medium,R0,false,false,false,false,0.0,0.0,0,none,24.907,spin_active_rescan,val_00-val_00_r5-wheel-r0-R0,val_00-val_00_r5-40500002-wheel_slip-medium,validation,false,false_arrival,true,false,false,181.197,17.6871,0.0,0.0,0,,,false,40.0,0.0,40.0,0.0,0.0,0.0,0.0
f110718e-bb1d-41d0-8316-74a6a55c71c3,val_00,val_00_r5,40500002,wheel_slip,medium,RP_backup,false,false,false,true,24.254999999999995,0.2002999999999986,5,backup,37.23479999999999,spin_active_rescan,val_00-val_00_r5-wheel-r0-RP_backup,val_00-val_00_r5-40500002-wheel_slip-medium,validation,false,timeout,true,false,false,205.452,17.8874,24.254999999999995,0.2002999999999986,5,148.869,backup,false,52.327799999999996,0.0,40.0,0.0,12.127499999999998,0.2002999999999986,0.0
cf043ab1-2b1a-4684-ab4c-606ec142c1c9,val_00,val_00_r5,40500002,wheel_slip,medium,RP_controlled_stop,false,false,false,false,59.581999999999994,0.6918000000000006,1,controlled_stop,40.5988,spin_active_rescan,val_00-val_00_r5-wheel-r0-RP_controlled_stop,val_00-val_00_r5-40500002-wheel_slip-medium,validation,false,timeout,true,false,false,240.779,18.3789,59.581999999999994,0.6918000000000006,1,216.522,controlled_stop,false,55.6918,0.0,40.0,0.0,15.0,0.6918000000000006,0.0
d88efd98-111b-43c5-97c5-1d6b76826837,val_00,val_00_r5,40500002,wheel_slip,medium,RP_relocalise,false,false,false,true,38.710999999999984,0.0,5,controlled_stop,39.907,spin_active_rescan,val_00-val_00_r5-wheel-r0-RP_relocalise,val_00-val_00_r5-40500002-wheel_slip-medium,validation,false,timeout,true,false,false,219.908,17.3681,38.710999999999984,-0.3190000000000026,5,160.688,relocalise,false,55.0,0.0,40.0,0.0,15.0,0.0,0.0
e3bfb766-20d8-4d0b-b1c4-1203938eb3ba,val_00,val_00_r5,40500002,wheel_slip,medium,RP_replan_clear_costmaps,false,false,false,false,0.0,0.0,1,replan_clear_costmaps,24.907,spin_active_rescan,val_00-val_00_r5-wheel-r0-RP_replan_clear_costmaps,val_00-val_00_r5-40500002-wheel_slip-medium,validation,false,false_arrival,true,false,false,175.522,17.5849,-5.675000000000011,-0.10219999999999985,1,155.977,replan_clear_costmaps,false,40.0,0.0,40.0,0.0,0.0,0.0,0.0
78dea69e-b551-4f0d-b077-23c4ea1727b5,val_00,val_00_r5,40500002,wheel_slip,medium,RP_spin_active_rescan,true,false,false,false,57.632000000000005,0.09299999999999997,2,spin_active_rescan,0.0,spin_active_rescan,val_00-val_00_r5-wheel-r0-RP_spin_active_rescan,val_00-val_00_r5-40500002-wheel_slip-medium,validation,false,success,false,false,false,238.829,17.7801,57.632000000000005,0.09299999999999997,2,192.373,spin_active_rescan,false,15.093,0.0,0.0,0.0,15.0,0.09299999999999997,0.0
5e9f3951-94ca-4cc4-afc2-dce04eb5367b,val_00,val_00_r5,40500002,wheel_slip,medium,RP_wait,false,false,false,true,58.251000000000005,0.9673999999999978,1,controlled_stop,40.874399999999994,spin_active_rescan,val_00-val_00_r5-wheel-r0-RP_wait,val_00-val_00_r5-40500002-wheel_slip-medium,validation,false,false_arrival,true,false,false,239.448,18.6545,58.251000000000005,0.9673999999999978,1,220.744,wait,false,55.9674,0.0,40.0,0.0,15.0,0.9673999999999978,0.0
949a7a1c-e606-4d7b-92b0-c8ba86e0faba,val_00,val_00_r5,40500003,localisation_perturbation,medium,R0,false,false,false,false,0.0,0.0,0,none,0.0,none,val_00-val_00_r5-localisation-r0-R0,val_00-val_00_r5-40500003-localisation_perturbation-medium,validation,false,false_arrival,true,false,false,179.754,16.9857,0.0,0.0,0,,,false,40.0,0.0,40.0,0.0,0.0,0.0,0.0
a2c37c89-ae13-46cc-b312-4630bb29133e,val_00,val_00_r5,40500003,localisation_perturbation,medium,RP_backup,false,false,false,true,60.965,0.9366999999999983,4,backup,15.936700000000002,none,val_00-val_00_r5-localisation-r0-RP_backup,val_00-val_00_r5-40500003-localisation_perturbation-medium,validation,false,timeout,true,false,false,240.719,17.9224,60.965,0.9366999999999983,4,187.893,backup,false,55.9367,0.0,40.0,0.0,15.0,0.9366999999999983,0.0
cb6ecc50-9662-44f7-ac4b-a0302fe4a1f7,val_00,val_00_r5,40500003,localisation_perturbation,medium,RP_controlled_stop,false,false,false,false,58.85000000000002,0.0,0,none,15.0,none,val_00-val_00_r5-localisation-r0-RP_controlled_stop,val_00-val_00_r5-40500003-localisation_perturbation-medium,validation,false,planner_failure,true,false,false,238.604,11.8039,58.85000000000002,-5.181800000000001,0,,controlled_stop,false,55.0,0.0,40.0,0.0,15.0,0.0,0.0
d8fb6282-edc0-4a55-a412-5fc191187c3a,val_00,val_00_r5,40500003,localisation_perturbation,medium,RP_relocalise,false,false,false,true,56.84200000000001,0.5365000000000002,1,controlled_stop,15.536500000000004,none,val_00-val_00_r5-localisation-r0-RP_relocalise,val_00-val_00_r5-40500003-localisation_perturbation-medium,validation,false,false_arrival,true,false,false,236.596,17.5222,56.84200000000001,0.5365000000000002,1,195.52,relocalise,false,55.536500000000004,0.0,40.0,0.0,15.0,0.5365000000000002,0.0
b6f1007b-19c6-4c37-ac8e-0a9054a975fe,val_00,val_00_r5,40500003,localisation_perturbation,medium,RP_replan_clear_costmaps,false,false,false,false,61.053,0.2751999999999981,1,replan_clear_costmaps,15.275199999999998,none,val_00-val_00_r5-localisation-r0-RP_replan_clear_costmaps,val_00-val_00_r5-40500003-localisation_perturbation-medium,validation,false,timeout,true,false,false,240.807,17.2609,61.053,0.2751999999999981,1,214.792,replan_clear_costmaps,false,55.2752,0.0,40.0,0.0,15.0,0.2751999999999981,0.0
9689c410-0c60-4d1c-8c9b-3aed528b8fb6,val_00,val_00_r5,40500003,localisation_perturbation,medium,RP_spin_active_rescan,false,false,false,false,60.976,0.597999999999999,1,spin_active_rescan,15.597999999999999,none,val_00-val_00_r5-localisation-r0-RP_spin_active_rescan,val_00-val_00_r5-40500003-localisation_perturbation-medium,validation,false,timeout,true,false,false,240.73,17.5837,60.976,0.597999999999999,1,217.449,spin_active_rescan,false,55.598,0.0,40.0,0.0,15.0,0.597999999999999,0.0
9d49b3f2-3357-4a1a-8649-d2bc02209809,val_00,val_00_r5,40500003,localisation_perturbation,medium,RP_wait,false,false,false,true,39.81800000000001,0.27709999999999724,1,controlled_stop,15.277099999999997,none,val_00-val_00_r5-localisation-r0-RP_wait,val_00-val_00_r5-40500003-localisation_perturbation-medium,validation,false,false_arrival,true,false,false,219.572,17.2628,39.81800000000001,0.27709999999999724,1,189.542,wait,false,55.2771,0.0,40.0,0.0,15.0,0.27709999999999724,0.0
f3b664fd-83a4-4a3c-ab7b-dcd698bdaee9,val_00,val_00_r5,40500004,dynamic_blockage,medium,R0,false,false,false,false,0.0,0.0,0,none,0.0,none,val_00-val_00_r5-blockage-r0-R0,val_00-val_00_r5-40500004-dynamic_blockage-medium,validation,false,planner_failure,true,false,false,107.473,7.5774,0.0,0.0,0,,,false,40.0,0.0,40.0,0.0,0.0,0.0,0.0
f6ed0865-6a3c-4ead-8a66-a570fb3c78ed,val_00,val_00_r5,40500004,dynamic_blockage,medium,RP_backup,false,false,false,false,133.31799999999998,2.3326000000000002,2,backup,17.3326,none,val_00-val_00_r5-blockage-r0-RP_backup,val_00-val_00_r5-40500004-dynamic_blockage-medium,validation,false,timeout,true,false,false,240.791,9.91,133.31799999999998,2.3326000000000002,2,98.366,backup,false,57.3326,0.0,40.0,0.0,15.0,2.3326000000000002,0.0
40e12cd1-4cc8-4140-bee4-883f4c1bd8f2,val_00,val_00_r5,40500004,dynamic_blockage,medium,RP_controlled_stop,false,false,false,false,107.09599999999999,1.6789999999999994,2,controlled_stop,16.679000000000002,none,val_00-val_00_r5-blockage-r0-RP_controlled_stop,val_00-val_00_r5-40500004-dynamic_blockage-medium,validation,false,planner_failure,true,false,false,214.569,9.2564,107.09599999999999,1.6789999999999994,2,86.342,controlled_stop,false,56.679,0.0,40.0,0.0,15.0,1.6789999999999994,0.0
01f13e8a-651e-41e4-9f1b-ff5f0c3bde98,val_00,val_00_r5,40500004,dynamic_blockage,medium,RP_relocalise,false,false,false,false,65.16799999999999,1.3320999999999996,0,none,16.332099999999997,none,val_00-val_00_r5-blockage-r0-RP_relocalise,val_00-val_00_r5-40500004-dynamic_blockage-medium,validation,false,planner_failure,true,false,false,172.641,8.9095,65.16799999999999,1.3320999999999996,0,,relocalise,false,56.3321,0.0,40.0,0.0,15.0,1.3320999999999996,0.0
55a98568-e6b6-4c91-aca2-738952434f16,val_00,val_00_r5,40500004,dynamic_blockage,medium,RP_replan_clear_costmaps,false,false,false,true,64.58999999999999,0.2624000000000004,5,replan_clear_costmaps,15.2624,none,val_00-val_00_r5-blockage-r0-RP_replan_clear_costmaps,val_00-val_00_r5-40500004-dynamic_blockage-medium,validation,false,timeout,true,false,false,172.063,7.8398,64.58999999999999,0.2624000000000004,5,95.152,replan_clear_costmaps,false,55.2624,0.0,40.0,0.0,15.0,0.2624000000000004,0.0
04f5b58b-4eca-40ab-95cc-414064b3a0cd,val_00,val_00_r5,40500004,dynamic_blockage,medium,RP_spin_active_rescan,false,false,false,false,133.23399999999998,1.7551999999999994,1,spin_active_rescan,16.755200000000002,none,val_00-val_00_r5-blockage-r0-RP_spin_active_rescan,val_00-val_00_r5-40500004-dynamic_blockage-medium,validation,false,timeout,true,false,false,240.707,9.3326,133.23399999999998,1.7551999999999994,1,132.327,spin_active_rescan,false,56.7552,0.0,40.0,0.0,15.0,1.7551999999999994,0.0
e6c673cc-0743-48b0-8193-26a42bf9ff2b,val_00,val_00_r5,40500004,dynamic_blockage,medium,RP_wait,false,false,false,false,133.31599999999997,0.0,0,none,15.0,none,val_00-val_00_r5-blockage-r0-RP_wait,val_00-val_00_r5-40500004-dynamic_blockage-medium,validation,false,timeout,true,false,false,240.789,3.2415,133.31599999999997,-4.3359000000000005,0,,wait,false,55.0,0.0,40.0,0.0,15.0,0.0,0.0
f4f53810-1c20-4822-918a-8c57b6715017,val_00,val_00_r5,40500005,planner_oscillation,medium,R0,false,false,false,false,0.0,0.0,0,none,0.0,none,val_00-val_00_r5-oscillation-r0-R0,val_00-val_00_r5-40500005-planner_oscillation-medium,validation,false,planner_failure,true,false,false,209.85,4.143,0.0,0.0,0,,,false,40.0,0.0,40.0,0.0,0.0,0.0,0.0
4e548e82-daee-42b6-a6bf-ea4f609ee4e2,val_00,val_00_r5,40500005,planner_oscillation,medium,RP_backup,false,false,false,false,0.0,0.0,0,none,0.0,none,val_00-val_00_r5-oscillation-r0-RP_backup,val_00-val_00_r5-40500005-planner_oscillation-medium,validation,false,planner_failure,true,false,false,174.287,4.0934,-35.56299999999999,-0.049599999999999866,0,,backup,false,40.0,0.0,40.0,0.0,0.0,0.0,0.0
ff40c958-f8f4-4b13-bafb-82d4f12c566c,val_00,val_00_r5,40500005,planner_oscillation,medium,RP_controlled_stop,false,false,false,true,0.0,2.8852,5,controlled_stop,2.8851999999999975,none,val_00-val_00_r5-oscillation-r0-RP_controlled_stop,val_00-val_00_r5-40500005-planner_oscillation-medium,validation,false,timeout,true,false,false,137.316,7.0282,-72.53399999999999,2.8852,5,86.952,controlled_stop,false,42.8852,0.0,40.0,0.0,0.0,2.8852,0.0
c9b5c4ed-3a88-4d6a-bb75-89cf793b6b11,val_00,val_00_r5,40500005,planner_oscillation,medium,RP_relocalise,false,false,false,true,0.0,3.1155,5,controlled_stop,3.1154999999999973,none,val_00-val_00_r5-oscillation-r0-RP_relocalise,val_00-val_00_r5-40500005-planner_oscillation-medium,validation,false,timeout,true,false,false,137.434,7.2585,-72.416,3.1155,5,89.348,relocalise,false,43.1155,0.0,40.0,0.0,0.0,3.1155,0.0
04471479-59d3-4365-8d58-3e5ae3277ca0,val_00,val_00_r5,40500005,planner_oscillation,medium,RP_replan_clear_costmaps,false,false,false,true,0.0,3.2474,5,replan_clear_costmaps,3.247399999999999,none,val_00-val_00_r5-oscillation-r0-RP_replan_clear_costmaps,val_00-val_00_r5-40500005-planner_oscillation-medium,validation,false,timeout,true,false,false,133.834,7.3904,-76.01599999999999,3.2474,5,85.584,replan_clear_costmaps,false,43.2474,0.0,40.0,0.0,0.0,3.2474,0.0
556ddd82-d3e0-470f-8b97-ded99e8a6c4a,val_00,val_00_r5,40500005,planner_oscillation,medium,RP_spin_active_rescan,false,false,false,true,1.5109999999999957,5.215000000000001,5,spin_active_rescan,5.970500000000001,none,val_00-val_00_r5-oscillation-r0-RP_spin_active_rescan,val_00-val_00_r5-40500005-planner_oscillation-medium,validation,false,timeout,true,false,false,211.361,9.358,1.5109999999999957,5.215000000000001,5,156.892,spin_active_rescan,false,45.9705,0.0,40.0,0.0,0.7554999999999978,5.215000000000001,0.0
9c1ab18f-9601-4a0c-a560-194bfa2bb852,val_00,val_00_r5,40500005,planner_oscillation,medium,RP_wait,false,false,false,true,0.0,3.2027,5,controlled_stop,3.2027,none,val_00-val_00_r5-oscillation-r0-RP_wait,val_00-val_00_r5-40500005-planner_oscillation-medium,validation,false,timeout,true,false,false,138.948,7.3457,-70.90199999999999,3.2027,5,88.568,wait,false,43.2027,0.0,40.0,0.0,0.0,3.2027,0.0
6054430f-d913-471d-a46a-1a1b5c3bfa19,val_00,val_00_r5,40500006,semantic_corruption,medium,R0,false,false,false,false,0.0,0.0,0,none,40.0,none,val_00-val_00_r5-semantic-r0-R0,val_00-val_00_r5-40500006-semantic_corruption-medium,validation,false,timeout,true,false,false,240.757,18.0533,0.0,0.0,0,,,false,40.0,0.0,40.0,0.0,0.0,0.0,0.0
a031e4b3-8f07-41e3-8f83-6dadfd586a3f,val_00,val_00_r5,40500006,semantic_corruption,medium,RP_backup,false,false,false,false,0.0,0.0,0,none,40.0,none,val_00-val_00_r5-semantic-r0-RP_backup,val_00-val_00_r5-40500006-semantic_corruption-medium,validation,false,planner_failure,true,false,false,155.355,5.035,-85.40200000000002,-13.0183,0,,backup,false,40.0,0.0,40.0,0.0,0.0,0.0,0.0
d826d9c6-b8aa-4a84-9ffd-a7af84a5bd9a,val_00,val_00_r5,40500006,semantic_corruption,medium,RP_controlled_stop,false,false,false,false,0.0,0.5832000000000015,0,none,40.583200000000005,none,val_00-val_00_r5-semantic-r0-RP_controlled_stop,val_00-val_00_r5-40500006-semantic_corruption-medium,validation,false,false_arrival,true,false,false,224.818,18.6365,-15.938999999999993,0.5832000000000015,0,,controlled_stop,false,40.583200000000005,0.0,40.0,0.0,0.0,0.5832000000000015,0.0
15b26cee-22b4-4ccd-ac25-d975e312e6e7,val_00,val_00_r5,40500006,semantic_corruption,medium,RP_relocalise,true,false,false,false,0.0,0.0,0,none,0.0,none,val_00-val_00_r5-semantic-r0-RP_relocalise,val_00-val_00_r5-40500006-semantic_corruption-medium,validation,false,success,false,false,false,150.446,16.983,-90.311,-1.0702999999999996,0,,relocalise,false,0.0,0.0,0.0,0.0,0.0,0.0,0.0
1471cb86-0f0d-4646-819c-e21901cd4077,val_00,val_00_r5,40500006,semantic_corruption,medium,RP_replan_clear_costmaps,false,false,false,false,0.0,0.0,0,none,40.0,none,val_00-val_00_r5-semantic-r0-RP_replan_clear_costmaps,val_00-val_00_r5-40500006-semantic_corruption-medium,validation,false,false_arrival,true,false,false,197.863,17.2558,-42.894000000000005,-0.7974999999999994,0,,replan_clear_costmaps,false,40.0,0.0,40.0,0.0,0.0,0.0,0.0
1044e771-a1f3-4161-a8c5-210e53e552fd,val_00,val_00_r5,40500006,semantic_corruption,medium,RP_spin_active_rescan,false,false,false,false,0.0,0.0,0,none,40.0,none,val_00-val_00_r5-semantic-r0-RP_spin_active_rescan,val_00-val_00_r5-40500006-semantic_corruption-medium,validation,false,false_arrival,true,false,false,160.098,17.1835,-80.65899999999999,-0.8698000000000015,0,,spin_active_rescan,false,40.0,0.0,40.0,0.0,0.0,0.0,0.0
708a0c8a-0d00-4bf8-bc2a-478e29536844,val_00,val_00_r5,40500006,semantic_corruption,medium,RP_wait,false,false,false,false,0.0,0.0,0,none,40.0,none,val_00-val_00_r5-semantic-r0-RP_wait,val_00-val_00_r5-40500006-semantic_corruption-medium,validation,false,false_arrival,true,false,false,201.561,17.7771,-39.196,-0.27619999999999933,0,,wait,false,40.0,0.0,40.0,0.0,0.0,0.0,0.0
8136e436-830f-49ab-bc7c-5711a2dbdb01,val_01,val_01_r0,41000000,camera_occlusion,medium,R0,true,false,false,false,0.0,0.0,0,none,0.0,none,val_01-val_01_r0-camera-r0-R0,val_01-val_01_r0-41000000-camera_occlusion-medium,validation,false,success,false,false,false,23.859,3.2662,0.0,0.0,0,,,false,0.0,0.0,0.0,0.0,0.0,0.0,0.0
fcec81fc-2090-4fc5-883d-43484b10108d,val_01,val_01_r0,41000000,camera_occlusion,medium,RP_backup,true,false,false,false,0.0,0.0,0,none,0.0,none,val_01-val_01_r0-camera-r0-RP_backup,val_01-val_01_r0-41000000-camera_occlusion-medium,validation,false,success,false,false,false,22.927,3.2597,-0.9320000000000022,-0.00649999999999995,0,,backup,false,0.0,0.0,0.0,0.0,0.0,0.0,0.0
4c57bbff-2a47-435d-bd40-cfeeeb8258f6,val_01,val_01_r0,41000000,camera_occlusion,medium,RP_controlled_stop,true,false,false,false,0.0,0.0,0,none,0.0,none,val_01-val_01_r0-camera-r0-RP_controlled_stop,val_01-val_01_r0-41000000-camera_occlusion-medium,validation,false,success,false,false,false,23.373,3.2354,-0.48600000000000065,-0.03080000000000016,0,,controlled_stop,false,0.0,0.0,0.0,0.0,0.0,0.0,0.0
85f46a97-7fa9-4030-896e-38b16b878fec,val_01,val_01_r0,41000000,camera_occlusion,medium,RP_relocalise,true,false,false,false,0.8869999999999969,0.0,0,none,0.44349999999999845,none,val_01-val_01_r0-camera-r0-RP_relocalise,val_01-val_01_r0-41000000-camera_occlusion-medium,validation,false,success,false,false,false,24.746,3.2086,0.8869999999999969,-0.057599999999999874,0,,relocalise,false,0.44349999999999845,0.0,0.0,0.0,0.44349999999999845,0.0,0.0
aebb54d1-7185-4c5c-a997-2d7d61b650c3,val_01,val_01_r0,41000000,camera_occlusion,medium,RP_replan_clear_costmaps,true,false,false,false,1.411999999999999,0.004100000000000215,1,replan_clear_costmaps,5.7101,none,val_01-val_01_r0-camera-r0-RP_replan_clear_costmaps,val_01-val_01_r0-41000000-camera_occlusion-medium,validation,false,success,false,false,true,25.271,3.2703,1.411999999999999,0.004100000000000215,1,39.008,replan_clear_costmaps,false,5.7101,0.0,0.0,0.0,0.7059999999999995,0.004100000000000215,5.0
f1275aee-997b-4bd3-aeef-993858e272c6,val_01,val_01_r0,41000000,camera_occlusion,medium,RP_spin_active_rescan,true,false,false,false,0.0,0.0,0,none,0.0,none,val_01-val_01_r0-camera-r0-RP_spin_active_rescan,val_01-val_01_r0-41000000-camera_occlusion-medium,validation,false,success,false,false,false,23.16,3.2119,-0.6990000000000016,-0.054300000000000015,0,,spin_active_rescan,false,0.0,0.0,0.0,0.0,0.0,0.0,0.0
ac790572-6a94-47b4-bdd0-ee40b9153d18,val_01,val_01_r0,41000000,camera_occlusion,medium,RP_wait,true,false,false,false,0.0,0.0026000000000001577,0,none,0.0026000000000001577,none,val_01-val_01_r0-camera-r0-RP_wait,val_01-val_01_r0-41000000-camera_occlusion-medium,validation,false,success,false,false,false,23.268,3.2688,-0.5910000000000011,0.0026000000000001577,0,,wait,false,0.0026000000000001577,0.0,0.0,0.0,0.0,0.0026000000000001577,0.0
78618bec-4067-426f-bbe9-f9139e192bd9,val_01,val_01_r0,41000001,lidar_dropout,medium,R0,true,false,false,false,0.0,0.0,0,none,0.0,none,val_01-val_01_r0-lidar-r0-R0,val_01-val_01_r0-41000001-lidar_dropout-medium,validation,false,success,false,false,false,24.236,3.1897,0.0,0.0,0,,,false,0.0,0.0,0.0,0.0,0.0,0.0,0.0
eb820718-c22b-47b1-8566-4d595e4ea8ba,val_01,val_01_r0,41000001,lidar_dropout,medium,RP_backup,true,false,false,true,0.0,0.01499999999999968,2,controlled_stop,5.015,none,val_01-val_01_r0-lidar-r0-RP_backup,val_01-val_01_r0-41000001-lidar_dropout-medium,validation,false,success,false,false,true,22.492,3.2047,-1.7439999999999998,0.01499999999999968,2,22.869000000000003,backup,false,5.015,0.0,0.0,0.0,0.0,0.01499999999999968,5.0
8f455687-f6d8-4f51-8885-c2f713bfc238,val_01,val_01_r0,41000001,lidar_dropout,medium,RP_controlled_stop,true,false,false,false,0.0,0.006899999999999906,2,controlled_stop,5.0069,none,val_01-val_01_r0-lidar-r0-RP_controlled_stop,val_01-val_01_r0-41000001-lidar_dropout-medium,validation,false,success,false,false,true,23.658,3.1966,-0.5779999999999994,0.006899999999999906,2,22.398,controlled_stop,false,5.0069,0.0,0.0,0.0,0.0,0.006899999999999906,5.0
1774079d-8703-403e-9bec-6ef66ab247a2,val_01,val_01_r0,41000001,lidar_dropout,medium,RP_relocalise,true,false,false,true,0.0,0.012399999999999967,2,controlled_stop,5.0123999999999995,none,val_01-val_01_r0-lidar-r0-RP_relocalise,val_01-val_01_r0-41000001-lidar_dropout-medium,validation,false,success,false,false,true,21.757,3.2021,-2.478999999999999,0.012399999999999967,2,22.221,relocalise,false,5.0123999999999995,0.0,0.0,0.0,0.0,0.012399999999999967,5.0
b22dfb3a-1b82-4d5c-b17a-dda3adf98e15,val_01,val_01_r0,41000001,lidar_dropout,medium,RP_replan_clear_costmaps,true,false,false,false,0.0,0.004899999999999682,2,replan_clear_costmaps,5.004899999999999,none,val_01-val_01_r0-lidar-r0-RP_replan_clear_costmaps,val_01-val_01_r0-41000001-lidar_dropout-medium,validation,false,success,false,false,true,23.355,3.1946,-0.8810000000000002,0.004899999999999682,2,22.996,replan_clear_costmaps,false,5.004899999999999,0.0,0.0,0.0,0.0,0.004899999999999682,5.0
7a0c55e9-c1d5-46ef-af6d-4beee8a95061,val_01,val_01_r0,41000001,lidar_dropout,medium,RP_spin_active_rescan,false,false,false,true,40.98299999999999,0.0,5,spin_active_rescan,60.0,none,val_01-val_01_r0-lidar-r0-RP_spin_active_rescan,val_01-val_01_r0-41000001-lidar_dropout-medium,validation,false,timeout,true,false,true,65.219,2.503,40.98299999999999,-0.6867000000000001,5,22.826,spin_active_rescan,false,60.0,0.0,40.0,0.0,15.0,0.0,5.0
3a8567a9-ea73-4e1e-ad46-56362d2d2270,val_01,val_01_r0,41000001,lidar_dropout,medium,RP_wait,false,false,false,true,0.0,0.0,2,controlled_stop,45.0,none,val_01-val_01_r0-lidar-r0-RP_wait,val_01-val_01_r0-41000001-lidar_dropout-medium,validation,false,false_arrival,true,false,true,23.468,3.1768,-0.7680000000000007,-0.012900000000000134,2,22.149,wait,false,45.0,0.0,40.0,0.0,0.0,0.0,5.0
25d25b26-2178-4c34-8f08-503a761c59ed,val_01,val_01_r0,41000002,wheel_slip,medium,R0,true,false,false,false,0.0,0.0,0,none,0.0,none,val_01-val_01_r0-wheel-r0-R0,val_01-val_01_r0-41000002-wheel_slip-medium,validation,false,success,false,false,false,23.455,3.2123,0.0,0.0,0,,,false,0.0,0.0,0.0,0.0,0.0,0.0,0.0
0bddad70-6cd8-4107-87ae-8354958cb346,val_01,val_01_r0,41000002,wheel_slip,medium,RP_backup,true,false,false,false,6.3210000000000015,0.5527000000000002,1,backup,8.7132,none,val_01-val_01_r0-wheel-r0-RP_backup,val_01-val_01_r0-41000002-wheel_slip-medium,validation,false,success,false,false,true,29.776,3.765,6.3210000000000015,0.5527000000000002,1,26.074,backup,false,8.7132,0.0,0.0,0.0,3.1605000000000008,0.5527000000000002,5.0
ccddac0e-749b-447e-81e5-4d7c97db1105,val_01,val_01_r0,41000002,wheel_slip,medium,RP_controlled_stop,true,false,false,false,0.0,0.031400000000000095,1,controlled_stop,5.0314,none,val_01-val_01_r0-wheel-r0-RP_controlled_stop,val_01-val_01_r0-41000002-wheel_slip-medium,validation,false,success,false,false,true,23.33,3.2437,-0.125,0.031400000000000095,1,25.222,controlled_stop,false,5.0314,0.0,0.0,0.0,0.0,0.031400000000000095,5.0
a81c596a-d434-4268-bf58-471453a3f518,val_01,val_01_r0,41000002,wheel_slip,medium,RP_relocalise,true,false,false,true,0.0,0.011800000000000033,1,controlled_stop,5.0118,none,val_01-val_01_r0-wheel-r0-RP_relocalise,val_01-val_01_r0-41000002-wheel_slip-medium,validation,false,success,false,false,true,22.001,3.2241,-1.453999999999997,0.011800000000000033,1,25.168,relocalise,false,5.0118,0.0,0.0,0.0,0.0,0.011800000000000033,5.0
5a8166d1-91de-4a65-8d35-37b9c07221e6,val_01,val_01_r0,41000002,wheel_slip,medium,RP_replan_clear_costmaps,true,false,false,false,0.0,0.0024999999999999467,1,replan_clear_costmaps,5.0024999999999995,none,val_01-val_01_r0-wheel-r0-RP_replan_clear_costmaps,val_01-val_01_r0-41000002-wheel_slip-medium,validation,false,success,false,false,true,23.145,3.2148,-0.3099999999999987,0.0024999999999999467,1,26.055,replan_clear_costmaps,false,5.0024999999999995,0.0,0.0,0.0,0.0,0.0024999999999999467,5.0
59c43ab8-66e0-44f1-a330-4e71a9ca1aed,val_01,val_01_r0,41000002,wheel_slip,medium,RP_spin_active_rescan,true,false,false,false,24.179000000000002,0.4247000000000001,1,spin_active_rescan,17.514200000000002,none,val_01-val_01_r0-wheel-r0-RP_spin_active_rescan,val_01-val_01_r0-41000002-wheel_slip-medium,validation,false,success,false,false,true,47.634,3.637,24.179000000000002,0.4247000000000001,1,26.832,spin_active_rescan,false,17.514200000000002,0.0,0.0,0.0,12.089500000000001,0.4247000000000001,5.0
56a64c25-3db2-4b51-b282-e83602c06b50,val_01,val_01_r0,41000002,wheel_slip,medium,RP_wait,true,false,false,true,0.0,0.0032999999999998586,1,controlled_stop,5.003299999999999,none,val_01-val_01_r0-wheel-r0-RP_wait,val_01-val_01_r0-41000002-wheel_slip-medium,validation,false,success,false,false,true,21.572,3.2156,-1.8829999999999991,0.0032999999999998586,1,24.943,wait,false,5.003299999999999,0.0,0.0,0.0,0.0,0.0032999999999998586,5.0
b28b39f2-9c58-4ad7-bfc4-51aa4edd1ff1,val_01,val_01_r0,41000003,localisation_perturbation,medium,R0,true,false,false,false,0.0,0.0,0,none,0.0,none,val_01-val_01_r0-localisation-r0-R0,val_01-val_01_r0-41000003-localisation_perturbation-medium,validation,false,success,false,false,false,24.293,3.4156,0.0,0.0,0,,,false,0.0,0.0,0.0,0.0,0.0,0.0,0.0
2b1d9e8b-a97a-48e8-88e4-4bdd68bfff7b,val_01,val_01_r0,41000003,localisation_perturbation,medium,RP_backup,true,false,false,false,0.0,0.0,0,none,0.0,none,val_01-val_01_r0-localisation-r0-RP_backup,val_01-val_01_r0-41000003-localisation_perturbation-medium,validation,false,success,false,false,false,23.234,3.3525,-1.0589999999999975,-0.06309999999999993,0,,backup,false,0.0,0.0,0.0,0.0,0.0,0.0,0.0
9801974f-97a3-468d-a1e9-3fa01f2b8e24,val_01,val_01_r0,41000003,localisation_perturbation,medium,RP_controlled_stop,true,false,false,false,2.379999999999999,0.0,0,none,1.1899999999999995,none,val_01-val_01_r0-localisation-r0-RP_controlled_stop,val_01-val_01_r0-41000003-localisation_perturbation-medium,validation,false,success,false,false,false,26.673,3.3761,2.379999999999999,-0.03949999999999987,0,,controlled_stop,false,1.1899999999999995,0.0,0.0,0.0,1.1899999999999995,0.0,0.0
20e378a3-3c88-4d46-a895-1ca0a8e7c669,val_01,val_01_r0,41000003,localisation_perturbation,medium,RP_relocalise,true,false,false,false,0.0,0.0,0,none,0.0,none,val_01-val_01_r0-localisation-r0-RP_relocalise,val_01-val_01_r0-41000003-localisation_perturbation-medium,validation,false,success,false,false,false,24.191,3.3877,-0.10200000000000031,-0.027899999999999814,0,,relocalise,false,0.0,0.0,0.0,0.0,0.0,0.0,0.0
e48880d0-ba23-49ee-a36d-b8719da329a5,val_01,val_01_r0,41000003,localisation_perturbation,medium,RP_replan_clear_costmaps,true,false,false,false,0.0,0.0,0,none,0.0,none,val_01-val_01_r0-localisation-r0-RP_replan_clear_costmaps,val_01-val_01_r0-41000003-localisation_perturbation-medium,validation,false,success,false,false,false,23.502,3.4081,-0.7910000000000004,-0.00749999999999984,0,,replan_clear_costmaps,false,0.0,0.0,0.0,0.0,0.0,0.0,0.0
f0131676-0fb3-499a-93d5-cfe115a86492,val_01,val_01_r0,41000003,localisation_perturbation,medium,RP_spin_active_rescan,true,false,false,false,0.8490000000000002,0.0,0,none,0.4245000000000001,none,val_01-val_01_r0-localisation-r0-RP_spin_active_rescan,val_01-val_01_r0-41000003-localisation_perturbation-medium,validation,false,success,false,false,false,25.142,3.3968,0.8490000000000002,-0.01880000000000015,0,,spin_active_rescan,false,0.4245000000000001,0.0,0.0,0.0,0.4245000000000001,0.0,0.0
aa887c85-a2c7-4382-94d4-29b981704055,val_01,val_01_r0,41000003,localisation_perturbation,medium,RP_wait,true,false,false,false,0.23799999999999955,0.0,0,none,0.11899999999999977,none,val_01-val_01_r0-localisation-r0-RP_wait,val_01-val_01_r0-41000003-localisation_perturbation-medium,validation,false,success,false,false,false,24.531,3.3943,0.23799999999999955,-0.021300000000000097,0,,wait,false,0.11899999999999977,0.0,0.0,0.0,0.11899999999999977,0.0,0.0
d99671ab-78e2-478c-b89f-22062e9d5ff4,val_01,val_01_r0,41000004,dynamic_blockage,medium,R0,true,false,false,false,0.0,0.0,0,none,0.0,none,val_01-val_01_r0-blockage-r0-R0-infra-replacement-001,val_01-val_01_r0-41000004-dynamic_blockage-medium,validation,false,success,false,false,false,90.694,5.456,0.0,0.0,0,,,false,0.0,0.0,0.0,0.0,0.0,0.0,0.0
a5fce3b2-748a-4d96-a1a9-fa4345dbd519,val_01,val_01_r0,41000004,dynamic_blockage,medium,RP_backup,false,false,false,false,150.041,0.3769,2,backup,60.3769,none,val_01-val_01_r0-blockage-r0-RP_backup,val_01-val_01_r0-41000004-dynamic_blockage-medium,validation,false,timeout,true,false,true,240.735,5.8329,150.041,0.3769,2,63.278,backup,false,60.3769,0.0,40.0,0.0,15.0,0.3769,5.0
d6b80db9-93ef-4502-b669-b7e1569bcc33,val_01,val_01_r0,41000004,dynamic_blockage,medium,RP_controlled_stop,false,false,false,false,150.06900000000002,0.0,0,none,55.0,none,val_01-val_01_r0-blockage-r0-RP_controlled_stop,val_01-val_01_r0-41000004-dynamic_blockage-medium,validation,false,timeout,true,false,false,240.763,5.3356,150.06900000000002,-0.12040000000000006,0,,controlled_stop,false,55.0,0.0,40.0,0.0,15.0,0.0,0.0
66903a7d-0b3d-43c4-be4b-4b3aac3280e6,val_01,val_01_r0,41000004,dynamic_blockage,medium,RP_relocalise,false,false,false,false,150.043,0.0,0,none,55.0,none,val_01-val_01_r0-blockage-r0-RP_relocalise,val_01-val_01_r0-41000004-dynamic_blockage-medium,validation,false,timeout,true,false,false,240.737,3.9313,150.043,-1.5247000000000006,0,,relocalise,false,55.0,0.0,40.0,0.0,15.0,0.0,0.0
83820551-b2da-496d-9aae-4f55a530d6cd,val_01,val_01_r0,41000004,dynamic_blockage,medium,RP_replan_clear_costmaps,false,false,false,false,150.09199999999998,1.6948999999999996,2,replan_clear_costmaps,61.6949,none,val_01-val_01_r0-blockage-r0-RP_replan_clear_costmaps,val_01-val_01_r0-41000004-dynamic_blockage-medium,validation,false,timeout,true,false,true,240.786,7.1509,150.09199999999998,1.6948999999999996,2,66.578,replan_clear_costmaps,false,61.6949,0.0,40.0,0.0,15.0,1.6948999999999996,5.0
9177a13a-18cb-4a90-a19d-6058b37fe904,val_01,val_01_r0,41000004,dynamic_blockage,medium,RP_spin_active_rescan,false,false,false,true,94.866,0.43979999999999997,3,spin_active_rescan,60.4398,none,val_01-val_01_r0-blockage-r0-RP_spin_active_rescan,val_01-val_01_r0-41000004-dynamic_blockage-medium,validation,false,timeout,true,false,true,185.56,5.8958,94.866,0.43979999999999997,3,69.812,spin_active_rescan,false,60.4398,0.0,40.0,0.0,15.0,0.43979999999999997,5.0
3d4ab78b-fa45-46e1-844d-5cfc86c9fc13,val_01,val_01_r0,41000004,dynamic_blockage,medium,RP_wait,false,false,false,true,98.085,1.0679999999999996,3,controlled_stop,61.068,none,val_01-val_01_r0-blockage-r0-RP_wait,val_01-val_01_r0-41000004-dynamic_blockage-medium,validation,false,timeout,true,false,true,188.779,6.524,98.085,1.0679999999999996,3,67.882,wait,false,61.068,0.0,40.0,0.0,15.0,1.0679999999999996,5.0
1920dc0a-4ad0-4015-a749-5e03dc94cc83,val_01,val_01_r0,41000005,planner_oscillation,medium,R0,false,false,false,false,0.0,0.0,0,none,40.0,none,val_01-val_01_r0-oscillation-r0-R0,val_01-val_01_r0-41000005-planner_oscillation-medium,validation,false,false_arrival,true,false,false,129.653,6.7108,0.0,0.0,0,,,false,40.0,0.0,40.0,0.0,0.0,0.0,0.0
14089f79-27d2-4471-a7f7-6b47f9605f74,val_01,val_01_r0,41000005,planner_oscillation,medium,RP_backup,false,false,false,false,0.0,0.0,0,none,40.0,none,val_01-val_01_r0-oscillation-r0-RP_backup,val_01-val_01_r0-41000005-planner_oscillation-medium,validation,false,false_arrival,true,false,false,86.907,6.1513,-42.745999999999995,-0.5594999999999999,0,,backup,false,40.0,0.0,40.0,0.0,0.0,0.0,0.0
02f7351d-2994-4c08-a1d0-a3d18ff58d80,val_01,val_01_r0,41000005,planner_oscillation,medium,RP_controlled_stop,true,false,false,false,8.543000000000006,0.1482000000000001,0,none,4.419700000000003,none,val_01-val_01_r0-oscillation-r0-RP_controlled_stop,val_01-val_01_r0-41000005-planner_oscillation-medium,validation,false,success,false,false,false,138.196,6.859,8.543000000000006,0.1482000000000001,0,,controlled_stop,false,4.419700000000003,0.0,0.0,0.0,4.271500000000003,0.1482000000000001,0.0
9e983278-1c02-4768-b50b-959ffd593d41,val_01,val_01_r0,41000005,planner_oscillation,medium,RP_relocalise,true,false,false,true,0.0,0.0,0,none,20.0,none,val_01-val_01_r0-oscillation-r0-RP_relocalise,val_01-val_01_r0-41000005-planner_oscillation-medium,validation,false,success,false,true,false,89.637,6.1423,-40.01599999999999,-0.5685000000000002,1,89.521,relocalise,false,20.0,0.0,0.0,20.0,0.0,0.0,0.0
bfb7f522-56b5-452e-bca7-3625606a5e49,val_01,val_01_r0,41000005,planner_oscillation,medium,RP_replan_clear_costmaps,true,false,false,false,32.527000000000015,1.8629000000000007,0,none,16.8629,none,val_01-val_01_r0-oscillation-r0-RP_replan_clear_costmaps,val_01-val_01_r0-41000005-planner_oscillation-medium,validation,false,success,false,false,false,162.18,8.5737,32.527000000000015,1.8629000000000007,0,,replan_clear_costmaps,false,16.8629,0.0,0.0,0.0,15.0,1.8629000000000007,0.0
74b506ba-e018-415e-b5fd-9c17fd845d8a,val_01,val_01_r0,41000005,planner_oscillation,medium,RP_spin_active_rescan,true,false,false,false,18.055000000000007,0.9012000000000002,1,spin_active_rescan,9.928700000000003,none,val_01-val_01_r0-oscillation-r0-RP_spin_active_rescan,val_01-val_01_r0-41000005-planner_oscillation-medium,validation,false,success,false,false,false,147.708,7.612,18.055000000000007,0.9012000000000002,2,123.902,spin_active_rescan,false,9.928700000000003,0.0,0.0,0.0,9.027500000000003,0.9012000000000002,0.0
e28f22e0-4b07-433c-b5a7-c8899d10e01c,val_01,val_01_r0,41000005,planner_oscillation,medium,RP_wait,true,false,false,false,0.0,0.0,0,none,0.0,none,val_01-val_01_r0-oscillation-r0-RP_wait,val_01-val_01_r0-41000005-planner_oscillation-medium,validation,false,success,false,false,false,88.315,6.3406,-41.337999999999994,-0.37019999999999964,0,,wait,false,0.0,0.0,0.0,0.0,0.0,0.0,0.0
efb5dc7f-9ac1-48e8-86a2-0f6e4a62c975,val_01,val_01_r0,41000006,semantic_corruption,medium,R0,true,false,false,false,0.0,0.0,0,none,0.0,none,val_01-val_01_r0-semantic-r0-R0,val_01-val_01_r0-41000006-semantic_corruption-medium,validation,false,success,false,false,false,21.186,3.2448,0.0,0.0,0,,,false,0.0,0.0,0.0,0.0,0.0,0.0,0.0
a5341aff-c6a5-44b7-afa1-1c8476ac2aed,val_01,val_01_r0,41000006,semantic_corruption,medium,RP_backup,true,false,false,false,0.0,0.0,0,none,0.0,none,val_01-val_01_r0-semantic-r0-RP_backup,val_01-val_01_r0-41000006-semantic_corruption-medium,validation,false,success,false,false,false,21.018,3.217,-0.16799999999999926,-0.027800000000000047,0,,backup,false,0.0,0.0,0.0,0.0,0.0,0.0,0.0
27a503dc-bb37-4df3-9a2d-c002259db135,val_01,val_01_r0,41000006,semantic_corruption,medium,RP_controlled_stop,true,false,false,false,0.0,0.0,0,none,0.0,none,val_01-val_01_r0-semantic-r0-RP_controlled_stop,val_01-val_01_r0-41000006-semantic_corruption-medium,validation,false,success,false,false,false,21.015,3.2159,-0.17099999999999937,-0.028900000000000148,0,,controlled_stop,false,0.0,0.0,0.0,0.0,0.0,0.0,0.0
1f129a64-b48b-4bc3-b5bb-f9c6c6f3fa78,val_01,val_01_r0,41000006,semantic_corruption,medium,RP_relocalise,true,false,false,false,0.030999999999998806,0.0,0,none,0.015499999999999403,none,val_01-val_01_r0-semantic-r0-RP_relocalise,val_01-val_01_r0-41000006-semantic_corruption-medium,validation,false,success,false,false,false,21.217,3.2398,0.030999999999998806,-0.0050000000000003375,0,,relocalise,false,0.015499999999999403,0.0,0.0,0.0,0.015499999999999403,0.0,0.0
7bff66a8-ed7e-441e-a399-d93f815db998,val_01,val_01_r0,41000006,semantic_corruption,medium,RP_replan_clear_costmaps,true,false,false,false,0.03399999999999892,0.0,0,none,0.01699999999999946,none,val_01-val_01_r0-semantic-r0-RP_replan_clear_costmaps,val_01-val_01_r0-41000006-semantic_corruption-medium,validation,false,success,false,false,false,21.22,3.2281,0.03399999999999892,-0.01670000000000016,0,,replan_clear_costmaps,false,0.01699999999999946,0.0,0.0,0.0,0.01699999999999946,0.0,0.0
2a87f28b-90b9-48d8-8086-1628c2b9e503,val_01,val_01_r0,41000006,semantic_corruption,medium,RP_spin_active_rescan,true,false,false,false,0.04400000000000048,0.015800000000000036,0,none,0.03780000000000028,none,val_01-val_01_r0-semantic-r0-RP_spin_active_rescan,val_01-val_01_r0-41000006-semantic_corruption-medium,validation,false,success,false,false,false,21.23,3.2606,0.04400000000000048,0.015800000000000036,0,,spin_active_rescan,false,0.03780000000000028,0.0,0.0,0.0,0.02200000000000024,0.015800000000000036,0.0
f99116e7-a0c0-4096-a15d-33ee0cf809ec,val_01,val_01_r0,41000006,semantic_corruption,medium,RP_wait,true,false,false,false,0.0,0.0,0,none,0.0,none,val_01-val_01_r0-semantic-r0-RP_wait,val_01-val_01_r0-41000006-semantic_corruption-medium,validation,false,success,false,false,false,21.009,3.2175,-0.1769999999999996,-0.027300000000000324,0,,wait,false,0.0,0.0,0.0,0.0,0.0,0.0,0.0
618b1172-4de2-44e4-920a-130e092753e4,val_01,val_01_r1,41100000,camera_occlusion,medium,R0,true,false,false,false,0.0,0.0,0,none,0.0,none,val_01-val_01_r1-camera-r0-R0,val_01-val_01_r1-41100000-camera_occlusion-medium,validation,false,success,false,false,false,54.623,4.8237,0.0,0.0,0,,,false,0.0,0.0,0.0,0.0,0.0,0.0,0.0
549c8813-0f10-4b0c-9414-ad5e39f29a30,val_01,val_01_r1,41100000,camera_occlusion,medium,RP_backup,true,false,false,false,3.8590000000000018,0.44230000000000036,1,backup,7.371800000000001,none,val_01-val_01_r1-camera-r0-RP_backup,val_01-val_01_r1-41100000-camera_occlusion-medium,validation,false,success,false,false,true,58.482,5.266,3.8590000000000018,0.44230000000000036,1,59.659,backup,false,7.371800000000001,0.0,0.0,0.0,1.9295000000000009,0.44230000000000036,5.0
5f60d75c-cb07-43a0-8f04-3665caa6c481,val_01,val_01_r1,41100000,camera_occlusion,medium,RP_controlled_stop,true,false,false,false,75.92000000000002,1.3541000000000007,0,none,16.354100000000003,none,val_01-val_01_r1-camera-r0-RP_controlled_stop,val_01-val_01_r1-41100000-camera_occlusion-medium,validation,false,success,false,false,false,130.543,6.1778,75.92000000000002,1.3541000000000007,0,,controlled_stop,false,16.354100000000003,0.0,0.0,0.0,15.0,1.3541000000000007,0.0
420ca3fb-b279-4123-a374-4be83aad63ab,val_01,val_01_r1,41100000,camera_occlusion,medium,RP_relocalise,true,false,false,false,0.0,0.0,0,none,0.0,none,val_01-val_01_r1-camera-r0-RP_relocalise,val_01-val_01_r1-41100000-camera_occlusion-medium,validation,false,success,false,false,false,54.002,4.7371,-0.6209999999999951,-0.08659999999999979,0,,relocalise,false,0.0,0.0,0.0,0.0,0.0,0.0,0.0
63d4e76e-63c5-420a-9a14-78794ee7918e,val_01,val_01_r1,41100000,camera_occlusion,medium,RP_replan_clear_costmaps,true,false,false,false,52.656,0.46330000000000027,0,none,15.4633,none,val_01-val_01_r1-camera-r0-RP_replan_clear_costmaps,val_01-val_01_r1-41100000-camera_occlusion-medium,validation,false,success,false,false,false,107.279,5.287,52.656,0.46330000000000027,0,,replan_clear_costmaps,false,15.4633,0.0,0.0,0.0,15.0,0.46330000000000027,0.0
be1eaf08-8d91-4732-925a-deeb3f0c8fba,val_01,val_01_r1,41100000,camera_occlusion,medium,RP_spin_active_rescan,true,false,false,false,35.976000000000006,0.3022,0,none,15.3022,none,val_01-val_01_r1-camera-r0-RP_spin_active_rescan,val_01-val_01_r1-41100000-camera_occlusion-medium,validation,false,success,false,false,false,90.599,5.1259,35.976000000000006,0.3022,0,,spin_active_rescan,false,15.3022,0.0,0.0,0.0,15.0,0.3022,0.0
5840eb61-4aef-40e7-bf08-25badf451540,val_01,val_01_r1,41100000,camera_occlusion,medium,RP_wait,true,false,false,false,46.92000000000001,0.23910000000000053,0,none,15.2391,none,val_01-val_01_r1-camera-r0-RP_wait,val_01-val_01_r1-41100000-camera_occlusion-medium,validation,false,success,false,false,false,101.543,5.0628,46.92000000000001,0.23910000000000053,0,,wait,false,15.2391,0.0,0.0,0.0,15.0,0.23910000000000053,0.0
d06fbac9-4b27-4a0f-b3c1-02707b11bd1d,val_01,val_01_r1,41100001,lidar_dropout,medium,R0,true,false,false,false,0.0,0.0,0,none,0.0,none,val_01-val_01_r1-lidar-r0-R0,val_01-val_01_r1-41100001-lidar_dropout-medium,validation,false,success,false,false,false,37.66,4.6331,0.0,0.0,0,,,false,0.0,0.0,0.0,0.0,0.0,0.0,0.0
5e596164-23e9-4a6f-8b8a-26757533110a,val_01,val_01_r1,41100001,lidar_dropout,medium,RP_backup,true,false,false,true,0.0,0.06270000000000042,2,controlled_stop,5.0627,none,val_01-val_01_r1-lidar-r0-RP_backup,val_01-val_01_r1-41100001-lidar_dropout-medium,validation,false,success,false,false,true,36.577,4.6958,-1.0829999999999984,0.06270000000000042,2,22.07,backup,false,5.0627,0.0,0.0,0.0,0.0,0.06270000000000042,5.0
896526e4-5661-4442-a270-622d2de92449,val_01,val_01_r1,41100001,lidar_dropout,medium,RP_controlled_stop,true,false,false,false,0.8150000000000048,0.038600000000000634,2,controlled_stop,5.446100000000003,none,val_01-val_01_r1-lidar-r0-RP_controlled_stop,val_01-val_01_r1-41100001-lidar_dropout-medium,validation,false,success,false,false,true,38.475,4.6717,0.8150000000000048,0.038600000000000634,2,22.479000000000003,controlled_stop,false,5.446100000000003,0.0,0.0,0.0,0.4075000000000024,0.038600000000000634,5.0
98edb1f5-48e5-41c9-980d-380f7ff8cea2,val_01,val_01_r1,41100001,lidar_dropout,medium,RP_relocalise,true,false,false,true,0.9810000000000016,0.008600000000000385,2,controlled_stop,5.499100000000001,none,val_01-val_01_r1-lidar-r0-RP_relocalise,val_01-val_01_r1-41100001-lidar_dropout-medium,validation,false,success,false,false,true,38.641,4.6417,0.9810000000000016,0.008600000000000385,2,21.859,relocalise,false,5.499100000000001,0.0,0.0,0.0,0.4905000000000008,0.008600000000000385,5.0
dcfcce2f-65ef-440d-8e1d-7e2b6e405da4,val_01,val_01_r1,41100001,lidar_dropout,medium,RP_replan_clear_costmaps,true,false,false,false,0.2640000000000029,0.02059999999999995,2,replan_clear_costmaps,5.152600000000001,none,val_01-val_01_r1-lidar-r0-RP_replan_clear_costmaps,val_01-val_01_r1-41100001-lidar_dropout-medium,validation,false,success,false,false,true,37.924,4.6537,0.2640000000000029,0.02059999999999995,2,21.915000000000003,replan_clear_costmaps,false,5.152600000000001,0.0,0.0,0.0,0.13200000000000145,0.02059999999999995,5.0
d2061a2b-4983-4818-bae9-7c99a1e249e1,val_01,val_01_r1,41100001,lidar_dropout,medium,RP_spin_active_rescan,false,false,false,true,27.61500000000001,0.0,6,spin_active_rescan,58.807500000000005,none,val_01-val_01_r1-lidar-r0-RP_spin_active_rescan-infra-replacement-001,val_01-val_01_r1-41100001-lidar_dropout-medium,validation,false,timeout,true,false,true,65.275,1.893,27.61500000000001,-2.7401,6,23.47,spin_active_rescan,false,58.807500000000005,0.0,40.0,0.0,13.807500000000005,0.0,5.0
8cf68aee-005a-4a9d-9552-a06314adc76f,val_01,val_01_r1,41100001,lidar_dropout,medium,RP_wait,true,false,false,true,3.4010000000000034,0.03589999999999982,2,controlled_stop,6.7364000000000015,none,val_01-val_01_r1-lidar-r0-RP_wait,val_01-val_01_r1-41100001-lidar_dropout-medium,validation,false,success,false,false,true,41.061,4.669,3.4010000000000034,0.03589999999999982,2,22.81,wait,false,6.7364000000000015,0.0,0.0,0.0,1.7005000000000017,0.03589999999999982,5.0
9b3b6b9c-3f82-47a7-9771-146f6ddc2965,val_01,val_01_r1,41100002,wheel_slip,medium,R0,true,false,false,false,0.0,0.0,0,none,0.0,none,val_01-val_01_r1-wheel-r0-R0,val_01-val_01_r1-41100002-wheel_slip-medium,validation,false,success,false,false,false,34.057,4.7063,0.0,0.0,0,,,false,0.0,0.0,0.0,0.0,0.0,0.0,0.0
db173b21-8693-402c-a164-6f12744a4701,val_01,val_01_r1,41100002,wheel_slip,medium,RP_backup,true,false,false,false,7.939,0.44819999999999993,1,backup,9.4177,none,val_01-val_01_r1-wheel-r0-RP_backup,val_01-val_01_r1-41100002-wheel_slip-medium,validation,false,success,false,false,true,41.996,5.1545,7.939,0.44819999999999993,1,35.881,backup,false,9.4177,0.0,0.0,0.0,3.9695,0.44819999999999993,5.0
8ff33768-8fc0-4fbd-a1be-8080a3bef61f,val_01,val_01_r1,41100002,wheel_slip,medium,RP_controlled_stop,true,false,false,false,2.104999999999997,0.01130000000000031,1,controlled_stop,6.063799999999999,none,val_01-val_01_r1-wheel-r0-RP_controlled_stop,val_01-val_01_r1-41100002-wheel_slip-medium,validation,false,success,false,false,true,36.162,4.7176,2.104999999999997,0.01130000000000031,1,38.224,controlled_stop,false,6.063799999999999,0.0,0.0,0.0,1.0524999999999984,0.01130000000000031,5.0
5e67b51a-79a0-4acf-8abd-ab28547e6ea8,val_01,val_01_r1,41100002,wheel_slip,medium,RP_relocalise,true,false,false,true,2.1199999999999974,0.0,1,controlled_stop,6.059999999999999,none,val_01-val_01_r1-wheel-r0-RP_relocalise,val_01-val_01_r1-41100002-wheel_slip-medium,validation,false,success,false,false,true,36.177,4.6863,2.1199999999999974,-0.019999999999999574,1,37.406,relocalise,false,6.059999999999999,0.0,0.0,0.0,1.0599999999999987,0.0,5.0
181fa5cc-1bae-43fc-a156-291dc9a51198,val_01,val_01_r1,41100002,wheel_slip,medium,RP_replan_clear_costmaps,true,false,false,false,2.934999999999995,0.0,1,replan_clear_costmaps,6.467499999999998,none,val_01-val_01_r1-wheel-r0-RP_replan_clear_costmaps,val_01-val_01_r1-41100002-wheel_slip-medium,validation,false,success,false,false,true,36.992,4.6588,2.934999999999995,-0.04749999999999943,1,38.686,replan_clear_costmaps,false,6.467499999999998,0.0,0.0,0.0,1.4674999999999976,0.0,5.0
21ce6a10-7c2d-4825-a665-4d7ed54284e6,val_01,val_01_r1,41100002,wheel_slip,medium,RP_spin_active_rescan,true,false,false,false,9.960999999999999,0.0052000000000003155,1,spin_active_rescan,9.9857,none,val_01-val_01_r1-wheel-r0-RP_spin_active_rescan,val_01-val_01_r1-41100002-wheel_slip-medium,validation,false,success,false,false,true,44.018,4.7115,9.960999999999999,0.0052000000000003155,1,30.766,spin_active_rescan,false,9.9857,0.0,0.0,0.0,4.980499999999999,0.0052000000000003155,5.0
579b52c5-0cfc-4516-af5f-b0234b9e01a9,val_01,val_01_r1,41100002,wheel_slip,medium,RP_wait,true,false,false,true,0.7449999999999974,0.0,1,controlled_stop,5.372499999999999,none,val_01-val_01_r1-wheel-r0-RP_wait,val_01-val_01_r1-41100002-wheel_slip-medium,validation,false,success,false,false,true,34.802,4.6637,0.7449999999999974,-0.042599999999999305,1,36.285,wait,false,5.372499999999999,0.0,0.0,0.0,0.3724999999999987,0.0,5.0
03e24090-3942-4e9f-a966-3e5f0c6dfdf5,val_01,val_01_r1,41100003,localisation_perturbation,medium,R0,true,false,false,false,0.0,0.0,0,none,0.0,none,val_01-val_01_r1-localisation-r0-R0,val_01-val_01_r1-41100003-localisation_perturbation-medium,validation,false,success,false,false,false,38.316,4.6718,0.0,0.0,0,,,false,0.0,0.0,0.0,0.0,0.0,0.0,0.0
ef07719e-1dac-4615-9cc8-0d30f3d158f0,val_01,val_01_r1,41100003,localisation_perturbation,medium,RP_backup,true,false,false,false,64.152,1.2649,1,backup,21.2649,none,val_01-val_01_r1-localisation-r0-RP_backup,val_01-val_01_r1-41100003-localisation_perturbation-medium,validation,false,success,false,false,true,102.468,5.9367,64.152,1.2649,1,75.068,backup,false,21.2649,0.0,0.0,0.0,15.0,1.2649,5.0
a9c1eab7-be23-42f4-b34b-0745c77dbf6a,val_01,val_01_r1,41100003,localisation_perturbation,medium,RP_controlled_stop,true,false,false,false,0.0,0.0,0,none,0.0,none,val_01-val_01_r1-localisation-r0-RP_controlled_stop,val_01-val_01_r1-41100003-localisation_perturbation-medium,validation,false,success,false,false,false,35.993,4.6383,-2.3230000000000004,-0.033500000000000085,0,,controlled_stop,false,0.0,0.0,0.0,0.0,0.0,0.0,0.0
b5ce1c4d-3ff1-4e96-bdba-a115056299d1,val_01,val_01_r1,41100003,localisation_perturbation,medium,RP_relocalise,true,false,false,false,0.0,0.0,0,none,0.0,none,val_01-val_01_r1-localisation-r0-RP_relocalise,val_01-val_01_r1-41100003-localisation_perturbation-medium,validation,false,success,false,false,false,37.141,4.6693,-1.1750000000000043,-0.002500000000000391,0,,relocalise,false,0.0,0.0,0.0,0.0,0.0,0.0,0.0
7eef1b21-5ae3-469b-ad21-67f8030ddd98,val_01,val_01_r1,41100003,localisation_perturbation,medium,RP_replan_clear_costmaps,true,false,false,false,1.8909999999999982,0.0,0,none,0.9454999999999991,none,val_01-val_01_r1-localisation-r0-RP_replan_clear_costmaps,val_01-val_01_r1-41100003-localisation_perturbation-medium,validation,false,success,false,false,false,40.207,4.6568,1.8909999999999982,-0.015000000000000568,0,,replan_clear_costmaps,false,0.9454999999999991,0.0,0.0,0.0,0.9454999999999991,0.0,0.0
7d8f3446-dacf-46df-b954-a3700c7679c1,val_01,val_01_r1,41100003,localisation_perturbation,medium,RP_spin_active_rescan,true,false,false,false,3.0559999999999974,0.0,0,none,1.5279999999999987,none,val_01-val_01_r1-localisation-r0-RP_spin_active_rescan,val_01-val_01_r1-41100003-localisation_perturbation-medium,validation,false,success,false,false,false,41.372,4.6539,3.0559999999999974,-0.017900000000000027,0,,spin_active_rescan,false,1.5279999999999987,0.0,0.0,0.0,1.5279999999999987,0.0,0.0
4b5d8320-f828-42cc-adcc-feaedab97700,val_01,val_01_r1,41100003,localisation_perturbation,medium,RP_wait,true,false,false,false,2.647999999999996,0.0,0,none,1.323999999999998,none,val_01-val_01_r1-localisation-r0-RP_wait,val_01-val_01_r1-41100003-localisation_perturbation-medium,validation,false,success,false,false,false,40.964,4.6632,2.647999999999996,-0.008600000000000385,0,,wait,false,1.323999999999998,0.0,0.0,0.0,1.323999999999998,0.0,0.0
d80ad671-c8ed-4ee6-a243-0648dad6d5d4,val_01,val_01_r1,41100004,dynamic_blockage,medium,R0,true,false,false,false,0.0,0.0,0,none,0.0,none,val_01-val_01_r1-blockage-r0-R0,val_01-val_01_r1-41100004-dynamic_blockage-medium,validation,false,success,false,false,false,76.928,4.5054,0.0,0.0,0,,,false,0.0,0.0,0.0,0.0,0.0,0.0,0.0
6b490456-b2d1-4806-810f-daf315af6246,val_01,val_01_r1,41100004,dynamic_blockage,medium,RP_backup,true,false,false,false,0.0,0.0,0,none,0.0,none,val_01-val_01_r1-blockage-r0-RP_backup,val_01-val_01_r1-41100004-dynamic_blockage-medium,validation,false,success,false,false,false,34.311,4.2806,-42.617,-0.2248000000000001,0,,backup,false,0.0,0.0,0.0,0.0,0.0,0.0,0.0
10c26150-e39e-412d-bde3-abf6e9e8ff5e,val_01,val_01_r1,41100004,dynamic_blockage,medium,RP_controlled_stop,false,false,false,true,41.18900000000001,0.0,5,controlled_stop,60.0,none,val_01-val_01_r1-blockage-r0-RP_controlled_stop,val_01-val_01_r1-41100004-dynamic_blockage-medium,validation,false,timeout,true,false,true,118.117,2.2218,41.18900000000001,-2.2836,5,34.483,controlled_stop,false,60.0,0.0,40.0,0.0,15.0,0.0,5.0
7349cab4-45af-4ced-961a-2719852f80c7,val_01,val_01_r1,41100004,dynamic_blockage,medium,RP_relocalise,false,false,false,false,163.799,0.0,0,none,55.0,none,val_01-val_01_r1-blockage-r0-RP_relocalise,val_01-val_01_r1-41100004-dynamic_blockage-medium,validation,false,timeout,true,false,false,240.727,2.1859,163.799,-2.3194999999999997,0,,relocalise,false,55.0,0.0,40.0,0.0,15.0,0.0,0.0
2b74b25d-5418-4a42-a05a-491bfd56db11,val_01,val_01_r1,41100004,dynamic_blockage,medium,RP_replan_clear_costmaps,false,false,false,false,0.0,0.0,2,replan_clear_costmaps,45.0,none,val_01-val_01_r1-blockage-r0-RP_replan_clear_costmaps-infra-replacement-001,val_01-val_01_r1-41100004-dynamic_blockage-medium,validation,false,false_arrival,true,false,true,43.052,4.2646,-33.876,-0.24080000000000013,2,19.914,replan_clear_costmaps,false,45.0,0.0,40.0,0.0,0.0,0.0,5.0
b6caa436-f976-4d05-903d-37fb034ad9d7,val_01,val_01_r1,41100004,dynamic_blockage,medium,RP_spin_active_rescan,false,false,false,true,6.409000000000006,0.0,6,spin_active_rescan,48.2045,none,val_01-val_01_r1-blockage-r0-RP_spin_active_rescan,val_01-val_01_r1-41100004-dynamic_blockage-medium,validation,false,timeout,true,false,true,83.337,2.6753,6.409000000000006,-1.8300999999999998,6,33.363,spin_active_rescan,false,48.2045,0.0,40.0,0.0,3.204500000000003,0.0,5.0
69dd8d98-cd0c-46f0-a953-c145e8f766a8,val_01,val_01_r1,41100004,dynamic_blockage,medium,RP_wait,false,false,false,false,0.0,0.031800000000000495,1,wait,45.031800000000004,none,val_01-val_01_r1-blockage-r0-RP_wait-infra-replacement-001,val_01-val_01_r1-41100004-dynamic_blockage-medium,validation,false,false_arrival,true,false,true,52.162,4.5372,-24.766,0.031800000000000495,1,31.904000000000003,wait,false,45.031800000000004,0.0,40.0,0.0,0.0,0.031800000000000495,5.0
eccf793f-3208-4747-ba75-c60b95bb19e7,val_01,val_01_r1,41100005,planner_oscillation,medium,R0,true,false,false,false,0.0,0.0,0,none,0.0,none,val_01-val_01_r1-oscillation-r0-R0,val_01-val_01_r1-41100005-planner_oscillation-medium,validation,false,success,false,false,false,91.95,8.6735,0.0,0.0,0,,,false,0.0,0.0,0.0,0.0,0.0,0.0,0.0
ce83fa99-1bca-44ed-8b87-a1adc7fb579d,val_01,val_01_r1,41100005,planner_oscillation,medium,RP_backup,true,false,false,false,5.123999999999995,0.23309999999999853,0,none,2.795099999999996,none,val_01-val_01_r1-oscillation-r0-RP_backup,val_01-val_01_r1-41100005-planner_oscillation-medium,validation,false,success,false,false,false,97.074,8.9066,5.123999999999995,0.23309999999999853,0,,backup,false,2.795099999999996,0.0,0.0,0.0,2.5619999999999976,0.23309999999999853,0.0
70666f58-f101-4b40-b8ba-90167f6251d4,val_01,val_01_r1,41100005,planner_oscillation,medium,RP_controlled_stop,true,false,false,false,0.0,0.2889999999999997,0,none,0.2889999999999997,none,val_01-val_01_r1-oscillation-r0-RP_controlled_stop,val_01-val_01_r1-41100005-planner_oscillation-medium,validation,false,success,false,false,false,91.596,8.9625,-0.3539999999999992,0.2889999999999997,0,,controlled_stop,false,0.2889999999999997,0.0,0.0,0.0,0.0,0.2889999999999997,0.0
536c356e-e144-4b0b-8b26-c19c06f25278,val_01,val_01_r1,41100005,planner_oscillation,medium,RP_relocalise,true,false,false,false,0.0,0.14529999999999887,0,none,0.14529999999999887,none,val_01-val_01_r1-oscillation-r0-RP_relocalise,val_01-val_01_r1-41100005-planner_oscillation-medium,validation,false,success,false,false,false,84.06,8.8188,-7.890000000000001,0.14529999999999887,0,,relocalise,false,0.14529999999999887,0.0,0.0,0.0,0.0,0.14529999999999887,0.0
784459b8-7081-4c53-8794-837a68a79f45,val_01,val_01_r1,41100005,planner_oscillation,medium,RP_replan_clear_costmaps,true,false,false,false,0.0,0.15659999999999918,0,none,0.15659999999999918,none,val_01-val_01_r1-oscillation-r0-RP_replan_clear_costmaps,val_01-val_01_r1-41100005-planner_oscillation-medium,validation,false,success,false,false,false,83.291,8.8301,-8.659000000000006,0.15659999999999918,0,,replan_clear_costmaps,false,0.15659999999999918,0.0,0.0,0.0,0.0,0.15659999999999918,0.0
131f6103-ace2-419b-a1ed-dafea967b9ab,val_01,val_01_r1,41100005,planner_oscillation,medium,RP_spin_active_rescan,true,false,false,false,0.355000000000004,0.6064999999999987,0,none,0.7840000000000007,none,val_01-val_01_r1-oscillation-r0-RP_spin_active_rescan-infra-replacement-001,val_01-val_01_r1-41100005-planner_oscillation-medium,validation,false,success,false,false,false,92.305,9.28,0.355000000000004,0.6064999999999987,0,,spin_active_rescan,false,0.7840000000000007,0.0,0.0,0.0,0.177500000000002,0.6064999999999987,0.0
ce9d5710-2397-4be2-a060-28de86971d04,val_01,val_01_r1,41100005,planner_oscillation,medium,RP_wait,true,false,false,false,0.0,0.10489999999999888,0,none,0.10489999999999888,none,val_01-val_01_r1-oscillation-r0-RP_wait,val_01-val_01_r1-41100005-planner_oscillation-medium,validation,false,success,false,false,false,87.589,8.7784,-4.361000000000004,0.10489999999999888,0,,wait,false,0.10489999999999888,0.0,0.0,0.0,0.0,0.10489999999999888,0.0
e93d3975-9b56-4525-ae7e-a87f5aef2b9c,val_01,val_01_r1,41100006,semantic_corruption,medium,R0,true,false,false,false,0.0,0.0,0,none,0.0,none,val_01-val_01_r1-semantic-r0-R0,val_01-val_01_r1-41100006-semantic_corruption-medium,validation,false,success,false,false,false,35.368,4.7361,0.0,0.0,0,,,false,0.0,0.0,0.0,0.0,0.0,0.0,0.0
549bfc46-864d-44b9-90eb-64eebc14e80e,val_01,val_01_r1,41100006,semantic_corruption,medium,RP_backup,true,false,false,false,0.0,0.00019999999999953388,0,none,0.00019999999999953388,none,val_01-val_01_r1-semantic-r0-RP_backup,val_01-val_01_r1-41100006-semantic_corruption-medium,validation,false,success,false,false,false,34.38,4.7363,-0.9879999999999995,0.00019999999999953388,0,,backup,false,0.00019999999999953388,0.0,0.0,0.0,0.0,0.00019999999999953388,0.0
a47db47a-3137-421e-a15b-c94e2ee6ca7a,val_01,val_01_r1,41100006,semantic_corruption,medium,RP_controlled_stop,true,false,false,false,0.0,0.0,0,none,0.0,none,val_01-val_01_r1-semantic-r0-RP_controlled_stop,val_01-val_01_r1-41100006-semantic_corruption-medium,validation,false,success,false,false,false,34.267,4.6817,-1.100999999999999,-0.054400000000000226,0,,controlled_stop,false,0.0,0.0,0.0,0.0,0.0,0.0,0.0
c597e38f-4b5b-4dd4-8fdd-692565c8f3bc,val_01,val_01_r1,41100006,semantic_corruption,medium,RP_relocalise,true,false,false,false,0.0,0.0,0,none,0.0,none,val_01-val_01_r1-semantic-r0-RP_relocalise,val_01-val_01_r1-41100006-semantic_corruption-medium,validation,false,success,false,false,false,34.271,4.6943,-1.0970000000000013,-0.04180000000000028,0,,relocalise,false,0.0,0.0,0.0,0.0,0.0,0.0,0.0
c1b7b0da-cfb2-42da-89e0-822ce31f6f5e,val_01,val_01_r1,41100006,semantic_corruption,medium,RP_replan_clear_costmaps,true,false,false,false,0.0,0.0,0,none,0.0,none,val_01-val_01_r1-semantic-r0-RP_replan_clear_costmaps,val_01-val_01_r1-41100006-semantic_corruption-medium,validation,false,success,false,false,false,34.033,4.6453,-1.3350000000000009,-0.09080000000000066,0,,replan_clear_costmaps,false,0.0,0.0,0.0,0.0,0.0,0.0,0.0
e69a308f-b9bc-45cc-ab4c-d18f5547483a,val_01,val_01_r1,41100006,semantic_corruption,medium,RP_spin_active_rescan,true,false,false,false,0.0,0.0,0,none,0.0,none,val_01-val_01_r1-semantic-r0-RP_spin_active_rescan,val_01-val_01_r1-41100006-semantic_corruption-medium,validation,false,success,false,false,false,35.056,4.6912,-0.3120000000000047,-0.04490000000000016,0,,spin_active_rescan,false,0.0,0.0,0.0,0.0,0.0,0.0,0.0
ae9a5b5a-2f74-4d60-bf2b-e1a7acd6e077,val_01,val_01_r1,41100006,semantic_corruption,medium,RP_wait,true,false,false,false,0.0,0.0,0,none,0.0,none,val_01-val_01_r1-semantic-r0-RP_wait,val_01-val_01_r1-41100006-semantic_corruption-medium,validation,false,success,false,false,false,34.044,4.6629,-1.3240000000000052,-0.07320000000000082,0,,wait,false,0.0,0.0,0.0,0.0,0.0,0.0,0.0
bb2632b9-7a2f-43fb-9391-1edeb239a6e6,val_01,val_01_r2,41200000,camera_occlusion,medium,R0,true,false,false,false,0.0,0.0,0,none,0.0,none,val_01-val_01_r2-camera-r0-R0,val_01-val_01_r2-41200000-camera_occlusion-medium,validation,false,success,false,false,false,137.562,9.7177,0.0,0.0,0,,,false,0.0,0.0,0.0,0.0,0.0,0.0,0.0
54e77b39-58bd-453f-82c7-d8f49ef9ab45,val_01,val_01_r2,41200000,camera_occlusion,medium,RP_backup,true,false,false,false,0.0,0.0,0,none,0.0,none,val_01-val_01_r2-camera-r0-RP_backup,val_01-val_01_r2-41200000-camera_occlusion-medium,validation,false,success,false,false,false,85.62,8.0789,-51.94200000000001,-1.6387999999999998,0,,backup,false,0.0,0.0,0.0,0.0,0.0,0.0,0.0
121185ce-207b-475e-aabd-1be5a8ad621e,val_01,val_01_r2,41200000,camera_occlusion,medium,RP_controlled_stop,true,false,false,false,0.0,0.0,0,none,0.0,none,val_01-val_01_r2-camera-r0-RP_controlled_stop,val_01-val_01_r2-41200000-camera_occlusion-medium,validation,false,success,false,false,false,94.768,8.1767,-42.79400000000001,-1.5410000000000004,0,,controlled_stop,false,0.0,0.0,0.0,0.0,0.0,0.0,0.0
889704cf-d1ce-4450-874f-b11126bcde6c,val_01,val_01_r2,41200000,camera_occlusion,medium,RP_relocalise,true,false,false,false,0.0,0.0,0,none,0.0,none,val_01-val_01_r2-camera-r0-RP_relocalise,val_01-val_01_r2-41200000-camera_occlusion-medium,validation,false,success,false,false,false,84.865,8.3568,-52.69700000000002,-1.3609000000000009,0,,relocalise,false,0.0,0.0,0.0,0.0,0.0,0.0,0.0
c9abd762-395a-4e47-93ec-a49e8d741ab0,val_01,val_01_r2,41200000,camera_occlusion,medium,RP_replan_clear_costmaps,true,false,false,false,4.6699999999999875,0.0,0,none,2.3349999999999937,none,val_01-val_01_r2-camera-r0-RP_replan_clear_costmaps,val_01-val_01_r2-41200000-camera_occlusion-medium,validation,false,success,false,false,false,142.232,9.629,4.6699999999999875,-0.08870000000000111,0,,replan_clear_costmaps,false,2.3349999999999937,0.0,0.0,0.0,2.3349999999999937,0.0,0.0
1a2298a5-5e28-4224-8b20-1d8999190536,val_01,val_01_r2,41200000,camera_occlusion,medium,RP_spin_active_rescan,true,false,false,false,0.0,0.0,0,none,0.0,none,val_01-val_01_r2-camera-r0-RP_spin_active_rescan,val_01-val_01_r2-41200000-camera_occlusion-medium,validation,false,success,false,false,false,96.372,8.135,-41.19000000000001,-1.5827000000000009,0,,spin_active_rescan,false,0.0,0.0,0.0,0.0,0.0,0.0,0.0
75f82b8e-4395-42b4-93fd-9e6256082dee,val_01,val_01_r2,41200000,camera_occlusion,medium,RP_wait,true,false,false,false,0.0,0.0,0,none,0.0,none,val_01-val_01_r2-camera-r0-RP_wait,val_01-val_01_r2-41200000-camera_occlusion-medium,validation,false,success,false,false,false,83.758,7.9858,-53.804000000000016,-1.7319000000000004,0,,wait,false,0.0,0.0,0.0,0.0,0.0,0.0,0.0
3c9ed207-8e08-44b1-90db-684499108352,val_01,val_01_r2,41200001,lidar_dropout,medium,R0,true,false,false,false,0.0,0.0,0,none,0.0,none,val_01-val_01_r2-lidar-r0-R0,val_01-val_01_r2-41200001-lidar_dropout-medium,validation,false,success,false,false,false,80.677,7.8454,0.0,0.0,0,,,false,0.0,0.0,0.0,0.0,0.0,0.0,0.0
771b2d4b-f916-4eff-9f30-964dbd99e295,val_01,val_01_r2,41200001,lidar_dropout,medium,RP_backup,true,false,false,false,16.631,1.4556000000000004,2,backup,14.7711,none,val_01-val_01_r2-lidar-r0-RP_backup,val_01-val_01_r2-41200001-lidar_dropout-medium,validation,false,success,false,false,true,97.308,9.301,16.631,1.4556000000000004,2,23.555,backup,false,14.7711,0.0,0.0,0.0,8.3155,1.4556000000000004,5.0
776eda49-2a6d-4abf-b53f-49424627f2c0,val_01,val_01_r2,41200001,lidar_dropout,medium,RP_controlled_stop,true,false,false,false,1.840999999999994,0.33919999999999995,2,controlled_stop,6.259699999999997,none,val_01-val_01_r2-lidar-r0-RP_controlled_stop,val_01-val_01_r2-41200001-lidar_dropout-medium,validation,false,success,false,false,true,82.518,8.1846,1.840999999999994,0.33919999999999995,2,23.356,controlled_stop,false,6.259699999999997,0.0,0.0,0.0,0.920499999999997,0.33919999999999995,5.0
b0f3e7db-cca6-48c7-8eec-11d7bc25ccc1,val_01,val_01_r2,41200001,lidar_dropout,medium,RP_relocalise,true,false,false,true,1.8229999999999933,0.19640000000000057,2,controlled_stop,6.107899999999997,none,val_01-val_01_r2-lidar-r0-RP_relocalise,val_01-val_01_r2-41200001-lidar_dropout-medium,validation,false,success,false,false,true,82.5,8.0418,1.8229999999999933,0.19640000000000057,2,22.573,relocalise,false,6.107899999999997,0.0,0.0,0.0,0.9114999999999966,0.19640000000000057,5.0
8211b869-ee2f-4875-bea2-cbc8cd3b80d5,val_01,val_01_r2,41200001,lidar_dropout,medium,RP_replan_clear_costmaps,true,false,false,false,3.2709999999999866,0.32530000000000037,2,replan_clear_costmaps,6.960799999999994,none,val_01-val_01_r2-lidar-r0-RP_replan_clear_costmaps,val_01-val_01_r2-41200001-lidar_dropout-medium,validation,false,success,false,false,true,83.948,8.1707,3.2709999999999866,0.32530000000000037,2,21.567,replan_clear_costmaps,false,6.960799999999994,0.0,0.0,0.0,1.6354999999999933,0.32530000000000037,5.0
d6feac4a-f12c-400f-95e6-a5f87ade0546,val_01,val_01_r2,41200001,lidar_dropout,medium,RP_spin_active_rescan,true,false,false,false,41.306,0.36710000000000065,2,spin_active_rescan,20.3671,none,val_01-val_01_r2-lidar-r0-RP_spin_active_rescan,val_01-val_01_r2-41200001-lidar_dropout-medium,validation,false,success,false,false,true,121.983,8.2125,41.306,0.36710000000000065,2,23.993,spin_active_rescan,false,20.3671,0.0,0.0,0.0,15.0,0.36710000000000065,5.0
2c8543d6-2855-40a6-87d1-96affa6b8802,val_01,val_01_r2,41200001,lidar_dropout,medium,RP_wait,true,false,false,true,12.142999999999986,0.5198999999999998,2,controlled_stop,11.591399999999993,none,val_01-val_01_r2-lidar-r0-RP_wait,val_01-val_01_r2-41200001-lidar_dropout-medium,validation,false,success,false,false,true,92.82,8.3653,12.142999999999986,0.5198999999999998,2,23.873,wait,false,11.591399999999993,0.0,0.0,0.0,6.071499999999993,0.5198999999999998,5.0
33ffc3d5-ef39-44a3-b9f9-962649890c24,val_01,val_01_r2,41200002,wheel_slip,medium,R0,true,false,false,false,0.0,0.0,0,none,0.0,none,val_01-val_01_r2-wheel-r0-R0,val_01-val_01_r2-41200002-wheel_slip-medium,validation,false,success,false,false,false,93.446,8.8303,0.0,0.0,0,,,false,0.0,0.0,0.0,0.0,0.0,0.0,0.0
de365198-dc50-4cee-b147-a756862c5e03,val_01,val_01_r2,41200002,wheel_slip,medium,RP_backup,true,false,false,false,0.0,0.0,0,none,0.0,none,val_01-val_01_r2-wheel-r0-RP_backup,val_01-val_01_r2-41200002-wheel_slip-medium,validation,false,success,false,false,false,90.578,8.6049,-2.867999999999995,-0.2253999999999987,0,,backup,false,0.0,0.0,0.0,0.0,0.0,0.0,0.0
cf208fe8-8062-4cb1-9b29-5730c2807eff,val_01,val_01_r2,41200002,wheel_slip,medium,RP_controlled_stop,true,false,false,false,46.35499999999999,0.42459999999999987,0,none,15.4246,none,val_01-val_01_r2-wheel-r0-RP_controlled_stop,val_01-val_01_r2-41200002-wheel_slip-medium,validation,false,success,false,false,false,139.801,9.2549,46.35499999999999,0.42459999999999987,0,,controlled_stop,false,15.4246,0.0,0.0,0.0,15.0,0.42459999999999987,0.0
8eaf3b12-52bc-4a63-ab59-b33b6b5c6b1b,val_01,val_01_r2,41200002,wheel_slip,medium,RP_relocalise,true,false,false,false,0.0,0.0,0,none,0.0,none,val_01-val_01_r2-wheel-r0-RP_relocalise,val_01-val_01_r2-41200002-wheel_slip-medium,validation,false,success,false,false,false,79.787,7.8945,-13.658999999999992,-0.9357999999999995,0,,relocalise,false,0.0,0.0,0.0,0.0,0.0,0.0,0.0
ce8315ef-4f31-4b34-93c2-44b5cdd08c88,val_01,val_01_r2,41200002,wheel_slip,medium,RP_replan_clear_costmaps,true,false,false,false,0.0,0.0,0,none,0.0,none,val_01-val_01_r2-wheel-r0-RP_replan_clear_costmaps,val_01-val_01_r2-41200002-wheel_slip-medium,validation,false,success,false,false,false,92.359,8.7469,-1.0870000000000033,-0.08339999999999925,0,,replan_clear_costmaps,false,0.0,0.0,0.0,0.0,0.0,0.0,0.0
4bcdcc5b-9e4a-4e16-99bc-8719a8daab1e,val_01,val_01_r2,41200002,wheel_slip,medium,RP_spin_active_rescan,true,false,false,false,0.0,0.0,0,none,0.0,none,val_01-val_01_r2-wheel-r0-RP_spin_active_rescan,val_01-val_01_r2-41200002-wheel_slip-medium,validation,false,success,false,false,false,83.656,8.026,-9.789999999999992,-0.8042999999999996,0,,spin_active_rescan,false,0.0,0.0,0.0,0.0,0.0,0.0,0.0
da26ebcf-106e-4f31-a095-794f20184702,val_01,val_01_r2,41200002,wheel_slip,medium,RP_wait,true,false,false,false,0.0,0.0,0,none,0.0,none,val_01-val_01_r2-wheel-r0-RP_wait,val_01-val_01_r2-41200002-wheel_slip-medium,validation,false,success,false,false,false,78.284,8.4158,-15.161999999999992,-0.41449999999999854,0,,wait,false,0.0,0.0,0.0,0.0,0.0,0.0,0.0
2ea40fa4-05ba-4557-aaab-103633f5215c,val_01,val_01_r2,41200003,localisation_perturbation,medium,R0,true,false,false,false,0.0,0.0,0,none,0.0,none,val_01-val_01_r2-localisation-r0-R0,val_01-val_01_r2-41200003-localisation_perturbation-medium,validation,false,success,false,false,false,90.104,8.2847,0.0,0.0,0,,,false,0.0,0.0,0.0,0.0,0.0,0.0,0.0
e857fd5a-b34b-4b4e-953f-d832f32f70b2,val_01,val_01_r2,41200003,localisation_perturbation,medium,RP_backup,true,false,false,false,26.736000000000004,0.29159999999999897,0,none,13.659600000000001,none,val_01-val_01_r2-localisation-r0-RP_backup,val_01-val_01_r2-41200003-localisation_perturbation-medium,validation,false,success,false,false,false,116.84,8.5763,26.736000000000004,0.29159999999999897,0,,backup,false,13.659600000000001,0.0,0.0,0.0,13.368000000000002,0.29159999999999897,0.0
793783d2-f35a-4670-8070-bb0ba497d584,val_01,val_01_r2,41200003,localisation_perturbation,medium,RP_controlled_stop,true,false,false,false,95.087,2.862399999999999,1,controlled_stop,22.8624,none,val_01-val_01_r2-localisation-r0-RP_controlled_stop,val_01-val_01_r2-41200003-localisation_perturbation-medium,validation,false,success,false,false,true,185.191,11.1471,95.087,2.862399999999999,1,109.386,controlled_stop,false,22.8624,0.0,0.0,0.0,15.0,2.862399999999999,5.0
4bfb0152-4094-4798-b5cb-b6b96e765b17,val_01,val_01_r2,41200003,localisation_perturbation,medium,RP_relocalise,true,false,false,true,79.77499999999999,1.8610999999999986,1,controlled_stop,21.8611,none,val_01-val_01_r2-localisation-r0-RP_relocalise,val_01-val_01_r2-41200003-localisation_perturbation-medium,validation,false,success,false,false,true,169.879,10.1458,79.77499999999999,1.8610999999999986,1,102.141,relocalise,false,21.8611,0.0,0.0,0.0,15.0,1.8610999999999986,5.0
b318f9b2-1b1f-463e-b146-77a62f8da92f,val_01,val_01_r2,41200003,localisation_perturbation,medium,RP_replan_clear_costmaps,true,false,false,false,23.744,0.0688999999999993,0,none,11.9409,none,val_01-val_01_r2-localisation-r0-RP_replan_clear_costmaps,val_01-val_01_r2-41200003-localisation_perturbation-medium,validation,false,success,false,false,false,113.848,8.3536,23.744,0.0688999999999993,0,,replan_clear_costmaps,false,11.9409,0.0,0.0,0.0,11.872,0.0688999999999993,0.0
8782869f-1240-4be3-ae25-39a503ee02fa,val_01,val_01_r2,41200003,localisation_perturbation,medium,RP_spin_active_rescan,true,false,false,false,14.600999999999999,0.0,0,none,7.3004999999999995,none,val_01-val_01_r2-localisation-r0-RP_spin_active_rescan,val_01-val_01_r2-41200003-localisation_perturbation-medium,validation,false,success,false,false,false,104.705,8.1064,14.600999999999999,-0.17830000000000013,0,,spin_active_rescan,false,7.3004999999999995,0.0,0.0,0.0,7.3004999999999995,0.0,0.0
6d3d6dd8-4e22-4a77-b5bd-3abf643e1c8f,val_01,val_01_r2,41200003,localisation_perturbation,medium,RP_wait,true,false,false,false,13.777000000000001,0.04079999999999906,0,none,6.9293,none,val_01-val_01_r2-localisation-r0-RP_wait,val_01-val_01_r2-41200003-localisation_perturbation-medium,validation,false,success,false,false,false,103.881,8.3255,13.777000000000001,0.04079999999999906,0,,wait,false,6.9293,0.0,0.0,0.0,6.8885000000000005,0.04079999999999906,0.0
d7347fcc-ff2b-4032-8507-89f0c34af983,val_01,val_01_r2,41200004,dynamic_blockage,medium,R0,true,false,false,false,0.0,0.0,0,none,0.0,none,val_01-val_01_r2-blockage-r0-R0-infra-replacement-001,val_01-val_01_r2-41200004-dynamic_blockage-medium,validation,false,success,false,false,false,65.167,7.9988,0.0,0.0,0,,,false,0.0,0.0,0.0,0.0,0.0,0.0,0.0
f8a884f6-3d36-4490-99af-19a09364385b,val_01,val_01_r2,41200004,dynamic_blockage,medium,RP_backup,true,false,false,false,0.0,0.0,0,none,0.0,none,val_01-val_01_r2-blockage-r0-RP_backup-infra-replacement-001,val_01-val_01_r2-41200004-dynamic_blockage-medium,validation,false,success,false,false,false,62.371,7.8612,-2.7959999999999994,-0.13759999999999994,0,,backup,false,0.0,0.0,0.0,0.0,0.0,0.0,0.0
c4f2fe89-09f9-4f10-910f-e246ab48a3ec,val_01,val_01_r2,41200004,dynamic_blockage,medium,RP_controlled_stop,true,false,false,false,0.0,0.0,0,none,0.0,none,val_01-val_01_r2-blockage-r0-RP_controlled_stop-infra-replacement-001,val_01-val_01_r2-41200004-dynamic_blockage-medium,validation,false,success,false,false,false,62.77,7.9584,-2.3969999999999985,-0.04039999999999999,0,,controlled_stop,false,0.0,0.0,0.0,0.0,0.0,0.0,0.0
ce421c83-dc83-4e03-88f8-bd19f8b72abb,val_01,val_01_r2,41200004,dynamic_blockage,medium,RP_relocalise,true,false,false,false,1.4039999999999964,0.0660999999999996,0,none,0.7680999999999978,none,val_01-val_01_r2-blockage-r0-RP_relocalise-infra-replacement-001,val_01-val_01_r2-41200004-dynamic_blockage-medium,validation,false,success,false,false,false,66.571,8.0649,1.4039999999999964,0.0660999999999996,0,,relocalise,false,0.7680999999999978,0.0,0.0,0.0,0.7019999999999982,0.0660999999999996,0.0
89699005-a49c-4084-948f-9e23bbedc54d,val_01,val_01_r2,41200004,dynamic_blockage,medium,RP_replan_clear_costmaps,true,false,false,false,0.0,0.0,0,none,0.0,none,val_01-val_01_r2-blockage-r0-RP_replan_clear_costmaps-infra-replacement-001,val_01-val_01_r2-41200004-dynamic_blockage-medium,validation,false,success,false,false,false,61.271,7.8508,-3.896000000000001,-0.14800000000000058,0,,replan_clear_costmaps,false,0.0,0.0,0.0,0.0,0.0,0.0,0.0
006f2f62-ee98-4f50-87a3-5ccf59bf8bf7,val_01,val_01_r2,41200004,dynamic_blockage,medium,RP_spin_active_rescan,true,false,false,false,22.926999999999992,0.0,0,none,11.463499999999996,none,val_01-val_01_r2-blockage-r0-RP_spin_active_rescan,val_01-val_01_r2-41200004-dynamic_blockage-medium,validation,false,success,false,false,false,88.094,7.924,22.926999999999992,-0.07479999999999976,0,,spin_active_rescan,false,11.463499999999996,0.0,0.0,0.0,11.463499999999996,0.0,0.0
4115f96a-3501-4343-9bdd-4a45f2c94bc4,val_01,val_01_r2,41200004,dynamic_blockage,medium,RP_wait,true,false,false,false,22.578999999999994,0.05190000000000072,0,none,11.341399999999997,none,val_01-val_01_r2-blockage-r0-RP_wait,val_01-val_01_r2-41200004-dynamic_blockage-medium,validation,false,success,false,false,false,87.746,8.0507,22.578999999999994,0.05190000000000072,0,,wait,false,11.341399999999997,0.0,0.0,0.0,11.289499999999997,0.05190000000000072,0.0
1e8fbda1-30ee-4c10-bb7a-f846e2cf82ff,val_01,val_01_r2,41200005,planner_oscillation,medium,R0,true,false,false,false,0.0,0.0,0,none,0.0,none,val_01-val_01_r2-oscillation-r0-R0,val_01-val_01_r2-41200005-planner_oscillation-medium,validation,false,success,false,false,false,70.775,7.9568,0.0,0.0,0,,,false,0.0,0.0,0.0,0.0,0.0,0.0,0.0
067369be-b463-4792-9f94-ca1ebe6d6432,val_01,val_01_r2,41200005,planner_oscillation,medium,RP_backup,true,false,false,false,0.0,0.11199999999999921,0,none,0.11199999999999921,none,val_01-val_01_r2-oscillation-r0-RP_backup,val_01-val_01_r2-41200005-planner_oscillation-medium,validation,false,success,false,false,false,67.28,8.0688,-3.4950000000000045,0.11199999999999921,0,,backup,false,0.11199999999999921,0.0,0.0,0.0,0.0,0.11199999999999921,0.0
dd6c3535-3ec3-45fa-8602-9d9fea5d877e,val_01,val_01_r2,41200005,planner_oscillation,medium,RP_controlled_stop,true,false,false,false,0.0,0.10920000000000041,0,none,0.10920000000000041,none,val_01-val_01_r2-oscillation-r0-RP_controlled_stop,val_01-val_01_r2-41200005-planner_oscillation-medium,validation,false,success,false,false,false,69.219,8.066,-1.5560000000000116,0.10920000000000041,0,,controlled_stop,false,0.10920000000000041,0.0,0.0,0.0,0.0,0.10920000000000041,0.0
d69381da-d7e7-42b1-b86a-10c14e6b093c,val_01,val_01_r2,41200005,planner_oscillation,medium,RP_relocalise,true,false,false,false,0.0,0.040299999999999336,0,none,0.040299999999999336,none,val_01-val_01_r2-oscillation-r0-RP_relocalise,val_01-val_01_r2-41200005-planner_oscillation-medium,validation,false,success,false,false,false,67.993,7.9971,-2.7820000000000107,0.040299999999999336,0,,relocalise,false,0.040299999999999336,0.0,0.0,0.0,0.0,0.040299999999999336,0.0
f6297307-41ed-481b-bdd2-1495c1976aba,val_01,val_01_r2,41200005,planner_oscillation,medium,RP_replan_clear_costmaps,true,false,false,false,0.0,0.0,0,none,0.0,none,val_01-val_01_r2-oscillation-r0-RP_replan_clear_costmaps,val_01-val_01_r2-41200005-planner_oscillation-medium,validation,false,success,false,false,false,64.537,7.9216,-6.2379999999999995,-0.035200000000000564,0,,replan_clear_costmaps,false,0.0,0.0,0.0,0.0,0.0,0.0,0.0
7f386bae-7d46-4ec5-b06a-6a8ac613012b,val_01,val_01_r2,41200005,planner_oscillation,medium,RP_spin_active_rescan,true,false,false,false,0.0,0.059299999999999464,0,none,0.059299999999999464,none,val_01-val_01_r2-oscillation-r0-RP_spin_active_rescan,val_01-val_01_r2-41200005-planner_oscillation-medium,validation,false,success,false,false,false,66.75,8.0161,-4.025000000000006,0.059299999999999464,0,,spin_active_rescan,false,0.059299999999999464,0.0,0.0,0.0,0.0,0.059299999999999464,0.0
82098ef4-5239-461c-bcb7-88e98631f289,val_01,val_01_r2,41200005,planner_oscillation,medium,RP_wait,true,false,false,false,0.0,0.043099999999999916,0,none,0.043099999999999916,none,val_01-val_01_r2-oscillation-r0-RP_wait,val_01-val_01_r2-41200005-planner_oscillation-medium,validation,false,success,false,false,false,67.826,7.9999,-2.9490000000000123,0.043099999999999916,0,,wait,false,0.043099999999999916,0.0,0.0,0.0,0.0,0.043099999999999916,0.0
ebb45aba-94ce-4b70-9baf-cd528b6b1e14,val_01,val_01_r2,41200006,semantic_corruption,medium,R0,true,false,false,false,0.0,0.0,0,none,0.0,none,val_01-val_01_r2-semantic-r0-R0,val_01-val_01_r2-41200006-semantic_corruption-medium,validation,false,success,false,false,false,140.737,10.8165,0.0,0.0,0,,,false,0.0,0.0,0.0,0.0,0.0,0.0,0.0
6ee31667-4f96-461f-bb14-eef993bd3254,val_01,val_01_r2,41200006,semantic_corruption,medium,RP_backup,true,false,false,false,0.0,0.0,0,none,0.0,none,val_01-val_01_r2-semantic-r0-RP_backup,val_01-val_01_r2-41200006-semantic_corruption-medium,validation,false,success,false,false,false,75.336,8.1114,-65.401,-2.7051,0,,backup,false,0.0,0.0,0.0,0.0,0.0,0.0,0.0
f5a57e57-3181-4ea1-b21c-301eae33291b,val_01,val_01_r2,41200006,semantic_corruption,medium,RP_controlled_stop,true,false,false,false,0.0,0.0,0,none,0.0,none,val_01-val_01_r2-semantic-r0-RP_controlled_stop,val_01-val_01_r2-41200006-semantic_corruption-medium,validation,false,success,false,false,false,73.975,8.0815,-66.762,-2.7349999999999994,0,,controlled_stop,false,0.0,0.0,0.0,0.0,0.0,0.0,0.0
ea1aa601-1038-462e-8861-c91738a346d3,val_01,val_01_r2,41200006,semantic_corruption,medium,RP_relocalise,true,false,false,false,0.0,0.0,0,none,0.0,none,val_01-val_01_r2-semantic-r0-RP_relocalise,val_01-val_01_r2-41200006-semantic_corruption-medium,validation,false,success,false,false,false,79.427,8.1089,-61.30999999999999,-2.7075999999999993,0,,relocalise,false,0.0,0.0,0.0,0.0,0.0,0.0,0.0
b787ae0b-26fe-4187-8770-ba9f492ccac6,val_01,val_01_r2,41200006,semantic_corruption,medium,RP_replan_clear_costmaps,true,false,false,false,0.0,0.0,0,none,0.0,none,val_01-val_01_r2-semantic-r0-RP_replan_clear_costmaps,val_01-val_01_r2-41200006-semantic_corruption-medium,validation,false,success,false,false,false,74.501,8.1983,-66.23599999999999,-2.6182,0,,replan_clear_costmaps,false,0.0,0.0,0.0,0.0,0.0,0.0,0.0
a81caaed-97ad-48a9-9ec5-8327fcf82a56,val_01,val_01_r2,41200006,semantic_corruption,medium,RP_spin_active_rescan,true,false,false,false,0.0,0.0,0,none,0.0,none,val_01-val_01_r2-semantic-r0-RP_spin_active_rescan,val_01-val_01_r2-41200006-semantic_corruption-medium,validation,false,success,false,false,false,81.516,8.5284,-59.22099999999999,-2.2881,0,,spin_active_rescan,false,0.0,0.0,0.0,0.0,0.0,0.0,0.0
4c7b1083-901c-48c9-8ed5-419a23d3362e,val_01,val_01_r2,41200006,semantic_corruption,medium,RP_wait,true,false,false,false,0.0,0.0,0,none,0.0,none,val_01-val_01_r2-semantic-r0-RP_wait,val_01-val_01_r2-41200006-semantic_corruption-medium,validation,false,success,false,false,false,76.17,8.3421,-64.567,-2.4743999999999993,0,,wait,false,0.0,0.0,0.0,0.0,0.0,0.0,0.0
2cd6bfa7-107f-4e9a-b566-ef3ff4987c9b,val_01,val_01_r3,41300000,camera_occlusion,medium,R0,false,false,false,false,0.0,0.0,0,none,40.0,none,val_01-val_01_r3-camera-r0-R0,val_01-val_01_r3-41300000-camera_occlusion-medium,validation,false,false_arrival,true,false,false,215.44,13.4193,0.0,0.0,0,,,false,40.0,0.0,40.0,0.0,0.0,0.0,0.0
5205b634-e239-4f6a-a7d8-ad609abbedc6,val_01,val_01_r3,41300000,camera_occlusion,medium,RP_backup,false,false,false,false,0.0,0.0,0,none,40.0,none,val_01-val_01_r3-camera-r0-RP_backup,val_01-val_01_r3-41300000-camera_occlusion-medium,validation,false,false_arrival,true,false,false,202.446,12.2635,-12.994,-1.1557999999999993,0,,backup,false,40.0,0.0,40.0,0.0,0.0,0.0,0.0
4121d067-82b0-45be-8edb-d55225b884be,val_01,val_01_r3,41300000,camera_occlusion,medium,RP_controlled_stop,true,false,false,false,18.415999999999997,0.0,0,none,9.207999999999998,none,val_01-val_01_r3-camera-r0-RP_controlled_stop,val_01-val_01_r3-41300000-camera_occlusion-medium,validation,false,success,false,false,false,233.856,12.7866,18.415999999999997,-0.6326999999999998,0,,controlled_stop,false,9.207999999999998,0.0,0.0,0.0,9.207999999999998,0.0,0.0
716a27bd-b9ac-4b0c-9715-4366ffd4a758,val_01,val_01_r3,41300000,camera_occlusion,medium,RP_relocalise,false,false,false,false,9.311000000000007,0.0,0,none,44.6555,none,val_01-val_01_r3-camera-r0-RP_relocalise,val_01-val_01_r3-41300000-camera_occlusion-medium,validation,false,planner_failure,true,false,false,224.751,12.1028,9.311000000000007,-1.3164999999999996,0,,relocalise,false,44.6555,0.0,40.0,0.0,4.6555000000000035,0.0,0.0
344d2c3c-ecb7-47df-a515-4b2fcafe5d71,val_01,val_01_r3,41300000,camera_occlusion,medium,RP_replan_clear_costmaps,false,false,false,false,25.37100000000001,0.0,0,none,52.685500000000005,none,val_01-val_01_r3-camera-r0-RP_replan_clear_costmaps,val_01-val_01_r3-41300000-camera_occlusion-medium,validation,false,timeout,true,false,false,240.811,12.7562,25.37100000000001,-0.6631,0,,replan_clear_costmaps,false,52.685500000000005,0.0,40.0,0.0,12.685500000000005,0.0,0.0
ccb00490-39b1-4569-a31d-8030b480397b,val_01,val_01_r3,41300000,camera_occlusion,medium,RP_spin_active_rescan,true,false,false,false,18.44999999999999,0.0,0,none,9.224999999999994,none,val_01-val_01_r3-camera-r0-RP_spin_active_rescan,val_01-val_01_r3-41300000-camera_occlusion-medium,validation,false,success,false,false,false,233.89,12.013,18.44999999999999,-1.4062999999999999,0,,spin_active_rescan,false,9.224999999999994,0.0,0.0,0.0,9.224999999999994,0.0,0.0
c1f41cae-d4c7-471d-9eca-ffb8233c5e75,val_01,val_01_r3,41300000,camera_occlusion,medium,RP_wait,true,false,false,false,0.0,0.0,0,none,0.0,none,val_01-val_01_r3-camera-r0-RP_wait,val_01-val_01_r3-41300000-camera_occlusion-medium,validation,false,success,false,false,false,160.341,11.743,-55.09899999999999,-1.6762999999999995,0,,wait,false,0.0,0.0,0.0,0.0,0.0,0.0,0.0
e3233df9-92ae-4226-b31b-623c4bed5c0c,val_01,val_01_r3,41300001,lidar_dropout,medium,R0,false,false,false,false,0.0,0.0,0,none,0.0,none,val_01-val_01_r3-lidar-r0-R0,val_01-val_01_r3-41300001-lidar_dropout-medium,validation,false,false_arrival,true,false,false,182.2,11.837,0.0,0.0,0,,,false,40.0,0.0,40.0,0.0,0.0,0.0,0.0
9dcfb2ba-d5a8-48d7-bd31-47ce59782f54,val_01,val_01_r3,41300001,lidar_dropout,medium,RP_backup,false,false,false,false,0.0,0.4399999999999995,1,backup,0.4399999999999977,none,val_01-val_01_r3-lidar-r0-RP_backup,val_01-val_01_r3-41300001-lidar_dropout-medium,validation,false,false_arrival,true,false,false,151.151,12.277,-31.048999999999978,0.4399999999999995,1,134.254,backup,false,40.44,0.0,40.0,0.0,0.0,0.4399999999999995,0.0
6867e0ee-c76e-46b4-9729-5042c246c3c5,val_01,val_01_r3,41300001,lidar_dropout,medium,RP_controlled_stop,false,false,false,false,0.0,0.0,1,controlled_stop,0.0,none,val_01-val_01_r3-lidar-r0-RP_controlled_stop,val_01-val_01_r3-41300001-lidar_dropout-medium,validation,false,false_arrival,true,false,false,132.421,11.3922,-49.778999999999996,-0.444799999999999,1,121.685,controlled_stop,false,40.0,0.0,40.0,0.0,0.0,0.0,0.0
6457ac12-9caa-4560-a755-61f0a27a5f5d,val_01,val_01_r3,41300001,lidar_dropout,medium,RP_relocalise,false,false,false,true,0.0,0.0,1,controlled_stop,0.0,none,val_01-val_01_r3-lidar-r0-RP_relocalise,val_01-val_01_r3-41300001-lidar_dropout-medium,validation,false,false_arrival,true,false,false,124.7,10.888,-57.499999999999986,-0.9489999999999998,1,117.328,relocalise,false,40.0,0.0,40.0,0.0,0.0,0.0,0.0
bcb34e2e-1be4-43f9-88b3-0841a69dcc91,val_01,val_01_r3,41300001,lidar_dropout,medium,RP_replan_clear_costmaps,false,false,false,false,0.0,0.0,1,replan_clear_costmaps,0.0,none,val_01-val_01_r3-lidar-r0-RP_replan_clear_costmaps,val_01-val_01_r3-41300001-lidar_dropout-medium,validation,false,false_arrival,true,false,false,124.792,10.9458,-57.40799999999999,-0.8911999999999995,1,115.436,replan_clear_costmaps,false,40.0,0.0,40.0,0.0,0.0,0.0,0.0
8e9cbecb-c346-440f-9213-382578c30559,val_01,val_01_r3,41300001,lidar_dropout,medium,RP_spin_active_rescan,false,false,false,false,0.0,0.0,0,none,0.0,none,val_01-val_01_r3-lidar-r0-RP_spin_active_rescan,val_01-val_01_r3-41300001-lidar_dropout-medium,validation,false,false_arrival,true,false,false,126.836,11.0634,-55.36399999999999,-0.7736000000000001,0,,spin_active_rescan,false,40.0,0.0,40.0,0.0,0.0,0.0,0.0
80d9346a-d429-4ce7-85e6-07468da4a8fc,val_01,val_01_r3,41300001,lidar_dropout,medium,RP_wait,false,false,false,true,10.609000000000009,0.7805,2,controlled_stop,6.085000000000008,none,val_01-val_01_r3-lidar-r0-RP_wait,val_01-val_01_r3-41300001-lidar_dropout-medium,validation,false,false_arrival,true,false,false,192.809,12.6175,10.609000000000009,0.7805,2,141.838,wait,false,46.08500000000001,0.0,40.0,0.0,5.304500000000004,0.7805,0.0
53e3051a-8a44-4d68-8ce6-0baeb2b4de54,val_01,val_01_r3,41300002,wheel_slip,medium,R0,false,false,false,false,0.0,0.0,0,none,0.0,none,val_01-val_01_r3-wheel-r0-R0,val_01-val_01_r3-41300002-wheel_slip-medium,validation,false,false_arrival,true,false,false,114.459,10.9155,0.0,0.0,0,,,false,40.0,0.0,40.0,0.0,0.0,0.0,0.0
d28d6ee6-0dbf-4fe3-b24e-508d227a2209,val_01,val_01_r3,41300002,wheel_slip,medium,RP_backup,false,false,false,false,9.132999999999996,0.10020000000000095,0,none,24.66669999999999,none,val_01-val_01_r3-wheel-r0-RP_backup,val_01-val_01_r3-41300002-wheel_slip-medium,validation,false,false_arrival,true,true,false,123.592,11.0157,9.132999999999996,0.10020000000000095,1,122.479,backup,false,64.66669999999999,0.0,40.0,20.0,4.566499999999998,0.10020000000000095,0.0
6ca762c4-9ef5-4a79-a2e6-7d8b1e8b7236,val_01,val_01_r3,41300002,wheel_slip,medium,RP_controlled_stop,false,false,false,false,20.784999999999997,0.2286999999999999,1,controlled_stop,10.621200000000002,none,val_01-val_01_r3-wheel-r0-RP_controlled_stop,val_01-val_01_r3-41300002-wheel_slip-medium,validation,false,false_arrival,true,false,false,135.244,11.1442,20.784999999999997,0.2286999999999999,1,131.292,controlled_stop,false,50.6212,0.0,40.0,0.0,10.392499999999998,0.2286999999999999,0.0
1cc54228-4bec-4ec2-8b06-22bf3c3f2057,val_01,val_01_r3,41300002,wheel_slip,medium,RP_relocalise,false,false,false,false,11.926000000000002,0.4665999999999997,0,none,6.429600000000001,none,val_01-val_01_r3-wheel-r0-RP_relocalise,val_01-val_01_r3-41300002-wheel_slip-medium,validation,false,false_arrival,true,false,false,126.385,11.3821,11.926000000000002,0.4665999999999997,0,,relocalise,false,46.4296,0.0,40.0,0.0,5.963000000000001,0.4665999999999997,0.0
647bf48f-3112-46fc-9be7-6d671a93d1b2,val_01,val_01_r3,41300002,wheel_slip,medium,RP_replan_clear_costmaps,false,false,false,false,15.482,0.2666000000000004,1,replan_clear_costmaps,8.007599999999996,none,val_01-val_01_r3-wheel-r0-RP_replan_clear_costmaps,val_01-val_01_r3-41300002-wheel_slip-medium,validation,false,false_arrival,true,false,false,129.941,11.1821,15.482,0.2666000000000004,1,122.384,replan_clear_costmaps,false,48.0076,0.0,40.0,0.0,7.741,0.2666000000000004,0.0
7f093702-ead2-470d-ae6e-40a9ef2277ca,val_01,val_01_r3,41300002,wheel_slip,medium,RP_spin_active_rescan,false,false,false,false,13.721000000000004,0.11470000000000091,0,none,6.975200000000001,none,val_01-val_01_r3-wheel-r0-RP_spin_active_rescan,val_01-val_01_r3-41300002-wheel_slip-medium,validation,false,false_arrival,true,false,false,128.18,11.0302,13.721000000000004,0.11470000000000091,0,,spin_active_rescan,false,46.9752,0.0,40.0,0.0,6.860500000000002,0.11470000000000091,0.0
838f4548-a375-4d8c-a94e-413411e90aad,val_01,val_01_r3,41300002,wheel_slip,medium,RP_wait,false,false,false,true,7.957999999999998,0.016199999999999548,1,controlled_stop,3.995199999999997,none,val_01-val_01_r3-wheel-r0-RP_wait,val_01-val_01_r3-41300002-wheel_slip-medium,validation,false,false_arrival,true,false,false,122.417,10.9317,7.957999999999998,0.016199999999999548,1,125.806,wait,false,43.9952,0.0,40.0,0.0,3.978999999999999,0.016199999999999548,0.0
7b0a8156-e9b2-4535-9566-f1a8d67c9620,val_01,val_01_r3,41300003,localisation_perturbation,medium,R0,false,false,false,false,0.0,0.0,0,none,0.0,none,val_01-val_01_r3-localisation-r0-R0,val_01-val_01_r3-41300003-localisation_perturbation-medium,validation,false,false_arrival,true,false,false,131.509,11.0174,0.0,0.0,0,,,false,40.0,0.0,40.0,0.0,0.0,0.0,0.0
1798ce21-dfdf-45ad-9d7f-9c9fcadf0e64,val_01,val_01_r3,41300003,localisation_perturbation,medium,RP_backup,false,false,false,false,4.460000000000008,0.4328000000000003,1,backup,2.6628000000000043,none,val_01-val_01_r3-localisation-r0-RP_backup,val_01-val_01_r3-41300003-localisation_perturbation-medium,validation,false,false_arrival,true,false,false,135.969,11.4502,4.460000000000008,0.4328000000000003,1,122.305,backup,false,42.662800000000004,0.0,40.0,0.0,2.230000000000004,0.4328000000000003,0.0
6ad05854-ebdb-4b86-8fdb-6069865587c5,val_01,val_01_r3,41300003,localisation_perturbation,medium,RP_controlled_stop,false,false,false,false,2.703000000000003,0.2850999999999999,1,controlled_stop,1.6366000000000014,none,val_01-val_01_r3-localisation-r0-RP_controlled_stop,val_01-val_01_r3-41300003-localisation_perturbation-medium,validation,false,false_arrival,true,false,false,134.212,11.3025,2.703000000000003,0.2850999999999999,1,126.626,controlled_stop,false,41.6366,0.0,40.0,0.0,1.3515000000000015,0.2850999999999999,0.0
d45a199d-4ad1-48e1-995d-11f8640ccd2e,val_01,val_01_r3,41300003,localisation_perturbation,medium,RP_relocalise,false,false,false,true,5.470000000000027,0.26200000000000045,1,controlled_stop,2.997000000000014,none,val_01-val_01_r3-localisation-r0-RP_relocalise,val_01-val_01_r3-41300003-localisation_perturbation-medium,validation,false,false_arrival,true,false,false,136.979,11.2794,5.470000000000027,0.26200000000000045,1,125.716,relocalise,false,42.997000000000014,0.0,40.0,0.0,2.7350000000000136,0.26200000000000045,0.0
2a84afdc-54af-4347-9974-6ea4789cd642,val_01,val_01_r3,41300003,localisation_perturbation,medium,RP_replan_clear_costmaps,false,false,false,false,0.0,0.06299999999999883,0,none,0.06300000000000239,none,val_01-val_01_r3-localisation-r0-RP_replan_clear_costmaps,val_01-val_01_r3-41300003-localisation_perturbation-medium,validation,false,false_arrival,true,false,false,127.264,11.0804,-4.24499999999999,0.06299999999999883,0,,replan_clear_costmaps,false,40.063,0.0,40.0,0.0,0.0,0.06299999999999883,0.0
9768394e-a4bf-4de7-bc06-68b9d3f31443,val_01,val_01_r3,41300003,localisation_perturbation,medium,RP_spin_active_rescan,false,false,false,false,8.15900000000002,0.3631999999999991,0,none,4.442700000000009,none,val_01-val_01_r3-localisation-r0-RP_spin_active_rescan,val_01-val_01_r3-41300003-localisation_perturbation-medium,validation,false,false_arrival,true,false,false,139.668,11.3806,8.15900000000002,0.3631999999999991,0,,spin_active_rescan,false,44.44270000000001,0.0,40.0,0.0,4.07950000000001,0.3631999999999991,0.0
a80e50d9-c667-402a-bf20-a60f89dc1247,val_01,val_01_r3,41300003,localisation_perturbation,medium,RP_wait,false,false,false,true,0.0,0.06219999999999892,1,controlled_stop,0.062199999999997146,none,val_01-val_01_r3-localisation-r0-RP_wait,val_01-val_01_r3-41300003-localisation_perturbation-medium,validation,false,false_arrival,true,false,false,124.895,11.0796,-6.61399999999999,0.06219999999999892,1,122.125,wait,false,40.0622,0.0,40.0,0.0,0.0,0.06219999999999892,0.0
e748154c-1e48-476d-a557-33deb9d49dd6,val_01,val_01_r3,41300004,dynamic_blockage,medium,R0,false,false,false,false,0.0,0.0,0,none,0.0,none,val_01-val_01_r3-blockage-r0-R0,val_01-val_01_r3-41300004-dynamic_blockage-medium,validation,false,timeout,true,false,false,240.708,6.0652,0.0,0.0,0,,,false,40.0,0.0,40.0,0.0,0.0,0.0,0.0
1e717d5f-90a2-41ff-b3a6-25cde282e331,val_01,val_01_r3,41300004,dynamic_blockage,medium,RP_backup,false,false,false,false,0.07499999999998863,0.26700000000000035,0,none,0.30449999999999733,none,val_01-val_01_r3-blockage-r0-RP_backup,val_01-val_01_r3-41300004-dynamic_blockage-medium,validation,false,timeout,true,false,false,240.783,6.3322,0.07499999999998863,0.26700000000000035,0,,backup,false,40.3045,0.0,40.0,0.0,0.037499999999994316,0.26700000000000035,0.0
b6cafb5b-9ad4-4893-b1d0-1c935149d99c,val_01,val_01_r3,41300004,dynamic_blockage,medium,RP_controlled_stop,false,false,false,false,0.014000000000010004,4.377,0,none,4.3840000000000074,none,val_01-val_01_r3-blockage-r0-RP_controlled_stop,val_01-val_01_r3-41300004-dynamic_blockage-medium,validation,false,timeout,true,false,false,240.722,10.4422,0.014000000000010004,4.377,0,,controlled_stop,false,44.38400000000001,0.0,40.0,0.0,0.007000000000005002,4.377,0.0
9facfd59-e24f-40e3-b5b1-5278419df1f7,val_01,val_01_r3,41300004,dynamic_blockage,medium,RP_relocalise,false,false,false,false,0.009000000000014552,0.0,0,none,0.004500000000007276,none,val_01-val_01_r3-blockage-r0-RP_relocalise,val_01-val_01_r3-41300004-dynamic_blockage-medium,validation,false,timeout,true,false,false,240.717,5.7746,0.009000000000014552,-0.2905999999999995,0,,relocalise,false,40.00450000000001,0.0,40.0,0.0,0.004500000000007276,0.0,0.0
dd127be6-74bb-449c-9114-6f014996f821,val_01,val_01_r3,41300004,dynamic_blockage,medium,RP_replan_clear_costmaps,false,false,false,false,0.028999999999996362,0.0,0,none,0.014499999999998181,none,val_01-val_01_r3-blockage-r0-RP_replan_clear_costmaps,val_01-val_01_r3-41300004-dynamic_blockage-medium,validation,false,timeout,true,false,false,240.737,5.7557,0.028999999999996362,-0.3094999999999999,0,,replan_clear_costmaps,false,40.0145,0.0,40.0,0.0,0.014499999999998181,0.0,0.0
9a207cbe-ecbc-4e74-b6ea-c201b8456f61,val_01,val_01_r3,41300004,dynamic_blockage,medium,RP_spin_active_rescan,false,false,false,false,0.05099999999998772,0.0,0,none,0.02549999999999386,none,val_01-val_01_r3-blockage-r0-RP_spin_active_rescan,val_01-val_01_r3-41300004-dynamic_blockage-medium,validation,false,timeout,true,false,false,240.759,5.3596,0.05099999999998772,-0.7055999999999996,0,,spin_active_rescan,false,40.025499999999994,0.0,40.0,0.0,0.02549999999999386,0.0,0.0
748be12b-a5f2-4235-a507-d1f52cc641fc,val_01,val_01_r3,41300004,dynamic_blockage,medium,RP_wait,false,false,false,true,0.0,4.624099999999999,1,controlled_stop,4.6240999999999985,none,val_01-val_01_r3-blockage-r0-RP_wait-infra-replacement-001,val_01-val_01_r3-41300004-dynamic_blockage-medium,validation,false,false_arrival,true,false,false,106.411,10.6893,-134.297,4.624099999999999,1,115.788,wait,false,44.6241,0.0,40.0,0.0,0.0,4.624099999999999,0.0
8aa013d3-81e0-4d07-8c6f-e75eef989460,val_01,val_01_r3,41300005,planner_oscillation,medium,R0,false,false,false,false,0.0,0.0,0,none,0.0,none,val_01-val_01_r3-oscillation-r0-R0,val_01-val_01_r3-41300005-planner_oscillation-medium,validation,false,timeout,true,false,false,240.794,10.5378,0.0,0.0,0,,,false,40.0,0.0,40.0,0.0,0.0,0.0,0.0
9fa5724c-ba45-4c2b-b680-c1f1ed8ff4b7,val_01,val_01_r3,41300005,planner_oscillation,medium,RP_backup,false,false,false,false,0.0,2.958599999999999,0,none,2.958599999999997,none,val_01-val_01_r3-oscillation-r0-RP_backup,val_01-val_01_r3-41300005-planner_oscillation-medium,validation,false,planner_failure,true,false,false,220.169,13.4964,-20.625,2.958599999999999,0,,backup,false,42.9586,0.0,40.0,0.0,0.0,2.958599999999999,0.0
dfbac938-69cf-4300-b91b-c39cf38c78c4,val_01,val_01_r3,41300005,planner_oscillation,medium,RP_controlled_stop,false,false,false,true,0.0,0.0,5,controlled_stop,0.0,none,val_01-val_01_r3-oscillation-r0-RP_controlled_stop,val_01-val_01_r3-41300005-planner_oscillation-medium,validation,false,timeout,true,false,false,240.712,8.702,-0.08200000000002206,-1.8358000000000008,5,108.477,controlled_stop,false,40.0,0.0,40.0,0.0,0.0,0.0,0.0
26925cf7-db35-4a85-a2d9-564ea9cd5dff,val_01,val_01_r3,41300005,planner_oscillation,medium,RP_relocalise,false,false,false,true,0.0,0.0,5,controlled_stop,0.0,none,val_01-val_01_r3-oscillation-r0-RP_relocalise,val_01-val_01_r3-41300005-planner_oscillation-medium,validation,false,timeout,true,false,false,111.028,4.6358,-129.76600000000002,-5.902000000000001,5,61.798,relocalise,false,40.0,0.0,40.0,0.0,0.0,0.0,0.0
1f4ada94-1dfb-42f4-b05e-15cf364d70f2,val_01,val_01_r3,41300005,planner_oscillation,medium,RP_replan_clear_costmaps,false,false,false,true,0.0,0.0,5,replan_clear_costmaps,0.0,none,val_01-val_01_r3-oscillation-r0-RP_replan_clear_costmaps,val_01-val_01_r3-41300005-planner_oscillation-medium,validation,false,timeout,true,false,false,95.069,4.0522,-145.72500000000002,-6.485600000000001,5,47.843,replan_clear_costmaps,false,40.0,0.0,40.0,0.0,0.0,0.0,0.0
506ff541-0d10-46d6-b40a-5ca58470c68c,val_01,val_01_r3,41300005,planner_oscillation,medium,RP_spin_active_rescan,false,false,false,false,0.0,2.8979999999999997,2,spin_active_rescan,2.897999999999996,none,val_01-val_01_r3-oscillation-r0-RP_spin_active_rescan,val_01-val_01_r3-41300005-planner_oscillation-medium,validation,false,timeout,true,false,false,240.773,13.4358,-0.021000000000015007,2.8979999999999997,2,209.201,spin_active_rescan,false,42.897999999999996,0.0,40.0,0.0,0.0,2.8979999999999997,0.0
116d80bd-d936-4ce3-b36d-13dc511c831d,val_01,val_01_r3,41300005,planner_oscillation,medium,RP_wait,false,false,false,false,0.0,0.0,0,none,0.0,none,val_01-val_01_r3-oscillation-r0-RP_wait,val_01-val_01_r3-41300005-planner_oscillation-medium,validation,false,planner_failure,true,false,false,64.442,5.8749,-176.35200000000003,-4.6629000000000005,0,,wait,false,40.0,0.0,40.0,0.0,0.0,0.0,0.0
5f05cdd2-2381-442d-b3d7-e47b5b9072c3,val_01,val_01_r3,41300006,semantic_corruption,medium,R0,false,false,false,false,0.0,0.0,0,none,40.0,none,val_01-val_01_r3-semantic-r0-R0,val_01-val_01_r3-41300006-semantic_corruption-medium,validation,false,false_arrival,true,false,false,201.032,13.8353,0.0,0.0,0,,,false,40.0,0.0,40.0,0.0,0.0,0.0,0.0
990fa564-6fd3-48cc-98d9-cef4634f0555,val_01,val_01_r3,41300006,semantic_corruption,medium,RP_backup,false,false,false,false,21.45399999999998,0.0,0,none,50.72699999999999,none,val_01-val_01_r3-semantic-r0-RP_backup,val_01-val_01_r3-41300006-semantic_corruption-medium,validation,false,planner_failure,true,false,false,222.486,12.1026,21.45399999999998,-1.7326999999999995,0,,backup,false,50.72699999999999,0.0,40.0,0.0,10.72699999999999,0.0,0.0
14cb3a28-fdcd-47e2-a629-d2894834807c,val_01,val_01_r3,41300006,semantic_corruption,medium,RP_controlled_stop,true,false,false,false,0.0,0.0,0,none,0.0,none,val_01-val_01_r3-semantic-r0-RP_controlled_stop,val_01-val_01_r3-41300006-semantic_corruption-medium,validation,false,success,false,false,false,150.853,10.5771,-50.179,-3.2582000000000004,0,,controlled_stop,false,0.0,0.0,0.0,0.0,0.0,0.0,0.0
fd36d81a-35a4-4b09-a3a6-72d546642acb,val_01,val_01_r3,41300006,semantic_corruption,medium,RP_relocalise,true,false,false,false,39.05199999999999,0.0,0,none,15.0,none,val_01-val_01_r3-semantic-r0-RP_relocalise,val_01-val_01_r3-41300006-semantic_corruption-medium,validation,false,success,false,false,false,240.084,11.99,39.05199999999999,-1.8453,0,,relocalise,false,15.0,0.0,0.0,0.0,15.0,0.0,0.0
457a51d5-2694-4385-8c8a-ff8efb993055,val_01,val_01_r3,41300006,semantic_corruption,medium,RP_replan_clear_costmaps,true,false,false,false,0.0,0.0,0,none,0.0,none,val_01-val_01_r3-semantic-r0-RP_replan_clear_costmaps,val_01-val_01_r3-41300006-semantic_corruption-medium,validation,false,success,false,false,false,140.754,11.0702,-60.27800000000002,-2.7651000000000003,0,,replan_clear_costmaps,false,0.0,0.0,0.0,0.0,0.0,0.0,0.0
086c304f-4ea9-4782-8760-a7f1becb269c,val_01,val_01_r3,41300006,semantic_corruption,medium,RP_spin_active_rescan,true,false,false,false,20.788999999999987,0.0,0,none,10.394499999999994,none,val_01-val_01_r3-semantic-r0-RP_spin_active_rescan,val_01-val_01_r3-41300006-semantic_corruption-medium,validation,false,success,false,false,false,221.821,11.9667,20.788999999999987,-1.8686000000000007,0,,spin_active_rescan,false,10.394499999999994,0.0,0.0,0.0,10.394499999999994,0.0,0.0
65800c1e-27f0-4252-8f53-7ed3d2f2188a,val_01,val_01_r3,41300006,semantic_corruption,medium,RP_wait,true,false,false,false,0.0,0.0,0,none,0.0,none,val_01-val_01_r3-semantic-r0-RP_wait,val_01-val_01_r3-41300006-semantic_corruption-medium,validation,false,success,false,false,false,147.948,10.5576,-53.084,-3.2776999999999994,0,,wait,false,0.0,0.0,0.0,0.0,0.0,0.0,0.0
11a372e7-a839-4010-893a-b7d101ba8181,val_01,val_01_r4,41400000,camera_occlusion,medium,R0,true,false,false,false,0.0,0.0,0,none,0.0,none,val_01-val_01_r4-camera-r0-R0,val_01-val_01_r4-41400000-camera_occlusion-medium,validation,false,success,false,false,false,190.269,13.8905,0.0,0.0,0,,,false,0.0,0.0,0.0,0.0,0.0,0.0,0.0
a6fd2aa0-fdea-4c6f-a645-48deff3c4946,val_01,val_01_r4,41400000,camera_occlusion,medium,RP_backup,true,false,false,false,0.0,0.0,0,none,0.0,none,val_01-val_01_r4-camera-r0-RP_backup,val_01-val_01_r4-41400000-camera_occlusion-medium,validation,false,success,false,false,false,158.214,13.5455,-32.05500000000001,-0.34499999999999886,0,,backup,false,0.0,0.0,0.0,0.0,0.0,0.0,0.0
726229c4-fac6-49bd-b6e9-9645e4a15a88,val_01,val_01_r4,41400000,camera_occlusion,medium,RP_controlled_stop,true,false,false,false,0.0,0.0,0,none,0.0,none,val_01-val_01_r4-camera-r0-RP_controlled_stop,val_01-val_01_r4-41400000-camera_occlusion-medium,validation,false,success,false,false,false,155.26,13.1649,-35.009000000000015,-0.7256,0,,controlled_stop,false,0.0,0.0,0.0,0.0,0.0,0.0,0.0
1973834f-5177-4ccd-8ee2-e8f1655168af,val_01,val_01_r4,41400000,camera_occlusion,medium,RP_relocalise,true,false,false,true,0.0,0.0,1,controlled_stop,5.0,none,val_01-val_01_r4-camera-r0-RP_relocalise,val_01-val_01_r4-41400000-camera_occlusion-medium,validation,false,success,false,false,true,153.66,13.004,-36.60900000000001,-0.8864999999999998,1,164.649,relocalise,false,5.0,0.0,0.0,0.0,0.0,0.0,5.0
04a36022-f859-4dc9-a1b7-213197c0b60d,val_01,val_01_r4,41400000,camera_occlusion,medium,RP_replan_clear_costmaps,true,false,false,false,26.218999999999994,2.229300000000002,0,none,15.338799999999999,none,val_01-val_01_r4-camera-r0-RP_replan_clear_costmaps,val_01-val_01_r4-41400000-camera_occlusion-medium,validation,false,success,false,false,false,216.488,16.1198,26.218999999999994,2.229300000000002,0,,replan_clear_costmaps,false,15.338799999999999,0.0,0.0,0.0,13.109499999999997,2.229300000000002,0.0
7291ef3d-b358-4e75-9a3f-00f66d6b6cb1,val_01,val_01_r4,41400000,camera_occlusion,medium,RP_spin_active_rescan,true,false,false,false,0.0,0.0,1,spin_active_rescan,5.0,none,val_01-val_01_r4-camera-r0-RP_spin_active_rescan,val_01-val_01_r4-41400000-camera_occlusion-medium,validation,false,success,false,false,true,175.762,13.4349,-14.507000000000005,-0.4555999999999987,1,170.546,spin_active_rescan,false,5.0,0.0,0.0,0.0,0.0,0.0,5.0
b278e6d8-5c7d-4e12-a04a-fa0c4a43ab61,val_01,val_01_r4,41400000,camera_occlusion,medium,RP_wait,true,false,false,false,2.969999999999999,0.0,0,none,1.4849999999999994,none,val_01-val_01_r4-camera-r0-RP_wait,val_01-val_01_r4-41400000-camera_occlusion-medium,validation,false,success,false,false,false,193.239,13.3613,2.969999999999999,-0.5291999999999994,0,,wait,false,1.4849999999999994,0.0,0.0,0.0,1.4849999999999994,0.0,0.0
67b83b06-ce14-40fd-8667-3602f03879b8,val_01,val_01_r4,41400001,lidar_dropout,medium,R0,true,false,false,false,0.0,0.0,0,none,0.0,none,val_01-val_01_r4-lidar-r0-R0,val_01-val_01_r4-41400001-lidar_dropout-medium,validation,false,success,false,false,false,204.119,13.9169,0.0,0.0,0,,,false,0.0,0.0,0.0,0.0,0.0,0.0,0.0
4097a15f-3612-4d88-85d1-4d612fc5968b,val_01,val_01_r4,41400001,lidar_dropout,medium,RP_backup,true,false,false,false,0.0,0.0,0,none,0.0,none,val_01-val_01_r4-lidar-r0-RP_backup,val_01-val_01_r4-41400001-lidar_dropout-medium,validation,false,success,false,false,false,148.053,12.749,-56.066,-1.1678999999999995,0,,backup,false,0.0,0.0,0.0,0.0,0.0,0.0,0.0
f2e5e8e9-5e30-49f8-9f96-2912f1484686,val_01,val_01_r4,41400001,lidar_dropout,medium,RP_controlled_stop,true,false,false,false,9.811000000000007,1.1064000000000007,1,controlled_stop,11.011900000000004,none,val_01-val_01_r4-lidar-r0-RP_controlled_stop,val_01-val_01_r4-41400001-lidar_dropout-medium,validation,false,success,false,false,true,213.93,15.0233,9.811000000000007,1.1064000000000007,1,26.606,controlled_stop,false,11.011900000000004,0.0,0.0,0.0,4.9055000000000035,1.1064000000000007,5.0
aa758a46-878a-4a40-95d4-1f4ec98f3e03,val_01,val_01_r4,41400001,lidar_dropout,medium,RP_relocalise,true,false,false,false,0.0,0.0,0,none,0.0,none,val_01-val_01_r4-lidar-r0-RP_relocalise,val_01-val_01_r4-41400001-lidar_dropout-medium,validation,false,success,false,false,false,159.781,13.6423,-44.337999999999994,-0.2745999999999995,0,,relocalise,false,0.0,0.0,0.0,0.0,0.0,0.0,0.0
4de628a1-73a2-4ca9-a7d3-71abb0981313,val_01,val_01_r4,41400001,lidar_dropout,medium,RP_replan_clear_costmaps,true,false,false,false,0.0,0.0,0,none,0.0,none,val_01-val_01_r4-lidar-r0-RP_replan_clear_costmaps,val_01-val_01_r4-41400001-lidar_dropout-medium,validation,false,success,false,false,false,202.083,13.6799,-2.0360000000000014,-0.2370000000000001,0,,replan_clear_costmaps,false,0.0,0.0,0.0,0.0,0.0,0.0,0.0
77e37266-43eb-4a2e-bcfd-bad10897f84d,val_01,val_01_r4,41400001,lidar_dropout,medium,RP_spin_active_rescan,true,false,false,false,0.0,0.0,0,none,0.0,none,val_01-val_01_r4-lidar-r0-RP_spin_active_rescan,val_01-val_01_r4-41400001-lidar_dropout-medium,validation,false,success,false,false,false,193.988,13.4735,-10.131,-0.44340000000000046,0,,spin_active_rescan,false,0.0,0.0,0.0,0.0,0.0,0.0,0.0
9db09132-9748-439d-9038-84d90406d10a,val_01,val_01_r4,41400001,lidar_dropout,medium,RP_wait,true,false,false,true,0.0,0.0,1,controlled_stop,5.0,none,val_01-val_01_r4-lidar-r0-RP_wait,val_01-val_01_r4-41400001-lidar_dropout-medium,validation,false,success,false,false,true,140.852,12.4026,-63.266999999999996,-1.5143000000000004,1,25.473,wait,false,5.0,0.0,0.0,0.0,0.0,0.0,5.0
03233354-d2ea-4071-9514-f86d178263fc,val_01,val_01_r4,41400002,wheel_slip,medium,R0,true,false,false,false,0.0,0.0,0,none,0.0,none,val_01-val_01_r4-wheel-r0-R0,val_01-val_01_r4-41400002-wheel_slip-medium,validation,false,success,false,false,false,134.886,12.3656,0.0,0.0,0,,,false,0.0,0.0,0.0,0.0,0.0,0.0,0.0
54364a86-1b91-49b2-a5a6-2c50552225ec,val_01,val_01_r4,41400002,wheel_slip,medium,RP_backup,true,false,false,false,0.0,0.0,0,none,0.0,none,val_01-val_01_r4-wheel-r0-RP_backup,val_01-val_01_r4-41400002-wheel_slip-medium,validation,false,success,false,false,false,128.91,12.3062,-5.975999999999999,-0.05940000000000012,0,,backup,false,0.0,0.0,0.0,0.0,0.0,0.0,0.0
39565c03-cd68-4c6b-8867-ebf79915e14c,val_01,val_01_r4,41400002,wheel_slip,medium,RP_controlled_stop,true,false,false,false,0.0,0.0,0,none,0.0,none,val_01-val_01_r4-wheel-r0-RP_controlled_stop,val_01-val_01_r4-41400002-wheel_slip-medium,validation,false,success,false,false,false,133.8,12.2858,-1.0859999999999843,-0.07980000000000054,0,,controlled_stop,false,0.0,0.0,0.0,0.0,0.0,0.0,0.0
074f6ece-faae-459d-a0f0-366acc1aebf2,val_01,val_01_r4,41400002,wheel_slip,medium,RP_relocalise,true,false,false,false,0.0,0.06259999999999977,0,none,0.06259999999999977,none,val_01-val_01_r4-wheel-r0-RP_relocalise,val_01-val_01_r4-41400002-wheel_slip-medium,validation,false,success,false,false,false,130.874,12.4282,-4.0120000000000005,0.06259999999999977,0,,relocalise,false,0.06259999999999977,0.0,0.0,0.0,0.0,0.06259999999999977,0.0
5eb44470-9ae1-4adf-85d6-27fbcdc110be,val_01,val_01_r4,41400002,wheel_slip,medium,RP_replan_clear_costmaps,true,false,false,false,53.696,0.7982999999999993,0,none,15.7983,none,val_01-val_01_r4-wheel-r0-RP_replan_clear_costmaps,val_01-val_01_r4-41400002-wheel_slip-medium,validation,false,success,false,false,false,188.582,13.1639,53.696,0.7982999999999993,0,,replan_clear_costmaps,false,15.7983,0.0,0.0,0.0,15.0,0.7982999999999993,0.0
1f6ff981-7007-4024-9560-6877f4891fdf,val_01,val_01_r4,41400002,wheel_slip,medium,RP_spin_active_rescan,true,false,false,false,0.0,0.0,0,none,0.0,none,val_01-val_01_r4-wheel-r0-RP_spin_active_rescan,val_01-val_01_r4-41400002-wheel_slip-medium,validation,false,success,false,false,false,124.958,12.3414,-9.927999999999997,-0.024200000000000443,0,,spin_active_rescan,false,0.0,0.0,0.0,0.0,0.0,0.0,0.0
f1eb0d35-c1ee-45de-b75a-edf9dff0fdca,val_01,val_01_r4,41400002,wheel_slip,medium,RP_wait,true,false,false,false,0.0,0.0,0,none,0.0,none,val_01-val_01_r4-wheel-r0-RP_wait,val_01-val_01_r4-41400002-wheel_slip-medium,validation,false,success,false,false,false,128.756,12.1807,-6.1299999999999955,-0.18490000000000073,0,,wait,false,0.0,0.0,0.0,0.0,0.0,0.0,0.0
80e25c4a-cdd3-4a70-a4bd-f133fc96d3b5,val_01,val_01_r4,41400003,localisation_perturbation,medium,R0,true,false,false,false,0.0,0.0,0,none,0.0,none,val_01-val_01_r4-localisation-r0-R0,val_01-val_01_r4-41400003-localisation_perturbation-medium,validation,false,success,false,false,false,133.892,12.2152,0.0,0.0,0,,,false,0.0,0.0,0.0,0.0,0.0,0.0,0.0
fabaeb54-88ad-4154-ab50-6139a974b481,val_01,val_01_r4,41400003,localisation_perturbation,medium,RP_backup,true,false,false,false,12.482,0.6684000000000001,0,none,6.9094,none,val_01-val_01_r4-localisation-r0-RP_backup,val_01-val_01_r4-41400003-localisation_perturbation-medium,validation,false,success,false,false,false,146.374,12.8836,12.482,0.6684000000000001,0,,backup,false,6.9094,0.0,0.0,0.0,6.241,0.6684000000000001,0.0
f89ae0db-54c3-4713-b83c-c3ee5d6ae157,val_01,val_01_r4,41400003,localisation_perturbation,medium,RP_controlled_stop,true,false,false,false,4.443000000000012,0.2735000000000003,0,none,2.4950000000000063,none,val_01-val_01_r4-localisation-r0-RP_controlled_stop,val_01-val_01_r4-41400003-localisation_perturbation-medium,validation,false,success,false,false,false,138.335,12.4887,4.443000000000012,0.2735000000000003,0,,controlled_stop,false,2.4950000000000063,0.0,0.0,0.0,2.221500000000006,0.2735000000000003,0.0
a93e4551-e560-4d6c-8849-e16dd5440614,val_01,val_01_r4,41400003,localisation_perturbation,medium,RP_relocalise,true,false,false,false,0.0,0.10420000000000051,0,none,0.10420000000000051,none,val_01-val_01_r4-localisation-r0-RP_relocalise,val_01-val_01_r4-41400003-localisation_perturbation-medium,validation,false,success,false,false,false,133.175,12.3194,-0.7169999999999845,0.10420000000000051,0,,relocalise,false,0.10420000000000051,0.0,0.0,0.0,0.0,0.10420000000000051,0.0
23b32132-411b-4755-82a8-b7878d38c1dc,val_01,val_01_r4,41400003,localisation_perturbation,medium,RP_replan_clear_costmaps,true,false,false,false,78.30600000000001,2.7888,0,none,17.788800000000002,none,val_01-val_01_r4-localisation-r0-RP_replan_clear_costmaps,val_01-val_01_r4-41400003-localisation_perturbation-medium,validation,false,success,false,false,false,212.198,15.004,78.30600000000001,2.7888,0,,replan_clear_costmaps,false,17.788800000000002,0.0,0.0,0.0,15.0,2.7888,0.0
66207dc5-d9f7-40bf-9823-d9d815d90730,val_01,val_01_r4,41400003,localisation_perturbation,medium,RP_spin_active_rescan,true,false,false,false,0.0,0.07479999999999976,0,none,0.07479999999999976,none,val_01-val_01_r4-localisation-r0-RP_spin_active_rescan,val_01-val_01_r4-41400003-localisation_perturbation-medium,validation,false,success,false,false,false,129.462,12.29,-4.430000000000007,0.07479999999999976,0,,spin_active_rescan,false,0.07479999999999976,0.0,0.0,0.0,0.0,0.07479999999999976,0.0
f0848b52-35ab-42e0-900e-a518b891b534,val_01,val_01_r4,41400003,localisation_perturbation,medium,RP_wait,true,false,false,false,60.667,2.2448000000000015,0,none,17.2448,none,val_01-val_01_r4-localisation-r0-RP_wait,val_01-val_01_r4-41400003-localisation_perturbation-medium,validation,false,success,false,false,false,194.559,14.46,60.667,2.2448000000000015,0,,wait,false,17.2448,0.0,0.0,0.0,15.0,2.2448000000000015,0.0
cb779e50-c51b-4ed6-8d95-d8bb7ee229d8,val_01,val_01_r4,41400004,dynamic_blockage,medium,R0,true,false,false,false,0.0,0.0,0,none,0.0,none,val_01-val_01_r4-blockage-r0-R0-infra-replacement-001,val_01-val_01_r4-41400004-dynamic_blockage-medium,validation,false,success,false,false,false,173.384,13.9042,0.0,0.0,0,,,false,0.0,0.0,0.0,0.0,0.0,0.0,0.0
d0a77b2d-f7e3-45e2-a39d-7f0962659be8,val_01,val_01_r4,41400004,dynamic_blockage,medium,RP_backup,false,false,false,false,67.35700000000003,0.0,0,none,55.0,none,val_01-val_01_r4-blockage-r0-RP_backup,val_01-val_01_r4-41400004-dynamic_blockage-medium,validation,false,timeout,true,false,false,240.741,4.1143,67.35700000000003,-9.7899,0,,backup,false,55.0,0.0,40.0,0.0,15.0,0.0,0.0
3e93a285-793b-4572-aa7c-a0fb457fff80,val_01,val_01_r4,41400004,dynamic_blockage,medium,RP_controlled_stop,false,false,false,false,39.95100000000002,0.0,0,none,55.0,none,val_01-val_01_r4-blockage-r0-RP_controlled_stop-infra-replacement-001,val_01-val_01_r4-41400004-dynamic_blockage-medium,validation,false,planner_failure,true,false,false,213.335,11.3162,39.95100000000002,-2.587999999999999,0,,controlled_stop,false,55.0,0.0,40.0,0.0,15.0,0.0,0.0
5bcf4c21-6094-4e01-8d14-95dc1baa7122,val_01,val_01_r4,41400004,dynamic_blockage,medium,RP_relocalise,true,false,false,true,16.331000000000017,0.22470000000000034,1,controlled_stop,13.390200000000009,none,val_01-val_01_r4-blockage-r0-RP_relocalise-infra-replacement-001,val_01-val_01_r4-41400004-dynamic_blockage-medium,validation,false,success,false,false,true,189.715,14.1289,16.331000000000017,0.22470000000000034,1,155.939,relocalise,false,13.390200000000009,0.0,0.0,0.0,8.165500000000009,0.22470000000000034,5.0
1adcc5ea-81e1-4d77-9a41-80929ee1bf56,val_01,val_01_r4,41400004,dynamic_blockage,medium,RP_replan_clear_costmaps,false,false,false,false,67.394,0.0,0,none,55.0,none,val_01-val_01_r4-blockage-r0-RP_replan_clear_costmaps,val_01-val_01_r4-41400004-dynamic_blockage-medium,validation,false,timeout,true,false,false,240.778,5.6889,67.394,-8.2153,0,,replan_clear_costmaps,false,55.0,0.0,40.0,0.0,15.0,0.0,0.0
d4321564-c426-4c86-a52d-27e16fbead1e,val_01,val_01_r4,41400004,dynamic_blockage,medium,RP_spin_active_rescan,false,false,false,false,67.39200000000002,0.0,0,none,55.0,none,val_01-val_01_r4-blockage-r0-RP_spin_active_rescan,val_01-val_01_r4-41400004-dynamic_blockage-medium,validation,false,timeout,true,false,false,240.776,2.0643,67.39200000000002,-11.8399,0,,spin_active_rescan,false,55.0,0.0,40.0,0.0,15.0,0.0,0.0
ad85cbb2-6562-49b0-9ea6-c4dbfbf48091,val_01,val_01_r4,41400004,dynamic_blockage,medium,RP_wait,false,false,false,false,67.32600000000002,0.0,0,none,55.0,none,val_01-val_01_r4-blockage-r0-RP_wait-infra-replacement-001,val_01-val_01_r4-41400004-dynamic_blockage-medium,validation,false,timeout,true,false,false,240.71,10.4585,67.32600000000002,-3.4456999999999987,0,,wait,false,55.0,0.0,40.0,0.0,15.0,0.0,0.0
06c45515-6848-479e-976c-a7818c1a99ae,val_01,val_01_r4,41400005,planner_oscillation,medium,R0,true,false,false,false,0.0,0.0,0,none,0.0,none,val_01-val_01_r4-oscillation-r0-R0,val_01-val_01_r4-41400005-planner_oscillation-medium,validation,false,success,false,false,false,129.852,13.4069,0.0,0.0,0,,,false,0.0,0.0,0.0,0.0,0.0,0.0,0.0
4da22ec6-2094-4563-b3d2-898b80767948,val_01,val_01_r4,41400005,planner_oscillation,medium,RP_backup,true,false,false,false,13.308999999999997,0.0,0,none,6.654499999999999,none,val_01-val_01_r4-oscillation-r0-RP_backup,val_01-val_01_r4-41400005-planner_oscillation-medium,validation,false,success,false,false,false,143.161,13.3472,13.308999999999997,-0.05969999999999942,0,,backup,false,6.654499999999999,0.0,0.0,0.0,6.654499999999999,0.0,0.0
ef937d1b-b038-40a3-aef0-ac711b9efd09,val_01,val_01_r4,41400005,planner_oscillation,medium,RP_controlled_stop,true,false,false,false,18.613,0.0777000000000001,0,none,9.3842,none,val_01-val_01_r4-oscillation-r0-RP_controlled_stop,val_01-val_01_r4-41400005-planner_oscillation-medium,validation,false,success,false,false,false,148.465,13.4846,18.613,0.0777000000000001,0,,controlled_stop,false,9.3842,0.0,0.0,0.0,9.3065,0.0777000000000001,0.0
a94150e9-2268-4fe9-9a24-aca76730868d,val_01,val_01_r4,41400005,planner_oscillation,medium,RP_relocalise,true,false,false,true,17.48599999999999,0.12780000000000058,1,controlled_stop,13.870799999999996,none,val_01-val_01_r4-oscillation-r0-RP_relocalise,val_01-val_01_r4-41400005-planner_oscillation-medium,validation,false,success,false,false,true,147.338,13.5347,17.48599999999999,0.12780000000000058,1,134.349,relocalise,false,13.870799999999996,0.0,0.0,0.0,8.742999999999995,0.12780000000000058,5.0
7c823c25-b7ed-4fb6-8851-14a9e4ed75c9,val_01,val_01_r4,41400005,planner_oscillation,medium,RP_replan_clear_costmaps,true,false,false,false,34.573999999999984,0.07699999999999996,0,none,15.077,none,val_01-val_01_r4-oscillation-r0-RP_replan_clear_costmaps,val_01-val_01_r4-41400005-planner_oscillation-medium,validation,false,success,false,false,false,164.426,13.4839,34.573999999999984,0.07699999999999996,0,,replan_clear_costmaps,false,15.077,0.0,0.0,0.0,15.0,0.07699999999999996,0.0
e961a70e-26f7-4fe2-bd3d-cfc3fdb6f561,val_01,val_01_r4,41400005,planner_oscillation,medium,RP_spin_active_rescan,true,false,false,false,4.275000000000006,0.0,0,none,2.137500000000003,none,val_01-val_01_r4-oscillation-r0-RP_spin_active_rescan,val_01-val_01_r4-41400005-planner_oscillation-medium,validation,false,success,false,false,false,134.127,13.0504,4.275000000000006,-0.3565000000000005,0,,spin_active_rescan,false,2.137500000000003,0.0,0.0,0.0,2.137500000000003,0.0,0.0
5841a571-df49-4d8e-993b-6b9d1f3dffb2,val_01,val_01_r4,41400005,planner_oscillation,medium,RP_wait,true,false,false,false,9.71799999999999,0.0,0,none,4.858999999999995,none,val_01-val_01_r4-oscillation-r0-RP_wait,val_01-val_01_r4-41400005-planner_oscillation-medium,validation,false,success,false,false,false,139.57,13.2491,9.71799999999999,-0.15779999999999994,0,,wait,false,4.858999999999995,0.0,0.0,0.0,4.858999999999995,0.0,0.0
b8cdbfc9-0f73-4d41-9012-4f47e2c9ca2a,val_01,val_01_r4,41400006,semantic_corruption,medium,R0,true,false,false,false,0.0,0.0,0,none,0.0,none,val_01-val_01_r4-semantic-r0-R0,val_01-val_01_r4-41400006-semantic_corruption-medium,validation,false,success,false,false,false,118.949,12.4543,0.0,0.0,0,,,false,0.0,0.0,0.0,0.0,0.0,0.0,0.0
9b407330-2b26-4621-a7e3-0100f9086590,val_01,val_01_r4,41400006,semantic_corruption,medium,RP_backup,true,false,false,false,5.284000000000006,0.35079999999999956,1,backup,7.992800000000003,none,val_01-val_01_r4-semantic-r0-RP_backup,val_01-val_01_r4-41400006-semantic_corruption-medium,validation,false,success,false,false,true,124.233,12.8051,5.284000000000006,0.35079999999999956,1,129.016,backup,false,7.992800000000003,0.0,0.0,0.0,2.642000000000003,0.35079999999999956,5.0
29752d75-4a59-4fca-ba20-400fd568e247,val_01,val_01_r4,41400006,semantic_corruption,medium,RP_controlled_stop,true,false,false,false,0.0,0.0,1,controlled_stop,5.0,none,val_01-val_01_r4-semantic-r0-RP_controlled_stop,val_01-val_01_r4-41400006-semantic_corruption-medium,validation,false,success,false,false,true,117.845,12.2529,-1.1039999999999992,-0.20139999999999958,1,127.828,controlled_stop,false,5.0,0.0,0.0,0.0,0.0,0.0,5.0
cf6ad6d9-b405-4d6b-8b22-8223913ae435,val_01,val_01_r4,41400006,semantic_corruption,medium,RP_relocalise,true,false,false,false,0.0,0.0,0,none,0.0,none,val_01-val_01_r4-semantic-r0-RP_relocalise,val_01-val_01_r4-41400006-semantic_corruption-medium,validation,false,success,false,false,false,117.582,12.1633,-1.3670000000000044,-0.29100000000000037,0,,relocalise,false,0.0,0.0,0.0,0.0,0.0,0.0,0.0
429c56cd-5260-4a0c-82fc-55d6bd973c61,val_01,val_01_r4,41400006,semantic_corruption,medium,RP_replan_clear_costmaps,true,false,false,false,5.242000000000004,0.09590000000000032,1,replan_clear_costmaps,7.7169000000000025,none,val_01-val_01_r4-semantic-r0-RP_replan_clear_costmaps,val_01-val_01_r4-41400006-semantic_corruption-medium,validation,false,success,false,false,true,124.191,12.5502,5.242000000000004,0.09590000000000032,1,134.886,replan_clear_costmaps,false,7.7169000000000025,0.0,0.0,0.0,2.621000000000002,0.09590000000000032,5.0
d7019d7c-74aa-4da2-95b6-69691c560d87,val_01,val_01_r4,41400006,semantic_corruption,medium,RP_spin_active_rescan,true,false,false,false,41.89200000000001,0.3506,1,spin_active_rescan,20.3506,none,val_01-val_01_r4-semantic-r0-RP_spin_active_rescan,val_01-val_01_r4-41400006-semantic_corruption-medium,validation,false,success,false,false,true,160.841,12.8049,41.89200000000001,0.3506,1,156.935,spin_active_rescan,false,20.3506,0.0,0.0,0.0,15.0,0.3506,5.0
dbb093e7-ca61-430f-b76a-1c30cac9b6fa,val_01,val_01_r4,41400006,semantic_corruption,medium,RP_wait,true,false,false,false,4.311000000000007,0.0038000000000000256,0,none,2.1593000000000035,none,val_01-val_01_r4-semantic-r0-RP_wait,val_01-val_01_r4-41400006-semantic_corruption-medium,validation,false,success,false,false,false,123.26,12.4581,4.311000000000007,0.0038000000000000256,0,,wait,false,2.1593000000000035,0.0,0.0,0.0,2.1555000000000035,0.0038000000000000256,0.0
591e2081-484a-4028-9764-2b5e1e7d401f,val_01,val_01_r5,41500000,camera_occlusion,medium,R0,true,false,false,false,0.0,0.0,0,none,0.0,none,val_01-val_01_r5-camera-r0-R0,val_01-val_01_r5-41500000-camera_occlusion-medium,validation,false,success,false,false,false,197.543,15.3538,0.0,0.0,0,,,false,0.0,0.0,0.0,0.0,0.0,0.0,0.0
436703fc-1d61-43e4-bf81-7d2d38618d74,val_01,val_01_r5,41500000,camera_occlusion,medium,RP_backup,true,false,false,false,1.968999999999994,0.0,0,none,0.984499999999997,none,val_01-val_01_r5-camera-r0-RP_backup,val_01-val_01_r5-41500000-camera_occlusion-medium,validation,false,success,false,false,false,199.512,15.3314,1.968999999999994,-0.02239999999999931,0,,backup,false,0.984499999999997,0.0,0.0,0.0,0.984499999999997,0.0,0.0
8819f864-c31b-4fe1-94ec-2b6d261c116a,val_01,val_01_r5,41500000,camera_occlusion,medium,RP_controlled_stop,true,false,false,false,0.0,0.0,0,none,0.0,none,val_01-val_01_r5-camera-r0-RP_controlled_stop,val_01-val_01_r5-41500000-camera_occlusion-medium,validation,false,success,false,false,false,153.043,14.1344,-44.5,-1.2194000000000003,0,,controlled_stop,false,0.0,0.0,0.0,0.0,0.0,0.0,0.0
a2cdbcf0-b31c-426d-b21c-d4ae115f3c6c,val_01,val_01_r5,41500000,camera_occlusion,medium,RP_relocalise,true,false,false,false,0.0,0.07280000000000086,0,none,0.07280000000000086,none,val_01-val_01_r5-camera-r0-RP_relocalise,val_01-val_01_r5-41500000-camera_occlusion-medium,validation,false,success,false,false,false,195.821,15.4266,-1.7220000000000084,0.07280000000000086,0,,relocalise,false,0.07280000000000086,0.0,0.0,0.0,0.0,0.07280000000000086,0.0
79df03f0-0679-4562-9716-d1baed3fd781,val_01,val_01_r5,41500000,camera_occlusion,medium,RP_replan_clear_costmaps,true,false,false,false,0.0,0.06050000000000111,0,none,0.06050000000000111,none,val_01-val_01_r5-camera-r0-RP_replan_clear_costmaps,val_01-val_01_r5-41500000-camera_occlusion-medium,validation,false,success,false,false,false,193.624,15.4143,-3.919000000000011,0.06050000000000111,0,,replan_clear_costmaps,false,0.06050000000000111,0.0,0.0,0.0,0.0,0.06050000000000111,0.0
64b2a55d-4c60-48e9-b04e-32c85afb8c26,val_01,val_01_r5,41500000,camera_occlusion,medium,RP_spin_active_rescan,true,false,false,false,0.0,0.0,0,none,0.0,none,val_01-val_01_r5-camera-r0-RP_spin_active_rescan,val_01-val_01_r5-41500000-camera_occlusion-medium,validation,false,success,false,false,false,155.822,14.5025,-41.721000000000004,-0.8513000000000002,0,,spin_active_rescan,false,0.0,0.0,0.0,0.0,0.0,0.0,0.0
4ad3c13b-f80c-4585-8ab9-bbbc61e57955,val_01,val_01_r5,41500000,camera_occlusion,medium,RP_wait,true,false,false,false,5.248999999999995,0.0,0,none,2.6244999999999976,none,val_01-val_01_r5-camera-r0-RP_wait,val_01-val_01_r5-41500000-camera_occlusion-medium,validation,false,success,false,false,false,202.792,15.2819,5.248999999999995,-0.07189999999999941,0,,wait,false,2.6244999999999976,0.0,0.0,0.0,2.6244999999999976,0.0,0.0
e960a568-4202-4a49-bca7-2cc73e65c191,val_01,val_01_r5,41500001,lidar_dropout,medium,R0,true,false,false,false,0.0,0.0,0,none,0.0,none,val_01-val_01_r5-lidar-r0-R0,val_01-val_01_r5-41500001-lidar_dropout-medium,validation,false,success,false,false,false,143.196,13.6842,0.0,0.0,0,,,false,0.0,0.0,0.0,0.0,0.0,0.0,0.0
cc2ad7b2-81d6-4be0-b0ee-bb121bf49e06,val_01,val_01_r5,41500001,lidar_dropout,medium,RP_backup,true,false,false,false,2.951999999999998,0.27779999999999916,0,none,1.7537999999999982,none,val_01-val_01_r5-lidar-r0-RP_backup,val_01-val_01_r5-41500001-lidar_dropout-medium,validation,false,success,false,false,false,146.148,13.962,2.951999999999998,0.27779999999999916,0,,backup,false,1.7537999999999982,0.0,0.0,0.0,1.475999999999999,0.27779999999999916,0.0
30f1f7da-5874-4e13-879a-856412199a00,val_01,val_01_r5,41500001,lidar_dropout,medium,RP_controlled_stop,true,false,false,false,0.0,0.0,0,none,0.0,none,val_01-val_01_r5-lidar-r0-RP_controlled_stop,val_01-val_01_r5-41500001-lidar_dropout-medium,validation,false,success,false,false,false,138.898,13.5339,-4.298000000000002,-0.15030000000000143,0,,controlled_stop,false,0.0,0.0,0.0,0.0,0.0,0.0,0.0
188e070b-abd8-4c3c-a001-b855c21f676e,val_01,val_01_r5,41500001,lidar_dropout,medium,RP_relocalise,true,false,false,false,2.5200000000000102,0.1700999999999997,0,none,1.4301000000000048,none,val_01-val_01_r5-lidar-r0-RP_relocalise,val_01-val_01_r5-41500001-lidar_dropout-medium,validation,false,success,false,false,false,145.716,13.8543,2.5200000000000102,0.1700999999999997,0,,relocalise,false,1.4301000000000048,0.0,0.0,0.0,1.2600000000000051,0.1700999999999997,0.0
1d2c5e72-d083-47cb-b8a3-81e9a57b9c59,val_01,val_01_r5,41500001,lidar_dropout,medium,RP_replan_clear_costmaps,true,false,false,false,0.0,0.0,0,none,0.0,none,val_01-val_01_r5-lidar-r0-RP_replan_clear_costmaps,val_01-val_01_r5-41500001-lidar_dropout-medium,validation,false,success,false,false,false,138.107,13.5659,-5.088999999999999,-0.1183000000000014,0,,replan_clear_costmaps,false,0.0,0.0,0.0,0.0,0.0,0.0,0.0
9c54d3d2-5a55-4508-b01f-32223c7741ab,val_01,val_01_r5,41500001,lidar_dropout,medium,RP_spin_active_rescan,true,false,false,false,0.0,0.0973999999999986,0,none,0.0973999999999986,none,val_01-val_01_r5-lidar-r0-RP_spin_active_rescan,val_01-val_01_r5-41500001-lidar_dropout-medium,validation,false,success,false,false,false,136.672,13.7816,-6.524000000000001,0.0973999999999986,0,,spin_active_rescan,false,0.0973999999999986,0.0,0.0,0.0,0.0,0.0973999999999986,0.0
94750dbb-6af0-4ac0-ac0c-36bd0beed992,val_01,val_01_r5,41500001,lidar_dropout,medium,RP_wait,true,false,false,false,0.0,0.15069999999999872,0,none,0.15069999999999872,none,val_01-val_01_r5-lidar-r0-RP_wait,val_01-val_01_r5-41500001-lidar_dropout-medium,validation,false,success,false,false,false,135.666,13.8349,-7.530000000000001,0.15069999999999872,0,,wait,false,0.15069999999999872,0.0,0.0,0.0,0.0,0.15069999999999872,0.0
32dc9efc-7a53-4cba-9939-14a7ddc1299a,val_01,val_01_r5,41500002,wheel_slip,medium,R0,true,false,false,false,0.0,0.0,0,none,0.0,none,val_01-val_01_r5-wheel-r0-R0,val_01-val_01_r5-41500002-wheel_slip-medium,validation,false,success,false,false,false,145.255,13.8474,0.0,0.0,0,,,false,0.0,0.0,0.0,0.0,0.0,0.0,0.0
6cc0b369-8ffa-4f85-85ef-34313a8364ff,val_01,val_01_r5,41500002,wheel_slip,medium,RP_backup,true,false,false,false,0.0,0.09119999999999884,0,none,0.09119999999999884,none,val_01-val_01_r5-wheel-r0-RP_backup,val_01-val_01_r5-41500002-wheel_slip-medium,validation,false,success,false,false,false,138.491,13.9386,-6.763999999999982,0.09119999999999884,0,,backup,false,0.09119999999999884,0.0,0.0,0.0,0.0,0.09119999999999884,0.0
bcd79d82-fa95-4279-acc0-c5d82c19620f,val_01,val_01_r5,41500002,wheel_slip,medium,RP_controlled_stop,true,false,false,false,0.0,0.0,0,none,0.0,none,val_01-val_01_r5-wheel-r0-RP_controlled_stop,val_01-val_01_r5-41500002-wheel_slip-medium,validation,false,success,false,false,false,134.642,13.6234,-10.613,-0.2240000000000002,0,,controlled_stop,false,0.0,0.0,0.0,0.0,0.0,0.0,0.0
aab8b28d-a3f5-44bb-b114-bfcc2cd4bf76,val_01,val_01_r5,41500002,wheel_slip,medium,RP_relocalise,true,false,false,false,0.0,0.0,0,none,0.0,none,val_01-val_01_r5-wheel-r0-RP_relocalise,val_01-val_01_r5-41500002-wheel_slip-medium,validation,false,success,false,false,false,135.278,13.6132,-9.977000000000004,-0.23419999999999952,0,,relocalise,false,0.0,0.0,0.0,0.0,0.0,0.0,0.0
aa9d0357-5e99-4871-8ae3-25c567d9ed92,val_01,val_01_r5,41500002,wheel_slip,medium,RP_replan_clear_costmaps,true,false,false,false,0.0,0.0,0,none,0.0,none,val_01-val_01_r5-wheel-r0-RP_replan_clear_costmaps,val_01-val_01_r5-41500002-wheel_slip-medium,validation,false,success,false,false,false,131.247,13.4487,-14.007999999999981,-0.39869999999999983,0,,replan_clear_costmaps,false,0.0,0.0,0.0,0.0,0.0,0.0,0.0
ba8c5732-f098-465f-aa84-7eb1e64d3bc8,val_01,val_01_r5,41500002,wheel_slip,medium,RP_spin_active_rescan,true,false,false,false,0.0,0.0,0,none,0.0,none,val_01-val_01_r5-wheel-r0-RP_spin_active_rescan,val_01-val_01_r5-41500002-wheel_slip-medium,validation,false,success,false,false,false,133.504,13.7156,-11.751000000000005,-0.13180000000000014,0,,spin_active_rescan,false,0.0,0.0,0.0,0.0,0.0,0.0,0.0
afd07671-a301-4406-bb8a-312639a32ef6,val_01,val_01_r5,41500002,wheel_slip,medium,RP_wait,true,false,false,false,0.0,0.0,0,none,0.0,none,val_01-val_01_r5-wheel-r0-RP_wait,val_01-val_01_r5-41500002-wheel_slip-medium,validation,false,success,false,false,false,128.647,13.5667,-16.608000000000004,-0.2806999999999995,0,,wait,false,0.0,0.0,0.0,0.0,0.0,0.0,0.0
6a296644-f65c-4a30-829a-a8ef6eea9826,val_01,val_01_r5,41500003,localisation_perturbation,medium,R0,true,false,false,false,0.0,0.0,0,none,0.0,none,val_01-val_01_r5-localisation-r0-R0,val_01-val_01_r5-41500003-localisation_perturbation-medium,validation,false,success,false,false,false,139.321,13.6186,0.0,0.0,0,,,false,0.0,0.0,0.0,0.0,0.0,0.0,0.0
cc821e15-cbc6-4286-9cf7-9b117b675a9d,val_01,val_01_r5,41500003,localisation_perturbation,medium,RP_backup,true,false,false,false,0.0,0.0,0,none,0.0,none,val_01-val_01_r5-localisation-r0-RP_backup,val_01-val_01_r5-41500003-localisation_perturbation-medium,validation,false,success,false,false,false,134.475,13.5083,-4.846000000000004,-0.11030000000000051,0,,backup,false,0.0,0.0,0.0,0.0,0.0,0.0,0.0
f0350e92-90bd-43ca-9816-54a4b24a7f08,val_01,val_01_r5,41500003,localisation_perturbation,medium,RP_controlled_stop,true,false,false,false,0.0,0.3036999999999992,0,none,0.3036999999999992,none,val_01-val_01_r5-localisation-r0-RP_controlled_stop,val_01-val_01_r5-41500003-localisation_perturbation-medium,validation,false,success,false,false,false,138.307,13.9223,-1.01400000000001,0.3036999999999992,0,,controlled_stop,false,0.3036999999999992,0.0,0.0,0.0,0.0,0.3036999999999992,0.0
375faca7-6829-4ebc-a5cf-dfb26ba9808e,val_01,val_01_r5,41500003,localisation_perturbation,medium,RP_relocalise,true,false,false,false,0.0,0.0,0,none,0.0,none,val_01-val_01_r5-localisation-r0-RP_relocalise,val_01-val_01_r5-41500003-localisation_perturbation-medium,validation,false,success,false,false,false,134.515,13.5046,-4.806000000000012,-0.11400000000000077,0,,relocalise,false,0.0,0.0,0.0,0.0,0.0,0.0,0.0
1822a66a-9a72-4f61-9bb6-f25200f37a92,val_01,val_01_r5,41500003,localisation_perturbation,medium,RP_replan_clear_costmaps,true,false,false,false,23.611999999999995,1.4003999999999994,0,none,13.206399999999997,none,val_01-val_01_r5-localisation-r0-RP_replan_clear_costmaps,val_01-val_01_r5-41500003-localisation_perturbation-medium,validation,false,success,false,false,false,162.933,15.019,23.611999999999995,1.4003999999999994,0,,replan_clear_costmaps,false,13.206399999999997,0.0,0.0,0.0,11.805999999999997,1.4003999999999994,0.0
a4f99ac1-e2bf-4b8e-8632-1a9ba3aa77a8,val_01,val_01_r5,41500003,localisation_perturbation,medium,RP_spin_active_rescan,true,false,false,false,0.0,0.06709999999999994,0,none,0.06709999999999994,none,val_01-val_01_r5-localisation-r0-RP_spin_active_rescan,val_01-val_01_r5-41500003-localisation_perturbation-medium,validation,false,success,false,false,false,131.33,13.6857,-7.9909999999999854,0.06709999999999994,0,,spin_active_rescan,false,0.06709999999999994,0.0,0.0,0.0,0.0,0.06709999999999994,0.0
9fdcaf1d-ebb0-42c4-bd74-cae47c541707,val_01,val_01_r5,41500003,localisation_perturbation,medium,RP_wait,true,false,false,false,6.10499999999999,0.36189999999999856,0,none,3.4143999999999934,none,val_01-val_01_r5-localisation-r0-RP_wait,val_01-val_01_r5-41500003-localisation_perturbation-medium,validation,false,success,false,false,false,145.426,13.9805,6.10499999999999,0.36189999999999856,0,,wait,false,3.4143999999999934,0.0,0.0,0.0,3.052499999999995,0.36189999999999856,0.0
95f1a2c7-9865-4f66-a0d0-d744c1a9326f,val_01,val_01_r5,41500005,planner_oscillation,medium,R0,true,false,false,false,0.0,0.0,0,none,0.0,none,val_01-val_01_r5-oscillation-r0-R0,val_01-val_01_r5-41500005-planner_oscillation-medium,validation,false,success,false,false,false,117.687,14.0196,0.0,0.0,0,,,false,0.0,0.0,0.0,0.0,0.0,0.0,0.0
2218424c-23e0-48e0-9dd2-2eeb62688b42,val_01,val_01_r5,41500005,planner_oscillation,medium,RP_backup,true,false,false,false,22.310999999999993,0.5967000000000002,1,backup,16.752199999999995,none,val_01-val_01_r5-oscillation-r0-RP_backup,val_01-val_01_r5-41500005-planner_oscillation-medium,validation,false,success,false,false,true,139.998,14.6163,22.310999999999993,0.5967000000000002,1,101.361,backup,false,16.752199999999995,0.0,0.0,0.0,11.155499999999996,0.5967000000000002,5.0
22e7ed76-c5c5-4e8c-b62f-64dfae18c4d0,val_01,val_01_r5,41500005,planner_oscillation,medium,RP_controlled_stop,true,false,false,false,18.23700000000001,0.6473999999999993,0,none,9.765900000000004,none,val_01-val_01_r5-oscillation-r0-RP_controlled_stop,val_01-val_01_r5-41500005-planner_oscillation-medium,validation,false,success,false,false,false,135.924,14.667,18.23700000000001,0.6473999999999993,0,,controlled_stop,false,9.765900000000004,0.0,0.0,0.0,9.118500000000004,0.6473999999999993,0.0
01719753-82aa-4180-b620-db8ea988e42e,val_01,val_01_r5,41500005,planner_oscillation,medium,RP_relocalise,true,false,false,false,12.820000000000007,0.19130000000000003,0,none,6.601300000000004,none,val_01-val_01_r5-oscillation-r0-RP_relocalise,val_01-val_01_r5-41500005-planner_oscillation-medium,validation,false,success,false,false,false,130.507,14.2109,12.820000000000007,0.19130000000000003,0,,relocalise,false,6.601300000000004,0.0,0.0,0.0,6.410000000000004,0.19130000000000003,0.0
a68487e6-99f1-41aa-97b0-8c59920bbf0d,val_01,val_01_r5,41500005,planner_oscillation,medium,RP_replan_clear_costmaps,true,false,false,false,12.922000000000011,0.14470000000000027,0,none,6.605700000000006,none,val_01-val_01_r5-oscillation-r0-RP_replan_clear_costmaps,val_01-val_01_r5-41500005-planner_oscillation-medium,validation,false,success,false,false,false,130.609,14.1643,12.922000000000011,0.14470000000000027,0,,replan_clear_costmaps,false,6.605700000000006,0.0,0.0,0.0,6.461000000000006,0.14470000000000027,0.0
3d59edeb-2491-47bd-bd09-4629273f80c3,val_01,val_01_r5,41500005,planner_oscillation,medium,RP_spin_active_rescan,true,false,false,false,44.532,0.38119999999999976,1,spin_active_rescan,20.3812,none,val_01-val_01_r5-oscillation-r0-RP_spin_active_rescan,val_01-val_01_r5-41500005-planner_oscillation-medium,validation,false,success,false,false,true,162.219,14.4008,44.532,0.38119999999999976,1,107.635,spin_active_rescan,false,20.3812,0.0,0.0,0.0,15.0,0.38119999999999976,5.0
25a74801-fd07-4897-82a6-37f2ca06e68c,val_01,val_01_r5,41500005,planner_oscillation,medium,RP_wait,true,false,false,false,13.057000000000002,0.3437000000000001,0,none,6.872200000000001,none,val_01-val_01_r5-oscillation-r0-RP_wait,val_01-val_01_r5-41500005-planner_oscillation-medium,validation,false,success,false,false,false,130.744,14.3633,13.057000000000002,0.3437000000000001,0,,wait,false,6.872200000000001,0.0,0.0,0.0,6.528500000000001,0.3437000000000001,0.0
b8d0ac84-f078-41e3-80b2-81283155288f,val_01,val_01_r5,41500006,semantic_corruption,medium,R0,true,false,false,false,0.0,0.0,0,none,0.0,none,val_01-val_01_r5-semantic-r0-R0,val_01-val_01_r5-41500006-semantic_corruption-medium,validation,false,success,false,false,false,124.524,13.7249,0.0,0.0,0,,,false,0.0,0.0,0.0,0.0,0.0,0.0,0.0
3af643d0-684b-4471-9e31-60745492a2de,val_01,val_01_r5,41500006,semantic_corruption,medium,RP_backup,true,false,false,false,1.0729999999999933,0.2234999999999996,0,none,0.7599999999999962,none,val_01-val_01_r5-semantic-r0-RP_backup,val_01-val_01_r5-41500006-semantic_corruption-medium,validation,false,success,false,false,false,125.597,13.9484,1.0729999999999933,0.2234999999999996,0,,backup,false,0.7599999999999962,0.0,0.0,0.0,0.5364999999999966,0.2234999999999996,0.0
5d4ff261-c9a0-488b-8e41-8e004aaf3e70,val_01,val_01_r5,41500006,semantic_corruption,medium,RP_controlled_stop,true,false,false,false,0.0,0.0,0,none,0.0,none,val_01-val_01_r5-semantic-r0-RP_controlled_stop,val_01-val_01_r5-41500006-semantic_corruption-medium,validation,false,success,false,false,false,123.507,13.5188,-1.016999999999996,-0.20609999999999928,0,,controlled_stop,false,0.0,0.0,0.0,0.0,0.0,0.0,0.0
4eb7fbb5-fbd8-4dba-9f42-687728873bcb,val_01,val_01_r5,41500006,semantic_corruption,medium,RP_relocalise,true,false,false,false,0.0,0.0,0,none,0.0,none,val_01-val_01_r5-semantic-r0-RP_relocalise,val_01-val_01_r5-41500006-semantic_corruption-medium,validation,false,success,false,false,false,122.424,13.5025,-2.0999999999999943,-0.22240000000000038,0,,relocalise,false,0.0,0.0,0.0,0.0,0.0,0.0,0.0
12e22f44-5c83-45e8-8f5f-bb7057274071,val_01,val_01_r5,41500006,semantic_corruption,medium,RP_replan_clear_costmaps,true,false,false,false,0.0,0.0,0,none,0.0,none,val_01-val_01_r5-semantic-r0-RP_replan_clear_costmaps,val_01-val_01_r5-41500006-semantic_corruption-medium,validation,false,success,false,false,false,117.557,13.432,-6.966999999999999,-0.2928999999999995,0,,replan_clear_costmaps,false,0.0,0.0,0.0,0.0,0.0,0.0,0.0
87fabc80-192f-41cc-bb08-26d6a908e897,val_01,val_01_r5,41500006,semantic_corruption,medium,RP_spin_active_rescan,true,false,false,false,0.0,0.0,0,none,0.0,none,val_01-val_01_r5-semantic-r0-RP_spin_active_rescan,val_01-val_01_r5-41500006-semantic_corruption-medium,validation,false,success,false,false,false,124.154,13.7096,-0.37000000000000455,-0.01529999999999987,0,,spin_active_rescan,false,0.0,0.0,0.0,0.0,0.0,0.0,0.0
2ccd9e1a-8b65-4f4b-afbb-481077333500,val_01,val_01_r5,41500006,semantic_corruption,medium,RP_wait,true,false,false,false,0.9549999999999983,0.0,0,none,0.47749999999999915,none,val_01-val_01_r5-semantic-r0-RP_wait,val_01-val_01_r5-41500006-semantic_corruption-medium,validation,false,success,false,false,false,125.479,13.5562,0.9549999999999983,-0.1686999999999994,0,,wait,false,0.47749999999999915,0.0,0.0,0.0,0.47749999999999915,0.0,0.0
d59c2c99-87a7-4232-8417-b0ca35155d66,val_02,val_02_r0,42000000,camera_occlusion,medium,R0,true,false,false,false,0.0,0.0,0,none,0.0,none,val_02-val_02_r0-camera-r0-R0,val_02-val_02_r0-42000000-camera_occlusion-medium,validation,false,success,false,false,false,82.148,5.9522,0.0,0.0,0,,,false,0.0,0.0,0.0,0.0,0.0,0.0,0.0
111d9567-2451-4f23-a348-2b18f9f08875,val_02,val_02_r0,42000000,camera_occlusion,medium,RP_backup,true,false,false,false,0.0,0.0,0,none,0.0,none,val_02-val_02_r0-camera-r0-RP_backup,val_02-val_02_r0-42000000-camera_occlusion-medium,validation,false,success,false,false,false,51.642,5.066,-30.505999999999993,-0.8862000000000005,0,,backup,false,0.0,0.0,0.0,0.0,0.0,0.0,0.0
5bd639f9-2706-4aee-9f66-1b57b3a201ea,val_02,val_02_r0,42000000,camera_occlusion,medium,RP_controlled_stop,true,false,false,false,16.62100000000001,0.0,0,none,8.310500000000005,none,val_02-val_02_r0-camera-r0-RP_controlled_stop,val_02-val_02_r0-42000000-camera_occlusion-medium,validation,false,success,false,false,false,98.769,5.4715,16.62100000000001,-0.48070000000000057,0,,controlled_stop,false,8.310500000000005,0.0,0.0,0.0,8.310500000000005,0.0,0.0
2e4ac08b-19d0-4a51-b520-6b3a6d2caca1,val_02,val_02_r0,42000000,camera_occlusion,medium,RP_relocalise,true,false,false,false,20.28,0.0,0,none,10.14,none,val_02-val_02_r0-camera-r0-RP_relocalise,val_02-val_02_r0-42000000-camera_occlusion-medium,validation,false,success,false,false,false,102.428,5.6582,20.28,-0.2940000000000005,0,,relocalise,false,10.14,0.0,0.0,0.0,10.14,0.0,0.0
5d62422b-7a3b-4139-92d1-372db45addcb,val_02,val_02_r0,42000000,camera_occlusion,medium,RP_replan_clear_costmaps,true,false,false,false,9.549000000000007,0.44239999999999924,0,none,5.2169000000000025,none,val_02-val_02_r0-camera-r0-RP_replan_clear_costmaps,val_02-val_02_r0-42000000-camera_occlusion-medium,validation,false,success,false,false,false,91.697,6.3946,9.549000000000007,0.44239999999999924,0,,replan_clear_costmaps,false,5.2169000000000025,0.0,0.0,0.0,4.774500000000003,0.44239999999999924,0.0
fabfa2a9-6b17-429e-84bf-c1cd8c82d698,val_02,val_02_r0,42000000,camera_occlusion,medium,RP_spin_active_rescan,true,false,false,false,9.819000000000003,0.0,0,none,4.909500000000001,none,val_02-val_02_r0-camera-r0-RP_spin_active_rescan,val_02-val_02_r0-42000000-camera_occlusion-medium,validation,false,success,false,false,false,91.967,5.4854,9.819000000000003,-0.4668000000000001,0,,spin_active_rescan,false,4.909500000000001,0.0,0.0,0.0,4.909500000000001,0.0,0.0
7869a149-d1ea-4f09-915d-7048b4a99fde,val_02,val_02_r0,42000000,camera_occlusion,medium,RP_wait,true,false,false,false,7.768000000000001,0.0,0,none,3.8840000000000003,none,val_02-val_02_r0-camera-r0-RP_wait,val_02-val_02_r0-42000000-camera_occlusion-medium,validation,false,success,false,false,false,89.916,5.5502,7.768000000000001,-0.40200000000000014,0,,wait,false,3.8840000000000003,0.0,0.0,0.0,3.8840000000000003,0.0,0.0
de6c4e49-3141-4829-a75a-0d3a039b8cf4,val_02,val_02_r0,42000001,lidar_dropout,medium,R0,true,false,false,false,0.0,0.0,0,none,0.0,none,val_02-val_02_r0-lidar-r0-R0,val_02-val_02_r0-42000001-lidar_dropout-medium,validation,false,success,false,false,false,51.458,4.8714,0.0,0.0,0,,,false,0.0,0.0,0.0,0.0,0.0,0.0,0.0
0a5cbc45-218e-4236-ae2c-3093f4a8b7d2,val_02,val_02_r0,42000001,lidar_dropout,medium,RP_backup,true,false,false,true,84.737,2.5135999999999994,1,controlled_stop,22.5136,none,val_02-val_02_r0-lidar-r0-RP_backup,val_02-val_02_r0-42000001-lidar_dropout-medium,validation,false,success,false,false,true,136.195,7.385,84.737,2.5135999999999994,1,23.061,backup,false,22.5136,0.0,0.0,0.0,15.0,2.5135999999999994,5.0
f0a2f12d-66d8-44ee-9947-592edc870a6b,val_02,val_02_r0,42000001,lidar_dropout,medium,RP_controlled_stop,true,false,false,false,0.0,0.1913999999999998,1,controlled_stop,5.1914,none,val_02-val_02_r0-lidar-r0-RP_controlled_stop-infra-replacement-001,val_02-val_02_r0-42000001-lidar_dropout-medium,validation,false,success,false,false,true,49.953,5.0628,-1.5049999999999955,0.1913999999999998,1,23.834,controlled_stop,false,5.1914,0.0,0.0,0.0,0.0,0.1913999999999998,5.0
fe889618-ab58-4c35-a460-6a62d0cc8f92,val_02,val_02_r0,42000001,lidar_dropout,medium,RP_relocalise,true,false,false,true,0.4579999999999984,0.05439999999999934,2,controlled_stop,5.2833999999999985,none,val_02-val_02_r0-lidar-r0-RP_relocalise,val_02-val_02_r0-42000001-lidar_dropout-medium,validation,false,success,false,false,true,51.916,4.9258,0.4579999999999984,0.05439999999999934,2,22.182,relocalise,false,5.2833999999999985,0.0,0.0,0.0,0.2289999999999992,0.05439999999999934,5.0
532621df-9a49-4ae0-8b3b-34e1abe0943c,val_02,val_02_r0,42000001,lidar_dropout,medium,RP_replan_clear_costmaps,true,false,false,true,0.0,0.06820000000000004,2,replan_clear_costmaps,5.0682,none,val_02-val_02_r0-lidar-r0-RP_replan_clear_costmaps,val_02-val_02_r0-42000001-lidar_dropout-medium,validation,false,success,false,false,true,47.758,4.9396,-3.6999999999999957,0.06820000000000004,2,23.059,replan_clear_costmaps,false,5.0682,0.0,0.0,0.0,0.0,0.06820000000000004,5.0
a110f817-c331-413c-886b-af8087f9312c,val_02,val_02_r0,42000001,lidar_dropout,medium,RP_spin_active_rescan,true,false,false,false,10.291000000000004,0.3807999999999998,1,spin_active_rescan,10.526300000000003,none,val_02-val_02_r0-lidar-r0-RP_spin_active_rescan,val_02-val_02_r0-42000001-lidar_dropout-medium,validation,false,success,false,false,true,61.749,5.2522,10.291000000000004,0.3807999999999998,1,23.604000000000003,spin_active_rescan,false,10.526300000000003,0.0,0.0,0.0,5.145500000000002,0.3807999999999998,5.0
d7267f68-35ca-44a1-9361-6c31bf02c5c4,val_02,val_02_r0,42000001,lidar_dropout,medium,RP_wait,true,false,false,true,7.365000000000002,0.7527999999999997,1,controlled_stop,9.435300000000002,none,val_02-val_02_r0-lidar-r0-RP_wait,val_02-val_02_r0-42000001-lidar_dropout-medium,validation,false,success,false,false,true,58.823,5.6242,7.365000000000002,0.7527999999999997,1,23.566,wait,false,9.435300000000002,0.0,0.0,0.0,3.682500000000001,0.7527999999999997,5.0
a47190f0-cb08-49c8-a911-584fce0497fe,val_02,val_02_r0,42000002,wheel_slip,medium,R0,true,false,false,false,0.0,0.0,0,none,0.0,none,val_02-val_02_r0-wheel-r0-R0,val_02-val_02_r0-42000002-wheel_slip-medium,validation,false,success,false,false,false,63.201,5.4824,0.0,0.0,0,,,false,0.0,0.0,0.0,0.0,0.0,0.0,0.0
b37d602a-474f-4ec1-b7e5-090517970476,val_02,val_02_r0,42000002,wheel_slip,medium,RP_backup,true,false,false,false,0.0,0.0,0,none,0.0,none,val_02-val_02_r0-wheel-r0-RP_backup,val_02-val_02_r0-42000002-wheel_slip-medium,validation,false,success,false,false,false,48.178,4.9528,-15.023000000000003,-0.5296000000000003,0,,backup,false,0.0,0.0,0.0,0.0,0.0,0.0,0.0
35a0017b-6335-4eb7-9149-c0e1f2f7f232,val_02,val_02_r0,42000002,wheel_slip,medium,RP_controlled_stop,true,false,false,false,32.175000000000004,1.0129000000000001,0,none,16.012900000000002,none,val_02-val_02_r0-wheel-r0-RP_controlled_stop,val_02-val_02_r0-42000002-wheel_slip-medium,validation,false,success,false,false,false,95.376,6.4953,32.175000000000004,1.0129000000000001,0,,controlled_stop,false,16.012900000000002,0.0,0.0,0.0,15.0,1.0129000000000001,0.0
6ecbc7ee-5bbb-48c3-b803-8740ad764da7,val_02,val_02_r0,42000002,wheel_slip,medium,RP_relocalise,true,false,false,false,0.0,0.0,0,none,0.0,none,val_02-val_02_r0-wheel-r0-RP_relocalise,val_02-val_02_r0-42000002-wheel_slip-medium,validation,false,success,false,false,false,50.281,4.969,-12.920000000000002,-0.5133999999999999,0,,relocalise,false,0.0,0.0,0.0,0.0,0.0,0.0,0.0
26c563fe-722d-4ec1-839d-a5947ea595ca,val_02,val_02_r0,42000002,wheel_slip,medium,RP_replan_clear_costmaps,true,false,false,false,5.413000000000004,0.4626999999999999,0,none,3.169200000000002,none,val_02-val_02_r0-wheel-r0-RP_replan_clear_costmaps,val_02-val_02_r0-42000002-wheel_slip-medium,validation,false,success,false,false,false,68.614,5.9451,5.413000000000004,0.4626999999999999,0,,replan_clear_costmaps,false,3.169200000000002,0.0,0.0,0.0,2.706500000000002,0.4626999999999999,0.0
40ce36f2-3cb3-42da-bc44-1f2ed9ebe6fe,val_02,val_02_r0,42000002,wheel_slip,medium,RP_spin_active_rescan,true,false,false,false,22.922999999999995,0.4607999999999999,0,none,11.922299999999996,none,val_02-val_02_r0-wheel-r0-RP_spin_active_rescan,val_02-val_02_r0-42000002-wheel_slip-medium,validation,false,success,false,false,false,86.124,5.9432,22.922999999999995,0.4607999999999999,0,,spin_active_rescan,false,11.922299999999996,0.0,0.0,0.0,11.461499999999997,0.4607999999999999,0.0
08cd6811-5de3-4daf-be34-0fa5d15811c9,val_02,val_02_r0,42000002,wheel_slip,medium,RP_wait,true,false,false,false,0.0,0.0,0,none,0.0,none,val_02-val_02_r0-wheel-r0-RP_wait,val_02-val_02_r0-42000002-wheel_slip-medium,validation,false,success,false,false,false,46.398,4.8336,-16.802999999999997,-0.6488000000000005,0,,wait,false,0.0,0.0,0.0,0.0,0.0,0.0,0.0
ce5b723c-a9b2-44ae-a07e-a8f027e2b316,val_02,val_02_r0,42000003,localisation_perturbation,medium,R0,true,false,false,false,0.0,0.0,0,none,0.0,none,val_02-val_02_r0-localisation-r0-R0,val_02-val_02_r0-42000003-localisation_perturbation-medium,validation,false,success,false,false,false,61.922,5.3852,0.0,0.0,0,,,false,0.0,0.0,0.0,0.0,0.0,0.0,0.0
8df2cd94-da4f-4399-b8b8-6e03fc6d0724,val_02,val_02_r0,42000003,localisation_perturbation,medium,RP_backup,true,false,false,false,1.8500000000000014,0.23489999999999966,0,none,1.1599000000000004,none,val_02-val_02_r0-localisation-r0-RP_backup,val_02-val_02_r0-42000003-localisation_perturbation-medium,validation,false,success,false,false,false,63.772,5.6201,1.8500000000000014,0.23489999999999966,0,,backup,false,1.1599000000000004,0.0,0.0,0.0,0.9250000000000007,0.23489999999999966,0.0
e5ebae4b-5dec-4196-bf9a-6f1d963860d7,val_02,val_02_r0,42000003,localisation_perturbation,medium,RP_controlled_stop,true,false,false,false,0.0,0.0,0,none,0.0,none,val_02-val_02_r0-localisation-r0-RP_controlled_stop,val_02-val_02_r0-42000003-localisation_perturbation-medium,validation,false,success,false,false,false,53.575,5.1201,-8.346999999999994,-0.26510000000000034,0,,controlled_stop,false,0.0,0.0,0.0,0.0,0.0,0.0,0.0
e56ab78d-5f88-4369-a62a-b09a0c2a0771,val_02,val_02_r0,42000003,localisation_perturbation,medium,RP_relocalise,true,false,false,false,0.0,0.0,0,none,0.0,none,val_02-val_02_r0-localisation-r0-RP_relocalise,val_02-val_02_r0-42000003-localisation_perturbation-medium,validation,false,success,false,false,false,47.415,4.9777,-14.506999999999998,-0.40750000000000064,0,,relocalise,false,0.0,0.0,0.0,0.0,0.0,0.0,0.0
dbe1222f-464d-45c6-9670-be2c4f25199f,val_02,val_02_r0,42000003,localisation_perturbation,medium,RP_replan_clear_costmaps,true,false,false,false,0.0,0.0,0,none,0.0,none,val_02-val_02_r0-localisation-r0-RP_replan_clear_costmaps,val_02-val_02_r0-42000003-localisation_perturbation-medium,validation,false,success,false,false,false,48.943,4.9206,-12.979,-0.4645999999999999,0,,replan_clear_costmaps,false,0.0,0.0,0.0,0.0,0.0,0.0,0.0
fc6305e3-997c-4a56-9447-179872ac9b93,val_02,val_02_r0,42000003,localisation_perturbation,medium,RP_spin_active_rescan,true,false,false,false,0.0,0.0,0,none,0.0,none,val_02-val_02_r0-localisation-r0-RP_spin_active_rescan,val_02-val_02_r0-42000003-localisation_perturbation-medium,validation,false,success,false,false,false,45.533,4.8902,-16.388999999999996,-0.4950000000000001,0,,spin_active_rescan,false,0.0,0.0,0.0,0.0,0.0,0.0,0.0
8fe71af1-30d7-418d-aa57-9a9c5b386d3d,val_02,val_02_r0,42000003,localisation_perturbation,medium,RP_wait,true,false,false,false,0.0,0.0,0,none,0.0,none,val_02-val_02_r0-localisation-r0-RP_wait-infra-replacement-001,val_02-val_02_r0-42000003-localisation_perturbation-medium,validation,false,success,false,false,false,42.898,4.8863,-19.023999999999994,-0.4988999999999999,0,,wait,false,0.0,0.0,0.0,0.0,0.0,0.0,0.0
9b376e22-9632-45c6-8b05-4695c30b68c8,val_02,val_02_r0,42000004,dynamic_blockage,medium,R0,false,false,false,false,0.0,0.0,0,none,35.569,none,val_02-val_02_r0-blockage-r0-R0,val_02-val_02_r0-42000004-dynamic_blockage-medium,validation,false,timeout,true,false,false,240.735,1.2116,0.0,0.0,0,,,false,40.0,0.0,40.0,0.0,0.0,0.0,0.0
263a2c4a-f99e-41a8-b17d-a44411e5c10f,val_02,val_02_r0,42000004,dynamic_blockage,medium,RP_backup,true,false,false,false,0.0,6.2778,1,backup,1.8468,none,val_02-val_02_r0-blockage-r0-RP_backup,val_02-val_02_r0-42000004-dynamic_blockage-medium,validation,false,success,false,false,false,172.069,7.4894,-68.66600000000003,6.2778,1,90.022,backup,false,6.2778,0.0,0.0,0.0,0.0,6.2778,0.0
ecbc9b0b-4b4f-49a3-9d28-94bcf4bcb654,val_02,val_02_r0,42000004,dynamic_blockage,medium,RP_controlled_stop,true,false,false,false,0.0,5.051,1,controlled_stop,0.6200000000000001,none,val_02-val_02_r0-blockage-r0-RP_controlled_stop,val_02-val_02_r0-42000004-dynamic_blockage-medium,validation,false,success,false,false,false,148.517,6.2626,-92.21800000000002,5.051,1,80.89,controlled_stop,false,5.051,0.0,0.0,0.0,0.0,5.051,0.0
f915bbf5-f4ad-4685-b478-7ad29bef9161,val_02,val_02_r0,42000004,dynamic_blockage,medium,RP_relocalise,true,false,false,false,0.0,7.2198,0,none,2.7888,none,val_02-val_02_r0-blockage-r0-RP_relocalise,val_02-val_02_r0-42000004-dynamic_blockage-medium,validation,false,success,false,false,false,175.9,8.4314,-64.83500000000001,7.2198,0,,relocalise,false,7.2198,0.0,0.0,0.0,0.0,7.2198,0.0
ad5ee093-452b-4748-943c-c79baf33a46c,val_02,val_02_r0,42000004,dynamic_blockage,medium,RP_replan_clear_costmaps,false,false,false,false,0.013999999999981583,3.7233,2,replan_clear_costmaps,39.299299999999995,none,val_02-val_02_r0-blockage-r0-RP_replan_clear_costmaps,val_02-val_02_r0-42000004-dynamic_blockage-medium,validation,false,timeout,true,false,false,240.749,4.9349,0.013999999999981583,3.7233,2,93.315,replan_clear_costmaps,false,43.73029999999999,0.0,40.0,0.0,0.006999999999990791,3.7233,0.0
1cca5a89-7093-4870-84a7-7cd187a9b40b,val_02,val_02_r0,42000004,dynamic_blockage,medium,RP_spin_active_rescan,false,false,false,true,0.0,1.6777,5,spin_active_rescan,37.246700000000004,none,val_02-val_02_r0-blockage-r0-RP_spin_active_rescan,val_02-val_02_r0-42000004-dynamic_blockage-medium,validation,false,timeout,true,false,false,213.685,2.8893,-27.05000000000001,1.6777,5,89.759,spin_active_rescan,false,41.6777,0.0,40.0,0.0,0.0,1.6777,0.0
57419d92-a2dc-4f6d-94b6-10baab9fe5d0,val_02,val_02_r0,42000004,dynamic_blockage,medium,RP_wait,true,false,false,false,0.0,4.431,0,none,0.0,none,val_02-val_02_r0-blockage-r0-RP_wait,val_02-val_02_r0-42000004-dynamic_blockage-medium,validation,false,success,false,false,false,80.209,5.6426,-160.526,4.431,0,,wait,false,4.431,0.0,0.0,0.0,0.0,4.431,0.0
d56f7379-56b1-4433-84b3-954b53d86bc5,val_02,val_02_r0,42000005,planner_oscillation,medium,R0,false,false,false,false,0.0,0.0,0,none,0.0,none,val_02-val_02_r0-oscillation-r0-R0,val_02-val_02_r0-42000005-planner_oscillation-medium,validation,false,planner_failure,true,false,false,84.643,3.1884,0.0,0.0,0,,,false,40.0,0.0,40.0,0.0,0.0,0.0,0.0
de318039-1364-41d8-a17a-70147cdff868,val_02,val_02_r0,42000005,planner_oscillation,medium,RP_backup,false,false,false,true,54.803,1.5795999999999997,5,backup,16.5796,none,val_02-val_02_r0-oscillation-r0-RP_backup,val_02-val_02_r0-42000005-planner_oscillation-medium,validation,false,timeout,true,false,false,139.446,4.768,54.803,1.5795999999999997,5,91.014,backup,false,56.5796,0.0,40.0,0.0,15.0,1.5795999999999997,0.0
f8abced0-6367-4052-b75c-3b56482fedbb,val_02,val_02_r0,42000005,planner_oscillation,medium,RP_controlled_stop,false,false,false,true,25.967,0.0,5,controlled_stop,12.9835,none,val_02-val_02_r0-oscillation-r0-RP_controlled_stop,val_02-val_02_r0-42000005-planner_oscillation-medium,validation,false,timeout,true,false,false,110.61,3.0293,25.967,-0.15910000000000002,5,65.475,controlled_stop,false,52.9835,0.0,40.0,0.0,12.9835,0.0,0.0
24fb0aaf-8a9c-4134-9c8b-ae248acf3fcb,val_02,val_02_r0,42000005,planner_oscillation,medium,RP_relocalise,false,false,false,true,15.780000000000001,0.0,5,controlled_stop,7.890000000000001,none,val_02-val_02_r0-oscillation-r0-RP_relocalise,val_02-val_02_r0-42000005-planner_oscillation-medium,validation,false,timeout,true,false,false,100.423,2.682,15.780000000000001,-0.5064000000000002,5,55.034,relocalise,false,47.89,0.0,40.0,0.0,7.890000000000001,0.0,0.0
35a5cb3c-229a-48c0-bc42-18a888bbbe3f,val_02,val_02_r0,42000005,planner_oscillation,medium,RP_replan_clear_costmaps,false,false,false,true,22.503,0.0,5,replan_clear_costmaps,11.2515,none,val_02-val_02_r0-oscillation-r0-RP_replan_clear_costmaps,val_02-val_02_r0-42000005-planner_oscillation-medium,validation,false,timeout,true,false,false,107.146,2.9292,22.503,-0.2592000000000003,6,61.019,replan_clear_costmaps,false,51.2515,0.0,40.0,0.0,11.2515,0.0,0.0
e5b0a501-c48a-40dc-8b51-5e34b22558d3,val_02,val_02_r0,42000005,planner_oscillation,medium,RP_spin_active_rescan,false,false,false,true,19.159999999999997,0.0,5,controlled_stop,9.579999999999998,none,val_02-val_02_r0-oscillation-r0-RP_spin_active_rescan,val_02-val_02_r0-42000005-planner_oscillation-medium,validation,false,timeout,true,false,false,103.803,2.8336,19.159999999999997,-0.3548,6,60.869,spin_active_rescan,false,49.58,0.0,40.0,0.0,9.579999999999998,0.0,0.0
06e7a739-721d-4cef-a7bd-0eabcfb71ee8,val_02,val_02_r0,42000005,planner_oscillation,medium,RP_wait,false,false,false,false,0.0,0.0,0,none,0.0,none,val_02-val_02_r0-oscillation-r0-RP_wait,val_02-val_02_r0-42000005-planner_oscillation-medium,validation,false,planner_failure,true,false,false,12.395,0.1125,-72.248,-3.0759000000000003,0,,wait,false,40.0,0.0,40.0,0.0,0.0,0.0,0.0
ef1b76ea-bdb3-4e17-9f4f-17bd0ba77e2c,val_02,val_02_r0,42000006,semantic_corruption,medium,R0,true,false,false,false,0.0,0.0,0,none,0.0,none,val_02-val_02_r0-semantic-r0-R0,val_02-val_02_r0-42000006-semantic_corruption-medium,validation,false,success,false,false,false,97.121,5.5299,0.0,0.0,0,,,false,0.0,0.0,0.0,0.0,0.0,0.0,0.0
62425556-3470-41f2-baab-556a62ce522e,val_02,val_02_r0,42000006,semantic_corruption,medium,RP_backup,true,false,false,false,0.0,0.0,0,none,0.0,none,val_02-val_02_r0-semantic-r0-RP_backup,val_02-val_02_r0-42000006-semantic_corruption-medium,validation,false,success,false,false,false,65.926,5.2669,-31.194999999999993,-0.2629999999999999,0,,backup,false,0.0,0.0,0.0,0.0,0.0,0.0,0.0
a9b3effc-a1f1-4a08-9f3a-23ae9546dc3b,val_02,val_02_r0,42000006,semantic_corruption,medium,RP_controlled_stop,true,false,false,false,0.0,0.0,0,none,0.0,none,val_02-val_02_r0-semantic-r0-RP_controlled_stop,val_02-val_02_r0-42000006-semantic_corruption-medium,validation,false,success,false,false,false,53.692,5.2772,-43.428999999999995,-0.2526999999999999,0,,controlled_stop,false,0.0,0.0,0.0,0.0,0.0,0.0,0.0
efaef5d7-023d-4265-a486-64b6fef1e169,val_02,val_02_r0,42000006,semantic_corruption,medium,RP_relocalise,true,false,false,false,0.0,0.0,0,none,0.0,none,val_02-val_02_r0-semantic-r0-RP_relocalise,val_02-val_02_r0-42000006-semantic_corruption-medium,validation,false,success,false,false,false,51.37,4.8944,-45.751,-0.6354999999999995,0,,relocalise,false,0.0,0.0,0.0,0.0,0.0,0.0,0.0
dd03fe1c-1e72-4998-89c9-b57a07405f4d,val_02,val_02_r0,42000006,semantic_corruption,medium,RP_replan_clear_costmaps,true,false,false,false,0.0,0.0,0,none,0.0,none,val_02-val_02_r0-semantic-r0-RP_replan_clear_costmaps,val_02-val_02_r0-42000006-semantic_corruption-medium,validation,false,success,false,false,false,88.366,5.345,-8.754999999999995,-0.18489999999999984,0,,replan_clear_costmaps,false,0.0,0.0,0.0,0.0,0.0,0.0,0.0
0273de86-d23f-458f-aad7-b5dd04357123,val_02,val_02_r0,42000006,semantic_corruption,medium,RP_spin_active_rescan,true,false,false,false,0.0,0.0,0,none,0.0,none,val_02-val_02_r0-semantic-r0-RP_spin_active_rescan,val_02-val_02_r0-42000006-semantic_corruption-medium,validation,false,success,false,false,false,58.561,5.4587,-38.559999999999995,-0.07119999999999926,0,,spin_active_rescan,false,0.0,0.0,0.0,0.0,0.0,0.0,0.0
57824841-800f-4b5b-a748-e64e11ddef77,val_02,val_02_r0,42000006,semantic_corruption,medium,RP_wait,true,false,false,false,0.0,0.2506000000000004,0,none,0.2506000000000004,none,val_02-val_02_r0-semantic-r0-RP_wait,val_02-val_02_r0-42000006-semantic_corruption-medium,validation,false,success,false,false,false,84.267,5.7805,-12.854,0.2506000000000004,0,,wait,false,0.2506000000000004,0.0,0.0,0.0,0.0,0.2506000000000004,0.0
3e9bd9b0-54c3-4c13-95f1-09102b1f6b87,val_02,val_02_r1,42100000,camera_occlusion,medium,R0,true,false,false,false,0.0,0.0,0,none,0.0,none,val_02-val_02_r1-camera-r0-R0,val_02-val_02_r1-42100000-camera_occlusion-medium,validation,false,success,false,false,false,118.391,7.1216,0.0,0.0,0,,,false,0.0,0.0,0.0,0.0,0.0,0.0,0.0
d713997a-2b32-4e1f-b7cb-0590e9db6e90,val_02,val_02_r1,42100000,camera_occlusion,medium,RP_backup,true,false,false,false,0.0,0.0,0,none,0.0,none,val_02-val_02_r1-camera-r0-RP_backup,val_02-val_02_r1-42100000-camera_occlusion-medium,validation,false,success,false,false,false,76.991,6.7254,-41.400000000000006,-0.39620000000000033,0,,backup,false,0.0,0.0,0.0,0.0,0.0,0.0,0.0
3eb9c20e-3f0c-4486-a0e4-6f853cd8d3a9,val_02,val_02_r1,42100000,camera_occlusion,medium,RP_controlled_stop,true,false,false,false,0.0,0.0,0,none,0.0,none,val_02-val_02_r1-camera-r0-RP_controlled_stop,val_02-val_02_r1-42100000-camera_occlusion-medium,validation,false,success,false,false,false,74.106,6.4671,-44.28500000000001,-0.6544999999999996,0,,controlled_stop,false,0.0,0.0,0.0,0.0,0.0,0.0,0.0
735f8eda-cc0e-41bb-9c75-fb876b28b7f4,val_02,val_02_r1,42100000,camera_occlusion,medium,RP_relocalise,true,false,false,false,0.0,0.0,0,none,0.0,none,val_02-val_02_r1-camera-r0-RP_relocalise,val_02-val_02_r1-42100000-camera_occlusion-medium,validation,false,success,false,false,false,76.41,6.7108,-41.98100000000001,-0.41080000000000005,0,,relocalise,false,0.0,0.0,0.0,0.0,0.0,0.0,0.0
02a4e5b0-7743-4f51-a9a2-68d7b4f6b022,val_02,val_02_r1,42100000,camera_occlusion,medium,RP_replan_clear_costmaps,true,false,false,false,0.0,0.0,0,none,0.0,none,val_02-val_02_r1-camera-r0-RP_replan_clear_costmaps,val_02-val_02_r1-42100000-camera_occlusion-medium,validation,false,success,false,false,false,81.926,6.6506,-36.465,-0.4710000000000001,0,,replan_clear_costmaps,false,0.0,0.0,0.0,0.0,0.0,0.0,0.0
b197a708-935c-4d5a-929b-f7993113669a,val_02,val_02_r1,42100000,camera_occlusion,medium,RP_spin_active_rescan,true,false,false,false,0.0,0.0,0,none,0.0,none,val_02-val_02_r1-camera-r0-RP_spin_active_rescan,val_02-val_02_r1-42100000-camera_occlusion-medium,validation,false,success,false,false,false,117.508,6.957,-0.8830000000000098,-0.16460000000000008,0,,spin_active_rescan,false,0.0,0.0,0.0,0.0,0.0,0.0,0.0
375df568-a958-4d08-83f6-e739f7c8be2c,val_02,val_02_r1,42100000,camera_occlusion,medium,RP_wait,true,false,false,false,0.0,0.0,0,none,0.0,none,val_02-val_02_r1-camera-r0-RP_wait,val_02-val_02_r1-42100000-camera_occlusion-medium,validation,false,success,false,false,false,111.74,6.8664,-6.6510000000000105,-0.2552000000000003,0,,wait,false,0.0,0.0,0.0,0.0,0.0,0.0,0.0
2c4ed7f1-56df-4f87-8e04-233f7ce383e1,val_02,val_02_r1,42100001,lidar_dropout,medium,R0,true,false,false,false,0.0,0.0,0,none,0.0,none,val_02-val_02_r1-lidar-r0-R0,val_02-val_02_r1-42100001-lidar_dropout-medium,validation,false,success,false,false,false,93.335,6.9811,0.0,0.0,0,,,false,0.0,0.0,0.0,0.0,0.0,0.0,0.0
c3e0124d-d179-4e4e-8e35-a272ce8a15d3,val_02,val_02_r1,42100001,lidar_dropout,medium,RP_backup,true,false,false,false,0.0,0.9295,2,backup,5.9295,none,val_02-val_02_r1-lidar-r0-RP_backup,val_02-val_02_r1-42100001-lidar_dropout-medium,validation,false,success,false,false,true,89.869,7.9106,-3.465999999999994,0.9295,2,24.02,backup,false,5.9295,0.0,0.0,0.0,0.0,0.9295,5.0
6e170f0d-289e-435a-b4e0-4219be50f378,val_02,val_02_r1,42100001,lidar_dropout,medium,RP_controlled_stop,true,false,false,false,0.0,0.0,2,controlled_stop,5.0,none,val_02-val_02_r1-lidar-r0-RP_controlled_stop,val_02-val_02_r1-42100001-lidar_dropout-medium,validation,false,success,false,false,true,71.675,6.6001,-21.659999999999997,-0.38099999999999934,2,23.846,controlled_stop,false,5.0,0.0,0.0,0.0,0.0,0.0,5.0
c12e83c9-334e-4c35-a5c3-5d08bccc0ea1,val_02,val_02_r1,42100001,lidar_dropout,medium,RP_relocalise,true,false,false,true,0.0,0.0,2,controlled_stop,5.0,none,val_02-val_02_r1-lidar-r0-RP_relocalise,val_02-val_02_r1-42100001-lidar_dropout-medium,validation,false,success,false,false,true,83.86,6.8996,-9.474999999999994,-0.08149999999999924,2,24.49,relocalise,false,5.0,0.0,0.0,0.0,0.0,0.0,5.0
99dc802c-93b8-44ab-a2ce-d7f588579917,val_02,val_02_r1,42100001,lidar_dropout,medium,RP_replan_clear_costmaps,true,false,false,false,0.0,0.0,2,replan_clear_costmaps,5.0,none,val_02-val_02_r1-lidar-r0-RP_replan_clear_costmaps,val_02-val_02_r1-42100001-lidar_dropout-medium,validation,false,success,false,false,true,85.141,6.8719,-8.193999999999988,-0.10919999999999952,2,23.86,replan_clear_costmaps,false,5.0,0.0,0.0,0.0,0.0,0.0,5.0
58415c5a-d41c-49ad-a033-f4373652d8b0,val_02,val_02_r1,42100001,lidar_dropout,medium,RP_spin_active_rescan,true,false,false,false,0.0,0.0,1,spin_active_rescan,5.0,none,val_02-val_02_r1-lidar-r0-RP_spin_active_rescan,val_02-val_02_r1-42100001-lidar_dropout-medium,validation,false,success,false,false,true,81.376,6.637,-11.958999999999989,-0.3441000000000001,1,23.062,spin_active_rescan,false,5.0,0.0,0.0,0.0,0.0,0.0,5.0
4d4cff8f-2972-499e-9d38-94729339f39e,val_02,val_02_r1,42100001,lidar_dropout,medium,RP_wait,true,false,false,true,0.0,0.0015000000000000568,2,controlled_stop,5.0015,none,val_02-val_02_r1-lidar-r0-RP_wait,val_02-val_02_r1-42100001-lidar_dropout-medium,validation,false,success,false,false,true,86.416,6.9826,-6.918999999999997,0.0015000000000000568,2,24.332,wait,false,5.0015,0.0,0.0,0.0,0.0,0.0015000000000000568,5.0
b0d36fe7-5e38-4481-a377-664183c7e61f,val_02,val_02_r1,42100002,wheel_slip,medium,R0,true,false,false,false,0.0,0.0,0,none,0.0,none,val_02-val_02_r1-wheel-r0-R0,val_02-val_02_r1-42100002-wheel_slip-medium,validation,false,success,false,false,false,67.927,6.4332,0.0,0.0,0,,,false,0.0,0.0,0.0,0.0,0.0,0.0,0.0
87c45c64-5fcb-4721-abd2-c01e0b2ed986,val_02,val_02_r1,42100002,wheel_slip,medium,RP_backup,true,false,false,false,0.0,0.005700000000000038,0,none,0.005700000000000038,none,val_02-val_02_r1-wheel-r0-RP_backup,val_02-val_02_r1-42100002-wheel_slip-medium,validation,false,success,false,false,false,64.736,6.4389,-3.1910000000000025,0.005700000000000038,0,,backup,false,0.005700000000000038,0.0,0.0,0.0,0.0,0.005700000000000038,0.0
8e374a5d-057d-44f1-95b1-1df8435edf7a,val_02,val_02_r1,42100002,wheel_slip,medium,RP_controlled_stop,true,false,false,false,0.0,0.0,0,none,0.0,none,val_02-val_02_r1-wheel-r0-RP_controlled_stop,val_02-val_02_r1-42100002-wheel_slip-medium,validation,false,success,false,false,false,67.03,6.4239,-0.8970000000000056,-0.00930000000000053,0,,controlled_stop,false,0.0,0.0,0.0,0.0,0.0,0.0,0.0
83e50f03-4ce5-4cc6-8ead-78c0cc405dee,val_02,val_02_r1,42100002,wheel_slip,medium,RP_relocalise,true,false,false,false,1.056999999999988,0.039200000000000124,0,none,0.5676999999999941,none,val_02-val_02_r1-wheel-r0-RP_relocalise,val_02-val_02_r1-42100002-wheel_slip-medium,validation,false,success,false,false,false,68.984,6.4724,1.056999999999988,0.039200000000000124,0,,relocalise,false,0.5676999999999941,0.0,0.0,0.0,0.528499999999994,0.039200000000000124,0.0
c46f5417-2a4f-4371-adb5-44e791df452c,val_02,val_02_r1,42100002,wheel_slip,medium,RP_replan_clear_costmaps,true,false,false,false,1.1049999999999898,0.06429999999999936,0,none,0.6167999999999942,none,val_02-val_02_r1-wheel-r0-RP_replan_clear_costmaps,val_02-val_02_r1-42100002-wheel_slip-medium,validation,false,success,false,false,false,69.032,6.4975,1.1049999999999898,0.06429999999999936,0,,replan_clear_costmaps,false,0.6167999999999942,0.0,0.0,0.0,0.5524999999999949,0.06429999999999936,0.0
faf16bb6-058b-4238-bc16-5bb4d104493c,val_02,val_02_r1,42100002,wheel_slip,medium,RP_spin_active_rescan,true,false,false,false,47.28599999999999,0.6616,0,none,15.6616,none,val_02-val_02_r1-wheel-r0-RP_spin_active_rescan,val_02-val_02_r1-42100002-wheel_slip-medium,validation,false,success,false,false,false,115.213,7.0948,47.28599999999999,0.6616,0,,spin_active_rescan,false,15.6616,0.0,0.0,0.0,15.0,0.6616,0.0
84db077e-34ae-4169-aec2-2d5af733f5d4,val_02,val_02_r1,42100002,wheel_slip,medium,RP_wait,true,false,false,false,4.622,0.06170000000000009,0,none,2.3727,none,val_02-val_02_r1-wheel-r0-RP_wait,val_02-val_02_r1-42100002-wheel_slip-medium,validation,false,success,false,false,false,72.549,6.4949,4.622,0.06170000000000009,0,,wait,false,2.3727,0.0,0.0,0.0,2.311,0.06170000000000009,0.0
4c980cf5-ec1d-47f5-a226-0cb5ab157e22,val_02,val_02_r1,42100003,localisation_perturbation,medium,R0,true,false,false,false,0.0,0.0,0,none,0.0,none,val_02-val_02_r1-localisation-r0-R0,val_02-val_02_r1-42100003-localisation_perturbation-medium,validation,false,success,false,false,false,67.528,6.4781,0.0,0.0,0,,,false,0.0,0.0,0.0,0.0,0.0,0.0,0.0
b23479ef-6065-4191-8854-7ad374322331,val_02,val_02_r1,42100003,localisation_perturbation,medium,RP_backup,true,false,false,false,0.0,0.0,0,none,0.0,none,val_02-val_02_r1-localisation-r0-RP_backup,val_02-val_02_r1-42100003-localisation_perturbation-medium,validation,false,success,false,false,false,65.305,6.4353,-2.222999999999999,-0.042800000000000615,0,,backup,false,0.0,0.0,0.0,0.0,0.0,0.0,0.0
c2206011-a1fc-4f4a-b604-62b26ecfd9dd,val_02,val_02_r1,42100003,localisation_perturbation,medium,RP_controlled_stop,true,false,false,false,0.0,0.0,0,none,0.0,none,val_02-val_02_r1-localisation-r0-RP_controlled_stop,val_02-val_02_r1-42100003-localisation_perturbation-medium,validation,false,success,false,false,false,66.546,6.43,-0.9819999999999993,-0.0481000000000007,0,,controlled_stop,false,0.0,0.0,0.0,0.0,0.0,0.0,0.0
61dd6c8b-5d02-4a97-9787-2e304a5bfedf,val_02,val_02_r1,42100003,localisation_perturbation,medium,RP_relocalise,true,false,false,true,0.9299999999999926,0.0,1,controlled_stop,5.464999999999996,none,val_02-val_02_r1-localisation-r0-RP_relocalise,val_02-val_02_r1-42100003-localisation_perturbation-medium,validation,false,success,false,false,true,68.458,6.4348,0.9299999999999926,-0.04330000000000034,1,67.491,relocalise,false,5.464999999999996,0.0,0.0,0.0,0.4649999999999963,0.0,5.0
0150e590-854a-4c83-8782-fb534e5b8cf1,val_02,val_02_r1,42100003,localisation_perturbation,medium,RP_replan_clear_costmaps,true,false,false,false,0.0,0.02119999999999944,0,none,0.02119999999999944,none,val_02-val_02_r1-localisation-r0-RP_replan_clear_costmaps,val_02-val_02_r1-42100003-localisation_perturbation-medium,validation,false,success,false,false,false,65.524,6.4993,-2.004000000000005,0.02119999999999944,0,,replan_clear_costmaps,false,0.02119999999999944,0.0,0.0,0.0,0.0,0.02119999999999944,0.0
67b4060f-268b-4475-b920-c7d1511d4d77,val_02,val_02_r1,42100003,localisation_perturbation,medium,RP_spin_active_rescan,false,false,false,true,81.33800000000001,0.0,5,spin_active_rescan,60.0,none,val_02-val_02_r1-localisation-r0-RP_spin_active_rescan,val_02-val_02_r1-42100003-localisation_perturbation-medium,validation,false,timeout,true,false,true,148.866,6.188,81.33800000000001,-0.2901000000000007,5,102.623,spin_active_rescan,false,60.0,0.0,40.0,0.0,15.0,0.0,5.0
e748c6f8-e5ab-4aac-9efd-4a1284c8fa45,val_02,val_02_r1,42100003,localisation_perturbation,medium,RP_wait,true,false,false,false,0.0,0.018499999999999517,0,none,0.018499999999999517,none,val_02-val_02_r1-localisation-r0-RP_wait,val_02-val_02_r1-42100003-localisation_perturbation-medium,validation,false,success,false,false,false,63.05,6.4966,-4.478000000000009,0.018499999999999517,0,,wait,false,0.018499999999999517,0.0,0.0,0.0,0.0,0.018499999999999517,0.0
1cf6d2ad-e40a-46c1-aee2-607df801a4f9,val_02,val_02_r1,42100004,dynamic_blockage,medium,R0,true,false,false,false,0.0,0.0,0,none,0.0,none,val_02-val_02_r1-blockage-r0-R0,val_02-val_02_r1-42100004-dynamic_blockage-medium,validation,false,success,false,false,false,113.743,7.9672,0.0,0.0,0,,,false,0.0,0.0,0.0,0.0,0.0,0.0,0.0
29895733-8ce4-4a66-9890-d1f4b69093ec,val_02,val_02_r1,42100004,dynamic_blockage,medium,RP_backup,true,false,false,false,29.49200000000002,0.6789000000000005,0,none,15.42490000000001,none,val_02-val_02_r1-blockage-r0-RP_backup,val_02-val_02_r1-42100004-dynamic_blockage-medium,validation,false,success,false,false,false,143.235,8.6461,29.49200000000002,0.6789000000000005,0,,backup,false,15.42490000000001,0.0,0.0,0.0,14.74600000000001,0.6789000000000005,0.0
b1a77c1f-e6f3-418b-aa62-cab00c784af9,val_02,val_02_r1,42100004,dynamic_blockage,medium,RP_controlled_stop,true,false,false,false,115.314,3.285,1,controlled_stop,23.285,none,val_02-val_02_r1-blockage-r0-RP_controlled_stop,val_02-val_02_r1-42100004-dynamic_blockage-medium,validation,false,success,false,false,true,229.057,11.2522,115.314,3.285,1,95.043,controlled_stop,false,23.285,0.0,0.0,0.0,15.0,3.285,5.0
8341cc99-a447-4bdf-b382-f1db6bd352cb,val_02,val_02_r1,42100004,dynamic_blockage,medium,RP_relocalise,true,false,false,false,23.905,0.8328000000000007,0,none,12.785300000000001,none,val_02-val_02_r1-blockage-r0-RP_relocalise-infra-replacement-001,val_02-val_02_r1-42100004-dynamic_blockage-medium,validation,false,success,false,false,false,137.648,8.8,23.905,0.8328000000000007,0,,relocalise,false,12.785300000000001,0.0,0.0,0.0,11.9525,0.8328000000000007,0.0
b100e257-c2bf-41e5-88af-c07b6395a286,val_02,val_02_r1,42100004,dynamic_blockage,medium,RP_replan_clear_costmaps,true,false,false,false,40.307000000000016,0.3912999999999993,1,replan_clear_costmaps,20.3913,none,val_02-val_02_r1-blockage-r0-RP_replan_clear_costmaps,val_02-val_02_r1-42100004-dynamic_blockage-medium,validation,false,success,false,false,true,154.05,8.3585,40.307000000000016,0.3912999999999993,1,99.447,replan_clear_costmaps,false,20.3913,0.0,0.0,0.0,15.0,0.3912999999999993,5.0
c3ac9357-176a-4fba-aa6c-aafd2f2898ce,val_02,val_02_r1,42100004,dynamic_blockage,medium,RP_spin_active_rescan,true,false,false,false,58.86100000000002,0.7866,1,spin_active_rescan,20.7866,none,val_02-val_02_r1-blockage-r0-RP_spin_active_rescan,val_02-val_02_r1-42100004-dynamic_blockage-medium,validation,false,success,false,false,true,172.604,8.7538,58.86100000000002,0.7866,1,102.847,spin_active_rescan,false,20.7866,0.0,0.0,0.0,15.0,0.7866,5.0
52ce2a4e-81d2-4e3a-aaea-02535e911a93,val_02,val_02_r1,42100004,dynamic_blockage,medium,RP_wait,true,false,false,true,44.04900000000001,0.5656999999999996,1,controlled_stop,20.5657,none,val_02-val_02_r1-blockage-r0-RP_wait,val_02-val_02_r1-42100004-dynamic_blockage-medium,validation,false,success,false,false,true,157.792,8.5329,44.04900000000001,0.5656999999999996,1,101.071,wait,false,20.5657,0.0,0.0,0.0,15.0,0.5656999999999996,5.0
918e7cca-995c-4d2f-b45e-26c6d08b46db,val_02,val_02_r1,42100005,planner_oscillation,medium,R0,true,false,false,false,0.0,0.0,0,none,0.0,none,val_02-val_02_r1-oscillation-r0-R0,val_02-val_02_r1-42100005-planner_oscillation-medium,validation,false,success,false,false,false,165.186,9.9015,0.0,0.0,0,,,false,0.0,0.0,0.0,0.0,0.0,0.0,0.0
d8ab01c0-31f1-40fd-9cf2-bb17e55c3cf5,val_02,val_02_r1,42100005,planner_oscillation,medium,RP_backup,false,false,false,false,16.12099999999998,0.0,0,none,48.06049999999999,none,val_02-val_02_r1-oscillation-r0-RP_backup-infra-replacement-001,val_02-val_02_r1-42100005-planner_oscillation-medium,validation,false,planner_failure,true,false,false,181.307,5.0963,16.12099999999998,-4.8052,0,,backup,false,48.06049999999999,0.0,40.0,0.0,8.06049999999999,0.0,0.0
3c9406e0-ab31-44a8-abd9-9a9304ff1ea0,val_02,val_02_r1,42100005,planner_oscillation,medium,RP_controlled_stop,true,false,false,false,0.0,0.0,0,none,0.0,none,val_02-val_02_r1-oscillation-r0-RP_controlled_stop,val_02-val_02_r1-42100005-planner_oscillation-medium,validation,false,success,false,false,false,156.05,9.1901,-9.135999999999996,-0.7114000000000011,0,,controlled_stop,false,0.0,0.0,0.0,0.0,0.0,0.0,0.0
3eb8b648-7064-4d0f-9b67-bc7636c1f0a1,val_02,val_02_r1,42100005,planner_oscillation,medium,RP_relocalise,true,false,false,true,58.115999999999985,0.08699999999999974,1,controlled_stop,20.087,none,val_02-val_02_r1-oscillation-r0-RP_relocalise,val_02-val_02_r1-42100005-planner_oscillation-medium,validation,false,success,false,false,true,223.302,9.9885,58.115999999999985,0.08699999999999974,1,96.918,relocalise,false,20.087,0.0,0.0,0.0,15.0,0.08699999999999974,5.0
57195dd1-22b6-4646-bbd5-f0cb139926d4,val_02,val_02_r1,42100005,planner_oscillation,medium,RP_replan_clear_costmaps,true,false,false,false,0.3509999999999991,0.0,1,replan_clear_costmaps,5.1754999999999995,none,val_02-val_02_r1-oscillation-r0-RP_replan_clear_costmaps,val_02-val_02_r1-42100005-planner_oscillation-medium,validation,false,success,false,false,true,165.537,9.893,0.3509999999999991,-0.00849999999999973,1,106.468,replan_clear_costmaps,false,5.1754999999999995,0.0,0.0,0.0,0.17549999999999955,0.0,5.0
0a89dfe3-c19d-46f5-b806-2dc272c618f2,val_02,val_02_r1,42100005,planner_oscillation,medium,RP_spin_active_rescan,true,false,false,false,50.388000000000005,0.3803000000000001,1,spin_active_rescan,20.3803,none,val_02-val_02_r1-oscillation-r0-RP_spin_active_rescan,val_02-val_02_r1-42100005-planner_oscillation-medium,validation,false,success,false,false,true,215.574,10.2818,50.388000000000005,0.3803000000000001,1,79.536,spin_active_rescan,false,20.3803,0.0,0.0,0.0,15.0,0.3803000000000001,5.0
e20f958e-6328-47c6-82bc-220e88b6c75e,val_02,val_02_r1,42100005,planner_oscillation,medium,RP_wait,true,false,false,false,0.0,0.0,0,none,0.0,none,val_02-val_02_r1-oscillation-r0-RP_wait,val_02-val_02_r1-42100005-planner_oscillation-medium,validation,false,success,false,false,false,158.781,9.2932,-6.405000000000001,-0.6082999999999998,0,,wait,false,0.0,0.0,0.0,0.0,0.0,0.0,0.0
09b45c6d-329e-4b55-ada0-0c9fa03d5d6c,val_02,val_02_r1,42100006,semantic_corruption,medium,R0,true,false,false,false,0.0,0.0,0,none,0.0,none,val_02-val_02_r1-semantic-r0-R0,val_02-val_02_r1-42100006-semantic_corruption-medium,validation,false,success,false,false,false,69.487,6.5334,0.0,0.0,0,,,false,0.0,0.0,0.0,0.0,0.0,0.0,0.0
8754dfea-e0f9-4b15-b316-1f9cf1cab84f,val_02,val_02_r1,42100006,semantic_corruption,medium,RP_backup,true,false,false,false,32.259,0.6689999999999996,0,none,15.669,none,val_02-val_02_r1-semantic-r0-RP_backup,val_02-val_02_r1-42100006-semantic_corruption-medium,validation,false,success,false,false,false,101.746,7.2024,32.259,0.6689999999999996,0,,backup,false,15.669,0.0,0.0,0.0,15.0,0.6689999999999996,0.0
c0a34cf9-b09f-451c-a5ce-37e8a552619c,val_02,val_02_r1,42100006,semantic_corruption,medium,RP_controlled_stop,true,false,false,false,43.19300000000001,0.8328999999999995,0,none,15.832899999999999,none,val_02-val_02_r1-semantic-r0-RP_controlled_stop,val_02-val_02_r1-42100006-semantic_corruption-medium,validation,false,success,false,false,false,112.68,7.3663,43.19300000000001,0.8328999999999995,0,,controlled_stop,false,15.832899999999999,0.0,0.0,0.0,15.0,0.8328999999999995,0.0
bbe5ce8a-cc1f-41d3-8f33-959e505f6e80,val_02,val_02_r1,42100006,semantic_corruption,medium,RP_relocalise,true,false,false,false,44.891000000000005,0.6404999999999994,0,none,15.6405,none,val_02-val_02_r1-semantic-r0-RP_relocalise,val_02-val_02_r1-42100006-semantic_corruption-medium,validation,false,success,false,false,false,114.378,7.1739,44.891000000000005,0.6404999999999994,0,,relocalise,false,15.6405,0.0,0.0,0.0,15.0,0.6404999999999994,0.0
6c993e6f-40dc-4aa2-bc01-38a767d3fe7c,val_02,val_02_r1,42100006,semantic_corruption,medium,RP_replan_clear_costmaps,true,false,false,false,7.594000000000008,0.20929999999999982,0,none,4.006300000000004,none,val_02-val_02_r1-semantic-r0-RP_replan_clear_costmaps,val_02-val_02_r1-42100006-semantic_corruption-medium,validation,false,success,false,false,false,77.081,6.7427,7.594000000000008,0.20929999999999982,0,,replan_clear_costmaps,false,4.006300000000004,0.0,0.0,0.0,3.797000000000004,0.20929999999999982,0.0
c0f6c411-9a6b-44eb-ac3d-3aea4801a821,val_02,val_02_r1,42100006,semantic_corruption,medium,RP_spin_active_rescan,true,false,false,false,10.687000000000012,0.7797000000000001,0,none,6.123200000000006,none,val_02-val_02_r1-semantic-r0-RP_spin_active_rescan,val_02-val_02_r1-42100006-semantic_corruption-medium,validation,false,success,false,false,false,80.174,7.3131,10.687000000000012,0.7797000000000001,0,,spin_active_rescan,false,6.123200000000006,0.0,0.0,0.0,5.343500000000006,0.7797000000000001,0.0
241204f9-44ac-4f1c-ba6f-c73ac9c8db06,val_02,val_02_r1,42100006,semantic_corruption,medium,RP_wait,true,false,false,false,43.66000000000001,0.3895999999999997,0,none,15.3896,none,val_02-val_02_r1-semantic-r0-RP_wait,val_02-val_02_r1-42100006-semantic_corruption-medium,validation,false,success,false,false,false,113.147,6.923,43.66000000000001,0.3895999999999997,0,,wait,false,15.3896,0.0,0.0,0.0,15.0,0.3895999999999997,0.0
6ae737a8-861a-4a8c-b17e-801d4808a553,val_02,val_02_r2,42200000,camera_occlusion,medium,R0,true,false,false,false,0.0,0.0,0,none,0.0,none,val_02-val_02_r2-camera-r0-R0,val_02-val_02_r2-42200000-camera_occlusion-medium,validation,false,success,false,false,false,113.669,10.9595,0.0,0.0,0,,,false,0.0,0.0,0.0,0.0,0.0,0.0,0.0
e3eff196-28c1-40db-a97b-031a4396050d,val_02,val_02_r2,42200000,camera_occlusion,medium,RP_backup,true,false,false,false,21.10799999999999,0.26319999999999943,0,none,10.817199999999994,none,val_02-val_02_r2-camera-r0-RP_backup,val_02-val_02_r2-42200000-camera_occlusion-medium,validation,false,success,false,false,false,134.777,11.2227,21.10799999999999,0.26319999999999943,0,,backup,false,10.817199999999994,0.0,0.0,0.0,10.553999999999995,0.26319999999999943,0.0
3ef34a23-e05a-419a-85dd-4cf3ee43df52,val_02,val_02_r2,42200000,camera_occlusion,medium,RP_controlled_stop,true,false,false,false,24.08,0.3017000000000003,0,none,12.3417,none,val_02-val_02_r2-camera-r0-RP_controlled_stop,val_02-val_02_r2-42200000-camera_occlusion-medium,validation,false,success,false,false,false,137.749,11.2612,24.08,0.3017000000000003,0,,controlled_stop,false,12.3417,0.0,0.0,0.0,12.04,0.3017000000000003,0.0
2aab0ae6-af92-47e3-953d-2ad5a285cad8,val_02,val_02_r2,42200000,camera_occlusion,medium,RP_relocalise,true,false,false,false,0.0,0.1534999999999993,0,none,0.1534999999999993,none,val_02-val_02_r2-camera-r0-RP_relocalise,val_02-val_02_r2-42200000-camera_occlusion-medium,validation,false,success,false,false,false,112.296,11.113,-1.3729999999999905,0.1534999999999993,0,,relocalise,false,0.1534999999999993,0.0,0.0,0.0,0.0,0.1534999999999993,0.0
21b01e97-6140-45d9-a6c6-ceafc01269a7,val_02,val_02_r2,42200000,camera_occlusion,medium,RP_replan_clear_costmaps,true,false,false,false,0.0,0.14349999999999952,0,none,0.14349999999999952,none,val_02-val_02_r2-camera-r0-RP_replan_clear_costmaps,val_02-val_02_r2-42200000-camera_occlusion-medium,validation,false,success,false,false,false,113.43,11.103,-0.2389999999999901,0.14349999999999952,0,,replan_clear_costmaps,false,0.14349999999999952,0.0,0.0,0.0,0.0,0.14349999999999952,0.0
f00c0791-533d-4046-9853-280a7974bf36,val_02,val_02_r2,42200000,camera_occlusion,medium,RP_spin_active_rescan,true,false,false,false,0.0,0.08009999999999984,0,none,0.08009999999999984,none,val_02-val_02_r2-camera-r0-RP_spin_active_rescan,val_02-val_02_r2-42200000-camera_occlusion-medium,validation,false,success,false,false,false,111.389,11.0396,-2.280000000000001,0.08009999999999984,0,,spin_active_rescan,false,0.08009999999999984,0.0,0.0,0.0,0.0,0.08009999999999984,0.0
ba3bfc30-ca68-4ad2-b1ad-795562bd488d,val_02,val_02_r2,42200000,camera_occlusion,medium,RP_wait,true,false,false,false,0.0,0.2220999999999993,0,none,0.2220999999999993,none,val_02-val_02_r2-camera-r0-RP_wait,val_02-val_02_r2-42200000-camera_occlusion-medium,validation,false,success,false,false,false,113.467,11.1816,-0.20199999999999818,0.2220999999999993,0,,wait,false,0.2220999999999993,0.0,0.0,0.0,0.0,0.2220999999999993,0.0
d402bc58-4fa4-4102-b825-efcf83bf39f2,val_02,val_02_r2,42200001,lidar_dropout,medium,R0,true,false,false,false,0.0,0.0,0,none,0.0,none,val_02-val_02_r2-lidar-r0-R0,val_02-val_02_r2-42200001-lidar_dropout-medium,validation,false,success,false,false,false,116.119,11.0391,0.0,0.0,0,,,false,0.0,0.0,0.0,0.0,0.0,0.0,0.0
e5832486-50e3-4332-b742-b3d1c64a82d9,val_02,val_02_r2,42200001,lidar_dropout,medium,RP_backup,true,false,false,false,0.0,0.040300000000000225,0,none,0.040300000000000225,none,val_02-val_02_r2-lidar-r0-RP_backup,val_02-val_02_r2-42200001-lidar_dropout-medium,validation,false,success,false,false,false,115.564,11.0794,-0.5550000000000068,0.040300000000000225,0,,backup,false,0.040300000000000225,0.0,0.0,0.0,0.0,0.040300000000000225,0.0
1857f438-3ae9-4089-b51f-29ecbe757854,val_02,val_02_r2,42200001,lidar_dropout,medium,RP_controlled_stop,true,false,false,false,0.0,0.0,1,controlled_stop,5.0,none,val_02-val_02_r2-lidar-r0-RP_controlled_stop,val_02-val_02_r2-42200001-lidar_dropout-medium,validation,false,success,false,false,true,113.845,10.9648,-2.274000000000001,-0.07429999999999914,1,25.238,controlled_stop,false,5.0,0.0,0.0,0.0,0.0,0.0,5.0
a2fc5376-07c8-4ce3-8d4a-6f1f1c56b881,val_02,val_02_r2,42200001,lidar_dropout,medium,RP_relocalise,true,false,false,false,0.0,0.11369999999999969,0,none,0.11369999999999969,none,val_02-val_02_r2-lidar-r0-RP_relocalise,val_02-val_02_r2-42200001-lidar_dropout-medium,validation,false,success,false,false,false,115.48,11.1528,-0.6389999999999958,0.11369999999999969,0,,relocalise,false,0.11369999999999969,0.0,0.0,0.0,0.0,0.11369999999999969,0.0
47f52d6f-a8af-43e9-966a-278c046ff03d,val_02,val_02_r2,42200001,lidar_dropout,medium,RP_replan_clear_costmaps,true,false,false,false,1.6069999999999993,0.09060000000000024,0,none,0.8940999999999999,none,val_02-val_02_r2-lidar-r0-RP_replan_clear_costmaps,val_02-val_02_r2-42200001-lidar_dropout-medium,validation,false,success,false,false,false,117.726,11.1297,1.6069999999999993,0.09060000000000024,0,,replan_clear_costmaps,false,0.8940999999999999,0.0,0.0,0.0,0.8034999999999997,0.09060000000000024,0.0
2c5da856-1886-464a-9b0b-735bf0734f34,val_02,val_02_r2,42200001,lidar_dropout,medium,RP_spin_active_rescan,true,false,false,false,11.319999999999993,0.39400000000000013,1,spin_active_rescan,11.053999999999997,none,val_02-val_02_r2-lidar-r0-RP_spin_active_rescan,val_02-val_02_r2-42200001-lidar_dropout-medium,validation,false,success,false,false,true,127.439,11.4331,11.319999999999993,0.39400000000000013,1,24.458,spin_active_rescan,false,11.053999999999997,0.0,0.0,0.0,5.659999999999997,0.39400000000000013,5.0
21ed8dd8-20e1-47a1-898b-53a94765c0dc,val_02,val_02_r2,42200001,lidar_dropout,medium,RP_wait,true,false,false,true,0.0,0.0,1,controlled_stop,5.0,none,val_02-val_02_r2-lidar-r0-RP_wait,val_02-val_02_r2-42200001-lidar_dropout-medium,validation,false,success,false,false,true,114.294,11.0114,-1.8250000000000028,-0.027699999999999392,1,24.05,wait,false,5.0,0.0,0.0,0.0,0.0,0.0,5.0
8f07a9a6-4b33-406c-a914-9cac7b32df29,val_02,val_02_r2,42200002,wheel_slip,medium,R0,true,false,false,false,0.0,0.0,0,none,0.0,none,val_02-val_02_r2-wheel-r0-R0,val_02-val_02_r2-42200002-wheel_slip-medium,validation,false,success,false,false,false,113.883,11.0006,0.0,0.0,0,,,false,0.0,0.0,0.0,0.0,0.0,0.0,0.0
9ed10677-63bb-44d5-a8ff-c15d4dba1332,val_02,val_02_r2,42200002,wheel_slip,medium,RP_backup,true,false,false,false,35.72600000000001,0.8478999999999992,1,backup,20.8479,none,val_02-val_02_r2-wheel-r0-RP_backup,val_02-val_02_r2-42200002-wheel_slip-medium,validation,false,success,false,false,true,149.609,11.8485,35.72600000000001,0.8478999999999992,1,146.49,backup,false,20.8479,0.0,0.0,0.0,15.0,0.8478999999999992,5.0
82a609a4-de28-45b5-96e7-8e7779efec73,val_02,val_02_r2,42200002,wheel_slip,medium,RP_controlled_stop,true,false,false,false,0.1740000000000066,0.0804999999999989,0,none,0.1675000000000022,none,val_02-val_02_r2-wheel-r0-RP_controlled_stop,val_02-val_02_r2-42200002-wheel_slip-medium,validation,false,success,false,false,false,114.057,11.0811,0.1740000000000066,0.0804999999999989,0,,controlled_stop,false,0.1675000000000022,0.0,0.0,0.0,0.0870000000000033,0.0804999999999989,0.0
2994529c-bd78-4d5a-91a6-7ea093ac7e92,val_02,val_02_r2,42200002,wheel_slip,medium,RP_relocalise,true,false,false,false,2.058000000000007,0.2485999999999997,0,none,1.2776000000000032,none,val_02-val_02_r2-wheel-r0-RP_relocalise,val_02-val_02_r2-42200002-wheel_slip-medium,validation,false,success,false,false,false,115.941,11.2492,2.058000000000007,0.2485999999999997,0,,relocalise,false,1.2776000000000032,0.0,0.0,0.0,1.0290000000000035,0.2485999999999997,0.0
ed068521-7fe1-48ae-b5db-9e9594894a16,val_02,val_02_r2,42200002,wheel_slip,medium,RP_replan_clear_costmaps,true,false,false,false,0.3760000000000048,0.15700000000000003,0,none,0.3450000000000024,none,val_02-val_02_r2-wheel-r0-RP_replan_clear_costmaps,val_02-val_02_r2-42200002-wheel_slip-medium,validation,false,success,false,false,false,114.259,11.1576,0.3760000000000048,0.15700000000000003,0,,replan_clear_costmaps,false,0.3450000000000024,0.0,0.0,0.0,0.1880000000000024,0.15700000000000003,0.0
85c16837-b1c3-49bb-a598-5b8cabd1b2ed,val_02,val_02_r2,42200002,wheel_slip,medium,RP_spin_active_rescan,true,false,false,false,3.9960000000000093,0.07879999999999932,0,none,2.076800000000004,none,val_02-val_02_r2-wheel-r0-RP_spin_active_rescan,val_02-val_02_r2-42200002-wheel_slip-medium,validation,false,success,false,false,false,117.879,11.0794,3.9960000000000093,0.07879999999999932,0,,spin_active_rescan,false,2.076800000000004,0.0,0.0,0.0,1.9980000000000047,0.07879999999999932,0.0
3e04170c-c136-4cf0-80da-e7f21dce6de1,val_02,val_02_r2,42200002,wheel_slip,medium,RP_wait,true,false,false,false,3.503,0.10280000000000022,0,none,1.8543000000000003,none,val_02-val_02_r2-wheel-r0-RP_wait,val_02-val_02_r2-42200002-wheel_slip-medium,validation,false,success,false,false,false,117.386,11.1034,3.503,0.10280000000000022,0,,wait,false,1.8543000000000003,0.0,0.0,0.0,1.7515,0.10280000000000022,0.0
977c4378-58d1-46d1-a100-ddc1de62d47d,val_02,val_02_r2,42200003,localisation_perturbation,medium,R0,true,false,false,false,0.0,0.0,0,none,0.0,none,val_02-val_02_r2-localisation-r0-R0,val_02-val_02_r2-42200003-localisation_perturbation-medium,validation,false,success,false,false,false,167.107,11.3516,0.0,0.0,0,,,false,0.0,0.0,0.0,0.0,0.0,0.0,0.0
ece15b58-2143-4610-839d-838cea20f1df,val_02,val_02_r2,42200003,localisation_perturbation,medium,RP_backup,true,false,false,false,0.0,0.28580000000000005,1,backup,5.2858,none,val_02-val_02_r2-localisation-r0-RP_backup,val_02-val_02_r2-42200003-localisation_perturbation-medium,validation,false,success,false,false,true,165.307,11.6374,-1.8000000000000114,0.28580000000000005,1,153.735,backup,false,5.2858,0.0,0.0,0.0,0.0,0.28580000000000005,5.0
d85facb1-54b5-41cd-aa20-8304ff7bce62,val_02,val_02_r2,42200003,localisation_perturbation,medium,RP_controlled_stop,true,false,false,false,0.0,0.0,0,none,0.0,none,val_02-val_02_r2-localisation-r0-RP_controlled_stop,val_02-val_02_r2-42200003-localisation_perturbation-medium,validation,false,success,false,false,false,118.083,11.189,-49.024,-0.1625999999999994,0,,controlled_stop,false,0.0,0.0,0.0,0.0,0.0,0.0,0.0
727dd57c-82fe-4374-b441-2e6e60b1ea7d,val_02,val_02_r2,42200003,localisation_perturbation,medium,RP_relocalise,true,false,false,false,0.0,0.0,0,none,0.0,none,val_02-val_02_r2-localisation-r0-RP_relocalise,val_02-val_02_r2-42200003-localisation_perturbation-medium,validation,false,success,false,false,false,118.709,11.0818,-48.397999999999996,-0.26980000000000004,0,,relocalise,false,0.0,0.0,0.0,0.0,0.0,0.0,0.0
bf373b50-0f9c-48c0-8728-fdc618557917,val_02,val_02_r2,42200003,localisation_perturbation,medium,RP_replan_clear_costmaps,true,false,false,false,0.0,0.016600000000000392,1,replan_clear_costmaps,5.0166,none,val_02-val_02_r2-localisation-r0-RP_replan_clear_costmaps,val_02-val_02_r2-42200003-localisation_perturbation-medium,validation,false,success,false,false,true,158.479,11.3682,-8.627999999999986,0.016600000000000392,1,151.67000000000002,replan_clear_costmaps,false,5.0166,0.0,0.0,0.0,0.0,0.016600000000000392,5.0
8f5f6abd-ec6e-4a0f-82ef-e94bc93e86d6,val_02,val_02_r2,42200003,localisation_perturbation,medium,RP_spin_active_rescan,true,false,false,false,0.0,0.0,0,none,0.0,none,val_02-val_02_r2-localisation-r0-RP_spin_active_rescan,val_02-val_02_r2-42200003-localisation_perturbation-medium,validation,false,success,false,false,false,138.46,11.2635,-28.64699999999999,-0.08809999999999896,0,,spin_active_rescan,false,0.0,0.0,0.0,0.0,0.0,0.0,0.0
761098e1-f4f5-4c7b-806b-a4f3b2b7b90b,val_02,val_02_r2,42200003,localisation_perturbation,medium,RP_wait,true,false,false,true,0.0,0.0,1,controlled_stop,5.0,none,val_02-val_02_r2-localisation-r0-RP_wait,val_02-val_02_r2-42200003-localisation_perturbation-medium,validation,false,success,false,false,true,156.453,11.3016,-10.653999999999996,-0.049999999999998934,1,151.769,wait,false,5.0,0.0,0.0,0.0,0.0,0.0,5.0
d5778155-f244-46e0-9fc2-3fb1c13bc628,val_02,val_02_r2,42200004,dynamic_blockage,medium,R0,true,false,false,false,0.0,0.0,0,none,0.0,none,val_02-val_02_r2-blockage-r0-R0,val_02-val_02_r2-42200004-dynamic_blockage-medium,validation,false,success,false,false,false,133.9,11.6679,0.0,0.0,0,,,false,0.0,0.0,0.0,0.0,0.0,0.0,0.0
c57cd314-cd89-475a-986b-423d0afd805f,val_02,val_02_r2,42200004,dynamic_blockage,medium,RP_backup,true,false,false,false,0.0,0.0,0,none,0.0,none,val_02-val_02_r2-blockage-r0-RP_backup,val_02-val_02_r2-42200004-dynamic_blockage-medium,validation,false,success,false,false,false,130.78,11.5512,-3.1200000000000045,-0.1166999999999998,0,,backup,false,0.0,0.0,0.0,0.0,0.0,0.0,0.0
502183ab-63cc-412f-8035-a8177f472c4f,val_02,val_02_r2,42200004,dynamic_blockage,medium,RP_controlled_stop,true,false,false,false,0.875,0.23140000000000072,0,none,0.6689000000000007,none,val_02-val_02_r2-blockage-r0-RP_controlled_stop,val_02-val_02_r2-42200004-dynamic_blockage-medium,validation,false,success,false,false,false,134.775,11.8993,0.875,0.23140000000000072,0,,controlled_stop,false,0.6689000000000007,0.0,0.0,0.0,0.4375,0.23140000000000072,0.0
9d686d3d-4676-4c1b-9dc3-7d929a781d8e,val_02,val_02_r2,42200004,dynamic_blockage,medium,RP_relocalise,true,false,false,false,0.42799999999999727,0.06109999999999971,0,none,0.27509999999999835,none,val_02-val_02_r2-blockage-r0-RP_relocalise,val_02-val_02_r2-42200004-dynamic_blockage-medium,validation,false,success,false,false,false,134.328,11.729,0.42799999999999727,0.06109999999999971,0,,relocalise,false,0.27509999999999835,0.0,0.0,0.0,0.21399999999999864,0.06109999999999971,0.0
57d8bfe7-bb3b-4ff7-b118-d50e73845170,val_02,val_02_r2,42200004,dynamic_blockage,medium,RP_replan_clear_costmaps,true,false,false,false,0.0,0.0,0,none,0.0,none,val_02-val_02_r2-blockage-r0-RP_replan_clear_costmaps,val_02-val_02_r2-42200004-dynamic_blockage-medium,validation,false,success,false,false,false,133.705,11.6269,-0.19499999999999318,-0.04100000000000037,0,,replan_clear_costmaps,false,0.0,0.0,0.0,0.0,0.0,0.0,0.0
31fb3a95-4018-4d5d-aade-774e1de1bd42,val_02,val_02_r2,42200004,dynamic_blockage,medium,RP_spin_active_rescan,true,false,false,false,1.1929999999999836,0.0,0,none,0.5964999999999918,none,val_02-val_02_r2-blockage-r0-RP_spin_active_rescan,val_02-val_02_r2-42200004-dynamic_blockage-medium,validation,false,success,false,false,false,135.093,11.43,1.1929999999999836,-0.23789999999999978,0,,spin_active_rescan,false,0.5964999999999918,0.0,0.0,0.0,0.5964999999999918,0.0,0.0
3020b953-a7e1-415e-aeec-752a835f6d4a,val_02,val_02_r2,42200004,dynamic_blockage,medium,RP_wait,true,false,false,false,5.562999999999988,0.0,0,none,2.781499999999994,none,val_02-val_02_r2-blockage-r0-RP_wait,val_02-val_02_r2-42200004-dynamic_blockage-medium,validation,false,success,false,false,false,139.463,11.6195,5.562999999999988,-0.04839999999999911,0,,wait,false,2.781499999999994,0.0,0.0,0.0,2.781499999999994,0.0,0.0
e3c7414d-c963-4c13-82ff-011075d78078,val_02,val_02_r2,42200005,planner_oscillation,medium,R0,false,false,false,false,0.0,0.0,0,none,0.0,none,val_02-val_02_r2-oscillation-r0-R0,val_02-val_02_r2-42200005-planner_oscillation-medium,validation,false,planner_failure,true,false,false,79.969,5.4801,0.0,0.0,0,,,false,40.0,0.0,40.0,0.0,0.0,0.0,0.0
47bac2cc-2d23-4e9c-a150-7c7fbcee4094,val_02,val_02_r2,42200005,planner_oscillation,medium,RP_backup,false,false,false,true,40.932,0.0,5,backup,15.0,none,val_02-val_02_r2-oscillation-r0-RP_backup,val_02-val_02_r2-42200005-planner_oscillation-medium,validation,false,timeout,true,false,false,120.901,5.1714,40.932,-0.3087,6,65.363,backup,false,55.0,0.0,40.0,0.0,15.0,0.0,0.0
377b24d1-3524-4cc6-8467-bfb235a5b005,val_02,val_02_r2,42200005,planner_oscillation,medium,RP_controlled_stop,false,false,false,true,42.974000000000004,0.0,5,controlled_stop,15.0,none,val_02-val_02_r2-oscillation-r0-RP_controlled_stop,val_02-val_02_r2-42200005-planner_oscillation-medium,validation,false,timeout,true,false,false,122.943,4.4867,42.974000000000004,-0.9934000000000003,5,62.74,controlled_stop,false,55.0,0.0,40.0,0.0,15.0,0.0,0.0
4901a429-007a-4409-8fa0-02402e886ff9,val_02,val_02_r2,42200005,planner_oscillation,medium,RP_relocalise,false,false,false,true,34.17500000000001,0.0,5,controlled_stop,15.0,none,val_02-val_02_r2-oscillation-r0-RP_relocalise,val_02-val_02_r2-42200005-planner_oscillation-medium,validation,false,timeout,true,false,false,114.144,4.5499,34.17500000000001,-0.9302000000000001,5,65.768,relocalise,false,55.0,0.0,40.0,0.0,15.0,0.0,0.0
16ae6f12-f868-444d-88ad-ec6800c31c38,val_02,val_02_r2,42200005,planner_oscillation,medium,RP_replan_clear_costmaps,false,false,false,true,61.867999999999995,0.3224,5,replan_clear_costmaps,15.322400000000002,none,val_02-val_02_r2-oscillation-r0-RP_replan_clear_costmaps,val_02-val_02_r2-42200005-planner_oscillation-medium,validation,false,timeout,true,false,false,141.837,5.8025,61.867999999999995,0.3224,6,88.814,replan_clear_costmaps,false,55.3224,0.0,40.0,0.0,15.0,0.3224,0.0
4a3060ce-f45c-4cb9-9c67-5ddf9ce51cd1,val_02,val_02_r2,42200005,planner_oscillation,medium,RP_spin_active_rescan,false,false,false,true,51.022999999999996,0.3957999999999995,5,spin_active_rescan,15.395800000000001,none,val_02-val_02_r2-oscillation-r0-RP_spin_active_rescan,val_02-val_02_r2-42200005-planner_oscillation-medium,validation,false,timeout,true,false,false,130.992,5.8759,51.022999999999996,0.3957999999999995,5,85.915,spin_active_rescan,false,55.3958,0.0,40.0,0.0,15.0,0.3957999999999995,0.0
f4831896-3d4a-4117-933c-e8239f3c62dd,val_02,val_02_r2,42200005,planner_oscillation,medium,RP_wait,false,false,false,true,64.1,0.4805999999999999,5,controlled_stop,15.480600000000003,none,val_02-val_02_r2-oscillation-r0-RP_wait,val_02-val_02_r2-42200005-planner_oscillation-medium,validation,false,timeout,true,false,false,144.069,5.9607,64.1,0.4805999999999999,5,94.943,wait,false,55.4806,0.0,40.0,0.0,15.0,0.4805999999999999,0.0
3868af24-6b24-4036-a246-142395ee3832,val_02,val_02_r2,42200006,semantic_corruption,medium,R0,true,false,false,false,0.0,0.0,0,none,0.0,none,val_02-val_02_r2-semantic-r0-R0,val_02-val_02_r2-42200006-semantic_corruption-medium,validation,false,success,false,false,false,109.17,11.0529,0.0,0.0,0,,,false,0.0,0.0,0.0,0.0,0.0,0.0,0.0
12933abc-d6e5-4ad1-981c-4b6369ca8ef9,val_02,val_02_r2,42200006,semantic_corruption,medium,RP_backup,true,false,false,false,0.0,0.0276000000000014,0,none,0.0276000000000014,none,val_02-val_02_r2-semantic-r0-RP_backup,val_02-val_02_r2-42200006-semantic_corruption-medium,validation,false,success,false,false,false,106.138,11.0805,-3.0319999999999965,0.0276000000000014,0,,backup,false,0.0276000000000014,0.0,0.0,0.0,0.0,0.0276000000000014,0.0
cb9b7b4e-3dfd-493b-93e5-02f32352e658,val_02,val_02_r2,42200006,semantic_corruption,medium,RP_controlled_stop,true,false,false,false,0.0,0.0,0,none,0.0,none,val_02-val_02_r2-semantic-r0-RP_controlled_stop,val_02-val_02_r2-42200006-semantic_corruption-medium,validation,false,success,false,false,false,108.989,11.0518,-0.18099999999999739,-0.0010999999999992127,0,,controlled_stop,false,0.0,0.0,0.0,0.0,0.0,0.0,0.0
64421fdb-03c9-4826-b1c0-4bd7409239ae,val_02,val_02_r2,42200006,semantic_corruption,medium,RP_relocalise,true,false,false,false,0.242999999999995,0.04020000000000046,0,none,0.16169999999999796,none,val_02-val_02_r2-semantic-r0-RP_relocalise,val_02-val_02_r2-42200006-semantic_corruption-medium,validation,false,success,false,false,false,109.413,11.0931,0.242999999999995,0.04020000000000046,0,,relocalise,false,0.16169999999999796,0.0,0.0,0.0,0.1214999999999975,0.04020000000000046,0.0
ba53e2e2-1c19-4dd0-8a6f-0112c7d2fb51,val_02,val_02_r2,42200006,semantic_corruption,medium,RP_replan_clear_costmaps,true,false,false,false,2.1089999999999947,0.17480000000000118,0,none,1.2292999999999985,none,val_02-val_02_r2-semantic-r0-RP_replan_clear_costmaps,val_02-val_02_r2-42200006-semantic_corruption-medium,validation,false,success,false,false,false,111.279,11.2277,2.1089999999999947,0.17480000000000118,0,,replan_clear_costmaps,false,1.2292999999999985,0.0,0.0,0.0,1.0544999999999973,0.17480000000000118,0.0
e9112c45-a174-4324-b482-382b375690f1,val_02,val_02_r2,42200006,semantic_corruption,medium,RP_spin_active_rescan,true,false,false,false,1.632000000000005,0.14320000000000022,0,none,0.9592000000000027,none,val_02-val_02_r2-semantic-r0-RP_spin_active_rescan,val_02-val_02_r2-42200006-semantic_corruption-medium,validation,false,success,false,false,false,110.802,11.1961,1.632000000000005,0.14320000000000022,0,,spin_active_rescan,false,0.9592000000000027,0.0,0.0,0.0,0.8160000000000025,0.14320000000000022,0.0
d4803098-58fb-498d-b9ff-083f0b70070a,val_02,val_02_r2,42200006,semantic_corruption,medium,RP_wait,true,false,false,false,27.81599999999999,0.5334000000000003,0,none,14.441399999999994,none,val_02-val_02_r2-semantic-r0-RP_wait,val_02-val_02_r2-42200006-semantic_corruption-medium,validation,false,success,false,false,false,136.986,11.5863,27.81599999999999,0.5334000000000003,0,,wait,false,14.441399999999994,0.0,0.0,0.0,13.907999999999994,0.5334000000000003,0.0
4849484b-4ed9-4e26-bc11-e823df8f5f2b,val_02,val_02_r3,42300000,camera_occlusion,medium,R0,true,false,false,false,0.0,0.0,0,none,0.0,none,val_02-val_02_r3-camera-r0-R0,val_02-val_02_r3-42300000-camera_occlusion-medium,validation,false,success,false,false,false,196.401,14.7199,0.0,0.0,0,,,false,0.0,0.0,0.0,0.0,0.0,0.0,0.0
b0c827c0-dfbf-42ad-9d30-af20981cea1d,val_02,val_02_r3,42300000,camera_occlusion,medium,RP_backup,true,false,false,false,0.0,0.0,0,none,0.0,none,val_02-val_02_r3-camera-r0-RP_backup,val_02-val_02_r3-42300000-camera_occlusion-medium,validation,false,success,false,false,false,160.744,12.5538,-35.65700000000001,-2.1661,0,,backup,false,0.0,0.0,0.0,0.0,0.0,0.0,0.0
2ee394c6-959a-4ca6-a0c8-031718b0e161,val_02,val_02_r3,42300000,camera_occlusion,medium,RP_controlled_stop,true,false,false,false,5.381,0.0,0,none,2.6905,none,val_02-val_02_r3-camera-r0-RP_controlled_stop,val_02-val_02_r3-42300000-camera_occlusion-medium,validation,false,success,false,false,false,201.782,13.7746,5.381,-0.9453000000000014,0,,controlled_stop,false,2.6905,0.0,0.0,0.0,2.6905,0.0,0.0
5b2bd5d0-219a-4cce-b975-e9d4b844dd86,val_02,val_02_r3,42300000,camera_occlusion,medium,RP_relocalise,true,false,false,false,0.0,0.0,0,none,0.0,none,val_02-val_02_r3-camera-r0-RP_relocalise,val_02-val_02_r3-42300000-camera_occlusion-medium,validation,false,success,false,false,false,194.32,13.9087,-2.0810000000000173,-0.8112000000000013,0,,relocalise,false,0.0,0.0,0.0,0.0,0.0,0.0,0.0
53f37bb0-07e2-46fa-a9a9-62cf6257ba92,val_02,val_02_r3,42300000,camera_occlusion,medium,RP_replan_clear_costmaps,true,false,false,false,16.514999999999986,0.0,0,none,8.257499999999993,none,val_02-val_02_r3-camera-r0-RP_replan_clear_costmaps,val_02-val_02_r3-42300000-camera_occlusion-medium,validation,false,success,false,false,false,212.916,14.5711,16.514999999999986,-0.14880000000000138,0,,replan_clear_costmaps,false,8.257499999999993,0.0,0.0,0.0,8.257499999999993,0.0,0.0
c97fa747-ef41-4257-a9fd-2a33bafe1ea0,val_02,val_02_r3,42300000,camera_occlusion,medium,RP_spin_active_rescan,false,false,false,false,0.0,0.0,0,none,40.0,none,val_02-val_02_r3-camera-r0-RP_spin_active_rescan,val_02-val_02_r3-42300000-camera_occlusion-medium,validation,false,planner_failure,true,false,false,191.387,7.446,-5.01400000000001,-7.273900000000001,0,,spin_active_rescan,false,40.0,0.0,40.0,0.0,0.0,0.0,0.0
06342138-3a4e-4555-9918-cad76b95cf84,val_02,val_02_r3,42300000,camera_occlusion,medium,RP_wait,true,false,false,false,0.0,0.0,0,none,0.0,none,val_02-val_02_r3-camera-r0-RP_wait,val_02-val_02_r3-42300000-camera_occlusion-medium,validation,false,success,false,false,false,156.04,12.9805,-40.36100000000002,-1.7394000000000016,0,,wait,false,0.0,0.0,0.0,0.0,0.0,0.0,0.0
0277e613-a46f-4198-8dda-da4843628e87,val_02,val_02_r3,42300001,lidar_dropout,medium,R0,true,false,false,false,0.0,0.0,0,none,0.0,none,val_02-val_02_r3-lidar-r0-R0,val_02-val_02_r3-42300001-lidar_dropout-medium,validation,false,success,false,false,false,63.453,7.6043,0.0,0.0,0,,,false,0.0,0.0,0.0,0.0,0.0,0.0,0.0
ec00ff46-3b8e-4aad-b163-40df6f55ba0f,val_02,val_02_r3,42300001,lidar_dropout,medium,RP_backup,true,false,false,false,159.822,5.9969,0,none,20.9969,none,val_02-val_02_r3-lidar-r0-RP_backup,val_02-val_02_r3-42300001-lidar_dropout-medium,validation,false,success,false,false,false,223.275,13.6012,159.822,5.9969,0,,backup,false,20.9969,0.0,0.0,0.0,15.0,5.9969,0.0
64a4a7cc-965c-4aaf-bc07-2112dafdcd8c,val_02,val_02_r3,42300001,lidar_dropout,medium,RP_controlled_stop,true,false,false,false,97.07,5.0078,0,none,20.0078,none,val_02-val_02_r3-lidar-r0-RP_controlled_stop,val_02-val_02_r3-42300001-lidar_dropout-medium,validation,false,success,false,false,false,160.523,12.6121,97.07,5.0078,0,,controlled_stop,false,20.0078,0.0,0.0,0.0,15.0,5.0078,0.0
20f07f03-7a9e-458b-983d-0b3c2f409955,val_02,val_02_r3,42300001,lidar_dropout,medium,RP_relocalise,true,false,false,false,149.689,5.6373999999999995,0,none,20.6374,none,val_02-val_02_r3-lidar-r0-RP_relocalise,val_02-val_02_r3-42300001-lidar_dropout-medium,validation,false,success,false,false,false,213.142,13.2417,149.689,5.6373999999999995,0,,relocalise,false,20.6374,0.0,0.0,0.0,15.0,5.6373999999999995,0.0
3616a611-31bc-4c52-9bb0-724f28068789,val_02,val_02_r3,42300001,lidar_dropout,medium,RP_replan_clear_costmaps,false,false,false,true,1.6739999999999924,0.0,5,replan_clear_costmaps,45.836999999999996,none,val_02-val_02_r3-lidar-r0-RP_replan_clear_costmaps,val_02-val_02_r3-42300001-lidar_dropout-medium,validation,false,timeout,true,false,true,65.127,1.5744,1.6739999999999924,-6.0299000000000005,5,23.365,replan_clear_costmaps,false,45.836999999999996,0.0,40.0,0.0,0.8369999999999962,0.0,5.0
3f2faa20-56db-44ea-a1c3-e95ae5006ac7,val_02,val_02_r3,42300001,lidar_dropout,medium,RP_spin_active_rescan,false,false,false,false,136.326,0.0,0,none,55.0,none,val_02-val_02_r3-lidar-r0-RP_spin_active_rescan,val_02-val_02_r3-42300001-lidar_dropout-medium,validation,false,planner_failure,true,false,false,199.779,5.2088,136.326,-2.3955,0,,spin_active_rescan,false,55.0,0.0,40.0,0.0,15.0,0.0,0.0
192b2acf-5dbb-4657-96b1-50fb75ff0c26,val_02,val_02_r3,42300001,lidar_dropout,medium,RP_wait,true,false,false,true,15.253,0.014399999999999302,2,controlled_stop,12.640899999999998,none,val_02-val_02_r3-lidar-r0-RP_wait,val_02-val_02_r3-42300001-lidar_dropout-medium,validation,false,success,false,false,true,78.706,7.6187,15.253,0.014399999999999302,2,23.655,wait,false,12.640899999999998,0.0,0.0,0.0,7.6265,0.014399999999999302,5.0
02e0a8e5-aa90-44d2-9def-7a8f01ac2b66,val_02,val_02_r3,42300002,wheel_slip,medium,R0,true,false,false,false,0.0,0.0,0,none,0.0,none,val_02-val_02_r3-wheel-r0-R0,val_02-val_02_r3-42300002-wheel_slip-medium,validation,false,success,false,false,false,196.076,12.8512,0.0,0.0,0,,,false,0.0,0.0,0.0,0.0,0.0,0.0,0.0
4106a1ad-43c1-456d-ac3f-e2254c3b5882,val_02,val_02_r3,42300002,wheel_slip,medium,RP_backup,false,false,false,false,16.673000000000002,0.0,0,none,48.3365,none,val_02-val_02_r3-wheel-r0-RP_backup,val_02-val_02_r3-42300002-wheel_slip-medium,validation,false,planner_failure,true,false,false,212.749,6.8049,16.673000000000002,-6.0463000000000005,0,,backup,false,48.3365,0.0,40.0,0.0,8.336500000000001,0.0,0.0
923b0e53-5bc8-47c4-8201-b13593a3806f,val_02,val_02_r3,42300002,wheel_slip,medium,RP_controlled_stop,false,false,false,false,44.652000000000015,0.0,0,none,55.0,none,val_02-val_02_r3-wheel-r0-RP_controlled_stop,val_02-val_02_r3-42300002-wheel_slip-medium,validation,false,timeout,true,false,false,240.728,8.9947,44.652000000000015,-3.8565000000000005,0,,controlled_stop,false,55.0,0.0,40.0,0.0,15.0,0.0,0.0
1302e846-ad85-44d6-97ff-c2185ba53431,val_02,val_02_r3,42300002,wheel_slip,medium,RP_relocalise,true,false,false,false,22.001000000000005,0.8489000000000004,0,none,11.849400000000003,none,val_02-val_02_r3-wheel-r0-RP_relocalise,val_02-val_02_r3-42300002-wheel_slip-medium,validation,false,success,false,false,false,218.077,13.7001,22.001000000000005,0.8489000000000004,0,,relocalise,false,11.849400000000003,0.0,0.0,0.0,11.000500000000002,0.8489000000000004,0.0
7e482698-505a-4313-96fc-73a19aab8697,val_02,val_02_r3,42300002,wheel_slip,medium,RP_replan_clear_costmaps,false,false,false,false,0.0,0.0,0,none,40.0,none,val_02-val_02_r3-wheel-r0-RP_replan_clear_costmaps,val_02-val_02_r3-42300002-wheel_slip-medium,validation,false,planner_failure,true,false,false,176.778,3.3239,-19.298000000000002,-9.5273,0,,replan_clear_costmaps,false,40.0,0.0,40.0,0.0,0.0,0.0,0.0
b1b9a687-ada6-466d-8b48-fa52683b48dc,val_02,val_02_r3,42300002,wheel_slip,medium,RP_spin_active_rescan,false,false,false,false,24.786,0.0,0,none,52.393,none,val_02-val_02_r3-wheel-r0-RP_spin_active_rescan,val_02-val_02_r3-42300002-wheel_slip-medium,validation,false,planner_failure,true,false,false,220.862,8.5197,24.786,-4.3315,0,,spin_active_rescan,false,52.393,0.0,40.0,0.0,12.393,0.0,0.0
f7048fb3-870e-4252-98c7-1ce515d959ac,val_02,val_02_r3,42300002,wheel_slip,medium,RP_wait,false,false,false,true,44.62700000000001,0.0,1,controlled_stop,60.0,none,val_02-val_02_r3-wheel-r0-RP_wait,val_02-val_02_r3-42300002-wheel_slip-medium,validation,false,timeout,true,false,true,240.703,5.0224,44.62700000000001,-7.8288,1,85.028,wait,false,60.0,0.0,40.0,0.0,15.0,0.0,5.0
f03efac8-6e58-4df4-9495-53be51035c9f,val_02,val_02_r3,42300003,localisation_perturbation,medium,R0,true,false,false,false,0.0,0.0,0,none,0.0,none,val_02-val_02_r3-localisation-r0-R0,val_02-val_02_r3-42300003-localisation_perturbation-medium,validation,false,success,false,false,false,156.04,12.5192,0.0,0.0,0,,,false,0.0,0.0,0.0,0.0,0.0,0.0,0.0
491fd830-dcd2-4371-846d-fd6ec66d9f73,val_02,val_02_r3,42300003,localisation_perturbation,medium,RP_backup,false,false,false,false,0.0,0.0,0,none,40.0,none,val_02-val_02_r3-localisation-r0-RP_backup,val_02-val_02_r3-42300003-localisation_perturbation-medium,validation,false,planner_failure,true,false,false,144.971,4.3137,-11.068999999999988,-8.2055,0,,backup,false,40.0,0.0,40.0,0.0,0.0,0.0,0.0
7bb384a8-99b2-4f61-ace1-c0c040062198,val_02,val_02_r3,42300003,localisation_perturbation,medium,RP_controlled_stop,false,false,false,false,17.93300000000002,0.0,0,none,48.96650000000001,none,val_02-val_02_r3-localisation-r0-RP_controlled_stop,val_02-val_02_r3-42300003-localisation_perturbation-medium,validation,false,planner_failure,true,false,false,173.973,8.2654,17.93300000000002,-4.2538,0,,controlled_stop,false,48.96650000000001,0.0,40.0,0.0,8.96650000000001,0.0,0.0
b14ff2a8-0d48-4700-91d3-c7e55b69816d,val_02,val_02_r3,42300003,localisation_perturbation,medium,RP_relocalise,false,false,false,false,0.0,0.0,0,none,40.0,none,val_02-val_02_r3-localisation-r0-RP_relocalise-infra-replacement-001,val_02-val_02_r3-42300003-localisation_perturbation-medium,validation,false,planner_failure,true,false,false,133.447,4.2986,-22.59299999999999,-8.2206,0,,relocalise,false,40.0,0.0,40.0,0.0,0.0,0.0,0.0
fb016dee-2729-4b41-ba3a-1c1b24fba1d7,val_02,val_02_r3,42300003,localisation_perturbation,medium,RP_replan_clear_costmaps,true,false,false,false,19.229000000000013,0.8369999999999997,0,none,10.451500000000006,none,val_02-val_02_r3-localisation-r0-RP_replan_clear_costmaps,val_02-val_02_r3-42300003-localisation_perturbation-medium,validation,false,success,false,false,false,175.269,13.3562,19.229000000000013,0.8369999999999997,0,,replan_clear_costmaps,false,10.451500000000006,0.0,0.0,0.0,9.614500000000007,0.8369999999999997,0.0
9d6238ba-6c74-4b3f-8fa7-9eacad8646dd,val_02,val_02_r3,42300003,localisation_perturbation,medium,RP_spin_active_rescan,true,false,false,false,0.0,0.09890000000000043,1,spin_active_rescan,5.0989,none,val_02-val_02_r3-localisation-r0-RP_spin_active_rescan,val_02-val_02_r3-42300003-localisation_perturbation-medium,validation,false,success,false,false,true,150.799,12.6181,-5.2409999999999854,0.09890000000000043,1,29.129,spin_active_rescan,false,5.0989,0.0,0.0,0.0,0.0,0.09890000000000043,5.0
04e9cdcb-d72e-4fda-9d0e-a08d277b79d8,val_02,val_02_r3,42300003,localisation_perturbation,medium,RP_wait,true,false,false,true,0.0,0.0,1,controlled_stop,5.0,none,val_02-val_02_r3-localisation-r0-RP_wait,val_02-val_02_r3-42300003-localisation_perturbation-medium,validation,false,success,false,false,true,155.108,12.4472,-0.931999999999988,-0.07199999999999918,1,35.109,wait,false,5.0,0.0,0.0,0.0,0.0,0.0,5.0
ea7d7223-b46e-401e-82ea-41c29f94f3af,val_02,val_02_r3,42300004,dynamic_blockage,medium,R0,false,false,false,false,0.0,0.0,0,none,25.191300000000002,none,val_02-val_02_r3-blockage-r0-R0,val_02-val_02_r3-42300004-dynamic_blockage-medium,validation,false,planner_failure,true,false,false,214.234,4.6877,0.0,0.0,0,,,false,40.0,0.0,40.0,0.0,0.0,0.0,0.0
875ddd2c-4225-4fa2-b013-1e63a5fc66fd,val_02,val_02_r3,42300004,dynamic_blockage,medium,RP_backup,false,false,false,false,26.490999999999985,9.229099999999999,0,none,47.66589999999999,none,val_02-val_02_r3-blockage-r0-RP_backup,val_02-val_02_r3-42300004-dynamic_blockage-medium,validation,false,timeout,true,false,false,240.725,13.9168,26.490999999999985,9.229099999999999,0,,backup,false,62.474599999999995,0.0,40.0,0.0,13.245499999999993,9.229099999999999,0.0
9fdf7489-2a59-4912-961c-328adcf8d9de,val_02,val_02_r3,42300004,dynamic_blockage,medium,RP_controlled_stop,true,false,false,false,10.492999999999995,9.5622,0,none,0.0,none,val_02-val_02_r3-blockage-r0-RP_controlled_stop,val_02-val_02_r3-42300004-dynamic_blockage-medium,validation,false,success,false,false,false,224.727,14.2499,10.492999999999995,9.5622,0,,controlled_stop,false,14.808699999999998,0.0,0.0,0.0,5.2464999999999975,9.5622,0.0
9e3c16e2-e72b-431c-a5f4-7de4200c1176,val_02,val_02_r3,42300004,dynamic_blockage,medium,RP_relocalise,false,false,false,false,0.0,1.5428999999999995,0,none,26.734200000000005,none,val_02-val_02_r3-blockage-r0-RP_relocalise,val_02-val_02_r3-42300004-dynamic_blockage-medium,validation,false,planner_failure,true,false,false,202.038,6.2306,-12.195999999999998,1.5428999999999995,0,,relocalise,false,41.5429,0.0,40.0,0.0,0.0,1.5428999999999995,0.0
16c1fb1a-e3aa-4750-9ecd-c3c37752b3a2,val_02,val_02_r3,42300004,dynamic_blockage,medium,RP_replan_clear_costmaps,false,false,false,false,4.876000000000005,2.4891999999999994,0,none,30.1185,none,val_02-val_02_r3-blockage-r0-RP_replan_clear_costmaps,val_02-val_02_r3-42300004-dynamic_blockage-medium,validation,false,planner_failure,true,false,false,219.11,7.1769,4.876000000000005,2.4891999999999994,0,,replan_clear_costmaps,false,44.9272,0.0,40.0,0.0,2.4380000000000024,2.4891999999999994,0.0
58952284-acea-4d65-ab1a-314086c995a8,val_02,val_02_r3,42300004,dynamic_blockage,medium,RP_spin_active_rescan,false,false,false,false,26.522999999999996,10.5369,0,none,48.452799999999996,none,val_02-val_02_r3-blockage-r0-RP_spin_active_rescan,val_02-val_02_r3-42300004-dynamic_blockage-medium,validation,false,timeout,true,false,false,240.757,15.2246,26.522999999999996,10.5369,1,219.138,spin_active_rescan,false,63.2615,0.0,40.0,0.0,13.261499999999998,10.0,0.0
948f4fe6-c253-4213-9464-82274a74066d,val_02,val_02_r3,42300004,dynamic_blockage,medium,RP_wait,false,false,false,false,26.51599999999999,9.354099999999999,0,none,47.803399999999996,none,val_02-val_02_r3-blockage-r0-RP_wait,val_02-val_02_r3-42300004-dynamic_blockage-medium,validation,false,timeout,true,false,false,240.75,14.0418,26.51599999999999,9.354099999999999,0,,wait,false,62.6121,0.0,40.0,0.0,13.257999999999996,9.354099999999999,0.0
80dd171f-9b6a-49d2-bb3b-801b1a3810f5,val_02,val_02_r3,42300005,planner_oscillation,medium,R0,false,false,false,false,0.0,0.0,0,none,15.0,none,val_02-val_02_r3-oscillation-r0-R0,val_02-val_02_r3-42300005-planner_oscillation-medium,validation,false,planner_failure,true,false,false,197.777,4.8513,0.0,0.0,0,,,false,40.0,0.0,40.0,0.0,0.0,0.0,0.0
354a303b-aeea-484e-a8eb-18748b1317f5,val_02,val_02_r3,42300005,planner_oscillation,medium,RP_backup,false,false,false,false,42.96400000000003,7.064500000000001,0,none,37.0645,none,val_02-val_02_r3-oscillation-r0-RP_backup,val_02-val_02_r3-42300005-planner_oscillation-medium,validation,false,timeout,true,false,false,240.741,11.9158,42.96400000000003,7.064500000000001,0,,backup,false,62.0645,0.0,40.0,0.0,15.0,7.064500000000001,0.0
6eefac9a-e50d-42cb-a67c-2e2458407c78,val_02,val_02_r3,42300005,planner_oscillation,medium,RP_controlled_stop,false,false,false,false,42.94400000000002,8.8174,0,none,38.8174,none,val_02-val_02_r3-oscillation-r0-RP_controlled_stop,val_02-val_02_r3-42300005-planner_oscillation-medium,validation,false,timeout,true,false,false,240.721,13.6687,42.94400000000002,8.8174,0,,controlled_stop,false,63.8174,0.0,40.0,0.0,15.0,8.8174,0.0
a8d10a0d-d4e8-4646-b020-2fbce6983062,val_02,val_02_r3,42300005,planner_oscillation,medium,RP_relocalise,true,false,false,false,40.87900000000002,11.6213,0,none,0.0,none,val_02-val_02_r3-oscillation-r0-RP_relocalise,val_02-val_02_r3-42300005-planner_oscillation-medium,validation,false,success,false,false,false,238.656,16.4726,40.87900000000002,11.6213,0,,relocalise,false,25.0,0.0,0.0,0.0,15.0,10.0,0.0
722d3c5c-5b9d-414a-8eac-6e8414f15c00,val_02,val_02_r3,42300005,planner_oscillation,medium,RP_replan_clear_costmaps,false,false,false,false,6.8940000000000055,1.4468999999999994,0,none,19.893900000000002,none,val_02-val_02_r3-oscillation-r0-RP_replan_clear_costmaps,val_02-val_02_r3-42300005-planner_oscillation-medium,validation,false,planner_failure,true,false,false,204.671,6.2982,6.8940000000000055,1.4468999999999994,0,,replan_clear_costmaps,false,44.8939,0.0,40.0,0.0,3.4470000000000027,1.4468999999999994,0.0
2f05ab26-9266-4158-afce-1f3bba073278,val_02,val_02_r3,42300005,planner_oscillation,medium,RP_spin_active_rescan,false,false,false,false,2.1330000000000098,0.7797999999999998,0,none,16.846300000000006,none,val_02-val_02_r3-oscillation-r0-RP_spin_active_rescan,val_02-val_02_r3-42300005-planner_oscillation-medium,validation,false,planner_failure,true,false,false,199.91,5.6311,2.1330000000000098,0.7797999999999998,0,,spin_active_rescan,false,41.84630000000001,0.0,40.0,0.0,1.0665000000000049,0.7797999999999998,0.0
afbfc389-264e-4895-b860-44ec1f87a11a,val_02,val_02_r3,42300005,planner_oscillation,medium,RP_wait,false,false,false,false,42.977000000000004,6.884600000000001,0,none,36.8846,none,val_02-val_02_r3-oscillation-r0-RP_wait,val_02-val_02_r3-42300005-planner_oscillation-medium,validation,false,timeout,true,false,false,240.754,11.7359,42.977000000000004,6.884600000000001,0,,wait,false,61.8846,0.0,40.0,0.0,15.0,6.884600000000001,0.0
844654a0-b038-4b96-bff4-573493d06998,val_02,val_02_r3,42300006,semantic_corruption,medium,R0,true,false,false,false,0.0,0.0,0,none,0.0,none,val_02-val_02_r3-semantic-r0-R0,val_02-val_02_r3-42300006-semantic_corruption-medium,validation,false,success,false,false,false,171.478,13.1947,0.0,0.0,0,,,false,0.0,0.0,0.0,0.0,0.0,0.0,0.0
e18a4e80-66be-4440-b4fb-2fe131aa8fc3,val_02,val_02_r3,42300006,semantic_corruption,medium,RP_backup,true,false,false,false,0.0,0.0,0,none,0.0,none,val_02-val_02_r3-semantic-r0-RP_backup,val_02-val_02_r3-42300006-semantic_corruption-medium,validation,false,success,false,false,false,134.148,12.5113,-37.33000000000001,-0.6833999999999989,0,,backup,false,0.0,0.0,0.0,0.0,0.0,0.0,0.0
5c1fe4c7-885a-45fd-8a8e-f0eb67b4d86d,val_02,val_02_r3,42300006,semantic_corruption,medium,RP_controlled_stop,false,false,false,false,0.0,0.0,0,none,40.0,none,val_02-val_02_r3-semantic-r0-RP_controlled_stop,val_02-val_02_r3-42300006-semantic_corruption-medium,validation,false,planner_failure,true,false,false,164.339,5.5783,-7.13900000000001,-7.6164,0,,controlled_stop,false,40.0,0.0,40.0,0.0,0.0,0.0,0.0
b0654b7a-e52a-4af5-a491-c4757f9c72e9,val_02,val_02_r3,42300006,semantic_corruption,medium,RP_relocalise,false,false,false,false,3.891999999999996,0.0,0,none,41.946,none,val_02-val_02_r3-semantic-r0-RP_relocalise,val_02-val_02_r3-42300006-semantic_corruption-medium,validation,false,planner_failure,true,false,false,175.37,5.1085,3.891999999999996,-8.086199999999998,0,,relocalise,false,41.946,0.0,40.0,0.0,1.945999999999998,0.0,0.0
12522966-a94e-4e04-a394-b226425f4be7,val_02,val_02_r3,42300006,semantic_corruption,medium,RP_replan_clear_costmaps,false,false,false,false,1.0079999999999814,0.0,0,none,40.50399999999999,none,val_02-val_02_r3-semantic-r0-RP_replan_clear_costmaps,val_02-val_02_r3-42300006-semantic_corruption-medium,validation,false,planner_failure,true,false,false,172.486,5.3432,1.0079999999999814,-7.851499999999999,0,,replan_clear_costmaps,false,40.50399999999999,0.0,40.0,0.0,0.5039999999999907,0.0,0.0
8a9e580c-77eb-4863-a1ef-b218253e7a4b,val_02,val_02_r3,42300006,semantic_corruption,medium,RP_spin_active_rescan,true,false,false,false,12.396999999999991,0.7042000000000002,0,none,6.902699999999996,none,val_02-val_02_r3-semantic-r0-RP_spin_active_rescan,val_02-val_02_r3-42300006-semantic_corruption-medium,validation,false,success,false,false,false,183.875,13.8989,12.396999999999991,0.7042000000000002,0,,spin_active_rescan,false,6.902699999999996,0.0,0.0,0.0,6.198499999999996,0.7042000000000002,0.0
ffab3084-02bc-4934-99a7-3d850c5a2149,val_02,val_02_r3,42300006,semantic_corruption,medium,RP_wait,false,false,false,false,2.7439999999999998,0.0,0,none,41.372,none,val_02-val_02_r3-semantic-r0-RP_wait,val_02-val_02_r3-42300006-semantic_corruption-medium,validation,false,planner_failure,true,false,false,174.222,4.5888,2.7439999999999998,-8.605899999999998,0,,wait,false,41.372,0.0,40.0,0.0,1.3719999999999999,0.0,0.0
f19f0d76-5f9e-4939-905b-016572c33bbb,val_02,val_02_r4,42400000,camera_occlusion,medium,R0,true,false,false,false,0.0,0.0,0,none,0.0,none,val_02-val_02_r4-camera-r0-R0,val_02-val_02_r4-42400000-camera_occlusion-medium,validation,false,success,false,false,false,138.279,15.0075,0.0,0.0,0,,,false,0.0,0.0,0.0,0.0,0.0,0.0,0.0
c2de832f-d200-42fa-8d85-31eb1d71d9b8,val_02,val_02_r4,42400000,camera_occlusion,medium,RP_backup,true,false,false,false,0.0,0.021599999999999397,0,none,0.021599999999999397,none,val_02-val_02_r4-camera-r0-RP_backup,val_02-val_02_r4-42400000-camera_occlusion-medium,validation,false,success,false,false,false,135.87,15.0291,-2.408999999999992,0.021599999999999397,0,,backup,false,0.021599999999999397,0.0,0.0,0.0,0.0,0.021599999999999397,0.0
8a99e4db-6bf9-4ab5-bb39-b7149a567b37,val_02,val_02_r4,42400000,camera_occlusion,medium,RP_controlled_stop,true,false,false,false,13.968999999999994,0.11289999999999978,0,none,7.097399999999997,none,val_02-val_02_r4-camera-r0-RP_controlled_stop,val_02-val_02_r4-42400000-camera_occlusion-medium,validation,false,success,false,false,false,152.248,15.1204,13.968999999999994,0.11289999999999978,0,,controlled_stop,false,7.097399999999997,0.0,0.0,0.0,6.984499999999997,0.11289999999999978,0.0
6aacefa9-3559-4cc1-ae42-14e108b5c196,val_02,val_02_r4,42400000,camera_occlusion,medium,RP_relocalise,true,false,false,false,0.0,0.0,0,none,0.0,none,val_02-val_02_r4-camera-r0-RP_relocalise,val_02-val_02_r4-42400000-camera_occlusion-medium,validation,false,success,false,false,false,126.1,14.7556,-12.179000000000002,-0.2519000000000009,0,,relocalise,false,0.0,0.0,0.0,0.0,0.0,0.0,0.0
fe0a1f40-560a-4c57-9d2d-147e7f1ffe34,val_02,val_02_r4,42400000,camera_occlusion,medium,RP_replan_clear_costmaps,true,false,false,false,1.1260000000000048,0.0,0,none,0.5630000000000024,none,val_02-val_02_r4-camera-r0-RP_replan_clear_costmaps,val_02-val_02_r4-42400000-camera_occlusion-medium,validation,false,success,false,false,false,139.405,14.9151,1.1260000000000048,-0.0923999999999996,0,,replan_clear_costmaps,false,0.5630000000000024,0.0,0.0,0.0,0.5630000000000024,0.0,0.0
5c78556a-6429-41f2-96f8-fc8d9e1497bd,val_02,val_02_r4,42400000,camera_occlusion,medium,RP_spin_active_rescan,true,false,false,false,0.0,0.0,0,none,0.0,none,val_02-val_02_r4-camera-r0-RP_spin_active_rescan,val_02-val_02_r4-42400000-camera_occlusion-medium,validation,false,success,false,false,false,127.933,14.9581,-10.34599999999999,-0.04940000000000033,0,,spin_active_rescan,false,0.0,0.0,0.0,0.0,0.0,0.0,0.0
534cdf2a-46df-4839-9849-9dcfa702b588,val_02,val_02_r4,42400000,camera_occlusion,medium,RP_wait,true,false,false,false,0.7849999999999966,0.10899999999999999,0,none,0.5014999999999983,none,val_02-val_02_r4-camera-r0-RP_wait,val_02-val_02_r4-42400000-camera_occlusion-medium,validation,false,success,false,false,false,139.064,15.1165,0.7849999999999966,0.10899999999999999,0,,wait,false,0.5014999999999983,0.0,0.0,0.0,0.3924999999999983,0.10899999999999999,0.0
b2e96cbb-798a-4e94-9b2e-cbcc5da24151,val_02,val_02_r4,42400001,lidar_dropout,medium,R0,true,false,false,false,0.0,0.0,0,none,0.0,none,val_02-val_02_r4-lidar-r0-R0,val_02-val_02_r4-42400001-lidar_dropout-medium,validation,false,success,false,false,false,147.029,15.2368,0.0,0.0,0,,,false,0.0,0.0,0.0,0.0,0.0,0.0,0.0
bd510636-ec28-41fb-9812-83a2e3cd6c81,val_02,val_02_r4,42400001,lidar_dropout,medium,RP_backup,true,false,false,false,0.0,0.11679999999999957,1,backup,5.1168,none,val_02-val_02_r4-lidar-r0-RP_backup,val_02-val_02_r4-42400001-lidar_dropout-medium,validation,false,success,false,false,true,146.105,15.3536,-0.9240000000000066,0.11679999999999957,1,116.023,backup,false,5.1168,0.0,0.0,0.0,0.0,0.11679999999999957,5.0
212a33f8-6581-4eae-8dc0-84c456709883,val_02,val_02_r4,42400001,lidar_dropout,medium,RP_controlled_stop,true,false,false,false,6.628999999999991,0.0,2,controlled_stop,8.314499999999995,none,val_02-val_02_r4-lidar-r0-RP_controlled_stop,val_02-val_02_r4-42400001-lidar_dropout-medium,validation,false,success,false,false,true,153.658,15.0329,6.628999999999991,-0.20390000000000086,2,119.434,controlled_stop,false,8.314499999999995,0.0,0.0,0.0,3.3144999999999953,0.0,5.0
b05c3b5b-9ad9-48ff-b368-9ff16de9d7fd,val_02,val_02_r4,42400001,lidar_dropout,medium,RP_relocalise,true,false,false,true,40.47399999999999,0.11169999999999902,1,controlled_stop,20.1117,none,val_02-val_02_r4-lidar-r0-RP_relocalise,val_02-val_02_r4-42400001-lidar_dropout-medium,validation,false,success,false,false,true,187.503,15.3485,40.47399999999999,0.11169999999999902,1,144.666,relocalise,false,20.1117,0.0,0.0,0.0,15.0,0.11169999999999902,5.0
a6d13e77-7c78-4750-8367-f1be5c550627,val_02,val_02_r4,42400001,lidar_dropout,medium,RP_replan_clear_costmaps,true,false,false,false,0.0,0.0,1,replan_clear_costmaps,5.0,none,val_02-val_02_r4-lidar-r0-RP_replan_clear_costmaps,val_02-val_02_r4-42400001-lidar_dropout-medium,validation,false,success,false,false,true,139.239,14.9529,-7.789999999999992,-0.28390000000000093,1,115.854,replan_clear_costmaps,false,5.0,0.0,0.0,0.0,0.0,0.0,5.0
79cfe56a-bbba-4ce5-8081-4bf89104567e,val_02,val_02_r4,42400001,lidar_dropout,medium,RP_spin_active_rescan,true,false,false,false,39.897999999999996,0.43099999999999916,2,spin_active_rescan,20.430999999999997,none,val_02-val_02_r4-lidar-r0-RP_spin_active_rescan,val_02-val_02_r4-42400001-lidar_dropout-medium,validation,false,success,false,false,true,186.927,15.6678,39.897999999999996,0.43099999999999916,2,113.669,spin_active_rescan,false,20.430999999999997,0.0,0.0,0.0,15.0,0.43099999999999916,5.0
c839aaeb-29c7-4c6e-bf10-76c9eea48196,val_02,val_02_r4,42400001,lidar_dropout,medium,RP_wait,true,false,false,true,0.0,0.0,1,controlled_stop,5.0,none,val_02-val_02_r4-lidar-r0-RP_wait,val_02-val_02_r4-42400001-lidar_dropout-medium,validation,false,success,false,false,true,142.453,14.9245,-4.575999999999993,-0.31230000000000047,1,118.026,wait,false,5.0,0.0,0.0,0.0,0.0,0.0,5.0
65783499-d864-4bd0-9019-d3703191bcff,val_02,val_02_r4,42400002,wheel_slip,medium,R0,true,false,false,false,0.0,0.0,0,none,0.0,none,val_02-val_02_r4-wheel-r0-R0,val_02-val_02_r4-42400002-wheel_slip-medium,validation,false,success,false,false,false,141.575,14.9592,0.0,0.0,0,,,false,0.0,0.0,0.0,0.0,0.0,0.0,0.0
65680d37-7946-429c-bcae-8f8dd7f2811d,val_02,val_02_r4,42400002,wheel_slip,medium,RP_backup,true,false,false,false,21.073000000000008,0.6778000000000013,1,backup,16.214300000000005,none,val_02-val_02_r4-wheel-r0-RP_backup,val_02-val_02_r4-42400002-wheel_slip-medium,validation,false,success,false,false,true,162.648,15.637,21.073000000000008,0.6778000000000013,1,128.381,backup,false,16.214300000000005,0.0,0.0,0.0,10.536500000000004,0.6778000000000013,5.0
fe4b2ccd-fc4f-46d1-a3e4-7f9a29522791,val_02,val_02_r4,42400002,wheel_slip,medium,RP_controlled_stop,true,false,false,false,10.332999999999998,0.0,0,none,5.166499999999999,none,val_02-val_02_r4-wheel-r0-RP_controlled_stop,val_02-val_02_r4-42400002-wheel_slip-medium,validation,false,success,false,false,false,151.908,14.8807,10.332999999999998,-0.07850000000000001,0,,controlled_stop,false,5.166499999999999,0.0,0.0,0.0,5.166499999999999,0.0,0.0
565dade7-6689-40f4-8c68-e925afefc98a,val_02,val_02_r4,42400002,wheel_slip,medium,RP_relocalise,true,false,false,true,0.0,0.0,1,controlled_stop,5.0,none,val_02-val_02_r4-wheel-r0-RP_relocalise-infra-replacement-001,val_02-val_02_r4-42400002-wheel_slip-medium,validation,false,success,false,false,true,134.754,14.9065,-6.820999999999998,-0.05269999999999975,1,129.918,relocalise,false,5.0,0.0,0.0,0.0,0.0,0.0,5.0
e0153fa8-8bef-48d8-9e9b-baf5b1abaa07,val_02,val_02_r4,42400002,wheel_slip,medium,RP_replan_clear_costmaps,true,false,false,false,0.8170000000000073,0.0,1,replan_clear_costmaps,5.408500000000004,none,val_02-val_02_r4-wheel-r0-RP_replan_clear_costmaps,val_02-val_02_r4-42400002-wheel_slip-medium,validation,false,success,false,false,true,142.392,14.9385,0.8170000000000073,-0.02069999999999972,1,126.956,replan_clear_costmaps,false,5.408500000000004,0.0,0.0,0.0,0.40850000000000364,0.0,5.0
c161691e-e12f-4c2d-a8f7-1bff117ecb4f,val_02,val_02_r4,42400002,wheel_slip,medium,RP_spin_active_rescan,false,false,false,true,53.69800000000001,0.0,5,spin_active_rescan,60.0,none,val_02-val_02_r4-wheel-r0-RP_spin_active_rescan,val_02-val_02_r4-42400002-wheel_slip-medium,validation,false,timeout,true,false,true,195.273,14.0477,53.69800000000001,-0.9114999999999984,6,133.077,spin_active_rescan,false,60.0,0.0,40.0,0.0,15.0,0.0,5.0
9b87c46c-475c-4ff7-9da7-cfb3e59a5e30,val_02,val_02_r4,42400002,wheel_slip,medium,RP_wait,true,false,false,true,6.951000000000022,0.029200000000001225,2,controlled_stop,8.504700000000012,none,val_02-val_02_r4-wheel-r0-RP_wait,val_02-val_02_r4-42400002-wheel_slip-medium,validation,false,success,false,false,true,148.526,14.9884,6.951000000000022,0.029200000000001225,2,132.628,wait,false,8.504700000000012,0.0,0.0,0.0,3.475500000000011,0.029200000000001225,5.0
6b01be11-8b52-42f4-90a4-7828890ff37c,val_02,val_02_r4,42400003,localisation_perturbation,medium,R0,true,false,false,false,0.0,0.0,0,none,0.0,none,val_02-val_02_r4-localisation-r0-R0,val_02-val_02_r4-42400003-localisation_perturbation-medium,validation,false,success,false,false,false,147.9,15.0231,0.0,0.0,0,,,false,0.0,0.0,0.0,0.0,0.0,0.0,0.0
569b4116-8af9-4c69-afca-b5402619d162,val_02,val_02_r4,42400003,localisation_perturbation,medium,RP_backup,true,false,false,false,0.0,0.44599999999999973,1,backup,5.446,none,val_02-val_02_r4-localisation-r0-RP_backup-infra-replacement-001,val_02-val_02_r4-42400003-localisation_perturbation-medium,validation,false,success,false,false,true,143.157,15.4691,-4.742999999999995,0.44599999999999973,1,131.448,backup,false,5.446,0.0,0.0,0.0,0.0,0.44599999999999973,5.0
aebcbff8-5f62-4f07-b370-ab8a07a158cd,val_02,val_02_r4,42400003,localisation_perturbation,medium,RP_controlled_stop,true,false,false,false,0.0,0.0,1,controlled_stop,5.0,none,val_02-val_02_r4-localisation-r0-RP_controlled_stop,val_02-val_02_r4-42400003-localisation_perturbation-medium,validation,false,success,false,false,true,137.295,14.9884,-10.605000000000018,-0.034699999999999065,1,118.735,controlled_stop,false,5.0,0.0,0.0,0.0,0.0,0.0,5.0
91cfac61-113a-45a7-9ac3-aa8817d57026,val_02,val_02_r4,42400003,localisation_perturbation,medium,RP_relocalise,true,false,false,true,0.0,0.01770000000000138,2,controlled_stop,5.017700000000001,none,val_02-val_02_r4-localisation-r0-RP_relocalise,val_02-val_02_r4-42400003-localisation_perturbation-medium,validation,false,success,false,false,true,141.992,15.0408,-5.9080000000000155,0.01770000000000138,2,109.049,relocalise,false,5.017700000000001,0.0,0.0,0.0,0.0,0.01770000000000138,5.0
36378c98-5afc-4906-a42a-63b7d7d64725,val_02,val_02_r4,42400003,localisation_perturbation,medium,RP_replan_clear_costmaps,true,false,false,false,1.0109999999999957,0.0,0,none,0.5054999999999978,none,val_02-val_02_r4-localisation-r0-RP_replan_clear_costmaps,val_02-val_02_r4-42400003-localisation_perturbation-medium,validation,false,success,false,false,false,148.911,14.7814,1.0109999999999957,-0.2416999999999998,0,,replan_clear_costmaps,false,0.5054999999999978,0.0,0.0,0.0,0.5054999999999978,0.0,0.0
f158947c-e6ed-4520-a024-d0f983891a2a,val_02,val_02_r4,42400003,localisation_perturbation,medium,RP_spin_active_rescan,true,false,false,false,12.888999999999982,0.15030000000000143,1,spin_active_rescan,11.594799999999992,none,val_02-val_02_r4-localisation-r0-RP_spin_active_rescan,val_02-val_02_r4-42400003-localisation_perturbation-medium,validation,false,success,false,false,true,160.789,15.1734,12.888999999999982,0.15030000000000143,1,127.241,spin_active_rescan,false,11.594799999999992,0.0,0.0,0.0,6.444499999999991,0.15030000000000143,5.0
e4e23dc9-1769-4106-aa5c-68a87847cc86,val_02,val_02_r4,42400003,localisation_perturbation,medium,RP_wait,true,false,false,true,0.0,0.0,1,controlled_stop,5.0,none,val_02-val_02_r4-localisation-r0-RP_wait,val_02-val_02_r4-42400003-localisation_perturbation-medium,validation,false,success,false,false,true,127.307,14.8236,-20.593000000000004,-0.19949999999999868,1,117.22800000000001,wait,false,5.0,0.0,0.0,0.0,0.0,0.0,5.0
08b4b2cc-ddba-4faa-b1dd-7c05909165bf,val_02,val_02_r4,42400004,dynamic_blockage,medium,R0,true,false,false,false,0.0,0.0,0,none,0.0,none,val_02-val_02_r4-blockage-r0-R0,val_02-val_02_r4-42400004-dynamic_blockage-medium,validation,false,success,false,false,false,213.471,15.6255,0.0,0.0,0,,,false,0.0,0.0,0.0,0.0,0.0,0.0,0.0
9b8410e6-063f-4d74-9f86-a2bd8f891a0b,val_02,val_02_r4,42400004,dynamic_blockage,medium,RP_backup,true,false,false,false,7.555000000000007,0.11639999999999873,0,none,3.893900000000002,none,val_02-val_02_r4-blockage-r0-RP_backup,val_02-val_02_r4-42400004-dynamic_blockage-medium,validation,false,success,false,false,false,221.026,15.7419,7.555000000000007,0.11639999999999873,0,,backup,false,3.893900000000002,0.0,0.0,0.0,3.7775000000000034,0.11639999999999873,0.0
964a50a5-efe4-4c89-ab1b-4a74506d5062,val_02,val_02_r4,42400004,dynamic_blockage,medium,RP_controlled_stop,true,false,false,false,1.8499999999999943,0.0,0,none,0.9249999999999972,none,val_02-val_02_r4-blockage-r0-RP_controlled_stop,val_02-val_02_r4-42400004-dynamic_blockage-medium,validation,false,success,false,false,false,215.321,15.5474,1.8499999999999943,-0.07810000000000095,0,,controlled_stop,false,0.9249999999999972,0.0,0.0,0.0,0.9249999999999972,0.0,0.0
38576373-5230-4552-96b7-13447593acd4,val_02,val_02_r4,42400004,dynamic_blockage,medium,RP_relocalise,true,false,false,false,0.0,0.0,0,none,0.0,none,val_02-val_02_r4-blockage-r0-RP_relocalise,val_02-val_02_r4-42400004-dynamic_blockage-medium,validation,false,success,false,false,false,187.433,14.8331,-26.03800000000001,-0.7924000000000007,0,,relocalise,false,0.0,0.0,0.0,0.0,0.0,0.0,0.0
354aa5ca-27e6-45d2-8f56-e86b9d6c8bb3,val_02,val_02_r4,42400004,dynamic_blockage,medium,RP_replan_clear_costmaps,false,false,false,false,27.274,0.0,2,replan_clear_costmaps,58.637,none,val_02-val_02_r4-blockage-r0-RP_replan_clear_costmaps,val_02-val_02_r4-42400004-dynamic_blockage-medium,validation,false,timeout,true,false,true,240.745,14.683,27.274,-0.9425000000000008,2,146.774,replan_clear_costmaps,false,58.637,0.0,40.0,0.0,13.637,0.0,5.0
4a0d2bef-bd23-4146-86f5-22f61d621f09,val_02,val_02_r4,42400004,dynamic_blockage,medium,RP_spin_active_rescan,true,false,false,false,0.0,0.0,0,none,0.0,none,val_02-val_02_r4-blockage-r0-RP_spin_active_rescan,val_02-val_02_r4-42400004-dynamic_blockage-medium,validation,false,success,false,false,false,174.396,14.744,-39.07500000000002,-0.8815000000000008,0,,spin_active_rescan,false,0.0,0.0,0.0,0.0,0.0,0.0,0.0
d45066c4-416c-4ee6-8cf2-0ce518f28f4a,val_02,val_02_r4,42400004,dynamic_blockage,medium,RP_wait,true,false,false,false,0.0,0.0,0,none,0.0,none,val_02-val_02_r4-blockage-r0-RP_wait,val_02-val_02_r4-42400004-dynamic_blockage-medium,validation,false,success,false,false,false,164.719,14.8553,-48.75200000000001,-0.7702000000000009,0,,wait,false,0.0,0.0,0.0,0.0,0.0,0.0,0.0
327fc171-e495-4977-9a71-71f536f6f263,val_02,val_02_r4,42400005,planner_oscillation,medium,R0,false,false,false,false,0.0,0.0,0,none,0.0,none,val_02-val_02_r4-oscillation-r0-R0,val_02-val_02_r4-42400005-planner_oscillation-medium,validation,false,planner_failure,true,false,false,105.367,6.834,0.0,0.0,0,,,false,40.0,0.0,40.0,0.0,0.0,0.0,0.0
846a2d0e-fbdc-41bc-bbd8-fdd6b5614a22,val_02,val_02_r4,42400005,planner_oscillation,medium,RP_backup,false,false,false,true,24.791999999999987,0.6211000000000002,5,backup,13.017099999999992,none,val_02-val_02_r4-oscillation-r0-RP_backup,val_02-val_02_r4-42400005-planner_oscillation-medium,validation,false,timeout,true,false,false,130.159,7.4551,24.791999999999987,0.6211000000000002,5,81.031,backup,false,53.01709999999999,0.0,40.0,0.0,12.395999999999994,0.6211000000000002,0.0
e0beba0e-963c-43cf-8584-4a1b836ca5b4,val_02,val_02_r4,42400005,planner_oscillation,medium,RP_controlled_stop,false,false,false,true,37.498000000000005,0.0,5,controlled_stop,15.0,none,val_02-val_02_r4-oscillation-r0-RP_controlled_stop,val_02-val_02_r4-42400005-planner_oscillation-medium,validation,false,timeout,true,false,false,142.865,6.8089,37.498000000000005,-0.025099999999999234,5,91.893,controlled_stop,false,55.0,0.0,40.0,0.0,15.0,0.0,0.0
034467df-0ba0-4676-a6cb-e182c5da3e4b,val_02,val_02_r4,42400005,planner_oscillation,medium,RP_relocalise,false,false,false,true,23.388999999999996,0.0,5,controlled_stop,11.694499999999998,none,val_02-val_02_r4-oscillation-r0-RP_relocalise,val_02-val_02_r4-42400005-planner_oscillation-medium,validation,false,timeout,true,false,false,128.756,6.8256,23.388999999999996,-0.008399999999999963,5,78.073,relocalise,false,51.6945,0.0,40.0,0.0,11.694499999999998,0.0,0.0
951d13b7-ec19-4720-8c6b-c7a47c75d8bc,val_02,val_02_r4,42400005,planner_oscillation,medium,RP_replan_clear_costmaps,false,false,false,true,22.711,0.0,5,replan_clear_costmaps,11.3555,none,val_02-val_02_r4-oscillation-r0-RP_replan_clear_costmaps,val_02-val_02_r4-42400005-planner_oscillation-medium,validation,false,timeout,true,false,false,128.078,6.7564,22.711,-0.07759999999999945,6,77.369,replan_clear_costmaps,false,51.3555,0.0,40.0,0.0,11.3555,0.0,0.0
a9aa0c6e-921e-4217-9434-5264d9f45d43,val_02,val_02_r4,42400005,planner_oscillation,medium,RP_spin_active_rescan,false,false,false,true,40.31099999999999,0.1659000000000006,5,spin_active_rescan,15.1659,none,val_02-val_02_r4-oscillation-r0-RP_spin_active_rescan,val_02-val_02_r4-42400005-planner_oscillation-medium,validation,false,timeout,true,false,false,145.678,6.9999,40.31099999999999,0.1659000000000006,5,96.604,spin_active_rescan,false,55.1659,0.0,40.0,0.0,15.0,0.1659000000000006,0.0
c101f63c-198b-41fd-9073-dc65cfc2f6ef,val_02,val_02_r4,42400005,planner_oscillation,medium,RP_wait,false,false,false,true,27.03099999999999,0.6019000000000005,5,controlled_stop,14.117399999999996,none,val_02-val_02_r4-oscillation-r0-RP_wait,val_02-val_02_r4-42400005-planner_oscillation-medium,validation,false,timeout,true,false,false,132.398,7.4359,27.03099999999999,0.6019000000000005,5,84.179,wait,false,54.117399999999996,0.0,40.0,0.0,13.515499999999996,0.6019000000000005,0.0
f9096af2-f1ec-451a-9032-756f5cc61523,val_02,val_02_r4,42400006,semantic_corruption,medium,R0,true,false,false,false,0.0,0.0,0,none,0.0,none,val_02-val_02_r4-semantic-r0-R0,val_02-val_02_r4-42400006-semantic_corruption-medium,validation,false,success,false,false,false,154.09,15.1725,0.0,0.0,0,,,false,0.0,0.0,0.0,0.0,0.0,0.0,0.0
683acaad-877a-4b03-a2c4-80a66621df88,val_02,val_02_r4,42400006,semantic_corruption,medium,RP_backup,true,false,false,false,0.0,0.0,0,none,0.0,none,val_02-val_02_r4-semantic-r0-RP_backup,val_02-val_02_r4-42400006-semantic_corruption-medium,validation,false,success,false,false,false,137.28,15.0344,-16.810000000000002,-0.13809999999999967,0,,backup,false,0.0,0.0,0.0,0.0,0.0,0.0,0.0
5b2c77f8-d61e-4571-b178-68a825f86c43,val_02,val_02_r4,42400006,semantic_corruption,medium,RP_controlled_stop,true,false,false,false,0.0,0.0,0,none,0.0,none,val_02-val_02_r4-semantic-r0-RP_controlled_stop,val_02-val_02_r4-42400006-semantic_corruption-medium,validation,false,success,false,false,false,136.306,15.0035,-17.783999999999992,-0.1689999999999987,0,,controlled_stop,false,0.0,0.0,0.0,0.0,0.0,0.0,0.0
3f6dcac1-8231-43a4-9c84-e63dcc9d900a,val_02,val_02_r4,42400006,semantic_corruption,medium,RP_relocalise,true,false,false,false,0.0,0.0,0,none,0.0,none,val_02-val_02_r4-semantic-r0-RP_relocalise,val_02-val_02_r4-42400006-semantic_corruption-medium,validation,false,success,false,false,false,142.81,15.0463,-11.280000000000001,-0.12619999999999898,0,,relocalise,false,0.0,0.0,0.0,0.0,0.0,0.0,0.0
449d9659-87de-4e21-8eb9-9ec40cffd04c,val_02,val_02_r4,42400006,semantic_corruption,medium,RP_replan_clear_costmaps,true,false,false,false,0.0,0.0,0,none,0.0,none,val_02-val_02_r4-semantic-r0-RP_replan_clear_costmaps,val_02-val_02_r4-42400006-semantic_corruption-medium,validation,false,success,false,false,false,136.842,14.9939,-17.24799999999999,-0.17859999999999943,0,,replan_clear_costmaps,false,0.0,0.0,0.0,0.0,0.0,0.0,0.0
ac01ac93-9163-4311-9550-2320bc1c4cc6,val_02,val_02_r4,42400006,semantic_corruption,medium,RP_spin_active_rescan,true,false,false,false,0.0,0.0,0,none,0.0,none,val_02-val_02_r4-semantic-r0-RP_spin_active_rescan,val_02-val_02_r4-42400006-semantic_corruption-medium,validation,false,success,false,false,false,133.968,14.9717,-20.122000000000014,-0.2007999999999992,0,,spin_active_rescan,false,0.0,0.0,0.0,0.0,0.0,0.0,0.0
7cd6c7f1-ada7-4133-8934-a1f88ebd3f97,val_02,val_02_r4,42400006,semantic_corruption,medium,RP_wait,true,false,false,false,0.0,0.0,0,none,0.0,none,val_02-val_02_r4-semantic-r0-RP_wait,val_02-val_02_r4-42400006-semantic_corruption-medium,validation,false,success,false,false,false,135.495,15.0291,-18.595,-0.14339999999999975,0,,wait,false,0.0,0.0,0.0,0.0,0.0,0.0,0.0
2120216a-e628-4600-8c95-b0c0b4577eff,val_02,val_02_r5,42500000,camera_occlusion,medium,R0,true,false,false,false,0.0,0.0,0,none,0.0,none,val_02-val_02_r5-camera-r0-R0,val_02-val_02_r5-42500000-camera_occlusion-medium,validation,false,success,false,false,false,136.3,16.749,0.0,0.0,0,,,false,0.0,0.0,0.0,0.0,0.0,0.0,0.0
8d26db84-df90-49d9-b656-63a901f20e5c,val_02,val_02_r5,42500000,camera_occlusion,medium,RP_backup,true,false,false,false,0.9779999999999802,0.0,0,none,0.4889999999999901,none,val_02-val_02_r5-camera-r0-RP_backup,val_02-val_02_r5-42500000-camera_occlusion-medium,validation,false,success,false,false,false,137.278,16.7102,0.9779999999999802,-0.03879999999999839,0,,backup,false,0.4889999999999901,0.0,0.0,0.0,0.4889999999999901,0.0,0.0
1162518e-abea-4194-ba93-7cd5698b20f1,val_02,val_02_r5,42500000,camera_occlusion,medium,RP_controlled_stop,true,false,false,false,0.0,0.0,0,none,0.0,none,val_02-val_02_r5-camera-r0-RP_controlled_stop,val_02-val_02_r5-42500000-camera_occlusion-medium,validation,false,success,false,false,false,136.056,16.6873,-0.24399999999999977,-0.06169999999999831,0,,controlled_stop,false,0.0,0.0,0.0,0.0,0.0,0.0,0.0
b898539d-1dc4-4718-8b92-5f09eee09fbf,val_02,val_02_r5,42500000,camera_occlusion,medium,RP_relocalise,true,false,false,false,0.0,0.0,0,none,0.0,none,val_02-val_02_r5-camera-r0-RP_relocalise,val_02-val_02_r5-42500000-camera_occlusion-medium,validation,false,success,false,false,false,135.459,16.7097,-0.8410000000000082,-0.039299999999997226,0,,relocalise,false,0.0,0.0,0.0,0.0,0.0,0.0,0.0
0eace982-ec5c-4e0d-b73a-8aa720431d1f,val_02,val_02_r5,42500000,camera_occlusion,medium,RP_replan_clear_costmaps,true,false,false,false,0.0519999999999925,0.0,0,none,0.02599999999999625,none,val_02-val_02_r5-camera-r0-RP_replan_clear_costmaps,val_02-val_02_r5-42500000-camera_occlusion-medium,validation,false,success,false,false,false,136.352,16.6596,0.0519999999999925,-0.0893999999999977,0,,replan_clear_costmaps,false,0.02599999999999625,0.0,0.0,0.0,0.02599999999999625,0.0,0.0
12c0bc80-2e8e-4d7d-bf33-fbcdcc3df4ed,val_02,val_02_r5,42500000,camera_occlusion,medium,RP_spin_active_rescan,true,false,false,false,1.3119999999999834,0.11340000000000217,0,none,0.7693999999999939,none,val_02-val_02_r5-camera-r0-RP_spin_active_rescan,val_02-val_02_r5-42500000-camera_occlusion-medium,validation,false,success,false,false,false,137.612,16.8624,1.3119999999999834,0.11340000000000217,0,,spin_active_rescan,false,0.7693999999999939,0.0,0.0,0.0,0.6559999999999917,0.11340000000000217,0.0
4a88954e-140c-43c8-b307-266c7a2bacff,val_02,val_02_r5,42500000,camera_occlusion,medium,RP_wait,true,false,false,false,0.036000000000001364,0.0,0,none,0.018000000000000682,none,val_02-val_02_r5-camera-r0-RP_wait,val_02-val_02_r5-42500000-camera_occlusion-medium,validation,false,success,false,false,false,136.336,16.6931,0.036000000000001364,-0.05589999999999762,0,,wait,false,0.018000000000000682,0.0,0.0,0.0,0.018000000000000682,0.0,0.0
6b220ad4-e225-46fd-833f-1c606ddb0226,val_02,val_02_r5,42500001,lidar_dropout,medium,R0,true,false,false,false,0.0,0.0,0,none,0.0,none,val_02-val_02_r5-lidar-r0-R0,val_02-val_02_r5-42500001-lidar_dropout-medium,validation,false,success,false,false,false,151.932,16.6901,0.0,0.0,0,,,false,0.0,0.0,0.0,0.0,0.0,0.0,0.0
a062fc36-231c-46e7-83db-ae7b2359467c,val_02,val_02_r5,42500001,lidar_dropout,medium,RP_backup,true,false,false,false,0.44000000000002615,0.5389999999999979,1,backup,5.759000000000011,none,val_02-val_02_r5-lidar-r0-RP_backup,val_02-val_02_r5-42500001-lidar_dropout-medium,validation,false,success,false,false,true,152.372,17.2291,0.44000000000002615,0.5389999999999979,1,128.215,backup,false,5.759000000000011,0.0,0.0,0.0,0.22000000000001307,0.5389999999999979,5.0
4a84f3b9-00ca-4b08-b169-bae17ad31c5f,val_02,val_02_r5,42500001,lidar_dropout,medium,RP_controlled_stop,true,false,false,false,0.0,0.0694999999999979,1,controlled_stop,5.069499999999998,none,val_02-val_02_r5-lidar-r0-RP_controlled_stop,val_02-val_02_r5-42500001-lidar_dropout-medium,validation,false,success,false,false,true,149.735,16.7596,-2.1969999999999743,0.0694999999999979,1,127.846,controlled_stop,false,5.069499999999998,0.0,0.0,0.0,0.0,0.0694999999999979,5.0
b154cfc3-bdf0-4949-9b15-ea920c92c97e,val_02,val_02_r5,42500001,lidar_dropout,medium,RP_relocalise,true,false,false,false,0.0,0.0,0,none,0.0,none,val_02-val_02_r5-lidar-r0-RP_relocalise,val_02-val_02_r5-42500001-lidar_dropout-medium,validation,false,success,false,false,false,149.204,16.69,-2.72799999999998,-9.999999999976694e-05,0,,relocalise,false,0.0,0.0,0.0,0.0,0.0,0.0,0.0
073dbe26-bbe0-44a7-9f9e-fbce850d483a,val_02,val_02_r5,42500001,lidar_dropout,medium,RP_replan_clear_costmaps,true,false,false,false,0.0,0.06680000000000064,1,replan_clear_costmaps,5.066800000000001,none,val_02-val_02_r5-lidar-r0-RP_replan_clear_costmaps,val_02-val_02_r5-42500001-lidar_dropout-medium,validation,false,success,false,false,true,149.262,16.7569,-2.6699999999999875,0.06680000000000064,1,129.62,replan_clear_costmaps,false,5.066800000000001,0.0,0.0,0.0,0.0,0.06680000000000064,5.0
dfc82fc2-4116-43b3-8193-c9ca28ab72b5,val_02,val_02_r5,42500001,lidar_dropout,medium,RP_spin_active_rescan,false,false,false,true,47.613,0.0009999999999976694,5,spin_active_rescan,60.001,none,val_02-val_02_r5-lidar-r0-RP_spin_active_rescan,val_02-val_02_r5-42500001-lidar_dropout-medium,validation,false,timeout,true,false,true,199.545,16.6911,47.613,0.0009999999999976694,5,130.021,spin_active_rescan,false,60.001,0.0,40.0,0.0,15.0,0.0009999999999976694,5.0
966f5eb0-94b1-4d5c-8b8b-28b17bb31684,val_02,val_02_r5,42500001,lidar_dropout,medium,RP_wait,true,false,false,true,0.0,0.014099999999999113,1,controlled_stop,5.014099999999999,none,val_02-val_02_r5-lidar-r0-RP_wait,val_02-val_02_r5-42500001-lidar_dropout-medium,validation,false,success,false,false,true,145.263,16.7042,-6.668999999999983,0.014099999999999113,1,126.563,wait,false,5.014099999999999,0.0,0.0,0.0,0.0,0.014099999999999113,5.0
e4efb5a2-cfd9-4493-94e7-55a674e2d3d2,val_02,val_02_r5,42500002,wheel_slip,medium,R0,true,false,false,false,0.0,0.0,0,none,0.0,none,val_02-val_02_r5-wheel-r0-R0,val_02-val_02_r5-42500002-wheel_slip-medium,validation,false,success,false,false,false,146.818,16.6771,0.0,0.0,0,,,false,0.0,0.0,0.0,0.0,0.0,0.0,0.0
274f48bd-9bb7-4f01-b807-fcb79d7585f3,val_02,val_02_r5,42500002,wheel_slip,medium,RP_backup,true,false,false,false,0.0,0.6329999999999991,1,backup,5.632999999999999,none,val_02-val_02_r5-wheel-r0-RP_backup,val_02-val_02_r5-42500002-wheel_slip-medium,validation,false,success,false,false,true,143.952,17.3101,-2.866000000000014,0.6329999999999991,1,128.349,backup,false,5.632999999999999,0.0,0.0,0.0,0.0,0.6329999999999991,5.0
227846b8-77ee-47e7-8350-3e827b185e5e,val_02,val_02_r5,42500002,wheel_slip,medium,RP_controlled_stop,true,false,false,false,2.9899999999999807,0.03669999999999973,0,none,1.53169999999999,none,val_02-val_02_r5-wheel-r0-RP_controlled_stop,val_02-val_02_r5-42500002-wheel_slip-medium,validation,false,success,false,false,false,149.808,16.7138,2.9899999999999807,0.03669999999999973,0,,controlled_stop,false,1.53169999999999,0.0,0.0,0.0,1.4949999999999903,0.03669999999999973,0.0
6af688f6-567d-4747-8416-2933d7b015fb,val_02,val_02_r5,42500002,wheel_slip,medium,RP_relocalise,true,false,false,true,1.9979999999999905,0.0,1,controlled_stop,5.998999999999995,none,val_02-val_02_r5-wheel-r0-RP_relocalise,val_02-val_02_r5-42500002-wheel_slip-medium,validation,false,success,false,false,true,148.816,16.6665,1.9979999999999905,-0.010600000000000165,1,129.361,relocalise,false,5.998999999999995,0.0,0.0,0.0,0.9989999999999952,0.0,5.0
020c6a9a-e63e-472b-b1c9-2daf1559eb76,val_02,val_02_r5,42500002,wheel_slip,medium,RP_replan_clear_costmaps,true,false,false,false,0.0,0.007200000000000983,1,replan_clear_costmaps,5.007200000000001,none,val_02-val_02_r5-wheel-r0-RP_replan_clear_costmaps,val_02-val_02_r5-42500002-wheel_slip-medium,validation,false,success,false,false,true,146.381,16.6843,-0.4370000000000118,0.007200000000000983,1,126.039,replan_clear_costmaps,false,5.007200000000001,0.0,0.0,0.0,0.0,0.007200000000000983,5.0
6ecc003c-d83a-4324-9b8d-4992637ae4bc,val_02,val_02_r5,42500002,wheel_slip,medium,RP_spin_active_rescan,false,false,false,true,26.143,0.0,6,spin_active_rescan,58.0715,none,val_02-val_02_r5-wheel-r0-RP_spin_active_rescan,val_02-val_02_r5-42500002-wheel_slip-medium,validation,false,timeout,true,false,true,172.961,15.9549,26.143,-0.7221999999999991,6,128.906,spin_active_rescan,false,58.0715,0.0,40.0,0.0,13.0715,0.0,5.0
9b6c7006-8468-4b7b-9dc6-89e4f08ce636,val_02,val_02_r5,42500002,wheel_slip,medium,RP_wait,true,false,false,true,0.0,0.03859999999999886,1,controlled_stop,5.038599999999999,none,val_02-val_02_r5-wheel-r0-RP_wait,val_02-val_02_r5-42500002-wheel_slip-medium,validation,false,success,false,false,true,136.093,16.7157,-10.725000000000023,0.03859999999999886,1,128.74,wait,false,5.038599999999999,0.0,0.0,0.0,0.0,0.03859999999999886,5.0
c37c0075-2b07-48f0-9aa5-a53fbb795fbe,val_02,val_02_r5,42500003,localisation_perturbation,medium,R0,true,false,false,false,0.0,0.0,0,none,0.0,none,val_02-val_02_r5-localisation-r0-R0,val_02-val_02_r5-42500003-localisation_perturbation-medium,validation,false,success,false,false,false,141.507,16.852,0.0,0.0,0,,,false,0.0,0.0,0.0,0.0,0.0,0.0,0.0
b8b0b569-ae49-47bd-b4bc-fb79e156742d,val_02,val_02_r5,42500003,localisation_perturbation,medium,RP_backup,true,false,false,false,24.238,1.0151000000000003,2,backup,18.1341,none,val_02-val_02_r5-localisation-r0-RP_backup,val_02-val_02_r5-42500003-localisation_perturbation-medium,validation,false,success,false,false,true,165.745,17.8671,24.238,1.0151000000000003,2,130.143,backup,false,18.1341,0.0,0.0,0.0,12.119,1.0151000000000003,5.0
c58f4762-87be-44eb-b433-9b25625470fd,val_02,val_02_r5,42500003,localisation_perturbation,medium,RP_controlled_stop,true,false,false,false,2.3899999999999864,0.17139999999999844,1,controlled_stop,6.366399999999992,none,val_02-val_02_r5-localisation-r0-RP_controlled_stop,val_02-val_02_r5-42500003-localisation_perturbation-medium,validation,false,success,false,false,true,143.897,17.0234,2.3899999999999864,0.17139999999999844,1,132.317,controlled_stop,false,6.366399999999992,0.0,0.0,0.0,1.1949999999999932,0.17139999999999844,5.0
57d1d949-9d05-4416-90cf-15dcd4fbea50,val_02,val_02_r5,42500003,localisation_perturbation,medium,RP_relocalise,true,false,false,true,0.0,0.0,1,controlled_stop,5.0,none,val_02-val_02_r5-localisation-r0-RP_relocalise,val_02-val_02_r5-42500003-localisation_perturbation-medium,validation,false,success,false,false,true,139.401,16.8005,-2.1059999999999945,-0.05150000000000077,1,128.4,relocalise,false,5.0,0.0,0.0,0.0,0.0,0.0,5.0
303c2023-17a9-4e29-af6d-f66d66905701,val_02,val_02_r5,42500003,localisation_perturbation,medium,RP_replan_clear_costmaps,true,false,false,false,6.820999999999998,0.0,1,replan_clear_costmaps,8.410499999999999,none,val_02-val_02_r5-localisation-r0-RP_replan_clear_costmaps,val_02-val_02_r5-42500003-localisation_perturbation-medium,validation,false,success,false,false,true,148.328,16.8422,6.820999999999998,-0.00980000000000203,1,130.524,replan_clear_costmaps,false,8.410499999999999,0.0,0.0,0.0,3.410499999999999,0.0,5.0
b9b030cc-109f-4846-874e-5766b4e2174f,val_02,val_02_r5,42500003,localisation_perturbation,medium,RP_spin_active_rescan,false,false,false,true,56.397999999999996,0.0,6,spin_active_rescan,60.0,none,val_02-val_02_r5-localisation-r0-RP_spin_active_rescan,val_02-val_02_r5-42500003-localisation_perturbation-medium,validation,false,timeout,true,false,true,197.905,15.6116,56.397999999999996,-1.240400000000001,6,131.17000000000002,spin_active_rescan,false,60.0,0.0,40.0,0.0,15.0,0.0,5.0
9a15a4b0-ac37-47e9-b3e5-4c88c10a3613,val_02,val_02_r5,42500003,localisation_perturbation,medium,RP_wait,true,false,false,true,9.75399999999999,0.0,1,controlled_stop,9.876999999999995,none,val_02-val_02_r5-localisation-r0-RP_wait,val_02-val_02_r5-42500003-localisation_perturbation-medium,validation,false,success,false,false,true,151.261,16.771,9.75399999999999,-0.08099999999999952,1,128.807,wait,false,9.876999999999995,0.0,0.0,0.0,4.876999999999995,0.0,5.0
25c3430a-d6cb-4024-b585-036092db96dd,val_02,val_02_r5,42500004,dynamic_blockage,medium,R0,true,false,false,false,0.0,0.0,0,none,0.0,none,val_02-val_02_r5-blockage-r0-R0,val_02-val_02_r5-42500004-dynamic_blockage-medium,validation,false,success,false,false,false,203.306,17.7452,0.0,0.0,0,,,false,0.0,0.0,0.0,0.0,0.0,0.0,0.0
2c7c0ea5-8756-4621-8dd2-d06371d67b69,val_02,val_02_r5,42500004,dynamic_blockage,medium,RP_backup,true,false,false,false,0.0,0.248899999999999,1,backup,5.248899999999999,none,val_02-val_02_r5-blockage-r0-RP_backup,val_02-val_02_r5-42500004-dynamic_blockage-medium,validation,false,success,false,false,true,201.908,17.9941,-1.3980000000000246,0.248899999999999,1,176.94,backup,false,5.248899999999999,0.0,0.0,0.0,0.0,0.248899999999999,5.0
6333ea06-ce28-4978-9632-64f78bfe6f81,val_02,val_02_r5,42500004,dynamic_blockage,medium,RP_controlled_stop,true,false,false,false,0.0,0.0,0,none,0.0,none,val_02-val_02_r5-blockage-r0-RP_controlled_stop,val_02-val_02_r5-42500004-dynamic_blockage-medium,validation,false,success,false,false,false,179.543,17.2207,-23.763000000000005,-0.5244999999999997,0,,controlled_stop,false,0.0,0.0,0.0,0.0,0.0,0.0,0.0
2fbf8061-d4da-42ba-b530-4c1be2c5ed90,val_02,val_02_r5,42500004,dynamic_blockage,medium,RP_relocalise,true,false,false,true,0.0,0.0,1,controlled_stop,5.0,none,val_02-val_02_r5-blockage-r0-RP_relocalise,val_02-val_02_r5-42500004-dynamic_blockage-medium,validation,false,success,false,false,true,178.925,17.5639,-24.381,-0.18130000000000024,1,157.243,relocalise,false,5.0,0.0,0.0,0.0,0.0,0.0,5.0
be36baf2-4d1e-4044-8398-4f75cd938560,val_02,val_02_r5,42500004,dynamic_blockage,medium,RP_replan_clear_costmaps,true,false,false,false,0.0,0.0,0,none,0.0,none,val_02-val_02_r5-blockage-r0-RP_replan_clear_costmaps,val_02-val_02_r5-42500004-dynamic_blockage-medium,validation,false,success,false,false,false,193.826,17.4838,-9.480000000000018,-0.26140000000000185,0,,replan_clear_costmaps,false,0.0,0.0,0.0,0.0,0.0,0.0,0.0
10cc0169-8804-47b0-94c3-3699ba5616db,val_02,val_02_r5,42500004,dynamic_blockage,medium,RP_spin_active_rescan,false,false,false,true,0.0,0.0,6,spin_active_rescan,45.0,none,val_02-val_02_r5-blockage-r0-RP_spin_active_rescan-infra-replacement-001,val_02-val_02_r5-42500004-dynamic_blockage-medium,validation,false,timeout,true,false,true,185.109,15.6437,-18.197000000000003,-2.1014999999999997,6,132.817,spin_active_rescan,false,45.0,0.0,40.0,0.0,0.0,0.0,5.0
dacba507-ef88-4ccc-aa6c-9e7a9dd82874,val_02,val_02_r5,42500004,dynamic_blockage,medium,RP_wait,true,false,false,true,0.0,0.0,1,controlled_stop,5.0,none,val_02-val_02_r5-blockage-r0-RP_wait,val_02-val_02_r5-42500004-dynamic_blockage-medium,validation,false,success,false,false,true,153.74,17.2539,-49.566,-0.49129999999999896,1,133.656,wait,false,5.0,0.0,0.0,0.0,0.0,0.0,5.0
6451ae7d-28ec-4a55-b4c0-45a005126d9c,val_02,val_02_r5,42500005,planner_oscillation,medium,R0,true,false,false,false,0.0,0.0,0,none,0.0,none,val_02-val_02_r5-oscillation-r0-R0,val_02-val_02_r5-42500005-planner_oscillation-medium,validation,false,success,false,false,false,192.745,17.8842,0.0,0.0,0,,,false,0.0,0.0,0.0,0.0,0.0,0.0,0.0
d44d4675-e2a6-4794-bb2f-a49de86329ad,val_02,val_02_r5,42500005,planner_oscillation,medium,RP_backup,true,false,false,false,0.0,0.18659999999999854,0,none,0.18659999999999854,none,val_02-val_02_r5-oscillation-r0-RP_backup,val_02-val_02_r5-42500005-planner_oscillation-medium,validation,false,success,false,false,false,187.779,18.0708,-4.966000000000008,0.18659999999999854,0,,backup,false,0.18659999999999854,0.0,0.0,0.0,0.0,0.18659999999999854,0.0
2561a5b4-1157-480f-a947-b80c6f1fa549,val_02,val_02_r5,42500005,planner_oscillation,medium,RP_controlled_stop,true,false,false,false,0.0,0.0,0,none,0.0,none,val_02-val_02_r5-oscillation-r0-RP_controlled_stop,val_02-val_02_r5-42500005-planner_oscillation-medium,validation,false,success,false,false,false,186.862,17.7622,-5.88300000000001,-0.12199999999999989,0,,controlled_stop,false,0.0,0.0,0.0,0.0,0.0,0.0,0.0
d6d0c449-d565-4809-807b-0d61720499fc,val_02,val_02_r5,42500005,planner_oscillation,medium,RP_relocalise,true,false,false,false,0.0,0.009100000000000108,0,none,0.009100000000000108,none,val_02-val_02_r5-oscillation-r0-RP_relocalise,val_02-val_02_r5-42500005-planner_oscillation-medium,validation,false,success,false,false,false,186.321,17.8933,-6.424000000000007,0.009100000000000108,0,,relocalise,false,0.009100000000000108,0.0,0.0,0.0,0.0,0.009100000000000108,0.0
241617e2-8169-4321-8cbc-942ea7d4be37,val_02,val_02_r5,42500005,planner_oscillation,medium,RP_replan_clear_costmaps,true,false,false,false,0.0,0.0,1,replan_clear_costmaps,5.0,none,val_02-val_02_r5-oscillation-r0-RP_replan_clear_costmaps,val_02-val_02_r5-42500005-planner_oscillation-medium,validation,false,success,false,false,true,182.395,17.8731,-10.349999999999994,-0.011099999999999,1,153.559,replan_clear_costmaps,false,5.0,0.0,0.0,0.0,0.0,0.0,5.0
611b8ccc-b8b5-4436-8e63-7eefdec87bab,val_02,val_02_r5,42500005,planner_oscillation,medium,RP_spin_active_rescan,false,false,false,true,36.403999999999996,0.0,5,spin_active_rescan,60.0,none,val_02-val_02_r5-oscillation-r0-RP_spin_active_rescan,val_02-val_02_r5-42500005-planner_oscillation-medium,validation,false,timeout,true,false,true,229.149,16.9466,36.403999999999996,-0.9375999999999998,5,155.159,spin_active_rescan,false,60.0,0.0,40.0,0.0,15.0,0.0,5.0
0563f6b9-c828-41c6-bba9-b53f9b39738c,val_02,val_02_r5,42500005,planner_oscillation,medium,RP_wait,true,false,false,false,0.0,0.0,0,none,0.0,none,val_02-val_02_r5-oscillation-r0-RP_wait,val_02-val_02_r5-42500005-planner_oscillation-medium,validation,false,success,false,false,false,180.582,17.8597,-12.163000000000011,-0.024499999999999744,0,,wait,false,0.0,0.0,0.0,0.0,0.0,0.0,0.0
1cd98134-ff7e-41d6-8eed-5606d152ce8d,val_02,val_02_r5,42500006,semantic_corruption,medium,R0,true,false,false,false,0.0,0.0,0,none,0.0,none,val_02-val_02_r5-semantic-r0-R0,val_02-val_02_r5-42500006-semantic_corruption-medium,validation,false,success,false,false,false,137.458,16.8005,0.0,0.0,0,,,false,0.0,0.0,0.0,0.0,0.0,0.0,0.0
183cd4dc-a7c0-4525-a6d6-984fa87ad43e,val_02,val_02_r5,42500006,semantic_corruption,medium,RP_backup,true,false,false,false,0.7590000000000146,9.999999999976694e-05,0,none,0.37960000000000704,none,val_02-val_02_r5-semantic-r0-RP_backup,val_02-val_02_r5-42500006-semantic_corruption-medium,validation,false,success,false,false,false,138.217,16.8006,0.7590000000000146,9.999999999976694e-05,0,,backup,false,0.37960000000000704,0.0,0.0,0.0,0.3795000000000073,9.999999999976694e-05,0.0
1ecc5052-58e7-4e48-bcfe-8102e02a7b80,val_02,val_02_r5,42500006,semantic_corruption,medium,RP_controlled_stop,true,false,false,false,0.0,0.0,0,none,0.0,none,val_02-val_02_r5-semantic-r0-RP_controlled_stop,val_02-val_02_r5-42500006-semantic_corruption-medium,validation,false,success,false,false,false,137.228,16.7614,-0.22999999999998977,-0.039100000000001245,0,,controlled_stop,false,0.0,0.0,0.0,0.0,0.0,0.0,0.0
e0f6d6f6-a151-44da-a0a7-ed9d26e453b1,val_02,val_02_r5,42500006,semantic_corruption,medium,RP_relocalise,true,false,false,false,0.0,0.0,0,none,0.0,none,val_02-val_02_r5-semantic-r0-RP_relocalise,val_02-val_02_r5-42500006-semantic_corruption-medium,validation,false,success,false,false,false,135.087,16.7349,-2.3710000000000093,-0.06559999999999988,0,,relocalise,false,0.0,0.0,0.0,0.0,0.0,0.0,0.0
f4cf49e6-5976-4b12-a6b0-e6b4cdf7ec3e,val_02,val_02_r5,42500006,semantic_corruption,medium,RP_replan_clear_costmaps,true,false,false,false,0.0,0.0,0,none,0.0,none,val_02-val_02_r5-semantic-r0-RP_replan_clear_costmaps,val_02-val_02_r5-42500006-semantic_corruption-medium,validation,false,success,false,false,false,136.081,16.6742,-1.3770000000000095,-0.12630000000000052,0,,replan_clear_costmaps,false,0.0,0.0,0.0,0.0,0.0,0.0,0.0
da7a5cc3-1f16-4402-a80c-82629f605ecc,val_02,val_02_r5,42500006,semantic_corruption,medium,RP_spin_active_rescan,true,false,false,false,0.0,0.0,0,none,0.0,none,val_02-val_02_r5-semantic-r0-RP_spin_active_rescan,val_02-val_02_r5-42500006-semantic_corruption-medium,validation,false,success,false,false,false,135.561,16.6619,-1.8969999999999914,-0.13860000000000028,0,,spin_active_rescan,false,0.0,0.0,0.0,0.0,0.0,0.0,0.0
ab774d59-068c-4d32-8b9d-37580b4e9b16,val_02,val_02_r5,42500006,semantic_corruption,medium,RP_wait,true,false,false,false,0.0,0.0,0,none,0.0,none,val_02-val_02_r5-semantic-r0-RP_wait,val_02-val_02_r5-42500006-semantic_corruption-medium,validation,false,success,false,false,false,133.885,16.6878,-3.5730000000000075,-0.11270000000000024,0,,wait,false,0.0,0.0,0.0,0.0,0.0,0.0,0.0
