split,map_id,route_id,seed,fault_family,severity,warning_id,risk_score,diagnosed_signal_group,stopped,stop_allowed,localisation_poor,planning_stale_or_blocked,immediate_collision_risk,obstruction_may_be_transient,relocalisation_available,rear_clearance_m,rotation_clearance_m,repeated_recovery_count,candidate_action,guard_eligible,observed_cost,run_id,policy_id,executed_action,guard_rejected,mission_complete,collision,engineering_smoke
validation,val_00,val_00_r0,40000000,camera_occlusion,medium,val_00-val_00_r0-40000000-camera_occlusion-medium,0.25538397117273703,localisation,true,true,true,false,false,false,false,2.497288227081299,0.7806591391563416,0,replan_clear_costmaps,false,40.0,bc0f8075-7377-45a8-8239-cadfd9a1d9e3,RP_replan_clear_costmaps,controlled_stop,true,false,false,false
validation,val_00,val_00_r0,40000000,camera_occlusion,medium,val_00-val_00_r0-40000000-camera_occlusion-medium,0.25538397117273703,localisation,true,true,true,false,false,false,false,2.497288227081299,0.7806591391563416,0,controlled_stop,true,40.0,bc0f8075-7377-45a8-8239-cadfd9a1d9e3,RP_replan_clear_costmaps,controlled_stop,true,false,false,false
validation,val_00,val_00_r0,40000000,camera_occlusion,medium,val_00-val_00_r0-40000000-camera_occlusion-medium,0.26317203891691876,localisation,true,true,true,true,false,false,false,2.5694265365600586,0.7835930585861206,0,spin_active_rescan,true,43.141,049519b4-5fd9-48f1-a2ec-7201fdb67d44,RP_spin_active_rescan,spin_active_rescan,false,false,false,false
validation,val_00,val_00_r0,40000000,camera_occlusion,medium,val_00-val_00_r0-40000000-camera_occlusion-medium,0.24809435636996996,localisation,true,true,true,true,false,false,false,2.6189064979553223,0.7623317241668701,0,wait,false,55.3013,80a849f6-eb7a-417e-b1f0-ce5d4924a1d5,RP_wait,controlled_stop,true,false,false,false
validation,val_00,val_00_r0,40000000,camera_occlusion,medium,val_00-val_00_r0-40000000-camera_occlusion-medium,0.24809435636996996,localisation,true,true,true,true,false,false,false,2.6189064979553223,0.7623317241668701,0,controlled_stop,true,55.3013,80a849f6-eb7a-417e-b1f0-ce5d4924a1d5,RP_wait,controlled_stop,true,false,false,false
validation,val_00,val_00_r0,40000001,lidar_dropout,medium,val_00-val_00_r0-40000001-lidar_dropout-medium,0.5773644825805951,frontal_blockage,true,true,false,true,false,false,false,3.1851999759674072,0.8072457909584045,0,backup,true,45.1299,141b0249-93cf-43b8-8dfb-7e72fafba9aa,RP_backup,backup,false,false,false,false
validation,val_00,val_00_r0,40000001,lidar_dropout,medium,val_00-val_00_r0-40000001-lidar_dropout-medium,0.5234448996011528,frontal_blockage,true,true,false,true,false,false,false,3.1205391883850098,0.8208702206611633,0,controlled_stop,true,5.2265,323ec577-3331-46db-a8b6-078a634935d1,RP_controlled_stop,controlled_stop,false,true,false,false
validation,val_00,val_00_r0,40000001,lidar_dropout,medium,val_00-val_00_r0-40000001-lidar_dropout-medium,0.4913659306313469,frontal_blockage,true,true,false,true,false,false,false,3.122436285018921,0.8202853798866272,0,relocalise,false,45.0,d8f987f0-af1d-4c59-9331-9c95c90cb678,RP_relocalise,controlled_stop,true,false,false,false
validation,val_00,val_00_r0,40000001,lidar_dropout,medium,val_00-val_00_r0-40000001-lidar_dropout-medium,0.4913659306313469,frontal_blockage,true,true,false,true,false,false,false,3.122436285018921,0.8202853798866272,0,controlled_stop,true,45.0,d8f987f0-af1d-4c59-9331-9c95c90cb678,RP_relocalise,controlled_stop,true,false,false,false
validation,val_00,val_00_r0,40000001,lidar_dropout,medium,val_00-val_00_r0-40000001-lidar_dropout-medium,0.4700813938933656,frontal_blockage,true,true,false,true,false,false,false,3.0553250312805176,0.8332977890968323,0,replan_clear_costmaps,true,60.3174,75edf5ca-4c5b-4bb2-847d-30fc6053a565,RP_replan_clear_costmaps,replan_clear_costmaps,false,false,false,false
validation,val_00,val_00_r0,40000001,lidar_dropout,medium,val_00-val_00_r0-40000001-lidar_dropout-medium,0.545749876990285,frontal_blockage,true,true,false,true,false,false,false,3.1996593475341797,0.7922337651252747,0,spin_active_rescan,true,45.245,7a8519d1-057d-4b4c-975b-22f2ab3bcccf,RP_spin_active_rescan,spin_active_rescan,false,false,false,false
validation,val_00,val_00_r0,40000001,lidar_dropout,medium,val_00-val_00_r0-40000001-lidar_dropout-medium,0.5289658729342656,frontal_blockage,true,true,false,true,false,false,false,3.2059009075164795,0.8075942397117615,0,wait,false,45.0,42bc991a-28cc-4e49-931e-885b57f206a8,RP_wait,controlled_stop,true,false,false,false
validation,val_00,val_00_r0,40000001,lidar_dropout,medium,val_00-val_00_r0-40000001-lidar_dropout-medium,0.5289658729342656,frontal_blockage,true,true,false,true,false,false,false,3.2059009075164795,0.8075942397117615,0,controlled_stop,true,45.0,42bc991a-28cc-4e49-931e-885b57f206a8,RP_wait,controlled_stop,true,false,false,false
validation,val_00,val_00_r0,40000004,dynamic_blockage,medium,val_00-val_00_r0-40000004-dynamic_blockage-medium,0.24545226647242782,planning,true,true,true,true,false,false,false,1.2496953010559082,0.8641034364700317,0,backup,true,40.1671,34be2631-22c0-46af-b77e-aac98c322cbc,RP_backup,backup,false,false,false,false
validation,val_00,val_00_r0,40000004,dynamic_blockage,medium,val_00-val_00_r0-40000004-dynamic_blockage-medium,0.25364467043831823,planning,true,true,false,true,false,false,false,0.6693117618560791,0.6693117618560791,0,controlled_stop,true,47.671499999999995,08a6640b-2096-4356-b1af-7ba3dccf94a4,RP_controlled_stop,controlled_stop,false,false,false,false
validation,val_00,val_00_r0,40000004,dynamic_blockage,medium,val_00-val_00_r0-40000004-dynamic_blockage-medium,0.2519226029820988,planning,true,true,false,true,false,false,false,1.4723074436187744,0.8346999883651733,0,relocalise,false,40.0,b90aac0d-14b5-4499-81a6-47b28502fc5a,RP_relocalise,controlled_stop,true,false,false,false
validation,val_00,val_00_r0,40000004,dynamic_blockage,medium,val_00-val_00_r0-40000004-dynamic_blockage-medium,0.2519226029820988,planning,true,true,false,true,false,false,false,1.4723074436187744,0.8346999883651733,0,controlled_stop,true,40.0,b90aac0d-14b5-4499-81a6-47b28502fc5a,RP_relocalise,controlled_stop,true,false,false,false
validation,val_00,val_00_r0,40000004,dynamic_blockage,medium,val_00-val_00_r0-40000004-dynamic_blockage-medium,0.2522501063063375,planning,true,true,false,true,false,false,false,0.674187421798706,0.674187421798706,0,replan_clear_costmaps,true,47.699,216f317f-a161-4464-ab52-8b3954decc5b,RP_replan_clear_costmaps,replan_clear_costmaps,false,false,false,false
validation,val_00,val_00_r0,40000004,dynamic_blockage,medium,val_00-val_00_r0-40000004-dynamic_blockage-medium,0.24018503374908912,planning,true,true,false,true,false,false,false,0.6753930449485779,0.6753930449485779,0,spin_active_rescan,true,15.164200000000001,0c98864b-6b81-4d55-85e1-c88762e4b4b1,RP_spin_active_rescan,spin_active_rescan,false,true,false,false
validation,val_00,val_00_r0,40000004,dynamic_blockage,medium,val_00-val_00_r0-40000004-dynamic_blockage-medium,0.24272704359105143,planning,true,true,true,true,false,false,false,0.4353869557380676,0.4353869557380676,0,wait,false,55.0871,9c5f31ed-ed77-44bb-a245-1e3338df759e,RP_wait,controlled_stop,true,false,false,false
validation,val_00,val_00_r0,40000004,dynamic_blockage,medium,val_00-val_00_r0-40000004-dynamic_blockage-medium,0.24272704359105143,planning,true,true,true,true,false,false,false,0.4353869557380676,0.4353869557380676,0,controlled_stop,true,55.0871,9c5f31ed-ed77-44bb-a245-1e3338df759e,RP_wait,controlled_stop,true,false,false,false
validation,val_00,val_00_r0,40000005,planner_oscillation,medium,val_00-val_00_r0-40000005-planner_oscillation-medium,0.27356903834678714,planning,true,true,true,true,false,false,false,1.1722618341445923,0.7465193271636963,0,backup,true,57.104,bbb62668-1531-451d-b805-7869a81cfc50,RP_backup,backup,false,false,false,false
validation,val_00,val_00_r0,40000005,planner_oscillation,medium,val_00-val_00_r0-40000005-planner_oscillation-medium,0.25934802881472385,frontal_blockage,true,true,false,true,false,false,false,1.3047689199447632,0.8170456886291504,0,controlled_stop,true,42.596,be9d52ca-6ad4-4298-8462-66b550f958ec,RP_controlled_stop,controlled_stop,false,false,false,false
validation,val_00,val_00_r0,40000005,planner_oscillation,medium,val_00-val_00_r0-40000005-planner_oscillation-medium,0.2559916514848298,localisation,true,true,true,true,false,false,false,0.6944850087165833,0.6944850087165833,0,relocalise,false,55.0,b4d98685-e768-4b88-9265-34c5bc399faa,RP_relocalise,controlled_stop,true,false,false,false
validation,val_00,val_00_r0,40000005,planner_oscillation,medium,val_00-val_00_r0-40000005-planner_oscillation-medium,0.2559916514848298,localisation,true,true,true,true,false,false,false,0.6944850087165833,0.6944850087165833,0,controlled_stop,true,55.0,b4d98685-e768-4b88-9265-34c5bc399faa,RP_relocalise,controlled_stop,true,false,false,false
validation,val_00,val_00_r0,40000005,planner_oscillation,medium,val_00-val_00_r0-40000005-planner_oscillation-medium,0.23872146132976915,unknown,true,true,true,true,false,false,false,0.24482277035713196,0.24482277035713196,0,replan_clear_costmaps,true,55.4839,6267d555-3a35-4466-96ce-2279c06a5e71,RP_replan_clear_costmaps,replan_clear_costmaps,false,false,false,false
validation,val_00,val_00_r0,40000005,planner_oscillation,medium,val_00-val_00_r0-40000005-planner_oscillation-medium,0.26407041064963077,frontal_blockage,true,true,true,true,false,false,false,1.3429229259490967,0.8829360008239746,0,spin_active_rescan,true,14.469700000000003,6fd50d29-2fa6-4750-96d4-fa04cdcb9344,RP_spin_active_rescan,spin_active_rescan,false,true,false,false
validation,val_00,val_00_r0,40000005,planner_oscillation,medium,val_00-val_00_r0-40000005-planner_oscillation-medium,0.2894838282598895,planning,true,true,true,true,false,false,false,1.2995049953460693,0.8581724166870117,0,wait,false,47.701499999999996,0b1cf92d-6f66-4f41-8160-48d8b9ee3e4c,RP_wait,controlled_stop,true,false,false,false
validation,val_00,val_00_r0,40000005,planner_oscillation,medium,val_00-val_00_r0-40000005-planner_oscillation-medium,0.2894838282598895,planning,true,true,true,true,false,false,false,1.2995049953460693,0.8581724166870117,0,controlled_stop,true,47.701499999999996,0b1cf92d-6f66-4f41-8160-48d8b9ee3e4c,RP_wait,controlled_stop,true,false,false,false
validation,val_00,val_00_r0,40000006,semantic_corruption,medium,val_00-val_00_r0-40000006-semantic_corruption-medium,0.2603000705616445,localisation,true,true,true,true,false,false,false,2.5823819637298584,0.7654736638069153,0,backup,true,40.0,aac26b59-4501-458b-ad00-a1e6d859e7cf,RP_backup,backup,false,false,false,false
validation,val_00,val_00_r0,40000006,semantic_corruption,medium,val_00-val_00_r0-40000006-semantic_corruption-medium,0.2528973304076532,localisation,true,true,true,true,false,false,false,2.702270030975342,0.8247865438461304,0,controlled_stop,true,40.0,62d271de-8cbe-4dca-a1bd-722a4f035702,RP_controlled_stop,controlled_stop,false,false,false,false
validation,val_00,val_00_r0,40000006,semantic_corruption,medium,val_00-val_00_r0-40000006-semantic_corruption-medium,0.284162128457486,localisation,true,true,true,true,false,false,false,2.6637487411499023,0.7753816246986389,0,replan_clear_costmaps,true,40.0,aa5ac037-9bc8-4407-a7f5-6ba84c90029f,RP_replan_clear_costmaps,replan_clear_costmaps,false,false,false,false
validation,val_00,val_00_r1,40100001,lidar_dropout,medium,val_00-val_00_r1-40100001-lidar_dropout-medium,0.4383208966424666,frontal_blockage,true,true,false,true,false,true,false,,0.9024855494499207,0,backup,false,22.0753,082a8ae4-3654-4a4f-b361-3645b47c7fe3,RP_backup,controlled_stop,true,true,false,false
validation,val_00,val_00_r1,40100001,lidar_dropout,medium,val_00-val_00_r1-40100001-lidar_dropout-medium,0.4383208966424666,frontal_blockage,true,true,false,true,false,true,false,,0.9024855494499207,0,controlled_stop,true,22.0753,082a8ae4-3654-4a4f-b361-3645b47c7fe3,RP_backup,controlled_stop,true,true,false,false
validation,val_00,val_00_r1,40100001,lidar_dropout,medium,val_00-val_00_r1-40100001-lidar_dropout-medium,0.43955974497544836,frontal_blockage,true,true,false,true,false,true,false,,0.8714995384216309,0,controlled_stop,true,5.0532,1d72eada-df7f-4514-87f2-5b5dff4f2e15,RP_controlled_stop,controlled_stop,false,true,false,false
validation,val_00,val_00_r1,40100001,lidar_dropout,medium,val_00-val_00_r1-40100001-lidar_dropout-medium,0.4368101966317671,frontal_blockage,true,true,false,true,false,true,false,,0.8711338043212891,0,relocalise,false,20.8672,6290f242-da17-46ec-9258-fccdfeb4a0fb,RP_relocalise,controlled_stop,true,true,false,false
validation,val_00,val_00_r1,40100001,lidar_dropout,medium,val_00-val_00_r1-40100001-lidar_dropout-medium,0.4368101966317671,frontal_blockage,true,true,false,true,false,true,false,,0.8711338043212891,0,controlled_stop,true,20.8672,6290f242-da17-46ec-9258-fccdfeb4a0fb,RP_relocalise,controlled_stop,true,true,false,false
validation,val_00,val_00_r1,40100001,lidar_dropout,medium,val_00-val_00_r1-40100001-lidar_dropout-medium,0.43096492427152855,frontal_blockage,true,true,false,true,false,true,false,,0.9218161702156067,0,replan_clear_costmaps,true,14.120800000000003,7bdd9b24-b303-45e7-ba05-d88e8b477bd2,RP_replan_clear_costmaps,replan_clear_costmaps,false,true,false,false
validation,val_00,val_00_r1,40100001,lidar_dropout,medium,val_00-val_00_r1-40100001-lidar_dropout-medium,0.35369210407301055,frontal_blockage,true,true,false,true,false,true,false,,0.9147072434425354,0,spin_active_rescan,true,15.5535,300155ad-29f3-43b1-aa12-500e7372af43,RP_spin_active_rescan,spin_active_rescan,false,true,false,false
validation,val_00,val_00_r1,40100001,lidar_dropout,medium,val_00-val_00_r1-40100001-lidar_dropout-medium,0.43588578611551515,frontal_blockage,true,true,false,true,false,true,false,,0.8892745971679688,0,wait,true,7.9546,76730a04-5839-43c7-8828-20ac73506e0a,RP_wait,wait,false,true,false,false
validation,val_00,val_00_r1,40100005,planner_oscillation,medium,val_00-val_00_r1-40100005-planner_oscillation-medium,0.23905133961058223,unknown,true,true,false,true,false,false,false,1.4505332708358765,0.9250360727310181,0,backup,true,12.134699999999992,60132927-a27b-4944-9a0a-6983b83a5e22,RP_backup,backup,false,true,false,false
validation,val_00,val_00_r2,40200001,lidar_dropout,medium,val_00-val_00_r2-40200001-lidar_dropout-medium,0.558064702432322,frontal_blockage,true,true,false,true,false,false,false,,1.0998008251190186,0,backup,false,5.0,d755114f-db2a-4d70-93c6-c7631ea02ac3,RP_backup,controlled_stop,true,true,false,false
validation,val_00,val_00_r2,40200001,lidar_dropout,medium,val_00-val_00_r2-40200001-lidar_dropout-medium,0.558064702432322,frontal_blockage,true,true,false,true,false,false,false,,1.0998008251190186,0,controlled_stop,true,5.0,d755114f-db2a-4d70-93c6-c7631ea02ac3,RP_backup,controlled_stop,true,true,false,false
validation,val_00,val_00_r2,40200001,lidar_dropout,medium,val_00-val_00_r2-40200001-lidar_dropout-medium,0.5573478181904779,frontal_blockage,true,true,false,true,false,false,false,,1.0921928882598877,0,controlled_stop,true,5.0,417e7d77-155c-4f8b-bfb3-145809c7b051,RP_controlled_stop,controlled_stop,false,true,false,false
validation,val_00,val_00_r2,40200001,lidar_dropout,medium,val_00-val_00_r2-40200001-lidar_dropout-medium,0.6009246124793615,frontal_blockage,true,true,false,true,false,false,false,,1.0967226028442383,0,relocalise,false,5.0,bb70f582-c1e3-45f0-9973-81acc77a2ffc,RP_relocalise,controlled_stop,true,true,false,false
validation,val_00,val_00_r2,40200001,lidar_dropout,medium,val_00-val_00_r2-40200001-lidar_dropout-medium,0.6009246124793615,frontal_blockage,true,true,false,true,false,false,false,,1.0967226028442383,0,controlled_stop,true,5.0,bb70f582-c1e3-45f0-9973-81acc77a2ffc,RP_relocalise,controlled_stop,true,true,false,false
validation,val_00,val_00_r2,40200001,lidar_dropout,medium,val_00-val_00_r2-40200001-lidar_dropout-medium,0.6069183703979235,frontal_blockage,true,true,false,true,false,false,false,,1.083423137664795,0,replan_clear_costmaps,true,5.0,b6aadb30-1245-4fe2-b6e5-a3bf19d412f9,RP_replan_clear_costmaps,replan_clear_costmaps,false,true,false,false
validation,val_00,val_00_r2,40200001,lidar_dropout,medium,val_00-val_00_r2-40200001-lidar_dropout-medium,0.649585942902248,frontal_blockage,true,true,false,true,false,false,false,,1.1122519969940186,0,spin_active_rescan,true,5.0,395e34e2-6f06-4251-b869-c3fc9190ca88,RP_spin_active_rescan,spin_active_rescan,false,true,false,false
validation,val_00,val_00_r2,40200001,lidar_dropout,medium,val_00-val_00_r2-40200001-lidar_dropout-medium,0.32517882567883316,frontal_blockage,true,true,false,true,false,false,false,,1.117047905921936,0,wait,false,5.0,f3ed4ef3-3aeb-4abc-9920-08c29fc1094e,RP_wait,controlled_stop,true,true,false,false
validation,val_00,val_00_r2,40200001,lidar_dropout,medium,val_00-val_00_r2-40200001-lidar_dropout-medium,0.32517882567883316,frontal_blockage,true,true,false,true,false,false,false,,1.117047905921936,0,controlled_stop,true,5.0,f3ed4ef3-3aeb-4abc-9920-08c29fc1094e,RP_wait,controlled_stop,true,true,false,false
validation,val_00,val_00_r2,40200004,dynamic_blockage,medium,val_00-val_00_r2-40200004-dynamic_blockage-medium,0.3325849344994884,planning,true,true,true,true,false,false,false,1.4663565158843994,0.891191303730011,0,backup,true,21.2441,000d8a16-f96b-425b-8e8c-095937dfc10a,RP_backup,backup,false,true,false,false
validation,val_00,val_00_r2,40200004,dynamic_blockage,medium,val_00-val_00_r2-40200004-dynamic_blockage-medium,0.4835251821722167,frontal_blockage,true,true,true,true,false,false,false,1.1563913822174072,0.7389482259750366,0,controlled_stop,true,20.6157,882189dd-54a2-4cd6-858d-7e0a64049af2,RP_controlled_stop,controlled_stop,false,true,false,false
validation,val_00,val_00_r2,40200004,dynamic_blockage,medium,val_00-val_00_r2-40200004-dynamic_blockage-medium,0.27560873753005816,planning,true,true,true,true,false,false,false,2.3070271015167236,0.9268146753311157,0,wait,false,60.0,f8567845-e473-432c-800c-2c8d8c1699c4,RP_wait,controlled_stop,true,false,false,false
validation,val_00,val_00_r2,40200004,dynamic_blockage,medium,val_00-val_00_r2-40200004-dynamic_blockage-medium,0.27560873753005816,planning,true,true,true,true,false,false,false,2.3070271015167236,0.9268146753311157,0,controlled_stop,true,60.0,f8567845-e473-432c-800c-2c8d8c1699c4,RP_wait,controlled_stop,true,false,false,false
validation,val_00,val_00_r3,40300001,lidar_dropout,medium,val_00-val_00_r3-40300001-lidar_dropout-medium,0.25449214282041493,frontal_blockage,true,true,false,true,false,false,false,2.70271897315979,1.4178320169448853,0,backup,true,7.5550000000000015,fe2095d9-de3b-492b-9ced-5c415546aa10,RP_backup,backup,false,true,false,false
validation,val_00,val_00_r3,40300001,lidar_dropout,medium,val_00-val_00_r3-40300001-lidar_dropout-medium,0.2999301796625753,frontal_blockage,true,true,false,true,false,false,false,2.7144808769226074,1.4213563203811646,0,controlled_stop,true,60.0,b137689c-3727-4585-a7b1-c326d905d0e8,RP_controlled_stop,controlled_stop,false,false,false,false
validation,val_00,val_00_r3,40300001,lidar_dropout,medium,val_00-val_00_r3-40300001-lidar_dropout-medium,0.26726095620340373,frontal_blockage,true,true,false,true,false,false,false,2.6947948932647705,1.390220284461975,0,relocalise,false,5.0,0dc0b43f-088b-49b7-ac59-0390fefb0d83,RP_relocalise,controlled_stop,true,true,false,false
validation,val_00,val_00_r3,40300001,lidar_dropout,medium,val_00-val_00_r3-40300001-lidar_dropout-medium,0.26726095620340373,frontal_blockage,true,true,false,true,false,false,false,2.6947948932647705,1.390220284461975,0,controlled_stop,true,5.0,0dc0b43f-088b-49b7-ac59-0390fefb0d83,RP_relocalise,controlled_stop,true,true,false,false
validation,val_00,val_00_r3,40300001,lidar_dropout,medium,val_00-val_00_r3-40300001-lidar_dropout-medium,0.3057552125062434,frontal_blockage,true,true,false,true,false,false,false,2.71826434135437,1.411108136177063,0,replan_clear_costmaps,true,20.602,7c7f83a0-e229-4b54-82b7-f82235a369ea,RP_replan_clear_costmaps,replan_clear_costmaps,false,true,false,false
validation,val_00,val_00_r3,40300001,lidar_dropout,medium,val_00-val_00_r3-40300001-lidar_dropout-medium,0.2792563698132921,frontal_blockage,true,true,false,true,false,false,false,2.695061445236206,1.4305665493011475,0,spin_active_rescan,true,16.473899999999993,79a40c58-f061-47cf-a0a5-ff11a4ba2a16,RP_spin_active_rescan,spin_active_rescan,false,true,false,false
validation,val_00,val_00_r3,40300001,lidar_dropout,medium,val_00-val_00_r3-40300001-lidar_dropout-medium,0.366260435085996,frontal_blockage,true,true,false,true,false,false,false,2.651581287384033,1.427468180656433,0,wait,false,10.67859999999999,17831aec-092f-4381-a858-5a48858ebca1,RP_wait,controlled_stop,true,true,false,false
validation,val_00,val_00_r3,40300001,lidar_dropout,medium,val_00-val_00_r3-40300001-lidar_dropout-medium,0.366260435085996,frontal_blockage,true,true,false,true,false,false,false,2.651581287384033,1.427468180656433,0,controlled_stop,true,10.67859999999999,17831aec-092f-4381-a858-5a48858ebca1,RP_wait,controlled_stop,true,true,false,false
validation,val_00,val_00_r3,40300004,dynamic_blockage,medium,val_00-val_00_r3-40300004-dynamic_blockage-medium,0.304116497876703,planning,true,true,false,true,false,false,false,0.28087911009788513,0.28087911009788513,0,spin_active_rescan,false,5.0,e6888bbd-8071-4393-95dd-3f78ebb03888,RP_spin_active_rescan,controlled_stop,true,true,false,false
validation,val_00,val_00_r3,40300004,dynamic_blockage,medium,val_00-val_00_r3-40300004-dynamic_blockage-medium,0.304116497876703,planning,true,true,false,true,false,false,false,0.28087911009788513,0.28087911009788513,0,controlled_stop,true,5.0,e6888bbd-8071-4393-95dd-3f78ebb03888,RP_spin_active_rescan,controlled_stop,true,true,false,false
validation,val_00,val_00_r4,40400002,wheel_slip,medium,val_00-val_00_r4-40400002-wheel_slip-medium,0.2625275517442251,localisation,true,true,true,true,false,false,false,1.0713499784469604,0.8608859777450562,0,backup,true,21.1665,dc352e27-bb32-46ad-adf8-aebec95a7821,RP_backup,backup,false,true,false,false
validation,val_00,val_00_r4,40400003,localisation_perturbation,medium,val_00-val_00_r4-40400003-localisation_perturbation-medium,0.31688553481892895,planning,true,true,true,true,false,false,false,1.2140876054763794,0.7335760593414307,0,controlled_stop,true,20.0352,8fc9b175-7aea-4e14-be63-f8246fdd2f7f,RP_controlled_stop,controlled_stop,false,true,false,false
validation,val_00,val_00_r4,40400003,localisation_perturbation,medium,val_00-val_00_r4-40400003-localisation_perturbation-medium,0.26725324562479846,planning,true,true,true,true,false,false,false,1.1091309785842896,0.7335135340690613,0,relocalise,false,20.1956,366f5736-d25d-4233-bc39-4a3b4ac83140,RP_relocalise,controlled_stop,true,true,false,false
validation,val_00,val_00_r4,40400003,localisation_perturbation,medium,val_00-val_00_r4-40400003-localisation_perturbation-medium,0.26725324562479846,planning,true,true,true,true,false,false,false,1.1091309785842896,0.7335135340690613,0,controlled_stop,true,20.1956,366f5736-d25d-4233-bc39-4a3b4ac83140,RP_relocalise,controlled_stop,true,true,false,false
validation,val_00,val_00_r4,40400004,dynamic_blockage,medium,val_00-val_00_r4-40400004-dynamic_blockage-medium,0.2836595956366041,planning,true,true,true,true,false,false,false,2.08056902885437,0.9796696901321411,0,wait,false,41.49769999999999,d48aa082-351c-4051-ba01-2645f652b868,RP_wait,controlled_stop,true,false,false,false
validation,val_00,val_00_r4,40400004,dynamic_blockage,medium,val_00-val_00_r4-40400004-dynamic_blockage-medium,0.2836595956366041,planning,true,true,true,true,false,false,false,2.08056902885437,0.9796696901321411,0,controlled_stop,true,41.49769999999999,d48aa082-351c-4051-ba01-2645f652b868,RP_wait,controlled_stop,true,false,false,false
validation,val_00,val_00_r4,40400005,planner_oscillation,medium,val_00-val_00_r4-40400005-planner_oscillation-medium,0.3378640841937049,planning,true,true,true,true,false,false,false,1.776409387588501,1.029848337173462,0,backup,true,40.0,4646cc00-8dba-4b3c-8c07-fb9ec36aa8e8,RP_backup,backup,false,false,false,false
validation,val_00,val_00_r4,40400005,planner_oscillation,medium,val_00-val_00_r4-40400005-planner_oscillation-medium,0.29046418637003873,planning,true,true,true,true,false,false,false,1.4306516647338867,0.9672343134880066,0,controlled_stop,true,40.0,7d8d1118-8204-4818-82ec-035beb10605e,RP_controlled_stop,controlled_stop,false,false,false,false
validation,val_00,val_00_r4,40400005,planner_oscillation,medium,val_00-val_00_r4-40400005-planner_oscillation-medium,0.3105542985545471,planning,true,true,false,true,false,false,false,1.7300695180892944,1.0666478872299194,0,relocalise,false,41.540499999999994,5526dac9-cb0a-4a9b-b7e5-cc2ca2dabfec,RP_relocalise,controlled_stop,true,false,false,false
validation,val_00,val_00_r4,40400005,planner_oscillation,medium,val_00-val_00_r4-40400005-planner_oscillation-medium,0.3105542985545471,planning,true,true,false,true,false,false,false,1.7300695180892944,1.0666478872299194,0,controlled_stop,true,41.540499999999994,5526dac9-cb0a-4a9b-b7e5-cc2ca2dabfec,RP_relocalise,controlled_stop,true,false,false,false
validation,val_00,val_00_r4,40400005,planner_oscillation,medium,val_00-val_00_r4-40400005-planner_oscillation-medium,0.43649129768670686,planning,true,true,true,true,false,false,false,3.3806138038635254,0.8912537693977356,0,spin_active_rescan,true,55.0,0349ada5-1de3-4276-b851-f7dc8fc2e05f,RP_spin_active_rescan,spin_active_rescan,false,false,false,false
validation,val_00,val_00_r4,40400005,planner_oscillation,medium,val_00-val_00_r4-40400005-planner_oscillation-medium,0.2824624771307829,planning,true,true,true,true,false,false,false,3.660813808441162,0.9488910436630249,0,wait,false,55.0,6fc26cb9-9c86-41f5-aa49-b9a65e6fcabb,RP_wait,controlled_stop,true,false,false,false
validation,val_00,val_00_r4,40400005,planner_oscillation,medium,val_00-val_00_r4-40400005-planner_oscillation-medium,0.2824624771307829,planning,true,true,true,true,false,false,false,3.660813808441162,0.9488910436630249,0,controlled_stop,true,55.0,6fc26cb9-9c86-41f5-aa49-b9a65e6fcabb,RP_wait,controlled_stop,true,false,false,false
validation,val_00,val_00_r5,40500001,lidar_dropout,medium,val_00-val_00_r5-40500001-lidar_dropout-medium,0.2711530593255196,frontal_blockage,true,true,false,true,false,false,false,1.490850806236267,0.7861679792404175,0,backup,true,55.158500000000004,7d458548-4e88-4a28-b586-2c442f76ba42,RP_backup,backup,false,false,false,false
validation,val_00,val_00_r5,40500001,lidar_dropout,medium,val_00-val_00_r5-40500001-lidar_dropout-medium,0.27873288776473365,localisation,true,true,true,true,false,false,false,1.5826058387756348,0.8478710651397705,0,controlled_stop,true,40.0,737cfd52-f171-48ac-bdc7-1eaba20739e8,RP_controlled_stop,controlled_stop,false,false,false,false
validation,val_00,val_00_r5,40500001,lidar_dropout,medium,val_00-val_00_r5-40500001-lidar_dropout-medium,0.2436616699702606,planning,true,true,false,true,false,false,false,1.4451311826705933,0.8268187642097473,0,relocalise,false,55.0,f15428d5-07a8-498e-a176-54a93ddc569f,RP_relocalise,controlled_stop,true,false,false,false
validation,val_00,val_00_r5,40500001,lidar_dropout,medium,val_00-val_00_r5-40500001-lidar_dropout-medium,0.2436616699702606,planning,true,true,false,true,false,false,false,1.4451311826705933,0.8268187642097473,0,controlled_stop,true,55.0,f15428d5-07a8-498e-a176-54a93ddc569f,RP_relocalise,controlled_stop,true,false,false,false
validation,val_00,val_00_r5,40500001,lidar_dropout,medium,val_00-val_00_r5-40500001-lidar_dropout-medium,0.26159593946481385,planning,true,true,false,true,false,false,false,1.5677521228790283,0.8349572420120239,0,replan_clear_costmaps,true,55.1242,44b80b6a-43f9-4749-a3fc-6bdcd1ac99a0,RP_replan_clear_costmaps,replan_clear_costmaps,false,false,false,false
validation,val_00,val_00_r5,40500001,lidar_dropout,medium,val_00-val_00_r5-40500001-lidar_dropout-medium,0.27589792774167693,planning,true,true,false,true,false,false,false,1.556099772453308,0.8362091779708862,0,spin_active_rescan,true,55.0,a856ff98-1df6-4e86-959c-539efd846d3a,RP_spin_active_rescan,spin_active_rescan,false,false,false,false
validation,val_00,val_00_r5,40500001,lidar_dropout,medium,val_00-val_00_r5-40500001-lidar_dropout-medium,0.23630809518530577,localisation,true,true,true,true,false,false,false,1.4421013593673706,0.7903923988342285,0,wait,false,40.0,851e47a8-fd23-4330-ac7f-ac716114df48,RP_wait,controlled_stop,true,false,false,false
validation,val_00,val_00_r5,40500001,lidar_dropout,medium,val_00-val_00_r5-40500001-lidar_dropout-medium,0.23630809518530577,localisation,true,true,true,true,false,false,false,1.4421013593673706,0.7903923988342285,0,controlled_stop,true,40.0,851e47a8-fd23-4330-ac7f-ac716114df48,RP_wait,controlled_stop,true,false,false,false
validation,val_00,val_00_r5,40500002,wheel_slip,medium,val_00-val_00_r5-40500002-wheel_slip-medium,0.2630486448707097,localisation,true,true,true,true,false,false,false,1.740695595741272,0.8622270226478577,0,backup,true,52.327799999999996,f110718e-bb1d-41d0-8316-74a6a55c71c3,RP_backup,backup,false,false,false,false
validation,val_00,val_00_r5,40500002,wheel_slip,medium,val_00-val_00_r5-40500002-wheel_slip-medium,0.2819192981815827,planning,true,true,false,true,false,false,false,1.4155330657958984,0.8123801946640015,0,controlled_stop,true,55.6918,cf043ab1-2b1a-4684-ab4c-606ec142c1c9,RP_controlled_stop,controlled_stop,false,false,false,false
validation,val_00,val_00_r5,40500002,wheel_slip,medium,val_00-val_00_r5-40500002-wheel_slip-medium,0.2902822935543413,planning,true,true,false,true,false,false,false,1.523908257484436,0.8492636680603027,0,relocalise,false,55.0,d88efd98-111b-43c5-97c5-1d6b76826837,RP_relocalise,controlled_stop,true,false,false,false
validation,val_00,val_00_r5,40500002,wheel_slip,medium,val_00-val_00_r5-40500002-wheel_slip-medium,0.2902822935543413,planning,true,true,false,true,false,false,false,1.523908257484436,0.8492636680603027,0,controlled_stop,true,55.0,d88efd98-111b-43c5-97c5-1d6b76826837,RP_relocalise,controlled_stop,true,false,false,false
validation,val_00,val_00_r5,40500002,wheel_slip,medium,val_00-val_00_r5-40500002-wheel_slip-medium,0.24642693057984577,unknown,true,true,false,true,false,false,false,1.7557522058486938,0.8550234436988831,0,replan_clear_costmaps,true,40.0,e3bfb766-20d8-4d0b-b1c4-1203938eb3ba,RP_replan_clear_costmaps,replan_clear_costmaps,false,false,false,false
validation,val_00,val_00_r5,40500002,wheel_slip,medium,val_00-val_00_r5-40500002-wheel_slip-medium,0.24485111492524295,planning,true,true,false,true,false,false,false,1.668668508529663,0.8326601982116699,0,spin_active_rescan,true,15.093,78dea69e-b551-4f0d-b077-23c4ea1727b5,RP_spin_active_rescan,spin_active_rescan,false,true,false,false
validation,val_00,val_00_r5,40500002,wheel_slip,medium,val_00-val_00_r5-40500002-wheel_slip-medium,0.2560062301672033,localisation,true,true,true,true,false,false,false,1.7562828063964844,0.8683631420135498,0,wait,false,55.9674,5e9f3951-94ca-4cc4-afc2-dce04eb5367b,RP_wait,controlled_stop,true,false,false,false
validation,val_00,val_00_r5,40500002,wheel_slip,medium,val_00-val_00_r5-40500002-wheel_slip-medium,0.2560062301672033,localisation,true,true,true,true,false,false,false,1.7562828063964844,0.8683631420135498,0,controlled_stop,true,55.9674,5e9f3951-94ca-4cc4-afc2-dce04eb5367b,RP_wait,controlled_stop,true,false,false,false
validation,val_00,val_00_r5,40500003,localisation_perturbation,medium,val_00-val_00_r5-40500003-localisation_perturbation-medium,0.27034345117950936,planning,true,true,false,true,false,false,false,1.5501301288604736,0.8539518117904663,0,backup,true,55.9367,a2c37c89-ae13-46cc-b312-4630bb29133e,RP_backup,backup,false,false,false,false
validation,val_00,val_00_r5,40500003,localisation_perturbation,medium,val_00-val_00_r5-40500003-localisation_perturbation-medium,0.2750443941650429,localisation,true,true,true,true,false,false,false,1.5048431158065796,0.782807469367981,0,relocalise,false,55.536500000000004,d8fb6282-edc0-4a55-a412-5fc191187c3a,RP_relocalise,controlled_stop,true,false,false,false
validation,val_00,val_00_r5,40500003,localisation_perturbation,medium,val_00-val_00_r5-40500003-localisation_perturbation-medium,0.2750443941650429,localisation,true,true,true,true,false,false,false,1.5048431158065796,0.782807469367981,0,controlled_stop,true,55.536500000000004,d8fb6282-edc0-4a55-a412-5fc191187c3a,RP_relocalise,controlled_stop,true,false,false,false
validation,val_00,val_00_r5,40500003,localisation_perturbation,medium,val_00-val_00_r5-40500003-localisation_perturbation-medium,0.27315448185634184,planning,true,true,false,true,false,false,false,1.4688796997070312,0.806031346321106,0,replan_clear_costmaps,true,55.2752,b6f1007b-19c6-4c37-ac8e-0a9054a975fe,RP_replan_clear_costmaps,replan_clear_costmaps,false,false,false,false
validation,val_00,val_00_r5,40500003,localisation_perturbation,medium,val_00-val_00_r5-40500003-localisation_perturbation-medium,0.2785038476313614,planning,true,true,false,true,false,false,false,1.5226777791976929,0.8394485116004944,0,spin_active_rescan,true,55.598,9689c410-0c60-4d1c-8c9b-3aed528b8fb6,RP_spin_active_rescan,spin_active_rescan,false,false,false,false
validation,val_00,val_00_r5,40500003,localisation_perturbation,medium,val_00-val_00_r5-40500003-localisation_perturbation-medium,0.25114095635560985,planning,true,true,false,true,false,false,false,1.4434106349945068,0.7942870855331421,0,wait,false,55.2771,9d49b3f2-3357-4a1a-8649-d2bc02209809,RP_wait,controlled_stop,true,false,false,false
validation,val_00,val_00_r5,40500003,localisation_perturbation,medium,val_00-val_00_r5-40500003-localisation_perturbation-medium,0.25114095635560985,planning,true,true,false,true,false,false,false,1.4434106349945068,0.7942870855331421,0,controlled_stop,true,55.2771,9d49b3f2-3357-4a1a-8649-d2bc02209809,RP_wait,controlled_stop,true,false,false,false
validation,val_00,val_00_r5,40500004,dynamic_blockage,medium,val_00-val_00_r5-40500004-dynamic_blockage-medium,0.3486294184029693,planning,true,true,true,true,false,false,false,2.103628396987915,1.3716580867767334,0,backup,true,57.3326,f6ed0865-6a3c-4ead-8a66-a570fb3c78ed,RP_backup,backup,false,false,false,false
validation,val_00,val_00_r5,40500004,dynamic_blockage,medium,val_00-val_00_r5-40500004-dynamic_blockage-medium,0.5970103754360971,frontal_blockage,true,true,true,true,false,false,false,1.8263442516326904,1.3968945741653442,0,controlled_stop,true,56.679,40e12cd1-4cc8-4140-bee4-883f4c1bd8f2,RP_controlled_stop,controlled_stop,false,false,false,false
validation,val_00,val_00_r5,40500004,dynamic_blockage,medium,val_00-val_00_r5-40500004-dynamic_blockage-medium,0.5382356322297569,frontal_blockage,true,true,true,true,false,false,false,1.7052606344223022,1.3012136220932007,0,replan_clear_costmaps,true,55.2624,55a98568-e6b6-4c91-aca2-738952434f16,RP_replan_clear_costmaps,replan_clear_costmaps,false,false,false,false
validation,val_00,val_00_r5,40500004,dynamic_blockage,medium,val_00-val_00_r5-40500004-dynamic_blockage-medium,0.5468927582430068,unknown,true,true,true,true,false,false,false,2.060340404510498,1.3955078125,0,spin_active_rescan,true,56.7552,04f5b58b-4eca-40ab-95cc-414064b3a0cd,RP_spin_active_rescan,spin_active_rescan,false,false,false,false
validation,val_00,val_00_r5,40500005,planner_oscillation,medium,val_00-val_00_r5-40500005-planner_oscillation-medium,0.5762748604797604,frontal_blockage,true,true,true,true,false,false,false,1.6061081886291504,1.2882473468780518,0,controlled_stop,true,42.8852,ff40c958-f8f4-4b13-bafb-82d4f12c566c,RP_controlled_stop,controlled_stop,false,false,false,false
validation,val_00,val_00_r5,40500005,planner_oscillation,medium,val_00-val_00_r5-40500005-planner_oscillation-medium,0.3776397701179006,unknown,true,true,true,true,false,false,false,1.5386180877685547,1.265924096107483,0,relocalise,false,43.1155,c9b5c4ed-3a88-4d6a-bb75-89cf793b6b11,RP_relocalise,controlled_stop,true,false,false,false
validation,val_00,val_00_r5,40500005,planner_oscillation,medium,val_00-val_00_r5-40500005-planner_oscillation-medium,0.3776397701179006,unknown,true,true,true,true,false,false,false,1.5386180877685547,1.265924096107483,0,controlled_stop,true,43.1155,c9b5c4ed-3a88-4d6a-bb75-89cf793b6b11,RP_relocalise,controlled_stop,true,false,false,false
validation,val_00,val_00_r5,40500005,planner_oscillation,medium,val_00-val_00_r5-40500005-planner_oscillation-medium,0.521717423457622,frontal_blockage,true,true,true,true,false,false,false,1.4179576635360718,1.1707473993301392,0,replan_clear_costmaps,true,43.2474,04471479-59d3-4365-8d58-3e5ae3277ca0,RP_replan_clear_costmaps,replan_clear_costmaps,false,false,false,false
validation,val_00,val_00_r5,40500005,planner_oscillation,medium,val_00-val_00_r5-40500005-planner_oscillation-medium,0.24512963638038326,unknown,true,true,false,true,false,false,false,1.8432592153549194,1.0948594808578491,0,spin_active_rescan,true,45.9705,556ddd82-d3e0-470f-8b97-ded99e8a6c4a,RP_spin_active_rescan,spin_active_rescan,false,false,false,false
validation,val_00,val_00_r5,40500005,planner_oscillation,medium,val_00-val_00_r5-40500005-planner_oscillation-medium,0.5636277860441753,frontal_blockage,true,true,true,true,false,false,false,1.561198115348816,1.2332526445388794,0,wait,false,43.2027,9c1ab18f-9601-4a0c-a560-194bfa2bb852,RP_wait,controlled_stop,true,false,false,false
validation,val_00,val_00_r5,40500005,planner_oscillation,medium,val_00-val_00_r5-40500005-planner_oscillation-medium,0.5636277860441753,frontal_blockage,true,true,true,true,false,false,false,1.561198115348816,1.2332526445388794,0,controlled_stop,true,43.2027,9c1ab18f-9601-4a0c-a560-194bfa2bb852,RP_wait,controlled_stop,true,false,false,false
validation,val_01,val_01_r0,41000000,camera_occlusion,medium,val_01-val_01_r0-41000000-camera_occlusion-medium,0.27122800916780976,planning,true,true,false,true,false,false,false,2.2514562606811523,1.330748200416565,0,replan_clear_costmaps,true,5.7101,aebb54d1-7185-4c5c-a997-2d7d61b650c3,RP_replan_clear_costmaps,replan_clear_costmaps,false,true,false,false
validation,val_01,val_01_r0,41000001,lidar_dropout,medium,val_01-val_01_r0-41000001-lidar_dropout-medium,0.7933748666294262,frontal_blockage,true,true,false,true,false,false,false,,0.8115399479866028,0,backup,false,5.015,eb820718-c22b-47b1-8566-4d595e4ea8ba,RP_backup,controlled_stop,true,true,false,false
validation,val_01,val_01_r0,41000001,lidar_dropout,medium,val_01-val_01_r0-41000001-lidar_dropout-medium,0.7933748666294262,frontal_blockage,true,true,false,true,false,false,false,,0.8115399479866028,0,controlled_stop,true,5.015,eb820718-c22b-47b1-8566-4d595e4ea8ba,RP_backup,controlled_stop,true,true,false,false
validation,val_01,val_01_r0,41000001,lidar_dropout,medium,val_01-val_01_r0-41000001-lidar_dropout-medium,0.7558839676351752,frontal_blockage,true,true,false,true,false,false,false,,0.7932050228118896,0,controlled_stop,true,5.0069,8f455687-f6d8-4f51-8885-c2f713bfc238,RP_controlled_stop,controlled_stop,false,true,false,false
validation,val_01,val_01_r0,41000001,lidar_dropout,medium,val_01-val_01_r0-41000001-lidar_dropout-medium,0.7875851071628953,frontal_blockage,true,true,false,true,false,false,false,,0.7998679280281067,0,relocalise,false,5.0123999999999995,1774079d-8703-403e-9bec-6ef66ab247a2,RP_relocalise,controlled_stop,true,true,false,false
validation,val_01,val_01_r0,41000001,lidar_dropout,medium,val_01-val_01_r0-41000001-lidar_dropout-medium,0.7875851071628953,frontal_blockage,true,true,false,true,false,false,false,,0.7998679280281067,0,controlled_stop,true,5.0123999999999995,1774079d-8703-403e-9bec-6ef66ab247a2,RP_relocalise,controlled_stop,true,true,false,false
validation,val_01,val_01_r0,41000001,lidar_dropout,medium,val_01-val_01_r0-41000001-lidar_dropout-medium,0.7566707697699867,frontal_blockage,true,true,false,true,false,false,false,,0.8012839555740356,0,replan_clear_costmaps,true,5.004899999999999,b22dfb3a-1b82-4d5c-b17a-dda3adf98e15,RP_replan_clear_costmaps,replan_clear_costmaps,false,true,false,false
validation,val_01,val_01_r0,41000001,lidar_dropout,medium,val_01-val_01_r0-41000001-lidar_dropout-medium,0.6741850217122201,frontal_blockage,true,true,false,true,false,false,false,,0.8146873116493225,0,spin_active_rescan,true,60.0,7a0c55e9-c1d5-46ef-af6d-4beee8a95061,RP_spin_active_rescan,spin_active_rescan,false,false,false,false
validation,val_01,val_01_r0,41000001,lidar_dropout,medium,val_01-val_01_r0-41000001-lidar_dropout-medium,0.716902252000292,frontal_blockage,true,true,false,true,false,false,false,,0.807945191860199,0,wait,false,45.0,3a8567a9-ea73-4e1e-ad46-56362d2d2270,RP_wait,controlled_stop,true,false,false,false
validation,val_01,val_01_r0,41000001,lidar_dropout,medium,val_01-val_01_r0-41000001-lidar_dropout-medium,0.716902252000292,frontal_blockage,true,true,false,true,false,false,false,,0.807945191860199,0,controlled_stop,true,45.0,3a8567a9-ea73-4e1e-ad46-56362d2d2270,RP_wait,controlled_stop,true,false,false,false
validation,val_01,val_01_r0,41000002,wheel_slip,medium,val_01-val_01_r0-41000002-wheel_slip-medium,0.31814015673345103,planning,true,true,false,true,false,false,false,1.4479870796203613,0.8837503790855408,0,backup,true,8.7132,0bddad70-6cd8-4107-87ae-8354958cb346,RP_backup,backup,false,true,false,false
validation,val_01,val_01_r0,41000002,wheel_slip,medium,val_01-val_01_r0-41000002-wheel_slip-medium,0.33360901119678066,planning,true,true,false,true,false,false,false,2.2926268577575684,0.8504770398139954,0,controlled_stop,true,5.0314,ccddac0e-749b-447e-81e5-4d7c97db1105,RP_controlled_stop,controlled_stop,false,true,false,false
validation,val_01,val_01_r0,41000002,wheel_slip,medium,val_01-val_01_r0-41000002-wheel_slip-medium,0.25958427528260664,planning,true,true,false,true,false,false,false,2.3655478954315186,0.865871787071228,0,relocalise,false,5.0118,a81c596a-d434-4268-bf58-471453a3f518,RP_relocalise,controlled_stop,true,true,false,false
validation,val_01,val_01_r0,41000002,wheel_slip,medium,val_01-val_01_r0-41000002-wheel_slip-medium,0.25958427528260664,planning,true,true,false,true,false,false,false,2.3655478954315186,0.865871787071228,0,controlled_stop,true,5.0118,a81c596a-d434-4268-bf58-471453a3f518,RP_relocalise,controlled_stop,true,true,false,false
validation,val_01,val_01_r0,41000002,wheel_slip,medium,val_01-val_01_r0-41000002-wheel_slip-medium,0.36377126806320087,planning,true,true,false,true,false,false,false,2.3745675086975098,0.8433915376663208,0,replan_clear_costmaps,true,5.0024999999999995,5a8166d1-91de-4a65-8d35-37b9c07221e6,RP_replan_clear_costmaps,replan_clear_costmaps,false,true,false,false
validation,val_01,val_01_r0,41000002,wheel_slip,medium,val_01-val_01_r0-41000002-wheel_slip-medium,0.28875650503850014,planning,true,true,false,true,false,false,false,1.4344531297683716,0.9398384690284729,0,spin_active_rescan,true,17.514200000000002,59c43ab8-66e0-44f1-a330-4e71a9ca1aed,RP_spin_active_rescan,spin_active_rescan,false,true,false,false
validation,val_01,val_01_r0,41000002,wheel_slip,medium,val_01-val_01_r0-41000002-wheel_slip-medium,0.33599025857775033,planning,true,true,false,true,false,false,false,2.392531633377075,0.8052414655685425,0,wait,false,5.003299999999999,56a64c25-3db2-4b51-b282-e83602c06b50,RP_wait,controlled_stop,true,true,false,false
validation,val_01,val_01_r0,41000002,wheel_slip,medium,val_01-val_01_r0-41000002-wheel_slip-medium,0.33599025857775033,planning,true,true,false,true,false,false,false,2.392531633377075,0.8052414655685425,0,controlled_stop,true,5.003299999999999,56a64c25-3db2-4b51-b282-e83602c06b50,RP_wait,controlled_stop,true,true,false,false
validation,val_01,val_01_r0,41000004,dynamic_blockage,medium,val_01-val_01_r0-41000004-dynamic_blockage-medium,0.2650947654842537,planning,true,true,false,true,false,false,false,2.542229652404785,0.8275272250175476,0,backup,true,60.3769,a5fce3b2-748a-4d96-a1a9-fa4345dbd519,RP_backup,backup,false,false,false,false
validation,val_01,val_01_r0,41000004,dynamic_blockage,medium,val_01-val_01_r0-41000004-dynamic_blockage-medium,0.24390417668935363,planning,true,true,false,true,false,false,false,2.4165236949920654,0.8164610862731934,0,replan_clear_costmaps,true,61.6949,83820551-b2da-496d-9aae-4f55a530d6cd,RP_replan_clear_costmaps,replan_clear_costmaps,false,false,false,false
validation,val_01,val_01_r0,41000004,dynamic_blockage,medium,val_01-val_01_r0-41000004-dynamic_blockage-medium,0.23575041278462588,planning,true,true,false,true,false,false,false,2.440800905227661,0.7776093482971191,0,spin_active_rescan,true,60.4398,9177a13a-18cb-4a90-a19d-6058b37fe904,RP_spin_active_rescan,spin_active_rescan,false,false,false,false
validation,val_01,val_01_r0,41000004,dynamic_blockage,medium,val_01-val_01_r0-41000004-dynamic_blockage-medium,0.26134102239777807,planning,true,true,false,true,false,false,false,2.384368658065796,0.8503903746604919,0,wait,false,61.068,3d4ab78b-fa45-46e1-844d-5cfc86c9fc13,RP_wait,controlled_stop,true,false,false,false
validation,val_01,val_01_r0,41000004,dynamic_blockage,medium,val_01-val_01_r0-41000004-dynamic_blockage-medium,0.26134102239777807,planning,true,true,false,true,false,false,false,2.384368658065796,0.8503903746604919,0,controlled_stop,true,61.068,3d4ab78b-fa45-46e1-844d-5cfc86c9fc13,RP_wait,controlled_stop,true,false,false,false
validation,val_01,val_01_r0,41000005,planner_oscillation,medium,val_01-val_01_r0-41000005-planner_oscillation-medium,0.23990230247083094,planning,true,true,true,true,false,false,false,0.829927921295166,0.829927921295166,0,relocalise,false,20.0,9e983278-1c02-4768-b50b-959ffd593d41,RP_relocalise,controlled_stop,true,true,false,false
validation,val_01,val_01_r0,41000005,planner_oscillation,medium,val_01-val_01_r0-41000005-planner_oscillation-medium,0.23990230247083094,planning,true,true,true,true,false,false,false,0.829927921295166,0.829927921295166,0,controlled_stop,true,20.0,9e983278-1c02-4768-b50b-959ffd593d41,RP_relocalise,controlled_stop,true,true,false,false
validation,val_01,val_01_r0,41000005,planner_oscillation,medium,val_01-val_01_r0-41000005-planner_oscillation-medium,0.2658062307364334,planning,true,true,true,true,false,false,false,0.9237232208251953,0.9237232208251953,0,spin_active_rescan,true,9.928700000000003,74b506ba-e018-415e-b5fd-9c17fd845d8a,RP_spin_active_rescan,spin_active_rescan,false,true,false,false
validation,val_01,val_01_r1,41100000,camera_occlusion,medium,val_01-val_01_r1-41100000-camera_occlusion-medium,0.2369935469049906,localisation,true,true,true,false,false,false,false,1.9895150661468506,0.8188821077346802,0,backup,true,7.371800000000001,549c8813-0f10-4b0c-9414-ad5e39f29a30,RP_backup,backup,false,true,false,false
validation,val_01,val_01_r1,41100001,lidar_dropout,medium,val_01-val_01_r1-41100001-lidar_dropout-medium,0.42143817951674206,frontal_blockage,true,true,false,true,false,false,false,,0.8193410038948059,0,backup,false,5.0627,5e596164-23e9-4a6f-8b8a-26757533110a,RP_backup,controlled_stop,true,true,false,false
validation,val_01,val_01_r1,41100001,lidar_dropout,medium,val_01-val_01_r1-41100001-lidar_dropout-medium,0.42143817951674206,frontal_blockage,true,true,false,true,false,false,false,,0.8193410038948059,0,controlled_stop,true,5.0627,5e596164-23e9-4a6f-8b8a-26757533110a,RP_backup,controlled_stop,true,true,false,false
validation,val_01,val_01_r1,41100001,lidar_dropout,medium,val_01-val_01_r1-41100001-lidar_dropout-medium,0.6101330524004847,frontal_blockage,true,true,false,true,false,false,false,,0.8376918435096741,0,controlled_stop,true,5.446100000000003,896526e4-5661-4442-a270-622d2de92449,RP_controlled_stop,controlled_stop,false,true,false,false
validation,val_01,val_01_r1,41100001,lidar_dropout,medium,val_01-val_01_r1-41100001-lidar_dropout-medium,0.48978528452551245,frontal_blockage,true,true,false,true,false,false,false,,0.8841757774353027,0,relocalise,false,5.499100000000001,98edb1f5-48e5-41c9-980d-380f7ff8cea2,RP_relocalise,controlled_stop,true,true,false,false
validation,val_01,val_01_r1,41100001,lidar_dropout,medium,val_01-val_01_r1-41100001-lidar_dropout-medium,0.48978528452551245,frontal_blockage,true,true,false,true,false,false,false,,0.8841757774353027,0,controlled_stop,true,5.499100000000001,98edb1f5-48e5-41c9-980d-380f7ff8cea2,RP_relocalise,controlled_stop,true,true,false,false
validation,val_01,val_01_r1,41100001,lidar_dropout,medium,val_01-val_01_r1-41100001-lidar_dropout-medium,0.535409052421101,frontal_blockage,true,true,false,true,false,false,false,,0.8191570043563843,0,replan_clear_costmaps,true,5.152600000000001,dcfcce2f-65ef-440d-8e1d-7e2b6e405da4,RP_replan_clear_costmaps,replan_clear_costmaps,false,true,false,false
validation,val_01,val_01_r1,41100001,lidar_dropout,medium,val_01-val_01_r1-41100001-lidar_dropout-medium,0.4995112588057098,frontal_blockage,true,true,false,true,false,false,false,,0.8367782235145569,0,wait,false,6.7364000000000015,8cf68aee-005a-4a9d-9552-a06314adc76f,RP_wait,controlled_stop,true,true,false,false
validation,val_01,val_01_r1,41100001,lidar_dropout,medium,val_01-val_01_r1-41100001-lidar_dropout-medium,0.4995112588057098,frontal_blockage,true,true,false,true,false,false,false,,0.8367782235145569,0,controlled_stop,true,6.7364000000000015,8cf68aee-005a-4a9d-9552-a06314adc76f,RP_wait,controlled_stop,true,true,false,false
validation,val_01,val_01_r1,41100002,wheel_slip,medium,val_01-val_01_r1-41100002-wheel_slip-medium,0.3433630452339699,planning,true,true,false,true,false,false,false,1.732038974761963,0.7920259237289429,0,backup,true,9.4177,db173b21-8693-402c-a164-6f12744a4701,RP_backup,backup,false,true,false,false
validation,val_01,val_01_r1,41100002,wheel_slip,medium,val_01-val_01_r1-41100002-wheel_slip-medium,0.3119314295971103,planning,true,true,false,true,false,false,false,2.0044054985046387,0.8259011507034302,0,controlled_stop,true,6.063799999999999,8ff33768-8fc0-4fbd-a1be-8080a3bef61f,RP_controlled_stop,controlled_stop,false,true,false,false
validation,val_01,val_01_r1,41100002,wheel_slip,medium,val_01-val_01_r1-41100002-wheel_slip-medium,0.3287339546640937,planning,true,true,false,true,false,false,false,1.8935270309448242,0.7976407408714294,0,relocalise,false,6.059999999999999,5e67b51a-79a0-4acf-8abd-ab28547e6ea8,RP_relocalise,controlled_stop,true,true,false,false
validation,val_01,val_01_r1,41100002,wheel_slip,medium,val_01-val_01_r1-41100002-wheel_slip-medium,0.3287339546640937,planning,true,true,false,true,false,false,false,1.8935270309448242,0.7976407408714294,0,controlled_stop,true,6.059999999999999,5e67b51a-79a0-4acf-8abd-ab28547e6ea8,RP_relocalise,controlled_stop,true,true,false,false
validation,val_01,val_01_r1,41100002,wheel_slip,medium,val_01-val_01_r1-41100002-wheel_slip-medium,0.25486406950002605,planning,true,true,false,true,false,false,false,2.085268259048462,0.8444142937660217,0,replan_clear_costmaps,true,6.467499999999998,181fa5cc-1bae-43fc-a156-291dc9a51198,RP_replan_clear_costmaps,replan_clear_costmaps,false,true,false,false
validation,val_01,val_01_r1,41100002,wheel_slip,medium,val_01-val_01_r1-41100002-wheel_slip-medium,0.2920382619863798,localisation,true,true,true,true,false,false,false,3.6636533737182617,0.7640377283096313,0,spin_active_rescan,true,9.9857,21ce6a10-7c2d-4825-a665-4d7ed54284e6,RP_spin_active_rescan,spin_active_rescan,false,true,false,false
validation,val_01,val_01_r1,41100002,wheel_slip,medium,val_01-val_01_r1-41100002-wheel_slip-medium,0.2904963495401137,planning,true,true,false,true,false,false,false,1.7799315452575684,0.7755166888237,0,wait,false,5.372499999999999,579b52c5-0cfc-4516-af5f-b0234b9e01a9,RP_wait,controlled_stop,true,true,false,false
validation,val_01,val_01_r1,41100002,wheel_slip,medium,val_01-val_01_r1-41100002-wheel_slip-medium,0.2904963495401137,planning,true,true,false,true,false,false,false,1.7799315452575684,0.7755166888237,0,controlled_stop,true,5.372499999999999,579b52c5-0cfc-4516-af5f-b0234b9e01a9,RP_wait,controlled_stop,true,true,false,false
validation,val_01,val_01_r1,41100003,localisation_perturbation,medium,val_01-val_01_r1-41100003-localisation_perturbation-medium,0.37320625709475796,frontal_blockage,true,true,false,true,false,false,false,0.8054860234260559,0.8054860234260559,0,backup,true,21.2649,ef07719e-1dac-4615-9cc8-0d30f3d158f0,RP_backup,backup,false,true,false,false
validation,val_01,val_01_r1,41100004,dynamic_blockage,medium,val_01-val_01_r1-41100004-dynamic_blockage-medium,0.32514273982105657,planning,true,true,true,true,false,false,false,2.904343843460083,0.8513496518135071,0,controlled_stop,true,60.0,10c26150-e39e-412d-bde3-abf6e9e8ff5e,RP_controlled_stop,controlled_stop,false,false,false,false
validation,val_01,val_01_r1,41100004,dynamic_blockage,medium,val_01-val_01_r1-41100004-dynamic_blockage-medium,0.3403251101379507,planning,true,true,true,true,false,false,false,3.0545811653137207,0.8452273607254028,0,spin_active_rescan,true,48.2045,b6caa436-f976-4d05-903d-37fb034ad9d7,RP_spin_active_rescan,spin_active_rescan,false,false,false,false
validation,val_01,val_01_r2,41200001,lidar_dropout,medium,val_01-val_01_r2-41200001-lidar_dropout-medium,0.7061737482500484,frontal_blockage,true,true,false,true,false,false,false,2.5561137199401855,0.7911583781242371,0,backup,true,14.7711,771b2d4b-f916-4eff-9f30-964dbd99e295,RP_backup,backup,false,true,false,false
validation,val_01,val_01_r2,41200001,lidar_dropout,medium,val_01-val_01_r2-41200001-lidar_dropout-medium,0.7134001502228314,frontal_blockage,true,true,false,true,false,false,false,2.574469804763794,0.8135094046592712,0,controlled_stop,true,6.259699999999997,776eda49-2a6d-4abf-b53f-49424627f2c0,RP_controlled_stop,controlled_stop,false,true,false,false
validation,val_01,val_01_r2,41200001,lidar_dropout,medium,val_01-val_01_r2-41200001-lidar_dropout-medium,0.7518705908340603,frontal_blockage,true,true,false,true,false,false,false,2.6255695819854736,0.7819942831993103,0,relocalise,false,6.107899999999997,b0f3e7db-cca6-48c7-8eec-11d7bc25ccc1,RP_relocalise,controlled_stop,true,true,false,false
validation,val_01,val_01_r2,41200001,lidar_dropout,medium,val_01-val_01_r2-41200001-lidar_dropout-medium,0.7518705908340603,frontal_blockage,true,true,false,true,false,false,false,2.6255695819854736,0.7819942831993103,0,controlled_stop,true,6.107899999999997,b0f3e7db-cca6-48c7-8eec-11d7bc25ccc1,RP_relocalise,controlled_stop,true,true,false,false
validation,val_01,val_01_r2,41200001,lidar_dropout,medium,val_01-val_01_r2-41200001-lidar_dropout-medium,0.7678773851375744,frontal_blockage,true,true,false,true,false,false,false,2.628631830215454,0.7667176723480225,0,replan_clear_costmaps,true,6.960799999999994,8211b869-ee2f-4875-bea2-cbc8cd3b80d5,RP_replan_clear_costmaps,replan_clear_costmaps,false,true,false,false
validation,val_01,val_01_r2,41200001,lidar_dropout,medium,val_01-val_01_r2-41200001-lidar_dropout-medium,0.6893955514780727,frontal_blockage,true,true,false,true,false,false,false,2.5365021228790283,0.7971917390823364,0,spin_active_rescan,true,20.3671,d6feac4a-f12c-400f-95e6-a5f87ade0546,RP_spin_active_rescan,spin_active_rescan,false,true,false,false
validation,val_01,val_01_r2,41200001,lidar_dropout,medium,val_01-val_01_r2-41200001-lidar_dropout-medium,0.7972703671931559,frontal_blockage,true,true,false,true,false,false,false,2.5571722984313965,0.8086546063423157,0,wait,false,11.591399999999993,2c8543d6-2855-40a6-87d1-96affa6b8802,RP_wait,controlled_stop,true,true,false,false
validation,val_01,val_01_r2,41200001,lidar_dropout,medium,val_01-val_01_r2-41200001-lidar_dropout-medium,0.7972703671931559,frontal_blockage,true,true,false,true,false,false,false,2.5571722984313965,0.8086546063423157,0,controlled_stop,true,11.591399999999993,2c8543d6-2855-40a6-87d1-96affa6b8802,RP_wait,controlled_stop,true,true,false,false
validation,val_01,val_01_r2,41200003,localisation_perturbation,medium,val_01-val_01_r2-41200003-localisation_perturbation-medium,0.28246719727741176,planning,true,true,true,true,false,false,false,1.9078962802886963,0.7041364312171936,0,controlled_stop,true,22.8624,793783d2-f35a-4670-8070-bb0ba497d584,RP_controlled_stop,controlled_stop,false,true,false,false
validation,val_01,val_01_r2,41200003,localisation_perturbation,medium,val_01-val_01_r2-41200003-localisation_perturbation-medium,0.3055475168025955,unknown,true,true,true,true,false,false,false,1.5476505756378174,0.7150868773460388,0,relocalise,false,21.8611,4bfb0152-4094-4798-b5cb-b6b96e765b17,RP_relocalise,controlled_stop,true,true,false,false
validation,val_01,val_01_r2,41200003,localisation_perturbation,medium,val_01-val_01_r2-41200003-localisation_perturbation-medium,0.3055475168025955,unknown,true,true,true,true,false,false,false,1.5476505756378174,0.7150868773460388,0,controlled_stop,true,21.8611,4bfb0152-4094-4798-b5cb-b6b96e765b17,RP_relocalise,controlled_stop,true,true,false,false
validation,val_01,val_01_r3,41300001,lidar_dropout,medium,val_01-val_01_r3-41300001-lidar_dropout-medium,0.23690647627859013,unknown,true,true,true,true,false,false,false,0.8109192252159119,0.8109192252159119,0,backup,true,40.44,9dcfb2ba-d5a8-48d7-bd31-47ce59782f54,RP_backup,backup,false,false,false,false
validation,val_01,val_01_r3,41300001,lidar_dropout,medium,val_01-val_01_r3-41300001-lidar_dropout-medium,0.25086033571797334,planning,true,true,true,true,false,false,false,0.8504011034965515,0.7973521947860718,0,controlled_stop,true,40.0,6867e0ee-c76e-46b4-9729-5042c246c3c5,RP_controlled_stop,controlled_stop,false,false,false,false
validation,val_01,val_01_r3,41300001,lidar_dropout,medium,val_01-val_01_r3-41300001-lidar_dropout-medium,0.2447604141133086,planning,true,true,false,true,false,false,false,0.861997663974762,0.7708838582038879,0,relocalise,false,40.0,6457ac12-9caa-4560-a755-61f0a27a5f5d,RP_relocalise,controlled_stop,true,false,false,false
validation,val_01,val_01_r3,41300001,lidar_dropout,medium,val_01-val_01_r3-41300001-lidar_dropout-medium,0.2447604141133086,planning,true,true,false,true,false,false,false,0.861997663974762,0.7708838582038879,0,controlled_stop,true,40.0,6457ac12-9caa-4560-a755-61f0a27a5f5d,RP_relocalise,controlled_stop,true,false,false,false
validation,val_01,val_01_r3,41300001,lidar_dropout,medium,val_01-val_01_r3-41300001-lidar_dropout-medium,0.24089516003528183,localisation,true,true,true,true,false,false,false,0.8743144273757935,0.7725070714950562,0,replan_clear_costmaps,true,40.0,bcb34e2e-1be4-43f9-88b3-0841a69dcc91,RP_replan_clear_costmaps,replan_clear_costmaps,false,false,false,false
validation,val_01,val_01_r3,41300001,lidar_dropout,medium,val_01-val_01_r3-41300001-lidar_dropout-medium,0.23657734973715877,localisation,true,true,true,true,false,false,false,1.0523332357406616,0.8099884390830994,0,wait,false,46.08500000000001,80d9346a-d429-4ce7-85e6-07468da4a8fc,RP_wait,controlled_stop,true,false,false,false
validation,val_01,val_01_r3,41300001,lidar_dropout,medium,val_01-val_01_r3-41300001-lidar_dropout-medium,0.23657734973715877,localisation,true,true,true,true,false,false,false,1.0523332357406616,0.8099884390830994,0,controlled_stop,true,46.08500000000001,80d9346a-d429-4ce7-85e6-07468da4a8fc,RP_wait,controlled_stop,true,false,false,false
validation,val_01,val_01_r3,41300002,wheel_slip,medium,val_01-val_01_r3-41300002-wheel_slip-medium,0.24856936827144324,planning,true,true,true,true,false,false,false,0.8209478259086609,0.8209478259086609,0,backup,true,64.66669999999999,d28d6ee6-0dbf-4fe3-b24e-508d227a2209,RP_backup,backup,false,false,false,false
validation,val_01,val_01_r3,41300002,wheel_slip,medium,val_01-val_01_r3-41300002-wheel_slip-medium,0.2442046317575324,planning,true,true,true,true,false,false,false,0.9073389172554016,0.7486385107040405,0,controlled_stop,true,50.6212,6ca762c4-9ef5-4a79-a2e6-7d8b1e8b7236,RP_controlled_stop,controlled_stop,false,false,false,false
validation,val_01,val_01_r3,41300002,wheel_slip,medium,val_01-val_01_r3-41300002-wheel_slip-medium,0.25209004075085534,unknown,true,true,true,true,false,false,false,0.8812521696090698,0.768254816532135,0,replan_clear_costmaps,true,48.0076,647bf48f-3112-46fc-9be7-6d671a93d1b2,RP_replan_clear_costmaps,replan_clear_costmaps,false,false,false,false
validation,val_01,val_01_r3,41300002,wheel_slip,medium,val_01-val_01_r3-41300002-wheel_slip-medium,0.2704506292130136,planning,true,true,true,true,false,false,false,0.873528003692627,0.7705324292182922,0,wait,false,43.9952,838f4548-a375-4d8c-a94e-413411e90aad,RP_wait,controlled_stop,true,false,false,false
validation,val_01,val_01_r3,41300002,wheel_slip,medium,val_01-val_01_r3-41300002-wheel_slip-medium,0.2704506292130136,planning,true,true,true,true,false,false,false,0.873528003692627,0.7705324292182922,0,controlled_stop,true,43.9952,838f4548-a375-4d8c-a94e-413411e90aad,RP_wait,controlled_stop,true,false,false,false
validation,val_01,val_01_r3,41300003,localisation_perturbation,medium,val_01-val_01_r3-41300003-localisation_perturbation-medium,0.23606124760299693,unknown,true,true,false,true,false,false,false,0.8493606448173523,0.7970702052116394,0,backup,true,42.662800000000004,1798ce21-dfdf-45ad-9d7f-9c9fcadf0e64,RP_backup,backup,false,false,false,false
validation,val_01,val_01_r3,41300003,localisation_perturbation,medium,val_01-val_01_r3-41300003-localisation_perturbation-medium,0.25024192160198117,unknown,true,true,true,true,false,false,false,0.8715913891792297,0.7784020900726318,0,controlled_stop,true,41.6366,6ad05854-ebdb-4b86-8fdb-6069865587c5,RP_controlled_stop,controlled_stop,false,false,false,false
validation,val_01,val_01_r3,41300003,localisation_perturbation,medium,val_01-val_01_r3-41300003-localisation_perturbation-medium,0.2455008150239902,localisation,true,true,true,true,false,false,false,0.886218786239624,0.7444754838943481,0,relocalise,false,42.997000000000014,d45a199d-4ad1-48e1-995d-11f8640ccd2e,RP_relocalise,controlled_stop,true,false,false,false
validation,val_01,val_01_r3,41300003,localisation_perturbation,medium,val_01-val_01_r3-41300003-localisation_perturbation-medium,0.2455008150239902,localisation,true,true,true,true,false,false,false,0.886218786239624,0.7444754838943481,0,controlled_stop,true,42.997000000000014,d45a199d-4ad1-48e1-995d-11f8640ccd2e,RP_relocalise,controlled_stop,true,false,false,false
validation,val_01,val_01_r3,41300003,localisation_perturbation,medium,val_01-val_01_r3-41300003-localisation_perturbation-medium,0.24558917905588964,planning,true,true,false,true,false,false,false,0.8925262689590454,0.7583461999893188,0,wait,false,40.0622,a80e50d9-c667-402a-bf20-a60f89dc1247,RP_wait,controlled_stop,true,false,false,false
validation,val_01,val_01_r3,41300003,localisation_perturbation,medium,val_01-val_01_r3-41300003-localisation_perturbation-medium,0.24558917905588964,planning,true,true,false,true,false,false,false,0.8925262689590454,0.7583461999893188,0,controlled_stop,true,40.0622,a80e50d9-c667-402a-bf20-a60f89dc1247,RP_wait,controlled_stop,true,false,false,false
validation,val_01,val_01_r3,41300005,planner_oscillation,medium,val_01-val_01_r3-41300005-planner_oscillation-medium,0.3937208650647331,planning,true,true,true,true,false,false,false,1.7031418085098267,0.8464040756225586,0,controlled_stop,true,40.0,dfbac938-69cf-4300-b91b-c39cf38c78c4,RP_controlled_stop,controlled_stop,false,false,false,false
validation,val_01,val_01_r3,41300005,planner_oscillation,medium,val_01-val_01_r3-41300005-planner_oscillation-medium,0.256452859944769,planning,true,true,true,true,false,false,false,1.181526780128479,0.782910943031311,0,relocalise,false,40.0,26925cf7-db35-4a85-a2d9-564ea9cd5dff,RP_relocalise,controlled_stop,true,false,false,false
validation,val_01,val_01_r3,41300005,planner_oscillation,medium,val_01-val_01_r3-41300005-planner_oscillation-medium,0.256452859944769,planning,true,true,true,true,false,false,false,1.181526780128479,0.782910943031311,0,controlled_stop,true,40.0,26925cf7-db35-4a85-a2d9-564ea9cd5dff,RP_relocalise,controlled_stop,true,false,false,false
validation,val_01,val_01_r3,41300005,planner_oscillation,medium,val_01-val_01_r3-41300005-planner_oscillation-medium,0.26612640094190537,planning,true,true,false,true,false,false,false,1.314361333847046,0.8287114500999451,0,replan_clear_costmaps,true,40.0,1f4ada94-1dfb-42f4-b05e-15cf364d70f2,RP_replan_clear_costmaps,replan_clear_costmaps,false,false,false,false
validation,val_01,val_01_r3,41300005,planner_oscillation,medium,val_01-val_01_r3-41300005-planner_oscillation-medium,0.2817604298391607,planning,true,true,true,true,false,false,false,1.1326065063476562,0.8161954879760742,0,spin_active_rescan,true,42.897999999999996,506ff541-0d10-46d6-b40a-5ca58470c68c,RP_spin_active_rescan,spin_active_rescan,false,false,false,false
validation,val_01,val_01_r4,41400000,camera_occlusion,medium,val_01-val_01_r4-41400000-camera_occlusion-medium,0.24741589841392353,localisation,true,true,true,true,false,false,false,2.053734540939331,0.8708869218826294,0,relocalise,false,5.0,1973834f-5177-4ccd-8ee2-e8f1655168af,RP_relocalise,controlled_stop,true,true,false,false
validation,val_01,val_01_r4,41400000,camera_occlusion,medium,val_01-val_01_r4-41400000-camera_occlusion-medium,0.24741589841392353,localisation,true,true,true,true,false,false,false,2.053734540939331,0.8708869218826294,0,controlled_stop,true,5.0,1973834f-5177-4ccd-8ee2-e8f1655168af,RP_relocalise,controlled_stop,true,true,false,false
validation,val_01,val_01_r4,41400000,camera_occlusion,medium,val_01-val_01_r4-41400000-camera_occlusion-medium,0.254438086860785,perception,true,true,true,true,false,false,false,2.0746970176696777,0.8467124700546265,0,spin_active_rescan,true,5.0,7291ef3d-b358-4e75-9a3f-00f66d6b6cb1,RP_spin_active_rescan,spin_active_rescan,false,true,false,false
validation,val_01,val_01_r4,41400001,lidar_dropout,medium,val_01-val_01_r4-41400001-lidar_dropout-medium,0.2432838972457187,frontal_blockage,true,true,false,false,false,false,false,2.9084067344665527,0.7561433911323547,0,controlled_stop,true,11.011900000000004,f2e5e8e9-5e30-49f8-9f96-2912f1484686,RP_controlled_stop,controlled_stop,false,true,false,false
validation,val_01,val_01_r4,41400001,lidar_dropout,medium,val_01-val_01_r4-41400001-lidar_dropout-medium,0.3146748336878266,frontal_blockage,true,true,false,true,false,false,false,2.8663506507873535,0.7690420746803284,0,wait,false,5.0,9db09132-9748-439d-9038-84d90406d10a,RP_wait,controlled_stop,true,true,false,false
validation,val_01,val_01_r4,41400001,lidar_dropout,medium,val_01-val_01_r4-41400001-lidar_dropout-medium,0.3146748336878266,frontal_blockage,true,true,false,true,false,false,false,2.8663506507873535,0.7690420746803284,0,controlled_stop,true,5.0,9db09132-9748-439d-9038-84d90406d10a,RP_wait,controlled_stop,true,true,false,false
validation,val_01,val_01_r4,41400005,planner_oscillation,medium,val_01-val_01_r4-41400005-planner_oscillation-medium,0.3067289450201743,localisation,true,true,true,true,false,false,false,1.9715006351470947,0.8385963439941406,0,relocalise,false,13.870799999999996,a94150e9-2268-4fe9-9a24-aca76730868d,RP_relocalise,controlled_stop,true,true,false,false
validation,val_01,val_01_r4,41400005,planner_oscillation,medium,val_01-val_01_r4-41400005-planner_oscillation-medium,0.3067289450201743,localisation,true,true,true,true,false,false,false,1.9715006351470947,0.8385963439941406,0,controlled_stop,true,13.870799999999996,a94150e9-2268-4fe9-9a24-aca76730868d,RP_relocalise,controlled_stop,true,true,false,false
validation,val_01,val_01_r4,41400006,semantic_corruption,medium,val_01-val_01_r4-41400006-semantic_corruption-medium,0.25862345795625763,localisation,true,true,true,true,false,false,false,2.0230185985565186,0.8528227210044861,0,backup,true,7.992800000000003,9b407330-2b26-4621-a7e3-0100f9086590,RP_backup,backup,false,true,false,false
validation,val_01,val_01_r4,41400006,semantic_corruption,medium,val_01-val_01_r4-41400006-semantic_corruption-medium,0.24673763766209605,planning,true,true,true,true,false,false,false,1.9268006086349487,0.8136955499649048,0,controlled_stop,true,5.0,29752d75-4a59-4fca-ba20-400fd568e247,RP_controlled_stop,controlled_stop,false,true,false,false
validation,val_01,val_01_r4,41400006,semantic_corruption,medium,val_01-val_01_r4-41400006-semantic_corruption-medium,0.25395049321240587,localisation,true,true,true,true,false,false,false,2.012573719024658,0.8471460342407227,0,replan_clear_costmaps,true,7.7169000000000025,429c56cd-5260-4a0c-82fc-55d6bd973c61,RP_replan_clear_costmaps,replan_clear_costmaps,false,true,false,false
validation,val_01,val_01_r4,41400006,semantic_corruption,medium,val_01-val_01_r4-41400006-semantic_corruption-medium,0.2840973750655933,planning,true,true,false,true,false,false,false,1.9283757209777832,0.8398774862289429,0,spin_active_rescan,true,20.3506,d7019d7c-74aa-4da2-95b6-69691c560d87,RP_spin_active_rescan,spin_active_rescan,false,true,false,false
validation,val_01,val_01_r5,41500005,planner_oscillation,medium,val_01-val_01_r5-41500005-planner_oscillation-medium,0.26061142072867366,planning,true,true,false,true,false,false,false,0.8141443729400635,0.6306585669517517,0,backup,true,16.752199999999995,2218424c-23e0-48e0-9dd2-2eeb62688b42,RP_backup,backup,false,true,false,false
validation,val_01,val_01_r5,41500005,planner_oscillation,medium,val_01-val_01_r5-41500005-planner_oscillation-medium,0.24503388587021638,localisation,true,true,true,true,false,false,false,0.8653305172920227,0.6569691896438599,0,spin_active_rescan,true,20.3812,3d59edeb-2491-47bd-bd09-4629273f80c3,RP_spin_active_rescan,spin_active_rescan,false,true,false,false
validation,val_02,val_02_r0,42000001,lidar_dropout,medium,val_02-val_02_r0-42000001-lidar_dropout-medium,0.4668327211126729,frontal_blockage,true,true,false,true,false,false,false,,0.6536403894424438,0,backup,false,22.5136,0a5cbc45-218e-4236-ae2c-3093f4a8b7d2,RP_backup,controlled_stop,true,true,false,false
validation,val_02,val_02_r0,42000001,lidar_dropout,medium,val_02-val_02_r0-42000001-lidar_dropout-medium,0.4668327211126729,frontal_blockage,true,true,false,true,false,false,false,,0.6536403894424438,0,controlled_stop,true,22.5136,0a5cbc45-218e-4236-ae2c-3093f4a8b7d2,RP_backup,controlled_stop,true,true,false,false
validation,val_02,val_02_r0,42000001,lidar_dropout,medium,val_02-val_02_r0-42000001-lidar_dropout-medium,0.4061242431013671,frontal_blockage,true,true,false,true,false,false,false,,0.6243904232978821,0,relocalise,false,5.2833999999999985,fe889618-ab58-4c35-a460-6a62d0cc8f92,RP_relocalise,controlled_stop,true,true,false,false
validation,val_02,val_02_r0,42000001,lidar_dropout,medium,val_02-val_02_r0-42000001-lidar_dropout-medium,0.4061242431013671,frontal_blockage,true,true,false,true,false,false,false,,0.6243904232978821,0,controlled_stop,true,5.2833999999999985,fe889618-ab58-4c35-a460-6a62d0cc8f92,RP_relocalise,controlled_stop,true,true,false,false
validation,val_02,val_02_r0,42000001,lidar_dropout,medium,val_02-val_02_r0-42000001-lidar_dropout-medium,0.3744508559177184,frontal_blockage,true,true,true,true,false,false,false,,0.6686886548995972,0,replan_clear_costmaps,true,5.0682,532621df-9a49-4ae0-8b3b-34e1abe0943c,RP_replan_clear_costmaps,replan_clear_costmaps,false,true,false,false
validation,val_02,val_02_r0,42000001,lidar_dropout,medium,val_02-val_02_r0-42000001-lidar_dropout-medium,0.3847999492122223,frontal_blockage,true,true,false,false,false,false,false,,0.6721320152282715,0,spin_active_rescan,true,10.526300000000003,a110f817-c331-413c-886b-af8087f9312c,RP_spin_active_rescan,spin_active_rescan,false,true,false,false
validation,val_02,val_02_r0,42000001,lidar_dropout,medium,val_02-val_02_r0-42000001-lidar_dropout-medium,0.44090031078794967,frontal_blockage,true,true,false,false,false,false,false,,0.6533691883087158,0,wait,false,9.435300000000002,d7267f68-35ca-44a1-9361-6c31bf02c5c4,RP_wait,controlled_stop,true,true,false,false
validation,val_02,val_02_r0,42000001,lidar_dropout,medium,val_02-val_02_r0-42000001-lidar_dropout-medium,0.44090031078794967,frontal_blockage,true,true,false,false,false,false,false,,0.6533691883087158,0,controlled_stop,true,9.435300000000002,d7267f68-35ca-44a1-9361-6c31bf02c5c4,RP_wait,controlled_stop,true,true,false,false
validation,val_02,val_02_r0,42000004,dynamic_blockage,medium,val_02-val_02_r0-42000004-dynamic_blockage-medium,0.28240809089216523,planning,true,true,true,true,false,false,false,1.9447822570800781,0.7601302862167358,0,backup,true,6.2778,263a2c4a-f99e-41a8-b17d-a44411e5c10f,RP_backup,backup,false,true,false,false
validation,val_02,val_02_r0,42000004,dynamic_blockage,medium,val_02-val_02_r0-42000004-dynamic_blockage-medium,0.2597001947021444,localisation,true,true,true,true,false,false,false,1.4848837852478027,0.8198098540306091,0,controlled_stop,true,5.051,ecbc9b0b-4b4f-49a3-9d28-94bcf4bcb654,RP_controlled_stop,controlled_stop,false,true,false,false
validation,val_02,val_02_r0,42000004,dynamic_blockage,medium,val_02-val_02_r0-42000004-dynamic_blockage-medium,0.27979751101094075,planning,true,true,true,true,false,false,false,1.9019254446029663,0.7731781601905823,0,replan_clear_costmaps,true,43.73029999999999,ad5ee093-452b-4748-943c-c79baf33a46c,RP_replan_clear_costmaps,replan_clear_costmaps,false,false,false,false
validation,val_02,val_02_r0,42000004,dynamic_blockage,medium,val_02-val_02_r0-42000004-dynamic_blockage-medium,0.28399631618409626,planning,true,true,true,true,false,false,false,1.9115643501281738,0.769447386264801,0,spin_active_rescan,true,41.6777,1cca5a89-7093-4870-84a7-7cd187a9b40b,RP_spin_active_rescan,spin_active_rescan,false,false,false,false
validation,val_02,val_02_r0,42000005,planner_oscillation,medium,val_02-val_02_r0-42000005-planner_oscillation-medium,0.31321131130866514,unknown,true,true,true,true,false,false,false,1.4178189039230347,0.47274458408355713,0,backup,true,56.5796,de318039-1364-41d8-a17a-70147cdff868,RP_backup,backup,false,false,false,false
validation,val_02,val_02_r0,42000005,planner_oscillation,medium,val_02-val_02_r0-42000005-planner_oscillation-medium,0.2581937525200622,planning,true,true,false,true,false,false,false,0.2973177134990692,0.2973177134990692,0,controlled_stop,true,52.9835,f8abced0-6367-4052-b75c-3b56482fedbb,RP_controlled_stop,controlled_stop,false,false,false,false
validation,val_02,val_02_r0,42000005,planner_oscillation,medium,val_02-val_02_r0-42000005-planner_oscillation-medium,0.3413720448705711,unknown,true,true,false,true,false,false,false,0.3667163550853729,0.3428937792778015,0,relocalise,false,47.89,24fb0aaf-8a9c-4134-9c8b-ae248acf3fcb,RP_relocalise,controlled_stop,true,false,false,false
validation,val_02,val_02_r0,42000005,planner_oscillation,medium,val_02-val_02_r0-42000005-planner_oscillation-medium,0.3413720448705711,unknown,true,true,false,true,false,false,false,0.3667163550853729,0.3428937792778015,0,controlled_stop,true,47.89,24fb0aaf-8a9c-4134-9c8b-ae248acf3fcb,RP_relocalise,controlled_stop,true,false,false,false
validation,val_02,val_02_r0,42000005,planner_oscillation,medium,val_02-val_02_r0-42000005-planner_oscillation-medium,0.41210519011044655,unknown,true,true,true,true,false,false,false,0.4537503123283386,0.33168143033981323,0,replan_clear_costmaps,true,51.2515,35a5cb3c-229a-48c0-bc42-18a888bbbe3f,RP_replan_clear_costmaps,replan_clear_costmaps,false,false,false,false
validation,val_02,val_02_r0,42000005,planner_oscillation,medium,val_02-val_02_r0-42000005-planner_oscillation-medium,0.2452029070624842,planning,true,true,false,true,false,false,false,0.31333503127098083,0.31333503127098083,0,spin_active_rescan,false,49.58,e5b0a501-c48a-40dc-8b51-5e34b22558d3,RP_spin_active_rescan,controlled_stop,true,false,false,false
validation,val_02,val_02_r0,42000005,planner_oscillation,medium,val_02-val_02_r0-42000005-planner_oscillation-medium,0.2452029070624842,planning,true,true,false,true,false,false,false,0.31333503127098083,0.31333503127098083,0,controlled_stop,true,49.58,e5b0a501-c48a-40dc-8b51-5e34b22558d3,RP_spin_active_rescan,controlled_stop,true,false,false,false
validation,val_02,val_02_r1,42100001,lidar_dropout,medium,val_02-val_02_r1-42100001-lidar_dropout-medium,0.48747412349552305,frontal_blockage,true,true,false,true,false,false,false,0.6669620275497437,0.6669620275497437,0,backup,true,5.9295,c3e0124d-d179-4e4e-8e35-a272ce8a15d3,RP_backup,backup,false,true,false,false
validation,val_02,val_02_r1,42100001,lidar_dropout,medium,val_02-val_02_r1-42100001-lidar_dropout-medium,0.4312406531005821,frontal_blockage,true,true,false,true,false,false,false,0.6467861533164978,0.6467861533164978,0,controlled_stop,true,5.0,6e170f0d-289e-435a-b4e0-4219be50f378,RP_controlled_stop,controlled_stop,false,true,false,false
validation,val_02,val_02_r1,42100001,lidar_dropout,medium,val_02-val_02_r1-42100001-lidar_dropout-medium,0.5048731169108859,frontal_blockage,true,true,false,true,false,false,false,0.6561760306358337,0.6561760306358337,0,relocalise,false,5.0,c12e83c9-334e-4c35-a5c3-5d08bccc0ea1,RP_relocalise,controlled_stop,true,true,false,false
validation,val_02,val_02_r1,42100001,lidar_dropout,medium,val_02-val_02_r1-42100001-lidar_dropout-medium,0.5048731169108859,frontal_blockage,true,true,false,true,false,false,false,0.6561760306358337,0.6561760306358337,0,controlled_stop,true,5.0,c12e83c9-334e-4c35-a5c3-5d08bccc0ea1,RP_relocalise,controlled_stop,true,true,false,false
validation,val_02,val_02_r1,42100001,lidar_dropout,medium,val_02-val_02_r1-42100001-lidar_dropout-medium,0.5205647356665924,frontal_blockage,true,true,false,true,false,false,false,0.6871448159217834,0.6871448159217834,0,replan_clear_costmaps,true,5.0,99dc802c-93b8-44ab-a2ce-d7f588579917,RP_replan_clear_costmaps,replan_clear_costmaps,false,true,false,false
validation,val_02,val_02_r1,42100001,lidar_dropout,medium,val_02-val_02_r1-42100001-lidar_dropout-medium,0.5288417412982388,frontal_blockage,true,true,false,true,false,false,false,0.6661635637283325,0.6661635637283325,0,spin_active_rescan,true,5.0,58415c5a-d41c-49ad-a033-f4373652d8b0,RP_spin_active_rescan,spin_active_rescan,false,true,false,false
validation,val_02,val_02_r1,42100001,lidar_dropout,medium,val_02-val_02_r1-42100001-lidar_dropout-medium,0.5114475955494424,frontal_blockage,true,true,false,true,false,false,false,0.6407338976860046,0.6407338976860046,0,wait,false,5.0015,4d4cff8f-2972-499e-9d38-94729339f39e,RP_wait,controlled_stop,true,true,false,false
validation,val_02,val_02_r1,42100001,lidar_dropout,medium,val_02-val_02_r1-42100001-lidar_dropout-medium,0.5114475955494424,frontal_blockage,true,true,false,true,false,false,false,0.6407338976860046,0.6407338976860046,0,controlled_stop,true,5.0015,4d4cff8f-2972-499e-9d38-94729339f39e,RP_wait,controlled_stop,true,true,false,false
validation,val_02,val_02_r1,42100003,localisation_perturbation,medium,val_02-val_02_r1-42100003-localisation_perturbation-medium,0.24974666947810176,localisation,true,true,true,true,false,false,false,1.272576928138733,0.8117210268974304,0,relocalise,false,5.464999999999996,61dd6c8b-5d02-4a97-9787-2e304a5bfedf,RP_relocalise,controlled_stop,true,true,false,false
validation,val_02,val_02_r1,42100003,localisation_perturbation,medium,val_02-val_02_r1-42100003-localisation_perturbation-medium,0.24974666947810176,localisation,true,true,true,true,false,false,false,1.272576928138733,0.8117210268974304,0,controlled_stop,true,5.464999999999996,61dd6c8b-5d02-4a97-9787-2e304a5bfedf,RP_relocalise,controlled_stop,true,true,false,false
validation,val_02,val_02_r1,42100003,localisation_perturbation,medium,val_02-val_02_r1-42100003-localisation_perturbation-medium,0.2453313044763891,localisation,true,true,true,true,false,false,false,2.249518871307373,0.7144448161125183,0,spin_active_rescan,true,60.0,67b4060f-268b-4475-b920-c7d1511d4d77,RP_spin_active_rescan,spin_active_rescan,false,false,false,false
validation,val_02,val_02_r1,42100004,dynamic_blockage,medium,val_02-val_02_r1-42100004-dynamic_blockage-medium,0.27856630540330823,planning,true,true,true,true,false,false,false,1.320343017578125,0.7671442627906799,0,controlled_stop,true,23.285,b1a77c1f-e6f3-418b-aa62-cab00c784af9,RP_controlled_stop,controlled_stop,false,true,false,false
validation,val_02,val_02_r1,42100004,dynamic_blockage,medium,val_02-val_02_r1-42100004-dynamic_blockage-medium,0.26788757682787445,planning,true,true,true,true,false,false,false,1.112244725227356,0.764596700668335,0,replan_clear_costmaps,true,20.3913,b100e257-c2bf-41e5-88af-c07b6395a286,RP_replan_clear_costmaps,replan_clear_costmaps,false,true,false,false
validation,val_02,val_02_r1,42100004,dynamic_blockage,medium,val_02-val_02_r1-42100004-dynamic_blockage-medium,0.2818259219237755,planning,true,true,true,true,false,false,false,1.1442393064498901,0.7674456238746643,0,spin_active_rescan,true,20.7866,c3ac9357-176a-4fba-aa6c-aafd2f2898ce,RP_spin_active_rescan,spin_active_rescan,false,true,false,false
validation,val_02,val_02_r1,42100004,dynamic_blockage,medium,val_02-val_02_r1-42100004-dynamic_blockage-medium,0.24764039968809431,planning,true,true,true,true,false,false,false,1.123878002166748,0.7609154582023621,0,wait,false,20.5657,52ce2a4e-81d2-4e3a-aaea-02535e911a93,RP_wait,controlled_stop,true,true,false,false
validation,val_02,val_02_r1,42100004,dynamic_blockage,medium,val_02-val_02_r1-42100004-dynamic_blockage-medium,0.24764039968809431,planning,true,true,true,true,false,false,false,1.123878002166748,0.7609154582023621,0,controlled_stop,true,20.5657,52ce2a4e-81d2-4e3a-aaea-02535e911a93,RP_wait,controlled_stop,true,true,false,false
validation,val_02,val_02_r1,42100005,planner_oscillation,medium,val_02-val_02_r1-42100005-planner_oscillation-medium,0.27029764036512804,planning,true,true,true,true,false,false,false,1.1617414951324463,0.7686111927032471,0,relocalise,false,20.087,3eb8b648-7064-4d0f-9b67-bc7636c1f0a1,RP_relocalise,controlled_stop,true,true,false,false
validation,val_02,val_02_r1,42100005,planner_oscillation,medium,val_02-val_02_r1-42100005-planner_oscillation-medium,0.27029764036512804,planning,true,true,true,true,false,false,false,1.1617414951324463,0.7686111927032471,0,controlled_stop,true,20.087,3eb8b648-7064-4d0f-9b67-bc7636c1f0a1,RP_relocalise,controlled_stop,true,true,false,false
validation,val_02,val_02_r1,42100005,planner_oscillation,medium,val_02-val_02_r1-42100005-planner_oscillation-medium,0.2547697878922102,planning,true,true,true,true,false,false,false,1.2026358842849731,0.7468946576118469,0,replan_clear_costmaps,true,5.1754999999999995,57195dd1-22b6-4646-bbd5-f0cb139926d4,RP_replan_clear_costmaps,replan_clear_costmaps,false,true,false,false
validation,val_02,val_02_r1,42100005,planner_oscillation,medium,val_02-val_02_r1-42100005-planner_oscillation-medium,0.2535373628811205,planning,true,true,true,true,false,false,false,1.1606292724609375,0.7036780714988708,0,spin_active_rescan,true,20.3803,0a89dfe3-c19d-46f5-b806-2dc272c618f2,RP_spin_active_rescan,spin_active_rescan,false,true,false,false
validation,val_02,val_02_r2,42200001,lidar_dropout,medium,val_02-val_02_r2-42200001-lidar_dropout-medium,0.2503700090751369,frontal_blockage,true,true,false,true,false,false,false,0.6570982336997986,0.6570982336997986,0,controlled_stop,true,5.0,1857f438-3ae9-4089-b51f-29ecbe757854,RP_controlled_stop,controlled_stop,false,true,false,false
validation,val_02,val_02_r2,42200001,lidar_dropout,medium,val_02-val_02_r2-42200001-lidar_dropout-medium,0.2432245434661348,frontal_blockage,true,true,false,true,false,false,false,0.6508864164352417,0.6508864164352417,0,spin_active_rescan,true,11.053999999999997,2c5da856-1886-464a-9b0b-735bf0734f34,RP_spin_active_rescan,spin_active_rescan,false,true,false,false
validation,val_02,val_02_r2,42200001,lidar_dropout,medium,val_02-val_02_r2-42200001-lidar_dropout-medium,0.2923914359005709,frontal_blockage,true,true,false,true,false,false,false,0.6689615249633789,0.6689615249633789,0,wait,false,5.0,21ed8dd8-20e1-47a1-898b-53a94765c0dc,RP_wait,controlled_stop,true,true,false,false
validation,val_02,val_02_r2,42200001,lidar_dropout,medium,val_02-val_02_r2-42200001-lidar_dropout-medium,0.2923914359005709,frontal_blockage,true,true,false,true,false,false,false,0.6689615249633789,0.6689615249633789,0,controlled_stop,true,5.0,21ed8dd8-20e1-47a1-898b-53a94765c0dc,RP_wait,controlled_stop,true,true,false,false
validation,val_02,val_02_r2,42200002,wheel_slip,medium,val_02-val_02_r2-42200002-wheel_slip-medium,0.24603313484195402,planning,true,true,true,true,false,false,false,1.4311909675598145,0.9230197668075562,0,backup,true,20.8479,9ed10677-63bb-44d5-a8ff-c15d4dba1332,RP_backup,backup,false,true,false,false
validation,val_02,val_02_r2,42200003,localisation_perturbation,medium,val_02-val_02_r2-42200003-localisation_perturbation-medium,0.34817308145865167,planning,true,true,true,true,false,false,false,1.5658000707626343,1.0100122690200806,0,backup,true,5.2858,ece15b58-2143-4610-839d-838cea20f1df,RP_backup,backup,false,true,false,false
validation,val_02,val_02_r2,42200003,localisation_perturbation,medium,val_02-val_02_r2-42200003-localisation_perturbation-medium,0.30311324686392854,planning,true,true,true,true,false,false,false,1.5654544830322266,1.028499722480774,0,replan_clear_costmaps,true,5.0166,bf373b50-0f9c-48c0-8728-fdc618557917,RP_replan_clear_costmaps,replan_clear_costmaps,false,true,false,false
validation,val_02,val_02_r2,42200003,localisation_perturbation,medium,val_02-val_02_r2-42200003-localisation_perturbation-medium,0.29155109507724064,planning,true,true,true,true,false,false,false,1.5458043813705444,1.0190038681030273,0,wait,false,5.0,761098e1-f4f5-4c7b-806b-a4f3b2b7b90b,RP_wait,controlled_stop,true,true,false,false
validation,val_02,val_02_r2,42200003,localisation_perturbation,medium,val_02-val_02_r2-42200003-localisation_perturbation-medium,0.29155109507724064,planning,true,true,true,true,false,false,false,1.5458043813705444,1.0190038681030273,0,controlled_stop,true,5.0,761098e1-f4f5-4c7b-806b-a4f3b2b7b90b,RP_wait,controlled_stop,true,true,false,false
validation,val_02,val_02_r2,42200005,planner_oscillation,medium,val_02-val_02_r2-42200005-planner_oscillation-medium,0.2949702805917504,planning,true,true,true,true,false,false,false,1.8646458387374878,0.863259494304657,0,backup,true,55.0,47bac2cc-2d23-4e9c-a150-7c7fbcee4094,RP_backup,backup,false,false,false,false
validation,val_02,val_02_r2,42200005,planner_oscillation,medium,val_02-val_02_r2-42200005-planner_oscillation-medium,0.48418886470168054,unknown,true,true,true,true,false,false,false,1.843224287033081,0.8235708475112915,0,controlled_stop,true,55.0,377b24d1-3524-4cc6-8467-bfb235a5b005,RP_controlled_stop,controlled_stop,false,false,false,false
validation,val_02,val_02_r2,42200005,planner_oscillation,medium,val_02-val_02_r2-42200005-planner_oscillation-medium,0.28123445823831894,planning,true,true,true,true,false,false,false,2.344618320465088,0.9433159828186035,0,relocalise,false,55.0,4901a429-007a-4409-8fa0-02402e886ff9,RP_relocalise,controlled_stop,true,false,false,false
validation,val_02,val_02_r2,42200005,planner_oscillation,medium,val_02-val_02_r2-42200005-planner_oscillation-medium,0.28123445823831894,planning,true,true,true,true,false,false,false,2.344618320465088,0.9433159828186035,0,controlled_stop,true,55.0,4901a429-007a-4409-8fa0-02402e886ff9,RP_relocalise,controlled_stop,true,false,false,false
validation,val_02,val_02_r2,42200005,planner_oscillation,medium,val_02-val_02_r2-42200005-planner_oscillation-medium,0.31635515401619596,frontal_blockage,true,true,true,true,false,true,false,1.1968355178833008,0.5708418488502502,0,replan_clear_costmaps,true,55.3224,16ae6f12-f868-444d-88ad-ec6800c31c38,RP_replan_clear_costmaps,replan_clear_costmaps,false,false,false,false
validation,val_02,val_02_r2,42200005,planner_oscillation,medium,val_02-val_02_r2-42200005-planner_oscillation-medium,0.24687097186645396,planning,true,true,true,true,false,false,false,2.0093367099761963,0.44446972012519836,0,spin_active_rescan,true,55.3958,4a3060ce-f45c-4cb9-9c67-5ddf9ce51cd1,RP_spin_active_rescan,spin_active_rescan,false,false,false,false
validation,val_02,val_02_r2,42200005,planner_oscillation,medium,val_02-val_02_r2-42200005-planner_oscillation-medium,0.32041388357421935,unknown,true,true,true,true,false,false,false,1.154127597808838,0.5271485447883606,0,wait,false,55.4806,f4831896-3d4a-4117-933c-e8239f3c62dd,RP_wait,controlled_stop,true,false,false,false
validation,val_02,val_02_r2,42200005,planner_oscillation,medium,val_02-val_02_r2-42200005-planner_oscillation-medium,0.32041388357421935,unknown,true,true,true,true,false,false,false,1.154127597808838,0.5271485447883606,0,controlled_stop,true,55.4806,f4831896-3d4a-4117-933c-e8239f3c62dd,RP_wait,controlled_stop,true,false,false,false
validation,val_02,val_02_r3,42300001,lidar_dropout,medium,val_02-val_02_r3-42300001-lidar_dropout-medium,0.5113058387477151,frontal_blockage,true,true,true,true,false,false,false,1.123321533203125,0.5459880232810974,0,replan_clear_costmaps,true,45.836999999999996,3616a611-31bc-4c52-9bb0-724f28068789,RP_replan_clear_costmaps,replan_clear_costmaps,false,false,false,false
validation,val_02,val_02_r3,42300001,lidar_dropout,medium,val_02-val_02_r3-42300001-lidar_dropout-medium,0.4751284738363675,frontal_blockage,true,true,true,true,false,false,false,1.100439429283142,0.5995613932609558,0,wait,false,12.640899999999998,192b2acf-5dbb-4657-96b1-50fb75ff0c26,RP_wait,controlled_stop,true,true,false,false
validation,val_02,val_02_r3,42300001,lidar_dropout,medium,val_02-val_02_r3-42300001-lidar_dropout-medium,0.4751284738363675,frontal_blockage,true,true,true,true,false,false,false,1.100439429283142,0.5995613932609558,0,controlled_stop,true,12.640899999999998,192b2acf-5dbb-4657-96b1-50fb75ff0c26,RP_wait,controlled_stop,true,true,false,false
validation,val_02,val_02_r3,42300002,wheel_slip,medium,val_02-val_02_r3-42300002-wheel_slip-medium,0.2580050638866652,planning,true,true,true,true,false,false,false,0.9193265438079834,0.7582420706748962,0,wait,false,60.0,f7048fb3-870e-4252-98c7-1ce515d959ac,RP_wait,controlled_stop,true,false,false,false
validation,val_02,val_02_r3,42300002,wheel_slip,medium,val_02-val_02_r3-42300002-wheel_slip-medium,0.2580050638866652,planning,true,true,true,true,false,false,false,0.9193265438079834,0.7582420706748962,0,controlled_stop,true,60.0,f7048fb3-870e-4252-98c7-1ce515d959ac,RP_wait,controlled_stop,true,false,false,false
validation,val_02,val_02_r3,42300003,localisation_perturbation,medium,val_02-val_02_r3-42300003-localisation_perturbation-medium,0.4501475916390869,unknown,true,true,false,true,false,false,false,0.9316354990005493,0.6051439642906189,0,spin_active_rescan,true,5.0989,9d6238ba-6c74-4b3f-8fa7-9eacad8646dd,RP_spin_active_rescan,spin_active_rescan,false,true,false,false
validation,val_02,val_02_r3,42300003,localisation_perturbation,medium,val_02-val_02_r3-42300003-localisation_perturbation-medium,0.48504274128200014,unknown,true,true,false,true,false,false,false,0.8803457021713257,0.4944581687450409,0,wait,false,5.0,04e9cdcb-d72e-4fda-9d0e-a08d277b79d8,RP_wait,controlled_stop,true,true,false,false
validation,val_02,val_02_r3,42300003,localisation_perturbation,medium,val_02-val_02_r3-42300003-localisation_perturbation-medium,0.48504274128200014,unknown,true,true,false,true,false,false,false,0.8803457021713257,0.4944581687450409,0,controlled_stop,true,5.0,04e9cdcb-d72e-4fda-9d0e-a08d277b79d8,RP_wait,controlled_stop,true,true,false,false
validation,val_02,val_02_r4,42400001,lidar_dropout,medium,val_02-val_02_r4-42400001-lidar_dropout-medium,0.31953608373811626,localisation,true,true,true,true,false,false,false,1.8866398334503174,0.7072447538375854,0,backup,true,5.1168,bd510636-ec28-41fb-9812-83a2e3cd6c81,RP_backup,backup,false,true,false,false
validation,val_02,val_02_r4,42400001,lidar_dropout,medium,val_02-val_02_r4-42400001-lidar_dropout-medium,0.28745833129195164,localisation,true,true,true,true,false,false,false,2.1894400119781494,0.876839280128479,0,controlled_stop,true,8.314499999999995,212a33f8-6581-4eae-8dc0-84c456709883,RP_controlled_stop,controlled_stop,false,true,false,false
validation,val_02,val_02_r4,42400001,lidar_dropout,medium,val_02-val_02_r4-42400001-lidar_dropout-medium,0.24014130493926134,frontal_blockage,true,true,false,true,false,true,false,0.9158506989479065,0.9158506989479065,0,relocalise,false,20.1117,b05c3b5b-9ad9-48ff-b368-9ff16de9d7fd,RP_relocalise,controlled_stop,true,true,false,false
validation,val_02,val_02_r4,42400001,lidar_dropout,medium,val_02-val_02_r4-42400001-lidar_dropout-medium,0.24014130493926134,frontal_blockage,true,true,false,true,false,true,false,0.9158506989479065,0.9158506989479065,0,controlled_stop,true,20.1117,b05c3b5b-9ad9-48ff-b368-9ff16de9d7fd,RP_relocalise,controlled_stop,true,true,false,false
validation,val_02,val_02_r4,42400001,lidar_dropout,medium,val_02-val_02_r4-42400001-lidar_dropout-medium,0.2909146847981684,localisation,true,true,true,true,false,false,false,1.7710593938827515,0.7085409760475159,0,replan_clear_costmaps,true,5.0,a6d13e77-7c78-4750-8367-f1be5c550627,RP_replan_clear_costmaps,replan_clear_costmaps,false,true,false,false
validation,val_02,val_02_r4,42400001,lidar_dropout,medium,val_02-val_02_r4-42400001-lidar_dropout-medium,0.30094280232726894,localisation,true,true,true,true,false,false,false,1.7027860879898071,0.6620821356773376,0,spin_active_rescan,true,20.430999999999997,79cfe56a-bbba-4ce5-8081-4bf89104567e,RP_spin_active_rescan,spin_active_rescan,false,true,false,false
validation,val_02,val_02_r4,42400001,lidar_dropout,medium,val_02-val_02_r4-42400001-lidar_dropout-medium,0.3780958390115013,localisation,true,true,true,true,false,false,false,1.906396746635437,0.7128984332084656,0,wait,false,5.0,c839aaeb-29c7-4c6e-bf10-76c9eea48196,RP_wait,controlled_stop,true,true,false,false
validation,val_02,val_02_r4,42400001,lidar_dropout,medium,val_02-val_02_r4-42400001-lidar_dropout-medium,0.3780958390115013,localisation,true,true,true,true,false,false,false,1.906396746635437,0.7128984332084656,0,controlled_stop,true,5.0,c839aaeb-29c7-4c6e-bf10-76c9eea48196,RP_wait,controlled_stop,true,true,false,false
validation,val_02,val_02_r4,42400002,wheel_slip,medium,val_02-val_02_r4-42400002-wheel_slip-medium,0.23851808803173086,localisation,true,true,true,true,false,false,false,2.2792279720306396,0.8503787517547607,0,backup,true,16.214300000000005,65680d37-7946-429c-bcae-8f8dd7f2811d,RP_backup,backup,false,true,false,false
validation,val_02,val_02_r4,42400002,wheel_slip,medium,val_02-val_02_r4-42400002-wheel_slip-medium,0.2672835148698903,localisation,true,true,true,true,false,false,false,2.144943952560425,0.8713056445121765,0,replan_clear_costmaps,true,5.408500000000004,e0153fa8-8bef-48d8-9e9b-baf5b1abaa07,RP_replan_clear_costmaps,replan_clear_costmaps,false,true,false,false
validation,val_02,val_02_r4,42400002,wheel_slip,medium,val_02-val_02_r4-42400002-wheel_slip-medium,0.2432247891489304,planning,true,true,false,true,false,false,false,1.3138635158538818,0.795360803604126,0,spin_active_rescan,true,60.0,c161691e-e12f-4c2d-a8f7-1bff117ecb4f,RP_spin_active_rescan,spin_active_rescan,false,false,false,false
validation,val_02,val_02_r4,42400002,wheel_slip,medium,val_02-val_02_r4-42400002-wheel_slip-medium,0.2839239547093853,localisation,true,true,true,true,false,false,false,1.2804572582244873,0.7871270179748535,0,wait,false,8.504700000000012,9b87c46c-475c-4ff7-9da7-cfb3e59a5e30,RP_wait,controlled_stop,true,true,false,false
validation,val_02,val_02_r4,42400002,wheel_slip,medium,val_02-val_02_r4-42400002-wheel_slip-medium,0.2839239547093853,localisation,true,true,true,true,false,false,false,1.2804572582244873,0.7871270179748535,0,controlled_stop,true,8.504700000000012,9b87c46c-475c-4ff7-9da7-cfb3e59a5e30,RP_wait,controlled_stop,true,true,false,false
validation,val_02,val_02_r4,42400003,localisation_perturbation,medium,val_02-val_02_r4-42400003-localisation_perturbation-medium,0.2950993691935646,localisation,true,true,true,true,false,false,false,1.7358253002166748,0.664201557636261,0,controlled_stop,true,5.0,aebcbff8-5f62-4f07-b370-ab8a07a158cd,RP_controlled_stop,controlled_stop,false,true,false,false
validation,val_02,val_02_r4,42400003,localisation_perturbation,medium,val_02-val_02_r4-42400003-localisation_perturbation-medium,0.243027711831355,localisation,true,true,true,true,false,false,false,2.3319523334503174,0.8651074767112732,0,relocalise,false,5.017700000000001,91cfac61-113a-45a7-9ac3-aa8817d57026,RP_relocalise,controlled_stop,true,true,false,false
validation,val_02,val_02_r4,42400003,localisation_perturbation,medium,val_02-val_02_r4-42400003-localisation_perturbation-medium,0.243027711831355,localisation,true,true,true,true,false,false,false,2.3319523334503174,0.8651074767112732,0,controlled_stop,true,5.017700000000001,91cfac61-113a-45a7-9ac3-aa8817d57026,RP_relocalise,controlled_stop,true,true,false,false
validation,val_02,val_02_r4,42400003,localisation_perturbation,medium,val_02-val_02_r4-42400003-localisation_perturbation-medium,0.29523121471002817,localisation,true,true,true,true,false,false,false,2.2052619457244873,0.8390255570411682,0,spin_active_rescan,true,11.594799999999992,f158947c-e6ed-4520-a024-d0f983891a2a,RP_spin_active_rescan,spin_active_rescan,false,true,false,false
validation,val_02,val_02_r4,42400003,localisation_perturbation,medium,val_02-val_02_r4-42400003-localisation_perturbation-medium,0.32736117013180377,localisation,true,true,true,true,false,false,false,3.3029236793518066,0.7359972596168518,0,wait,false,5.0,e4e23dc9-1769-4106-aa5c-68a87847cc86,RP_wait,controlled_stop,true,true,false,false
validation,val_02,val_02_r4,42400003,localisation_perturbation,medium,val_02-val_02_r4-42400003-localisation_perturbation-medium,0.32736117013180377,localisation,true,true,true,true,false,false,false,3.3029236793518066,0.7359972596168518,0,controlled_stop,true,5.0,e4e23dc9-1769-4106-aa5c-68a87847cc86,RP_wait,controlled_stop,true,true,false,false
validation,val_02,val_02_r4,42400004,dynamic_blockage,medium,val_02-val_02_r4-42400004-dynamic_blockage-medium,0.25662998500732076,frontal_blockage,true,true,false,true,false,true,false,0.8169351816177368,0.8169351816177368,0,replan_clear_costmaps,true,58.637,354aa5ca-27e6-45d2-8f56-e86b9d6c8bb3,RP_replan_clear_costmaps,replan_clear_costmaps,false,false,false,false
validation,val_02,val_02_r4,42400005,planner_oscillation,medium,val_02-val_02_r4-42400005-planner_oscillation-medium,0.453134886159267,planning,true,true,false,true,false,false,false,0.4963626563549042,0.4963626563549042,0,backup,true,53.01709999999999,846a2d0e-fbdc-41bc-bbd8-fdd6b5614a22,RP_backup,backup,false,false,false,false
validation,val_02,val_02_r4,42400005,planner_oscillation,medium,val_02-val_02_r4-42400005-planner_oscillation-medium,0.3011390660227884,planning,true,true,false,true,false,false,false,0.7378774881362915,0.6388151049613953,0,controlled_stop,true,55.0,e0beba0e-963c-43cf-8584-4a1b836ca5b4,RP_controlled_stop,controlled_stop,false,false,false,false
validation,val_02,val_02_r4,42400005,planner_oscillation,medium,val_02-val_02_r4-42400005-planner_oscillation-medium,0.3898073915952068,planning,true,true,false,true,false,false,false,0.5833171606063843,0.5833171606063843,0,relocalise,false,51.6945,034467df-0ba0-4676-a6cb-e182c5da3e4b,RP_relocalise,controlled_stop,true,false,false,false
validation,val_02,val_02_r4,42400005,planner_oscillation,medium,val_02-val_02_r4-42400005-planner_oscillation-medium,0.3898073915952068,planning,true,true,false,true,false,false,false,0.5833171606063843,0.5833171606063843,0,controlled_stop,true,51.6945,034467df-0ba0-4676-a6cb-e182c5da3e4b,RP_relocalise,controlled_stop,true,false,false,false
validation,val_02,val_02_r4,42400005,planner_oscillation,medium,val_02-val_02_r4-42400005-planner_oscillation-medium,0.492974522656924,planning,true,true,false,true,false,false,false,0.6224047541618347,0.5957603454589844,0,replan_clear_costmaps,true,51.3555,951d13b7-ec19-4720-8c6b-c7a47c75d8bc,RP_replan_clear_costmaps,replan_clear_costmaps,false,false,false,false
validation,val_02,val_02_r4,42400005,planner_oscillation,medium,val_02-val_02_r4-42400005-planner_oscillation-medium,0.3512277039591675,planning,true,true,true,true,false,false,false,0.6488820314407349,0.5992444753646851,0,spin_active_rescan,true,55.1659,a9aa0c6e-921e-4217-9434-5264d9f45d43,RP_spin_active_rescan,spin_active_rescan,false,false,false,false
validation,val_02,val_02_r4,42400005,planner_oscillation,medium,val_02-val_02_r4-42400005-planner_oscillation-medium,0.4226333923643653,planning,true,true,false,true,false,false,false,0.596420168876648,0.5519230961799622,0,wait,false,54.117399999999996,c101f63c-198b-41fd-9073-dc65cfc2f6ef,RP_wait,controlled_stop,true,false,false,false
validation,val_02,val_02_r4,42400005,planner_oscillation,medium,val_02-val_02_r4-42400005-planner_oscillation-medium,0.4226333923643653,planning,true,true,false,true,false,false,false,0.596420168876648,0.5519230961799622,0,controlled_stop,true,54.117399999999996,c101f63c-198b-41fd-9073-dc65cfc2f6ef,RP_wait,controlled_stop,true,false,false,false
validation,val_02,val_02_r5,42500001,lidar_dropout,medium,val_02-val_02_r5-42500001-lidar_dropout-medium,0.27138596699971923,localisation,true,true,true,true,false,false,false,2.0910959243774414,0.7320165038108826,0,backup,true,5.759000000000011,a062fc36-231c-46e7-83db-ae7b2359467c,RP_backup,backup,false,true,false,false
validation,val_02,val_02_r5,42500001,lidar_dropout,medium,val_02-val_02_r5-42500001-lidar_dropout-medium,0.3656459043496454,localisation,true,true,true,true,false,false,false,2.1708898544311523,0.7282594442367554,0,controlled_stop,true,5.069499999999998,4a84f3b9-00ca-4b08-b169-bae17ad31c5f,RP_controlled_stop,controlled_stop,false,true,false,false
validation,val_02,val_02_r5,42500001,lidar_dropout,medium,val_02-val_02_r5-42500001-lidar_dropout-medium,0.2891765594024816,localisation,true,true,true,true,false,false,false,2.281684398651123,0.7473284006118774,0,replan_clear_costmaps,true,5.066800000000001,073dbe26-bbe0-44a7-9f9e-fbce850d483a,RP_replan_clear_costmaps,replan_clear_costmaps,false,true,false,false
validation,val_02,val_02_r5,42500001,lidar_dropout,medium,val_02-val_02_r5-42500001-lidar_dropout-medium,0.31465010568219176,localisation,true,true,true,true,false,false,false,2.3303043842315674,0.7415746450424194,0,spin_active_rescan,true,60.001,dfc82fc2-4116-43b3-8193-c9ca28ab72b5,RP_spin_active_rescan,spin_active_rescan,false,false,false,false
validation,val_02,val_02_r5,42500001,lidar_dropout,medium,val_02-val_02_r5-42500001-lidar_dropout-medium,0.4004349833780646,localisation,true,true,true,true,false,false,false,2.159308910369873,0.7307929992675781,0,wait,false,5.014099999999999,966f5eb0-94b1-4d5c-8b8b-28b17bb31684,RP_wait,controlled_stop,true,true,false,false
validation,val_02,val_02_r5,42500001,lidar_dropout,medium,val_02-val_02_r5-42500001-lidar_dropout-medium,0.4004349833780646,localisation,true,true,true,true,false,false,false,2.159308910369873,0.7307929992675781,0,controlled_stop,true,5.014099999999999,966f5eb0-94b1-4d5c-8b8b-28b17bb31684,RP_wait,controlled_stop,true,true,false,false
validation,val_02,val_02_r5,42500002,wheel_slip,medium,val_02-val_02_r5-42500002-wheel_slip-medium,0.29146315643845183,localisation,true,true,true,true,false,false,false,1.8935822248458862,0.7827093005180359,0,backup,true,5.632999999999999,274f48bd-9bb7-4f01-b807-fcb79d7585f3,RP_backup,backup,false,true,false,false
validation,val_02,val_02_r5,42500002,wheel_slip,medium,val_02-val_02_r5-42500002-wheel_slip-medium,0.3252716887999268,localisation,true,true,true,true,false,false,false,2.170779228210449,0.7075505256652832,0,relocalise,false,5.998999999999995,6af688f6-567d-4747-8416-2933d7b015fb,RP_relocalise,controlled_stop,true,true,false,false
validation,val_02,val_02_r5,42500002,wheel_slip,medium,val_02-val_02_r5-42500002-wheel_slip-medium,0.3252716887999268,localisation,true,true,true,true,false,false,false,2.170779228210449,0.7075505256652832,0,controlled_stop,true,5.998999999999995,6af688f6-567d-4747-8416-2933d7b015fb,RP_relocalise,controlled_stop,true,true,false,false
validation,val_02,val_02_r5,42500002,wheel_slip,medium,val_02-val_02_r5-42500002-wheel_slip-medium,0.31690656080253365,localisation,true,true,true,true,false,false,false,2.0367870330810547,0.7405357360839844,0,replan_clear_costmaps,true,5.007200000000001,020c6a9a-e63e-472b-b1c9-2daf1559eb76,RP_replan_clear_costmaps,replan_clear_costmaps,false,true,false,false
validation,val_02,val_02_r5,42500002,wheel_slip,medium,val_02-val_02_r5-42500002-wheel_slip-medium,0.29883946336220374,localisation,true,true,true,true,false,false,false,2.2546427249908447,0.7232223749160767,0,spin_active_rescan,true,58.0715,6ecc003c-d83a-4324-9b8d-4992637ae4bc,RP_spin_active_rescan,spin_active_rescan,false,false,false,false
validation,val_02,val_02_r5,42500002,wheel_slip,medium,val_02-val_02_r5-42500002-wheel_slip-medium,0.27236333260994566,localisation,true,true,true,true,false,false,false,2.078619956970215,0.7257311940193176,0,wait,false,5.038599999999999,9b6c7006-8468-4b7b-9dc6-89e4f08ce636,RP_wait,controlled_stop,true,true,false,false
validation,val_02,val_02_r5,42500002,wheel_slip,medium,val_02-val_02_r5-42500002-wheel_slip-medium,0.27236333260994566,localisation,true,true,true,true,false,false,false,2.078619956970215,0.7257311940193176,0,controlled_stop,true,5.038599999999999,9b6c7006-8468-4b7b-9dc6-89e4f08ce636,RP_wait,controlled_stop,true,true,false,false
validation,val_02,val_02_r5,42500003,localisation_perturbation,medium,val_02-val_02_r5-42500003-localisation_perturbation-medium,0.40799016920899106,localisation,true,true,true,true,false,false,false,2.1141507625579834,0.73087078332901,0,backup,true,18.1341,b8b0b569-ae49-47bd-b4bc-fb79e156742d,RP_backup,backup,false,true,false,false
validation,val_02,val_02_r5,42500003,localisation_perturbation,medium,val_02-val_02_r5-42500003-localisation_perturbation-medium,0.26641073374327584,localisation,true,true,true,false,false,false,false,2.2797744274139404,0.752566397190094,0,controlled_stop,true,6.366399999999992,c58f4762-87be-44eb-b433-9b25625470fd,RP_controlled_stop,controlled_stop,false,true,false,false
validation,val_02,val_02_r5,42500003,localisation_perturbation,medium,val_02-val_02_r5-42500003-localisation_perturbation-medium,0.29873563796498837,localisation,true,true,true,true,false,false,false,2.0740251541137695,0.7176163196563721,0,relocalise,false,5.0,57d1d949-9d05-4416-90cf-15dcd4fbea50,RP_relocalise,controlled_stop,true,true,false,false
validation,val_02,val_02_r5,42500003,localisation_perturbation,medium,val_02-val_02_r5-42500003-localisation_perturbation-medium,0.29873563796498837,localisation,true,true,true,true,false,false,false,2.0740251541137695,0.7176163196563721,0,controlled_stop,true,5.0,57d1d949-9d05-4416-90cf-15dcd4fbea50,RP_relocalise,controlled_stop,true,true,false,false
validation,val_02,val_02_r5,42500003,localisation_perturbation,medium,val_02-val_02_r5-42500003-localisation_perturbation-medium,0.3271106380516653,localisation,true,true,true,true,false,false,false,2.2618799209594727,0.7453207969665527,0,replan_clear_costmaps,true,8.410499999999999,303c2023-17a9-4e29-af6d-f66d66905701,RP_replan_clear_costmaps,replan_clear_costmaps,false,true,false,false
validation,val_02,val_02_r5,42500003,localisation_perturbation,medium,val_02-val_02_r5-42500003-localisation_perturbation-medium,0.2606057968455575,localisation,true,true,true,false,false,false,false,2.02742338180542,0.7463869452476501,0,spin_active_rescan,true,60.0,b9b030cc-109f-4846-874e-5766b4e2174f,RP_spin_active_rescan,spin_active_rescan,false,false,false,false
validation,val_02,val_02_r5,42500003,localisation_perturbation,medium,val_02-val_02_r5-42500003-localisation_perturbation-medium,0.39328383718217913,localisation,true,true,true,true,false,false,false,2.088391065597534,0.7373020052909851,0,wait,false,9.876999999999995,9a15a4b0-ac37-47e9-b3e5-4c88c10a3613,RP_wait,controlled_stop,true,true,false,false
validation,val_02,val_02_r5,42500003,localisation_perturbation,medium,val_02-val_02_r5-42500003-localisation_perturbation-medium,0.39328383718217913,localisation,true,true,true,true,false,false,false,2.088391065597534,0.7373020052909851,0,controlled_stop,true,9.876999999999995,9a15a4b0-ac37-47e9-b3e5-4c88c10a3613,RP_wait,controlled_stop,true,true,false,false
validation,val_02,val_02_r5,42500004,dynamic_blockage,medium,val_02-val_02_r5-42500004-dynamic_blockage-medium,0.26836722716266076,localisation,true,true,true,true,false,false,false,2.321835994720459,0.7383082509040833,0,backup,true,5.248899999999999,2c7c0ea5-8756-4621-8dd2-d06371d67b69,RP_backup,backup,false,true,false,false
validation,val_02,val_02_r5,42500004,dynamic_blockage,medium,val_02-val_02_r5-42500004-dynamic_blockage-medium,0.2917495661405723,localisation,true,true,true,true,false,false,false,2.227684497833252,0.715690016746521,0,relocalise,false,5.0,2fbf8061-d4da-42ba-b530-4c1be2c5ed90,RP_relocalise,controlled_stop,true,true,false,false
validation,val_02,val_02_r5,42500004,dynamic_blockage,medium,val_02-val_02_r5-42500004-dynamic_blockage-medium,0.2917495661405723,localisation,true,true,true,true,false,false,false,2.227684497833252,0.715690016746521,0,controlled_stop,true,5.0,2fbf8061-d4da-42ba-b530-4c1be2c5ed90,RP_relocalise,controlled_stop,true,true,false,false
validation,val_02,val_02_r5,42500004,dynamic_blockage,medium,val_02-val_02_r5-42500004-dynamic_blockage-medium,0.32185428237471875,localisation,true,true,true,false,false,false,false,1.9992146492004395,0.7139672636985779,0,wait,false,5.0,dacba507-ef88-4ccc-aa6c-9e7a9dd82874,RP_wait,controlled_stop,true,true,false,false
validation,val_02,val_02_r5,42500004,dynamic_blockage,medium,val_02-val_02_r5-42500004-dynamic_blockage-medium,0.32185428237471875,localisation,true,true,true,false,false,false,false,1.9992146492004395,0.7139672636985779,0,controlled_stop,true,5.0,dacba507-ef88-4ccc-aa6c-9e7a9dd82874,RP_wait,controlled_stop,true,true,false,false
validation,val_02,val_02_r5,42500005,planner_oscillation,medium,val_02-val_02_r5-42500005-planner_oscillation-medium,0.2805511355084338,localisation,true,true,true,true,false,false,false,2.023163318634033,0.7312287092208862,0,replan_clear_costmaps,true,5.0,241617e2-8169-4321-8cbc-942ea7d4be37,RP_replan_clear_costmaps,replan_clear_costmaps,false,true,false,false
validation,val_02,val_02_r5,42500005,planner_oscillation,medium,val_02-val_02_r5-42500005-planner_oscillation-medium,0.3188452054852958,localisation,true,true,true,true,false,false,false,2.2524518966674805,0.7295758724212646,0,spin_active_rescan,true,60.0,611b8ccc-b8b5-4436-8e63-7eefdec87bab,RP_spin_active_rescan,spin_active_rescan,false,false,false,false
