run_id,map_id,route_id,seed,fault_family,severity,policy_id,mission_complete,collision,guard_violation,guard_rejected,added_time_seconds,added_path_length_m,intervention_count,recovery_action,action_regret_vs_oracle,oracle_action,episode_key,pair_key,split,protected_test_used,terminal_state,mission_abort,failed_recovery,unnecessary_intervention,duration_s,path_length_m,time_difference_seconds,path_difference_m,warnings_issued,first_warning_time,forced_action,engineering_smoke,observed_cost,cost_collision,cost_mission_abort,cost_failed_recovery,cost_excessive_delay,cost_path_overhead,cost_unnecessary_intervention
6fa175bd-3326-455e-9767-95572cdddb05,test_00,test_00_r0,30001000,camera_occlusion,medium,R0,true,false,false,false,0.0,0.0,0,none,0.0,none,test_00-test_00_r0-camera-r10-R0,test_00-test_00_r0-30001000-camera_occlusion-medium,held_out_map_test,true,success,false,false,false,122.124,5.6532,0.0,0.0,0,,,false,0.0,0.0,0.0,0.0,0.0,0.0,0.0
0a4a30ab-d8db-41d9-9305-81f459e970b6,test_00,test_00_r0,30001000,camera_occlusion,medium,R2,true,false,false,false,0.0,0.0,0,none,0.0,none,test_00-test_00_r0-camera-r10-R2,test_00-test_00_r0-30001000-camera_occlusion-medium,held_out_map_test,true,success,false,false,false,54.605,5.142,-67.519,-0.5111999999999997,1,65.558,,false,0.0,0.0,0.0,0.0,0.0,0.0,0.0
470bfc61-0e48-4c51-a23c-cf1b66b909de,test_00,test_00_r0,30001000,camera_occlusion,medium,R3,true,false,false,false,0.0,0.0,0,none,0.0,none,test_00-test_00_r0-camera-r10-R3,test_00-test_00_r0-30001000-camera_occlusion-medium,held_out_map_test,true,success,false,false,false,113.108,5.5847,-9.015999999999991,-0.06850000000000023,1,67.131,,false,0.0,0.0,0.0,0.0,0.0,0.0,0.0
15ff73ca-3c70-4c25-b08b-8a2febd6e7fc,test_00,test_00_r0,30001001,lidar_dropout,medium,R0,true,false,false,false,0.0,0.0,0,none,0.0,none,test_00-test_00_r0-lidar-r10-R0,test_00-test_00_r0-30001001-lidar_dropout-medium,held_out_map_test,true,success,false,false,false,119.276,5.6156,0.0,0.0,0,,,false,0.0,0.0,0.0,0.0,0.0,0.0,0.0
51f27db8-095e-4879-9a55-d5e4ec02eb2d,test_00,test_00_r0,30001001,lidar_dropout,medium,R2,true,false,false,false,0.0,0.0,0,none,0.0,none,test_00-test_00_r0-lidar-r10-R2,test_00-test_00_r0-30001001-lidar_dropout-medium,held_out_map_test,true,success,false,false,false,118.019,5.5753,-1.2569999999999908,-0.040299999999999336,4,23.086,,false,0.0,0.0,0.0,0.0,0.0,0.0,0.0
88c4e9b5-ca52-4ad6-8713-03986be4e08d,test_00,test_00_r0,30001001,lidar_dropout,medium,R3,true,false,false,false,0.0,0.0,0,none,0.0,none,test_00-test_00_r0-lidar-r10-R3,test_00-test_00_r0-30001001-lidar_dropout-medium,held_out_map_test,true,success,false,false,false,117.369,5.5344,-1.9069999999999965,-0.08119999999999994,4,22.575,,false,0.0,0.0,0.0,0.0,0.0,0.0,0.0
6d16ab41-34fe-47b5-8642-3df27a06a910,test_00,test_00_r0,30001002,wheel_slip,medium,R0,true,false,false,false,0.0,0.0,0,none,0.0,none,test_00-test_00_r0-wheel-r10-R0,test_00-test_00_r0-30001002-wheel_slip-medium,held_out_map_test,true,success,false,false,false,116.824,5.5752,0.0,0.0,0,,,false,0.0,0.0,0.0,0.0,0.0,0.0,0.0
f2242e1b-5b8f-461b-a59c-5022684cf533,test_00,test_00_r0,30001002,wheel_slip,medium,R2,true,false,false,false,0.0,0.014499999999999957,0,none,0.014499999999999957,none,test_00-test_00_r0-wheel-r10-R2,test_00-test_00_r0-30001002-wheel_slip-medium,held_out_map_test,true,success,false,false,false,115.475,5.5897,-1.3490000000000038,0.014499999999999957,2,57.311,,false,0.014499999999999957,0.0,0.0,0.0,0.0,0.014499999999999957,0.0
186e3d69-2072-4ba4-9ae1-a810f8721364,test_00,test_00_r0,30001002,wheel_slip,medium,R3,true,false,false,false,0.0,0.0,0,none,0.0,none,test_00-test_00_r0-wheel-r10-R3,test_00-test_00_r0-30001002-wheel_slip-medium,held_out_map_test,true,success,false,false,false,115.44,5.5703,-1.3840000000000003,-0.0049000000000001265,2,60.7,,false,0.0,0.0,0.0,0.0,0.0,0.0,0.0
aea7eef8-cf02-414a-a739-b5f5a22866b8,test_00,test_00_r0,30001003,localisation_perturbation,medium,R0,true,false,false,false,0.0,0.0,0,none,0.0,none,test_00-test_00_r0-localisation-r10-R0,test_00-test_00_r0-30001003-localisation_perturbation-medium,held_out_map_test,true,success,false,false,false,73.482,6.7183,0.0,0.0,0,,,false,0.0,0.0,0.0,0.0,0.0,0.0,0.0
cf10a51e-1921-448a-aea0-5e1b2eb5dd35,test_00,test_00_r0,30001003,localisation_perturbation,medium,R2,true,false,false,false,0.3850000000000051,0.0,0,none,0.19250000000000256,none,test_00-test_00_r0-localisation-r10-R2,test_00-test_00_r0-30001003-localisation_perturbation-medium,held_out_map_test,true,success,false,false,false,73.867,6.6987,0.3850000000000051,-0.019600000000000506,0,,,false,0.19250000000000256,0.0,0.0,0.0,0.19250000000000256,0.0,0.0
a0e42c92-f3e9-4f74-bf9d-437c7308ceb4,test_00,test_00_r0,30001003,localisation_perturbation,medium,R3,true,false,false,false,2.8190000000000026,0.009599999999999831,0,none,1.4191000000000011,none,test_00-test_00_r0-localisation-r10-R3,test_00-test_00_r0-30001003-localisation_perturbation-medium,held_out_map_test,true,success,false,false,false,76.301,6.7279,2.8190000000000026,0.009599999999999831,0,,,false,1.4191000000000011,0.0,0.0,0.0,1.4095000000000013,0.009599999999999831,0.0
45c16acf-6db4-4d84-8273-b03d707baccd,test_00,test_00_r0,30001004,dynamic_blockage,medium,R0,true,false,false,false,0.0,0.0,0,none,0.0,none,test_00-test_00_r0-blockage-r10-R0,test_00-test_00_r0-30001004-dynamic_blockage-medium,held_out_map_test,true,success,false,false,false,68.528,6.76,0.0,0.0,0,,,false,0.0,0.0,0.0,0.0,0.0,0.0,0.0
0cdc3f5f-2a97-42b0-9e72-639898895022,test_00,test_00_r0,30001004,dynamic_blockage,medium,R2,true,false,false,false,2.9569999999999936,0.0,0,none,1.4784999999999968,none,test_00-test_00_r0-blockage-r10-R2,test_00-test_00_r0-30001004-dynamic_blockage-medium,held_out_map_test,true,success,false,false,false,71.485,6.747,2.9569999999999936,-0.0129999999999999,0,,,false,1.4784999999999968,0.0,0.0,0.0,1.4784999999999968,0.0,0.0
3998edfa-b28f-41a6-96b9-121be3bc1cc7,test_00,test_00_r0,30001004,dynamic_blockage,medium,R3,true,false,false,false,2.8589999999999947,0.0,0,none,1.4294999999999973,none,test_00-test_00_r0-blockage-r10-R3,test_00-test_00_r0-30001004-dynamic_blockage-medium,held_out_map_test,true,success,false,false,false,71.387,6.7261,2.8589999999999947,-0.03390000000000004,0,,,false,1.4294999999999973,0.0,0.0,0.0,1.4294999999999973,0.0,0.0
28d9adfe-fbff-4149-ada5-240d1d31d6f8,test_00,test_00_r0,30001005,planner_oscillation,medium,R0,true,false,false,false,0.0,0.0,0,none,0.0,none,test_00-test_00_r0-oscillation-r10-R0,test_00-test_00_r0-30001005-planner_oscillation-medium,held_out_map_test,true,success,false,false,false,75.813,6.7574,0.0,0.0,0,,,false,0.0,0.0,0.0,0.0,0.0,0.0,0.0
be86e23c-882d-4f45-bec7-490a30623b10,test_00,test_00_r0,30001005,planner_oscillation,medium,R2,true,false,false,false,0.8239999999999981,0.017100000000000115,0,none,0.42909999999999915,none,test_00-test_00_r0-oscillation-r10-R2,test_00-test_00_r0-30001005-planner_oscillation-medium,held_out_map_test,true,success,false,false,false,76.637,6.7745,0.8239999999999981,0.017100000000000115,0,,,false,0.42909999999999915,0.0,0.0,0.0,0.41199999999999903,0.017100000000000115,0.0
54cd55af-3ec2-46ea-b55d-50945c7e2189,test_00,test_00_r0,30001005,planner_oscillation,medium,R3,true,false,false,false,0.0,0.0,0,none,0.0,none,test_00-test_00_r0-oscillation-r10-R3,test_00-test_00_r0-30001005-planner_oscillation-medium,held_out_map_test,true,success,false,false,false,72.373,6.7109,-3.4399999999999977,-0.046499999999999986,0,,,false,0.0,0.0,0.0,0.0,0.0,0.0,0.0
93058ac8-d509-448b-98e7-b63a0f001938,test_00,test_00_r0,30001006,semantic_corruption,medium,R0,true,false,false,false,0.0,0.0,0,none,0.0,none,test_00-test_00_r0-semantic-r10-R0,test_00-test_00_r0-30001006-semantic_corruption-medium,held_out_map_test,true,success,false,false,false,122.912,5.6272,0.0,0.0,0,,,false,0.0,0.0,0.0,0.0,0.0,0.0,0.0
7f8d79ab-4e86-41bd-9032-23f96f835c2a,test_00,test_00_r0,30001006,semantic_corruption,medium,R2,true,false,false,false,0.0,0.0,0,none,0.0,none,test_00-test_00_r0-semantic-r10-R2,test_00-test_00_r0-30001006-semantic_corruption-medium,held_out_map_test,true,success,false,false,false,110.192,5.6052,-12.720000000000013,-0.02200000000000024,1,65.157,,false,0.0,0.0,0.0,0.0,0.0,0.0,0.0
08e7158e-6f22-4511-96b5-ec2b8c194675,test_00,test_00_r0,30001006,semantic_corruption,medium,R3,true,false,false,false,0.0,0.0,0,none,0.0,none,test_00-test_00_r0-semantic-r10-R3,test_00-test_00_r0-30001006-semantic_corruption-medium,held_out_map_test,true,success,false,false,false,111.52,5.5306,-11.39200000000001,-0.09660000000000046,1,65.649,,false,0.0,0.0,0.0,0.0,0.0,0.0,0.0
738c32be-b28b-472a-98c4-075283159b61,test_00,test_00_r0,30001100,camera_occlusion,medium,R0,true,false,false,false,0.0,0.0,0,none,0.0,none,test_00-test_00_r0-camera-r11-R0,test_00-test_00_r0-30001100-camera_occlusion-medium,held_out_map_test,true,success,false,false,false,112.378,5.6258,0.0,0.0,0,,,false,0.0,0.0,0.0,0.0,0.0,0.0,0.0
6bacf60b-cac0-4726-afb3-d0ff9b0478af,test_00,test_00_r0,30001100,camera_occlusion,medium,R2,true,false,false,false,0.0,0.0,0,none,0.0,none,test_00-test_00_r0-camera-r11-R2,test_00-test_00_r0-30001100-camera_occlusion-medium,held_out_map_test,true,success,false,false,false,110.729,5.6072,-1.649000000000001,-0.018600000000000172,1,67.053,,false,0.0,0.0,0.0,0.0,0.0,0.0,0.0
a5d059d3-4fa1-4f53-9651-27a97f349ee3,test_00,test_00_r0,30001100,camera_occlusion,medium,R3,true,false,false,false,0.0,0.0,0,none,0.0,none,test_00-test_00_r0-camera-r11-R3,test_00-test_00_r0-30001100-camera_occlusion-medium,held_out_map_test,true,success,false,false,false,111.614,5.6221,-0.7639999999999958,-0.0037000000000002586,1,66.147,,false,0.0,0.0,0.0,0.0,0.0,0.0,0.0
88bf435b-e801-4d16-b92f-ce72a3860258,test_00,test_00_r0,30001101,lidar_dropout,medium,R0,true,false,false,false,0.0,0.0,0,none,0.0,none,test_00-test_00_r0-lidar-r11-R0,test_00-test_00_r0-30001101-lidar_dropout-medium,held_out_map_test,true,success,false,false,false,116.358,5.6608,0.0,0.0,0,,,false,0.0,0.0,0.0,0.0,0.0,0.0,0.0
01559e8a-c834-42d0-8e5a-2db8434df8ed,test_00,test_00_r0,30001101,lidar_dropout,medium,R2,true,false,false,false,0.6280000000000001,0.013399999999999856,0,none,0.3273999999999999,none,test_00-test_00_r0-lidar-r11-R2,test_00-test_00_r0-30001101-lidar_dropout-medium,held_out_map_test,true,success,false,false,false,116.986,5.6742,0.6280000000000001,0.013399999999999856,3,22.656,,false,0.3273999999999999,0.0,0.0,0.0,0.31400000000000006,0.013399999999999856,0.0
3e9de394-d0d2-4652-955c-19a491a7077e,test_00,test_00_r0,30001101,lidar_dropout,medium,R3,false,false,false,false,0.0,0.0,0,none,40.0,none,test_00-test_00_r0-lidar-r11-R3,test_00-test_00_r0-30001101-lidar_dropout-medium,held_out_map_test,true,false_arrival,true,false,false,57.818,5.161,-58.540000000000006,-0.49980000000000047,3,21.89,,false,40.0,0.0,40.0,0.0,0.0,0.0,0.0
057a27c8-a0ca-403e-bec3-983befd5ecba,test_00,test_00_r0,30001102,wheel_slip,medium,R0,true,false,false,false,0.0,0.0,0,none,0.0,none,test_00-test_00_r0-wheel-r11-R0,test_00-test_00_r0-30001102-wheel_slip-medium,held_out_map_test,true,success,false,false,false,120.296,5.6189,0.0,0.0,0,,,false,0.0,0.0,0.0,0.0,0.0,0.0,0.0
7ad396d2-dbc6-45bc-ac9d-640be5785397,test_00,test_00_r0,30001102,wheel_slip,medium,R2,true,false,false,false,0.0,0.0,0,none,0.0,none,test_00-test_00_r0-wheel-r11-R2,test_00-test_00_r0-30001102-wheel_slip-medium,held_out_map_test,true,success,false,false,false,56.131,5.2085,-64.165,-0.4104000000000001,1,62.528,,false,0.0,0.0,0.0,0.0,0.0,0.0,0.0
a41f8d30-1115-4d4e-8e40-7f18e251df56,test_00,test_00_r0,30001102,wheel_slip,medium,R3,true,false,false,false,0.0,0.0,0,none,0.0,none,test_00-test_00_r0-wheel-r11-R3,test_00-test_00_r0-30001102-wheel_slip-medium,held_out_map_test,true,success,false,false,false,113.668,5.5892,-6.628,-0.02970000000000006,1,61.756,,false,0.0,0.0,0.0,0.0,0.0,0.0,0.0
575e07a0-ad9f-41fd-b4c1-4e9bed0a4ef8,test_00,test_00_r0,30001103,localisation_perturbation,medium,R0,false,false,false,false,0.0,0.0,0,none,40.0,none,test_00-test_00_r0-localisation-r11-R0,test_00-test_00_r0-30001103-localisation_perturbation-medium,held_out_map_test,true,false_arrival,true,false,false,72.041,6.7129,0.0,0.0,0,,,false,40.0,0.0,40.0,0.0,0.0,0.0,0.0
40fac300-c00c-4b8d-9006-c13e57deefbc,test_00,test_00_r0,30001103,localisation_perturbation,medium,R2,false,false,false,false,4.766000000000005,0.038399999999999324,0,none,42.421400000000006,none,test_00-test_00_r0-localisation-r11-R2,test_00-test_00_r0-30001103-localisation_perturbation-medium,held_out_map_test,true,false_arrival,true,false,false,76.807,6.7513,4.766000000000005,0.038399999999999324,0,,,false,42.421400000000006,0.0,40.0,0.0,2.3830000000000027,0.038399999999999324,0.0
a52ff393-a4fc-479f-aab8-a99940c5a52c,test_00,test_00_r0,30001103,localisation_perturbation,medium,R3,true,false,false,false,0.0,0.0,0,none,0.0,none,test_00-test_00_r0-localisation-r11-R3,test_00-test_00_r0-30001103-localisation_perturbation-medium,held_out_map_test,true,success,false,false,false,71.231,6.7109,-0.8100000000000023,-0.002000000000000668,0,,,false,0.0,0.0,0.0,0.0,0.0,0.0,0.0
aeab305c-ed73-478e-9f53-0d37a74f2513,test_00,test_00_r0,30001104,dynamic_blockage,medium,R0,true,false,false,false,0.0,0.0,0,none,0.0,none,test_00-test_00_r0-blockage-r11-R0,test_00-test_00_r0-30001104-dynamic_blockage-medium,held_out_map_test,true,success,false,false,false,79.992,6.8493,0.0,0.0,0,,,false,0.0,0.0,0.0,0.0,0.0,0.0,0.0
a566c0ac-d05f-4454-89d5-ca2dcc9fd834,test_00,test_00_r0,30001104,dynamic_blockage,medium,R2,true,false,false,false,0.0,0.0,0,none,0.0,none,test_00-test_00_r0-blockage-r11-R2,test_00-test_00_r0-30001104-dynamic_blockage-medium,held_out_map_test,true,success,false,false,false,76.996,6.7481,-2.9960000000000093,-0.1012000000000004,0,,,false,0.0,0.0,0.0,0.0,0.0,0.0,0.0
8f3db3c0-d860-409e-a6da-5c370471edba,test_00,test_00_r0,30001104,dynamic_blockage,medium,R3,false,false,false,false,0.0,0.0,0,none,40.0,none,test_00-test_00_r0-blockage-r11-R3,test_00-test_00_r0-30001104-dynamic_blockage-medium,held_out_map_test,true,false_arrival,true,false,false,73.774,6.726,-6.2180000000000035,-0.12330000000000041,0,,,false,40.0,0.0,40.0,0.0,0.0,0.0,0.0
c43ec616-137f-4a81-8ff3-bb2fbb479bbb,test_00,test_00_r0,30001105,planner_oscillation,medium,R0,true,false,false,false,0.0,0.0,0,none,0.0,none,test_00-test_00_r0-oscillation-r11-R0,test_00-test_00_r0-30001105-planner_oscillation-medium,held_out_map_test,true,success,false,false,false,75.83,6.771,0.0,0.0,0,,,false,0.0,0.0,0.0,0.0,0.0,0.0,0.0
22e8e021-18b3-403c-bd85-926ef2a6547d,test_00,test_00_r0,30001105,planner_oscillation,medium,R2,true,false,false,false,0.0,0.0,0,none,0.0,none,test_00-test_00_r0-oscillation-r11-R2,test_00-test_00_r0-30001105-planner_oscillation-medium,held_out_map_test,true,success,false,false,false,74.227,6.7288,-1.6029999999999944,-0.04220000000000024,0,,,false,0.0,0.0,0.0,0.0,0.0,0.0,0.0
b6a9bd0e-d4fe-4752-b1c0-33c9bd0b84c7,test_00,test_00_r0,30001105,planner_oscillation,medium,R3,true,false,false,false,0.0,0.0,0,none,0.0,none,test_00-test_00_r0-oscillation-r11-R3,test_00-test_00_r0-30001105-planner_oscillation-medium,held_out_map_test,true,success,false,false,false,70.832,6.6968,-4.998000000000005,-0.07420000000000027,0,,,false,0.0,0.0,0.0,0.0,0.0,0.0,0.0
db9debcd-5c8d-4cbb-b35d-8201d8c0d3a1,test_00,test_00_r0,30001106,semantic_corruption,medium,R0,true,false,false,false,0.0,0.0,0,none,0.0,none,test_00-test_00_r0-semantic-r11-R0,test_00-test_00_r0-30001106-semantic_corruption-medium,held_out_map_test,true,success,false,false,false,165.105,6.3832,0.0,0.0,0,,,false,0.0,0.0,0.0,0.0,0.0,0.0,0.0
f8678509-e048-4a5c-b8e5-86d36e5da0bd,test_00,test_00_r0,30001106,semantic_corruption,medium,R2,true,false,false,false,0.0,0.0,0,none,0.0,none,test_00-test_00_r0-semantic-r11-R2,test_00-test_00_r0-30001106-semantic_corruption-medium,held_out_map_test,true,success,false,false,false,54.16,5.1523,-110.945,-1.2309,1,66.139,,false,0.0,0.0,0.0,0.0,0.0,0.0,0.0
e5508e5d-c9c8-42eb-82b1-afbc52db1c92,test_00,test_00_r0,30001106,semantic_corruption,medium,R3,true,false,false,false,0.0,0.0,0,none,0.0,none,test_00-test_00_r0-semantic-r11-R3,test_00-test_00_r0-30001106-semantic_corruption-medium,held_out_map_test,true,success,false,false,false,54.157,5.1562,-110.948,-1.2270000000000003,1,65.656,,false,0.0,0.0,0.0,0.0,0.0,0.0,0.0
f0d3822a-af5a-42d6-ab17-2c947284eac9,test_00,test_00_r0,30001200,camera_occlusion,medium,R0,true,false,false,false,0.0,0.0,0,none,0.0,none,test_00-test_00_r0-camera-r12-R0,test_00-test_00_r0-30001200-camera_occlusion-medium,held_out_map_test,true,success,false,false,false,110.859,5.5558,0.0,0.0,0,,,false,0.0,0.0,0.0,0.0,0.0,0.0,0.0
e50cfc3e-1aa4-4fb8-80eb-21a66d48737a,test_00,test_00_r0,30001200,camera_occlusion,medium,R2,true,false,false,false,0.7199999999999989,0.020000000000000462,0,none,0.3799999999999999,none,test_00-test_00_r0-camera-r12-R2,test_00-test_00_r0-30001200-camera_occlusion-medium,held_out_map_test,true,success,false,false,false,111.579,5.5758,0.7199999999999989,0.020000000000000462,1,66.63000000000001,,false,0.3799999999999999,0.0,0.0,0.0,0.35999999999999943,0.020000000000000462,0.0
a2b4a0a0-629c-4500-a680-1c1f8345353b,test_00,test_00_r0,30001200,camera_occlusion,medium,R3,true,false,false,false,0.0,0.0,0,none,0.0,none,test_00-test_00_r0-camera-r12-R3,test_00-test_00_r0-30001200-camera_occlusion-medium,held_out_map_test,true,success,false,false,false,53.374,5.1014,-57.48499999999999,-0.4543999999999997,1,65.064,,false,0.0,0.0,0.0,0.0,0.0,0.0,0.0
e8f90e3b-09d2-4126-8f1c-ee484c3177a3,test_00,test_00_r0,30001201,lidar_dropout,medium,R0,true,false,false,false,0.0,0.0,0,none,0.0,none,test_00-test_00_r0-lidar-r12-R0,test_00-test_00_r0-30001201-lidar_dropout-medium,held_out_map_test,true,success,false,false,false,120.033,5.5245,0.0,0.0,0,,,false,0.0,0.0,0.0,0.0,0.0,0.0,0.0
fcb27389-b8cf-4eac-b0e4-fe9f02295c89,test_00,test_00_r0,30001201,lidar_dropout,medium,R2,true,false,false,false,10.474000000000004,0.02490000000000059,0,none,5.2619000000000025,none,test_00-test_00_r0-lidar-r12-R2,test_00-test_00_r0-30001201-lidar_dropout-medium,held_out_map_test,true,success,false,false,false,130.507,5.5494,10.474000000000004,0.02490000000000059,3,22.627,,false,5.2619000000000025,0.0,0.0,0.0,5.237000000000002,0.02490000000000059,0.0
86cabaff-c376-4419-bff9-88731a6c3fbd,test_00,test_00_r0,30001201,lidar_dropout,medium,R3,true,false,false,false,0.0,0.06780000000000008,0,none,0.06780000000000008,none,test_00-test_00_r0-lidar-r12-R3,test_00-test_00_r0-30001201-lidar_dropout-medium,held_out_map_test,true,success,false,false,false,114.036,5.5923,-5.997,0.06780000000000008,3,23.836,,false,0.06780000000000008,0.0,0.0,0.0,0.0,0.06780000000000008,0.0
3663142d-886b-4e32-9019-58e7b2786d93,test_00,test_00_r0,30001202,wheel_slip,medium,R0,true,false,false,false,0.0,0.0,0,none,0.0,none,test_00-test_00_r0-wheel-r12-R0,test_00-test_00_r0-30001202-wheel_slip-medium,held_out_map_test,true,success,false,false,false,116.063,5.5639,0.0,0.0,0,,,false,0.0,0.0,0.0,0.0,0.0,0.0,0.0
3e0558c8-f0ac-49e6-980e-f4f287af1a32,test_00,test_00_r0,30001202,wheel_slip,medium,R2,true,false,false,false,0.0,0.0,0,none,0.0,none,test_00-test_00_r0-wheel-r12-R2,test_00-test_00_r0-30001202-wheel_slip-medium,held_out_map_test,true,success,false,false,false,114.315,5.5375,-1.7480000000000047,-0.026400000000000645,1,58.023,,false,0.0,0.0,0.0,0.0,0.0,0.0,0.0
0e61c36b-7d1f-46ec-a848-0ca05aec8cd7,test_00,test_00_r0,30001202,wheel_slip,medium,R3,true,false,false,false,0.0,0.0,0,none,0.0,none,test_00-test_00_r0-wheel-r12-R3,test_00-test_00_r0-30001202-wheel_slip-medium,held_out_map_test,true,success,false,false,false,53.539,5.0717,-62.524,-0.4922000000000004,1,59.311,,false,0.0,0.0,0.0,0.0,0.0,0.0,0.0
c4b4aeef-e03c-4769-905d-c17211afe075,test_00,test_00_r0,30001203,localisation_perturbation,medium,R0,true,false,false,false,0.0,0.0,0,none,0.0,none,test_00-test_00_r0-localisation-r12-R0,test_00-test_00_r0-30001203-localisation_perturbation-medium,held_out_map_test,true,success,false,false,false,71.418,6.7394,0.0,0.0,0,,,false,0.0,0.0,0.0,0.0,0.0,0.0,0.0
e62801b3-c206-450b-a470-71318022694f,test_00,test_00_r0,30001203,localisation_perturbation,medium,R2,true,false,false,false,0.0,0.0,0,none,0.0,none,test_00-test_00_r0-localisation-r12-R2,test_00-test_00_r0-30001203-localisation_perturbation-medium,held_out_map_test,true,success,false,false,false,67.922,6.6722,-3.4960000000000093,-0.0671999999999997,0,,,false,0.0,0.0,0.0,0.0,0.0,0.0,0.0
25d8cba0-0762-4be8-a2da-6131cceb33c8,test_00,test_00_r0,30001203,localisation_perturbation,medium,R3,true,false,false,false,0.0,0.0,0,none,0.0,none,test_00-test_00_r0-localisation-r12-R3,test_00-test_00_r0-30001203-localisation_perturbation-medium,held_out_map_test,true,success,false,false,false,68.977,6.6861,-2.4410000000000025,-0.053300000000000125,0,,,false,0.0,0.0,0.0,0.0,0.0,0.0,0.0
f3017755-41c5-41a5-8004-c69a6d32dff7,test_00,test_00_r0,30001204,dynamic_blockage,medium,R0,true,false,false,false,0.0,0.0,0,none,0.0,none,test_00-test_00_r0-blockage-r12-R0,test_00-test_00_r0-30001204-dynamic_blockage-medium,held_out_map_test,true,success,false,false,false,72.641,6.7923,0.0,0.0,0,,,false,0.0,0.0,0.0,0.0,0.0,0.0,0.0
2284b55c-3c8f-44fb-8442-a1eea1be5d99,test_00,test_00_r0,30001204,dynamic_blockage,medium,R2,true,false,false,false,0.0,0.0007999999999999119,0,none,0.0007999999999999119,none,test_00-test_00_r0-blockage-r12-R2,test_00-test_00_r0-30001204-dynamic_blockage-medium,held_out_map_test,true,success,false,false,false,70.857,6.7931,-1.784000000000006,0.0007999999999999119,0,,,false,0.0007999999999999119,0.0,0.0,0.0,0.0,0.0007999999999999119,0.0
692e8371-9e0f-4fe7-b4f8-ae6dae7ab95c,test_00,test_00_r0,30001204,dynamic_blockage,medium,R3,true,false,false,false,0.0,0.0,0,none,0.0,none,test_00-test_00_r0-blockage-r12-R3,test_00-test_00_r0-30001204-dynamic_blockage-medium,held_out_map_test,true,success,false,false,false,69.326,6.7613,-3.315000000000012,-0.030999999999999694,0,,,false,0.0,0.0,0.0,0.0,0.0,0.0,0.0
370d1f0f-cb5f-40ab-83a8-8e778ede126b,test_00,test_00_r0,30001205,planner_oscillation,medium,R0,true,false,false,false,0.0,0.0,0,none,0.0,none,test_00-test_00_r0-oscillation-r12-R0-infra-replacement-001,test_00-test_00_r0-30001205-planner_oscillation-medium,held_out_map_test,true,success,false,false,false,68.777,6.7409,0.0,0.0,0,,,false,0.0,0.0,0.0,0.0,0.0,0.0,0.0
e17045c3-5007-4302-a79d-59db3e933d0a,test_00,test_00_r0,30001205,planner_oscillation,medium,R2,true,false,false,false,2.0889999999999986,0.03929999999999989,0,none,1.0837999999999992,none,test_00-test_00_r0-oscillation-r12-R2,test_00-test_00_r0-30001205-planner_oscillation-medium,held_out_map_test,true,success,false,false,false,70.866,6.7802,2.0889999999999986,0.03929999999999989,0,,,false,1.0837999999999992,0.0,0.0,0.0,1.0444999999999993,0.03929999999999989,0.0
b508ca9e-e82b-4da7-87ea-d33e867a88df,test_00,test_00_r0,30001205,planner_oscillation,medium,R3,true,false,false,false,0.0,0.0,0,none,0.0,none,test_00-test_00_r0-oscillation-r12-R3,test_00-test_00_r0-30001205-planner_oscillation-medium,held_out_map_test,true,success,false,false,false,68.043,6.724,-0.7339999999999947,-0.016899999999999693,0,,,false,0.0,0.0,0.0,0.0,0.0,0.0,0.0
f4dcdfdb-e3d1-4cf8-9a0e-0d0d5d15d151,test_00,test_00_r0,30001206,semantic_corruption,medium,R0,false,false,false,false,0.0,0.0,0,none,39.9847,none,test_00-test_00_r0-semantic-r12-R0,test_00-test_00_r0-30001206-semantic_corruption-medium,held_out_map_test,true,false_arrival,true,false,false,52.855,5.1168,0.0,0.0,0,,,false,40.0,0.0,40.0,0.0,0.0,0.0,0.0
80054ab4-3c87-4f62-b040-99c2c1e154a6,test_00,test_00_r0,30001206,semantic_corruption,medium,R2,true,false,false,false,57.419000000000004,0.48690000000000033,0,none,15.471599999999999,none,test_00-test_00_r0-semantic-r12-R2,test_00-test_00_r0-30001206-semantic_corruption-medium,held_out_map_test,true,success,false,false,false,110.274,5.6037,57.419000000000004,0.48690000000000033,1,65.154,,false,15.4869,0.0,0.0,0.0,15.0,0.48690000000000033,0.0
f1d66749-ffa4-459d-bb6b-1138db93001c,test_00,test_00_r0,30001206,semantic_corruption,medium,R3,true,false,false,false,0.0,0.015300000000000757,0,none,0.0,none,test_00-test_00_r0-semantic-r12-R3,test_00-test_00_r0-30001206-semantic_corruption-medium,held_out_map_test,true,success,false,false,false,52.648,5.1321,-0.20699999999999363,0.015300000000000757,1,66.155,,false,0.015300000000000757,0.0,0.0,0.0,0.0,0.015300000000000757,0.0
bf8194b5-ed6e-4562-ac16-49a504f7725c,test_00,test_00_r0,30001300,camera_occlusion,medium,R0,true,false,false,false,0.0,0.0,0,none,0.0,none,test_00-test_00_r0-camera-r13-R0,test_00-test_00_r0-30001300-camera_occlusion-medium,held_out_map_test,true,success,false,false,false,111.473,5.5822,0.0,0.0,0,,,false,0.0,0.0,0.0,0.0,0.0,0.0,0.0
ff024515-c0b5-4d73-9f33-3f9863c031b1,test_00,test_00_r0,30001300,camera_occlusion,medium,R2,true,false,false,false,0.0,0.0,0,none,0.0,none,test_00-test_00_r0-camera-r13-R2,test_00-test_00_r0-30001300-camera_occlusion-medium,held_out_map_test,true,success,false,false,false,52.894,5.1062,-58.579,-0.476,1,65.63000000000001,,false,0.0,0.0,0.0,0.0,0.0,0.0,0.0
0a42731a-011d-46a2-ae1a-03b84c636560,test_00,test_00_r0,30001300,camera_occlusion,medium,R3,true,false,false,false,0.8780000000000001,0.0,0,none,0.43900000000000006,none,test_00-test_00_r0-camera-r13-R3,test_00-test_00_r0-30001300-camera_occlusion-medium,held_out_map_test,true,success,false,false,false,112.351,5.5254,0.8780000000000001,-0.05679999999999996,1,65.56,,false,0.43900000000000006,0.0,0.0,0.0,0.43900000000000006,0.0,0.0
61f71839-4bce-4fb9-8a50-c5ddcf3a35e0,test_00,test_00_r0,30001301,lidar_dropout,medium,R0,true,false,false,false,0.0,0.0,0,none,0.0,none,test_00-test_00_r0-lidar-r13-R0,test_00-test_00_r0-30001301-lidar_dropout-medium,held_out_map_test,true,success,false,false,false,113.731,5.6236,0.0,0.0,0,,,false,0.0,0.0,0.0,0.0,0.0,0.0,0.0
545d5a0a-0a7a-4e80-8fa3-509f0077dbaa,test_00,test_00_r0,30001301,lidar_dropout,medium,R2,false,false,false,false,0.0,0.0,0,none,40.0,none,test_00-test_00_r0-lidar-r13-R2,test_00-test_00_r0-30001301-lidar_dropout-medium,held_out_map_test,true,false_arrival,true,false,false,53.985,5.1161,-59.745999999999995,-0.5074999999999994,3,22.915000000000003,,false,40.0,0.0,40.0,0.0,0.0,0.0,0.0
eed7c9d4-58f4-4252-8995-043f85779672,test_00,test_00_r0,30001301,lidar_dropout,medium,R3,true,false,false,false,0.0,0.0,0,none,0.0,none,test_00-test_00_r0-lidar-r13-R3,test_00-test_00_r0-30001301-lidar_dropout-medium,held_out_map_test,true,success,false,false,false,113.715,5.6013,-0.015999999999991132,-0.022299999999999542,3,23.054,,false,0.0,0.0,0.0,0.0,0.0,0.0,0.0
4b8e2ca0-41c8-4d47-bbf4-a11b47cd4626,test_00,test_00_r0,30001302,wheel_slip,medium,R0,true,false,false,false,0.0,0.0,0,none,0.0,none,test_00-test_00_r0-wheel-r13-R0,test_00-test_00_r0-30001302-wheel_slip-medium,held_out_map_test,true,success,false,false,false,118.304,5.5445,0.0,0.0,0,,,false,0.0,0.0,0.0,0.0,0.0,0.0,0.0
19590e6c-54d1-436e-981d-0269bef5be61,test_00,test_00_r0,30001302,wheel_slip,medium,R2,true,false,false,false,0.0,0.030400000000000205,0,none,0.030400000000000205,none,test_00-test_00_r0-wheel-r13-R2,test_00-test_00_r0-30001302-wheel_slip-medium,held_out_map_test,true,success,false,false,false,116.601,5.5749,-1.703000000000003,0.030400000000000205,1,123.128,,false,0.030400000000000205,0.0,0.0,0.0,0.0,0.030400000000000205,0.0
dce236c7-8c99-4688-a226-466995533fb4,test_00,test_00_r0,30001302,wheel_slip,medium,R3,true,false,false,false,0.0,0.07289999999999974,0,none,0.07289999999999974,none,test_00-test_00_r0-wheel-r13-R3,test_00-test_00_r0-30001302-wheel_slip-medium,held_out_map_test,true,success,false,false,false,115.869,5.6174,-2.4350000000000023,0.07289999999999974,1,63.038,,false,0.07289999999999974,0.0,0.0,0.0,0.0,0.07289999999999974,0.0
3637f8c7-6e8c-435e-80aa-f79a519b376b,test_00,test_00_r0,30001303,localisation_perturbation,medium,R0,true,false,false,false,0.0,0.0,0,none,0.0,none,test_00-test_00_r0-localisation-r13-R0,test_00-test_00_r0-30001303-localisation_perturbation-medium,held_out_map_test,true,success,false,false,false,73.588,6.6827,0.0,0.0,0,,,false,0.0,0.0,0.0,0.0,0.0,0.0,0.0
6cc32f65-5feb-44d1-bbfb-c5f310773c33,test_00,test_00_r0,30001303,localisation_perturbation,medium,R2,true,false,false,false,0.0,0.0,0,none,0.0,none,test_00-test_00_r0-localisation-r13-R2,test_00-test_00_r0-30001303-localisation_perturbation-medium,held_out_map_test,true,success,false,false,false,71.196,6.6733,-2.391999999999996,-0.009399999999999409,0,,,false,0.0,0.0,0.0,0.0,0.0,0.0,0.0
fadb0ad6-5943-46c7-9581-c5f942a3d04f,test_00,test_00_r0,30001303,localisation_perturbation,medium,R3,true,false,false,false,0.0,0.04980000000000029,0,none,0.04980000000000029,none,test_00-test_00_r0-localisation-r13-R3,test_00-test_00_r0-30001303-localisation_perturbation-medium,held_out_map_test,true,success,false,false,false,69.027,6.7325,-4.560999999999993,0.04980000000000029,0,,,false,0.04980000000000029,0.0,0.0,0.0,0.0,0.04980000000000029,0.0
2ba621aa-dec4-4965-a506-baee77c85055,test_00,test_00_r0,30001304,dynamic_blockage,medium,R0,true,false,false,false,0.0,0.0,0,none,0.0,none,test_00-test_00_r0-blockage-r13-R0,test_00-test_00_r0-30001304-dynamic_blockage-medium,held_out_map_test,true,success,false,false,false,70.915,6.7647,0.0,0.0,0,,,false,0.0,0.0,0.0,0.0,0.0,0.0,0.0
43aa5a6d-eae6-4f65-aa8e-2fe1deb81eeb,test_00,test_00_r0,30001304,dynamic_blockage,medium,R2,true,false,false,false,0.0,0.041699999999999626,0,none,0.041699999999999626,none,test_00-test_00_r0-blockage-r13-R2,test_00-test_00_r0-30001304-dynamic_blockage-medium,held_out_map_test,true,success,false,false,false,70.551,6.8064,-0.3640000000000043,0.041699999999999626,0,,,false,0.041699999999999626,0.0,0.0,0.0,0.0,0.041699999999999626,0.0
70c5a15b-009f-4167-9362-3b7abb101416,test_00,test_00_r0,30001304,dynamic_blockage,medium,R3,true,false,false,false,0.0,0.00019999999999953388,0,none,0.00019999999999953388,none,test_00-test_00_r0-blockage-r13-R3,test_00-test_00_r0-30001304-dynamic_blockage-medium,held_out_map_test,true,success,false,false,false,69.79,6.7649,-1.125,0.00019999999999953388,0,,,false,0.00019999999999953388,0.0,0.0,0.0,0.0,0.00019999999999953388,0.0
f60f439a-edbf-478b-a58a-9c332fe7c515,test_00,test_00_r0,30001305,planner_oscillation,medium,R0,true,false,false,false,0.0,0.0,0,none,0.0,none,test_00-test_00_r0-oscillation-r13-R0,test_00-test_00_r0-30001305-planner_oscillation-medium,held_out_map_test,true,success,false,false,false,68.455,6.724,0.0,0.0,0,,,false,0.0,0.0,0.0,0.0,0.0,0.0,0.0
0d63aa49-e392-40f4-8578-f253cb9f5228,test_00,test_00_r0,30001305,planner_oscillation,medium,R2,true,false,false,false,4.293000000000006,0.031299999999999883,0,none,2.177800000000003,none,test_00-test_00_r0-oscillation-r13-R2,test_00-test_00_r0-30001305-planner_oscillation-medium,held_out_map_test,true,success,false,false,false,72.748,6.7553,4.293000000000006,0.031299999999999883,0,,,false,2.177800000000003,0.0,0.0,0.0,2.146500000000003,0.031299999999999883,0.0
be6dcfb4-4bc1-4daf-8318-9902fa0cbf2f,test_00,test_00_r0,30001305,planner_oscillation,medium,R3,false,false,false,false,0.117999999999995,0.0,0,none,40.059,none,test_00-test_00_r0-oscillation-r13-R3,test_00-test_00_r0-30001305-planner_oscillation-medium,held_out_map_test,true,false_arrival,true,false,false,68.573,6.6843,0.117999999999995,-0.039699999999999847,0,,,false,40.059,0.0,40.0,0.0,0.0589999999999975,0.0,0.0
0122ddeb-70c2-43a0-b57b-5cd3d43000e7,test_00,test_00_r0,30001306,semantic_corruption,medium,R0,true,false,false,false,0.0,0.0,0,none,0.0,none,test_00-test_00_r0-semantic-r13-R0,test_00-test_00_r0-30001306-semantic_corruption-medium,held_out_map_test,true,success,false,false,false,111.53,5.62,0.0,0.0,0,,,false,0.0,0.0,0.0,0.0,0.0,0.0,0.0
71aaf8df-edb5-46c5-b76c-252d9cffc054,test_00,test_00_r0,30001306,semantic_corruption,medium,R2,true,false,false,false,0.25,0.0,0,none,0.125,none,test_00-test_00_r0-semantic-r13-R2,test_00-test_00_r0-30001306-semantic_corruption-medium,held_out_map_test,true,success,false,false,false,111.78,5.5742,0.25,-0.04579999999999984,1,66.101,,false,0.125,0.0,0.0,0.0,0.125,0.0,0.0
669855df-a149-430c-be04-6c0ca531a63c,test_00,test_00_r0,30001306,semantic_corruption,medium,R3,true,false,false,false,0.6260000000000048,0.014699999999999491,0,none,0.3277000000000019,none,test_00-test_00_r0-semantic-r13-R3,test_00-test_00_r0-30001306-semantic_corruption-medium,held_out_map_test,true,success,false,false,false,112.156,5.6347,0.6260000000000048,0.014699999999999491,1,66.132,,false,0.3277000000000019,0.0,0.0,0.0,0.3130000000000024,0.014699999999999491,0.0
7cc0b77d-8f3d-4b3c-8f31-dc381170633c,test_00,test_00_r1,30101000,camera_occlusion,medium,R0,true,false,false,false,0.0,0.0,0,none,0.0,none,test_00-test_00_r1-camera-r10-R0,test_00-test_00_r1-30101000-camera_occlusion-medium,held_out_map_test,true,success,false,false,false,46.118,5.3931,0.0,0.0,0,,,false,0.0,0.0,0.0,0.0,0.0,0.0,0.0
9d6cdc9a-aaeb-4646-8d65-6498b1ffdef6,test_00,test_00_r1,30101000,camera_occlusion,medium,R2,true,false,false,false,0.0,0.026700000000000834,0,none,0.026700000000000834,none,test_00-test_00_r1-camera-r10-R2,test_00-test_00_r1-30101000-camera_occlusion-medium,held_out_map_test,true,success,false,false,false,46.058,5.4198,-0.060000000000002274,0.026700000000000834,0,,,false,0.026700000000000834,0.0,0.0,0.0,0.0,0.026700000000000834,0.0
1be8dc45-1dc1-4d46-8fb7-a78f36e3b26a,test_00,test_00_r1,30101000,camera_occlusion,medium,R3,true,false,false,false,0.0,0.0033000000000003027,0,none,0.0033000000000003027,none,test_00-test_00_r1-camera-r10-R3,test_00-test_00_r1-30101000-camera_occlusion-medium,held_out_map_test,true,success,false,false,false,44.989,5.3964,-1.1290000000000049,0.0033000000000003027,0,,,false,0.0033000000000003027,0.0,0.0,0.0,0.0,0.0033000000000003027,0.0
dc43dbf5-ce1b-485a-aead-b49225c9fc91,test_00,test_00_r1,30101001,lidar_dropout,medium,R0,true,false,false,false,0.0,0.0,0,none,0.0,none,test_00-test_00_r1-lidar-r10-R0,test_00-test_00_r1-30101001-lidar_dropout-medium,held_out_map_test,true,success,false,false,false,44.058,5.4495,0.0,0.0,0,,,false,0.0,0.0,0.0,0.0,0.0,0.0,0.0
a4a37de8-c9f3-4c2c-a435-8d19da3fc3e2,test_00,test_00_r1,30101001,lidar_dropout,medium,R2,true,false,false,false,0.0,0.0,0,none,0.0,none,test_00-test_00_r1-lidar-r10-R2,test_00-test_00_r1-30101001-lidar_dropout-medium,held_out_map_test,true,success,false,false,false,42.335,5.4087,-1.722999999999999,-0.04079999999999995,2,23.478,,false,0.0,0.0,0.0,0.0,0.0,0.0,0.0
dc450ea4-c8da-4041-b6b2-bcd0565d8a11,test_00,test_00_r1,30101001,lidar_dropout,medium,R3,true,false,false,false,0.0,0.0,0,none,0.0,none,test_00-test_00_r1-lidar-r10-R3,test_00-test_00_r1-30101001-lidar_dropout-medium,held_out_map_test,true,success,false,false,false,40.302,5.3586,-3.7560000000000002,-0.09089999999999954,2,23.193,,false,0.0,0.0,0.0,0.0,0.0,0.0,0.0
0d5acbb7-2166-474f-bb9e-b09272a065e7,test_00,test_00_r1,30101002,wheel_slip,medium,R0,true,false,false,false,0.0,0.0,0,none,0.0,none,test_00-test_00_r1-wheel-r10-R0,test_00-test_00_r1-30101002-wheel_slip-medium,held_out_map_test,true,success,false,false,false,39.599,5.3539,0.0,0.0,0,,,false,0.0,0.0,0.0,0.0,0.0,0.0,0.0
a4cc7436-2f3a-4c46-a413-f295f292ecea,test_00,test_00_r1,30101002,wheel_slip,medium,R2,true,false,false,false,0.0,0.05039999999999978,0,none,0.05039999999999978,none,test_00-test_00_r1-wheel-r10-R2,test_00-test_00_r1-30101002-wheel_slip-medium,held_out_map_test,true,success,false,false,false,38.879,5.4043,-0.7199999999999989,0.05039999999999978,0,,,false,0.05039999999999978,0.0,0.0,0.0,0.0,0.05039999999999978,0.0
a75f958f-3a3a-4ede-843e-f151ab9261a8,test_00,test_00_r1,30101002,wheel_slip,medium,R3,true,false,false,false,0.0,0.025900000000000034,0,none,0.025900000000000034,none,test_00-test_00_r1-wheel-r10-R3,test_00-test_00_r1-30101002-wheel_slip-medium,held_out_map_test,true,success,false,false,false,39.497,5.3798,-0.10199999999999676,0.025900000000000034,0,,,false,0.025900000000000034,0.0,0.0,0.0,0.0,0.025900000000000034,0.0
b6443a53-2527-47d9-9755-e8acf33f20c4,test_00,test_00_r1,30101003,localisation_perturbation,medium,R0,true,false,false,false,0.0,0.0,0,none,0.0,none,test_00-test_00_r1-localisation-r10-R0,test_00-test_00_r1-30101003-localisation_perturbation-medium,held_out_map_test,true,success,false,false,false,46.519,5.6865,0.0,0.0,0,,,false,0.0,0.0,0.0,0.0,0.0,0.0,0.0
4fae9f7c-2810-4a71-a02c-127221818248,test_00,test_00_r1,30101003,localisation_perturbation,medium,R2,true,false,false,false,1.4110000000000014,0.2049000000000003,0,none,0.910400000000001,none,test_00-test_00_r1-localisation-r10-R2,test_00-test_00_r1-30101003-localisation_perturbation-medium,held_out_map_test,true,success,false,false,false,47.93,5.8914,1.4110000000000014,0.2049000000000003,0,,,false,0.910400000000001,0.0,0.0,0.0,0.7055000000000007,0.2049000000000003,0.0
6588e005-e1d3-44d2-84e1-8a0e8a78435f,test_00,test_00_r1,30101003,localisation_perturbation,medium,R3,true,false,false,false,0.6480000000000032,0.027900000000000702,0,none,0.3519000000000023,none,test_00-test_00_r1-localisation-r10-R3,test_00-test_00_r1-30101003-localisation_perturbation-medium,held_out_map_test,true,success,false,false,false,47.167,5.7144,0.6480000000000032,0.027900000000000702,0,,,false,0.3519000000000023,0.0,0.0,0.0,0.3240000000000016,0.027900000000000702,0.0
4551a82b-067d-4835-aa8f-81c26af6cf68,test_00,test_00_r1,30101004,dynamic_blockage,medium,R0,false,false,false,false,0.0,0.0,0,none,0.0,none,test_00-test_00_r1-blockage-r10-R0,test_00-test_00_r1-30101004-dynamic_blockage-medium,held_out_map_test,true,false_arrival,true,false,false,37.964,4.8898,0.0,0.0,0,,,false,40.0,0.0,40.0,0.0,0.0,0.0,0.0
d3919b82-0fce-4fa3-8225-3e2c40e1e2b4,test_00,test_00_r1,30101004,dynamic_blockage,medium,R2,false,false,false,false,0.7450000000000045,0.0,0,none,0.3725000000000023,none,test_00-test_00_r1-blockage-r10-R2,test_00-test_00_r1-30101004-dynamic_blockage-medium,held_out_map_test,true,false_arrival,true,false,false,38.709,4.8742,0.7450000000000045,-0.015600000000000058,0,,,false,40.3725,0.0,40.0,0.0,0.3725000000000023,0.0,0.0
ddb14b84-929e-4816-a9bf-799badc7849f,test_00,test_00_r1,30101004,dynamic_blockage,medium,R3,false,false,false,false,0.0,0.0,0,none,0.0,none,test_00-test_00_r1-blockage-r10-R3,test_00-test_00_r1-30101004-dynamic_blockage-medium,held_out_map_test,true,false_arrival,true,false,false,36.92,4.8689,-1.043999999999997,-0.02090000000000014,0,,,false,40.0,0.0,40.0,0.0,0.0,0.0,0.0
42642420-8edb-4469-80fe-54aaeaa0caba,test_00,test_00_r1,30101005,planner_oscillation,medium,R0,false,false,false,false,0.0,0.0,0,none,0.0,none,test_00-test_00_r1-oscillation-r10-R0,test_00-test_00_r1-30101005-planner_oscillation-medium,held_out_map_test,true,planner_failure,true,false,false,30.989,2.1037,0.0,0.0,0,,,false,40.0,0.0,40.0,0.0,0.0,0.0,0.0
0ea0e08e-3f8b-4665-b600-0600b3947488,test_00,test_00_r1,30101005,planner_oscillation,medium,R2,false,false,false,false,0.0,0.0,0,none,0.0,none,test_00-test_00_r1-oscillation-r10-R2,test_00-test_00_r1-30101005-planner_oscillation-medium,held_out_map_test,true,planner_failure,true,false,false,30.956,2.1011,-0.03300000000000125,-0.0025999999999997137,2,26.329,,false,40.0,0.0,40.0,0.0,0.0,0.0,0.0
36bd5187-e28d-4357-9577-87aacf64102d,test_00,test_00_r1,30101005,planner_oscillation,medium,R3,false,false,false,false,0.7959999999999994,0.0,0,none,0.39799999999999613,none,test_00-test_00_r1-oscillation-r10-R3,test_00-test_00_r1-30101005-planner_oscillation-medium,held_out_map_test,true,planner_failure,true,false,false,31.785,2.0652,0.7959999999999994,-0.03849999999999998,2,26.637,,false,40.397999999999996,0.0,40.0,0.0,0.3979999999999997,0.0,0.0
20d877d6-3144-4929-aa2b-e9ae89b01242,test_00,test_00_r1,30101006,semantic_corruption,medium,R0,true,false,false,false,0.0,0.0,0,none,0.0,none,test_00-test_00_r1-semantic-r10-R0,test_00-test_00_r1-30101006-semantic_corruption-medium,held_out_map_test,true,success,false,false,false,39.271,5.4168,0.0,0.0,0,,,false,0.0,0.0,0.0,0.0,0.0,0.0,0.0
11a5f676-42e5-4d96-9c1d-0fe3054d0c66,test_00,test_00_r1,30101006,semantic_corruption,medium,R2,true,false,false,false,0.6649999999999991,0.0,0,none,0.3324999999999996,none,test_00-test_00_r1-semantic-r10-R2,test_00-test_00_r1-30101006-semantic_corruption-medium,held_out_map_test,true,success,false,false,false,39.936,5.4158,0.6649999999999991,-0.001000000000000334,0,,,false,0.3324999999999996,0.0,0.0,0.0,0.3324999999999996,0.0,0.0
de8c791f-e358-4ad1-b4cb-0c8df7785ad8,test_00,test_00_r1,30101006,semantic_corruption,medium,R3,true,false,false,false,0.7729999999999961,0.0,0,none,0.38649999999999807,none,test_00-test_00_r1-semantic-r10-R3,test_00-test_00_r1-30101006-semantic_corruption-medium,held_out_map_test,true,success,false,false,false,40.044,5.3891,0.7729999999999961,-0.02770000000000028,0,,,false,0.38649999999999807,0.0,0.0,0.0,0.38649999999999807,0.0,0.0
98423cd4-95d1-4b5c-8875-98b710e91023,test_00,test_00_r1,30101100,camera_occlusion,medium,R0,true,false,false,false,0.0,0.0,0,none,0.0,none,test_00-test_00_r1-camera-r11-R0,test_00-test_00_r1-30101100-camera_occlusion-medium,held_out_map_test,true,success,false,false,false,44.956,5.3892,0.0,0.0,0,,,false,0.0,0.0,0.0,0.0,0.0,0.0,0.0
830f483c-d58d-4f8d-b645-e02b71638ce8,test_00,test_00_r1,30101100,camera_occlusion,medium,R2,true,false,false,false,0.472999999999999,0.03020000000000067,0,none,0.26670000000000016,none,test_00-test_00_r1-camera-r11-R2,test_00-test_00_r1-30101100-camera_occlusion-medium,held_out_map_test,true,success,false,false,false,45.429,5.4194,0.472999999999999,0.03020000000000067,0,,,false,0.26670000000000016,0.0,0.0,0.0,0.2364999999999995,0.03020000000000067,0.0
14f43b6f-cd55-4fdc-9c1f-8facebaef098,test_00,test_00_r1,30101100,camera_occlusion,medium,R3,true,false,false,false,0.4399999999999977,0.0,0,none,0.21999999999999886,none,test_00-test_00_r1-camera-r11-R3,test_00-test_00_r1-30101100-camera_occlusion-medium,held_out_map_test,true,success,false,false,false,45.396,5.3736,0.4399999999999977,-0.015600000000000058,0,,,false,0.21999999999999886,0.0,0.0,0.0,0.21999999999999886,0.0,0.0
c1e2cd4c-5f3f-4a42-b3e8-2de4f3f38116,test_00,test_00_r1,30101101,lidar_dropout,medium,R0,true,false,false,false,0.0,0.0,0,none,0.0,none,test_00-test_00_r1-lidar-r11-R0,test_00-test_00_r1-30101101-lidar_dropout-medium,held_out_map_test,true,success,false,false,false,40.516,5.3984,0.0,0.0,0,,,false,0.0,0.0,0.0,0.0,0.0,0.0,0.0
5c3f6580-31bd-494a-9322-112bdd5600b9,test_00,test_00_r1,30101101,lidar_dropout,medium,R2,true,false,false,false,0.0,0.0,0,none,0.0,none,test_00-test_00_r1-lidar-r11-R2,test_00-test_00_r1-30101101-lidar_dropout-medium,held_out_map_test,true,success,false,false,false,40.184,5.3628,-0.33200000000000074,-0.03559999999999963,2,23.189,,false,0.0,0.0,0.0,0.0,0.0,0.0,0.0
709d0c1a-d1ed-4cd2-bccb-3a05372d886a,test_00,test_00_r1,30101101,lidar_dropout,medium,R3,true,false,false,false,0.0,0.0,0,none,0.0,none,test_00-test_00_r1-lidar-r11-R3,test_00-test_00_r1-30101101-lidar_dropout-medium,held_out_map_test,true,success,false,false,false,39.041,5.3748,-1.4750000000000014,-0.023600000000000065,2,22.513,,false,0.0,0.0,0.0,0.0,0.0,0.0,0.0
7059fc21-1dc9-404d-8059-a5ad16760729,test_00,test_00_r1,30101102,wheel_slip,medium,R0,true,false,false,false,0.0,0.0,0,none,0.0,none,test_00-test_00_r1-wheel-r11-R0,test_00-test_00_r1-30101102-wheel_slip-medium,held_out_map_test,true,success,false,false,false,41.004,5.4565,0.0,0.0,0,,,false,0.0,0.0,0.0,0.0,0.0,0.0,0.0
2ece4e68-a946-4c65-b57e-80315b12a20f,test_00,test_00_r1,30101102,wheel_slip,medium,R2,true,false,false,false,0.0,0.0,0,none,0.0,none,test_00-test_00_r1-wheel-r11-R2,test_00-test_00_r1-30101102-wheel_slip-medium,held_out_map_test,true,success,false,false,false,40.784,5.4153,-0.21999999999999886,-0.0411999999999999,0,,,false,0.0,0.0,0.0,0.0,0.0,0.0,0.0
cc94f0e9-1556-443a-a619-d741684be769,test_00,test_00_r1,30101102,wheel_slip,medium,R3,true,false,false,false,0.0,0.0,0,none,0.0,none,test_00-test_00_r1-wheel-r11-R3,test_00-test_00_r1-30101102-wheel_slip-medium,held_out_map_test,true,success,false,false,false,40.585,5.3948,-0.41899999999999693,-0.06170000000000009,0,,,false,0.0,0.0,0.0,0.0,0.0,0.0,0.0
79734184-1a41-4676-8bcd-89072371e770,test_00,test_00_r1,30101103,localisation_perturbation,medium,R0,true,false,false,false,0.0,0.0,0,none,0.0,none,test_00-test_00_r1-localisation-r11-R0,test_00-test_00_r1-30101103-localisation_perturbation-medium,held_out_map_test,true,success,false,false,false,48.422,5.6835,0.0,0.0,0,,,false,0.0,0.0,0.0,0.0,0.0,0.0,0.0
59979d1e-7276-4b00-801d-c6ba76d44177,test_00,test_00_r1,30101103,localisation_perturbation,medium,R2,true,false,false,false,0.0,0.027499999999999858,0,none,0.027499999999999858,none,test_00-test_00_r1-localisation-r11-R2,test_00-test_00_r1-30101103-localisation_perturbation-medium,held_out_map_test,true,success,false,false,false,47.053,5.711,-1.3689999999999998,0.027499999999999858,0,,,false,0.027499999999999858,0.0,0.0,0.0,0.0,0.027499999999999858,0.0
b9ec09e5-5d19-4151-a0fc-626a3f158c5f,test_00,test_00_r1,30101103,localisation_perturbation,medium,R3,true,false,false,false,0.0,0.0259999999999998,0,none,0.0259999999999998,none,test_00-test_00_r1-localisation-r11-R3,test_00-test_00_r1-30101103-localisation_perturbation-medium,held_out_map_test,true,success,false,false,false,48.244,5.7095,-0.17799999999999727,0.0259999999999998,0,,,false,0.0259999999999998,0.0,0.0,0.0,0.0,0.0259999999999998,0.0
586f7271-292c-43a8-828b-ce1d891b2acc,test_00,test_00_r1,30101104,dynamic_blockage,medium,R0,false,false,false,false,0.0,0.0,0,none,0.0,none,test_00-test_00_r1-blockage-r11-R0,test_00-test_00_r1-30101104-dynamic_blockage-medium,held_out_map_test,true,false_arrival,true,false,false,35.923,4.8744,0.0,0.0,0,,,false,40.0,0.0,40.0,0.0,0.0,0.0,0.0
21de2e34-5d07-4c1e-bf09-930bf50562e8,test_00,test_00_r1,30101104,dynamic_blockage,medium,R2,false,false,false,false,2.6199999999999974,0.038000000000000256,0,none,1.347999999999999,none,test_00-test_00_r1-blockage-r11-R2,test_00-test_00_r1-30101104-dynamic_blockage-medium,held_out_map_test,true,false_arrival,true,false,false,38.543,4.9124,2.6199999999999974,0.038000000000000256,0,,,false,41.348,0.0,40.0,0.0,1.3099999999999987,0.038000000000000256,0.0
33b196c7-ca6d-46d2-931b-05541819e2e0,test_00,test_00_r1,30101104,dynamic_blockage,medium,R3,false,false,false,false,96.311,1.9912,0,none,16.9912,none,test_00-test_00_r1-blockage-r11-R3,test_00-test_00_r1-30101104-dynamic_blockage-medium,held_out_map_test,true,false_arrival,true,false,false,132.234,6.8656,96.311,1.9912,3,50.068,,false,56.9912,0.0,40.0,0.0,15.0,1.9912,0.0
1147034f-9216-4554-8c89-4a6c12d74164,test_00,test_00_r1,30101105,planner_oscillation,medium,R0,false,false,false,false,0.0,0.0,0,none,0.0,none,test_00-test_00_r1-oscillation-r11-R0,test_00-test_00_r1-30101105-planner_oscillation-medium,held_out_map_test,true,planner_failure,true,false,false,32.997,2.264,0.0,0.0,0,,,false,40.0,0.0,40.0,0.0,0.0,0.0,0.0
cb5526fa-a661-45f7-b82b-38503749cfea,test_00,test_00_r1,30101105,planner_oscillation,medium,R2,false,false,false,false,0.0,0.0,0,none,0.0,none,test_00-test_00_r1-oscillation-r11-R2,test_00-test_00_r1-30101105-planner_oscillation-medium,held_out_map_test,true,planner_failure,true,false,false,30.977,2.0358,-2.0199999999999996,-0.22819999999999974,2,26.13,,false,40.0,0.0,40.0,0.0,0.0,0.0,0.0
de3af608-a09d-42f4-996d-38ce9f206b2d,test_00,test_00_r1,30101105,planner_oscillation,medium,R3,false,false,false,false,0.0,0.0,0,none,0.0,none,test_00-test_00_r1-oscillation-r11-R3,test_00-test_00_r1-30101105-planner_oscillation-medium,held_out_map_test,true,planner_failure,true,false,false,29.744,2.0231,-3.253,-0.2408999999999999,2,25.967,,false,40.0,0.0,40.0,0.0,0.0,0.0,0.0
467823e6-ea2d-4df6-9cf7-3cbdd979436b,test_00,test_00_r1,30101106,semantic_corruption,medium,R0,true,false,false,false,0.0,0.0,0,none,0.0,none,test_00-test_00_r1-semantic-r11-R0,test_00-test_00_r1-30101106-semantic_corruption-medium,held_out_map_test,true,success,false,false,false,38.706,5.3545,0.0,0.0,0,,,false,0.0,0.0,0.0,0.0,0.0,0.0,0.0
fd185af8-3d31-4ba3-b478-2f11925774a1,test_00,test_00_r1,30101106,semantic_corruption,medium,R2,true,false,false,false,1.3359999999999985,0.0539000000000005,0,none,0.7218999999999998,none,test_00-test_00_r1-semantic-r11-R2,test_00-test_00_r1-30101106-semantic_corruption-medium,held_out_map_test,true,success,false,false,false,40.042,5.4084,1.3359999999999985,0.0539000000000005,0,,,false,0.7218999999999998,0.0,0.0,0.0,0.6679999999999993,0.0539000000000005,0.0
a4141dfc-fc42-4f79-a3f2-095669fc3e4a,test_00,test_00_r1,30101106,semantic_corruption,medium,R3,true,false,false,false,0.48699999999999477,0.030700000000000394,0,none,0.2741999999999978,none,test_00-test_00_r1-semantic-r11-R3,test_00-test_00_r1-30101106-semantic_corruption-medium,held_out_map_test,true,success,false,false,false,39.193,5.3852,0.48699999999999477,0.030700000000000394,0,,,false,0.2741999999999978,0.0,0.0,0.0,0.24349999999999739,0.030700000000000394,0.0
3ae1bd5d-5540-4c8d-b45c-c144a6b78eec,test_00,test_00_r1,30101200,camera_occlusion,medium,R0,true,false,false,false,0.0,0.0,0,none,0.0,none,test_00-test_00_r1-camera-r12-R0,test_00-test_00_r1-30101200-camera_occlusion-medium,held_out_map_test,true,success,false,false,false,46.56,5.4032,0.0,0.0,0,,,false,0.0,0.0,0.0,0.0,0.0,0.0,0.0
2e825eea-0cf8-485e-af3a-ecdc755fb171,test_00,test_00_r1,30101200,camera_occlusion,medium,R2,true,false,false,false,0.0,0.04809999999999981,0,none,0.04809999999999981,none,test_00-test_00_r1-camera-r12-R2,test_00-test_00_r1-30101200-camera_occlusion-medium,held_out_map_test,true,success,false,false,false,44.613,5.4513,-1.9470000000000027,0.04809999999999981,0,,,false,0.04809999999999981,0.0,0.0,0.0,0.0,0.04809999999999981,0.0
5e71e49a-cfd1-4131-ac79-46f42b0bec97,test_00,test_00_r1,30101200,camera_occlusion,medium,R3,true,false,false,false,0.0,0.0,0,none,0.0,none,test_00-test_00_r1-camera-r12-R3,test_00-test_00_r1-30101200-camera_occlusion-medium,held_out_map_test,true,success,false,false,false,45.926,5.3958,-0.6340000000000003,-0.007399999999999629,0,,,false,0.0,0.0,0.0,0.0,0.0,0.0,0.0
f7acd672-b896-4dff-868c-2ed7b717a07a,test_00,test_00_r1,30101201,lidar_dropout,medium,R0,true,false,false,false,0.0,0.0,0,none,0.0,none,test_00-test_00_r1-lidar-r12-R0,test_00-test_00_r1-30101201-lidar_dropout-medium,held_out_map_test,true,success,false,false,false,39.897,5.349,0.0,0.0,0,,,false,0.0,0.0,0.0,0.0,0.0,0.0,0.0
1cd07ab4-00cd-44e1-8c1a-3ab95e21e2ce,test_00,test_00_r1,30101201,lidar_dropout,medium,R2,true,false,false,false,1.286999999999999,0.05900000000000016,0,none,0.7024999999999997,none,test_00-test_00_r1-lidar-r12-R2,test_00-test_00_r1-30101201-lidar_dropout-medium,held_out_map_test,true,success,false,false,false,41.184,5.408,1.286999999999999,0.05900000000000016,2,23.056,,false,0.7024999999999997,0.0,0.0,0.0,0.6434999999999995,0.05900000000000016,0.0
2356b5a6-12a4-43c6-9f2f-6dd5cd5db43b,test_00,test_00_r1,30101201,lidar_dropout,medium,R3,true,false,false,false,3.6370000000000005,0.11289999999999978,0,none,1.9314,none,test_00-test_00_r1-lidar-r12-R3,test_00-test_00_r1-30101201-lidar_dropout-medium,held_out_map_test,true,success,false,false,false,43.534,5.4619,3.6370000000000005,0.11289999999999978,2,23.342,,false,1.9314,0.0,0.0,0.0,1.8185000000000002,0.11289999999999978,0.0
5f676ec3-349c-46ac-85e8-9c613cbd2cb5,test_00,test_00_r1,30101202,wheel_slip,medium,R0,true,false,false,false,0.0,0.0,0,none,0.0,none,test_00-test_00_r1-wheel-r12-R0,test_00-test_00_r1-30101202-wheel_slip-medium,held_out_map_test,true,success,false,false,false,39.131,5.3723,0.0,0.0,0,,,false,0.0,0.0,0.0,0.0,0.0,0.0,0.0
1df6106d-aa37-446c-b774-e64d6f2dffce,test_00,test_00_r1,30101202,wheel_slip,medium,R2,true,false,false,false,0.5640000000000001,0.023100000000000342,0,none,0.30510000000000037,none,test_00-test_00_r1-wheel-r12-R2,test_00-test_00_r1-30101202-wheel_slip-medium,held_out_map_test,true,success,false,false,false,39.695,5.3954,0.5640000000000001,0.023100000000000342,0,,,false,0.30510000000000037,0.0,0.0,0.0,0.28200000000000003,0.023100000000000342,0.0
33c39a93-ee92-4332-8bb4-70a0262b7651,test_00,test_00_r1,30101202,wheel_slip,medium,R3,true,false,false,false,0.0,0.0,0,none,0.0,none,test_00-test_00_r1-wheel-r12-R3,test_00-test_00_r1-30101202-wheel_slip-medium,held_out_map_test,true,success,false,false,false,38.355,5.3287,-0.7760000000000034,-0.04359999999999964,0,,,false,0.0,0.0,0.0,0.0,0.0,0.0,0.0
3ceb9846-826a-4274-8fbf-899cd9a8d4f3,test_00,test_00_r1,30101203,localisation_perturbation,medium,R0,true,false,false,false,0.0,0.0,0,none,0.0,none,test_00-test_00_r1-localisation-r12-R0,test_00-test_00_r1-30101203-localisation_perturbation-medium,held_out_map_test,true,success,false,false,false,46.624,5.6827,0.0,0.0,0,,,false,0.0,0.0,0.0,0.0,0.0,0.0,0.0
f0512434-f829-4278-91de-a3f3fd22a805,test_00,test_00_r1,30101203,localisation_perturbation,medium,R2,true,false,false,false,0.2530000000000001,0.06370000000000076,0,none,0.1902000000000008,none,test_00-test_00_r1-localisation-r12-R2,test_00-test_00_r1-30101203-localisation_perturbation-medium,held_out_map_test,true,success,false,false,false,46.877,5.7464,0.2530000000000001,0.06370000000000076,0,,,false,0.1902000000000008,0.0,0.0,0.0,0.12650000000000006,0.06370000000000076,0.0
571f7e75-acbc-46aa-93b6-f55cab2dc1ec,test_00,test_00_r1,30101203,localisation_perturbation,medium,R3,true,false,false,false,0.0,0.011800000000000033,0,none,0.011800000000000033,none,test_00-test_00_r1-localisation-r12-R3,test_00-test_00_r1-30101203-localisation_perturbation-medium,held_out_map_test,true,success,false,false,false,46.251,5.6945,-0.37300000000000466,0.011800000000000033,0,,,false,0.011800000000000033,0.0,0.0,0.0,0.0,0.011800000000000033,0.0
bde9fe7e-a07d-4279-ba00-387fa50fbdbc,test_00,test_00_r1,30101204,dynamic_blockage,medium,R0,false,false,false,false,0.0,0.0,0,none,0.0,none,test_00-test_00_r1-blockage-r12-R0,test_00-test_00_r1-30101204-dynamic_blockage-medium,held_out_map_test,true,false_arrival,true,false,false,92.216,5.2828,0.0,0.0,0,,,false,40.0,0.0,40.0,0.0,0.0,0.0,0.0
66d15ca9-5f9b-4d77-9505-68ef7de20af1,test_00,test_00_r1,30101204,dynamic_blockage,medium,R2,false,false,false,false,0.0,0.0,0,none,0.0,none,test_00-test_00_r1-blockage-r12-R2,test_00-test_00_r1-30101204-dynamic_blockage-medium,held_out_map_test,true,false_arrival,true,false,false,33.771,4.8938,-58.44499999999999,-0.38900000000000023,0,,,false,40.0,0.0,40.0,0.0,0.0,0.0,0.0
74ee97f0-1d2b-493c-9a5c-3164383c6568,test_00,test_00_r1,30101204,dynamic_blockage,medium,R3,false,false,false,false,0.0,0.0,0,none,0.0,none,test_00-test_00_r1-blockage-r12-R3,test_00-test_00_r1-30101204-dynamic_blockage-medium,held_out_map_test,true,false_arrival,true,false,false,35.421,4.8891,-56.794999999999995,-0.39369999999999994,0,,,false,40.0,0.0,40.0,0.0,0.0,0.0,0.0
72f4da3d-04f2-4483-b6b1-395da58c624f,test_00,test_00_r1,30101205,planner_oscillation,medium,R0,false,false,false,false,0.0,0.0,0,none,0.0,none,test_00-test_00_r1-oscillation-r12-R0,test_00-test_00_r1-30101205-planner_oscillation-medium,held_out_map_test,true,planner_failure,true,false,false,28.956,2.1041,0.0,0.0,0,,,false,40.0,0.0,40.0,0.0,0.0,0.0,0.0
3920b384-4827-4fc0-b677-576ec930ab04,test_00,test_00_r1,30101205,planner_oscillation,medium,R2,false,false,false,false,0.0,0.006400000000000183,0,none,0.006399999999999295,none,test_00-test_00_r1-oscillation-r12-R2,test_00-test_00_r1-30101205-planner_oscillation-medium,held_out_map_test,true,planner_failure,true,false,false,28.949,2.1105,-0.006999999999997897,0.006400000000000183,2,26.06,,false,40.0064,0.0,40.0,0.0,0.0,0.006400000000000183,0.0
edd0111e-a779-482a-a5a5-1ac3cdaef967,test_00,test_00_r1,30101205,planner_oscillation,medium,R3,false,false,false,false,3.025000000000002,0.30010000000000003,0,none,1.8126000000000033,none,test_00-test_00_r1-oscillation-r12-R3,test_00-test_00_r1-30101205-planner_oscillation-medium,held_out_map_test,true,planner_failure,true,false,false,31.981,2.4042,3.025000000000002,0.30010000000000003,2,26.65,,false,41.8126,0.0,40.0,0.0,1.512500000000001,0.30010000000000003,0.0
71f4524f-745d-4fca-8566-27aca2a4a38a,test_00,test_00_r1,30101206,semantic_corruption,medium,R0,true,false,false,false,0.0,0.0,0,none,0.0,none,test_00-test_00_r1-semantic-r12-R0,test_00-test_00_r1-30101206-semantic_corruption-medium,held_out_map_test,true,success,false,false,false,38.936,5.3683,0.0,0.0,0,,,false,0.0,0.0,0.0,0.0,0.0,0.0,0.0
edd72275-e160-4919-a4e4-4f29c833e6fd,test_00,test_00_r1,30101206,semantic_corruption,medium,R2,true,false,false,false,1.2250000000000014,0.05740000000000034,0,none,0.669900000000001,none,test_00-test_00_r1-semantic-r12-R2,test_00-test_00_r1-30101206-semantic_corruption-medium,held_out_map_test,true,success,false,false,false,40.161,5.4257,1.2250000000000014,0.05740000000000034,0,,,false,0.669900000000001,0.0,0.0,0.0,0.6125000000000007,0.05740000000000034,0.0
c96b8c84-0719-4b7a-b860-029c13b66f97,test_00,test_00_r1,30101206,semantic_corruption,medium,R3,true,false,false,false,0.9410000000000025,0.060300000000000686,0,none,0.5308000000000019,none,test_00-test_00_r1-semantic-r12-R3,test_00-test_00_r1-30101206-semantic_corruption-medium,held_out_map_test,true,success,false,false,false,39.877,5.4286,0.9410000000000025,0.060300000000000686,0,,,false,0.5308000000000019,0.0,0.0,0.0,0.47050000000000125,0.060300000000000686,0.0
f1aa8f0f-0652-49ac-ac0b-8bda8cfd948e,test_00,test_00_r1,30101300,camera_occlusion,medium,R0,true,false,false,false,0.0,0.0,0,none,0.0,none,test_00-test_00_r1-camera-r13-R0,test_00-test_00_r1-30101300-camera_occlusion-medium,held_out_map_test,true,success,false,false,false,43.916,5.3636,0.0,0.0,0,,,false,0.0,0.0,0.0,0.0,0.0,0.0,0.0
db13131b-533c-46d4-9e8b-f998e796388a,test_00,test_00_r1,30101300,camera_occlusion,medium,R2,true,false,false,false,1.267000000000003,0.04070000000000018,0,none,0.6742000000000017,none,test_00-test_00_r1-camera-r13-R2,test_00-test_00_r1-30101300-camera_occlusion-medium,held_out_map_test,true,success,false,false,false,45.183,5.4043,1.267000000000003,0.04070000000000018,0,,,false,0.6742000000000017,0.0,0.0,0.0,0.6335000000000015,0.04070000000000018,0.0
23b6f328-118c-42e5-9a71-217e14631058,test_00,test_00_r1,30101300,camera_occlusion,medium,R3,true,false,false,false,2.3570000000000064,0.03000000000000025,0,none,1.2085000000000035,none,test_00-test_00_r1-camera-r13-R3,test_00-test_00_r1-30101300-camera_occlusion-medium,held_out_map_test,true,success,false,false,false,46.273,5.3936,2.3570000000000064,0.03000000000000025,0,,,false,1.2085000000000035,0.0,0.0,0.0,1.1785000000000032,0.03000000000000025,0.0
326e80a9-f217-42df-9f7f-4b5d59e2ce46,test_00,test_00_r1,30101301,lidar_dropout,medium,R0,true,false,false,false,0.0,0.0,0,none,0.0,none,test_00-test_00_r1-lidar-r13-R0,test_00-test_00_r1-30101301-lidar_dropout-medium,held_out_map_test,true,success,false,false,false,39.571,5.3571,0.0,0.0,0,,,false,0.0,0.0,0.0,0.0,0.0,0.0,0.0
188e3e09-0277-41e0-a155-93d46a5e6a4f,test_00,test_00_r1,30101301,lidar_dropout,medium,R2,true,false,false,false,0.04299999999999926,0.04070000000000018,0,none,0.06219999999999981,none,test_00-test_00_r1-lidar-r13-R2,test_00-test_00_r1-30101301-lidar_dropout-medium,held_out_map_test,true,success,false,false,false,39.614,5.3978,0.04299999999999926,0.04070000000000018,2,23.367,,false,0.06219999999999981,0.0,0.0,0.0,0.02149999999999963,0.04070000000000018,0.0
ecc4836a-d72e-4951-8a7e-bfd2f15c337d,test_00,test_00_r1,30101301,lidar_dropout,medium,R3,true,false,false,false,0.0,0.03939999999999966,0,none,0.03939999999999966,none,test_00-test_00_r1-lidar-r13-R3,test_00-test_00_r1-30101301-lidar_dropout-medium,held_out_map_test,true,success,false,false,false,38.779,5.3965,-0.7919999999999945,0.03939999999999966,2,22.749,,false,0.03939999999999966,0.0,0.0,0.0,0.0,0.03939999999999966,0.0
15d9230d-1f24-4202-bb70-3ce62d3de782,test_00,test_00_r1,30101302,wheel_slip,medium,R0,true,false,false,false,0.0,0.0,0,none,0.0,none,test_00-test_00_r1-wheel-r13-R0,test_00-test_00_r1-30101302-wheel_slip-medium,held_out_map_test,true,success,false,false,false,39.805,5.4454,0.0,0.0,0,,,false,0.0,0.0,0.0,0.0,0.0,0.0,0.0
5830d075-adc8-40f4-b0c9-53b4ef532c8c,test_00,test_00_r1,30101302,wheel_slip,medium,R2,true,false,false,false,1.8290000000000006,0.0,0,none,0.9145000000000003,none,test_00-test_00_r1-wheel-r13-R2,test_00-test_00_r1-30101302-wheel_slip-medium,held_out_map_test,true,success,false,false,false,41.634,5.3829,1.8290000000000006,-0.0625,0,,,false,0.9145000000000003,0.0,0.0,0.0,0.9145000000000003,0.0,0.0
3b9ce2a1-aacf-438d-b8bb-f1cbf191ed93,test_00,test_00_r1,30101302,wheel_slip,medium,R3,true,false,false,false,2.6300000000000026,0.0,0,none,1.3150000000000013,none,test_00-test_00_r1-wheel-r13-R3,test_00-test_00_r1-30101302-wheel_slip-medium,held_out_map_test,true,success,false,false,false,42.435,5.4057,2.6300000000000026,-0.039699999999999847,0,,,false,1.3150000000000013,0.0,0.0,0.0,1.3150000000000013,0.0,0.0
c2237d6c-8729-4d8e-ab90-5ec3a76a7793,test_00,test_00_r1,30101303,localisation_perturbation,medium,R0,true,false,false,false,0.0,0.0,0,none,0.0,none,test_00-test_00_r1-localisation-r13-R0,test_00-test_00_r1-30101303-localisation_perturbation-medium,held_out_map_test,true,success,false,false,false,50.31,5.7137,0.0,0.0,0,,,false,0.0,0.0,0.0,0.0,0.0,0.0,0.0
730db235-0d2e-4ec6-82b2-8a4a66cba65d,test_00,test_00_r1,30101303,localisation_perturbation,medium,R2,true,false,false,false,0.0,0.0,0,none,0.0,none,test_00-test_00_r1-localisation-r13-R2,test_00-test_00_r1-30101303-localisation_perturbation-medium,held_out_map_test,true,success,false,false,false,46.433,5.6662,-3.8770000000000024,-0.04750000000000032,0,,,false,0.0,0.0,0.0,0.0,0.0,0.0,0.0
8fabcf44-c3c3-4713-97cb-150c0b638cc3,test_00,test_00_r1,30101303,localisation_perturbation,medium,R3,true,false,false,false,0.0,0.05629999999999935,0,none,0.05629999999999935,none,test_00-test_00_r1-localisation-r13-R3,test_00-test_00_r1-30101303-localisation_perturbation-medium,held_out_map_test,true,success,false,false,false,49.463,5.77,-0.8470000000000013,0.05629999999999935,0,,,false,0.05629999999999935,0.0,0.0,0.0,0.0,0.05629999999999935,0.0
f86b5b11-b74f-400c-85d4-be4f25295846,test_00,test_00_r1,30101304,dynamic_blockage,medium,R0,false,false,false,false,0.0,0.0,0,none,0.0,none,test_00-test_00_r1-blockage-r13-R0,test_00-test_00_r1-30101304-dynamic_blockage-medium,held_out_map_test,true,false_arrival,true,false,false,35.984,4.8567,0.0,0.0,0,,,false,40.0,0.0,40.0,0.0,0.0,0.0,0.0
f6281a5c-4510-46f4-8e88-ee01cfefa3f4,test_00,test_00_r1,30101304,dynamic_blockage,medium,R2,false,false,false,false,0.0,0.022499999999999964,0,none,0.022500000000000853,none,test_00-test_00_r1-blockage-r13-R2,test_00-test_00_r1-30101304-dynamic_blockage-medium,held_out_map_test,true,false_arrival,true,false,false,35.242,4.8792,-0.7420000000000044,0.022499999999999964,0,,,false,40.0225,0.0,40.0,0.0,0.0,0.022499999999999964,0.0
ec4da8d8-43d7-4e36-93d4-72af601b1250,test_00,test_00_r1,30101304,dynamic_blockage,medium,R3,false,false,false,false,0.46399999999999864,0.05109999999999992,0,none,0.28309999999999746,none,test_00-test_00_r1-blockage-r13-R3,test_00-test_00_r1-30101304-dynamic_blockage-medium,held_out_map_test,true,false_arrival,true,false,false,36.448,4.9078,0.46399999999999864,0.05109999999999992,0,,,false,40.2831,0.0,40.0,0.0,0.23199999999999932,0.05109999999999992,0.0
d0a6481d-a758-44f4-ba2a-c685eaf81f33,test_00,test_00_r1,30101305,planner_oscillation,medium,R0,false,false,false,false,0.0,0.0,0,none,0.0,none,test_00-test_00_r1-oscillation-r13-R0,test_00-test_00_r1-30101305-planner_oscillation-medium,held_out_map_test,true,planner_failure,true,false,false,31.673,2.0923,0.0,0.0,0,,,false,40.0,0.0,40.0,0.0,0.0,0.0,0.0
70f79387-b28c-4583-b896-6d56b4c1c1f6,test_00,test_00_r1,30101305,planner_oscillation,medium,R2,false,false,false,false,0.0,0.03880000000000017,0,none,0.038800000000001944,none,test_00-test_00_r1-oscillation-r13-R2,test_00-test_00_r1-30101305-planner_oscillation-medium,held_out_map_test,true,planner_failure,true,false,false,30.727,2.1311,-0.945999999999998,0.03880000000000017,2,26.875,,false,40.0388,0.0,40.0,0.0,0.0,0.03880000000000017,0.0
35b8d983-76a5-4168-900b-7d3a146000da,test_00,test_00_r1,30101305,planner_oscillation,medium,R3,false,false,false,false,0.0,0.22820000000000018,0,none,0.22820000000000107,none,test_00-test_00_r1-oscillation-r13-R3,test_00-test_00_r1-30101305-planner_oscillation-medium,held_out_map_test,true,planner_failure,true,false,false,30.948,2.3205,-0.7249999999999979,0.22820000000000018,2,27.254,,false,40.2282,0.0,40.0,0.0,0.0,0.22820000000000018,0.0
a2b2c45f-e2cc-48e7-8c32-508da53b125b,test_00,test_00_r1,30101306,semantic_corruption,medium,R0,true,false,false,false,0.0,0.0,0,none,0.0,none,test_00-test_00_r1-semantic-r13-R0,test_00-test_00_r1-30101306-semantic_corruption-medium,held_out_map_test,true,success,false,false,false,39.714,5.4245,0.0,0.0,0,,,false,0.0,0.0,0.0,0.0,0.0,0.0,0.0
34ad98d6-5b87-4838-ba67-4c0b7a4d6455,test_00,test_00_r1,30101306,semantic_corruption,medium,R2,true,false,false,false,0.0,0.0,0,none,0.0,none,test_00-test_00_r1-semantic-r13-R2,test_00-test_00_r1-30101306-semantic_corruption-medium,held_out_map_test,true,success,false,false,false,39.527,5.4093,-0.1869999999999976,-0.015200000000000102,0,,,false,0.0,0.0,0.0,0.0,0.0,0.0,0.0
6f5a7094-cf8d-48b6-86fe-c18fe039520d,test_00,test_00_r1,30101306,semantic_corruption,medium,R3,true,false,false,false,0.0,0.0,0,none,0.0,none,test_00-test_00_r1-semantic-r13-R3,test_00-test_00_r1-30101306-semantic_corruption-medium,held_out_map_test,true,success,false,false,false,39.511,5.3882,-0.20299999999999585,-0.03629999999999978,0,,,false,0.0,0.0,0.0,0.0,0.0,0.0,0.0
6f53fb6c-6d1f-43dc-9acb-ecc6a98b758c,test_00,test_00_r2,30201000,camera_occlusion,medium,R0,true,false,false,false,0.0,0.0,0,none,0.0,none,test_00-test_00_r2-camera-r10-R0,test_00-test_00_r2-30201000-camera_occlusion-medium,held_out_map_test,true,success,false,false,false,64.895,7.4314,0.0,0.0,0,,,false,0.0,0.0,0.0,0.0,0.0,0.0,0.0
7c65f32f-65a6-4032-b9d6-e5a395b112a7,test_00,test_00_r2,30201000,camera_occlusion,medium,R2,true,false,false,false,0.0,0.0,0,none,0.0,none,test_00-test_00_r2-camera-r10-R2,test_00-test_00_r2-30201000-camera_occlusion-medium,held_out_map_test,true,success,false,false,false,62.424,7.3521,-2.4709999999999965,-0.07929999999999993,0,,,false,0.0,0.0,0.0,0.0,0.0,0.0,0.0
8ae04057-1a56-4c13-ac84-136d9767e93e,test_00,test_00_r2,30201000,camera_occlusion,medium,R3,true,false,false,false,0.0,0.0,0,none,0.0,none,test_00-test_00_r2-camera-r10-R3,test_00-test_00_r2-30201000-camera_occlusion-medium,held_out_map_test,true,success,false,false,false,63.3,7.4177,-1.5949999999999989,-0.013700000000000045,0,,,false,0.0,0.0,0.0,0.0,0.0,0.0,0.0
134e5314-3604-4447-b65f-105aab2e0a9a,test_00,test_00_r2,30201001,lidar_dropout,medium,R0,true,false,false,false,0.0,0.0,0,none,0.0,none,test_00-test_00_r2-lidar-r10-R0,test_00-test_00_r2-30201001-lidar_dropout-medium,held_out_map_test,true,success,false,false,false,62.969,7.4425,0.0,0.0,0,,,false,0.0,0.0,0.0,0.0,0.0,0.0,0.0
d5aabfc4-b6ce-4f7a-b5d9-66a694b9c7a3,test_00,test_00_r2,30201001,lidar_dropout,medium,R2,true,false,false,false,65.63300000000001,0.5049000000000001,0,none,15.5049,none,test_00-test_00_r2-lidar-r10-R2,test_00-test_00_r2-30201001-lidar_dropout-medium,held_out_map_test,true,success,false,false,false,128.602,7.9474,65.63300000000001,0.5049000000000001,5,24.118,,false,15.5049,0.0,0.0,0.0,15.0,0.5049000000000001,0.0
ebff8910-ee1c-45b3-b61c-4ebda5fa0b7d,test_00,test_00_r2,30201001,lidar_dropout,medium,R3,true,false,false,false,0.0,0.0,0,none,0.0,none,test_00-test_00_r2-lidar-r10-R3,test_00-test_00_r2-30201001-lidar_dropout-medium,held_out_map_test,true,success,false,false,false,62.821,7.4273,-0.14800000000000324,-0.015200000000000102,2,23.152,,false,0.0,0.0,0.0,0.0,0.0,0.0,0.0
a3d22ed0-8b96-4481-9ccc-f807d3727e03,test_00,test_00_r2,30201002,wheel_slip,medium,R0,true,false,false,false,0.0,0.0,0,none,0.0,none,test_00-test_00_r2-wheel-r10-R0,test_00-test_00_r2-30201002-wheel_slip-medium,held_out_map_test,true,success,false,false,false,58.96,7.3681,0.0,0.0,0,,,false,0.0,0.0,0.0,0.0,0.0,0.0,0.0
0b7fd4cf-98fe-4bff-9d73-7812364e1ad1,test_00,test_00_r2,30201002,wheel_slip,medium,R2,true,false,false,false,1.445999999999998,0.019000000000000128,0,none,0.7419999999999991,none,test_00-test_00_r2-wheel-r10-R2,test_00-test_00_r2-30201002-wheel_slip-medium,held_out_map_test,true,success,false,false,false,60.406,7.3871,1.445999999999998,0.019000000000000128,0,,,false,0.7419999999999991,0.0,0.0,0.0,0.722999999999999,0.019000000000000128,0.0
da790589-bf86-4e82-9bdb-a914809a25f2,test_00,test_00_r2,30201002,wheel_slip,medium,R3,true,false,false,false,0.6700000000000017,0.008899999999999686,0,none,0.34390000000000054,none,test_00-test_00_r2-wheel-r10-R3,test_00-test_00_r2-30201002-wheel_slip-medium,held_out_map_test,true,success,false,false,false,59.63,7.377,0.6700000000000017,0.008899999999999686,0,,,false,0.34390000000000054,0.0,0.0,0.0,0.33500000000000085,0.008899999999999686,0.0
56527eec-20b1-4317-9926-5ef234f4f072,test_00,test_00_r2,30201003,localisation_perturbation,medium,R0,true,false,false,false,0.0,0.0,0,none,0.0,none,test_00-test_00_r2-localisation-r10-R0,test_00-test_00_r2-30201003-localisation_perturbation-medium,held_out_map_test,true,success,false,false,false,76.127,7.5997,0.0,0.0,0,,,false,0.0,0.0,0.0,0.0,0.0,0.0,0.0
a3b69430-31a8-4fd1-9da1-dfa50efed6fe,test_00,test_00_r2,30201003,localisation_perturbation,medium,R2,true,false,false,false,0.0,0.026999999999999247,0,none,0.026999999999999247,none,test_00-test_00_r2-localisation-r10-R2,test_00-test_00_r2-30201003-localisation_perturbation-medium,held_out_map_test,true,success,false,false,false,75.719,7.6267,-0.40800000000000125,0.026999999999999247,0,,,false,0.026999999999999247,0.0,0.0,0.0,0.0,0.026999999999999247,0.0
184c89c6-5972-443c-9445-cbf0966dec2e,test_00,test_00_r2,30201003,localisation_perturbation,medium,R3,true,false,false,false,58.657,0.4801000000000002,0,none,15.4801,none,test_00-test_00_r2-localisation-r10-R3,test_00-test_00_r2-30201003-localisation_perturbation-medium,held_out_map_test,true,success,false,false,false,134.784,8.0798,58.657,0.4801000000000002,1,123.42,,false,15.4801,0.0,0.0,0.0,15.0,0.4801000000000002,0.0
53d6bc6a-1e6c-4410-8c98-1ce20c6e5bc9,test_00,test_00_r2,30201004,dynamic_blockage,medium,R0,true,false,false,false,0.0,0.0,0,none,0.0,none,test_00-test_00_r2-blockage-r10-R0,test_00-test_00_r2-30201004-dynamic_blockage-medium,held_out_map_test,true,success,false,false,false,65.309,7.7852,0.0,0.0,0,,,false,0.0,0.0,0.0,0.0,0.0,0.0,0.0
968b4e9f-16a7-4aa5-9377-d1b7c5d6776d,test_00,test_00_r2,30201004,dynamic_blockage,medium,R2,true,false,false,false,11.951000000000008,0.0,0,none,5.975500000000004,none,test_00-test_00_r2-blockage-r10-R2,test_00-test_00_r2-30201004-dynamic_blockage-medium,held_out_map_test,true,success,false,false,false,77.26,7.7831,11.951000000000008,-0.0020999999999995467,0,,,false,5.975500000000004,0.0,0.0,0.0,5.975500000000004,0.0,0.0
7177574b-f5cb-42f9-9dee-c8b471077086,test_00,test_00_r2,30201004,dynamic_blockage,medium,R3,true,false,false,false,14.406000000000006,0.01810000000000045,0,none,7.221100000000003,none,test_00-test_00_r2-blockage-r10-R3,test_00-test_00_r2-30201004-dynamic_blockage-medium,held_out_map_test,true,success,false,false,false,79.715,7.8033,14.406000000000006,0.01810000000000045,1,73.837,,false,7.221100000000003,0.0,0.0,0.0,7.203000000000003,0.01810000000000045,0.0
400f0cd1-8b71-4dc4-b5ca-1ce8c2721fce,test_00,test_00_r2,30201005,planner_oscillation,medium,R0,true,false,false,false,0.0,0.0,0,none,0.0,none,test_00-test_00_r2-oscillation-r10-R0,test_00-test_00_r2-30201005-planner_oscillation-medium,held_out_map_test,true,success,false,false,false,66.966,7.8041,0.0,0.0,0,,,false,0.0,0.0,0.0,0.0,0.0,0.0,0.0
4e126c9c-1bc7-40d1-9be4-5261468495c4,test_00,test_00_r2,30201005,planner_oscillation,medium,R2,true,false,false,false,0.0,0.0,0,none,0.0,none,test_00-test_00_r2-oscillation-r10-R2,test_00-test_00_r2-30201005-planner_oscillation-medium,held_out_map_test,true,success,false,false,false,64.582,7.7881,-2.3840000000000003,-0.016000000000000014,0,,,false,0.0,0.0,0.0,0.0,0.0,0.0,0.0
c82b54ea-df36-4226-90e0-9c8d51c57215,test_00,test_00_r2,30201005,planner_oscillation,medium,R3,true,false,false,false,0.0,0.0,0,none,0.0,none,test_00-test_00_r2-oscillation-r10-R3,test_00-test_00_r2-30201005-planner_oscillation-medium,held_out_map_test,true,success,false,false,false,64.503,7.7887,-2.462999999999994,-0.015399999999999636,0,,,false,0.0,0.0,0.0,0.0,0.0,0.0,0.0
9240e11e-5ed5-4b3c-94bd-819442557d14,test_00,test_00_r2,30201006,semantic_corruption,medium,R0,true,false,false,false,0.0,0.0,0,none,0.0,none,test_00-test_00_r2-semantic-r10-R0,test_00-test_00_r2-30201006-semantic_corruption-medium,held_out_map_test,true,success,false,false,false,59.665,7.4703,0.0,0.0,0,,,false,0.0,0.0,0.0,0.0,0.0,0.0,0.0
535c3160-06de-4adb-be1c-3401051ae8e7,test_00,test_00_r2,30201006,semantic_corruption,medium,R2,true,false,false,false,0.0,0.0,0,none,0.0,none,test_00-test_00_r2-semantic-r10-R2,test_00-test_00_r2-30201006-semantic_corruption-medium,held_out_map_test,true,success,false,false,false,59.199,7.4277,-0.4660000000000011,-0.04260000000000019,0,,,false,0.0,0.0,0.0,0.0,0.0,0.0,0.0
034cd599-2593-4e38-95f5-a0f0eb4006bf,test_00,test_00_r2,30201006,semantic_corruption,medium,R3,true,false,false,false,0.0,0.016600000000000392,0,none,0.016600000000000392,none,test_00-test_00_r2-semantic-r10-R3,test_00-test_00_r2-30201006-semantic_corruption-medium,held_out_map_test,true,success,false,false,false,59.299,7.4869,-0.36599999999999966,0.016600000000000392,0,,,false,0.016600000000000392,0.0,0.0,0.0,0.0,0.016600000000000392,0.0
e0ec5a84-04de-47e0-8c9b-e744cd99ffde,test_00,test_00_r2,30201100,camera_occlusion,medium,R0,true,false,false,false,0.0,0.0,0,none,0.0,none,test_00-test_00_r2-camera-r11-R0,test_00-test_00_r2-30201100-camera_occlusion-medium,held_out_map_test,true,success,false,false,false,65.597,7.4641,0.0,0.0,0,,,false,0.0,0.0,0.0,0.0,0.0,0.0,0.0
fb9a8936-646a-4388-a610-f980a2dcceb5,test_00,test_00_r2,30201100,camera_occlusion,medium,R2,true,false,false,false,56.11500000000001,0.7417999999999996,0,none,15.7418,none,test_00-test_00_r2-camera-r11-R2,test_00-test_00_r2-30201100-camera_occlusion-medium,held_out_map_test,true,success,false,false,false,121.712,8.2059,56.11500000000001,0.7417999999999996,0,,,false,15.7418,0.0,0.0,0.0,15.0,0.7417999999999996,0.0
c24a74ea-3bd9-4a7a-a9fb-38fc2aad3ed1,test_00,test_00_r2,30201100,camera_occlusion,medium,R3,true,false,false,false,88.78099999999999,2.1380999999999997,0,none,17.1381,none,test_00-test_00_r2-camera-r11-R3,test_00-test_00_r2-30201100-camera_occlusion-medium,held_out_map_test,true,success,false,false,false,154.378,9.6022,88.78099999999999,2.1380999999999997,0,,,false,17.1381,0.0,0.0,0.0,15.0,2.1380999999999997,0.0
f7b70c29-e070-4949-82fc-f38d65b74559,test_00,test_00_r2,30201101,lidar_dropout,medium,R0,true,false,false,false,0.0,0.0,0,none,0.0,none,test_00-test_00_r2-lidar-r11-R0,test_00-test_00_r2-30201101-lidar_dropout-medium,held_out_map_test,true,success,false,false,false,58.739,7.4033,0.0,0.0,0,,,false,0.0,0.0,0.0,0.0,0.0,0.0,0.0
9a3cf035-234c-44be-826d-f9cbe1f2bcb6,test_00,test_00_r2,30201101,lidar_dropout,medium,R2,true,false,false,false,1.659000000000006,0.0,0,none,0.829500000000003,none,test_00-test_00_r2-lidar-r11-R2,test_00-test_00_r2-30201101-lidar_dropout-medium,held_out_map_test,true,success,false,false,false,60.398,7.3775,1.659000000000006,-0.02579999999999938,2,24.562,,false,0.829500000000003,0.0,0.0,0.0,0.829500000000003,0.0,0.0
ae01b83c-9776-458e-a477-32ec3e045668,test_00,test_00_r2,30201101,lidar_dropout,medium,R3,true,false,false,false,2.094000000000001,0.016600000000000392,0,none,1.063600000000001,none,test_00-test_00_r2-lidar-r11-R3,test_00-test_00_r2-30201101-lidar_dropout-medium,held_out_map_test,true,success,false,false,false,60.833,7.4199,2.094000000000001,0.016600000000000392,2,24.187,,false,1.063600000000001,0.0,0.0,0.0,1.0470000000000006,0.016600000000000392,0.0
ab5880ce-480b-4f06-8455-16ce4240ef5f,test_00,test_00_r2,30201102,wheel_slip,medium,R0,true,false,false,false,0.0,0.0,0,none,0.0,none,test_00-test_00_r2-wheel-r11-R0,test_00-test_00_r2-30201102-wheel_slip-medium,held_out_map_test,true,success,false,false,false,57.883,7.4001,0.0,0.0,0,,,false,0.0,0.0,0.0,0.0,0.0,0.0,0.0
dfec026a-bac5-4440-b2d0-98389b547f53,test_00,test_00_r2,30201102,wheel_slip,medium,R2,true,false,false,false,0.0,0.0,0,none,0.0,none,test_00-test_00_r2-wheel-r11-R2-infra-replacement-001,test_00-test_00_r2-30201102-wheel_slip-medium,held_out_map_test,true,success,false,false,false,57.465,7.3866,-0.41799999999999926,-0.013500000000000512,0,,,false,0.0,0.0,0.0,0.0,0.0,0.0,0.0
d97dc9de-0989-4e45-bb0e-36ef8485d9c4,test_00,test_00_r2,30201102,wheel_slip,medium,R3,true,false,false,false,0.0,0.0019000000000000128,0,none,0.0019000000000000128,none,test_00-test_00_r2-wheel-r11-R3,test_00-test_00_r2-30201102-wheel_slip-medium,held_out_map_test,true,success,false,false,false,57.208,7.402,-0.6750000000000043,0.0019000000000000128,0,,,false,0.0019000000000000128,0.0,0.0,0.0,0.0,0.0019000000000000128,0.0
ababb6b2-3ff0-4e46-bed6-66ab361dfa46,test_00,test_00_r2,30201103,localisation_perturbation,medium,R0,true,false,false,false,0.0,0.0,0,none,0.0,none,test_00-test_00_r2-localisation-r11-R0,test_00-test_00_r2-30201103-localisation_perturbation-medium,held_out_map_test,true,success,false,false,false,141.304,8.2817,0.0,0.0,0,,,false,0.0,0.0,0.0,0.0,0.0,0.0,0.0
f43a3935-6eed-4782-a49b-0734dc942296,test_00,test_00_r2,30201103,localisation_perturbation,medium,R2,true,false,false,false,0.0,0.0,0,none,0.0,none,test_00-test_00_r2-localisation-r11-R2,test_00-test_00_r2-30201103-localisation_perturbation-medium,held_out_map_test,true,success,false,false,false,74.712,7.6759,-66.592,-0.6058000000000003,0,,,false,0.0,0.0,0.0,0.0,0.0,0.0,0.0
57618f2c-75af-49fb-ae11-5e475875cf52,test_00,test_00_r2,30201103,localisation_perturbation,medium,R3,true,false,false,false,0.0,0.0,0,none,0.0,none,test_00-test_00_r2-localisation-r11-R3,test_00-test_00_r2-30201103-localisation_perturbation-medium,held_out_map_test,true,success,false,false,false,70.161,7.5663,-71.143,-0.7154000000000007,1,70.703,,false,0.0,0.0,0.0,0.0,0.0,0.0,0.0
b6d95f2d-6ac3-4959-b31b-03983646b3dd,test_00,test_00_r2,30201104,dynamic_blockage,medium,R0,true,false,false,false,0.0,0.0,0,none,0.0,none,test_00-test_00_r2-blockage-r11-R0,test_00-test_00_r2-30201104-dynamic_blockage-medium,held_out_map_test,true,success,false,false,false,73.423,7.8029,0.0,0.0,0,,,false,0.0,0.0,0.0,0.0,0.0,0.0,0.0
7816c427-722a-4ebb-9fd9-9edced20c912,test_00,test_00_r2,30201104,dynamic_blockage,medium,R2,true,false,false,false,2.9309999999999974,0.0,0,none,1.4654999999999987,none,test_00-test_00_r2-blockage-r11-R2,test_00-test_00_r2-30201104-dynamic_blockage-medium,held_out_map_test,true,success,false,false,false,76.354,7.7734,2.9309999999999974,-0.029500000000000526,1,72.692,,false,1.4654999999999987,0.0,0.0,0.0,1.4654999999999987,0.0,0.0
1d4f32d2-5990-411c-a6df-eab336526657,test_00,test_00_r2,30201104,dynamic_blockage,medium,R3,true,false,false,false,4.489000000000004,0.0,0,none,2.244500000000002,none,test_00-test_00_r2-blockage-r11-R3,test_00-test_00_r2-30201104-dynamic_blockage-medium,held_out_map_test,true,success,false,false,false,77.912,7.7626,4.489000000000004,-0.040300000000000225,1,73.009,,false,2.244500000000002,0.0,0.0,0.0,2.244500000000002,0.0,0.0
f99fbd7c-1e05-42bf-9f8b-52973bea0ec8,test_00,test_00_r2,30201105,planner_oscillation,medium,R0,true,false,false,false,0.0,0.0,0,none,0.0,none,test_00-test_00_r2-oscillation-r11-R0,test_00-test_00_r2-30201105-planner_oscillation-medium,held_out_map_test,true,success,false,false,false,65.234,7.7877,0.0,0.0,0,,,false,0.0,0.0,0.0,0.0,0.0,0.0,0.0
2b1829f0-ea54-4109-8772-2503fbfabe70,test_00,test_00_r2,30201105,planner_oscillation,medium,R2,true,false,false,false,1.13900000000001,0.06540000000000035,0,none,0.6349000000000053,none,test_00-test_00_r2-oscillation-r11-R2,test_00-test_00_r2-30201105-planner_oscillation-medium,held_out_map_test,true,success,false,false,false,66.373,7.8531,1.13900000000001,0.06540000000000035,0,,,false,0.6349000000000053,0.0,0.0,0.0,0.569500000000005,0.06540000000000035,0.0
a1e4d4ae-f761-4492-a0d0-479f9aaf9ecd,test_00,test_00_r2,30201105,planner_oscillation,medium,R3,true,false,false,false,0.0,0.007600000000000051,0,none,0.007600000000000051,none,test_00-test_00_r2-oscillation-r11-R3,test_00-test_00_r2-30201105-planner_oscillation-medium,held_out_map_test,true,success,false,false,false,65.016,7.7953,-0.2179999999999893,0.007600000000000051,0,,,false,0.007600000000000051,0.0,0.0,0.0,0.0,0.007600000000000051,0.0
7cbe8697-a8cb-4b0d-aaf2-c6377881eb67,test_00,test_00_r2,30201106,semantic_corruption,medium,R0,true,false,false,false,0.0,0.0,0,none,0.0,none,test_00-test_00_r2-semantic-r11-R0,test_00-test_00_r2-30201106-semantic_corruption-medium,held_out_map_test,true,success,false,false,false,60.422,7.4369,0.0,0.0,0,,,false,0.0,0.0,0.0,0.0,0.0,0.0,0.0
7e278138-f8e7-44d4-911a-2764793a49d8,test_00,test_00_r2,30201106,semantic_corruption,medium,R2,true,false,false,false,0.0,0.02940000000000076,0,none,0.02940000000000076,none,test_00-test_00_r2-semantic-r11-R2,test_00-test_00_r2-30201106-semantic_corruption-medium,held_out_map_test,true,success,false,false,false,58.168,7.4663,-2.253999999999998,0.02940000000000076,0,,,false,0.02940000000000076,0.0,0.0,0.0,0.0,0.02940000000000076,0.0
74fe1bf0-9b4b-4b7a-aa5e-40b58ea63239,test_00,test_00_r2,30201106,semantic_corruption,medium,R3,true,false,false,false,0.0,0.06960000000000033,0,none,0.06960000000000033,none,test_00-test_00_r2-semantic-r11-R3,test_00-test_00_r2-30201106-semantic_corruption-medium,held_out_map_test,true,success,false,false,false,59.498,7.5065,-0.9239999999999995,0.06960000000000033,0,,,false,0.06960000000000033,0.0,0.0,0.0,0.0,0.06960000000000033,0.0
65bd27ee-755a-4c83-9d59-5efb746fd7de,test_00,test_00_r2,30201200,camera_occlusion,medium,R0,true,false,false,false,0.0,0.0,0,none,0.0,none,test_00-test_00_r2-camera-r12-R0,test_00-test_00_r2-30201200-camera_occlusion-medium,held_out_map_test,true,success,false,false,false,65.778,7.5992,0.0,0.0,0,,,false,0.0,0.0,0.0,0.0,0.0,0.0,0.0
114a42ef-d1cf-4fe4-8a92-4cb320ee0c58,test_00,test_00_r2,30201200,camera_occlusion,medium,R2,true,false,false,false,0.0,0.0,0,none,0.0,none,test_00-test_00_r2-camera-r12-R2,test_00-test_00_r2-30201200-camera_occlusion-medium,held_out_map_test,true,success,false,false,false,64.219,7.4825,-1.5590000000000117,-0.1166999999999998,0,,,false,0.0,0.0,0.0,0.0,0.0,0.0,0.0
9cdb8813-0556-47a1-81c7-1255cf667dd5,test_00,test_00_r2,30201200,camera_occlusion,medium,R3,true,false,false,false,0.0,0.0,0,none,0.0,none,test_00-test_00_r2-camera-r12-R3,test_00-test_00_r2-30201200-camera_occlusion-medium,held_out_map_test,true,success,false,false,false,64.81,7.5653,-0.9680000000000035,-0.03390000000000004,0,,,false,0.0,0.0,0.0,0.0,0.0,0.0,0.0
0cc6cab3-f0ab-40e6-9421-e4e4427ec5cd,test_00,test_00_r2,30201201,lidar_dropout,medium,R0,true,false,false,false,0.0,0.0,0,none,0.0,none,test_00-test_00_r2-lidar-r12-R0,test_00-test_00_r2-30201201-lidar_dropout-medium,held_out_map_test,true,success,false,false,false,59.703,7.3302,0.0,0.0,0,,,false,0.0,0.0,0.0,0.0,0.0,0.0,0.0
a381f59b-f9d9-4991-b90a-11e7521b4c22,test_00,test_00_r2,30201201,lidar_dropout,medium,R2,true,false,false,false,0.0,0.04410000000000025,0,none,0.04410000000000025,none,test_00-test_00_r2-lidar-r12-R2,test_00-test_00_r2-30201201-lidar_dropout-medium,held_out_map_test,true,success,false,false,false,59.262,7.3743,-0.4410000000000025,0.04410000000000025,2,22.999,,false,0.04410000000000025,0.0,0.0,0.0,0.0,0.04410000000000025,0.0
966b1072-1261-4be9-bac5-6596904f4239,test_00,test_00_r2,30201201,lidar_dropout,medium,R3,true,false,false,false,0.0,0.026900000000000368,0,none,0.026900000000000368,none,test_00-test_00_r2-lidar-r12-R3,test_00-test_00_r2-30201201-lidar_dropout-medium,held_out_map_test,true,success,false,false,false,57.789,7.3571,-1.9140000000000015,0.026900000000000368,2,22.757,,false,0.026900000000000368,0.0,0.0,0.0,0.0,0.026900000000000368,0.0
8f9d9450-d8ab-45f2-9937-fef6cee5d6a0,test_00,test_00_r2,30201202,wheel_slip,medium,R0,true,false,false,false,0.0,0.0,0,none,0.0,none,test_00-test_00_r2-wheel-r12-R0,test_00-test_00_r2-30201202-wheel_slip-medium,held_out_map_test,true,success,false,false,false,80.146,7.5107,0.0,0.0,0,,,false,0.0,0.0,0.0,0.0,0.0,0.0,0.0
0452f758-62be-4575-914a-5f69b4eb5ffd,test_00,test_00_r2,30201202,wheel_slip,medium,R2,true,false,false,false,0.0,0.0,0,none,0.0,none,test_00-test_00_r2-wheel-r12-R2,test_00-test_00_r2-30201202-wheel_slip-medium,held_out_map_test,true,success,false,false,false,61.184,7.3527,-18.962000000000003,-0.15800000000000036,0,,,false,0.0,0.0,0.0,0.0,0.0,0.0,0.0
095f6aa1-34ac-42ce-bb35-5ec951ad8793,test_00,test_00_r2,30201202,wheel_slip,medium,R3,true,false,false,false,0.0,0.0,0,none,0.0,none,test_00-test_00_r2-wheel-r12-R3,test_00-test_00_r2-30201202-wheel_slip-medium,held_out_map_test,true,success,false,false,false,62.359,7.4324,-17.787,-0.07829999999999959,0,,,false,0.0,0.0,0.0,0.0,0.0,0.0,0.0
12df57bb-7fb3-49dd-9072-fecd1b58e9a6,test_00,test_00_r2,30201203,localisation_perturbation,medium,R0,true,false,false,false,0.0,0.0,0,none,0.0,none,test_00-test_00_r2-localisation-r12-R0,test_00-test_00_r2-30201203-localisation_perturbation-medium,held_out_map_test,true,success,false,false,false,142.426,8.1802,0.0,0.0,0,,,false,0.0,0.0,0.0,0.0,0.0,0.0,0.0
1343ad9a-3b0f-440c-b644-fb7a38b7b333,test_00,test_00_r2,30201203,localisation_perturbation,medium,R2,true,false,false,false,0.0,0.0,0,none,0.0,none,test_00-test_00_r2-localisation-r12-R2,test_00-test_00_r2-30201203-localisation_perturbation-medium,held_out_map_test,true,success,false,false,false,79.697,7.6213,-62.728999999999985,-0.5588999999999995,1,43.826,,false,0.0,0.0,0.0,0.0,0.0,0.0,0.0
3d310153-7139-4f83-a8db-9fa6c6fb62b6,test_00,test_00_r2,30201203,localisation_perturbation,medium,R3,true,false,false,false,0.0,0.09520000000000017,0,none,0.09520000000000017,none,test_00-test_00_r2-localisation-r12-R3,test_00-test_00_r2-30201203-localisation_perturbation-medium,held_out_map_test,true,success,false,false,false,138.045,8.2754,-4.381,0.09520000000000017,1,120.236,,false,0.09520000000000017,0.0,0.0,0.0,0.0,0.09520000000000017,0.0
58c52db6-e838-451f-9e2e-f533a949e359,test_00,test_00_r2,30201204,dynamic_blockage,medium,R0,true,false,false,false,0.0,0.0,0,none,0.0,none,test_00-test_00_r2-blockage-r12-R0,test_00-test_00_r2-30201204-dynamic_blockage-medium,held_out_map_test,true,success,false,false,false,66.565,7.7714,0.0,0.0,0,,,false,0.0,0.0,0.0,0.0,0.0,0.0,0.0
130efce3-73b2-4a6f-a57c-e3160034470d,test_00,test_00_r2,30201204,dynamic_blockage,medium,R2,true,false,false,false,0.0,0.0,0,none,0.0,none,test_00-test_00_r2-blockage-r12-R2,test_00-test_00_r2-30201204-dynamic_blockage-medium,held_out_map_test,true,success,false,false,false,66.399,7.751,-0.16599999999999682,-0.02039999999999953,1,74.274,,false,0.0,0.0,0.0,0.0,0.0,0.0,0.0
646cda01-f119-4ffb-b362-1793c3c5a9d7,test_00,test_00_r2,30201204,dynamic_blockage,medium,R3,true,false,false,false,1.3359999999999985,0.05010000000000048,0,none,0.7180999999999997,none,test_00-test_00_r2-blockage-r12-R3,test_00-test_00_r2-30201204-dynamic_blockage-medium,held_out_map_test,true,success,false,false,false,67.901,7.8215,1.3359999999999985,0.05010000000000048,1,74.087,,false,0.7180999999999997,0.0,0.0,0.0,0.6679999999999993,0.05010000000000048,0.0
1c5079ec-3057-4ecb-a948-a672fbf68941,test_00,test_00_r2,30201205,planner_oscillation,medium,R0,true,false,false,false,0.0,0.0,0,none,0.0,none,test_00-test_00_r2-oscillation-r12-R0,test_00-test_00_r2-30201205-planner_oscillation-medium,held_out_map_test,true,success,false,false,false,69.287,7.7736,0.0,0.0,0,,,false,0.0,0.0,0.0,0.0,0.0,0.0,0.0
5a55a941-4176-4569-a1a4-0eccd67faa19,test_00,test_00_r2,30201205,planner_oscillation,medium,R2,true,false,false,false,0.0,0.0,0,none,0.0,none,test_00-test_00_r2-oscillation-r12-R2,test_00-test_00_r2-30201205-planner_oscillation-medium,held_out_map_test,true,success,false,false,false,68.954,7.7631,-0.3330000000000126,-0.010500000000000398,0,,,false,0.0,0.0,0.0,0.0,0.0,0.0,0.0
e6d407ac-e7c3-4396-a84a-df74c5d89516,test_00,test_00_r2,30201205,planner_oscillation,medium,R3,true,false,false,false,0.25,0.04260000000000019,0,none,0.1676000000000002,none,test_00-test_00_r2-oscillation-r12-R3,test_00-test_00_r2-30201205-planner_oscillation-medium,held_out_map_test,true,success,false,false,false,69.537,7.8162,0.25,0.04260000000000019,0,,,false,0.1676000000000002,0.0,0.0,0.0,0.125,0.04260000000000019,0.0
7235bc7c-0d24-4828-a210-15e2eaa30058,test_00,test_00_r2,30201206,semantic_corruption,medium,R0,true,false,false,false,0.0,0.0,0,none,0.0,none,test_00-test_00_r2-semantic-r12-R0,test_00-test_00_r2-30201206-semantic_corruption-medium,held_out_map_test,true,success,false,false,false,58.351,7.4251,0.0,0.0,0,,,false,0.0,0.0,0.0,0.0,0.0,0.0,0.0
48e1297d-f00f-4479-abf8-fb633ace26c5,test_00,test_00_r2,30201206,semantic_corruption,medium,R2,true,false,false,false,1.426000000000002,0.029200000000000337,0,none,0.7422000000000013,none,test_00-test_00_r2-semantic-r12-R2,test_00-test_00_r2-30201206-semantic_corruption-medium,held_out_map_test,true,success,false,false,false,59.777,7.4543,1.426000000000002,0.029200000000000337,0,,,false,0.7422000000000013,0.0,0.0,0.0,0.713000000000001,0.029200000000000337,0.0
3df597e3-0e91-40f9-b3af-8d209dad4253,test_00,test_00_r2,30201206,semantic_corruption,medium,R3,true,false,false,false,0.13300000000000267,0.033200000000000784,0,none,0.09970000000000212,none,test_00-test_00_r2-semantic-r12-R3,test_00-test_00_r2-30201206-semantic_corruption-medium,held_out_map_test,true,success,false,false,false,58.484,7.4583,0.13300000000000267,0.033200000000000784,0,,,false,0.09970000000000212,0.0,0.0,0.0,0.06650000000000134,0.033200000000000784,0.0
a4753faa-9ce0-4057-8071-fd07a20ae9fc,test_00,test_00_r2,30201300,camera_occlusion,medium,R0,false,false,false,false,0.0,0.0,0,none,40.0,none,test_00-test_00_r2-camera-r13-R0,test_00-test_00_r2-30201300-camera_occlusion-medium,held_out_map_test,true,false_arrival,true,false,false,68.08,7.5774,0.0,0.0,0,,,false,40.0,0.0,40.0,0.0,0.0,0.0,0.0
a095d855-82c1-4f1d-817a-3c28595e4497,test_00,test_00_r2,30201300,camera_occlusion,medium,R2,true,false,false,false,0.0,0.0,0,none,0.0,none,test_00-test_00_r2-camera-r13-R2,test_00-test_00_r2-30201300-camera_occlusion-medium,held_out_map_test,true,success,false,false,false,63.3,7.4917,-4.780000000000001,-0.08570000000000011,0,,,false,0.0,0.0,0.0,0.0,0.0,0.0,0.0
bc68e61e-b755-4858-a540-d5b9d0eef22c,test_00,test_00_r2,30201300,camera_occlusion,medium,R3,true,false,false,false,0.0,0.02200000000000024,0,none,0.02200000000000024,none,test_00-test_00_r2-camera-r13-R3,test_00-test_00_r2-30201300-camera_occlusion-medium,held_out_map_test,true,success,false,false,false,65.978,7.5994,-2.102000000000004,0.02200000000000024,0,,,false,0.02200000000000024,0.0,0.0,0.0,0.0,0.02200000000000024,0.0
d0464a29-0f38-4208-9c5e-90ecd63fbcb5,test_00,test_00_r2,30201301,lidar_dropout,medium,R0,true,false,false,false,0.0,0.0,0,none,0.0,none,test_00-test_00_r2-lidar-r13-R0,test_00-test_00_r2-30201301-lidar_dropout-medium,held_out_map_test,true,success,false,false,false,57.844,7.3602,0.0,0.0,0,,,false,0.0,0.0,0.0,0.0,0.0,0.0,0.0
d1b7a0a9-106c-48a6-8480-a73679ee63f0,test_00,test_00_r2,30201301,lidar_dropout,medium,R2,true,false,false,false,2.6229999999999976,0.028699999999999726,0,none,1.3401999999999985,none,test_00-test_00_r2-lidar-r13-R2,test_00-test_00_r2-30201301-lidar_dropout-medium,held_out_map_test,true,success,false,false,false,60.467,7.3889,2.6229999999999976,0.028699999999999726,2,23.546,,false,1.3401999999999985,0.0,0.0,0.0,1.3114999999999988,0.028699999999999726,0.0
6662cd82-c32c-4ee7-932d-cae65056e27e,test_00,test_00_r2,30201301,lidar_dropout,medium,R3,true,false,false,false,2.314,0.04150000000000009,0,none,1.1985000000000001,none,test_00-test_00_r2-lidar-r13-R3,test_00-test_00_r2-30201301-lidar_dropout-medium,held_out_map_test,true,success,false,false,false,60.158,7.4017,2.314,0.04150000000000009,2,23.981,,false,1.1985000000000001,0.0,0.0,0.0,1.157,0.04150000000000009,0.0
d16051a0-23b2-4de4-9be9-130241941da9,test_00,test_00_r2,30201302,wheel_slip,medium,R0,true,false,false,false,0.0,0.0,0,none,0.0,none,test_00-test_00_r2-wheel-r13-R0,test_00-test_00_r2-30201302-wheel_slip-medium,held_out_map_test,true,success,false,false,false,60.711,7.3761,0.0,0.0,0,,,false,0.0,0.0,0.0,0.0,0.0,0.0,0.0
d65db75f-aad4-40ff-a9cb-86bc14427864,test_00,test_00_r2,30201302,wheel_slip,medium,R2,true,false,false,false,0.0,0.0,0,none,0.0,none,test_00-test_00_r2-wheel-r13-R2,test_00-test_00_r2-30201302-wheel_slip-medium,held_out_map_test,true,success,false,false,false,57.827,7.3619,-2.8840000000000003,-0.014199999999999768,0,,,false,0.0,0.0,0.0,0.0,0.0,0.0,0.0
101dd67e-fa7c-434e-8d74-f82a8065d7ea,test_00,test_00_r2,30201302,wheel_slip,medium,R3,false,false,false,false,0.5970000000000013,0.0,0,none,40.298500000000004,none,test_00-test_00_r2-wheel-r13-R3,test_00-test_00_r2-30201302-wheel_slip-medium,held_out_map_test,true,false_arrival,true,false,false,61.308,7.3694,0.5970000000000013,-0.006700000000000372,0,,,false,40.298500000000004,0.0,40.0,0.0,0.29850000000000065,0.0,0.0
12bf7224-d8b3-4afa-8bd7-b756d53173f6,test_00,test_00_r2,30201303,localisation_perturbation,medium,R0,true,false,false,false,0.0,0.0,0,none,0.0,none,test_00-test_00_r2-localisation-r13-R0,test_00-test_00_r2-30201303-localisation_perturbation-medium,held_out_map_test,true,success,false,false,false,76.898,7.749,0.0,0.0,0,,,false,0.0,0.0,0.0,0.0,0.0,0.0,0.0
3ed90440-d524-4328-957f-68e0756bb70b,test_00,test_00_r2,30201303,localisation_perturbation,medium,R2,true,false,false,false,0.0,0.0,0,none,0.0,none,test_00-test_00_r2-localisation-r13-R2,test_00-test_00_r2-30201303-localisation_perturbation-medium,held_out_map_test,true,success,false,false,false,76.882,7.6495,-0.015999999999991132,-0.09949999999999992,1,75.905,,false,0.0,0.0,0.0,0.0,0.0,0.0,0.0
ff0e424e-a7b8-4fe3-9e93-57e8c14f7d2f,test_00,test_00_r2,30201303,localisation_perturbation,medium,R3,true,false,false,false,0.0,0.0,0,none,0.0,none,test_00-test_00_r2-localisation-r13-R3,test_00-test_00_r2-30201303-localisation_perturbation-medium,held_out_map_test,true,success,false,false,false,73.882,7.6795,-3.015999999999991,-0.06949999999999967,0,,,false,0.0,0.0,0.0,0.0,0.0,0.0,0.0
e4ff1d8f-1bc3-4e19-bfc8-efdf7960c9be,test_00,test_00_r2,30201304,dynamic_blockage,medium,R0,true,false,false,false,0.0,0.0,0,none,0.0,none,test_00-test_00_r2-blockage-r13-R0,test_00-test_00_r2-30201304-dynamic_blockage-medium,held_out_map_test,true,success,false,false,false,71.472,7.7763,0.0,0.0,0,,,false,0.0,0.0,0.0,0.0,0.0,0.0,0.0
bca53c6b-6478-481d-a169-933717e9db29,test_00,test_00_r2,30201304,dynamic_blockage,medium,R2,true,false,false,false,0.6680000000000064,0.0129999999999999,0,none,0.3470000000000031,none,test_00-test_00_r2-blockage-r13-R2,test_00-test_00_r2-30201304-dynamic_blockage-medium,held_out_map_test,true,success,false,false,false,72.14,7.7893,0.6680000000000064,0.0129999999999999,0,,,false,0.3470000000000031,0.0,0.0,0.0,0.3340000000000032,0.0129999999999999,0.0
50d854c6-349a-44cc-b6c2-f92117dc4feb,test_00,test_00_r2,30201304,dynamic_blockage,medium,R3,true,false,false,false,0.0,0.01330000000000009,0,none,0.01330000000000009,none,test_00-test_00_r2-blockage-r13-R3,test_00-test_00_r2-30201304-dynamic_blockage-medium,held_out_map_test,true,success,false,false,false,70.677,7.7896,-0.7949999999999875,0.01330000000000009,1,74.274,,false,0.01330000000000009,0.0,0.0,0.0,0.0,0.01330000000000009,0.0
da41e350-9f27-478a-a1f6-0fffa11100b2,test_00,test_00_r2,30201305,planner_oscillation,medium,R0,true,false,false,false,0.0,0.0,0,none,0.0,none,test_00-test_00_r2-oscillation-r13-R0,test_00-test_00_r2-30201305-planner_oscillation-medium,held_out_map_test,true,success,false,false,false,67.59,7.8023,0.0,0.0,0,,,false,0.0,0.0,0.0,0.0,0.0,0.0,0.0
76a8a1ed-9bcf-46e2-942c-1c4915ae6943,test_00,test_00_r2,30201305,planner_oscillation,medium,R2,true,false,false,false,2.2239999999999895,0.00039999999999995595,0,none,1.1123999999999947,none,test_00-test_00_r2-oscillation-r13-R2,test_00-test_00_r2-30201305-planner_oscillation-medium,held_out_map_test,true,success,false,false,false,69.814,7.8027,2.2239999999999895,0.00039999999999995595,0,,,false,1.1123999999999947,0.0,0.0,0.0,1.1119999999999948,0.00039999999999995595,0.0
528814fe-3176-49f3-9646-f03468634970,test_00,test_00_r2,30201305,planner_oscillation,medium,R3,true,false,false,false,1.4779999999999944,0.0,0,none,0.7389999999999972,none,test_00-test_00_r2-oscillation-r13-R3,test_00-test_00_r2-30201305-planner_oscillation-medium,held_out_map_test,true,success,false,false,false,69.068,7.7526,1.4779999999999944,-0.04969999999999963,1,75.287,,false,0.7389999999999972,0.0,0.0,0.0,0.7389999999999972,0.0,0.0
0f1f4fe7-7c2a-4710-8fdc-8571c6e35101,test_00,test_00_r2,30201306,semantic_corruption,medium,R0,false,false,false,false,0.0,0.0,0,none,39.6674,none,test_00-test_00_r2-semantic-r13-R0,test_00-test_00_r2-30201306-semantic_corruption-medium,held_out_map_test,true,false_arrival,true,false,false,58.126,7.4169,0.0,0.0,0,,,false,40.0,0.0,40.0,0.0,0.0,0.0,0.0
1207cac3-8026-4b06-9c43-e6cbd58d925b,test_00,test_00_r2,30201306,semantic_corruption,medium,R2,true,false,false,false,1.882000000000005,0.07730000000000015,0,none,0.6857000000000006,none,test_00-test_00_r2-semantic-r13-R2,test_00-test_00_r2-30201306-semantic_corruption-medium,held_out_map_test,true,success,false,false,false,60.008,7.4942,1.882000000000005,0.07730000000000015,0,,,false,1.0183000000000026,0.0,0.0,0.0,0.9410000000000025,0.07730000000000015,0.0
80a227e9-f8e6-4a95-8b42-2c4809ff70f3,test_00,test_00_r2,30201306,semantic_corruption,medium,R3,true,false,false,false,0.6020000000000039,0.03160000000000007,0,none,0.0,none,test_00-test_00_r2-semantic-r13-R3,test_00-test_00_r2-30201306-semantic_corruption-medium,held_out_map_test,true,success,false,false,false,58.728,7.4485,0.6020000000000039,0.03160000000000007,0,,,false,0.332600000000002,0.0,0.0,0.0,0.30100000000000193,0.03160000000000007,0.0
689fb3b7-5a46-4cfb-b5df-2e53623dc8e1,test_00,test_00_r3,30301000,camera_occlusion,medium,R0,true,false,false,false,0.0,0.0,0,none,0.0,none,test_00-test_00_r3-camera-r10-R0,test_00-test_00_r3-30301000-camera_occlusion-medium,held_out_map_test,true,success,false,false,false,94.481,9.897,0.0,0.0,0,,,false,0.0,0.0,0.0,0.0,0.0,0.0,0.0
023218d4-94af-4981-a4ab-ae2075da655f,test_00,test_00_r3,30301000,camera_occlusion,medium,R2,true,false,false,false,88.017,1.2955000000000005,0,none,16.2955,none,test_00-test_00_r3-camera-r10-R2,test_00-test_00_r3-30301000-camera_occlusion-medium,held_out_map_test,true,success,false,false,false,182.498,11.1925,88.017,1.2955000000000005,0,,,false,16.2955,0.0,0.0,0.0,15.0,1.2955000000000005,0.0
4f1042e4-9bd8-4b3a-a4e9-8bced432c501,test_00,test_00_r3,30301000,camera_occlusion,medium,R3,true,false,false,false,0.0,0.05649999999999977,0,none,0.05649999999999977,none,test_00-test_00_r3-camera-r10-R3,test_00-test_00_r3-30301000-camera_occlusion-medium,held_out_map_test,true,success,false,false,false,91.73,9.9535,-2.7509999999999906,0.05649999999999977,0,,,false,0.05649999999999977,0.0,0.0,0.0,0.0,0.05649999999999977,0.0
6832ccd7-dbb7-4d81-af6e-5a4c5952e1a8,test_00,test_00_r3,30301001,lidar_dropout,medium,R0,true,false,false,false,0.0,0.0,0,none,0.0,none,test_00-test_00_r3-lidar-r10-R0,test_00-test_00_r3-30301001-lidar_dropout-medium,held_out_map_test,true,success,false,false,false,88.095,9.86,0.0,0.0,0,,,false,0.0,0.0,0.0,0.0,0.0,0.0,0.0
c38c1907-a4ec-4c4c-af2b-06fd440c2e76,test_00,test_00_r3,30301001,lidar_dropout,medium,R2,true,false,false,false,0.0,0.0,0,none,0.0,none,test_00-test_00_r3-lidar-r10-R2,test_00-test_00_r3-30301001-lidar_dropout-medium,held_out_map_test,true,success,false,false,false,86.225,9.8558,-1.8700000000000045,-0.004199999999999093,0,,,false,0.0,0.0,0.0,0.0,0.0,0.0,0.0
c12b884c-7397-492a-9aeb-52c440b5c911,test_00,test_00_r3,30301001,lidar_dropout,medium,R3,true,false,false,false,0.0,0.038000000000000256,0,none,0.038000000000000256,none,test_00-test_00_r3-lidar-r10-R3,test_00-test_00_r3-30301001-lidar_dropout-medium,held_out_map_test,true,success,false,false,false,85.993,9.898,-2.102000000000004,0.038000000000000256,0,,,false,0.038000000000000256,0.0,0.0,0.0,0.0,0.038000000000000256,0.0
7c92fd40-d431-4678-8df0-11391bd2f36a,test_00,test_00_r3,30301002,wheel_slip,medium,R0,true,false,false,false,0.0,0.0,0,none,0.0,none,test_00-test_00_r3-wheel-r10-R0,test_00-test_00_r3-30301002-wheel_slip-medium,held_out_map_test,true,success,false,false,false,83.987,9.8939,0.0,0.0,0,,,false,0.0,0.0,0.0,0.0,0.0,0.0,0.0
5dff6392-9723-4876-b42e-2834cfb18fe1,test_00,test_00_r3,30301002,wheel_slip,medium,R2,true,false,false,false,0.0,0.0,0,none,0.0,none,test_00-test_00_r3-wheel-r10-R2,test_00-test_00_r3-30301002-wheel_slip-medium,held_out_map_test,true,success,false,false,false,83.971,9.8838,-0.015999999999991132,-0.010099999999999554,1,71.304,,false,0.0,0.0,0.0,0.0,0.0,0.0,0.0
e7dde03c-96c2-45c0-aa82-f05e83bc8c9e,test_00,test_00_r3,30301002,wheel_slip,medium,R3,true,false,false,false,0.0,0.0,0,none,0.0,none,test_00-test_00_r3-wheel-r10-R3,test_00-test_00_r3-30301002-wheel_slip-medium,held_out_map_test,true,success,false,false,false,81.191,9.8476,-2.7959999999999923,-0.04630000000000045,1,71.988,,false,0.0,0.0,0.0,0.0,0.0,0.0,0.0
1d47a1d5-f7c5-4232-8b3a-168c86e30b95,test_00,test_00_r3,30301003,localisation_perturbation,medium,R0,true,false,false,false,0.0,0.0,0,none,0.0,none,test_00-test_00_r3-localisation-r10-R0,test_00-test_00_r3-30301003-localisation_perturbation-medium,held_out_map_test,true,success,false,false,false,86.541,9.9861,0.0,0.0,0,,,false,0.0,0.0,0.0,0.0,0.0,0.0,0.0
503db3e5-e377-49a3-80aa-5f19d968a6d0,test_00,test_00_r3,30301003,localisation_perturbation,medium,R2,true,false,false,false,5.155000000000001,0.16509999999999891,0,none,2.7425999999999995,none,test_00-test_00_r3-localisation-r10-R2,test_00-test_00_r3-30301003-localisation_perturbation-medium,held_out_map_test,true,success,false,false,false,91.696,10.1512,5.155000000000001,0.16509999999999891,0,,,false,2.7425999999999995,0.0,0.0,0.0,2.5775000000000006,0.16509999999999891,0.0
23356a8c-702e-4c5e-a6d9-25a7518888bd,test_00,test_00_r3,30301003,localisation_perturbation,medium,R3,true,false,false,false,1.5259999999999962,0.0,0,none,0.7629999999999981,none,test_00-test_00_r3-localisation-r10-R3,test_00-test_00_r3-30301003-localisation_perturbation-medium,held_out_map_test,true,success,false,false,false,88.067,9.9792,1.5259999999999962,-0.006899999999999906,1,75.76,,false,0.7629999999999981,0.0,0.0,0.0,0.7629999999999981,0.0,0.0
16f554d7-7d9e-4717-814b-3f45e73080ac,test_00,test_00_r3,30301004,dynamic_blockage,medium,R0,true,false,false,false,0.0,0.0,0,none,0.0,none,test_00-test_00_r3-blockage-r10-R0,test_00-test_00_r3-30301004-dynamic_blockage-medium,held_out_map_test,true,success,false,false,false,127.194,10.814,0.0,0.0,0,,,false,0.0,0.0,0.0,0.0,0.0,0.0,0.0
d0aa7ecf-7dec-43b4-b80f-6386c329b5ac,test_00,test_00_r3,30301004,dynamic_blockage,medium,R2,true,false,false,false,0.0,0.0,0,none,0.0,none,test_00-test_00_r3-blockage-r10-R2,test_00-test_00_r3-30301004-dynamic_blockage-medium,held_out_map_test,true,success,false,false,false,124.973,10.8023,-2.2210000000000036,-0.011699999999999378,0,,,false,0.0,0.0,0.0,0.0,0.0,0.0,0.0
c544fb06-6e9b-47b7-883a-7a71589ab453,test_00,test_00_r3,30301004,dynamic_blockage,medium,R3,true,false,false,false,0.0,0.02880000000000038,0,none,0.02880000000000038,none,test_00-test_00_r3-blockage-r10-R3,test_00-test_00_r3-30301004-dynamic_blockage-medium,held_out_map_test,true,success,false,false,false,122.725,10.8428,-4.469000000000008,0.02880000000000038,1,90.274,,false,0.02880000000000038,0.0,0.0,0.0,0.0,0.02880000000000038,0.0
2653d5fe-8c92-4eaf-955e-b46fa7700709,test_00,test_00_r3,30301005,planner_oscillation,medium,R0,true,false,false,false,0.0,0.0,0,none,0.0,none,test_00-test_00_r3-oscillation-r10-R0,test_00-test_00_r3-30301005-planner_oscillation-medium,held_out_map_test,true,success,false,false,false,122.312,11.6353,0.0,0.0,0,,,false,0.0,0.0,0.0,0.0,0.0,0.0,0.0
81c6429d-f790-441d-bb89-93926ce57679,test_00,test_00_r3,30301005,planner_oscillation,medium,R2,true,false,false,false,1.4380000000000024,0.0,0,none,0.7190000000000012,none,test_00-test_00_r3-oscillation-r10-R2,test_00-test_00_r3-30301005-planner_oscillation-medium,held_out_map_test,true,success,false,false,false,123.75,11.5614,1.4380000000000024,-0.07390000000000008,0,,,false,0.7190000000000012,0.0,0.0,0.0,0.7190000000000012,0.0,0.0
2aa1405d-6be1-410d-88f2-a5b045661c9e,test_00,test_00_r3,30301005,planner_oscillation,medium,R3,false,false,false,false,0.7240000000000038,0.0,0,none,40.362,none,test_00-test_00_r3-oscillation-r10-R3,test_00-test_00_r3-30301005-planner_oscillation-medium,held_out_map_test,true,false_arrival,true,false,false,123.036,11.6225,0.7240000000000038,-0.012800000000000367,0,,,false,40.362,0.0,40.0,0.0,0.3620000000000019,0.0,0.0
ecc337d3-e93f-43e2-9199-e785988c11c4,test_00,test_00_r3,30301006,semantic_corruption,medium,R0,true,false,false,false,0.0,0.0,0,none,0.0,none,test_00-test_00_r3-semantic-r10-R0,test_00-test_00_r3-30301006-semantic_corruption-medium,held_out_map_test,true,success,false,false,false,82.681,9.9253,0.0,0.0,0,,,false,0.0,0.0,0.0,0.0,0.0,0.0,0.0
cd315d80-2c38-42be-8113-ae45cb99201b,test_00,test_00_r3,30301006,semantic_corruption,medium,R2,true,false,false,false,1.073999999999998,0.012199999999999989,0,none,0.549199999999999,none,test_00-test_00_r3-semantic-r10-R2,test_00-test_00_r3-30301006-semantic_corruption-medium,held_out_map_test,true,success,false,false,false,83.755,9.9375,1.073999999999998,0.012199999999999989,0,,,false,0.549199999999999,0.0,0.0,0.0,0.536999999999999,0.012199999999999989,0.0
74694ad2-0fa2-478b-b817-5d603ed70d0e,test_00,test_00_r3,30301006,semantic_corruption,medium,R3,true,false,false,false,0.0,0.0,0,none,0.0,none,test_00-test_00_r3-semantic-r10-R3,test_00-test_00_r3-30301006-semantic_corruption-medium,held_out_map_test,true,success,false,false,false,80.322,9.8225,-2.3589999999999947,-0.10280000000000022,0,,,false,0.0,0.0,0.0,0.0,0.0,0.0,0.0
567a6143-8432-47fb-b180-dd12aa7a8167,test_00,test_00_r3,30301100,camera_occlusion,medium,R0,true,false,false,false,0.0,0.0,0,none,0.0,none,test_00-test_00_r3-camera-r11-R0,test_00-test_00_r3-30301100-camera_occlusion-medium,held_out_map_test,true,success,false,false,false,94.402,9.9341,0.0,0.0,0,,,false,0.0,0.0,0.0,0.0,0.0,0.0,0.0
718e4f2e-a20f-4f10-aca0-5e123cb7dc20,test_00,test_00_r3,30301100,camera_occlusion,medium,R2,true,false,false,false,0.0,0.0,0,none,0.0,none,test_00-test_00_r3-camera-r11-R2,test_00-test_00_r3-30301100-camera_occlusion-medium,held_out_map_test,true,success,false,false,false,91.925,9.8833,-2.477000000000004,-0.05080000000000062,0,,,false,0.0,0.0,0.0,0.0,0.0,0.0,0.0
274cc41c-656a-4231-8e04-b5aa91672520,test_00,test_00_r3,30301100,camera_occlusion,medium,R3,true,false,false,false,0.0,0.0038999999999997925,0,none,0.0038999999999997925,none,test_00-test_00_r3-camera-r11-R3,test_00-test_00_r3-30301100-camera_occlusion-medium,held_out_map_test,true,success,false,false,false,91.94,9.938,-2.4620000000000033,0.0038999999999997925,0,,,false,0.0038999999999997925,0.0,0.0,0.0,0.0,0.0038999999999997925,0.0
d5264b7b-fe0f-42a2-ad63-1343e5989465,test_00,test_00_r3,30301101,lidar_dropout,medium,R0,true,false,false,false,0.0,0.0,0,none,0.0,none,test_00-test_00_r3-lidar-r11-R0,test_00-test_00_r3-30301101-lidar_dropout-medium,held_out_map_test,true,success,false,false,false,84.771,9.8734,0.0,0.0,0,,,false,0.0,0.0,0.0,0.0,0.0,0.0,0.0
1e436276-9308-468f-b430-012cf3963934,test_00,test_00_r3,30301101,lidar_dropout,medium,R2,true,false,false,false,4.521000000000001,0.15380000000000038,0,none,2.414300000000001,none,test_00-test_00_r3-lidar-r11-R2,test_00-test_00_r3-30301101-lidar_dropout-medium,held_out_map_test,true,success,false,false,false,89.292,10.0272,4.521000000000001,0.15380000000000038,0,,,false,2.414300000000001,0.0,0.0,0.0,2.2605000000000004,0.15380000000000038,0.0
142f42bd-c916-4a3f-ac73-b95be90189f5,test_00,test_00_r3,30301101,lidar_dropout,medium,R3,true,false,false,false,0.0,0.0,0,none,0.0,none,test_00-test_00_r3-lidar-r11-R3,test_00-test_00_r3-30301101-lidar_dropout-medium,held_out_map_test,true,success,false,false,false,84.553,9.8606,-0.21800000000000352,-0.012800000000000367,0,,,false,0.0,0.0,0.0,0.0,0.0,0.0,0.0
1d555e5d-b400-470d-83b5-a26494173fae,test_00,test_00_r3,30301102,wheel_slip,medium,R0,true,false,false,false,0.0,0.0,0,none,0.0,none,test_00-test_00_r3-wheel-r11-R0,test_00-test_00_r3-30301102-wheel_slip-medium,held_out_map_test,true,success,false,false,false,81.35,9.9004,0.0,0.0,0,,,false,0.0,0.0,0.0,0.0,0.0,0.0,0.0
03e80885-caa5-4914-a10d-0c6d23f151d6,test_00,test_00_r3,30301102,wheel_slip,medium,R2,true,false,false,false,0.36599999999999966,0.03220000000000134,0,none,0.21520000000000117,none,test_00-test_00_r3-wheel-r11-R2,test_00-test_00_r3-30301102-wheel_slip-medium,held_out_map_test,true,success,false,false,false,81.716,9.9326,0.36599999999999966,0.03220000000000134,0,,,false,0.21520000000000117,0.0,0.0,0.0,0.18299999999999983,0.03220000000000134,0.0
6ab396cd-8d83-43b0-804f-5b9ebf6d925a,test_00,test_00_r3,30301102,wheel_slip,medium,R3,true,false,false,false,0.0,0.0,0,none,0.0,none,test_00-test_00_r3-wheel-r11-R3,test_00-test_00_r3-30301102-wheel_slip-medium,held_out_map_test,true,success,false,false,false,81.13,9.8398,-0.21999999999999886,-0.0605999999999991,0,,,false,0.0,0.0,0.0,0.0,0.0,0.0,0.0
81f7945d-1b90-47a6-abcb-521e6f50bcc6,test_00,test_00_r3,30301103,localisation_perturbation,medium,R0,true,false,false,false,0.0,0.0,0,none,0.0,none,test_00-test_00_r3-localisation-r11-R0,test_00-test_00_r3-30301103-localisation_perturbation-medium,held_out_map_test,true,success,false,false,false,92.95,11.5228,0.0,0.0,0,,,false,0.0,0.0,0.0,0.0,0.0,0.0,0.0
81c2867f-a4ee-4db8-95d4-afa0534869e3,test_00,test_00_r3,30301103,localisation_perturbation,medium,R2,true,false,false,false,6.7309999999999945,0.10379999999999967,0,none,3.469299999999997,none,test_00-test_00_r3-localisation-r11-R2,test_00-test_00_r3-30301103-localisation_perturbation-medium,held_out_map_test,true,success,false,false,false,99.681,11.6266,6.7309999999999945,0.10379999999999967,1,88.643,,false,3.469299999999997,0.0,0.0,0.0,3.3654999999999973,0.10379999999999967,0.0
847509e2-fbfa-439c-89ef-6a3f7c27a443,test_00,test_00_r3,30301103,localisation_perturbation,medium,R3,true,false,false,false,0.0,0.0,0,none,0.0,none,test_00-test_00_r3-localisation-r11-R3,test_00-test_00_r3-30301103-localisation_perturbation-medium,held_out_map_test,true,success,false,false,false,88.219,10.0627,-4.731000000000009,-1.4601000000000006,0,,,false,0.0,0.0,0.0,0.0,0.0,0.0,0.0
9d221671-1716-4180-a711-992b014b9b7a,test_00,test_00_r3,30301104,dynamic_blockage,medium,R0,true,false,false,false,0.0,0.0,0,none,0.0,none,test_00-test_00_r3-blockage-r11-R0,test_00-test_00_r3-30301104-dynamic_blockage-medium,held_out_map_test,true,success,false,false,false,116.298,10.831,0.0,0.0,0,,,false,0.0,0.0,0.0,0.0,0.0,0.0,0.0
36d4cba1-3bde-412e-aa00-2a76d63d5eb6,test_00,test_00_r3,30301104,dynamic_blockage,medium,R2,true,false,false,false,0.0,0.0,0,none,0.0,none,test_00-test_00_r3-blockage-r11-R2,test_00-test_00_r3-30301104-dynamic_blockage-medium,held_out_map_test,true,success,false,false,false,111.538,10.7123,-4.760000000000005,-0.1186999999999987,0,,,false,0.0,0.0,0.0,0.0,0.0,0.0,0.0
26ee7148-a395-4e0d-a55b-0a5fb48a452d,test_00,test_00_r3,30301104,dynamic_blockage,medium,R3,true,false,false,false,0.0,0.0,0,none,0.0,none,test_00-test_00_r3-blockage-r11-R3,test_00-test_00_r3-30301104-dynamic_blockage-medium,held_out_map_test,true,success,false,false,false,113.169,10.759,-3.129000000000005,-0.07199999999999918,0,,,false,0.0,0.0,0.0,0.0,0.0,0.0,0.0
7d420887-c202-4f4b-ad4e-36d7d1cb6a17,test_00,test_00_r3,30301105,planner_oscillation,medium,R0,true,false,false,false,0.0,0.0,0,none,0.0,none,test_00-test_00_r3-oscillation-r11-R0,test_00-test_00_r3-30301105-planner_oscillation-medium,held_out_map_test,true,success,false,false,false,124.304,11.797,0.0,0.0,0,,,false,0.0,0.0,0.0,0.0,0.0,0.0,0.0
7e37b119-fa48-47a5-b784-e48f7418e09e,test_00,test_00_r3,30301105,planner_oscillation,medium,R2,true,false,false,false,0.0,0.0,0,none,0.0,none,test_00-test_00_r3-oscillation-r11-R2,test_00-test_00_r3-30301105-planner_oscillation-medium,held_out_map_test,true,success,false,false,false,122.703,11.6188,-1.600999999999999,-0.17820000000000036,0,,,false,0.0,0.0,0.0,0.0,0.0,0.0,0.0
c931c648-e8a7-4b47-b76c-97a737ba4190,test_00,test_00_r3,30301105,planner_oscillation,medium,R3,true,false,false,false,0.2459999999999951,0.0,0,none,0.12299999999999756,none,test_00-test_00_r3-oscillation-r11-R3,test_00-test_00_r3-30301105-planner_oscillation-medium,held_out_map_test,true,success,false,false,false,124.55,11.6806,0.2459999999999951,-0.1164000000000005,0,,,false,0.12299999999999756,0.0,0.0,0.0,0.12299999999999756,0.0,0.0
82455906-a991-4304-b881-468d1d0ef48e,test_00,test_00_r3,30301106,semantic_corruption,medium,R0,true,false,false,false,0.0,0.0,0,none,0.0,none,test_00-test_00_r3-semantic-r11-R0,test_00-test_00_r3-30301106-semantic_corruption-medium,held_out_map_test,true,success,false,false,false,81.823,9.9215,0.0,0.0,0,,,false,0.0,0.0,0.0,0.0,0.0,0.0,0.0
41b1694e-6406-46b3-8de0-ee0d192b55e9,test_00,test_00_r3,30301106,semantic_corruption,medium,R2,true,false,false,false,0.0,0.0,0,none,0.0,none,test_00-test_00_r3-semantic-r11-R2,test_00-test_00_r3-30301106-semantic_corruption-medium,held_out_map_test,true,success,false,false,false,81.209,9.8831,-0.6139999999999901,-0.038399999999999324,0,,,false,0.0,0.0,0.0,0.0,0.0,0.0,0.0
56f19851-cf43-4fed-a90e-519792669ba6,test_00,test_00_r3,30301106,semantic_corruption,medium,R3,true,false,false,false,1.4070000000000107,0.028900000000000148,0,none,0.7324000000000055,none,test_00-test_00_r3-semantic-r11-R3,test_00-test_00_r3-30301106-semantic_corruption-medium,held_out_map_test,true,success,false,false,false,83.23,9.9504,1.4070000000000107,0.028900000000000148,0,,,false,0.7324000000000055,0.0,0.0,0.0,0.7035000000000053,0.028900000000000148,0.0
f8ff1022-d1a0-4697-b1c5-f3c17481df4d,test_00,test_00_r3,30301200,camera_occlusion,medium,R0,true,false,false,false,0.0,0.0,0,none,0.0,none,test_00-test_00_r3-camera-r12-R0,test_00-test_00_r3-30301200-camera_occlusion-medium,held_out_map_test,true,success,false,false,false,100.247,9.9644,0.0,0.0,0,,,false,0.0,0.0,0.0,0.0,0.0,0.0,0.0
d68a6782-7d97-436c-ad3a-cbf09ab62063,test_00,test_00_r3,30301200,camera_occlusion,medium,R2,true,false,false,false,0.0,0.010900000000001242,0,none,0.010900000000001242,none,test_00-test_00_r3-camera-r12-R2,test_00-test_00_r3-30301200-camera_occlusion-medium,held_out_map_test,true,success,false,false,false,97.185,9.9753,-3.0619999999999976,0.010900000000001242,0,,,false,0.010900000000001242,0.0,0.0,0.0,0.0,0.010900000000001242,0.0
ae5a218d-3a1d-4784-b421-8c5ccdadee7b,test_00,test_00_r3,30301200,camera_occlusion,medium,R3,true,false,false,false,0.0,0.0,0,none,0.0,none,test_00-test_00_r3-camera-r12-R3,test_00-test_00_r3-30301200-camera_occlusion-medium,held_out_map_test,true,success,false,false,false,91.708,9.9012,-8.539000000000001,-0.06320000000000014,0,,,false,0.0,0.0,0.0,0.0,0.0,0.0,0.0
efb8f08f-8b0f-4dea-b508-a847e7f072a9,test_00,test_00_r3,30301201,lidar_dropout,medium,R0,true,false,false,false,0.0,0.0,0,none,0.0,none,test_00-test_00_r3-lidar-r12-R0,test_00-test_00_r3-30301201-lidar_dropout-medium,held_out_map_test,true,success,false,false,false,81.531,9.8386,0.0,0.0,0,,,false,0.0,0.0,0.0,0.0,0.0,0.0,0.0
f8711952-a449-4cb7-b1f1-10a31f24677c,test_00,test_00_r3,30301201,lidar_dropout,medium,R2,true,false,false,false,4.322999999999993,0.03819999999999979,0,none,2.1996999999999964,none,test_00-test_00_r3-lidar-r12-R2,test_00-test_00_r3-30301201-lidar_dropout-medium,held_out_map_test,true,success,false,false,false,85.854,9.8768,4.322999999999993,0.03819999999999979,1,25.23,,false,2.1996999999999964,0.0,0.0,0.0,2.1614999999999966,0.03819999999999979,0.0
e26e0916-cd6e-4d1e-8553-7c0530e6bb83,test_00,test_00_r3,30301201,lidar_dropout,medium,R3,true,false,false,false,4.542999999999992,0.01810000000000045,0,none,2.2895999999999965,none,test_00-test_00_r3-lidar-r12-R3,test_00-test_00_r3-30301201-lidar_dropout-medium,held_out_map_test,true,success,false,false,false,86.074,9.8567,4.542999999999992,0.01810000000000045,1,25.53,,false,2.2895999999999965,0.0,0.0,0.0,2.271499999999996,0.01810000000000045,0.0
ec9eb7e6-114a-4a94-b838-3e49d9c7141c,test_00,test_00_r3,30301202,wheel_slip,medium,R0,false,false,false,false,0.0,0.0,0,none,39.9778,none,test_00-test_00_r3-wheel-r12-R0,test_00-test_00_r3-30301202-wheel_slip-medium,held_out_map_test,true,false_arrival,true,false,false,84.659,9.8725,0.0,0.0,0,,,false,40.0,0.0,40.0,0.0,0.0,0.0,0.0
ff169ce3-fbf7-45a3-adbd-04033bc6dc2e,test_00,test_00_r3,30301202,wheel_slip,medium,R2,true,false,false,false,0.0,0.022199999999999775,0,none,0.0,none,test_00-test_00_r3-wheel-r12-R2,test_00-test_00_r3-30301202-wheel_slip-medium,held_out_map_test,true,success,false,false,false,84.113,9.8947,-0.5460000000000065,0.022199999999999775,0,,,false,0.022199999999999775,0.0,0.0,0.0,0.0,0.022199999999999775,0.0
6e7684c4-985a-42ea-abf2-dbb2c3fc2bed,test_00,test_00_r3,30301202,wheel_slip,medium,R3,true,false,false,false,0.0,0.026199999999999335,0,none,0.0039999999999995595,none,test_00-test_00_r3-wheel-r12-R3,test_00-test_00_r3-30301202-wheel_slip-medium,held_out_map_test,true,success,false,false,false,83.906,9.8987,-0.7530000000000001,0.026199999999999335,1,70.147,,false,0.026199999999999335,0.0,0.0,0.0,0.0,0.026199999999999335,0.0
98688096-1ccc-4db9-a08b-59184b6e10e9,test_00,test_00_r3,30301203,localisation_perturbation,medium,R0,true,false,false,false,0.0,0.0,0,none,0.0,none,test_00-test_00_r3-localisation-r12-R0-infra-replacement-001,test_00-test_00_r3-30301203-localisation_perturbation-medium,held_out_map_test,true,success,false,false,false,83.186,9.9881,0.0,0.0,0,,,false,0.0,0.0,0.0,0.0,0.0,0.0,0.0
a290e8b0-492d-43a2-82a9-65ec6165565f,test_00,test_00_r3,30301203,localisation_perturbation,medium,R2,true,false,false,false,5.73299999999999,0.06820000000000093,0,none,2.934699999999996,none,test_00-test_00_r3-localisation-r12-R2,test_00-test_00_r3-30301203-localisation_perturbation-medium,held_out_map_test,true,success,false,false,false,88.919,10.0563,5.73299999999999,0.06820000000000093,0,,,false,2.934699999999996,0.0,0.0,0.0,2.866499999999995,0.06820000000000093,0.0
56b234ef-6589-4ceb-aa92-eef7fb45f7ab,test_00,test_00_r3,30301203,localisation_perturbation,medium,R3,true,false,false,false,4.814999999999998,0.05460000000000065,0,none,2.4620999999999995,none,test_00-test_00_r3-localisation-r12-R3,test_00-test_00_r3-30301203-localisation_perturbation-medium,held_out_map_test,true,success,false,false,false,88.001,10.0427,4.814999999999998,0.05460000000000065,0,,,false,2.4620999999999995,0.0,0.0,0.0,2.407499999999999,0.05460000000000065,0.0
b38bc9ae-6300-4796-9fd5-2452ec0464ce,test_00,test_00_r3,30301204,dynamic_blockage,medium,R0,true,false,false,false,0.0,0.0,0,none,0.0,none,test_00-test_00_r3-blockage-r12-R0,test_00-test_00_r3-30301204-dynamic_blockage-medium,held_out_map_test,true,success,false,false,false,105.988,10.8061,0.0,0.0,0,,,false,0.0,0.0,0.0,0.0,0.0,0.0,0.0
54f038c0-e9e5-4f7b-98ce-2ab9d0b9e7ee,test_00,test_00_r3,30301204,dynamic_blockage,medium,R2,true,false,false,false,64.221,0.3539999999999992,0,none,15.354,none,test_00-test_00_r3-blockage-r12-R2,test_00-test_00_r3-30301204-dynamic_blockage-medium,held_out_map_test,true,success,false,false,false,170.209,11.1601,64.221,0.3539999999999992,0,,,false,15.354,0.0,0.0,0.0,15.0,0.3539999999999992,0.0
e5c18946-8e6d-4d01-8723-32b6fcd4aba1,test_00,test_00_r3,30301204,dynamic_blockage,medium,R3,true,false,false,false,0.0,0.0,0,none,0.0,none,test_00-test_00_r3-blockage-r12-R3,test_00-test_00_r3-30301204-dynamic_blockage-medium,held_out_map_test,true,success,false,false,false,105.414,10.7614,-0.5739999999999981,-0.04470000000000063,0,,,false,0.0,0.0,0.0,0.0,0.0,0.0,0.0
f96eaf16-37a3-4da0-9548-8b8d358a9dfb,test_00,test_00_r3,30301205,planner_oscillation,medium,R0,true,false,false,false,0.0,0.0,0,none,0.0,none,test_00-test_00_r3-oscillation-r12-R0,test_00-test_00_r3-30301205-planner_oscillation-medium,held_out_map_test,true,success,false,false,false,117.19,11.5901,0.0,0.0,0,,,false,0.0,0.0,0.0,0.0,0.0,0.0,0.0
abcf1ceb-5566-4d90-9765-633eea7216a5,test_00,test_00_r3,30301205,planner_oscillation,medium,R2,true,false,false,false,74.136,0.5152999999999999,0,none,15.5153,none,test_00-test_00_r3-oscillation-r12-R2,test_00-test_00_r3-30301205-planner_oscillation-medium,held_out_map_test,true,success,false,false,false,191.326,12.1054,74.136,0.5152999999999999,0,,,false,15.5153,0.0,0.0,0.0,15.0,0.5152999999999999,0.0
720698c1-92ea-4d79-adec-3de756e01103,test_00,test_00_r3,30301205,planner_oscillation,medium,R3,true,false,false,false,0.0,0.0,0,none,0.0,none,test_00-test_00_r3-oscillation-r12-R3,test_00-test_00_r3-30301205-planner_oscillation-medium,held_out_map_test,true,success,false,false,false,115.412,11.5629,-1.7779999999999916,-0.02719999999999878,0,,,false,0.0,0.0,0.0,0.0,0.0,0.0,0.0
8ff3111c-b414-4c92-b52d-cb010e30561c,test_00,test_00_r3,30301206,semantic_corruption,medium,R0,true,false,false,false,0.0,0.0,0,none,0.0,none,test_00-test_00_r3-semantic-r12-R0,test_00-test_00_r3-30301206-semantic_corruption-medium,held_out_map_test,true,success,false,false,false,80.267,9.8647,0.0,0.0,0,,,false,0.0,0.0,0.0,0.0,0.0,0.0,0.0
6286a4ed-9003-4dce-890e-794139db43be,test_00,test_00_r3,30301206,semantic_corruption,medium,R2,true,false,false,false,1.1310000000000002,0.04690000000000083,0,none,0.6124000000000009,none,test_00-test_00_r3-semantic-r12-R2,test_00-test_00_r3-30301206-semantic_corruption-medium,held_out_map_test,true,success,false,false,false,81.398,9.9116,1.1310000000000002,0.04690000000000083,0,,,false,0.6124000000000009,0.0,0.0,0.0,0.5655000000000001,0.04690000000000083,0.0
ca2972ef-e04b-447d-8f61-1cd3949df9e4,test_00,test_00_r3,30301206,semantic_corruption,medium,R3,true,false,false,false,1.0900000000000034,0.019700000000000273,0,none,0.564700000000002,none,test_00-test_00_r3-semantic-r12-R3,test_00-test_00_r3-30301206-semantic_corruption-medium,held_out_map_test,true,success,false,false,false,81.357,9.8844,1.0900000000000034,0.019700000000000273,0,,,false,0.564700000000002,0.0,0.0,0.0,0.5450000000000017,0.019700000000000273,0.0
a310e0d4-a00f-4ba0-987d-f243ced286ca,test_00,test_00_r3,30301300,camera_occlusion,medium,R0,true,false,false,false,0.0,0.0,0,none,0.0,none,test_00-test_00_r3-camera-r13-R0,test_00-test_00_r3-30301300-camera_occlusion-medium,held_out_map_test,true,success,false,false,false,92.735,9.9525,0.0,0.0,0,,,false,0.0,0.0,0.0,0.0,0.0,0.0,0.0
46ca74c2-1aea-4462-bb19-9f882434abe1,test_00,test_00_r3,30301300,camera_occlusion,medium,R2,true,false,false,false,1.0079999999999956,0.01279999999999859,0,none,0.5167999999999964,none,test_00-test_00_r3-camera-r13-R2,test_00-test_00_r3-30301300-camera_occlusion-medium,held_out_map_test,true,success,false,false,false,93.743,9.9653,1.0079999999999956,0.01279999999999859,0,,,false,0.5167999999999964,0.0,0.0,0.0,0.5039999999999978,0.01279999999999859,0.0
792883e7-23d4-455d-93b8-b2450b1af015,test_00,test_00_r3,30301300,camera_occlusion,medium,R3,true,false,false,false,7.909000000000006,0.03389999999999915,0,none,3.988400000000002,none,test_00-test_00_r3-camera-r13-R3,test_00-test_00_r3-30301300-camera_occlusion-medium,held_out_map_test,true,success,false,false,false,100.644,9.9864,7.909000000000006,0.03389999999999915,0,,,false,3.988400000000002,0.0,0.0,0.0,3.954500000000003,0.03389999999999915,0.0
f8264b76-7930-4962-8b29-1f371bf4fc5c,test_00,test_00_r3,30301301,lidar_dropout,medium,R0,true,false,false,false,0.0,0.0,0,none,0.0,none,test_00-test_00_r3-lidar-r13-R0,test_00-test_00_r3-30301301-lidar_dropout-medium,held_out_map_test,true,success,false,false,false,84.739,9.8822,0.0,0.0,0,,,false,0.0,0.0,0.0,0.0,0.0,0.0,0.0
c21af050-0f45-4274-83d2-e708ff3fd005,test_00,test_00_r3,30301301,lidar_dropout,medium,R2,true,false,false,false,20.711,0.13310000000000066,0,none,10.4886,none,test_00-test_00_r3-lidar-r13-R2,test_00-test_00_r3-30301301-lidar_dropout-medium,held_out_map_test,true,success,false,false,false,105.45,10.0153,20.711,0.13310000000000066,0,,,false,10.4886,0.0,0.0,0.0,10.3555,0.13310000000000066,0.0
f0771a75-108a-4d2e-addc-99c85acbc6d6,test_00,test_00_r3,30301301,lidar_dropout,medium,R3,true,false,false,false,63.084,0.39590000000000103,0,none,15.395900000000001,none,test_00-test_00_r3-lidar-r13-R3,test_00-test_00_r3-30301301-lidar_dropout-medium,held_out_map_test,true,success,false,false,false,147.823,10.2781,63.084,0.39590000000000103,1,157.463,,false,15.395900000000001,0.0,0.0,0.0,15.0,0.39590000000000103,0.0
c9a715e8-3e98-4bcb-8576-08a46f54f52d,test_00,test_00_r3,30301302,wheel_slip,medium,R0,true,false,false,false,0.0,0.0,0,none,0.0,none,test_00-test_00_r3-wheel-r13-R0,test_00-test_00_r3-30301302-wheel_slip-medium,held_out_map_test,true,success,false,false,false,86.748,9.9269,0.0,0.0,0,,,false,0.0,0.0,0.0,0.0,0.0,0.0,0.0
577b8917-f830-492f-8c4e-400e42e01745,test_00,test_00_r3,30301302,wheel_slip,medium,R2,true,false,false,false,10.940999999999988,0.07120000000000104,0,none,5.541699999999995,none,test_00-test_00_r3-wheel-r13-R2,test_00-test_00_r3-30301302-wheel_slip-medium,held_out_map_test,true,success,false,false,false,97.689,9.9981,10.940999999999988,0.07120000000000104,0,,,false,5.541699999999995,0.0,0.0,0.0,5.470499999999994,0.07120000000000104,0.0
a7104429-0166-429a-ac6d-0b44178e357a,test_00,test_00_r3,30301302,wheel_slip,medium,R3,true,false,false,false,0.6739999999999924,0.0,0,none,0.3369999999999962,none,test_00-test_00_r3-wheel-r13-R3,test_00-test_00_r3-30301302-wheel_slip-medium,held_out_map_test,true,success,false,false,false,87.422,9.8902,0.6739999999999924,-0.03669999999999973,0,,,false,0.3369999999999962,0.0,0.0,0.0,0.3369999999999962,0.0,0.0
5e9b13e2-a885-4aab-88d5-02ede52f2c6c,test_00,test_00_r3,30301303,localisation_perturbation,medium,R0,true,false,false,false,0.0,0.0,0,none,0.0,none,test_00-test_00_r3-localisation-r13-R0,test_00-test_00_r3-30301303-localisation_perturbation-medium,held_out_map_test,true,success,false,false,false,85.426,10.0126,0.0,0.0,0,,,false,0.0,0.0,0.0,0.0,0.0,0.0,0.0
28987ec8-0cff-41e7-a64e-033ddc4e279f,test_00,test_00_r3,30301303,localisation_perturbation,medium,R2,true,false,false,false,1.5699999999999932,0.03789999999999871,0,none,0.8228999999999953,none,test_00-test_00_r3-localisation-r13-R2,test_00-test_00_r3-30301303-localisation_perturbation-medium,held_out_map_test,true,success,false,false,false,86.996,10.0505,1.5699999999999932,0.03789999999999871,0,,,false,0.8228999999999953,0.0,0.0,0.0,0.7849999999999966,0.03789999999999871,0.0
31a66b7f-478c-4697-b87b-87d973eeca8e,test_00,test_00_r3,30301303,localisation_perturbation,medium,R3,true,false,false,false,5.393000000000001,0.13049999999999962,0,none,2.827,none,test_00-test_00_r3-localisation-r13-R3,test_00-test_00_r3-30301303-localisation_perturbation-medium,held_out_map_test,true,success,false,false,false,90.819,10.1431,5.393000000000001,0.13049999999999962,0,,,false,2.827,0.0,0.0,0.0,2.6965000000000003,0.13049999999999962,0.0
faf92a6f-f96b-4113-8a2f-3a429b4e63f1,test_00,test_00_r3,30301304,dynamic_blockage,medium,R0,true,false,false,false,0.0,0.0,0,none,0.0,none,test_00-test_00_r3-blockage-r13-R0,test_00-test_00_r3-30301304-dynamic_blockage-medium,held_out_map_test,true,success,false,false,false,108.084,10.749,0.0,0.0,0,,,false,0.0,0.0,0.0,0.0,0.0,0.0,0.0
b370cf0f-8cd1-4c2e-8fd4-6a525e7207bf,test_00,test_00_r3,30301304,dynamic_blockage,medium,R2,true,false,false,false,0.8569999999999993,0.0,0,none,0.42849999999999966,none,test_00-test_00_r3-blockage-r13-R2,test_00-test_00_r3-30301304-dynamic_blockage-medium,held_out_map_test,true,success,false,false,false,108.941,10.7466,0.8569999999999993,-0.0023999999999997357,0,,,false,0.42849999999999966,0.0,0.0,0.0,0.42849999999999966,0.0,0.0
270aac6e-9a11-4126-b73a-f9949757ad81,test_00,test_00_r3,30301304,dynamic_blockage,medium,R3,true,false,false,false,0.0,0.0045000000000001705,0,none,0.0045000000000001705,none,test_00-test_00_r3-blockage-r13-R3,test_00-test_00_r3-30301304-dynamic_blockage-medium,held_out_map_test,true,success,false,false,false,107.604,10.7535,-0.480000000000004,0.0045000000000001705,0,,,false,0.0045000000000001705,0.0,0.0,0.0,0.0,0.0045000000000001705,0.0
5294e2de-a2d7-451a-a345-dfee60d6b155,test_00,test_00_r3,30301305,planner_oscillation,medium,R0,true,false,false,false,0.0,0.0,0,none,0.0,none,test_00-test_00_r3-oscillation-r13-R0,test_00-test_00_r3-30301305-planner_oscillation-medium,held_out_map_test,true,success,false,false,false,116.183,11.6423,0.0,0.0,0,,,false,0.0,0.0,0.0,0.0,0.0,0.0,0.0
51ce9113-9de2-499f-b833-8231b629c951,test_00,test_00_r3,30301305,planner_oscillation,medium,R2,true,false,false,false,0.0,0.0,0,none,0.0,none,test_00-test_00_r3-oscillation-r13-R2,test_00-test_00_r3-30301305-planner_oscillation-medium,held_out_map_test,true,success,false,false,false,114.445,11.5784,-1.7380000000000138,-0.06390000000000029,0,,,false,0.0,0.0,0.0,0.0,0.0,0.0,0.0
16411a6b-6107-41ad-b067-69561b858c0c,test_00,test_00_r3,30301305,planner_oscillation,medium,R3,true,false,false,false,0.0,0.0,0,none,0.0,none,test_00-test_00_r3-oscillation-r13-R3,test_00-test_00_r3-30301305-planner_oscillation-medium,held_out_map_test,true,success,false,false,false,114.451,11.5896,-1.7320000000000135,-0.05269999999999975,0,,,false,0.0,0.0,0.0,0.0,0.0,0.0,0.0
28be68ca-200a-4418-93d6-5b7a0691bfef,test_00,test_00_r3,30301306,semantic_corruption,medium,R0,true,false,false,false,0.0,0.0,0,none,0.0,none,test_00-test_00_r3-semantic-r13-R0,test_00-test_00_r3-30301306-semantic_corruption-medium,held_out_map_test,true,success,false,false,false,139.0,10.2136,0.0,0.0,0,,,false,0.0,0.0,0.0,0.0,0.0,0.0,0.0
b699ca95-676f-4235-bd0b-8041bd4463ef,test_00,test_00_r3,30301306,semantic_corruption,medium,R2,true,false,false,false,0.0,0.0,0,none,0.0,none,test_00-test_00_r3-semantic-r13-R2,test_00-test_00_r3-30301306-semantic_corruption-medium,held_out_map_test,true,success,false,false,false,83.738,9.9095,-55.262,-0.30410000000000004,0,,,false,0.0,0.0,0.0,0.0,0.0,0.0,0.0
957f0e51-68d5-466b-942d-4ff4414462c8,test_00,test_00_r3,30301306,semantic_corruption,medium,R3,true,false,false,false,0.0,0.0,0,none,0.0,none,test_00-test_00_r3-semantic-r13-R3,test_00-test_00_r3-30301306-semantic_corruption-medium,held_out_map_test,true,success,false,false,false,82.483,9.9119,-56.516999999999996,-0.3017000000000003,0,,,false,0.0,0.0,0.0,0.0,0.0,0.0,0.0
a2cbece7-d6d3-470f-8da6-0e38917c7131,test_00,test_00_r4,30401000,camera_occlusion,medium,R0,true,false,false,false,0.0,0.0,0,none,0.0,none,test_00-test_00_r4-camera-r10-R0,test_00-test_00_r4-30401000-camera_occlusion-medium,held_out_map_test,true,success,false,false,false,99.548,12.2868,0.0,0.0,0,,,false,0.0,0.0,0.0,0.0,0.0,0.0,0.0
8e491e60-1833-4d53-b74e-0e240cfbc534,test_00,test_00_r4,30401000,camera_occlusion,medium,R2,false,false,false,false,1.5559999999999974,0.0,0,none,40.778,none,test_00-test_00_r4-camera-r10-R2,test_00-test_00_r4-30401000-camera_occlusion-medium,held_out_map_test,true,false_arrival,true,false,false,101.104,12.2543,1.5559999999999974,-0.03249999999999886,0,,,false,40.778,0.0,40.0,0.0,0.7779999999999987,0.0,0.0
341278cf-beea-4a28-bb1e-f4a1bb7e33e3,test_00,test_00_r4,30401000,camera_occlusion,medium,R3,true,false,false,false,2.3969999999999914,0.0,0,none,1.1984999999999957,none,test_00-test_00_r4-camera-r10-R3,test_00-test_00_r4-30401000-camera_occlusion-medium,held_out_map_test,true,success,false,false,false,101.945,12.2523,2.3969999999999914,-0.03449999999999953,0,,,false,1.1984999999999957,0.0,0.0,0.0,1.1984999999999957,0.0,0.0
46811f72-43e0-41e6-8aab-a7bd6f9bcd2e,test_00,test_00_r4,30401001,lidar_dropout,medium,R0,true,false,false,false,0.0,0.0,0,none,0.0,none,test_00-test_00_r4-lidar-r10-R0,test_00-test_00_r4-30401001-lidar_dropout-medium,held_out_map_test,true,success,false,false,false,101.32,12.2886,0.0,0.0,0,,,false,0.0,0.0,0.0,0.0,0.0,0.0,0.0
980135de-9615-497f-9b07-6b956204cdf6,test_00,test_00_r4,30401001,lidar_dropout,medium,R2,false,false,false,false,1.3800000000000097,0.028100000000000236,0,none,40.71810000000001,none,test_00-test_00_r4-lidar-r10-R2,test_00-test_00_r4-30401001-lidar_dropout-medium,held_out_map_test,true,false_arrival,true,false,false,102.7,12.3167,1.3800000000000097,0.028100000000000236,1,26.136,,false,40.71810000000001,0.0,40.0,0.0,0.6900000000000048,0.028100000000000236,0.0
772e3100-8483-42c0-be86-9f2614ac77cb,test_00,test_00_r4,30401001,lidar_dropout,medium,R3,false,false,false,false,7.149000000000001,0.08610000000000007,0,none,43.6606,none,test_00-test_00_r4-lidar-r10-R3,test_00-test_00_r4-30401001-lidar_dropout-medium,held_out_map_test,true,false_arrival,true,false,false,108.469,12.3747,7.149000000000001,0.08610000000000007,1,25.779,,false,43.6606,0.0,40.0,0.0,3.5745000000000005,0.08610000000000007,0.0
0a1fb96b-1c6f-45c8-89d5-08f43a346e66,test_00,test_00_r4,30401002,wheel_slip,medium,R0,true,false,false,false,0.0,0.0,0,none,0.0,none,test_00-test_00_r4-wheel-r10-R0,test_00-test_00_r4-30401002-wheel_slip-medium,held_out_map_test,true,success,false,false,false,102.017,12.3068,0.0,0.0,0,,,false,0.0,0.0,0.0,0.0,0.0,0.0,0.0
9abc24d3-552a-4922-a97d-23550e30ccd0,test_00,test_00_r4,30401002,wheel_slip,medium,R2,true,false,false,false,1.5050000000000097,0.03759999999999941,0,none,0.7901000000000042,none,test_00-test_00_r4-wheel-r10-R2,test_00-test_00_r4-30401002-wheel_slip-medium,held_out_map_test,true,success,false,false,false,103.522,12.3444,1.5050000000000097,0.03759999999999941,0,,,false,0.7901000000000042,0.0,0.0,0.0,0.7525000000000048,0.03759999999999941,0.0
3b53ed27-2195-4214-a561-ee50f0e4b803,test_00,test_00_r4,30401002,wheel_slip,medium,R3,true,false,false,false,60.84200000000001,0.5076999999999998,0,none,15.5077,none,test_00-test_00_r4-wheel-r10-R3,test_00-test_00_r4-30401002-wheel_slip-medium,held_out_map_test,true,success,false,false,false,162.859,12.8145,60.84200000000001,0.5076999999999998,1,165.993,,false,15.5077,0.0,0.0,0.0,15.0,0.5076999999999998,0.0
395e39aa-b073-4548-bd8e-995927f2b585,test_00,test_00_r4,30401003,localisation_perturbation,medium,R0,false,false,false,false,0.0,0.0,0,none,39.7605,none,test_00-test_00_r4-localisation-r10-R0,test_00-test_00_r4-30401003-localisation_perturbation-medium,held_out_map_test,true,false_arrival,true,false,false,111.544,13.9991,0.0,0.0,0,,,false,40.0,0.0,40.0,0.0,0.0,0.0,0.0
72c21cbf-82e9-47f5-a232-59f6d78a1e6b,test_00,test_00_r4,30401003,localisation_perturbation,medium,R2,true,false,false,false,0.4789999999999992,0.0,0,none,0.0,none,test_00-test_00_r4-localisation-r10-R2,test_00-test_00_r4-30401003-localisation_perturbation-medium,held_out_map_test,true,success,false,false,false,112.023,13.903,0.4789999999999992,-0.09609999999999985,0,,,false,0.2394999999999996,0.0,0.0,0.0,0.2394999999999996,0.0,0.0
83121937-7ca5-4e2e-8457-b0ca9cd60418,test_00,test_00_r4,30401003,localisation_perturbation,medium,R3,false,false,false,false,0.0,0.0,0,none,39.7605,none,test_00-test_00_r4-localisation-r10-R3,test_00-test_00_r4-30401003-localisation_perturbation-medium,held_out_map_test,true,false_arrival,true,false,false,108.184,13.8859,-3.3599999999999994,-0.11320000000000086,0,,,false,40.0,0.0,40.0,0.0,0.0,0.0,0.0
0950a3f6-5215-4552-969a-6a7c3e2e1dde,test_00,test_00_r4,30401004,dynamic_blockage,medium,R0,false,false,false,false,0.0,0.0,0,none,35.85309999999999,none,test_00-test_00_r4-blockage-r10-R0,test_00-test_00_r4-30401004-dynamic_blockage-medium,held_out_map_test,true,false_arrival,true,false,false,218.063,14.1627,0.0,0.0,0,,,false,40.0,0.0,40.0,0.0,0.0,0.0,0.0
dc7f3158-914a-4544-add8-d7072a01caaa,test_00,test_00_r4,30401004,dynamic_blockage,medium,R2,true,false,false,false,8.259000000000015,0.017400000000000304,0,none,0.0,none,test_00-test_00_r4-blockage-r10-R2,test_00-test_00_r4-30401004-dynamic_blockage-medium,held_out_map_test,true,success,false,false,false,226.322,14.1801,8.259000000000015,0.017400000000000304,1,129.743,,false,4.146900000000008,0.0,0.0,0.0,4.129500000000007,0.017400000000000304,0.0
c5b11cd1-61f8-47ff-80c8-55b59310880b,test_00,test_00_r4,30401004,dynamic_blockage,medium,R3,true,false,false,false,10.004000000000019,0.0,0,none,0.855100000000002,none,test_00-test_00_r4-blockage-r10-R3,test_00-test_00_r4-30401004-dynamic_blockage-medium,held_out_map_test,true,success,false,false,false,228.067,14.0785,10.004000000000019,-0.08419999999999916,1,126.307,,false,5.0020000000000095,0.0,0.0,0.0,5.0020000000000095,0.0,0.0
8fc39a64-9129-4c7a-b1ec-97c827335ccb,test_00,test_00_r4,30401005,planner_oscillation,medium,R0,false,false,false,false,0.0,0.0,0,none,17.305799999999998,none,test_00-test_00_r4-oscillation-r10-R0,test_00-test_00_r4-30401005-planner_oscillation-medium,held_out_map_test,true,planner_failure,true,false,false,95.821,6.7287,0.0,0.0,0,,,false,40.0,0.0,40.0,0.0,0.0,0.0,0.0
cd6a02bc-274f-42ed-bc63-dca16285307f,test_00,test_00_r4,30401005,planner_oscillation,medium,R2,true,false,false,false,44.66900000000001,7.6942,0,none,0.0,none,test_00-test_00_r4-oscillation-r10-R2,test_00-test_00_r4-30401005-planner_oscillation-medium,held_out_map_test,true,success,false,false,false,140.49,14.4229,44.66900000000001,7.6942,0,,,false,22.694200000000002,0.0,0.0,0.0,15.0,7.6942,0.0
cb1d3221-6313-4569-a9a7-437a5125f6bd,test_00,test_00_r4,30401005,planner_oscillation,medium,R3,false,false,false,false,120.339,8.5383,0,none,40.8441,none,test_00-test_00_r4-oscillation-r10-R3,test_00-test_00_r4-30401005-planner_oscillation-medium,held_out_map_test,true,false_arrival,true,false,false,216.16,15.267,120.339,8.5383,1,133.011,,false,63.5383,0.0,40.0,0.0,15.0,8.5383,0.0
9a6467f1-9650-437f-9dd0-3579f076ff65,test_00,test_00_r4,30401006,semantic_corruption,medium,R0,true,false,false,false,0.0,0.0,0,none,0.0,none,test_00-test_00_r4-semantic-r10-R0,test_00-test_00_r4-30401006-semantic_corruption-medium,held_out_map_test,true,success,false,false,false,155.353,12.8281,0.0,0.0,0,,,false,0.0,0.0,0.0,0.0,0.0,0.0,0.0
1734bce5-9a96-4f6a-b13b-5e7a2dc2c197,test_00,test_00_r4,30401006,semantic_corruption,medium,R2,true,false,false,false,0.0,0.0,0,none,0.0,none,test_00-test_00_r4-semantic-r10-R2,test_00-test_00_r4-30401006-semantic_corruption-medium,held_out_map_test,true,success,false,false,false,99.242,12.2692,-56.111000000000004,-0.5588999999999995,0,,,false,0.0,0.0,0.0,0.0,0.0,0.0,0.0
f4c4eaef-7975-4e02-9a31-4cf6cc958a79,test_00,test_00_r4,30401006,semantic_corruption,medium,R3,false,false,false,false,0.0,0.0,0,none,40.0,none,test_00-test_00_r4-semantic-r10-R3,test_00-test_00_r4-30401006-semantic_corruption-medium,held_out_map_test,true,false_arrival,true,false,false,99.164,12.2919,-56.18900000000001,-0.5361999999999991,0,,,false,40.0,0.0,40.0,0.0,0.0,0.0,0.0
43e2ec9a-22cd-4050-90be-de1f7e88e464,test_00,test_00_r4,30401100,camera_occlusion,medium,R0,false,false,false,false,0.0,0.0,0,none,40.0,none,test_00-test_00_r4-camera-r11-R0,test_00-test_00_r4-30401100-camera_occlusion-medium,held_out_map_test,true,false_arrival,true,false,false,130.353,12.645,0.0,0.0,0,,,false,40.0,0.0,40.0,0.0,0.0,0.0,0.0
b4d291b0-3419-40d0-ac2f-dfbc295b20e9,test_00,test_00_r4,30401100,camera_occlusion,medium,R2,true,false,false,false,0.0,0.0,0,none,0.0,none,test_00-test_00_r4-camera-r11-R2,test_00-test_00_r4-30401100-camera_occlusion-medium,held_out_map_test,true,success,false,false,false,100.098,12.3493,-30.25500000000001,-0.2957000000000001,0,,,false,0.0,0.0,0.0,0.0,0.0,0.0,0.0
3c9bcda1-f685-45b0-9b71-cc5bd35b1772,test_00,test_00_r4,30401100,camera_occlusion,medium,R3,true,false,false,false,0.0,0.0,0,none,0.0,none,test_00-test_00_r4-camera-r11-R3,test_00-test_00_r4-30401100-camera_occlusion-medium,held_out_map_test,true,success,false,false,false,101.309,12.2813,-29.04400000000001,-0.3636999999999997,0,,,false,0.0,0.0,0.0,0.0,0.0,0.0,0.0
7fa1a950-5f5b-49db-af45-4f9f4d23e669,test_00,test_00_r4,30401101,lidar_dropout,medium,R0,true,false,false,false,0.0,0.0,0,none,0.0,none,test_00-test_00_r4-lidar-r11-R0,test_00-test_00_r4-30401101-lidar_dropout-medium,held_out_map_test,true,success,false,false,false,100.668,12.2729,0.0,0.0,0,,,false,0.0,0.0,0.0,0.0,0.0,0.0,0.0
7e260f89-3e2d-481a-88d4-ea27df3f9d1a,test_00,test_00_r4,30401101,lidar_dropout,medium,R2,false,false,false,false,1.059999999999988,0.01019999999999932,0,none,40.54019999999999,none,test_00-test_00_r4-lidar-r11-R2,test_00-test_00_r4-30401101-lidar_dropout-medium,held_out_map_test,true,false_arrival,true,false,false,101.728,12.2831,1.059999999999988,0.01019999999999932,0,,,false,40.54019999999999,0.0,40.0,0.0,0.529999999999994,0.01019999999999932,0.0
e7e802b0-3219-4a9c-8157-f47b9dc7cead,test_00,test_00_r4,30401101,lidar_dropout,medium,R3,true,false,false,false,1.9449999999999932,0.07469999999999999,0,none,1.0471999999999966,none,test_00-test_00_r4-lidar-r11-R3,test_00-test_00_r4-30401101-lidar_dropout-medium,held_out_map_test,true,success,false,false,false,102.613,12.3476,1.9449999999999932,0.07469999999999999,0,,,false,1.0471999999999966,0.0,0.0,0.0,0.9724999999999966,0.07469999999999999,0.0
6238dc21-d701-4602-893c-fda0c5497535,test_00,test_00_r4,30401102,wheel_slip,medium,R0,true,false,false,false,0.0,0.0,0,none,0.0,none,test_00-test_00_r4-wheel-r11-R0,test_00-test_00_r4-30401102-wheel_slip-medium,held_out_map_test,true,success,false,false,false,101.111,12.2814,0.0,0.0,0,,,false,0.0,0.0,0.0,0.0,0.0,0.0,0.0
21fe1f01-433f-4649-b51b-5dc73f2f36b7,test_00,test_00_r4,30401102,wheel_slip,medium,R2,true,false,false,false,1.926000000000002,0.0,0,none,0.963000000000001,none,test_00-test_00_r4-wheel-r11-R2,test_00-test_00_r4-30401102-wheel_slip-medium,held_out_map_test,true,success,false,false,false,103.037,12.2754,1.926000000000002,-0.006000000000000227,0,,,false,0.963000000000001,0.0,0.0,0.0,0.963000000000001,0.0,0.0
35585047-607c-457f-b72c-8510b617a43a,test_00,test_00_r4,30401102,wheel_slip,medium,R3,false,false,false,false,0.5109999999999957,0.0,0,none,40.2555,none,test_00-test_00_r4-wheel-r11-R3,test_00-test_00_r4-30401102-wheel_slip-medium,held_out_map_test,true,false_arrival,true,false,false,101.622,12.2635,0.5109999999999957,-0.01789999999999914,0,,,false,40.2555,0.0,40.0,0.0,0.25549999999999784,0.0,0.0
82a42fb5-76c3-4906-bff1-a4218ef206d4,test_00,test_00_r4,30401103,localisation_perturbation,medium,R0,false,false,false,false,0.0,0.0,0,none,39.9853,none,test_00-test_00_r4-localisation-r11-R0,test_00-test_00_r4-30401103-localisation_perturbation-medium,held_out_map_test,true,false_arrival,true,false,false,112.563,13.8947,0.0,0.0,0,,,false,40.0,0.0,40.0,0.0,0.0,0.0,0.0
13105fb3-77ca-4be1-bad1-03c41d37a7eb,test_00,test_00_r4,30401103,localisation_perturbation,medium,R2,false,false,false,false,0.0,0.04849999999999888,0,none,40.0338,none,test_00-test_00_r4-localisation-r11-R2,test_00-test_00_r4-30401103-localisation_perturbation-medium,held_out_map_test,true,false_arrival,true,false,false,112.215,13.9432,-0.347999999999999,0.04849999999999888,0,,,false,40.0485,0.0,40.0,0.0,0.0,0.04849999999999888,0.0
1d53f085-ebe3-4751-9961-efa4cef49b8c,test_00,test_00_r4,30401103,localisation_perturbation,medium,R3,true,false,false,false,0.0,0.014699999999999491,0,none,0.0,none,test_00-test_00_r4-localisation-r11-R3,test_00-test_00_r4-30401103-localisation_perturbation-medium,held_out_map_test,true,success,false,false,false,110.517,13.9094,-2.0460000000000065,0.014699999999999491,0,,,false,0.014699999999999491,0.0,0.0,0.0,0.0,0.014699999999999491,0.0
307277ca-7430-4d3d-a77f-86f12bdc01ff,test_00,test_00_r4,30401104,dynamic_blockage,medium,R0,false,false,false,false,0.0,0.0,0,none,0.0,none,test_00-test_00_r4-blockage-r11-R0,test_00-test_00_r4-30401104-dynamic_blockage-medium,held_out_map_test,true,false_arrival,true,false,false,136.031,12.7662,0.0,0.0,0,,,false,40.0,0.0,40.0,0.0,0.0,0.0,0.0
fc32a8b3-f7de-4ff4-a3e6-bcfac5062ce5,test_00,test_00_r4,30401104,dynamic_blockage,medium,R2,false,false,false,false,104.743,1.8023000000000007,0,none,16.802300000000002,none,test_00-test_00_r4-blockage-r11-R2,test_00-test_00_r4-30401104-dynamic_blockage-medium,held_out_map_test,true,timeout,true,false,false,240.774,14.5685,104.743,1.8023000000000007,2,129.642,,false,56.8023,0.0,40.0,0.0,15.0,1.8023000000000007,0.0
1ad04ba4-531b-4fc2-a1bd-a7fc91dcd0b2,test_00,test_00_r4,30401104,dynamic_blockage,medium,R3,false,false,false,false,84.469,1.302200000000001,0,none,16.3022,none,test_00-test_00_r4-blockage-r11-R3,test_00-test_00_r4-30401104-dynamic_blockage-medium,held_out_map_test,true,false_arrival,true,false,false,220.5,14.0684,84.469,1.302200000000001,2,125.757,,false,56.3022,0.0,40.0,0.0,15.0,1.302200000000001,0.0
25e81b77-0c3d-4625-89b0-de7a812241b3,test_00,test_00_r4,30401105,planner_oscillation,medium,R0,false,false,false,false,0.0,0.0,0,none,20.020500000000002,none,test_00-test_00_r4-oscillation-r11-R0,test_00-test_00_r4-30401105-planner_oscillation-medium,held_out_map_test,true,planner_failure,true,false,false,157.698,7.5069,0.0,0.0,0,,,false,40.0,0.0,40.0,0.0,0.0,0.0,0.0
a96c6aa2-7a92-4df1-98ce-8b9b35ae7b32,test_00,test_00_r4,30401105,planner_oscillation,medium,R2,true,false,false,false,25.558999999999997,7.199999999999999,0,none,0.0,none,test_00-test_00_r4-oscillation-r11-R2,test_00-test_00_r4-30401105-planner_oscillation-medium,held_out_map_test,true,success,false,false,false,183.257,14.7069,25.558999999999997,7.199999999999999,0,,,false,19.979499999999998,0.0,0.0,0.0,12.779499999999999,7.199999999999999,0.0
4cc1b72b-8541-4f12-b9ff-3fccfb56cb6e,test_00,test_00_r4,30401105,planner_oscillation,medium,R3,false,false,false,false,0.0,7.002599999999999,0,none,27.023100000000003,none,test_00-test_00_r4-oscillation-r11-R3,test_00-test_00_r4-30401105-planner_oscillation-medium,held_out_map_test,true,false_arrival,true,false,false,151.47,14.5095,-6.228000000000009,7.002599999999999,0,,,false,47.0026,0.0,40.0,0.0,0.0,7.002599999999999,0.0
5d892920-1e18-403b-bf65-ff5efcc39442,test_00,test_00_r4,30401106,semantic_corruption,medium,R0,true,false,false,false,0.0,0.0,0,none,0.0,none,test_00-test_00_r4-semantic-r11-R0,test_00-test_00_r4-30401106-semantic_corruption-medium,held_out_map_test,true,success,false,false,false,99.373,12.2909,0.0,0.0,0,,,false,0.0,0.0,0.0,0.0,0.0,0.0,0.0
8a8a542c-5a93-447e-927a-17c0c350a8c4,test_00,test_00_r4,30401106,semantic_corruption,medium,R2,false,false,false,false,0.0,0.0,0,none,40.0,none,test_00-test_00_r4-semantic-r11-R2,test_00-test_00_r4-30401106-semantic_corruption-medium,held_out_map_test,true,false_arrival,true,false,false,98.086,12.2642,-1.2870000000000061,-0.026699999999999946,0,,,false,40.0,0.0,40.0,0.0,0.0,0.0,0.0
b7f939f2-7bef-4c3c-9bb7-ef761450da15,test_00,test_00_r4,30401106,semantic_corruption,medium,R3,true,false,false,false,56.26099999999998,0.5400999999999989,0,none,15.540099999999999,none,test_00-test_00_r4-semantic-r11-R3,test_00-test_00_r4-30401106-semantic_corruption-medium,held_out_map_test,true,success,false,false,false,155.634,12.831,56.26099999999998,0.5400999999999989,0,,,false,15.540099999999999,0.0,0.0,0.0,15.0,0.5400999999999989,0.0
1a8b1a7e-a9e2-4e35-967c-6bf8360ba5b9,test_00,test_00_r4,30401200,camera_occlusion,medium,R0,false,false,false,false,0.0,0.0,0,none,0.0,none,test_00-test_00_r4-camera-r12-R0,test_00-test_00_r4-30401200-camera_occlusion-medium,held_out_map_test,true,false_arrival,true,false,false,165.213,12.7896,0.0,0.0,0,,,false,40.0,0.0,40.0,0.0,0.0,0.0,0.0
1f2fb253-4715-4daf-9899-a3a04e380bd0,test_00,test_00_r4,30401200,camera_occlusion,medium,R2,false,false,false,false,0.0,0.0,0,none,0.0,none,test_00-test_00_r4-camera-r12-R2,test_00-test_00_r4-30401200-camera_occlusion-medium,held_out_map_test,true,false_arrival,true,false,false,103.764,12.354,-61.449,-0.4356000000000009,0,,,false,40.0,0.0,40.0,0.0,0.0,0.0,0.0
d53e7875-bc99-4268-988d-05b953099912,test_00,test_00_r4,30401200,camera_occlusion,medium,R3,false,false,false,false,0.0,0.14059999999999917,0,none,0.14059999999999917,none,test_00-test_00_r4-camera-r12-R3,test_00-test_00_r4-30401200-camera_occlusion-medium,held_out_map_test,true,false_arrival,true,false,false,159.393,12.9302,-5.819999999999993,0.14059999999999917,0,,,false,40.1406,0.0,40.0,0.0,0.0,0.14059999999999917,0.0
ac837a40-2795-415f-a7ec-698ed5580741,test_00,test_00_r4,30401201,lidar_dropout,medium,R0,false,false,false,false,0.0,0.0,0,none,39.9762,none,test_00-test_00_r4-lidar-r12-R0,test_00-test_00_r4-30401201-lidar_dropout-medium,held_out_map_test,true,false_arrival,true,false,false,106.55,12.3628,0.0,0.0,0,,,false,40.0,0.0,40.0,0.0,0.0,0.0,0.0
15b1c0af-b57f-45c1-a5bd-9b5a210791de,test_00,test_00_r4,30401201,lidar_dropout,medium,R2,false,false,false,false,0.2469999999999999,0.0,0,none,40.0997,none,test_00-test_00_r4-lidar-r12-R2,test_00-test_00_r4-30401201-lidar_dropout-medium,held_out_map_test,true,false_arrival,true,false,false,106.797,12.3394,0.2469999999999999,-0.02340000000000053,0,,,false,40.1235,0.0,40.0,0.0,0.12349999999999994,0.0,0.0
102f8d3b-cba8-4e08-b815-7c08285dfe90,test_00,test_00_r4,30401201,lidar_dropout,medium,R3,true,false,false,false,0.0,0.0237999999999996,0,none,0.0,none,test_00-test_00_r4-lidar-r12-R3,test_00-test_00_r4-30401201-lidar_dropout-medium,held_out_map_test,true,success,false,false,false,105.377,12.3866,-1.1730000000000018,0.0237999999999996,0,,,false,0.0237999999999996,0.0,0.0,0.0,0.0,0.0237999999999996,0.0
555948f4-fc1f-4c09-87e1-faebd9f54009,test_00,test_00_r4,30401202,wheel_slip,medium,R0,true,false,false,false,0.0,0.0,0,none,0.0,none,test_00-test_00_r4-wheel-r12-R0,test_00-test_00_r4-30401202-wheel_slip-medium,held_out_map_test,true,success,false,false,false,165.386,12.8531,0.0,0.0,0,,,false,0.0,0.0,0.0,0.0,0.0,0.0,0.0
d75bb068-357f-49df-8cd9-b65c43b7feca,test_00,test_00_r4,30401202,wheel_slip,medium,R2,false,false,false,false,0.0,0.0,0,none,40.0,none,test_00-test_00_r4-wheel-r12-R2,test_00-test_00_r4-30401202-wheel_slip-medium,held_out_map_test,true,false_arrival,true,false,false,105.606,12.324,-59.78,-0.5290999999999997,0,,,false,40.0,0.0,40.0,0.0,0.0,0.0,0.0
4a90ad77-6041-4d8c-9598-d57ecfa497a9,test_00,test_00_r4,30401202,wheel_slip,medium,R3,true,false,false,false,3.451999999999998,0.058099999999999596,0,none,1.7840999999999987,none,test_00-test_00_r4-wheel-r12-R3,test_00-test_00_r4-30401202-wheel_slip-medium,held_out_map_test,true,success,false,false,false,168.838,12.9112,3.451999999999998,0.058099999999999596,1,170.578,,false,1.7840999999999987,0.0,0.0,0.0,1.725999999999999,0.058099999999999596,0.0
aebe88ac-b8d9-4f30-bcef-2092975867c4,test_00,test_00_r4,30401203,localisation_perturbation,medium,R0,true,false,false,false,0.0,0.0,0,none,0.0,none,test_00-test_00_r4-localisation-r12-R0,test_00-test_00_r4-30401203-localisation_perturbation-medium,held_out_map_test,true,success,false,false,false,106.65,13.9594,0.0,0.0,0,,,false,0.0,0.0,0.0,0.0,0.0,0.0,0.0
cd1dd7fd-f939-49d9-91f6-3bbe610828ef,test_00,test_00_r4,30401203,localisation_perturbation,medium,R2,false,false,false,false,9.013999999999996,0.0,0,none,44.507,none,test_00-test_00_r4-localisation-r12-R2,test_00-test_00_r4-30401203-localisation_perturbation-medium,held_out_map_test,true,false_arrival,true,false,false,115.664,13.0839,9.013999999999996,-0.8755000000000006,0,,,false,44.507,0.0,40.0,0.0,4.506999999999998,0.0,0.0
1707d3b1-780d-46a1-baa9-6255b2cc2908,test_00,test_00_r4,30401203,localisation_perturbation,medium,R3,false,false,false,false,3.2339999999999947,0.023999999999999133,0,none,41.641,none,test_00-test_00_r4-localisation-r12-R3,test_00-test_00_r4-30401203-localisation_perturbation-medium,held_out_map_test,true,false_arrival,true,false,false,109.884,13.9834,3.2339999999999947,0.023999999999999133,1,118.076,,false,41.641,0.0,40.0,0.0,1.6169999999999973,0.023999999999999133,0.0
bdf2d2e0-2c9a-442f-a2ef-bd9e038b2ac2,test_00,test_00_r4,30401204,dynamic_blockage,medium,R0,false,false,false,false,0.0,0.0,0,none,0.0,none,test_00-test_00_r4-blockage-r12-R0,test_00-test_00_r4-30401204-dynamic_blockage-medium,held_out_map_test,true,false_arrival,true,false,false,123.78,12.5993,0.0,0.0,0,,,false,40.0,0.0,40.0,0.0,0.0,0.0,0.0
420c69de-72cd-4a5f-a3aa-ed72fce84d88,test_00,test_00_r4,30401204,dynamic_blockage,medium,R2,false,false,false,false,0.9269999999999925,0.0,0,none,0.46349999999999625,none,test_00-test_00_r4-blockage-r12-R2,test_00-test_00_r4-30401204-dynamic_blockage-medium,held_out_map_test,true,false_arrival,true,false,false,124.707,12.5988,0.9269999999999925,-0.0004999999999988347,0,,,false,40.463499999999996,0.0,40.0,0.0,0.46349999999999625,0.0,0.0
f5d7c53a-8376-43e6-9b4c-03523474778d,test_00,test_00_r4,30401204,dynamic_blockage,medium,R3,false,false,false,false,72.60300000000001,1.6801000000000013,0,none,16.680100000000003,none,test_00-test_00_r4-blockage-r12-R3,test_00-test_00_r4-30401204-dynamic_blockage-medium,held_out_map_test,true,false_arrival,true,false,false,196.383,14.2794,72.60300000000001,1.6801000000000013,1,165.216,,false,56.6801,0.0,40.0,0.0,15.0,1.6801000000000013,0.0
af45d748-83be-4702-aac7-72f46f622461,test_00,test_00_r4,30401205,planner_oscillation,medium,R0,false,false,false,false,0.0,0.0,0,none,0.0,none,test_00-test_00_r4-oscillation-r12-R0,test_00-test_00_r4-30401205-planner_oscillation-medium,held_out_map_test,true,planner_failure,true,false,false,93.772,6.9048,0.0,0.0,0,,,false,40.0,0.0,40.0,0.0,0.0,0.0,0.0
9cc5ca92-4471-4d8a-8691-2baa7404f6b9,test_00,test_00_r4,30401205,planner_oscillation,medium,R2,false,false,false,false,9.34599999999999,0.0,0,none,4.672999999999995,none,test_00-test_00_r4-oscillation-r12-R2,test_00-test_00_r4-30401205-planner_oscillation-medium,held_out_map_test,true,planner_failure,true,false,false,103.118,6.8566,9.34599999999999,-0.048199999999999577,2,60.892,,false,44.672999999999995,0.0,40.0,0.0,4.672999999999995,0.0,0.0
a66819a5-154a-4cf1-8064-33659b348cce,test_00,test_00_r4,30401205,planner_oscillation,medium,R3,false,false,false,false,1.8149999999999977,0.0777000000000001,0,none,0.985199999999999,none,test_00-test_00_r4-oscillation-r12-R3,test_00-test_00_r4-30401205-planner_oscillation-medium,held_out_map_test,true,planner_failure,true,false,false,95.587,6.9825,1.8149999999999977,0.0777000000000001,1,79.974,,false,40.9852,0.0,40.0,0.0,0.9074999999999989,0.0777000000000001,0.0
ee6f23cc-1005-4950-8743-e82276001a3e,test_00,test_00_r4,30401206,semantic_corruption,medium,R0,true,false,false,false,0.0,0.0,0,none,0.0,none,test_00-test_00_r4-semantic-r12-R0,test_00-test_00_r4-30401206-semantic_corruption-medium,held_out_map_test,true,success,false,false,false,155.003,12.8371,0.0,0.0,0,,,false,0.0,0.0,0.0,0.0,0.0,0.0,0.0
6297b679-23fc-4380-9294-3b159781eb09,test_00,test_00_r4,30401206,semantic_corruption,medium,R2,true,false,false,false,0.561000000000007,0.0,0,none,0.2805000000000035,none,test_00-test_00_r4-semantic-r12-R2,test_00-test_00_r4-30401206-semantic_corruption-medium,held_out_map_test,true,success,false,false,false,155.564,12.783,0.561000000000007,-0.05410000000000004,0,,,false,0.2805000000000035,0.0,0.0,0.0,0.2805000000000035,0.0,0.0
107d9aab-69a9-4b2e-a61c-99889d115cba,test_00,test_00_r4,30401206,semantic_corruption,medium,R3,false,false,false,false,0.0,0.0,0,none,40.0,none,test_00-test_00_r4-semantic-r12-R3,test_00-test_00_r4-30401206-semantic_corruption-medium,held_out_map_test,true,false_arrival,true,false,false,99.23,12.2727,-55.77299999999998,-0.5643999999999991,0,,,false,40.0,0.0,40.0,0.0,0.0,0.0,0.0
c3a68973-c242-4c36-b867-a6ac4b95038d,test_00,test_00_r4,30401300,camera_occlusion,medium,R0,false,false,false,false,0.0,0.0,0,none,39.9923,none,test_00-test_00_r4-camera-r13-R0,test_00-test_00_r4-30401300-camera_occlusion-medium,held_out_map_test,true,false_arrival,true,false,false,99.132,12.2726,0.0,0.0,0,,,false,40.0,0.0,40.0,0.0,0.0,0.0,0.0
ce1d710a-0a9a-45e0-837c-854bce8b6512,test_00,test_00_r4,30401300,camera_occlusion,medium,R2,false,false,false,false,3.4009999999999962,0.08569999999999922,0,none,41.778499999999994,none,test_00-test_00_r4-camera-r13-R2,test_00-test_00_r4-30401300-camera_occlusion-medium,held_out_map_test,true,false_arrival,true,false,false,102.533,12.3583,3.4009999999999962,0.08569999999999922,0,,,false,41.786199999999994,0.0,40.0,0.0,1.7004999999999981,0.08569999999999922,0.0
c2b92faf-b9b7-4608-b143-d6f57e031d59,test_00,test_00_r4,30401300,camera_occlusion,medium,R3,true,false,false,false,0.0,0.007699999999999818,0,none,0.0,none,test_00-test_00_r4-camera-r13-R3,test_00-test_00_r4-30401300-camera_occlusion-medium,held_out_map_test,true,success,false,false,false,99.064,12.2803,-0.06800000000001205,0.007699999999999818,0,,,false,0.007699999999999818,0.0,0.0,0.0,0.0,0.007699999999999818,0.0
e54b1630-d7fb-4b63-9ccd-f9952c87396c,test_00,test_00_r4,30401301,lidar_dropout,medium,R0,false,false,false,false,0.0,0.0,0,none,38.6815,none,test_00-test_00_r4-lidar-r13-R0,test_00-test_00_r4-30401301-lidar_dropout-medium,held_out_map_test,true,false_arrival,true,false,false,101.781,12.2039,0.0,0.0,0,,,false,40.0,0.0,40.0,0.0,0.0,0.0,0.0
5c9f05e0-ed3d-4c57-98a2-24314b0b3155,test_00,test_00_r4,30401301,lidar_dropout,medium,R2,true,false,false,false,62.929,0.5568999999999988,0,none,14.238399999999999,none,test_00-test_00_r4-lidar-r13-R2,test_00-test_00_r4-30401301-lidar_dropout-medium,held_out_map_test,true,success,false,false,false,164.71,12.7608,62.929,0.5568999999999988,1,166.994,,false,15.556899999999999,0.0,0.0,0.0,15.0,0.5568999999999988,0.0
31babe9f-7c47-49f4-b1c2-c0635f4fc83c,test_00,test_00_r4,30401301,lidar_dropout,medium,R3,true,false,false,false,2.3900000000000006,0.12349999999999994,0,none,0.0,none,test_00-test_00_r4-lidar-r13-R3,test_00-test_00_r4-30401301-lidar_dropout-medium,held_out_map_test,true,success,false,false,false,104.171,12.3274,2.3900000000000006,0.12349999999999994,0,,,false,1.3185000000000002,0.0,0.0,0.0,1.1950000000000003,0.12349999999999994,0.0
51b8baf9-ce98-42f2-a592-3a42da0eadf3,test_00,test_00_r4,30401302,wheel_slip,medium,R0,false,false,false,false,0.0,0.0,0,none,39.960499999999996,none,test_00-test_00_r4-wheel-r13-R0,test_00-test_00_r4-30401302-wheel_slip-medium,held_out_map_test,true,false_arrival,true,false,false,104.165,12.2867,0.0,0.0,0,,,false,40.0,0.0,40.0,0.0,0.0,0.0,0.0
70d385b3-522f-47ad-9baa-407685327ea7,test_00,test_00_r4,30401302,wheel_slip,medium,R2,true,false,false,false,0.0,0.03950000000000031,0,none,0.0,none,test_00-test_00_r4-wheel-r13-R2,test_00-test_00_r4-30401302-wheel_slip-medium,held_out_map_test,true,success,false,false,false,102.698,12.3262,-1.467000000000013,0.03950000000000031,0,,,false,0.03950000000000031,0.0,0.0,0.0,0.0,0.03950000000000031,0.0
4c4b12c8-379b-4da7-a76f-4ec1eb3aae2a,test_00,test_00_r4,30401302,wheel_slip,medium,R3,true,false,false,false,0.0,0.043900000000000716,0,none,0.004400000000000404,none,test_00-test_00_r4-wheel-r13-R3,test_00-test_00_r4-30401302-wheel_slip-medium,held_out_map_test,true,success,false,false,false,99.967,12.3306,-4.1980000000000075,0.043900000000000716,0,,,false,0.043900000000000716,0.0,0.0,0.0,0.0,0.043900000000000716,0.0
d9da841e-91fa-4e9d-9fc1-cf40e44ea74f,test_00,test_00_r4,30401303,localisation_perturbation,medium,R0,true,false,false,false,0.0,0.0,0,none,0.0,none,test_00-test_00_r4-localisation-r13-R0,test_00-test_00_r4-30401303-localisation_perturbation-medium,held_out_map_test,true,success,false,false,false,112.642,13.8859,0.0,0.0,0,,,false,0.0,0.0,0.0,0.0,0.0,0.0,0.0
f5cbc895-c5b8-4fc0-9667-24063854c355,test_00,test_00_r4,30401303,localisation_perturbation,medium,R2,false,false,false,false,4.007000000000005,0.14949999999999974,0,none,42.153000000000006,none,test_00-test_00_r4-localisation-r13-R2,test_00-test_00_r4-30401303-localisation_perturbation-medium,held_out_map_test,true,false_arrival,true,false,false,116.649,14.0354,4.007000000000005,0.14949999999999974,0,,,false,42.153000000000006,0.0,40.0,0.0,2.0035000000000025,0.14949999999999974,0.0
3ae0b06a-d7de-4410-8c81-abc216843384,test_00,test_00_r4,30401303,localisation_perturbation,medium,R3,true,false,false,false,0.0,0.07319999999999993,0,none,0.07319999999999993,none,test_00-test_00_r4-localisation-r13-R3,test_00-test_00_r4-30401303-localisation_perturbation-medium,held_out_map_test,true,success,false,false,false,111.527,13.9591,-1.1149999999999949,0.07319999999999993,0,,,false,0.07319999999999993,0.0,0.0,0.0,0.0,0.07319999999999993,0.0
f17d4579-2f62-47ab-950e-86f0c6c9eb3c,test_00,test_00_r4,30401304,dynamic_blockage,medium,R0,true,false,false,false,0.0,0.0,0,none,0.0,none,test_00-test_00_r4-blockage-r13-R0,test_00-test_00_r4-30401304-dynamic_blockage-medium,held_out_map_test,true,success,false,false,false,124.99,12.6232,0.0,0.0,0,,,false,0.0,0.0,0.0,0.0,0.0,0.0,0.0
bc2937ff-e050-4eaf-a287-efcb52ca6c04,test_00,test_00_r4,30401304,dynamic_blockage,medium,R2,true,false,false,false,69.66600000000001,1.5789999999999988,0,none,16.579,none,test_00-test_00_r4-blockage-r13-R2,test_00-test_00_r4-30401304-dynamic_blockage-medium,held_out_map_test,true,success,false,false,false,194.656,14.2022,69.66600000000001,1.5789999999999988,1,126.144,,false,16.579,0.0,0.0,0.0,15.0,1.5789999999999988,0.0
769ae9ae-27ee-4f60-b4ac-2efd74095ac1,test_00,test_00_r4,30401304,dynamic_blockage,medium,R3,false,false,false,false,4.293999999999997,0.10259999999999891,0,none,42.2496,none,test_00-test_00_r4-blockage-r13-R3,test_00-test_00_r4-30401304-dynamic_blockage-medium,held_out_map_test,true,false_arrival,true,false,false,129.284,12.7258,4.293999999999997,0.10259999999999891,0,,,false,42.2496,0.0,40.0,0.0,2.1469999999999985,0.10259999999999891,0.0
bb183ba4-3e15-48b5-a1c9-341b3a897db2,test_00,test_00_r4,30401305,planner_oscillation,medium,R0,false,false,false,false,0.0,0.0,0,none,16.8925,none,test_00-test_00_r4-oscillation-r13-R0,test_00-test_00_r4-30401305-planner_oscillation-medium,held_out_map_test,true,planner_failure,true,false,false,91.522,6.7507,0.0,0.0,0,,,false,40.0,0.0,40.0,0.0,0.0,0.0,0.0
999f8175-c008-4b03-bdc8-3344bf3aa04e,test_00,test_00_r4,30401305,planner_oscillation,medium,R2,true,false,false,false,118.766,8.1433,0,none,0.03579999999999828,none,test_00-test_00_r4-oscillation-r13-R2,test_00-test_00_r4-30401305-planner_oscillation-medium,held_out_map_test,true,success,false,false,false,210.288,14.894,118.766,8.1433,1,133.816,,false,23.1433,0.0,0.0,0.0,15.0,8.1433,0.0
268325d8-1b61-4a5c-94fc-9e02c478763c,test_00,test_00_r4,30401305,planner_oscillation,medium,R3,true,false,false,false,93.359,8.1075,0,none,0.0,none,test_00-test_00_r4-oscillation-r13-R3,test_00-test_00_r4-30401305-planner_oscillation-medium,held_out_map_test,true,success,false,false,false,184.881,14.8582,93.359,8.1075,1,176.713,,false,23.1075,0.0,0.0,0.0,15.0,8.1075,0.0
6b0ffbdc-0e6d-4088-8ed6-90573fa47b43,test_00,test_00_r4,30401306,semantic_corruption,medium,R0,true,false,false,false,0.0,0.0,0,none,0.0,none,test_00-test_00_r4-semantic-r13-R0,test_00-test_00_r4-30401306-semantic_corruption-medium,held_out_map_test,true,success,false,false,false,98.201,12.304,0.0,0.0,0,,,false,0.0,0.0,0.0,0.0,0.0,0.0,0.0
23712881-d728-4f37-9149-e299d4e42e3b,test_00,test_00_r4,30401306,semantic_corruption,medium,R2,false,false,false,false,0.554000000000002,0.020500000000000185,0,none,40.2975,none,test_00-test_00_r4-semantic-r13-R2,test_00-test_00_r4-30401306-semantic_corruption-medium,held_out_map_test,true,false_arrival,true,false,false,98.755,12.3245,0.554000000000002,0.020500000000000185,0,,,false,40.2975,0.0,40.0,0.0,0.277000000000001,0.020500000000000185,0.0
0942e44c-db6a-4e90-b91e-0ece4bfd47b1,test_00,test_00_r4,30401306,semantic_corruption,medium,R3,false,false,false,false,0.10400000000001342,0.0,0,none,40.05200000000001,none,test_00-test_00_r4-semantic-r13-R3,test_00-test_00_r4-30401306-semantic_corruption-medium,held_out_map_test,true,false_arrival,true,false,false,98.305,12.296,0.10400000000001342,-0.008000000000000895,0,,,false,40.05200000000001,0.0,40.0,0.0,0.05200000000000671,0.0,0.0
ccac0b52-10e9-4c41-8c28-819713ed5eb9,test_00,test_00_r5,30501000,camera_occlusion,medium,R0,true,false,false,false,0.0,0.0,0,none,0.0,none,test_00-test_00_r5-camera-r10-R0,test_00-test_00_r5-30501000-camera_occlusion-medium,held_out_map_test,true,success,false,false,false,126.992,13.7954,0.0,0.0,0,,,false,0.0,0.0,0.0,0.0,0.0,0.0,0.0
f28778ae-770a-4f67-9774-2e948e85c644,test_00,test_00_r5,30501000,camera_occlusion,medium,R2,true,false,false,false,0.0,0.036399999999998656,0,none,0.036399999999998656,none,test_00-test_00_r5-camera-r10-R2,test_00-test_00_r5-30501000-camera_occlusion-medium,held_out_map_test,true,success,false,false,false,122.227,13.8318,-4.765000000000001,0.036399999999998656,0,,,false,0.036399999999998656,0.0,0.0,0.0,0.0,0.036399999999998656,0.0
dbe1aed4-ebbe-40cf-8176-d37c8cb303d9,test_00,test_00_r5,30501000,camera_occlusion,medium,R3,true,false,false,false,0.0,0.0,0,none,0.0,none,test_00-test_00_r5-camera-r10-R3,test_00-test_00_r5-30501000-camera_occlusion-medium,held_out_map_test,true,success,false,false,false,121.031,13.7676,-5.9609999999999985,-0.027800000000000935,0,,,false,0.0,0.0,0.0,0.0,0.0,0.0,0.0
1d7af05e-aef7-4818-91d5-29c98ab8d7c2,test_00,test_00_r5,30501001,lidar_dropout,medium,R0,true,false,false,false,0.0,0.0,0,none,0.0,none,test_00-test_00_r5-lidar-r10-R0,test_00-test_00_r5-30501001-lidar_dropout-medium,held_out_map_test,true,success,false,false,false,119.659,13.7444,0.0,0.0,0,,,false,0.0,0.0,0.0,0.0,0.0,0.0,0.0
7ac00f1d-0fb3-45ea-82ff-9a827f0672a8,test_00,test_00_r5,30501001,lidar_dropout,medium,R2,true,false,false,false,0.0,0.0,0,none,0.0,none,test_00-test_00_r5-lidar-r10-R2,test_00-test_00_r5-30501001-lidar_dropout-medium,held_out_map_test,true,success,false,false,false,119.021,13.6874,-0.6380000000000052,-0.057000000000000384,1,109.682,,false,0.0,0.0,0.0,0.0,0.0,0.0,0.0
7a35a127-ca6f-4bce-bd51-9ae9dcb3fbcb,test_00,test_00_r5,30501001,lidar_dropout,medium,R3,true,false,false,false,0.0,0.0,0,none,0.0,none,test_00-test_00_r5-lidar-r10-R3,test_00-test_00_r5-30501001-lidar_dropout-medium,held_out_map_test,true,success,false,false,false,119.434,13.6869,-0.22500000000000853,-0.057500000000000995,1,110.976,,false,0.0,0.0,0.0,0.0,0.0,0.0,0.0
b216b9e5-ed79-4976-92eb-e52de0583dfd,test_00,test_00_r5,30501002,wheel_slip,medium,R0,true,false,false,false,0.0,0.0,0,none,0.0,none,test_00-test_00_r5-wheel-r10-R0,test_00-test_00_r5-30501002-wheel_slip-medium,held_out_map_test,true,success,false,false,false,118.805,13.7433,0.0,0.0,0,,,false,0.0,0.0,0.0,0.0,0.0,0.0,0.0
80ef048d-d994-431a-9507-43ba5b51dc03,test_00,test_00_r5,30501002,wheel_slip,medium,R2,true,false,false,false,0.0,0.0,0,none,0.0,none,test_00-test_00_r5-wheel-r10-R2,test_00-test_00_r5-30501002-wheel_slip-medium,held_out_map_test,true,success,false,false,false,117.519,13.6747,-1.2860000000000014,-0.0686,1,109.381,,false,0.0,0.0,0.0,0.0,0.0,0.0,0.0
a1b72d50-703b-4663-b7b3-50792f84dc31,test_00,test_00_r5,30501002,wheel_slip,medium,R3,true,false,false,false,0.0,0.0,0,none,0.0,none,test_00-test_00_r5-wheel-r10-R3,test_00-test_00_r5-30501002-wheel_slip-medium,held_out_map_test,true,success,false,false,false,115.775,13.6996,-3.030000000000001,-0.043699999999999406,1,109.313,,false,0.0,0.0,0.0,0.0,0.0,0.0,0.0
fa84366b-1771-4ad6-9447-4752c49e3375,test_00,test_00_r5,30501003,localisation_perturbation,medium,R0,true,false,false,false,0.0,0.0,0,none,0.0,none,test_00-test_00_r5-localisation-r10-R0,test_00-test_00_r5-30501003-localisation_perturbation-medium,held_out_map_test,true,success,false,false,false,116.908,13.7418,0.0,0.0,0,,,false,0.0,0.0,0.0,0.0,0.0,0.0,0.0
079c328d-d7bc-4bcd-b054-6168e93aca76,test_00,test_00_r5,30501003,localisation_perturbation,medium,R2,true,false,false,false,2.0150000000000006,0.10970000000000013,0,none,1.1172000000000004,none,test_00-test_00_r5-localisation-r10-R2,test_00-test_00_r5-30501003-localisation_perturbation-medium,held_out_map_test,true,success,false,false,false,118.923,13.8515,2.0150000000000006,0.10970000000000013,0,,,false,1.1172000000000004,0.0,0.0,0.0,1.0075000000000003,0.10970000000000013,0.0
eb3f7020-4cfe-4a0c-a856-1d36e43f5d7f,test_00,test_00_r5,30501003,localisation_perturbation,medium,R3,true,false,false,false,9.953999999999994,0.49430000000000085,0,none,5.471299999999998,none,test_00-test_00_r5-localisation-r10-R3,test_00-test_00_r5-30501003-localisation_perturbation-medium,held_out_map_test,true,success,false,false,false,126.862,14.2361,9.953999999999994,0.49430000000000085,1,120.019,,false,5.471299999999998,0.0,0.0,0.0,4.976999999999997,0.49430000000000085,0.0
510f29ff-13e7-4170-82f4-40a7bf98f0eb,test_00,test_00_r5,30501004,dynamic_blockage,medium,R0,true,false,false,false,0.0,0.0,0,none,0.0,none,test_00-test_00_r5-blockage-r10-R0,test_00-test_00_r5-30501004-dynamic_blockage-medium,held_out_map_test,true,success,false,false,false,214.095,14.5807,0.0,0.0,0,,,false,0.0,0.0,0.0,0.0,0.0,0.0,0.0
28daeba2-ea9e-4a52-bd23-286c1031f884,test_00,test_00_r5,30501004,dynamic_blockage,medium,R2,true,false,false,false,0.0,0.0,0,none,0.0,none,test_00-test_00_r5-blockage-r10-R2,test_00-test_00_r5-30501004-dynamic_blockage-medium,held_out_map_test,true,success,false,false,false,198.254,13.8087,-15.841000000000008,-0.7720000000000002,4,77.953,,false,0.0,0.0,0.0,0.0,0.0,0.0,0.0
c15b8258-3d3e-4a73-958e-8110592a2a9b,test_00,test_00_r5,30501004,dynamic_blockage,medium,R3,true,false,false,false,0.0,0.0,0,none,0.0,none,test_00-test_00_r5-blockage-r10-R3,test_00-test_00_r5-30501004-dynamic_blockage-medium,held_out_map_test,true,success,false,false,false,145.697,13.5025,-68.398,-1.0782000000000007,1,106.067,,false,0.0,0.0,0.0,0.0,0.0,0.0,0.0
23e2974e-b210-4e27-8348-0c9430de79bb,test_00,test_00_r5,30501005,planner_oscillation,medium,R0,true,false,false,false,0.0,0.0,0,none,0.0,none,test_00-test_00_r5-oscillation-r10-R0,test_00-test_00_r5-30501005-planner_oscillation-medium,held_out_map_test,true,success,false,false,false,177.012,16.0459,0.0,0.0,0,,,false,0.0,0.0,0.0,0.0,0.0,0.0,0.0
67f69242-0054-409a-9181-aefbccc4d2bc,test_00,test_00_r5,30501005,planner_oscillation,medium,R2,true,false,false,false,0.0,0.0,0,none,0.0,none,test_00-test_00_r5-oscillation-r10-R2,test_00-test_00_r5-30501005-planner_oscillation-medium,held_out_map_test,true,success,false,false,false,168.735,15.9701,-8.276999999999987,-0.0757999999999992,1,149.002,,false,0.0,0.0,0.0,0.0,0.0,0.0,0.0
861a256f-7be9-421f-84ce-db952ba37423,test_00,test_00_r5,30501005,planner_oscillation,medium,R3,true,false,false,false,0.0,0.03200000000000003,0,none,0.03200000000000003,none,test_00-test_00_r5-oscillation-r10-R3,test_00-test_00_r5-30501005-planner_oscillation-medium,held_out_map_test,true,success,false,false,false,169.714,16.0779,-7.298000000000002,0.03200000000000003,1,150.91,,false,0.03200000000000003,0.0,0.0,0.0,0.0,0.03200000000000003,0.0
bcdc4e9a-cfe8-4bf3-8a98-f8397e2c3e4d,test_00,test_00_r5,30501006,semantic_corruption,medium,R0,true,false,false,false,0.0,0.0,0,none,0.0,none,test_00-test_00_r5-semantic-r10-R0,test_00-test_00_r5-30501006-semantic_corruption-medium,held_out_map_test,true,success,false,false,false,110.313,13.6466,0.0,0.0,0,,,false,0.0,0.0,0.0,0.0,0.0,0.0,0.0
53cfef6c-4903-4c3f-8bc3-2e8315bedf97,test_00,test_00_r5,30501006,semantic_corruption,medium,R2,true,false,false,false,1.4230000000000018,0.10620000000000118,0,none,0.8177000000000021,none,test_00-test_00_r5-semantic-r10-R2,test_00-test_00_r5-30501006-semantic_corruption-medium,held_out_map_test,true,success,false,false,false,111.736,13.7528,1.4230000000000018,0.10620000000000118,0,,,false,0.8177000000000021,0.0,0.0,0.0,0.7115000000000009,0.10620000000000118,0.0
09cb252c-97f3-4c9d-866b-ca24e0493b7e,test_00,test_00_r5,30501006,semantic_corruption,medium,R3,true,false,false,false,1.6779999999999973,0.048500000000000654,0,none,0.8874999999999993,none,test_00-test_00_r5-semantic-r10-R3,test_00-test_00_r5-30501006-semantic_corruption-medium,held_out_map_test,true,success,false,false,false,111.991,13.6951,1.6779999999999973,0.048500000000000654,0,,,false,0.8874999999999993,0.0,0.0,0.0,0.8389999999999986,0.048500000000000654,0.0
96fcb7a1-da3a-46a9-ac1e-58a635908a1c,test_00,test_00_r5,30501100,camera_occlusion,medium,R0,true,false,false,false,0.0,0.0,0,none,0.0,none,test_00-test_00_r5-camera-r11-R0,test_00-test_00_r5-30501100-camera_occlusion-medium,held_out_map_test,true,success,false,false,false,129.418,13.8229,0.0,0.0,0,,,false,0.0,0.0,0.0,0.0,0.0,0.0,0.0
5526a6a3-cc3b-47e2-bdc5-3eb5ba9f9dd2,test_00,test_00_r5,30501100,camera_occlusion,medium,R2,true,false,false,false,0.0,0.055600000000000094,0,none,0.055600000000000094,none,test_00-test_00_r5-camera-r11-R2,test_00-test_00_r5-30501100-camera_occlusion-medium,held_out_map_test,true,success,false,false,false,125.966,13.8785,-3.4520000000000124,0.055600000000000094,0,,,false,0.055600000000000094,0.0,0.0,0.0,0.0,0.055600000000000094,0.0
4be247ae-97c5-45ce-86eb-1968de6980d8,test_00,test_00_r5,30501100,camera_occlusion,medium,R3,true,false,false,false,0.0,0.0,0,none,0.0,none,test_00-test_00_r5-camera-r11-R3,test_00-test_00_r5-30501100-camera_occlusion-medium,held_out_map_test,true,success,false,false,false,125.853,13.7926,-3.565000000000012,-0.030300000000000438,0,,,false,0.0,0.0,0.0,0.0,0.0,0.0,0.0
ee18fca2-fd23-446b-bacd-74733d58b444,test_00,test_00_r5,30501101,lidar_dropout,medium,R0,true,false,false,false,0.0,0.0,0,none,0.0,none,test_00-test_00_r5-lidar-r11-R0,test_00-test_00_r5-30501101-lidar_dropout-medium,held_out_map_test,true,success,false,false,false,120.456,13.7585,0.0,0.0,0,,,false,0.0,0.0,0.0,0.0,0.0,0.0,0.0
5ee3d51d-641b-4f1f-93fe-82f73e62def3,test_00,test_00_r5,30501101,lidar_dropout,medium,R2,true,false,false,false,0.0,0.0,0,none,0.0,none,test_00-test_00_r5-lidar-r11-R2,test_00-test_00_r5-30501101-lidar_dropout-medium,held_out_map_test,true,success,false,false,false,117.588,13.6764,-2.868000000000009,-0.0821000000000005,1,110.315,,false,0.0,0.0,0.0,0.0,0.0,0.0,0.0
419fa997-74f9-49e9-8771-c24fb9044808,test_00,test_00_r5,30501101,lidar_dropout,medium,R3,true,false,false,false,0.39000000000000057,0.0,0,none,0.19500000000000028,none,test_00-test_00_r5-lidar-r11-R3,test_00-test_00_r5-30501101-lidar_dropout-medium,held_out_map_test,true,success,false,false,false,120.846,13.7087,0.39000000000000057,-0.0497999999999994,0,,,false,0.19500000000000028,0.0,0.0,0.0,0.19500000000000028,0.0,0.0
e41bfcdd-ccac-4046-9c29-e64893510054,test_00,test_00_r5,30501102,wheel_slip,medium,R0,true,false,false,false,0.0,0.0,0,none,0.0,none,test_00-test_00_r5-wheel-r11-R0,test_00-test_00_r5-30501102-wheel_slip-medium,held_out_map_test,true,success,false,false,false,114.831,13.6703,0.0,0.0,0,,,false,0.0,0.0,0.0,0.0,0.0,0.0,0.0
8b54e040-faca-4d0d-a550-eeea0edaf1e8,test_00,test_00_r5,30501102,wheel_slip,medium,R2,true,false,false,false,0.0,0.012800000000000367,0,none,0.012800000000000367,none,test_00-test_00_r5-wheel-r11-R2,test_00-test_00_r5-30501102-wheel_slip-medium,held_out_map_test,true,success,false,false,false,114.134,13.6831,-0.6970000000000027,0.012800000000000367,0,,,false,0.012800000000000367,0.0,0.0,0.0,0.0,0.012800000000000367,0.0
a185ede7-acae-4d92-8b18-f6c103b278d0,test_00,test_00_r5,30501102,wheel_slip,medium,R3,true,false,false,false,0.0,0.04410000000000025,0,none,0.04410000000000025,none,test_00-test_00_r5-wheel-r11-R3,test_00-test_00_r5-30501102-wheel_slip-medium,held_out_map_test,true,success,false,false,false,114.721,13.7144,-0.10999999999999943,0.04410000000000025,1,110.61,,false,0.04410000000000025,0.0,0.0,0.0,0.0,0.04410000000000025,0.0
3026f9d2-35c7-40db-985e-1bb771277014,test_00,test_00_r5,30501103,localisation_perturbation,medium,R0,true,false,false,false,0.0,0.0,0,none,0.0,none,test_00-test_00_r5-localisation-r11-R0,test_00-test_00_r5-30501103-localisation_perturbation-medium,held_out_map_test,true,success,false,false,false,115.841,13.7049,0.0,0.0,0,,,false,0.0,0.0,0.0,0.0,0.0,0.0,0.0
caf0243f-df61-47aa-8acf-58b230976eaa,test_00,test_00_r5,30501103,localisation_perturbation,medium,R2,true,false,false,false,9.265,0.42549999999999955,0,none,5.058,none,test_00-test_00_r5-localisation-r11-R2,test_00-test_00_r5-30501103-localisation_perturbation-medium,held_out_map_test,true,success,false,false,false,125.106,14.1304,9.265,0.42549999999999955,0,,,false,5.058,0.0,0.0,0.0,4.6325,0.42549999999999955,0.0
e309717d-a269-44be-bd6f-acb79cf45cc2,test_00,test_00_r5,30501103,localisation_perturbation,medium,R3,true,false,false,false,8.862000000000009,0.3920999999999992,0,none,4.823100000000004,none,test_00-test_00_r5-localisation-r11-R3,test_00-test_00_r5-30501103-localisation_perturbation-medium,held_out_map_test,true,success,false,false,false,124.703,14.097,8.862000000000009,0.3920999999999992,0,,,false,4.823100000000004,0.0,0.0,0.0,4.4310000000000045,0.3920999999999992,0.0
c33c0cc9-b8e4-4f61-9ffd-c42105cf47d5,test_00,test_00_r5,30501104,dynamic_blockage,medium,R0,true,false,false,false,0.0,0.0,0,none,0.0,none,test_00-test_00_r5-blockage-r11-R0,test_00-test_00_r5-30501104-dynamic_blockage-medium,held_out_map_test,true,success,false,false,false,131.505,13.5372,0.0,0.0,0,,,false,0.0,0.0,0.0,0.0,0.0,0.0,0.0
5ccc7dbf-c5b3-49c3-b5f4-01471d99104e,test_00,test_00_r5,30501104,dynamic_blockage,medium,R2,true,false,false,false,45.379999999999995,1.5543999999999993,0,none,16.5544,none,test_00-test_00_r5-blockage-r11-R2,test_00-test_00_r5-30501104-dynamic_blockage-medium,held_out_map_test,true,success,false,false,false,176.885,15.0916,45.379999999999995,1.5543999999999993,1,139.455,,false,16.5544,0.0,0.0,0.0,15.0,1.5543999999999993,0.0
ed48fe43-212f-433e-9591-1d0905b05c0b,test_00,test_00_r5,30501104,dynamic_blockage,medium,R3,true,false,false,false,1.9850000000000136,0.0,0,none,0.9925000000000068,none,test_00-test_00_r5-blockage-r11-R3,test_00-test_00_r5-30501104-dynamic_blockage-medium,held_out_map_test,true,success,false,false,false,133.49,13.4647,1.9850000000000136,-0.07249999999999979,1,101.421,,false,0.9925000000000068,0.0,0.0,0.0,0.9925000000000068,0.0,0.0
4a8b2c16-a545-4ac1-be58-ab4bc97a4ef1,test_00,test_00_r5,30501105,planner_oscillation,medium,R0,true,false,false,false,0.0,0.0,0,none,0.0,none,test_00-test_00_r5-oscillation-r11-R0,test_00-test_00_r5-30501105-planner_oscillation-medium,held_out_map_test,true,success,false,false,false,227.315,16.6503,0.0,0.0,0,,,false,0.0,0.0,0.0,0.0,0.0,0.0,0.0
12db9d4b-eecf-46d2-8446-4d08134d3334,test_00,test_00_r5,30501105,planner_oscillation,medium,R2,true,false,false,false,0.0,0.0,0,none,0.0,none,test_00-test_00_r5-oscillation-r11-R2,test_00-test_00_r5-30501105-planner_oscillation-medium,held_out_map_test,true,success,false,false,false,227.036,16.5541,-0.27899999999999636,-0.09620000000000317,1,207.191,,false,0.0,0.0,0.0,0.0,0.0,0.0,0.0
b5764fd5-ffeb-4238-96b6-b7d3eb57f8e7,test_00,test_00_r5,30501105,planner_oscillation,medium,R3,true,false,false,false,0.0,0.0,0,none,0.0,none,test_00-test_00_r5-oscillation-r11-R3,test_00-test_00_r5-30501105-planner_oscillation-medium,held_out_map_test,true,success,false,false,false,165.51,15.9897,-61.80500000000001,-0.6606000000000023,1,149.695,,false,0.0,0.0,0.0,0.0,0.0,0.0,0.0
1eb6c23c-4af2-48d5-b562-e097b241a38f,test_00,test_00_r5,30501106,semantic_corruption,medium,R0,true,false,false,false,0.0,0.0,0,none,0.0,none,test_00-test_00_r5-semantic-r11-R0,test_00-test_00_r5-30501106-semantic_corruption-medium,held_out_map_test,true,success,false,false,false,111.081,13.7312,0.0,0.0,0,,,false,0.0,0.0,0.0,0.0,0.0,0.0,0.0
185083c3-fb3c-41b1-bc82-4273c068c8bb,test_00,test_00_r5,30501106,semantic_corruption,medium,R2,true,false,false,false,0.0,0.0,0,none,0.0,none,test_00-test_00_r5-semantic-r11-R2,test_00-test_00_r5-30501106-semantic_corruption-medium,held_out_map_test,true,success,false,false,false,110.812,13.6599,-0.26900000000000546,-0.07129999999999903,0,,,false,0.0,0.0,0.0,0.0,0.0,0.0,0.0
51b6bc5b-2ad8-472f-a32e-3e7e80a40691,test_00,test_00_r5,30501106,semantic_corruption,medium,R3,true,false,false,false,0.6169999999999902,0.0,0,none,0.3084999999999951,none,test_00-test_00_r5-semantic-r11-R3,test_00-test_00_r5-30501106-semantic_corruption-medium,held_out_map_test,true,success,false,false,false,111.698,13.7248,0.6169999999999902,-0.006399999999999295,0,,,false,0.3084999999999951,0.0,0.0,0.0,0.3084999999999951,0.0,0.0
c7989836-1618-4ccf-9aad-a840e091ef38,test_00,test_00_r5,30501200,camera_occlusion,medium,R0,true,false,false,false,0.0,0.0,0,none,0.0,none,test_00-test_00_r5-camera-r12-R0,test_00-test_00_r5-30501200-camera_occlusion-medium,held_out_map_test,true,success,false,false,false,119.73,13.6865,0.0,0.0,0,,,false,0.0,0.0,0.0,0.0,0.0,0.0,0.0
17815670-9e80-4e5c-b56a-aeeefca2fd3b,test_00,test_00_r5,30501200,camera_occlusion,medium,R2,true,false,false,false,43.611000000000004,0.5495999999999999,0,none,15.5496,none,test_00-test_00_r5-camera-r12-R2,test_00-test_00_r5-30501200-camera_occlusion-medium,held_out_map_test,true,success,false,false,false,163.341,14.2361,43.611000000000004,0.5495999999999999,0,,,false,15.5496,0.0,0.0,0.0,15.0,0.5495999999999999,0.0
edbcf6bb-a343-4ea0-9e87-90ef60151e56,test_00,test_00_r5,30501200,camera_occlusion,medium,R3,true,false,false,false,0.6850000000000023,0.017599999999999838,0,none,0.360100000000001,none,test_00-test_00_r5-camera-r12-R3,test_00-test_00_r5-30501200-camera_occlusion-medium,held_out_map_test,true,success,false,false,false,120.415,13.7041,0.6850000000000023,0.017599999999999838,0,,,false,0.360100000000001,0.0,0.0,0.0,0.34250000000000114,0.017599999999999838,0.0
1a72e89f-431a-422b-a51a-751655fb26f9,test_00,test_00_r5,30501201,lidar_dropout,medium,R0,true,false,false,false,0.0,0.0,0,none,0.0,none,test_00-test_00_r5-lidar-r12-R0,test_00-test_00_r5-30501201-lidar_dropout-medium,held_out_map_test,true,success,false,false,false,112.749,13.7172,0.0,0.0,0,,,false,0.0,0.0,0.0,0.0,0.0,0.0,0.0
593eac05-1851-4719-821b-72337c16dacd,test_00,test_00_r5,30501201,lidar_dropout,medium,R2,true,false,false,false,6.778000000000006,0.0,0,none,3.389000000000003,none,test_00-test_00_r5-lidar-r12-R2,test_00-test_00_r5-30501201-lidar_dropout-medium,held_out_map_test,true,success,false,false,false,119.527,13.7105,6.778000000000006,-0.006700000000000372,1,112.516,,false,3.389000000000003,0.0,0.0,0.0,3.389000000000003,0.0,0.0
7876f55c-c48a-40e5-9e64-6734931d1301,test_00,test_00_r5,30501201,lidar_dropout,medium,R3,true,false,false,false,3.1310000000000002,0.0,0,none,1.5655000000000001,none,test_00-test_00_r5-lidar-r12-R3,test_00-test_00_r5-30501201-lidar_dropout-medium,held_out_map_test,true,success,false,false,false,115.88,13.658,3.1310000000000002,-0.059200000000000585,1,109.385,,false,1.5655000000000001,0.0,0.0,0.0,1.5655000000000001,0.0,0.0
813e30f7-ea79-4725-98ec-d2b5bd70a6c6,test_00,test_00_r5,30501202,wheel_slip,medium,R0,true,false,false,false,0.0,0.0,0,none,0.0,none,test_00-test_00_r5-wheel-r12-R0,test_00-test_00_r5-30501202-wheel_slip-medium,held_out_map_test,true,success,false,false,false,119.635,13.6813,0.0,0.0,0,,,false,0.0,0.0,0.0,0.0,0.0,0.0,0.0
4f6c7b11-301e-41f6-aec4-6957640587ca,test_00,test_00_r5,30501202,wheel_slip,medium,R2,true,false,false,false,0.0,0.0,0,none,0.0,none,test_00-test_00_r5-wheel-r12-R2,test_00-test_00_r5-30501202-wheel_slip-medium,held_out_map_test,true,success,false,false,false,118.724,13.6761,-0.9110000000000014,-0.0052000000000003155,1,110.717,,false,0.0,0.0,0.0,0.0,0.0,0.0,0.0
dff11943-3a09-4649-90e5-56d15218dd1f,test_00,test_00_r5,30501202,wheel_slip,medium,R3,true,false,false,false,0.0,0.0029000000000003467,0,none,0.0029000000000003467,none,test_00-test_00_r5-wheel-r12-R3,test_00-test_00_r5-30501202-wheel_slip-medium,held_out_map_test,true,success,false,false,false,118.194,13.6842,-1.4410000000000025,0.0029000000000003467,1,110.313,,false,0.0029000000000003467,0.0,0.0,0.0,0.0,0.0029000000000003467,0.0
5d194cdc-9a7d-4bb6-8574-c43fae65bd3f,test_00,test_00_r5,30501203,localisation_perturbation,medium,R0,true,false,false,false,0.0,0.0,0,none,0.0,none,test_00-test_00_r5-localisation-r12-R0,test_00-test_00_r5-30501203-localisation_perturbation-medium,held_out_map_test,true,success,false,false,false,120.734,13.8711,0.0,0.0,0,,,false,0.0,0.0,0.0,0.0,0.0,0.0,0.0
05d388f2-8e6e-45c8-9cd4-7fe3d44a085e,test_00,test_00_r5,30501203,localisation_perturbation,medium,R2,true,false,false,false,4.462000000000003,1.4741,0,none,3.7051000000000016,none,test_00-test_00_r5-localisation-r12-R2,test_00-test_00_r5-30501203-localisation_perturbation-medium,held_out_map_test,true,success,false,false,false,125.196,15.3452,4.462000000000003,1.4741,0,,,false,3.7051000000000016,0.0,0.0,0.0,2.2310000000000016,1.4741,0.0
d231fbb6-634e-462b-ae05-acfc5a41fd29,test_00,test_00_r5,30501203,localisation_perturbation,medium,R3,true,false,false,false,0.0,0.0,0,none,0.0,none,test_00-test_00_r5-localisation-r12-R3,test_00-test_00_r5-30501203-localisation_perturbation-medium,held_out_map_test,true,success,false,false,false,118.809,13.863,-1.9249999999999972,-0.008100000000000662,0,,,false,0.0,0.0,0.0,0.0,0.0,0.0,0.0
1f832975-e99f-499d-9e82-8cd0ad5a35fa,test_00,test_00_r5,30501204,dynamic_blockage,medium,R0,true,false,false,false,0.0,0.0,0,none,0.0,none,test_00-test_00_r5-blockage-r12-R0,test_00-test_00_r5-30501204-dynamic_blockage-medium,held_out_map_test,true,success,false,false,false,115.389,13.5041,0.0,0.0,0,,,false,0.0,0.0,0.0,0.0,0.0,0.0,0.0
9b85e992-7e6c-4e5d-949f-eb8d860e80e1,test_00,test_00_r5,30501204,dynamic_blockage,medium,R2,true,false,false,false,62.62400000000001,0.9380000000000006,0,none,15.938,none,test_00-test_00_r5-blockage-r12-R2,test_00-test_00_r5-30501204-dynamic_blockage-medium,held_out_map_test,true,success,false,false,false,178.013,14.4421,62.62400000000001,0.9380000000000006,5,82.952,,false,15.938,0.0,0.0,0.0,15.0,0.9380000000000006,0.0
af1cd265-f5fd-45bb-8415-8db23cc1598a,test_00,test_00_r5,30501204,dynamic_blockage,medium,R3,true,false,false,false,0.7210000000000036,0.015700000000000713,0,none,0.37620000000000253,none,test_00-test_00_r5-blockage-r12-R3,test_00-test_00_r5-30501204-dynamic_blockage-medium,held_out_map_test,true,success,false,false,false,116.11,13.5198,0.7210000000000036,0.015700000000000713,0,,,false,0.37620000000000253,0.0,0.0,0.0,0.3605000000000018,0.015700000000000713,0.0
85090d68-1a83-42ea-9599-941812d7bc5d,test_00,test_00_r5,30501205,planner_oscillation,medium,R0,true,false,false,false,0.0,0.0,0,none,0.0,none,test_00-test_00_r5-oscillation-r12-R0,test_00-test_00_r5-30501205-planner_oscillation-medium,held_out_map_test,true,success,false,false,false,161.864,16.0542,0.0,0.0,0,,,false,0.0,0.0,0.0,0.0,0.0,0.0,0.0
8cc3abd0-8964-48b5-b52f-af4a5761e0fa,test_00,test_00_r5,30501205,planner_oscillation,medium,R2,true,false,false,false,0.0,0.0,0,none,0.0,none,test_00-test_00_r5-oscillation-r12-R2,test_00-test_00_r5-30501205-planner_oscillation-medium,held_out_map_test,true,success,false,false,false,159.572,15.8796,-2.2920000000000016,-0.17460000000000164,0,,,false,0.0,0.0,0.0,0.0,0.0,0.0,0.0
2e08cd63-5e6e-4381-bb07-5433c4373ec3,test_00,test_00_r5,30501205,planner_oscillation,medium,R3,true,false,false,false,10.025000000000006,0.029599999999998516,0,none,5.042100000000001,none,test_00-test_00_r5-oscillation-r12-R3,test_00-test_00_r5-30501205-planner_oscillation-medium,held_out_map_test,true,success,false,false,false,171.889,16.0838,10.025000000000006,0.029599999999998516,0,,,false,5.042100000000001,0.0,0.0,0.0,5.012500000000003,0.029599999999998516,0.0
dffb8183-078b-4710-840d-24724cfb7661,test_00,test_00_r5,30501206,semantic_corruption,medium,R0,true,false,false,false,0.0,0.0,0,none,0.0,none,test_00-test_00_r5-semantic-r12-R0,test_00-test_00_r5-30501206-semantic_corruption-medium,held_out_map_test,true,success,false,false,false,113.508,13.7206,0.0,0.0,0,,,false,0.0,0.0,0.0,0.0,0.0,0.0,0.0
7f856ea9-49ae-424d-b4e7-fecd7cc7d642,test_00,test_00_r5,30501206,semantic_corruption,medium,R2,true,false,false,false,0.0,0.001100000000000989,0,none,0.001100000000000989,none,test_00-test_00_r5-semantic-r12-R2,test_00-test_00_r5-30501206-semantic_corruption-medium,held_out_map_test,true,success,false,false,false,111.052,13.7217,-2.455999999999989,0.001100000000000989,0,,,false,0.001100000000000989,0.0,0.0,0.0,0.0,0.001100000000000989,0.0
241b07d4-0906-4fb1-8d4f-5f4ed8acc649,test_00,test_00_r5,30501206,semantic_corruption,medium,R3,true,false,false,false,0.0,0.03220000000000134,0,none,0.03220000000000134,none,test_00-test_00_r5-semantic-r12-R3,test_00-test_00_r5-30501206-semantic_corruption-medium,held_out_map_test,true,success,false,false,false,110.589,13.7528,-2.918999999999997,0.03220000000000134,1,120.006,,false,0.03220000000000134,0.0,0.0,0.0,0.0,0.03220000000000134,0.0
415176ae-df9e-49ac-af43-e174374544ae,test_00,test_00_r5,30501300,camera_occlusion,medium,R0,true,false,false,false,0.0,0.0,0,none,0.0,none,test_00-test_00_r5-camera-r13-R0,test_00-test_00_r5-30501300-camera_occlusion-medium,held_out_map_test,true,success,false,false,false,136.38,13.8098,0.0,0.0,0,,,false,0.0,0.0,0.0,0.0,0.0,0.0,0.0
c94328cd-3bf8-4f1a-a52f-915b130ec004,test_00,test_00_r5,30501300,camera_occlusion,medium,R2,true,false,false,false,0.0,0.0,0,none,0.0,none,test_00-test_00_r5-camera-r13-R2,test_00-test_00_r5-30501300-camera_occlusion-medium,held_out_map_test,true,success,false,false,false,129.881,13.8047,-6.498999999999995,-0.005099999999998772,0,,,false,0.0,0.0,0.0,0.0,0.0,0.0,0.0
3bddf76f-dc31-442a-8ec8-9d38b49ee13a,test_00,test_00_r5,30501300,camera_occlusion,medium,R3,true,false,false,false,3.5130000000000052,0.14230000000000054,0,none,1.8988000000000032,none,test_00-test_00_r5-camera-r13-R3,test_00-test_00_r5-30501300-camera_occlusion-medium,held_out_map_test,true,success,false,false,false,139.893,13.9521,3.5130000000000052,0.14230000000000054,0,,,false,1.8988000000000032,0.0,0.0,0.0,1.7565000000000026,0.14230000000000054,0.0
17011fb3-7d02-43e5-a1ce-5b3304465534,test_00,test_00_r5,30501301,lidar_dropout,medium,R0,true,false,false,false,0.0,0.0,0,none,0.0,none,test_00-test_00_r5-lidar-r13-R0,test_00-test_00_r5-30501301-lidar_dropout-medium,held_out_map_test,true,success,false,false,false,116.432,13.7285,0.0,0.0,0,,,false,0.0,0.0,0.0,0.0,0.0,0.0,0.0
e758a1f2-c0aa-4a84-9b38-772985a8cebe,test_00,test_00_r5,30501301,lidar_dropout,medium,R2,true,false,false,false,0.3359999999999985,0.0,0,none,0.16799999999999926,none,test_00-test_00_r5-lidar-r13-R2,test_00-test_00_r5-30501301-lidar_dropout-medium,held_out_map_test,true,success,false,false,false,116.768,13.7025,0.3359999999999985,-0.0259999999999998,1,109.9,,false,0.16799999999999926,0.0,0.0,0.0,0.16799999999999926,0.0,0.0
7b96a5bb-57d9-435d-adf1-33cc9c177986,test_00,test_00_r5,30501301,lidar_dropout,medium,R3,true,false,false,false,3.6880000000000024,0.0,0,none,1.8440000000000012,none,test_00-test_00_r5-lidar-r13-R3,test_00-test_00_r5-30501301-lidar_dropout-medium,held_out_map_test,true,success,false,false,false,120.12,13.7141,3.6880000000000024,-0.01440000000000019,0,,,false,1.8440000000000012,0.0,0.0,0.0,1.8440000000000012,0.0,0.0
8202321d-a7dd-42c1-8859-4766086f34c0,test_00,test_00_r5,30501302,wheel_slip,medium,R0,true,false,false,false,0.0,0.0,0,none,0.0,none,test_00-test_00_r5-wheel-r13-R0,test_00-test_00_r5-30501302-wheel_slip-medium,held_out_map_test,true,success,false,false,false,112.059,13.699,0.0,0.0,0,,,false,0.0,0.0,0.0,0.0,0.0,0.0,0.0
6effe0e9-0c0b-48c3-9838-c7aa1826c17b,test_00,test_00_r5,30501302,wheel_slip,medium,R2,true,false,false,false,4.365000000000009,0.02519999999999989,0,none,2.2077000000000044,none,test_00-test_00_r5-wheel-r13-R2,test_00-test_00_r5-30501302-wheel_slip-medium,held_out_map_test,true,success,false,false,false,116.424,13.7242,4.365000000000009,0.02519999999999989,0,,,false,2.2077000000000044,0.0,0.0,0.0,2.1825000000000045,0.02519999999999989,0.0
da7a1361-dc0a-44be-8023-7fbd5e3d2a4a,test_00,test_00_r5,30501302,wheel_slip,medium,R3,true,false,false,false,2.703000000000003,0.0,0,none,1.3515000000000015,none,test_00-test_00_r5-wheel-r13-R3,test_00-test_00_r5-30501302-wheel_slip-medium,held_out_map_test,true,success,false,false,false,114.762,13.6429,2.703000000000003,-0.056100000000000705,1,111.296,,false,1.3515000000000015,0.0,0.0,0.0,1.3515000000000015,0.0,0.0
c6d91d6e-5bbb-448d-bef3-0eb29548f9af,test_00,test_00_r5,30501303,localisation_perturbation,medium,R0,true,false,false,false,0.0,0.0,0,none,0.0,none,test_00-test_00_r5-localisation-r13-R0,test_00-test_00_r5-30501303-localisation_perturbation-medium,held_out_map_test,true,success,false,false,false,128.092,15.4076,0.0,0.0,0,,,false,0.0,0.0,0.0,0.0,0.0,0.0,0.0
fcc45471-65ea-432d-aaec-341499264996,test_00,test_00_r5,30501303,localisation_perturbation,medium,R2,true,false,false,false,0.0,0.0,0,none,0.0,none,test_00-test_00_r5-localisation-r13-R2,test_00-test_00_r5-30501303-localisation_perturbation-medium,held_out_map_test,true,success,false,false,false,124.163,14.0132,-3.9290000000000163,-1.394400000000001,1,118.203,,false,0.0,0.0,0.0,0.0,0.0,0.0,0.0
af631733-85ee-43f7-892c-27a2b124984e,test_00,test_00_r5,30501303,localisation_perturbation,medium,R3,true,false,false,false,0.0,0.0,0,none,0.0,none,test_00-test_00_r5-localisation-r13-R3,test_00-test_00_r5-30501303-localisation_perturbation-medium,held_out_map_test,true,success,false,false,false,123.809,14.0489,-4.2830000000000155,-1.3587000000000007,1,118.939,,false,0.0,0.0,0.0,0.0,0.0,0.0,0.0
17e5f2d5-5fbd-4f08-9003-e0048818559b,test_00,test_00_r5,30501304,dynamic_blockage,medium,R0,true,false,false,false,0.0,0.0,0,none,0.0,none,test_00-test_00_r5-blockage-r13-R0,test_00-test_00_r5-30501304-dynamic_blockage-medium,held_out_map_test,true,success,false,false,false,193.844,14.479,0.0,0.0,0,,,false,0.0,0.0,0.0,0.0,0.0,0.0,0.0
f147b12d-0abf-4580-87a1-0e2297cc1a0f,test_00,test_00_r5,30501304,dynamic_blockage,medium,R2,true,false,false,false,0.0,0.0,0,none,0.0,none,test_00-test_00_r5-blockage-r13-R2,test_00-test_00_r5-30501304-dynamic_blockage-medium,held_out_map_test,true,success,false,false,false,120.777,13.5252,-73.067,-0.9537999999999993,2,82.777,,false,0.0,0.0,0.0,0.0,0.0,0.0,0.0
639b158f-2a01-43be-8fff-24a19c10ecf7,test_00,test_00_r5,30501304,dynamic_blockage,medium,R3,true,false,false,false,0.0,0.0,0,none,0.0,none,test_00-test_00_r5-blockage-r13-R3,test_00-test_00_r5-30501304-dynamic_blockage-medium,held_out_map_test,true,success,false,false,false,123.45,13.5135,-70.39399999999999,-0.9654999999999987,0,,,false,0.0,0.0,0.0,0.0,0.0,0.0,0.0
e462659b-5575-4882-b259-ce1468d36c45,test_00,test_00_r5,30501305,planner_oscillation,medium,R0,true,false,false,false,0.0,0.0,0,none,0.0,none,test_00-test_00_r5-oscillation-r13-R0,test_00-test_00_r5-30501305-planner_oscillation-medium,held_out_map_test,true,success,false,false,false,168.119,16.0611,0.0,0.0,0,,,false,0.0,0.0,0.0,0.0,0.0,0.0,0.0
e8c692d1-5c5b-458d-98ba-e6878ec86d3e,test_00,test_00_r5,30501305,planner_oscillation,medium,R2,true,false,false,false,7.2050000000000125,0.04970000000000141,0,none,3.6522000000000077,none,test_00-test_00_r5-oscillation-r13-R2,test_00-test_00_r5-30501305-planner_oscillation-medium,held_out_map_test,true,success,false,false,false,175.324,16.1108,7.2050000000000125,0.04970000000000141,0,,,false,3.6522000000000077,0.0,0.0,0.0,3.6025000000000063,0.04970000000000141,0.0
95897085-e201-4c20-b4aa-f44776f2ca4e,test_00,test_00_r5,30501305,planner_oscillation,medium,R3,true,false,false,false,1.679000000000002,0.0,0,none,0.839500000000001,none,test_00-test_00_r5-oscillation-r13-R3,test_00-test_00_r5-30501305-planner_oscillation-medium,held_out_map_test,true,success,false,false,false,169.798,15.9828,1.679000000000002,-0.07830000000000048,0,,,false,0.839500000000001,0.0,0.0,0.0,0.839500000000001,0.0,0.0
fa322ef8-37d3-44ae-b026-d96c77d30229,test_00,test_00_r5,30501306,semantic_corruption,medium,R0,true,false,false,false,0.0,0.0,0,none,0.0,none,test_00-test_00_r5-semantic-r13-R0,test_00-test_00_r5-30501306-semantic_corruption-medium,held_out_map_test,true,success,false,false,false,110.282,13.6872,0.0,0.0,0,,,false,0.0,0.0,0.0,0.0,0.0,0.0,0.0
62265d2e-34ed-4170-b350-40304897009f,test_00,test_00_r5,30501306,semantic_corruption,medium,R2,true,false,false,false,0.0,0.0,0,none,0.0,none,test_00-test_00_r5-semantic-r13-R2,test_00-test_00_r5-30501306-semantic_corruption-medium,held_out_map_test,true,success,false,false,false,109.962,13.6718,-0.3199999999999932,-0.015400000000001413,0,,,false,0.0,0.0,0.0,0.0,0.0,0.0,0.0
011740e6-7fd5-4364-85a3-fff132e3ad1c,test_00,test_00_r5,30501306,semantic_corruption,medium,R3,true,false,false,false,0.0,0.0,0,none,0.0,none,test_00-test_00_r5-semantic-r13-R3,test_00-test_00_r5-30501306-semantic_corruption-medium,held_out_map_test,true,success,false,false,false,109.32,13.6567,-0.9620000000000033,-0.03049999999999997,0,,,false,0.0,0.0,0.0,0.0,0.0,0.0,0.0
dc908b24-b48b-4415-80f0-cb98808fbd07,test_01,test_01_r0,31001000,camera_occlusion,medium,R0,false,false,false,false,0.0,0.0,0,none,27.2447,none,test_01-test_01_r0-camera-r10-R0,test_01-test_01_r0-31001000-camera_occlusion-medium,held_out_map_test,true,false_arrival,true,false,false,122.488,6.7224,0.0,0.0,0,,,false,40.0,0.0,40.0,0.0,0.0,0.0,0.0
cd5a54af-14c7-4d6a-8949-9f7eaf80d921,test_01,test_01_r0,31001000,camera_occlusion,medium,R2,false,false,false,false,0.0,0.0,0,none,27.2447,none,test_01-test_01_r0-camera-r10-R2,test_01-test_01_r0-31001000-camera_occlusion-medium,held_out_map_test,true,false_arrival,true,false,false,68.252,6.6297,-54.236000000000004,-0.09270000000000067,1,83.655,,false,40.0,0.0,40.0,0.0,0.0,0.0,0.0
794032c5-c6b3-4883-a09d-eb3cf32a80e1,test_01,test_01_r0,31001000,camera_occlusion,medium,R3,true,false,false,false,23.5,1.0052999999999992,0,none,0.0,none,test_01-test_01_r0-camera-r10-R3,test_01-test_01_r0-31001000-camera_occlusion-medium,held_out_map_test,true,success,false,false,false,145.988,7.7277,23.5,1.0052999999999992,1,158.121,,false,12.755299999999998,0.0,0.0,0.0,11.75,1.0052999999999992,0.0
e8c22bca-534f-4a9b-b89f-fc840e63a367,test_01,test_01_r0,31001001,lidar_dropout,medium,R0,false,false,false,false,0.0,0.0,0,none,0.0,none,test_01-test_01_r0-lidar-r10-R0,test_01-test_01_r0-31001001-lidar_dropout-medium,held_out_map_test,true,false_arrival,true,false,false,125.903,6.8542,0.0,0.0,0,,,false,40.0,0.0,40.0,0.0,0.0,0.0,0.0
a4fb21dd-35fd-4ae3-a308-87338ea41e55,test_01,test_01_r0,31001001,lidar_dropout,medium,R2,false,false,false,false,0.0,0.0,0,none,0.0,none,test_01-test_01_r0-lidar-r10-R2,test_01-test_01_r0-31001001-lidar_dropout-medium,held_out_map_test,true,false_arrival,true,false,false,76.535,6.4773,-49.36800000000001,-0.3769,1,22.446,,false,40.0,0.0,40.0,0.0,0.0,0.0,0.0
7eb0a82e-b17a-4182-9a38-f8c3eda34f4e,test_01,test_01_r0,31001001,lidar_dropout,medium,R3,false,false,false,false,3.558000000000007,0.0,0,none,1.7790000000000035,none,test_01-test_01_r0-lidar-r10-R3,test_01-test_01_r0-31001001-lidar_dropout-medium,held_out_map_test,true,false_arrival,true,false,false,129.461,6.5087,3.558000000000007,-0.3454999999999995,2,23.129,,false,41.779,0.0,40.0,0.0,1.7790000000000035,0.0,0.0
c3451334-6462-4ba4-bf4d-db82c408b94a,test_01,test_01_r0,31001002,wheel_slip,medium,R0,false,false,false,false,0.0,0.0,0,none,0.0,none,test_01-test_01_r0-wheel-r10-R0,test_01-test_01_r0-31001002-wheel_slip-medium,held_out_map_test,true,false_arrival,true,false,false,69.726,6.2134,0.0,0.0,0,,,false,40.0,0.0,40.0,0.0,0.0,0.0,0.0
3e1c2e48-7721-4de5-a47d-680ed07557c3,test_01,test_01_r0,31001002,wheel_slip,medium,R2,false,false,false,false,41.364999999999995,0.34529999999999994,0,none,15.345300000000002,none,test_01-test_01_r0-wheel-r10-R2,test_01-test_01_r0-31001002-wheel_slip-medium,held_out_map_test,true,false_arrival,true,false,false,111.091,6.5587,41.364999999999995,0.34529999999999994,0,,,false,55.3453,0.0,40.0,0.0,15.0,0.34529999999999994,0.0
8fe84b14-ede6-4a5d-a7c7-979dfcb7ed26,test_01,test_01_r0,31001002,wheel_slip,medium,R3,false,false,false,false,0.0,0.0,0,none,0.0,none,test_01-test_01_r0-wheel-r10-R3,test_01-test_01_r0-31001002-wheel_slip-medium,held_out_map_test,true,false_arrival,true,false,false,63.278,6.1432,-6.448,-0.07019999999999982,1,68.448,,false,40.0,0.0,40.0,0.0,0.0,0.0,0.0
66a57ca2-7d51-4575-968e-a6474bd92ce1,test_01,test_01_r0,31001003,localisation_perturbation,medium,R0,false,false,false,false,0.0,0.0,0,none,0.0,none,test_01-test_01_r0-localisation-r10-R0,test_01-test_01_r0-31001003-localisation_perturbation-medium,held_out_map_test,true,false_arrival,true,false,false,76.524,7.3772,0.0,0.0,0,,,false,40.0,0.0,40.0,0.0,0.0,0.0,0.0
4b437f99-ee4c-4d4d-a125-ca3165464c51,test_01,test_01_r0,31001003,localisation_perturbation,medium,R2,false,false,false,false,0.0,0.0,0,none,0.0,none,test_01-test_01_r0-localisation-r10-R2,test_01-test_01_r0-31001003-localisation_perturbation-medium,held_out_map_test,true,false_arrival,true,false,false,68.989,6.4908,-7.534999999999997,-0.8864000000000001,0,,,false,40.0,0.0,40.0,0.0,0.0,0.0,0.0
c15647a5-49a5-475d-949a-86d14adb7ebb,test_01,test_01_r0,31001003,localisation_perturbation,medium,R3,false,false,false,false,0.0,0.0,0,none,0.0,none,test_01-test_01_r0-localisation-r10-R3,test_01-test_01_r0-31001003-localisation_perturbation-medium,held_out_map_test,true,false_arrival,true,false,false,67.383,6.5865,-9.141000000000005,-0.7907000000000002,1,44.885000000000005,,false,40.0,0.0,40.0,0.0,0.0,0.0,0.0
743c6101-75b5-444c-aeea-352e816a1dfe,test_01,test_01_r0,31001004,dynamic_blockage,medium,R0,false,false,false,false,0.0,0.0,0,none,0.0,none,test_01-test_01_r0-blockage-r10-R0,test_01-test_01_r0-31001004-dynamic_blockage-medium,held_out_map_test,true,false_arrival,true,false,false,157.998,7.2069,0.0,0.0,0,,,false,40.0,0.0,40.0,0.0,0.0,0.0,0.0
57435b35-a3b2-48f1-adf2-bcb18c278813,test_01,test_01_r0,31001004,dynamic_blockage,medium,R2,false,false,false,false,15.26600000000002,0.0,0,none,7.63300000000001,none,test_01-test_01_r0-blockage-r10-R2,test_01-test_01_r0-31001004-dynamic_blockage-medium,held_out_map_test,true,false_arrival,true,false,false,173.264,7.0208,15.26600000000002,-0.1860999999999997,1,136.789,,false,47.63300000000001,0.0,40.0,0.0,7.63300000000001,0.0,0.0
43b3227c-be33-4494-92d0-97265e3dc0fb,test_01,test_01_r0,31001004,dynamic_blockage,medium,R3,false,false,false,false,17.580000000000013,0.0,0,none,8.790000000000006,none,test_01-test_01_r0-blockage-r10-R3,test_01-test_01_r0-31001004-dynamic_blockage-medium,held_out_map_test,true,false_arrival,true,false,false,175.578,7.0636,17.580000000000013,-0.14329999999999998,2,86.137,,false,48.790000000000006,0.0,40.0,0.0,8.790000000000006,0.0,0.0
ee1190d6-83f9-4da3-9969-41a3c9d16fb9,test_01,test_01_r0,31001005,planner_oscillation,medium,R0,true,false,false,false,0.0,0.0,0,none,0.0,none,test_01-test_01_r0-oscillation-r10-R0,test_01-test_01_r0-31001005-planner_oscillation-medium,held_out_map_test,true,success,false,false,false,147.911,9.4774,0.0,0.0,0,,,false,0.0,0.0,0.0,0.0,0.0,0.0,0.0
2139ed50-7586-47f4-b2de-5b2517cd0ee3,test_01,test_01_r0,31001005,planner_oscillation,medium,R2,true,false,false,false,21.574000000000012,0.0,0,none,10.787000000000006,none,test_01-test_01_r0-oscillation-r10-R2,test_01-test_01_r0-31001005-planner_oscillation-medium,held_out_map_test,true,success,false,false,false,169.485,9.2694,21.574000000000012,-0.20800000000000018,0,,,false,10.787000000000006,0.0,0.0,0.0,10.787000000000006,0.0,0.0
2813878b-a816-4d57-b9c6-3dadb8f91bcc,test_01,test_01_r0,31001005,planner_oscillation,medium,R3,false,false,false,false,33.09100000000001,0.6865000000000006,0,none,55.6865,none,test_01-test_01_r0-oscillation-r10-R3,test_01-test_01_r0-31001005-planner_oscillation-medium,held_out_map_test,true,false_arrival,true,false,false,181.002,10.1639,33.09100000000001,0.6865000000000006,1,103.794,,false,55.6865,0.0,40.0,0.0,15.0,0.6865000000000006,0.0
789244a7-0979-4fd5-ba27-fda1153b01f4,test_01,test_01_r0,31001006,semantic_corruption,medium,R0,false,false,false,false,0.0,0.0,0,none,0.0,none,test_01-test_01_r0-semantic-r10-R0,test_01-test_01_r0-31001006-semantic_corruption-medium,held_out_map_test,true,false_arrival,true,false,false,129.471,6.9953,0.0,0.0,0,,,false,40.0,0.0,40.0,0.0,0.0,0.0,0.0
6a7dcab5-fa18-4f82-a5fc-e2231c34d12f,test_01,test_01_r0,31001006,semantic_corruption,medium,R2,false,false,false,false,0.0,0.0,0,none,0.0,none,test_01-test_01_r0-semantic-r10-R2,test_01-test_01_r0-31001006-semantic_corruption-medium,held_out_map_test,true,false_arrival,true,false,false,64.641,6.1903,-64.83,-0.8050000000000006,1,76.655,,false,40.0,0.0,40.0,0.0,0.0,0.0,0.0
ba361b5a-5a4a-413b-97c1-a8f3a5ccaf1f,test_01,test_01_r0,31001006,semantic_corruption,medium,R3,false,false,false,false,0.0,0.0,0,none,0.0,none,test_01-test_01_r0-semantic-r10-R3,test_01-test_01_r0-31001006-semantic_corruption-medium,held_out_map_test,true,false_arrival,true,false,false,109.133,6.5289,-20.338000000000008,-0.46640000000000015,1,118.09,,false,40.0,0.0,40.0,0.0,0.0,0.0,0.0
6b60ca39-ada5-4660-83d6-ee352b011fd2,test_01,test_01_r0,31001100,camera_occlusion,medium,R0,false,false,false,false,0.0,0.0,0,none,0.0,none,test_01-test_01_r0-camera-r11-R0,test_01-test_01_r0-31001100-camera_occlusion-medium,held_out_map_test,true,false_arrival,true,false,false,119.041,6.5771,0.0,0.0,0,,,false,40.0,0.0,40.0,0.0,0.0,0.0,0.0
5c828bab-bbb5-4ca6-90d9-996a4fd143e9,test_01,test_01_r0,31001100,camera_occlusion,medium,R2,false,false,false,false,0.0,0.06240000000000023,0,none,0.06239999999999668,none,test_01-test_01_r0-camera-r11-R2,test_01-test_01_r0-31001100-camera_occlusion-medium,held_out_map_test,true,false_arrival,true,false,false,78.788,6.6395,-40.253,0.06240000000000023,1,90.657,,false,40.0624,0.0,40.0,0.0,0.0,0.06240000000000023,0.0
8b0bc08c-e751-446a-a71c-574c94a00513,test_01,test_01_r0,31001100,camera_occlusion,medium,R3,false,false,false,false,0.0,0.0,0,none,0.0,none,test_01-test_01_r0-camera-r11-R3,test_01-test_01_r0-31001100-camera_occlusion-medium,held_out_map_test,true,false_arrival,true,false,false,53.247,5.889,-65.794,-0.6880999999999995,1,63.153,,false,40.0,0.0,40.0,0.0,0.0,0.0,0.0
84495f87-bba2-4224-b558-047e81032c6b,test_01,test_01_r0,31001101,lidar_dropout,medium,R0,false,false,false,false,0.0,0.0,0,none,40.0,none,test_01-test_01_r0-lidar-r11-R0,test_01-test_01_r0-31001101-lidar_dropout-medium,held_out_map_test,true,false_arrival,true,false,false,116.548,6.5522,0.0,0.0,0,,,false,40.0,0.0,40.0,0.0,0.0,0.0,0.0
2e03ab4c-2dfa-4eac-9c95-4fdbd61bae76,test_01,test_01_r0,31001101,lidar_dropout,medium,R2,false,false,false,false,37.977000000000004,1.6538999999999993,0,none,56.6539,none,test_01-test_01_r0-lidar-r11-R2,test_01-test_01_r0-31001101-lidar_dropout-medium,held_out_map_test,true,false_arrival,true,false,false,154.525,8.2061,37.977000000000004,1.6538999999999993,1,23.482,,false,56.6539,0.0,40.0,0.0,15.0,1.6538999999999993,0.0
9ce7fccc-3714-4648-9e96-de287bb06502,test_01,test_01_r0,31001101,lidar_dropout,medium,R3,true,false,false,false,0.0,0.0,0,none,0.0,none,test_01-test_01_r0-lidar-r11-R3,test_01-test_01_r0-31001101-lidar_dropout-medium,held_out_map_test,true,success,false,false,false,71.548,6.1813,-45.0,-0.3708999999999998,1,22.412,,false,0.0,0.0,0.0,0.0,0.0,0.0,0.0
b8f732b9-3786-4ae9-817d-7b850d1e499b,test_01,test_01_r0,31001102,wheel_slip,medium,R0,false,false,false,false,0.0,0.0,0,none,0.0,none,test_01-test_01_r0-wheel-r11-R0,test_01-test_01_r0-31001102-wheel_slip-medium,held_out_map_test,true,false_arrival,true,false,false,112.467,6.8045,0.0,0.0,0,,,false,40.0,0.0,40.0,0.0,0.0,0.0,0.0
500d6e87-e073-460a-a043-472e93cb788e,test_01,test_01_r0,31001102,wheel_slip,medium,R2,false,false,false,false,0.0,0.0,0,none,0.0,none,test_01-test_01_r0-wheel-r11-R2,test_01-test_01_r0-31001102-wheel_slip-medium,held_out_map_test,true,false_arrival,true,false,false,62.607,6.1556,-49.86,-0.6489000000000003,0,,,false,40.0,0.0,40.0,0.0,0.0,0.0,0.0
0dc9576f-1734-4908-8acc-b54c2940d258,test_01,test_01_r0,31001102,wheel_slip,medium,R3,false,false,false,false,9.661000000000001,0.0,0,none,4.830500000000001,none,test_01-test_01_r0-wheel-r11-R3,test_01-test_01_r0-31001102-wheel_slip-medium,held_out_map_test,true,false_arrival,true,false,false,122.128,6.5191,9.661000000000001,-0.2854000000000001,0,,,false,44.8305,0.0,40.0,0.0,4.830500000000001,0.0,0.0
50834e51-a99f-46a4-af9d-a68c6103eaf3,test_01,test_01_r0,31001103,localisation_perturbation,medium,R0,true,false,false,false,0.0,0.0,0,none,0.0,none,test_01-test_01_r0-localisation-r11-R0,test_01-test_01_r0-31001103-localisation_perturbation-medium,held_out_map_test,true,success,false,false,false,129.623,7.8249,0.0,0.0,0,,,false,0.0,0.0,0.0,0.0,0.0,0.0,0.0
abe93171-d3be-4f1e-a3f5-458dae3afeb5,test_01,test_01_r0,31001103,localisation_perturbation,medium,R3,false,false,false,false,0.0,0.0,0,none,40.0,none,test_01-test_01_r0-localisation-r11-R3,test_01-test_01_r0-31001103-localisation_perturbation-medium,held_out_map_test,true,false_arrival,true,false,false,67.452,6.4964,-62.17099999999999,-1.3285,1,46.003,,false,40.0,0.0,40.0,0.0,0.0,0.0,0.0
6027a20f-0f76-40de-8b29-e7c348414b3c,test_01,test_01_r0,31001104,dynamic_blockage,medium,R0,false,false,false,false,0.0,0.0,0,none,39.952,none,test_01-test_01_r0-blockage-r11-R0,test_01-test_01_r0-31001104-dynamic_blockage-medium,held_out_map_test,true,false_arrival,true,false,false,180.537,7.6404,0.0,0.0,0,,,false,40.0,0.0,40.0,0.0,0.0,0.0,0.0
27600a98-299f-4f47-a1f9-3848f9c02b64,test_01,test_01_r0,31001104,dynamic_blockage,medium,R2,false,false,false,false,0.0,0.0,0,none,39.952,none,test_01-test_01_r0-blockage-r11-R2,test_01-test_01_r0-31001104-dynamic_blockage-medium,held_out_map_test,true,false_arrival,true,false,false,75.82,6.5422,-104.71700000000001,-1.0981999999999994,0,,,false,40.0,0.0,40.0,0.0,0.0,0.0,0.0
15d51978-e564-4c19-a60c-27ed357e18cf,test_01,test_01_r0,31001104,dynamic_blockage,medium,R3,true,false,false,false,0.0,0.04800000000000004,0,none,0.0,none,test_01-test_01_r0-blockage-r11-R3,test_01-test_01_r0-31001104-dynamic_blockage-medium,held_out_map_test,true,success,false,false,false,173.917,7.6884,-6.6200000000000045,0.04800000000000004,1,106.02,,false,0.04800000000000004,0.0,0.0,0.0,0.0,0.04800000000000004,0.0
487c97d0-668f-4fe0-b04c-8e08084b34ec,test_01,test_01_r0,31001105,planner_oscillation,medium,R0,true,false,false,false,0.0,0.0,0,none,0.0,none,test_01-test_01_r0-oscillation-r11-R0,test_01-test_01_r0-31001105-planner_oscillation-medium,held_out_map_test,true,success,false,false,false,172.496,9.5792,0.0,0.0,0,,,false,0.0,0.0,0.0,0.0,0.0,0.0,0.0
85980be0-ebb3-476c-854d-5a015cafaf85,test_01,test_01_r0,31001105,planner_oscillation,medium,R2,true,false,false,false,0.0,0.0,0,none,0.0,none,test_01-test_01_r0-oscillation-r11-R2,test_01-test_01_r0-31001105-planner_oscillation-medium,held_out_map_test,true,success,false,false,false,124.191,9.279,-48.30500000000001,-0.30020000000000024,0,,,false,0.0,0.0,0.0,0.0,0.0,0.0,0.0
e84e85a7-d135-49ed-ba0e-d6851301faad,test_01,test_01_r0,31001105,planner_oscillation,medium,R3,true,false,false,false,0.0,0.0,0,none,0.0,none,test_01-test_01_r0-oscillation-r11-R3,test_01-test_01_r0-31001105-planner_oscillation-medium,held_out_map_test,true,success,false,false,false,126.772,8.9589,-45.724000000000004,-0.6203000000000003,0,,,false,0.0,0.0,0.0,0.0,0.0,0.0,0.0
153ed0e7-149e-47a6-bcab-80345c874c73,test_01,test_01_r0,31001106,semantic_corruption,medium,R0,false,false,false,false,0.0,0.0,0,none,0.0,none,test_01-test_01_r0-semantic-r11-R0,test_01-test_01_r0-31001106-semantic_corruption-medium,held_out_map_test,true,false_arrival,true,false,false,67.27,6.2936,0.0,0.0,0,,,false,40.0,0.0,40.0,0.0,0.0,0.0,0.0
4fa7a5ac-5398-44b2-8948-c941427cff6b,test_01,test_01_r0,31001106,semantic_corruption,medium,R2,false,false,false,false,49.971000000000004,0.25450000000000017,0,none,15.2545,none,test_01-test_01_r0-semantic-r11-R2,test_01-test_01_r0-31001106-semantic_corruption-medium,held_out_map_test,true,false_arrival,true,false,false,117.241,6.5481,49.971000000000004,0.25450000000000017,1,128.582,,false,55.2545,0.0,40.0,0.0,15.0,0.25450000000000017,0.0
a9768397-bb62-451e-8220-844dad5ca82a,test_01,test_01_r0,31001106,semantic_corruption,medium,R3,false,false,false,false,57.02600000000001,0.5872999999999999,0,none,15.587299999999999,none,test_01-test_01_r0-semantic-r11-R3,test_01-test_01_r0-31001106-semantic_corruption-medium,held_out_map_test,true,false_arrival,true,false,false,124.296,6.8809,57.02600000000001,0.5872999999999999,1,137.156,,false,55.5873,0.0,40.0,0.0,15.0,0.5872999999999999,0.0
724577c3-15fd-409c-ab7a-e889cbde8437,test_01,test_01_r0,31001200,camera_occlusion,medium,R0,false,false,false,false,0.0,0.0,0,none,40.0,none,test_01-test_01_r0-camera-r12-R0,test_01-test_01_r0-31001200-camera_occlusion-medium,held_out_map_test,true,false_arrival,true,false,false,117.365,6.568,0.0,0.0,0,,,false,40.0,0.0,40.0,0.0,0.0,0.0,0.0
2fb18f63-50e5-4e57-9956-36b0e2904e25,test_01,test_01_r0,31001200,camera_occlusion,medium,R2,true,false,false,false,0.0,0.0,0,none,0.0,none,test_01-test_01_r0-camera-r12-R2,test_01-test_01_r0-31001200-camera_occlusion-medium,held_out_map_test,true,success,false,false,false,56.645,6.0248,-60.71999999999999,-0.5431999999999997,1,68.155,,false,0.0,0.0,0.0,0.0,0.0,0.0,0.0
2f93ddeb-c1bf-4391-aacf-2bf1a9bdc643,test_01,test_01_r0,31001200,camera_occlusion,medium,R3,false,false,false,false,0.0,0.0,0,none,40.0,none,test_01-test_01_r0-camera-r12-R3,test_01-test_01_r0-31001200-camera_occlusion-medium,held_out_map_test,true,false_arrival,true,false,false,77.58,6.2761,-39.785,-0.29190000000000005,1,91.15,,false,40.0,0.0,40.0,0.0,0.0,0.0,0.0
d003815b-e9da-4a1d-8d14-5c9ebc25fb74,test_01,test_01_r0,31001201,lidar_dropout,medium,R0,false,false,false,false,0.0,0.0,0,none,0.0,none,test_01-test_01_r0-lidar-r12-R0,test_01-test_01_r0-31001201-lidar_dropout-medium,held_out_map_test,true,false_arrival,true,false,false,82.608,6.5682,0.0,0.0,0,,,false,40.0,0.0,40.0,0.0,0.0,0.0,0.0
a42e6c77-1e6f-49fb-93db-3b92434d1a71,test_01,test_01_r0,31001201,lidar_dropout,medium,R2,false,false,false,false,0.0,0.0,0,none,0.0,none,test_01-test_01_r0-lidar-r12-R2,test_01-test_01_r0-31001201-lidar_dropout-medium,held_out_map_test,true,false_arrival,true,false,false,75.736,6.5068,-6.872,-0.0613999999999999,1,22.489,,false,40.0,0.0,40.0,0.0,0.0,0.0,0.0
c7eba0b8-0c30-480e-b114-3658f9fef0e3,test_01,test_01_r0,31001201,lidar_dropout,medium,R3,false,false,false,false,11.759,0.41519999999999957,0,none,6.294699999999999,none,test_01-test_01_r0-lidar-r12-R3,test_01-test_01_r0-31001201-lidar_dropout-medium,held_out_map_test,true,false_arrival,true,false,false,94.367,6.9834,11.759,0.41519999999999957,2,22.634,,false,46.2947,0.0,40.0,0.0,5.8795,0.41519999999999957,0.0
e6636106-8460-4f28-83a5-1ce0dbf5be02,test_01,test_01_r0,31001202,wheel_slip,medium,R0,true,false,false,false,0.0,0.0,0,none,0.0,none,test_01-test_01_r0-wheel-r12-R0,test_01-test_01_r0-31001202-wheel_slip-medium,held_out_map_test,true,success,false,false,false,86.319,6.7891,0.0,0.0,0,,,false,0.0,0.0,0.0,0.0,0.0,0.0,0.0
e65f2bae-45bb-48ee-afd3-4933c223adf3,test_01,test_01_r0,31001202,wheel_slip,medium,R2,false,false,false,false,0.0,0.0,0,none,40.0,none,test_01-test_01_r0-wheel-r12-R2,test_01-test_01_r0-31001202-wheel_slip-medium,held_out_map_test,true,false_arrival,true,false,false,59.687,6.1265,-26.632000000000005,-0.6626000000000003,0,,,false,40.0,0.0,40.0,0.0,0.0,0.0,0.0
8ac84316-54e7-4d01-9e62-40a23f405537,test_01,test_01_r0,31001202,wheel_slip,medium,R3,true,false,false,false,49.977999999999994,0.18789999999999996,0,none,15.187899999999999,none,test_01-test_01_r0-wheel-r12-R3,test_01-test_01_r0-31001202-wheel_slip-medium,held_out_map_test,true,success,false,false,false,136.297,6.977,49.977999999999994,0.18789999999999996,0,,,false,15.187899999999999,0.0,0.0,0.0,15.0,0.18789999999999996,0.0
292b4a16-e570-49a4-9cf9-10ba417135ff,test_01,test_01_r0,31001203,localisation_perturbation,medium,R0,false,false,false,false,0.0,0.0,0,none,0.0,none,test_01-test_01_r0-localisation-r12-R0,test_01-test_01_r0-31001203-localisation_perturbation-medium,held_out_map_test,true,false_arrival,true,false,false,87.558,7.1393,0.0,0.0,0,,,false,40.0,0.0,40.0,0.0,0.0,0.0,0.0
3a6fe383-0e97-416c-89d9-9f89c15c29e4,test_01,test_01_r0,31001203,localisation_perturbation,medium,R2,false,false,false,false,49.239999999999995,0.7124999999999995,0,none,15.712499999999999,none,test_01-test_01_r0-localisation-r12-R2,test_01-test_01_r0-31001203-localisation_perturbation-medium,held_out_map_test,true,false_arrival,true,false,false,136.798,7.8518,49.239999999999995,0.7124999999999995,0,,,false,55.7125,0.0,40.0,0.0,15.0,0.7124999999999995,0.0
bdf54e81-2be8-4a0a-8bbc-60cb3f3b9945,test_01,test_01_r0,31001203,localisation_perturbation,medium,R3,false,false,false,false,0.0,0.0,0,none,0.0,none,test_01-test_01_r0-localisation-r12-R3-infra-replacement-001,test_01-test_01_r0-31001203-localisation_perturbation-medium,held_out_map_test,true,false_arrival,true,false,false,62.866,6.4167,-24.692000000000007,-0.7226000000000008,1,43.114,,false,40.0,0.0,40.0,0.0,0.0,0.0,0.0
db9c6203-edcb-423c-9bfa-2f29cd1e1f78,test_01,test_01_r0,31001204,dynamic_blockage,medium,R0,false,false,false,false,0.0,0.0,0,none,24.3175,none,test_01-test_01_r0-blockage-r12-R0,test_01-test_01_r0-31001204-dynamic_blockage-medium,held_out_map_test,true,false_arrival,true,false,false,85.402,6.6091,0.0,0.0,0,,,false,40.0,0.0,40.0,0.0,0.0,0.0,0.0
c8775006-4dc3-4906-a967-097c09001fdc,test_01,test_01_r0,31001204,dynamic_blockage,medium,R2,true,false,false,false,59.43300000000001,0.6825000000000001,0,none,0.0,none,test_01-test_01_r0-blockage-r12-R2,test_01-test_01_r0-31001204-dynamic_blockage-medium,held_out_map_test,true,success,false,false,false,144.835,7.2916,59.43300000000001,0.6825000000000001,1,142.204,,false,15.682500000000001,0.0,0.0,0.0,15.0,0.6825000000000001,0.0
9a1f1678-e390-4abf-a741-2dee869a6614,test_01,test_01_r0,31001204,dynamic_blockage,medium,R3,true,false,false,false,106.51700000000001,2.1674000000000007,0,none,1.4848999999999997,none,test_01-test_01_r0-blockage-r12-R3,test_01-test_01_r0-31001204-dynamic_blockage-medium,held_out_map_test,true,success,false,false,false,191.919,8.7765,106.51700000000001,2.1674000000000007,1,181.115,,false,17.1674,0.0,0.0,0.0,15.0,2.1674000000000007,0.0
a8fd2b10-5c74-47da-8baa-acf082b115c8,test_01,test_01_r0,31001205,planner_oscillation,medium,R0,true,false,false,false,0.0,0.0,0,none,0.0,none,test_01-test_01_r0-oscillation-r12-R0,test_01-test_01_r0-31001205-planner_oscillation-medium,held_out_map_test,true,success,false,false,false,175.695,9.3017,0.0,0.0,0,,,false,0.0,0.0,0.0,0.0,0.0,0.0,0.0
19c6e775-34d1-43ca-bb59-21eca47a8156,test_01,test_01_r0,31001205,planner_oscillation,medium,R2,true,false,false,false,3.186000000000007,0.3597999999999999,0,none,1.9528000000000034,none,test_01-test_01_r0-oscillation-r12-R2,test_01-test_01_r0-31001205-planner_oscillation-medium,held_out_map_test,true,success,false,false,false,178.881,9.6615,3.186000000000007,0.3597999999999999,1,85.707,,false,1.9528000000000034,0.0,0.0,0.0,1.5930000000000035,0.3597999999999999,0.0
63119312-ed63-4f8a-bcba-21efa6d6533b,test_01,test_01_r0,31001205,planner_oscillation,medium,R3,true,false,false,false,9.239000000000004,0.05349999999999966,0,none,4.673000000000002,none,test_01-test_01_r0-oscillation-r12-R3,test_01-test_01_r0-31001205-planner_oscillation-medium,held_out_map_test,true,success,false,false,false,184.934,9.3552,9.239000000000004,0.05349999999999966,0,,,false,4.673000000000002,0.0,0.0,0.0,4.619500000000002,0.05349999999999966,0.0
2997af2a-0715-482e-b201-f04641b0aa05,test_01,test_01_r0,31001206,semantic_corruption,medium,R0,false,false,false,false,0.0,0.0,0,none,0.0,none,test_01-test_01_r0-semantic-r12-R0,test_01-test_01_r0-31001206-semantic_corruption-medium,held_out_map_test,true,false_arrival,true,false,false,118.967,6.6146,0.0,0.0,0,,,false,40.0,0.0,40.0,0.0,0.0,0.0,0.0
e0dacdbb-be3a-486a-82cb-1b89905d6746,test_01,test_01_r0,31001206,semantic_corruption,medium,R2,false,false,false,false,0.0,0.0,0,none,0.0,none,test_01-test_01_r0-semantic-r12-R2,test_01-test_01_r0-31001206-semantic_corruption-medium,held_out_map_test,true,false_arrival,true,false,false,116.228,6.5135,-2.7390000000000043,-0.10110000000000063,1,127.138,,false,40.0,0.0,40.0,0.0,0.0,0.0,0.0
cbc9f7d5-ec2c-4ecc-947c-8a426772bc63,test_01,test_01_r0,31001206,semantic_corruption,medium,R3,false,false,false,false,3.798000000000002,0.0,0,none,1.899000000000001,none,test_01-test_01_r0-semantic-r12-R3,test_01-test_01_r0-31001206-semantic_corruption-medium,held_out_map_test,true,false_arrival,true,false,false,122.765,6.5976,3.798000000000002,-0.017000000000000348,1,138.504,,false,41.899,0.0,40.0,0.0,1.899000000000001,0.0,0.0
5e80199b-ada3-4d23-a4e6-889736e4ff25,test_01,test_01_r0,31001300,camera_occlusion,medium,R0,false,false,false,false,0.0,0.0,0,none,0.0,none,test_01-test_01_r0-camera-r13-R0,test_01-test_01_r0-31001300-camera_occlusion-medium,held_out_map_test,true,false_arrival,true,false,false,131.573,6.9286,0.0,0.0,0,,,false,40.0,0.0,40.0,0.0,0.0,0.0,0.0
1953cc09-7836-485f-b595-a91643fe7914,test_01,test_01_r0,31001300,camera_occlusion,medium,R2,false,false,false,false,0.0,0.0,0,none,0.0,none,test_01-test_01_r0-camera-r13-R2,test_01-test_01_r0-31001300-camera_occlusion-medium,held_out_map_test,true,false_arrival,true,false,false,53.755,5.9011,-77.81800000000001,-1.0275000000000007,1,69.059,,false,40.0,0.0,40.0,0.0,0.0,0.0,0.0
e55c3d74-7b27-4d3e-9d5b-43fcf95fd722,test_01,test_01_r0,31001300,camera_occlusion,medium,R3,false,false,false,false,0.0,0.0,0,none,0.0,none,test_01-test_01_r0-camera-r13-R3,test_01-test_01_r0-31001300-camera_occlusion-medium,held_out_map_test,true,false_arrival,true,false,false,120.138,6.5607,-11.435000000000002,-0.36790000000000056,1,134.609,,false,40.0,0.0,40.0,0.0,0.0,0.0,0.0
62b37605-7d1f-4ff3-b14e-beefe2cb71f0,test_01,test_01_r0,31001301,lidar_dropout,medium,R0,false,false,false,false,0.0,0.0,0,none,0.0,none,test_01-test_01_r0-lidar-r13-R0,test_01-test_01_r0-31001301-lidar_dropout-medium,held_out_map_test,true,false_arrival,true,false,false,76.286,6.3711,0.0,0.0,0,,,false,40.0,0.0,40.0,0.0,0.0,0.0,0.0
76488085-6626-455f-96d5-096d2ad0bc53,test_01,test_01_r0,31001301,lidar_dropout,medium,R2,false,false,false,false,0.0,0.0,0,none,0.0,none,test_01-test_01_r0-lidar-r13-R2,test_01-test_01_r0-31001301-lidar_dropout-medium,held_out_map_test,true,false_arrival,true,false,false,64.631,6.1015,-11.655000000000001,-0.2696000000000005,1,22.947000000000003,,false,40.0,0.0,40.0,0.0,0.0,0.0,0.0
eb0a6e08-0bc9-407d-bc21-f1bac756c1fd,test_01,test_01_r0,31001301,lidar_dropout,medium,R3,false,false,false,false,49.574,0.4479999999999995,0,none,15.448,none,test_01-test_01_r0-lidar-r13-R3,test_01-test_01_r0-31001301-lidar_dropout-medium,held_out_map_test,true,false_arrival,true,false,false,125.86,6.8191,49.574,0.4479999999999995,1,23.214,,false,55.448,0.0,40.0,0.0,15.0,0.4479999999999995,0.0
c03fb8c0-42ae-45c5-bc82-185b0ff544dd,test_01,test_01_r0,31001302,wheel_slip,medium,R0,false,false,false,false,0.0,0.0,0,none,0.0,none,test_01-test_01_r0-wheel-r13-R0,test_01-test_01_r0-31001302-wheel_slip-medium,held_out_map_test,true,false_arrival,true,false,false,127.292,6.909,0.0,0.0,0,,,false,40.0,0.0,40.0,0.0,0.0,0.0,0.0
b2dc6a46-aac0-4d46-9ab4-bee4c8672a9e,test_01,test_01_r0,31001302,wheel_slip,medium,R2,false,false,false,false,0.0,0.0,0,none,0.0,none,test_01-test_01_r0-wheel-r13-R2,test_01-test_01_r0-31001302-wheel_slip-medium,held_out_map_test,true,false_arrival,true,false,false,66.268,6.2366,-61.024,-0.6723999999999997,0,,,false,40.0,0.0,40.0,0.0,0.0,0.0,0.0
19b4be81-7f83-4665-aac5-1d1a9c86c50b,test_01,test_01_r0,31001302,wheel_slip,medium,R3,false,false,false,false,0.0,0.0,0,none,0.0,none,test_01-test_01_r0-wheel-r13-R3,test_01-test_01_r0-31001302-wheel_slip-medium,held_out_map_test,true,false_arrival,true,false,false,112.56,6.5359,-14.732,-0.3731,0,,,false,40.0,0.0,40.0,0.0,0.0,0.0,0.0
18d6ad60-590f-4cb4-a5f2-166119d4ea78,test_01,test_01_r0,31001303,localisation_perturbation,medium,R0,false,false,false,false,0.0,0.0,0,none,0.0,none,test_01-test_01_r0-localisation-r13-R0,test_01-test_01_r0-31001303-localisation_perturbation-medium,held_out_map_test,true,planner_failure,true,false,false,168.657,3.9582,0.0,0.0,0,,,false,40.0,0.0,40.0,0.0,0.0,0.0,0.0
d374354d-8405-4309-ac38-47aa45cd3fae,test_01,test_01_r0,31001303,localisation_perturbation,medium,R2,false,false,false,false,0.0,2.7095999999999996,0,none,2.709600000000002,none,test_01-test_01_r0-localisation-r13-R2,test_01-test_01_r0-31001303-localisation_perturbation-medium,held_out_map_test,true,false_arrival,true,false,false,69.499,6.6678,-99.15800000000002,2.7095999999999996,0,,,false,42.7096,0.0,40.0,0.0,0.0,2.7095999999999996,0.0
a42ebd1a-34bc-4a70-b57a-939db279c229,test_01,test_01_r0,31001303,localisation_perturbation,medium,R3,false,false,false,false,0.0,2.7113,0,none,2.7113000000000014,none,test_01-test_01_r0-localisation-r13-R3,test_01-test_01_r0-31001303-localisation_perturbation-medium,held_out_map_test,true,false_arrival,true,false,false,67.819,6.6695,-100.83800000000001,2.7113,1,47.0,,false,42.7113,0.0,40.0,0.0,0.0,2.7113,0.0
f4135a03-1844-40a0-bdd8-6f03d5ed99fb,test_01,test_01_r0,31001304,dynamic_blockage,medium,R0,false,false,false,false,0.0,0.0,0,none,0.0,none,test_01-test_01_r0-blockage-r13-R0,test_01-test_01_r0-31001304-dynamic_blockage-medium,held_out_map_test,true,false_arrival,true,false,false,96.875,6.7162,0.0,0.0,0,,,false,40.0,0.0,40.0,0.0,0.0,0.0,0.0
2201df31-71eb-4a92-8711-3c8acc80aa41,test_01,test_01_r0,31001304,dynamic_blockage,medium,R2,false,false,false,false,114.06700000000001,1.0643000000000002,0,none,16.064300000000003,none,test_01-test_01_r0-blockage-r13-R2,test_01-test_01_r0-31001304-dynamic_blockage-medium,held_out_map_test,true,false_arrival,true,false,false,210.942,7.7805,114.06700000000001,1.0643000000000002,3,105.979,,false,56.0643,0.0,40.0,0.0,15.0,1.0643000000000002,0.0
cdd2d06f-b322-47de-a718-463e7e89a880,test_01,test_01_r0,31001304,dynamic_blockage,medium,R3,false,false,false,false,69.154,0.5993000000000004,0,none,15.5993,none,test_01-test_01_r0-blockage-r13-R3,test_01-test_01_r0-31001304-dynamic_blockage-medium,held_out_map_test,true,false_arrival,true,false,false,166.029,7.3155,69.154,0.5993000000000004,1,130.612,,false,55.5993,0.0,40.0,0.0,15.0,0.5993000000000004,0.0
ef98cd53-5574-40cf-b997-f323e8f6a2d7,test_01,test_01_r0,31001305,planner_oscillation,medium,R0,true,false,false,false,0.0,0.0,0,none,0.0,none,test_01-test_01_r0-oscillation-r13-R0,test_01-test_01_r0-31001305-planner_oscillation-medium,held_out_map_test,true,success,false,false,false,118.274,9.1101,0.0,0.0,0,,,false,0.0,0.0,0.0,0.0,0.0,0.0,0.0
7ed27022-b7e6-4175-9350-00f19036d46c,test_01,test_01_r0,31001305,planner_oscillation,medium,R2,true,false,false,false,62.94800000000001,0.5200000000000014,0,none,15.520000000000001,none,test_01-test_01_r0-oscillation-r13-R2,test_01-test_01_r0-31001305-planner_oscillation-medium,held_out_map_test,true,success,false,false,false,181.222,9.6301,62.94800000000001,0.5200000000000014,0,,,false,15.520000000000001,0.0,0.0,0.0,15.0,0.5200000000000014,0.0
9ccfc63d-5813-4dc2-b767-05ada04f3287,test_01,test_01_r0,31001305,planner_oscillation,medium,R3,true,false,false,false,58.333,0.5909000000000013,0,none,15.590900000000001,none,test_01-test_01_r0-oscillation-r13-R3,test_01-test_01_r0-31001305-planner_oscillation-medium,held_out_map_test,true,success,false,false,false,176.607,9.701,58.333,0.5909000000000013,0,,,false,15.590900000000001,0.0,0.0,0.0,15.0,0.5909000000000013,0.0
07236145-2e23-4df1-8d6a-0131a43316b0,test_01,test_01_r0,31001306,semantic_corruption,medium,R0,false,false,false,false,0.0,0.0,0,none,40.0,none,test_01-test_01_r0-semantic-r13-R0,test_01-test_01_r0-31001306-semantic_corruption-medium,held_out_map_test,true,false_arrival,true,false,false,109.614,6.7936,0.0,0.0,0,,,false,40.0,0.0,40.0,0.0,0.0,0.0,0.0
3aeef072-b143-4b51-9468-4839cf618f0e,test_01,test_01_r0,31001306,semantic_corruption,medium,R2,true,false,false,false,0.0,0.0,0,none,0.0,none,test_01-test_01_r0-semantic-r13-R2,test_01-test_01_r0-31001306-semantic_corruption-medium,held_out_map_test,true,success,false,false,false,109.247,6.5356,-0.36700000000000443,-0.258,1,119.053,,false,0.0,0.0,0.0,0.0,0.0,0.0,0.0
3ea7112f-a6a0-4750-9be4-eaec98622009,test_01,test_01_r0,31001306,semantic_corruption,medium,R3,false,false,false,false,37.06899999999999,1.1126000000000005,0,none,56.1126,none,test_01-test_01_r0-semantic-r13-R3,test_01-test_01_r0-31001306-semantic_corruption-medium,held_out_map_test,true,false_arrival,true,false,false,146.683,7.9062,37.06899999999999,1.1126000000000005,1,160.65,,false,56.1126,0.0,40.0,0.0,15.0,1.1126000000000005,0.0
83299065-2d4a-4836-91bf-6a8c94947297,test_01,test_01_r1,31101000,camera_occlusion,medium,R0,true,false,false,false,0.0,0.0,0,none,0.0,none,test_01-test_01_r1-camera-r10-R0,test_01-test_01_r1-31101000-camera_occlusion-medium,held_out_map_test,true,success,false,false,false,183.105,10.2123,0.0,0.0,0,,,false,0.0,0.0,0.0,0.0,0.0,0.0,0.0
b609cccf-1a21-443a-b1ae-e0eca0eefeb6,test_01,test_01_r1,31101000,camera_occlusion,medium,R2,true,false,false,false,0.0,0.1532,0,none,0.1532,none,test_01-test_01_r1-camera-r10-R2,test_01-test_01_r1-31101000-camera_occlusion-medium,held_out_map_test,true,success,false,false,false,170.295,10.3655,-12.810000000000002,0.1532,0,,,false,0.1532,0.0,0.0,0.0,0.0,0.1532,0.0
e67b63ec-5e3b-4965-bb19-dd91aa483801,test_01,test_01_r1,31101000,camera_occlusion,medium,R3,true,false,false,false,0.0,0.0,0,none,0.0,none,test_01-test_01_r1-camera-r10-R3,test_01-test_01_r1-31101000-camera_occlusion-medium,held_out_map_test,true,success,false,false,false,179.06,10.1082,-4.0449999999999875,-0.10410000000000075,0,,,false,0.0,0.0,0.0,0.0,0.0,0.0,0.0
f097c565-b0eb-4966-8a82-8a4c9bbb3123,test_01,test_01_r1,31101001,lidar_dropout,medium,R0,false,false,false,false,0.0,0.0,0,none,32.32599999999999,none,test_01-test_01_r1-lidar-r10-R0,test_01-test_01_r1-31101001-lidar_dropout-medium,held_out_map_test,true,false_arrival,true,false,false,183.712,10.4405,0.0,0.0,0,,,false,40.0,0.0,40.0,0.0,0.0,0.0,0.0
59cc8e71-6659-4d92-a631-bf71c8a90f21,test_01,test_01_r1,31101001,lidar_dropout,medium,R2,false,false,false,false,5.003000000000014,0.0,0,none,34.8275,none,test_01-test_01_r1-lidar-r10-R2,test_01-test_01_r1-31101001-lidar_dropout-medium,held_out_map_test,true,false_arrival,true,false,false,188.715,10.1623,5.003000000000014,-0.2782,6,24.968,,false,42.50150000000001,0.0,40.0,0.0,2.501500000000007,0.0,0.0
be919030-fe37-4c21-a74c-a9524c44c591,test_01,test_01_r1,31101001,lidar_dropout,medium,R3,true,false,false,false,13.329000000000008,1.0094999999999992,0,none,0.0,none,test_01-test_01_r1-lidar-r10-R3,test_01-test_01_r1-31101001-lidar_dropout-medium,held_out_map_test,true,success,false,false,false,197.041,11.45,13.329000000000008,1.0094999999999992,4,25.162,,false,7.674000000000003,0.0,0.0,0.0,6.664500000000004,1.0094999999999992,0.0
2932c310-0918-49ce-b6c1-a9ddba913af6,test_01,test_01_r1,31101002,wheel_slip,medium,R0,false,false,false,false,0.0,0.0,0,none,32.939,none,test_01-test_01_r1-wheel-r10-R0,test_01-test_01_r1-31101002-wheel_slip-medium,held_out_map_test,true,planner_failure,true,false,false,176.394,2.7537,0.0,0.0,0,,,false,40.0,0.0,40.0,0.0,0.0,0.0,0.0
ae105c87-409e-40e0-b1d9-d74450e500bf,test_01,test_01_r1,31101002,wheel_slip,medium,R2,false,false,false,false,7.205999999999989,7.6793,0,none,44.22129999999999,none,test_01-test_01_r1-wheel-r10-R2,test_01-test_01_r1-31101002-wheel_slip-medium,held_out_map_test,true,false_arrival,true,false,false,183.6,10.433,7.205999999999989,7.6793,4,119.705,,false,51.28229999999999,0.0,40.0,0.0,3.6029999999999944,7.6793,0.0
d9929738-6bf3-450f-a94f-77ae8f62d90a,test_01,test_01_r1,31101002,wheel_slip,medium,R3,true,false,false,false,0.0,7.061,0,none,0.0,none,test_01-test_01_r1-wheel-r10-R3,test_01-test_01_r1-31101002-wheel_slip-medium,held_out_map_test,true,success,false,false,false,175.159,9.8147,-1.2350000000000136,7.061,1,159.775,,false,7.061,0.0,0.0,0.0,0.0,7.061,0.0
87d02968-23ab-45e6-ae27-deb2eb7101bf,test_01,test_01_r1,31101003,localisation_perturbation,medium,R0,true,false,false,false,0.0,0.0,0,none,0.0,none,test_01-test_01_r1-localisation-r10-R0,test_01-test_01_r1-31101003-localisation_perturbation-medium,held_out_map_test,true,success,false,false,false,202.114,12.348,0.0,0.0,0,,,false,0.0,0.0,0.0,0.0,0.0,0.0,0.0
fcfdb03c-c4dd-4af8-9dbf-f37fdb02e920,test_01,test_01_r1,31101003,localisation_perturbation,medium,R2,true,false,false,false,0.0,0.0,0,none,0.0,none,test_01-test_01_r1-localisation-r10-R2,test_01-test_01_r1-31101003-localisation_perturbation-medium,held_out_map_test,true,success,false,false,false,182.706,10.6743,-19.408000000000015,-1.6737000000000002,4,106.589,,false,0.0,0.0,0.0,0.0,0.0,0.0,0.0
b1cf4db7-24cf-45b3-9511-ff5ed4b437b6,test_01,test_01_r1,31101003,localisation_perturbation,medium,R3,true,false,false,false,0.0,0.0,0,none,0.0,none,test_01-test_01_r1-localisation-r10-R3,test_01-test_01_r1-31101003-localisation_perturbation-medium,held_out_map_test,true,success,false,false,false,184.7,10.6814,-17.414000000000016,-1.6666000000000007,5,108.519,,false,0.0,0.0,0.0,0.0,0.0,0.0,0.0
6e63a162-b178-459a-8654-cb0899d5963e,test_01,test_01_r1,31101004,dynamic_blockage,medium,R0,false,false,false,false,0.0,0.0,0,none,0.0,none,test_01-test_01_r1-blockage-r10-R0,test_01-test_01_r1-31101004-dynamic_blockage-medium,held_out_map_test,true,false_arrival,true,false,false,239.805,11.9779,0.0,0.0,0,,,false,40.0,0.0,40.0,0.0,0.0,0.0,0.0
67d97999-16f2-417e-b691-29510b50375c,test_01,test_01_r1,31101004,dynamic_blockage,medium,R2,false,false,false,false,0.992999999999995,0.0,0,none,0.4964999999999975,none,test_01-test_01_r1-blockage-r10-R2,test_01-test_01_r1-31101004-dynamic_blockage-medium,held_out_map_test,true,timeout,true,false,false,240.798,11.004,0.992999999999995,-0.9739000000000004,2,113.688,,false,40.4965,0.0,40.0,0.0,0.4964999999999975,0.0,0.0
c7fdd45e-0072-4cd6-88a9-1c1dba8c3aaf,test_01,test_01_r1,31101004,dynamic_blockage,medium,R3,false,false,false,false,0.9379999999999882,0.0,0,none,0.4689999999999941,none,test_01-test_01_r1-blockage-r10-R3,test_01-test_01_r1-31101004-dynamic_blockage-medium,held_out_map_test,true,timeout,true,false,false,240.743,10.775,0.9379999999999882,-1.2028999999999996,2,158.294,,false,40.468999999999994,0.0,40.0,0.0,0.4689999999999941,0.0,0.0
da8ec22a-7016-47ed-b194-b5e109dd4843,test_01,test_01_r1,31101005,planner_oscillation,medium,R0,true,false,false,false,0.0,0.0,0,none,0.0,none,test_01-test_01_r1-oscillation-r10-R0,test_01-test_01_r1-31101005-planner_oscillation-medium,held_out_map_test,true,success,false,false,false,236.349,13.7121,0.0,0.0,0,,,false,0.0,0.0,0.0,0.0,0.0,0.0,0.0
d527242d-31b0-4596-8306-1441caf0e290,test_01,test_01_r1,31101005,planner_oscillation,medium,R2,false,false,false,false,0.0,0.0,0,none,40.0,none,test_01-test_01_r1-oscillation-r10-R2,test_01-test_01_r1-31101005-planner_oscillation-medium,held_out_map_test,true,planner_failure,true,false,false,220.057,8.8016,-16.292,-4.910499999999999,0,,,false,40.0,0.0,40.0,0.0,0.0,0.0,0.0
9cc8e90c-28e1-4252-b3d2-cfb8af7ac363,test_01,test_01_r1,31101005,planner_oscillation,medium,R3,false,false,false,false,0.0,0.0,0,none,40.0,none,test_01-test_01_r1-oscillation-r10-R3,test_01-test_01_r1-31101005-planner_oscillation-medium,held_out_map_test,true,planner_failure,true,false,false,219.914,8.3047,-16.435000000000002,-5.407399999999999,0,,,false,40.0,0.0,40.0,0.0,0.0,0.0,0.0
d4904ec4-9ad7-4496-9cd2-40151a9ec0df,test_01,test_01_r1,31101006,semantic_corruption,medium,R0,true,false,false,false,0.0,0.0,0,none,0.0,none,test_01-test_01_r1-semantic-r10-R0,test_01-test_01_r1-31101006-semantic_corruption-medium,held_out_map_test,true,success,false,false,false,126.026,9.2597,0.0,0.0,0,,,false,0.0,0.0,0.0,0.0,0.0,0.0,0.0
3793c82f-a7ad-45a5-b5ef-16d232944652,test_01,test_01_r1,31101006,semantic_corruption,medium,R2,true,false,false,false,45.51100000000001,1.1142000000000003,0,none,16.1142,none,test_01-test_01_r1-semantic-r10-R2,test_01-test_01_r1-31101006-semantic_corruption-medium,held_out_map_test,true,success,false,false,false,171.537,10.3739,45.51100000000001,1.1142000000000003,0,,,false,16.1142,0.0,0.0,0.0,15.0,1.1142000000000003,0.0
f39d149a-7ef3-4527-9c8b-ccc210f41d31,test_01,test_01_r1,31101006,semantic_corruption,medium,R3,false,false,false,false,46.551,1.08,0,none,56.08,none,test_01-test_01_r1-semantic-r10-R3,test_01-test_01_r1-31101006-semantic_corruption-medium,held_out_map_test,true,false_arrival,true,false,false,172.577,10.3397,46.551,1.08,0,,,false,56.08,0.0,40.0,0.0,15.0,1.08,0.0
b26cdb47-ba43-46c6-9e4e-11a36761a3a7,test_01,test_01_r1,31101100,camera_occlusion,medium,R0,true,false,false,false,0.0,0.0,0,none,0.0,none,test_01-test_01_r1-camera-r11-R0,test_01-test_01_r1-31101100-camera_occlusion-medium,held_out_map_test,true,success,false,false,false,176.74,10.7922,0.0,0.0,0,,,false,0.0,0.0,0.0,0.0,0.0,0.0,0.0
d1eafc00-e3a5-4c2c-bdd7-d8f4970131b4,test_01,test_01_r1,31101100,camera_occlusion,medium,R2,false,false,false,false,0.0,0.0,0,none,40.0,none,test_01-test_01_r1-camera-r11-R2,test_01-test_01_r1-31101100-camera_occlusion-medium,held_out_map_test,true,false_arrival,true,false,false,125.07,9.2113,-51.670000000000016,-1.5808999999999997,0,,,false,40.0,0.0,40.0,0.0,0.0,0.0,0.0
f4e70791-b594-4a08-a550-73f7f2103c46,test_01,test_01_r1,31101100,camera_occlusion,medium,R3,false,false,false,false,0.0,0.0,0,none,40.0,none,test_01-test_01_r1-camera-r11-R3,test_01-test_01_r1-31101100-camera_occlusion-medium,held_out_map_test,true,false_arrival,true,false,false,176.228,10.1245,-0.5120000000000005,-0.6677,0,,,false,40.0,0.0,40.0,0.0,0.0,0.0,0.0
4e1ebd28-e4aa-43b7-a86f-89577d9dc204,test_01,test_01_r1,31101101,lidar_dropout,medium,R0,false,false,false,false,0.0,0.0,0,none,0.0,none,test_01-test_01_r1-lidar-r11-R0,test_01-test_01_r1-31101101-lidar_dropout-medium,held_out_map_test,true,false_arrival,true,false,false,187.282,10.6239,0.0,0.0,0,,,false,40.0,0.0,40.0,0.0,0.0,0.0,0.0
32b2001d-7ab4-4fae-bb8b-945547e1a5f1,test_01,test_01_r1,31101101,lidar_dropout,medium,R2,false,false,false,false,18.691000000000003,0.0,0,none,9.345500000000001,none,test_01-test_01_r1-lidar-r11-R2,test_01-test_01_r1-31101101-lidar_dropout-medium,held_out_map_test,true,false_arrival,true,false,false,205.973,10.2764,18.691000000000003,-0.34750000000000014,6,24.477,,false,49.3455,0.0,40.0,0.0,9.345500000000001,0.0,0.0
b4efe885-a3d3-47d6-9c36-fee3f9cd6268,test_01,test_01_r1,31101101,lidar_dropout,medium,R3,false,false,false,false,0.07399999999998386,0.0,0,none,0.03699999999999193,none,test_01-test_01_r1-lidar-r11-R3,test_01-test_01_r1-31101101-lidar_dropout-medium,held_out_map_test,true,false_arrival,true,false,false,187.356,10.3776,0.07399999999998386,-0.24630000000000152,2,24.715000000000003,,false,40.03699999999999,0.0,40.0,0.0,0.03699999999999193,0.0,0.0
b7ea1c41-d931-4531-b7b9-6fa03c78fc2a,test_01,test_01_r1,31101102,wheel_slip,medium,R0,true,false,false,false,0.0,0.0,0,none,0.0,none,test_01-test_01_r1-wheel-r11-R0,test_01-test_01_r1-31101102-wheel_slip-medium,held_out_map_test,true,success,false,false,false,187.077,10.1664,0.0,0.0,0,,,false,0.0,0.0,0.0,0.0,0.0,0.0,0.0
a50e79e2-69fe-4200-9b6b-3e1f66bdd125,test_01,test_01_r1,31101102,wheel_slip,medium,R2,true,false,false,false,0.0,0.0,0,none,0.0,none,test_01-test_01_r1-wheel-r11-R2,test_01-test_01_r1-31101102-wheel_slip-medium,held_out_map_test,true,success,false,false,false,182.15,9.9569,-4.9269999999999925,-0.20950000000000024,3,136.643,,false,0.0,0.0,0.0,0.0,0.0,0.0,0.0
bcb53259-6e7b-4def-8688-9f582c9a520d,test_01,test_01_r1,31101102,wheel_slip,medium,R3,false,false,false,false,0.0,0.16650000000000098,0,none,40.1665,none,test_01-test_01_r1-wheel-r11-R3,test_01-test_01_r1-31101102-wheel_slip-medium,held_out_map_test,true,false_arrival,true,false,false,183.498,10.3329,-3.5790000000000077,0.16650000000000098,4,121.07,,false,40.1665,0.0,40.0,0.0,0.0,0.16650000000000098,0.0
2e790b64-eec1-4af2-8b92-508c087b4663,test_01,test_01_r1,31101103,localisation_perturbation,medium,R0,false,false,false,false,0.0,0.0,0,none,0.0,none,test_01-test_01_r1-localisation-r11-R0,test_01-test_01_r1-31101103-localisation_perturbation-medium,held_out_map_test,true,timeout,true,false,false,240.706,12.4865,0.0,0.0,0,,,false,40.0,0.0,40.0,0.0,0.0,0.0,0.0
e21d33ee-9618-4bb5-a030-c26add343f66,test_01,test_01_r1,31101103,localisation_perturbation,medium,R2,false,false,false,false,0.0,0.0,0,none,0.0,none,test_01-test_01_r1-localisation-r11-R2,test_01-test_01_r1-31101103-localisation_perturbation-medium,held_out_map_test,true,false_arrival,true,false,false,197.358,11.4331,-43.347999999999985,-1.0534,5,118.777,,false,40.0,0.0,40.0,0.0,0.0,0.0,0.0
1dd663da-de73-44c8-97eb-4e92bc5b4647,test_01,test_01_r1,31101103,localisation_perturbation,medium,R3,false,false,false,false,0.0,0.0,0,none,0.0,none,test_01-test_01_r1-localisation-r11-R3,test_01-test_01_r1-31101103-localisation_perturbation-medium,held_out_map_test,true,false_arrival,true,false,false,198.81,12.4704,-41.89599999999999,-0.01609999999999978,0,,,false,40.0,0.0,40.0,0.0,0.0,0.0,0.0
ea24f9f8-a874-4ca6-8ce5-4097bc10670b,test_01,test_01_r1,31101104,dynamic_blockage,medium,R0,true,false,false,false,0.0,0.0,0,none,0.0,none,test_01-test_01_r1-blockage-r11-R0,test_01-test_01_r1-31101104-dynamic_blockage-medium,held_out_map_test,true,success,false,false,false,220.992,11.2655,0.0,0.0,0,,,false,0.0,0.0,0.0,0.0,0.0,0.0,0.0
491fdede-12be-4b05-94ce-37a06254b3cf,test_01,test_01_r1,31101104,dynamic_blockage,medium,R2,false,false,false,false,19.731000000000023,0.043100000000000804,0,none,49.908600000000014,none,test_01-test_01_r1-blockage-r11-R2,test_01-test_01_r1-31101104-dynamic_blockage-medium,held_out_map_test,true,timeout,true,false,false,240.723,11.3086,19.731000000000023,0.043100000000000804,1,232.691,,false,49.908600000000014,0.0,40.0,0.0,9.865500000000011,0.043100000000000804,0.0
0a40b8bc-82f5-47c9-b39d-101e1c745f32,test_01,test_01_r1,31101104,dynamic_blockage,medium,R3,false,false,false,false,0.0,0.4024000000000001,0,none,40.4024,none,test_01-test_01_r1-blockage-r11-R3,test_01-test_01_r1-31101104-dynamic_blockage-medium,held_out_map_test,true,false_arrival,true,false,false,195.363,11.6679,-25.62899999999999,0.4024000000000001,3,151.445,,false,40.4024,0.0,40.0,0.0,0.0,0.4024000000000001,0.0
0ac4e796-3b22-456d-a884-a4ac34c5ac2d,test_01,test_01_r1,31101105,planner_oscillation,medium,R0,false,false,false,false,0.0,0.0,0,none,0.0,none,test_01-test_01_r1-oscillation-r11-R0,test_01-test_01_r1-31101105-planner_oscillation-medium,held_out_map_test,true,planner_failure,true,false,false,224.725,6.7281,0.0,0.0,0,,,false,40.0,0.0,40.0,0.0,0.0,0.0,0.0
73091429-d9c5-4e17-ac59-5c43a75ea7e4,test_01,test_01_r1,31101105,planner_oscillation,medium,R2,false,false,false,false,16.03,7.9464,0,none,15.961399999999998,none,test_01-test_01_r1-oscillation-r11-R2,test_01-test_01_r1-31101105-planner_oscillation-medium,held_out_map_test,true,timeout,true,false,false,240.755,14.6745,16.03,7.9464,1,189.045,,false,55.9614,0.0,40.0,0.0,8.015,7.9464,0.0
d8dd7690-c423-4bba-a244-4acd505cc93c,test_01,test_01_r1,31101105,planner_oscillation,medium,R3,false,false,false,false,5.236999999999995,6.9044,0,none,9.5229,none,test_01-test_01_r1-oscillation-r11-R3,test_01-test_01_r1-31101105-planner_oscillation-medium,held_out_map_test,true,false_arrival,true,false,false,229.962,13.6325,5.236999999999995,6.9044,3,170.619,,false,49.5229,0.0,40.0,0.0,2.6184999999999974,6.9044,0.0
70deb655-e187-4c74-918b-d17ab148dca9,test_01,test_01_r1,31101106,semantic_corruption,medium,R0,true,false,false,false,0.0,0.0,0,none,0.0,none,test_01-test_01_r1-semantic-r11-R0,test_01-test_01_r1-31101106-semantic_corruption-medium,held_out_map_test,true,success,false,false,false,178.686,10.3209,0.0,0.0,0,,,false,0.0,0.0,0.0,0.0,0.0,0.0,0.0
b84e17a0-2175-45db-a86b-d8e6613abcfb,test_01,test_01_r1,31101106,semantic_corruption,medium,R2,true,false,false,false,0.0,0.0,0,none,0.0,none,test_01-test_01_r1-semantic-r11-R2,test_01-test_01_r1-31101106-semantic_corruption-medium,held_out_map_test,true,success,false,false,false,109.825,9.2425,-68.861,-1.0784000000000002,0,,,false,0.0,0.0,0.0,0.0,0.0,0.0,0.0
b29c584f-fe3d-4b09-8c3c-0fe7d569e824,test_01,test_01_r1,31101106,semantic_corruption,medium,R3,true,false,false,false,0.0,0.0,0,none,0.0,none,test_01-test_01_r1-semantic-r11-R3,test_01-test_01_r1-31101106-semantic_corruption-medium,held_out_map_test,true,success,false,false,false,116.472,9.2791,-62.21400000000001,-1.0418000000000003,0,,,false,0.0,0.0,0.0,0.0,0.0,0.0,0.0
d0bba336-5c59-46a9-beda-2ba7d541a8d4,test_01,test_01_r1,31101200,camera_occlusion,medium,R0,false,false,false,false,0.0,0.0,0,none,28.8857,none,test_01-test_01_r1-camera-r12-R0,test_01-test_01_r1-31101200-camera_occlusion-medium,held_out_map_test,true,planner_failure,true,false,false,164.357,3.0473,0.0,0.0,0,,,false,40.0,0.0,40.0,0.0,0.0,0.0,0.0
77c07918-8421-4ff7-8e5c-69a43f006ed6,test_01,test_01_r1,31101200,camera_occlusion,medium,R2,false,false,false,false,17.539999999999992,7.166,0,none,44.82169999999999,none,test_01-test_01_r1-camera-r12-R2,test_01-test_01_r1-31101200-camera_occlusion-medium,held_out_map_test,true,false_arrival,true,false,false,181.897,10.2133,17.539999999999992,7.166,0,,,false,55.93599999999999,0.0,40.0,0.0,8.769999999999996,7.166,0.0
f5eba5a3-a9c3-4851-a0a5-2f50f22ae68a,test_01,test_01_r1,31101200,camera_occlusion,medium,R3,true,false,false,false,6.0120000000000005,8.1083,0,none,0.0,none,test_01-test_01_r1-camera-r12-R3,test_01-test_01_r1-31101200-camera_occlusion-medium,held_out_map_test,true,success,false,false,false,170.369,11.1556,6.0120000000000005,8.1083,0,,,false,11.1143,0.0,0.0,0.0,3.0060000000000002,8.1083,0.0
96159d75-7c04-4383-8fd5-b80ff430b58e,test_01,test_01_r1,31101201,lidar_dropout,medium,R0,false,false,false,false,0.0,0.0,0,none,24.0893,none,test_01-test_01_r1-lidar-r12-R0,test_01-test_01_r1-31101201-lidar_dropout-medium,held_out_map_test,true,false_arrival,true,false,false,130.633,9.2831,0.0,0.0,0,,,false,40.0,0.0,40.0,0.0,0.0,0.0,0.0
a5d871ef-205c-4fbe-acd5-834767ad4783,test_01,test_01_r1,31101201,lidar_dropout,medium,R2,true,false,false,false,58.607,1.3857,0,none,0.47499999999999964,none,test_01-test_01_r1-lidar-r12-R2,test_01-test_01_r1-31101201-lidar_dropout-medium,held_out_map_test,true,success,false,false,false,189.24,10.6688,58.607,1.3857,1,24.277,,false,16.3857,0.0,0.0,0.0,15.0,1.3857,0.0
121a0036-b9f1-4fdc-8f42-cfe1a33fa99b,test_01,test_01_r1,31101201,lidar_dropout,medium,R3,true,false,false,false,63.65699999999998,0.9107000000000003,0,none,0.0,none,test_01-test_01_r1-lidar-r12-R3,test_01-test_01_r1-31101201-lidar_dropout-medium,held_out_map_test,true,success,false,false,false,194.29,10.1938,63.65699999999998,0.9107000000000003,8,24.582,,false,15.9107,0.0,0.0,0.0,15.0,0.9107000000000003,0.0
eccf2f55-a291-428d-ba02-7d0ecd6e4521,test_01,test_01_r1,31101202,wheel_slip,medium,R0,true,false,false,false,0.0,0.0,0,none,0.0,none,test_01-test_01_r1-wheel-r12-R0,test_01-test_01_r1-31101202-wheel_slip-medium,held_out_map_test,true,success,false,false,false,200.742,10.092,0.0,0.0,0,,,false,0.0,0.0,0.0,0.0,0.0,0.0,0.0
8ddcbdfe-8e05-4e00-b76d-0b13d19ebd97,test_01,test_01_r1,31101202,wheel_slip,medium,R2,true,false,false,false,11.594999999999999,0.2972999999999999,0,none,6.094799999999999,none,test_01-test_01_r1-wheel-r12-R2,test_01-test_01_r1-31101202-wheel_slip-medium,held_out_map_test,true,success,false,false,false,212.337,10.3893,11.594999999999999,0.2972999999999999,6,108.919,,false,6.094799999999999,0.0,0.0,0.0,5.797499999999999,0.2972999999999999,0.0
5271555f-947d-459d-9352-d423caeeb482,test_01,test_01_r1,31101202,wheel_slip,medium,R3,true,false,false,false,24.546999999999997,0.5239999999999991,0,none,12.797499999999998,none,test_01-test_01_r1-wheel-r12-R3,test_01-test_01_r1-31101202-wheel_slip-medium,held_out_map_test,true,success,false,false,false,225.289,10.616,24.546999999999997,0.5239999999999991,6,130.735,,false,12.797499999999998,0.0,0.0,0.0,12.273499999999999,0.5239999999999991,0.0
e6b9f572-58be-4034-93e5-7d360a415e03,test_01,test_01_r1,31101203,localisation_perturbation,medium,R0,true,false,false,false,0.0,0.0,0,none,0.0,none,test_01-test_01_r1-localisation-r12-R0,test_01-test_01_r1-31101203-localisation_perturbation-medium,held_out_map_test,true,success,false,false,false,189.657,10.9718,0.0,0.0,0,,,false,0.0,0.0,0.0,0.0,0.0,0.0,0.0
e5bc3e94-9d22-4ea8-a35a-58712c2256c1,test_01,test_01_r1,31101203,localisation_perturbation,medium,R2,true,false,false,false,14.595999999999975,0.4307999999999996,0,none,7.728799999999987,none,test_01-test_01_r1-localisation-r12-R2,test_01-test_01_r1-31101203-localisation_perturbation-medium,held_out_map_test,true,success,false,false,false,204.253,11.4026,14.595999999999975,0.4307999999999996,3,151.172,,false,7.728799999999987,0.0,0.0,0.0,7.297999999999988,0.4307999999999996,0.0
8b7f1378-7c84-4f4b-9db7-952b72455bc2,test_01,test_01_r1,31101203,localisation_perturbation,medium,R3,false,false,false,false,0.0,0.9817,0,none,40.981700000000004,none,test_01-test_01_r1-localisation-r12-R3,test_01-test_01_r1-31101203-localisation_perturbation-medium,held_out_map_test,true,false_arrival,true,false,false,189.552,11.9535,-0.10500000000001819,0.9817,4,152.86,,false,40.981700000000004,0.0,40.0,0.0,0.0,0.9817,0.0
409fbfa0-cf99-4145-abbc-c252e607ba39,test_01,test_01_r1,31101204,dynamic_blockage,medium,R0,false,false,false,false,0.0,0.0,0,none,40.0,none,test_01-test_01_r1-blockage-r12-R0,test_01-test_01_r1-31101204-dynamic_blockage-medium,held_out_map_test,true,timeout,true,false,false,240.772,12.4345,0.0,0.0,0,,,false,40.0,0.0,40.0,0.0,0.0,0.0,0.0
e728d4fc-23b8-4fc4-8216-93d4b8211520,test_01,test_01_r1,31101204,dynamic_blockage,medium,R2,false,false,false,false,0.0,0.0,0,none,40.0,none,test_01-test_01_r1-blockage-r12-R2,test_01-test_01_r1-31101204-dynamic_blockage-medium,held_out_map_test,true,false_arrival,true,false,false,136.645,10.3682,-104.12699999999998,-2.0663,0,,,false,40.0,0.0,40.0,0.0,0.0,0.0,0.0
8391402b-0410-4524-ac64-d093563d4470,test_01,test_01_r1,31101204,dynamic_blockage,medium,R3,true,false,false,false,0.0,0.0,0,none,0.0,none,test_01-test_01_r1-blockage-r12-R3,test_01-test_01_r1-31101204-dynamic_blockage-medium,held_out_map_test,true,success,false,false,false,234.82,12.0435,-5.951999999999998,-0.391,1,201.196,,false,0.0,0.0,0.0,0.0,0.0,0.0,0.0
7d86300f-8f9c-4e9c-a721-0cd3a54a05fe,test_01,test_01_r1,31101205,planner_oscillation,medium,R0,false,false,false,false,0.0,0.0,0,none,39.919399999999996,none,test_01-test_01_r1-oscillation-r12-R0,test_01-test_01_r1-31101205-planner_oscillation-medium,held_out_map_test,true,false_arrival,true,false,false,237.036,13.3977,0.0,0.0,0,,,false,40.0,0.0,40.0,0.0,0.0,0.0,0.0
bed1ad0b-133a-4920-b58f-d19ed150d453,test_01,test_01_r1,31101205,planner_oscillation,medium,R2,true,false,false,false,0.0,0.08060000000000045,0,none,0.0,none,test_01-test_01_r1-oscillation-r12-R2,test_01-test_01_r1-31101205-planner_oscillation-medium,held_out_map_test,true,success,false,false,false,221.608,13.4783,-15.427999999999997,0.08060000000000045,2,151.334,,false,0.08060000000000045,0.0,0.0,0.0,0.0,0.08060000000000045,0.0
dd52b8cf-b03d-4a7f-bcfe-844b31edd7e8,test_01,test_01_r1,31101205,planner_oscillation,medium,R3,false,false,false,false,3.7319999999999993,0.0,0,none,41.785399999999996,none,test_01-test_01_r1-oscillation-r12-R3,test_01-test_01_r1-31101205-planner_oscillation-medium,held_out_map_test,true,timeout,true,false,false,240.768,12.5485,3.7319999999999993,-0.8491999999999997,1,213.487,,false,41.866,0.0,40.0,0.0,1.8659999999999997,0.0,0.0
543373cc-44f3-4059-b88b-b8e2e0720cbc,test_01,test_01_r1,31101206,semantic_corruption,medium,R0,false,false,false,false,0.0,0.0,0,none,0.0,none,test_01-test_01_r1-semantic-r12-R0,test_01-test_01_r1-31101206-semantic_corruption-medium,held_out_map_test,true,false_arrival,true,false,false,184.497,10.3826,0.0,0.0,0,,,false,40.0,0.0,40.0,0.0,0.0,0.0,0.0
3333706b-0451-4ca6-a6e7-9035482c6cee,test_01,test_01_r1,31101206,semantic_corruption,medium,R2,false,false,false,false,0.0,0.0,0,none,0.0,none,test_01-test_01_r1-semantic-r12-R2,test_01-test_01_r1-31101206-semantic_corruption-medium,held_out_map_test,true,false_arrival,true,false,false,178.146,10.2113,-6.3510000000000275,-0.17130000000000045,0,,,false,40.0,0.0,40.0,0.0,0.0,0.0,0.0
ee01c4db-2add-4a96-8aa7-477e4677e38a,test_01,test_01_r1,31101206,semantic_corruption,medium,R3,false,false,false,false,0.0,0.16060000000000052,0,none,0.1606000000000023,none,test_01-test_01_r1-semantic-r12-R3,test_01-test_01_r1-31101206-semantic_corruption-medium,held_out_map_test,true,false_arrival,true,false,false,178.076,10.5432,-6.421000000000021,0.16060000000000052,0,,,false,40.1606,0.0,40.0,0.0,0.0,0.16060000000000052,0.0
53583720-52ae-43d0-8347-ac8afea51e5e,test_01,test_01_r1,31101300,camera_occlusion,medium,R0,true,false,false,false,0.0,0.0,0,none,0.0,none,test_01-test_01_r1-camera-r13-R0,test_01-test_01_r1-31101300-camera_occlusion-medium,held_out_map_test,true,success,false,false,false,125.679,9.2725,0.0,0.0,0,,,false,0.0,0.0,0.0,0.0,0.0,0.0,0.0
fe5e753d-c441-4493-bf2b-ceef5d854f5e,test_01,test_01_r1,31101300,camera_occlusion,medium,R2,true,false,false,false,46.12100000000001,1.6302999999999983,0,none,16.6303,none,test_01-test_01_r1-camera-r13-R2,test_01-test_01_r1-31101300-camera_occlusion-medium,held_out_map_test,true,success,false,false,false,171.8,10.9028,46.12100000000001,1.6302999999999983,0,,,false,16.6303,0.0,0.0,0.0,15.0,1.6302999999999983,0.0
4708e3a6-1a92-40be-b283-c407c83b00e1,test_01,test_01_r1,31101300,camera_occlusion,medium,R3,true,false,false,false,63.74199999999999,1.2096,0,none,16.209600000000002,none,test_01-test_01_r1-camera-r13-R3,test_01-test_01_r1-31101300-camera_occlusion-medium,held_out_map_test,true,success,false,false,false,189.421,10.4821,63.74199999999999,1.2096,0,,,false,16.209600000000002,0.0,0.0,0.0,15.0,1.2096,0.0
c04123c2-021a-4417-8f6c-c3900ad8d707,test_01,test_01_r1,31101301,lidar_dropout,medium,R0,true,false,false,false,0.0,0.0,0,none,0.0,none,test_01-test_01_r1-lidar-r13-R0,test_01-test_01_r1-31101301-lidar_dropout-medium,held_out_map_test,true,success,false,false,false,184.928,10.5876,0.0,0.0,0,,,false,0.0,0.0,0.0,0.0,0.0,0.0,0.0
290c8b8b-6926-4635-ad46-864478b0d059,test_01,test_01_r1,31101301,lidar_dropout,medium,R2,false,false,false,false,0.6129999999999995,0.0,0,none,40.3065,none,test_01-test_01_r1-lidar-r13-R2,test_01-test_01_r1-31101301-lidar_dropout-medium,held_out_map_test,true,false_arrival,true,false,false,185.541,10.3886,0.6129999999999995,-0.19899999999999984,2,24.523,,false,40.3065,0.0,40.0,0.0,0.3064999999999998,0.0,0.0
72ec48f3-2e1c-4b83-8d71-c515d1bd1add,test_01,test_01_r1,31101301,lidar_dropout,medium,R3,false,false,false,false,55.845,0.0,0,none,55.0,none,test_01-test_01_r1-lidar-r13-R3,test_01-test_01_r1-31101301-lidar_dropout-medium,held_out_map_test,true,timeout,true,false,false,240.773,10.2169,55.845,-0.37069999999999936,3,24.263,,false,55.0,0.0,40.0,0.0,15.0,0.0,0.0
91879abb-3070-459b-81e3-44edc5aad633,test_01,test_01_r1,31101302,wheel_slip,medium,R0,false,false,false,false,0.0,0.0,0,none,0.0,none,test_01-test_01_r1-wheel-r13-R0,test_01-test_01_r1-31101302-wheel_slip-medium,held_out_map_test,true,planner_failure,true,false,false,237.207,10.0327,0.0,0.0,0,,,false,40.0,0.0,40.0,0.0,0.0,0.0,0.0
ef7d7ff1-ec52-4eb5-8af6-7b645e099bce,test_01,test_01_r1,31101302,wheel_slip,medium,R2,false,false,false,false,0.0,0.0,0,none,0.0,none,test_01-test_01_r1-wheel-r13-R2,test_01-test_01_r1-31101302-wheel_slip-medium,held_out_map_test,true,false_arrival,true,false,false,186.919,9.45,-50.28799999999998,-0.5827000000000009,6,109.954,,false,40.0,0.0,40.0,0.0,0.0,0.0,0.0
bc898ae3-27e7-45e3-adc5-5cd2bddcc2b3,test_01,test_01_r1,31101302,wheel_slip,medium,R3,false,false,false,false,0.0,0.34050000000000047,0,none,0.3404999999999987,none,test_01-test_01_r1-wheel-r13-R3,test_01-test_01_r1-31101302-wheel_slip-medium,held_out_map_test,true,false_arrival,true,false,false,187.499,10.3732,-49.708,0.34050000000000047,4,106.668,,false,40.3405,0.0,40.0,0.0,0.0,0.34050000000000047,0.0
f1a9fdea-408c-4cbd-8bee-70b7d76876e5,test_01,test_01_r1,31101303,localisation_perturbation,medium,R0,false,false,false,false,0.0,0.0,0,none,33.9179,none,test_01-test_01_r1-localisation-r13-R0,test_01-test_01_r1-31101303-localisation_perturbation-medium,held_out_map_test,true,planner_failure,true,false,false,186.857,4.165,0.0,0.0,0,,,false,40.0,0.0,40.0,0.0,0.0,0.0,0.0
37de0ec3-e633-4110-97d9-494230ec62d9,test_01,test_01_r1,31101303,localisation_perturbation,medium,R2,true,false,false,false,0.0,7.13,0,none,1.0479000000000003,none,test_01-test_01_r1-localisation-r13-R2,test_01-test_01_r1-31101303-localisation_perturbation-medium,held_out_map_test,true,success,false,false,false,186.054,11.295,-0.8029999999999973,7.13,5,105.322,,false,7.13,0.0,0.0,0.0,0.0,7.13,0.0
bbb24031-b271-4d00-9db9-a54e8fc77384,test_01,test_01_r1,31101303,localisation_perturbation,medium,R3,true,false,false,false,0.0,6.0821,0,none,0.0,none,test_01-test_01_r1-localisation-r13-R3,test_01-test_01_r1-31101303-localisation_perturbation-medium,held_out_map_test,true,success,false,false,false,137.408,10.2471,-49.44900000000001,6.0821,1,123.35,,false,6.0821,0.0,0.0,0.0,0.0,6.0821,0.0
9f463bd9-1a6a-426d-9524-d335bd791155,test_01,test_01_r1,31101304,dynamic_blockage,medium,R0,false,false,false,false,0.0,0.0,0,none,0.0,none,test_01-test_01_r1-blockage-r13-R0,test_01-test_01_r1-31101304-dynamic_blockage-medium,held_out_map_test,true,timeout,true,false,false,240.711,11.6515,0.0,0.0,0,,,false,40.0,0.0,40.0,0.0,0.0,0.0,0.0
8adfc509-1a83-402e-a4ab-1943af3cf891,test_01,test_01_r1,31101304,dynamic_blockage,medium,R2,false,false,false,false,0.07699999999999818,0.0,0,none,0.03849999999999909,none,test_01-test_01_r1-blockage-r13-R2,test_01-test_01_r1-31101304-dynamic_blockage-medium,held_out_map_test,true,timeout,true,false,false,240.788,10.9042,0.07699999999999818,-0.747300000000001,2,88.846,,false,40.0385,0.0,40.0,0.0,0.03849999999999909,0.0,0.0
48c4078b-a5be-44cb-9f4a-65a69c661d9b,test_01,test_01_r1,31101304,dynamic_blockage,medium,R3,false,false,false,false,0.0,0.0,0,none,0.0,none,test_01-test_01_r1-blockage-r13-R3,test_01-test_01_r1-31101304-dynamic_blockage-medium,held_out_map_test,true,false_arrival,true,false,false,219.797,11.2597,-20.914000000000016,-0.3917999999999999,4,130.123,,false,40.0,0.0,40.0,0.0,0.0,0.0,0.0
bf078039-72d6-48d7-abe8-0dc851ab135d,test_01,test_01_r1,31101305,planner_oscillation,medium,R0,false,false,false,false,0.0,0.0,0,none,0.0,none,test_01-test_01_r1-oscillation-r13-R0,test_01-test_01_r1-31101305-planner_oscillation-medium,held_out_map_test,true,false_arrival,true,false,false,231.859,13.2896,0.0,0.0,0,,,false,40.0,0.0,40.0,0.0,0.0,0.0,0.0
4d7d9bdc-5c4a-456f-8ec2-dc1eea7b5b5b,test_01,test_01_r1,31101305,planner_oscillation,medium,R2,false,false,false,false,0.3119999999999834,0.5970999999999993,0,none,0.7530999999999892,none,test_01-test_01_r1-oscillation-r13-R2,test_01-test_01_r1-31101305-planner_oscillation-medium,held_out_map_test,true,false_arrival,true,false,false,232.171,13.8867,0.3119999999999834,0.5970999999999993,3,134.834,,false,40.75309999999999,0.0,40.0,0.0,0.1559999999999917,0.5970999999999993,0.0
00256901-b5ba-44f0-b62b-1de2e09e65dd,test_01,test_01_r1,31101305,planner_oscillation,medium,R3,false,false,false,false,0.0,0.0,0,none,0.0,none,test_01-test_01_r1-oscillation-r13-R3,test_01-test_01_r1-31101305-planner_oscillation-medium,held_out_map_test,true,planner_failure,true,false,false,186.457,2.4491,-45.402000000000015,-10.8405,0,,,false,40.0,0.0,40.0,0.0,0.0,0.0,0.0
f74d5dbe-ed01-44bf-97de-ef27e37750fb,test_01,test_01_r1,31101306,semantic_corruption,medium,R0,false,false,false,false,0.0,0.0,0,none,40.0,none,test_01-test_01_r1-semantic-r13-R0,test_01-test_01_r1-31101306-semantic_corruption-medium,held_out_map_test,true,false_arrival,true,false,false,176.838,10.1852,0.0,0.0,0,,,false,40.0,0.0,40.0,0.0,0.0,0.0,0.0
07377581-76c1-4cec-a998-175a84627326,test_01,test_01_r1,31101306,semantic_corruption,medium,R2,true,false,false,false,0.0,0.058699999999999974,0,none,0.058699999999999974,none,test_01-test_01_r1-semantic-r13-R2,test_01-test_01_r1-31101306-semantic_corruption-medium,held_out_map_test,true,success,false,false,false,176.131,10.2439,-0.7069999999999936,0.058699999999999974,0,,,false,0.058699999999999974,0.0,0.0,0.0,0.0,0.058699999999999974,0.0
c144ecdf-9de4-4c4c-9c4c-5b7785f63655,test_01,test_01_r1,31101306,semantic_corruption,medium,R3,true,false,false,false,0.0,0.0,0,none,0.0,none,test_01-test_01_r1-semantic-r13-R3,test_01-test_01_r1-31101306-semantic_corruption-medium,held_out_map_test,true,success,false,false,false,159.806,9.6559,-17.031999999999982,-0.5292999999999992,0,,,false,0.0,0.0,0.0,0.0,0.0,0.0,0.0
99ec916d-0308-4d64-9c4f-60e7846819e7,test_01,test_01_r2,31201000,camera_occlusion,medium,R0,true,false,false,false,0.0,0.0,0,none,0.0,none,test_01-test_01_r2-camera-r10-R0,test_01-test_01_r2-31201000-camera_occlusion-medium,held_out_map_test,true,success,false,false,false,97.993,11.9147,0.0,0.0,0,,,false,0.0,0.0,0.0,0.0,0.0,0.0,0.0
5be65469-2724-443e-8667-37109490d66e,test_01,test_01_r2,31201000,camera_occlusion,medium,R2,true,false,false,false,1.5330000000000013,0.02260000000000062,0,none,0.7891000000000012,none,test_01-test_01_r2-camera-r10-R2,test_01-test_01_r2-31201000-camera_occlusion-medium,held_out_map_test,true,success,false,false,false,99.526,11.9373,1.5330000000000013,0.02260000000000062,0,,,false,0.7891000000000012,0.0,0.0,0.0,0.7665000000000006,0.02260000000000062,0.0
84ddd9cc-e4c1-4807-af33-6d51232b8428,test_01,test_01_r2,31201000,camera_occlusion,medium,R3,true,false,false,false,0.0,0.0,0,none,0.0,none,test_01-test_01_r2-camera-r10-R3,test_01-test_01_r2-31201000-camera_occlusion-medium,held_out_map_test,true,success,false,false,false,96.509,11.8732,-1.4839999999999947,-0.041499999999999204,0,,,false,0.0,0.0,0.0,0.0,0.0,0.0,0.0
d9239b47-81e7-487f-8b81-8098de7ed896,test_01,test_01_r2,31201001,lidar_dropout,medium,R0,true,false,false,false,0.0,0.0,0,none,0.0,none,test_01-test_01_r2-lidar-r10-R0,test_01-test_01_r2-31201001-lidar_dropout-medium,held_out_map_test,true,success,false,false,false,109.756,12.1789,0.0,0.0,0,,,false,0.0,0.0,0.0,0.0,0.0,0.0,0.0
c8a3304d-eade-4a0b-a658-4619619e4248,test_01,test_01_r2,31201001,lidar_dropout,medium,R2,true,false,false,false,0.0,0.0,0,none,0.0,none,test_01-test_01_r2-lidar-r10-R2,test_01-test_01_r2-31201001-lidar_dropout-medium,held_out_map_test,true,success,false,false,false,109.35,12.0517,-0.4060000000000059,-0.1272000000000002,0,,,false,0.0,0.0,0.0,0.0,0.0,0.0,0.0
1927ddef-ad21-4569-97d9-a1ac14cec916,test_01,test_01_r2,31201001,lidar_dropout,medium,R3,true,false,false,false,0.0,0.0,0,none,0.0,none,test_01-test_01_r2-lidar-r10-R3,test_01-test_01_r2-31201001-lidar_dropout-medium,held_out_map_test,true,success,false,false,false,101.317,12.1058,-8.439000000000007,-0.07310000000000016,0,,,false,0.0,0.0,0.0,0.0,0.0,0.0,0.0
a9922b88-72a8-465b-b600-d34bead0f34f,test_01,test_01_r2,31201002,wheel_slip,medium,R0,true,false,false,false,0.0,0.0,0,none,0.0,none,test_01-test_01_r2-wheel-r10-R0,test_01-test_01_r2-31201002-wheel_slip-medium,held_out_map_test,true,success,false,false,false,108.632,12.0751,0.0,0.0,0,,,false,0.0,0.0,0.0,0.0,0.0,0.0,0.0
129e71cd-05c1-48ac-8a28-fbdba4860be3,test_01,test_01_r2,31201002,wheel_slip,medium,R2,true,false,false,false,0.0,0.023499999999998522,0,none,0.023499999999998522,none,test_01-test_01_r2-wheel-r10-R2,test_01-test_01_r2-31201002-wheel_slip-medium,held_out_map_test,true,success,false,false,false,108.056,12.0986,-0.5760000000000076,0.023499999999998522,1,93.967,,false,0.023499999999998522,0.0,0.0,0.0,0.0,0.023499999999998522,0.0
44416465-4600-4590-806c-05c54caf1ca0,test_01,test_01_r2,31201002,wheel_slip,medium,R3,true,false,false,false,7.11999999999999,0.7942,0,none,4.354199999999995,none,test_01-test_01_r2-wheel-r10-R3,test_01-test_01_r2-31201002-wheel_slip-medium,held_out_map_test,true,success,false,false,false,115.752,12.8693,7.11999999999999,0.7942,0,,,false,4.354199999999995,0.0,0.0,0.0,3.559999999999995,0.7942,0.0
9e2267b3-b7f2-40b5-9e35-601959e4bdff,test_01,test_01_r2,31201003,localisation_perturbation,medium,R0,true,false,false,false,0.0,0.0,0,none,0.0,none,test_01-test_01_r2-localisation-r10-R0,test_01-test_01_r2-31201003-localisation_perturbation-medium,held_out_map_test,true,success,false,false,false,124.38,12.9215,0.0,0.0,0,,,false,0.0,0.0,0.0,0.0,0.0,0.0,0.0
c3742ba4-7721-4730-a618-db76ca998d84,test_01,test_01_r2,31201003,localisation_perturbation,medium,R2,true,false,false,false,0.0,0.0,0,none,0.0,none,test_01-test_01_r2-localisation-r10-R2,test_01-test_01_r2-31201003-localisation_perturbation-medium,held_out_map_test,true,success,false,false,false,119.066,12.4655,-5.313999999999993,-0.4559999999999995,0,,,false,0.0,0.0,0.0,0.0,0.0,0.0,0.0
7db76b4c-d8f5-4dc6-802c-1d30dabe1aa0,test_01,test_01_r2,31201003,localisation_perturbation,medium,R3,true,false,false,false,1.7980000000000018,0.04359999999999964,0,none,0.9426000000000005,none,test_01-test_01_r2-localisation-r10-R3,test_01-test_01_r2-31201003-localisation_perturbation-medium,held_out_map_test,true,success,false,false,false,126.178,12.9651,1.7980000000000018,0.04359999999999964,0,,,false,0.9426000000000005,0.0,0.0,0.0,0.8990000000000009,0.04359999999999964,0.0
61d51c2d-fe29-4c0d-ae33-7271e98d915a,test_01,test_01_r2,31201004,dynamic_blockage,medium,R0,true,false,false,false,0.0,0.0,0,none,0.0,none,test_01-test_01_r2-blockage-r10-R0,test_01-test_01_r2-31201004-dynamic_blockage-medium,held_out_map_test,true,success,false,false,false,156.911,12.9049,0.0,0.0,0,,,false,0.0,0.0,0.0,0.0,0.0,0.0,0.0
d5226810-fba1-4b92-9195-c14d5fe167aa,test_01,test_01_r2,31201004,dynamic_blockage,medium,R2,true,false,false,false,1.0039999999999907,0.0,0,none,0.5019999999999953,none,test_01-test_01_r2-blockage-r10-R2,test_01-test_01_r2-31201004-dynamic_blockage-medium,held_out_map_test,true,success,false,false,false,157.915,12.8831,1.0039999999999907,-0.02179999999999893,1,114.473,,false,0.5019999999999953,0.0,0.0,0.0,0.5019999999999953,0.0,0.0
e59cd2cc-aa42-4507-952f-afe09bc42889,test_01,test_01_r2,31201004,dynamic_blockage,medium,R3,true,false,false,false,0.0,0.0,0,none,0.0,none,test_01-test_01_r2-blockage-r10-R3,test_01-test_01_r2-31201004-dynamic_blockage-medium,held_out_map_test,true,success,false,false,false,146.112,12.8501,-10.799000000000007,-0.05480000000000018,0,,,false,0.0,0.0,0.0,0.0,0.0,0.0,0.0
f55eecef-aa28-4169-8126-7fa76959aa21,test_01,test_01_r2,31201005,planner_oscillation,medium,R0,true,false,false,false,0.0,0.0,0,none,0.0,none,test_01-test_01_r2-oscillation-r10-R0,test_01-test_01_r2-31201005-planner_oscillation-medium,held_out_map_test,true,success,false,false,false,175.495,15.8414,0.0,0.0,0,,,false,0.0,0.0,0.0,0.0,0.0,0.0,0.0
506be2f0-1d28-4bd7-bb8f-9e9bd1bdf005,test_01,test_01_r2,31201005,planner_oscillation,medium,R2,true,false,false,false,0.0,0.0,0,none,0.0,none,test_01-test_01_r2-oscillation-r10-R2,test_01-test_01_r2-31201005-planner_oscillation-medium,held_out_map_test,true,success,false,false,false,162.111,15.7553,-13.384000000000015,-0.08610000000000007,1,149.528,,false,0.0,0.0,0.0,0.0,0.0,0.0,0.0
c799a398-6416-4469-bc84-22c2c79849a7,test_01,test_01_r2,31201005,planner_oscillation,medium,R3,true,false,false,false,10.156999999999982,0.0,0,none,5.078499999999991,none,test_01-test_01_r2-oscillation-r10-R3,test_01-test_01_r2-31201005-planner_oscillation-medium,held_out_map_test,true,success,false,false,false,185.652,15.8084,10.156999999999982,-0.032999999999999474,0,,,false,5.078499999999991,0.0,0.0,0.0,5.078499999999991,0.0,0.0
016cf88b-eafe-4d2a-bfcd-680cd40112a4,test_01,test_01_r2,31201006,semantic_corruption,medium,R0,true,false,false,false,0.0,0.0,0,none,0.0,none,test_01-test_01_r2-semantic-r10-R0,test_01-test_01_r2-31201006-semantic_corruption-medium,held_out_map_test,true,success,false,false,false,100.016,12.1316,0.0,0.0,0,,,false,0.0,0.0,0.0,0.0,0.0,0.0,0.0
91b85d87-3423-4654-b918-fadcb0ea1758,test_01,test_01_r2,31201006,semantic_corruption,medium,R2,true,false,false,false,0.7609999999999957,0.0,0,none,0.38049999999999784,none,test_01-test_01_r2-semantic-r10-R2,test_01-test_01_r2-31201006-semantic_corruption-medium,held_out_map_test,true,success,false,false,false,100.777,12.1074,0.7609999999999957,-0.024200000000000443,0,,,false,0.38049999999999784,0.0,0.0,0.0,0.38049999999999784,0.0,0.0
3b18eed2-2c25-4586-b03d-16cc7b12095e,test_01,test_01_r2,31201006,semantic_corruption,medium,R3,true,false,false,false,0.6539999999999964,0.012199999999999989,0,none,0.33919999999999817,none,test_01-test_01_r2-semantic-r10-R3,test_01-test_01_r2-31201006-semantic_corruption-medium,held_out_map_test,true,success,false,false,false,100.67,12.1438,0.6539999999999964,0.012199999999999989,0,,,false,0.33919999999999817,0.0,0.0,0.0,0.3269999999999982,0.012199999999999989,0.0
061b1a67-18d6-427c-8cc1-b6df32df95ca,test_01,test_01_r2,31201100,camera_occlusion,medium,R0,true,false,false,false,0.0,0.0,0,none,0.0,none,test_01-test_01_r2-camera-r11-R0,test_01-test_01_r2-31201100-camera_occlusion-medium,held_out_map_test,true,success,false,false,false,94.081,11.8374,0.0,0.0,0,,,false,0.0,0.0,0.0,0.0,0.0,0.0,0.0
aa061025-aca4-430d-93e4-262a2c07a245,test_01,test_01_r2,31201100,camera_occlusion,medium,R2,true,false,false,false,3.3999999999999915,0.05579999999999963,0,none,1.7557999999999954,none,test_01-test_01_r2-camera-r11-R2,test_01-test_01_r2-31201100-camera_occlusion-medium,held_out_map_test,true,success,false,false,false,97.481,11.8932,3.3999999999999915,0.05579999999999963,0,,,false,1.7557999999999954,0.0,0.0,0.0,1.6999999999999957,0.05579999999999963,0.0
8bdd5058-5453-4d3b-b56d-195c66ace505,test_01,test_01_r2,31201100,camera_occlusion,medium,R3,true,false,false,false,3.468999999999994,0.08859999999999957,0,none,1.8230999999999966,none,test_01-test_01_r2-camera-r11-R3,test_01-test_01_r2-31201100-camera_occlusion-medium,held_out_map_test,true,success,false,false,false,97.55,11.926,3.468999999999994,0.08859999999999957,0,,,false,1.8230999999999966,0.0,0.0,0.0,1.734499999999997,0.08859999999999957,0.0
95b3f321-0bff-4b79-854e-30c779e9a721,test_01,test_01_r2,31201101,lidar_dropout,medium,R0,true,false,false,false,0.0,0.0,0,none,0.0,none,test_01-test_01_r2-lidar-r11-R0,test_01-test_01_r2-31201101-lidar_dropout-medium,held_out_map_test,true,success,false,false,false,113.712,12.0697,0.0,0.0,0,,,false,0.0,0.0,0.0,0.0,0.0,0.0,0.0
ff344270-df1d-4b03-81ed-23d53cea5670,test_01,test_01_r2,31201101,lidar_dropout,medium,R2,true,false,false,false,0.9189999999999969,0.010600000000000165,0,none,0.47009999999999863,none,test_01-test_01_r2-lidar-r11-R2,test_01-test_01_r2-31201101-lidar_dropout-medium,held_out_map_test,true,success,false,false,false,114.631,12.0803,0.9189999999999969,0.010600000000000165,1,94.196,,false,0.47009999999999863,0.0,0.0,0.0,0.45949999999999847,0.010600000000000165,0.0
b971af44-8498-428c-a44f-1a9b44963cdb,test_01,test_01_r2,31201101,lidar_dropout,medium,R3,true,false,false,false,0.0,0.0,0,none,0.0,none,test_01-test_01_r2-lidar-r11-R3,test_01-test_01_r2-31201101-lidar_dropout-medium,held_out_map_test,true,success,false,false,false,111.05,12.0449,-2.662000000000006,-0.024799999999999045,0,,,false,0.0,0.0,0.0,0.0,0.0,0.0,0.0
1b971e73-df70-4348-a5d3-90ea46d6077e,test_01,test_01_r2,31201102,wheel_slip,medium,R0,true,false,false,false,0.0,0.0,0,none,0.0,none,test_01-test_01_r2-wheel-r11-R0,test_01-test_01_r2-31201102-wheel_slip-medium,held_out_map_test,true,success,false,false,false,110.402,12.1658,0.0,0.0,0,,,false,0.0,0.0,0.0,0.0,0.0,0.0,0.0
d563c5fe-4aba-4c97-ad52-87390fa102bc,test_01,test_01_r2,31201102,wheel_slip,medium,R2,true,false,false,false,0.0,0.0,0,none,0.0,none,test_01-test_01_r2-wheel-r11-R2,test_01-test_01_r2-31201102-wheel_slip-medium,held_out_map_test,true,success,false,false,false,107.469,12.0842,-2.933000000000007,-0.08160000000000167,0,,,false,0.0,0.0,0.0,0.0,0.0,0.0,0.0
04403b7c-e3c4-4b61-9fd0-25be29085b17,test_01,test_01_r2,31201102,wheel_slip,medium,R3,true,false,false,false,0.0,0.0,0,none,0.0,none,test_01-test_01_r2-wheel-r11-R3,test_01-test_01_r2-31201102-wheel_slip-medium,held_out_map_test,true,success,false,false,false,102.975,12.0486,-7.427000000000007,-0.11720000000000041,0,,,false,0.0,0.0,0.0,0.0,0.0,0.0,0.0
d5a4008e-0b2d-4b36-9dae-ebe74f217b4b,test_01,test_01_r2,31201103,localisation_perturbation,medium,R0,true,false,false,false,0.0,0.0,0,none,0.0,none,test_01-test_01_r2-localisation-r11-R0,test_01-test_01_r2-31201103-localisation_perturbation-medium,held_out_map_test,true,success,false,false,false,110.59,12.7049,0.0,0.0,0,,,false,0.0,0.0,0.0,0.0,0.0,0.0,0.0
aece8b8b-c3d4-4fad-b80f-a0141490ea47,test_01,test_01_r2,31201103,localisation_perturbation,medium,R2,true,false,false,false,1.1439999999999912,0.22059999999999924,0,none,0.7925999999999949,none,test_01-test_01_r2-localisation-r11-R2,test_01-test_01_r2-31201103-localisation_perturbation-medium,held_out_map_test,true,success,false,false,false,111.734,12.9255,1.1439999999999912,0.22059999999999924,0,,,false,0.7925999999999949,0.0,0.0,0.0,0.5719999999999956,0.22059999999999924,0.0
74a34473-7b7f-4ad8-81c4-3ba3f1f3e11c,test_01,test_01_r2,31201103,localisation_perturbation,medium,R3,true,false,false,false,0.0,0.0,0,none,0.0,none,test_01-test_01_r2-localisation-r11-R3,test_01-test_01_r2-31201103-localisation_perturbation-medium,held_out_map_test,true,success,false,false,false,108.634,12.4331,-1.956000000000003,-0.2718000000000007,1,100.113,,false,0.0,0.0,0.0,0.0,0.0,0.0,0.0
aba14519-f946-42ed-a7cf-c7c2c315f024,test_01,test_01_r2,31201104,dynamic_blockage,medium,R0,true,false,false,false,0.0,0.0,0,none,0.0,none,test_01-test_01_r2-blockage-r11-R0-infra-replacement-001,test_01-test_01_r2-31201104-dynamic_blockage-medium,held_out_map_test,true,success,false,false,false,115.927,12.8233,0.0,0.0,0,,,false,0.0,0.0,0.0,0.0,0.0,0.0,0.0
ed587316-5c01-445a-a533-ac46c21457b4,test_01,test_01_r2,31201104,dynamic_blockage,medium,R2,true,false,false,false,4.209999999999994,0.0,0,none,2.104999999999997,none,test_01-test_01_r2-blockage-r11-R2-infra-replacement-001,test_01-test_01_r2-31201104-dynamic_blockage-medium,held_out_map_test,true,success,false,false,false,120.137,12.7578,4.209999999999994,-0.06550000000000011,1,120.511,,false,2.104999999999997,0.0,0.0,0.0,2.104999999999997,0.0,0.0
421841bb-f0c3-4ff5-80a8-e5b4f0c20b34,test_01,test_01_r2,31201104,dynamic_blockage,medium,R3,true,false,false,false,2.1019999999999897,0.19950000000000045,0,none,1.2504999999999953,none,test_01-test_01_r2-blockage-r11-R3-infra-replacement-001,test_01-test_01_r2-31201104-dynamic_blockage-medium,held_out_map_test,true,success,false,false,false,118.029,13.0228,2.1019999999999897,0.19950000000000045,0,,,false,1.2504999999999953,0.0,0.0,0.0,1.0509999999999948,0.19950000000000045,0.0
4759e2ec-439d-4396-8b9b-3f0da3f4410b,test_01,test_01_r2,31201105,planner_oscillation,medium,R0,true,false,false,false,0.0,0.0,0,none,0.0,none,test_01-test_01_r2-oscillation-r11-R0,test_01-test_01_r2-31201105-planner_oscillation-medium,held_out_map_test,true,success,false,false,false,164.122,15.8101,0.0,0.0,0,,,false,0.0,0.0,0.0,0.0,0.0,0.0,0.0
f589bd6b-91f3-4e12-9b88-a66ed3d26a3d,test_01,test_01_r2,31201105,planner_oscillation,medium,R2,true,false,false,false,0.0,0.0,0,none,0.0,none,test_01-test_01_r2-oscillation-r11-R2,test_01-test_01_r2-31201105-planner_oscillation-medium,held_out_map_test,true,success,false,false,false,161.544,15.7106,-2.578000000000003,-0.09950000000000081,1,126.936,,false,0.0,0.0,0.0,0.0,0.0,0.0,0.0
4d3412fb-8fb6-4ad9-85d7-b4789d3fca71,test_01,test_01_r2,31201105,planner_oscillation,medium,R3,true,false,false,false,0.6269999999999811,0.0,0,none,0.31349999999999056,none,test_01-test_01_r2-oscillation-r11-R3,test_01-test_01_r2-31201105-planner_oscillation-medium,held_out_map_test,true,success,false,false,false,164.749,15.7854,0.6269999999999811,-0.024700000000001054,1,154.184,,false,0.31349999999999056,0.0,0.0,0.0,0.31349999999999056,0.0,0.0
bea7ee34-6b54-4537-9ded-10f8454d0974,test_01,test_01_r2,31201106,semantic_corruption,medium,R0,true,false,false,false,0.0,0.0,0,none,0.0,none,test_01-test_01_r2-semantic-r11-R0,test_01-test_01_r2-31201106-semantic_corruption-medium,held_out_map_test,true,success,false,false,false,100.653,12.1088,0.0,0.0,0,,,false,0.0,0.0,0.0,0.0,0.0,0.0,0.0
35450a57-612f-4d77-a53c-73de38149a54,test_01,test_01_r2,31201106,semantic_corruption,medium,R2,true,false,false,false,0.0,0.0,0,none,0.0,none,test_01-test_01_r2-semantic-r11-R2,test_01-test_01_r2-31201106-semantic_corruption-medium,held_out_map_test,true,success,false,false,false,98.762,12.061,-1.8910000000000053,-0.04780000000000051,0,,,false,0.0,0.0,0.0,0.0,0.0,0.0,0.0
9b73c426-40ba-45a8-9723-9f893f03fdbf,test_01,test_01_r2,31201106,semantic_corruption,medium,R3,true,false,false,false,0.0,0.0,0,none,0.0,none,test_01-test_01_r2-semantic-r11-R3,test_01-test_01_r2-31201106-semantic_corruption-medium,held_out_map_test,true,success,false,false,false,99.698,12.0595,-0.9550000000000125,-0.049300000000000566,0,,,false,0.0,0.0,0.0,0.0,0.0,0.0,0.0
97ab9d74-449d-4bb9-bcca-b6a716f392b3,test_01,test_01_r2,31201200,camera_occlusion,medium,R0,true,false,false,false,0.0,0.0,0,none,0.0,none,test_01-test_01_r2-camera-r12-R0,test_01-test_01_r2-31201200-camera_occlusion-medium,held_out_map_test,true,success,false,false,false,96.05,11.8715,0.0,0.0,0,,,false,0.0,0.0,0.0,0.0,0.0,0.0,0.0
a99dfc54-da7a-47e2-9a12-4a9b3c393bcc,test_01,test_01_r2,31201200,camera_occlusion,medium,R2,true,false,false,false,0.5160000000000053,0.024399999999999977,0,none,0.28240000000000265,none,test_01-test_01_r2-camera-r12-R2,test_01-test_01_r2-31201200-camera_occlusion-medium,held_out_map_test,true,success,false,false,false,96.566,11.8959,0.5160000000000053,0.024399999999999977,0,,,false,0.28240000000000265,0.0,0.0,0.0,0.25800000000000267,0.024399999999999977,0.0
b87ed590-ed32-4e6d-a558-12fac64882c7,test_01,test_01_r2,31201200,camera_occlusion,medium,R3,true,false,false,false,2.3900000000000006,0.04630000000000045,0,none,1.2413000000000007,none,test_01-test_01_r2-camera-r12-R3,test_01-test_01_r2-31201200-camera_occlusion-medium,held_out_map_test,true,success,false,false,false,98.44,11.9178,2.3900000000000006,0.04630000000000045,0,,,false,1.2413000000000007,0.0,0.0,0.0,1.1950000000000003,0.04630000000000045,0.0
2fe86cba-ddca-405b-a44f-6f57a725260d,test_01,test_01_r2,31201201,lidar_dropout,medium,R0,true,false,false,false,0.0,0.0,0,none,0.0,none,test_01-test_01_r2-lidar-r12-R0,test_01-test_01_r2-31201201-lidar_dropout-medium,held_out_map_test,true,success,false,false,false,119.042,12.1673,0.0,0.0,0,,,false,0.0,0.0,0.0,0.0,0.0,0.0,0.0
1b433658-c5df-4b07-8123-bbda1c3ce31c,test_01,test_01_r2,31201201,lidar_dropout,medium,R2,true,false,false,false,0.0,0.0,0,none,0.0,none,test_01-test_01_r2-lidar-r12-R2,test_01-test_01_r2-31201201-lidar_dropout-medium,held_out_map_test,true,success,false,false,false,110.623,12.0731,-8.418999999999997,-0.09419999999999895,1,109.206,,false,0.0,0.0,0.0,0.0,0.0,0.0,0.0
8d9a91ed-7133-4a88-b7b3-14d00386011c,test_01,test_01_r2,31201201,lidar_dropout,medium,R3,true,false,false,false,0.0,0.021900000000000475,0,none,0.021900000000000475,none,test_01-test_01_r2-lidar-r12-R3,test_01-test_01_r2-31201201-lidar_dropout-medium,held_out_map_test,true,success,false,false,false,113.72,12.1892,-5.322000000000003,0.021900000000000475,0,,,false,0.021900000000000475,0.0,0.0,0.0,0.0,0.021900000000000475,0.0
07ecf80d-419f-4618-b401-edc5569dd253,test_01,test_01_r2,31201202,wheel_slip,medium,R0,true,false,false,false,0.0,0.0,0,none,0.0,none,test_01-test_01_r2-wheel-r12-R0,test_01-test_01_r2-31201202-wheel_slip-medium,held_out_map_test,true,success,false,false,false,109.245,12.0892,0.0,0.0,0,,,false,0.0,0.0,0.0,0.0,0.0,0.0,0.0
4af1bddf-4560-4f99-baaa-9385fb4e955f,test_01,test_01_r2,31201202,wheel_slip,medium,R2,true,false,false,false,0.0,0.0,0,none,0.0,none,test_01-test_01_r2-wheel-r12-R2,test_01-test_01_r2-31201202-wheel_slip-medium,held_out_map_test,true,success,false,false,false,107.77,12.0813,-1.4750000000000085,-0.007899999999999352,1,94.482,,false,0.0,0.0,0.0,0.0,0.0,0.0,0.0
3a803dec-12b8-4b9c-86cd-32ea29c06ed9,test_01,test_01_r2,31201202,wheel_slip,medium,R3,true,false,false,false,0.0,0.05630000000000024,0,none,0.05630000000000024,none,test_01-test_01_r2-wheel-r12-R3,test_01-test_01_r2-31201202-wheel_slip-medium,held_out_map_test,true,success,false,false,false,104.292,12.1455,-4.953000000000003,0.05630000000000024,1,111.121,,false,0.05630000000000024,0.0,0.0,0.0,0.0,0.05630000000000024,0.0
c1d4e9bc-c547-46c4-896d-7574b35e1b57,test_01,test_01_r2,31201203,localisation_perturbation,medium,R0,true,false,false,false,0.0,0.0,0,none,0.0,none,test_01-test_01_r2-localisation-r12-R0,test_01-test_01_r2-31201203-localisation_perturbation-medium,held_out_map_test,true,success,false,false,false,110.268,12.7834,0.0,0.0,0,,,false,0.0,0.0,0.0,0.0,0.0,0.0,0.0
a33a9010-bb6a-416c-9004-58be167f601b,test_01,test_01_r2,31201203,localisation_perturbation,medium,R2,true,false,false,false,62.742999999999995,0.49520000000000053,0,none,15.4952,none,test_01-test_01_r2-localisation-r12-R2,test_01-test_01_r2-31201203-localisation_perturbation-medium,held_out_map_test,true,success,false,false,false,173.011,13.2786,62.742999999999995,0.49520000000000053,0,,,false,15.4952,0.0,0.0,0.0,15.0,0.49520000000000053,0.0
88f76bfb-e4c7-4a62-bada-7c05832d7b7a,test_01,test_01_r2,31201203,localisation_perturbation,medium,R3,true,false,false,false,0.0,0.0,0,none,0.0,none,test_01-test_01_r2-localisation-r12-R3,test_01-test_01_r2-31201203-localisation_perturbation-medium,held_out_map_test,true,success,false,false,false,109.164,12.5414,-1.1039999999999992,-0.24200000000000088,0,,,false,0.0,0.0,0.0,0.0,0.0,0.0,0.0
9d545f1f-1579-4334-93c6-5269de2df8a2,test_01,test_01_r2,31201204,dynamic_blockage,medium,R0,true,false,false,false,0.0,0.0,0,none,0.0,none,test_01-test_01_r2-blockage-r12-R0,test_01-test_01_r2-31201204-dynamic_blockage-medium,held_out_map_test,true,success,false,false,false,129.408,12.8449,0.0,0.0,0,,,false,0.0,0.0,0.0,0.0,0.0,0.0,0.0
5160c9c1-52ba-4f38-9ad6-74a54be0fd77,test_01,test_01_r2,31201204,dynamic_blockage,medium,R2,true,false,false,false,6.543000000000006,0.404399999999999,0,none,3.675900000000002,none,test_01-test_01_r2-blockage-r12-R2,test_01-test_01_r2-31201204-dynamic_blockage-medium,held_out_map_test,true,success,false,false,false,135.951,13.2493,6.543000000000006,0.404399999999999,0,,,false,3.675900000000002,0.0,0.0,0.0,3.271500000000003,0.404399999999999,0.0
8f0f8440-3341-4709-a5df-7f7c1531b72c,test_01,test_01_r2,31201204,dynamic_blockage,medium,R3,true,false,false,false,0.0,0.0,0,none,0.0,none,test_01-test_01_r2-blockage-r12-R3,test_01-test_01_r2-31201204-dynamic_blockage-medium,held_out_map_test,true,success,false,false,false,126.662,12.7643,-2.745999999999981,-0.08060000000000045,0,,,false,0.0,0.0,0.0,0.0,0.0,0.0,0.0
af7a4d5a-b4a0-45da-9e87-ee237837756f,test_01,test_01_r2,31201205,planner_oscillation,medium,R0,true,false,false,false,0.0,0.0,0,none,0.0,none,test_01-test_01_r2-oscillation-r12-R0,test_01-test_01_r2-31201205-planner_oscillation-medium,held_out_map_test,true,success,false,false,false,149.477,15.7028,0.0,0.0,0,,,false,0.0,0.0,0.0,0.0,0.0,0.0,0.0
8d0927e1-4173-4fcb-be55-4f8bab51f51a,test_01,test_01_r2,31201205,planner_oscillation,medium,R2,true,false,false,false,0.39500000000001023,0.0,0,none,0.19750000000000512,none,test_01-test_01_r2-oscillation-r12-R2,test_01-test_01_r2-31201205-planner_oscillation-medium,held_out_map_test,true,success,false,false,false,149.872,15.6956,0.39500000000001023,-0.007199999999999207,1,148.587,,false,0.19750000000000512,0.0,0.0,0.0,0.19750000000000512,0.0,0.0
c254785b-bbf5-4b4f-bcaa-bb5a96e32959,test_01,test_01_r2,31201205,planner_oscillation,medium,R3,true,false,false,false,2.179000000000002,0.053800000000000736,0,none,1.1433000000000018,none,test_01-test_01_r2-oscillation-r12-R3,test_01-test_01_r2-31201205-planner_oscillation-medium,held_out_map_test,true,success,false,false,false,151.656,15.7566,2.179000000000002,0.053800000000000736,0,,,false,1.1433000000000018,0.0,0.0,0.0,1.089500000000001,0.053800000000000736,0.0
01c78a0f-3e1a-4e84-be2a-b1b4f33a1a33,test_01,test_01_r2,31201206,semantic_corruption,medium,R0,true,false,false,false,0.0,0.0,0,none,0.0,none,test_01-test_01_r2-semantic-r12-R0,test_01-test_01_r2-31201206-semantic_corruption-medium,held_out_map_test,true,success,false,false,false,103.836,12.1556,0.0,0.0,0,,,false,0.0,0.0,0.0,0.0,0.0,0.0,0.0
2b403aaa-7113-4867-b807-65b9bc74b081,test_01,test_01_r2,31201206,semantic_corruption,medium,R2,true,false,false,false,0.0,0.0,0,none,0.0,none,test_01-test_01_r2-semantic-r12-R2,test_01-test_01_r2-31201206-semantic_corruption-medium,held_out_map_test,true,success,false,false,false,98.806,12.0326,-5.030000000000001,-0.12299999999999933,0,,,false,0.0,0.0,0.0,0.0,0.0,0.0,0.0
a22f1cca-a8e0-4120-a08a-5d4ba7811adf,test_01,test_01_r2,31201206,semantic_corruption,medium,R3,true,false,false,false,0.0,0.0,0,none,0.0,none,test_01-test_01_r2-semantic-r12-R3,test_01-test_01_r2-31201206-semantic_corruption-medium,held_out_map_test,true,success,false,false,false,99.564,12.0805,-4.272000000000006,-0.07509999999999906,0,,,false,0.0,0.0,0.0,0.0,0.0,0.0,0.0
e5fa0045-0a91-4b53-b3b9-ea3a49856650,test_01,test_01_r2,31201300,camera_occlusion,medium,R0,true,false,false,false,0.0,0.0,0,none,0.0,none,test_01-test_01_r2-camera-r13-R0,test_01-test_01_r2-31201300-camera_occlusion-medium,held_out_map_test,true,success,false,false,false,96.08,11.8796,0.0,0.0,0,,,false,0.0,0.0,0.0,0.0,0.0,0.0,0.0
9dfd5637-161e-49b9-8c9f-fc3f0974062b,test_01,test_01_r2,31201300,camera_occlusion,medium,R2,true,false,false,false,2.5529999999999973,0.015900000000000247,0,none,1.2923999999999989,none,test_01-test_01_r2-camera-r13-R2,test_01-test_01_r2-31201300-camera_occlusion-medium,held_out_map_test,true,success,false,false,false,98.633,11.8955,2.5529999999999973,0.015900000000000247,0,,,false,1.2923999999999989,0.0,0.0,0.0,1.2764999999999986,0.015900000000000247,0.0
0d40f215-9039-4362-ac49-221e1cc58116,test_01,test_01_r2,31201300,camera_occlusion,medium,R3,true,false,false,false,0.0,0.0,0,none,0.0,none,test_01-test_01_r2-camera-r13-R3,test_01-test_01_r2-31201300-camera_occlusion-medium,held_out_map_test,true,success,false,false,false,96.045,11.876,-0.03499999999999659,-0.0036000000000004917,0,,,false,0.0,0.0,0.0,0.0,0.0,0.0,0.0
59c733c1-5071-4108-99b9-ae23df19e399,test_01,test_01_r2,31201301,lidar_dropout,medium,R0,true,false,false,false,0.0,0.0,0,none,0.0,none,test_01-test_01_r2-lidar-r13-R0,test_01-test_01_r2-31201301-lidar_dropout-medium,held_out_map_test,true,success,false,false,false,109.412,12.095,0.0,0.0,0,,,false,0.0,0.0,0.0,0.0,0.0,0.0,0.0
e9a9b24b-2aa8-496f-8795-cf4af5ec6864,test_01,test_01_r2,31201301,lidar_dropout,medium,R2,true,false,false,false,1.3939999999999912,0.004399999999998627,0,none,0.7013999999999943,none,test_01-test_01_r2-lidar-r13-R2,test_01-test_01_r2-31201301-lidar_dropout-medium,held_out_map_test,true,success,false,false,false,110.806,12.0994,1.3939999999999912,0.004399999999998627,0,,,false,0.7013999999999943,0.0,0.0,0.0,0.6969999999999956,0.004399999999998627,0.0
ced7cb97-e389-46f4-90a9-ec7f6fa4d96e,test_01,test_01_r2,31201301,lidar_dropout,medium,R3,true,false,false,false,0.0,0.1257999999999999,0,none,0.1257999999999999,none,test_01-test_01_r2-lidar-r13-R3-infra-replacement-001,test_01-test_01_r2-31201301-lidar_dropout-medium,held_out_map_test,true,success,false,false,false,99.11,12.2208,-10.302000000000007,0.1257999999999999,0,,,false,0.1257999999999999,0.0,0.0,0.0,0.0,0.1257999999999999,0.0
a0342011-4328-4851-b788-ca633f5c1937,test_01,test_01_r2,31201302,wheel_slip,medium,R0,true,false,false,false,0.0,0.0,0,none,0.0,none,test_01-test_01_r2-wheel-r13-R0,test_01-test_01_r2-31201302-wheel_slip-medium,held_out_map_test,true,success,false,false,false,112.018,12.1025,0.0,0.0,0,,,false,0.0,0.0,0.0,0.0,0.0,0.0,0.0
70643390-8287-46df-805d-bd704b068a91,test_01,test_01_r2,31201302,wheel_slip,medium,R2,true,false,false,false,10.953999999999994,0.014000000000001123,0,none,5.490999999999998,none,test_01-test_01_r2-wheel-r13-R2,test_01-test_01_r2-31201302-wheel_slip-medium,held_out_map_test,true,success,false,false,false,122.972,12.1165,10.953999999999994,0.014000000000001123,2,103.813,,false,5.490999999999998,0.0,0.0,0.0,5.476999999999997,0.014000000000001123,0.0
e458fe45-5a07-4ff7-a42f-bd82b94aab2d,test_01,test_01_r2,31201302,wheel_slip,medium,R3,true,false,false,false,0.0,0.0,0,none,0.0,none,test_01-test_01_r2-wheel-r13-R3,test_01-test_01_r2-31201302-wheel_slip-medium,held_out_map_test,true,success,false,false,false,108.527,12.0712,-3.4909999999999997,-0.031299999999999883,0,,,false,0.0,0.0,0.0,0.0,0.0,0.0,0.0
a0e79e93-3263-41a1-ac71-7245531390dd,test_01,test_01_r2,31201303,localisation_perturbation,medium,R0,true,false,false,false,0.0,0.0,0,none,0.0,none,test_01-test_01_r2-localisation-r13-R0,test_01-test_01_r2-31201303-localisation_perturbation-medium,held_out_map_test,true,success,false,false,false,116.159,12.514,0.0,0.0,0,,,false,0.0,0.0,0.0,0.0,0.0,0.0,0.0
ec0f3841-e0ef-47a7-89e7-0a7762717060,test_01,test_01_r2,31201303,localisation_perturbation,medium,R2,true,false,false,false,1.2279999999999944,0.3498999999999999,0,none,0.9638999999999971,none,test_01-test_01_r2-localisation-r13-R2,test_01-test_01_r2-31201303-localisation_perturbation-medium,held_out_map_test,true,success,false,false,false,117.387,12.8639,1.2279999999999944,0.3498999999999999,0,,,false,0.9638999999999971,0.0,0.0,0.0,0.6139999999999972,0.3498999999999999,0.0
97bdcdb1-8430-40e8-8995-41048cd33b4b,test_01,test_01_r2,31201303,localisation_perturbation,medium,R3,true,false,false,false,0.0,0.0,0,none,0.0,none,test_01-test_01_r2-localisation-r13-R3,test_01-test_01_r2-31201303-localisation_perturbation-medium,held_out_map_test,true,success,false,false,false,111.253,12.4711,-4.906000000000006,-0.042899999999999494,1,114.197,,false,0.0,0.0,0.0,0.0,0.0,0.0,0.0
476c4504-5aa4-4595-be6d-bf86a6dcc6b4,test_01,test_01_r2,31201304,dynamic_blockage,medium,R0,true,false,false,false,0.0,0.0,0,none,0.0,none,test_01-test_01_r2-blockage-r13-R0,test_01-test_01_r2-31201304-dynamic_blockage-medium,held_out_map_test,true,success,false,false,false,144.305,13.036,0.0,0.0,0,,,false,0.0,0.0,0.0,0.0,0.0,0.0,0.0
af470b57-bce8-4c1f-ab4c-6f665379dd75,test_01,test_01_r2,31201304,dynamic_blockage,medium,R2,true,false,false,false,0.0,0.0,0,none,0.0,none,test_01-test_01_r2-blockage-r13-R2,test_01-test_01_r2-31201304-dynamic_blockage-medium,held_out_map_test,true,success,false,false,false,126.429,12.9512,-17.876000000000005,-0.08479999999999954,1,131.153,,false,0.0,0.0,0.0,0.0,0.0,0.0,0.0
2f26b131-b3ec-484f-b983-9c9c0873e3e9,test_01,test_01_r2,31201304,dynamic_blockage,medium,R3,true,false,false,false,0.0,0.0,0,none,0.0,none,test_01-test_01_r2-blockage-r13-R3,test_01-test_01_r2-31201304-dynamic_blockage-medium,held_out_map_test,true,success,false,false,false,122.236,12.9053,-22.069000000000003,-0.13069999999999915,0,,,false,0.0,0.0,0.0,0.0,0.0,0.0,0.0
595a390d-9f76-40bc-9c69-95f2eadbd193,test_01,test_01_r2,31201305,planner_oscillation,medium,R0,true,false,false,false,0.0,0.0,0,none,0.0,none,test_01-test_01_r2-oscillation-r13-R0,test_01-test_01_r2-31201305-planner_oscillation-medium,held_out_map_test,true,success,false,false,false,172.639,16.0175,0.0,0.0,0,,,false,0.0,0.0,0.0,0.0,0.0,0.0,0.0
18048e2b-f8c8-47bd-b686-cac42a98f1be,test_01,test_01_r2,31201305,planner_oscillation,medium,R2,true,false,false,false,2.776999999999987,0.0,0,none,1.3884999999999934,none,test_01-test_01_r2-oscillation-r13-R2,test_01-test_01_r2-31201305-planner_oscillation-medium,held_out_map_test,true,success,false,false,false,175.416,15.7869,2.776999999999987,-0.23059999999999903,1,162.112,,false,1.3884999999999934,0.0,0.0,0.0,1.3884999999999934,0.0,0.0
3c5db861-1cbb-49b8-af44-f1a152adbe88,test_01,test_01_r2,31201305,planner_oscillation,medium,R3,true,false,false,false,0.0,0.0,0,none,0.0,none,test_01-test_01_r2-oscillation-r13-R3,test_01-test_01_r2-31201305-planner_oscillation-medium,held_out_map_test,true,success,false,false,false,149.542,15.6888,-23.09700000000001,-0.32869999999999777,0,,,false,0.0,0.0,0.0,0.0,0.0,0.0,0.0
f91e8b5d-0438-4272-afd6-99960162723d,test_01,test_01_r2,31201306,semantic_corruption,medium,R0,true,false,false,false,0.0,0.0,0,none,0.0,none,test_01-test_01_r2-semantic-r13-R0,test_01-test_01_r2-31201306-semantic_corruption-medium,held_out_map_test,true,success,false,false,false,97.756,12.0464,0.0,0.0,0,,,false,0.0,0.0,0.0,0.0,0.0,0.0,0.0
a5a5a4de-7965-482b-bc8c-4c1d7579cedf,test_01,test_01_r2,31201306,semantic_corruption,medium,R2,true,false,false,false,4.287999999999997,0.073599999999999,0,none,2.2175999999999974,none,test_01-test_01_r2-semantic-r13-R2,test_01-test_01_r2-31201306-semantic_corruption-medium,held_out_map_test,true,success,false,false,false,102.044,12.12,4.287999999999997,0.073599999999999,0,,,false,2.2175999999999974,0.0,0.0,0.0,2.1439999999999984,0.073599999999999,0.0
96e52eaf-cbdb-4ce4-9934-7f5710bb0aa9,test_01,test_01_r2,31201306,semantic_corruption,medium,R3,true,false,false,false,2.6119999999999948,0.0,0,none,1.3059999999999974,none,test_01-test_01_r2-semantic-r13-R3,test_01-test_01_r2-31201306-semantic_corruption-medium,held_out_map_test,true,success,false,false,false,100.368,12.0453,2.6119999999999948,-0.001100000000000989,0,,,false,1.3059999999999974,0.0,0.0,0.0,1.3059999999999974,0.0,0.0
77ee8d6b-0461-488f-ae2f-edcbd9552c1a,test_01,test_01_r3_repl1,31301000,camera_occlusion,medium,R0,true,false,false,false,0.0,0.0,0,none,0.0,none,test_01-test_01_r3_repl1-camera-r10-R0,test_01-test_01_r3_repl1-31301000-camera_occlusion-medium,held_out_map_test,true,success,false,false,false,124.348,14.2758,0.0,0.0,0,,,false,0.0,0.0,0.0,0.0,0.0,0.0,0.0
22d42805-e328-4d92-b781-c40d3bcc0b64,test_01,test_01_r3_repl1,31301000,camera_occlusion,medium,R2,true,false,false,false,0.0,0.0,0,none,0.0,none,test_01-test_01_r3_repl1-camera-r10-R2,test_01-test_01_r3_repl1-31301000-camera_occlusion-medium,held_out_map_test,true,success,false,false,false,122.65,14.1566,-1.6979999999999933,-0.11920000000000108,0,,,false,0.0,0.0,0.0,0.0,0.0,0.0,0.0
264c3fc4-6859-471c-8364-a14e64190b4d,test_01,test_01_r3_repl1,31301000,camera_occlusion,medium,R3,true,false,false,false,0.0,0.0,0,none,0.0,none,test_01-test_01_r3_repl1-camera-r10-R3,test_01-test_01_r3_repl1-31301000-camera_occlusion-medium,held_out_map_test,true,success,false,false,false,115.448,13.8957,-8.900000000000006,-0.38010000000000055,0,,,false,0.0,0.0,0.0,0.0,0.0,0.0,0.0
08b846b3-b7f4-4e4f-bf5c-c76a595e8154,test_01,test_01_r3_repl1,31301001,lidar_dropout,medium,R0,true,false,false,false,0.0,0.0,0,none,0.0,none,test_01-test_01_r3_repl1-lidar-r10-R0,test_01-test_01_r3_repl1-31301001-lidar_dropout-medium,held_out_map_test,true,success,false,false,false,125.168,14.1929,0.0,0.0,0,,,false,0.0,0.0,0.0,0.0,0.0,0.0,0.0
88213385-910a-4112-9765-c8319a8166bd,test_01,test_01_r3_repl1,31301001,lidar_dropout,medium,R2,true,false,false,false,0.0,0.0,0,none,0.0,none,test_01-test_01_r3_repl1-lidar-r10-R2,test_01-test_01_r3_repl1-31301001-lidar_dropout-medium,held_out_map_test,true,success,false,false,false,118.193,14.0231,-6.9750000000000085,-0.1698000000000004,0,,,false,0.0,0.0,0.0,0.0,0.0,0.0,0.0
9bed6053-9d26-474f-9beb-e51163cc5363,test_01,test_01_r3_repl1,31301001,lidar_dropout,medium,R3,true,false,false,false,0.0,0.0,0,none,0.0,none,test_01-test_01_r3_repl1-lidar-r10-R3,test_01-test_01_r3_repl1-31301001-lidar_dropout-medium,held_out_map_test,true,success,false,false,false,118.998,13.9749,-6.170000000000002,-0.21799999999999997,0,,,false,0.0,0.0,0.0,0.0,0.0,0.0,0.0
141fe7ec-1f19-476b-ac33-ef028f6d4682,test_01,test_01_r3_repl1,31301002,wheel_slip,medium,R0,true,false,false,false,0.0,0.0,0,none,0.0,none,test_01-test_01_r3_repl1-wheel-r10-R0,test_01-test_01_r3_repl1-31301002-wheel_slip-medium,held_out_map_test,true,success,false,false,false,115.125,14.0801,0.0,0.0,0,,,false,0.0,0.0,0.0,0.0,0.0,0.0,0.0
0e90f78d-8095-47a1-996e-de6d47344e3e,test_01,test_01_r3_repl1,31301002,wheel_slip,medium,R2,true,false,false,false,2.013999999999996,0.0,0,none,1.006999999999998,none,test_01-test_01_r3_repl1-wheel-r10-R2,test_01-test_01_r3_repl1-31301002-wheel_slip-medium,held_out_map_test,true,success,false,false,false,117.139,14.0094,2.013999999999996,-0.07070000000000043,0,,,false,1.006999999999998,0.0,0.0,0.0,1.006999999999998,0.0,0.0
f9b4a9b2-fb86-41de-ba33-41cf1e82c90c,test_01,test_01_r3_repl1,31301002,wheel_slip,medium,R3,true,false,false,false,3.629000000000005,0.0,0,none,1.8145000000000024,none,test_01-test_01_r3_repl1-wheel-r10-R3,test_01-test_01_r3_repl1-31301002-wheel_slip-medium,held_out_map_test,true,success,false,false,false,118.754,13.9916,3.629000000000005,-0.0884999999999998,0,,,false,1.8145000000000024,0.0,0.0,0.0,1.8145000000000024,0.0,0.0
cd7e8c9e-c56c-4bc7-9d21-28d3e13d5d7c,test_01,test_01_r3_repl1,31301003,localisation_perturbation,medium,R0,true,false,false,false,0.0,0.0,0,none,0.0,none,test_01-test_01_r3_repl1-localisation-r10-R0,test_01-test_01_r3_repl1-31301003-localisation_perturbation-medium,held_out_map_test,true,success,false,false,false,135.033,14.1745,0.0,0.0,0,,,false,0.0,0.0,0.0,0.0,0.0,0.0,0.0
c33dc5ca-1e3a-41ea-a276-4e3b14437a1b,test_01,test_01_r3_repl1,31301003,localisation_perturbation,medium,R2,true,false,false,false,0.0,0.07569999999999943,0,none,0.07569999999999943,none,test_01-test_01_r3_repl1-localisation-r10-R2,test_01-test_01_r3_repl1-31301003-localisation_perturbation-medium,held_out_map_test,true,success,false,false,false,128.923,14.2502,-6.109999999999985,0.07569999999999943,0,,,false,0.07569999999999943,0.0,0.0,0.0,0.0,0.07569999999999943,0.0
da363d90-0a7c-4ab2-b4e2-346fe11755a4,test_01,test_01_r3_repl1,31301003,localisation_perturbation,medium,R3,true,false,false,false,0.0,0.015100000000000335,0,none,0.015100000000000335,none,test_01-test_01_r3_repl1-localisation-r10-R3,test_01-test_01_r3_repl1-31301003-localisation_perturbation-medium,held_out_map_test,true,success,false,false,false,127.363,14.1896,-7.6699999999999875,0.015100000000000335,0,,,false,0.015100000000000335,0.0,0.0,0.0,0.0,0.015100000000000335,0.0
74499fe4-2ee3-426d-9663-65fc8c63fe48,test_01,test_01_r3_repl1,31301004,dynamic_blockage,medium,R0,true,false,false,false,0.0,0.0,0,none,0.0,none,test_01-test_01_r3_repl1-blockage-r10-R0,test_01-test_01_r3_repl1-31301004-dynamic_blockage-medium,held_out_map_test,true,success,false,false,false,157.556,14.6017,0.0,0.0,0,,,false,0.0,0.0,0.0,0.0,0.0,0.0,0.0
0d21cafe-e5a3-408e-8115-4b0c54b7d873,test_01,test_01_r3_repl1,31301004,dynamic_blockage,medium,R2,true,false,false,false,18.19399999999999,0.02740000000000009,0,none,9.124399999999994,none,test_01-test_01_r3_repl1-blockage-r10-R2,test_01-test_01_r3_repl1-31301004-dynamic_blockage-medium,held_out_map_test,true,success,false,false,false,175.75,14.6291,18.19399999999999,0.02740000000000009,1,138.221,,false,9.124399999999994,0.0,0.0,0.0,9.096999999999994,0.02740000000000009,0.0
140f23eb-92f2-4a51-b1f5-c0d00f441a9a,test_01,test_01_r3_repl1,31301004,dynamic_blockage,medium,R3,true,false,false,false,36.29899999999998,0.2738000000000014,0,none,15.273800000000001,none,test_01-test_01_r3_repl1-blockage-r10-R3,test_01-test_01_r3_repl1-31301004-dynamic_blockage-medium,held_out_map_test,true,success,false,false,false,193.855,14.8755,36.29899999999998,0.2738000000000014,0,,,false,15.273800000000001,0.0,0.0,0.0,15.0,0.2738000000000014,0.0
96109bf1-70df-4f76-ac0f-c8b5104311ec,test_01,test_01_r3_repl1,31301005,planner_oscillation,medium,R0,true,false,false,false,0.0,0.0,0,none,0.0,none,test_01-test_01_r3_repl1-oscillation-r10-R0,test_01-test_01_r3_repl1-31301005-planner_oscillation-medium,held_out_map_test,true,success,false,false,false,167.84,15.1218,0.0,0.0,0,,,false,0.0,0.0,0.0,0.0,0.0,0.0,0.0
6120c8c4-8984-46c8-af60-3707c6ee9628,test_01,test_01_r3_repl1,31301005,planner_oscillation,medium,R2,true,false,false,false,0.0,0.0,0,none,0.0,none,test_01-test_01_r3_repl1-oscillation-r10-R2,test_01-test_01_r3_repl1-31301005-planner_oscillation-medium,held_out_map_test,true,success,false,false,false,163.541,14.9982,-4.299000000000007,-0.12359999999999971,0,,,false,0.0,0.0,0.0,0.0,0.0,0.0,0.0
439632de-9f08-4a53-a690-a65edbbf947a,test_01,test_01_r3_repl1,31301005,planner_oscillation,medium,R3,true,false,false,false,0.0,0.0,0,none,0.0,none,test_01-test_01_r3_repl1-oscillation-r10-R3,test_01-test_01_r3_repl1-31301005-planner_oscillation-medium,held_out_map_test,true,success,false,false,false,162.848,15.0454,-4.99199999999999,-0.07639999999999958,0,,,false,0.0,0.0,0.0,0.0,0.0,0.0,0.0
5f859534-908b-47f5-8a6a-1c968a94c770,test_01,test_01_r3_repl1,31301006,semantic_corruption,medium,R0,true,false,false,false,0.0,0.0,0,none,0.0,none,test_01-test_01_r3_repl1-semantic-r10-R0,test_01-test_01_r3_repl1-31301006-semantic_corruption-medium,held_out_map_test,true,success,false,false,false,125.097,14.1818,0.0,0.0,0,,,false,0.0,0.0,0.0,0.0,0.0,0.0,0.0
b648f147-11f1-4368-9919-96de84a5093e,test_01,test_01_r3_repl1,31301006,semantic_corruption,medium,R2,true,false,false,false,0.0,0.0,0,none,0.0,none,test_01-test_01_r3_repl1-semantic-r10-R2,test_01-test_01_r3_repl1-31301006-semantic_corruption-medium,held_out_map_test,true,success,false,false,false,108.687,13.9624,-16.409999999999997,-0.21940000000000026,0,,,false,0.0,0.0,0.0,0.0,0.0,0.0,0.0
d104f37c-fd32-4e17-a3cc-edaff8313c00,test_01,test_01_r3_repl1,31301006,semantic_corruption,medium,R3,true,false,false,false,0.0,0.0,0,none,0.0,none,test_01-test_01_r3_repl1-semantic-r10-R3,test_01-test_01_r3_repl1-31301006-semantic_corruption-medium,held_out_map_test,true,success,false,false,false,109.684,13.857,-15.412999999999997,-0.32480000000000153,0,,,false,0.0,0.0,0.0,0.0,0.0,0.0,0.0
d5d8fcb6-6e97-4700-8645-e089a63a961b,test_01,test_01_r3_repl1,31301100,camera_occlusion,medium,R0,true,false,false,false,0.0,0.0,0,none,0.0,none,test_01-test_01_r3_repl1-camera-r11-R0,test_01-test_01_r3_repl1-31301100-camera_occlusion-medium,held_out_map_test,true,success,false,false,false,119.128,14.0742,0.0,0.0,0,,,false,0.0,0.0,0.0,0.0,0.0,0.0,0.0
f801b12d-397b-4029-8fb6-97f325cfb425,test_01,test_01_r3_repl1,31301100,camera_occlusion,medium,R2,true,false,false,false,14.934000000000012,0.2893000000000008,0,none,7.756300000000007,none,test_01-test_01_r3_repl1-camera-r11-R2,test_01-test_01_r3_repl1-31301100-camera_occlusion-medium,held_out_map_test,true,success,false,false,false,134.062,14.3635,14.934000000000012,0.2893000000000008,0,,,false,7.756300000000007,0.0,0.0,0.0,7.467000000000006,0.2893000000000008,0.0
7d365fc6-46a0-4803-8b3d-22673e0c543d,test_01,test_01_r3_repl1,31301100,camera_occlusion,medium,R3,true,false,false,false,0.0,0.0,0,none,0.0,none,test_01-test_01_r3_repl1-camera-r11-R3,test_01-test_01_r3_repl1-31301100-camera_occlusion-medium,held_out_map_test,true,success,false,false,false,117.761,13.9807,-1.3670000000000044,-0.0934999999999988,0,,,false,0.0,0.0,0.0,0.0,0.0,0.0,0.0
f4b18ad8-45d1-49ab-b6d3-f98cab5b927f,test_01,test_01_r3_repl1,31301101,lidar_dropout,medium,R0,true,false,false,false,0.0,0.0,0,none,0.0,none,test_01-test_01_r3_repl1-lidar-r11-R0,test_01-test_01_r3_repl1-31301101-lidar_dropout-medium,held_out_map_test,true,success,false,false,false,140.432,14.3434,0.0,0.0,0,,,false,0.0,0.0,0.0,0.0,0.0,0.0,0.0
3147b780-196b-41c1-b0be-65e347e665a5,test_01,test_01_r3_repl1,31301101,lidar_dropout,medium,R2,true,false,false,false,0.0,0.0,0,none,0.0,none,test_01-test_01_r3_repl1-lidar-r11-R2,test_01-test_01_r3_repl1-31301101-lidar_dropout-medium,held_out_map_test,true,success,false,false,false,122.272,13.972,-18.159999999999982,-0.3714000000000013,0,,,false,0.0,0.0,0.0,0.0,0.0,0.0,0.0
b491ac74-e1a9-4e6c-8cba-9b39642422ee,test_01,test_01_r3_repl1,31301101,lidar_dropout,medium,R3,true,false,false,false,0.0,0.0,0,none,0.0,none,test_01-test_01_r3_repl1-lidar-r11-R3,test_01-test_01_r3_repl1-31301101-lidar_dropout-medium,held_out_map_test,true,success,false,false,false,124.786,13.9635,-15.645999999999987,-0.379900000000001,0,,,false,0.0,0.0,0.0,0.0,0.0,0.0,0.0
31d343a0-ca0c-47e4-ad95-6209f1786ae6,test_01,test_01_r3_repl1,31301102,wheel_slip,medium,R0,true,false,false,false,0.0,0.0,0,none,0.0,none,test_01-test_01_r3_repl1-wheel-r11-R0,test_01-test_01_r3_repl1-31301102-wheel_slip-medium,held_out_map_test,true,success,false,false,false,118.143,13.9355,0.0,0.0,0,,,false,0.0,0.0,0.0,0.0,0.0,0.0,0.0
2f730e5b-69bc-4577-ac23-8ff43f37dda1,test_01,test_01_r3_repl1,31301102,wheel_slip,medium,R2,true,false,false,false,0.0,0.0,0,none,0.0,none,test_01-test_01_r3_repl1-wheel-r11-R2,test_01-test_01_r3_repl1-31301102-wheel_slip-medium,held_out_map_test,true,success,false,false,false,118.08,13.8774,-0.06300000000000239,-0.058099999999999596,0,,,false,0.0,0.0,0.0,0.0,0.0,0.0,0.0
dcd4f2c6-0f16-47e9-b7b9-e8d07e4a8bcb,test_01,test_01_r3_repl1,31301102,wheel_slip,medium,R3,true,false,false,false,2.6119999999999948,0.04130000000000145,0,none,1.3472999999999988,none,test_01-test_01_r3_repl1-wheel-r11-R3,test_01-test_01_r3_repl1-31301102-wheel_slip-medium,held_out_map_test,true,success,false,false,false,120.755,13.9768,2.6119999999999948,0.04130000000000145,0,,,false,1.3472999999999988,0.0,0.0,0.0,1.3059999999999974,0.04130000000000145,0.0
e4e2cafe-c57a-4503-91e8-c8a9387e3ae2,test_01,test_01_r3_repl1,31301103,localisation_perturbation,medium,R0,true,false,false,false,0.0,0.0,0,none,0.0,none,test_01-test_01_r3_repl1-localisation-r11-R0,test_01-test_01_r3_repl1-31301103-localisation_perturbation-medium,held_out_map_test,true,success,false,false,false,123.726,14.2812,0.0,0.0,0,,,false,0.0,0.0,0.0,0.0,0.0,0.0,0.0
5b839bd2-1a01-43a3-9a8d-7c48865a91ed,test_01,test_01_r3_repl1,31301103,localisation_perturbation,medium,R2,true,false,false,false,0.0,0.0,0,none,0.0,none,test_01-test_01_r3_repl1-localisation-r11-R2,test_01-test_01_r3_repl1-31301103-localisation_perturbation-medium,held_out_map_test,true,success,false,false,false,119.111,14.0574,-4.614999999999995,-0.22380000000000067,0,,,false,0.0,0.0,0.0,0.0,0.0,0.0,0.0
d79f766a-9f87-4fe5-87d5-13c990c594e1,test_01,test_01_r3_repl1,31301103,localisation_perturbation,medium,R3,true,false,false,false,0.0,0.0,0,none,0.0,none,test_01-test_01_r3_repl1-localisation-r11-R3,test_01-test_01_r3_repl1-31301103-localisation_perturbation-medium,held_out_map_test,true,success,false,false,false,120.098,14.2685,-3.628,-0.0127000000000006,0,,,false,0.0,0.0,0.0,0.0,0.0,0.0,0.0
7f6ec25d-2833-45dc-b1cc-e5a214857243,test_01,test_01_r3_repl1,31301104,dynamic_blockage,medium,R0,true,false,false,false,0.0,0.0,0,none,0.0,none,test_01-test_01_r3_repl1-blockage-r11-R0,test_01-test_01_r3_repl1-31301104-dynamic_blockage-medium,held_out_map_test,true,success,false,false,false,151.652,14.7565,0.0,0.0,0,,,false,0.0,0.0,0.0,0.0,0.0,0.0,0.0
71db106d-efe0-4de9-b065-576692abd060,test_01,test_01_r3_repl1,31301104,dynamic_blockage,medium,R2,true,false,false,false,4.161000000000001,0.0,0,none,2.0805000000000007,none,test_01-test_01_r3_repl1-blockage-r11-R2,test_01-test_01_r3_repl1-31301104-dynamic_blockage-medium,held_out_map_test,true,success,false,false,false,155.813,14.6563,4.161000000000001,-0.10020000000000095,0,,,false,2.0805000000000007,0.0,0.0,0.0,2.0805000000000007,0.0,0.0
ed040e60-eea1-4934-a9b5-d2bd71980b50,test_01,test_01_r3_repl1,31301104,dynamic_blockage,medium,R3,true,false,false,false,0.0,0.0,0,none,0.0,none,test_01-test_01_r3_repl1-blockage-r11-R3,test_01-test_01_r3_repl1-31301104-dynamic_blockage-medium,held_out_map_test,true,success,false,false,false,148.799,14.5341,-2.85299999999998,-0.22240000000000038,0,,,false,0.0,0.0,0.0,0.0,0.0,0.0,0.0
45729aab-79fe-4b0d-aaa0-c84399f8f101,test_01,test_01_r3_repl1,31301105,planner_oscillation,medium,R0,true,false,false,false,0.0,0.0,0,none,0.0,none,test_01-test_01_r3_repl1-oscillation-r11-R0,test_01-test_01_r3_repl1-31301105-planner_oscillation-medium,held_out_map_test,true,success,false,false,false,154.752,15.0225,0.0,0.0,0,,,false,0.0,0.0,0.0,0.0,0.0,0.0,0.0
3e8f10da-09b0-4b92-9e6d-a7a37081f41d,test_01,test_01_r3_repl1,31301105,planner_oscillation,medium,R2,true,false,false,false,13.000999999999976,0.3138999999999985,0,none,6.814399999999987,none,test_01-test_01_r3_repl1-oscillation-r11-R2,test_01-test_01_r3_repl1-31301105-planner_oscillation-medium,held_out_map_test,true,success,false,false,false,167.753,15.3364,13.000999999999976,0.3138999999999985,0,,,false,6.814399999999987,0.0,0.0,0.0,6.500499999999988,0.3138999999999985,0.0
30e72629-4374-4c18-aca7-baacaad40fc9,test_01,test_01_r3_repl1,31301105,planner_oscillation,medium,R3,true,false,false,false,15.367999999999995,0.3266999999999989,0,none,8.010699999999996,none,test_01-test_01_r3_repl1-oscillation-r11-R3,test_01-test_01_r3_repl1-31301105-planner_oscillation-medium,held_out_map_test,true,success,false,false,false,170.12,15.3492,15.367999999999995,0.3266999999999989,0,,,false,8.010699999999996,0.0,0.0,0.0,7.6839999999999975,0.3266999999999989,0.0
9f7a54a2-a400-4aa5-985a-168758ebd70a,test_01,test_01_r3_repl1,31301106,semantic_corruption,medium,R0,true,false,false,false,0.0,0.0,0,none,0.0,none,test_01-test_01_r3_repl1-semantic-r11-R0,test_01-test_01_r3_repl1-31301106-semantic_corruption-medium,held_out_map_test,true,success,false,false,false,110.334,13.9174,0.0,0.0,0,,,false,0.0,0.0,0.0,0.0,0.0,0.0,0.0
46cfef2c-64fe-4b46-ae13-18136df2093a,test_01,test_01_r3_repl1,31301106,semantic_corruption,medium,R2,true,false,false,false,2.513999999999996,0.14480000000000004,0,none,1.401799999999998,none,test_01-test_01_r3_repl1-semantic-r11-R2,test_01-test_01_r3_repl1-31301106-semantic_corruption-medium,held_out_map_test,true,success,false,false,false,112.848,14.0622,2.513999999999996,0.14480000000000004,0,,,false,1.401799999999998,0.0,0.0,0.0,1.256999999999998,0.14480000000000004,0.0
2eb91995-f551-4bf0-85d3-1a02c09fcb4c,test_01,test_01_r3_repl1,31301106,semantic_corruption,medium,R3,true,false,false,false,4.813000000000002,0.0821999999999985,0,none,2.4886999999999997,none,test_01-test_01_r3_repl1-semantic-r11-R3,test_01-test_01_r3_repl1-31301106-semantic_corruption-medium,held_out_map_test,true,success,false,false,false,115.147,13.9996,4.813000000000002,0.0821999999999985,0,,,false,2.4886999999999997,0.0,0.0,0.0,2.406500000000001,0.0821999999999985,0.0
edc40e1c-a66c-4219-9d7f-ef7626ed2ba8,test_01,test_01_r3_repl1,31301200,camera_occlusion,medium,R0,true,false,false,false,0.0,0.0,0,none,0.0,none,test_01-test_01_r3_repl1-camera-r12-R0,test_01-test_01_r3_repl1-31301200-camera_occlusion-medium,held_out_map_test,true,success,false,false,false,115.959,13.9302,0.0,0.0,0,,,false,0.0,0.0,0.0,0.0,0.0,0.0,0.0
da451fab-c58a-48e6-950d-b9a4f0324f6f,test_01,test_01_r3_repl1,31301200,camera_occlusion,medium,R2,true,false,false,false,0.16400000000000148,0.21500000000000163,0,none,0.2970000000000024,none,test_01-test_01_r3_repl1-camera-r12-R2,test_01-test_01_r3_repl1-31301200-camera_occlusion-medium,held_out_map_test,true,success,false,false,false,116.123,14.1452,0.16400000000000148,0.21500000000000163,0,,,false,0.2970000000000024,0.0,0.0,0.0,0.08200000000000074,0.21500000000000163,0.0
de45ee2d-99f2-48b8-a3b6-e50edd43a92f,test_01,test_01_r3_repl1,31301200,camera_occlusion,medium,R3,true,false,false,false,3.5849999999999937,0.08360000000000056,0,none,1.8760999999999974,none,test_01-test_01_r3_repl1-camera-r12-R3,test_01-test_01_r3_repl1-31301200-camera_occlusion-medium,held_out_map_test,true,success,false,false,false,119.544,14.0138,3.5849999999999937,0.08360000000000056,0,,,false,1.8760999999999974,0.0,0.0,0.0,1.7924999999999969,0.08360000000000056,0.0
bc4e359f-9be4-49f8-89a0-415064cdd0bc,test_01,test_01_r3_repl1,31301201,lidar_dropout,medium,R0,true,false,false,false,0.0,0.0,0,none,0.0,none,test_01-test_01_r3_repl1-lidar-r12-R0,test_01-test_01_r3_repl1-31301201-lidar_dropout-medium,held_out_map_test,true,success,false,false,false,117.092,14.0178,0.0,0.0,0,,,false,0.0,0.0,0.0,0.0,0.0,0.0,0.0
db94691b-1941-4572-b7ca-828c0ccd4fbe,test_01,test_01_r3_repl1,31301201,lidar_dropout,medium,R2,true,false,false,false,0.0,0.0,0,none,0.0,none,test_01-test_01_r3_repl1-lidar-r12-R2,test_01-test_01_r3_repl1-31301201-lidar_dropout-medium,held_out_map_test,true,success,false,false,false,117.068,13.9613,-0.02400000000000091,-0.05649999999999977,0,,,false,0.0,0.0,0.0,0.0,0.0,0.0,0.0
9f916c81-92d2-498c-b670-5bc4ac04ca9e,test_01,test_01_r3_repl1,31301201,lidar_dropout,medium,R3,true,false,false,false,1.9669999999999987,0.0,0,none,0.9834999999999994,none,test_01-test_01_r3_repl1-lidar-r12-R3,test_01-test_01_r3_repl1-31301201-lidar_dropout-medium,held_out_map_test,true,success,false,false,false,119.059,13.9279,1.9669999999999987,-0.08990000000000009,0,,,false,0.9834999999999994,0.0,0.0,0.0,0.9834999999999994,0.0,0.0
ae7977d0-70d1-4833-b2d9-9cd66c1eea04,test_01,test_01_r3_repl1,31301202,wheel_slip,medium,R0,true,false,false,false,0.0,0.0,0,none,0.0,none,test_01-test_01_r3_repl1-wheel-r12-R0,test_01-test_01_r3_repl1-31301202-wheel_slip-medium,held_out_map_test,true,success,false,false,false,115.667,14.008,0.0,0.0,0,,,false,0.0,0.0,0.0,0.0,0.0,0.0,0.0
a699d0b0-cefc-4678-9ff1-0797d1c4a80f,test_01,test_01_r3_repl1,31301202,wheel_slip,medium,R2,true,false,false,false,4.111999999999995,0.04370000000000118,0,none,2.0996999999999986,none,test_01-test_01_r3_repl1-wheel-r12-R2,test_01-test_01_r3_repl1-31301202-wheel_slip-medium,held_out_map_test,true,success,false,false,false,119.779,14.0517,4.111999999999995,0.04370000000000118,0,,,false,2.0996999999999986,0.0,0.0,0.0,2.0559999999999974,0.04370000000000118,0.0
81549d90-300e-45b2-8c0c-38e75f85a69f,test_01,test_01_r3_repl1,31301202,wheel_slip,medium,R3,true,false,false,false,0.0,0.00820000000000043,0,none,0.00820000000000043,none,test_01-test_01_r3_repl1-wheel-r12-R3,test_01-test_01_r3_repl1-31301202-wheel_slip-medium,held_out_map_test,true,success,false,false,false,115.576,14.0162,-0.09100000000000819,0.00820000000000043,0,,,false,0.00820000000000043,0.0,0.0,0.0,0.0,0.00820000000000043,0.0
43a7b761-25f6-411a-8a3f-57e139beb404,test_01,test_01_r3_repl1,31301203,localisation_perturbation,medium,R0,true,false,false,false,0.0,0.0,0,none,0.0,none,test_01-test_01_r3_repl1-localisation-r12-R0,test_01-test_01_r3_repl1-31301203-localisation_perturbation-medium,held_out_map_test,true,success,false,false,false,124.507,14.2136,0.0,0.0,0,,,false,0.0,0.0,0.0,0.0,0.0,0.0,0.0
dd575ae5-a58a-4686-8712-c56f80fde479,test_01,test_01_r3_repl1,31301203,localisation_perturbation,medium,R2,true,false,false,false,0.0,0.0,0,none,0.0,none,test_01-test_01_r3_repl1-localisation-r12-R2,test_01-test_01_r3_repl1-31301203-localisation_perturbation-medium,held_out_map_test,true,success,false,false,false,123.063,14.1724,-1.4440000000000026,-0.0411999999999999,0,,,false,0.0,0.0,0.0,0.0,0.0,0.0,0.0
42379ec0-e5b4-4068-acaf-b515d724aa5a,test_01,test_01_r3_repl1,31301203,localisation_perturbation,medium,R3,true,false,false,false,0.0,0.0,0,none,0.0,none,test_01-test_01_r3_repl1-localisation-r12-R3,test_01-test_01_r3_repl1-31301203-localisation_perturbation-medium,held_out_map_test,true,success,false,false,false,124.468,14.208,-0.03900000000000148,-0.005599999999999383,0,,,false,0.0,0.0,0.0,0.0,0.0,0.0,0.0
6449fe5a-7509-4239-bcf9-2c444a0eef3f,test_01,test_01_r3_repl1,31301204,dynamic_blockage,medium,R0,true,false,false,false,0.0,0.0,0,none,0.0,none,test_01-test_01_r3_repl1-blockage-r12-R0,test_01-test_01_r3_repl1-31301204-dynamic_blockage-medium,held_out_map_test,true,success,false,false,false,139.662,14.4982,0.0,0.0,0,,,false,0.0,0.0,0.0,0.0,0.0,0.0,0.0
e5628464-02d9-450c-9a7e-28546832a517,test_01,test_01_r3_repl1,31301204,dynamic_blockage,medium,R2,true,false,false,false,1.7519999999999811,0.15439999999999898,0,none,1.0303999999999895,none,test_01-test_01_r3_repl1-blockage-r12-R2,test_01-test_01_r3_repl1-31301204-dynamic_blockage-medium,held_out_map_test,true,success,false,false,false,141.414,14.6526,1.7519999999999811,0.15439999999999898,0,,,false,1.0303999999999895,0.0,0.0,0.0,0.8759999999999906,0.15439999999999898,0.0
72571b06-6530-4c36-9f3a-78a92e19ed28,test_01,test_01_r3_repl1,31301204,dynamic_blockage,medium,R3,true,false,false,false,2.977000000000004,0.02519999999999989,0,none,1.5137000000000018,none,test_01-test_01_r3_repl1-blockage-r12-R3,test_01-test_01_r3_repl1-31301204-dynamic_blockage-medium,held_out_map_test,true,success,false,false,false,142.639,14.5234,2.977000000000004,0.02519999999999989,0,,,false,1.5137000000000018,0.0,0.0,0.0,1.488500000000002,0.02519999999999989,0.0
da5be107-47a3-40d4-851b-0e45a0ef3aa9,test_01,test_01_r3_repl1,31301205,planner_oscillation,medium,R0,true,false,false,false,0.0,0.0,0,none,0.0,none,test_01-test_01_r3_repl1-oscillation-r12-R0,test_01-test_01_r3_repl1-31301205-planner_oscillation-medium,held_out_map_test,true,success,false,false,false,159.372,15.0731,0.0,0.0,0,,,false,0.0,0.0,0.0,0.0,0.0,0.0,0.0
c0cc584a-a3df-435a-b9dd-2abd69c4c4fd,test_01,test_01_r3_repl1,31301205,planner_oscillation,medium,R2,true,false,false,false,0.5549999999999784,0.4003999999999994,0,none,0.6778999999999886,none,test_01-test_01_r3_repl1-oscillation-r12-R2,test_01-test_01_r3_repl1-31301205-planner_oscillation-medium,held_out_map_test,true,success,false,false,false,159.927,15.4735,0.5549999999999784,0.4003999999999994,0,,,false,0.6778999999999886,0.0,0.0,0.0,0.2774999999999892,0.4003999999999994,0.0
596014fd-0333-4c0b-9189-18d9bd8c7364,test_01,test_01_r3_repl1,31301205,planner_oscillation,medium,R3,true,false,false,false,0.0,0.0,0,none,0.0,none,test_01-test_01_r3_repl1-oscillation-r12-R3,test_01-test_01_r3_repl1-31301205-planner_oscillation-medium,held_out_map_test,true,success,false,false,false,151.34,15.054,-8.03200000000001,-0.019099999999999895,0,,,false,0.0,0.0,0.0,0.0,0.0,0.0,0.0
c8d7df37-2c76-4657-9d76-6efeacb04f56,test_01,test_01_r3_repl1,31301206,semantic_corruption,medium,R0,true,false,false,false,0.0,0.0,0,none,0.0,none,test_01-test_01_r3_repl1-semantic-r12-R0,test_01-test_01_r3_repl1-31301206-semantic_corruption-medium,held_out_map_test,true,success,false,false,false,108.757,13.9521,0.0,0.0,0,,,false,0.0,0.0,0.0,0.0,0.0,0.0,0.0
7d110038-15d7-4fbc-8988-17802d784903,test_01,test_01_r3_repl1,31301206,semantic_corruption,medium,R2,true,false,false,false,1.9089999999999918,0.0,0,none,0.9544999999999959,none,test_01-test_01_r3_repl1-semantic-r12-R2,test_01-test_01_r3_repl1-31301206-semantic_corruption-medium,held_out_map_test,true,success,false,false,false,110.666,13.9136,1.9089999999999918,-0.03849999999999909,0,,,false,0.9544999999999959,0.0,0.0,0.0,0.9544999999999959,0.0,0.0
7784786a-a10e-4021-8903-1a438356978d,test_01,test_01_r3_repl1,31301206,semantic_corruption,medium,R3,true,false,false,false,8.952999999999989,0.1791999999999998,0,none,4.655699999999994,none,test_01-test_01_r3_repl1-semantic-r12-R3,test_01-test_01_r3_repl1-31301206-semantic_corruption-medium,held_out_map_test,true,success,false,false,false,117.71,14.1313,8.952999999999989,0.1791999999999998,0,,,false,4.655699999999994,0.0,0.0,0.0,4.476499999999994,0.1791999999999998,0.0
6aa3dab9-708a-4947-80ba-e22841f04849,test_01,test_01_r3_repl1,31301300,camera_occlusion,medium,R0,true,false,false,false,0.0,0.0,0,none,0.0,none,test_01-test_01_r3_repl1-camera-r13-R0,test_01-test_01_r3_repl1-31301300-camera_occlusion-medium,held_out_map_test,true,success,false,false,false,115.838,13.9812,0.0,0.0,0,,,false,0.0,0.0,0.0,0.0,0.0,0.0,0.0
e9f967ec-d2ff-4bff-b7b1-5dfc11a4b9aa,test_01,test_01_r3_repl1,31301300,camera_occlusion,medium,R2,true,false,false,false,5.452000000000012,0.2917000000000005,0,none,3.0177000000000067,none,test_01-test_01_r3_repl1-camera-r13-R2,test_01-test_01_r3_repl1-31301300-camera_occlusion-medium,held_out_map_test,true,success,false,false,false,121.29,14.2729,5.452000000000012,0.2917000000000005,0,,,false,3.0177000000000067,0.0,0.0,0.0,2.726000000000006,0.2917000000000005,0.0
d6f29110-82f0-444d-93c9-a5d61ea40670,test_01,test_01_r3_repl1,31301300,camera_occlusion,medium,R3,true,false,false,false,2.187000000000012,0.10740000000000016,0,none,1.200900000000006,none,test_01-test_01_r3_repl1-camera-r13-R3,test_01-test_01_r3_repl1-31301300-camera_occlusion-medium,held_out_map_test,true,success,false,false,false,118.025,14.0886,2.187000000000012,0.10740000000000016,0,,,false,1.200900000000006,0.0,0.0,0.0,1.093500000000006,0.10740000000000016,0.0
d9301fc1-91d8-4f6d-81d4-16fcb4c6468e,test_01,test_01_r3_repl1,31301301,lidar_dropout,medium,R0,true,false,false,false,0.0,0.0,0,none,0.0,none,test_01-test_01_r3_repl1-lidar-r13-R0,test_01-test_01_r3_repl1-31301301-lidar_dropout-medium,held_out_map_test,true,success,false,false,false,116.311,13.9702,0.0,0.0,0,,,false,0.0,0.0,0.0,0.0,0.0,0.0,0.0
f7774837-93a9-4a3f-929b-489caa968667,test_01,test_01_r3_repl1,31301301,lidar_dropout,medium,R2,true,false,false,false,1.4499999999999886,0.0818999999999992,0,none,0.8068999999999935,none,test_01-test_01_r3_repl1-lidar-r13-R2,test_01-test_01_r3_repl1-31301301-lidar_dropout-medium,held_out_map_test,true,success,false,false,false,117.761,14.0521,1.4499999999999886,0.0818999999999992,0,,,false,0.8068999999999935,0.0,0.0,0.0,0.7249999999999943,0.0818999999999992,0.0
f3b321ca-4abb-4294-8eb1-93a1ebfea026,test_01,test_01_r3_repl1,31301301,lidar_dropout,medium,R3,true,false,false,false,1.3359999999999985,0.09999999999999964,0,none,0.7679999999999989,none,test_01-test_01_r3_repl1-lidar-r13-R3,test_01-test_01_r3_repl1-31301301-lidar_dropout-medium,held_out_map_test,true,success,false,false,false,117.647,14.0702,1.3359999999999985,0.09999999999999964,0,,,false,0.7679999999999989,0.0,0.0,0.0,0.6679999999999993,0.09999999999999964,0.0
0219c02d-ce65-4ce9-9875-cf43291793da,test_01,test_01_r3_repl1,31301302,wheel_slip,medium,R0,true,false,false,false,0.0,0.0,0,none,0.0,none,test_01-test_01_r3_repl1-wheel-r13-R0,test_01-test_01_r3_repl1-31301302-wheel_slip-medium,held_out_map_test,true,success,false,false,false,113.82,13.8997,0.0,0.0,0,,,false,0.0,0.0,0.0,0.0,0.0,0.0,0.0
ebf88d98-0528-4d76-8388-69626b346540,test_01,test_01_r3_repl1,31301302,wheel_slip,medium,R2,true,false,false,false,7.771000000000001,0.03990000000000116,0,none,3.9254000000000016,none,test_01-test_01_r3_repl1-wheel-r13-R2,test_01-test_01_r3_repl1-31301302-wheel_slip-medium,held_out_map_test,true,success,false,false,false,121.591,13.9396,7.771000000000001,0.03990000000000116,0,,,false,3.9254000000000016,0.0,0.0,0.0,3.8855000000000004,0.03990000000000116,0.0
10c42653-dbf7-45a9-ac7a-45e6bd2a2470,test_01,test_01_r3_repl1,31301302,wheel_slip,medium,R3,true,false,false,false,9.173000000000002,0.08580000000000076,0,none,4.672300000000002,none,test_01-test_01_r3_repl1-wheel-r13-R3,test_01-test_01_r3_repl1-31301302-wheel_slip-medium,held_out_map_test,true,success,false,false,false,122.993,13.9855,9.173000000000002,0.08580000000000076,0,,,false,4.672300000000002,0.0,0.0,0.0,4.586500000000001,0.08580000000000076,0.0
9606ab80-e0f3-4890-b081-cf0f3f6e6e98,test_01,test_01_r3_repl1,31301303,localisation_perturbation,medium,R0,true,false,false,false,0.0,0.0,0,none,0.0,none,test_01-test_01_r3_repl1-localisation-r13-R0,test_01-test_01_r3_repl1-31301303-localisation_perturbation-medium,held_out_map_test,true,success,false,false,false,122.986,14.0262,0.0,0.0,0,,,false,0.0,0.0,0.0,0.0,0.0,0.0,0.0
28c97ac6-a288-44dc-b05d-40e1739bde32,test_01,test_01_r3_repl1,31301303,localisation_perturbation,medium,R2,true,false,false,false,2.0180000000000007,0.1352000000000011,0,none,1.1442000000000014,none,test_01-test_01_r3_repl1-localisation-r13-R2,test_01-test_01_r3_repl1-31301303-localisation_perturbation-medium,held_out_map_test,true,success,false,false,false,125.004,14.1614,2.0180000000000007,0.1352000000000011,0,,,false,1.1442000000000014,0.0,0.0,0.0,1.0090000000000003,0.1352000000000011,0.0
f9e9e5cf-6eb6-47ec-8804-03fdccdf0b37,test_01,test_01_r3_repl1,31301303,localisation_perturbation,medium,R3,true,false,false,false,1.2169999999999987,0.03420000000000023,0,none,0.6426999999999996,none,test_01-test_01_r3_repl1-localisation-r13-R3,test_01-test_01_r3_repl1-31301303-localisation_perturbation-medium,held_out_map_test,true,success,false,false,false,124.203,14.0604,1.2169999999999987,0.03420000000000023,0,,,false,0.6426999999999996,0.0,0.0,0.0,0.6084999999999994,0.03420000000000023,0.0
50026b70-4ebe-4ab1-beb7-4c20a3a99cd1,test_01,test_01_r3_repl1,31301304,dynamic_blockage,medium,R0,true,false,false,false,0.0,0.0,0,none,0.0,none,test_01-test_01_r3_repl1-blockage-r13-R0,test_01-test_01_r3_repl1-31301304-dynamic_blockage-medium,held_out_map_test,true,success,false,false,false,131.507,14.4401,0.0,0.0,0,,,false,0.0,0.0,0.0,0.0,0.0,0.0,0.0
217df8e9-c7d1-4b84-b06d-892f560028b8,test_01,test_01_r3_repl1,31301304,dynamic_blockage,medium,R2,true,false,false,false,71.57,1.1278000000000006,0,none,16.1278,none,test_01-test_01_r3_repl1-blockage-r13-R2,test_01-test_01_r3_repl1-31301304-dynamic_blockage-medium,held_out_map_test,true,success,false,false,false,203.077,15.5679,71.57,1.1278000000000006,2,153.562,,false,16.1278,0.0,0.0,0.0,15.0,1.1278000000000006,0.0
94b8a4dc-88a1-4801-942e-dbd41b1102e0,test_01,test_01_r3_repl1,31301304,dynamic_blockage,medium,R3,true,false,false,false,13.841999999999985,0.08050000000000068,0,none,7.001499999999993,none,test_01-test_01_r3_repl1-blockage-r13-R3,test_01-test_01_r3_repl1-31301304-dynamic_blockage-medium,held_out_map_test,true,success,false,false,false,145.349,14.5206,13.841999999999985,0.08050000000000068,0,,,false,7.001499999999993,0.0,0.0,0.0,6.920999999999992,0.08050000000000068,0.0
3690850d-22e0-4a02-a643-03ed15b580e5,test_01,test_01_r3_repl1,31301305,planner_oscillation,medium,R0,true,false,false,false,0.0,0.0,0,none,0.0,none,test_01-test_01_r3_repl1-oscillation-r13-R0,test_01-test_01_r3_repl1-31301305-planner_oscillation-medium,held_out_map_test,true,success,false,false,false,163.031,15.1762,0.0,0.0,0,,,false,0.0,0.0,0.0,0.0,0.0,0.0,0.0
34b83831-91c9-4b5c-9d8f-cbc7a4abdfe4,test_01,test_01_r3_repl1,31301305,planner_oscillation,medium,R2,true,false,false,false,2.188999999999993,0.0,0,none,1.0944999999999965,none,test_01-test_01_r3_repl1-oscillation-r13-R2,test_01-test_01_r3_repl1-31301305-planner_oscillation-medium,held_out_map_test,true,success,false,false,false,165.22,15.062,2.188999999999993,-0.1142000000000003,0,,,false,1.0944999999999965,0.0,0.0,0.0,1.0944999999999965,0.0,0.0
852e0abd-6b3e-484c-b601-58b609010e75,test_01,test_01_r3_repl1,31301305,planner_oscillation,medium,R3,true,false,false,false,0.14799999999999613,0.1294000000000004,0,none,0.20339999999999847,none,test_01-test_01_r3_repl1-oscillation-r13-R3,test_01-test_01_r3_repl1-31301305-planner_oscillation-medium,held_out_map_test,true,success,false,false,false,163.179,15.3056,0.14799999999999613,0.1294000000000004,0,,,false,0.20339999999999847,0.0,0.0,0.0,0.07399999999999807,0.1294000000000004,0.0
10891c8c-d831-42d3-a6f3-ceb0235ec011,test_01,test_01_r3_repl1,31301306,semantic_corruption,medium,R0,true,false,false,false,0.0,0.0,0,none,0.0,none,test_01-test_01_r3_repl1-semantic-r13-R0,test_01-test_01_r3_repl1-31301306-semantic_corruption-medium,held_out_map_test,true,success,false,false,false,113.078,14.052,0.0,0.0,0,,,false,0.0,0.0,0.0,0.0,0.0,0.0,0.0
64f9ad1f-b69d-4291-bd06-3896eb6720e3,test_01,test_01_r3_repl1,31301306,semantic_corruption,medium,R2,true,false,false,false,0.0,0.00590000000000046,0,none,0.00590000000000046,none,test_01-test_01_r3_repl1-semantic-r13-R2,test_01-test_01_r3_repl1-31301306-semantic_corruption-medium,held_out_map_test,true,success,false,false,false,112.908,14.0579,-0.1700000000000017,0.00590000000000046,0,,,false,0.00590000000000046,0.0,0.0,0.0,0.0,0.00590000000000046,0.0
3ff49ad1-a376-4825-bea8-fb67be8e0158,test_01,test_01_r3_repl1,31301306,semantic_corruption,medium,R3,true,false,false,false,0.0,0.0,0,none,0.0,none,test_01-test_01_r3_repl1-semantic-r13-R3,test_01-test_01_r3_repl1-31301306-semantic_corruption-medium,held_out_map_test,true,success,false,false,false,111.674,13.9894,-1.4039999999999964,-0.06259999999999977,0,,,false,0.0,0.0,0.0,0.0,0.0,0.0,0.0
9bb2a59f-9ac6-4c4a-aca9-edf946cfff3e,test_01,test_01_r4,31401000,camera_occlusion,medium,R0,true,false,false,false,0.0,0.0,0,none,0.0,none,test_01-test_01_r4-camera-r10-R0,test_01-test_01_r4-31401000-camera_occlusion-medium,held_out_map_test,true,success,false,false,false,144.054,18.618,0.0,0.0,0,,,false,0.0,0.0,0.0,0.0,0.0,0.0,0.0
a25fc48c-74b9-4f2c-8311-c414242544fe,test_01,test_01_r4,31401000,camera_occlusion,medium,R2,true,false,false,false,0.0,0.0,0,none,0.0,none,test_01-test_01_r4-camera-r10-R2,test_01-test_01_r4-31401000-camera_occlusion-medium,held_out_map_test,true,success,false,false,false,141.916,18.52,-2.1380000000000052,-0.09799999999999898,0,,,false,0.0,0.0,0.0,0.0,0.0,0.0,0.0
f74ef90a-90cf-4d4d-a752-6922d39e2b41,test_01,test_01_r4,31401000,camera_occlusion,medium,R3,true,false,false,false,0.0,0.0,0,none,0.0,none,test_01-test_01_r4-camera-r10-R3,test_01-test_01_r4-31401000-camera_occlusion-medium,held_out_map_test,true,success,false,false,false,143.862,18.5911,-0.19200000000000728,-0.026899999999997704,0,,,false,0.0,0.0,0.0,0.0,0.0,0.0,0.0
094970dc-ed1d-4f2d-aa1e-2a94aa69ba89,test_01,test_01_r4,31401001,lidar_dropout,medium,R0,true,false,false,false,0.0,0.0,0,none,0.0,none,test_01-test_01_r4-lidar-r10-R0,test_01-test_01_r4-31401001-lidar_dropout-medium,held_out_map_test,true,success,false,false,false,154.904,18.7655,0.0,0.0,0,,,false,0.0,0.0,0.0,0.0,0.0,0.0,0.0
7a726b63-1e4c-46fe-9993-53df00d7a4f9,test_01,test_01_r4,31401001,lidar_dropout,medium,R2,true,false,false,false,60.46600000000001,0.47790000000000177,0,none,15.477900000000002,none,test_01-test_01_r4-lidar-r10-R2,test_01-test_01_r4-31401001-lidar_dropout-medium,held_out_map_test,true,success,false,false,false,215.37,19.2434,60.46600000000001,0.47790000000000177,1,208.747,,false,15.477900000000002,0.0,0.0,0.0,15.0,0.47790000000000177,0.0
aa1122a0-92a0-4f80-8b42-7ea1d49bc991,test_01,test_01_r4,31401001,lidar_dropout,medium,R3,true,false,false,false,0.18899999999999295,0.0,0,none,0.09449999999999648,none,test_01-test_01_r4-lidar-r10-R3,test_01-test_01_r4-31401001-lidar_dropout-medium,held_out_map_test,true,success,false,false,false,155.093,18.7643,0.18899999999999295,-0.001200000000000756,0,,,false,0.09449999999999648,0.0,0.0,0.0,0.09449999999999648,0.0,0.0
7c1ce733-fd2b-4b2d-9bc0-4c5fd06362d0,test_01,test_01_r4,31401002,wheel_slip,medium,R0,true,false,false,false,0.0,0.0,0,none,0.0,none,test_01-test_01_r4-wheel-r10-R0,test_01-test_01_r4-31401002-wheel_slip-medium,held_out_map_test,true,success,false,false,false,153.344,18.778,0.0,0.0,0,,,false,0.0,0.0,0.0,0.0,0.0,0.0,0.0
13ba9aca-71b4-45eb-8bcf-520d47f1744e,test_01,test_01_r4,31401002,wheel_slip,medium,R2,true,false,false,false,6.295000000000016,0.04540000000000077,0,none,3.1929000000000087,none,test_01-test_01_r4-wheel-r10-R2,test_01-test_01_r4-31401002-wheel_slip-medium,held_out_map_test,true,success,false,false,false,159.639,18.8234,6.295000000000016,0.04540000000000077,0,,,false,3.1929000000000087,0.0,0.0,0.0,3.147500000000008,0.04540000000000077,0.0
543e1c7c-61af-4513-80ab-6cea76bf0d54,test_01,test_01_r4,31401002,wheel_slip,medium,R3,true,false,false,false,0.24800000000001887,0.0,0,none,0.12400000000000944,none,test_01-test_01_r4-wheel-r10-R3,test_01-test_01_r4-31401002-wheel_slip-medium,held_out_map_test,true,success,false,false,false,153.592,18.752,0.24800000000001887,-0.0259999999999998,0,,,false,0.12400000000000944,0.0,0.0,0.0,0.12400000000000944,0.0,0.0
8be61ebe-c1e6-4caa-8277-ce820edb278c,test_01,test_01_r4,31401003,localisation_perturbation,medium,R0,true,false,false,false,0.0,0.0,0,none,0.0,none,test_01-test_01_r4-localisation-r10-R0,test_01-test_01_r4-31401003-localisation_perturbation-medium,held_out_map_test,true,success,false,false,false,165.542,19.6432,0.0,0.0,0,,,false,0.0,0.0,0.0,0.0,0.0,0.0,0.0
5fb05675-b1eb-4961-9dd8-75b22127635c,test_01,test_01_r4,31401003,localisation_perturbation,medium,R2,true,false,false,false,0.929000000000002,0.0,0,none,0.464500000000001,none,test_01-test_01_r4-localisation-r10-R2,test_01-test_01_r4-31401003-localisation_perturbation-medium,held_out_map_test,true,success,false,false,false,166.471,19.5358,0.929000000000002,-0.10740000000000194,0,,,false,0.464500000000001,0.0,0.0,0.0,0.464500000000001,0.0,0.0
1e6bddaa-7ca5-4b7d-9131-d95e87bd290b,test_01,test_01_r4,31401003,localisation_perturbation,medium,R3,true,false,false,false,0.0,0.0,0,none,0.0,none,test_01-test_01_r4-localisation-r10-R3,test_01-test_01_r4-31401003-localisation_perturbation-medium,held_out_map_test,true,success,false,false,false,163.435,19.4638,-2.1069999999999993,-0.17940000000000111,0,,,false,0.0,0.0,0.0,0.0,0.0,0.0,0.0
92d74bbc-2834-449c-9095-bd2edd870938,test_01,test_01_r4,31401004,dynamic_blockage,medium,R0,true,false,false,false,0.0,0.0,0,none,0.0,none,test_01-test_01_r4-blockage-r10-R0,test_01-test_01_r4-31401004-dynamic_blockage-medium,held_out_map_test,true,success,false,false,false,195.4,19.5088,0.0,0.0,0,,,false,0.0,0.0,0.0,0.0,0.0,0.0,0.0
27b7a0b1-d044-4b55-be35-1c6e731a7d65,test_01,test_01_r4,31401004,dynamic_blockage,medium,R2,true,false,false,false,3.274000000000001,0.3827999999999996,0,none,2.0198,none,test_01-test_01_r4-blockage-r10-R2,test_01-test_01_r4-31401004-dynamic_blockage-medium,held_out_map_test,true,success,false,false,false,198.674,19.8916,3.274000000000001,0.3827999999999996,0,,,false,2.0198,0.0,0.0,0.0,1.6370000000000005,0.3827999999999996,0.0
115147f1-bbad-45d4-ab30-9dbc73fab253,test_01,test_01_r4,31401004,dynamic_blockage,medium,R3,true,false,false,false,0.0,0.0677999999999983,0,none,0.0677999999999983,none,test_01-test_01_r4-blockage-r10-R3,test_01-test_01_r4-31401004-dynamic_blockage-medium,held_out_map_test,true,success,false,false,false,192.578,19.5766,-2.8220000000000027,0.0677999999999983,0,,,false,0.0677999999999983,0.0,0.0,0.0,0.0,0.0677999999999983,0.0
15d7cd0d-ee2a-4cbd-9b47-b5c8f9ea731f,test_01,test_01_r4,31401005,planner_oscillation,medium,R0,true,false,false,false,0.0,0.0,0,none,0.0,none,test_01-test_01_r4-oscillation-r10-R0,test_01-test_01_r4-31401005-planner_oscillation-medium,held_out_map_test,true,success,false,false,false,174.322,20.4545,0.0,0.0,0,,,false,0.0,0.0,0.0,0.0,0.0,0.0,0.0
708d980a-bccc-4032-8db7-8d1f0cd6bd4c,test_01,test_01_r4,31401005,planner_oscillation,medium,R2,true,false,false,false,2.125,0.0,0,none,1.0625,none,test_01-test_01_r4-oscillation-r10-R2,test_01-test_01_r4-31401005-planner_oscillation-medium,held_out_map_test,true,success,false,false,false,176.447,20.3541,2.125,-0.10040000000000049,0,,,false,1.0625,0.0,0.0,0.0,1.0625,0.0,0.0
f6e02185-4f61-41dd-92de-b1b5a0c4b671,test_01,test_01_r4,31401005,planner_oscillation,medium,R3,true,false,false,false,1.4960000000000093,0.12829999999999941,0,none,0.8763000000000041,none,test_01-test_01_r4-oscillation-r10-R3,test_01-test_01_r4-31401005-planner_oscillation-medium,held_out_map_test,true,success,false,false,false,175.818,20.5828,1.4960000000000093,0.12829999999999941,0,,,false,0.8763000000000041,0.0,0.0,0.0,0.7480000000000047,0.12829999999999941,0.0
6c3d55b1-cdfe-4fe2-8ac7-34521b75f7fc,test_01,test_01_r4,31401006,semantic_corruption,medium,R0,true,false,false,false,0.0,0.0,0,none,0.0,none,test_01-test_01_r4-semantic-r10-R0,test_01-test_01_r4-31401006-semantic_corruption-medium,held_out_map_test,true,success,false,false,false,144.792,18.7514,0.0,0.0,0,,,false,0.0,0.0,0.0,0.0,0.0,0.0,0.0
f4342f74-d6df-49a8-b52a-171456374d39,test_01,test_01_r4,31401006,semantic_corruption,medium,R2,true,false,false,false,0.0,0.0,0,none,0.0,none,test_01-test_01_r4-semantic-r10-R2,test_01-test_01_r4-31401006-semantic_corruption-medium,held_out_map_test,true,success,false,false,false,142.862,18.7117,-1.9300000000000068,-0.039699999999999847,0,,,false,0.0,0.0,0.0,0.0,0.0,0.0,0.0
a5c423c8-dab4-490a-bbbc-0ea26ce4e58a,test_01,test_01_r4,31401006,semantic_corruption,medium,R3,true,false,false,false,0.0,0.0,0,none,0.0,none,test_01-test_01_r4-semantic-r10-R3,test_01-test_01_r4-31401006-semantic_corruption-medium,held_out_map_test,true,success,false,false,false,143.721,18.695,-1.070999999999998,-0.056400000000000006,0,,,false,0.0,0.0,0.0,0.0,0.0,0.0,0.0
8ba9804a-a9c3-4443-9f41-c119684147ba,test_01,test_01_r4,31401100,camera_occlusion,medium,R0,true,false,false,false,0.0,0.0,0,none,0.0,none,test_01-test_01_r4-camera-r11-R0,test_01-test_01_r4-31401100-camera_occlusion-medium,held_out_map_test,true,success,false,false,false,141.624,18.5433,0.0,0.0,0,,,false,0.0,0.0,0.0,0.0,0.0,0.0,0.0
3bbbd0ca-d517-4f30-92e2-bd7be314b265,test_01,test_01_r4,31401100,camera_occlusion,medium,R2,true,false,false,false,0.030000000000001137,0.0,0,none,0.015000000000000568,none,test_01-test_01_r4-camera-r11-R2,test_01-test_01_r4-31401100-camera_occlusion-medium,held_out_map_test,true,success,false,false,false,141.654,18.5027,0.030000000000001137,-0.04059999999999775,0,,,false,0.015000000000000568,0.0,0.0,0.0,0.015000000000000568,0.0,0.0
5229773d-55b3-43cc-a7f0-f7876fce6f9f,test_01,test_01_r4,31401100,camera_occlusion,medium,R3,true,false,false,false,0.0,0.0,0,none,0.0,none,test_01-test_01_r4-camera-r11-R3,test_01-test_01_r4-31401100-camera_occlusion-medium,held_out_map_test,true,success,false,false,false,141.59,18.5335,-0.033999999999991815,-0.009799999999998477,0,,,false,0.0,0.0,0.0,0.0,0.0,0.0,0.0
8934ca1f-58d1-4a94-ab79-b27848293f56,test_01,test_01_r4,31401101,lidar_dropout,medium,R0,true,false,false,false,0.0,0.0,0,none,0.0,none,test_01-test_01_r4-lidar-r11-R0,test_01-test_01_r4-31401101-lidar_dropout-medium,held_out_map_test,true,success,false,false,false,154.549,18.7105,0.0,0.0,0,,,false,0.0,0.0,0.0,0.0,0.0,0.0,0.0
63f489e5-916b-4ebb-8faf-17149355cd89,test_01,test_01_r4,31401101,lidar_dropout,medium,R2,true,false,false,false,5.756,0.24200000000000088,0,none,3.120000000000001,none,test_01-test_01_r4-lidar-r11-R2,test_01-test_01_r4-31401101-lidar_dropout-medium,held_out_map_test,true,success,false,false,false,160.305,18.9525,5.756,0.24200000000000088,0,,,false,3.120000000000001,0.0,0.0,0.0,2.878,0.24200000000000088,0.0
2c732685-1989-4f18-92a6-66b21b549843,test_01,test_01_r4,31401101,lidar_dropout,medium,R3,true,false,false,false,1.3859999999999957,0.12809999999999988,0,none,0.8210999999999977,none,test_01-test_01_r4-lidar-r11-R3,test_01-test_01_r4-31401101-lidar_dropout-medium,held_out_map_test,true,success,false,false,false,155.935,18.8386,1.3859999999999957,0.12809999999999988,0,,,false,0.8210999999999977,0.0,0.0,0.0,0.6929999999999978,0.12809999999999988,0.0
4b765399-2761-4625-96b2-d302f2918e13,test_01,test_01_r4,31401102,wheel_slip,medium,R0,true,false,false,false,0.0,0.0,0,none,0.0,none,test_01-test_01_r4-wheel-r11-R0,test_01-test_01_r4-31401102-wheel_slip-medium,held_out_map_test,true,success,false,false,false,155.392,18.7347,0.0,0.0,0,,,false,0.0,0.0,0.0,0.0,0.0,0.0,0.0
eff93f7a-f92f-47f9-90a8-83bc5ee8d358,test_01,test_01_r4,31401102,wheel_slip,medium,R2,true,false,false,false,0.0,0.0,0,none,0.0,none,test_01-test_01_r4-wheel-r11-R2,test_01-test_01_r4-31401102-wheel_slip-medium,held_out_map_test,true,success,false,false,false,152.4,18.7048,-2.9919999999999902,-0.02990000000000137,0,,,false,0.0,0.0,0.0,0.0,0.0,0.0,0.0
bcecc89e-6295-4607-963c-ab7b41048140,test_01,test_01_r4,31401102,wheel_slip,medium,R3,true,false,false,false,51.315,0.5691999999999986,0,none,15.569199999999999,none,test_01-test_01_r4-wheel-r11-R3,test_01-test_01_r4-31401102-wheel_slip-medium,held_out_map_test,true,success,false,false,false,206.707,19.3039,51.315,0.5691999999999986,1,203.576,,false,15.569199999999999,0.0,0.0,0.0,15.0,0.5691999999999986,0.0
d08b739b-547f-4d31-bcda-8ff3d9441568,test_01,test_01_r4,31401103,localisation_perturbation,medium,R0,true,false,false,false,0.0,0.0,0,none,0.0,none,test_01-test_01_r4-localisation-r11-R0,test_01-test_01_r4-31401103-localisation_perturbation-medium,held_out_map_test,true,success,false,false,false,159.632,19.4904,0.0,0.0,0,,,false,0.0,0.0,0.0,0.0,0.0,0.0,0.0
d99a8688-c129-4708-ae77-1ac4f84527e1,test_01,test_01_r4,31401103,localisation_perturbation,medium,R2,true,false,false,false,0.0,0.0,0,none,0.0,none,test_01-test_01_r4-localisation-r11-R2,test_01-test_01_r4-31401103-localisation_perturbation-medium,held_out_map_test,true,success,false,false,false,157.897,19.4047,-1.7350000000000136,-0.08570000000000277,0,,,false,0.0,0.0,0.0,0.0,0.0,0.0,0.0
cd628942-e5ae-4ce7-904d-4a67fb0bc480,test_01,test_01_r4,31401103,localisation_perturbation,medium,R3,true,false,false,false,0.0,0.0,0,none,0.0,none,test_01-test_01_r4-localisation-r11-R3,test_01-test_01_r4-31401103-localisation_perturbation-medium,held_out_map_test,true,success,false,false,false,156.46,19.1419,-3.171999999999997,-0.34850000000000136,0,,,false,0.0,0.0,0.0,0.0,0.0,0.0,0.0
a31550ef-c652-4cd7-8536-38921d0d9513,test_01,test_01_r4,31401104,dynamic_blockage,medium,R0,true,false,false,false,0.0,0.0,0,none,0.0,none,test_01-test_01_r4-blockage-r11-R0,test_01-test_01_r4-31401104-dynamic_blockage-medium,held_out_map_test,true,success,false,false,false,177.83,19.5456,0.0,0.0,0,,,false,0.0,0.0,0.0,0.0,0.0,0.0,0.0
12ee115e-9057-4674-bede-3efa6beff7ea,test_01,test_01_r4,31401104,dynamic_blockage,medium,R2,true,false,false,false,0.5549999999999784,0.0732999999999997,0,none,0.3507999999999889,none,test_01-test_01_r4-blockage-r11-R2,test_01-test_01_r4-31401104-dynamic_blockage-medium,held_out_map_test,true,success,false,false,false,178.385,19.6189,0.5549999999999784,0.0732999999999997,0,,,false,0.3507999999999889,0.0,0.0,0.0,0.2774999999999892,0.0732999999999997,0.0
4ebf00a9-b762-4b93-a221-17ef96b80c72,test_01,test_01_r4,31401104,dynamic_blockage,medium,R3,true,false,false,false,0.0,0.13700000000000045,0,none,0.13700000000000045,none,test_01-test_01_r4-blockage-r11-R3,test_01-test_01_r4-31401104-dynamic_blockage-medium,held_out_map_test,true,success,false,false,false,175.204,19.6826,-2.6260000000000048,0.13700000000000045,0,,,false,0.13700000000000045,0.0,0.0,0.0,0.0,0.13700000000000045,0.0
8d10219c-fd49-4356-a92c-19bc2689e36a,test_01,test_01_r4,31401105,planner_oscillation,medium,R0,true,false,false,false,0.0,0.0,0,none,0.0,none,test_01-test_01_r4-oscillation-r11-R0,test_01-test_01_r4-31401105-planner_oscillation-medium,held_out_map_test,true,success,false,false,false,175.589,20.3518,0.0,0.0,0,,,false,0.0,0.0,0.0,0.0,0.0,0.0,0.0
419ce1f4-6f01-4658-810d-de4f147f6417,test_01,test_01_r4,31401105,planner_oscillation,medium,R2,true,false,false,false,0.0,0.0,0,none,0.0,none,test_01-test_01_r4-oscillation-r11-R2,test_01-test_01_r4-31401105-planner_oscillation-medium,held_out_map_test,true,success,false,false,false,171.897,20.2323,-3.6920000000000073,-0.11950000000000216,0,,,false,0.0,0.0,0.0,0.0,0.0,0.0,0.0
57338e25-05c9-441d-b360-4748ae4f5a5a,test_01,test_01_r4,31401105,planner_oscillation,medium,R3,true,false,false,false,0.0,0.004899999999999238,0,none,0.004899999999999238,none,test_01-test_01_r4-oscillation-r11-R3,test_01-test_01_r4-31401105-planner_oscillation-medium,held_out_map_test,true,success,false,false,false,172.641,20.3567,-2.9480000000000075,0.004899999999999238,0,,,false,0.004899999999999238,0.0,0.0,0.0,0.0,0.004899999999999238,0.0
d8d3d165-421a-4df3-9de9-9024aae6ea51,test_01,test_01_r4,31401106,semantic_corruption,medium,R0,true,false,false,false,0.0,0.0,0,none,0.0,none,test_01-test_01_r4-semantic-r11-R0,test_01-test_01_r4-31401106-semantic_corruption-medium,held_out_map_test,true,success,false,false,false,145.484,18.7827,0.0,0.0,0,,,false,0.0,0.0,0.0,0.0,0.0,0.0,0.0
f67785b2-dec3-421d-be41-3793288b8675,test_01,test_01_r4,31401106,semantic_corruption,medium,R2,true,false,false,false,0.2809999999999775,0.0,0,none,0.14049999999998875,none,test_01-test_01_r4-semantic-r11-R2,test_01-test_01_r4-31401106-semantic_corruption-medium,held_out_map_test,true,success,false,false,false,145.765,18.7783,0.2809999999999775,-0.004399999999996851,0,,,false,0.14049999999998875,0.0,0.0,0.0,0.14049999999998875,0.0,0.0
823cc0c0-2968-4490-a981-185adfc3aa4f,test_01,test_01_r4,31401106,semantic_corruption,medium,R3,true,false,false,false,3.094999999999999,0.07929999999999993,0,none,1.6267999999999994,none,test_01-test_01_r4-semantic-r11-R3,test_01-test_01_r4-31401106-semantic_corruption-medium,held_out_map_test,true,success,false,false,false,148.579,18.862,3.094999999999999,0.07929999999999993,0,,,false,1.6267999999999994,0.0,0.0,0.0,1.5474999999999994,0.07929999999999993,0.0
9fe9ad6f-f07c-4704-a734-370c306c2aaa,test_01,test_01_r4,31401200,camera_occlusion,medium,R0,true,false,false,false,0.0,0.0,0,none,0.0,none,test_01-test_01_r4-camera-r12-R0,test_01-test_01_r4-31401200-camera_occlusion-medium,held_out_map_test,true,success,false,false,false,141.84,18.5361,0.0,0.0,0,,,false,0.0,0.0,0.0,0.0,0.0,0.0,0.0
8e85b7de-dae4-47c1-9b54-d82e54670aed,test_01,test_01_r4,31401200,camera_occlusion,medium,R2,true,false,false,false,0.0,0.011799999999997368,0,none,0.011799999999997368,none,test_01-test_01_r4-camera-r12-R2,test_01-test_01_r4-31401200-camera_occlusion-medium,held_out_map_test,true,success,false,false,false,139.583,18.5479,-2.257000000000005,0.011799999999997368,0,,,false,0.011799999999997368,0.0,0.0,0.0,0.0,0.011799999999997368,0.0
fdbd37f3-85da-42b7-9f5c-97d29b4f0e2a,test_01,test_01_r4,31401200,camera_occlusion,medium,R3,true,false,false,false,0.0,0.0,0,none,0.0,none,test_01-test_01_r4-camera-r12-R3,test_01-test_01_r4-31401200-camera_occlusion-medium,held_out_map_test,true,success,false,false,false,141.82,18.4718,-0.020000000000010232,-0.06429999999999936,0,,,false,0.0,0.0,0.0,0.0,0.0,0.0,0.0
de59a140-fa69-4711-a885-2ce726f31e83,test_01,test_01_r4,31401201,lidar_dropout,medium,R0,true,false,false,false,0.0,0.0,0,none,0.0,none,test_01-test_01_r4-lidar-r12-R0,test_01-test_01_r4-31401201-lidar_dropout-medium,held_out_map_test,true,success,false,false,false,154.65,18.6677,0.0,0.0,0,,,false,0.0,0.0,0.0,0.0,0.0,0.0,0.0
1d4d1db7-84bc-44b6-a6c8-6f3fff5dcd0e,test_01,test_01_r4,31401201,lidar_dropout,medium,R2,true,false,false,false,0.33199999999999363,0.01950000000000074,0,none,0.18549999999999756,none,test_01-test_01_r4-lidar-r12-R2,test_01-test_01_r4-31401201-lidar_dropout-medium,held_out_map_test,true,success,false,false,false,154.982,18.6872,0.33199999999999363,0.01950000000000074,0,,,false,0.18549999999999756,0.0,0.0,0.0,0.16599999999999682,0.01950000000000074,0.0
090dcf2c-fb3c-4b9f-a7c2-4141b9dd843f,test_01,test_01_r4,31401201,lidar_dropout,medium,R3,true,false,false,false,0.012000000000000455,0.11319999999999908,0,none,0.1191999999999993,none,test_01-test_01_r4-lidar-r12-R3,test_01-test_01_r4-31401201-lidar_dropout-medium,held_out_map_test,true,success,false,false,false,154.662,18.7809,0.012000000000000455,0.11319999999999908,0,,,false,0.1191999999999993,0.0,0.0,0.0,0.006000000000000227,0.11319999999999908,0.0
91df8008-8179-4171-aab1-0f42dfbf4a78,test_01,test_01_r4,31401202,wheel_slip,medium,R0,true,false,false,false,0.0,0.0,0,none,0.0,none,test_01-test_01_r4-wheel-r12-R0,test_01-test_01_r4-31401202-wheel_slip-medium,held_out_map_test,true,success,false,false,false,152.179,18.7313,0.0,0.0,0,,,false,0.0,0.0,0.0,0.0,0.0,0.0,0.0
65349599-3e4d-46d7-8501-338abeafc791,test_01,test_01_r4,31401202,wheel_slip,medium,R2,true,false,false,false,0.0,0.03849999999999909,0,none,0.03849999999999909,none,test_01-test_01_r4-wheel-r12-R2,test_01-test_01_r4-31401202-wheel_slip-medium,held_out_map_test,true,success,false,false,false,152.069,18.7698,-0.11000000000001364,0.03849999999999909,0,,,false,0.03849999999999909,0.0,0.0,0.0,0.0,0.03849999999999909,0.0
e33e5bdb-70a6-4eed-90c7-637333a57390,test_01,test_01_r4,31401202,wheel_slip,medium,R3,true,false,false,false,0.0,0.0029000000000003467,0,none,0.0029000000000003467,none,test_01-test_01_r4-wheel-r12-R3,test_01-test_01_r4-31401202-wheel_slip-medium,held_out_map_test,true,success,false,false,false,150.682,18.7342,-1.497000000000014,0.0029000000000003467,0,,,false,0.0029000000000003467,0.0,0.0,0.0,0.0,0.0029000000000003467,0.0
c642bf57-58c2-4e3a-9adb-9a9eefefcd18,test_01,test_01_r4,31401203,localisation_perturbation,medium,R0,true,false,false,false,0.0,0.0,0,none,0.0,none,test_01-test_01_r4-localisation-r12-R0,test_01-test_01_r4-31401203-localisation_perturbation-medium,held_out_map_test,true,success,false,false,false,157.583,19.3537,0.0,0.0,0,,,false,0.0,0.0,0.0,0.0,0.0,0.0,0.0
90d9506a-36e4-4fc9-9fd2-fb91189f845b,test_01,test_01_r4,31401203,localisation_perturbation,medium,R2,true,false,false,false,4.697000000000003,0.35910000000000153,0,none,2.707600000000003,none,test_01-test_01_r4-localisation-r12-R2,test_01-test_01_r4-31401203-localisation_perturbation-medium,held_out_map_test,true,success,false,false,false,162.28,19.7128,4.697000000000003,0.35910000000000153,0,,,false,2.707600000000003,0.0,0.0,0.0,2.3485000000000014,0.35910000000000153,0.0
5172e636-3960-4319-afc7-daa7dee00c54,test_01,test_01_r4,31401203,localisation_perturbation,medium,R3,true,false,false,false,0.0,0.0,0,none,0.0,none,test_01-test_01_r4-localisation-r12-R3,test_01-test_01_r4-31401203-localisation_perturbation-medium,held_out_map_test,true,success,false,false,false,155.429,19.0737,-2.1539999999999964,-0.28000000000000114,0,,,false,0.0,0.0,0.0,0.0,0.0,0.0,0.0
ed04741c-520d-463f-9552-157d3813c1a8,test_01,test_01_r4,31401204,dynamic_blockage,medium,R0,true,false,false,false,0.0,0.0,0,none,0.0,none,test_01-test_01_r4-blockage-r12-R0,test_01-test_01_r4-31401204-dynamic_blockage-medium,held_out_map_test,true,success,false,false,false,162.869,19.5171,0.0,0.0,0,,,false,0.0,0.0,0.0,0.0,0.0,0.0,0.0
88f97a5d-f8a3-4c73-8b38-d4b82089023e,test_01,test_01_r4,31401204,dynamic_blockage,medium,R2,true,false,false,false,4.383999999999986,0.0666000000000011,0,none,2.258599999999994,none,test_01-test_01_r4-blockage-r12-R2,test_01-test_01_r4-31401204-dynamic_blockage-medium,held_out_map_test,true,success,false,false,false,167.253,19.5837,4.383999999999986,0.0666000000000011,0,,,false,2.258599999999994,0.0,0.0,0.0,2.191999999999993,0.0666000000000011,0.0
dad39fcc-b66c-4972-b0c1-5bf45d86d446,test_01,test_01_r4,31401204,dynamic_blockage,medium,R3,true,false,false,false,8.569999999999993,0.3757000000000019,0,none,4.6606999999999985,none,test_01-test_01_r4-blockage-r12-R3,test_01-test_01_r4-31401204-dynamic_blockage-medium,held_out_map_test,true,success,false,false,false,171.439,19.8928,8.569999999999993,0.3757000000000019,0,,,false,4.6606999999999985,0.0,0.0,0.0,4.284999999999997,0.3757000000000019,0.0
4ccdd1a2-24eb-4af1-a3d8-2d9d5356b37c,test_01,test_01_r4,31401205,planner_oscillation,medium,R0,true,false,false,false,0.0,0.0,0,none,0.0,none,test_01-test_01_r4-oscillation-r12-R0,test_01-test_01_r4-31401205-planner_oscillation-medium,held_out_map_test,true,success,false,false,false,173.48,20.4237,0.0,0.0,0,,,false,0.0,0.0,0.0,0.0,0.0,0.0,0.0
41505b29-8c90-4efb-ae35-b3a4094b786b,test_01,test_01_r4,31401205,planner_oscillation,medium,R2,true,false,false,false,0.0,0.0,0,none,0.0,none,test_01-test_01_r4-oscillation-r12-R2,test_01-test_01_r4-31401205-planner_oscillation-medium,held_out_map_test,true,success,false,false,false,171.719,20.2169,-1.7609999999999957,-0.2068000000000012,0,,,false,0.0,0.0,0.0,0.0,0.0,0.0,0.0
80fa9124-73f4-4ec9-bf39-2d71250ac0af,test_01,test_01_r4,31401205,planner_oscillation,medium,R3,true,false,false,false,0.0,0.0,0,none,0.0,none,test_01-test_01_r4-oscillation-r12-R3,test_01-test_01_r4-31401205-planner_oscillation-medium,held_out_map_test,true,success,false,false,false,168.935,20.3633,-4.5449999999999875,-0.06040000000000134,0,,,false,0.0,0.0,0.0,0.0,0.0,0.0,0.0
e3477221-18f7-4485-af11-b6b560f88752,test_01,test_01_r4,31401206,semantic_corruption,medium,R0,true,false,false,false,0.0,0.0,0,none,0.0,none,test_01-test_01_r4-semantic-r12-R0,test_01-test_01_r4-31401206-semantic_corruption-medium,held_out_map_test,true,success,false,false,false,206.121,19.1484,0.0,0.0,0,,,false,0.0,0.0,0.0,0.0,0.0,0.0,0.0
3e962ad7-590d-414b-8a93-1b982f6424f4,test_01,test_01_r4,31401206,semantic_corruption,medium,R2,true,false,false,false,0.0,0.0,0,none,0.0,none,test_01-test_01_r4-semantic-r12-R2,test_01-test_01_r4-31401206-semantic_corruption-medium,held_out_map_test,true,success,false,false,false,146.275,18.768,-59.846000000000004,-0.3803999999999981,0,,,false,0.0,0.0,0.0,0.0,0.0,0.0,0.0
3503573b-9da5-462b-9085-1c0f451f33c8,test_01,test_01_r4,31401206,semantic_corruption,medium,R3,true,false,false,false,0.0,0.0,0,none,0.0,none,test_01-test_01_r4-semantic-r12-R3,test_01-test_01_r4-31401206-semantic_corruption-medium,held_out_map_test,true,success,false,false,false,144.194,18.6689,-61.92700000000002,-0.47949999999999804,0,,,false,0.0,0.0,0.0,0.0,0.0,0.0,0.0
a296e01e-086f-46b5-9510-460d1f9006b0,test_01,test_01_r4,31401300,camera_occlusion,medium,R0,true,false,false,false,0.0,0.0,0,none,0.0,none,test_01-test_01_r4-camera-r13-R0,test_01-test_01_r4-31401300-camera_occlusion-medium,held_out_map_test,true,success,false,false,false,141.835,18.5144,0.0,0.0,0,,,false,0.0,0.0,0.0,0.0,0.0,0.0,0.0
058da391-961f-43d9-aedc-994f74012a1c,test_01,test_01_r4,31401300,camera_occlusion,medium,R2,true,false,false,false,0.0,0.010900000000003018,0,none,0.010900000000003018,none,test_01-test_01_r4-camera-r13-R2,test_01-test_01_r4-31401300-camera_occlusion-medium,held_out_map_test,true,success,false,false,false,139.644,18.5253,-2.1910000000000025,0.010900000000003018,1,142.068,,false,0.010900000000003018,0.0,0.0,0.0,0.0,0.010900000000003018,0.0
8a94de3a-ebdc-47a4-b3b4-5865d4690b46,test_01,test_01_r4,31401300,camera_occlusion,medium,R3,true,false,false,false,0.0,0.0,0,none,0.0,none,test_01-test_01_r4-camera-r13-R3,test_01-test_01_r4-31401300-camera_occlusion-medium,held_out_map_test,true,success,false,false,false,141.223,18.4656,-0.6119999999999948,-0.048799999999999955,0,,,false,0.0,0.0,0.0,0.0,0.0,0.0,0.0
a86c1abe-9960-4d1d-a651-909cedeabddf,test_01,test_01_r4,31401301,lidar_dropout,medium,R0,true,false,false,false,0.0,0.0,0,none,0.0,none,test_01-test_01_r4-lidar-r13-R0,test_01-test_01_r4-31401301-lidar_dropout-medium,held_out_map_test,true,success,false,false,false,152.612,18.7749,0.0,0.0,0,,,false,0.0,0.0,0.0,0.0,0.0,0.0,0.0
77bf40e1-8f59-44b7-acf7-0eee9e43784d,test_01,test_01_r4,31401301,lidar_dropout,medium,R2,true,false,false,false,0.8060000000000116,0.0,0,none,0.4030000000000058,none,test_01-test_01_r4-lidar-r13-R2,test_01-test_01_r4-31401301-lidar_dropout-medium,held_out_map_test,true,success,false,false,false,153.418,18.6588,0.8060000000000116,-0.11609999999999943,0,,,false,0.4030000000000058,0.0,0.0,0.0,0.4030000000000058,0.0,0.0
612a482a-f9c8-4b5c-bc4e-cc0c99434bb4,test_01,test_01_r4,31401301,lidar_dropout,medium,R3,true,false,false,false,0.0,0.03760000000000119,0,none,0.03760000000000119,none,test_01-test_01_r4-lidar-r13-R3,test_01-test_01_r4-31401301-lidar_dropout-medium,held_out_map_test,true,success,false,false,false,151.605,18.8125,-1.007000000000005,0.03760000000000119,0,,,false,0.03760000000000119,0.0,0.0,0.0,0.0,0.03760000000000119,0.0
4750a029-2264-4521-97cd-b6a9a515a07e,test_01,test_01_r4,31401302,wheel_slip,medium,R0,true,false,false,false,0.0,0.0,0,none,0.0,none,test_01-test_01_r4-wheel-r13-R0,test_01-test_01_r4-31401302-wheel_slip-medium,held_out_map_test,true,success,false,false,false,153.914,18.6873,0.0,0.0,0,,,false,0.0,0.0,0.0,0.0,0.0,0.0,0.0
34216a31-a972-4947-819b-22efb97e8488,test_01,test_01_r4,31401302,wheel_slip,medium,R2,true,false,false,false,1.3400000000000034,0.05770000000000053,0,none,0.7277000000000022,none,test_01-test_01_r4-wheel-r13-R2,test_01-test_01_r4-31401302-wheel_slip-medium,held_out_map_test,true,success,false,false,false,155.254,18.745,1.3400000000000034,0.05770000000000053,0,,,false,0.7277000000000022,0.0,0.0,0.0,0.6700000000000017,0.05770000000000053,0.0
3f1d461b-55b1-4243-8073-a106c51c1490,test_01,test_01_r4,31401302,wheel_slip,medium,R3,true,false,false,false,0.0,0.022199999999998,0,none,0.022199999999998,none,test_01-test_01_r4-wheel-r13-R3,test_01-test_01_r4-31401302-wheel_slip-medium,held_out_map_test,true,success,false,false,false,153.26,18.7095,-0.6539999999999964,0.022199999999998,0,,,false,0.022199999999998,0.0,0.0,0.0,0.0,0.022199999999998,0.0
ea46bc64-3465-484e-89af-082d754b196c,test_01,test_01_r4,31401303,localisation_perturbation,medium,R0,true,false,false,false,0.0,0.0,0,none,0.0,none,test_01-test_01_r4-localisation-r13-R0,test_01-test_01_r4-31401303-localisation_perturbation-medium,held_out_map_test,true,success,false,false,false,160.735,19.1462,0.0,0.0,0,,,false,0.0,0.0,0.0,0.0,0.0,0.0,0.0
752de98b-c511-43fe-8905-6efa2ac12543,test_01,test_01_r4,31401303,localisation_perturbation,medium,R2,true,false,false,false,68.63299999999998,0.7180999999999997,0,none,15.7181,none,test_01-test_01_r4-localisation-r13-R2,test_01-test_01_r4-31401303-localisation_perturbation-medium,held_out_map_test,true,success,false,false,false,229.368,19.8643,68.63299999999998,0.7180999999999997,0,,,false,15.7181,0.0,0.0,0.0,15.0,0.7180999999999997,0.0
39700812-7fd6-4cd4-8ed5-f4d9d59ccd37,test_01,test_01_r4,31401303,localisation_perturbation,medium,R3,true,false,false,false,1.289999999999992,0.19320000000000093,0,none,0.838199999999997,none,test_01-test_01_r4-localisation-r13-R3,test_01-test_01_r4-31401303-localisation_perturbation-medium,held_out_map_test,true,success,false,false,false,162.025,19.3394,1.289999999999992,0.19320000000000093,0,,,false,0.838199999999997,0.0,0.0,0.0,0.644999999999996,0.19320000000000093,0.0
196d30d5-df60-414d-8e5e-3d2c2244d295,test_01,test_01_r4,31401304,dynamic_blockage,medium,R0,true,false,false,false,0.0,0.0,0,none,0.0,none,test_01-test_01_r4-blockage-r13-R0,test_01-test_01_r4-31401304-dynamic_blockage-medium,held_out_map_test,true,success,false,false,false,176.638,19.4547,0.0,0.0,0,,,false,0.0,0.0,0.0,0.0,0.0,0.0,0.0
51934bbe-2480-4c25-a666-2f7173f69c75,test_01,test_01_r4,31401304,dynamic_blockage,medium,R2,true,false,false,false,0.0,0.07250000000000156,0,none,0.07250000000000156,none,test_01-test_01_r4-blockage-r13-R2,test_01-test_01_r4-31401304-dynamic_blockage-medium,held_out_map_test,true,success,false,false,false,172.919,19.5272,-3.718999999999994,0.07250000000000156,0,,,false,0.07250000000000156,0.0,0.0,0.0,0.0,0.07250000000000156,0.0
21644606-f062-4d83-b804-fcc66e52f4e8,test_01,test_01_r4,31401304,dynamic_blockage,medium,R3,true,false,false,false,0.0,0.26089999999999947,0,none,0.26089999999999947,none,test_01-test_01_r4-blockage-r13-R3,test_01-test_01_r4-31401304-dynamic_blockage-medium,held_out_map_test,true,success,false,false,false,174.981,19.7156,-1.6570000000000107,0.26089999999999947,0,,,false,0.26089999999999947,0.0,0.0,0.0,0.0,0.26089999999999947,0.0
366a6aa6-08ab-4f72-9ba6-644e91cde1e1,test_01,test_01_r4,31401305,planner_oscillation,medium,R0,true,false,false,false,0.0,0.0,0,none,0.0,none,test_01-test_01_r4-oscillation-r13-R0,test_01-test_01_r4-31401305-planner_oscillation-medium,held_out_map_test,true,success,false,false,false,169.63,20.3623,0.0,0.0,0,,,false,0.0,0.0,0.0,0.0,0.0,0.0,0.0
c7789de2-0482-40e0-940d-a6ac6a56ef35,test_01,test_01_r4,31401305,planner_oscillation,medium,R2,true,false,false,false,1.7110000000000127,0.0,0,none,0.8555000000000064,none,test_01-test_01_r4-oscillation-r13-R2,test_01-test_01_r4-31401305-planner_oscillation-medium,held_out_map_test,true,success,false,false,false,171.341,20.2816,1.7110000000000127,-0.08070000000000022,0,,,false,0.8555000000000064,0.0,0.0,0.0,0.8555000000000064,0.0,0.0
d8a8584f-d208-4675-85ad-1b71ee6eb2eb,test_01,test_01_r4,31401305,planner_oscillation,medium,R3,false,false,false,false,0.6709999999999923,0.0,0,none,40.335499999999996,none,test_01-test_01_r4-oscillation-r13-R3,test_01-test_01_r4-31401305-planner_oscillation-medium,held_out_map_test,true,false_arrival,true,false,false,170.301,20.2831,0.6709999999999923,-0.07920000000000016,0,,,false,40.335499999999996,0.0,40.0,0.0,0.33549999999999613,0.0,0.0
010e4e48-7323-45f1-8e0d-3a19081beb60,test_01,test_01_r4,31401306,semantic_corruption,medium,R0,true,false,false,false,0.0,0.0,0,none,0.0,none,test_01-test_01_r4-semantic-r13-R0,test_01-test_01_r4-31401306-semantic_corruption-medium,held_out_map_test,true,success,false,false,false,146.071,18.7423,0.0,0.0,0,,,false,0.0,0.0,0.0,0.0,0.0,0.0,0.0
b5d35c86-c111-43a0-8133-ece3ade5f072,test_01,test_01_r4,31401306,semantic_corruption,medium,R2,true,false,false,false,0.0,0.027200000000000557,0,none,0.027200000000000557,none,test_01-test_01_r4-semantic-r13-R2,test_01-test_01_r4-31401306-semantic_corruption-medium,held_out_map_test,true,success,false,false,false,145.018,18.7695,-1.0529999999999973,0.027200000000000557,0,,,false,0.027200000000000557,0.0,0.0,0.0,0.0,0.027200000000000557,0.0
a4731626-333b-4302-99ee-a2aad381a872,test_01,test_01_r4,31401306,semantic_corruption,medium,R3,true,false,false,false,0.14699999999999136,0.01980000000000004,0,none,0.09329999999999572,none,test_01-test_01_r4-semantic-r13-R3,test_01-test_01_r4-31401306-semantic_corruption-medium,held_out_map_test,true,success,false,false,false,146.218,18.7621,0.14699999999999136,0.01980000000000004,0,,,false,0.09329999999999572,0.0,0.0,0.0,0.07349999999999568,0.01980000000000004,0.0
98af3514-d4f9-42f9-a886-a0e745776e98,test_01,test_01_r5,31501000,camera_occlusion,medium,R0,true,false,false,false,0.0,0.0,0,none,0.0,none,test_01-test_01_r5-camera-r10-R0,test_01-test_01_r5-31501000-camera_occlusion-medium,held_out_map_test,true,success,false,false,false,152.22,20.7306,0.0,0.0,0,,,false,0.0,0.0,0.0,0.0,0.0,0.0,0.0
4750c614-ba08-4b83-8563-d9b3acf8bd1b,test_01,test_01_r5,31501000,camera_occlusion,medium,R2,true,false,false,false,0.0,0.0,0,none,0.0,none,test_01-test_01_r5-camera-r10-R2,test_01-test_01_r5-31501000-camera_occlusion-medium,held_out_map_test,true,success,false,false,false,152.196,20.681,-0.02400000000000091,-0.04959999999999809,0,,,false,0.0,0.0,0.0,0.0,0.0,0.0,0.0
50ec14d2-b64b-4d2b-bc57-eaf213e40b57,test_01,test_01_r5,31501000,camera_occlusion,medium,R3,true,false,false,false,0.14400000000000546,0.00140000000000029,0,none,0.07340000000000302,none,test_01-test_01_r5-camera-r10-R3,test_01-test_01_r5-31501000-camera_occlusion-medium,held_out_map_test,true,success,false,false,false,152.364,20.732,0.14400000000000546,0.00140000000000029,0,,,false,0.07340000000000302,0.0,0.0,0.0,0.07200000000000273,0.00140000000000029,0.0
320d72fd-6406-4988-aefe-1bb769c23621,test_01,test_01_r5,31501001,lidar_dropout,medium,R0,true,false,false,false,0.0,0.0,0,none,0.0,none,test_01-test_01_r5-lidar-r10-R0,test_01-test_01_r5-31501001-lidar_dropout-medium,held_out_map_test,true,success,false,false,false,172.53,20.9694,0.0,0.0,0,,,false,0.0,0.0,0.0,0.0,0.0,0.0,0.0
75bc4137-c0ef-4bc1-a3f7-0b6b8de7afdf,test_01,test_01_r5,31501001,lidar_dropout,medium,R2,true,false,false,false,0.0,0.0,0,none,0.0,none,test_01-test_01_r5-lidar-r10-R2,test_01-test_01_r5-31501001-lidar_dropout-medium,held_out_map_test,true,success,false,false,false,165.309,20.926,-7.221000000000004,-0.04340000000000188,0,,,false,0.0,0.0,0.0,0.0,0.0,0.0,0.0
ed3694d2-64f8-4cba-b45f-a4acc6537ce1,test_01,test_01_r5,31501001,lidar_dropout,medium,R3,true,false,false,false,0.0,0.0,0,none,0.0,none,test_01-test_01_r5-lidar-r10-R3,test_01-test_01_r5-31501001-lidar_dropout-medium,held_out_map_test,true,success,false,false,false,163.213,20.8759,-9.317000000000007,-0.0934999999999988,0,,,false,0.0,0.0,0.0,0.0,0.0,0.0,0.0
8f901e0e-757e-48f2-80bb-d7b9fd8597ce,test_01,test_01_r5,31501002,wheel_slip,medium,R0,true,false,false,false,0.0,0.0,0,none,0.0,none,test_01-test_01_r5-wheel-r10-R0,test_01-test_01_r5-31501002-wheel_slip-medium,held_out_map_test,true,success,false,false,false,164.061,20.9155,0.0,0.0,0,,,false,0.0,0.0,0.0,0.0,0.0,0.0,0.0
fc3ce459-547f-4029-854c-7cbf2eb3c6fe,test_01,test_01_r5,31501002,wheel_slip,medium,R2,true,false,false,false,1.5589999999999975,0.05180000000000007,0,none,0.8312999999999988,none,test_01-test_01_r5-wheel-r10-R2,test_01-test_01_r5-31501002-wheel_slip-medium,held_out_map_test,true,success,false,false,false,165.62,20.9673,1.5589999999999975,0.05180000000000007,0,,,false,0.8312999999999988,0.0,0.0,0.0,0.7794999999999987,0.05180000000000007,0.0
f30ae380-c2d3-469f-b36d-52efd2fa1040,test_01,test_01_r5,31501002,wheel_slip,medium,R3,true,false,false,false,0.27899999999999636,0.17469999999999786,0,none,0.31419999999999604,none,test_01-test_01_r5-wheel-r10-R3,test_01-test_01_r5-31501002-wheel_slip-medium,held_out_map_test,true,success,false,false,false,164.34,21.0902,0.27899999999999636,0.17469999999999786,0,,,false,0.31419999999999604,0.0,0.0,0.0,0.13949999999999818,0.17469999999999786,0.0
36d59867-9aec-4f8f-b900-ebb33696cf4c,test_01,test_01_r5,31501003,localisation_perturbation,medium,R0,true,false,false,false,0.0,0.0,0,none,0.0,none,test_01-test_01_r5-localisation-r10-R0,test_01-test_01_r5-31501003-localisation_perturbation-medium,held_out_map_test,true,success,false,false,false,234.574,22.1006,0.0,0.0,0,,,false,0.0,0.0,0.0,0.0,0.0,0.0,0.0
33213a59-1767-449f-94f3-3195113ce98e,test_01,test_01_r5,31501003,localisation_perturbation,medium,R2,true,false,false,false,0.0,0.0,0,none,0.0,none,test_01-test_01_r5-localisation-r10-R2,test_01-test_01_r5-31501003-localisation_perturbation-medium,held_out_map_test,true,success,false,false,false,171.213,21.7036,-63.36100000000002,-0.39699999999999847,0,,,false,0.0,0.0,0.0,0.0,0.0,0.0,0.0
ad4258c8-0fb7-49aa-919b-61248d4310ae,test_01,test_01_r5,31501003,localisation_perturbation,medium,R3,true,false,false,false,0.0,0.0,0,none,0.0,none,test_01-test_01_r5-localisation-r10-R3,test_01-test_01_r5-31501003-localisation_perturbation-medium,held_out_map_test,true,success,false,false,false,167.784,21.369,-66.79000000000002,-0.7316000000000003,0,,,false,0.0,0.0,0.0,0.0,0.0,0.0,0.0
38390ef1-9abe-4f1a-8c6c-5a6c18c8a3f8,test_01,test_01_r5,31501004,dynamic_blockage,medium,R0,true,false,false,false,0.0,0.0,0,none,0.0,none,test_01-test_01_r5-blockage-r10-R0,test_01-test_01_r5-31501004-dynamic_blockage-medium,held_out_map_test,true,success,false,false,false,193.123,21.9886,0.0,0.0,0,,,false,0.0,0.0,0.0,0.0,0.0,0.0,0.0
f23b215a-4d3a-431b-b9fe-c8f18b895ce8,test_01,test_01_r5,31501004,dynamic_blockage,medium,R2,true,false,false,false,0.0,0.047399999999999665,0,none,0.047399999999999665,none,test_01-test_01_r5-blockage-r10-R2,test_01-test_01_r5-31501004-dynamic_blockage-medium,held_out_map_test,true,success,false,false,false,180.697,22.036,-12.425999999999988,0.047399999999999665,0,,,false,0.047399999999999665,0.0,0.0,0.0,0.0,0.047399999999999665,0.0
b00fe6e3-f7e9-4829-b168-20c5ba466472,test_01,test_01_r5,31501004,dynamic_blockage,medium,R3,true,false,false,false,0.0,0.1448999999999998,0,none,0.1448999999999998,none,test_01-test_01_r5-blockage-r10-R3,test_01-test_01_r5-31501004-dynamic_blockage-medium,held_out_map_test,true,success,false,false,false,189.43,22.1335,-3.6929999999999836,0.1448999999999998,0,,,false,0.1448999999999998,0.0,0.0,0.0,0.0,0.1448999999999998,0.0
e59273bb-cb87-406e-bdbb-f2254011784d,test_01,test_01_r5,31501005,planner_oscillation,medium,R0,true,false,false,false,0.0,0.0,0,none,0.0,none,test_01-test_01_r5-oscillation-r10-R0,test_01-test_01_r5-31501005-planner_oscillation-medium,held_out_map_test,true,success,false,false,false,192.899,22.6083,0.0,0.0,0,,,false,0.0,0.0,0.0,0.0,0.0,0.0,0.0
e766ef45-8b62-431c-9e85-3bc3371e4491,test_01,test_01_r5,31501005,planner_oscillation,medium,R2,true,false,false,false,3.9310000000000116,0.028600000000000847,0,none,1.9941000000000066,none,test_01-test_01_r5-oscillation-r10-R2,test_01-test_01_r5-31501005-planner_oscillation-medium,held_out_map_test,true,success,false,false,false,196.83,22.6369,3.9310000000000116,0.028600000000000847,0,,,false,1.9941000000000066,0.0,0.0,0.0,1.9655000000000058,0.028600000000000847,0.0
bba56fcf-441a-43e4-a17a-ede6963f9626,test_01,test_01_r5,31501005,planner_oscillation,medium,R3,true,false,false,false,3.7990000000000066,0.15749999999999886,0,none,2.057000000000002,none,test_01-test_01_r5-oscillation-r10-R3,test_01-test_01_r5-31501005-planner_oscillation-medium,held_out_map_test,true,success,false,false,false,196.698,22.7658,3.7990000000000066,0.15749999999999886,0,,,false,2.057000000000002,0.0,0.0,0.0,1.8995000000000033,0.15749999999999886,0.0
0a31cddf-5259-4dab-8f51-29f004bdb5bf,test_01,test_01_r5,31501006,semantic_corruption,medium,R0,true,false,false,false,0.0,0.0,0,none,0.0,none,test_01-test_01_r5-semantic-r10-R0,test_01-test_01_r5-31501006-semantic_corruption-medium,held_out_map_test,true,success,false,false,false,159.222,20.9674,0.0,0.0,0,,,false,0.0,0.0,0.0,0.0,0.0,0.0,0.0
e5faaa3d-7003-423d-b69c-9b432073979d,test_01,test_01_r5,31501006,semantic_corruption,medium,R2,true,false,false,false,0.0,0.0,0,none,0.0,none,test_01-test_01_r5-semantic-r10-R2,test_01-test_01_r5-31501006-semantic_corruption-medium,held_out_map_test,true,success,false,false,false,155.572,20.9209,-3.6500000000000057,-0.04650000000000176,0,,,false,0.0,0.0,0.0,0.0,0.0,0.0,0.0
fd2d3197-939c-4bd8-abee-7862b8d6050d,test_01,test_01_r5,31501006,semantic_corruption,medium,R3,true,false,false,false,2.016999999999996,0.084699999999998,0,none,1.093199999999996,none,test_01-test_01_r5-semantic-r10-R3,test_01-test_01_r5-31501006-semantic_corruption-medium,held_out_map_test,true,success,false,false,false,161.239,21.0521,2.016999999999996,0.084699999999998,0,,,false,1.093199999999996,0.0,0.0,0.0,1.008499999999998,0.084699999999998,0.0
bddd5501-195c-44b9-91e5-b628280ff0a2,test_01,test_01_r5,31501100,camera_occlusion,medium,R0,true,false,false,false,0.0,0.0,0,none,0.0,none,test_01-test_01_r5-camera-r11-R0,test_01-test_01_r5-31501100-camera_occlusion-medium,held_out_map_test,true,success,false,false,false,153.933,20.6711,0.0,0.0,0,,,false,0.0,0.0,0.0,0.0,0.0,0.0,0.0
9391bc98-d6b8-42b8-bd0b-a7d4aba54873,test_01,test_01_r5,31501100,camera_occlusion,medium,R2,true,false,false,false,0.12399999999999523,0.1205999999999996,0,none,0.1825999999999972,none,test_01-test_01_r5-camera-r11-R2,test_01-test_01_r5-31501100-camera_occlusion-medium,held_out_map_test,true,success,false,false,false,154.057,20.7917,0.12399999999999523,0.1205999999999996,0,,,false,0.1825999999999972,0.0,0.0,0.0,0.06199999999999761,0.1205999999999996,0.0
0cd108f9-1b45-4d4d-b035-a0d383f834f5,test_01,test_01_r5,31501100,camera_occlusion,medium,R3,true,false,false,false,0.40800000000001546,0.10630000000000095,0,none,0.3103000000000087,none,test_01-test_01_r5-camera-r11-R3,test_01-test_01_r5-31501100-camera_occlusion-medium,held_out_map_test,true,success,false,false,false,154.341,20.7774,0.40800000000001546,0.10630000000000095,0,,,false,0.3103000000000087,0.0,0.0,0.0,0.20400000000000773,0.10630000000000095,0.0
8656a929-b424-40f2-a269-07807dcde013,test_01,test_01_r5,31501101,lidar_dropout,medium,R0,true,false,false,false,0.0,0.0,0,none,0.0,none,test_01-test_01_r5-lidar-r11-R0,test_01-test_01_r5-31501101-lidar_dropout-medium,held_out_map_test,true,success,false,false,false,165.738,20.9581,0.0,0.0,0,,,false,0.0,0.0,0.0,0.0,0.0,0.0,0.0
34568b7d-5d5f-4457-b339-2c0feee9a71c,test_01,test_01_r5,31501101,lidar_dropout,medium,R2,true,false,false,false,0.0,0.0,0,none,0.0,none,test_01-test_01_r5-lidar-r11-R2,test_01-test_01_r5-31501101-lidar_dropout-medium,held_out_map_test,true,success,false,false,false,162.727,20.9299,-3.0109999999999957,-0.02820000000000178,0,,,false,0.0,0.0,0.0,0.0,0.0,0.0,0.0
d9661d2a-7326-45d7-aa1a-067f99a744e2,test_01,test_01_r5,31501101,lidar_dropout,medium,R3,true,false,false,false,0.0,0.0,0,none,0.0,none,test_01-test_01_r5-lidar-r11-R3,test_01-test_01_r5-31501101-lidar_dropout-medium,held_out_map_test,true,success,false,false,false,163.015,20.9117,-2.723000000000013,-0.046400000000001995,0,,,false,0.0,0.0,0.0,0.0,0.0,0.0,0.0
e5a95ef4-c13f-4c59-b0a8-b4c5d1fd7491,test_01,test_01_r5,31501102,wheel_slip,medium,R0,true,false,false,false,0.0,0.0,0,none,0.0,none,test_01-test_01_r5-wheel-r11-R0,test_01-test_01_r5-31501102-wheel_slip-medium,held_out_map_test,true,success,false,false,false,168.218,20.9824,0.0,0.0,0,,,false,0.0,0.0,0.0,0.0,0.0,0.0,0.0
09db1e7f-7020-4c58-b700-ca73e2496617,test_01,test_01_r5,31501102,wheel_slip,medium,R2,true,false,false,false,0.0,0.0,0,none,0.0,none,test_01-test_01_r5-wheel-r11-R2,test_01-test_01_r5-31501102-wheel_slip-medium,held_out_map_test,true,success,false,false,false,163.695,20.8868,-4.522999999999996,-0.09559999999999746,0,,,false,0.0,0.0,0.0,0.0,0.0,0.0,0.0
5f849971-1063-4342-b021-387237ebbe20,test_01,test_01_r5,31501102,wheel_slip,medium,R3,true,false,false,false,0.0,0.0,0,none,0.0,none,test_01-test_01_r5-wheel-r11-R3,test_01-test_01_r5-31501102-wheel_slip-medium,held_out_map_test,true,success,false,false,false,162.375,20.9595,-5.842999999999989,-0.02289999999999992,0,,,false,0.0,0.0,0.0,0.0,0.0,0.0,0.0
5873abfb-ca8d-4202-9fae-ddef293a8db3,test_01,test_01_r5,31501103,localisation_perturbation,medium,R0,true,false,false,false,0.0,0.0,0,none,0.0,none,test_01-test_01_r5-localisation-r11-R0,test_01-test_01_r5-31501103-localisation_perturbation-medium,held_out_map_test,true,success,false,false,false,174.506,21.7099,0.0,0.0,0,,,false,0.0,0.0,0.0,0.0,0.0,0.0,0.0
1796bba8-55cb-4ba5-9c01-75088f8a3193,test_01,test_01_r5,31501103,localisation_perturbation,medium,R2,true,false,false,false,0.0,0.05030000000000001,0,none,0.05030000000000001,none,test_01-test_01_r5-localisation-r11-R2,test_01-test_01_r5-31501103-localisation_perturbation-medium,held_out_map_test,true,success,false,false,false,173.865,21.7602,-0.6409999999999911,0.05030000000000001,0,,,false,0.05030000000000001,0.0,0.0,0.0,0.0,0.05030000000000001,0.0
81ed0122-bf1f-404b-ab45-a1924fd1931e,test_01,test_01_r5,31501103,localisation_perturbation,medium,R3,true,false,false,false,0.0,0.0,0,none,0.0,none,test_01-test_01_r5-localisation-r11-R3,test_01-test_01_r5-31501103-localisation_perturbation-medium,held_out_map_test,true,success,false,false,false,172.281,21.5747,-2.2249999999999943,-0.1352000000000011,0,,,false,0.0,0.0,0.0,0.0,0.0,0.0,0.0
8d02ff22-10dc-488a-9274-1e4d2a702a93,test_01,test_01_r5,31501104,dynamic_blockage,medium,R0,false,false,false,false,0.0,0.0,0,none,40.0,none,test_01-test_01_r5-blockage-r11-R0,test_01-test_01_r5-31501104-dynamic_blockage-medium,held_out_map_test,true,false_arrival,true,false,false,204.928,22.1073,0.0,0.0,0,,,false,40.0,0.0,40.0,0.0,0.0,0.0,0.0
760fc8c7-53c9-4af0-a792-bb8661da5741,test_01,test_01_r5,31501104,dynamic_blockage,medium,R2,true,false,false,false,0.0,0.0,0,none,0.0,none,test_01-test_01_r5-blockage-r11-R2,test_01-test_01_r5-31501104-dynamic_blockage-medium,held_out_map_test,true,success,false,false,false,198.984,21.9071,-5.943999999999988,-0.20019999999999882,0,,,false,0.0,0.0,0.0,0.0,0.0,0.0,0.0
8a36048b-011f-43d9-b967-6d305e46f231,test_01,test_01_r5,31501104,dynamic_blockage,medium,R3,true,false,false,false,0.0,0.0,0,none,0.0,none,test_01-test_01_r5-blockage-r11-R3,test_01-test_01_r5-31501104-dynamic_blockage-medium,held_out_map_test,true,success,false,false,false,196.685,21.8939,-8.242999999999995,-0.21340000000000003,0,,,false,0.0,0.0,0.0,0.0,0.0,0.0,0.0
994d0a1d-dd95-430e-ae72-940ef6613730,test_01,test_01_r5,31501105,planner_oscillation,medium,R0,true,false,false,false,0.0,0.0,0,none,0.0,none,test_01-test_01_r5-oscillation-r11-R0,test_01-test_01_r5-31501105-planner_oscillation-medium,held_out_map_test,true,success,false,false,false,192.128,22.6155,0.0,0.0,0,,,false,0.0,0.0,0.0,0.0,0.0,0.0,0.0
a348954a-b8cd-4f86-8f32-2422772e3e43,test_01,test_01_r5,31501105,planner_oscillation,medium,R2,true,false,false,false,3.0870000000000175,0.1565999999999974,0,none,1.7001000000000062,none,test_01-test_01_r5-oscillation-r11-R2,test_01-test_01_r5-31501105-planner_oscillation-medium,held_out_map_test,true,success,false,false,false,195.215,22.7721,3.0870000000000175,0.1565999999999974,0,,,false,1.7001000000000062,0.0,0.0,0.0,1.5435000000000088,0.1565999999999974,0.0
b5f64e2b-25c3-4d8b-bbb4-a768282daab1,test_01,test_01_r5,31501105,planner_oscillation,medium,R3,true,false,false,false,0.0,0.07549999999999812,0,none,0.07549999999999812,none,test_01-test_01_r5-oscillation-r11-R3,test_01-test_01_r5-31501105-planner_oscillation-medium,held_out_map_test,true,success,false,false,false,191.535,22.691,-0.5929999999999893,0.07549999999999812,0,,,false,0.07549999999999812,0.0,0.0,0.0,0.0,0.07549999999999812,0.0
c507b780-83f6-47b3-b179-6d5b2800c04d,test_01,test_01_r5,31501106,semantic_corruption,medium,R0,true,false,false,false,0.0,0.0,0,none,0.0,none,test_01-test_01_r5-semantic-r11-R0,test_01-test_01_r5-31501106-semantic_corruption-medium,held_out_map_test,true,success,false,false,false,154.388,20.8566,0.0,0.0,0,,,false,0.0,0.0,0.0,0.0,0.0,0.0,0.0
ba90b6ba-2f70-4a55-a2c8-bb2169d21a6c,test_01,test_01_r5,31501106,semantic_corruption,medium,R2,true,false,false,false,4.135999999999996,0.18149999999999977,0,none,2.2494999999999976,none,test_01-test_01_r5-semantic-r11-R2,test_01-test_01_r5-31501106-semantic_corruption-medium,held_out_map_test,true,success,false,false,false,158.524,21.0381,4.135999999999996,0.18149999999999977,0,,,false,2.2494999999999976,0.0,0.0,0.0,2.067999999999998,0.18149999999999977,0.0
7962e4e6-74f8-4d01-9af3-8294ee725954,test_01,test_01_r5,31501106,semantic_corruption,medium,R3,true,false,false,false,2.98599999999999,0.14379999999999882,0,none,1.6367999999999938,none,test_01-test_01_r5-semantic-r11-R3,test_01-test_01_r5-31501106-semantic_corruption-medium,held_out_map_test,true,success,false,false,false,157.374,21.0004,2.98599999999999,0.14379999999999882,0,,,false,1.6367999999999938,0.0,0.0,0.0,1.492999999999995,0.14379999999999882,0.0
dc0a7835-3265-44c7-bc81-21a789bab960,test_01,test_01_r5,31501200,camera_occlusion,medium,R0,true,false,false,false,0.0,0.0,0,none,0.0,none,test_01-test_01_r5-camera-r12-R0,test_01-test_01_r5-31501200-camera_occlusion-medium,held_out_map_test,true,success,false,false,false,150.31,20.7154,0.0,0.0,0,,,false,0.0,0.0,0.0,0.0,0.0,0.0,0.0
8b356df9-b9ab-4ae5-a822-d12a753c2a3f,test_01,test_01_r5,31501200,camera_occlusion,medium,R2,true,false,false,false,6.576999999999998,0.08190000000000097,0,none,3.3704,none,test_01-test_01_r5-camera-r12-R2,test_01-test_01_r5-31501200-camera_occlusion-medium,held_out_map_test,true,success,false,false,false,156.887,20.7973,6.576999999999998,0.08190000000000097,0,,,false,3.3704,0.0,0.0,0.0,3.288499999999999,0.08190000000000097,0.0
9d575083-ff0f-47ee-8fb4-c476791f9669,test_01,test_01_r5,31501200,camera_occlusion,medium,R3,true,false,false,false,2.812000000000012,0.06380000000000052,0,none,1.4698000000000064,none,test_01-test_01_r5-camera-r12-R3,test_01-test_01_r5-31501200-camera_occlusion-medium,held_out_map_test,true,success,false,false,false,153.122,20.7792,2.812000000000012,0.06380000000000052,0,,,false,1.4698000000000064,0.0,0.0,0.0,1.406000000000006,0.06380000000000052,0.0
f3f16df0-88e0-4a79-8302-e52d6564e940,test_01,test_01_r5,31501201,lidar_dropout,medium,R0,true,false,false,false,0.0,0.0,0,none,0.0,none,test_01-test_01_r5-lidar-r12-R0,test_01-test_01_r5-31501201-lidar_dropout-medium,held_out_map_test,true,success,false,false,false,166.847,20.9024,0.0,0.0,0,,,false,0.0,0.0,0.0,0.0,0.0,0.0,0.0
e2fe0285-cb30-4afb-9c6b-75ff92c5fda2,test_01,test_01_r5,31501201,lidar_dropout,medium,R2,true,false,false,false,3.149000000000001,0.17040000000000077,0,none,1.7449000000000012,none,test_01-test_01_r5-lidar-r12-R2,test_01-test_01_r5-31501201-lidar_dropout-medium,held_out_map_test,true,success,false,false,false,169.996,21.0728,3.149000000000001,0.17040000000000077,0,,,false,1.7449000000000012,0.0,0.0,0.0,1.5745000000000005,0.17040000000000077,0.0
e925b846-57b4-4f3a-a1b4-662e5b927a56,test_01,test_01_r5,31501201,lidar_dropout,medium,R3,true,false,false,false,1.6639999999999873,0.014700000000001268,0,none,0.8466999999999949,none,test_01-test_01_r5-lidar-r12-R3,test_01-test_01_r5-31501201-lidar_dropout-medium,held_out_map_test,true,success,false,false,false,168.511,20.9171,1.6639999999999873,0.014700000000001268,0,,,false,0.8466999999999949,0.0,0.0,0.0,0.8319999999999936,0.014700000000001268,0.0
aa1a55e1-9700-48d6-a95a-b4df62ec535e,test_01,test_01_r5,31501202,wheel_slip,medium,R0,true,false,false,false,0.0,0.0,0,none,0.0,none,test_01-test_01_r5-wheel-r12-R0,test_01-test_01_r5-31501202-wheel_slip-medium,held_out_map_test,true,success,false,false,false,170.27,20.9148,0.0,0.0,0,,,false,0.0,0.0,0.0,0.0,0.0,0.0,0.0
ba7e39f8-063d-4815-be0a-26a844b5ba58,test_01,test_01_r5,31501202,wheel_slip,medium,R2,true,false,false,false,0.0,0.027499999999999858,0,none,0.027499999999999858,none,test_01-test_01_r5-wheel-r12-R2,test_01-test_01_r5-31501202-wheel_slip-medium,held_out_map_test,true,success,false,false,false,164.64,20.9423,-5.630000000000024,0.027499999999999858,0,,,false,0.027499999999999858,0.0,0.0,0.0,0.0,0.027499999999999858,0.0
59b781aa-9179-4dab-a9f2-90b1a414c27d,test_01,test_01_r5,31501202,wheel_slip,medium,R3,true,false,false,false,0.0,0.00590000000000046,0,none,0.00590000000000046,none,test_01-test_01_r5-wheel-r12-R3,test_01-test_01_r5-31501202-wheel_slip-medium,held_out_map_test,true,success,false,false,false,161.439,20.9207,-8.831000000000017,0.00590000000000046,0,,,false,0.00590000000000046,0.0,0.0,0.0,0.0,0.00590000000000046,0.0
d1b57a31-e3b8-4f22-af57-bf16737cc88a,test_01,test_01_r5,31501203,localisation_perturbation,medium,R0,true,false,false,false,0.0,0.0,0,none,0.0,none,test_01-test_01_r5-localisation-r12-R0,test_01-test_01_r5-31501203-localisation_perturbation-medium,held_out_map_test,true,success,false,false,false,170.882,21.812,0.0,0.0,0,,,false,0.0,0.0,0.0,0.0,0.0,0.0,0.0
c1979e35-4731-44a2-9bfd-8d67ac0639fe,test_01,test_01_r5,31501203,localisation_perturbation,medium,R2,true,false,false,false,0.0,0.0,0,none,0.0,none,test_01-test_01_r5-localisation-r12-R2,test_01-test_01_r5-31501203-localisation_perturbation-medium,held_out_map_test,true,success,false,false,false,163.114,21.2526,-7.768000000000001,-0.5594000000000001,0,,,false,0.0,0.0,0.0,0.0,0.0,0.0,0.0
c4d95779-778f-4ebe-90e3-7e495b60fee7,test_01,test_01_r5,31501203,localisation_perturbation,medium,R3,true,false,false,false,0.0,0.0,0,none,0.0,none,test_01-test_01_r5-localisation-r12-R3-infra-replacement-001,test_01-test_01_r5-31501203-localisation_perturbation-medium,held_out_map_test,true,success,false,false,false,160.671,21.6355,-10.211000000000013,-0.17650000000000077,0,,,false,0.0,0.0,0.0,0.0,0.0,0.0,0.0
35fa1676-2722-444f-9e67-2ac9e45a0d4a,test_01,test_01_r5,31501204,dynamic_blockage,medium,R0,true,false,false,false,0.0,0.0,0,none,0.0,none,test_01-test_01_r5-blockage-r12-R0,test_01-test_01_r5-31501204-dynamic_blockage-medium,held_out_map_test,true,success,false,false,false,185.77,21.8938,0.0,0.0,0,,,false,0.0,0.0,0.0,0.0,0.0,0.0,0.0
ae8c010a-0ce2-48b2-a7fd-517551c5809d,test_01,test_01_r5,31501204,dynamic_blockage,medium,R2,true,false,false,false,6.526999999999987,0.19430000000000192,0,none,3.4577999999999953,none,test_01-test_01_r5-blockage-r12-R2,test_01-test_01_r5-31501204-dynamic_blockage-medium,held_out_map_test,true,success,false,false,false,192.297,22.0881,6.526999999999987,0.19430000000000192,0,,,false,3.4577999999999953,0.0,0.0,0.0,3.2634999999999934,0.19430000000000192,0.0
64ecf2fe-e28a-4b1b-8e50-c9a72b51ea47,test_01,test_01_r5,31501204,dynamic_blockage,medium,R3,true,false,false,false,0.0,0.0,0,none,0.0,none,test_01-test_01_r5-blockage-r12-R3,test_01-test_01_r5-31501204-dynamic_blockage-medium,held_out_map_test,true,success,false,false,false,185.353,21.8842,-0.4170000000000016,-0.009599999999998943,0,,,false,0.0,0.0,0.0,0.0,0.0,0.0,0.0
454043a6-326a-4398-ab19-f21e91897657,test_01,test_01_r5,31501205,planner_oscillation,medium,R0,true,false,false,false,0.0,0.0,0,none,0.0,none,test_01-test_01_r5-oscillation-r12-R0,test_01-test_01_r5-31501205-planner_oscillation-medium,held_out_map_test,true,success,false,false,false,197.403,22.6852,0.0,0.0,0,,,false,0.0,0.0,0.0,0.0,0.0,0.0,0.0
82fd54c7-9798-4bfb-858f-487e36d90340,test_01,test_01_r5,31501205,planner_oscillation,medium,R2,false,false,false,false,0.0,0.050600000000002865,0,none,40.0506,none,test_01-test_01_r5-oscillation-r12-R2,test_01-test_01_r5-31501205-planner_oscillation-medium,held_out_map_test,true,false_arrival,true,false,false,197.286,22.7358,-0.11699999999999022,0.050600000000002865,0,,,false,40.0506,0.0,40.0,0.0,0.0,0.050600000000002865,0.0
fb69688c-2803-4ca9-8ade-28fbb913b1e2,test_01,test_01_r5,31501205,planner_oscillation,medium,R3,true,false,false,false,0.0,0.027600000000003178,0,none,0.027600000000003178,none,test_01-test_01_r5-oscillation-r12-R3,test_01-test_01_r5-31501205-planner_oscillation-medium,held_out_map_test,true,success,false,false,false,196.73,22.7128,-0.6730000000000018,0.027600000000003178,0,,,false,0.027600000000003178,0.0,0.0,0.0,0.0,0.027600000000003178,0.0
afaac4c0-9a30-4d00-ae22-9cbfc88c0ab5,test_01,test_01_r5,31501206,semantic_corruption,medium,R0,true,false,false,false,0.0,0.0,0,none,0.0,none,test_01-test_01_r5-semantic-r12-R0,test_01-test_01_r5-31501206-semantic_corruption-medium,held_out_map_test,true,success,false,false,false,156.341,21.0702,0.0,0.0,0,,,false,0.0,0.0,0.0,0.0,0.0,0.0,0.0
5615d623-6e6a-489c-977b-60a646aae155,test_01,test_01_r5,31501206,semantic_corruption,medium,R2,true,false,false,false,0.0,0.0,0,none,0.0,none,test_01-test_01_r5-semantic-r12-R2,test_01-test_01_r5-31501206-semantic_corruption-medium,held_out_map_test,true,success,false,false,false,154.235,20.937,-2.1059999999999945,-0.13319999999999865,0,,,false,0.0,0.0,0.0,0.0,0.0,0.0,0.0
168a5a14-1987-496e-bbe2-f9e0257ccc58,test_01,test_01_r5,31501206,semantic_corruption,medium,R3,true,false,false,false,0.0,0.0,0,none,0.0,none,test_01-test_01_r5-semantic-r12-R3,test_01-test_01_r5-31501206-semantic_corruption-medium,held_out_map_test,true,success,false,false,false,154.5,20.9001,-1.8410000000000082,-0.17010000000000147,0,,,false,0.0,0.0,0.0,0.0,0.0,0.0,0.0
74465255-22ea-4973-9018-ba08556832b9,test_01,test_01_r5,31501300,camera_occlusion,medium,R0,true,false,false,false,0.0,0.0,0,none,0.0,none,test_01-test_01_r5-camera-r13-R0,test_01-test_01_r5-31501300-camera_occlusion-medium,held_out_map_test,true,success,false,false,false,153.639,20.7174,0.0,0.0,0,,,false,0.0,0.0,0.0,0.0,0.0,0.0,0.0
55a56d35-6293-49ad-a245-a545e450b0f6,test_01,test_01_r5,31501300,camera_occlusion,medium,R2,true,false,false,false,0.0,0.0,0,none,0.0,none,test_01-test_01_r5-camera-r13-R2,test_01-test_01_r5-31501300-camera_occlusion-medium,held_out_map_test,true,success,false,false,false,152.631,20.7087,-1.0080000000000098,-0.00870000000000104,0,,,false,0.0,0.0,0.0,0.0,0.0,0.0,0.0
88b8dd32-eba1-426f-a3d4-fb2a125e926b,test_01,test_01_r5,31501300,camera_occlusion,medium,R3,true,false,false,false,0.0,0.10339999999999705,0,none,0.10339999999999705,none,test_01-test_01_r5-camera-r13-R3,test_01-test_01_r5-31501300-camera_occlusion-medium,held_out_map_test,true,success,false,false,false,153.283,20.8208,-0.35600000000002296,0.10339999999999705,0,,,false,0.10339999999999705,0.0,0.0,0.0,0.0,0.10339999999999705,0.0
fa05a91b-35b2-4f93-b9b2-083086656351,test_01,test_01_r5,31501301,lidar_dropout,medium,R0,true,false,false,false,0.0,0.0,0,none,0.0,none,test_01-test_01_r5-lidar-r13-R0,test_01-test_01_r5-31501301-lidar_dropout-medium,held_out_map_test,true,success,false,false,false,167.468,20.9827,0.0,0.0,0,,,false,0.0,0.0,0.0,0.0,0.0,0.0,0.0
2142d805-10b2-4986-bf1f-6c7cff5d2fb5,test_01,test_01_r5,31501301,lidar_dropout,medium,R2,true,false,false,false,0.0,0.013199999999997658,0,none,0.013199999999997658,none,test_01-test_01_r5-lidar-r13-R2,test_01-test_01_r5-31501301-lidar_dropout-medium,held_out_map_test,true,success,false,false,false,166.167,20.9959,-1.3009999999999877,0.013199999999997658,0,,,false,0.013199999999997658,0.0,0.0,0.0,0.0,0.013199999999997658,0.0
bbcabd92-6ffb-4308-8256-a61e20258f0e,test_01,test_01_r5,31501301,lidar_dropout,medium,R3,true,false,false,false,0.0,0.0,0,none,0.0,none,test_01-test_01_r5-lidar-r13-R3,test_01-test_01_r5-31501301-lidar_dropout-medium,held_out_map_test,true,success,false,false,false,163.856,20.9735,-3.6119999999999948,-0.009199999999999875,0,,,false,0.0,0.0,0.0,0.0,0.0,0.0,0.0
0222a692-1303-4a39-b920-36fbfad58760,test_01,test_01_r5,31501302,wheel_slip,medium,R0,true,false,false,false,0.0,0.0,0,none,0.0,none,test_01-test_01_r5-wheel-r13-R0,test_01-test_01_r5-31501302-wheel_slip-medium,held_out_map_test,true,success,false,false,false,164.667,20.9636,0.0,0.0,0,,,false,0.0,0.0,0.0,0.0,0.0,0.0,0.0
d10cfbcd-577e-43b0-ad12-dd6e9514359a,test_01,test_01_r5,31501302,wheel_slip,medium,R2,true,false,false,false,0.0,0.0,0,none,0.0,none,test_01-test_01_r5-wheel-r13-R2,test_01-test_01_r5-31501302-wheel_slip-medium,held_out_map_test,true,success,false,false,false,159.049,20.9048,-5.617999999999995,-0.058799999999997965,0,,,false,0.0,0.0,0.0,0.0,0.0,0.0,0.0
be44942a-f00a-4600-a25b-f747a9581b49,test_01,test_01_r5,31501302,wheel_slip,medium,R3,true,false,false,false,0.0,0.0,0,none,0.0,none,test_01-test_01_r5-wheel-r13-R3,test_01-test_01_r5-31501302-wheel_slip-medium,held_out_map_test,true,success,false,false,false,160.788,20.9343,-3.8789999999999907,-0.029299999999999216,0,,,false,0.0,0.0,0.0,0.0,0.0,0.0,0.0
1296f54d-2bcf-44ca-ad06-e8012972f188,test_01,test_01_r5,31501303,localisation_perturbation,medium,R0,true,false,false,false,0.0,0.0,0,none,0.0,none,test_01-test_01_r5-localisation-r13-R0,test_01-test_01_r5-31501303-localisation_perturbation-medium,held_out_map_test,true,success,false,false,false,169.505,21.3002,0.0,0.0,0,,,false,0.0,0.0,0.0,0.0,0.0,0.0,0.0
c20b5316-7a86-48fa-9e33-a2b76c27cf31,test_01,test_01_r5,31501303,localisation_perturbation,medium,R2,true,false,false,false,0.0,0.062300000000000466,0,none,0.062300000000000466,none,test_01-test_01_r5-localisation-r13-R2,test_01-test_01_r5-31501303-localisation_perturbation-medium,held_out_map_test,true,success,false,false,false,167.37,21.3625,-2.134999999999991,0.062300000000000466,0,,,false,0.062300000000000466,0.0,0.0,0.0,0.0,0.062300000000000466,0.0
214a1cc4-b10a-4da7-a21b-f9edde8de9f5,test_01,test_01_r5,31501303,localisation_perturbation,medium,R3,true,false,false,false,0.0,0.1620999999999988,0,none,0.1620999999999988,none,test_01-test_01_r5-localisation-r13-R3,test_01-test_01_r5-31501303-localisation_perturbation-medium,held_out_map_test,true,success,false,false,false,167.761,21.4623,-1.7439999999999998,0.1620999999999988,0,,,false,0.1620999999999988,0.0,0.0,0.0,0.0,0.1620999999999988,0.0
675779d3-bfb8-41ec-93f8-0b80b00c1026,test_01,test_01_r5,31501304,dynamic_blockage,medium,R0,true,false,false,false,0.0,0.0,0,none,0.0,none,test_01-test_01_r5-blockage-r13-R0,test_01-test_01_r5-31501304-dynamic_blockage-medium,held_out_map_test,true,success,false,false,false,192.026,21.944,0.0,0.0,0,,,false,0.0,0.0,0.0,0.0,0.0,0.0,0.0
43ae172f-b78c-4e28-a283-b112733afb88,test_01,test_01_r5,31501304,dynamic_blockage,medium,R2,true,false,false,false,0.0,0.33270000000000266,0,none,0.33270000000000266,none,test_01-test_01_r5-blockage-r13-R2,test_01-test_01_r5-31501304-dynamic_blockage-medium,held_out_map_test,true,success,false,false,false,191.402,22.2767,-0.6240000000000236,0.33270000000000266,0,,,false,0.33270000000000266,0.0,0.0,0.0,0.0,0.33270000000000266,0.0
ec27461f-b6f8-4901-b65e-de1bd96b43b3,test_01,test_01_r5,31501304,dynamic_blockage,medium,R3,true,false,false,false,0.0,0.032099999999999795,0,none,0.032099999999999795,none,test_01-test_01_r5-blockage-r13-R3,test_01-test_01_r5-31501304-dynamic_blockage-medium,held_out_map_test,true,success,false,false,false,186.348,21.9761,-5.677999999999997,0.032099999999999795,0,,,false,0.032099999999999795,0.0,0.0,0.0,0.0,0.032099999999999795,0.0
ea1a2675-0bfa-4ef0-a407-57ac73466133,test_01,test_01_r5,31501305,planner_oscillation,medium,R0,true,false,false,false,0.0,0.0,0,none,0.0,none,test_01-test_01_r5-oscillation-r13-R0,test_01-test_01_r5-31501305-planner_oscillation-medium,held_out_map_test,true,success,false,false,false,187.361,22.6368,0.0,0.0,0,,,false,0.0,0.0,0.0,0.0,0.0,0.0,0.0
8b0d47b5-a505-48f5-ab1e-bbdb4d1a295e,test_01,test_01_r5,31501305,planner_oscillation,medium,R2,true,false,false,false,9.393,0.030799999999999272,0,none,4.7273,none,test_01-test_01_r5-oscillation-r13-R2,test_01-test_01_r5-31501305-planner_oscillation-medium,held_out_map_test,true,success,false,false,false,196.754,22.6676,9.393,0.030799999999999272,0,,,false,4.7273,0.0,0.0,0.0,4.6965,0.030799999999999272,0.0
93fcc8de-d82d-4b93-86f3-13ad941d3f4b,test_01,test_01_r5,31501305,planner_oscillation,medium,R3,true,false,false,false,5.659999999999997,0.0,0,none,2.8299999999999983,none,test_01-test_01_r5-oscillation-r13-R3,test_01-test_01_r5-31501305-planner_oscillation-medium,held_out_map_test,true,success,false,false,false,193.021,22.6037,5.659999999999997,-0.03310000000000102,0,,,false,2.8299999999999983,0.0,0.0,0.0,2.8299999999999983,0.0,0.0
2aa27fd3-78c7-4b8d-8041-d3650d54ea4f,test_01,test_01_r5,31501306,semantic_corruption,medium,R0,true,false,false,false,0.0,0.0,0,none,0.0,none,test_01-test_01_r5-semantic-r13-R0,test_01-test_01_r5-31501306-semantic_corruption-medium,held_out_map_test,true,success,false,false,false,160.681,21.1671,0.0,0.0,0,,,false,0.0,0.0,0.0,0.0,0.0,0.0,0.0
83222cde-779b-438f-b01f-3590a0d9668d,test_01,test_01_r5,31501306,semantic_corruption,medium,R2,true,false,false,false,0.0,0.0,0,none,0.0,none,test_01-test_01_r5-semantic-r13-R2,test_01-test_01_r5-31501306-semantic_corruption-medium,held_out_map_test,true,success,false,false,false,154.652,20.9623,-6.029000000000025,-0.2048000000000023,0,,,false,0.0,0.0,0.0,0.0,0.0,0.0,0.0
994669ce-afe9-4ded-863d-ced4fe1c1ac8,test_01,test_01_r5,31501306,semantic_corruption,medium,R3,true,false,false,false,50.51299999999998,0.10889999999999844,0,none,15.108899999999998,none,test_01-test_01_r5-semantic-r13-R3,test_01-test_01_r5-31501306-semantic_corruption-medium,held_out_map_test,true,success,false,false,false,211.194,21.276,50.51299999999998,0.10889999999999844,0,,,false,15.108899999999998,0.0,0.0,0.0,15.0,0.10889999999999844,0.0
24628c19-3720-4afd-b63b-379ee3bef7bb,test_02,test_02_r0,32001000,camera_occlusion,medium,R0,true,false,false,false,0.0,0.0,0,none,0.0,none,test_02-test_02_r0-camera-r10-R0,test_02-test_02_r0-32001000-camera_occlusion-medium,held_out_map_test,true,success,false,false,false,75.322,6.8912,0.0,0.0,0,,,false,0.0,0.0,0.0,0.0,0.0,0.0,0.0
679508ca-5bbc-43a6-9544-7059080164c9,test_02,test_02_r0,32001000,camera_occlusion,medium,R2,true,false,false,false,0.0,0.0,0,none,0.0,none,test_02-test_02_r0-camera-r10-R2,test_02-test_02_r0-32001000-camera_occlusion-medium,held_out_map_test,true,success,false,false,false,60.362,5.9716,-14.96,-0.9196000000000009,0,,,false,0.0,0.0,0.0,0.0,0.0,0.0,0.0
34149120-fc98-42d5-89fa-30ccace73809,test_02,test_02_r0,32001000,camera_occlusion,medium,R3,true,false,false,false,0.0,0.0,0,none,0.0,none,test_02-test_02_r0-camera-r10-R3,test_02-test_02_r0-32001000-camera_occlusion-medium,held_out_map_test,true,success,false,false,false,62.4,6.2084,-12.922000000000004,-0.6828000000000003,0,,,false,0.0,0.0,0.0,0.0,0.0,0.0,0.0
7695546b-8e52-4c58-8c8b-554e4643e6db,test_02,test_02_r0,32001001,lidar_dropout,medium,R0,true,false,false,false,0.0,0.0,0,none,0.0,none,test_02-test_02_r0-lidar-r10-R0,test_02-test_02_r0-32001001-lidar_dropout-medium,held_out_map_test,true,success,false,false,false,65.289,6.4828,0.0,0.0,0,,,false,0.0,0.0,0.0,0.0,0.0,0.0,0.0
23519422-2ed7-42d9-bfde-d5dd015126d4,test_02,test_02_r0,32001001,lidar_dropout,medium,R2,true,false,false,false,0.0,0.0,0,none,0.0,none,test_02-test_02_r0-lidar-r10-R2,test_02-test_02_r0-32001001-lidar_dropout-medium,held_out_map_test,true,success,false,false,false,60.366,6.4425,-4.923000000000002,-0.040300000000000225,1,23.317,,false,0.0,0.0,0.0,0.0,0.0,0.0,0.0
96c598ca-f988-49f3-b62b-626bcdf7a94a,test_02,test_02_r0,32001001,lidar_dropout,medium,R3,true,false,false,false,0.0,0.0,0,none,0.0,none,test_02-test_02_r0-lidar-r10-R3,test_02-test_02_r0-32001001-lidar_dropout-medium,held_out_map_test,true,success,false,false,false,56.013,6.3604,-9.276000000000003,-0.12239999999999984,1,24.112,,false,0.0,0.0,0.0,0.0,0.0,0.0,0.0
44ecda7f-debe-45de-add8-c6bc437de9d9,test_02,test_02_r0,32001002,wheel_slip,medium,R0,true,false,false,false,0.0,0.0,0,none,0.0,none,test_02-test_02_r0-wheel-r10-R0,test_02-test_02_r0-32001002-wheel_slip-medium,held_out_map_test,true,success,false,false,false,83.588,6.6903,0.0,0.0,0,,,false,0.0,0.0,0.0,0.0,0.0,0.0,0.0
931b0115-1329-45a6-93aa-3602fc12cb9b,test_02,test_02_r0,32001002,wheel_slip,medium,R2,true,false,false,false,25.153000000000006,0.5747,0,none,13.151200000000003,none,test_02-test_02_r0-wheel-r10-R2,test_02-test_02_r0-32001002-wheel_slip-medium,held_out_map_test,true,success,false,false,false,108.741,7.265,25.153000000000006,0.5747,0,,,false,13.151200000000003,0.0,0.0,0.0,12.576500000000003,0.5747,0.0
53e6e3cd-748c-4352-8eb1-bc635ad48357,test_02,test_02_r0,32001002,wheel_slip,medium,R3,true,false,false,false,0.0,0.0,0,none,0.0,none,test_02-test_02_r0-wheel-r10-R3,test_02-test_02_r0-32001002-wheel_slip-medium,held_out_map_test,true,success,false,false,false,59.095,6.4297,-24.492999999999995,-0.2605999999999993,0,,,false,0.0,0.0,0.0,0.0,0.0,0.0,0.0
b61955f2-bf12-43c0-8dd6-cc5fb9889d20,test_02,test_02_r0,32001003,localisation_perturbation,medium,R0,true,false,false,false,0.0,0.0,0,none,0.0,none,test_02-test_02_r0-localisation-r10-R0,test_02-test_02_r0-32001003-localisation_perturbation-medium,held_out_map_test,true,success,false,false,false,66.242,6.5203,0.0,0.0,0,,,false,0.0,0.0,0.0,0.0,0.0,0.0,0.0
1fabfd7a-9599-4f8c-97bc-bb475e49b4ab,test_02,test_02_r0,32001003,localisation_perturbation,medium,R2,true,false,false,false,4.635999999999996,0.0,0,none,2.317999999999998,none,test_02-test_02_r0-localisation-r10-R2,test_02-test_02_r0-32001003-localisation_perturbation-medium,held_out_map_test,true,success,false,false,false,70.878,6.3816,4.635999999999996,-0.13870000000000005,0,,,false,2.317999999999998,0.0,0.0,0.0,2.317999999999998,0.0,0.0
4dc83387-9050-41d4-a9d7-a2aebe474163,test_02,test_02_r0,32001003,localisation_perturbation,medium,R3,true,false,false,false,0.0,0.0,0,none,0.0,none,test_02-test_02_r0-localisation-r10-R3,test_02-test_02_r0-32001003-localisation_perturbation-medium,held_out_map_test,true,success,false,false,false,63.919,6.3666,-2.3230000000000075,-0.15369999999999973,0,,,false,0.0,0.0,0.0,0.0,0.0,0.0,0.0
61e0a762-929f-4d1f-b626-c730843153a1,test_02,test_02_r0,32001004,dynamic_blockage,medium,R0,true,false,false,false,0.0,0.0,0,none,0.0,none,test_02-test_02_r0-blockage-r10-R0-infra-replacement-001,test_02-test_02_r0-32001004-dynamic_blockage-medium,held_out_map_test,true,success,false,false,false,71.275,8.1443,0.0,0.0,0,,,false,0.0,0.0,0.0,0.0,0.0,0.0,0.0
7c403a78-e7f0-4b2a-8eac-efe2522282da,test_02,test_02_r0,32001004,dynamic_blockage,medium,R2,true,false,false,false,5.74199999999999,0.0,0,none,2.870999999999995,none,test_02-test_02_r0-blockage-r10-R2,test_02-test_02_r0-32001004-dynamic_blockage-medium,held_out_map_test,true,success,false,false,false,77.017,8.138,5.74199999999999,-0.006299999999999528,0,,,false,2.870999999999995,0.0,0.0,0.0,2.870999999999995,0.0,0.0
c54c9906-1967-420a-bd52-048e3b1e644a,test_02,test_02_r0,32001004,dynamic_blockage,medium,R3,true,false,false,false,6.628,0.03420000000000023,0,none,3.3482000000000003,none,test_02-test_02_r0-blockage-r10-R3,test_02-test_02_r0-32001004-dynamic_blockage-medium,held_out_map_test,true,success,false,false,false,77.903,8.1785,6.628,0.03420000000000023,1,84.425,,false,3.3482000000000003,0.0,0.0,0.0,3.314,0.03420000000000023,0.0
ac1eab82-02f0-4778-94ac-526c0a803c5b,test_02,test_02_r0,32001005,planner_oscillation,medium,R0,true,false,false,false,0.0,0.0,0,none,0.0,none,test_02-test_02_r0-oscillation-r10-R0,test_02-test_02_r0-32001005-planner_oscillation-medium,held_out_map_test,true,success,false,false,false,82.61,8.2512,0.0,0.0,0,,,false,0.0,0.0,0.0,0.0,0.0,0.0,0.0
4ba78cac-d912-40fb-b650-465459476dc6,test_02,test_02_r0,32001005,planner_oscillation,medium,R2,true,false,false,false,0.0,0.0,0,none,0.0,none,test_02-test_02_r0-oscillation-r10-R2,test_02-test_02_r0-32001005-planner_oscillation-medium,held_out_map_test,true,success,false,false,false,82.442,8.0934,-0.16800000000000637,-0.15779999999999994,0,,,false,0.0,0.0,0.0,0.0,0.0,0.0,0.0
709919bc-6cac-4110-b61f-5ff72229361a,test_02,test_02_r0,32001005,planner_oscillation,medium,R3,true,false,false,false,0.0,0.0,0,none,0.0,none,test_02-test_02_r0-oscillation-r10-R3,test_02-test_02_r0-32001005-planner_oscillation-medium,held_out_map_test,true,success,false,false,false,81.196,8.2012,-1.4140000000000015,-0.05000000000000071,0,,,false,0.0,0.0,0.0,0.0,0.0,0.0,0.0
dcae6b9d-311b-4597-8ab2-369e2ad02acf,test_02,test_02_r0,32001006,semantic_corruption,medium,R0,true,false,false,false,0.0,0.0,0,none,0.0,none,test_02-test_02_r0-semantic-r10-R0,test_02-test_02_r0-32001006-semantic_corruption-medium,held_out_map_test,true,success,false,false,false,58.425,6.3679,0.0,0.0,0,,,false,0.0,0.0,0.0,0.0,0.0,0.0,0.0
64c23b5a-96e6-4f5a-994a-d75737c5d02a,test_02,test_02_r0,32001006,semantic_corruption,medium,R2,true,false,false,false,15.350000000000009,0.8967,0,none,8.571700000000003,none,test_02-test_02_r0-semantic-r10-R2,test_02-test_02_r0-32001006-semantic_corruption-medium,held_out_map_test,true,success,false,false,false,73.775,7.2646,15.350000000000009,0.8967,0,,,false,8.571700000000003,0.0,0.0,0.0,7.675000000000004,0.8967,0.0
8e6cc9cf-cb52-4d9d-974a-9bad1224d95f,test_02,test_02_r0,32001006,semantic_corruption,medium,R3,true,false,false,false,0.027000000000001023,0.2744,0,none,0.2879000000000005,none,test_02-test_02_r0-semantic-r10-R3,test_02-test_02_r0-32001006-semantic_corruption-medium,held_out_map_test,true,success,false,false,false,58.452,6.6423,0.027000000000001023,0.2744,1,64.657,,false,0.2879000000000005,0.0,0.0,0.0,0.013500000000000512,0.2744,0.0
24680414-c872-48b1-b3f5-8f331bd8b058,test_02,test_02_r0,32001100,camera_occlusion,medium,R0,true,false,false,false,0.0,0.0,0,none,0.0,none,test_02-test_02_r0-camera-r11-R0,test_02-test_02_r0-32001100-camera_occlusion-medium,held_out_map_test,true,success,false,false,false,59.785,5.9759,0.0,0.0,0,,,false,0.0,0.0,0.0,0.0,0.0,0.0,0.0
e08d06a6-25ec-4e11-a5cf-b4408d8cfb09,test_02,test_02_r0,32001100,camera_occlusion,medium,R2,true,false,false,false,0.0,0.01159999999999961,0,none,0.01159999999999961,none,test_02-test_02_r0-camera-r11-R2,test_02-test_02_r0-32001100-camera_occlusion-medium,held_out_map_test,true,success,false,false,false,58.873,5.9875,-0.911999999999999,0.01159999999999961,0,,,false,0.01159999999999961,0.0,0.0,0.0,0.0,0.01159999999999961,0.0
4fc9aad3-dd69-4909-85c2-c0e10610d303,test_02,test_02_r0,32001100,camera_occlusion,medium,R3,true,false,false,false,0.0,0.0,0,none,0.0,none,test_02-test_02_r0-camera-r11-R3,test_02-test_02_r0-32001100-camera_occlusion-medium,held_out_map_test,true,success,false,false,false,55.712,5.852,-4.072999999999993,-0.1238999999999999,0,,,false,0.0,0.0,0.0,0.0,0.0,0.0,0.0
7733a62f-e453-42c5-ae6a-5a492c9cacab,test_02,test_02_r0,32001101,lidar_dropout,medium,R0,true,false,false,false,0.0,0.0,0,none,0.0,none,test_02-test_02_r0-lidar-r11-R0,test_02-test_02_r0-32001101-lidar_dropout-medium,held_out_map_test,true,success,false,false,false,63.409,6.4084,0.0,0.0,0,,,false,0.0,0.0,0.0,0.0,0.0,0.0,0.0
d0e230df-cd6f-417b-9dd2-e7f72b265fd1,test_02,test_02_r0,32001101,lidar_dropout,medium,R2,true,false,false,false,0.0,0.0,0,none,0.0,none,test_02-test_02_r0-lidar-r11-R2,test_02-test_02_r0-32001101-lidar_dropout-medium,held_out_map_test,true,success,false,false,false,60.999,6.379,-2.4099999999999966,-0.02940000000000076,1,23.479000000000003,,false,0.0,0.0,0.0,0.0,0.0,0.0,0.0
550fb016-2489-4fe7-bf11-95af76a626e6,test_02,test_02_r0,32001101,lidar_dropout,medium,R3,true,false,false,false,0.0,0.0,0,none,0.0,none,test_02-test_02_r0-lidar-r11-R3,test_02-test_02_r0-32001101-lidar_dropout-medium,held_out_map_test,true,success,false,false,false,61.116,6.3309,-2.2929999999999993,-0.07750000000000057,1,23.26,,false,0.0,0.0,0.0,0.0,0.0,0.0,0.0
9c339fbf-24f2-4e29-932d-b8524df576d3,test_02,test_02_r0,32001102,wheel_slip,medium,R0,true,false,false,false,0.0,0.0,0,none,0.0,none,test_02-test_02_r0-wheel-r11-R0,test_02-test_02_r0-32001102-wheel_slip-medium,held_out_map_test,true,success,false,false,false,60.276,6.4457,0.0,0.0,0,,,false,0.0,0.0,0.0,0.0,0.0,0.0,0.0
80d1771c-98f9-42e2-bc35-20f498ae4e12,test_02,test_02_r0,32001102,wheel_slip,medium,R2,true,false,false,false,0.0,0.0,0,none,0.0,none,test_02-test_02_r0-wheel-r11-R2,test_02-test_02_r0-32001102-wheel_slip-medium,held_out_map_test,true,success,false,false,false,58.67,6.3982,-1.6060000000000016,-0.04750000000000032,0,,,false,0.0,0.0,0.0,0.0,0.0,0.0,0.0
8bc75a83-c3eb-45be-8c0b-dd8edf7601c8,test_02,test_02_r0,32001102,wheel_slip,medium,R3,true,false,false,false,0.0,0.011099999999999888,0,none,0.011099999999999888,none,test_02-test_02_r0-wheel-r11-R3,test_02-test_02_r0-32001102-wheel_slip-medium,held_out_map_test,true,success,false,false,false,58.001,6.4568,-2.2750000000000057,0.011099999999999888,0,,,false,0.011099999999999888,0.0,0.0,0.0,0.0,0.011099999999999888,0.0
683a3b17-ca43-4514-a8e4-16d2ef591242,test_02,test_02_r0,32001103,localisation_perturbation,medium,R0,true,false,false,false,0.0,0.0,0,none,0.0,none,test_02-test_02_r0-localisation-r11-R0,test_02-test_02_r0-32001103-localisation_perturbation-medium,held_out_map_test,true,success,false,false,false,68.52,6.724,0.0,0.0,0,,,false,0.0,0.0,0.0,0.0,0.0,0.0,0.0
dd7b4a34-8fee-4f3c-b72f-95dc202e4650,test_02,test_02_r0,32001103,localisation_perturbation,medium,R2,true,false,false,false,5.695000000000007,0.18369999999999997,0,none,3.0312000000000037,none,test_02-test_02_r0-localisation-r11-R2,test_02-test_02_r0-32001103-localisation_perturbation-medium,held_out_map_test,true,success,false,false,false,74.215,6.9077,5.695000000000007,0.18369999999999997,0,,,false,3.0312000000000037,0.0,0.0,0.0,2.8475000000000037,0.18369999999999997,0.0
2bcf5f75-dd38-45a0-90f8-f57bf2df721e,test_02,test_02_r0,32001103,localisation_perturbation,medium,R3,true,false,false,false,0.0,0.0,0,none,0.0,none,test_02-test_02_r0-localisation-r11-R3,test_02-test_02_r0-32001103-localisation_perturbation-medium,held_out_map_test,true,success,false,false,false,58.391,6.3869,-10.128999999999998,-0.3371000000000004,0,,,false,0.0,0.0,0.0,0.0,0.0,0.0,0.0
ba257693-375a-4e9c-8b84-8226340ed188,test_02,test_02_r0,32001104,dynamic_blockage,medium,R0,true,false,false,false,0.0,0.0,0,none,0.0,none,test_02-test_02_r0-blockage-r11-R0,test_02-test_02_r0-32001104-dynamic_blockage-medium,held_out_map_test,true,success,false,false,false,89.947,8.1353,0.0,0.0,0,,,false,0.0,0.0,0.0,0.0,0.0,0.0,0.0
79860de9-3e59-4817-adee-488a22854083,test_02,test_02_r0,32001104,dynamic_blockage,medium,R2,true,false,false,false,0.0,0.0,0,none,0.0,none,test_02-test_02_r0-blockage-r11-R2,test_02-test_02_r0-32001104-dynamic_blockage-medium,held_out_map_test,true,success,false,false,false,88.217,8.0726,-1.730000000000004,-0.06270000000000131,0,,,false,0.0,0.0,0.0,0.0,0.0,0.0,0.0
cb4d6005-5369-4d8c-8d10-e7b6741b7bc3,test_02,test_02_r0,32001104,dynamic_blockage,medium,R3,true,false,false,false,0.0,0.0,0,none,0.0,none,test_02-test_02_r0-blockage-r11-R3,test_02-test_02_r0-32001104-dynamic_blockage-medium,held_out_map_test,true,success,false,false,false,87.262,8.0905,-2.6850000000000023,-0.044800000000000395,0,,,false,0.0,0.0,0.0,0.0,0.0,0.0,0.0
9c590d98-87a1-4637-bc86-81817e18aecd,test_02,test_02_r0,32001105,planner_oscillation,medium,R0,true,false,false,false,0.0,0.0,0,none,0.0,none,test_02-test_02_r0-oscillation-r11-R0,test_02-test_02_r0-32001105-planner_oscillation-medium,held_out_map_test,true,success,false,false,false,82.819,8.1902,0.0,0.0,0,,,false,0.0,0.0,0.0,0.0,0.0,0.0,0.0
2eccaaf2-514c-4fd3-a5b0-dfaf9cc51983,test_02,test_02_r0,32001105,planner_oscillation,medium,R2,true,false,false,false,0.0,0.0,0,none,0.0,none,test_02-test_02_r0-oscillation-r11-R2,test_02-test_02_r0-32001105-planner_oscillation-medium,held_out_map_test,true,success,false,false,false,79.99,8.1566,-2.8290000000000077,-0.03360000000000163,0,,,false,0.0,0.0,0.0,0.0,0.0,0.0,0.0
fc40141c-c046-4959-8c34-0a02013a0b5c,test_02,test_02_r0,32001105,planner_oscillation,medium,R3,true,false,false,false,0.0,0.0,0,none,0.0,none,test_02-test_02_r0-oscillation-r11-R3,test_02-test_02_r0-32001105-planner_oscillation-medium,held_out_map_test,true,success,false,false,false,80.494,8.1693,-2.325000000000003,-0.02090000000000103,0,,,false,0.0,0.0,0.0,0.0,0.0,0.0,0.0
b2cb4996-937c-428c-820b-d8ef6ba297b0,test_02,test_02_r0,32001106,semantic_corruption,medium,R0,true,false,false,false,0.0,0.0,0,none,0.0,none,test_02-test_02_r0-semantic-r11-R0,test_02-test_02_r0-32001106-semantic_corruption-medium,held_out_map_test,true,success,false,false,false,55.966,6.4253,0.0,0.0,0,,,false,0.0,0.0,0.0,0.0,0.0,0.0,0.0
626f0a22-6f05-40ed-a002-0ddb2d9a2020,test_02,test_02_r0,32001106,semantic_corruption,medium,R2,true,false,false,false,0.6389999999999958,0.020400000000000418,0,none,0.3398999999999983,none,test_02-test_02_r0-semantic-r11-R2,test_02-test_02_r0-32001106-semantic_corruption-medium,held_out_map_test,true,success,false,false,false,56.605,6.4457,0.6389999999999958,0.020400000000000418,1,64.652,,false,0.3398999999999983,0.0,0.0,0.0,0.3194999999999979,0.020400000000000418,0.0
a19a1867-5e0c-4e33-816a-be1bedb648c7,test_02,test_02_r0,32001106,semantic_corruption,medium,R3,true,false,false,false,1.1799999999999997,0.02970000000000006,0,none,0.6196999999999999,none,test_02-test_02_r0-semantic-r11-R3,test_02-test_02_r0-32001106-semantic_corruption-medium,held_out_map_test,true,success,false,false,false,57.146,6.455,1.1799999999999997,0.02970000000000006,0,,,false,0.6196999999999999,0.0,0.0,0.0,0.5899999999999999,0.02970000000000006,0.0
85991f41-ee52-471b-bbfc-38d549e5ee7b,test_02,test_02_r0,32001200,camera_occlusion,medium,R0,true,false,false,false,0.0,0.0,0,none,0.0,none,test_02-test_02_r0-camera-r12-R0,test_02-test_02_r0-32001200-camera_occlusion-medium,held_out_map_test,true,success,false,false,false,62.325,6.2505,0.0,0.0,0,,,false,0.0,0.0,0.0,0.0,0.0,0.0,0.0
76e5a9a3-a770-433d-8f64-ec4854875200,test_02,test_02_r0,32001200,camera_occlusion,medium,R2,true,false,false,false,0.0,0.0,0,none,0.0,none,test_02-test_02_r0-camera-r12-R2,test_02-test_02_r0-32001200-camera_occlusion-medium,held_out_map_test,true,success,false,false,false,60.698,6.0785,-1.6270000000000024,-0.1719999999999997,0,,,false,0.0,0.0,0.0,0.0,0.0,0.0,0.0
f86c2552-c577-4948-b8c6-60b67197714b,test_02,test_02_r0,32001200,camera_occlusion,medium,R3,true,false,false,false,0.0,0.0,0,none,0.0,none,test_02-test_02_r0-camera-r12-R3,test_02-test_02_r0-32001200-camera_occlusion-medium,held_out_map_test,true,success,false,false,false,58.28,5.9102,-4.045000000000002,-0.34030000000000005,0,,,false,0.0,0.0,0.0,0.0,0.0,0.0,0.0
da180e82-7974-48ac-840a-349fe7326f29,test_02,test_02_r0,32001201,lidar_dropout,medium,R0,true,false,false,false,0.0,0.0,0,none,0.0,none,test_02-test_02_r0-lidar-r12-R0,test_02-test_02_r0-32001201-lidar_dropout-medium,held_out_map_test,true,success,false,false,false,62.305,6.6104,0.0,0.0,0,,,false,0.0,0.0,0.0,0.0,0.0,0.0,0.0
5717e294-91ff-4058-8a24-eafbae5ff87a,test_02,test_02_r0,32001201,lidar_dropout,medium,R2,true,false,false,false,3.422000000000004,0.0,0,none,1.711000000000002,none,test_02-test_02_r0-lidar-r12-R2,test_02-test_02_r0-32001201-lidar_dropout-medium,held_out_map_test,true,success,false,false,false,65.727,6.5705,3.422000000000004,-0.03990000000000027,2,23.188,,false,1.711000000000002,0.0,0.0,0.0,1.711000000000002,0.0,0.0
9b0a58fe-c567-4274-98f0-e0647b2bffd4,test_02,test_02_r0,32001201,lidar_dropout,medium,R3,true,false,false,false,2.865000000000002,0.0,0,none,1.432500000000001,none,test_02-test_02_r0-lidar-r12-R3,test_02-test_02_r0-32001201-lidar_dropout-medium,held_out_map_test,true,success,false,false,false,65.17,6.5617,2.865000000000002,-0.04870000000000019,1,22.321,,false,1.432500000000001,0.0,0.0,0.0,1.432500000000001,0.0,0.0
da24c644-5993-4e6d-8848-d4572f7f3afd,test_02,test_02_r0,32001202,wheel_slip,medium,R0,true,false,false,false,0.0,0.0,0,none,0.0,none,test_02-test_02_r0-wheel-r12-R0,test_02-test_02_r0-32001202-wheel_slip-medium,held_out_map_test,true,success,false,false,false,60.264,6.4458,0.0,0.0,0,,,false,0.0,0.0,0.0,0.0,0.0,0.0,0.0
2c12fc21-e7c0-4f7e-bacc-c46caeb9b786,test_02,test_02_r0,32001202,wheel_slip,medium,R2,true,false,false,false,7.499999999999993,0.4025999999999996,0,none,4.152599999999996,none,test_02-test_02_r0-wheel-r12-R2,test_02-test_02_r0-32001202-wheel_slip-medium,held_out_map_test,true,success,false,false,false,67.764,6.8484,7.499999999999993,0.4025999999999996,0,,,false,4.152599999999996,0.0,0.0,0.0,3.7499999999999964,0.4025999999999996,0.0
5234fdd4-5a82-4ef1-b9af-b3de14ead96f,test_02,test_02_r0,32001202,wheel_slip,medium,R3,true,false,false,false,0.0,0.01839999999999975,0,none,0.01839999999999975,none,test_02-test_02_r0-wheel-r12-R3,test_02-test_02_r0-32001202-wheel_slip-medium,held_out_map_test,true,success,false,false,false,57.785,6.4642,-2.4790000000000063,0.01839999999999975,0,,,false,0.01839999999999975,0.0,0.0,0.0,0.0,0.01839999999999975,0.0
821df46d-3616-4863-960e-66cb5da20b5a,test_02,test_02_r0,32001203,localisation_perturbation,medium,R0,false,false,false,false,0.0,0.0,0,none,39.9811,none,test_02-test_02_r0-localisation-r12-R0,test_02-test_02_r0-32001203-localisation_perturbation-medium,held_out_map_test,true,false_arrival,true,false,false,63.157,6.3282,0.0,0.0,0,,,false,40.0,0.0,40.0,0.0,0.0,0.0,0.0
3dac4089-c2b4-4137-b621-e126f493d85d,test_02,test_02_r0,32001203,localisation_perturbation,medium,R2,true,false,false,false,0.0,0.01890000000000036,0,none,0.0,none,test_02-test_02_r0-localisation-r12-R2,test_02-test_02_r0-32001203-localisation_perturbation-medium,held_out_map_test,true,success,false,false,false,56.636,6.3471,-6.520999999999994,0.01890000000000036,0,,,false,0.01890000000000036,0.0,0.0,0.0,0.0,0.01890000000000036,0.0
3cb44678-68d4-4387-91b3-49b0f59b43db,test_02,test_02_r0,32001203,localisation_perturbation,medium,R3,true,false,false,false,0.0,0.09989999999999988,0,none,0.08099999999999952,none,test_02-test_02_r0-localisation-r12-R3,test_02-test_02_r0-32001203-localisation_perturbation-medium,held_out_map_test,true,success,false,false,false,59.56,6.4281,-3.596999999999994,0.09989999999999988,0,,,false,0.09989999999999988,0.0,0.0,0.0,0.0,0.09989999999999988,0.0
7d49d93f-d48b-48a1-95bf-c426f2055a73,test_02,test_02_r0,32001204,dynamic_blockage,medium,R0,true,false,false,false,0.0,0.0,0,none,0.0,none,test_02-test_02_r0-blockage-r12-R0,test_02-test_02_r0-32001204-dynamic_blockage-medium,held_out_map_test,true,success,false,false,false,76.778,8.0448,0.0,0.0,0,,,false,0.0,0.0,0.0,0.0,0.0,0.0,0.0
ebfcbf94-b316-4654-82df-3beba8b4c39e,test_02,test_02_r0,32001204,dynamic_blockage,medium,R2,true,false,false,false,0.13100000000000023,0.0,0,none,0.06550000000000011,none,test_02-test_02_r0-blockage-r12-R2,test_02-test_02_r0-32001204-dynamic_blockage-medium,held_out_map_test,true,success,false,false,false,76.909,8.0442,0.13100000000000023,-0.000600000000000378,0,,,false,0.06550000000000011,0.0,0.0,0.0,0.06550000000000011,0.0,0.0
eb4b1db2-0fe8-4f56-b69f-af5d6e94ba88,test_02,test_02_r0,32001204,dynamic_blockage,medium,R3,true,false,false,false,0.0,0.08009999999999984,0,none,0.08009999999999984,none,test_02-test_02_r0-blockage-r12-R3,test_02-test_02_r0-32001204-dynamic_blockage-medium,held_out_map_test,true,success,false,false,false,74.485,8.1249,-2.2930000000000064,0.08009999999999984,0,,,false,0.08009999999999984,0.0,0.0,0.0,0.0,0.08009999999999984,0.0
beaed579-d19c-497c-b6d3-972cfa456ae8,test_02,test_02_r0,32001205,planner_oscillation,medium,R0,true,false,false,false,0.0,0.0,0,none,0.0,none,test_02-test_02_r0-oscillation-r12-R0,test_02-test_02_r0-32001205-planner_oscillation-medium,held_out_map_test,true,success,false,false,false,82.169,8.1999,0.0,0.0,0,,,false,0.0,0.0,0.0,0.0,0.0,0.0,0.0
51cc2b86-700a-4595-be98-14668a1d891e,test_02,test_02_r0,32001205,planner_oscillation,medium,R2,true,false,false,false,0.1670000000000016,0.00990000000000002,0,none,0.09340000000000082,none,test_02-test_02_r0-oscillation-r12-R2,test_02-test_02_r0-32001205-planner_oscillation-medium,held_out_map_test,true,success,false,false,false,82.336,8.2098,0.1670000000000016,0.00990000000000002,0,,,false,0.09340000000000082,0.0,0.0,0.0,0.0835000000000008,0.00990000000000002,0.0
eec7094b-4589-42bd-81e6-2c2cf0293a2a,test_02,test_02_r0,32001205,planner_oscillation,medium,R3,true,false,false,false,0.0,0.0,0,none,0.0,none,test_02-test_02_r0-oscillation-r12-R3,test_02-test_02_r0-32001205-planner_oscillation-medium,held_out_map_test,true,success,false,false,false,79.627,8.1666,-2.5420000000000016,-0.033299999999998775,0,,,false,0.0,0.0,0.0,0.0,0.0,0.0,0.0
316002da-46b9-4b00-94ed-16e073093d52,test_02,test_02_r0,32001206,semantic_corruption,medium,R0,true,false,false,false,0.0,0.0,0,none,0.0,none,test_02-test_02_r0-semantic-r12-R0,test_02-test_02_r0-32001206-semantic_corruption-medium,held_out_map_test,true,success,false,false,false,56.797,6.4543,0.0,0.0,0,,,false,0.0,0.0,0.0,0.0,0.0,0.0,0.0
14755ac5-6ee6-4384-a0a4-9c2f887d1e19,test_02,test_02_r0,32001206,semantic_corruption,medium,R2,true,false,false,false,0.0,0.026900000000000368,0,none,0.026900000000000368,none,test_02-test_02_r0-semantic-r12-R2,test_02-test_02_r0-32001206-semantic_corruption-medium,held_out_map_test,true,success,false,false,false,56.624,6.4812,-0.1729999999999947,0.026900000000000368,0,,,false,0.026900000000000368,0.0,0.0,0.0,0.0,0.026900000000000368,0.0
1951dfe6-0dab-47e4-a6e7-40f07d4b4035,test_02,test_02_r0,32001206,semantic_corruption,medium,R3,true,false,false,false,5.1710000000000065,0.4847999999999999,0,none,3.070300000000003,none,test_02-test_02_r0-semantic-r12-R3,test_02-test_02_r0-32001206-semantic_corruption-medium,held_out_map_test,true,success,false,false,false,61.968,6.9391,5.1710000000000065,0.4847999999999999,0,,,false,3.070300000000003,0.0,0.0,0.0,2.5855000000000032,0.4847999999999999,0.0
7deff7aa-a7b3-440e-a2da-1c83253715be,test_02,test_02_r0,32001300,camera_occlusion,medium,R0,true,false,false,false,0.0,0.0,0,none,0.0,none,test_02-test_02_r0-camera-r13-R0,test_02-test_02_r0-32001300-camera_occlusion-medium,held_out_map_test,true,success,false,false,false,65.274,6.3642,0.0,0.0,0,,,false,0.0,0.0,0.0,0.0,0.0,0.0,0.0
3538a87c-46cb-4be6-8c88-7f75ca90fb17,test_02,test_02_r0,32001300,camera_occlusion,medium,R2,true,false,false,false,0.0,0.0,0,none,0.0,none,test_02-test_02_r0-camera-r13-R2,test_02-test_02_r0-32001300-camera_occlusion-medium,held_out_map_test,true,success,false,false,false,62.385,6.2037,-2.889000000000003,-0.16049999999999986,0,,,false,0.0,0.0,0.0,0.0,0.0,0.0,0.0
4d2a175c-26fe-4a43-ae2f-7bf470f13276,test_02,test_02_r0,32001300,camera_occlusion,medium,R3,true,false,false,false,0.0,0.0,0,none,0.0,none,test_02-test_02_r0-camera-r13-R3,test_02-test_02_r0-32001300-camera_occlusion-medium,held_out_map_test,true,success,false,false,false,60.536,5.896,-4.7379999999999995,-0.4682000000000004,0,,,false,0.0,0.0,0.0,0.0,0.0,0.0,0.0
0a80f2c0-9d55-4fdb-85b3-6a0ee396642c,test_02,test_02_r0,32001301,lidar_dropout,medium,R0,true,false,false,false,0.0,0.0,0,none,0.0,none,test_02-test_02_r0-lidar-r13-R0,test_02-test_02_r0-32001301-lidar_dropout-medium,held_out_map_test,true,success,false,false,false,62.902,6.4831,0.0,0.0,0,,,false,0.0,0.0,0.0,0.0,0.0,0.0,0.0
82976de5-848d-4d1b-ba67-72f56e48ac3f,test_02,test_02_r0,32001301,lidar_dropout,medium,R2,true,false,false,false,0.0,0.0,0,none,0.0,none,test_02-test_02_r0-lidar-r13-R2,test_02-test_02_r0-32001301-lidar_dropout-medium,held_out_map_test,true,success,false,false,false,60.214,6.419,-2.6880000000000024,-0.06410000000000071,1,23.195,,false,0.0,0.0,0.0,0.0,0.0,0.0,0.0
f94102bb-53c8-4cdb-a6ad-0a8acc479eaa,test_02,test_02_r0,32001301,lidar_dropout,medium,R3,true,false,false,false,0.0,0.0,0,none,0.0,none,test_02-test_02_r0-lidar-r13-R3,test_02-test_02_r0-32001301-lidar_dropout-medium,held_out_map_test,true,success,false,false,false,58.405,6.3863,-4.497,-0.0968,1,23.485,,false,0.0,0.0,0.0,0.0,0.0,0.0,0.0
57fa29c8-dd55-4edf-8b99-aea103e5d4ef,test_02,test_02_r0,32001302,wheel_slip,medium,R0,true,false,false,false,0.0,0.0,0,none,0.0,none,test_02-test_02_r0-wheel-r13-R0,test_02-test_02_r0-32001302-wheel_slip-medium,held_out_map_test,true,success,false,false,false,60.653,6.4698,0.0,0.0,0,,,false,0.0,0.0,0.0,0.0,0.0,0.0,0.0
0e74b838-bd42-4c6d-906c-42f603551a05,test_02,test_02_r0,32001302,wheel_slip,medium,R2,true,false,false,false,0.0,0.0,0,none,0.0,none,test_02-test_02_r0-wheel-r13-R2,test_02-test_02_r0-32001302-wheel_slip-medium,held_out_map_test,true,success,false,false,false,60.063,6.4475,-0.5899999999999963,-0.02230000000000043,0,,,false,0.0,0.0,0.0,0.0,0.0,0.0,0.0
540ad8f7-842b-49a5-9717-e01f8f0bf0de,test_02,test_02_r0,32001302,wheel_slip,medium,R3,true,false,false,false,0.0,0.0,0,none,0.0,none,test_02-test_02_r0-wheel-r13-R3,test_02-test_02_r0-32001302-wheel_slip-medium,held_out_map_test,true,success,false,false,false,59.657,6.3604,-0.9960000000000022,-0.10939999999999994,0,,,false,0.0,0.0,0.0,0.0,0.0,0.0,0.0
46d5d2f2-1de6-4b3a-a76c-51fcb8196c28,test_02,test_02_r0,32001303,localisation_perturbation,medium,R0,true,false,false,false,0.0,0.0,0,none,0.0,none,test_02-test_02_r0-localisation-r13-R0,test_02-test_02_r0-32001303-localisation_perturbation-medium,held_out_map_test,true,success,false,false,false,71.869,6.6661,0.0,0.0,0,,,false,0.0,0.0,0.0,0.0,0.0,0.0,0.0
ca2d7d45-eb00-474b-b1fc-f552e594f624,test_02,test_02_r0,32001303,localisation_perturbation,medium,R2,true,false,false,false,0.0,0.0,0,none,0.0,none,test_02-test_02_r0-localisation-r13-R2,test_02-test_02_r0-32001303-localisation_perturbation-medium,held_out_map_test,true,success,false,false,false,63.788,6.4859,-8.081000000000003,-0.18020000000000014,0,,,false,0.0,0.0,0.0,0.0,0.0,0.0,0.0
3e8816b7-85cc-41ba-a162-da0851ec96a5,test_02,test_02_r0,32001303,localisation_perturbation,medium,R3,true,false,false,false,3.7450000000000045,0.0,0,none,1.8725000000000023,none,test_02-test_02_r0-localisation-r13-R3,test_02-test_02_r0-32001303-localisation_perturbation-medium,held_out_map_test,true,success,false,false,false,75.614,6.5853,3.7450000000000045,-0.08079999999999998,1,64.469,,false,1.8725000000000023,0.0,0.0,0.0,1.8725000000000023,0.0,0.0
73cd966d-addc-422f-be50-2a3c239bc801,test_02,test_02_r0,32001304,dynamic_blockage,medium,R0,true,false,false,false,0.0,0.0,0,none,0.0,none,test_02-test_02_r0-blockage-r13-R0,test_02-test_02_r0-32001304-dynamic_blockage-medium,held_out_map_test,true,success,false,false,false,79.292,8.0492,0.0,0.0,0,,,false,0.0,0.0,0.0,0.0,0.0,0.0,0.0
0b278984-815a-4be6-824a-e27d7ad4d781,test_02,test_02_r0,32001304,dynamic_blockage,medium,R2,true,false,false,false,0.31099999999999284,0.06109999999999971,0,none,0.21659999999999613,none,test_02-test_02_r0-blockage-r13-R2,test_02-test_02_r0-32001304-dynamic_blockage-medium,held_out_map_test,true,success,false,false,false,79.603,8.1103,0.31099999999999284,0.06109999999999971,0,,,false,0.21659999999999613,0.0,0.0,0.0,0.15549999999999642,0.06109999999999971,0.0
b0b493bd-012e-4be7-a757-f27c4e23deb3,test_02,test_02_r0,32001304,dynamic_blockage,medium,R3,true,false,false,false,1.036999999999992,0.08149999999999835,0,none,0.5999999999999943,none,test_02-test_02_r0-blockage-r13-R3,test_02-test_02_r0-32001304-dynamic_blockage-medium,held_out_map_test,true,success,false,false,false,80.329,8.1307,1.036999999999992,0.08149999999999835,0,,,false,0.5999999999999943,0.0,0.0,0.0,0.518499999999996,0.08149999999999835,0.0
5fa23102-4fc4-4633-b5cc-2468ba43e08f,test_02,test_02_r0,32001305,planner_oscillation,medium,R0,true,false,false,false,0.0,0.0,0,none,0.0,none,test_02-test_02_r0-oscillation-r13-R0,test_02-test_02_r0-32001305-planner_oscillation-medium,held_out_map_test,true,success,false,false,false,78.25,8.3147,0.0,0.0,0,,,false,0.0,0.0,0.0,0.0,0.0,0.0,0.0
3a8c6a0e-0df4-4d09-96f6-800702e2bdb2,test_02,test_02_r0,32001305,planner_oscillation,medium,R2,true,false,false,false,0.3059999999999974,0.0,0,none,0.1529999999999987,none,test_02-test_02_r0-oscillation-r13-R2,test_02-test_02_r0-32001305-planner_oscillation-medium,held_out_map_test,true,success,false,false,false,78.556,8.1852,0.3059999999999974,-0.12950000000000017,0,,,false,0.1529999999999987,0.0,0.0,0.0,0.1529999999999987,0.0,0.0
1b382a19-23e0-423f-adb6-43156c9ac1fe,test_02,test_02_r0,32001305,planner_oscillation,medium,R3,true,false,false,false,0.0,0.0,0,none,0.0,none,test_02-test_02_r0-oscillation-r13-R3,test_02-test_02_r0-32001305-planner_oscillation-medium,held_out_map_test,true,success,false,false,false,77.922,8.1581,-0.32800000000000296,-0.15660000000000096,0,,,false,0.0,0.0,0.0,0.0,0.0,0.0,0.0
03915977-5c46-473a-8857-dad45847e5b6,test_02,test_02_r0,32001306,semantic_corruption,medium,R0,true,false,false,false,0.0,0.0,0,none,0.0,none,test_02-test_02_r0-semantic-r13-R0,test_02-test_02_r0-32001306-semantic_corruption-medium,held_out_map_test,true,success,false,false,false,59.796,6.6446,0.0,0.0,0,,,false,0.0,0.0,0.0,0.0,0.0,0.0,0.0
1dff7a91-89a3-46e0-afb8-72e8a0288149,test_02,test_02_r0,32001306,semantic_corruption,medium,R2,true,false,false,false,0.0,0.0,0,none,0.0,none,test_02-test_02_r0-semantic-r13-R2,test_02-test_02_r0-32001306-semantic_corruption-medium,held_out_map_test,true,success,false,false,false,57.806,6.5252,-1.990000000000002,-0.11939999999999973,0,,,false,0.0,0.0,0.0,0.0,0.0,0.0,0.0
b376033d-a884-41bd-9d38-dcd6b3bea9db,test_02,test_02_r0,32001306,semantic_corruption,medium,R3,true,false,false,false,0.0,0.0,0,none,0.0,none,test_02-test_02_r0-semantic-r13-R3,test_02-test_02_r0-32001306-semantic_corruption-medium,held_out_map_test,true,success,false,false,false,56.373,6.4487,-3.423000000000002,-0.19589999999999996,0,,,false,0.0,0.0,0.0,0.0,0.0,0.0,0.0
1a24cf60-9cf7-4771-9075-512199d2c3a3,test_02,test_02_r1,32101000,camera_occlusion,medium,R0,true,false,false,false,0.0,0.0,0,none,0.0,none,test_02-test_02_r1-camera-r10-R0,test_02-test_02_r1-32101000-camera_occlusion-medium,held_out_map_test,true,success,false,false,false,64.432,7.367,0.0,0.0,0,,,false,0.0,0.0,0.0,0.0,0.0,0.0,0.0
09590cc1-62f1-4514-91f7-cc95535dc5fb,test_02,test_02_r1,32101000,camera_occlusion,medium,R2,true,false,false,false,4.741,0.25,0,none,2.6205,none,test_02-test_02_r1-camera-r10-R2,test_02-test_02_r1-32101000-camera_occlusion-medium,held_out_map_test,true,success,false,false,false,69.173,7.617,4.741,0.25,0,,,false,2.6205,0.0,0.0,0.0,2.3705,0.25,0.0
61616906-c4f4-4f09-b5e9-eaa8c10c97b9,test_02,test_02_r1,32101000,camera_occlusion,medium,R3,true,false,false,false,24.539999999999992,0.8747999999999996,0,none,13.144799999999996,none,test_02-test_02_r1-camera-r10-R3,test_02-test_02_r1-32101000-camera_occlusion-medium,held_out_map_test,true,success,false,false,false,88.972,8.2418,24.539999999999992,0.8747999999999996,0,,,false,13.144799999999996,0.0,0.0,0.0,12.269999999999996,0.8747999999999996,0.0
8f9ead87-2f8e-4a49-889d-7d3802626748,test_02,test_02_r1,32101001,lidar_dropout,medium,R0,true,false,false,false,0.0,0.0,0,none,0.0,none,test_02-test_02_r1-lidar-r10-R0,test_02-test_02_r1-32101001-lidar_dropout-medium,held_out_map_test,true,success,false,false,false,65.232,8.0136,0.0,0.0,0,,,false,0.0,0.0,0.0,0.0,0.0,0.0,0.0
f5fcfe19-9cfa-4476-b4f6-8b38487c8dbb,test_02,test_02_r1,32101001,lidar_dropout,medium,R2,true,false,false,false,5.748999999999995,0.0,0,none,2.8744999999999976,none,test_02-test_02_r1-lidar-r10-R2,test_02-test_02_r1-32101001-lidar_dropout-medium,held_out_map_test,true,success,false,false,false,70.981,7.9933,5.748999999999995,-0.02030000000000065,1,24.956,,false,2.8744999999999976,0.0,0.0,0.0,2.8744999999999976,0.0,0.0
b3180a2e-bd9a-4e20-bb63-1dfee0205130,test_02,test_02_r1,32101001,lidar_dropout,medium,R3,true,false,false,false,6.003,0.009100000000000108,0,none,3.0106,none,test_02-test_02_r1-lidar-r10-R3,test_02-test_02_r1-32101001-lidar_dropout-medium,held_out_map_test,true,success,false,false,false,71.235,8.0227,6.003,0.009100000000000108,1,24.352,,false,3.0106,0.0,0.0,0.0,3.0015,0.009100000000000108,0.0
36838708-0892-4328-b2c7-d7bfd575b2a8,test_02,test_02_r1,32101002,wheel_slip,medium,R0,true,false,false,false,0.0,0.0,0,none,0.0,none,test_02-test_02_r1-wheel-r10-R0,test_02-test_02_r1-32101002-wheel_slip-medium,held_out_map_test,true,success,false,false,false,66.6,8.0625,0.0,0.0,0,,,false,0.0,0.0,0.0,0.0,0.0,0.0,0.0
48b000bd-a616-4753-89ac-8df838a1aa3d,test_02,test_02_r1,32101002,wheel_slip,medium,R2,true,false,false,false,0.0,0.0,0,none,0.0,none,test_02-test_02_r1-wheel-r10-R2,test_02-test_02_r1-32101002-wheel_slip-medium,held_out_map_test,true,success,false,false,false,64.838,7.996,-1.7620000000000005,-0.06649999999999956,0,,,false,0.0,0.0,0.0,0.0,0.0,0.0,0.0
4ead6673-37e4-4df3-a635-e5ffc95d56ca,test_02,test_02_r1,32101002,wheel_slip,medium,R3,true,false,false,false,8.521,0.047399999999999665,0,none,4.3079,none,test_02-test_02_r1-wheel-r10-R3,test_02-test_02_r1-32101002-wheel_slip-medium,held_out_map_test,true,success,false,false,false,75.121,8.1099,8.521,0.047399999999999665,0,,,false,4.3079,0.0,0.0,0.0,4.2605,0.047399999999999665,0.0
29d54aa5-9492-46bb-a3fd-dfd225a3f78d,test_02,test_02_r1,32101003,localisation_perturbation,medium,R0,true,false,false,false,0.0,0.0,0,none,0.0,none,test_02-test_02_r1-localisation-r10-R0,test_02-test_02_r1-32101003-localisation_perturbation-medium,held_out_map_test,true,success,false,false,false,68.714,7.9893,0.0,0.0,0,,,false,0.0,0.0,0.0,0.0,0.0,0.0,0.0
da244665-bd99-4ee4-9472-6fed99ee3991,test_02,test_02_r1,32101003,localisation_perturbation,medium,R2,true,false,false,false,0.0,0.05109999999999992,0,none,0.05109999999999992,none,test_02-test_02_r1-localisation-r10-R2,test_02-test_02_r1-32101003-localisation_perturbation-medium,held_out_map_test,true,success,false,false,false,68.631,8.0404,-0.08299999999999841,0.05109999999999992,0,,,false,0.05109999999999992,0.0,0.0,0.0,0.0,0.05109999999999992,0.0
5d8a8921-cade-423d-bac4-af8f49343a71,test_02,test_02_r1,32101003,localisation_perturbation,medium,R3,true,false,false,false,0.0,0.009599999999999831,0,none,0.009599999999999831,none,test_02-test_02_r1-localisation-r10-R3,test_02-test_02_r1-32101003-localisation_perturbation-medium,held_out_map_test,true,success,false,false,false,67.847,7.9989,-0.8670000000000044,0.009599999999999831,0,,,false,0.009599999999999831,0.0,0.0,0.0,0.0,0.009599999999999831,0.0
b49eedde-8899-44b8-9bc6-54698bbb5d81,test_02,test_02_r1,32101004,dynamic_blockage,medium,R0,true,false,false,false,0.0,0.0,0,none,0.0,none,test_02-test_02_r1-blockage-r10-R0,test_02-test_02_r1-32101004-dynamic_blockage-medium,held_out_map_test,true,success,false,false,false,82.212,9.6353,0.0,0.0,0,,,false,0.0,0.0,0.0,0.0,0.0,0.0,0.0
77d4a507-d99b-43c1-9a95-aae4231e8373,test_02,test_02_r1,32101004,dynamic_blockage,medium,R2,true,false,false,false,4.376999999999995,0.0,0,none,2.1884999999999977,none,test_02-test_02_r1-blockage-r10-R2,test_02-test_02_r1-32101004-dynamic_blockage-medium,held_out_map_test,true,success,false,false,false,86.589,9.6117,4.376999999999995,-0.023600000000000065,0,,,false,2.1884999999999977,0.0,0.0,0.0,2.1884999999999977,0.0,0.0
03ed2b73-1664-4044-bc0f-bed1b88383e3,test_02,test_02_r1,32101004,dynamic_blockage,medium,R3,true,false,false,false,7.727999999999994,0.0,0,none,3.863999999999997,none,test_02-test_02_r1-blockage-r10-R3,test_02-test_02_r1-32101004-dynamic_blockage-medium,held_out_map_test,true,success,false,false,false,89.94,9.6142,7.727999999999994,-0.021100000000000563,0,,,false,3.863999999999997,0.0,0.0,0.0,3.863999999999997,0.0,0.0
daa60e5f-0522-4b41-9bee-8ff5740556c6,test_02,test_02_r1,32101005,planner_oscillation,medium,R0,true,false,false,false,0.0,0.0,0,none,0.0,none,test_02-test_02_r1-oscillation-r10-R0,test_02-test_02_r1-32101005-planner_oscillation-medium,held_out_map_test,true,success,false,false,false,84.423,9.6695,0.0,0.0,0,,,false,0.0,0.0,0.0,0.0,0.0,0.0,0.0
8aaaa93c-3d05-4237-b1ea-dae21ac92f39,test_02,test_02_r1,32101005,planner_oscillation,medium,R2,true,false,false,false,0.257000000000005,0.0,0,none,0.1285000000000025,none,test_02-test_02_r1-oscillation-r10-R2,test_02-test_02_r1-32101005-planner_oscillation-medium,held_out_map_test,true,success,false,false,false,84.68,9.6247,0.257000000000005,-0.04479999999999862,0,,,false,0.1285000000000025,0.0,0.0,0.0,0.1285000000000025,0.0,0.0
aef166a3-de07-4603-9db9-2f02b5812497,test_02,test_02_r1,32101005,planner_oscillation,medium,R3,true,false,false,false,1.593999999999994,0.0,0,none,0.796999999999997,none,test_02-test_02_r1-oscillation-r10-R3,test_02-test_02_r1-32101005-planner_oscillation-medium,held_out_map_test,true,success,false,false,false,86.017,9.624,1.593999999999994,-0.045499999999998764,0,,,false,0.796999999999997,0.0,0.0,0.0,0.796999999999997,0.0,0.0
9c13c775-4858-4ae5-bf40-5a7b2768234b,test_02,test_02_r1,32101006,semantic_corruption,medium,R0,true,false,false,false,0.0,0.0,0,none,0.0,none,test_02-test_02_r1-semantic-r10-R0,test_02-test_02_r1-32101006-semantic_corruption-medium,held_out_map_test,true,success,false,false,false,66.956,8.1082,0.0,0.0,0,,,false,0.0,0.0,0.0,0.0,0.0,0.0,0.0
f18b38ca-772c-46c1-a617-78fa13e64f29,test_02,test_02_r1,32101006,semantic_corruption,medium,R2,true,false,false,false,0.0,0.0,0,none,0.0,none,test_02-test_02_r1-semantic-r10-R2,test_02-test_02_r1-32101006-semantic_corruption-medium,held_out_map_test,true,success,false,false,false,65.393,7.9481,-1.5630000000000024,-0.1600999999999999,0,,,false,0.0,0.0,0.0,0.0,0.0,0.0,0.0
88a2b815-7ff5-4bd7-bbdc-9542e11fdf10,test_02,test_02_r1,32101006,semantic_corruption,medium,R3,true,false,false,false,0.0,0.0,0,none,0.0,none,test_02-test_02_r1-semantic-r10-R3,test_02-test_02_r1-32101006-semantic_corruption-medium,held_out_map_test,true,success,false,false,false,65.452,7.9291,-1.5040000000000049,-0.17910000000000004,0,,,false,0.0,0.0,0.0,0.0,0.0,0.0,0.0
b04265e1-2a1d-46b1-9e9a-ce916a5c5875,test_02,test_02_r1,32101100,camera_occlusion,medium,R0,true,false,false,false,0.0,0.0,0,none,0.0,none,test_02-test_02_r1-camera-r11-R0,test_02-test_02_r1-32101100-camera_occlusion-medium,held_out_map_test,true,success,false,false,false,64.435,7.3388,0.0,0.0,0,,,false,0.0,0.0,0.0,0.0,0.0,0.0,0.0
c1d5a589-b046-4999-8591-e831a8cb92a6,test_02,test_02_r1,32101100,camera_occlusion,medium,R2,true,false,false,false,1.4869999999999948,0.09119999999999973,0,none,0.8346999999999971,none,test_02-test_02_r1-camera-r11-R2,test_02-test_02_r1-32101100-camera_occlusion-medium,held_out_map_test,true,success,false,false,false,65.922,7.43,1.4869999999999948,0.09119999999999973,0,,,false,0.8346999999999971,0.0,0.0,0.0,0.7434999999999974,0.09119999999999973,0.0
ba84a74a-10a6-44f2-bf40-e6faf144610a,test_02,test_02_r1,32101100,camera_occlusion,medium,R3,true,false,false,false,0.0,0.0,0,none,0.0,none,test_02-test_02_r1-camera-r11-R3,test_02-test_02_r1-32101100-camera_occlusion-medium,held_out_map_test,true,success,false,false,false,64.178,7.3186,-0.257000000000005,-0.020199999999999996,0,,,false,0.0,0.0,0.0,0.0,0.0,0.0,0.0
6f86cd9b-307f-4f29-849f-c85f85d4d2ee,test_02,test_02_r1,32101101,lidar_dropout,medium,R0,true,false,false,false,0.0,0.0,0,none,0.0,none,test_02-test_02_r1-lidar-r11-R0,test_02-test_02_r1-32101101-lidar_dropout-medium,held_out_map_test,true,success,false,false,false,64.653,7.9646,0.0,0.0,0,,,false,0.0,0.0,0.0,0.0,0.0,0.0,0.0
4b1840dc-fa24-4b86-9d61-2bb1fd81bdbf,test_02,test_02_r1,32101101,lidar_dropout,medium,R2,true,false,false,false,3.8569999999999993,0.0,0,none,1.9284999999999997,none,test_02-test_02_r1-lidar-r11-R2,test_02-test_02_r1-32101101-lidar_dropout-medium,held_out_map_test,true,success,false,false,false,68.51,7.9399,3.8569999999999993,-0.024700000000000166,1,24.901000000000003,,false,1.9284999999999997,0.0,0.0,0.0,1.9284999999999997,0.0,0.0
39c457f2-1ba5-46b4-b2a0-6e089efa6351,test_02,test_02_r1,32101101,lidar_dropout,medium,R3,true,false,false,false,3.9939999999999998,0.0,0,none,1.9969999999999999,none,test_02-test_02_r1-lidar-r11-R3,test_02-test_02_r1-32101101-lidar_dropout-medium,held_out_map_test,true,success,false,false,false,68.647,7.9216,3.9939999999999998,-0.04300000000000015,1,24.972,,false,1.9969999999999999,0.0,0.0,0.0,1.9969999999999999,0.0,0.0
f017938d-baab-4ebb-8086-54c630509286,test_02,test_02_r1,32101102,wheel_slip,medium,R0,true,false,false,false,0.0,0.0,0,none,0.0,none,test_02-test_02_r1-wheel-r11-R0,test_02-test_02_r1-32101102-wheel_slip-medium,held_out_map_test,true,success,false,false,false,67.27,8.1077,0.0,0.0,0,,,false,0.0,0.0,0.0,0.0,0.0,0.0,0.0
7b6664e7-865b-43a8-b40a-58f5ed9921cc,test_02,test_02_r1,32101102,wheel_slip,medium,R2,true,false,false,false,0.7390000000000043,0.0,0,none,0.36950000000000216,none,test_02-test_02_r1-wheel-r11-R2,test_02-test_02_r1-32101102-wheel_slip-medium,held_out_map_test,true,success,false,false,false,68.009,8.0969,0.7390000000000043,-0.010799999999999699,0,,,false,0.36950000000000216,0.0,0.0,0.0,0.36950000000000216,0.0,0.0
cd82c0ec-1a19-47ac-85ab-af79bc8460ba,test_02,test_02_r1,32101102,wheel_slip,medium,R3,true,false,false,false,2.1980000000000075,0.0,0,none,1.0990000000000038,none,test_02-test_02_r1-wheel-r11-R3,test_02-test_02_r1-32101102-wheel_slip-medium,held_out_map_test,true,success,false,false,false,69.468,8.0648,2.1980000000000075,-0.042899999999999494,0,,,false,1.0990000000000038,0.0,0.0,0.0,1.0990000000000038,0.0,0.0
ba0203a2-a197-4932-b66b-43699071fb54,test_02,test_02_r1,32101103,localisation_perturbation,medium,R0,true,false,false,false,0.0,0.0,0,none,0.0,none,test_02-test_02_r1-localisation-r11-R0,test_02-test_02_r1-32101103-localisation_perturbation-medium,held_out_map_test,true,success,false,false,false,69.018,8.0572,0.0,0.0,0,,,false,0.0,0.0,0.0,0.0,0.0,0.0,0.0
4311f084-2c9b-40cd-8899-79fb642cb5a4,test_02,test_02_r1,32101103,localisation_perturbation,medium,R2,true,false,false,false,1.117999999999995,0.0,0,none,0.5589999999999975,none,test_02-test_02_r1-localisation-r11-R2,test_02-test_02_r1-32101103-localisation_perturbation-medium,held_out_map_test,true,success,false,false,false,70.136,7.9372,1.117999999999995,-0.1200000000000001,0,,,false,0.5589999999999975,0.0,0.0,0.0,0.5589999999999975,0.0,0.0
4013f280-6a11-4f49-8c9f-abca252c8b82,test_02,test_02_r1,32101103,localisation_perturbation,medium,R3,true,false,false,false,1.399000000000001,0.0,0,none,0.6995000000000005,none,test_02-test_02_r1-localisation-r11-R3,test_02-test_02_r1-32101103-localisation_perturbation-medium,held_out_map_test,true,success,false,false,false,70.417,7.9344,1.399000000000001,-0.1227999999999998,0,,,false,0.6995000000000005,0.0,0.0,0.0,0.6995000000000005,0.0,0.0
61c7dea3-eedf-4c6e-9811-2fc56c08538a,test_02,test_02_r1,32101104,dynamic_blockage,medium,R0,true,false,false,false,0.0,0.0,0,none,0.0,none,test_02-test_02_r1-blockage-r11-R0,test_02-test_02_r1-32101104-dynamic_blockage-medium,held_out_map_test,true,success,false,false,false,83.792,9.7035,0.0,0.0,0,,,false,0.0,0.0,0.0,0.0,0.0,0.0,0.0
b9f42abd-4d1e-4793-ab4f-01a2cfc97933,test_02,test_02_r1,32101104,dynamic_blockage,medium,R2,true,false,false,false,9.405999999999992,0.15470000000000006,0,none,4.857699999999996,none,test_02-test_02_r1-blockage-r11-R2,test_02-test_02_r1-32101104-dynamic_blockage-medium,held_out_map_test,true,success,false,false,false,93.198,9.8582,9.405999999999992,0.15470000000000006,0,,,false,4.857699999999996,0.0,0.0,0.0,4.702999999999996,0.15470000000000006,0.0
33b75255-b830-4b07-95f8-9782732419c4,test_02,test_02_r1,32101104,dynamic_blockage,medium,R3,true,false,false,false,9.081000000000003,0.0,0,none,4.5405000000000015,none,test_02-test_02_r1-blockage-r11-R3,test_02-test_02_r1-32101104-dynamic_blockage-medium,held_out_map_test,true,success,false,false,false,92.873,9.6625,9.081000000000003,-0.04100000000000037,0,,,false,4.5405000000000015,0.0,0.0,0.0,4.5405000000000015,0.0,0.0
bf4ae348-87ba-4d72-bfca-7ed46b836064,test_02,test_02_r1,32101105,planner_oscillation,medium,R0,true,false,false,false,0.0,0.0,0,none,0.0,none,test_02-test_02_r1-oscillation-r11-R0,test_02-test_02_r1-32101105-planner_oscillation-medium,held_out_map_test,true,success,false,false,false,83.745,9.6038,0.0,0.0,0,,,false,0.0,0.0,0.0,0.0,0.0,0.0,0.0
481c4f89-a165-4166-a087-696a733bcdfb,test_02,test_02_r1,32101105,planner_oscillation,medium,R2,true,false,false,false,2.539999999999992,0.1316000000000006,0,none,1.4015999999999966,none,test_02-test_02_r1-oscillation-r11-R2,test_02-test_02_r1-32101105-planner_oscillation-medium,held_out_map_test,true,success,false,false,false,86.285,9.7354,2.539999999999992,0.1316000000000006,0,,,false,1.4015999999999966,0.0,0.0,0.0,1.269999999999996,0.1316000000000006,0.0
db59649d-bfda-4b3e-a656-2683c203970b,test_02,test_02_r1,32101105,planner_oscillation,medium,R3,true,false,false,false,1.5699999999999932,0.053000000000000824,0,none,0.8379999999999974,none,test_02-test_02_r1-oscillation-r11-R3,test_02-test_02_r1-32101105-planner_oscillation-medium,held_out_map_test,true,success,false,false,false,85.315,9.6568,1.5699999999999932,0.053000000000000824,0,,,false,0.8379999999999974,0.0,0.0,0.0,0.7849999999999966,0.053000000000000824,0.0
35aa4b1e-78df-4838-a4d9-285da39ff9a4,test_02,test_02_r1,32101106,semantic_corruption,medium,R0,true,false,false,false,0.0,0.0,0,none,0.0,none,test_02-test_02_r1-semantic-r11-R0,test_02-test_02_r1-32101106-semantic_corruption-medium,held_out_map_test,true,success,false,false,false,72.726,8.1183,0.0,0.0,0,,,false,0.0,0.0,0.0,0.0,0.0,0.0,0.0
9d799b71-0960-490d-a6e6-42d67ac6d508,test_02,test_02_r1,32101106,semantic_corruption,medium,R2,true,false,false,false,0.0,0.0,0,none,0.0,none,test_02-test_02_r1-semantic-r11-R2,test_02-test_02_r1-32101106-semantic_corruption-medium,held_out_map_test,true,success,false,false,false,66.494,7.9676,-6.231999999999999,-0.1506999999999996,0,,,false,0.0,0.0,0.0,0.0,0.0,0.0,0.0
2553af82-60b1-4791-a5d1-480866e90295,test_02,test_02_r1,32101106,semantic_corruption,medium,R3,true,false,false,false,0.0,0.0,0,none,0.0,none,test_02-test_02_r1-semantic-r11-R3,test_02-test_02_r1-32101106-semantic_corruption-medium,held_out_map_test,true,success,false,false,false,65.901,7.968,-6.825000000000003,-0.15029999999999966,0,,,false,0.0,0.0,0.0,0.0,0.0,0.0,0.0
7343bfff-4edc-4b31-bff1-6d969ad173f9,test_02,test_02_r1,32101200,camera_occlusion,medium,R0,true,false,false,false,0.0,0.0,0,none,0.0,none,test_02-test_02_r1-camera-r12-R0,test_02-test_02_r1-32101200-camera_occlusion-medium,held_out_map_test,true,success,false,false,false,66.753,7.3829,0.0,0.0,0,,,false,0.0,0.0,0.0,0.0,0.0,0.0,0.0
e7b6af6f-2ed4-4f9d-bfe4-f5800076f4ee,test_02,test_02_r1,32101200,camera_occlusion,medium,R2,true,false,false,false,10.805000000000007,0.5012999999999996,0,none,5.903800000000003,none,test_02-test_02_r1-camera-r12-R2,test_02-test_02_r1-32101200-camera_occlusion-medium,held_out_map_test,true,success,false,false,false,77.558,7.8842,10.805000000000007,0.5012999999999996,0,,,false,5.903800000000003,0.0,0.0,0.0,5.402500000000003,0.5012999999999996,0.0
dc46b23c-08bb-4930-b23c-812a906e4eb1,test_02,test_02_r1,32101200,camera_occlusion,medium,R3,true,false,false,false,20.429000000000002,0.5108999999999995,0,none,10.7254,none,test_02-test_02_r1-camera-r12-R3,test_02-test_02_r1-32101200-camera_occlusion-medium,held_out_map_test,true,success,false,false,false,87.182,7.8938,20.429000000000002,0.5108999999999995,0,,,false,10.7254,0.0,0.0,0.0,10.214500000000001,0.5108999999999995,0.0
3a324713-3050-4695-a3a2-bd962e99ec87,test_02,test_02_r1,32101201,lidar_dropout,medium,R0,true,false,false,false,0.0,0.0,0,none,0.0,none,test_02-test_02_r1-lidar-r12-R0,test_02-test_02_r1-32101201-lidar_dropout-medium,held_out_map_test,true,success,false,false,false,72.623,8.0903,0.0,0.0,0,,,false,0.0,0.0,0.0,0.0,0.0,0.0,0.0
8a0d141f-ee53-44cb-8fb9-dfcd4257f382,test_02,test_02_r1,32101201,lidar_dropout,medium,R2,true,false,false,false,12.471999999999994,0.08030000000000115,0,none,6.316299999999998,none,test_02-test_02_r1-lidar-r12-R2,test_02-test_02_r1-32101201-lidar_dropout-medium,held_out_map_test,true,success,false,false,false,85.095,8.1706,12.471999999999994,0.08030000000000115,1,23.002,,false,6.316299999999998,0.0,0.0,0.0,6.235999999999997,0.08030000000000115,0.0
5defa970-34a0-48eb-9e9a-3938e4f48151,test_02,test_02_r1,32101201,lidar_dropout,medium,R3,true,false,false,false,14.708999999999989,0.2173000000000016,0,none,7.571799999999996,none,test_02-test_02_r1-lidar-r12-R3,test_02-test_02_r1-32101201-lidar_dropout-medium,held_out_map_test,true,success,false,false,false,87.332,8.3076,14.708999999999989,0.2173000000000016,1,24.466,,false,7.571799999999996,0.0,0.0,0.0,7.3544999999999945,0.2173000000000016,0.0
7864ba2b-00d8-4da0-9e61-6eb61c0d94ec,test_02,test_02_r1,32101202,wheel_slip,medium,R0,true,false,false,false,0.0,0.0,0,none,0.0,none,test_02-test_02_r1-wheel-r12-R0,test_02-test_02_r1-32101202-wheel_slip-medium,held_out_map_test,true,success,false,false,false,66.668,7.9858,0.0,0.0,0,,,false,0.0,0.0,0.0,0.0,0.0,0.0,0.0
7360aee8-c2d2-4552-a99d-5964649fa94b,test_02,test_02_r1,32101202,wheel_slip,medium,R2,true,false,false,false,2.310999999999993,0.008399999999999963,0,none,1.1638999999999964,none,test_02-test_02_r1-wheel-r12-R2,test_02-test_02_r1-32101202-wheel_slip-medium,held_out_map_test,true,success,false,false,false,68.979,7.9942,2.310999999999993,0.008399999999999963,0,,,false,1.1638999999999964,0.0,0.0,0.0,1.1554999999999964,0.008399999999999963,0.0
b0805129-d4b0-4094-8bc3-8dd1447c351a,test_02,test_02_r1,32101202,wheel_slip,medium,R3,true,false,false,false,2.5189999999999912,0.02150000000000052,0,none,1.2809999999999961,none,test_02-test_02_r1-wheel-r12-R3,test_02-test_02_r1-32101202-wheel_slip-medium,held_out_map_test,true,success,false,false,false,69.187,8.0073,2.5189999999999912,0.02150000000000052,0,,,false,1.2809999999999961,0.0,0.0,0.0,1.2594999999999956,0.02150000000000052,0.0
6848b7ab-428e-4ee1-be63-35d548a58f24,test_02,test_02_r1,32101203,localisation_perturbation,medium,R0,true,false,false,false,0.0,0.0,0,none,0.0,none,test_02-test_02_r1-localisation-r12-R0,test_02-test_02_r1-32101203-localisation_perturbation-medium,held_out_map_test,true,success,false,false,false,69.057,8.0035,0.0,0.0,0,,,false,0.0,0.0,0.0,0.0,0.0,0.0,0.0
ac0da5a9-f94d-4e2b-a28c-032074ad0a1e,test_02,test_02_r1,32101203,localisation_perturbation,medium,R2,true,false,false,false,0.3089999999999975,0.004399999999998627,0,none,0.15889999999999738,none,test_02-test_02_r1-localisation-r12-R2,test_02-test_02_r1-32101203-localisation_perturbation-medium,held_out_map_test,true,success,false,false,false,69.366,8.0079,0.3089999999999975,0.004399999999998627,0,,,false,0.15889999999999738,0.0,0.0,0.0,0.15449999999999875,0.004399999999998627,0.0
c8d8bdc4-d27a-4cfa-9bbc-90c06df4045d,test_02,test_02_r1,32101203,localisation_perturbation,medium,R3,true,false,false,false,3.042999999999992,0.03339999999999854,0,none,1.5548999999999946,none,test_02-test_02_r1-localisation-r12-R3,test_02-test_02_r1-32101203-localisation_perturbation-medium,held_out_map_test,true,success,false,false,false,72.1,8.0369,3.042999999999992,0.03339999999999854,0,,,false,1.5548999999999946,0.0,0.0,0.0,1.521499999999996,0.03339999999999854,0.0
52073f01-5d5f-4d39-841e-b7de98092c08,test_02,test_02_r1,32101204,dynamic_blockage,medium,R0,true,false,false,false,0.0,0.0,0,none,0.0,none,test_02-test_02_r1-blockage-r12-R0,test_02-test_02_r1-32101204-dynamic_blockage-medium,held_out_map_test,true,success,false,false,false,82.453,9.6465,0.0,0.0,0,,,false,0.0,0.0,0.0,0.0,0.0,0.0,0.0
ea95a49f-aea5-4c87-a18e-995f7c0afa60,test_02,test_02_r1,32101204,dynamic_blockage,medium,R2,true,false,false,false,0.0,0.0051000000000005485,0,none,0.0051000000000005485,none,test_02-test_02_r1-blockage-r12-R2,test_02-test_02_r1-32101204-dynamic_blockage-medium,held_out_map_test,true,success,false,false,false,81.743,9.6516,-0.710000000000008,0.0051000000000005485,0,,,false,0.0051000000000005485,0.0,0.0,0.0,0.0,0.0051000000000005485,0.0
17fd24d1-d759-42bb-bf64-bee021b0d406,test_02,test_02_r1,32101204,dynamic_blockage,medium,R3,true,false,false,false,2.1880000000000024,0.02940000000000076,0,none,1.123400000000002,none,test_02-test_02_r1-blockage-r12-R3,test_02-test_02_r1-32101204-dynamic_blockage-medium,held_out_map_test,true,success,false,false,false,84.641,9.6759,2.1880000000000024,0.02940000000000076,0,,,false,1.123400000000002,0.0,0.0,0.0,1.0940000000000012,0.02940000000000076,0.0
aad92984-848b-41d4-8b9f-a4d3525e3480,test_02,test_02_r1,32101205,planner_oscillation,medium,R0,true,false,false,false,0.0,0.0,0,none,0.0,none,test_02-test_02_r1-oscillation-r12-R0,test_02-test_02_r1-32101205-planner_oscillation-medium,held_out_map_test,true,success,false,false,false,89.478,9.7024,0.0,0.0,0,,,false,0.0,0.0,0.0,0.0,0.0,0.0,0.0
7b72aa0e-ce75-49fe-af6e-e8eaa6da2a55,test_02,test_02_r1,32101205,planner_oscillation,medium,R2,true,false,false,false,1.1730000000000018,0.0,0,none,0.5865000000000009,none,test_02-test_02_r1-oscillation-r12-R2,test_02-test_02_r1-32101205-planner_oscillation-medium,held_out_map_test,true,success,false,false,false,90.651,9.641,1.1730000000000018,-0.06140000000000079,0,,,false,0.5865000000000009,0.0,0.0,0.0,0.5865000000000009,0.0,0.0
f6f0c764-0efe-42f5-8f83-ed6365681ce8,test_02,test_02_r1,32101205,planner_oscillation,medium,R3,true,false,false,false,1.0130000000000052,0.0,0,none,0.5065000000000026,none,test_02-test_02_r1-oscillation-r12-R3,test_02-test_02_r1-32101205-planner_oscillation-medium,held_out_map_test,true,success,false,false,false,90.491,9.6696,1.0130000000000052,-0.03279999999999994,0,,,false,0.5065000000000026,0.0,0.0,0.0,0.5065000000000026,0.0,0.0
716cd675-4983-4349-b5c4-766173b2099c,test_02,test_02_r1,32101206,semantic_corruption,medium,R0,true,false,false,false,0.0,0.0,0,none,0.0,none,test_02-test_02_r1-semantic-r12-R0,test_02-test_02_r1-32101206-semantic_corruption-medium,held_out_map_test,true,success,false,false,false,65.597,7.994,0.0,0.0,0,,,false,0.0,0.0,0.0,0.0,0.0,0.0,0.0
3adafdf9-e45d-4d90-a419-afd8cef7fda4,test_02,test_02_r1,32101206,semantic_corruption,medium,R2,true,false,false,false,0.4310000000000116,0.028399999999999537,0,none,0.24390000000000533,none,test_02-test_02_r1-semantic-r12-R2,test_02-test_02_r1-32101206-semantic_corruption-medium,held_out_map_test,true,success,false,false,false,66.028,8.0224,0.4310000000000116,0.028399999999999537,0,,,false,0.24390000000000533,0.0,0.0,0.0,0.2155000000000058,0.028399999999999537,0.0
b58d5eae-2ff6-4dd9-9e89-2fc8f0a827a2,test_02,test_02_r1,32101206,semantic_corruption,medium,R3,true,false,false,false,1.5990000000000038,0.0,0,none,0.7995000000000019,none,test_02-test_02_r1-semantic-r12-R3,test_02-test_02_r1-32101206-semantic_corruption-medium,held_out_map_test,true,success,false,false,false,67.196,7.9372,1.5990000000000038,-0.05679999999999996,0,,,false,0.7995000000000019,0.0,0.0,0.0,0.7995000000000019,0.0,0.0
48416ef3-2d0c-411e-92e5-642561b9e7e5,test_02,test_02_r1,32101300,camera_occlusion,medium,R0,true,false,false,false,0.0,0.0,0,none,0.0,none,test_02-test_02_r1-camera-r13-R0,test_02-test_02_r1-32101300-camera_occlusion-medium,held_out_map_test,true,success,false,false,false,63.611,7.2901,0.0,0.0,0,,,false,0.0,0.0,0.0,0.0,0.0,0.0,0.0
6a799bbf-2fb9-46c6-a1dc-067af539c1ca,test_02,test_02_r1,32101300,camera_occlusion,medium,R2,true,false,false,false,0.9769999999999968,0.08790000000000031,0,none,0.5763999999999987,none,test_02-test_02_r1-camera-r13-R2,test_02-test_02_r1-32101300-camera_occlusion-medium,held_out_map_test,true,success,false,false,false,64.588,7.378,0.9769999999999968,0.08790000000000031,0,,,false,0.5763999999999987,0.0,0.0,0.0,0.4884999999999984,0.08790000000000031,0.0
4a54194c-9cfe-4f7d-b706-ea730e887a38,test_02,test_02_r1,32101300,camera_occlusion,medium,R3,true,false,false,false,0.36599999999999966,0.07490000000000041,0,none,0.25790000000000024,none,test_02-test_02_r1-camera-r13-R3,test_02-test_02_r1-32101300-camera_occlusion-medium,held_out_map_test,true,success,false,false,false,63.977,7.365,0.36599999999999966,0.07490000000000041,0,,,false,0.25790000000000024,0.0,0.0,0.0,0.18299999999999983,0.07490000000000041,0.0
9f87a134-9928-4591-acb7-6776e10ef8fe,test_02,test_02_r1,32101301,lidar_dropout,medium,R0,true,false,false,false,0.0,0.0,0,none,0.0,none,test_02-test_02_r1-lidar-r13-R0,test_02-test_02_r1-32101301-lidar_dropout-medium,held_out_map_test,true,success,false,false,false,70.292,8.0669,0.0,0.0,0,,,false,0.0,0.0,0.0,0.0,0.0,0.0,0.0
9ea9a53a-b8df-4684-a43b-dc53c8b93ada,test_02,test_02_r1,32101301,lidar_dropout,medium,R2,true,false,false,false,0.3569999999999993,0.0,0,none,0.17849999999999966,none,test_02-test_02_r1-lidar-r13-R2,test_02-test_02_r1-32101301-lidar_dropout-medium,held_out_map_test,true,success,false,false,false,70.649,8.0005,0.3569999999999993,-0.06639999999999979,1,24.981,,false,0.17849999999999966,0.0,0.0,0.0,0.17849999999999966,0.0,0.0
935e191d-710c-47e4-be87-922a4124768f,test_02,test_02_r1,32101301,lidar_dropout,medium,R3,true,false,false,false,0.14699999999999136,0.0,0,none,0.07349999999999568,none,test_02-test_02_r1-lidar-r13-R3,test_02-test_02_r1-32101301-lidar_dropout-medium,held_out_map_test,true,success,false,false,false,70.439,8.0142,0.14699999999999136,-0.05269999999999975,1,24.253,,false,0.07349999999999568,0.0,0.0,0.0,0.07349999999999568,0.0,0.0
c9eb5f22-f2c3-459d-ac0f-2e27de306e6d,test_02,test_02_r1,32101302,wheel_slip,medium,R0,true,false,false,false,0.0,0.0,0,none,0.0,none,test_02-test_02_r1-wheel-r13-R0,test_02-test_02_r1-32101302-wheel_slip-medium,held_out_map_test,true,success,false,false,false,65.255,7.9672,0.0,0.0,0,,,false,0.0,0.0,0.0,0.0,0.0,0.0,0.0
5be3225c-9ef9-424a-b899-67c512a25fcd,test_02,test_02_r1,32101302,wheel_slip,medium,R2,true,false,false,false,0.8290000000000077,0.09249999999999936,0,none,0.5070000000000032,none,test_02-test_02_r1-wheel-r13-R2,test_02-test_02_r1-32101302-wheel_slip-medium,held_out_map_test,true,success,false,false,false,66.084,8.0597,0.8290000000000077,0.09249999999999936,0,,,false,0.5070000000000032,0.0,0.0,0.0,0.41450000000000387,0.09249999999999936,0.0
b0099fc5-966d-4ed9-941b-9a749880b093,test_02,test_02_r1,32101302,wheel_slip,medium,R3,true,false,false,false,2.4350000000000023,0.09420000000000073,0,none,1.3117000000000019,none,test_02-test_02_r1-wheel-r13-R3,test_02-test_02_r1-32101302-wheel_slip-medium,held_out_map_test,true,success,false,false,false,67.69,8.0614,2.4350000000000023,0.09420000000000073,0,,,false,1.3117000000000019,0.0,0.0,0.0,1.2175000000000011,0.09420000000000073,0.0
32bf7492-d596-49a3-9a05-0ecd3ee1c9b7,test_02,test_02_r1,32101303,localisation_perturbation,medium,R0,true,false,false,false,0.0,0.0,0,none,0.0,none,test_02-test_02_r1-localisation-r13-R0,test_02-test_02_r1-32101303-localisation_perturbation-medium,held_out_map_test,true,success,false,false,false,69.877,8.0269,0.0,0.0,0,,,false,0.0,0.0,0.0,0.0,0.0,0.0,0.0
4e30727c-1541-4c65-9bc1-00a8f7652918,test_02,test_02_r1,32101303,localisation_perturbation,medium,R2,true,false,false,false,0.0,0.0,0,none,0.0,none,test_02-test_02_r1-localisation-r13-R2,test_02-test_02_r1-32101303-localisation_perturbation-medium,held_out_map_test,true,success,false,false,false,69.332,7.937,-0.5450000000000017,-0.0898999999999992,0,,,false,0.0,0.0,0.0,0.0,0.0,0.0,0.0
fba91211-6dbc-4ebe-be42-03c5ff8e02be,test_02,test_02_r1,32101303,localisation_perturbation,medium,R3,true,false,false,false,0.578000000000003,0.0,0,none,0.2890000000000015,none,test_02-test_02_r1-localisation-r13-R3,test_02-test_02_r1-32101303-localisation_perturbation-medium,held_out_map_test,true,success,false,false,false,70.455,7.9718,0.578000000000003,-0.05509999999999948,0,,,false,0.2890000000000015,0.0,0.0,0.0,0.2890000000000015,0.0,0.0
2156d998-883f-4d18-ad62-7e9aa0a9bec6,test_02,test_02_r1,32101304,dynamic_blockage,medium,R0,true,false,false,false,0.0,0.0,0,none,0.0,none,test_02-test_02_r1-blockage-r13-R0,test_02-test_02_r1-32101304-dynamic_blockage-medium,held_out_map_test,true,success,false,false,false,82.742,9.6925,0.0,0.0,0,,,false,0.0,0.0,0.0,0.0,0.0,0.0,0.0
3948d688-42e8-4c9f-acf0-fa03b0728cce,test_02,test_02_r1,32101304,dynamic_blockage,medium,R2,true,false,false,false,0.0,0.0,0,none,0.0,none,test_02-test_02_r1-blockage-r13-R2,test_02-test_02_r1-32101304-dynamic_blockage-medium,held_out_map_test,true,success,false,false,false,81.806,9.5919,-0.936000000000007,-0.10060000000000002,0,,,false,0.0,0.0,0.0,0.0,0.0,0.0,0.0
ff548730-44d1-4746-9f45-cc33b4f93139,test_02,test_02_r1,32101304,dynamic_blockage,medium,R3,true,false,false,false,0.938999999999993,0.0,0,none,0.4694999999999965,none,test_02-test_02_r1-blockage-r13-R3,test_02-test_02_r1-32101304-dynamic_blockage-medium,held_out_map_test,true,success,false,false,false,83.681,9.6802,0.938999999999993,-0.012300000000001532,0,,,false,0.4694999999999965,0.0,0.0,0.0,0.4694999999999965,0.0,0.0
dddc3ba3-1968-4803-a00c-7e3c9084396f,test_02,test_02_r1,32101305,planner_oscillation,medium,R0,true,false,false,false,0.0,0.0,0,none,0.0,none,test_02-test_02_r1-oscillation-r13-R0,test_02-test_02_r1-32101305-planner_oscillation-medium,held_out_map_test,true,success,false,false,false,84.75,9.6002,0.0,0.0,0,,,false,0.0,0.0,0.0,0.0,0.0,0.0,0.0
4cd409b3-f5f0-4201-9cea-30b6589c2b4d,test_02,test_02_r1,32101305,planner_oscillation,medium,R2,true,false,false,false,0.0,0.1034000000000006,0,none,0.1034000000000006,none,test_02-test_02_r1-oscillation-r13-R2,test_02-test_02_r1-32101305-planner_oscillation-medium,held_out_map_test,true,success,false,false,false,80.687,9.7036,-4.063000000000002,0.1034000000000006,0,,,false,0.1034000000000006,0.0,0.0,0.0,0.0,0.1034000000000006,0.0
b40c0f28-3e29-4ee4-a720-25c1d28c6bf0,test_02,test_02_r1,32101305,planner_oscillation,medium,R3,true,false,false,false,0.0,0.04520000000000124,0,none,0.04520000000000124,none,test_02-test_02_r1-oscillation-r13-R3,test_02-test_02_r1-32101305-planner_oscillation-medium,held_out_map_test,true,success,false,false,false,84.125,9.6454,-0.625,0.04520000000000124,0,,,false,0.04520000000000124,0.0,0.0,0.0,0.0,0.04520000000000124,0.0
c2aa34d7-d793-4d8a-815f-af92df0e6ae7,test_02,test_02_r1,32101306,semantic_corruption,medium,R0,true,false,false,false,0.0,0.0,0,none,0.0,none,test_02-test_02_r1-semantic-r13-R0,test_02-test_02_r1-32101306-semantic_corruption-medium,held_out_map_test,true,success,false,false,false,66.168,8.0611,0.0,0.0,0,,,false,0.0,0.0,0.0,0.0,0.0,0.0,0.0
ef47df1c-0b3d-4a7b-97a6-d90b93999056,test_02,test_02_r1,32101306,semantic_corruption,medium,R2,true,false,false,false,0.0,0.0,0,none,0.0,none,test_02-test_02_r1-semantic-r13-R2,test_02-test_02_r1-32101306-semantic_corruption-medium,held_out_map_test,true,success,false,false,false,65.312,7.9294,-0.8560000000000088,-0.13169999999999948,0,,,false,0.0,0.0,0.0,0.0,0.0,0.0,0.0
cd66b464-af98-41eb-8a45-eaf8280c7f8b,test_02,test_02_r1,32101306,semantic_corruption,medium,R3,true,false,false,false,0.0,0.0,0,none,0.0,none,test_02-test_02_r1-semantic-r13-R3,test_02-test_02_r1-32101306-semantic_corruption-medium,held_out_map_test,true,success,false,false,false,65.463,7.9091,-0.7050000000000125,-0.15200000000000014,0,,,false,0.0,0.0,0.0,0.0,0.0,0.0,0.0
37aa6ca1-c955-4936-9217-64da922638e8,test_02,test_02_r2,32201000,camera_occlusion,medium,R0,true,false,false,false,0.0,0.0,0,none,0.0,none,test_02-test_02_r2-camera-r10-R0,test_02-test_02_r2-32201000-camera_occlusion-medium,held_out_map_test,true,success,false,false,false,118.492,11.1868,0.0,0.0,0,,,false,0.0,0.0,0.0,0.0,0.0,0.0,0.0
f91b5455-4a89-4fa4-b66c-6c031c9b3bfe,test_02,test_02_r2,32201000,camera_occlusion,medium,R2,true,false,false,false,0.0,0.18520000000000003,0,none,0.18520000000000003,none,test_02-test_02_r2-camera-r10-R2,test_02-test_02_r2-32201000-camera_occlusion-medium,held_out_map_test,true,success,false,false,false,111.543,11.372,-6.948999999999998,0.18520000000000003,0,,,false,0.18520000000000003,0.0,0.0,0.0,0.0,0.18520000000000003,0.0
809b175d-6bc8-4513-b8b7-d2cc5ce66396,test_02,test_02_r2,32201000,camera_occlusion,medium,R3,true,false,false,false,0.0,0.0,0,none,0.0,none,test_02-test_02_r2-camera-r10-R3,test_02-test_02_r2-32201000-camera_occlusion-medium,held_out_map_test,true,success,false,false,false,95.153,10.9994,-23.339,-0.18740000000000023,0,,,false,0.0,0.0,0.0,0.0,0.0,0.0,0.0
c46782ba-7d26-4257-b391-4471a7947339,test_02,test_02_r2,32201001,lidar_dropout,medium,R0,true,false,false,false,0.0,0.0,0,none,0.0,none,test_02-test_02_r2-lidar-r10-R0,test_02-test_02_r2-32201001-lidar_dropout-medium,held_out_map_test,true,success,false,false,false,155.683,12.481,0.0,0.0,0,,,false,0.0,0.0,0.0,0.0,0.0,0.0,0.0
99200a80-911f-4d89-bfa3-827e37ed181b,test_02,test_02_r2,32201001,lidar_dropout,medium,R2,true,false,false,false,0.0,0.0,0,none,0.0,none,test_02-test_02_r2-lidar-r10-R2,test_02-test_02_r2-32201001-lidar_dropout-medium,held_out_map_test,true,success,false,false,false,107.202,11.7052,-48.480999999999995,-0.7758000000000003,0,,,false,0.0,0.0,0.0,0.0,0.0,0.0,0.0
b6f04ae5-4ed0-4e2a-ae9d-ec2951e1476e,test_02,test_02_r2,32201001,lidar_dropout,medium,R3,true,false,false,false,0.0,0.0,0,none,0.0,none,test_02-test_02_r2-lidar-r10-R3,test_02-test_02_r2-32201001-lidar_dropout-medium,held_out_map_test,true,success,false,false,false,100.27,11.5174,-55.413,-0.9635999999999996,0,,,false,0.0,0.0,0.0,0.0,0.0,0.0,0.0
96b63229-e0a2-44a2-9e15-4def5c83a32b,test_02,test_02_r2,32201002,wheel_slip,medium,R0,true,false,false,false,0.0,0.0,0,none,0.0,none,test_02-test_02_r2-wheel-r10-R0,test_02-test_02_r2-32201002-wheel_slip-medium,held_out_map_test,true,success,false,false,false,101.354,11.4832,0.0,0.0,0,,,false,0.0,0.0,0.0,0.0,0.0,0.0,0.0
bea3ba51-ac69-4dff-978a-acba13171d7b,test_02,test_02_r2,32201002,wheel_slip,medium,R2,true,false,false,false,63.64,1.1649999999999991,0,none,16.165,none,test_02-test_02_r2-wheel-r10-R2,test_02-test_02_r2-32201002-wheel_slip-medium,held_out_map_test,true,success,false,false,false,164.994,12.6482,63.64,1.1649999999999991,2,131.276,,false,16.165,0.0,0.0,0.0,15.0,1.1649999999999991,0.0
00198771-558b-4457-9188-6016ae3289ed,test_02,test_02_r2,32201002,wheel_slip,medium,R3,true,false,false,false,62.08,0.9610000000000003,0,none,15.961,none,test_02-test_02_r2-wheel-r10-R3,test_02-test_02_r2-32201002-wheel_slip-medium,held_out_map_test,true,success,false,false,false,163.434,12.4442,62.08,0.9610000000000003,2,127.895,,false,15.961,0.0,0.0,0.0,15.0,0.9610000000000003,0.0
3eb98dd3-372d-4895-a7fa-97ceb1cf99da,test_02,test_02_r2,32201003,localisation_perturbation,medium,R0,true,false,false,false,0.0,0.0,0,none,0.0,none,test_02-test_02_r2-localisation-r10-R0,test_02-test_02_r2-32201003-localisation_perturbation-medium,held_out_map_test,true,success,false,false,false,161.703,12.3552,0.0,0.0,0,,,false,0.0,0.0,0.0,0.0,0.0,0.0,0.0
1ef44913-1cba-4543-a31e-6abf29ca07c0,test_02,test_02_r2,32201003,localisation_perturbation,medium,R2,true,false,false,false,2.9480000000000075,0.047100000000000364,0,none,1.5211000000000041,none,test_02-test_02_r2-localisation-r10-R2,test_02-test_02_r2-32201003-localisation_perturbation-medium,held_out_map_test,true,success,false,false,false,164.651,12.4023,2.9480000000000075,0.047100000000000364,1,129.528,,false,1.5211000000000041,0.0,0.0,0.0,1.4740000000000038,0.047100000000000364,0.0
a54b0dbe-c981-4949-b28c-78b481c9d5a1,test_02,test_02_r2,32201003,localisation_perturbation,medium,R3,true,false,false,false,0.0,0.0,0,none,0.0,none,test_02-test_02_r2-localisation-r10-R3,test_02-test_02_r2-32201003-localisation_perturbation-medium,held_out_map_test,true,success,false,false,false,108.173,11.9685,-53.53,-0.3866999999999994,0,,,false,0.0,0.0,0.0,0.0,0.0,0.0,0.0
6dcaa7f2-1e29-4e55-aff6-b54290161180,test_02,test_02_r2,32201004,dynamic_blockage,medium,R0,true,false,false,false,0.0,0.0,0,none,0.0,none,test_02-test_02_r2-blockage-r10-R0,test_02-test_02_r2-32201004-dynamic_blockage-medium,held_out_map_test,true,success,false,false,false,184.875,13.7112,0.0,0.0,0,,,false,0.0,0.0,0.0,0.0,0.0,0.0,0.0
6adfad4d-c683-4845-b782-5e12c072a175,test_02,test_02_r2,32201004,dynamic_blockage,medium,R2,true,false,false,false,0.0,0.0,0,none,0.0,none,test_02-test_02_r2-blockage-r10-R2,test_02-test_02_r2-32201004-dynamic_blockage-medium,held_out_map_test,true,success,false,false,false,124.545,12.0924,-60.33,-1.6188000000000002,0,,,false,0.0,0.0,0.0,0.0,0.0,0.0,0.0
376b3102-b278-41bf-ad1b-20bd01065572,test_02,test_02_r2,32201004,dynamic_blockage,medium,R3,true,false,false,false,0.0,0.0,0,none,0.0,none,test_02-test_02_r2-blockage-r10-R3,test_02-test_02_r2-32201004-dynamic_blockage-medium,held_out_map_test,true,success,false,false,false,124.732,12.023,-60.143,-1.6882000000000001,0,,,false,0.0,0.0,0.0,0.0,0.0,0.0,0.0
ee31c3bc-1263-4386-99ff-c02be657de4d,test_02,test_02_r2,32201005,planner_oscillation,medium,R0,true,false,false,false,0.0,0.0,0,none,0.0,none,test_02-test_02_r2-oscillation-r10-R0,test_02-test_02_r2-32201005-planner_oscillation-medium,held_out_map_test,true,success,false,false,false,178.763,14.1588,0.0,0.0,0,,,false,0.0,0.0,0.0,0.0,0.0,0.0,0.0
619e858e-8700-4b96-9848-92aec6256e0e,test_02,test_02_r2,32201005,planner_oscillation,medium,R2,true,false,false,false,0.0,0.0,0,none,0.0,none,test_02-test_02_r2-oscillation-r10-R2,test_02-test_02_r2-32201005-planner_oscillation-medium,held_out_map_test,true,success,false,false,false,115.001,12.6998,-63.762,-1.4589999999999996,0,,,false,0.0,0.0,0.0,0.0,0.0,0.0,0.0
0c2ded2f-177d-44fa-b38e-cdf2f296584c,test_02,test_02_r2,32201005,planner_oscillation,medium,R3,true,false,false,false,0.0,0.0,0,none,0.0,none,test_02-test_02_r2-oscillation-r10-R3,test_02-test_02_r2-32201005-planner_oscillation-medium,held_out_map_test,true,success,false,false,false,114.408,12.6924,-64.355,-1.4664000000000001,0,,,false,0.0,0.0,0.0,0.0,0.0,0.0,0.0
1249c3bb-870f-4ba2-af83-afccc23c3067,test_02,test_02_r2,32201006,semantic_corruption,medium,R0,true,false,false,false,0.0,0.0,0,none,0.0,none,test_02-test_02_r2-semantic-r10-R0,test_02-test_02_r2-32201006-semantic_corruption-medium,held_out_map_test,true,success,false,false,false,96.303,11.498,0.0,0.0,0,,,false,0.0,0.0,0.0,0.0,0.0,0.0,0.0
53a0789c-75c4-4053-b7da-7206359e19e3,test_02,test_02_r2,32201006,semantic_corruption,medium,R2,true,false,false,false,0.0,0.0,0,none,0.0,none,test_02-test_02_r2-semantic-r10-R2,test_02-test_02_r2-32201006-semantic_corruption-medium,held_out_map_test,true,success,false,false,false,95.083,11.4769,-1.2199999999999989,-0.021099999999998786,1,109.546,,false,0.0,0.0,0.0,0.0,0.0,0.0,0.0
549183d0-8d20-4d5a-99c7-b9d698d76826,test_02,test_02_r2,32201006,semantic_corruption,medium,R3,true,false,false,false,0.0,0.0,0,none,0.0,none,test_02-test_02_r2-semantic-r10-R3,test_02-test_02_r2-32201006-semantic_corruption-medium,held_out_map_test,true,success,false,false,false,94.854,11.4672,-1.448999999999998,-0.030799999999999272,1,108.65,,false,0.0,0.0,0.0,0.0,0.0,0.0,0.0
97697d02-7daa-4415-8050-dba6c1bae7d2,test_02,test_02_r2,32201100,camera_occlusion,medium,R0,true,false,false,false,0.0,0.0,0,none,0.0,none,test_02-test_02_r2-camera-r11-R0,test_02-test_02_r2-32201100-camera_occlusion-medium,held_out_map_test,true,success,false,false,false,93.197,10.8579,0.0,0.0,0,,,false,0.0,0.0,0.0,0.0,0.0,0.0,0.0
d002fa5e-1fd2-47ae-904a-55aa336cf8d5,test_02,test_02_r2,32201100,camera_occlusion,medium,R2,true,false,false,false,1.8649999999999949,0.09980000000000011,0,none,1.0322999999999976,none,test_02-test_02_r2-camera-r11-R2,test_02-test_02_r2-32201100-camera_occlusion-medium,held_out_map_test,true,success,false,false,false,95.062,10.9577,1.8649999999999949,0.09980000000000011,1,108.654,,false,1.0322999999999976,0.0,0.0,0.0,0.9324999999999974,0.09980000000000011,0.0
3d948b49-59e9-477b-aaf1-96c51a1f43c4,test_02,test_02_r2,32201100,camera_occlusion,medium,R3,true,false,false,false,0.887999999999991,0.0,0,none,0.4439999999999955,none,test_02-test_02_r2-camera-r11-R3,test_02-test_02_r2-32201100-camera_occlusion-medium,held_out_map_test,true,success,false,false,false,94.085,10.8521,0.887999999999991,-0.0058000000000006935,1,107.16,,false,0.4439999999999955,0.0,0.0,0.0,0.4439999999999955,0.0,0.0
1b94a661-e30f-43a9-b639-713782a621ed,test_02,test_02_r2,32201101,lidar_dropout,medium,R0,true,false,false,false,0.0,0.0,0,none,0.0,none,test_02-test_02_r2-lidar-r11-R0,test_02-test_02_r2-32201101-lidar_dropout-medium,held_out_map_test,true,success,false,false,false,114.718,12.6488,0.0,0.0,0,,,false,0.0,0.0,0.0,0.0,0.0,0.0,0.0
2b583305-5135-4a06-8c4b-4e88f309e13e,test_02,test_02_r2,32201101,lidar_dropout,medium,R2,true,false,false,false,0.0,0.0,0,none,0.0,none,test_02-test_02_r2-lidar-r11-R2,test_02-test_02_r2-32201101-lidar_dropout-medium,held_out_map_test,true,success,false,false,false,97.728,11.3137,-16.99000000000001,-1.3350999999999988,0,,,false,0.0,0.0,0.0,0.0,0.0,0.0,0.0
c0b84c6f-132b-4ae6-b68c-d0caa5d51896,test_02,test_02_r2,32201101,lidar_dropout,medium,R3,true,false,false,false,39.239999999999995,0.053800000000000736,0,none,15.0538,none,test_02-test_02_r2-lidar-r11-R3,test_02-test_02_r2-32201101-lidar_dropout-medium,held_out_map_test,true,success,false,false,false,153.958,12.7026,39.239999999999995,0.053800000000000736,1,123.002,,false,15.0538,0.0,0.0,0.0,15.0,0.053800000000000736,0.0
27a28c43-0d44-46f6-9d3b-f43ad801d314,test_02,test_02_r2,32201102,wheel_slip,medium,R0,true,false,false,false,0.0,0.0,0,none,0.0,none,test_02-test_02_r2-wheel-r11-R0,test_02-test_02_r2-32201102-wheel_slip-medium,held_out_map_test,true,success,false,false,false,96.856,11.3522,0.0,0.0,0,,,false,0.0,0.0,0.0,0.0,0.0,0.0,0.0
bee48c72-dbab-40e9-b08a-237ad3edf6e8,test_02,test_02_r2,32201102,wheel_slip,medium,R2,true,false,false,false,63.742999999999995,1.0563000000000002,0,none,16.0563,none,test_02-test_02_r2-wheel-r11-R2,test_02-test_02_r2-32201102-wheel_slip-medium,held_out_map_test,true,success,false,false,false,160.599,12.4085,63.742999999999995,1.0563000000000002,1,142.926,,false,16.0563,0.0,0.0,0.0,15.0,1.0563000000000002,0.0
9cc42299-deb8-4bb2-a0ad-f91b23f0dd1d,test_02,test_02_r2,32201102,wheel_slip,medium,R3,true,false,false,false,5.481000000000009,0.32920000000000016,0,none,3.0697000000000045,none,test_02-test_02_r2-wheel-r11-R3,test_02-test_02_r2-32201102-wheel_slip-medium,held_out_map_test,true,success,false,false,false,102.337,11.6814,5.481000000000009,0.32920000000000016,0,,,false,3.0697000000000045,0.0,0.0,0.0,2.7405000000000044,0.32920000000000016,0.0
321c288f-f4c0-4b04-9c6f-f716dbb5782d,test_02,test_02_r2,32201103,localisation_perturbation,medium,R0,true,false,false,false,0.0,0.0,0,none,0.0,none,test_02-test_02_r2-localisation-r11-R0,test_02-test_02_r2-32201103-localisation_perturbation-medium,held_out_map_test,true,success,false,false,false,175.975,14.1125,0.0,0.0,0,,,false,0.0,0.0,0.0,0.0,0.0,0.0,0.0
f1c9740b-49e8-4259-b6b1-b20c0a5dfa06,test_02,test_02_r2,32201103,localisation_perturbation,medium,R2,true,false,false,false,0.0,0.0,0,none,0.0,none,test_02-test_02_r2-localisation-r11-R2,test_02-test_02_r2-32201103-localisation_perturbation-medium,held_out_map_test,true,success,false,false,false,117.115,12.3992,-58.86,-1.7133000000000003,0,,,false,0.0,0.0,0.0,0.0,0.0,0.0,0.0
99fe1d5d-d5e8-4ec1-b6c4-7d67a0b0f6d8,test_02,test_02_r2,32201103,localisation_perturbation,medium,R3,true,false,false,false,2.094999999999999,0.0,0,none,1.0474999999999994,none,test_02-test_02_r2-localisation-r11-R3,test_02-test_02_r2-32201103-localisation_perturbation-medium,held_out_map_test,true,success,false,false,false,178.07,12.6114,2.094999999999999,-1.501100000000001,0,,,false,1.0474999999999994,0.0,0.0,0.0,1.0474999999999994,0.0,0.0
6cee9929-5e3a-4c05-ad39-2abf81abeebe,test_02,test_02_r2,32201104,dynamic_blockage,medium,R0,true,false,false,false,0.0,0.0,0,none,0.0,none,test_02-test_02_r2-blockage-r11-R0,test_02-test_02_r2-32201104-dynamic_blockage-medium,held_out_map_test,true,success,false,false,false,161.404,13.2794,0.0,0.0,0,,,false,0.0,0.0,0.0,0.0,0.0,0.0,0.0
58576575-0dbc-4dae-ba28-0343b08997f8,test_02,test_02_r2,32201104,dynamic_blockage,medium,R2,true,false,false,false,0.0,0.0,0,none,0.0,none,test_02-test_02_r2-blockage-r11-R2,test_02-test_02_r2-32201104-dynamic_blockage-medium,held_out_map_test,true,success,false,false,false,115.705,12.0334,-45.699,-1.2460000000000004,0,,,false,0.0,0.0,0.0,0.0,0.0,0.0,0.0
428e0780-1d31-41df-93a4-3fe03b442ae0,test_02,test_02_r2,32201104,dynamic_blockage,medium,R3,true,false,false,false,0.0,0.0,0,none,0.0,none,test_02-test_02_r2-blockage-r11-R3,test_02-test_02_r2-32201104-dynamic_blockage-medium,held_out_map_test,true,success,false,false,false,118.218,12.2094,-43.18599999999999,-1.0700000000000003,0,,,false,0.0,0.0,0.0,0.0,0.0,0.0,0.0
f8012c83-32f7-4222-b3d5-ab6464086164,test_02,test_02_r2,32201105,planner_oscillation,medium,R0,true,false,false,false,0.0,0.0,0,none,0.0,none,test_02-test_02_r2-oscillation-r11-R0,test_02-test_02_r2-32201105-planner_oscillation-medium,held_out_map_test,true,success,false,false,false,116.323,12.711,0.0,0.0,0,,,false,0.0,0.0,0.0,0.0,0.0,0.0,0.0
428023da-ab18-4e63-9a9d-89cb684c2298,test_02,test_02_r2,32201105,planner_oscillation,medium,R2,true,false,false,false,0.0,0.013399999999998968,0,none,0.013399999999998968,none,test_02-test_02_r2-oscillation-r11-R2,test_02-test_02_r2-32201105-planner_oscillation-medium,held_out_map_test,true,success,false,false,false,116.31,12.7244,-0.012999999999991019,0.013399999999998968,0,,,false,0.013399999999998968,0.0,0.0,0.0,0.0,0.013399999999998968,0.0
e50cafbe-eb38-4bd7-b330-e8832a5407ae,test_02,test_02_r2,32201105,planner_oscillation,medium,R3,true,false,false,false,51.14200000000001,0.5054999999999996,0,none,15.5055,none,test_02-test_02_r2-oscillation-r11-R3,test_02-test_02_r2-32201105-planner_oscillation-medium,held_out_map_test,true,success,false,false,false,167.465,13.2165,51.14200000000001,0.5054999999999996,0,,,false,15.5055,0.0,0.0,0.0,15.0,0.5054999999999996,0.0
bd03e67f-f58e-443b-b283-0f81c41f57be,test_02,test_02_r2,32201106,semantic_corruption,medium,R0,true,false,false,false,0.0,0.0,0,none,0.0,none,test_02-test_02_r2-semantic-r11-R0,test_02-test_02_r2-32201106-semantic_corruption-medium,held_out_map_test,true,success,false,false,false,92.786,11.4003,0.0,0.0,0,,,false,0.0,0.0,0.0,0.0,0.0,0.0,0.0
62feb420-8589-4c30-9a29-1dfddc7053c2,test_02,test_02_r2,32201106,semantic_corruption,medium,R2,true,false,false,false,1.4359999999999928,0.029799999999999827,0,none,0.7477999999999962,none,test_02-test_02_r2-semantic-r11-R2,test_02-test_02_r2-32201106-semantic_corruption-medium,held_out_map_test,true,success,false,false,false,94.222,11.4301,1.4359999999999928,0.029799999999999827,0,,,false,0.7477999999999962,0.0,0.0,0.0,0.7179999999999964,0.029799999999999827,0.0
5d74f8be-2657-40b0-b2b0-e9aa146af8b3,test_02,test_02_r2,32201106,semantic_corruption,medium,R3,true,false,false,false,37.361999999999995,0.7005999999999997,0,none,15.7006,none,test_02-test_02_r2-semantic-r11-R3,test_02-test_02_r2-32201106-semantic_corruption-medium,held_out_map_test,true,success,false,false,false,130.148,12.1009,37.361999999999995,0.7005999999999997,0,,,false,15.7006,0.0,0.0,0.0,15.0,0.7005999999999997,0.0
19469bbf-4a11-41cf-a588-b95b1a011498,test_02,test_02_r2,32201200,camera_occlusion,medium,R0,true,false,false,false,0.0,0.0,0,none,0.0,none,test_02-test_02_r2-camera-r12-R0,test_02-test_02_r2-32201200-camera_occlusion-medium,held_out_map_test,true,success,false,false,false,92.716,10.7756,0.0,0.0,0,,,false,0.0,0.0,0.0,0.0,0.0,0.0,0.0
8a8e95e4-2a94-4bcc-9019-391a3b0b0e91,test_02,test_02_r2,32201200,camera_occlusion,medium,R2,true,false,false,false,3.805000000000007,0.21439999999999948,0,none,2.116900000000003,none,test_02-test_02_r2-camera-r12-R2,test_02-test_02_r2-32201200-camera_occlusion-medium,held_out_map_test,true,success,false,false,false,96.521,10.99,3.805000000000007,0.21439999999999948,0,,,false,2.116900000000003,0.0,0.0,0.0,1.9025000000000034,0.21439999999999948,0.0
fc78d8af-9173-437c-b57d-914693c3fbe9,test_02,test_02_r2,32201200,camera_occlusion,medium,R3,true,false,false,false,17.592000000000013,0.8896999999999995,0,none,9.685700000000006,none,test_02-test_02_r2-camera-r12-R3,test_02-test_02_r2-32201200-camera_occlusion-medium,held_out_map_test,true,success,false,false,false,110.308,11.6653,17.592000000000013,0.8896999999999995,0,,,false,9.685700000000006,0.0,0.0,0.0,8.796000000000006,0.8896999999999995,0.0
0686ad66-1b90-48c3-a537-d55fa559482e,test_02,test_02_r2,32201201,lidar_dropout,medium,R0,true,false,false,false,0.0,0.0,0,none,0.0,none,test_02-test_02_r2-lidar-r12-R0,test_02-test_02_r2-32201201-lidar_dropout-medium,held_out_map_test,true,success,false,false,false,104.181,11.5184,0.0,0.0,0,,,false,0.0,0.0,0.0,0.0,0.0,0.0,0.0
d86951ad-bab7-47f6-97dc-1803cec1eef3,test_02,test_02_r2,32201201,lidar_dropout,medium,R2,true,false,false,false,0.0,0.0,0,none,0.0,none,test_02-test_02_r2-lidar-r12-R2,test_02-test_02_r2-32201201-lidar_dropout-medium,held_out_map_test,true,success,false,false,false,101.335,11.3494,-2.8460000000000036,-0.16900000000000048,0,,,false,0.0,0.0,0.0,0.0,0.0,0.0,0.0
7ea949cb-d565-4bcd-94a0-a707057e55e5,test_02,test_02_r2,32201201,lidar_dropout,medium,R3,true,false,false,false,58.119000000000014,0.655800000000001,0,none,15.655800000000001,none,test_02-test_02_r2-lidar-r12-R3,test_02-test_02_r2-32201201-lidar_dropout-medium,held_out_map_test,true,success,false,false,false,162.3,12.1742,58.119000000000014,0.655800000000001,1,131.005,,false,15.655800000000001,0.0,0.0,0.0,15.0,0.655800000000001,0.0
3c79fc77-ec32-452d-afbf-f0a0ae6e08d9,test_02,test_02_r2,32201202,wheel_slip,medium,R0,true,false,false,false,0.0,0.0,0,none,0.0,none,test_02-test_02_r2-wheel-r12-R0,test_02-test_02_r2-32201202-wheel_slip-medium,held_out_map_test,true,success,false,false,false,101.956,11.7522,0.0,0.0,0,,,false,0.0,0.0,0.0,0.0,0.0,0.0,0.0
11c2dae4-a05a-41c0-8fe9-83808177ad0d,test_02,test_02_r2,32201202,wheel_slip,medium,R2,true,false,false,false,59.873000000000005,0.31509999999999927,0,none,15.3151,none,test_02-test_02_r2-wheel-r12-R2,test_02-test_02_r2-32201202-wheel_slip-medium,held_out_map_test,true,success,false,false,false,161.829,12.0673,59.873000000000005,0.31509999999999927,1,130.334,,false,15.3151,0.0,0.0,0.0,15.0,0.31509999999999927,0.0
46cda045-94eb-4a98-ac53-6c0f2be23113,test_02,test_02_r2,32201202,wheel_slip,medium,R3,true,false,false,false,61.05,0.6188000000000002,0,none,15.6188,none,test_02-test_02_r2-wheel-r12-R3,test_02-test_02_r2-32201202-wheel_slip-medium,held_out_map_test,true,success,false,false,false,163.006,12.371,61.05,0.6188000000000002,1,130.952,,false,15.6188,0.0,0.0,0.0,15.0,0.6188000000000002,0.0
ef04723b-6032-4b3f-8613-19823b5cc530,test_02,test_02_r2,32201203,localisation_perturbation,medium,R0,true,false,false,false,0.0,0.0,0,none,0.0,none,test_02-test_02_r2-localisation-r12-R0,test_02-test_02_r2-32201203-localisation_perturbation-medium,held_out_map_test,true,success,false,false,false,167.192,12.3155,0.0,0.0,0,,,false,0.0,0.0,0.0,0.0,0.0,0.0,0.0
34277911-a063-4eb9-8470-7ad7c221bb5c,test_02,test_02_r2,32201203,localisation_perturbation,medium,R2,true,false,false,false,0.0,0.0,0,none,0.0,none,test_02-test_02_r2-localisation-r12-R2,test_02-test_02_r2-32201203-localisation_perturbation-medium,held_out_map_test,true,success,false,false,false,100.993,11.4854,-66.19900000000001,-0.8300999999999998,0,,,false,0.0,0.0,0.0,0.0,0.0,0.0,0.0
fee41198-1abb-4639-b184-96d509b362b3,test_02,test_02_r2,32201203,localisation_perturbation,medium,R3,true,false,false,false,0.0,0.0,0,none,0.0,none,test_02-test_02_r2-localisation-r12-R3,test_02-test_02_r2-32201203-localisation_perturbation-medium,held_out_map_test,true,success,false,false,false,100.763,11.3466,-66.429,-0.9688999999999997,0,,,false,0.0,0.0,0.0,0.0,0.0,0.0,0.0
55802a4c-400a-48a6-96d8-dd65ed0934e2,test_02,test_02_r2,32201204,dynamic_blockage,medium,R0,true,false,false,false,0.0,0.0,0,none,0.0,none,test_02-test_02_r2-blockage-r12-R0,test_02-test_02_r2-32201204-dynamic_blockage-medium,held_out_map_test,true,success,false,false,false,119.061,12.5266,0.0,0.0,0,,,false,0.0,0.0,0.0,0.0,0.0,0.0,0.0
28703011-ba9c-4f25-ac90-c6373f786d2c,test_02,test_02_r2,32201204,dynamic_blockage,medium,R2,true,false,false,false,0.8399999999999892,0.05879999999999974,0,none,0.47879999999999434,none,test_02-test_02_r2-blockage-r12-R2,test_02-test_02_r2-32201204-dynamic_blockage-medium,held_out_map_test,true,success,false,false,false,119.901,12.5854,0.8399999999999892,0.05879999999999974,0,,,false,0.47879999999999434,0.0,0.0,0.0,0.4199999999999946,0.05879999999999974,0.0
66929355-e8a6-4535-b72b-80186bc5e400,test_02,test_02_r2,32201204,dynamic_blockage,medium,R3,true,false,false,false,2.7299999999999898,0.0,0,none,1.3649999999999949,none,test_02-test_02_r2-blockage-r12-R3,test_02-test_02_r2-32201204-dynamic_blockage-medium,held_out_map_test,true,success,false,false,false,121.791,12.2084,2.7299999999999898,-0.3182000000000009,0,,,false,1.3649999999999949,0.0,0.0,0.0,1.3649999999999949,0.0,0.0
5060ba58-71e5-4af9-8969-704a36136acb,test_02,test_02_r2,32201205,planner_oscillation,medium,R0,true,false,false,false,0.0,0.0,0,none,0.0,none,test_02-test_02_r2-oscillation-r12-R0,test_02-test_02_r2-32201205-planner_oscillation-medium,held_out_map_test,true,success,false,false,false,123.417,12.6847,0.0,0.0,0,,,false,0.0,0.0,0.0,0.0,0.0,0.0,0.0
21b5edfb-9455-4de2-97f6-cadeb4966af1,test_02,test_02_r2,32201205,planner_oscillation,medium,R2,true,false,false,false,0.0,0.0,0,none,0.0,none,test_02-test_02_r2-oscillation-r12-R2,test_02-test_02_r2-32201205-planner_oscillation-medium,held_out_map_test,true,success,false,false,false,119.527,12.676,-3.8900000000000006,-0.008699999999999264,0,,,false,0.0,0.0,0.0,0.0,0.0,0.0,0.0
30556879-212f-4491-b38b-b7d89f38ac6a,test_02,test_02_r2,32201205,planner_oscillation,medium,R3,true,false,false,false,58.31399999999999,1.0808,0,none,16.0808,none,test_02-test_02_r2-oscillation-r12-R3,test_02-test_02_r2-32201205-planner_oscillation-medium,held_out_map_test,true,success,false,false,false,181.731,13.7655,58.31399999999999,1.0808,0,,,false,16.0808,0.0,0.0,0.0,15.0,1.0808,0.0
2b2d63f6-dc1b-47cd-a53f-c6077597d19d,test_02,test_02_r2,32201206,semantic_corruption,medium,R0,true,false,false,false,0.0,0.0,0,none,0.0,none,test_02-test_02_r2-semantic-r12-R0,test_02-test_02_r2-32201206-semantic_corruption-medium,held_out_map_test,true,success,false,false,false,94.788,11.4253,0.0,0.0,0,,,false,0.0,0.0,0.0,0.0,0.0,0.0,0.0
edd74990-2fe2-43fd-8448-12bf4fa0ddd8,test_02,test_02_r2,32201206,semantic_corruption,medium,R2,true,false,false,false,39.70700000000001,0.4488000000000003,0,none,15.4488,none,test_02-test_02_r2-semantic-r12-R2,test_02-test_02_r2-32201206-semantic_corruption-medium,held_out_map_test,true,success,false,false,false,134.495,11.8741,39.70700000000001,0.4488000000000003,1,148.056,,false,15.4488,0.0,0.0,0.0,15.0,0.4488000000000003,0.0
6503fdf3-cb72-4a26-9d1a-923bf2193096,test_02,test_02_r2,32201206,semantic_corruption,medium,R3,true,false,false,false,1.8329999999999984,0.05969999999999942,0,none,0.9761999999999986,none,test_02-test_02_r2-semantic-r12-R3,test_02-test_02_r2-32201206-semantic_corruption-medium,held_out_map_test,true,success,false,false,false,96.621,11.485,1.8329999999999984,0.05969999999999942,1,110.05,,false,0.9761999999999986,0.0,0.0,0.0,0.9164999999999992,0.05969999999999942,0.0
c71757b5-694c-4661-a5ba-79eb6a023988,test_02,test_02_r2,32201300,camera_occlusion,medium,R0,true,false,false,false,0.0,0.0,0,none,0.0,none,test_02-test_02_r2-camera-r13-R0,test_02-test_02_r2-32201300-camera_occlusion-medium,held_out_map_test,true,success,false,false,false,141.484,11.8367,0.0,0.0,0,,,false,0.0,0.0,0.0,0.0,0.0,0.0,0.0
2fd14509-0fad-4600-9d5d-4cdfc2a77e90,test_02,test_02_r2,32201300,camera_occlusion,medium,R2,true,false,false,false,4.971000000000004,0.0,0,none,2.485500000000002,none,test_02-test_02_r2-camera-r13-R2,test_02-test_02_r2-32201300-camera_occlusion-medium,held_out_map_test,true,success,false,false,false,146.455,11.7848,4.971000000000004,-0.051899999999999835,1,159.648,,false,2.485500000000002,0.0,0.0,0.0,2.485500000000002,0.0,0.0
f28c97c1-7792-46eb-bf65-c55e1ab2cf5e,test_02,test_02_r2,32201300,camera_occlusion,medium,R3,true,false,false,false,0.0,0.0,0,none,0.0,none,test_02-test_02_r2-camera-r13-R3,test_02-test_02_r2-32201300-camera_occlusion-medium,held_out_map_test,true,success,false,false,false,91.936,10.7631,-49.548,-1.0736000000000008,0,,,false,0.0,0.0,0.0,0.0,0.0,0.0,0.0
e01e3508-52bf-459e-81a1-b3e7a49cd60a,test_02,test_02_r2,32201301,lidar_dropout,medium,R0,true,false,false,false,0.0,0.0,0,none,0.0,none,test_02-test_02_r2-lidar-r13-R0,test_02-test_02_r2-32201301-lidar_dropout-medium,held_out_map_test,true,success,false,false,false,159.455,12.401,0.0,0.0,0,,,false,0.0,0.0,0.0,0.0,0.0,0.0,0.0
5ff2674d-71ec-4b86-ab02-a4fdd7db4eec,test_02,test_02_r2,32201301,lidar_dropout,medium,R2,true,false,false,false,0.0,0.0,0,none,0.0,none,test_02-test_02_r2-lidar-r13-R2,test_02-test_02_r2-32201301-lidar_dropout-medium,held_out_map_test,true,success,false,false,false,109.838,11.8228,-49.61700000000002,-0.5781999999999989,0,,,false,0.0,0.0,0.0,0.0,0.0,0.0,0.0
52807437-0f2b-479d-8c2c-2547ccbfdb29,test_02,test_02_r2,32201301,lidar_dropout,medium,R3,true,false,false,false,0.0,0.3422999999999998,0,none,0.3422999999999998,none,test_02-test_02_r2-lidar-r13-R3,test_02-test_02_r2-32201301-lidar_dropout-medium,held_out_map_test,true,success,false,false,false,126.43,12.7433,-33.025000000000006,0.3422999999999998,0,,,false,0.3422999999999998,0.0,0.0,0.0,0.0,0.3422999999999998,0.0
14870c11-692d-4bf6-8d40-010ac23c3092,test_02,test_02_r2,32201302,wheel_slip,medium,R0,true,false,false,false,0.0,0.0,0,none,0.0,none,test_02-test_02_r2-wheel-r13-R0,test_02-test_02_r2-32201302-wheel_slip-medium,held_out_map_test,true,success,false,false,false,158.469,13.8501,0.0,0.0,0,,,false,0.0,0.0,0.0,0.0,0.0,0.0,0.0
fc937dd4-7ffb-4177-adc6-0a5d78dffaec,test_02,test_02_r2,32201302,wheel_slip,medium,R2,true,false,false,false,0.0,0.0,0,none,0.0,none,test_02-test_02_r2-wheel-r13-R2-infra-replacement-001,test_02-test_02_r2-32201302-wheel_slip-medium,held_out_map_test,true,success,false,false,false,93.1,11.395,-65.369,-2.4551,0,,,false,0.0,0.0,0.0,0.0,0.0,0.0,0.0
06eaf163-1263-4fdc-9c12-652ebbeb67da,test_02,test_02_r2,32201302,wheel_slip,medium,R3,true,false,false,false,0.0,0.0,0,none,0.0,none,test_02-test_02_r2-wheel-r13-R3,test_02-test_02_r2-32201302-wheel_slip-medium,held_out_map_test,true,success,false,false,false,149.269,12.2585,-9.199999999999989,-1.5915999999999997,2,124.922,,false,0.0,0.0,0.0,0.0,0.0,0.0,0.0
79baca69-5ef6-4156-91fa-bcda3073ae4e,test_02,test_02_r2,32201303,localisation_perturbation,medium,R0,true,false,false,false,0.0,0.0,0,none,0.0,none,test_02-test_02_r2-localisation-r13-R0,test_02-test_02_r2-32201303-localisation_perturbation-medium,held_out_map_test,true,success,false,false,false,103.232,11.5322,0.0,0.0,0,,,false,0.0,0.0,0.0,0.0,0.0,0.0,0.0
f17bbdc0-c76c-4d79-bb83-0a15a93f1c43,test_02,test_02_r2,32201303,localisation_perturbation,medium,R2,true,false,false,false,65.03399999999999,2.0167,0,none,17.0167,none,test_02-test_02_r2-localisation-r13-R2,test_02-test_02_r2-32201303-localisation_perturbation-medium,held_out_map_test,true,success,false,false,false,168.266,13.5489,65.03399999999999,2.0167,0,,,false,17.0167,0.0,0.0,0.0,15.0,2.0167,0.0
39d8e76d-fda4-4d28-bd83-387b8003950b,test_02,test_02_r2,32201303,localisation_perturbation,medium,R3,true,false,false,false,0.0,0.0,0,none,0.0,none,test_02-test_02_r2-localisation-r13-R3,test_02-test_02_r2-32201303-localisation_perturbation-medium,held_out_map_test,true,success,false,false,false,100.134,11.3793,-3.097999999999999,-0.15289999999999893,0,,,false,0.0,0.0,0.0,0.0,0.0,0.0,0.0
9f31c56c-2fbf-42aa-974d-260fb16d5480,test_02,test_02_r2,32201304,dynamic_blockage,medium,R0,true,false,false,false,0.0,0.0,0,none,0.0,none,test_02-test_02_r2-blockage-r13-R0,test_02-test_02_r2-32201304-dynamic_blockage-medium,held_out_map_test,true,success,false,false,false,111.148,12.2345,0.0,0.0,0,,,false,0.0,0.0,0.0,0.0,0.0,0.0,0.0
e4d37b02-8061-45f9-86af-bca4f2bd03e0,test_02,test_02_r2,32201304,dynamic_blockage,medium,R2,true,false,false,false,0.0,0.0,0,none,0.0,none,test_02-test_02_r2-blockage-r13-R2,test_02-test_02_r2-32201304-dynamic_blockage-medium,held_out_map_test,true,success,false,false,false,109.304,12.0941,-1.843999999999994,-0.1404000000000014,0,,,false,0.0,0.0,0.0,0.0,0.0,0.0,0.0
91da9f4b-ea83-4d7b-b91b-48688b3ee5c1,test_02,test_02_r2,32201304,dynamic_blockage,medium,R3,true,false,false,false,0.0,0.0,0,none,0.0,none,test_02-test_02_r2-blockage-r13-R3,test_02-test_02_r2-32201304-dynamic_blockage-medium,held_out_map_test,true,success,false,false,false,109.494,12.0412,-1.6539999999999964,-0.1933000000000007,0,,,false,0.0,0.0,0.0,0.0,0.0,0.0,0.0
f8c0ef45-6504-4629-bdcd-2f6a1e715527,test_02,test_02_r2,32201305,planner_oscillation,medium,R0,true,false,false,false,0.0,0.0,0,none,0.0,none,test_02-test_02_r2-oscillation-r13-R0,test_02-test_02_r2-32201305-planner_oscillation-medium,held_out_map_test,true,success,false,false,false,116.852,12.6791,0.0,0.0,0,,,false,0.0,0.0,0.0,0.0,0.0,0.0,0.0
751ae352-a59d-4141-b674-205ae160ff49,test_02,test_02_r2,32201305,planner_oscillation,medium,R2,true,false,false,false,18.50200000000001,0.48600000000000065,0,none,9.737000000000005,none,test_02-test_02_r2-oscillation-r13-R2,test_02-test_02_r2-32201305-planner_oscillation-medium,held_out_map_test,true,success,false,false,false,135.354,13.1651,18.50200000000001,0.48600000000000065,0,,,false,9.737000000000005,0.0,0.0,0.0,9.251000000000005,0.48600000000000065,0.0
3dd68351-206d-42ff-9302-8fdc5fb7f803,test_02,test_02_r2,32201305,planner_oscillation,medium,R3,true,false,false,false,1.5799999999999983,0.05710000000000015,0,none,0.8470999999999993,none,test_02-test_02_r2-oscillation-r13-R3,test_02-test_02_r2-32201305-planner_oscillation-medium,held_out_map_test,true,success,false,false,false,118.432,12.7362,1.5799999999999983,0.05710000000000015,0,,,false,0.8470999999999993,0.0,0.0,0.0,0.7899999999999991,0.05710000000000015,0.0
5e82d444-1699-4ed2-bd75-ccdc15de7a1e,test_02,test_02_r2,32201306,semantic_corruption,medium,R0,true,false,false,false,0.0,0.0,0,none,0.0,none,test_02-test_02_r2-semantic-r13-R0,test_02-test_02_r2-32201306-semantic_corruption-medium,held_out_map_test,true,success,false,false,false,94.728,11.4279,0.0,0.0,0,,,false,0.0,0.0,0.0,0.0,0.0,0.0,0.0
03294114-a8ec-4097-9763-10b1c80f9d2a,test_02,test_02_r2,32201306,semantic_corruption,medium,R2,true,false,false,false,0.804000000000002,0.04269999999999996,0,none,0.444700000000001,none,test_02-test_02_r2-semantic-r13-R2,test_02-test_02_r2-32201306-semantic_corruption-medium,held_out_map_test,true,success,false,false,false,95.532,11.4706,0.804000000000002,0.04269999999999996,1,109.052,,false,0.444700000000001,0.0,0.0,0.0,0.402000000000001,0.04269999999999996,0.0
296d84b1-f389-4afa-835b-d0e57237d707,test_02,test_02_r2,32201306,semantic_corruption,medium,R3,true,false,false,false,0.0,0.055800000000001404,0,none,0.055800000000001404,none,test_02-test_02_r2-semantic-r13-R3,test_02-test_02_r2-32201306-semantic_corruption-medium,held_out_map_test,true,success,false,false,false,94.631,11.4837,-0.0969999999999942,0.055800000000001404,0,,,false,0.055800000000001404,0.0,0.0,0.0,0.0,0.055800000000001404,0.0
6532277c-dc75-4f8f-be3f-807f51221508,test_02,test_02_r3,32301000,camera_occlusion,medium,R0,true,false,false,false,0.0,0.0,0,none,0.0,none,test_02-test_02_r3-camera-r10-R0,test_02-test_02_r3-32301000-camera_occlusion-medium,held_out_map_test,true,success,false,false,false,138.798,14.2616,0.0,0.0,0,,,false,0.0,0.0,0.0,0.0,0.0,0.0,0.0
6a43dc7e-753d-40ae-9031-342474daa9c3,test_02,test_02_r3,32301000,camera_occlusion,medium,R2,true,false,false,false,0.0,0.0,0,none,0.0,none,test_02-test_02_r3-camera-r10-R2,test_02-test_02_r3-32301000-camera_occlusion-medium,held_out_map_test,true,success,false,false,false,136.74,14.1543,-2.0579999999999927,-0.1073000000000004,0,,,false,0.0,0.0,0.0,0.0,0.0,0.0,0.0
ffa6a8c9-d277-44d0-b955-3f28ab2f7e35,test_02,test_02_r3,32301000,camera_occlusion,medium,R3,true,false,false,false,23.97800000000001,0.6245000000000012,0,none,12.613500000000005,none,test_02-test_02_r3-camera-r10-R3,test_02-test_02_r3-32301000-camera_occlusion-medium,held_out_map_test,true,success,false,false,false,162.776,14.8861,23.97800000000001,0.6245000000000012,0,,,false,12.613500000000005,0.0,0.0,0.0,11.989000000000004,0.6245000000000012,0.0
58def0c7-7ac5-4e7a-8aac-ae52ea99758a,test_02,test_02_r3,32301001,lidar_dropout,medium,R0,true,false,false,false,0.0,0.0,0,none,0.0,none,test_02-test_02_r3-lidar-r10-R0,test_02-test_02_r3-32301001-lidar_dropout-medium,held_out_map_test,true,success,false,false,false,145.553,14.7671,0.0,0.0,0,,,false,0.0,0.0,0.0,0.0,0.0,0.0,0.0
5930154e-7c12-49bd-b233-d584d9c20fc7,test_02,test_02_r3,32301001,lidar_dropout,medium,R2,true,false,false,false,0.0,0.0,0,none,0.0,none,test_02-test_02_r3-lidar-r10-R2,test_02-test_02_r3-32301001-lidar_dropout-medium,held_out_map_test,true,success,false,false,false,144.318,14.7188,-1.2349999999999852,-0.04829999999999934,0,,,false,0.0,0.0,0.0,0.0,0.0,0.0,0.0
76564440-ee37-473d-b4e0-70c65d407e9a,test_02,test_02_r3,32301001,lidar_dropout,medium,R3,true,false,false,false,0.0,0.0,0,none,0.0,none,test_02-test_02_r3-lidar-r10-R3,test_02-test_02_r3-32301001-lidar_dropout-medium,held_out_map_test,true,success,false,false,false,144.525,14.724,-1.0279999999999916,-0.04309999999999903,0,,,false,0.0,0.0,0.0,0.0,0.0,0.0,0.0
d1629bfd-2514-40d2-81e4-3c3508633ceb,test_02,test_02_r3,32301002,wheel_slip,medium,R0,true,false,false,false,0.0,0.0,0,none,0.0,none,test_02-test_02_r3-wheel-r10-R0,test_02-test_02_r3-32301002-wheel_slip-medium,held_out_map_test,true,success,false,false,false,148.405,14.7913,0.0,0.0,0,,,false,0.0,0.0,0.0,0.0,0.0,0.0,0.0
9da0c67e-191d-4a9a-8d7c-fd1a97cd78a3,test_02,test_02_r3,32301002,wheel_slip,medium,R2,true,false,false,false,0.0,0.0,0,none,0.0,none,test_02-test_02_r3-wheel-r10-R2,test_02-test_02_r3-32301002-wheel_slip-medium,held_out_map_test,true,success,false,false,false,146.334,14.6794,-2.070999999999998,-0.11190000000000033,0,,,false,0.0,0.0,0.0,0.0,0.0,0.0,0.0
0235eae9-42a3-4a66-95df-b33544fa3cda,test_02,test_02_r3,32301002,wheel_slip,medium,R3,true,false,false,false,0.0,0.09210000000000029,0,none,0.09210000000000029,none,test_02-test_02_r3-wheel-r10-R3,test_02-test_02_r3-32301002-wheel_slip-medium,held_out_map_test,true,success,false,false,false,146.894,14.8834,-1.5109999999999957,0.09210000000000029,1,154.377,,false,0.09210000000000029,0.0,0.0,0.0,0.0,0.09210000000000029,0.0
7a17345a-5b28-49c1-8e69-231294c7aa51,test_02,test_02_r3,32301003,localisation_perturbation,medium,R0,true,false,false,false,0.0,0.0,0,none,0.0,none,test_02-test_02_r3-localisation-r10-R0,test_02-test_02_r3-32301003-localisation_perturbation-medium,held_out_map_test,true,success,false,false,false,201.941,15.8866,0.0,0.0,0,,,false,0.0,0.0,0.0,0.0,0.0,0.0,0.0
fc13157a-b1d5-4882-93c8-d38ef4f63701,test_02,test_02_r3,32301003,localisation_perturbation,medium,R2,true,false,false,false,0.0,0.0,0,none,0.0,none,test_02-test_02_r3-localisation-r10-R2,test_02-test_02_r3-32301003-localisation_perturbation-medium,held_out_map_test,true,success,false,false,false,147.943,14.617,-53.99799999999999,-1.2695999999999987,1,150.979,,false,0.0,0.0,0.0,0.0,0.0,0.0,0.0
6405e625-2f76-40c0-9cd7-3f2e1e8f83c3,test_02,test_02_r3,32301003,localisation_perturbation,medium,R3,true,false,false,false,0.0,0.0,0,none,0.0,none,test_02-test_02_r3-localisation-r10-R3,test_02-test_02_r3-32301003-localisation_perturbation-medium,held_out_map_test,true,success,false,false,false,144.732,14.5903,-57.209,-1.2963000000000005,0,,,false,0.0,0.0,0.0,0.0,0.0,0.0,0.0
4ca46f4d-a726-4875-a09e-39d225966dde,test_02,test_02_r3,32301004,dynamic_blockage,medium,R0,true,false,false,false,0.0,0.0,0,none,0.0,none,test_02-test_02_r3-blockage-r10-R0,test_02-test_02_r3-32301004-dynamic_blockage-medium,held_out_map_test,true,success,false,false,false,153.371,14.1386,0.0,0.0,0,,,false,0.0,0.0,0.0,0.0,0.0,0.0,0.0
15b62fe9-2957-41d0-93aa-4caeb2ee78c3,test_02,test_02_r3,32301004,dynamic_blockage,medium,R2,true,false,false,false,0.0,0.0,0,none,0.0,none,test_02-test_02_r3-blockage-r10-R2,test_02-test_02_r3-32301004-dynamic_blockage-medium,held_out_map_test,true,success,false,false,false,145.455,13.9384,-7.915999999999997,-0.2002000000000006,1,131.878,,false,0.0,0.0,0.0,0.0,0.0,0.0,0.0
f92dfa4b-9af2-4787-9982-4db906b658cc,test_02,test_02_r3,32301004,dynamic_blockage,medium,R3,true,false,false,false,0.0,0.0,0,none,0.0,none,test_02-test_02_r3-blockage-r10-R3,test_02-test_02_r3-32301004-dynamic_blockage-medium,held_out_map_test,true,success,false,false,false,142.985,13.8943,-10.385999999999996,-0.24430000000000085,1,133.624,,false,0.0,0.0,0.0,0.0,0.0,0.0,0.0
09715e54-7a77-4b84-b28a-320ac11cb6b2,test_02,test_02_r3,32301005,planner_oscillation,medium,R0,false,false,false,false,0.0,0.0,0,none,0.0,none,test_02-test_02_r3-oscillation-r10-R0,test_02-test_02_r3-32301005-planner_oscillation-medium,held_out_map_test,true,planner_failure,true,false,false,77.827,7.0647,0.0,0.0,0,,,false,40.0,0.0,40.0,0.0,0.0,0.0,0.0
efe9be90-324b-474a-b8b3-705be2b15be3,test_02,test_02_r3,32301005,planner_oscillation,medium,R2,false,false,false,false,0.0,0.18949999999999978,0,none,0.18950000000000244,none,test_02-test_02_r3-oscillation-r10-R2,test_02-test_02_r3-32301005-planner_oscillation-medium,held_out_map_test,true,planner_failure,true,false,false,77.516,7.2542,-0.31099999999999284,0.18949999999999978,1,77.018,,false,40.1895,0.0,40.0,0.0,0.0,0.18949999999999978,0.0
14a94fb7-df2f-4cb5-8018-0b2ed22a7ed2,test_02,test_02_r3,32301005,planner_oscillation,medium,R3,false,false,false,false,0.0,0.10789999999999988,0,none,0.10790000000000077,none,test_02-test_02_r3-oscillation-r10-R3,test_02-test_02_r3-32301005-planner_oscillation-medium,held_out_map_test,true,planner_failure,true,false,false,77.566,7.1726,-0.2609999999999957,0.10789999999999988,2,73.185,,false,40.1079,0.0,40.0,0.0,0.0,0.10789999999999988,0.0
0a270105-226b-4718-9fb6-73b89b9930d2,test_02,test_02_r3,32301006,semantic_corruption,medium,R0,true,false,false,false,0.0,0.0,0,none,0.0,none,test_02-test_02_r3-semantic-r10-R0,test_02-test_02_r3-32301006-semantic_corruption-medium,held_out_map_test,true,success,false,false,false,137.292,14.7562,0.0,0.0,0,,,false,0.0,0.0,0.0,0.0,0.0,0.0,0.0
ce4cdd58-7f64-4cac-a25c-3d438b4dbf7b,test_02,test_02_r3,32301006,semantic_corruption,medium,R2,true,false,false,false,0.0,0.0,0,none,0.0,none,test_02-test_02_r3-semantic-r10-R2,test_02-test_02_r3-32301006-semantic_corruption-medium,held_out_map_test,true,success,false,false,false,135.974,14.7369,-1.318000000000012,-0.01929999999999943,0,,,false,0.0,0.0,0.0,0.0,0.0,0.0,0.0
dd79c1fa-b136-4d81-82cf-0b73ce3d37d8,test_02,test_02_r3,32301006,semantic_corruption,medium,R3,true,false,false,false,5.688999999999993,0.3244000000000007,0,none,3.168899999999997,none,test_02-test_02_r3-semantic-r10-R3,test_02-test_02_r3-32301006-semantic_corruption-medium,held_out_map_test,true,success,false,false,false,142.981,15.0806,5.688999999999993,0.3244000000000007,0,,,false,3.168899999999997,0.0,0.0,0.0,2.8444999999999965,0.3244000000000007,0.0
473ae46e-5273-453e-9993-879dd415ed77,test_02,test_02_r3,32301100,camera_occlusion,medium,R0,true,false,false,false,0.0,0.0,0,none,0.0,none,test_02-test_02_r3-camera-r11-R0,test_02-test_02_r3-32301100-camera_occlusion-medium,held_out_map_test,true,success,false,false,false,141.407,14.4895,0.0,0.0,0,,,false,0.0,0.0,0.0,0.0,0.0,0.0,0.0
d711c23a-5a2c-4a72-8d7a-6d497231a46a,test_02,test_02_r3,32301100,camera_occlusion,medium,R2,true,false,false,false,0.0,0.0,0,none,0.0,none,test_02-test_02_r3-camera-r11-R2,test_02-test_02_r3-32301100-camera_occlusion-medium,held_out_map_test,true,success,false,false,false,138.451,14.1378,-2.9560000000000173,-0.35169999999999924,0,,,false,0.0,0.0,0.0,0.0,0.0,0.0,0.0
2b082512-0af9-413a-9fa9-fc27a22693df,test_02,test_02_r3,32301100,camera_occlusion,medium,R3,true,false,false,false,4.707999999999998,0.0,0,none,2.353999999999999,none,test_02-test_02_r3-camera-r11-R3,test_02-test_02_r3-32301100-camera_occlusion-medium,held_out_map_test,true,success,false,false,false,146.115,14.438,4.707999999999998,-0.05149999999999899,0,,,false,2.353999999999999,0.0,0.0,0.0,2.353999999999999,0.0,0.0
eb86096d-6f24-4d76-a5b4-72fb7b246f78,test_02,test_02_r3,32301101,lidar_dropout,medium,R0,true,false,false,false,0.0,0.0,0,none,0.0,none,test_02-test_02_r3-lidar-r11-R0,test_02-test_02_r3-32301101-lidar_dropout-medium,held_out_map_test,true,success,false,false,false,151.832,15.0941,0.0,0.0,0,,,false,0.0,0.0,0.0,0.0,0.0,0.0,0.0
c79e8b12-208b-4e53-a938-2ebc3003f7ce,test_02,test_02_r3,32301101,lidar_dropout,medium,R2,true,false,false,false,0.0,0.0,0,none,0.0,none,test_02-test_02_r3-lidar-r11-R2,test_02-test_02_r3-32301101-lidar_dropout-medium,held_out_map_test,true,success,false,false,false,146.67,14.7262,-5.162000000000006,-0.3678999999999988,0,,,false,0.0,0.0,0.0,0.0,0.0,0.0,0.0
07adb666-7cbf-4fdc-b2f0-eb08f8d88dda,test_02,test_02_r3,32301101,lidar_dropout,medium,R3,true,false,false,false,0.0,0.0,0,none,0.0,none,test_02-test_02_r3-lidar-r11-R3-infra-replacement-001,test_02-test_02_r3-32301101-lidar_dropout-medium,held_out_map_test,true,success,false,false,false,136.443,14.6356,-15.388999999999982,-0.458499999999999,0,,,false,0.0,0.0,0.0,0.0,0.0,0.0,0.0
dc4e3ce2-e3e9-4ae8-811d-45229a31ea7f,test_02,test_02_r3,32301102,wheel_slip,medium,R0,true,false,false,false,0.0,0.0,0,none,0.0,none,test_02-test_02_r3-wheel-r11-R0,test_02-test_02_r3-32301102-wheel_slip-medium,held_out_map_test,true,success,false,false,false,141.908,14.6244,0.0,0.0,0,,,false,0.0,0.0,0.0,0.0,0.0,0.0,0.0
c776ecf5-29b7-4e37-916b-a527119140e7,test_02,test_02_r3,32301102,wheel_slip,medium,R2,true,false,false,false,0.0,0.11630000000000074,0,none,0.11630000000000074,none,test_02-test_02_r3-wheel-r11-R2,test_02-test_02_r3-32301102-wheel_slip-medium,held_out_map_test,true,success,false,false,false,141.677,14.7407,-0.23099999999999454,0.11630000000000074,0,,,false,0.11630000000000074,0.0,0.0,0.0,0.0,0.11630000000000074,0.0
a13a3c67-88ee-409b-b22b-c10b8bbce67a,test_02,test_02_r3,32301102,wheel_slip,medium,R3,true,false,false,false,1.3150000000000261,0.029600000000000293,0,none,0.6871000000000134,none,test_02-test_02_r3-wheel-r11-R3,test_02-test_02_r3-32301102-wheel_slip-medium,held_out_map_test,true,success,false,false,false,143.223,14.654,1.3150000000000261,0.029600000000000293,1,149.518,,false,0.6871000000000134,0.0,0.0,0.0,0.6575000000000131,0.029600000000000293,0.0
4157f611-3864-4bb3-8677-576315fc0e9f,test_02,test_02_r3,32301103,localisation_perturbation,medium,R0,true,false,false,false,0.0,0.0,0,none,0.0,none,test_02-test_02_r3-localisation-r11-R0,test_02-test_02_r3-32301103-localisation_perturbation-medium,held_out_map_test,true,success,false,false,false,202.499,15.0028,0.0,0.0,0,,,false,0.0,0.0,0.0,0.0,0.0,0.0,0.0
e6c10725-d6fc-49ea-a2df-7b1b0dd23656,test_02,test_02_r3,32301103,localisation_perturbation,medium,R2,true,false,false,false,0.0,0.0,0,none,0.0,none,test_02-test_02_r3-localisation-r11-R2,test_02-test_02_r3-32301103-localisation_perturbation-medium,held_out_map_test,true,success,false,false,false,147.291,14.6519,-55.208,-0.3509000000000011,1,148.224,,false,0.0,0.0,0.0,0.0,0.0,0.0,0.0
a87c755a-f8f0-40ed-926b-798ecf23bf87,test_02,test_02_r3,32301103,localisation_perturbation,medium,R3,true,false,false,false,0.0,0.0,0,none,0.0,none,test_02-test_02_r3-localisation-r11-R3,test_02-test_02_r3-32301103-localisation_perturbation-medium,held_out_map_test,true,success,false,false,false,145.65,14.6433,-56.84899999999999,-0.3595000000000006,1,148.013,,false,0.0,0.0,0.0,0.0,0.0,0.0,0.0
881cffbf-d135-4e38-9e44-a87f7ef50f6d,test_02,test_02_r3,32301104,dynamic_blockage,medium,R0,true,false,false,false,0.0,0.0,0,none,0.0,none,test_02-test_02_r3-blockage-r11-R0,test_02-test_02_r3-32301104-dynamic_blockage-medium,held_out_map_test,true,success,false,false,false,141.064,14.002,0.0,0.0,0,,,false,0.0,0.0,0.0,0.0,0.0,0.0,0.0
c77f4499-a802-4eda-8b91-d4c5c9ab41d2,test_02,test_02_r3,32301104,dynamic_blockage,medium,R2,true,false,false,false,0.0,0.0,0,none,0.0,none,test_02-test_02_r3-blockage-r11-R2,test_02-test_02_r3-32301104-dynamic_blockage-medium,held_out_map_test,true,success,false,false,false,137.985,13.9157,-3.0789999999999793,-0.08630000000000138,1,133.985,,false,0.0,0.0,0.0,0.0,0.0,0.0,0.0
cf6b38df-8bb6-4c7d-8d6f-2e171439b540,test_02,test_02_r3,32301104,dynamic_blockage,medium,R3,true,false,false,false,4.471000000000004,0.1875,0,none,2.423000000000002,none,test_02-test_02_r3-blockage-r11-R3,test_02-test_02_r3-32301104-dynamic_blockage-medium,held_out_map_test,true,success,false,false,false,145.535,14.1895,4.471000000000004,0.1875,1,97.849,,false,2.423000000000002,0.0,0.0,0.0,2.235500000000002,0.1875,0.0
924942bb-1e38-43f9-b52a-af12f3ea0adb,test_02,test_02_r3,32301105,planner_oscillation,medium,R0,false,false,false,false,0.0,0.0,0,none,0.0,none,test_02-test_02_r3-oscillation-r11-R0,test_02-test_02_r3-32301105-planner_oscillation-medium,held_out_map_test,true,planner_failure,true,false,false,80.724,6.9788,0.0,0.0,0,,,false,40.0,0.0,40.0,0.0,0.0,0.0,0.0
db6b7fa6-d066-4148-baec-fdbf1bf867f2,test_02,test_02_r3,32301105,planner_oscillation,medium,R2,false,false,false,false,0.0,0.0,0,none,0.0,none,test_02-test_02_r3-oscillation-r11-R2,test_02-test_02_r3-32301105-planner_oscillation-medium,held_out_map_test,true,planner_failure,true,false,false,76.806,6.9358,-3.9180000000000064,-0.04299999999999926,2,70.152,,false,40.0,0.0,40.0,0.0,0.0,0.0,0.0
0320d01c-af6e-447d-82e9-403824929178,test_02,test_02_r3,32301105,planner_oscillation,medium,R3,false,false,false,false,0.0,0.08860000000000046,0,none,0.08859999999999957,none,test_02-test_02_r3-oscillation-r11-R3,test_02-test_02_r3-32301105-planner_oscillation-medium,held_out_map_test,true,planner_failure,true,false,false,76.543,7.0674,-4.180999999999997,0.08860000000000046,2,68.958,,false,40.0886,0.0,40.0,0.0,0.0,0.08860000000000046,0.0
7784825a-ff78-4acb-b771-48af5b9a140d,test_02,test_02_r3,32301106,semantic_corruption,medium,R0,true,false,false,false,0.0,0.0,0,none,0.0,none,test_02-test_02_r3-semantic-r11-R0,test_02-test_02_r3-32301106-semantic_corruption-medium,held_out_map_test,true,success,false,false,false,134.859,14.73,0.0,0.0,0,,,false,0.0,0.0,0.0,0.0,0.0,0.0,0.0
f06c5758-cb6a-4afb-bfd1-39f793e8348d,test_02,test_02_r3,32301106,semantic_corruption,medium,R2,true,false,false,false,1.445999999999998,0.07859999999999978,0,none,0.8015999999999988,none,test_02-test_02_r3-semantic-r11-R2,test_02-test_02_r3-32301106-semantic_corruption-medium,held_out_map_test,true,success,false,false,false,136.305,14.8086,1.445999999999998,0.07859999999999978,0,,,false,0.8015999999999988,0.0,0.0,0.0,0.722999999999999,0.07859999999999978,0.0
6226abee-66db-4588-8016-745c045ec4c4,test_02,test_02_r3,32301106,semantic_corruption,medium,R3,true,false,false,false,5.9669999999999845,0.20009999999999906,0,none,3.1835999999999913,none,test_02-test_02_r3-semantic-r11-R3,test_02-test_02_r3-32301106-semantic_corruption-medium,held_out_map_test,true,success,false,false,false,140.826,14.9301,5.9669999999999845,0.20009999999999906,0,,,false,3.1835999999999913,0.0,0.0,0.0,2.9834999999999923,0.20009999999999906,0.0
4910d31d-2516-46df-9bab-7d89db4ab565,test_02,test_02_r3,32301200,camera_occlusion,medium,R0,true,false,false,false,0.0,0.0,0,none,0.0,none,test_02-test_02_r3-camera-r12-R0,test_02-test_02_r3-32301200-camera_occlusion-medium,held_out_map_test,true,success,false,false,false,132.144,14.0002,0.0,0.0,0,,,false,0.0,0.0,0.0,0.0,0.0,0.0,0.0
fcf34825-bc05-4174-b29a-79340ffd2160,test_02,test_02_r3,32301200,camera_occlusion,medium,R2,true,false,false,false,58.92499999999998,1.1818000000000008,0,none,16.181800000000003,none,test_02-test_02_r3-camera-r12-R2,test_02-test_02_r3-32301200-camera_occlusion-medium,held_out_map_test,true,success,false,false,false,191.069,15.182,58.92499999999998,1.1818000000000008,0,,,false,16.181800000000003,0.0,0.0,0.0,15.0,1.1818000000000008,0.0
a2bf8b57-2337-4daa-a010-81ed84ddec3b,test_02,test_02_r3,32301200,camera_occlusion,medium,R3,true,false,false,false,9.269000000000005,0.3322000000000003,0,none,4.966700000000003,none,test_02-test_02_r3-camera-r12-R3,test_02-test_02_r3-32301200-camera_occlusion-medium,held_out_map_test,true,success,false,false,false,141.413,14.3324,9.269000000000005,0.3322000000000003,0,,,false,4.966700000000003,0.0,0.0,0.0,4.634500000000003,0.3322000000000003,0.0
38cc962a-fb31-4546-ae77-2a62857dad68,test_02,test_02_r3,32301201,lidar_dropout,medium,R0,true,false,false,false,0.0,0.0,0,none,0.0,none,test_02-test_02_r3-lidar-r12-R0,test_02-test_02_r3-32301201-lidar_dropout-medium,held_out_map_test,true,success,false,false,false,144.064,14.6638,0.0,0.0,0,,,false,0.0,0.0,0.0,0.0,0.0,0.0,0.0
145be945-d46b-4dc3-8af6-2819887050c8,test_02,test_02_r3,32301201,lidar_dropout,medium,R2,true,false,false,false,0.18700000000001182,0.0,0,none,0.09350000000000591,none,test_02-test_02_r3-lidar-r12-R2,test_02-test_02_r3-32301201-lidar_dropout-medium,held_out_map_test,true,success,false,false,false,144.251,14.6637,0.18700000000001182,-9.999999999976694e-05,0,,,false,0.09350000000000591,0.0,0.0,0.0,0.09350000000000591,0.0,0.0
f3de67e8-0e73-4a74-a2a1-22024377b75c,test_02,test_02_r3,32301201,lidar_dropout,medium,R3,true,false,false,false,0.0,0.05299999999999905,0,none,0.05299999999999905,none,test_02-test_02_r3-lidar-r12-R3,test_02-test_02_r3-32301201-lidar_dropout-medium,held_out_map_test,true,success,false,false,false,139.971,14.7168,-4.092999999999989,0.05299999999999905,0,,,false,0.05299999999999905,0.0,0.0,0.0,0.0,0.05299999999999905,0.0
4427ed6e-0140-4bb9-b21f-62340ea959c1,test_02,test_02_r3,32301202,wheel_slip,medium,R0,true,false,false,false,0.0,0.0,0,none,0.0,none,test_02-test_02_r3-wheel-r12-R0,test_02-test_02_r3-32301202-wheel_slip-medium,held_out_map_test,true,success,false,false,false,141.453,14.5691,0.0,0.0,0,,,false,0.0,0.0,0.0,0.0,0.0,0.0,0.0
2c35a95d-25d6-41de-b323-c753cfaf52cb,test_02,test_02_r3,32301202,wheel_slip,medium,R2,true,false,false,false,1.281000000000006,0.1620999999999988,0,none,0.8026000000000018,none,test_02-test_02_r3-wheel-r12-R2,test_02-test_02_r3-32301202-wheel_slip-medium,held_out_map_test,true,success,false,false,false,142.734,14.7312,1.281000000000006,0.1620999999999988,0,,,false,0.8026000000000018,0.0,0.0,0.0,0.640500000000003,0.1620999999999988,0.0
0bf50ecb-c5af-4b5a-977a-7c1e6e4db36e,test_02,test_02_r3,32301202,wheel_slip,medium,R3,true,false,false,false,1.5629999999999882,0.148299999999999,0,none,0.9297999999999931,none,test_02-test_02_r3-wheel-r12-R3,test_02-test_02_r3-32301202-wheel_slip-medium,held_out_map_test,true,success,false,false,false,143.016,14.7174,1.5629999999999882,0.148299999999999,1,149.122,,false,0.9297999999999931,0.0,0.0,0.0,0.7814999999999941,0.148299999999999,0.0
ae256559-22b5-40d0-bd87-7db171fb518e,test_02,test_02_r3,32301203,localisation_perturbation,medium,R0,true,false,false,false,0.0,0.0,0,none,0.0,none,test_02-test_02_r3-localisation-r12-R0,test_02-test_02_r3-32301203-localisation_perturbation-medium,held_out_map_test,true,success,false,false,false,187.745,15.5394,0.0,0.0,0,,,false,0.0,0.0,0.0,0.0,0.0,0.0,0.0
cabb53e2-ef94-4500-ab95-74f95c3e2e03,test_02,test_02_r3,32301203,localisation_perturbation,medium,R2,true,false,false,false,0.0,0.0,0,none,0.0,none,test_02-test_02_r3-localisation-r12-R2,test_02-test_02_r3-32301203-localisation_perturbation-medium,held_out_map_test,true,success,false,false,false,144.661,14.72,-43.084,-0.8193999999999999,1,148.187,,false,0.0,0.0,0.0,0.0,0.0,0.0,0.0
52a08b9a-65c0-4448-b0b0-6efb52a23848,test_02,test_02_r3,32301203,localisation_perturbation,medium,R3,true,false,false,false,0.0,0.0,0,none,0.0,none,test_02-test_02_r3-localisation-r12-R3,test_02-test_02_r3-32301203-localisation_perturbation-medium,held_out_map_test,true,success,false,false,false,142.649,14.6429,-45.096000000000004,-0.8965000000000014,1,146.015,,false,0.0,0.0,0.0,0.0,0.0,0.0,0.0
eb0ce044-4105-4f6b-968a-06d29821d7fa,test_02,test_02_r3,32301204,dynamic_blockage,medium,R0,true,false,false,false,0.0,0.0,0,none,0.0,none,test_02-test_02_r3-blockage-r12-R0,test_02-test_02_r3-32301204-dynamic_blockage-medium,held_out_map_test,true,success,false,false,false,139.478,13.9249,0.0,0.0,0,,,false,0.0,0.0,0.0,0.0,0.0,0.0,0.0
0d37d445-eb29-4db4-beb1-66b590618aef,test_02,test_02_r3,32301204,dynamic_blockage,medium,R2,true,false,false,false,0.0,0.0,0,none,0.0,none,test_02-test_02_r3-blockage-r12-R2,test_02-test_02_r3-32301204-dynamic_blockage-medium,held_out_map_test,true,success,false,false,false,137.762,13.8313,-1.7160000000000082,-0.09359999999999857,2,90.446,,false,0.0,0.0,0.0,0.0,0.0,0.0,0.0
bb58d34a-ab64-4d93-b61d-57416ca7810f,test_02,test_02_r3,32301204,dynamic_blockage,medium,R3,true,false,false,false,0.08499999999997954,0.0409000000000006,0,none,0.08339999999999037,none,test_02-test_02_r3-blockage-r12-R3,test_02-test_02_r3-32301204-dynamic_blockage-medium,held_out_map_test,true,success,false,false,false,139.563,13.9658,0.08499999999997954,0.0409000000000006,1,92.041,,false,0.08339999999999037,0.0,0.0,0.0,0.04249999999998977,0.0409000000000006,0.0
ef3eb6ca-5168-4efe-802d-fbf4e3031312,test_02,test_02_r3,32301205,planner_oscillation,medium,R0,false,false,false,false,0.0,0.0,0,none,0.0,none,test_02-test_02_r3-oscillation-r12-R0,test_02-test_02_r3-32301205-planner_oscillation-medium,held_out_map_test,true,planner_failure,true,false,false,72.859,7.0137,0.0,0.0,0,,,false,40.0,0.0,40.0,0.0,0.0,0.0,0.0
b853d339-87d9-444d-8360-a396169f29e6,test_02,test_02_r3,32301205,planner_oscillation,medium,R2,false,false,false,false,0.0,0.0,0,none,0.0,none,test_02-test_02_r3-oscillation-r12-R2,test_02-test_02_r3-32301205-planner_oscillation-medium,held_out_map_test,true,planner_failure,true,false,false,70.98,6.8428,-1.8789999999999907,-0.1708999999999996,2,66.951,,false,40.0,0.0,40.0,0.0,0.0,0.0,0.0
e12ad6ae-64c3-4151-a169-52d9be240777,test_02,test_02_r3,32301205,planner_oscillation,medium,R3,false,false,false,false,2.8940000000000055,0.0,0,none,1.4470000000000027,none,test_02-test_02_r3-oscillation-r12-R3,test_02-test_02_r3-32301205-planner_oscillation-medium,held_out_map_test,true,planner_failure,true,false,false,75.753,6.9672,2.8940000000000055,-0.046499999999999986,2,73.958,,false,41.447,0.0,40.0,0.0,1.4470000000000027,0.0,0.0
00ce1bb6-9503-4755-9d49-0668c9cc2a25,test_02,test_02_r3,32301206,semantic_corruption,medium,R0,true,false,false,false,0.0,0.0,0,none,0.0,none,test_02-test_02_r3-semantic-r12-R0,test_02-test_02_r3-32301206-semantic_corruption-medium,held_out_map_test,true,success,false,false,false,140.006,14.8391,0.0,0.0,0,,,false,0.0,0.0,0.0,0.0,0.0,0.0,0.0
8c488f52-b1ed-4597-bc46-bbef6536bd25,test_02,test_02_r3,32301206,semantic_corruption,medium,R2,true,false,false,false,0.0,0.0,0,none,0.0,none,test_02-test_02_r3-semantic-r12-R2,test_02-test_02_r3-32301206-semantic_corruption-medium,held_out_map_test,true,success,false,false,false,135.172,14.6621,-4.834000000000003,-0.1769999999999996,0,,,false,0.0,0.0,0.0,0.0,0.0,0.0,0.0
12bd1214-4683-43fb-bece-b33bf6faf827,test_02,test_02_r3,32301206,semantic_corruption,medium,R3,true,false,false,false,0.0,0.0,0,none,0.0,none,test_02-test_02_r3-semantic-r12-R3,test_02-test_02_r3-32301206-semantic_corruption-medium,held_out_map_test,true,success,false,false,false,136.681,14.7819,-3.3249999999999886,-0.05719999999999992,0,,,false,0.0,0.0,0.0,0.0,0.0,0.0,0.0
498bd605-a7b4-4884-81fc-68571d2fd06b,test_02,test_02_r3,32301300,camera_occlusion,medium,R0,true,false,false,false,0.0,0.0,0,none,0.0,none,test_02-test_02_r3-camera-r13-R0,test_02-test_02_r3-32301300-camera_occlusion-medium,held_out_map_test,true,success,false,false,false,136.065,14.1705,0.0,0.0,0,,,false,0.0,0.0,0.0,0.0,0.0,0.0,0.0
642b0ca5-418a-477a-aadc-d7036cf92519,test_02,test_02_r3,32301300,camera_occlusion,medium,R2,true,false,false,false,0.0,0.0411999999999999,0,none,0.0411999999999999,none,test_02-test_02_r3-camera-r13-R2,test_02-test_02_r3-32301300-camera_occlusion-medium,held_out_map_test,true,success,false,false,false,134.573,14.2117,-1.4919999999999902,0.0411999999999999,0,,,false,0.0411999999999999,0.0,0.0,0.0,0.0,0.0411999999999999,0.0
708fa28f-d465-402a-9e8b-703204ac01bf,test_02,test_02_r3,32301300,camera_occlusion,medium,R3,true,false,false,false,1.3600000000000136,0.0,0,none,0.6800000000000068,none,test_02-test_02_r3-camera-r13-R3,test_02-test_02_r3-32301300-camera_occlusion-medium,held_out_map_test,true,success,false,false,false,137.425,14.1583,1.3600000000000136,-0.012199999999999989,0,,,false,0.6800000000000068,0.0,0.0,0.0,0.6800000000000068,0.0,0.0
12e3e3c7-fa72-46f0-b16c-0a7200950866,test_02,test_02_r3,32301301,lidar_dropout,medium,R0,true,false,false,false,0.0,0.0,0,none,0.0,none,test_02-test_02_r3-lidar-r13-R0,test_02-test_02_r3-32301301-lidar_dropout-medium,held_out_map_test,true,success,false,false,false,162.482,14.8637,0.0,0.0,0,,,false,0.0,0.0,0.0,0.0,0.0,0.0,0.0
453b8f1c-308b-47e4-bdfe-7a3a579fcdf5,test_02,test_02_r3,32301301,lidar_dropout,medium,R2,true,false,false,false,17.289999999999992,0.3617000000000008,0,none,9.006699999999997,none,test_02-test_02_r3-lidar-r13-R2,test_02-test_02_r3-32301301-lidar_dropout-medium,held_out_map_test,true,success,false,false,false,179.772,15.2254,17.289999999999992,0.3617000000000008,0,,,false,9.006699999999997,0.0,0.0,0.0,8.644999999999996,0.3617000000000008,0.0
3a96a1f0-a5c1-4adb-81b4-97d6329dfcd1,test_02,test_02_r3,32301301,lidar_dropout,medium,R3,true,false,false,false,35.900000000000006,0.176400000000001,0,none,15.176400000000001,none,test_02-test_02_r3-lidar-r13-R3,test_02-test_02_r3-32301301-lidar_dropout-medium,held_out_map_test,true,success,false,false,false,198.382,15.0401,35.900000000000006,0.176400000000001,0,,,false,15.176400000000001,0.0,0.0,0.0,15.0,0.176400000000001,0.0
24e098c3-b976-4857-8ec0-f4a01ec0bf82,test_02,test_02_r3,32301302,wheel_slip,medium,R0,true,false,false,false,0.0,0.0,0,none,0.0,none,test_02-test_02_r3-wheel-r13-R0,test_02-test_02_r3-32301302-wheel_slip-medium,held_out_map_test,true,success,false,false,false,139.793,14.6467,0.0,0.0,0,,,false,0.0,0.0,0.0,0.0,0.0,0.0,0.0
aa2d7132-8001-43fc-b87c-c48e20a8b399,test_02,test_02_r3,32301302,wheel_slip,medium,R2,true,false,false,false,6.424000000000007,0.16900000000000048,0,none,3.381000000000004,none,test_02-test_02_r3-wheel-r13-R2,test_02-test_02_r3-32301302-wheel_slip-medium,held_out_map_test,true,success,false,false,false,146.217,14.8157,6.424000000000007,0.16900000000000048,0,,,false,3.381000000000004,0.0,0.0,0.0,3.2120000000000033,0.16900000000000048,0.0
ea45d89f-55a7-4e25-950e-0c88438c35eb,test_02,test_02_r3,32301302,wheel_slip,medium,R3,true,false,false,false,0.0,0.058400000000000674,0,none,0.058400000000000674,none,test_02-test_02_r3-wheel-r13-R3,test_02-test_02_r3-32301302-wheel_slip-medium,held_out_map_test,true,success,false,false,false,137.241,14.7051,-2.5519999999999925,0.058400000000000674,0,,,false,0.058400000000000674,0.0,0.0,0.0,0.0,0.058400000000000674,0.0
24602838-ac8a-4e22-bc82-c14d2c8a336b,test_02,test_02_r3,32301303,localisation_perturbation,medium,R0,true,false,false,false,0.0,0.0,0,none,0.0,none,test_02-test_02_r3-localisation-r13-R0,test_02-test_02_r3-32301303-localisation_perturbation-medium,held_out_map_test,true,success,false,false,false,194.165,14.9319,0.0,0.0,0,,,false,0.0,0.0,0.0,0.0,0.0,0.0,0.0
4fbe1d60-be4c-4255-8127-35da5ff0c91f,test_02,test_02_r3,32301303,localisation_perturbation,medium,R2,true,false,false,false,0.0,0.18939999999999912,0,none,0.18939999999999912,none,test_02-test_02_r3-localisation-r13-R2,test_02-test_02_r3-32301303-localisation_perturbation-medium,held_out_map_test,true,success,false,false,false,189.967,15.1213,-4.197999999999979,0.18939999999999912,0,,,false,0.18939999999999912,0.0,0.0,0.0,0.0,0.18939999999999912,0.0
4513f5bc-4539-4c75-a6cf-17f809924bfd,test_02,test_02_r3,32301303,localisation_perturbation,medium,R3,true,false,false,false,0.0,0.0,0,none,0.0,none,test_02-test_02_r3-localisation-r13-R3,test_02-test_02_r3-32301303-localisation_perturbation-medium,held_out_map_test,true,success,false,false,false,146.5,14.6201,-47.66499999999999,-0.31179999999999986,0,,,false,0.0,0.0,0.0,0.0,0.0,0.0,0.0
67dff205-687d-45a7-8aa9-7650be636df7,test_02,test_02_r3,32301304,dynamic_blockage,medium,R0,true,false,false,false,0.0,0.0,0,none,0.0,none,test_02-test_02_r3-blockage-r13-R0,test_02-test_02_r3-32301304-dynamic_blockage-medium,held_out_map_test,true,success,false,false,false,133.359,13.9756,0.0,0.0,0,,,false,0.0,0.0,0.0,0.0,0.0,0.0,0.0
b333351d-4ce5-4e47-ad0a-270e0840c2c2,test_02,test_02_r3,32301304,dynamic_blockage,medium,R2,true,false,false,false,0.0,0.001300000000000523,0,none,0.001300000000000523,none,test_02-test_02_r3-blockage-r13-R2,test_02-test_02_r3-32301304-dynamic_blockage-medium,held_out_map_test,true,success,false,false,false,127.881,13.9769,-5.478000000000009,0.001300000000000523,1,131.642,,false,0.001300000000000523,0.0,0.0,0.0,0.0,0.001300000000000523,0.0
6e25933c-c0f5-4a1a-9144-8c8133fad98a,test_02,test_02_r3,32301304,dynamic_blockage,medium,R3,true,false,false,false,0.0,0.0,0,none,0.0,none,test_02-test_02_r3-blockage-r13-R3,test_02-test_02_r3-32301304-dynamic_blockage-medium,held_out_map_test,true,success,false,false,false,125.875,13.9127,-7.484000000000009,-0.06290000000000084,2,86.345,,false,0.0,0.0,0.0,0.0,0.0,0.0,0.0
ad30615f-ec4b-4504-8b04-e9778ed9d9d6,test_02,test_02_r3,32301305,planner_oscillation,medium,R0,false,false,false,false,0.0,0.0,0,none,0.0,none,test_02-test_02_r3-oscillation-r13-R0,test_02-test_02_r3-32301305-planner_oscillation-medium,held_out_map_test,true,planner_failure,true,false,false,75.427,6.8346,0.0,0.0,0,,,false,40.0,0.0,40.0,0.0,0.0,0.0,0.0
b624f8d4-7ea5-4a28-b0cc-68c9a2ab6cd4,test_02,test_02_r3,32301305,planner_oscillation,medium,R2,false,false,false,false,0.0,0.12019999999999964,0,none,0.12019999999999698,none,test_02-test_02_r3-oscillation-r13-R2-infra-replacement-001,test_02-test_02_r3-32301305-planner_oscillation-medium,held_out_map_test,true,planner_failure,true,false,false,74.988,6.9548,-0.43900000000000716,0.12019999999999964,2,73.104,,false,40.1202,0.0,40.0,0.0,0.0,0.12019999999999964,0.0
10c0b50d-3997-417a-a818-6ef1fd244d4d,test_02,test_02_r3,32301305,planner_oscillation,medium,R3,false,false,false,false,0.0,0.3429000000000002,0,none,0.3429000000000002,none,test_02-test_02_r3-oscillation-r13-R3,test_02-test_02_r3-32301305-planner_oscillation-medium,held_out_map_test,true,planner_failure,true,false,false,73.488,7.1775,-1.9390000000000072,0.3429000000000002,2,71.947,,false,40.3429,0.0,40.0,0.0,0.0,0.3429000000000002,0.0
88062816-e903-415d-80da-bae508a565bf,test_02,test_02_r3,32301306,semantic_corruption,medium,R0,true,false,false,false,0.0,0.0,0,none,0.0,none,test_02-test_02_r3-semantic-r13-R0,test_02-test_02_r3-32301306-semantic_corruption-medium,held_out_map_test,true,success,false,false,false,136.55,14.7493,0.0,0.0,0,,,false,0.0,0.0,0.0,0.0,0.0,0.0,0.0
c75ce92c-82f6-456e-a32e-e58430a5e964,test_02,test_02_r3,32301306,semantic_corruption,medium,R2,true,false,false,false,0.0,0.0,0,none,0.0,none,test_02-test_02_r3-semantic-r13-R2,test_02-test_02_r3-32301306-semantic_corruption-medium,held_out_map_test,true,success,false,false,false,136.334,14.706,-0.21600000000000819,-0.04330000000000034,0,,,false,0.0,0.0,0.0,0.0,0.0,0.0,0.0
38e02b04-8f98-488a-90a0-4d49591a261f,test_02,test_02_r3,32301306,semantic_corruption,medium,R3,true,false,false,false,0.5159999999999911,0.0,0,none,0.25799999999999557,none,test_02-test_02_r3-semantic-r13-R3,test_02-test_02_r3-32301306-semantic_corruption-medium,held_out_map_test,true,success,false,false,false,137.066,14.6605,0.5159999999999911,-0.0887999999999991,0,,,false,0.25799999999999557,0.0,0.0,0.0,0.25799999999999557,0.0,0.0
7efcd69e-f9e6-48da-ad33-8f48b0a7c982,test_02,test_02_r4,32401000,camera_occlusion,medium,R0,true,false,false,false,0.0,0.0,0,none,0.0,none,test_02-test_02_r4-camera-r10-R0,test_02-test_02_r4-32401000-camera_occlusion-medium,held_out_map_test,true,success,false,false,false,152.803,18.094,0.0,0.0,0,,,false,0.0,0.0,0.0,0.0,0.0,0.0,0.0
110bd808-169e-45fc-a2ef-e2bc6215399a,test_02,test_02_r4,32401000,camera_occlusion,medium,R2,true,false,false,false,38.402000000000015,0.5645999999999987,0,none,15.564599999999999,none,test_02-test_02_r4-camera-r10-R2,test_02-test_02_r4-32401000-camera_occlusion-medium,held_out_map_test,true,success,false,false,false,191.205,18.6586,38.402000000000015,0.5645999999999987,0,,,false,15.564599999999999,0.0,0.0,0.0,15.0,0.5645999999999987,0.0
d9c54619-60af-45d8-8dbf-e9c15803976a,test_02,test_02_r4,32401000,camera_occlusion,medium,R3,true,false,false,false,44.845,0.28699999999999903,0,none,15.286999999999999,none,test_02-test_02_r4-camera-r10-R3,test_02-test_02_r4-32401000-camera_occlusion-medium,held_out_map_test,true,success,false,false,false,197.648,18.381,44.845,0.28699999999999903,0,,,false,15.286999999999999,0.0,0.0,0.0,15.0,0.28699999999999903,0.0
95645917-d2e0-47a0-bc51-13d031c25b3d,test_02,test_02_r4,32401001,lidar_dropout,medium,R0,true,false,false,false,0.0,0.0,0,none,0.0,none,test_02-test_02_r4-lidar-r10-R0,test_02-test_02_r4-32401001-lidar_dropout-medium,held_out_map_test,true,success,false,false,false,158.588,17.8358,0.0,0.0,0,,,false,0.0,0.0,0.0,0.0,0.0,0.0,0.0
edfb25d1-27a9-40e6-860a-0c42e86494d4,test_02,test_02_r4,32401001,lidar_dropout,medium,R2,true,false,false,false,0.0,0.0,0,none,0.0,none,test_02-test_02_r4-lidar-r10-R2,test_02-test_02_r4-32401001-lidar_dropout-medium,held_out_map_test,true,success,false,false,false,158.274,17.81,-0.31399999999999295,-0.025800000000000267,0,,,false,0.0,0.0,0.0,0.0,0.0,0.0,0.0
47c996c4-5128-4d09-b2c0-3df581789f84,test_02,test_02_r4,32401001,lidar_dropout,medium,R3,true,false,false,false,0.0,0.0,0,none,0.0,none,test_02-test_02_r4-lidar-r10-R3,test_02-test_02_r4-32401001-lidar_dropout-medium,held_out_map_test,true,success,false,false,false,156.676,17.7885,-1.9120000000000061,-0.0472999999999999,0,,,false,0.0,0.0,0.0,0.0,0.0,0.0,0.0
26dec742-4ddb-47b3-a5bc-ccbc5096e9bb,test_02,test_02_r4,32401002,wheel_slip,medium,R0,true,false,false,false,0.0,0.0,0,none,0.0,none,test_02-test_02_r4-wheel-r10-R0,test_02-test_02_r4-32401002-wheel_slip-medium,held_out_map_test,true,success,false,false,false,148.81,17.8227,0.0,0.0,0,,,false,0.0,0.0,0.0,0.0,0.0,0.0,0.0
e1151446-4d5a-4153-858a-1bef4664f83f,test_02,test_02_r4,32401002,wheel_slip,medium,R2,true,false,false,false,4.805000000000007,0.0,0,none,2.4025000000000034,none,test_02-test_02_r4-wheel-r10-R2,test_02-test_02_r4-32401002-wheel_slip-medium,held_out_map_test,true,success,false,false,false,153.615,17.8061,4.805000000000007,-0.016600000000000392,0,,,false,2.4025000000000034,0.0,0.0,0.0,2.4025000000000034,0.0,0.0
0f6b6ece-ecdf-4d1e-95a2-7d3c8191a533,test_02,test_02_r4,32401002,wheel_slip,medium,R3,true,false,false,false,6.650000000000006,0.059099999999997266,0,none,3.3841,none,test_02-test_02_r4-wheel-r10-R3,test_02-test_02_r4-32401002-wheel_slip-medium,held_out_map_test,true,success,false,false,false,155.46,17.8818,6.650000000000006,0.059099999999997266,0,,,false,3.3841,0.0,0.0,0.0,3.325000000000003,0.059099999999997266,0.0
e5c08d8c-64ea-4a10-bc6c-6385538dea6b,test_02,test_02_r4,32401003,localisation_perturbation,medium,R0,true,false,false,false,0.0,0.0,0,none,0.0,none,test_02-test_02_r4-localisation-r10-R0,test_02-test_02_r4-32401003-localisation_perturbation-medium,held_out_map_test,true,success,false,false,false,153.251,17.9298,0.0,0.0,0,,,false,0.0,0.0,0.0,0.0,0.0,0.0,0.0
10bf7bae-db2f-4844-af4f-d8c490ba7ed1,test_02,test_02_r4,32401003,localisation_perturbation,medium,R2,true,false,false,false,0.0,0.0,0,none,0.0,none,test_02-test_02_r4-localisation-r10-R2,test_02-test_02_r4-32401003-localisation_perturbation-medium,held_out_map_test,true,success,false,false,false,152.874,17.8918,-0.37700000000000955,-0.038000000000000256,0,,,false,0.0,0.0,0.0,0.0,0.0,0.0,0.0
2f14178a-7776-4ed6-89c8-6f91ad89a116,test_02,test_02_r4,32401003,localisation_perturbation,medium,R3,true,false,false,false,1.891999999999996,0.10519999999999996,0,none,1.051199999999998,none,test_02-test_02_r4-localisation-r10-R3,test_02-test_02_r4-32401003-localisation_perturbation-medium,held_out_map_test,true,success,false,false,false,155.143,18.035,1.891999999999996,0.10519999999999996,0,,,false,1.051199999999998,0.0,0.0,0.0,0.945999999999998,0.10519999999999996,0.0
0af62b96-e431-4253-80b2-098a7875f7fc,test_02,test_02_r4,32401004,dynamic_blockage,medium,R0,true,false,false,false,0.0,0.0,0,none,0.0,none,test_02-test_02_r4-blockage-r10-R0,test_02-test_02_r4-32401004-dynamic_blockage-medium,held_out_map_test,true,success,false,false,false,189.697,18.3148,0.0,0.0,0,,,false,0.0,0.0,0.0,0.0,0.0,0.0,0.0
ca3f2c53-22b4-4820-bce0-a41c1f4d995f,test_02,test_02_r4,32401004,dynamic_blockage,medium,R2,true,false,false,false,4.501000000000005,0.0,0,none,2.2505000000000024,none,test_02-test_02_r4-blockage-r10-R2,test_02-test_02_r4-32401004-dynamic_blockage-medium,held_out_map_test,true,success,false,false,false,194.198,18.2822,4.501000000000005,-0.03260000000000218,0,,,false,2.2505000000000024,0.0,0.0,0.0,2.2505000000000024,0.0,0.0
fb4958bf-a9db-4bab-ac57-6d48ec3624ff,test_02,test_02_r4,32401004,dynamic_blockage,medium,R3,true,false,false,false,5.119,0.013399999999997192,0,none,2.572899999999997,none,test_02-test_02_r4-blockage-r10-R3,test_02-test_02_r4-32401004-dynamic_blockage-medium,held_out_map_test,true,success,false,false,false,194.816,18.3282,5.119,0.013399999999997192,0,,,false,2.572899999999997,0.0,0.0,0.0,2.5595,0.013399999999997192,0.0
2649fb27-c47e-4e7e-b437-f6b375c15335,test_02,test_02_r4,32401005,planner_oscillation,medium,R0,true,false,false,false,0.0,0.0,0,none,0.0,none,test_02-test_02_r4-oscillation-r10-R0,test_02-test_02_r4-32401005-planner_oscillation-medium,held_out_map_test,true,success,false,false,false,183.07,18.719,0.0,0.0,0,,,false,0.0,0.0,0.0,0.0,0.0,0.0,0.0
3f7dd207-f413-48ea-815f-e3ef429f961a,test_02,test_02_r4,32401005,planner_oscillation,medium,R2,true,false,false,false,0.4620000000000175,0.025800000000000267,0,none,0.256800000000009,none,test_02-test_02_r4-oscillation-r10-R2,test_02-test_02_r4-32401005-planner_oscillation-medium,held_out_map_test,true,success,false,false,false,183.532,18.7448,0.4620000000000175,0.025800000000000267,0,,,false,0.256800000000009,0.0,0.0,0.0,0.23100000000000875,0.025800000000000267,0.0
698eef14-b278-4809-b6e1-ab0616ab12c6,test_02,test_02_r4,32401005,planner_oscillation,medium,R3,true,false,false,false,0.0,0.007299999999997198,0,none,0.007299999999997198,none,test_02-test_02_r4-oscillation-r10-R3,test_02-test_02_r4-32401005-planner_oscillation-medium,held_out_map_test,true,success,false,false,false,182.83,18.7263,-0.23999999999998067,0.007299999999997198,0,,,false,0.007299999999997198,0.0,0.0,0.0,0.0,0.007299999999997198,0.0
bbd46cc0-972b-4547-9613-31b921725746,test_02,test_02_r4,32401006,semantic_corruption,medium,R0,true,false,false,false,0.0,0.0,0,none,0.0,none,test_02-test_02_r4-semantic-r10-R0,test_02-test_02_r4-32401006-semantic_corruption-medium,held_out_map_test,true,success,false,false,false,145.927,17.8664,0.0,0.0,0,,,false,0.0,0.0,0.0,0.0,0.0,0.0,0.0
d59547e2-f746-4447-8d80-3b8e9e3c3551,test_02,test_02_r4,32401006,semantic_corruption,medium,R2,true,false,false,false,1.524000000000001,0.0045000000000001705,0,none,0.7665000000000006,none,test_02-test_02_r4-semantic-r10-R2,test_02-test_02_r4-32401006-semantic_corruption-medium,held_out_map_test,true,success,false,false,false,147.451,17.8709,1.524000000000001,0.0045000000000001705,0,,,false,0.7665000000000006,0.0,0.0,0.0,0.7620000000000005,0.0045000000000001705,0.0
8acbae03-3fb9-44e9-9d1c-27fef25c72cf,test_02,test_02_r4,32401006,semantic_corruption,medium,R3,true,false,false,false,0.3439999999999941,0.07169999999999987,0,none,0.24369999999999692,none,test_02-test_02_r4-semantic-r10-R3,test_02-test_02_r4-32401006-semantic_corruption-medium,held_out_map_test,true,success,false,false,false,146.271,17.9381,0.3439999999999941,0.07169999999999987,0,,,false,0.24369999999999692,0.0,0.0,0.0,0.17199999999999704,0.07169999999999987,0.0
0dac8a44-1323-4e55-a948-301734fdab0c,test_02,test_02_r4,32401100,camera_occlusion,medium,R0,true,false,false,false,0.0,0.0,0,none,0.0,none,test_02-test_02_r4-camera-r11-R0,test_02-test_02_r4-32401100-camera_occlusion-medium,held_out_map_test,true,success,false,false,false,188.741,18.6728,0.0,0.0,0,,,false,0.0,0.0,0.0,0.0,0.0,0.0,0.0
9fb484bc-b29b-4e38-a91e-0455d87e21e9,test_02,test_02_r4,32401100,camera_occlusion,medium,R2,true,false,false,false,3.086999999999989,0.0,0,none,1.5434999999999945,none,test_02-test_02_r4-camera-r11-R2,test_02-test_02_r4-32401100-camera_occlusion-medium,held_out_map_test,true,success,false,false,false,191.828,18.3042,3.086999999999989,-0.36859999999999715,0,,,false,1.5434999999999945,0.0,0.0,0.0,1.5434999999999945,0.0,0.0
2c958ff8-1e12-45af-bcad-1c3a115b7959,test_02,test_02_r4,32401100,camera_occlusion,medium,R3,true,false,false,false,1.0749999999999886,0.0,0,none,0.5374999999999943,none,test_02-test_02_r4-camera-r11-R3,test_02-test_02_r4-32401100-camera_occlusion-medium,held_out_map_test,true,success,false,false,false,189.816,18.3649,1.0749999999999886,-0.30790000000000006,0,,,false,0.5374999999999943,0.0,0.0,0.0,0.5374999999999943,0.0,0.0
f54165ce-a8f1-47be-8f73-bddad767195c,test_02,test_02_r4,32401101,lidar_dropout,medium,R0,true,false,false,false,0.0,0.0,0,none,0.0,none,test_02-test_02_r4-lidar-r11-R0,test_02-test_02_r4-32401101-lidar_dropout-medium,held_out_map_test,true,success,false,false,false,145.582,17.8608,0.0,0.0,0,,,false,0.0,0.0,0.0,0.0,0.0,0.0,0.0
8b9c2080-95eb-45d4-abcf-eeaaf0227c78,test_02,test_02_r4,32401101,lidar_dropout,medium,R2,true,false,false,false,0.0,0.05139999999999745,0,none,0.05139999999999745,none,test_02-test_02_r4-lidar-r11-R2,test_02-test_02_r4-32401101-lidar_dropout-medium,held_out_map_test,true,success,false,false,false,143.393,17.9122,-2.188999999999993,0.05139999999999745,0,,,false,0.05139999999999745,0.0,0.0,0.0,0.0,0.05139999999999745,0.0
425b03bf-83a1-4ac8-91aa-99c9a4e27dd1,test_02,test_02_r4,32401101,lidar_dropout,medium,R3,true,false,false,false,11.587999999999994,0.15390000000000015,0,none,5.947899999999997,none,test_02-test_02_r4-lidar-r11-R3,test_02-test_02_r4-32401101-lidar_dropout-medium,held_out_map_test,true,success,false,false,false,157.17,18.0147,11.587999999999994,0.15390000000000015,0,,,false,5.947899999999997,0.0,0.0,0.0,5.793999999999997,0.15390000000000015,0.0
9f07bfbc-b350-4c8e-9f3a-8e2edeed5177,test_02,test_02_r4,32401102,wheel_slip,medium,R0,true,false,false,false,0.0,0.0,0,none,0.0,none,test_02-test_02_r4-wheel-r11-R0,test_02-test_02_r4-32401102-wheel_slip-medium,held_out_map_test,true,success,false,false,false,148.975,17.8128,0.0,0.0,0,,,false,0.0,0.0,0.0,0.0,0.0,0.0,0.0
5b085d0a-c730-4f6a-8eab-322e005099f5,test_02,test_02_r4,32401102,wheel_slip,medium,R2,true,false,false,false,0.0,0.06520000000000081,0,none,0.06520000000000081,none,test_02-test_02_r4-wheel-r11-R2,test_02-test_02_r4-32401102-wheel_slip-medium,held_out_map_test,true,success,false,false,false,148.029,17.878,-0.945999999999998,0.06520000000000081,0,,,false,0.06520000000000081,0.0,0.0,0.0,0.0,0.06520000000000081,0.0
64d86b8b-4c13-4140-ac5f-bf6771e9c690,test_02,test_02_r4,32401102,wheel_slip,medium,R3,true,false,false,false,1.0740000000000123,0.013999999999999346,0,none,0.5510000000000055,none,test_02-test_02_r4-wheel-r11-R3,test_02-test_02_r4-32401102-wheel_slip-medium,held_out_map_test,true,success,false,false,false,150.049,17.8268,1.0740000000000123,0.013999999999999346,0,,,false,0.5510000000000055,0.0,0.0,0.0,0.5370000000000061,0.013999999999999346,0.0
349800e4-e160-4230-b0bb-f082c5b48e8c,test_02,test_02_r4,32401103,localisation_perturbation,medium,R0,true,false,false,false,0.0,0.0,0,none,0.0,none,test_02-test_02_r4-localisation-r11-R0,test_02-test_02_r4-32401103-localisation_perturbation-medium,held_out_map_test,true,success,false,false,false,155.947,18.1311,0.0,0.0,0,,,false,0.0,0.0,0.0,0.0,0.0,0.0,0.0
64cba160-ddf8-4655-a914-5e89746f8f88,test_02,test_02_r4,32401103,localisation_perturbation,medium,R2,true,false,false,false,45.67699999999999,0.9170000000000016,0,none,15.917000000000002,none,test_02-test_02_r4-localisation-r11-R2,test_02-test_02_r4-32401103-localisation_perturbation-medium,held_out_map_test,true,success,false,false,false,201.624,19.0481,45.67699999999999,0.9170000000000016,0,,,false,15.917000000000002,0.0,0.0,0.0,15.0,0.9170000000000016,0.0
e363e088-f7e9-42a7-a32f-23455af9ac6c,test_02,test_02_r4,32401103,localisation_perturbation,medium,R3,true,false,false,false,0.0,0.0,0,none,0.0,none,test_02-test_02_r4-localisation-r11-R3,test_02-test_02_r4-32401103-localisation_perturbation-medium,held_out_map_test,true,success,false,false,false,151.548,17.8907,-4.399000000000001,-0.24040000000000106,0,,,false,0.0,0.0,0.0,0.0,0.0,0.0,0.0
6e273287-8a56-416e-acea-4e6fce1770a8,test_02,test_02_r4,32401104,dynamic_blockage,medium,R0,true,false,false,false,0.0,0.0,0,none,0.0,none,test_02-test_02_r4-blockage-r11-R0,test_02-test_02_r4-32401104-dynamic_blockage-medium,held_out_map_test,true,success,false,false,false,172.257,18.293,0.0,0.0,0,,,false,0.0,0.0,0.0,0.0,0.0,0.0,0.0
f7f6135f-90dc-4da2-ba02-2f99a24b6568,test_02,test_02_r4,32401104,dynamic_blockage,medium,R2,true,false,false,false,1.125,0.0,0,none,0.5625,none,test_02-test_02_r4-blockage-r11-R2,test_02-test_02_r4-32401104-dynamic_blockage-medium,held_out_map_test,true,success,false,false,false,173.382,18.2907,1.125,-0.0022999999999981924,0,,,false,0.5625,0.0,0.0,0.0,0.5625,0.0,0.0
43754771-0f07-49a8-8b0f-6e2c968b2d2c,test_02,test_02_r4,32401104,dynamic_blockage,medium,R3,true,false,false,false,0.0,0.016899999999999693,0,none,0.016899999999999693,none,test_02-test_02_r4-blockage-r11-R3,test_02-test_02_r4-32401104-dynamic_blockage-medium,held_out_map_test,true,success,false,false,false,171.054,18.3099,-1.203000000000003,0.016899999999999693,0,,,false,0.016899999999999693,0.0,0.0,0.0,0.0,0.016899999999999693,0.0
ef2e8f05-9abe-4925-8dc8-cc91d3f5ac27,test_02,test_02_r4,32401105,planner_oscillation,medium,R0,true,false,false,false,0.0,0.0,0,none,0.0,none,test_02-test_02_r4-oscillation-r11-R0,test_02-test_02_r4-32401105-planner_oscillation-medium,held_out_map_test,true,success,false,false,false,179.079,18.7835,0.0,0.0,0,,,false,0.0,0.0,0.0,0.0,0.0,0.0,0.0
b43e1555-7d88-4ece-8e37-334a4441a9e7,test_02,test_02_r4,32401105,planner_oscillation,medium,R2,true,false,false,false,0.0,0.0,0,none,0.0,none,test_02-test_02_r4-oscillation-r11-R2,test_02-test_02_r4-32401105-planner_oscillation-medium,held_out_map_test,true,success,false,false,false,176.452,18.6593,-2.6270000000000095,-0.12419999999999831,0,,,false,0.0,0.0,0.0,0.0,0.0,0.0,0.0
1f90a14d-0435-4815-b2f6-1496c48265c6,test_02,test_02_r4,32401105,planner_oscillation,medium,R3,true,false,false,false,0.0,0.0,0,none,0.0,none,test_02-test_02_r4-oscillation-r11-R3,test_02-test_02_r4-32401105-planner_oscillation-medium,held_out_map_test,true,success,false,false,false,177.735,18.67,-1.343999999999994,-0.11349999999999838,0,,,false,0.0,0.0,0.0,0.0,0.0,0.0,0.0
776b4112-9a1e-441b-97e0-6f387fb01b4b,test_02,test_02_r4,32401106,semantic_corruption,medium,R0,true,false,false,false,0.0,0.0,0,none,0.0,none,test_02-test_02_r4-semantic-r11-R0,test_02-test_02_r4-32401106-semantic_corruption-medium,held_out_map_test,true,success,false,false,false,146.538,17.971,0.0,0.0,0,,,false,0.0,0.0,0.0,0.0,0.0,0.0,0.0
bf79638c-d9ff-4152-a84c-1c55ee5f02ff,test_02,test_02_r4,32401106,semantic_corruption,medium,R2,true,false,false,false,0.117999999999995,0.0,0,none,0.0589999999999975,none,test_02-test_02_r4-semantic-r11-R2,test_02-test_02_r4-32401106-semantic_corruption-medium,held_out_map_test,true,success,false,false,false,146.656,17.8716,0.117999999999995,-0.09939999999999927,0,,,false,0.0589999999999975,0.0,0.0,0.0,0.0589999999999975,0.0,0.0
f77f6c3d-861b-4068-b58f-cb791f22ec8b,test_02,test_02_r4,32401106,semantic_corruption,medium,R3,true,false,false,false,0.0,0.0,0,none,0.0,none,test_02-test_02_r4-semantic-r11-R3,test_02-test_02_r4-32401106-semantic_corruption-medium,held_out_map_test,true,success,false,false,false,146.259,17.9586,-0.2790000000000248,-0.012399999999999523,0,,,false,0.0,0.0,0.0,0.0,0.0,0.0,0.0
43f3ab66-64c2-4789-a553-89cc77983881,test_02,test_02_r4,32401200,camera_occlusion,medium,R0,true,false,false,false,0.0,0.0,0,none,0.0,none,test_02-test_02_r4-camera-r12-R0,test_02-test_02_r4-32401200-camera_occlusion-medium,held_out_map_test,true,success,false,false,false,157.535,17.8818,0.0,0.0,0,,,false,0.0,0.0,0.0,0.0,0.0,0.0,0.0
0dcb9e9c-0b6d-49aa-ac21-eac85f9b66ea,test_02,test_02_r4,32401200,camera_occlusion,medium,R2,true,false,false,false,0.0,0.0,0,none,0.0,none,test_02-test_02_r4-camera-r12-R2,test_02-test_02_r4-32401200-camera_occlusion-medium,held_out_map_test,true,success,false,false,false,156.039,17.8541,-1.4960000000000093,-0.027699999999999392,0,,,false,0.0,0.0,0.0,0.0,0.0,0.0,0.0
1e6faae4-2ac6-4590-9896-d66d103ad1b2,test_02,test_02_r4,32401200,camera_occlusion,medium,R3,true,false,false,false,40.668000000000006,0.4419000000000004,0,none,15.4419,none,test_02-test_02_r4-camera-r12-R3,test_02-test_02_r4-32401200-camera_occlusion-medium,held_out_map_test,true,success,false,false,false,198.203,18.3237,40.668000000000006,0.4419000000000004,0,,,false,15.4419,0.0,0.0,0.0,15.0,0.4419000000000004,0.0
18da3843-a4d3-404c-be16-b9cd2ccc7c96,test_02,test_02_r4,32401201,lidar_dropout,medium,R0,true,false,false,false,0.0,0.0,0,none,0.0,none,test_02-test_02_r4-lidar-r12-R0,test_02-test_02_r4-32401201-lidar_dropout-medium,held_out_map_test,true,success,false,false,false,153.455,17.8027,0.0,0.0,0,,,false,0.0,0.0,0.0,0.0,0.0,0.0,0.0
4703b8e9-c9a5-447b-9d39-974f6958a514,test_02,test_02_r4,32401201,lidar_dropout,medium,R2,true,false,false,false,0.11599999999998545,0.03229999999999933,0,none,0.09029999999999205,none,test_02-test_02_r4-lidar-r12-R2,test_02-test_02_r4-32401201-lidar_dropout-medium,held_out_map_test,true,success,false,false,false,153.571,17.835,0.11599999999998545,0.03229999999999933,0,,,false,0.09029999999999205,0.0,0.0,0.0,0.057999999999992724,0.03229999999999933,0.0
db231a54-8b04-4bb0-876d-f6cd19ea096f,test_02,test_02_r4,32401201,lidar_dropout,medium,R3,true,false,false,false,1.2809999999999775,0.005599999999997607,0,none,0.6460999999999864,none,test_02-test_02_r4-lidar-r12-R3,test_02-test_02_r4-32401201-lidar_dropout-medium,held_out_map_test,true,success,false,false,false,154.736,17.8083,1.2809999999999775,0.005599999999997607,0,,,false,0.6460999999999864,0.0,0.0,0.0,0.6404999999999887,0.005599999999997607,0.0
5b87ce92-c12f-4185-9c0b-4a0592c920e8,test_02,test_02_r4,32401202,wheel_slip,medium,R0,true,false,false,false,0.0,0.0,0,none,0.0,none,test_02-test_02_r4-wheel-r12-R0,test_02-test_02_r4-32401202-wheel_slip-medium,held_out_map_test,true,success,false,false,false,149.697,17.8033,0.0,0.0,0,,,false,0.0,0.0,0.0,0.0,0.0,0.0,0.0
e105aa78-3613-41f7-a293-124e4aab7638,test_02,test_02_r4,32401202,wheel_slip,medium,R2,true,false,false,false,1.6920000000000073,0.0,0,none,0.8460000000000036,none,test_02-test_02_r4-wheel-r12-R2,test_02-test_02_r4-32401202-wheel_slip-medium,held_out_map_test,true,success,false,false,false,151.389,17.7791,1.6920000000000073,-0.024200000000000443,0,,,false,0.8460000000000036,0.0,0.0,0.0,0.8460000000000036,0.0,0.0
1cadec4f-c8be-48b5-a60d-b14a03eeef0c,test_02,test_02_r4,32401202,wheel_slip,medium,R3,true,false,false,false,2.6670000000000016,0.07819999999999894,0,none,1.4116999999999997,none,test_02-test_02_r4-wheel-r12-R3,test_02-test_02_r4-32401202-wheel_slip-medium,held_out_map_test,true,success,false,false,false,152.364,17.8815,2.6670000000000016,0.07819999999999894,0,,,false,1.4116999999999997,0.0,0.0,0.0,1.3335000000000008,0.07819999999999894,0.0
de2a4dbf-9811-48dd-88b6-04a08e4dfeb4,test_02,test_02_r4,32401203,localisation_perturbation,medium,R0,true,false,false,false,0.0,0.0,0,none,0.0,none,test_02-test_02_r4-localisation-r12-R0,test_02-test_02_r4-32401203-localisation_perturbation-medium,held_out_map_test,true,success,false,false,false,153.914,18.0572,0.0,0.0,0,,,false,0.0,0.0,0.0,0.0,0.0,0.0,0.0
23b3412f-1dac-4144-b20a-a8a949558f9f,test_02,test_02_r4,32401203,localisation_perturbation,medium,R2,true,false,false,false,0.0,0.0,0,none,0.0,none,test_02-test_02_r4-localisation-r12-R2,test_02-test_02_r4-32401203-localisation_perturbation-medium,held_out_map_test,true,success,false,false,false,149.745,17.8479,-4.168999999999983,-0.20930000000000248,0,,,false,0.0,0.0,0.0,0.0,0.0,0.0,0.0
f7ceaf85-2a50-46a5-bcbc-b3f3f2bd2d82,test_02,test_02_r4,32401203,localisation_perturbation,medium,R3,true,false,false,false,0.0,0.0,0,none,0.0,none,test_02-test_02_r4-localisation-r12-R3,test_02-test_02_r4-32401203-localisation_perturbation-medium,held_out_map_test,true,success,false,false,false,150.671,17.9511,-3.242999999999995,-0.10610000000000142,0,,,false,0.0,0.0,0.0,0.0,0.0,0.0,0.0
155f7dd0-3c46-4f54-8114-f51796f64e06,test_02,test_02_r4,32401204,dynamic_blockage,medium,R0,true,false,false,false,0.0,0.0,0,none,0.0,none,test_02-test_02_r4-blockage-r12-R0,test_02-test_02_r4-32401204-dynamic_blockage-medium,held_out_map_test,true,success,false,false,false,172.003,18.3034,0.0,0.0,0,,,false,0.0,0.0,0.0,0.0,0.0,0.0,0.0
7861e17c-2c5d-4a08-87ca-42f0e2be1ed0,test_02,test_02_r4,32401204,dynamic_blockage,medium,R2,true,false,false,false,0.0,0.08310000000000173,0,none,0.08310000000000173,none,test_02-test_02_r4-blockage-r12-R2,test_02-test_02_r4-32401204-dynamic_blockage-medium,held_out_map_test,true,success,false,false,false,171.257,18.3865,-0.7459999999999809,0.08310000000000173,0,,,false,0.08310000000000173,0.0,0.0,0.0,0.0,0.08310000000000173,0.0
f1ebc0e9-f285-4bc7-a679-26850c8fc0cf,test_02,test_02_r4,32401204,dynamic_blockage,medium,R3,true,false,false,false,0.0,0.05339999999999989,0,none,0.05339999999999989,none,test_02-test_02_r4-blockage-r12-R3,test_02-test_02_r4-32401204-dynamic_blockage-medium,held_out_map_test,true,success,false,false,false,170.363,18.3568,-1.6399999999999864,0.05339999999999989,0,,,false,0.05339999999999989,0.0,0.0,0.0,0.0,0.05339999999999989,0.0
7a23b6cc-95af-4797-af7c-24b9e51320bb,test_02,test_02_r4,32401205,planner_oscillation,medium,R0,true,false,false,false,0.0,0.0,0,none,0.0,none,test_02-test_02_r4-oscillation-r12-R0-infra-replacement-001,test_02-test_02_r4-32401205-planner_oscillation-medium,held_out_map_test,true,success,false,false,false,161.671,18.7487,0.0,0.0,0,,,false,0.0,0.0,0.0,0.0,0.0,0.0,0.0
d4b8d02a-edc5-4078-9506-5a074940a51e,test_02,test_02_r4,32401205,planner_oscillation,medium,R2,true,false,false,false,6.63300000000001,0.0,0,none,3.316500000000005,none,test_02-test_02_r4-oscillation-r12-R2,test_02-test_02_r4-32401205-planner_oscillation-medium,held_out_map_test,true,success,false,false,false,168.304,18.6823,6.63300000000001,-0.06639999999999802,0,,,false,3.316500000000005,0.0,0.0,0.0,3.316500000000005,0.0,0.0
c58353c7-c543-466c-9a0f-f7a5c35f1cbc,test_02,test_02_r4,32401205,planner_oscillation,medium,R3,true,false,false,false,4.235000000000014,0.0,0,none,2.117500000000007,none,test_02-test_02_r4-oscillation-r12-R3,test_02-test_02_r4-32401205-planner_oscillation-medium,held_out_map_test,true,success,false,false,false,165.906,18.7142,4.235000000000014,-0.034499999999997755,0,,,false,2.117500000000007,0.0,0.0,0.0,2.117500000000007,0.0,0.0
9d0a6ede-f102-4e0b-b9c5-7be8d99487fe,test_02,test_02_r4,32401206,semantic_corruption,medium,R0,true,false,false,false,0.0,0.0,0,none,0.0,none,test_02-test_02_r4-semantic-r12-R0,test_02-test_02_r4-32401206-semantic_corruption-medium,held_out_map_test,true,success,false,false,false,145.798,17.8642,0.0,0.0,0,,,false,0.0,0.0,0.0,0.0,0.0,0.0,0.0
c1deddd8-2101-449e-821a-50494b0c4cf4,test_02,test_02_r4,32401206,semantic_corruption,medium,R2,true,false,false,false,0.0,0.023699999999998056,0,none,0.023699999999998056,none,test_02-test_02_r4-semantic-r12-R2,test_02-test_02_r4-32401206-semantic_corruption-medium,held_out_map_test,true,success,false,false,false,145.215,17.8879,-0.5829999999999984,0.023699999999998056,0,,,false,0.023699999999998056,0.0,0.0,0.0,0.0,0.023699999999998056,0.0
9c0915b3-3103-4f30-a4ba-5994ae845125,test_02,test_02_r4,32401206,semantic_corruption,medium,R3,true,false,false,false,0.73599999999999,0.11430000000000007,0,none,0.48229999999999507,none,test_02-test_02_r4-semantic-r12-R3,test_02-test_02_r4-32401206-semantic_corruption-medium,held_out_map_test,true,success,false,false,false,146.534,17.9785,0.73599999999999,0.11430000000000007,0,,,false,0.48229999999999507,0.0,0.0,0.0,0.367999999999995,0.11430000000000007,0.0
1b5fd067-474f-42cb-9687-9853d3a0ce32,test_02,test_02_r4,32401300,camera_occlusion,medium,R0,true,false,false,false,0.0,0.0,0,none,0.0,none,test_02-test_02_r4-camera-r13-R0,test_02-test_02_r4-32401300-camera_occlusion-medium,held_out_map_test,true,success,false,false,false,152.23,17.9878,0.0,0.0,0,,,false,0.0,0.0,0.0,0.0,0.0,0.0,0.0
e069a81a-fb81-4774-8a5d-ecdde7b2276e,test_02,test_02_r4,32401300,camera_occlusion,medium,R2,true,false,false,false,38.82900000000001,0.2632000000000012,0,none,15.263200000000001,none,test_02-test_02_r4-camera-r13-R2,test_02-test_02_r4-32401300-camera_occlusion-medium,held_out_map_test,true,success,false,false,false,191.059,18.251,38.82900000000001,0.2632000000000012,0,,,false,15.263200000000001,0.0,0.0,0.0,15.0,0.2632000000000012,0.0
cca821ad-8d68-4f55-98e7-4c5e38363019,test_02,test_02_r4,32401300,camera_occlusion,medium,R3,true,false,false,false,36.047,0.26340000000000074,0,none,15.2634,none,test_02-test_02_r4-camera-r13-R3,test_02-test_02_r4-32401300-camera_occlusion-medium,held_out_map_test,true,success,false,false,false,188.277,18.2512,36.047,0.26340000000000074,0,,,false,15.2634,0.0,0.0,0.0,15.0,0.26340000000000074,0.0
a14daff5-4f61-4e21-9030-fe734ade4a27,test_02,test_02_r4,32401301,lidar_dropout,medium,R0,true,false,false,false,0.0,0.0,0,none,0.0,none,test_02-test_02_r4-lidar-r13-R0,test_02-test_02_r4-32401301-lidar_dropout-medium,held_out_map_test,true,success,false,false,false,153.147,17.911,0.0,0.0,0,,,false,0.0,0.0,0.0,0.0,0.0,0.0,0.0
6295774e-fec0-43b8-b885-b6ed4c2792b3,test_02,test_02_r4,32401301,lidar_dropout,medium,R2,true,false,false,false,0.0,0.03599999999999781,0,none,0.03599999999999781,none,test_02-test_02_r4-lidar-r13-R2,test_02-test_02_r4-32401301-lidar_dropout-medium,held_out_map_test,true,success,false,false,false,151.712,17.947,-1.4350000000000023,0.03599999999999781,0,,,false,0.03599999999999781,0.0,0.0,0.0,0.0,0.03599999999999781,0.0
450b985f-bb98-403d-b509-1c7f4215ef32,test_02,test_02_r4,32401301,lidar_dropout,medium,R3,true,false,false,false,0.0,0.08309999999999818,0,none,0.08309999999999818,none,test_02-test_02_r4-lidar-r13-R3,test_02-test_02_r4-32401301-lidar_dropout-medium,held_out_map_test,true,success,false,false,false,151.61,17.9941,-1.5369999999999777,0.08309999999999818,0,,,false,0.08309999999999818,0.0,0.0,0.0,0.0,0.08309999999999818,0.0
fc31dbea-e39c-43fe-a839-1f21c4b74652,test_02,test_02_r4,32401302,wheel_slip,medium,R0,true,false,false,false,0.0,0.0,0,none,0.0,none,test_02-test_02_r4-wheel-r13-R0,test_02-test_02_r4-32401302-wheel_slip-medium,held_out_map_test,true,success,false,false,false,151.892,17.8881,0.0,0.0,0,,,false,0.0,0.0,0.0,0.0,0.0,0.0,0.0
03f3056b-236a-4796-9eef-ea61245cfa30,test_02,test_02_r4,32401302,wheel_slip,medium,R2,true,false,false,false,1.6160000000000139,0.0,0,none,0.8080000000000069,none,test_02-test_02_r4-wheel-r13-R2,test_02-test_02_r4-32401302-wheel_slip-medium,held_out_map_test,true,success,false,false,false,153.508,17.8738,1.6160000000000139,-0.0143000000000022,0,,,false,0.8080000000000069,0.0,0.0,0.0,0.8080000000000069,0.0,0.0
2691ff4a-8a26-4762-9090-8a4d6db3fd00,test_02,test_02_r4,32401302,wheel_slip,medium,R3,true,false,false,false,0.9610000000000127,0.0,0,none,0.48050000000000637,none,test_02-test_02_r4-wheel-r13-R3,test_02-test_02_r4-32401302-wheel_slip-medium,held_out_map_test,true,success,false,false,false,152.853,17.8049,0.9610000000000127,-0.0832000000000015,0,,,false,0.48050000000000637,0.0,0.0,0.0,0.48050000000000637,0.0,0.0
20c59b15-b477-4736-968a-e3e5fc4b5905,test_02,test_02_r4,32401303,localisation_perturbation,medium,R0,true,false,false,false,0.0,0.0,0,none,0.0,none,test_02-test_02_r4-localisation-r13-R0,test_02-test_02_r4-32401303-localisation_perturbation-medium,held_out_map_test,true,success,false,false,false,158.604,17.876,0.0,0.0,0,,,false,0.0,0.0,0.0,0.0,0.0,0.0,0.0
c04de7ee-b1f9-46fc-a2d1-473be85a91cf,test_02,test_02_r4,32401303,localisation_perturbation,medium,R2,true,false,false,false,0.0,0.07699999999999818,0,none,0.07699999999999818,none,test_02-test_02_r4-localisation-r13-R2,test_02-test_02_r4-32401303-localisation_perturbation-medium,held_out_map_test,true,success,false,false,false,153.055,17.953,-5.549000000000007,0.07699999999999818,0,,,false,0.07699999999999818,0.0,0.0,0.0,0.0,0.07699999999999818,0.0
97444ffb-4712-4074-ac14-ed8744885552,test_02,test_02_r4,32401303,localisation_perturbation,medium,R3,true,false,false,false,0.0,0.0,0,none,0.0,none,test_02-test_02_r4-localisation-r13-R3,test_02-test_02_r4-32401303-localisation_perturbation-medium,held_out_map_test,true,success,false,false,false,148.965,17.8501,-9.63900000000001,-0.025900000000000034,0,,,false,0.0,0.0,0.0,0.0,0.0,0.0,0.0
e1b37294-14df-4d11-ac6d-a2881705f7ef,test_02,test_02_r4,32401304,dynamic_blockage,medium,R0,true,false,false,false,0.0,0.0,0,none,0.0,none,test_02-test_02_r4-blockage-r13-R0,test_02-test_02_r4-32401304-dynamic_blockage-medium,held_out_map_test,true,success,false,false,false,168.33,18.2876,0.0,0.0,0,,,false,0.0,0.0,0.0,0.0,0.0,0.0,0.0
182debc0-cf33-4cda-aeb4-186693252d34,test_02,test_02_r4,32401304,dynamic_blockage,medium,R2,true,false,false,false,1.1629999999999825,0.018599999999999284,0,none,0.6000999999999905,none,test_02-test_02_r4-blockage-r13-R2,test_02-test_02_r4-32401304-dynamic_blockage-medium,held_out_map_test,true,success,false,false,false,169.493,18.3062,1.1629999999999825,0.018599999999999284,0,,,false,0.6000999999999905,0.0,0.0,0.0,0.5814999999999912,0.018599999999999284,0.0
ebf4546b-f33f-4996-8a46-a31d8603cb02,test_02,test_02_r4,32401304,dynamic_blockage,medium,R3,true,false,false,false,0.2389999999999759,0.12159999999999727,0,none,0.24109999999998522,none,test_02-test_02_r4-blockage-r13-R3,test_02-test_02_r4-32401304-dynamic_blockage-medium,held_out_map_test,true,success,false,false,false,168.569,18.4092,0.2389999999999759,0.12159999999999727,0,,,false,0.24109999999998522,0.0,0.0,0.0,0.11949999999998795,0.12159999999999727,0.0
6b2e62d1-527a-43c0-97f3-edc18ef919ff,test_02,test_02_r4,32401305,planner_oscillation,medium,R0,true,false,false,false,0.0,0.0,0,none,0.0,none,test_02-test_02_r4-oscillation-r13-R0,test_02-test_02_r4-32401305-planner_oscillation-medium,held_out_map_test,true,success,false,false,false,181.067,18.9121,0.0,0.0,0,,,false,0.0,0.0,0.0,0.0,0.0,0.0,0.0
bdf53acf-9dec-4ce3-870e-c36f934141e9,test_02,test_02_r4,32401305,planner_oscillation,medium,R2,true,false,false,false,0.23199999999999932,0.0,0,none,0.11599999999999966,none,test_02-test_02_r4-oscillation-r13-R2,test_02-test_02_r4-32401305-planner_oscillation-medium,held_out_map_test,true,success,false,false,false,181.299,18.7583,0.23199999999999932,-0.15380000000000038,0,,,false,0.11599999999999966,0.0,0.0,0.0,0.11599999999999966,0.0,0.0
7269a5ec-336a-4000-a62c-5d1e35c752bd,test_02,test_02_r4,32401305,planner_oscillation,medium,R3,true,false,false,false,0.0,0.0,0,none,0.0,none,test_02-test_02_r4-oscillation-r13-R3,test_02-test_02_r4-32401305-planner_oscillation-medium,held_out_map_test,true,success,false,false,false,178.9,18.6177,-2.1670000000000016,-0.29439999999999955,0,,,false,0.0,0.0,0.0,0.0,0.0,0.0,0.0
3ae2e232-b114-4193-89dc-94dfc945bfa5,test_02,test_02_r4,32401306,semantic_corruption,medium,R0,true,false,false,false,0.0,0.0,0,none,0.0,none,test_02-test_02_r4-semantic-r13-R0,test_02-test_02_r4-32401306-semantic_corruption-medium,held_out_map_test,true,success,false,false,false,145.42,17.8457,0.0,0.0,0,,,false,0.0,0.0,0.0,0.0,0.0,0.0,0.0
2b282db4-9e42-46f3-adff-3b7b00e65e6a,test_02,test_02_r4,32401306,semantic_corruption,medium,R2,true,false,false,false,1.0600000000000023,0.03609999999999758,0,none,0.5660999999999987,none,test_02-test_02_r4-semantic-r13-R2,test_02-test_02_r4-32401306-semantic_corruption-medium,held_out_map_test,true,success,false,false,false,146.48,17.8818,1.0600000000000023,0.03609999999999758,0,,,false,0.5660999999999987,0.0,0.0,0.0,0.5300000000000011,0.03609999999999758,0.0
a1302e86-3e5d-42e8-b765-ae4b10676c88,test_02,test_02_r4,32401306,semantic_corruption,medium,R3,true,false,false,false,8.126000000000005,0.13540000000000063,0,none,4.198400000000003,none,test_02-test_02_r4-semantic-r13-R3,test_02-test_02_r4-32401306-semantic_corruption-medium,held_out_map_test,true,success,false,false,false,153.546,17.9811,8.126000000000005,0.13540000000000063,0,,,false,4.198400000000003,0.0,0.0,0.0,4.063000000000002,0.13540000000000063,0.0
c17e4a9f-d378-454c-9228-ad3b03d2a559,test_02,test_02_r5,32501000,camera_occlusion,medium,R0,true,false,false,false,0.0,0.0,0,none,0.0,none,test_02-test_02_r5-camera-r10-R0,test_02-test_02_r5-32501000-camera_occlusion-medium,held_out_map_test,true,success,false,false,false,148.494,18.7815,0.0,0.0,0,,,false,0.0,0.0,0.0,0.0,0.0,0.0,0.0
70374bc5-7239-41d6-9ea7-577be6cf75ca,test_02,test_02_r5,32501000,camera_occlusion,medium,R2,true,false,false,false,11.010999999999996,0.47949999999999804,0,none,5.984999999999996,none,test_02-test_02_r5-camera-r10-R2,test_02-test_02_r5-32501000-camera_occlusion-medium,held_out_map_test,true,success,false,false,false,159.505,19.261,11.010999999999996,0.47949999999999804,1,176.554,,false,5.984999999999996,0.0,0.0,0.0,5.505499999999998,0.47949999999999804,0.0
f91fe316-dacf-4b97-a47a-e82d79dbce75,test_02,test_02_r5,32501000,camera_occlusion,medium,R3,true,false,false,false,5.2520000000000095,0.1191999999999993,0,none,2.745200000000004,none,test_02-test_02_r5-camera-r10-R3,test_02-test_02_r5-32501000-camera_occlusion-medium,held_out_map_test,true,success,false,false,false,153.746,18.9007,5.2520000000000095,0.1191999999999993,0,,,false,2.745200000000004,0.0,0.0,0.0,2.6260000000000048,0.1191999999999993,0.0
4c2ca766-7151-491d-bef5-b26a7f6bae68,test_02,test_02_r5,32501001,lidar_dropout,medium,R0,true,false,false,false,0.0,0.0,0,none,0.0,none,test_02-test_02_r5-lidar-r10-R0,test_02-test_02_r5-32501001-lidar_dropout-medium,held_out_map_test,true,success,false,false,false,151.626,19.0293,0.0,0.0,0,,,false,0.0,0.0,0.0,0.0,0.0,0.0,0.0
a4cf70cd-20e0-4de5-b73c-b17868c1489e,test_02,test_02_r5,32501001,lidar_dropout,medium,R2,true,false,false,false,0.0,0.053000000000000824,0,none,0.053000000000000824,none,test_02-test_02_r5-lidar-r10-R2,test_02-test_02_r5-32501001-lidar_dropout-medium,held_out_map_test,true,success,false,false,false,145.745,19.0823,-5.881,0.053000000000000824,0,,,false,0.053000000000000824,0.0,0.0,0.0,0.0,0.053000000000000824,0.0
49d8549a-5841-4f0d-9536-0d14293ec679,test_02,test_02_r5,32501001,lidar_dropout,medium,R3,true,false,false,false,0.0,0.16939999999999955,0,none,0.16939999999999955,none,test_02-test_02_r5-lidar-r10-R3,test_02-test_02_r5-32501001-lidar_dropout-medium,held_out_map_test,true,success,false,false,false,148.022,19.1987,-3.6040000000000134,0.16939999999999955,0,,,false,0.16939999999999955,0.0,0.0,0.0,0.0,0.16939999999999955,0.0
5703e396-2d9c-442e-9843-5d6cdcffbf91,test_02,test_02_r5,32501002,wheel_slip,medium,R0,true,false,false,false,0.0,0.0,0,none,0.0,none,test_02-test_02_r5-wheel-r10-R0,test_02-test_02_r5-32501002-wheel_slip-medium,held_out_map_test,true,success,false,false,false,151.8,19.2108,0.0,0.0,0,,,false,0.0,0.0,0.0,0.0,0.0,0.0,0.0
5766201c-da1a-45f4-bb01-06db60c2b4a3,test_02,test_02_r5,32501002,wheel_slip,medium,R2,true,false,false,false,0.0,0.0,0,none,0.0,none,test_02-test_02_r5-wheel-r10-R2,test_02-test_02_r5-32501002-wheel_slip-medium,held_out_map_test,true,success,false,false,false,149.713,19.1986,-2.0870000000000175,-0.012199999999999989,0,,,false,0.0,0.0,0.0,0.0,0.0,0.0,0.0
fe4f952d-3e8f-45d7-b5d7-d61b9043ed61,test_02,test_02_r5,32501002,wheel_slip,medium,R3,true,false,false,false,0.0,0.0,0,none,0.0,none,test_02-test_02_r5-wheel-r10-R3,test_02-test_02_r5-32501002-wheel_slip-medium,held_out_map_test,true,success,false,false,false,148.116,19.1727,-3.6839999999999975,-0.03810000000000002,0,,,false,0.0,0.0,0.0,0.0,0.0,0.0,0.0
446de7e7-8b4b-4a6c-9da7-dfc01dfb00db,test_02,test_02_r5,32501003,localisation_perturbation,medium,R0,true,false,false,false,0.0,0.0,0,none,0.0,none,test_02-test_02_r5-localisation-r10-R0,test_02-test_02_r5-32501003-localisation_perturbation-medium,held_out_map_test,true,success,false,false,false,159.746,19.3869,0.0,0.0,0,,,false,0.0,0.0,0.0,0.0,0.0,0.0,0.0
3fecea83-a14c-45ec-bd01-f46dd64d2149,test_02,test_02_r5,32501003,localisation_perturbation,medium,R2,true,false,false,false,0.0,0.0,0,none,0.0,none,test_02-test_02_r5-localisation-r10-R2,test_02-test_02_r5-32501003-localisation_perturbation-medium,held_out_map_test,true,success,false,false,false,159.67,19.1839,-0.07600000000002183,-0.2029999999999994,0,,,false,0.0,0.0,0.0,0.0,0.0,0.0,0.0
90c236ea-c54d-479f-a0da-98eaa5ab23d7,test_02,test_02_r5,32501003,localisation_perturbation,medium,R3,true,false,false,false,0.0,0.0,0,none,0.0,none,test_02-test_02_r5-localisation-r10-R3,test_02-test_02_r5-32501003-localisation_perturbation-medium,held_out_map_test,true,success,false,false,false,147.533,19.1685,-12.213000000000022,-0.21839999999999904,0,,,false,0.0,0.0,0.0,0.0,0.0,0.0,0.0
441db01d-75c3-4be5-be0c-01fad63ffac7,test_02,test_02_r5,32501004,dynamic_blockage,medium,R0,true,false,false,false,0.0,0.0,0,none,0.0,none,test_02-test_02_r5-blockage-r10-R0,test_02-test_02_r5-32501004-dynamic_blockage-medium,held_out_map_test,true,success,false,false,false,204.969,19.963,0.0,0.0,0,,,false,0.0,0.0,0.0,0.0,0.0,0.0,0.0
321bc10f-1470-4eaf-9c50-a80e6e618ad8,test_02,test_02_r5,32501004,dynamic_blockage,medium,R2,false,false,false,false,35.76600000000002,0.0,0,none,55.0,none,test_02-test_02_r5-blockage-r10-R2,test_02-test_02_r5-32501004-dynamic_blockage-medium,held_out_map_test,true,timeout,true,false,false,240.735,13.452,35.76600000000002,-6.511000000000001,0,,,false,55.0,0.0,40.0,0.0,15.0,0.0,0.0
e6469304-70fc-402f-a93e-6e63d57c12c9,test_02,test_02_r5,32501004,dynamic_blockage,medium,R3,true,false,false,false,0.8930000000000007,0.0,0,none,0.44650000000000034,none,test_02-test_02_r5-blockage-r10-R3,test_02-test_02_r5-32501004-dynamic_blockage-medium,held_out_map_test,true,success,false,false,false,205.862,19.7973,0.8930000000000007,-0.16570000000000107,0,,,false,0.44650000000000034,0.0,0.0,0.0,0.44650000000000034,0.0,0.0
d6dec238-ef8c-4775-bb72-d85c21781eb9,test_02,test_02_r5,32501005,planner_oscillation,medium,R0,false,false,false,false,0.0,0.0,0,none,34.4388,none,test_02-test_02_r5-oscillation-r10-R0,test_02-test_02_r5-32501005-planner_oscillation-medium,held_out_map_test,true,timeout,true,false,false,240.748,14.9152,0.0,0.0,0,,,false,40.0,0.0,40.0,0.0,0.0,0.0,0.0
ea5d2a7c-b382-42b1-ae50-e5951d50b621,test_02,test_02_r5,32501005,planner_oscillation,medium,R2,true,false,false,false,0.0,5.804599999999999,0,none,0.24339999999999762,none,test_02-test_02_r5-oscillation-r10-R2,test_02-test_02_r5-32501005-planner_oscillation-medium,held_out_map_test,true,success,false,false,false,239.841,20.7198,-0.9069999999999823,5.804599999999999,0,,,false,5.804599999999999,0.0,0.0,0.0,0.0,5.804599999999999,0.0
ef19463c-e20b-4626-826a-7787af8e04bc,test_02,test_02_r5,32501005,planner_oscillation,medium,R3,true,false,false,false,0.0,5.561200000000001,0,none,0.0,none,test_02-test_02_r5-oscillation-r10-R3,test_02-test_02_r5-32501005-planner_oscillation-medium,held_out_map_test,true,success,false,false,false,233.111,20.4764,-7.6370000000000005,5.561200000000001,0,,,false,5.561200000000001,0.0,0.0,0.0,0.0,5.561200000000001,0.0
463c3917-369c-4793-8f0b-ed2d26725174,test_02,test_02_r5,32501006,semantic_corruption,medium,R0,true,false,false,false,0.0,0.0,0,none,0.0,none,test_02-test_02_r5-semantic-r10-R0,test_02-test_02_r5-32501006-semantic_corruption-medium,held_out_map_test,true,success,false,false,false,146.738,19.2167,0.0,0.0,0,,,false,0.0,0.0,0.0,0.0,0.0,0.0,0.0
900f07f6-d213-4f39-b33a-ab9b102f3ad2,test_02,test_02_r5,32501006,semantic_corruption,medium,R2,true,false,false,false,0.0,0.05969999999999942,0,none,0.05969999999999942,none,test_02-test_02_r5-semantic-r10-R2,test_02-test_02_r5-32501006-semantic_corruption-medium,held_out_map_test,true,success,false,false,false,145.132,19.2764,-1.6059999999999945,0.05969999999999942,0,,,false,0.05969999999999942,0.0,0.0,0.0,0.0,0.05969999999999942,0.0
1e7f956d-5e31-421e-8a72-59762fa391c9,test_02,test_02_r5,32501006,semantic_corruption,medium,R3,true,false,false,false,9.37100000000001,0.46110000000000184,0,none,5.1466000000000065,none,test_02-test_02_r5-semantic-r10-R3,test_02-test_02_r5-32501006-semantic_corruption-medium,held_out_map_test,true,success,false,false,false,156.109,19.6778,9.37100000000001,0.46110000000000184,0,,,false,5.1466000000000065,0.0,0.0,0.0,4.685500000000005,0.46110000000000184,0.0
51984fb2-2cf9-4f89-8312-b54c5e55a518,test_02,test_02_r5,32501100,camera_occlusion,medium,R0,true,false,false,false,0.0,0.0,0,none,0.0,none,test_02-test_02_r5-camera-r11-R0,test_02-test_02_r5-32501100-camera_occlusion-medium,held_out_map_test,true,success,false,false,false,158.07,19.4899,0.0,0.0,0,,,false,0.0,0.0,0.0,0.0,0.0,0.0,0.0
3cb71b8e-cf2f-450e-8359-bb69b3881c82,test_02,test_02_r5,32501100,camera_occlusion,medium,R2,true,false,false,false,0.0,0.0,0,none,0.0,none,test_02-test_02_r5-camera-r11-R2,test_02-test_02_r5-32501100-camera_occlusion-medium,held_out_map_test,true,success,false,false,false,150.28,18.7756,-7.789999999999992,-0.7142999999999979,0,,,false,0.0,0.0,0.0,0.0,0.0,0.0,0.0
71505133-c9d2-4089-964e-b88e2ea6b68a,test_02,test_02_r5,32501100,camera_occlusion,medium,R3,true,false,false,false,3.2280000000000086,0.0,0,none,1.6140000000000043,none,test_02-test_02_r5-camera-r11-R3,test_02-test_02_r5-32501100-camera_occlusion-medium,held_out_map_test,true,success,false,false,false,161.298,19.0456,3.2280000000000086,-0.44429999999999836,0,,,false,1.6140000000000043,0.0,0.0,0.0,1.6140000000000043,0.0,0.0
5c32578d-15ed-4b05-878c-0a2796ae456b,test_02,test_02_r5,32501101,lidar_dropout,medium,R0,true,false,false,false,0.0,0.0,0,none,0.0,none,test_02-test_02_r5-lidar-r11-R0,test_02-test_02_r5-32501101-lidar_dropout-medium,held_out_map_test,true,success,false,false,false,148.803,19.2996,0.0,0.0,0,,,false,0.0,0.0,0.0,0.0,0.0,0.0,0.0
94682586-b24e-46be-8da2-81834700cf7c,test_02,test_02_r5,32501101,lidar_dropout,medium,R2,true,false,false,false,1.76400000000001,0.0,0,none,0.882000000000005,none,test_02-test_02_r5-lidar-r11-R2,test_02-test_02_r5-32501101-lidar_dropout-medium,held_out_map_test,true,success,false,false,false,150.567,19.2155,1.76400000000001,-0.08410000000000295,0,,,false,0.882000000000005,0.0,0.0,0.0,0.882000000000005,0.0,0.0
113d2d15-b61b-4cfa-8963-03a74ae74198,test_02,test_02_r5,32501101,lidar_dropout,medium,R3,true,false,false,false,0.0,0.0,0,none,0.0,none,test_02-test_02_r5-lidar-r11-R3,test_02-test_02_r5-32501101-lidar_dropout-medium,held_out_map_test,true,success,false,false,false,148.753,19.2485,-0.05000000000001137,-0.0511000000000017,0,,,false,0.0,0.0,0.0,0.0,0.0,0.0,0.0
fcce3597-23a7-4fc1-9813-1c85df5382c2,test_02,test_02_r5,32501102,wheel_slip,medium,R0,true,false,false,false,0.0,0.0,0,none,0.0,none,test_02-test_02_r5-wheel-r11-R0,test_02-test_02_r5-32501102-wheel_slip-medium,held_out_map_test,true,success,false,false,false,147.339,19.1658,0.0,0.0,0,,,false,0.0,0.0,0.0,0.0,0.0,0.0,0.0
cdc46f01-1c3f-45ff-806e-c7a61a5a707e,test_02,test_02_r5,32501102,wheel_slip,medium,R2,true,false,false,false,0.39500000000001023,0.026499999999998636,0,none,0.22400000000000375,none,test_02-test_02_r5-wheel-r11-R2,test_02-test_02_r5-32501102-wheel_slip-medium,held_out_map_test,true,success,false,false,false,147.734,19.1923,0.39500000000001023,0.026499999999998636,0,,,false,0.22400000000000375,0.0,0.0,0.0,0.19750000000000512,0.026499999999998636,0.0
ee660a84-24bf-4530-ab4f-7fb250161415,test_02,test_02_r5,32501102,wheel_slip,medium,R3,true,false,false,false,0.0,0.0,0,none,0.0,none,test_02-test_02_r5-wheel-r11-R3,test_02-test_02_r5-32501102-wheel_slip-medium,held_out_map_test,true,success,false,false,false,143.333,19.0813,-4.006,-0.08450000000000202,0,,,false,0.0,0.0,0.0,0.0,0.0,0.0,0.0
f62084c4-158b-4071-a77f-107194bf5e71,test_02,test_02_r5,32501103,localisation_perturbation,medium,R0,true,false,false,false,0.0,0.0,0,none,0.0,none,test_02-test_02_r5-localisation-r11-R0,test_02-test_02_r5-32501103-localisation_perturbation-medium,held_out_map_test,true,success,false,false,false,149.09,19.1363,0.0,0.0,0,,,false,0.0,0.0,0.0,0.0,0.0,0.0,0.0
e140a0a3-295e-4e20-849e-cbef9d948bb4,test_02,test_02_r5,32501103,localisation_perturbation,medium,R2,true,false,false,false,3.5589999999999975,0.26890000000000214,0,none,2.048400000000001,none,test_02-test_02_r5-localisation-r11-R2,test_02-test_02_r5-32501103-localisation_perturbation-medium,held_out_map_test,true,success,false,false,false,152.649,19.4052,3.5589999999999975,0.26890000000000214,1,150.73,,false,2.048400000000001,0.0,0.0,0.0,1.7794999999999987,0.26890000000000214,0.0
3aa522c1-28f7-4d88-bdc1-b4952dbc7880,test_02,test_02_r5,32501103,localisation_perturbation,medium,R3,true,false,false,false,41.554,0.4963000000000015,0,none,15.496300000000002,none,test_02-test_02_r5-localisation-r11-R3,test_02-test_02_r5-32501103-localisation_perturbation-medium,held_out_map_test,true,success,false,false,false,190.644,19.6326,41.554,0.4963000000000015,0,,,false,15.496300000000002,0.0,0.0,0.0,15.0,0.4963000000000015,0.0
da42cc95-b784-4265-a6e8-e0da7e28666d,test_02,test_02_r5,32501104,dynamic_blockage,medium,R0,true,false,false,false,0.0,0.0,0,none,0.0,none,test_02-test_02_r5-blockage-r11-R0,test_02-test_02_r5-32501104-dynamic_blockage-medium,held_out_map_test,true,success,false,false,false,189.28,20.0727,0.0,0.0,0,,,false,0.0,0.0,0.0,0.0,0.0,0.0,0.0
cc74dd24-091c-434b-b3c4-8e2e60e858f9,test_02,test_02_r5,32501104,dynamic_blockage,medium,R2,true,false,false,false,0.0,0.0,0,none,0.0,none,test_02-test_02_r5-blockage-r11-R2,test_02-test_02_r5-32501104-dynamic_blockage-medium,held_out_map_test,true,success,false,false,false,170.301,19.6296,-18.979000000000013,-0.44310000000000116,0,,,false,0.0,0.0,0.0,0.0,0.0,0.0,0.0
5c80813a-ddda-4745-81d2-343b5da820ca,test_02,test_02_r5,32501104,dynamic_blockage,medium,R3,true,false,false,false,0.0,0.0,0,none,0.0,none,test_02-test_02_r5-blockage-r11-R3,test_02-test_02_r5-32501104-dynamic_blockage-medium,held_out_map_test,true,success,false,false,false,166.638,19.6752,-22.641999999999996,-0.39750000000000085,0,,,false,0.0,0.0,0.0,0.0,0.0,0.0,0.0
c953f251-484c-4ff3-94d2-9ea4253f1f03,test_02,test_02_r5,32501105,planner_oscillation,medium,R0,true,false,false,false,0.0,0.0,0,none,0.0,none,test_02-test_02_r5-oscillation-r11-R0,test_02-test_02_r5-32501105-planner_oscillation-medium,held_out_map_test,true,success,false,false,false,188.791,20.239,0.0,0.0,0,,,false,0.0,0.0,0.0,0.0,0.0,0.0,0.0
b1e38865-f16c-4062-af2b-89a6bfb5ee4f,test_02,test_02_r5,32501105,planner_oscillation,medium,R2,true,false,false,false,48.947,0.5068999999999981,0,none,15.506899999999998,none,test_02-test_02_r5-oscillation-r11-R2,test_02-test_02_r5-32501105-planner_oscillation-medium,held_out_map_test,true,success,false,false,false,237.738,20.7459,48.947,0.5068999999999981,0,,,false,15.506899999999998,0.0,0.0,0.0,15.0,0.5068999999999981,0.0
43118aa5-1755-4fd6-aadf-726b4eddabee,test_02,test_02_r5,32501105,planner_oscillation,medium,R3,false,false,false,false,51.97800000000001,0.0,0,none,55.0,none,test_02-test_02_r5-oscillation-r11-R3,test_02-test_02_r5-32501105-planner_oscillation-medium,held_out_map_test,true,timeout,true,false,false,240.769,19.2149,51.97800000000001,-1.0241000000000007,0,,,false,55.0,0.0,40.0,0.0,15.0,0.0,0.0
b987378e-d337-45e0-8c4b-d8896c40f242,test_02,test_02_r5,32501106,semantic_corruption,medium,R0,true,false,false,false,0.0,0.0,0,none,0.0,none,test_02-test_02_r5-semantic-r11-R0,test_02-test_02_r5-32501106-semantic_corruption-medium,held_out_map_test,true,success,false,false,false,145.908,19.2353,0.0,0.0,0,,,false,0.0,0.0,0.0,0.0,0.0,0.0,0.0
eba4d94b-b55d-490d-b162-59f01b245f87,test_02,test_02_r5,32501106,semantic_corruption,medium,R2,true,false,false,false,0.0,0.0,0,none,0.0,none,test_02-test_02_r5-semantic-r11-R2,test_02-test_02_r5-32501106-semantic_corruption-medium,held_out_map_test,true,success,false,false,false,142.879,19.155,-3.0289999999999964,-0.0802999999999976,0,,,false,0.0,0.0,0.0,0.0,0.0,0.0,0.0
c8c59b18-26f5-487f-9126-5196ffcc9f36,test_02,test_02_r5,32501106,semantic_corruption,medium,R3,true,false,false,false,0.0,0.0,0,none,0.0,none,test_02-test_02_r5-semantic-r11-R3,test_02-test_02_r5-32501106-semantic_corruption-medium,held_out_map_test,true,success,false,false,false,141.731,19.2261,-4.1769999999999925,-0.009199999999999875,0,,,false,0.0,0.0,0.0,0.0,0.0,0.0,0.0
971a024f-0332-4bae-862b-34367cbfcaa2,test_02,test_02_r5,32501200,camera_occlusion,medium,R0,true,false,false,false,0.0,0.0,0,none,0.0,none,test_02-test_02_r5-camera-r12-R0,test_02-test_02_r5-32501200-camera_occlusion-medium,held_out_map_test,true,success,false,false,false,160.372,18.9927,0.0,0.0,0,,,false,0.0,0.0,0.0,0.0,0.0,0.0,0.0
6db21756-3a4b-496e-94c4-6f8265a2daeb,test_02,test_02_r5,32501200,camera_occlusion,medium,R2,true,false,false,false,0.0,0.0,0,none,0.0,none,test_02-test_02_r5-camera-r12-R2,test_02-test_02_r5-32501200-camera_occlusion-medium,held_out_map_test,true,success,false,false,false,143.927,18.6676,-16.44500000000002,-0.32509999999999906,0,,,false,0.0,0.0,0.0,0.0,0.0,0.0,0.0
b320dc90-8f0e-45db-8425-3a9b64379771,test_02,test_02_r5,32501200,camera_occlusion,medium,R3,true,false,false,false,0.0,0.0,0,none,0.0,none,test_02-test_02_r5-camera-r12-R3,test_02-test_02_r5-32501200-camera_occlusion-medium,held_out_map_test,true,success,false,false,false,151.562,18.8657,-8.810000000000002,-0.1269999999999989,0,,,false,0.0,0.0,0.0,0.0,0.0,0.0,0.0
78a14b28-3dfd-412e-9813-15e5e80efbd0,test_02,test_02_r5,32501201,lidar_dropout,medium,R0,true,false,false,false,0.0,0.0,0,none,0.0,none,test_02-test_02_r5-lidar-r12-R0,test_02-test_02_r5-32501201-lidar_dropout-medium,held_out_map_test,true,success,false,false,false,148.71,19.1501,0.0,0.0,0,,,false,0.0,0.0,0.0,0.0,0.0,0.0,0.0
e579ffe9-8f01-401c-8fa0-02f5adc61d91,test_02,test_02_r5,32501201,lidar_dropout,medium,R2,true,false,false,false,0.2680000000000007,0.05290000000000106,0,none,0.1869000000000014,none,test_02-test_02_r5-lidar-r12-R2,test_02-test_02_r5-32501201-lidar_dropout-medium,held_out_map_test,true,success,false,false,false,148.978,19.203,0.2680000000000007,0.05290000000000106,0,,,false,0.1869000000000014,0.0,0.0,0.0,0.13400000000000034,0.05290000000000106,0.0
3d67eac8-b172-4961-8a02-ce89b97aeaa9,test_02,test_02_r5,32501201,lidar_dropout,medium,R3,true,false,false,false,0.0,0.0,0,none,0.0,none,test_02-test_02_r5-lidar-r12-R3,test_02-test_02_r5-32501201-lidar_dropout-medium,held_out_map_test,true,success,false,false,false,142.876,19.1314,-5.834000000000003,-0.01869999999999905,0,,,false,0.0,0.0,0.0,0.0,0.0,0.0,0.0
7d0856bc-0053-4908-b312-b28edda5b711,test_02,test_02_r5,32501202,wheel_slip,medium,R0,true,false,false,false,0.0,0.0,0,none,0.0,none,test_02-test_02_r5-wheel-r12-R0,test_02-test_02_r5-32501202-wheel_slip-medium,held_out_map_test,true,success,false,false,false,149.802,19.2147,0.0,0.0,0,,,false,0.0,0.0,0.0,0.0,0.0,0.0,0.0
e4f621a7-cc66-44c6-ac55-787c6e963338,test_02,test_02_r5,32501202,wheel_slip,medium,R2,true,false,false,false,0.0,0.0,0,none,0.0,none,test_02-test_02_r5-wheel-r12-R2,test_02-test_02_r5-32501202-wheel_slip-medium,held_out_map_test,true,success,false,false,false,145.958,19.084,-3.843999999999994,-0.13070000000000093,0,,,false,0.0,0.0,0.0,0.0,0.0,0.0,0.0
478a13e7-f432-48e8-916c-e1481a6bdbb1,test_02,test_02_r5,32501202,wheel_slip,medium,R3,true,false,false,false,0.0,0.0,0,none,0.0,none,test_02-test_02_r5-wheel-r12-R3,test_02-test_02_r5-32501202-wheel_slip-medium,held_out_map_test,true,success,false,false,false,148.08,19.1512,-1.72199999999998,-0.06350000000000122,0,,,false,0.0,0.0,0.0,0.0,0.0,0.0,0.0
966f83fb-9bfe-46e7-a148-9fcce9eddda2,test_02,test_02_r5,32501203,localisation_perturbation,medium,R0,true,false,false,false,0.0,0.0,0,none,0.0,none,test_02-test_02_r5-localisation-r12-R0,test_02-test_02_r5-32501203-localisation_perturbation-medium,held_out_map_test,true,success,false,false,false,155.281,19.3071,0.0,0.0,0,,,false,0.0,0.0,0.0,0.0,0.0,0.0,0.0
7bab418c-aa63-4b85-b023-a91e2edfd2dd,test_02,test_02_r5,32501203,localisation_perturbation,medium,R2,true,false,false,false,0.0,0.0,0,none,0.0,none,test_02-test_02_r5-localisation-r12-R2,test_02-test_02_r5-32501203-localisation_perturbation-medium,held_out_map_test,true,success,false,false,false,148.222,19.1676,-7.0589999999999975,-0.13949999999999818,0,,,false,0.0,0.0,0.0,0.0,0.0,0.0,0.0
d0c181ba-7c45-4055-bc6f-1fb361efdaea,test_02,test_02_r5,32501203,localisation_perturbation,medium,R3,true,false,false,false,0.0,0.0,0,none,0.0,none,test_02-test_02_r5-localisation-r12-R3,test_02-test_02_r5-32501203-localisation_perturbation-medium,held_out_map_test,true,success,false,false,false,150.748,19.1064,-4.5330000000000155,-0.20069999999999766,0,,,false,0.0,0.0,0.0,0.0,0.0,0.0,0.0
7132b17d-17b6-4035-8075-7b0dadda0e6b,test_02,test_02_r5,32501204,dynamic_blockage,medium,R0,true,false,false,false,0.0,0.0,0,none,0.0,none,test_02-test_02_r5-blockage-r12-R0,test_02-test_02_r5-32501204-dynamic_blockage-medium,held_out_map_test,true,success,false,false,false,174.964,19.8174,0.0,0.0,0,,,false,0.0,0.0,0.0,0.0,0.0,0.0,0.0
e9e5623b-d63a-4c72-b525-031be48fd124,test_02,test_02_r5,32501204,dynamic_blockage,medium,R2,true,false,false,false,0.3480000000000132,0.0,0,none,0.1740000000000066,none,test_02-test_02_r5-blockage-r12-R2,test_02-test_02_r5-32501204-dynamic_blockage-medium,held_out_map_test,true,success,false,false,false,175.312,19.7731,0.3480000000000132,-0.044299999999999784,0,,,false,0.1740000000000066,0.0,0.0,0.0,0.1740000000000066,0.0,0.0
b31a5c81-2332-4f8e-ae1e-593f71e857aa,test_02,test_02_r5,32501204,dynamic_blockage,medium,R3,true,false,false,false,57.97300000000001,0.9210999999999991,0,none,15.9211,none,test_02-test_02_r5-blockage-r12-R3,test_02-test_02_r5-32501204-dynamic_blockage-medium,held_out_map_test,true,success,false,false,false,232.937,20.7385,57.97300000000001,0.9210999999999991,0,,,false,15.9211,0.0,0.0,0.0,15.0,0.9210999999999991,0.0
0f070565-1a4c-4be3-888f-43a616823d55,test_02,test_02_r5,32501205,planner_oscillation,medium,R0,false,false,false,false,0.0,0.0,0,none,36.0731,none,test_02-test_02_r5-oscillation-r12-R0,test_02-test_02_r5-32501205-planner_oscillation-medium,held_out_map_test,true,planner_failure,true,false,false,236.363,16.8806,0.0,0.0,0,,,false,40.0,0.0,40.0,0.0,0.0,0.0,0.0
8ed5eb04-69c7-4973-8a4e-ed27acd539a6,test_02,test_02_r5,32501205,planner_oscillation,medium,R2,false,false,false,false,4.343999999999994,4.4908,0,none,42.7359,none,test_02-test_02_r5-oscillation-r12-R2,test_02-test_02_r5-32501205-planner_oscillation-medium,held_out_map_test,true,timeout,true,false,false,240.707,21.3714,4.343999999999994,4.4908,0,,,false,46.6628,0.0,40.0,0.0,2.171999999999997,4.4908,0.0
18facada-c4f8-4060-997a-6a3aab028151,test_02,test_02_r5,32501205,planner_oscillation,medium,R3,true,false,false,false,0.0,3.9269,0,none,0.0,none,test_02-test_02_r5-oscillation-r12-R3,test_02-test_02_r5-32501205-planner_oscillation-medium,held_out_map_test,true,success,false,false,false,225.494,20.8075,-10.869,3.9269,0,,,false,3.9269,0.0,0.0,0.0,0.0,3.9269,0.0
7d7b2b57-8332-4c48-8b9f-126ba645d897,test_02,test_02_r5,32501206,semantic_corruption,medium,R0,true,false,false,false,0.0,0.0,0,none,0.0,none,test_02-test_02_r5-semantic-r12-R0,test_02-test_02_r5-32501206-semantic_corruption-medium,held_out_map_test,true,success,false,false,false,144.469,19.1687,0.0,0.0,0,,,false,0.0,0.0,0.0,0.0,0.0,0.0,0.0
9c20e2a4-0380-46f8-93ab-7f01796cc959,test_02,test_02_r5,32501206,semantic_corruption,medium,R2,true,false,false,false,0.0,0.07989999999999853,0,none,0.07989999999999853,none,test_02-test_02_r5-semantic-r12-R2,test_02-test_02_r5-32501206-semantic_corruption-medium,held_out_map_test,true,success,false,false,false,142.771,19.2486,-1.6980000000000075,0.07989999999999853,1,158.109,,false,0.07989999999999853,0.0,0.0,0.0,0.0,0.07989999999999853,0.0
0faea44b-1ce1-41b1-a378-3b1aab4a980c,test_02,test_02_r5,32501206,semantic_corruption,medium,R3,true,false,false,false,0.0,0.033500000000000085,0,none,0.033500000000000085,none,test_02-test_02_r5-semantic-r12-R3,test_02-test_02_r5-32501206-semantic_corruption-medium,held_out_map_test,true,success,false,false,false,143.83,19.2022,-0.6389999999999816,0.033500000000000085,0,,,false,0.033500000000000085,0.0,0.0,0.0,0.0,0.033500000000000085,0.0
468271c0-8f2b-4df3-aa0e-f6ab903d10bd,test_02,test_02_r5,32501300,camera_occlusion,medium,R0,true,false,false,false,0.0,0.0,0,none,0.0,none,test_02-test_02_r5-camera-r13-R0,test_02-test_02_r5-32501300-camera_occlusion-medium,held_out_map_test,true,success,false,false,false,198.708,19.6531,0.0,0.0,0,,,false,0.0,0.0,0.0,0.0,0.0,0.0,0.0
151e7fdd-9d05-40e2-9fd6-54c1439436d7,test_02,test_02_r5,32501300,camera_occlusion,medium,R3,true,false,false,false,0.0,0.0,0,none,0.0,none,test_02-test_02_r5-camera-r13-R3,test_02-test_02_r5-32501300-camera_occlusion-medium,held_out_map_test,true,success,false,false,false,152.643,18.7906,-46.065,-0.8624999999999972,0,,,false,0.0,0.0,0.0,0.0,0.0,0.0,0.0
86146ad2-b2d9-4ca3-a477-398fb788a694,test_02,test_02_r5,32501301,lidar_dropout,medium,R0,true,false,false,false,0.0,0.0,0,none,0.0,none,test_02-test_02_r5-lidar-r13-R0,test_02-test_02_r5-32501301-lidar_dropout-medium,held_out_map_test,true,success,false,false,false,143.889,19.2108,0.0,0.0,0,,,false,0.0,0.0,0.0,0.0,0.0,0.0,0.0
7b36f2b9-94e5-46e6-87b2-e99c3324410e,test_02,test_02_r5,32501301,lidar_dropout,medium,R2,true,false,false,false,0.9710000000000036,0.025200000000001666,0,none,0.5107000000000035,none,test_02-test_02_r5-lidar-r13-R2,test_02-test_02_r5-32501301-lidar_dropout-medium,held_out_map_test,true,success,false,false,false,144.86,19.236,0.9710000000000036,0.025200000000001666,0,,,false,0.5107000000000035,0.0,0.0,0.0,0.4855000000000018,0.025200000000001666,0.0
55a3d281-daa9-4a33-9152-b451e55fd456,test_02,test_02_r5,32501301,lidar_dropout,medium,R3,true,false,false,false,1.5849999999999795,0.0,0,none,0.7924999999999898,none,test_02-test_02_r5-lidar-r13-R3,test_02-test_02_r5-32501301-lidar_dropout-medium,held_out_map_test,true,success,false,false,false,145.474,19.166,1.5849999999999795,-0.04479999999999862,0,,,false,0.7924999999999898,0.0,0.0,0.0,0.7924999999999898,0.0,0.0
83f2e204-5116-4f0e-9e0b-dfba1d7bf011,test_02,test_02_r5,32501302,wheel_slip,medium,R0,true,false,false,false,0.0,0.0,0,none,0.0,none,test_02-test_02_r5-wheel-r13-R0,test_02-test_02_r5-32501302-wheel_slip-medium,held_out_map_test,true,success,false,false,false,149.556,19.1737,0.0,0.0,0,,,false,0.0,0.0,0.0,0.0,0.0,0.0,0.0
5285b806-f57e-43cc-a613-1db64a8a2339,test_02,test_02_r5,32501302,wheel_slip,medium,R2,true,false,false,false,0.0,0.0,0,none,0.0,none,test_02-test_02_r5-wheel-r13-R2,test_02-test_02_r5-32501302-wheel_slip-medium,held_out_map_test,true,success,false,false,false,147.671,19.1279,-1.8850000000000193,-0.04579999999999984,0,,,false,0.0,0.0,0.0,0.0,0.0,0.0,0.0
33285ac8-f7c7-441a-a6f0-6bb502826cb0,test_02,test_02_r5,32501302,wheel_slip,medium,R3,true,false,false,false,0.0,0.0,0,none,0.0,none,test_02-test_02_r5-wheel-r13-R3,test_02-test_02_r5-32501302-wheel_slip-medium,held_out_map_test,true,success,false,false,false,144.843,19.1309,-4.713000000000022,-0.04279999999999973,0,,,false,0.0,0.0,0.0,0.0,0.0,0.0,0.0
2acf899e-35a3-4edb-a48a-b140eeef5ab6,test_02,test_02_r5,32501303,localisation_perturbation,medium,R0,true,false,false,false,0.0,0.0,0,none,0.0,none,test_02-test_02_r5-localisation-r13-R0,test_02-test_02_r5-32501303-localisation_perturbation-medium,held_out_map_test,true,success,false,false,false,151.32,19.1222,0.0,0.0,0,,,false,0.0,0.0,0.0,0.0,0.0,0.0,0.0
3a41c2bc-9562-440e-890a-a52842f6b79a,test_02,test_02_r5,32501303,localisation_perturbation,medium,R2,true,false,false,false,0.0,0.13240000000000052,0,none,0.13240000000000052,none,test_02-test_02_r5-localisation-r13-R2,test_02-test_02_r5-32501303-localisation_perturbation-medium,held_out_map_test,true,success,false,false,false,151.3,19.2546,-0.01999999999998181,0.13240000000000052,0,,,false,0.13240000000000052,0.0,0.0,0.0,0.0,0.13240000000000052,0.0
18919441-05ff-472a-b104-46ceeeea93e5,test_02,test_02_r5,32501303,localisation_perturbation,medium,R3,true,false,false,false,0.0,0.051400000000001,0,none,0.051400000000001,none,test_02-test_02_r5-localisation-r13-R3,test_02-test_02_r5-32501303-localisation_perturbation-medium,held_out_map_test,true,success,false,false,false,150.689,19.1736,-0.6310000000000002,0.051400000000001,0,,,false,0.051400000000001,0.0,0.0,0.0,0.0,0.051400000000001,0.0
bd872724-4ac9-4493-bd66-686f5940c6e4,test_02,test_02_r5,32501304,dynamic_blockage,medium,R0,true,false,false,false,0.0,0.0,0,none,0.0,none,test_02-test_02_r5-blockage-r13-R0,test_02-test_02_r5-32501304-dynamic_blockage-medium,held_out_map_test,true,success,false,false,false,176.416,19.9744,0.0,0.0,0,,,false,0.0,0.0,0.0,0.0,0.0,0.0,0.0
87462ed8-ff73-4456-b455-22592112635b,test_02,test_02_r5,32501304,dynamic_blockage,medium,R2,true,false,false,false,0.0,0.0,0,none,0.0,none,test_02-test_02_r5-blockage-r13-R2,test_02-test_02_r5-32501304-dynamic_blockage-medium,held_out_map_test,true,success,false,false,false,172.346,19.6603,-4.069999999999993,-0.3140999999999998,0,,,false,0.0,0.0,0.0,0.0,0.0,0.0,0.0
a3d89a37-95bd-4116-b388-5f3f5d329b33,test_02,test_02_r5,32501304,dynamic_blockage,medium,R3,true,false,false,false,0.0,0.0,0,none,0.0,none,test_02-test_02_r5-blockage-r13-R3,test_02-test_02_r5-32501304-dynamic_blockage-medium,held_out_map_test,true,success,false,false,false,172.951,19.8578,-3.4650000000000034,-0.11659999999999826,1,167.468,,false,0.0,0.0,0.0,0.0,0.0,0.0,0.0
334a30f1-e610-4714-b706-4bcb8e68c29e,test_02,test_02_r5,32501305,planner_oscillation,medium,R0,true,false,false,false,0.0,0.0,0,none,0.0,none,test_02-test_02_r5-oscillation-r13-R0,test_02-test_02_r5-32501305-planner_oscillation-medium,held_out_map_test,true,success,false,false,false,211.296,20.8856,0.0,0.0,0,,,false,0.0,0.0,0.0,0.0,0.0,0.0,0.0
2dd7f012-9238-4397-b660-2c410321f289,test_02,test_02_r5,32501305,planner_oscillation,medium,R2,true,false,false,false,19.534999999999997,0.0,0,none,9.767499999999998,none,test_02-test_02_r5-oscillation-r13-R2,test_02-test_02_r5-32501305-planner_oscillation-medium,held_out_map_test,true,success,false,false,false,230.831,20.8218,19.534999999999997,-0.06380000000000052,0,,,false,9.767499999999998,0.0,0.0,0.0,9.767499999999998,0.0,0.0
1767c656-a012-4ce6-ac00-a911aa1a1764,test_02,test_02_r5,32501305,planner_oscillation,medium,R3,false,false,false,false,29.489000000000004,0.0,0,none,54.7445,none,test_02-test_02_r5-oscillation-r13-R3,test_02-test_02_r5-32501305-planner_oscillation-medium,held_out_map_test,true,timeout,true,false,false,240.785,20.556,29.489000000000004,-0.3295999999999992,0,,,false,54.7445,0.0,40.0,0.0,14.744500000000002,0.0,0.0
5a04e85f-cdaf-4a5a-96ed-64893cf53f01,test_02,test_02_r5,32501306,semantic_corruption,medium,R0,true,false,false,false,0.0,0.0,0,none,0.0,none,test_02-test_02_r5-semantic-r13-R0,test_02-test_02_r5-32501306-semantic_corruption-medium,held_out_map_test,true,success,false,false,false,145.87,19.2353,0.0,0.0,0,,,false,0.0,0.0,0.0,0.0,0.0,0.0,0.0
4b98669a-0550-4ecd-bfca-2f2df8b62817,test_02,test_02_r5,32501306,semantic_corruption,medium,R2,true,false,false,false,0.0,0.0,0,none,0.0,none,test_02-test_02_r5-semantic-r13-R2,test_02-test_02_r5-32501306-semantic_corruption-medium,held_out_map_test,true,success,false,false,false,143.421,19.2107,-2.4490000000000123,-0.02459999999999951,0,,,false,0.0,0.0,0.0,0.0,0.0,0.0,0.0
a19aa5ea-cc3c-4bcf-a70d-0053e040df12,test_02,test_02_r5,32501306,semantic_corruption,medium,R3,true,false,false,false,0.0,0.0,0,none,0.0,none,test_02-test_02_r5-semantic-r13-R3,test_02-test_02_r5-32501306-semantic_corruption-medium,held_out_map_test,true,success,false,false,false,143.688,19.1777,-2.1820000000000164,-0.05759999999999721,0,,,false,0.0,0.0,0.0,0.0,0.0,0.0,0.0
