run_id,decision_index,decision_time,amcl_x,amcl_x__age_seconds,amcl_x__missing,amcl_y,amcl_y__age_seconds,amcl_y__missing,command_angular,command_angular__age_seconds,command_angular__missing,command_linear,command_linear__age_seconds,command_linear__missing,global_path_curvature,global_path_curvature__age_seconds,global_path_curvature__missing,global_path_length,global_path_length__age_seconds,global_path_length__missing,measured_angular,measured_angular__age_seconds,measured_angular__missing,measured_linear,measured_linear__age_seconds,measured_linear__missing,minimum_front_range,minimum_front_range__age_seconds,minimum_front_range__missing,minimum_left_range,minimum_left_range__age_seconds,minimum_left_range__missing,minimum_right_range,minimum_right_range__age_seconds,minimum_right_range__missing,odom_x,odom_x__age_seconds,odom_x__missing,odom_y,odom_y__age_seconds,odom_y__missing,pose_covariance_trace,pose_covariance_trace__age_seconds,pose_covariance_trace__missing,valid_return_fraction,valid_return_fraction__age_seconds,valid_return_fraction__missing
e3d7de09-b6f8-43bc-8931-8019fe4823e5,0,16.085,-1.2181554821187939,0.06500000000000128,0,-0.5558388508329841,0.06500000000000128,0,0.03977221995592117,0.05600000000000094,0,0.18041452765464783,0.05600000000000094,0,0.4586987861589146,0.8870000000000005,0,2.431637826681146,0.8870000000000005,0,0.03950282036897208,0.028999999999999915,0,0.18030248880371305,0.028999999999999915,0,1.2609710693359375,0.07400000000000162,0,0.4260001480579376,0.07400000000000162,0,0.0,0.07400000000000162,0,0.7703004207719695,0.028999999999999915,0,-0.05070796179976929,0.028999999999999915,0,0.06207676166975657,0.06500000000000128,0,1.0,0.07400000000000162,0
e3d7de09-b6f8-43bc-8931-8019fe4823e5,1,16.585,-1.2181554821187939,0.5650000000000013,0,-0.5558388508329841,0.5650000000000013,0,-0.0037248774897307158,0.01899999999999835,0,-0.01101626642048359,0.01899999999999835,0,0.5542541508752075,0.3670000000000009,0,2.231741794324889,0.3670000000000009,0,1.0393028546432941e-11,0.02499999999999858,0,0.09606020952087624,0.02499999999999858,0,0.36956605315208435,0.07600000000000051,0,0.40661269426345825,0.07600000000000051,0,0.0,0.07600000000000051,0,0.8545960970902268,0.02499999999999858,0,-0.054599873462305624,0.02499999999999858,0,0.06207676166975657,0.5650000000000013,0,1.0,0.07600000000000051,0
e3d7de09-b6f8-43bc-8931-8019fe4823e5,2,17.085,-1.2181554821187939,1.0650000000000013,0,-0.5558388508329841,1.0650000000000013,0,-0.003634245600551367,0.021000000000000796,0,-0.0360567644238472,0.021000000000000796,0,0.5542541508752075,0.8670000000000009,0,2.231741794324889,0.8670000000000009,0,-0.00536348889440251,0.021000000000000796,0,-0.040917004644926605,0.021000000000000796,0,0.3870236575603485,0.07499999999999929,0,0.3975123167037964,0.07499999999999929,0,0.0,0.07499999999999929,0,0.841331123968436,0.021000000000000796,0,-0.054047207132108054,0.021000000000000796,0,0.06207676166975657,1.0650000000000013,0,1.0,0.07499999999999929,0
e3d7de09-b6f8-43bc-8931-8019fe4823e5,3,17.585,-1.2181554821187939,1.5650000000000013,0,-0.5558388508329841,1.5650000000000013,0,-0.004573183134198189,0.010999999999999233,0,-0.016661209985613823,0.010999999999999233,0,0.6908582686631743,0.4609999999999985,0,2.1881842700493555,0.4609999999999985,0,-0.0013500533532892415,0.01699999999999946,0,-0.01907286420462969,0.01699999999999946,0,0.3973108232021332,0.07399999999999807,0,0.40425628423690796,0.07399999999999807,0,0.0,0.07399999999999807,0,0.826107763735177,0.01699999999999946,0,-0.05339933105225174,0.01699999999999946,0,0.06207676166975657,1.5650000000000013,0,1.0,0.07399999999999807,0
e3d7de09-b6f8-43bc-8931-8019fe4823e5,4,18.085,0.0,2.0,1,0.0,2.0,1,-0.006626398768275976,0.00999999999999801,0,-0.01712970621883869,0.00999999999999801,0,0.6908582686631743,0.9609999999999985,0,2.1881842700493555,0.9609999999999985,0,-0.0051181172019710425,0.012999999999998124,0,-0.015763124451038484,0.012999999999998124,0,0.4080183207988739,0.07600000000000051,0,0.405823290348053,0.07600000000000051,0,0.0,0.07600000000000051,0,0.8174428209710217,0.012999999999998124,0,-0.053019614049884776,0.012999999999998124,0,0.0,2.0,1,1.0,0.07600000000000051,0
e3d7de09-b6f8-43bc-8931-8019fe4823e5,5,18.585,0.0,2.0,1,0.0,2.0,1,0.06636600196361542,0.0,0,-0.12309049069881439,0.0,0,2.206199074760162,0.44099999999999895,0,4.957018031955661,0.44099999999999895,0,0.07443494349667018,0.009000000000000341,0,-0.1151423305273088,0.009000000000000341,0,0.43295958638191223,0.07499999999999929,0,0.41680142283439636,0.07499999999999929,0,0.0,0.07499999999999929,0,0.7802617987167643,0.009000000000000341,0,-0.051300285086052354,0.009000000000000341,0,0.0,2.0,1,1.0,0.07499999999999929,0
e3d7de09-b6f8-43bc-8931-8019fe4823e5,6,19.085,0.0,2.0,1,0.0,2.0,1,0.06360560655593872,0.04100000000000037,0,-0.08852881193161011,0.04100000000000037,0,2.206199074760162,0.940999999999999,0,4.957018031955661,0.940999999999999,0,0.06360560656735711,0.004999999999999005,0,-0.08852881193205744,0.004999999999999005,0,0.48079001903533936,0.07099999999999795,0,0.43640249967575073,0.07099999999999795,0,0.0,0.07099999999999795,0,0.7291046748810873,0.004999999999999005,0,-0.05021347129882303,0.004999999999999005,0,0.0,2.0,1,1.0,0.07099999999999795,0
e3d7de09-b6f8-43bc-8931-8019fe4823e5,7,19.585,0.0,2.0,1,0.0,2.0,1,0.03338766098022461,0.030999999999998806,0,-0.10303221642971039,0.030999999999998806,0,2.2363332005261105,0.41199999999999903,0,4.885786127600233,0.41199999999999903,0,0.034895240270689534,0.0010000000000012221,0,-0.10279107019241877,0.0010000000000012221,0,0.546975314617157,0.07600000000000051,0,0.4513666033744812,0.07600000000000051,0,0.0,0.07600000000000051,0,0.6799557536460128,0.0010000000000012221,0,-0.050898611976005585,0.0010000000000012221,0,0.0,2.0,1,1.0,0.07600000000000051,0
e3d7de09-b6f8-43bc-8931-8019fe4823e5,8,20.085,0.0,2.0,1,0.0,2.0,1,0.011071578599512577,0.030000000000001137,0,-0.1172078549861908,0.030000000000001137,0,2.2363332005261105,0.911999999999999,0,4.885786127600233,0.911999999999999,0,0.017303665733087642,0.03300000000000125,0,-0.11426610052544897,0.03300000000000125,0,0.5963618159294128,0.07499999999999929,0,0.4840436577796936,0.07499999999999929,0,0.0,0.07499999999999929,0,0.6320179598525542,0.03300000000000125,0,-0.05240476288219824,0.03300000000000125,0,0.0,2.0,1,1.0,0.07499999999999929,0
e3d7de09-b6f8-43bc-8931-8019fe4823e5,9,20.585,0.0,2.0,1,0.0,2.0,1,-0.007312817964702845,0.019999999999999574,0,-0.11448197066783905,0.019999999999999574,0,2.4075802906556434,0.39199999999999946,0,4.858840942760879,0.39199999999999946,0,-0.004290000947062245,0.028999999999999915,0,-0.11554999561429653,0.028999999999999915,0,0.6447277665138245,0.07399999999999807,0,0.5147596597671509,0.07399999999999807,0,0.0,0.07399999999999807,0,0.5724011478054817,0.028999999999999915,0,-0.05471697128177315,0.028999999999999915,0,0.0,2.0,1,1.0,0.07399999999999807,0
e3d7de09-b6f8-43bc-8931-8019fe4823e5,10,21.085,0.0,2.0,1,0.0,2.0,1,-0.021021855995059013,0.01899999999999835,0,-0.11490801721811295,0.01899999999999835,0,2.4075802906556434,0.8919999999999995,0,4.858840942760879,0.8919999999999995,0,-0.014904266223489244,0.02499999999999858,0,-0.11117364466113704,0.02499999999999858,0,0.7026844620704651,0.07600000000000051,0,0.5602779388427734,0.07600000000000051,0,0.0,0.07600000000000051,0,0.5149366566956618,0.02499999999999858,0,-0.056906044669291805,0.02499999999999858,0,0.0,2.0,1,1.0,0.07600000000000051,0
e3d7de09-b6f8-43bc-8931-8019fe4823e5,11,21.585,-1.4748092416008016,0.4529999999999994,0,-0.5553286312315272,0.4529999999999994,0,-0.04081587865948677,0.021000000000000796,0,-0.11045148968696594,0.021000000000000796,0,2.301357608039699,0.35999999999999943,0,4.73775480280722,0.35999999999999943,0,-0.03864369876929469,0.021000000000000796,0,-0.11092748133997761,0.021000000000000796,0,0.760150134563446,0.07499999999999929,0,0.59669429063797,0.07499999999999929,0,0.0,0.07499999999999929,0,0.45845725994651565,0.021000000000000796,0,-0.05848581043319993,0.021000000000000796,0,0.07890041646643844,0.4529999999999994,0,1.0,0.07499999999999929,0
e3d7de09-b6f8-43bc-8931-8019fe4823e5,12,22.085,-1.4748092416008016,0.9529999999999994,0,-0.5553286312315272,0.9529999999999994,0,-0.04117590934038162,0.010999999999999233,0,-0.0964144766330719,0.010999999999999233,0,2.301357608039699,0.8599999999999994,0,4.73775480280722,0.8599999999999994,0,-0.040148496627734044,0.01699999999999946,0,-0.10174458473920511,0.01699999999999946,0,0.8148418664932251,0.07399999999999807,0,0.623923659324646,0.07399999999999807,0,0.0,0.07399999999999807,0,0.4073568010263289,0.01699999999999946,0,-0.058977408106139426,0.01699999999999946,0,0.07890041646643844,0.9529999999999994,0,1.0,0.07399999999999807,0
e3d7de09-b6f8-43bc-8931-8019fe4823e5,13,22.585,-1.4748092416008016,1.4529999999999994,0,-0.5553286312315272,1.4529999999999994,0,-0.05785283073782921,0.00999999999999801,0,-0.08156649768352509,0.00999999999999801,0,1.9578719974103953,0.33999999999999986,0,4.599981166033706,0.33999999999999986,0,-0.05381432548154674,0.012999999999998124,0,-0.07951218634843307,0.012999999999998124,0,0.8601645231246948,0.07600000000000051,0,0.6509753465652466,0.07600000000000051,0,0.0,0.07600000000000051,0,0.36497957001585396,0.012999999999998124,0,-0.05845571072263458,0.012999999999998124,0,0.07890041646643844,1.4529999999999994,0,1.0,0.07600000000000051,0
e3d7de09-b6f8-43bc-8931-8019fe4823e5,14,23.085,-1.4748092416008016,1.9529999999999994,0,-0.5553286312315272,1.9529999999999994,0,-0.07647448778152466,0.0,0,-0.06482262164354324,0.0,0,1.9578719974103953,0.8399999999999999,0,4.599981166033706,0.8399999999999999,0,-0.07403598725785462,0.009000000000000341,0,-0.06570500880479871,0.009000000000000341,0,0.8960734605789185,0.0779999999999994,0,0.6764811873435974,0.0779999999999994,0,0.0,0.0779999999999994,0,0.3293023838388722,0.009000000000000341,0,-0.05698704746966011,0.009000000000000341,0,0.07890041646643844,1.9529999999999994,0,1.0,0.0779999999999994,0
e3d7de09-b6f8-43bc-8931-8019fe4823e5,15,23.585,0.0,2.0,1,0.0,2.0,1,-0.12009938806295395,0.04100000000000037,0,0.01821090839803219,0.04100000000000037,0,2.5684750171746833,0.31099999999999994,0,4.527834517154485,0.31099999999999994,0,-0.1200993880567742,0.004999999999999005,0,0.018210908397515525,0.004999999999999005,0,0.9147480726242065,0.07399999999999807,0,0.6957687139511108,0.07399999999999807,0,0.0,0.07399999999999807,0,0.30901744850846463,0.004999999999999005,0,-0.05555511097327448,0.004999999999999005,0,0.0,2.0,1,1.0,0.07399999999999807,0
e3d7de09-b6f8-43bc-8931-8019fe4823e5,16,24.085,0.0,2.0,1,0.0,2.0,1,-0.13008509576320648,0.030999999999998806,0,-0.05178413540124893,0.030999999999998806,0,2.5684750171746833,0.8109999999999999,0,4.527834517154485,0.8109999999999999,0,-0.13005738109291382,0.0009999999999976694,0,-0.05150900781080159,0.0009999999999976694,0,0.9110250473022461,0.07600000000000051,0,0.6906090378761292,0.07600000000000051,0,0.0,0.07600000000000051,0,0.30624495527623435,0.0009999999999976694,0,-0.054989313661236966,0.0009999999999976694,0,0.0,2.0,1,1.0,0.07600000000000051,0
e3d7de09-b6f8-43bc-8931-8019fe4823e5,17,24.585,-1.664572167275108,0.46499999999999986,0,-0.5784563835850707,0.46499999999999986,0,-0.14118202030658722,0.029999999999997584,0,-0.04837065562605858,0.029999999999997584,0,2.3651248418214936,0.29100000000000037,0,4.492703105549266,0.29100000000000037,0,-0.13677745461729293,0.0329999999999977,0,-0.05277791693757324,0.0329999999999977,0,0.9428932070732117,0.0779999999999994,0,0.7130019068717957,0.0779999999999994,0,0.0,0.0779999999999994,0,0.28322941343935537,0.0329999999999977,0,-0.050323761367976345,0.0329999999999977,0,0.08579464034699233,0.46499999999999986,0,1.0,0.0779999999999994,0
e3d7de09-b6f8-43bc-8931-8019fe4823e5,18,25.085,-1.664572167275108,0.9649999999999999,0,-0.5784563835850707,0.9649999999999999,0,0.043084219098091125,0.019999999999999574,0,-0.058404430747032166,0.019999999999999574,0,2.3651248418214936,0.7910000000000004,0,4.492703105549266,0.7910000000000004,0,0.03491448462008335,0.028999999999999915,0,-0.06102732382752506,0.028999999999999915,0,0.9578915238380432,0.07399999999999807,0,0.7178130149841309,0.07399999999999807,0,0.0,0.07399999999999807,0,0.25681784035603794,0.028999999999999915,0,-0.04367185390426854,0.028999999999999915,0,0.08579464034699233,0.9649999999999999,0,1.0,0.07399999999999807,0
e3d7de09-b6f8-43bc-8931-8019fe4823e5,19,25.585,-1.664572167275108,1.4649999999999999,0,-0.5784563835850707,1.4649999999999999,0,0.05352863296866417,0.01899999999999835,0,-0.07293336093425751,0.01899999999999835,0,2.4407586867661335,0.2710000000000008,0,4.47040318541603,0.2710000000000008,0,0.05398386716839206,0.02499999999999858,0,-0.06859932839870518,0.02499999999999858,0,0.9938195943832397,0.07600000000000051,0,0.7426831126213074,0.07600000000000051,0,0.0,0.07600000000000051,0,0.22705117204969244,0.02499999999999858,0,-0.03668379652297028,0.02499999999999858,0,0.08579464034699233,1.4649999999999999,0,1.0,0.07600000000000051,0
e3d7de09-b6f8-43bc-8931-8019fe4823e5,20,26.085,-1.664572167275108,1.9649999999999999,0,-0.5784563835850707,1.9649999999999999,0,0.0712251290678978,0.021000000000000796,0,-0.053898442536592484,0.021000000000000796,0,2.4407586867661335,0.7710000000000008,0,4.47040318541603,0.7710000000000008,0,0.07411826477608649,0.021000000000000796,0,-0.058811805533519335,0.021000000000000796,0,1.0181069374084473,0.07499999999999929,0,0.7629505395889282,0.07499999999999929,0,0.0,0.07499999999999929,0,0.1959110503058645,0.021000000000000796,0,-0.030266271756320736,0.021000000000000796,0,0.08579464034699233,1.9649999999999999,0,1.0,0.07499999999999929,0
e3d7de09-b6f8-43bc-8931-8019fe4823e5,21,26.585,0.0,2.0,1,0.0,2.0,1,0.08881272375583649,0.01699999999999946,0,-0.04795801639556885,0.01699999999999946,0,2.9609892838704166,0.24200000000000088,0,4.474449491424542,0.24200000000000088,0,0.08384265155400807,0.01699999999999946,0,-0.049297002330192054,0.01699999999999946,0,1.0498921871185303,0.07399999999999807,0,0.7874764204025269,0.07399999999999807,0,0.0,0.07399999999999807,0,0.17108378147933723,0.01699999999999946,0,-0.026111952515638175,0.01699999999999946,0,0.0,2.0,1,1.0,0.07399999999999807,0
e3d7de09-b6f8-43bc-8931-8019fe4823e5,22,27.085,0.0,2.0,1,0.0,2.0,1,0.07797332853078842,0.006999999999997897,0,-0.0338931530714035,0.006999999999997897,0,2.9609892838704166,0.7420000000000009,0,4.474449491424542,0.7420000000000009,0,0.07802435755735442,0.012999999999998124,0,-0.03332378715276927,0.012999999999998124,0,1.0548088550567627,0.07900000000000063,0,0.7901526689529419,0.07900000000000063,0,0.0,0.07900000000000063,0,0.15149187441612547,0.012999999999998124,0,-0.02368398405421384,0.012999999999998124,0,0.0,2.0,1,1.0,0.07900000000000063,0
e3d7de09-b6f8-43bc-8931-8019fe4823e5,23,27.585,0.0,2.0,1,0.0,2.0,1,0.08468393236398697,0.006000000000000227,0,-0.025192778557538986,0.006000000000000227,0,2.901635425547987,0.31799999999999784,0,4.460344767163727,0.31799999999999784,0,0.085958659648842,0.009000000000000341,0,-0.02774243429303399,0.009000000000000341,0,0.8520139455795288,0.07199999999999918,0,0.8212345838546753,0.07199999999999918,0,0.0,0.07199999999999918,0,0.13470702600807538,0.009000000000000341,0,-0.022345124623438257,0.009000000000000341,0,0.0,2.0,1,1.0,0.07199999999999918,0
e3d7de09-b6f8-43bc-8931-8019fe4823e5,24,28.085,0.0,2.0,1,0.0,2.0,1,0.10086403042078018,0.06799999999999784,0,-0.020917531102895737,0.06799999999999784,0,2.901635425547987,0.8179999999999978,0,4.460344767163727,0.8179999999999978,0,0.10086403042071553,0.004999999999999005,0,-0.020917531102898394,0.004999999999999005,0,0.8437991142272949,0.07099999999999795,0,0.8295165300369263,0.07099999999999795,0,0.0,0.07099999999999795,0,0.12204416254664427,0.004999999999999005,0,-0.021908285835587946,0.004999999999999005,0,0.0,2.0,1,1.0,0.07099999999999795,0
e3d7de09-b6f8-43bc-8931-8019fe4823e5,25,28.585,-1.888305844102825,0.0730000000000004,0,-0.5022526667034174,0.0730000000000004,0,0.10008922219276428,0.036999999999999034,0,-0.020473990589380264,0.036999999999999034,0,2.7694586680605977,0.2889999999999979,0,4.456913279765467,0.2889999999999979,0,0.10008922218432689,0.0009999999999976694,0,-0.02047399058927891,0.0009999999999976694,0,0.8462671637535095,0.07600000000000051,0,0.8517906665802002,0.07600000000000051,0,0.0,0.07600000000000051,0,0.11040828522663015,0.0009999999999976694,0,-0.02207666082492292,0.0009999999999976694,0,0.100330071469521,0.0730000000000004,0,1.0,0.07600000000000051,0
e3d7de09-b6f8-43bc-8931-8019fe4823e5,26,29.085,-1.888305844102825,0.5730000000000004,0,-0.5022526667034174,0.5730000000000004,0,0.10708672553300858,0.02699999999999747,0,-0.009520012885332108,0.02699999999999747,0,2.7694586680605977,0.7889999999999979,0,4.456913279765467,0.7889999999999979,0,0.10939584672452092,0.0329999999999977,0,-0.01321668922901545,0.0329999999999977,0,0.8362855911254883,0.07499999999999929,0,0.8717714548110962,0.07499999999999929,0,0.0,0.07499999999999929,0,0.1034563553317607,0.0329999999999977,0,-0.022508402267915093,0.0329999999999977,0,0.100330071469521,0.5730000000000004,0,1.0,0.07499999999999929,0
e3d7de09-b6f8-43bc-8931-8019fe4823e5,27,29.585,-1.888305844102825,1.0730000000000004,0,-0.5022526667034174,1.0730000000000004,0,0.11121345311403275,0.028999999999999915,0,-0.013642027974128723,0.028999999999999915,0,2.1271740140287987,0.26899999999999835,0,4.459997752551637,0.26899999999999835,0,0.11648817659488986,0.028999999999999915,0,-0.008840505406097996,0.028999999999999915,0,0.8501805663108826,0.07399999999999807,0,0.9320083260536194,0.07399999999999807,0,0.0,0.07399999999999807,0,0.09993430887145628,0.028999999999999915,0,-0.02291392620456548,0.028999999999999915,0,0.100330071469521,1.0730000000000004,0,1.0,0.07399999999999807,0
e3d7de09-b6f8-43bc-8931-8019fe4823e5,28,30.085,-1.888305844102825,1.5730000000000004,0,-0.5022526667034174,1.5730000000000004,0,0.10868530720472336,0.015999999999998238,0,-0.0034402920864522457,0.015999999999998238,0,2.1271740140287987,0.7689999999999984,0,4.459997752551637,0.7689999999999984,0,0.10677844558791279,0.02499999999999858,0,-0.005940811709032277,0.02499999999999858,0,0.8670030236244202,0.07600000000000051,0,0.8621882796287537,0.07600000000000051,0,0.0,0.07600000000000051,0,0.09547811739153818,0.02499999999999858,0,-0.023677051696000703,0.02499999999999858,0,0.100330071469521,1.5730000000000004,0,1.0,0.07600000000000051,0
e3d7de09-b6f8-43bc-8931-8019fe4823e5,29,30.585,-1.9035695957299237,0.16199999999999903,0,-0.5051698340988449,0.16199999999999903,0,0.09962709248065948,0.018000000000000682,0,-0.003054163884371519,0.018000000000000682,0,3.1379945445164297,0.23999999999999844,0,4.431882132269329,0.23999999999999844,0,0.10444245487452879,0.020999999999997243,0,-0.0015154450664633945,0.020999999999997243,0,0.8750383853912354,0.07499999999999929,0,0.8172449469566345,0.07499999999999929,0,0.0,0.07499999999999929,0,0.0942577730882646,0.020999999999997243,0,-0.023950468478732292,0.020999999999997243,0,0.0787334775715422,0.16199999999999903,0,1.0,0.07499999999999929,0
e3d7de09-b6f8-43bc-8931-8019fe4823e5,30,31.085,-1.9035695957299237,0.661999999999999,0,-0.5051698340988449,0.661999999999999,0,0.09849423915147781,0.01699999999999946,0,0.010173846036195755,0.01699999999999946,0,3.1379945445164297,0.7399999999999984,0,4.431882132269329,0.7399999999999984,0,0.10056620836268296,0.01699999999999946,0,0.007944402284916148,0.01699999999999946,0,0.8530107736587524,0.07399999999999807,0,0.7685644626617432,0.07399999999999807,0,0.0,0.07399999999999807,0,0.0939667276108822,0.01699999999999946,0,-0.024011648625231717,0.01699999999999946,0,0.0787334775715422,0.661999999999999,0,1.0,0.07399999999999807,0
e3d7de09-b6f8-43bc-8931-8019fe4823e5,31,31.585,-1.9035695957299237,1.161999999999999,0,-0.5051698340988449,1.161999999999999,0,0.11287739872932434,0.006999999999997897,0,0.00840552244335413,0.006999999999997897,0,3.036360739564218,0.21999999999999886,0,4.431260531624773,0.21999999999999886,0,0.11579610407345811,0.012999999999998124,0,0.00990932807325903,0.012999999999998124,0,0.8644130229949951,0.07600000000000051,0,0.7307541370391846,0.07600000000000051,0,0.0,0.07600000000000051,0,0.0960423340706446,0.012999999999998124,0,-0.023271264885117524,0.012999999999998124,0,0.0787334775715422,1.161999999999999,0,1.0,0.07600000000000051,0
e3d7de09-b6f8-43bc-8931-8019fe4823e5,32,32.085,-1.9035695957299237,1.661999999999999,0,-0.5051698340988449,1.661999999999999,0,0.12543454766273499,0.006000000000000227,0,0.0077796755358576775,0.006000000000000227,0,3.036360739564218,0.7199999999999989,0,4.431260531624773,0.7199999999999989,0,0.11576791107654782,0.009000000000000341,0,0.010400799103076525,0.009000000000000341,0,0.8575476408004761,0.07499999999999574,0,0.6899694800376892,0.07499999999999574,0,0.0,0.07499999999999574,0,0.09931358591881417,0.009000000000000341,0,-0.021920510789550877,0.009000000000000341,0,0.0787334775715422,1.661999999999999,0,1.0,0.07499999999999574,0
e3d7de09-b6f8-43bc-8931-8019fe4823e5,33,32.585,-1.9050661867103915,0.2539999999999978,0,-0.4976560912239096,0.2539999999999978,0,0.1343054175376892,0.06799999999999784,0,0.0019220125395804644,0.06799999999999784,0,2.984564806837687,0.1880000000000024,0,4.431152843179114,0.1880000000000024,0,0.13430541753747627,0.0049999999999954525,0,0.0019220125395742749,0.0049999999999954525,0,0.8578560948371887,0.07399999999999807,0,0.7020107507705688,0.07399999999999807,0,0.0,0.07399999999999807,0,0.10419107500196868,0.0049999999999954525,0,-0.019624797292711965,0.0049999999999954525,0,0.07237527830945285,0.2539999999999978,0,1.0,0.07399999999999807,0
e3d7de09-b6f8-43bc-8931-8019fe4823e5,34,33.085,-1.9050661867103915,0.7539999999999978,0,-0.4976560912239096,0.7539999999999978,0,0.08769764751195908,0.036999999999999034,0,0.009528501890599728,0.036999999999999034,0,2.984564806837687,0.6880000000000024,0,4.431152843179114,0.6880000000000024,0,0.08769764751199988,0.0009999999999976694,0,0.009528501890897326,0.0009999999999976694,0,0.8522878289222717,0.07600000000000051,0,0.6629612445831299,0.07600000000000051,0,0.0,0.07600000000000051,0,0.10963789554172196,0.0009999999999976694,0,-0.01664973968091011,0.0009999999999976694,0,0.07237527830945285,0.7539999999999978,0,1.0,0.07600000000000051,0
e3d7de09-b6f8-43bc-8931-8019fe4823e5,35,33.585,-1.9050661867103915,1.2539999999999978,0,-0.4976560912239096,1.2539999999999978,0,0.09005802869796753,0.027000000000001023,0,0.01786954700946808,0.027000000000001023,0,2.799337986280731,0.16799999999999926,0,4.405636466192287,0.16799999999999926,0,0.09271973371512324,0.03300000000000125,0,0.014395199716088491,0.03300000000000125,0,0.8457391858100891,0.07499999999999574,0,0.661693811416626,0.07499999999999574,0,0.0,0.07499999999999574,0,0.11530233390936095,0.03300000000000125,0,-0.013203106732004945,0.03300000000000125,0,0.07237527830945285,1.2539999999999978,0,1.0,0.07499999999999574,0
e3d7de09-b6f8-43bc-8931-8019fe4823e5,36,34.085,-1.9050661867103915,1.7539999999999978,0,-0.4976560912239096,1.7539999999999978,0,0.09671476483345032,0.028999999999996362,0,0.013882210478186607,0.028999999999996362,0,2.799337986280731,0.6679999999999993,0,4.405636466192287,0.6679999999999993,0,0.09619192480381894,0.028999999999996362,0,0.011264092339527295,0.028999999999996362,0,0.8509832620620728,0.07399999999999807,0,0.6489943265914917,0.07399999999999807,0,0.0,0.07399999999999807,0,0.12085572975763964,0.028999999999996362,0,-0.009495024174629134,0.028999999999996362,0,0.07237527830945285,1.7539999999999978,0,1.0,0.07399999999999807,0
e3d7de09-b6f8-43bc-8931-8019fe4823e5,37,34.585,-1.868581413544515,0.16599999999999682,0,-0.4864266373840905,0.16599999999999682,0,0.08568377047777176,0.01899999999999835,0,0.018195757642388344,0.01899999999999835,0,2.783764606680693,0.1389999999999958,0,4.428545713422891,0.1389999999999958,0,0.09096968745439436,0.02499999999999858,0,0.020319109782268932,0.02499999999999858,0,0.867110013961792,0.07600000000000051,0,0.6327323317527771,0.07600000000000051,0,0.0,0.07600000000000051,0,0.12785834408278746,0.02499999999999858,0,-0.004293187321618819,0.02499999999999858,0,0.058994152856572696,0.16599999999999682,0,1.0,0.07600000000000051,0
e3d7de09-b6f8-43bc-8931-8019fe4823e5,38,35.085,-1.868581413544515,0.6659999999999968,0,-0.4864266373840905,0.6659999999999968,0,0.0,0.018000000000000682,0,0.0,0.018000000000000682,0,3.0636941990146265,0.03900000000000148,0,4.428091680538206,0.03900000000000148,0,8.059110225211648e-14,0.021000000000000796,0,-1.3877787807814457e-15,0.021000000000000796,0,0.8608502149581909,0.07499999999999574,0,0.6482484936714172,0.07499999999999574,0,0.0,0.07499999999999574,0,0.13070930046736706,0.021000000000000796,0,-0.002026954130780615,0.021000000000000796,0,0.058994152856572696,0.6659999999999968,0,1.0,0.07499999999999574,0
e3d7de09-b6f8-43bc-8931-8019fe4823e5,39,35.585,-1.868581413544515,1.1659999999999968,0,-0.4864266373840905,1.1659999999999968,0,0.11515236645936966,0.016999999999995907,0,0.014162080362439156,0.016999999999995907,0,3.0636941990146265,0.5390000000000015,0,4.428091680538206,0.5390000000000015,0,0.11181931942682946,0.016999999999995907,0,0.01091010775416748,0.016999999999995907,0,0.8752564787864685,0.07399999999999807,0,0.6244791746139526,0.07399999999999807,0,0.0,0.07399999999999807,0,0.13036937160879034,0.016999999999995907,0,-0.0022838043651841897,0.016999999999995907,0,0.058994152856572696,1.1659999999999968,0,1.0,0.07399999999999807,0
e3d7de09-b6f8-43bc-8931-8019fe4823e5,40,36.085,-1.868581413544515,1.6659999999999968,0,-0.4864266373840905,1.6659999999999968,0,0.08445638418197632,0.006999999999997897,0,0.01598069816827774,0.006999999999997897,0,3.019921634377701,0.00999999999999801,0,4.637172821219537,0.00999999999999801,0,0.09588536620142078,0.012999999999998124,0,0.014053234830495887,0.012999999999998124,0,1.6782490015029907,0.07900000000000063,0,0.6206687092781067,0.07900000000000063,0,0.0,0.07900000000000063,0,0.13476833295431892,0.012999999999998124,0,0.001759971427262719,0.012999999999998124,0,0.058994152856572696,1.6659999999999968,0,1.0,0.07900000000000063,0
e3d7de09-b6f8-43bc-8931-8019fe4823e5,41,36.585,0.0,2.0,1,0.0,2.0,1,0.09053117781877518,0.006000000000000227,0,0.02799190580844879,0.006000000000000227,0,3.019921634377701,0.509999999999998,0,4.637172821219537,0.509999999999998,0,0.08547082543372972,0.009000000000000341,0,0.02626728825270696,0.009000000000000341,0,1.6700515747070312,0.07499999999999574,0,0.6314486861228943,0.07499999999999574,0,0.0,0.07499999999999574,0,0.1420325514924192,0.009000000000000341,0,0.009073869747229483,0.009000000000000341,0,0.0,2.0,1,1.0,0.07499999999999574,0
e3d7de09-b6f8-43bc-8931-8019fe4823e5,42,37.085,0.0,2.0,1,0.0,2.0,1,0.08235019445419312,0.07699999999999818,0,0.01730414293706417,0.07699999999999818,0,3.019921634377701,1.009999999999998,0,4.637172821219537,1.009999999999998,0,0.08235019445424238,0.0049999999999954525,0,0.017304142937065357,0.0049999999999954525,0,1.6586236953735352,0.07399999999999807,0,0.6274363994598389,0.07399999999999807,0,0.0,0.07399999999999807,0,0.14994424232125728,0.0049999999999954525,0,0.01767342132287647,0.0049999999999954525,0,0.0,2.0,1,1.0,0.07399999999999807,0
e3d7de09-b6f8-43bc-8931-8019fe4823e5,43,37.585,-1.8392882917560642,0.4690000000000012,0,-0.46357411415207966,0.4690000000000012,0,0.07566311955451965,0.036999999999999034,0,0.020996350795030594,0.036999999999999034,0,3.168822656260364,0.47800000000000153,0,4.605463354893662,0.47800000000000153,0,0.0756631195545858,0.0009999999999976694,0,0.020996350795028654,0.0009999999999976694,0,1.6622271537780762,0.07900000000000063,0,0.6534977555274963,0.07900000000000063,0,0.0,0.07900000000000063,0,0.15654567851072765,0.0009999999999976694,0,0.025467889396451754,0.0009999999999976694,0,0.05206909082704875,0.4690000000000012,0,1.0,0.07900000000000063,0
e3d7de09-b6f8-43bc-8931-8019fe4823e5,44,38.085,-1.8392882917560642,0.9690000000000012,0,-0.46357411415207966,0.9690000000000012,0,0.07665470242500305,0.027000000000001023,0,0.017458835616707802,0.027000000000001023,0,3.168822656260364,0.9780000000000015,0,4.605463354893662,0.9780000000000015,0,0.08375398815684333,0.03300000000000125,0,0.014490940608078682,0.03300000000000125,0,1.6498433351516724,0.07499999999999574,0,0.6443605422973633,0.07499999999999574,0,0.0,0.07499999999999574,0,0.16133693567936216,0.03300000000000125,0,0.03156725455323189,0.03300000000000125,0,0.05206909082704875,0.9690000000000012,0,1.0,0.07499999999999574,0
e3d7de09-b6f8-43bc-8931-8019fe4823e5,45,38.585,-1.8392882917560642,1.4690000000000012,0,-0.46357411415207966,1.4690000000000012,0,0.0718965157866478,0.028999999999996362,0,0.015768010169267654,0.028999999999996362,0,2.9729907250246783,0.4579999999999984,0,4.57733626804058,0.4579999999999984,0,0.07556999474554653,0.028999999999996362,0,0.014621842838576208,0.028999999999996362,0,1.6481151580810547,0.07399999999999807,0,0.6377436518669128,0.07399999999999807,0,0.0,0.07399999999999807,0,0.16562456028180725,0.028999999999996362,0,0.03748344701040241,0.028999999999996362,0,0.05206909082704875,1.4690000000000012,0,1.0,0.07399999999999807,0
e3d7de09-b6f8-43bc-8931-8019fe4823e5,46,39.085,-1.8392882917560642,1.9690000000000012,0,-0.46357411415207966,1.9690000000000012,0,0.07690659165382385,0.015999999999998238,0,0.011341883800923824,0.015999999999998238,0,2.9729907250246783,0.9579999999999984,0,4.57733626804058,0.9579999999999984,0,0.06930378079640431,0.02499999999999858,0,0.011497987434505006,0.02499999999999858,0,1.6350067853927612,0.07900000000000063,0,0.6518234014511108,0.07900000000000063,0,0.0,0.07900000000000063,0,0.16919896489516914,0.02499999999999858,0,0.04282966890214981,0.02499999999999858,0,0.05206909082704875,1.9690000000000012,0,1.0,0.07900000000000063,0
e3d7de09-b6f8-43bc-8931-8019fe4823e5,47,39.585,0.0,2.0,1,0.0,2.0,1,0.07073192298412323,0.018000000000000682,0,0.015270569361746311,0.018000000000000682,0,2.83388210034703,0.42899999999999494,0,4.6411173581460625,0.42899999999999494,0,0.07525596767670026,0.021000000000000796,0,0.01973992586135944,0.021000000000000796,0,1.615833044052124,0.07499999999999574,0,0.6626577377319336,0.07499999999999574,0,0.0,0.07499999999999574,0,0.17356617241769423,0.021000000000000796,0,0.049992482926954185,0.021000000000000796,0,0.0,2.0,1,1.0,0.07499999999999574,0
e3d7de09-b6f8-43bc-8931-8019fe4823e5,48,40.085,-1.8151564437531238,0.26899999999999835,0,-0.4351871814583463,0.26899999999999835,0,0.05453045666217804,0.016999999999995907,0,0.02152913622558117,0.016999999999995907,0,2.83388210034703,0.9289999999999949,0,4.6411173581460625,0.9289999999999949,0,0.06082583218820113,0.016999999999995907,0,0.012112051248551354,0.016999999999995907,0,1.6227812767028809,0.07699999999999818,0,0.6677232384681702,0.07699999999999818,0,0.0,0.07699999999999818,0,0.17760402520742657,0.016999999999995907,0,0.057150348787257485,0.016999999999995907,0,0.05274281031412392,0.26899999999999835,0,1.0,0.07699999999999818,0
e3d7de09-b6f8-43bc-8931-8019fe4823e5,49,40.585,-1.8151564437531238,0.7689999999999984,0,-0.4351871814583463,0.7689999999999984,0,0.06079377606511116,0.006999999999997897,0,0.019318755716085434,0.006999999999997897,0,2.9095816892622346,0.4089999999999989,0,4.55495606855487,0.4089999999999989,0,0.06235226243743223,0.012999999999998124,0,0.020682021975513415,0.012999999999998124,0,1.6026636362075806,0.0730000000000004,0,0.660271167755127,0.0730000000000004,0,0.0,0.0730000000000004,0,0.18322732075450487,0.012999999999998124,0,0.0679754765765796,0.012999999999998124,0,0.05274281031412392,0.7689999999999984,0,1.0,0.0730000000000004,0
e3d7de09-b6f8-43bc-8931-8019fe4823e5,50,41.085,-1.8151564437531238,1.2689999999999984,0,-0.4351871814583463,1.2689999999999984,0,0.08364719152450562,0.006000000000000227,0,0.021020714193582535,0.006000000000000227,0,2.9095816892622346,0.9089999999999989,0,4.55495606855487,0.9089999999999989,0,0.07508252561098681,0.009000000000000341,0,0.021064650267365224,0.009000000000000341,0,1.5940769910812378,0.07499999999999574,0,0.6767789125442505,0.07499999999999574,0,0.0,0.07499999999999574,0,0.18762298679895847,0.009000000000000341,0,0.07725976490449765,0.009000000000000341,0,0.05274281031412392,1.2689999999999984,0,1.0,0.07499999999999574,0
e3d7de09-b6f8-43bc-8931-8019fe4823e5,51,41.585,-1.8151564437531238,1.7689999999999984,0,-0.4351871814583463,1.7689999999999984,0,0.06647560000419617,0.06799999999999784,0,0.01636967621743679,0.06799999999999784,0,2.915992329799101,0.37999999999999545,0,4.554923979798166,0.37999999999999545,0,0.06647560000425788,0.0049999999999954525,0,0.016369676217431923,0.0049999999999954525,0,1.6185834407806396,0.07399999999999807,0,0.6957547068595886,0.07399999999999807,0,0.0,0.07399999999999807,0,0.19109276416341975,0.0049999999999954525,0,0.0853455791641326,0.0049999999999954525,0,0.05274281031412392,1.7689999999999984,0,1.0,0.07399999999999807,0
e3d7de09-b6f8-43bc-8931-8019fe4823e5,52,42.085,0.0,2.0,1,0.0,2.0,1,0.06714141368865967,0.036999999999999034,0,0.008681409060955048,0.036999999999999034,0,2.915992329799101,0.8799999999999955,0,4.554923979798166,0.8799999999999955,0,0.06714141368865446,0.0009999999999976694,0,0.008681409060952439,0.0009999999999976694,0,1.6363283395767212,0.07600000000000051,0,0.6869426965713501,0.07600000000000051,0,0.0,0.07600000000000051,0,0.19328077329812496,0.0009999999999976694,0,0.09100022276273952,0.0009999999999976694,0,0.0,2.0,1,1.0,0.07600000000000051,0
e3d7de09-b6f8-43bc-8931-8019fe4823e5,53,42.585,0.0,2.0,1,0.0,2.0,1,0.06716025620698929,0.027000000000001023,0,0.005144576542079449,0.027000000000001023,0,3.0715845088475024,0.3569999999999993,0,4.557725436754164,0.3569999999999993,0,0.06928572803733042,0.03300000000000125,0,0.005623301025476044,0.03300000000000125,0,1.84968900680542,0.07499999999999574,0,0.7050403952598572,0.07499999999999574,0,0.0,0.07499999999999574,0,0.1946943822123659,0.03300000000000125,0,0.0950556571406815,0.03300000000000125,0,0.0,2.0,1,1.0,0.07499999999999574,0
e3d7de09-b6f8-43bc-8931-8019fe4823e5,54,43.085,-1.7953778958681046,0.35300000000000153,0,-0.4165619915093934,0.35300000000000153,0,0.06649866700172424,0.028999999999996362,0,0.0076198885217309,0.028999999999996362,0,3.0715845088475024,0.8569999999999993,0,4.557725436754164,0.8569999999999993,0,0.06950105353818828,0.028999999999996362,0,0.006342093785778833,0.028999999999996362,0,1.7799898386001587,0.07399999999999807,0,0.6979019641876221,0.07399999999999807,0,0.0,0.07399999999999807,0,0.1954917650050916,0.028999999999996362,0,0.09760242085179141,0.028999999999996362,0,0.05185646619498668,0.35300000000000153,0,1.0,0.07399999999999807,0
e3d7de09-b6f8-43bc-8931-8019fe4823e5,55,43.585,-1.7953778958681046,0.8530000000000015,0,-0.4165619915093934,0.8530000000000015,0,0.06256018579006195,0.015999999999998238,0,0.005704860202968121,0.015999999999998238,0,3.002107837477563,0.32799999999999585,0,4.583025199525998,0.32799999999999585,0,0.06182285399586964,0.02499999999999858,0,0.004946921952099272,0.02499999999999858,0,1.696915626525879,0.07900000000000063,0,0.7128575444221497,0.07900000000000063,0,0.0,0.07900000000000063,0,0.19649793519382514,0.02499999999999858,0,0.10119620678449238,0.02499999999999858,0,0.05185646619498668,0.8530000000000015,0,1.0,0.07900000000000063,0
e3d7de09-b6f8-43bc-8931-8019fe4823e5,56,44.085,-1.7953778958681046,1.3530000000000015,0,-0.4165619915093934,1.3530000000000015,0,0.0792509913444519,0.018000000000000682,0,0.020395370200276375,0.018000000000000682,0,3.002107837477563,0.8279999999999959,0,4.583025199525998,0.8279999999999959,0,0.08506450057023433,0.021000000000000796,0,0.022147836163634537,0.021000000000000796,0,1.6489440202713013,0.07799999999999585,0,0.7123640179634094,0.07799999999999585,0,0.0,0.07799999999999585,0,0.19828605760855333,0.021000000000000796,0,0.10872915822587254,0.021000000000000796,0,0.05185646619498668,1.3530000000000015,0,1.0,0.07799999999999585,0
e3d7de09-b6f8-43bc-8931-8019fe4823e5,57,44.585,-1.7953778958681046,1.8530000000000015,0,-0.4165619915093934,1.8530000000000015,0,0.07219496369361877,0.016999999999995907,0,0.012198057025671005,0.016999999999995907,0,2.9238240389066465,0.30799999999999983,0,4.353482109526572,0.30799999999999983,0,0.07567645609376457,0.016999999999995907,0,0.010386344976721685,0.016999999999995907,0,1.5887219905853271,0.07699999999999818,0,0.7251380681991577,0.07699999999999818,0,0.0,0.07699999999999818,0,0.19977342740584994,0.016999999999995907,0,0.11600837014372599,0.016999999999995907,0,0.05185646619498668,1.8530000000000015,0,1.0,0.07699999999999818,0
e3d7de09-b6f8-43bc-8931-8019fe4823e5,58,45.085,0.0,2.0,1,0.0,2.0,1,0.07088270038366318,0.006999999999997897,0,0.007884702645242214,0.006999999999997897,0,2.9238240389066465,0.8079999999999998,0,4.353482109526572,0.8079999999999998,0,0.06960873305802505,0.012999999999998124,0,0.006929613649845484,0.012999999999998124,0,1.5404142141342163,0.07900000000000063,0,0.726916491985321,0.07900000000000063,0,0.0,0.07900000000000063,0,0.2005377895363704,0.012999999999998124,0,0.12059468948727874,0.012999999999998124,0,0.0,2.0,1,1.0,0.07900000000000063,0
e3d7de09-b6f8-43bc-8931-8019fe4823e5,59,45.585,0.0,2.0,1,0.0,2.0,1,0.08277776092290878,0.006000000000000227,0,0.012435848824679852,0.006000000000000227,0,2.8978078411741888,0.2879999999999967,0,4.577358095900753,0.2879999999999967,0,0.08486606180666986,0.009000000000000341,0,0.010039150714868939,0.009000000000000341,0,1.5218359231948853,0.07799999999999585,0,0.7401622533798218,0.07799999999999585,0,0.0,0.07799999999999585,0,0.2014521624473527,0.009000000000000341,0,0.12762979389378268,0.009000000000000341,0,0.0,2.0,1,1.0,0.07799999999999585,0
e3d7de09-b6f8-43bc-8931-8019fe4823e5,60,46.085,-1.7859889790419816,0.3649999999999949,0,-0.4031259561858588,0.3649999999999949,0,0.053377874195575714,0.06799999999999784,0,0.0035441943909972906,0.06799999999999784,0,2.8978078411741888,0.7879999999999967,0,4.577358095900753,0.7879999999999967,0,0.05337787419558469,0.0049999999999954525,0,0.003544194390991499,0.0049999999999954525,0,1.4473575353622437,0.07399999999999807,0,0.7348145842552185,0.07399999999999807,0,0.0,0.07399999999999807,0,0.20189446426405697,0.0049999999999954525,0,0.13220161793708507,0.0049999999999954525,0,0.05319519675340716,0.3649999999999949,0,1.0,0.07399999999999807,0
e3d7de09-b6f8-43bc-8931-8019fe4823e5,61,46.585,-1.7859889790419816,0.8649999999999949,0,-0.4031259561858588,0.8649999999999949,0,0.05690319463610649,0.036999999999999034,0,0.013206448405981064,0.036999999999999034,0,2.7987675382607655,0.25900000000000034,0,4.340090475363954,0.25900000000000034,0,0.05690319463614931,0.0009999999999976694,0,0.01320644840597888,0.0009999999999976694,0,1.4592411518096924,0.07600000000000051,0,0.7349086999893188,0.07600000000000051,0,0.0,0.07600000000000051,0,0.20216460495374416,0.0009999999999976694,0,0.13666365940262454,0.0009999999999976694,0,0.05319519675340716,0.8649999999999949,0,1.0,0.07600000000000051,0
e3d7de09-b6f8-43bc-8931-8019fe4823e5,62,47.085,-1.7859889790419816,1.3649999999999949,0,-0.4031259561858588,1.3649999999999949,0,0.06293085217475891,0.027000000000001023,0,0.02333773672580719,0.027000000000001023,0,2.7987675382607655,0.7590000000000003,0,4.340090475363954,0.7590000000000003,0,0.05752618238334526,0.03300000000000125,0,0.024295942857861106,0.03300000000000125,0,1.4092224836349487,0.07499999999999574,0,0.7452011108398438,0.07499999999999574,0,0.0,0.07499999999999574,0,0.20246573509194069,0.03300000000000125,0,0.145896181993315,0.03300000000000125,0,0.05319519675340716,1.3649999999999949,0,1.0,0.07499999999999574,0
e3d7de09-b6f8-43bc-8931-8019fe4823e5,63,47.585,-1.7859889790419816,1.8649999999999949,0,-0.4031259561858588,1.8649999999999949,0,0.06076790392398834,0.028999999999996362,0,0.013204069808125496,0.028999999999996362,0,2.8035472617537507,0.23899999999999721,0,4.363012850774702,0.23899999999999721,0,0.06697947977903511,0.028999999999996362,0,0.016492235288800842,0.028999999999996362,0,1.3940156698226929,0.07699999999999818,0,0.7539846897125244,0.07699999999999818,0,0.0,0.07699999999999818,0,0.20252644815205717,0.028999999999996362,0,0.15613776699299906,0.028999999999996362,0,0.05319519675340716,1.8649999999999949,0,1.0,0.07699999999999818,0
e3d7de09-b6f8-43bc-8931-8019fe4823e5,64,48.085,0.0,2.0,1,0.0,2.0,1,0.048710066825151443,0.01899999999999835,0,0.012872018851339817,0.01899999999999835,0,2.8035472617537507,0.7389999999999972,0,4.363012850774702,0.7389999999999972,0,0.05110049993595824,0.02499999999999858,0,0.01427305675981728,0.02499999999999858,0,1.3584372997283936,0.07600000000000051,0,0.7509408593177795,0.07600000000000051,0,0.0,0.07600000000000051,0,0.2023548655772191,0.02499999999999858,0,0.16275839427906813,0.02499999999999858,0,0.0,2.0,1,1.0,0.07600000000000051,0
e3d7de09-b6f8-43bc-8931-8019fe4823e5,65,48.585,0.0,2.0,1,0.0,2.0,1,0.04588643088936806,0.018000000000000682,0,0.03488551825284958,0.018000000000000682,0,2.7894963004978006,0.21000000000000085,0,4.307569427827724,0.21000000000000085,0,0.045021608472268604,0.021000000000000796,0,0.029311015729721147,0.021000000000000796,0,1.3380775451660156,0.07799999999999585,0,0.7667993307113647,0.07799999999999585,0,0.0,0.07799999999999585,0,0.2019801793099933,0.021000000000000796,0,0.16993267081799857,0.021000000000000796,0,0.0,2.0,1,1.0,0.07799999999999585,0
e3d7de09-b6f8-43bc-8931-8019fe4823e5,66,49.085,0.0,2.0,1,0.0,2.0,1,0.0493527427315712,0.016999999999995907,0,0.027329282835125923,0.016999999999995907,0,2.7894963004978006,0.7100000000000009,0,4.307569427827724,0.7100000000000009,0,0.05027312412861752,0.016999999999995907,0,0.029726071283225908,0.016999999999995907,0,1.3145575523376465,0.07699999999999818,0,0.7685819864273071,0.07699999999999818,0,0.0,0.07699999999999818,0,0.20081250993144906,0.016999999999995907,0,0.1856305460802084,0.016999999999995907,0,0.0,2.0,1,1.0,0.07699999999999818,0
e3d7de09-b6f8-43bc-8931-8019fe4823e5,67,49.585,-1.7949858622524888,0.15699999999999648,0,-0.3260584755988625,0.15699999999999648,0,0.038016900420188904,0.006999999999997897,0,0.01663540117442608,0.006999999999997897,0,3.0444034282246895,0.1869999999999976,0,4.285872205557591,0.1869999999999976,0,0.037338793277775714,0.012999999999998124,0,0.016005031764508803,0.012999999999998124,0,1.2821025848388672,0.07600000000000051,0,0.7755421996116638,0.07600000000000051,0,0.0,0.07600000000000051,0,0.1996368117102752,0.012999999999998124,0,0.1976999767931113,0.012999999999998124,0,0.05442124813246668,0.15699999999999648,0,1.0,0.07600000000000051,0
e3d7de09-b6f8-43bc-8931-8019fe4823e5,68,50.085,-1.7949858622524888,0.6569999999999965,0,-0.3260584755988625,0.6569999999999965,0,0.03457898646593094,0.006000000000000227,0,0.014957687817513943,0.006000000000000227,0,3.0444034282246895,0.6869999999999976,0,4.285872205557591,0.6869999999999976,0,0.03328964114188358,0.009000000000000341,0,0.01565864495932795,0.009000000000000341,0,1.2848209142684937,0.07499999999999574,0,0.7731250524520874,0.07499999999999574,0,0.0,0.07499999999999574,0,0.19880862061594434,0.009000000000000341,0,0.20474849752135127,0.009000000000000341,0,0.05442124813246668,0.6569999999999965,0,1.0,0.07499999999999574,0
e3d7de09-b6f8-43bc-8931-8019fe4823e5,69,50.585,-1.7949858622524888,1.1569999999999965,0,-0.3260584755988625,1.1569999999999965,0,0.022695930674672127,0.07699999999999818,0,0.010946481488645077,0.07699999999999818,0,3.118734298642091,0.15800000000000125,0,4.270595560185032,0.15800000000000125,0,0.022695930674745284,0.0049999999999954525,0,0.010946481488646048,0.0049999999999954525,0,1.2754918336868286,0.07399999999999807,0,0.7836725115776062,0.07399999999999807,0,0.0,0.07399999999999807,0,0.19813606131502254,0.0049999999999954525,0,0.20977813599306422,0.0049999999999954525,0,0.05442124813246668,1.1569999999999965,0,1.0,0.07399999999999807,0
e3d7de09-b6f8-43bc-8931-8019fe4823e5,70,51.085,-1.7949858622524888,1.6569999999999965,0,-0.3260584755988625,1.6569999999999965,0,0.021015524864196777,0.036999999999999034,0,0.011722206138074398,0.036999999999999034,0,3.118734298642091,0.6580000000000013,0,4.270595560185032,0.6580000000000013,0,0.02101552486425042,0.0009999999999976694,0,0.011722206138072013,0.0009999999999976694,0,1.2575525045394897,0.07600000000000051,0,0.7893205285072327,0.07600000000000051,0,0.0,0.07600000000000051,0,0.1968447328750143,0.0009999999999976694,0,0.21843250031943587,0.0009999999999976694,0,0.05442124813246668,1.6569999999999965,0,1.0,0.07600000000000051,0
e3d7de09-b6f8-43bc-8931-8019fe4823e5,71,51.585,0.0,2.0,1,0.0,2.0,1,0.023044085130095482,0.027000000000001023,0,0.011401265859603882,0.027000000000001023,0,2.3986671877324865,0.13799999999999812,0,4.262882652989343,0.13799999999999812,0,0.021950956433994816,0.032999999999994145,0,0.01015393156557585,0.032999999999994145,0,1.257211446762085,0.07499999999999574,0,0.7915628552436829,0.07499999999999574,0,0.0,0.07499999999999574,0,0.19609732485448517,0.032999999999994145,0,0.22304885396570967,0.032999999999994145,0,0.0,2.0,1,1.0,0.07499999999999574,0
e3d7de09-b6f8-43bc-8931-8019fe4823e5,72,52.085,0.0,2.0,1,0.0,2.0,1,0.019788794219493866,0.028999999999996362,0,0.010669281706213951,0.028999999999996362,0,2.3986671877324865,0.6379999999999981,0,4.262882652989343,0.6379999999999981,0,0.02319233652952852,0.028999999999996362,0,0.010638077090982523,0.028999999999996362,0,1.2294461727142334,0.07699999999999818,0,0.7869235873222351,0.07699999999999818,0,0.0,0.07699999999999818,0,0.19522287566514057,0.028999999999996362,0,0.22806185214948405,0.028999999999996362,0,0.0,2.0,1,1.0,0.07699999999999818,0
e3d7de09-b6f8-43bc-8931-8019fe4823e5,73,52.585,0.0,2.0,1,0.0,2.0,1,0.024342207238078117,0.015999999999998238,0,0.007621223106980324,0.015999999999998238,0,2.9163107143540783,0.10899999999999466,0,4.271727950323828,0.10899999999999466,0,0.028514675788850814,0.02499999999999858,0,0.005404593422804934,0.02499999999999858,0,1.2374097108840942,0.07600000000000051,0,0.7923688888549805,0.07600000000000051,0,0.0,0.07600000000000051,0,0.194496594531228,0.02499999999999858,0,0.2319655897366739,0.02499999999999858,0,0.0,2.0,1,1.0,0.07600000000000051,0
e3d7de09-b6f8-43bc-8931-8019fe4823e5,74,53.085,0.0,2.0,1,0.0,2.0,1,0.02617296390235424,0.018000000000000682,0,0.0006829382618889213,0.018000000000000682,0,2.9163107143540783,0.6089999999999947,0,4.271727950323828,0.6089999999999947,0,0.03262480348347695,0.021000000000000796,0,-0.0002475621877259804,0.021000000000000796,0,1.224602222442627,0.07799999999999585,0,0.8038299083709717,0.07799999999999585,0,0.0,0.07799999999999585,0,0.1944003306467084,0.021000000000000796,0,0.23246642167851822,0.021000000000000796,0,0.0,2.0,1,1.0,0.07799999999999585,0
e3d7de09-b6f8-43bc-8931-8019fe4823e5,75,53.585,0.0,2.0,1,0.0,2.0,1,0.026764189824461937,0.016999999999995907,0,-0.0012897257693111897,0.016999999999995907,0,2.9868829598233817,0.08899999999999864,0,4.267806404864064,0.08899999999999864,0,0.026445111259770327,0.016999999999995907,0,0.00021089566870820717,0.016999999999995907,0,1.2199560403823853,0.07399999999999807,0,0.7973459362983704,0.07399999999999807,0,0.0,0.07399999999999807,0,0.19441285818285806,0.016999999999995907,0,0.23241062675596763,0.016999999999995907,0,0.0,2.0,1,1.0,0.07399999999999807,0
e3d7de09-b6f8-43bc-8931-8019fe4823e5,76,54.085,0.0,2.0,1,0.0,2.0,1,0.02067723125219345,0.006999999999997897,0,-0.0025377378333359957,0.006999999999997897,0,2.9868829598233817,0.5889999999999986,0,4.267806404864064,0.5889999999999986,0,0.020863400772310504,0.012999999999998124,0,-0.004081101156766983,0.012999999999998124,0,1.2009260654449463,0.07900000000000063,0,0.8003490567207336,0.07900000000000063,0,0.0,0.07900000000000063,0,0.19479594153242596,0.012999999999998124,0,0.2307359229857169,0.012999999999998124,0,0.0,2.0,1,1.0,0.07900000000000063,0
e3d7de09-b6f8-43bc-8931-8019fe4823e5,77,54.585,0.0,2.0,1,0.0,2.0,1,0.017687570303678513,0.006000000000000227,0,0.001774520962499082,0.006000000000000227,0,3.0256968387011014,0.05999999999999517,0,4.267881199332994,0.05999999999999517,0,0.024553798139087347,0.009000000000000341,0,0.002510025165972559,0.009000000000000341,0,1.2005809545516968,0.07499999999999574,0,0.7962803244590759,0.07499999999999574,0,0.0,0.07499999999999574,0,0.1949607989783032,0.009000000000000341,0,0.23004854049510595,0.009000000000000341,0,0.0,2.0,1,1.0,0.07499999999999574,0
e3d7de09-b6f8-43bc-8931-8019fe4823e5,78,55.085,0.0,2.0,1,0.0,2.0,1,0.0219359640032053,0.07699999999999818,0,0.0004261215217411518,0.07699999999999818,0,3.0256968387011014,0.5599999999999952,0,4.267881199332994,0.5599999999999952,0,0.02193596400315627,0.0049999999999954525,0,0.0004261215217367849,0.0049999999999954525,0,1.2024784088134766,0.07699999999999818,0,0.791701078414917,0.07699999999999818,0,0.0,0.07699999999999818,0,0.19481796842274016,0.0049999999999954525,0,0.23061446409688935,0.0049999999999954525,0,0.0,2.0,1,1.0,0.07699999999999818,0
e3d7de09-b6f8-43bc-8931-8019fe4823e5,79,55.585,-1.8021708865989272,0.0730000000000004,0,-0.28819718369435465,0.0730000000000004,0,1.0,0.036999999999999034,0,0.0,0.036999999999999034,0,3.0256968387011014,1.0599999999999952,0,4.267881199332994,1.0599999999999952,0,0.6029999998296074,0.0009999999999976694,0,6.938893903907228e-16,0.0009999999999976694,0,1.1824769973754883,0.07600000000000051,0,0.8021169900894165,0.07600000000000051,0,0.0,0.07600000000000051,0,0.19479485741247002,0.0009999999999976694,0,0.23070301503796886,0.0009999999999976694,0,0.06127330433872084,0.0730000000000004,0,1.0,0.07600000000000051,0
e3d7de09-b6f8-43bc-8931-8019fe4823e5,80,56.085,-1.806562643201552,0.06899999999999551,0,-0.32061624047416515,0.06899999999999551,0,1.0,0.026999999999993918,0,0.0,0.026999999999993918,0,3.0256968387011014,1.5599999999999952,0,4.267881199332994,1.5599999999999952,0,0.9999999999998549,0.032999999999994145,0,-3.23236807690345e-13,0.032999999999994145,0,1.1573833227157593,0.07499999999999574,0,0.8196383714675903,0.07499999999999574,0,0.0,0.07499999999999574,0,0.19479485741253022,0.032999999999994145,0,0.2307030150378854,0.032999999999994145,0,0.07451403344959318,0.06899999999999551,0,1.0,0.07499999999999574,0
e3d7de09-b6f8-43bc-8931-8019fe4823e5,81,56.585,-1.7935014614680096,0.06499999999999773,0,-0.3261200127925928,0.06499999999999773,0,1.0,0.028999999999996362,0,0.0,0.028999999999996362,0,0.0,2.0,1,0.0,2.0,1,0.9999999999999727,0.028999999999996362,0,-3.40121449523186e-13,0.028999999999996362,0,0.9023633599281311,0.07399999999999807,0,0.850674569606781,0.07399999999999807,0,0.0,0.07399999999999807,0,0.19479485741267522,0.028999999999996362,0,0.23070301503780138,0.028999999999996362,0,0.09229662480887173,0.06499999999999773,0,1.0,0.07399999999999807,0
e3d7de09-b6f8-43bc-8931-8019fe4823e5,82,57.085,-1.7985584771395968,0.2739999999999938,0,-0.33160818019945987,0.2739999999999938,0,0.84,0.015999999999998238,0,0.0,0.015999999999998238,0,0.0,2.0,1,0.0,2.0,1,0.9999999999999781,0.02499999999999858,0,-3.4093098714530845e-13,0.02499999999999858,0,0.875190258026123,0.07600000000000051,0,0.873587965965271,0.07600000000000051,0,0.0,0.07600000000000051,0,0.19479485741284427,0.02499999999999858,0,0.23070301503779753,0.02499999999999858,0,0.10693231120398641,0.2739999999999938,0,1.0,0.07600000000000051,0
e3d7de09-b6f8-43bc-8931-8019fe4823e5,83,57.585,-1.7904173630841862,0.05399999999999494,0,-0.3286855309997423,0.05399999999999494,0,-0.06359989196062088,0.018000000000000682,0,-0.023083005100488663,0.018000000000000682,0,1.5306575912960523,0.4589999999999961,0,4.011986915168328,0.4589999999999961,0,0.04300000017029858,0.021000000000000796,0,-0.023544445633379152,0.021000000000000796,0,0.8851955533027649,0.07799999999999585,0,0.8998522758483887,0.07799999999999585,0,0.0,0.07799999999999585,0,0.20019774430881515,0.021000000000000796,0,0.23331923015165873,0.021000000000000796,0,0.10180992248578603,0.05399999999999494,0,1.0,0.07799999999999585,0
e3d7de09-b6f8-43bc-8931-8019fe4823e5,84,58.085,-1.7904173630841862,0.5539999999999949,0,-0.3286855309997423,0.5539999999999949,0,-0.10149281471967697,0.016999999999995907,0,-0.01633559912443161,0.016999999999995907,0,1.5306575912960523,0.9589999999999961,0,4.011986915168328,0.9589999999999961,0,-0.09309092164025148,0.016999999999995907,0,-0.020262775942687012,0.016999999999995907,0,0.905737042427063,0.07699999999999818,0,0.8936117887496948,0.07699999999999818,0,0.0,0.07699999999999818,0,0.2109955420758905,0.016999999999995907,0,0.23885804737065197,0.016999999999995907,0,0.10180992248578603,0.5539999999999949,0,1.0,0.07699999999999818,0
e3d7de09-b6f8-43bc-8931-8019fe4823e5,85,58.585,-1.7904173630841862,1.053999999999995,0,-0.3286855309997423,1.053999999999995,0,-0.09609414637088776,0.006999999999997897,0,-0.007386623881757259,0.006999999999997897,0,1.5156443356984695,0.4299999999999997,0,3.9436918278858424,0.4299999999999997,0,-0.09935946017494453,0.012999999999998124,0,-0.009860415011642604,0.012999999999998124,0,0.9129502773284912,0.07600000000000051,0,0.8827885985374451,0.07600000000000051,0,0.0,0.07600000000000051,0,0.21645461949451536,0.012999999999998124,0,0.241356382412528,0.012999999999998124,0,0.10180992248578603,1.053999999999995,0,1.0,0.07600000000000051,0
e3d7de09-b6f8-43bc-8931-8019fe4823e5,86,59.085,-1.7904173630841862,1.553999999999995,0,-0.3286855309997423,1.553999999999995,0,-0.09887581318616867,0.006000000000000227,0,-0.004875453654676676,0.006000000000000227,0,1.5156443356984695,0.9299999999999997,0,3.9436918278858424,0.9299999999999997,0,-0.09428865462548507,0.009000000000000341,0,-0.003633267479030237,0.009000000000000341,0,0.9156780242919922,0.07499999999999574,0,0.9042021036148071,0.07499999999999574,0,0.0,0.07499999999999574,0,0.21884089038707963,0.009000000000000341,0,0.2423178955826893,0.009000000000000341,0,0.10180992248578603,1.553999999999995,0,1.0,0.07499999999999574,0
e3d7de09-b6f8-43bc-8931-8019fe4823e5,87,59.585,0.0,2.0,1,0.0,2.0,1,-0.10704826563596725,0.06799999999999784,0,0.0013319272547960281,0.06799999999999784,0,1.5673443930714803,0.39799999999999613,0,3.947225762778762,0.39799999999999613,0,-0.10704826563601644,0.0049999999999954525,0,0.0013319272547880159,0.0049999999999954525,0,0.9045838117599487,0.07399999999999807,0,0.885705828666687,0.07399999999999807,0,0.0,0.07399999999999807,0,0.21921583241864534,0.0049999999999954525,0,0.24246590539744897,0.0049999999999954525,0,0.0,2.0,1,1.0,0.07399999999999807,0
e3d7de09-b6f8-43bc-8931-8019fe4823e5,88,60.085,-1.76465719173746,0.25,0,-0.3072110887987318,0.25,0,-0.1102755144238472,0.036999999999999034,0,0.009402248077094555,0.036999999999999034,0,1.5673443930714803,0.8979999999999961,0,3.947225762778762,0.8979999999999961,0,-0.11027551442376,0.0009999999999976694,0,0.009402248077092456,0.0009999999999976694,0,0.9091875553131104,0.07600000000000051,0,0.8915689587593079,0.07600000000000051,0,0.0,0.07600000000000051,0,0.21864410097606005,0.0009999999999976694,0,0.24232681934000908,0.0009999999999976694,0,0.08674788606670612,0.25,0,1.0,0.07600000000000051,0
e3d7de09-b6f8-43bc-8931-8019fe4823e5,89,60.585,-1.76465719173746,0.75,0,-0.3072110887987318,0.75,0,-0.10128789395093918,0.026999999999993918,0,0.007480510976165533,0.026999999999993918,0,1.5255488624513625,0.3780000000000001,0,3.94445725619467,0.3780000000000001,0,-0.099620811637224,0.032999999999994145,0,0.011127616279287683,0.032999999999994145,0,0.9013352990150452,0.07499999999999574,0,0.8811672329902649,0.07499999999999574,0,0.0,0.07499999999999574,0,0.2150237795266816,0.032999999999994145,0,0.24152486268827275,0.032999999999994145,0,0.08674788606670612,0.75,0,1.0,0.07499999999999574,0
e3d7de09-b6f8-43bc-8931-8019fe4823e5,90,61.085,-1.76465719173746,1.25,0,-0.3072110887987318,1.25,0,-0.11586976796388626,0.028999999999996362,0,0.005181595683097839,0.028999999999996362,0,1.5255488624513625,0.8780000000000001,0,3.94445725619467,0.8780000000000001,0,-0.10436151325955709,0.028999999999996362,0,0.0067340543488274285,0.028999999999996362,0,0.901035726070404,0.07399999999999807,0,0.8962159156799316,0.07399999999999807,0,0.0,0.07399999999999807,0,0.21403916887092916,0.028999999999996362,0,0.24135753640101015,0.028999999999996362,0,0.08674788606670612,1.25,0,1.0,0.07399999999999807,0
e3d7de09-b6f8-43bc-8931-8019fe4823e5,91,61.585,-1.76465719173746,1.75,0,-0.3072110887987318,1.75,0,-0.13878987729549408,0.01899999999999835,0,0.04363948479294777,0.01899999999999835,0,4.351424718459029,0.34899999999999665,0,4.3662894453978405,0.34899999999999665,0,-0.11820368469032978,0.02499999999999858,0,0.04622587967728954,0.02499999999999858,0,0.889962375164032,0.07899999999999352,0,0.8852773904800415,0.07899999999999352,0,0.0,0.07899999999999352,0,0.20366875267115533,0.02499999999999858,0,0.24028011205922856,0.02499999999999858,0,0.08674788606670612,1.75,0,1.0,0.07899999999999352,0
e3d7de09-b6f8-43bc-8931-8019fe4823e5,92,62.085,-1.78262803187795,0.3689999999999998,0,-0.3130986343281086,0.3689999999999998,0,-0.1513616442680359,0.017999999999993577,0,0.04337063059210777,0.017999999999993577,0,4.351424718459029,0.8489999999999966,0,4.3662894453978405,0.8489999999999966,0,-0.15054084360616332,0.02099999999999369,0,0.045276887714851284,0.02099999999999369,0,0.8656863570213318,0.07499999999999574,0,0.8656308054924011,0.07499999999999574,0,0.0,0.07499999999999574,0,0.18099848339665564,0.02099999999999369,0,0.2391390156258572,0.02099999999999369,0,0.0747965385858115,0.3689999999999998,0,1.0,0.07499999999999574,0
e3d7de09-b6f8-43bc-8931-8019fe4823e5,93,62.585,-1.78262803187795,0.8689999999999998,0,-0.3130986343281086,0.8689999999999998,0,-0.14530715346336365,0.016999999999995907,0,0.0326002798974514,0.016999999999995907,0,2.417229604325968,0.3289999999999935,0,4.241560272528591,0.3289999999999935,0,-0.14723476767538,0.016999999999995907,0,0.03579636290669362,0.016999999999995907,0,0.8548537492752075,0.07399999999999807,0,0.8513228297233582,0.07399999999999807,0,0.0,0.07399999999999807,0,0.1629630231429098,0.016999999999995907,0,0.23952952116356446,0.016999999999995907,0,0.0747965385858115,0.8689999999999998,0,1.0,0.07399999999999807,0
e3d7de09-b6f8-43bc-8931-8019fe4823e5,94,63.085,-1.78262803187795,1.3689999999999998,0,-0.3130986343281086,1.3689999999999998,0,-0.13723742961883545,0.006999999999997897,0,0.0325268916785717,0.006999999999997897,0,2.417229604325968,0.8289999999999935,0,4.241560272528591,0.8289999999999935,0,-0.13776718080054687,0.012999999999998124,0,0.0354630388319485,0.012999999999998124,0,0.8373526930809021,0.07899999999999352,0,0.8269261121749878,0.07899999999999352,0,0.0,0.07899999999999352,0,0.1440668548903631,0.012999999999998124,0,0.24135786892608144,0.012999999999998124,0,0.0747965385858115,1.3689999999999998,0,1.0,0.07899999999999352,0
e3d7de09-b6f8-43bc-8931-8019fe4823e5,95,63.585,-1.8440665616634946,0.47099999999999653,0,-0.3121571042599865,0.47099999999999653,0,-0.1567227989435196,0.006000000000000227,0,0.03289203345775604,0.006000000000000227,0,3.3926766315338046,0.29999999999999716,0,4.235306972316133,0.29999999999999716,0,-0.14151658117769722,0.009000000000000341,0,0.03292609751224529,0.009000000000000341,0,0.8267502784729004,0.07499999999999574,0,0.8150833249092102,0.07499999999999574,0,0.0,0.07499999999999574,0,0.12757452677261932,0.009000000000000341,0,0.24415154184543492,0.009000000000000341,0,0.0714137384219273,0.47099999999999653,0,1.0,0.07499999999999574,0
e3d7de09-b6f8-43bc-8931-8019fe4823e5,96,64.085,-1.8440665616634946,0.9709999999999894,0,-0.3121571042599865,0.9709999999999894,0,-0.14445370435714722,0.06799999999998363,0,0.029813900589942932,0.06799999999998363,0,3.3926766315338046,0.79999999999999,0,4.235306972316133,0.79999999999999,0,-0.14445370435718327,0.0049999999999954525,0,0.02981390058994307,0.0049999999999954525,0,0.8414995074272156,0.07399999999998386,0,0.797622561454773,0.07399999999998386,0,0.0,0.07399999999998386,0,0.11437540547083051,0.0049999999999954525,0,0.24738488043762358,0.0049999999999954525,0,0.0714137384219273,0.9709999999999894,0,1.0,0.07399999999998386,0
e3d7de09-b6f8-43bc-8931-8019fe4823e5,97,64.585,-1.8869645580403174,0.07299999999999329,0,-0.2964556002233912,0.07299999999999329,0,-0.1427098959684372,0.03699999999999193,0,0.03618722781538963,0.03699999999999193,0,2.581280215924657,0.26799999999998647,0,4.1692783556003326,0.26799999999998647,0,-0.1427098959805184,0.000999999999990564,0,0.03618722781538418,0.000999999999990564,0,0.8463715314865112,0.0759999999999934,0,0.7928287386894226,0.0759999999999934,0,0.0,0.0759999999999934,0,0.10063659400766743,0.000999999999990564,0,0.2518710847407276,0.000999999999990564,0,0.06506737907105425,0.07299999999999329,0,1.0,0.0759999999999934,0
e3d7de09-b6f8-43bc-8931-8019fe4823e5,98,65.085,-1.8869645580403174,0.5729999999999933,0,-0.2964556002233912,0.5729999999999933,0,-0.14113616943359375,0.026999999999986812,0,0.024386445060372353,0.026999999999986812,0,2.581280215924657,0.7679999999999865,0,4.1692783556003326,0.7679999999999865,0,-0.14767706393986754,0.03299999999998704,0,0.02506276592611235,0.03299999999998704,0,0.8640250563621521,0.07499999999998863,0,0.7697650790214539,0.07499999999998863,0,0.0,0.07499999999998863,0,0.08759399433643862,0.03299999999998704,0,0.25713797810094385,0.03299999999998704,0,0.06506737907105425,0.5729999999999933,0,1.0,0.07499999999998863,0
e3d7de09-b6f8-43bc-8931-8019fe4823e5,99,65.585,-1.8869645580403174,1.0729999999999933,0,-0.2964556002233912,1.0729999999999933,0,-0.12525320053100586,0.028999999999996362,0,0.020060580223798752,0.028999999999996362,0,2.562398764928502,0.2389999999999901,0,4.198245527115811,0.2389999999999901,0,-0.13697074652576569,0.028999999999996362,0,0.022673740982819917,0.028999999999996362,0,0.8773757815361023,0.07399999999998386,0,0.7652092576026917,0.07399999999998386,0,0.0,0.07399999999998386,0,0.07709769582453314,0.028999999999996362,0,0.26227094618869856,0.028999999999996362,0,0.06506737907105425,1.0729999999999933,0,1.0,0.07399999999998386,0
e3d7de09-b6f8-43bc-8931-8019fe4823e5,100,66.085,-1.9261009265560902,0.06099999999999284,0,-0.28250667879285735,0.06099999999999284,0,-0.11359572410583496,0.015999999999991132,0,0.0030243874061852694,0.015999999999991132,0,2.562398764928502,0.7389999999999901,0,4.198245527115811,0.7389999999999901,0,-0.11735633762284692,0.024999999999991473,0,0.004725066944870349,0.024999999999991473,0,0.9230155944824219,0.07899999999999352,0,0.7523059248924255,0.07899999999999352,0,0.0,0.07899999999999352,0,0.07246738536660369,0.024999999999991473,0,0.26487238941136565,0.024999999999991473,0,0.05847664346842868,0.06099999999999284,0,1.0,0.07899999999999352,0
e3d7de09-b6f8-43bc-8931-8019fe4823e5,101,66.585,-1.9261009265560902,0.5609999999999928,0,-0.28250667879285735,0.5609999999999928,0,-0.13731472194194794,0.01799999999998647,0,0.027485430240631104,0.01799999999998647,0,2.6384103851415417,0.2189999999999941,0,4.180517445186765,0.2189999999999941,0,-0.1307483017445641,0.020999999999986585,0,0.03335237130531743,0.020999999999986585,0,0.9489079117774963,0.07799999999998875,0,0.740030825138092,0.07799999999998875,0,0.0,0.07799999999998875,0,0.06083883041862658,0.020999999999986585,0,0.27275157857343846,0.020999999999986585,0,0.05847664346842868,0.5609999999999928,0,1.0,0.07799999999998875,0
e3d7de09-b6f8-43bc-8931-8019fe4823e5,102,67.085,-1.9261009265560902,1.0609999999999928,0,-0.28250667879285735,1.0609999999999928,0,-0.14926403760910034,0.016999999999995907,0,0.024986613541841507,0.016999999999995907,0,2.6384103851415417,0.7189999999999941,0,4.180517445186765,0.7189999999999941,0,-0.14324581623087868,0.016999999999995907,0,0.02482127398251155,0.016999999999995907,0,0.9894705414772034,0.07399999999998386,0,0.7320133447647095,0.07399999999998386,0,0.0,0.07399999999998386,0,0.05158998218722721,0.016999999999995907,0,0.27985282975390435,0.016999999999995907,0,0.05847664346842868,1.0609999999999928,0,1.0,0.07399999999998386,0
e3d7de09-b6f8-43bc-8931-8019fe4823e5,103,67.585,-1.9261009265560902,1.5609999999999928,0,-0.28250667879285735,1.5609999999999928,0,-0.061315253376960754,0.006999999999990791,0,0.05039848014712334,0.006999999999990791,0,2.764934593638338,0.18999999999998352,0,4.123335491402352,0.18999999999998352,0,-0.045228559523605744,0.012999999999991019,0,0.043973218649623336,0.012999999999991019,0,0.9959534406661987,0.0759999999999934,0,0.7338462471961975,0.0759999999999934,0,0.0,0.0759999999999934,0,0.045232383553462534,0.012999999999991019,0,0.2853490794678454,0.012999999999991019,0,0.05847664346842868,1.5609999999999928,0,1.0,0.0759999999999934,0
e3d7de09-b6f8-43bc-8931-8019fe4823e5,104,68.085,-1.9752217845578104,0.1529999999999916,0,-0.2552906007734606,0.1529999999999916,0,-0.17809389531612396,0.0059999999999860165,0,0.03132523596286774,0.0059999999999860165,0,2.764934593638338,0.6899999999999835,0,4.123335491402352,0.6899999999999835,0,-0.18218000233137838,0.00899999999998613,0,0.019020605832332133,0.00899999999998613,0,0.9823843836784363,0.07499999999998863,0,0.7220714092254639,0.07499999999998863,0,0.0,0.07499999999998863,0,0.03431906725207542,0.00899999999998613,0,0.2953129676365168,0.00899999999998613,0,0.060081975136664065,0.1529999999999916,0,1.0,0.07499999999998863,0
e3d7de09-b6f8-43bc-8931-8019fe4823e5,105,68.585,-1.9752217845578104,0.6529999999999916,0,-0.2552906007734606,0.6529999999999916,0,-0.130376935005188,0.07699999999998397,0,0.019682446494698524,0.07699999999998397,0,2.704202266119893,0.1699999999999875,0,4.114802743377582,0.1699999999999875,0,-0.13037693500522626,0.0049999999999954525,0,0.0196824464946968,0.0049999999999954525,0,0.9723191261291504,0.07399999999998386,0,0.7133710384368896,0.07399999999998386,0,0.0,0.07399999999998386,0,0.025492539676169792,0.0049999999999954525,0,0.3046972230617421,0.0049999999999954525,0,0.060081975136664065,0.6529999999999916,0,1.0,0.07399999999998386,0
e3d7de09-b6f8-43bc-8931-8019fe4823e5,106,69.085,-1.9752217845578104,1.1529999999999916,0,-0.2552906007734606,1.1529999999999916,0,-0.1250460147857666,0.03699999999999193,0,0.008705545216798782,0.03699999999999193,0,2.704202266119893,0.6699999999999875,0,4.114802743377582,0.6699999999999875,0,-0.1250460147858326,0.000999999999990564,0,0.0087055452167852,0.000999999999990564,0,0.9552516937255859,0.0759999999999934,0,0.6999228596687317,0.0759999999999934,0,0.0,0.0759999999999934,0,0.020964518512879646,0.000999999999990564,0,0.31020026709813375,0.000999999999990564,0,0.060081975136664065,1.1529999999999916,0,1.0,0.0759999999999934,0
e3d7de09-b6f8-43bc-8931-8019fe4823e5,107,69.585,-1.9862539507855848,0.17399999999999238,0,-0.22852909665016186,0.17399999999999238,0,-0.13012772798538208,0.026999999999986812,0,0.03815477713942528,0.026999999999986812,0,2.247313910347616,0.13799999999999102,0,4.11169878250923,0.13799999999999102,0,-0.13670365512384414,0.03299999999998704,0,0.04290396720169713,0.03299999999998704,0,0.9619800448417664,0.07499999999998863,0,0.6932868957519531,0.07499999999998863,0,0.0,0.07499999999998863,0,0.01579627011510882,0.03299999999998704,0,0.3175824404975866,0.03299999999998704,0,0.05319084409850977,0.17399999999999238,0,1.0,0.07499999999998863,0
e3d7de09-b6f8-43bc-8931-8019fe4823e5,108,70.085,-1.9862539507855848,0.6739999999999924,0,-0.22852909665016186,0.6739999999999924,0,-0.1360938996076584,0.028999999999996362,0,0.04989580065011978,0.028999999999996362,0,2.247313910347616,0.637999999999991,0,4.11169878250923,0.637999999999991,0,-0.14180015599114118,0.028999999999996362,0,0.04966192841452296,0.028999999999996362,0,0.9176594614982605,0.07399999999998386,0,0.7006784677505493,0.07399999999998386,0,0.0,0.07399999999998386,0,0.002485509708862749,0.028999999999996362,0,0.3390497333417008,0.028999999999996362,0,0.05319084409850977,0.6739999999999924,0,1.0,0.07399999999998386,0
e3d7de09-b6f8-43bc-8931-8019fe4823e5,109,70.585,-1.9862539507855848,1.1739999999999924,0,-0.22852909665016186,1.1739999999999924,0,-0.13041512668132782,0.018999999999991246,0,0.04344934970140457,0.018999999999991246,0,2.283859494521152,0.117999999999995,0,4.05668864613278,0.117999999999995,0,-0.12793393705499717,0.024999999999991473,0,0.05023203790217682,0.024999999999991473,0,0.9095039367675781,0.0759999999999934,0,0.6893942952156067,0.0759999999999934,0,0.0,0.0759999999999934,0,-0.008051336446465185,0.024999999999991473,0,0.35897808728257613,0.024999999999991473,0,0.05319084409850977,1.1739999999999924,0,1.0,0.0759999999999934,0
e3d7de09-b6f8-43bc-8931-8019fe4823e5,110,71.085,-2.0206344237608818,0.16499999999999204,0,-0.15737635200093494,0.16499999999999204,0,-0.1288480907678604,0.01799999999998647,0,0.05043664574623108,0.01799999999998647,0,2.283859494521152,0.617999999999995,0,4.05668864613278,0.617999999999995,0,-0.1309735774996475,0.020999999999986585,0,0.05338354036241444,0.020999999999986585,0,0.898387610912323,0.07499999999998863,0,0.6871534585952759,0.07499999999998863,0,0.0,0.07499999999998863,0,-0.0180847578842007,0.020999999999986585,0,0.38172034314651737,0.020999999999986585,0,0.05442159710639288,0.16499999999999204,0,1.0,0.07499999999998863,0
e3d7de09-b6f8-43bc-8931-8019fe4823e5,111,71.585,-2.0206344237608818,0.664999999999992,0,-0.15737635200093494,0.664999999999992,0,-0.12197736650705338,0.016999999999995907,0,0.053622324019670486,0.016999999999995907,0,3.0082402438112035,0.08899999999998442,0,4.023267731799269,0.08899999999998442,0,-0.12799088656920085,0.016999999999995907,0,0.04953608289359942,0.016999999999995907,0,0.890766978263855,0.07399999999998386,0,0.6899206638336182,0.07399999999998386,0,0.0,0.07399999999998386,0,-0.027360223065353437,0.016999999999995907,0,0.40720327482523877,0.016999999999995907,0,0.05442159710639288,0.664999999999992,0,1.0,0.07399999999998386,0
e3d7de09-b6f8-43bc-8931-8019fe4823e5,112,72.085,-2.0206344237608818,1.164999999999992,0,-0.15737635200093494,1.164999999999992,0,-0.11832617223262787,0.006999999999990791,0,0.053540464490652084,0.006999999999990791,0,3.0082402438112035,0.5889999999999844,0,4.023267731799269,0.5889999999999844,0,-0.1247655749321794,0.012999999999991019,0,0.05687572807073216,0.012999999999991019,0,0.8593957424163818,0.07899999999999352,0,0.6909905076026917,0.07899999999999352,0,0.0,0.07899999999999352,0,-0.035103364842064735,0.012999999999991019,0,0.4337895147869331,0.012999999999991019,0,0.05442159710639288,1.164999999999992,0,1.0,0.07899999999999352,0
e3d7de09-b6f8-43bc-8931-8019fe4823e5,113,72.585,-2.0470896656199633,0.07499999999998863,0,-0.07266918539579935,0.07499999999998863,0,-0.12163802981376648,0.0059999999999860165,0,0.03761826455593109,0.0059999999999860165,0,2.1918716769322217,0.0689999999999884,0,3.9075174807487403,0.0689999999999884,0,-0.11779653280984277,0.00899999999998613,0,0.04514010623097124,0.00899999999998613,0,0.8861619830131531,0.07499999999998863,0,0.6849212050437927,0.07499999999998863,0,0.0,0.07499999999998863,0,-0.04127827703348307,0.00899999999998613,0,0.46084061506483154,0.00899999999998613,0,0.059441551038971016,0.07499999999998863,0,1.0,0.07499999999998863,0
e3d7de09-b6f8-43bc-8931-8019fe4823e5,114,73.085,-2.0470896656199633,0.5749999999999886,0,-0.07266918539579935,0.5749999999999886,0,-0.14089900255203247,0.06799999999998363,0,0.04537245258688927,0.06799999999998363,0,2.1918716769322217,0.5689999999999884,0,3.9075174807487403,0.5689999999999884,0,-0.14089900255209203,0.0049999999999954525,0,0.045372452586874466,0.0049999999999954525,0,0.8736048936843872,0.07399999999998386,0,0.7056455016136169,0.07399999999998386,0,0.0,0.07399999999998386,0,-0.04490294224153762,0.0049999999999954525,0,0.4833681388680804,0.0049999999999954525,0,0.059441551038971016,0.5749999999999886,0,1.0,0.07399999999998386,0
e3d7de09-b6f8-43bc-8931-8019fe4823e5,115,73.585,-2.0470896656199633,1.0749999999999886,0,-0.07266918539579935,1.0749999999999886,0,-0.11743000149726868,0.03699999999999193,0,0.040971122682094574,0.03699999999999193,0,2.882974998782599,0.03999999999999204,0,3.9160475744191894,0.03999999999999204,0,-0.117118372545545,0.000999999999990564,0,0.04068787423212224,0.000999999999990564,0,0.8957589268684387,0.0759999999999934,0,0.7040451169013977,0.0759999999999934,0,0.0,0.0759999999999934,0,-0.046574231183602786,0.000999999999990564,0,0.5008233061818093,0.000999999999990564,0,0.059441551038971016,1.0749999999999886,0,1.0,0.0759999999999934,0
e3d7de09-b6f8-43bc-8931-8019fe4823e5,116,74.085,-2.0470896656199633,1.5749999999999886,0,-0.07266918539579935,1.5749999999999886,0,-0.11533565819263458,0.026999999999986812,0,0.02863316237926483,0.026999999999986812,0,2.882974998782599,0.539999999999992,0,3.9160475744191894,0.539999999999992,0,-0.11250395327819399,0.03299999999998704,0,0.03051720000826393,0.03299999999998704,0,0.8857602477073669,0.07499999999998863,0,0.7028502821922302,0.07499999999998863,0,0.0,0.07499999999998863,0,-0.047236070618525375,0.03299999999998704,0,0.5187632749095179,0.03299999999998704,0,0.059441551038971016,1.5749999999999886,0,1.0,0.07499999999998863,0
e3d7de09-b6f8-43bc-8931-8019fe4823e5,117,74.585,-2.0544165070551252,0.35299999999999443,0,0.009623003248534802,0.35299999999999443,0,-0.09585845470428467,0.02899999999998215,0,0.0106889009475708,0.02899999999998215,0,1.6933745379225316,0.01999999999999602,0,3.8405223814476233,0.01999999999999602,0,-0.09800513685196646,0.02899999999998215,0,0.016216702014657896,0.02899999999998215,0,0.9095661640167236,0.07399999999998386,0,0.7182723879814148,0.07399999999998386,0,0.0,0.07399999999998386,0,-0.04706209797409895,0.02899999999998215,0,0.5290198347316325,0.02899999999998215,0,0.056496440273744696,0.35299999999999443,0,1.0,0.07399999999998386,0
e3d7de09-b6f8-43bc-8931-8019fe4823e5,118,75.085,-2.0544165070551252,0.8529999999999944,0,0.009623003248534802,0.8529999999999944,0,-0.1183384582400322,0.018999999999991246,0,0.023010341450572014,0.018999999999991246,0,1.6933745379225316,0.519999999999996,0,3.8405223814476233,0.519999999999996,0,-0.11592600495862293,0.024999999999991473,0,0.026720011606756744,0.024999999999991473,0,0.9494543075561523,0.0759999999999934,0,0.7239547967910767,0.0759999999999934,0,0.0,0.0759999999999934,0,-0.04623644413020305,0.024999999999991473,0,0.5394913202652359,0.024999999999991473,0,0.056496440273744696,0.8529999999999944,0,1.0,0.0759999999999934,0
e3d7de09-b6f8-43bc-8931-8019fe4823e5,119,75.585,-2.0544165070551252,1.3529999999999944,0,0.009623003248534802,1.3529999999999944,0,-0.09886574745178223,0.01799999999998647,0,-0.005455737467855215,0.01799999999998647,0,1.6933745379225316,1.019999999999996,0,3.8405223814476233,1.019999999999996,0,-0.10024153441185439,0.020999999999986585,0,-0.005990828387610522,0.020999999999986585,0,0.9778220057487488,0.07499999999998863,0,0.7109743356704712,0.07499999999998863,0,0.0,0.07499999999998863,0,-0.04594994566372248,0.020999999999986585,0,0.5423987330579576,0.020999999999986585,0,0.056496440273744696,1.3529999999999944,0,1.0,0.07499999999998863,0
e3d7de09-b6f8-43bc-8931-8019fe4823e5,120,76.085,-2.054202116901776,0.05299999999998306,0,0.04552599098431123,0.05299999999998306,0,-0.1215352714061737,0.016999999999995907,0,0.05022881552577019,0.016999999999995907,0,2.4049299195014413,0.48799999999998533,0,3.8306388480142437,0.48799999999998533,0,-0.12349782884139271,0.016999999999995907,0,0.04578471556305197,0.016999999999995907,0,1.030656337738037,0.07699999999998397,0,0.713990330696106,0.07699999999998397,0,0.0,0.07699999999998397,0,-0.043249085410901715,0.016999999999995907,0,0.5555894951151131,0.016999999999995907,0,0.052037114139876176,0.05299999999998306,0,1.0,0.07699999999998397,0
e3d7de09-b6f8-43bc-8931-8019fe4823e5,121,76.585,-2.054202116901776,0.5529999999999831,0,0.04552599098431123,0.5529999999999831,0,-0.10808543115854263,0.006999999999990791,0,0.023595226928591728,0.006999999999990791,0,2.4049299195014413,0.9879999999999853,0,3.8306388480142437,0.9879999999999853,0,-0.1057182252408169,0.012999999999991019,0,0.02983583137392924,0.012999999999991019,0,1.0540906190872192,0.0759999999999934,0,0.7337164878845215,0.0759999999999934,0,0.0,0.0759999999999934,0,-0.03853005539584556,0.012999999999991019,0,0.5744363759059411,0.012999999999991019,0,0.052037114139876176,0.5529999999999831,0,1.0,0.0759999999999934,0
e3d7de09-b6f8-43bc-8931-8019fe4823e5,122,77.085,-2.054202116901776,1.052999999999983,0,0.04552599098431123,1.052999999999983,0,-0.0879836231470108,0.0059999999999860165,0,-0.02705186977982521,0.0059999999999860165,0,2.617354284181814,0.4679999999999893,0,3.8537486567297345,0.4679999999999893,0,-0.08504857122894369,0.00899999999998613,0,-0.024676222354178916,0.00899999999998613,0,1.1297533512115479,0.07499999999998863,0,0.72179114818573,0.07499999999998863,0,0.0,0.07499999999998863,0,-0.03915728183649902,0.00899999999998613,0,0.5728347900545402,0.00899999999998613,0,0.052037114139876176,1.052999999999983,0,1.0,0.07499999999998863,0
e3d7de09-b6f8-43bc-8931-8019fe4823e5,123,77.585,-2.054202116901776,1.552999999999983,0,0.04552599098431123,1.552999999999983,0,0.0,0.07699999999998397,0,0.0,0.07699999999998397,0,2.617354284181814,0.9679999999999893,0,3.8537486567297345,0.9679999999999893,0,-5.28677630773884e-13,0.0049999999999954525,0,1.850371707708594e-15,0.0049999999999954525,0,1.1878411769866943,0.07399999999998386,0,0.713595986366272,0.07399999999998386,0,0.0,0.07399999999998386,0,-0.041602773221996986,0.0049999999999954525,0,0.5658742715245044,0.0049999999999954525,0,0.052037114139876176,1.552999999999983,0,1.0,0.07399999999998386,0
e3d7de09-b6f8-43bc-8931-8019fe4823e5,124,78.085,0.0,2.0,1,0.0,2.0,1,0.0,0.03699999999999193,0,0.0,0.03699999999999193,0,2.617354284181814,1.4679999999999893,0,3.8537486567297345,1.4679999999999893,0,0.0,0.000999999999990564,0,0.0,0.000999999999990564,0,1.190933346748352,0.07899999999999352,0,0.7197934985160828,0.07899999999999352,0,0.0,0.07899999999999352,0,-0.041602773221996986,0.000999999999990564,0,0.5658742715245045,0.000999999999990564,0,0.0,2.0,1,1.0,0.07899999999999352,0
e3d7de09-b6f8-43bc-8931-8019fe4823e5,125,78.585,0.0,2.0,1,0.0,2.0,1,0.0,0.16799999999999216,0,0.0,0.16799999999999216,0,2.617354284181814,1.9679999999999893,0,3.8537486567297345,1.9679999999999893,0,0.0,0.03299999999998704,0,0.0,0.03299999999998704,0,1.1908533573150635,0.07499999999998863,0,0.71515291929245,0.07499999999998863,0,0.0,0.07499999999998863,0,-0.041602773221996986,0.03299999999998704,0,0.5658742715245045,0.03299999999998704,0,0.0,2.0,1,1.0,0.07499999999998863,0
e3d7de09-b6f8-43bc-8931-8019fe4823e5,126,79.085,0.0,2.0,1,0.0,2.0,1,0.0,0.5,1,0.0,0.5,1,0.0,2.0,1,0.0,2.0,1,0.0,0.02899999999998215,0,0.0,0.02899999999998215,0,1.1968052387237549,0.07099999999998374,0,0.7125474810600281,0.07099999999998374,0,0.0,0.07099999999998374,0,-0.041602773221996986,0.02899999999998215,0,0.5658742715245045,0.02899999999998215,0,0.0,2.0,1,1.0,0.07099999999998374,0
e3d7de09-b6f8-43bc-8931-8019fe4823e5,127,79.585,0.0,2.0,1,0.0,2.0,1,0.0,0.5,1,0.0,0.5,1,0.0,2.0,1,0.0,2.0,1,0.0,0.024999999999991473,0,0.0,0.024999999999991473,0,1.1877682209014893,0.0759999999999934,0,0.7193534970283508,0.0759999999999934,0,0.0,0.0759999999999934,0,-0.041602773221996986,0.024999999999991473,0,0.5658742715245045,0.024999999999991473,0,0.0,2.0,1,1.0,0.0759999999999934,0
e3d7de09-b6f8-43bc-8931-8019fe4823e5,128,80.085,0.0,2.0,1,0.0,2.0,1,0.0,0.5,1,0.0,0.5,1,0.0,2.0,1,0.0,2.0,1,0.0,0.020999999999986585,0,0.0,0.020999999999986585,0,1.1997286081314087,0.07499999999998863,0,0.712914228439331,0.07499999999998863,0,0.0,0.07499999999998863,0,-0.041602773221996986,0.020999999999986585,0,0.5658742715245045,0.020999999999986585,0,0.0,2.0,1,1.0,0.07499999999998863,0
e3d7de09-b6f8-43bc-8931-8019fe4823e5,129,80.585,0.0,2.0,1,0.0,2.0,1,0.0,0.5,1,0.0,0.5,1,0.0,2.0,1,0.0,2.0,1,0.0,0.016999999999981696,0,0.0,0.016999999999981696,0,1.1985722780227661,0.07399999999998386,0,0.7209650278091431,0.07399999999998386,0,0.0,0.07399999999998386,0,-0.041602773221996986,0.016999999999981696,0,0.5658742715245045,0.016999999999981696,0,0.0,2.0,1,1.0,0.07399999999998386,0
e3d7de09-b6f8-43bc-8931-8019fe4823e5,130,81.085,0.0,2.0,1,0.0,2.0,1,0.0,0.5,1,0.0,0.5,1,0.0,2.0,1,0.0,2.0,1,0.0,0.012999999999991019,0,0.0,0.012999999999991019,0,1.20359468460083,0.0759999999999934,0,0.7088329195976257,0.0759999999999934,0,0.0,0.0759999999999934,0,-0.041602773221996986,0.012999999999991019,0,0.5658742715245045,0.012999999999991019,0,0.0,2.0,1,1.0,0.0759999999999934,0
e3d7de09-b6f8-43bc-8931-8019fe4823e5,131,81.585,0.0,2.0,1,0.0,2.0,1,0.0,0.5,1,0.0,0.5,1,0.0,2.0,1,0.0,2.0,1,0.0,0.00899999999998613,0,0.0,0.00899999999998613,0,1.179205060005188,0.07499999999998863,0,0.7225631475448608,0.07499999999998863,0,0.0,0.07499999999998863,0,-0.041602773221996986,0.00899999999998613,0,0.5658742715245045,0.00899999999998613,0,0.0,2.0,1,1.0,0.07499999999998863,0
e3d7de09-b6f8-43bc-8931-8019fe4823e5,132,82.085,0.0,2.0,1,0.0,2.0,1,0.0,0.5,1,0.0,0.5,1,0.0,2.0,1,0.0,2.0,1,0.0,0.0049999999999954525,0,0.0,0.0049999999999954525,0,1.1876541376113892,0.07399999999998386,0,0.7162783145904541,0.07399999999998386,0,0.0,0.07399999999998386,0,-0.041602773221996986,0.0049999999999954525,0,0.5658742715245045,0.0049999999999954525,0,0.0,2.0,1,1.0,0.07399999999998386,0
e3d7de09-b6f8-43bc-8931-8019fe4823e5,133,82.585,0.0,2.0,1,0.0,2.0,1,-0.004513822961598635,0.03699999999999193,0,0.05258692428469658,0.03699999999999193,0,2.1042152298661043,0.14799999999998192,0,3.8358905422697847,0.14799999999998192,0,-0.004513822956975209,0.000999999999990564,0,0.04713476970854002,0.000999999999990564,0,1.1960798501968384,0.0759999999999934,0,0.7180827260017395,0.0759999999999934,0,0.0,0.0759999999999934,0,-0.04089478824058647,0.000999999999990564,0,0.5677533655386219,0.000999999999990564,0,0.0,2.0,1,1.0,0.0759999999999934,0
e3d7de09-b6f8-43bc-8931-8019fe4823e5,134,83.085,0.0,2.0,1,0.0,2.0,1,-0.09946127235889435,0.026999999999986812,0,0.0966036319732666,0.026999999999986812,0,2.1042152298661043,0.6479999999999819,0,3.8358905422697847,0.6479999999999819,0,-0.10386809706695022,0.03299999999998704,0,0.09254953265188845,0.03299999999998704,0,1.227620005607605,0.07499999999998863,0,0.7174763083457947,0.07499999999998863,0,0.0,0.07499999999998863,0,-0.028274493408246976,0.03299999999998704,0,0.5997694801829688,0.03299999999998704,0,0.0,2.0,1,1.0,0.07499999999998863,0
e3d7de09-b6f8-43bc-8931-8019fe4823e5,135,83.585,-2.0318799498897766,0.27199999999999136,0,0.13577394693798198,0.27199999999999136,0,-0.11441893875598907,0.02899999999998215,0,0.0933588296175003,0.02899999999998215,0,1.6408796721375434,0.11899999999998556,0,3.7063895107853506,0.11899999999998556,0,-0.10380627364573236,0.02899999999998215,0,0.09462283700685248,0.02899999999998215,0,1.287924885749817,0.07399999999998386,0,0.703296959400177,0.07399999999998386,0,0.0,0.07399999999998386,0,-0.008395038484367009,0.02899999999998215,0,0.6443526812860484,0.02899999999998215,0,0.05840255392447605,0.27199999999999136,0,1.0,0.07399999999998386,0
e3d7de09-b6f8-43bc-8931-8019fe4823e5,136,84.085,-2.0318799498897766,0.7719999999999914,0,0.13577394693798198,0.7719999999999914,0,-0.12171551585197449,0.018999999999991246,0,0.08334152400493622,0.018999999999991246,0,1.6408796721375434,0.6189999999999856,0,3.7063895107853506,0.6189999999999856,0,-0.11359273640992029,0.024999999999991473,0,0.081111602485436,0.024999999999991473,0,1.4089765548706055,0.07899999999999352,0,0.7014269828796387,0.07899999999999352,0,0.0,0.07899999999999352,0,0.012087370404944578,0.024999999999991473,0,0.6842619111163282,0.024999999999991473,0,0.05840255392447605,0.7719999999999914,0,1.0,0.07899999999999352,0
e3d7de09-b6f8-43bc-8931-8019fe4823e5,137,84.585,-2.0318799498897766,1.2719999999999914,0,0.13577394693798198,1.2719999999999914,0,-0.12523457407951355,0.01799999999998647,0,0.07493661344051361,0.01799999999998647,0,1.5371659133063003,0.0899999999999892,0,3.6458563339209302,0.0899999999999892,0,-0.119107142090914,0.020999999999986585,0,0.07603416591882388,0.020999999999986585,0,1.578561544418335,0.07499999999998863,0,0.704055905342102,0.07499999999998863,0,0.0,0.07499999999998863,0,0.032463900539332825,0.020999999999986585,0,0.7187152650057325,0.020999999999986585,0,0.05840255392447605,1.2719999999999914,0,1.0,0.07499999999998863,0
e3d7de09-b6f8-43bc-8931-8019fe4823e5,138,85.085,-2.0318799498897766,1.7719999999999914,0,0.13577394693798198,1.7719999999999914,0,-0.12030350416898727,0.016999999999981696,0,0.0825774148106575,0.016999999999981696,0,1.5371659133063003,0.5899999999999892,0,3.6458563339209302,0.5899999999999892,0,-0.11298532038925127,0.016999999999981696,0,0.08241135627032141,0.016999999999981696,0,1.7769851684570312,0.07399999999998386,0,0.6964995265007019,0.07399999999998386,0,0.0,0.07399999999998386,0,0.05610725386535703,0.016999999999981696,0,0.7536844510568638,0.016999999999981696,0,0.05840255392447605,1.7719999999999914,0,1.0,0.07399999999998386,0
e3d7de09-b6f8-43bc-8931-8019fe4823e5,139,85.585,-1.9509520144934416,0.4719999999999942,0,0.272956006410446,0.4719999999999942,0,-0.10635077953338623,0.006999999999990791,0,0.07121285051107407,0.006999999999990791,0,1.5318125349844687,0.06999999999999318,0,3.5800751067939567,0.06999999999999318,0,-0.11571387201556209,0.012999999999991019,0,0.07452692091464708,0.012999999999991019,0,1.1431022882461548,0.0759999999999934,0,0.6970646977424622,0.0759999999999934,0,0.0,0.0759999999999934,0,0.08018231542335492,0.012999999999991019,0,0.7853136908999365,0.012999999999991019,0,0.06423377549838466,0.4719999999999942,0,1.0,0.0759999999999934,0
e3d7de09-b6f8-43bc-8931-8019fe4823e5,140,86.085,-1.9509520144934416,0.9719999999999942,0,0.272956006410446,0.9719999999999942,0,-0.10332867503166199,0.0059999999999860165,0,0.07696844637393951,0.0059999999999860165,0,1.5318125349844687,0.5699999999999932,0,3.5800751067939567,0.5699999999999932,0,-0.10496951639663624,0.00899999999998613,0,0.07352630794048574,0.00899999999998613,0,1.0584064722061157,0.07499999999998863,0,0.6921972036361694,0.07499999999998863,0,0.0,0.07499999999998863,0,0.10550541599362483,0.00899999999998613,0,0.8150492587608703,0.00899999999998613,0,0.06423377549838466,0.9719999999999942,0,1.0,0.07499999999998863,0
e3d7de09-b6f8-43bc-8931-8019fe4823e5,141,86.585,-1.9509520144934416,1.4719999999999942,0,0.272956006410446,1.4719999999999942,0,-0.10428459197282791,0.06799999999998363,0,0.07389858365058899,0.06799999999998363,0,1.2893966538842627,0.03799999999998249,0,3.517391994878589,0.03799999999998249,0,-0.104284591972942,0.0049999999999954525,0,0.07389858365060378,0.0049999999999954525,0,1.0104972124099731,0.07399999999998386,0,0.6998307704925537,0.07399999999998386,0,0.0,0.07399999999998386,0,0.1309495282617972,0.0049999999999954525,0,0.8418303001068588,0.0049999999999954525,0,0.06423377549838466,1.4719999999999942,0,1.0,0.07399999999998386,0
e3d7de09-b6f8-43bc-8931-8019fe4823e5,142,87.085,-1.8605735772772765,0.07299999999999329,0,0.3761441540252362,0.07299999999999329,0,-0.10976560413837433,0.03699999999999193,0,0.08486048132181168,0.03699999999999193,0,1.2893966538842627,0.5379999999999825,0,3.517391994878589,0.5379999999999825,0,-0.10976560413358258,0.000999999999990564,0,0.08486048132179866,0.000999999999990564,0,0.9553484320640564,0.0759999999999934,0,0.7111268043518066,0.0759999999999934,0,0.0,0.0759999999999934,0,0.1611310933261147,0.000999999999990564,0,0.8702591344889434,0.000999999999990564,0,0.06790322977217322,0.07299999999999329,0,1.0,0.0759999999999934,0
e3d7de09-b6f8-43bc-8931-8019fe4823e5,143,87.585,-1.8605735772772765,0.5729999999999933,0,0.3761441540252362,0.5729999999999933,0,-0.11730920523405075,0.026999999999986812,0,0.08096027374267578,0.026999999999986812,0,1.3836588061321018,0.01799999999998647,0,3.402888705951093,0.01799999999998647,0,-0.11813827603723603,0.03299999999998704,0,0.0789833068847501,0.03299999999998704,0,0.9240795373916626,0.07499999999998863,0,0.7081058025360107,0.07499999999998863,0,0.0,0.07499999999998863,0,0.19055607349590362,0.03299999999998704,0,0.8952661227647365,0.03299999999998704,0,0.06790322977217322,0.5729999999999933,0,1.0,0.07499999999998863,0
e3d7de09-b6f8-43bc-8931-8019fe4823e5,144,88.085,-1.8605735772772765,1.0729999999999933,0,0.3761441540252362,1.0729999999999933,0,-0.11371053010225296,0.02899999999998215,0,0.06820490211248398,0.02899999999998215,0,1.3836588061321018,0.5179999999999865,0,3.402888705951093,0.5179999999999865,0,-0.10677310998297615,0.02899999999998215,0,0.06926353634695662,0.02899999999998215,0,0.8779309391975403,0.07399999999998386,0,0.7354174852371216,0.07399999999998386,0,0.0,0.07399999999998386,0,0.2224149108134176,0.02899999999998215,0,0.9195456774112292,0.02899999999998215,0,0.06790322977217322,1.0729999999999933,0,1.0,0.07399999999998386,0
e3d7de09-b6f8-43bc-8931-8019fe4823e5,145,88.585,-1.8605735772772765,1.5729999999999933,0,0.3761441540252362,1.5729999999999933,0,-0.11470116674900055,0.018999999999991246,0,0.0902426689863205,0.018999999999991246,0,1.3836588061321018,1.0179999999999865,0,3.402888705951093,1.0179999999999865,0,-0.11115500331741439,0.024999999999991473,0,0.08799460530281022,0.024999999999991473,0,0.845373809337616,0.0759999999999934,0,0.7511839866638184,0.0759999999999934,0,0.0,0.0759999999999934,0,0.25691024658042805,0.024999999999991473,0,0.9428273164583101,0.024999999999991473,0,0.06790322977217322,1.5729999999999933,0,1.0,0.0759999999999934,0
e3d7de09-b6f8-43bc-8931-8019fe4823e5,146,89.085,-1.723185615021992,0.16499999999999204,0,0.4675443686408946,0.16499999999999204,0,-0.10545717179775238,0.01799999999998647,0,0.08727886527776718,0.01799999999998647,0,1.4708187077057997,0.4889999999999901,0,3.340737289597474,0.4889999999999901,0,-0.10878128558393066,0.020999999999986585,0,0.08522943658088405,0.020999999999986585,0,0.7959863543510437,0.07199999999998852,0,0.7624098062515259,0.07199999999998852,0,0.0,0.07199999999998852,0,0.29474128639793434,0.020999999999986585,0,0.965409092447122,0.020999999999986585,0,0.08460167587540321,0.16499999999999204,0,1.0,0.07199999999998852,0
e3d7de09-b6f8-43bc-8931-8019fe4823e5,147,89.585,-1.723185615021992,0.664999999999992,0,0.4675443686408946,0.664999999999992,0,-0.12554311752319336,0.016999999999981696,0,0.10000211000442505,0.016999999999981696,0,1.4708187077057997,0.9889999999999901,0,3.340737289597474,0.9889999999999901,0,-0.12042541801948012,0.016999999999981696,0,0.09994071722028153,0.016999999999981696,0,0.7398574352264404,0.07399999999998386,0,0.7859460115432739,0.07399999999998386,0,0.0,0.07399999999998386,0,0.3382390666745025,0.016999999999981696,0,0.9880438263143173,0.016999999999981696,0,0.08460167587540321,0.664999999999992,0,1.0,0.07399999999998386,0
e3d7de09-b6f8-43bc-8931-8019fe4823e5,148,90.085,-1.723185615021992,1.164999999999992,0,0.4675443686408946,1.164999999999992,0,-0.10822766274213791,0.006999999999990791,0,0.10063814371824265,0.006999999999990791,0,1.483321126884124,0.4689999999999941,0,3.2325725857840135,0.4689999999999941,0,-0.11119160801198986,0.012999999999991019,0,0.09713393449783207,0.012999999999991019,0,0.6852385401725769,0.0759999999999934,0,0.7536272406578064,0.0759999999999934,0,0.0,0.0759999999999934,0,0.38261893477299336,0.012999999999991019,0,1.0078698414411482,0.012999999999991019,0,0.08460167587540321,1.164999999999992,0,1.0,0.0759999999999934,0
e3d7de09-b6f8-43bc-8931-8019fe4823e5,149,90.585,-1.723185615021992,1.664999999999992,0,0.4675443686408946,1.664999999999992,0,-0.11994781345129013,0.0059999999999860165,0,0.11739948391914368,0.0059999999999860165,0,1.483321126884124,0.9689999999999941,0,3.2325725857840135,0.9689999999999941,0,-0.11773168295626166,0.00899999999998613,0,0.11037763953207769,0.00899999999998613,0,0.6396313905715942,0.07499999999998863,0,0.653346061706543,0.07499999999998863,0,0.0,0.07499999999998863,0,0.4323321550602036,0.00899999999998613,0,1.0266050747593816,0.00899999999998613,0,0.08460167587540321,1.664999999999992,0,1.0,0.07499999999998863,0
e3d7de09-b6f8-43bc-8931-8019fe4823e5,150,91.085,-1.5493213054363646,0.3649999999999949,0,0.5440804960384694,0.3649999999999949,0,-0.11458762735128403,0.06799999999998363,0,0.12625247240066528,0.06799999999998363,0,1.31387199210776,0.4399999999999835,0,3.1241348603508095,0.4399999999999835,0,-0.11458762735177899,0.004999999999981242,0,0.1262524724006564,0.004999999999981242,0,0.605323314666748,0.07399999999998386,0,0.5888797044754028,0.07399999999998386,0,0.0,0.07399999999998386,0,0.4915391356338362,0.004999999999981242,0,1.0448011986481172,0.004999999999981242,0,0.08789548559682349,0.3649999999999949,0,1.0,0.07399999999998386,0
e3d7de09-b6f8-43bc-8931-8019fe4823e5,151,91.585,-1.5493213054363646,0.8649999999999949,0,0.5440804960384694,0.8649999999999949,0,-0.107544906437397,0.03699999999999193,0,0.1444394588470459,0.03699999999999193,0,1.31387199210776,0.9399999999999835,0,3.1241348603508095,0.9399999999999835,0,-0.10754490643746788,0.000999999999990564,0,0.14422550079681296,0.000999999999990564,0,0.6141887307167053,0.0759999999999934,0,0.5410190224647522,0.0759999999999934,0,0.0,0.0759999999999934,0,0.5584379358393278,0.000999999999990564,0,1.060962757930091,0.000999999999990564,0,0.08789548559682349,0.8649999999999949,0,1.0,0.0759999999999934,0
e3d7de09-b6f8-43bc-8931-8019fe4823e5,152,92.085,-1.5493213054363646,1.3649999999999949,0,0.5440804960384694,1.3649999999999949,0,-0.10310359299182892,0.026999999999986812,0,0.16087158024311066,0.026999999999986812,0,1.3705034819097055,0.4199999999999875,0,3.0226048884887717,0.4199999999999875,0,-0.10418912768381627,0.03299999999998704,0,0.1609649062149073,0.03299999999998704,0,1.3941099643707275,0.07499999999998863,0,0.47235968708992004,0.07499999999998863,0,0.0,0.07499999999998863,0,0.6270677184289974,0.03299999999998704,0,1.0735218329162906,0.03299999999998704,0,0.08789548559682349,1.3649999999999949,0,1.0,0.07499999999998863,0
e3d7de09-b6f8-43bc-8931-8019fe4823e5,153,92.585,-1.2923923146273493,0.06499999999998352,0,0.5858048120403727,0.06499999999998352,0,-0.08556779474020004,0.02899999999998215,0,0.16533192992210388,0.02899999999998215,0,1.3705034819097055,0.9199999999999875,0,3.0226048884887717,0.9199999999999875,0,-0.08968082517642054,0.02899999999998215,0,0.1652715116732965,0.02899999999998215,0,1.320115089416504,0.07399999999998386,0,0.4215194284915924,0.07399999999998386,0,0.0,0.07399999999998386,0,0.7100197632150251,0.02899999999998215,0,1.084189028371362,0.02899999999998215,0,0.10838535081846883,0.06499999999998352,0,1.0,0.07399999999998386,0
e3d7de09-b6f8-43bc-8931-8019fe4823e5,154,93.085,-1.2923923146273493,0.5649999999999835,0,0.5858048120403727,0.5649999999999835,0,-0.08188995718955994,0.015999999999991132,0,0.16716140508651733,0.015999999999991132,0,1.575279873015897,0.387999999999991,0,2.8283890797778497,0.387999999999991,0,-0.08125478030152891,0.024999999999991473,0,0.1674832216035445,0.024999999999991473,0,1.2315716743469238,0.0759999999999934,0,0.3766290545463562,0.0759999999999934,0,0.0,0.0759999999999934,0,0.795841597666688,0.024999999999991473,0,1.091109327604048,0.024999999999991473,0,0.10838535081846883,0.5649999999999835,0,1.0,0.0759999999999934,0
e3d7de09-b6f8-43bc-8931-8019fe4823e5,155,93.585,-1.2923923146273493,1.0649999999999835,0,0.5858048120403727,1.0649999999999835,0,-0.06654231250286102,0.01799999999998647,0,0.17510437965393066,0.01799999999998647,0,1.575279873015897,0.887999999999991,0,2.8283890797778497,0.887999999999991,0,-0.06814000755573922,0.020999999999986585,0,0.1722059547901389,0.020999999999986585,0,1.1557482481002808,0.07499999999998863,0,0.34751206636428833,0.07499999999998863,0,0.0,0.07499999999998863,0,0.8824675114788065,0.020999999999986585,0,1.0945163436423706,0.020999999999986585,0,0.10838535081846883,1.0649999999999835,0,1.0,0.07499999999998863,0
e3d7de09-b6f8-43bc-8931-8019fe4823e5,156,94.085,-1.0471097455659757,0.04999999999998295,0,0.5921056743490555,0.04999999999998295,0,-0.04251369088888168,0.016999999999981696,0,0.1710743010044098,0.016999999999981696,0,1.8799442473752037,0.367999999999995,0,2.775521560507896,0.367999999999995,0,-0.03805632144241038,0.016999999999981696,0,0.17137551307679172,0.016999999999981696,0,1.0645664930343628,0.07699999999998397,0,0.33350658416748047,0.07699999999998397,0,0.0,0.07699999999998397,0,0.9692524201600863,0.016999999999981696,0,1.0950563789739678,0.016999999999981696,0,0.12299763434904504,0.04999999999998295,0,1.0,0.07699999999998397,0
e3d7de09-b6f8-43bc-8931-8019fe4823e5,157,94.585,-1.0471097455659757,0.549999999999983,0,0.5921056743490555,0.549999999999983,0,-0.03200678527355194,0.006999999999990791,0,0.17556431889533997,0.006999999999990791,0,1.8799442473752037,0.867999999999995,0,2.775521560507896,0.867999999999995,0,-0.031369142234409016,0.012999999999991019,0,0.1702846437693362,0.012999999999991019,0,0.9860313534736633,0.0759999999999934,0,0.340088814496994,0.0759999999999934,0,0.0,0.0759999999999934,0,1.0559464925334265,0.012999999999991019,0,1.0936962039426377,0.012999999999991019,0,0.12299763434904504,0.549999999999983,0,1.0,0.0759999999999934,0
e3d7de09-b6f8-43bc-8931-8019fe4823e5,158,95.085,-1.0471097455659757,1.049999999999983,0,0.5921056743490555,1.049999999999983,0,-0.020150624215602875,0.0059999999999860165,0,0.17244693636894226,0.0059999999999860165,0,1.902884679412776,0.3389999999999844,0,2.604118847199023,0.3389999999999844,0,-0.010318052955179343,0.00899999999998613,0,0.1749261319636745,0.00899999999998613,0,0.9142760038375854,0.07499999999998863,0,0.35456275939941406,0.07499999999998863,0,0.0,0.07499999999998863,0,1.1437177657548678,0.00899999999998613,0,1.0907530760123145,0.00899999999998613,0,0.12299763434904504,1.049999999999983,0,1.0,0.07499999999998863,0
e3d7de09-b6f8-43bc-8931-8019fe4823e5,159,95.585,-0.7945176394617884,0.07099999999998374,0,0.5739323367397027,0.07099999999998374,0,-0.011633433401584625,0.06799999999998363,0,0.1628909409046173,0.06799999999998363,0,1.902884679412776,0.8389999999999844,0,2.604118847199023,0.8389999999999844,0,-0.01163343340127253,0.004999999999981242,0,0.1628909409046253,0.004999999999981242,0,0.8625338077545166,0.07399999999998386,0,0.38442298769950867,0.07399999999998386,0,0.0,0.07399999999998386,0,1.2280086148725045,0.004999999999981242,0,1.0870303156785168,0.004999999999981242,0,0.1426898757387437,0.07099999999998374,0,1.0,0.07399999999998386,0
e3d7de09-b6f8-43bc-8931-8019fe4823e5,160,96.085,-0.7945176394617884,0.5709999999999837,0,0.5739323367397027,0.5709999999999837,0,-0.016348669305443764,0.03699999999999193,0,0.15084394812583923,0.03699999999999193,0,1.9013916908834108,0.3189999999999884,0,2.351495404952452,0.3189999999999884,0,-0.016348669305569614,0.000999999999990564,0,0.15084394812590052,0.000999999999990564,0,0.8204319477081299,0.0759999999999934,0,0.4320763945579529,0.0759999999999934,0,0.0,0.0759999999999934,0,1.3066528194462685,0.000999999999990564,0,1.0828486065939726,0.000999999999990564,0,0.1426898757387437,0.5709999999999837,0,1.0,0.0759999999999934,0
e3d7de09-b6f8-43bc-8931-8019fe4823e5,161,96.585,-0.7945176394617884,1.0709999999999837,0,0.5739323367397027,1.0709999999999837,0,-0.015084902755916119,0.026999999999986812,0,0.1346060335636139,0.026999999999986812,0,1.9013916908834108,0.8189999999999884,0,2.351495404952452,0.8189999999999884,0,-0.01818604518318541,0.03299999999998704,0,0.1405818483367701,0.03299999999998704,0,1.720973014831543,0.07499999999998863,0,0.48426175117492676,0.07499999999998863,0,0.0,0.07499999999998863,0,1.3759457485390052,0.03299999999998704,0,1.0785073766645454,0.03299999999998704,0,0.1426898757387437,1.0709999999999837,0,1.0,0.07499999999998863,0
e3d7de09-b6f8-43bc-8931-8019fe4823e5,162,97.085,-0.7945176394617884,1.5709999999999837,0,0.5739323367397027,1.5709999999999837,0,-0.004050425253808498,0.02899999999998215,0,0.12399892508983612,0.02899999999998215,0,2.053343199395214,0.28999999999999204,0,2.3112845303734515,0.28999999999999204,0,-0.00555686549313431,0.02899999999998215,0,0.12214595289371892,0.02899999999998215,0,1.6617258787155151,0.07699999999998397,0,0.5202208161354065,0.07699999999998397,0,0.0,0.07699999999998397,0,1.443033220293311,0.02899999999998215,0,1.073872237969565,0.02899999999998215,0,0.1426898757387437,1.5709999999999837,0,1.0,0.07699999999998397,0
e3d7de09-b6f8-43bc-8931-8019fe4823e5,163,97.585,-0.5296048554392947,0.2709999999999866,0,0.5664558958010051,0.2709999999999866,0,0.010663270950317383,0.018999999999991246,0,0.11810677498579025,0.018999999999991246,0,2.053343199395214,0.789999999999992,0,2.3112845303734515,0.789999999999992,0,0.002705405469039678,0.024999999999991473,0,0.11700015724984691,0.024999999999991473,0,1.5978915691375732,0.07299999999999329,0,0.5530664920806885,0.07299999999999329,0,0.0,0.07299999999999329,0,1.5053586362116569,0.024999999999991473,0,1.0694750410628777,0.024999999999991473,0,0.14430150719353352,0.2709999999999866,0,1.0,0.07299999999999329,0
e3d7de09-b6f8-43bc-8931-8019fe4823e5,164,98.085,-0.5296048554392947,0.7709999999999866,0,0.5664558958010051,0.7709999999999866,0,-0.00792620424181223,0.01799999999998647,0,0.11056618392467499,0.01799999999998647,0,2.11682599023332,0.2699999999999818,0,2.2017775995049145,0.2699999999999818,0,-0.005448025651104328,0.020999999999986585,0,0.11498577892785633,0.020999999999986585,0,1.5341484546661377,0.07499999999998863,0,0.5740638971328735,0.07499999999998863,0,0.0,0.07499999999998863,0,1.5644359762658708,0.020999999999986585,0,1.0654726974691104,0.020999999999986585,0,0.14430150719353352,0.7709999999999866,0,1.0,0.07499999999998863,0
e3d7de09-b6f8-43bc-8931-8019fe4823e5,165,98.585,-0.5296048554392947,1.2709999999999866,0,0.5664558958010051,1.2709999999999866,0,-0.024841533973813057,0.016999999999981696,0,0.11728594452142715,0.016999999999981696,0,2.11682599023332,0.7699999999999818,0,2.2017775995049145,0.7699999999999818,0,-0.031618159264350194,0.016999999999981696,0,0.11594391614194362,0.016999999999981696,0,1.5047152042388916,0.07399999999998386,0,0.5343816876411438,0.07399999999998386,0,0.0,0.07399999999998386,0,1.621651770982441,0.016999999999981696,0,1.061420575472224,0.016999999999981696,0,0.14430150719353352,1.2709999999999866,0,1.0,0.07399999999998386,0
e3d7de09-b6f8-43bc-8931-8019fe4823e5,166,99.085,-0.5296048554392947,1.7709999999999866,0,0.5664558958010051,1.7709999999999866,0,-0.005031525157392025,0.006999999999990791,0,0.11449110507965088,0.006999999999990791,0,2.3589328522843083,0.23799999999998533,0,2.0673975699632736,0.23799999999998533,0,-0.009351992980254421,0.012999999999991019,0,0.12127159535885537,0.012999999999991019,0,1.4324284791946411,0.07899999999999352,0,0.49720439314842224,0.07899999999999352,0,0.0,0.07899999999999352,0,1.6808783041204942,0.012999999999991019,0,1.0564483478633977,0.012999999999991019,0,0.14430150719353352,1.7709999999999866,0,1.0,0.07899999999999352,0
e3d7de09-b6f8-43bc-8931-8019fe4823e5,167,99.585,-0.27233639344666705,0.07199999999998852,0,0.5407981533446266,0.07199999999998852,0,-0.011968626640737057,0.0059999999999860165,0,0.12088111788034439,0.0059999999999860165,0,2.3589328522843083,0.7379999999999853,0,2.0673975699632736,0.7379999999999853,0,-0.010000424459574477,0.00899999999998613,0,0.12350968271499507,0.00899999999998613,0,1.3895511627197266,0.07499999999998863,0,0.46820223331451416,0.07499999999998863,0,0.0,0.07499999999998863,0,1.739936487083716,0.00899999999998613,0,1.051138449577605,0.00899999999998613,0,0.14625892044568145,0.07199999999998852,0,1.0,0.07499999999998863,0
e3d7de09-b6f8-43bc-8931-8019fe4823e5,168,100.085,-0.27233639344666705,0.5719999999999885,0,0.5407981533446266,0.5719999999999885,0,0.008406147360801697,0.06799999999998363,0,0.1113356202840805,0.06799999999998363,0,2.3151207901225233,0.2179999999999893,0,1.954740565537674,0.2179999999999893,0,0.008406147361109154,0.004999999999981242,0,0.11133562028408465,0.004999999999981242,0,1.3306418657302856,0.07399999999998386,0,0.4463404715061188,0.07399999999998386,0,0.0,0.07399999999998386,0,1.7989041384662838,0.004999999999981242,0,1.0456563069454985,0.004999999999981242,0,0.14625892044568145,0.5719999999999885,0,1.0,0.07399999999998386,0
e3d7de09-b6f8-43bc-8931-8019fe4823e5,169,100.585,-0.27233639344666705,1.0719999999999885,0,0.5407981533446266,1.0719999999999885,0,0.01165976095944643,0.03699999999999193,0,0.10904727876186371,0.03699999999999193,0,2.3151207901225233,0.7179999999999893,0,1.954740565537674,0.7179999999999893,0,0.011659760959447122,0.000999999999990564,0,0.1090472787619016,0.000999999999990564,0,1.270444393157959,0.0759999999999934,0,0.4204586148262024,0.0759999999999934,0,0.0,0.0759999999999934,0,1.8532894508571713,0.000999999999990564,0,1.0407413391393814,0.000999999999990564,0,0.14625892044568145,1.0719999999999885,0,1.0,0.0759999999999934,0
e3d7de09-b6f8-43bc-8931-8019fe4823e5,170,101.085,-0.27233639344666705,1.5719999999999885,0,0.5407981533446266,1.5719999999999885,0,-0.012215439230203629,0.026999999999986812,0,0.11576664447784424,0.026999999999986812,0,2.4151898592305394,0.18899999999999295,0,1.8004811953855517,0.18899999999999295,0,-0.009089050814136808,0.03299999999998704,0,0.11134717613413929,0.03299999999998704,0,1.219343900680542,0.07499999999998863,0,0.4135321080684662,0.07499999999998863,0,0.0,0.07499999999998863,0,1.903648088962228,0.03299999999998704,0,1.0363295099040188,0.03299999999998704,0,0.14625892044568145,1.5719999999999885,0,1.0,0.07499999999998863,0
e3d7de09-b6f8-43bc-8931-8019fe4823e5,171,101.585,0.0,2.0,1,0.0,2.0,1,-0.010463617742061615,0.02899999999998215,0,0.11096891015768051,0.02899999999998215,0,2.4151898592305394,0.688999999999993,0,1.8004811953855517,0.688999999999993,0,-0.0040830940007306055,0.02899999999998215,0,0.11149602965844588,0.02899999999998215,0,1.1736770868301392,0.07399999999998386,0,0.4004977345466614,0.07399999999998386,0,0.0,0.07399999999998386,0,1.9618695196181781,0.02899999999998215,0,1.0310251016911915,0.02899999999998215,0,0.0,2.0,1,1.0,0.07399999999998386,0
e3d7de09-b6f8-43bc-8931-8019fe4823e5,172,102.085,-0.006637401706731722,0.2709999999999866,0,0.5155197687092832,0.2709999999999866,0,-0.01341661624610424,0.015999999999991132,0,0.0999114140868187,0.015999999999991132,0,2.4757844194033534,0.16899999999998272,0,1.7035717941674136,0.16899999999998272,0,-0.018159028150723372,0.024999999999991473,0,0.10203876346424796,0.024999999999991473,0,1.1310280561447144,0.0759999999999934,0,0.396239697933197,0.0759999999999934,0,0.0,0.0759999999999934,0,2.0165722752376984,0.024999999999991473,0,1.0257289081150345,0.024999999999991473,0,0.14050467289023433,0.2709999999999866,0,1.0,0.0759999999999934,0
e3d7de09-b6f8-43bc-8931-8019fe4823e5,173,102.585,-0.006637401706731722,0.7709999999999866,0,0.5155197687092832,0.7709999999999866,0,-0.006988584995269775,0.01799999999998647,0,0.11666162312030792,0.01799999999998647,0,2.4757844194033534,0.6689999999999827,0,1.7035717941674136,0.6689999999999827,0,-0.003203681669363184,0.020999999999986585,0,0.11390118300930543,0.020999999999986585,0,1.1331905126571655,0.07499999999998863,0,0.39294347167015076,0.07499999999998863,0,0.0,0.07499999999998863,0,2.0721584945332054,0.020999999999986585,0,1.01990692217707,0.020999999999986585,0,0.14050467289023433,0.7709999999999866,0,1.0,0.07499999999998863,0
e3d7de09-b6f8-43bc-8931-8019fe4823e5,174,103.085,-0.006637401706731722,1.2709999999999866,0,0.5155197687092832,1.2709999999999866,0,-0.05122557282447815,0.016999999999981696,0,0.11463168263435364,0.016999999999981696,0,2.673985946704749,0.13999999999998636,0,1.6093443708525137,0.13999999999998636,0,-0.0450193211433509,0.016999999999981696,0,0.11262682080270814,0.016999999999981696,0,1.1095483303070068,0.07399999999998386,0,0.4193454682826996,0.07399999999998386,0,0.0,0.07399999999998386,0,2.130676495855471,0.016999999999981696,0,1.0134730208871843,0.016999999999981696,0,0.14050467289023433,1.2709999999999866,0,1.0,0.07399999999998386,0
e3d7de09-b6f8-43bc-8931-8019fe4823e5,175,103.585,-0.006637401706731722,1.7709999999999866,0,0.5155197687092832,1.7709999999999866,0,-0.023104704916477203,0.006999999999990791,0,0.11536546051502228,0.006999999999990791,0,2.673985946704749,0.6399999999999864,0,1.6093443708525137,0.6399999999999864,0,-0.041177995502810844,0.012999999999991019,0,0.1030695587396065,0.012999999999991019,0,2.1894891262054443,0.07899999999999352,0,0.4137116074562073,0.07899999999999352,0,0.0,0.07899999999999352,0,2.1842025869136625,0.012999999999991019,0,1.0065961443896074,0.012999999999991019,0,0.14050467289023433,1.7709999999999866,0,1.0,0.07899999999999352,0
e3d7de09-b6f8-43bc-8931-8019fe4823e5,176,104.085,0.0,2.0,1,0.0,2.0,1,-0.04266652464866638,0.0059999999999860165,0,0.10808584094047546,0.0059999999999860165,0,2.7752829621943045,0.11999999999999034,0,1.476235832551761,0.11999999999999034,0,-0.061475884169256166,0.00899999999998613,0,0.090799480676651,0.00899999999998613,0,2.1728832721710205,0.07499999999998863,0,0.43176260590553284,0.07499999999998863,0,0.0,0.07499999999998863,0,2.2361755894570567,0.00899999999998613,0,0.9988176799563283,0.00899999999998613,0,0.0,2.0,1,1.0,0.07499999999998863,0
e3d7de09-b6f8-43bc-8931-8019fe4823e5,177,104.585,0.2509774199074001,0.36199999999998056,0,0.4560967481423213,0.36199999999998056,0,-0.011681967414915562,0.06799999999998363,0,0.11730817705392838,0.06799999999998363,0,2.7752829621943045,0.6199999999999903,0,1.476235832551761,0.6199999999999903,0,-0.011681967415297954,0.004999999999981242,0,0.11730817705394674,0.004999999999981242,0,2.1403138637542725,0.07399999999998386,0,0.4545067548751831,0.07399999999998386,0,0.0,0.07399999999998386,0,2.2921167284982773,0.004999999999981242,0,0.9892051063172792,0.004999999999981242,0,0.16480961082911794,0.36199999999998056,0,1.0,0.07399999999998386,0
e3d7de09-b6f8-43bc-8931-8019fe4823e5,178,105.085,0.2509774199074001,0.8619999999999806,0,0.4560967481423213,0.8619999999999806,0,-0.013820303604006767,0.03699999999999193,0,0.1105339452624321,0.03699999999999193,0,2.573652847155425,0.08799999999999386,0,1.2201651047934556,0.08799999999999386,0,-0.01382030360370971,0.000999999999990564,0,0.11053394526241433,0.000999999999990564,0,2.088639497756958,0.0759999999999934,0,0.4940519332885742,0.0759999999999934,0,0.0,0.0759999999999934,0,2.3506099512628955,0.000999999999990564,0,0.9787086145488612,0.000999999999990564,0,0.16480961082911794,0.8619999999999806,0,1.0,0.0759999999999934,0
e3d7de09-b6f8-43bc-8931-8019fe4823e5,179,105.585,0.2509774199074001,1.3619999999999806,0,0.4560967481423213,1.3619999999999806,0,0.0022505843080580235,0.026999999999986812,0,0.09095361828804016,0.026999999999986812,0,2.573652847155425,0.5879999999999939,0,1.2201651047934556,0.5879999999999939,0,0.006968680295972178,0.03299999999998704,0,0.09426674991899198,0.03299999999998704,0,2.05438232421875,0.07799999999998875,0,0.5357164144515991,0.07799999999998875,0,0.0,0.07799999999998875,0,2.3992965313402044,0.03299999999998704,0,0.9697831763901457,0.03299999999998704,0,0.16480961082911794,1.3619999999999806,0,1.0,0.07799999999998875,0
e3d7de09-b6f8-43bc-8931-8019fe4823e5,180,106.085,0.2509774199074001,1.8619999999999806,0,0.4560967481423213,1.8619999999999806,0,-0.09905585646629333,0.02899999999998215,0,0.054323676973581314,0.02899999999998215,0,2.597483019515121,0.06799999999998363,0,1.2763152253752317,0.06799999999998363,0,-0.10353472381038513,0.02899999999998215,0,0.051142696799473995,0.02899999999998215,0,2.033620595932007,0.07399999999998386,0,0.5488025546073914,0.07399999999998386,0,0.0,0.07399999999998386,0,2.4281207888779623,0.02899999999998215,0,0.96422236691826,0.02899999999998215,0,0.16480961082911794,1.8619999999999806,0,1.0,0.07399999999998386,0
e3d7de09-b6f8-43bc-8931-8019fe4823e5,181,106.585,0.0,2.0,1,0.0,2.0,1,-0.07760464400053024,0.018999999999991246,0,0.049081429839134216,0.018999999999991246,0,2.597483019515121,0.5679999999999836,0,1.2763152253752317,0.5679999999999836,0,-0.06821982761026704,0.024999999999991473,0,0.0526125255607468,0.024999999999991473,0,2.003681182861328,0.0759999999999934,0,0.5729976892471313,0.0759999999999934,0,0.0,0.0759999999999934,0,2.456445197660744,0.024999999999991473,0,0.9574058009302421,0.024999999999991473,0,0.0,2.0,1,1.0,0.0759999999999934,0
e3d7de09-b6f8-43bc-8931-8019fe4823e5,182,107.085,0.0,2.0,1,0.0,2.0,1,-0.07749145478010178,0.01799999999998647,0,0.04228714853525162,0.01799999999998647,0,3.030286350251228,0.03899999999998727,0,1.2782660970005957,0.03899999999998727,0,-0.07485540211236827,0.020999999999986585,0,0.04003335535565089,0.020999999999986585,0,1.9733705520629883,0.07499999999998863,0,0.5803397297859192,0.07499999999998863,0,0.0,0.07499999999998863,0,2.4793158847746457,0.020999999999986585,0,0.9509802009960435,0.020999999999986585,0,0.0,2.0,1,1.0,0.07499999999998863,0
e3d7de09-b6f8-43bc-8931-8019fe4823e5,183,107.585,0.0,2.0,1,0.0,2.0,1,-0.06742242723703384,0.016999999999981696,0,0.04747653380036354,0.016999999999981696,0,3.030286350251228,0.5389999999999873,0,1.2782660970005957,0.5389999999999873,0,-0.06769708544041701,0.016999999999981696,0,0.04667916521425841,0.016999999999981696,0,1.9578871726989746,0.07399999999998386,0,0.5901972651481628,0.07399999999998386,0,0.0,0.07399999999998386,0,2.4998260493532722,0.016999999999981696,0,0.9443412831970855,0.016999999999981696,0,0.0,2.0,1,1.0,0.07399999999998386,0
e3d7de09-b6f8-43bc-8931-8019fe4823e5,184,108.085,0.49162296076121365,0.4689999999999941,0,0.3899434382612732,0.4689999999999941,0,-0.07867715507745743,0.006999999999990791,0,0.03858514875173569,0.006999999999990791,0,3.5830570837413322,0.018999999999991246,0,1.2186713065403985,0.018999999999991246,0,-0.07924820482736764,0.012999999999991019,0,0.03781508281823035,0.012999999999991019,0,1.9374619722366333,0.0759999999999934,0,0.6134217381477356,0.0759999999999934,0,0.0,0.0759999999999934,0,2.5188956936610913,0.012999999999991019,0,0.9374057070683,0.012999999999991019,0,0.18748596725037778,0.4689999999999941,0,1.0,0.0759999999999934,0
e3d7de09-b6f8-43bc-8931-8019fe4823e5,185,108.585,0.49162296076121365,0.9689999999999941,0,0.3899434382612732,0.9689999999999941,0,-0.08566782623529434,0.0059999999999860165,0,0.04642882198095322,0.0059999999999860165,0,3.5830570837413322,0.5189999999999912,0,1.2186713065403985,0.5189999999999912,0,-0.08954136073598554,0.00899999999998613,0,0.04529047757380796,0.00899999999998613,0,1.9271489381790161,0.07499999999998863,0,0.6252740025520325,0.07499999999998863,0,0.0,0.07499999999998863,0,2.5378531498153722,0.00899999999998613,0,0.9296566251253844,0.00899999999998613,0,0.18748596725037778,0.9689999999999941,0,1.0,0.07499999999998863,0
e3d7de09-b6f8-43bc-8931-8019fe4823e5,186,109.085,0.49162296076121365,1.468999999999994,0,0.3899434382612732,1.468999999999994,0,-0.07837463915348053,0.06799999999998363,0,0.03449299931526184,0.06799999999998363,0,3.5830570837413322,1.0189999999999912,0,1.2186713065403985,1.0189999999999912,0,-0.07837463915367879,0.004999999999981242,0,0.034492999315253556,0.004999999999981242,0,1.8915684223175049,0.07399999999998386,0,0.6612426042556763,0.07399999999998386,0,0.0,0.07399999999998386,0,2.5614599637854365,0.004999999999981242,0,0.9188928924707119,0.004999999999981242,0,0.18748596725037778,1.468999999999994,0,1.0,0.07399999999998386,0
e3d7de09-b6f8-43bc-8931-8019fe4823e5,187,109.585,0.49162296076121365,1.968999999999994,0,0.3899434382612732,1.968999999999994,0,-0.0837237536907196,0.03699999999999193,0,0.049861811101436615,0.03699999999999193,0,2.6191615172954514,0.4899999999999807,0,1.2169443190010267,0.4899999999999807,0,-0.08372375369066654,0.000999999999990564,0,0.04986181110149997,0.000999999999990564,0,0.6641470193862915,0.0759999999999934,0,0.7030150294303894,0.0759999999999934,0,0.0,0.0759999999999934,0,2.5841559805833088,0.000999999999990564,0,0.9073525120958044,0.000999999999990564,0,0.18748596725037778,1.968999999999994,0,1.0,0.0759999999999934,0
e3d7de09-b6f8-43bc-8931-8019fe4823e5,188,110.085,0.0,2.0,1,0.0,2.0,1,-0.09610700607299805,0.026999999999986812,0,0.041227541863918304,0.026999999999986812,0,2.6191615172954514,0.9899999999999807,0,1.2169443190010267,0.9899999999999807,0,-0.08945521290771592,0.03299999999998704,0,0.04082094827095133,0.03299999999998704,0,0.587427020072937,0.07499999999998863,0,0.7009224891662598,0.07499999999998863,0,0.0,0.07499999999998863,0,2.6040881541710768,0.03299999999998704,0,0.8961993078132784,0.03299999999998704,0,0.0,2.0,1,1.0,0.07499999999998863,0
e3d7de09-b6f8-43bc-8931-8019fe4823e5,189,110.585,0.5946114235699917,0.4579999999999842,0,0.3391450275954574,0.4579999999999842,0,-0.07306192815303802,0.02899999999998215,0,0.017845991998910904,0.02899999999998215,0,3.401210033572311,0.46999999999998465,0,1.0972939134678132,0.46999999999998465,0,-0.07998978494593481,0.02899999999998215,0,0.022177290493785584,0.02899999999998215,0,0.5525221824645996,0.07399999999998386,0,0.6933331489562988,0.07399999999998386,0,0.0,0.07399999999998386,0,2.618239861816933,0.02899999999998215,0,0.8875403621865291,0.02899999999998215,0,0.1732381731831536,0.4579999999999842,0,1.0,0.07399999999998386,0
e3d7de09-b6f8-43bc-8931-8019fe4823e5,190,111.085,0.5946114235699917,0.9579999999999842,0,0.3391450275954574,0.9579999999999842,0,-0.06917578727006912,0.018999999999991246,0,0.013117479160428047,0.018999999999991246,0,3.401210033572311,0.9699999999999847,0,1.0972939134678132,0.9699999999999847,0,-0.08425875751582874,0.024999999999991473,0,0.014278654046047848,0.024999999999991473,0,0.5552418231964111,0.0759999999999934,0,0.6976795792579651,0.0759999999999934,0,0.0,0.0759999999999934,0,2.6234753485006093,0.024999999999991473,0,0.8840690751907447,0.024999999999991473,0,0.1732381731831536,0.9579999999999842,0,1.0,0.0759999999999934,0
e3d7de09-b6f8-43bc-8931-8019fe4823e5,191,111.585,0.5946114235699917,1.4579999999999842,0,0.3391450275954574,1.4579999999999842,0,-0.08415631949901581,0.01799999999998647,0,0.037799689918756485,0.01799999999998647,0,3.1775011393165244,0.4379999999999882,0,1.1341461948813791,0.4379999999999882,0,-0.08462068438556494,0.020999999999986585,0,0.038543563336338835,0.020999999999986585,0,0.5246158838272095,0.07499999999998863,0,0.6823917627334595,0.07499999999998863,0,0.0,0.07499999999998863,0,2.633489945991634,0.020999999999986585,0,0.8767985406131277,0.020999999999986585,0,0.1732381731831536,1.4579999999999842,0,1.0,0.07499999999998863,0
e3d7de09-b6f8-43bc-8931-8019fe4823e5,192,112.085,0.5946114235699917,1.9579999999999842,0,0.3391450275954574,1.9579999999999842,0,-0.08885489404201508,0.016999999999981696,0,0.0433405339717865,0.016999999999981696,0,3.1775011393165244,0.9379999999999882,0,1.1341461948813791,0.9379999999999882,0,-0.08910387009374336,0.016999999999981696,0,0.03843029588456541,0.016999999999981696,0,0.5019874572753906,0.07399999999998386,0,0.6932399272918701,0.07399999999998386,0,0.0,0.07399999999998386,0,2.646572833324477,0.016999999999981696,0,0.8665604411595104,0.016999999999981696,0,0.1732381731831536,1.9579999999999842,0,1.0,0.07399999999998386,0
e3d7de09-b6f8-43bc-8931-8019fe4823e5,193,112.585,0.0,2.0,1,0.0,2.0,1,-0.043591778725385666,0.006999999999990791,0,0.015353027731180191,0.006999999999990791,0,3.9445780124141896,0.41799999999999216,0,1.0559774701946816,0.41799999999999216,0,-0.043220758438104065,0.012999999999991019,0,0.021440317854352443,0.012999999999991019,0,0.4821176826953888,0.0759999999999934,0,0.6819297671318054,0.0759999999999934,0,0.0,0.0759999999999934,0,2.65805027161112,0.012999999999991019,0,0.8568879909896574,0.012999999999991019,0,0.0,2.0,1,1.0,0.0759999999999934,0
e3d7de09-b6f8-43bc-8931-8019fe4823e5,194,113.085,0.6600495653876021,0.14999999999999147,0,0.2946047045904868,0.14999999999999147,0,-0.06629130244255066,0.0059999999999860165,0,0.029140662401914597,0.0059999999999860165,0,3.9445780124141896,0.9179999999999922,0,1.0559774701946816,0.9179999999999922,0,-0.05557149276202331,0.00899999999998613,0,0.03773654624818305,0.00899999999998613,0,0.4662899374961853,0.07499999999998863,0,0.6923984289169312,0.07499999999998863,0,0.0,0.07499999999998863,0,2.6662761649023516,0.00899999999998613,0,0.8494508635937148,0.00899999999998613,0,0.15081367106000992,0.14999999999999147,0,1.0,0.07499999999998863,0
e3d7de09-b6f8-43bc-8931-8019fe4823e5,195,113.585,0.6600495653876021,0.6499999999999915,0,0.2946047045904868,0.6499999999999915,0,-0.05153820291161537,0.06799999999998363,0,0.003649138379842043,0.06799999999998363,0,3.910080555719375,0.3889999999999816,0,1.0579167289703073,0.3889999999999816,0,-0.05153820291182411,0.004999999999981242,0,0.0036491383798242785,0.004999999999981242,0,0.4561448395252228,0.07399999999998386,0,0.6903409957885742,0.07399999999998386,0,0.0,0.07399999999998386,0,2.6710968557244876,0.004999999999981242,0,0.8448885212539634,0.004999999999981242,0,0.15081367106000992,0.6499999999999915,0,1.0,0.07399999999998386,0
e3d7de09-b6f8-43bc-8931-8019fe4823e5,196,114.085,0.6600495653876021,1.1499999999999915,0,0.2946047045904868,1.1499999999999915,0,-0.06701714545488358,0.03699999999999193,0,0.0026666540652513504,0.03699999999999193,0,3.910080555719375,0.8889999999999816,0,1.0579167289703073,0.8889999999999816,0,-0.06701714545503332,0.000999999999990564,0,0.0026666540652753317,0.000999999999990564,0,0.451967716217041,0.0759999999999934,0,0.6857530474662781,0.0759999999999934,0,0.0,0.0759999999999934,0,2.6730158531572745,0.000999999999990564,0,0.8429733589466538,0.000999999999990564,0,0.15081367106000992,1.1499999999999915,0,1.0,0.0759999999999934,0
e3d7de09-b6f8-43bc-8931-8019fe4823e5,197,114.585,0.6600495653876021,1.6499999999999915,0,0.2946047045904868,1.6499999999999915,0,0.0,0.026999999999986812,0,0.0,0.026999999999986812,0,2.911371417875119,0.36899999999998556,0,1.0890701172633024,0.36899999999998556,0,-0.0321629568846588,0.03299999999998704,0,0.004998274626581238,0.03299999999998704,0,0.45249849557876587,0.07499999999998863,0,0.6915643215179443,0.07499999999998863,0,0.0,0.07499999999998863,0,2.6760889600875823,0.03299999999998704,0,0.8396544162506139,0.03299999999998704,0,0.15081367106000992,1.6499999999999915,0,1.0,0.07499999999998863,0
e3d7de09-b6f8-43bc-8931-8019fe4823e5,198,115.085,0.0,2.0,1,0.0,2.0,1,-0.052060697227716446,0.02899999999998215,0,0.02054869383573532,0.02899999999998215,0,2.911371417875119,0.8689999999999856,0,1.0890701172633024,0.8689999999999856,0,-0.06142654712893127,0.02899999999998215,0,0.03974275341800393,0.02899999999998215,0,0.4523039162158966,0.07399999999998386,0,0.681300163269043,0.07399999999998386,0,0.0,0.07399999999998386,0,2.680002072579509,0.02899999999998215,0,0.8351531281458168,0.02899999999998215,0,0.0,2.0,1,1.0,0.07399999999998386,0
e3d7de09-b6f8-43bc-8931-8019fe4823e5,199,115.585,0.0,2.0,1,0.0,2.0,1,-0.067497618496418,0.018999999999991246,0,0.02336488850414753,0.018999999999991246,0,4.162513064720755,0.3399999999999892,0,1.0170546188165108,0.3399999999999892,0,-0.06542016367409698,0.024999999999991473,0,0.02864147722695757,0.024999999999991473,0,0.44205257296562195,0.0759999999999934,0,0.6818723678588867,0.0759999999999934,0,0.0,0.0759999999999934,0,2.686386380148842,0.024999999999991473,0,0.82751153573358,0.024999999999991473,0,0.0,2.0,1,1.0,0.0759999999999934,0
e3d7de09-b6f8-43bc-8931-8019fe4823e5,200,116.085,0.0,2.0,1,0.0,2.0,1,-0.037717051804065704,0.01799999999998647,0,0.021856604143977165,0.01799999999998647,0,4.162513064720755,0.8399999999999892,0,1.0170546188165108,0.8399999999999892,0,-0.036092497408628896,0.020999999999986585,0,0.01765360124425334,0.020999999999986585,0,0.42664629220962524,0.07199999999998852,0,0.681125819683075,0.07199999999998852,0,0.0,0.07199999999998852,0,2.693255765027608,0.020999999999986585,0,0.8188259597575526,0.020999999999986585,0,0.0,2.0,1,1.0,0.07199999999998852,0
e3d7de09-b6f8-43bc-8931-8019fe4823e5,201,116.585,0.0,2.0,1,0.0,2.0,1,-0.03263486549258232,0.016999999999981696,0,0.01997802034020424,0.016999999999981696,0,4.162513064720755,0.3199999999999932,0,1.0170546188165108,0.3199999999999932,0,-0.03126217052347729,0.016999999999981696,0,0.023973232135188205,0.016999999999981696,0,0.4116949737071991,0.07399999999998386,0,0.687364399433136,0.07399999999998386,0,0.0,0.07399999999998386,0,2.698947039510731,0.016999999999981696,0,0.8112361832798263,0.016999999999981696,0,0.0,2.0,1,1.0,0.07399999999998386,0
e3d7de09-b6f8-43bc-8931-8019fe4823e5,202,117.085,0.6955190057742642,0.47199999999998,0,0.27623839033039205,0.47199999999998,0,-0.04751797392964363,0.006999999999990791,0,0.009806319139897823,0.006999999999990791,0,4.162513064720755,0.8199999999999932,0,1.0170546188165108,0.8199999999999932,0,-0.0522052645684263,0.012999999999991019,0,0.011404334567455265,0.012999999999991019,0,0.3954319357872009,0.0759999999999934,0,0.6924259662628174,0.0759999999999934,0,0.0,0.0759999999999934,0,2.7033193835157285,0.012999999999991019,0,0.8051594329667819,0.012999999999991019,0,0.12921247291711335,0.47199999999998,0,1.0,0.0759999999999934,0
e3d7de09-b6f8-43bc-8931-8019fe4823e5,203,117.585,0.6955190057742642,0.97199999999998,0,0.27623839033039205,0.97199999999998,0,-0.023224247619509697,0.0059999999999860165,0,0.0064786323346197605,0.0059999999999860165,0,2.9440403291477755,0.2879999999999825,0,1.0550827967027008,0.2879999999999825,0,-0.026989020407417897,0.00899999999998613,0,0.008894541300804212,0.00899999999998613,0,0.40615054965019226,0.07499999999998863,0,0.4888326823711395,0.07499999999998863,0,0.0,0.07499999999998863,0,2.705713620037321,0.00899999999998613,0,0.8016377762724589,0.00899999999998613,0,0.12921247291711335,0.97199999999998,0,1.0,0.07499999999998863,0
e3d7de09-b6f8-43bc-8931-8019fe4823e5,204,118.085,0.6955190057742642,1.47199999999998,0,0.27623839033039205,1.47199999999998,0,-0.05609436705708504,0.07699999999998397,0,0.0057321046479046345,0.07699999999998397,0,2.9440403291477755,0.7879999999999825,0,1.0550827967027008,0.7879999999999825,0,-0.05609436705712997,0.004999999999981242,0,0.005732104647930095,0.004999999999981242,0,0.39966100454330444,0.07399999999998386,0,0.47383221983909607,0.07399999999998386,0,0.0,0.07399999999998386,0,2.7088263024042893,0.004999999999981242,0,0.796870163626347,0.004999999999981242,0,0.12921247291711335,1.47199999999998,0,1.0,0.07399999999998386,0
e3d7de09-b6f8-43bc-8931-8019fe4823e5,205,118.585,0.6955190057742642,1.97199999999998,0,0.27623839033039205,1.97199999999998,0,-0.04910438507795334,0.03699999999999193,0,0.010376817546784878,0.03699999999999193,0,4.272590269944388,0.26799999999998647,0,1.0217874790187995,0.26799999999998647,0,-0.04910438508234745,0.000999999999990564,0,0.010376817546831063,0.000999999999990564,0,0.39179572463035583,0.0759999999999934,0,0.4251869320869446,0.0759999999999934,0,0.0,0.0759999999999934,0,2.711805589994399,0.000999999999990564,0,0.7920404063618092,0.000999999999990564,0,0.12921247291711335,1.97199999999998,0,1.0,0.0759999999999934,0
e3d7de09-b6f8-43bc-8931-8019fe4823e5,206,119.085,0.0,2.0,1,0.0,2.0,1,-0.05350440740585327,0.026999999999986812,0,0.008216498419642448,0.026999999999986812,0,4.272590269944388,0.7679999999999865,0,1.0217874790187995,0.7679999999999865,0,-0.045508820563623195,0.03299999999998704,0,0.007368604652594849,0.03299999999998704,0,0.38786762952804565,0.07499999999998863,0,0.41706931591033936,0.07499999999998863,0,0.0,0.07499999999998863,0,2.713688949018693,0.03299999999998704,0,0.7888130697688214,0.03299999999998704,0,0.0,2.0,1,1.0,0.07499999999998863,0
e3d7de09-b6f8-43bc-8931-8019fe4823e5,207,119.585,0.0,2.0,1,0.0,2.0,1,-0.04237587749958038,0.02899999999998215,0,0.01242575142532587,0.02899999999998215,0,3.3561376816151465,0.24799999999999045,0,0.9791092961928928,0.24799999999999045,0,-0.04774202852323024,0.02899999999998215,0,0.012205374986562488,0.02899999999998215,0,0.3828127086162567,0.07399999999998386,0,0.409393846988678,0.07399999999998386,0,0.0,0.07399999999998386,0,2.7164430999734877,0.02899999999998215,0,0.7837730645728639,0.02899999999998215,0,0.0,2.0,1,1.0,0.07399999999998386,0
e3d7de09-b6f8-43bc-8931-8019fe4823e5,208,120.085,0.0,2.0,1,0.0,2.0,1,-0.034309182316064835,0.018999999999991246,0,0.0040514045394957066,0.018999999999991246,0,3.3561376816151465,0.7479999999999905,0,0.9791092961928928,0.7479999999999905,0,-0.02985123148204629,0.024999999999991473,0,0.0024836570958308712,0.024999999999991473,0,0.3757134974002838,0.0759999999999792,0,0.39148974418640137,0.0759999999999792,0,0.0,0.0759999999999792,0,2.718556806264084,0.024999999999991473,0,0.7797114067024764,0.024999999999991473,0,0.0,2.0,1,1.0,0.0759999999999792,0
e3d7de09-b6f8-43bc-8931-8019fe4823e5,209,120.585,0.0,2.0,1,0.0,2.0,1,-0.06739306449890137,0.01799999999998647,0,0.008282004855573177,0.01799999999998647,0,3.3561376816151465,0.22799999999998022,0,0.9791092961928928,0.22799999999998022,0,-0.057687119240054964,0.020999999999986585,0,0.009046061896060092,0.020999999999986585,0,0.36821672320365906,0.07799999999998875,0,0.3820711374282837,0.07799999999998875,0,0.0,0.07799999999998875,0,2.720936651034135,0.020999999999986585,0,0.7748650996711195,0.020999999999986585,0,0.0,2.0,1,1.0,0.07799999999998875,0
e3d7de09-b6f8-43bc-8931-8019fe4823e5,210,121.085,0.7116442354566334,0.26599999999999113,0,0.2446622984894643,0.26599999999999113,0,-0.050366178154945374,0.016999999999981696,0,-0.0028593004681169987,0.016999999999981696,0,3.3561376816151465,0.7279999999999802,0,0.9791092961928928,0.7279999999999802,0,-0.052613750099850455,0.016999999999981696,0,0.0002745948731878537,0.016999999999981696,0,0.3630993366241455,0.07399999999998386,0,0.36701223254203796,0.07399999999998386,0,0.0,0.07399999999998386,0,2.7221942019383745,0.016999999999981696,0,0.7721539338473099,0.016999999999981696,0,0.11923350313770682,0.26599999999999113,0,1.0,0.07399999999998386,0
e3d7de09-b6f8-43bc-8931-8019fe4823e5,211,121.585,0.7116442354566334,0.7659999999999911,0,0.2446622984894643,0.7659999999999911,0,-0.03885208070278168,0.006999999999990791,0,0.0020652294624596834,0.006999999999990791,0,4.272590269944388,0.19899999999998386,0,1.0217874790187995,0.19899999999998386,0,-0.04626089334511681,0.012999999999991019,0,0.007244335487495886,0.012999999999991019,0,0.36420392990112305,0.0759999999999792,0,0.37268495559692383,0.0759999999999792,0,0.0,0.0759999999999792,0,2.7234232226600796,0.012999999999991019,0,0.7692940839302569,0.012999999999991019,0,0.11923350313770682,0.7659999999999911,0,1.0,0.0759999999999792,0
e3d7de09-b6f8-43bc-8931-8019fe4823e5,212,122.085,0.7116442354566334,1.2659999999999911,0,0.2446622984894643,1.2659999999999911,0,-0.06876689195632935,0.0059999999999860165,0,-0.0006411384674720466,0.0059999999999860165,0,4.272590269944388,0.6989999999999839,0,1.0217874790187995,0.6989999999999839,0,-0.08440490812041672,0.00899999999998613,0,0.0036897854879258674,0.00899999999998613,0,0.3606949746608734,0.07499999999998863,0,0.3667396306991577,0.07499999999998863,0,0.0,0.07499999999998863,0,2.724263759760926,0.00899999999998613,0,0.7672205030938909,0.00899999999998613,0,0.11923350313770682,1.2659999999999911,0,1.0,0.07499999999998863,0
e3d7de09-b6f8-43bc-8931-8019fe4823e5,213,122.585,0.7116442354566334,1.7659999999999911,0,0.2446622984894643,1.7659999999999911,0,-0.029356902465224266,0.06799999999998363,0,0.01267233956605196,0.06799999999998363,0,3.3561376816151465,0.17899999999998784,0,0.9791092961928928,0.17899999999998784,0,-0.029356902465250034,0.004999999999981242,0,0.01267233956604811,0.004999999999981242,0,0.35385680198669434,0.07399999999998386,0,0.35571837425231934,0.07399999999998386,0,0.0,0.07399999999998386,0,2.7254870290899054,0.004999999999981242,0,0.7639307279400331,0.004999999999981242,0,0.11923350313770682,1.7659999999999911,0,1.0,0.07399999999998386,0
e3d7de09-b6f8-43bc-8931-8019fe4823e5,214,123.085,0.0,2.0,1,0.0,2.0,1,-0.003411664627492428,0.03699999999999193,0,0.008547702804207802,0.03699999999999193,0,3.3561376816151465,0.6789999999999878,0,0.9791092961928928,0.6789999999999878,0,-0.0034116646274612835,0.000999999999990564,0,0.008547702804192111,0.000999999999990564,0,0.3608701527118683,0.0759999999999792,0,0.35664430260658264,0.0759999999999792,0,0.0,0.0759999999999792,0,2.7265786022683782,0.000999999999990564,0,0.7608998959653533,0.000999999999990564,0,0.0,2.0,1,1.0,0.0759999999999792,0
e3d7de09-b6f8-43bc-8931-8019fe4823e5,215,123.585,0.0,2.0,1,0.0,2.0,1,-0.03887094184756279,0.026999999999986812,0,0.009497372433543205,0.026999999999986812,0,4.272590269944388,0.14999999999999147,0,1.0217874790187995,0.14999999999999147,0,-0.026154128874145192,0.03299999999998704,0,0.015042279847173509,0.03299999999998704,0,0.3483799695968628,0.07499999999998863,0,0.3487933874130249,0.07499999999998863,0,0.0,0.07499999999998863,0,2.7281228753822497,0.03299999999998704,0,0.7565512121109534,0.03299999999998704,0,0.0,2.0,1,1.0,0.07499999999998863,0
e3d7de09-b6f8-43bc-8931-8019fe4823e5,216,124.085,0.0,2.0,1,0.0,2.0,1,-0.04065737873315811,0.02899999999998215,0,-0.007513585966080427,0.02899999999998215,0,4.272590269944388,0.6499999999999915,0,1.0217874790187995,0.6499999999999915,0,-0.06502991019145102,0.02899999999998215,0,0.006199644189478862,0.02899999999998215,0,0.3580537736415863,0.07399999999998386,0,0.3519527316093445,0.07399999999998386,0,0.0,0.07399999999998386,0,2.72936891284087,0.02899999999998215,0,0.7528901207986267,0.02899999999998215,0,0.0,2.0,1,1.0,0.07399999999998386,0
e3d7de09-b6f8-43bc-8931-8019fe4823e5,217,124.585,0.0,2.0,1,0.0,2.0,1,-0.030074767768383026,0.015999999999991132,0,0.014192147180438042,0.015999999999991132,0,3.3561376816151465,0.12999999999998124,0,0.9791092961928928,0.12999999999998124,0,-0.02127539917026799,0.024999999999991473,0,0.010467604451010654,0.024999999999991473,0,0.35260191559791565,0.07899999999997931,0,0.3426130712032318,0.07899999999997931,0,0.0,0.07899999999997931,0,2.7291316531207728,0.024999999999991473,0,0.7536262379808603,0.024999999999991473,0,0.0,2.0,1,1.0,0.07899999999997931,0
e3d7de09-b6f8-43bc-8931-8019fe4823e5,218,125.085,0.0,2.0,1,0.0,2.0,1,0.0,0.01799999999998647,0,-0.15000000596046448,0.01799999999998647,0,3.3561376816151465,0.6299999999999812,0,0.9791092961928928,0.6299999999999812,0,0.0,0.020999999999986585,0,-0.15000000596048224,0.020999999999986585,0,0.3777407109737396,0.07499999999998863,0,0.38076865673065186,0.07499999999998863,0,0.0,0.07499999999998863,0,2.7158150032012585,0.020999999999986585,0,0.7963223473964546,0.020999999999986585,0,0.0,2.0,1,1.0,0.07499999999998863,0
e3d7de09-b6f8-43bc-8931-8019fe4823e5,219,125.585,0.0,2.0,1,0.0,2.0,1,0.0,0.016999999999981696,0,-0.15000000596046448,0.016999999999981696,0,3.3561376816151465,1.1299999999999812,0,0.9791092961928928,1.1299999999999812,0,-1.908964662689973e-09,0.016999999999981696,0,-0.15000000593705654,0.016999999999981696,0,0.4438078701496124,0.07399999999998386,0,0.4453763961791992,0.07399999999998386,0,0.0,0.07399999999998386,0,2.6933003152314794,0.016999999999981696,0,0.8684919343366999,0.016999999999981696,0,0.0,2.0,1,1.0,0.07399999999998386,0
e3d7de09-b6f8-43bc-8931-8019fe4823e5,220,126.085,0.0,2.0,1,0.0,2.0,1,0.0,0.006999999999990791,0,-0.15000000596046448,0.006999999999990791,0,3.3561376816151465,1.6299999999999812,0,0.9791092961928928,1.6299999999999812,0,-7.860533749262433e-11,0.012999999999991019,0,-0.15000000596057106,0.012999999999991019,0,0.5077028274536133,0.0759999999999792,0,0.5315709114074707,0.0759999999999792,0,0.0,0.0759999999999792,0,2.670785627333868,0.012999999999991019,0,0.9406615213055979,0.012999999999991019,0,0.0,2.0,1,1.0,0.0759999999999792,0
e3d7de09-b6f8-43bc-8931-8019fe4823e5,221,126.585,0.0,2.0,1,0.0,2.0,1,0.0,0.0059999999999860165,0,-0.15000000596046448,0.0059999999999860165,0,0.0,2.0,1,0.0,2.0,1,2.578915272067727e-13,0.00899999999998613,0,-0.15000000596046,0.00899999999998613,0,0.5859518051147461,0.07499999999998863,0,0.5513153076171875,0.07499999999998863,0,0.0,0.07499999999998863,0,2.648270939447316,0.00899999999998613,0,1.0128311082767758,0.00899999999998613,0,0.0,2.0,1,1.0,0.07499999999998863,0
e3d7de09-b6f8-43bc-8931-8019fe4823e5,222,127.085,0.6384628632718723,0.36199999999998056,0,0.4943415023684019,0.36199999999998056,0,-0.012069524265825748,0.06799999999998363,0,0.04760339856147766,0.06799999999998363,0,2.6635049343121504,0.24799999999999045,0,1.2357474174229446,0.24799999999999045,0,-0.012069524264628506,0.004999999999981242,0,0.04330169629573887,0.004999999999981242,0,0.6326771378517151,0.07399999999998386,0,0.5098938941955566,0.07399999999998386,0,0.0,0.07399999999998386,0,2.63238702982682,0.004999999999981242,0,1.0637417353593766,0.004999999999981242,0,0.1314933846275778,0.36199999999998056,0,1.0,0.07399999999998386,0
e3d7de09-b6f8-43bc-8931-8019fe4823e5,223,127.585,0.6384628632718723,0.8619999999999806,0,0.4943415023684019,0.8619999999999806,0,-0.0858575627207756,0.03699999999999193,0,0.04710683599114418,0.03699999999999193,0,2.6635049343121504,0.7479999999999905,0,1.2357474174229446,0.7479999999999905,0,-0.08585756272097447,0.000999999999990564,0,0.04710683599115453,0.000999999999990564,0,0.6222248673439026,0.0759999999999792,0,0.5360056161880493,0.0759999999999792,0,0.0,0.0759999999999792,0,2.6402705295887765,0.000999999999990564,0,1.0377144305913386,0.000999999999990564,0,0.1314933846275778,0.8619999999999806,0,1.0,0.0759999999999792,0
e3d7de09-b6f8-43bc-8931-8019fe4823e5,224,128.085,0.6384628632718723,1.3619999999999948,0,0.4943415023684019,1.3619999999999948,0,-0.07843079417943954,0.026999999999986812,0,0.02658834122121334,0.026999999999986812,0,2.6635049343121504,0.2189999999999941,0,1.2357474174229446,0.2189999999999941,0,-0.0838937982966532,0.03299999999998704,0,0.025914127007098386,0.03299999999998704,0,0.6059799790382385,0.07499999999998863,0,0.5370764136314392,0.07499999999998863,0,0.0,0.07499999999998863,0,2.6446170671488805,0.03299999999998704,0,1.0215890322238925,0.03299999999998704,0,0.1314933846275778,1.3619999999999948,0,1.0,0.07499999999998863,0
e3d7de09-b6f8-43bc-8931-8019fe4823e5,225,128.585,0.6384628632718723,1.8619999999999948,0,0.4943415023684019,1.8619999999999948,0,-0.09702777117490768,0.028999999999996362,0,0.03886973485350609,0.028999999999996362,0,2.6635049343121504,0.7189999999999941,0,1.2357474174229446,0.7189999999999941,0,-0.09268293081205074,0.028999999999996362,0,0.04454993368478248,0.028999999999996362,0,0.5732318162918091,0.07400000000001228,0,0.5276656150817871,0.07400000000001228,0,0.0,0.07400000000001228,0,2.648472293174114,0.028999999999996362,0,1.004080925079025,0.028999999999996362,0,0.1314933846275778,1.8619999999999948,0,1.0,0.07400000000001228,0
e3d7de09-b6f8-43bc-8931-8019fe4823e5,226,129.085,0.0,2.0,1,0.0,2.0,1,-0.08873368054628372,0.015999999999991132,0,0.049360256642103195,0.015999999999991132,0,2.700703481768525,0.18999999999999773,0,1.1802726416567648,0.18999999999999773,0,-0.087445341048993,0.025000000000005684,0,0.043327849022582285,0.025000000000005684,0,0.5605936646461487,0.0759999999999934,0,0.5473743677139282,0.0759999999999934,0,0.0,0.0759999999999934,0,2.651865830914343,0.025000000000005684,0,0.9847192325519976,0.025000000000005684,0,0.0,2.0,1,1.0,0.0759999999999934,0
e3d7de09-b6f8-43bc-8931-8019fe4823e5,227,129.585,0.0,2.0,1,0.0,2.0,1,-0.07189248502254486,0.018000000000000682,0,0.08119785785675049,0.018000000000000682,0,2.700703481768525,0.6899999999999977,0,1.1802726416567648,0.6899999999999977,0,-0.06823091208937526,0.020999999999986585,0,0.07311758243828681,0.020999999999986585,0,0.5537100434303284,0.07499999999998863,0,0.5227651000022888,0.07499999999998863,0,0.0,0.07499999999998863,0,2.655238851242421,0.020999999999986585,0,0.9586140044972576,0.020999999999986585,0,0.0,2.0,1,1.0,0.07499999999998863,0
e3d7de09-b6f8-43bc-8931-8019fe4823e5,228,130.085,0.6476439156550637,0.3710000000000093,0,0.4153697868548803,0.3710000000000093,0,-0.07332399487495422,0.016999999999995907,0,0.08355764299631119,0.016999999999995907,0,2.781656027162013,0.1699999999999875,0,1.1260576791990315,0.1699999999999875,0,-0.0734644830228743,0.016999999999995907,0,0.08544810116287346,0.016999999999995907,0,0.5474511384963989,0.07400000000001228,0,0.5073848962783813,0.07400000000001228,0,0.0,0.07400000000001228,0,2.6591982602481274,0.016999999999995907,0,0.9151062076169028,0.016999999999995907,0,0.1180092493369906,0.3710000000000093,0,1.0,0.07400000000001228,0
e3d7de09-b6f8-43bc-8931-8019fe4823e5,229,130.585,0.6476439156550637,0.8710000000000093,0,0.4153697868548803,0.8710000000000093,0,-0.06330014020204544,0.007000000000005002,0,0.09738685190677643,0.007000000000005002,0,2.781656027162013,0.6699999999999875,0,1.1260576791990315,0.6699999999999875,0,-0.06623066961809335,0.01300000000000523,0,0.10079887509348111,0.01300000000000523,0,0.5588840842247009,0.0759999999999934,0,0.46436598896980286,0.0759999999999934,0,0.0,0.0759999999999934,0,2.6616713470172004,0.01300000000000523,0,0.8690456603759953,0.01300000000000523,0,0.1180092493369906,0.8710000000000093,0,1.0,0.0759999999999934,0
e3d7de09-b6f8-43bc-8931-8019fe4823e5,230,131.085,0.6476439156550637,1.3710000000000093,0,0.4153697868548803,1.3710000000000093,0,-0.051378197968006134,0.00899999999998613,0,0.10211960971355438,0.00899999999998613,0,2.9083156274895963,0.13800000000000523,0,1.0220163822255506,0.13800000000000523,0,-0.049861188978450696,0.00899999999998613,0,0.10322126746179865,0.00899999999998613,0,1.4124809503555298,0.07499999999998863,0,0.4296966791152954,0.07499999999998863,0,0.0,0.07499999999998863,0,2.6628232163147056,0.00899999999998613,0,0.8190051014037331,0.00899999999998613,0,0.1180092493369906,1.3710000000000093,0,1.0,0.07499999999998863,0
e3d7de09-b6f8-43bc-8931-8019fe4823e5,231,131.585,0.6476439156550637,1.8710000000000093,0,0.4153697868548803,1.8710000000000093,0,-0.03158368170261383,0.06800000000001205,0,0.10609279572963715,0.06800000000001205,0,2.9083156274895963,0.6380000000000052,0,1.0220163822255506,0.6380000000000052,0,-0.031583681702184785,0.0049999999999954525,0,0.106092795729625,0.0049999999999954525,0,1.3603596687316895,0.07400000000001228,0,0.3963277041912079,0.07400000000001228,0,0.0,0.07400000000001228,0,2.6627449580835427,0.0049999999999954525,0,0.7689914188821811,0.0049999999999954525,0,0.1180092493369906,1.8710000000000093,0,1.0,0.07400000000001228,0
e3d7de09-b6f8-43bc-8931-8019fe4823e5,232,132.085,0.0,2.0,1,0.0,2.0,1,0.0050932299345731735,0.03700000000000614,0,0.10957327485084534,0.03700000000000614,0,3.4537851236501314,0.117999999999995,0,0.9047961885337061,0.117999999999995,0,0.005093229934488684,0.0010000000000047748,0,0.1095327275744055,0.0010000000000047748,0,1.2919425964355469,0.0759999999999934,0,0.3649832606315613,0.0759999999999934,0,0.0,0.0759999999999934,0,2.6619285357277973,0.0010000000000047748,0,0.7188252713865535,0.0010000000000047748,0,0.0,2.0,1,1.0,0.0759999999999934,0
e3d7de09-b6f8-43bc-8931-8019fe4823e5,233,132.585,0.6447819190655862,0.27299999999999613,0,0.16698913273457075,0.27299999999999613,0,0.023381855338811874,0.026999999999986812,0,0.13051588833332062,0.026999999999986812,0,3.4537851236501314,0.617999999999995,0,0.9047961885337061,0.617999999999995,0,0.0266178510966196,0.03299999999998704,0,0.13022135198167045,0.03299999999998704,0,1.2420248985290527,0.07499999999998863,0,0.3306645154953003,0.07499999999998863,0,0.0,0.07499999999998863,0,2.660935863362018,0.03299999999998704,0,0.6608368255532209,0.03299999999998704,0,0.12690348250763667,0.27299999999999613,0,1.0,0.07499999999998863,0
e3d7de09-b6f8-43bc-8931-8019fe4823e5,234,133.085,0.6447819190655862,0.7729999999999961,0,0.16698913273457075,0.7729999999999961,0,0.03521551564335823,0.028999999999996362,0,0.12286161631345749,0.028999999999996362,0,5.270274675162479,0.08899999999999864,0,0.7809348679064682,0.08899999999999864,0,0.036437128486620896,0.028999999999996362,0,0.12384736151781113,0.028999999999996362,0,1.1919784545898438,0.07699999999999818,0,0.30757924914360046,0.07699999999999818,0,0.0,0.07699999999999818,0,2.660583638181045,0.028999999999996362,0,0.5962756894928928,0.028999999999996362,0,0.12690348250763667,0.7729999999999961,0,1.0,0.07699999999999818,0
e3d7de09-b6f8-43bc-8931-8019fe4823e5,235,133.585,0.6447819190655862,1.2729999999999961,0,0.16698913273457075,1.2729999999999961,0,0.05566544830799103,0.019000000000005457,0,0.11397307366132736,0.019000000000005457,0,5.270274675162479,0.5889999999999986,0,0.7809348679064682,0.5889999999999986,0,0.05355326931055743,0.025000000000005684,0,0.11484804004460909,0.025000000000005684,0,1.1340185403823853,0.0759999999999934,0,0.28932929039001465,0.0759999999999934,0,0.0,0.0759999999999934,0,2.6613634932268653,0.025000000000005684,0,0.5359815551768771,0.025000000000005684,0,0.12690348250763667,1.2729999999999961,0,1.0,0.0759999999999934,0
e3d7de09-b6f8-43bc-8931-8019fe4823e5,236,134.085,0.6447819190655862,1.7729999999999961,0,0.16698913273457075,1.7729999999999961,0,0.046892065554857254,0.018000000000000682,0,0.10905762016773224,0.018000000000000682,0,6.473759329056176,0.0689999999999884,0,0.6535533845272399,0.0689999999999884,0,0.04469344019897654,0.020999999999986585,0,0.11233656853436211,0.020999999999986585,0,1.0781983137130737,0.07499999999998863,0,0.27706679701805115,0.07499999999998863,0,0.0,0.07499999999998863,0,2.663421742681421,0.020999999999986585,0,0.4805873620661704,0.020999999999986585,0,0.12690348250763667,1.7729999999999961,0,1.0,0.07499999999998863,0
e3d7de09-b6f8-43bc-8931-8019fe4823e5,237,134.585,0.6494623936646482,0.05000000000001137,0,-0.08405642337842123,0.05000000000001137,0,0.045903529971838,0.016999999999995907,0,0.10371971130371094,0.016999999999995907,0,6.473759329056176,0.5689999999999884,0,0.6535533845272399,0.5689999999999884,0,0.05020755901880436,0.016999999999995907,0,0.09757599979645093,0.016999999999995907,0,1.0371571779251099,0.07400000000001228,0,0.26593253016471863,0.07400000000001228,0,0.0,0.07400000000001228,0,2.6665921020593264,0.016999999999995907,0,0.42877368022342965,0.016999999999995907,0,0.1336141873247979,0.05000000000001137,0,1.0,0.07400000000001228,0
e3d7de09-b6f8-43bc-8931-8019fe4823e5,238,135.085,0.6494623936646482,0.5500000000000114,0,-0.08405642337842123,0.5500000000000114,0,0.053131066262722015,0.007000000000005002,0,0.08979764580726624,0.007000000000005002,0,4.740302884599256,0.03999999999999204,0,0.5535533830371238,0.03999999999999204,0,0.051113981753635254,0.01300000000000523,0,0.09377525746826856,0.01300000000000523,0,0.9876036643981934,0.0759999999999934,0,0.26696133613586426,0.0759999999999934,0,0.0,0.0759999999999934,0,2.6709484626541253,0.01300000000000523,0,0.3789583988928164,0.01300000000000523,0,0.1336141873247979,0.5500000000000114,0,1.0,0.0759999999999934,0
e3d7de09-b6f8-43bc-8931-8019fe4823e5,239,135.585,0.6494623936646482,1.0500000000000114,0,-0.08405642337842123,1.0500000000000114,0,0.1638963222503662,0.006000000000000227,0,0.09375228732824326,0.006000000000000227,0,4.740302884599256,0.539999999999992,0,0.5535533830371238,0.539999999999992,0,0.16647121310256624,0.00899999999998613,0,0.0922389328480211,0.00899999999998613,0,0.9406039714813232,0.07499999999998863,0,0.27663570642471313,0.07499999999998863,0,0.0,0.07499999999998863,0,2.6764789726601355,0.00899999999998613,0,0.33574565579666604,0.00899999999998613,0,0.1336141873247979,1.0500000000000114,0,1.0,0.07499999999998863,0
e3d7de09-b6f8-43bc-8931-8019fe4823e5,240,136.085,0.6494623936646482,1.5500000000000114,0,-0.08405642337842123,1.5500000000000114,0,0.15830054879188538,0.06800000000001205,0,0.08329718559980392,0.06800000000001205,0,4.469202649484736,0.020000000000010232,0,0.4535533815470077,0.020000000000010232,0,0.15830054879183475,0.0049999999999954525,0,0.08329718559990282,0.0049999999999954525,0,0.8981087803840637,0.07400000000001228,0,0.28598177433013916,0.07400000000001228,0,0.0,0.07400000000001228,0,2.6858071156701335,0.0049999999999954525,0,0.2909888859939103,0.0049999999999954525,0,0.1336141873247979,1.5500000000000114,0,1.0,0.07400000000001228,0
e3d7de09-b6f8-43bc-8931-8019fe4823e5,241,136.585,0.6659986889985706,0.25,0,-0.2483151249189744,0.25,0,0.14845098555088043,0.03700000000000614,0,0.0771377831697464,0.03700000000000614,0,4.469202649484736,0.5200000000000102,0,0.4535533815470077,0.5200000000000102,0,0.14845098555140251,0.0010000000000047748,0,0.07713778316980799,0.0010000000000047748,0,0.8527374267578125,0.07900000000000773,0,0.28903138637542725,0.07900000000000773,0,0.0,0.07900000000000773,0,2.6971322822737234,0.0010000000000047748,0,0.25211320752961497,0.0010000000000047748,0,0.1388842122658665,0.25,0,1.0,0.07900000000000773,0
e3d7de09-b6f8-43bc-8931-8019fe4823e5,242,137.085,0.6659986889985706,0.75,0,-0.2483151249189744,0.75,0,0.14182576537132263,0.026999999999986812,0,0.0667407214641571,0.026999999999986812,0,4.469202649484736,1.0200000000000102,0,0.4535533815470077,1.0200000000000102,0,0.1458483487363444,0.03299999999998704,0,0.07085873931657419,0.03299999999998704,0,0.8222368955612183,0.07499999999998863,0,0.3065340220928192,0.07499999999998863,0,0.0,0.07499999999998863,0,2.7089095128061778,0.03299999999998704,0,0.2204009070953203,0.03299999999998704,0,0.1388842122658665,0.75,0,1.0,0.07499999999998863,0
e3d7de09-b6f8-43bc-8931-8019fe4823e5,243,137.585,0.6659986889985706,1.25,0,-0.2483151249189744,1.25,0,0.14029082655906677,0.028999999999996362,0,0.0620003417134285,0.028999999999996362,0,10.726077222135226,0.48799999999999955,0,0.3828427023746817,0.48799999999999955,0,0.13973901868347335,0.028999999999996362,0,0.060012125969599595,0.028999999999996362,0,0.8015939593315125,0.07699999999999818,0,0.30611974000930786,0.07699999999999818,0,0.0,0.07699999999999818,0,2.7224419066289753,0.028999999999996362,0,0.1905233014271999,0.028999999999996362,0,0.1388842122658665,1.25,0,1.0,0.07699999999999818,0
e3d7de09-b6f8-43bc-8931-8019fe4823e5,244,138.085,0.7059810482657467,0.37299999999999045,0,-0.338067665427555,0.37299999999999045,0,0.13469277322292328,0.019000000000005457,0,0.06795962154865265,0.019000000000005457,0,10.726077222135226,0.9879999999999995,0,0.3828427023746817,0.9879999999999995,0,0.13192422689629374,0.025000000000005684,0,0.07159069180516417,0.025000000000005684,0,0.7953521609306335,0.0759999999999934,0,0.31817132234573364,0.0759999999999934,0,0.0,0.0759999999999934,0,2.738578189423309,0.025000000000005684,0,0.16081355898625382,0.025000000000005684,0,0.1217573295631344,0.37299999999999045,0,1.0,0.0759999999999934,0
e3d7de09-b6f8-43bc-8931-8019fe4823e5,245,138.585,0.7059810482657467,0.8729999999999905,0,-0.338067665427555,0.8729999999999905,0,0.12809574604034424,0.018000000000000682,0,0.05838873237371445,0.018000000000000682,0,7.584484615358809,0.4590000000000032,0,0.36213202394741384,0.4590000000000032,0,0.1294416040246311,0.020999999999986585,0,0.06128608435392498,0.020999999999986585,0,0.7968794107437134,0.07499999999998863,0,0.32622846961021423,0.07499999999998863,0,0.0,0.07499999999998863,0,2.7553536098542364,0.020999999999986585,0,0.13436523983209045,0.020999999999986585,0,0.1217573295631344,0.8729999999999905,0,1.0,0.07499999999998863,0
e3d7de09-b6f8-43bc-8931-8019fe4823e5,246,139.085,0.7059810482657467,1.3729999999999905,0,-0.338067665427555,1.3729999999999905,0,0.12176480889320374,0.016999999999995907,0,0.0570342093706131,0.016999999999995907,0,7.584484615358809,0.9590000000000032,0,0.36213202394741384,0.9590000000000032,0,0.1231385543938666,0.016999999999995907,0,0.05783475935465058,0.016999999999995907,0,1.72450590133667,0.07400000000001228,0,0.33374887704849243,0.07400000000001228,0,0.0,0.07400000000001228,0,2.772821148010563,0.016999999999995907,0,0.1105062207313822,0.016999999999995907,0,0.1217573295631344,1.3729999999999905,0,1.0,0.07400000000001228,0
e3d7de09-b6f8-43bc-8931-8019fe4823e5,247,139.585,0.7645909298975184,0.26200000000000045,0,-0.41423965205824126,0.26200000000000045,0,0.1221332848072052,0.007000000000005002,0,0.05352077633142471,0.007000000000005002,0,9.480605769198512,0.4300000000000068,0,0.29142134477508785,0.4300000000000068,0,0.12470784783341686,0.01300000000000523,0,0.052566532045543,0.01300000000000523,0,1.7088813781738281,0.0759999999999934,0,0.3386838734149933,0.0759999999999934,0,0.0,0.0759999999999934,0,2.7906557006935753,0.01300000000000523,0,0.08908933452857602,0.01300000000000523,0,0.1068776489245748,0.26200000000000045,0,1.0,0.0759999999999934,0
e3d7de09-b6f8-43bc-8931-8019fe4823e5,248,140.085,0.7645909298975184,0.7620000000000005,0,-0.41423965205824126,0.7620000000000005,0,0.11611630767583847,0.006000000000000227,0,0.044694848358631134,0.006000000000000227,0,9.480605769198512,0.9300000000000068,0,0.29142134477508785,0.9300000000000068,0,0.12022766470997237,0.00899999999998613,0,0.045087266713395024,0.00899999999998613,0,1.6835676431655884,0.07200000000000273,0,0.33662715554237366,0.07200000000000273,0,0.0,0.07200000000000273,0,2.8080846962394985,0.00899999999998613,0,0.07054159145151191,0.00899999999998613,0,0.1068776489245748,0.7620000000000005,0,1.0,0.07200000000000273,0
e3d7de09-b6f8-43bc-8931-8019fe4823e5,249,140.585,0.7645909298975184,1.2620000000000005,0,-0.41423965205824126,1.2620000000000005,0,0.1019478440284729,0.07699999999999818,0,0.04690307751297951,0.07699999999999818,0,3.702417621008781,0.4099999999999966,0,0.22071066560276187,0.4099999999999966,0,0.1019478440280257,0.0049999999999954525,0,0.04690307751299787,0.0049999999999954525,0,1.6535451412200928,0.07400000000001228,0,0.3517928123474121,0.07400000000001228,0,0.0,0.07400000000001228,0,2.825391507023814,0.0049999999999954525,0,0.05417108401479937,0.0049999999999954525,0,0.1068776489245748,1.2620000000000005,0,1.0,0.07400000000001228,0
e3d7de09-b6f8-43bc-8931-8019fe4823e5,250,141.085,0.7645909298975184,1.7620000000000005,0,-0.41423965205824126,1.7620000000000005,0,0.11020904779434204,0.03700000000000614,0,0.04042745381593704,0.03700000000000614,0,3.702417621008781,0.9099999999999966,0,0.22071066560276187,0.9099999999999966,0,0.11020904779462273,0.0010000000000047748,0,0.040427453815998035,0.0010000000000047748,0,1.6448326110839844,0.0759999999999934,0,0.35006481409072876,0.0759999999999934,0,0.0,0.0759999999999934,0,2.8421577924643024,0.0010000000000047748,0,0.03989615934506353,0.0010000000000047748,0,0.1068776489245748,1.7620000000000005,0,1.0,0.0759999999999934,0
e3d7de09-b6f8-43bc-8931-8019fe4823e5,251,141.585,0.8250616576202262,0.4619999999999891,0,-0.4703602262297533,0.4619999999999891,0,0.09378370642662048,0.026999999999986812,0,0.04405068978667259,0.026999999999986812,0,4.406387948671269,0.3779999999999859,0,0.15043832080365993,0.3779999999999859,0,0.09305605292293354,0.03299999999998704,0,0.04584690183409752,0.03299999999998704,0,1.6208198070526123,0.07499999999998863,0,0.3576163649559021,0.07499999999998863,0,0.0,0.07499999999998863,0,2.8580888836283505,0.03299999999998704,0,0.02773336544982677,0.03299999999998704,0,0.10052049346292094,0.4619999999999891,0,1.0,0.07499999999998863,0
e3d7de09-b6f8-43bc-8931-8019fe4823e5,252,142.085,0.8250616576202262,0.9619999999999891,0,-0.4703602262297533,0.9619999999999891,0,0.10503056645393372,0.028999999999996362,0,0.03374360501766205,0.028999999999996362,0,4.406387948671269,0.8779999999999859,0,0.15043832080365993,0.8779999999999859,0,0.102837923158106,0.028999999999996362,0,0.034487752616770465,0.028999999999996362,0,1.6047667264938354,0.07400000000001228,0,0.3509529232978821,0.07400000000001228,0,0.0,0.07400000000001228,0,2.8742300184384986,0.028999999999996362,0,0.016538954307911996,0.028999999999996362,0,0.10052049346292094,0.9619999999999891,0,1.0,0.07400000000001228,0
e3d7de09-b6f8-43bc-8931-8019fe4823e5,253,142.585,0.8250616576202262,1.461999999999989,0,-0.4703602262297533,1.461999999999989,0,0.0881214514374733,0.015999999999991132,0,0.0337531678378582,0.015999999999991132,0,4.406387948671269,0.3580000000000041,0,0.15043832080365993,0.3580000000000041,0,0.09214876591684644,0.025000000000005684,0,0.039108734577730786,0.025000000000005684,0,1.585726022720337,0.0759999999999934,0,0.359624981880188,0.0759999999999934,0,0.0,0.0759999999999934,0,2.890395349260914,0.025000000000005684,0,0.0065098461862967754,0.025000000000005684,0,0.10052049346292094,1.461999999999989,0,1.0,0.0759999999999934,0
e3d7de09-b6f8-43bc-8931-8019fe4823e5,254,143.085,0.8250616576202262,1.961999999999989,0,-0.4703602262297533,1.961999999999989,0,0.086553193628788,0.018000000000000682,0,0.03115466982126236,0.018000000000000682,0,4.406387948671269,0.8580000000000041,0,0.15043832080365993,0.8580000000000041,0,0.08574768900934857,0.020999999999986585,0,0.03270639479155217,0.020999999999986585,0,1.5704094171524048,0.07499999999998863,0,0.3687423765659332,0.07499999999998863,0,0.0,0.07499999999998863,0,2.903726589813722,0.020999999999986585,0,-0.0009359486619920938,0.020999999999986585,0,0.10052049346292094,1.961999999999989,0,1.0,0.07499999999998863,0
e3d7de09-b6f8-43bc-8931-8019fe4823e5,255,143.585,0.8933298762812182,0.26599999999999113,0,-0.4993465717481472,0.26599999999999113,0,0.08409285545349121,0.016999999999995907,0,0.029144305735826492,0.016999999999995907,0,5.662478210909235e-05,0.32900000000000773,0,0.09999983757754338,0.32900000000000773,0,0.08508563041629244,0.016999999999995907,0,0.02812492102381251,0.016999999999995907,0,1.5626332759857178,0.07400000000001228,0,0.37440672516822815,0.07400000000001228,0,0.0,0.07400000000001228,0,2.9175090341454624,0.016999999999995907,0,-0.007864628649307887,0.016999999999995907,0,0.10200500338655862,0.26599999999999113,0,1.0,0.07400000000001228,0
e3d7de09-b6f8-43bc-8931-8019fe4823e5,256,144.085,0.8933298762812182,0.7659999999999911,0,-0.4993465717481472,0.7659999999999911,0,0.07626647502183914,0.007000000000005002,0,0.026102105155587196,0.007000000000005002,0,5.662478210909235e-05,0.8290000000000077,0,0.09999983757754338,0.8290000000000077,0,0.08259259909375742,0.01300000000000523,0,0.029653767123812475,0.01300000000000523,0,1.5515751838684082,0.0759999999999934,0,0.3772812485694885,0.0759999999999934,0,0.0,0.0759999999999934,0,2.9317144193868683,0.01300000000000523,0,-0.01427270843684968,0.01300000000000523,0,0.10200500338655862,0.7659999999999911,0,1.0,0.0759999999999934,0
e3d7de09-b6f8-43bc-8931-8019fe4823e5,257,144.585,0.8933298762812182,1.2659999999999911,0,-0.4993465717481472,1.2659999999999911,0,0.07952195405960083,0.006000000000000227,0,0.023063674569129944,0.006000000000000227,0,5.662478210909235e-05,0.3089999999999975,0,0.09999983757754338,0.3089999999999975,0,0.07343998551321405,0.00899999999998613,0,0.02500411123040891,0.00899999999998613,0,1.565341830253601,0.07499999999998863,0,0.36927664279937744,0.07499999999998863,0,0.0,0.07499999999998863,0,2.944244811290169,0.00899999999998613,0,-0.01934306337879042,0.00899999999998613,0,0.10200500338655862,1.2659999999999911,0,1.0,0.07499999999998863,0
e3d7de09-b6f8-43bc-8931-8019fe4823e5,258,145.085,0.8933298762812182,1.7659999999999911,0,-0.4993465717481472,1.7659999999999911,0,0.07430996000766754,0.07699999999999818,0,0.02748723328113556,0.07699999999999818,0,5.662478210909235e-05,0.8089999999999975,0,0.09999983757754338,0.8089999999999975,0,0.07430996000700071,0.0049999999999954525,0,0.027487233281098256,0.0049999999999954525,0,1.5396723747253418,0.07400000000001228,0,0.35963955521583557,0.07400000000001228,0,0.0,0.07400000000001228,0,2.956738955235155,0.0049999999999954525,0,-0.023871090960273653,0.0049999999999954525,0,0.10200500338655862,1.7659999999999911,0,1.0,0.07400000000001228,0
e3d7de09-b6f8-43bc-8931-8019fe4823e5,259,145.585,0.0,2.0,1,0.0,2.0,1,0.06361074000597,0.03700000000000614,0,0.011180110275745392,0.03700000000000614,0,0.0,0.2769999999999868,0,0.04999983683248532,0.2769999999999868,0,0.06361074000525695,0.0010000000000047748,0,0.011180110275714009,0.0010000000000047748,0,1.526474952697754,0.0759999999999934,0,0.37343332171440125,0.0759999999999934,0,0.0,0.0759999999999934,0,2.9665290055843485,0.0010000000000047748,0,-0.02705472652799915,0.0010000000000047748,0,0.0,2.0,1,1.0,0.0759999999999934,0
e3d7de09-b6f8-43bc-8931-8019fe4823e5,260,146.085,0.0,2.0,1,0.0,2.0,1,0.06196073442697525,0.026999999999986812,0,0.013533187098801136,0.026999999999986812,0,0.0,0.7769999999999868,0,0.04999983683248532,0.7769999999999868,0,0.062366019940362026,0.03299999999998704,0,0.015029240399888618,0.03299999999998704,0,1.5500528812408447,0.07499999999998863,0,0.37707433104515076,0.07499999999998863,0,0.0,0.07499999999998863,0,2.9723534437577426,0.03299999999998704,0,-0.02872425867053141,0.03299999999998704,0,0.0,2.0,1,1.0,0.07499999999998863,0
e3d7de09-b6f8-43bc-8931-8019fe4823e5,261,146.585,0.9595865335660128,0.4579999999999984,0,-0.5240818035632071,0.4579999999999984,0,0.05816451460123062,0.028999999999996362,0,0.013748460449278355,0.028999999999996362,0,0.0,0.2599999999999909,0,0.07071046316972911,0.2599999999999909,0,0.05781493932478186,0.028999999999996362,0,0.014646591668935708,0.028999999999996362,0,1.5346829891204834,0.07400000000001228,0,0.378694623708725,0.07400000000001228,0,0.0,0.07400000000001228,0,2.9788963184800465,0.028999999999996362,0,-0.03038893940166794,0.028999999999996362,0,0.0933477161008282,0.4579999999999984,0,1.0,0.07400000000001228,0
