run_id,decision_index,decision_time,amcl_x,amcl_x__age_seconds,amcl_x__missing,amcl_y,amcl_y__age_seconds,amcl_y__missing,command_angular,command_angular__age_seconds,command_angular__missing,command_linear,command_linear__age_seconds,command_linear__missing,confidence_mean,confidence_mean__age_seconds,confidence_mean__missing,global_path_curvature,global_path_curvature__age_seconds,global_path_curvature__missing,global_path_length,global_path_length__age_seconds,global_path_length__missing,inference_latency_ms,inference_latency_ms__age_seconds,inference_latency_ms__missing,measured_angular,measured_angular__age_seconds,measured_angular__missing,measured_linear,measured_linear__age_seconds,measured_linear__missing,minimum_front_range,minimum_front_range__age_seconds,minimum_front_range__missing,minimum_left_range,minimum_left_range__age_seconds,minimum_left_range__missing,minimum_right_range,minimum_right_range__age_seconds,minimum_right_range__missing,odom_x,odom_x__age_seconds,odom_x__missing,odom_y,odom_y__age_seconds,odom_y__missing,pose_covariance_trace,pose_covariance_trace__age_seconds,pose_covariance_trace__missing,uncertainty_mean,uncertainty_mean__age_seconds,uncertainty_mean__missing,valid_return_fraction,valid_return_fraction__age_seconds,valid_return_fraction__missing
f5aaf759-5702-4fe2-8f72-0f39b8ab6db5,0,20.21,-1.9637757615308866,0.9860000000000007,0,-0.49337232015855315,0.9860000000000007,0,0.1235969141125679,0.013999999999999346,0,0.010275579988956451,0.013999999999999346,0,0.8372458057012409,0.07099999999999795,0,2.15355139603409,0.8870000000000005,0,5.3148149344205935,0.8870000000000005,0,9.52682113647461,0.07099999999999795,0,0.10507278890366342,0.013999999999999346,0,0.009605470808170953,0.013999999999999346,0,0.909880518913269,0.10099999999999909,0,0.5908335447311401,0.10099999999999909,0,0.0,0.10099999999999909,0,0.02637121370693672,0.013999999999999346,0,0.0067530136153334756,0.013999999999999346,0,0.023346067304674548,0.9860000000000007,0,0.009898829764957782,0.07099999999999795,0,1.0,0.10099999999999909,0
f5aaf759-5702-4fe2-8f72-0f39b8ab6db5,1,20.71,-1.9637757615308866,1.4860000000000007,0,-0.49337232015855315,1.4860000000000007,0,0.1257554590702057,0.004000000000001336,0,0.016722669824957848,0.004000000000001336,0,0.840458228502733,0.06700000000000017,0,2.28839689131465,0.3670000000000009,0,5.323244190369879,0.3670000000000009,0,9.576848983764648,0.06700000000000017,0,0.13019351661212347,0.00999999999999801,0,0.014136959798628546,0.00999999999999801,0,0.9339859485626221,0.09999999999999787,0,0.5771896839141846,0.09999999999999787,0,0.0,0.09999999999999787,0,0.03127817329033777,0.00999999999999801,0,0.00982799167565639,0.00999999999999801,0,0.023346067304674548,1.4860000000000007,0,0.008770396705540974,0.06700000000000017,0,1.0,0.09999999999999787,0
f5aaf759-5702-4fe2-8f72-0f39b8ab6db5,2,21.21,-1.9497491769300916,0.18599999999999994,0,-0.4841335181679988,0.18599999999999994,0,0.12399358302354813,0.0030000000000001137,0,0.018012695014476776,0.0030000000000001137,0,0.84236111838681,0.06599999999999895,0,2.28839689131465,0.8670000000000009,0,5.323244190369879,0.8670000000000009,0,10.594653129577637,0.06599999999999895,0,0.12535633146763622,0.006000000000000227,0,0.01875413954257332,0.006000000000000227,0,0.9771549105644226,0.0,0,0.577575147151947,0.0,0,0.0,0.0,0,0.03852233180437999,0.006000000000000227,0,0.014971273050438084,0.006000000000000227,0,0.026347126368525618,0.18599999999999994,0,0.006171962496580742,0.06599999999999895,0,1.0,0.0,0
f5aaf759-5702-4fe2-8f72-0f39b8ab6db5,3,21.71,-1.9497491769300916,0.6859999999999999,0,-0.4841335181679988,0.6859999999999999,0,0.1201958954334259,0.07399999999999807,0,0.014733176678419113,0.07399999999999807,0,0.8360839732130989,0.09199999999999875,0,2.7268844112163424,0.34699999999999775,0,5.346057646162088,0.34699999999999775,0,9.55710220336914,0.09199999999999875,0,0.12019589543350048,0.038000000000000256,0,0.014733176678414483,0.038000000000000256,0,1.7044551372528076,0.10099999999999909,0,0.5702064633369446,0.10099999999999909,0,0.0,0.10099999999999909,0,0.044509589256878264,0.038000000000000256,0,0.019780513863844846,0.038000000000000256,0,0.026347126368525618,0.6859999999999999,0,0.004970757279031659,0.09199999999999875,0,1.0,0.10099999999999909,0
f5aaf759-5702-4fe2-8f72-0f39b8ab6db5,4,22.21,-1.9497491769300916,1.186,0,-0.4841335181679988,1.186,0,0.1321387141942978,0.03399999999999892,0,0.02856459468603134,0.03399999999999892,0,0.8229113396878044,0.08800000000000097,0,2.7268844112163424,0.8469999999999978,0,5.346057646162088,0.8469999999999978,0,9.370599746704102,0.08800000000000097,0,0.13282038570330643,0.03399999999999892,0,0.03343276046286608,0.03399999999999892,0,1.6949419975280762,0.0010000000000012221,0,0.5643243193626404,0.0010000000000012221,0,0.0,0.0010000000000012221,0,0.05615514400562908,0.03399999999999892,0,0.030434663526958557,0.03399999999999892,0,0.026347126368525618,1.186,0,0.0036420514524824438,0.08800000000000097,0,1.0,0.0010000000000012221,0
f5aaf759-5702-4fe2-8f72-0f39b8ab6db5,5,22.71,-1.9183281750745744,0.09600000000000009,0,-0.45636807429709475,0.09600000000000009,0,0.1289815753698349,0.02400000000000091,0,0.050495877861976624,0.02400000000000091,0,0.7962770520430058,0.08699999999999974,0,2.9670821156999523,0.31799999999999784,0,5.305853035912887,0.31799999999999784,0,9.540143966674805,0.08699999999999974,0,0.13402543960827906,0.030000000000001137,0,0.045903056859862325,0.030000000000001137,0,1.6821098327636719,0.0,0,0.5815334320068359,0.0,0,0.0,0.0,0,0.06827084385110924,0.030000000000001137,0,0.04305364877928864,0.030000000000001137,0,0.02873002137025189,0.09600000000000009,0,0.0030265105112982364,0.08699999999999974,0,1.0,0.0,0
f5aaf759-5702-4fe2-8f72-0f39b8ab6db5,6,23.21,-1.9183281750745744,0.5960000000000001,0,-0.45636807429709475,0.5960000000000001,0,0.12000896036624908,0.022999999999999687,0,0.03383887559175491,0.022999999999999687,0,0.7804867735924199,0.08899999999999864,0,2.9670821156999523,0.8179999999999978,0,5.305853035912887,0.8179999999999978,0,9.766153335571289,0.08899999999999864,0,0.12179447560961583,0.0259999999999998,0,0.03525712103959385,0.0259999999999998,0,1.650450348854065,0.10099999999999909,0,0.5892491340637207,0.10099999999999909,0,0.0,0.10099999999999909,0,0.08254512898702585,0.0259999999999998,0,0.05982894764229404,0.0259999999999998,0,0.02873002137025189,0.5960000000000001,0,0.003311139177811568,0.08899999999999864,0,1.0,0.10099999999999909,0
f5aaf759-5702-4fe2-8f72-0f39b8ab6db5,7,23.71,-1.9183281750745744,1.096,0,-0.45636807429709475,1.096,0,0.11404601484537125,0.012999999999998124,0,0.043357621878385544,0.012999999999998124,0,0.8102416606682042,0.08800000000000097,0,2.9652210948170246,0.2889999999999979,0,5.311836901724269,0.2889999999999979,0,9.824801445007324,0.08800000000000097,0,0.11083413661112229,0.021999999999998465,0,0.044057425112066104,0.021999999999998465,0,1.6381829977035522,0.0009999999999976694,0,0.6016935706138611,0.0009999999999976694,0,0.0,0.0009999999999976694,0,0.09390825540475221,0.021999999999998465,0,0.07509396142093237,0.021999999999998465,0,0.02873002137025189,1.096,0,0.002996617846172563,0.08800000000000097,0,1.0,0.0009999999999976694,0
f5aaf759-5702-4fe2-8f72-0f39b8ab6db5,8,24.21,-1.9183281750745744,1.596,0,-0.45636807429709475,1.596,0,0.10098154842853546,0.015000000000000568,0,0.02691548876464367,0.015000000000000568,0,0.846095585503305,0.08699999999999974,0,2.9652210948170246,0.7889999999999979,0,5.311836901724269,0.7889999999999979,0,8.891923904418945,0.08699999999999974,0,0.1020688265563187,0.018000000000000682,0,0.030976980924600005,0.018000000000000682,0,1.6269001960754395,0.0990000000000002,0,0.6108916997909546,0.0990000000000002,0,0.0,0.0990000000000002,0,0.10380791479131858,0.018000000000000682,0,0.09006220467982569,0.018000000000000682,0,0.02873002137025189,1.596,0,0.002545685627125144,0.08699999999999974,0,1.0,0.0990000000000002,0
f5aaf759-5702-4fe2-8f72-0f39b8ab6db5,9,24.71,-1.8772189886313098,0.4009999999999998,0,-0.40360861498120626,0.4009999999999998,0,0.114844910800457,0.013999999999999346,0,0.02326815389096737,0.013999999999999346,0,0.8856646910697843,0.06799999999999784,0,2.6530944172893576,0.26899999999999835,0,5.225765525236236,0.26899999999999835,0,9.151291847229004,0.06799999999999784,0,0.11242519940154101,0.013999999999999346,0,0.027389737964007975,0.013999999999999346,0,1.6121190786361694,0.10099999999999909,0,0.6120498180389404,0.10099999999999909,0,0.0,0.10099999999999909,0,0.11053641589073351,0.013999999999999346,0,0.10158941489422356,0.013999999999999346,0,0.030402411772433992,0.4009999999999998,0,0.0022124117781553267,0.06799999999999784,0,1.0,0.10099999999999909,0
f5aaf759-5702-4fe2-8f72-0f39b8ab6db5,10,25.21,-1.8772189886313098,0.9009999999999998,0,-0.40360861498120626,0.9009999999999998,0,0.11958665400743484,0.003999999999997783,0,0.03732156381011009,0.003999999999997783,0,0.9129275967242817,0.07000000000000028,0,2.6530944172893576,0.7689999999999984,0,5.225765525236236,0.7689999999999984,0,9.06602668762207,0.07000000000000028,0,0.1230209246277422,0.00999999999999801,0,0.03709282726048692,0.00999999999999801,0,1.6036945581436157,0.0009999999999976694,0,0.6417987942695618,0.0009999999999976694,0,0.0,0.0009999999999976694,0,0.11663352712491214,0.00999999999999801,0,0.11358294684380119,0.00999999999999801,0,0.030402411772433992,0.9009999999999998,0,0.003504018777132156,0.07000000000000028,0,1.0,0.0009999999999976694,0
f5aaf759-5702-4fe2-8f72-0f39b8ab6db5,11,25.71,-1.8772189886313098,1.4009999999999998,0,-0.40360861498120626,1.4009999999999998,0,0.10156691074371338,0.0030000000000001137,0,0.027156837284564972,0.0030000000000001137,0,0.922126900368991,0.06899999999999906,0,2.6259291104687064,0.23699999999999832,0,5.241302847862822,0.23699999999999832,0,9.734908103942871,0.06899999999999906,0,0.0895168781280061,0.006000000000000227,0,0.02726632356643289,0.006000000000000227,0,1.636041283607483,0.0,0,0.6574618816375732,0.0,0,0.0,0.0,0,0.12285299920445927,0.006000000000000227,0,0.12732155903179826,0.006000000000000227,0,0.030402411772433992,1.4009999999999998,0,0.005411434194347304,0.06899999999999906,0,1.0,0.0,0
f5aaf759-5702-4fe2-8f72-0f39b8ab6db5,12,26.21,-1.8772189886313098,1.9009999999999998,0,-0.40360861498120626,1.9009999999999998,0,0.09374530613422394,0.07399999999999807,0,0.03031546249985695,0.07399999999999807,0,0.9100945019815118,0.08899999999999864,0,2.6259291104687064,0.7369999999999983,0,5.241302847862822,0.7369999999999983,0,10.75161075592041,0.08899999999999864,0,0.09374530613902518,0.038000000000000256,0,0.030315462499855107,0.038000000000000256,0,1.7741936445236206,0.10099999999999909,0,0.6698317527770996,0.10099999999999909,0,0.0,0.10099999999999909,0,0.1281987549130254,0.038000000000000256,0,0.14068876925622015,0.038000000000000256,0,0.030402411772433992,1.9009999999999998,0,0.0071344400798979395,0.08899999999999864,0,1.0,0.10099999999999909,0
f5aaf759-5702-4fe2-8f72-0f39b8ab6db5,13,26.71,-1.852647313372422,0.39399999999999835,0,-0.3578349094271763,0.39399999999999835,0,0.09929059445858002,0.03399999999999892,0,0.028302356600761414,0.03399999999999892,0,0.9122737846663221,0.08800000000000097,0,2.634252393901859,0.21699999999999875,0,5.204143325481997,0.21699999999999875,0,8.960614204406738,0.08800000000000097,0,0.0987748168264716,0.03399999999999892,0,0.027378479018448004,0.03399999999999892,0,1.6725621223449707,0.0009999999999976694,0,0.6730427742004395,0.0009999999999976694,0,0.0,0.0009999999999976694,0,0.13220831112554765,0.03399999999999892,0,0.15231906374115164,0.03399999999999892,0,0.03438429349633696,0.39399999999999835,0,0.006076945124073182,0.08800000000000097,0,1.0,0.0009999999999976694,0
f5aaf759-5702-4fe2-8f72-0f39b8ab6db5,14,27.21,-1.852647313372422,0.8939999999999984,0,-0.3578349094271763,0.8939999999999984,0,0.0892740786075592,0.02400000000000091,0,0.014854948036372662,0.02400000000000091,0,0.9189039140101523,0.08999999999999986,0,2.634252393901859,0.7169999999999987,0,5.204143325481997,0.7169999999999987,0,9.49026870727539,0.08699999999999974,0,0.08771603553673288,0.029999999999997584,0,0.01777653102418714,0.029999999999997584,0,1.6031798124313354,0.0,0,0.683856189250946,0.0,0,0.0,0.0,0,0.13564131056276366,0.029999999999997584,0,0.16406208295955654,0.029999999999997584,0,0.03438429349633696,0.8939999999999984,0,0.003208551908987734,0.08999999999999986,0,1.0,0.0,0
f5aaf759-5702-4fe2-8f72-0f39b8ab6db5,15,27.71,-1.852647313372422,1.3939999999999984,0,-0.3578349094271763,1.3939999999999984,0,0.08440878242254257,0.022999999999999687,0,0.008241542614996433,0.022999999999999687,0,0.9215478390920907,0.08899999999999864,0,2.7313592004557887,0.18799999999999883,0,5.1958522188089695,0.18799999999999883,0,10.520113945007324,0.08899999999999864,0,0.0831386089184689,0.0259999999999998,0,0.01283540740080677,0.0259999999999998,0,1.539663314819336,0.10099999999999909,0,0.6930720210075378,0.10099999999999909,0,0.0,0.10099999999999909,0,0.13761785118163852,0.0259999999999998,0,0.1722719802527967,0.0259999999999998,0,0.03438429349633696,1.3939999999999984,0,0.00263198851778147,0.08899999999999864,0,1.0,0.10099999999999909,0
f5aaf759-5702-4fe2-8f72-0f39b8ab6db5,16,28.21,-1.852647313372422,1.8939999999999984,0,-0.3578349094271763,1.8939999999999984,0,0.08328840881586075,0.012999999999998124,0,0.0038485710974782705,0.012999999999998124,0,0.9214752871108551,0.09099999999999753,0,2.7313592004557887,0.6879999999999988,0,5.1958522188089695,0.6879999999999988,0,9.539748191833496,0.09099999999999753,0,0.08228641748009018,0.021999999999998465,0,0.0054925326256838325,0.021999999999998465,0,1.4687514305114746,0.0009999999999976694,0,0.7014427185058594,0.0009999999999976694,0,0.0,0.0009999999999976694,0,0.1383193889012576,0.021999999999998465,0,0.17578769396108992,0.021999999999998465,0,0.03438429349633696,1.8939999999999984,0,0.002456781298800479,0.09099999999999753,0,1.0,0.0009999999999976694,0
f5aaf759-5702-4fe2-8f72-0f39b8ab6db5,17,28.71,0.0,2.0,1,0.0,2.0,1,0.07383537292480469,0.015000000000000568,0,0.007015095092356205,0.015000000000000568,0,0.9211352290368329,0.08699999999999974,0,2.865751618778105,0.16799999999999926,0,5.2196141983929065,0.16799999999999926,0,9.271071434020996,0.08699999999999974,0,0.07244618982072928,0.018000000000000682,0,0.005225171335038829,0.018000000000000682,0,1.441591739654541,0.0,0,0.692085862159729,0.0,0,0.0,0.0,0,0.13857615852107094,0.018000000000000682,0,0.17742627578694856,0.018000000000000682,0,0.0,2.0,1,0.0022360148482924082,0.08699999999999974,0,1.0,0.0,0
f5aaf759-5702-4fe2-8f72-0f39b8ab6db5,18,29.21,-1.8435191505267348,0.4819999999999993,0,-0.3226380871594951,0.4819999999999993,0,0.06748834252357483,0.013999999999999346,0,0.01050370093435049,0.013999999999999346,0,0.9229656789653624,0.06799999999999784,0,2.865751618778105,0.6679999999999993,0,5.2196141983929065,0.6679999999999993,0,10.074114799499512,0.06799999999999784,0,0.06713381185059339,0.013999999999999346,0,0.011227939371265665,0.013999999999999346,0,1.4024434089660645,0.10099999999999909,0,0.6956076622009277,0.10099999999999909,0,0.0,0.10099999999999909,0,0.13902434140257677,0.013999999999999346,0,0.1811847796187765,0.013999999999999346,0,0.03168297302246133,0.4819999999999993,0,0.0015798077113650304,0.06799999999999784,0,1.0,0.10099999999999909,0
f5aaf759-5702-4fe2-8f72-0f39b8ab6db5,19,29.71,-1.8435191505267348,0.9819999999999993,0,-0.3226380871594951,0.9819999999999993,0,0.057772357016801834,0.003999999999997783,0,0.021768681704998016,0.003999999999997783,0,0.9177151329132418,0.07000000000000028,0,2.7680831370743983,0.13899999999999935,0,5.160036274674115,0.13899999999999935,0,9.500411987304688,0.06700000000000017,0,0.06517397612339162,0.00999999999999801,0,0.008851869031787907,0.00999999999999801,0,1.3603352308273315,0.0009999999999976694,0,0.7138851284980774,0.0009999999999976694,0,0.0,0.0009999999999976694,0,0.1394326841745733,0.00999999999999801,0,0.18596376331103517,0.00999999999999801,0,0.03168297302246133,0.9819999999999993,0,0.0014720075190732965,0.07000000000000028,0,1.0,0.0009999999999976694,0
f5aaf759-5702-4fe2-8f72-0f39b8ab6db5,20,30.21,-1.8435191505267348,1.4819999999999993,0,-0.3226380871594951,1.4819999999999993,0,0.07074788212776184,0.0030000000000001137,0,0.04356299340724945,0.0030000000000001137,0,0.9124549579496185,0.06899999999999906,0,2.7680831370743983,0.6389999999999993,0,5.160036274674115,0.6389999999999993,0,8.848320960998535,0.06899999999999906,0,0.06674706190824671,0.006000000000000227,0,0.04176095128059071,0.006000000000000227,0,1.304193139076233,0.0,0,0.7086730003356934,0.0,0,0.0,0.0,0,0.14044374013439564,0.006000000000000227,0,0.2061667583231442,0.006000000000000227,0,0.03168297302246133,1.4819999999999993,0,0.0014491105408798906,0.06899999999999906,0,1.0,0.0,0
f5aaf759-5702-4fe2-8f72-0f39b8ab6db5,21,30.71,-1.8435191505267348,1.9819999999999993,0,-0.3226380871594951,1.9819999999999993,0,0.06122669205069542,0.07399999999999807,0,0.028546717017889023,0.07399999999999807,0,0.9062074680036555,0.08899999999999864,0,2.8470293630136494,0.11899999999999977,0,5.158826352474206,0.11899999999999977,0,9.836028099060059,0.08899999999999864,0,0.06122669205050167,0.038000000000000256,0,0.0285470367469641,0.038000000000000256,0,1.298709511756897,0.10099999999999909,0,0.726440966129303,0.10099999999999909,0,0.0,0.10099999999999909,0,0.14083049341737464,0.038000000000000256,0,0.2244607380986763,0.038000000000000256,0,0.03168297302246133,1.9819999999999993,0,0.0014662715898441547,0.08899999999999864,0,1.0,0.10099999999999909,0
f5aaf759-5702-4fe2-8f72-0f39b8ab6db5,22,31.21,0.0,2.0,1,0.0,2.0,1,0.04887646436691284,0.03399999999999892,0,0.010931592434644699,0.03399999999999892,0,0.9043645112185429,0.08799999999999741,0,2.8470293630136494,0.6189999999999998,0,5.158826352474206,0.6189999999999998,0,9.313851356506348,0.08799999999999741,0,0.05188899673984958,0.03399999999999892,0,0.011637588311790016,0.03399999999999892,0,1.2634536027908325,0.0009999999999976694,0,0.744361937046051,0.0009999999999976694,0,0.0,0.0009999999999976694,0,0.14078742545580608,0.03399999999999892,0,0.2340854706790013,0.03399999999999892,0,0.0,2.0,1,0.0014867912042418158,0.08799999999999741,0,1.0,0.0009999999999976694,0
f5aaf759-5702-4fe2-8f72-0f39b8ab6db5,23,31.71,0.0,2.0,1,0.0,2.0,1,0.04540117457509041,0.023999999999997357,0,-0.0013168887235224247,0.023999999999997357,0,0.9043092121385659,0.08699999999999974,0,2.883179059679589,0.08699999999999974,0,5.1361835639546625,0.08699999999999974,0,9.349720001220703,0.08699999999999974,0,0.04665511760095521,0.029999999999997584,0,-0.002974806023602293,0.029999999999997584,0,1.2527363300323486,0.0,0,0.7467523217201233,0.0,0,0.0,0.0,0,0.14074087665765467,0.029999999999997584,0,0.23600394572166486,0.029999999999997584,0,0.0,2.0,1,0.001517625115713675,0.08699999999999974,0,1.0,0.0,0
f5aaf759-5702-4fe2-8f72-0f39b8ab6db5,24,32.21,0.0,2.0,1,0.0,2.0,1,0.04074326902627945,0.022999999999996135,0,0.036989275366067886,0.022999999999996135,0,0.9056532662672301,0.08899999999999864,0,2.883179059679589,0.5869999999999997,0,5.1361835639546625,0.5869999999999997,0,9.750262260437012,0.08899999999999864,0,0.03760396017928794,0.02599999999999625,0,0.03914038017465542,0.02599999999999625,0,1.2320008277893066,0.001999999999995339,0,0.7542089819908142,0.001999999999995339,0,0.0,0.001999999999995339,0,0.14000119595361676,0.02599999999999625,0,0.24896527370182012,0.02599999999999625,0,0.0,2.0,1,0.0015725142933069947,0.08899999999999864,0,1.0,0.001999999999995339,0
f5aaf759-5702-4fe2-8f72-0f39b8ab6db5,25,32.71,-1.8400289017702418,0.490000000000002,0,-0.2518041879893078,0.490000000000002,0,0.03597843274474144,0.012999999999998124,0,0.013123971410095692,0.012999999999998124,0,0.9066218844102696,0.08800000000000097,0,2.735114684616084,0.06700000000000017,0,5.108801145844527,0.06700000000000017,0,9.436427116394043,0.08800000000000097,0,0.041630849231567325,0.021999999999998465,0,0.0205021686857212,0.021999999999998465,0,1.1865588426589966,0.0009999999999976694,0,0.759864866733551,0.0009999999999976694,0,0.0,0.0009999999999976694,0,0.13897168272263158,0.021999999999998465,0,0.2631549276671317,0.021999999999998465,0,0.032134805409901046,0.490000000000002,0,0.001676250020699778,0.08800000000000097,0,1.0,0.0009999999999976694,0
f5aaf759-5702-4fe2-8f72-0f39b8ab6db5,26,33.21,-1.8400289017702418,0.990000000000002,0,-0.2518041879893078,0.990000000000002,0,0.028000444173812866,0.015000000000000568,0,0.04224367439746857,0.015000000000000568,0,0.9073114319021504,0.0899999999999963,0,2.735114684616084,0.5670000000000002,0,5.108801145844527,0.5670000000000002,0,8.855743408203125,0.0899999999999963,0,0.0286485813558942,0.018000000000000682,0,0.042844548821036284,0.018000000000000682,0,1.1782845258712769,0.0,0,0.761372447013855,0.0,0,0.0,0.0,0,0.13762410635869832,0.018000000000000682,0,0.27772089724881777,0.018000000000000682,0,0.032134805409901046,0.990000000000002,0,0.0018414553855590535,0.0899999999999963,0,1.0,0.0,0
f5aaf759-5702-4fe2-8f72-0f39b8ab6db5,27,33.71,-1.8400289017702418,1.490000000000002,0,-0.2518041879893078,1.490000000000002,0,0.03025759384036064,0.013999999999995794,0,0.01971663534641266,0.013999999999995794,0,0.9073289405414835,0.07099999999999795,0,2.9318700036292156,0.046999999999997044,0,5.1149429799174895,0.046999999999997044,0,10.127097129821777,0.07099999999999795,0,0.03072009216078554,0.013999999999995794,0,0.02241685371865883,0.013999999999995794,0,1.1689807176589966,0.1039999999999992,0,0.7678934931755066,0.1039999999999992,0,0.0,0.1039999999999992,0,0.13608461808589498,0.013999999999995794,0,0.2922568791890402,0.013999999999995794,0,0.032134805409901046,1.490000000000002,0,0.0021979238886022283,0.07099999999999795,0,1.0,0.1039999999999992,0
f5aaf759-5702-4fe2-8f72-0f39b8ab6db5,28,34.21,-1.8400289017702418,1.990000000000002,0,-0.2518041879893078,1.990000000000002,0,0.022747065871953964,0.003999999999997783,0,-0.004999858792871237,0.003999999999997783,0,0.9038774552987888,0.07000000000000028,0,2.9318700036292156,0.546999999999997,0,5.1149429799174895,0.546999999999997,0,9.102072715759277,0.07000000000000028,0,0.027070919051820443,0.00999999999999801,0,-0.0015807803720198816,0.00999999999999801,0,1.1713109016418457,0.003999999999997783,0,0.7761768698692322,0.003999999999997783,0,0.0,0.003999999999997783,0,0.13559906315279371,0.00999999999999801,0,0.29633294025691925,0.00999999999999801,0,0.032134805409901046,1.990000000000002,0,0.0028598462814320175,0.07000000000000028,0,1.0,0.003999999999997783,0
f5aaf759-5702-4fe2-8f72-0f39b8ab6db5,29,34.71,0.0,2.0,1,0.0,2.0,1,0.022589068859815598,0.0030000000000001137,0,-0.008314946666359901,0.0030000000000001137,0,0.900662283077836,0.0659999999999954,0,2.9691838667519153,0.027000000000001023,0,5.114083925300211,0.027000000000001023,0,8.972558975219727,0.0659999999999954,0,0.02463551983235162,0.006000000000000227,0,-0.005617326591167657,0.006000000000000227,0,1.1460093259811401,0.0,0,0.7640385031700134,0.0,0,0.0,0.0,0,0.1360126027166292,0.006000000000000227,0,0.2933471061470759,0.006000000000000227,0,0.0,2.0,1,0.003561464127659709,0.0659999999999954,0,1.0,0.0,0
f5aaf759-5702-4fe2-8f72-0f39b8ab6db5,30,35.21,0.0,2.0,1,0.0,2.0,1,0.018436331301927567,0.07399999999999807,0,-0.0032951622270047665,0.07399999999999807,0,0.8968208740465343,0.08899999999999864,0,2.9691838667519153,0.527000000000001,0,5.114083925300211,0.527000000000001,0,9.484196662902832,0.08899999999999864,0,0.01843633130200949,0.0379999999999967,0,-0.0032951622270067462,0.0379999999999967,0,1.1557888984680176,0.10099999999999909,0,0.775585412979126,0.10099999999999909,0,0.0,0.10099999999999909,0,0.13636015358688486,0.0379999999999967,0,0.29101581196387294,0.0379999999999967,0,0.0,2.0,1,0.004475445379066703,0.08899999999999864,0,1.0,0.10099999999999909,0
f5aaf759-5702-4fe2-8f72-0f39b8ab6db5,31,35.71,0.0,2.0,1,0.0,2.0,1,0.0735655128955841,0.03399999999999892,0,0.04697858542203903,0.03399999999999892,0,0.8945348489439736,0.09100000000000108,0,2.435223610954264,0.3369999999999962,0,5.057598507001103,0.3369999999999962,0,9.421530723571777,0.09100000000000108,0,0.053055730559032885,0.03399999999999892,0,0.04521933929426934,0.03399999999999892,0,1.1544749736785889,0.0009999999999976694,0,0.776653528213501,0.0009999999999976694,0,0.0,0.0009999999999976694,0,0.1357041940130796,0.03399999999999892,0,0.29509722899048874,0.03399999999999892,0,0.0,2.0,1,0.0050081336068042975,0.09100000000000108,0,1.0,0.0009999999999976694,0
f5aaf759-5702-4fe2-8f72-0f39b8ab6db5,32,36.21,0.0,2.0,1,0.0,2.0,1,0.022023849189281464,0.02400000000000091,0,0.009140755981206894,0.02400000000000091,0,0.8817580267662803,0.08699999999999619,0,2.435223610954264,0.8369999999999962,0,5.057598507001103,0.8369999999999962,0,9.524935722351074,0.08399999999999608,0,0.021068241447799174,0.030000000000001137,0,0.008691838713604377,0.030000000000001137,0,1.1255087852478027,0.0,0,0.7829442620277405,0.0,0,0.0,0.0,0,0.13322757300454308,0.030000000000001137,0,0.3092875205175252,0.030000000000001137,0,0.0,2.0,1,0.008365793606551127,0.08699999999999619,0,1.0,0.0,0
f5aaf759-5702-4fe2-8f72-0f39b8ab6db5,33,36.71,0.0,2.0,1,0.0,2.0,1,0.02327699400484562,0.022999999999996135,0,-0.02009357511997223,0.022999999999996135,0,0.8800970902868236,0.08899999999999864,0,3.0123553983849045,0.30799999999999983,0,5.115313601486141,0.30799999999999983,0,9.824793815612793,0.08899999999999864,0,0.012815884500630306,0.02599999999999625,0,-0.01560567109459172,0.02599999999999625,0,1.1306593418121338,0.10099999999999909,0,0.7871626019477844,0.10099999999999909,0,0.0,0.10099999999999909,0,0.13335309107500226,0.02599999999999625,0,0.3086683223321297,0.02599999999999625,0,0.0,2.0,1,0.009012287591270934,0.08899999999999864,0,1.0,0.10099999999999909,0
f5aaf759-5702-4fe2-8f72-0f39b8ab6db5,34,37.21,0.0,2.0,1,0.0,2.0,1,0.022262174636125565,0.012999999999998124,0,-0.02159930020570755,0.012999999999998124,0,0.8777492451202125,0.08800000000000097,0,3.0123553983849045,0.8079999999999998,0,5.115313601486141,0.8079999999999998,0,10.10598087310791,0.08800000000000097,0,0.02582129464994254,0.021999999999998465,0,-0.02504843100862113,0.021999999999998465,0,1.1307249069213867,0.0009999999999976694,0,0.7784504890441895,0.0009999999999976694,0,0.0,0.0009999999999976694,0,0.1354687157475156,0.021999999999998465,0,0.29811299607069097,0.021999999999998465,0,0.0,2.0,1,0.010099191467022971,0.08800000000000097,0,1.0,0.0009999999999976694,0
f5aaf759-5702-4fe2-8f72-0f39b8ab6db5,35,37.71,0.0,2.0,1,0.0,2.0,1,0.012108062393963337,0.012000000000000455,0,0.012221382930874825,0.012000000000000455,0,0.8765646937365333,0.08699999999999619,0,2.770365505474897,0.27899999999999636,0,5.098751199036422,0.27899999999999636,0,9.253499984741211,0.08699999999999619,0,0.019565291702927402,0.018000000000000682,0,0.012237423093510585,0.018000000000000682,0,1.12490975856781,0.0,0,0.7739381194114685,0.0,0,0.0,0.0,0,0.13636666734218303,0.018000000000000682,0,0.2938077607535813,0.018000000000000682,0,0.0,2.0,1,0.010848428874423537,0.08699999999999619,0,1.0,0.0,0
f5aaf759-5702-4fe2-8f72-0f39b8ab6db5,36,38.21,0.0,2.0,1,0.0,2.0,1,0.014607620425522327,0.013999999999995794,0,0.012679948471486568,0.013999999999995794,0,0.874250104976818,0.07099999999999795,0,2.770365505474897,0.7789999999999964,0,5.098751199036422,0.7789999999999964,0,9.300678253173828,0.07099999999999795,0,0.011257955989395498,0.013999999999995794,0,0.01248290128933229,0.013999999999995794,0,1.1180583238601685,0.10099999999999909,0,0.7761870622634888,0.10099999999999909,0,0.0,0.10099999999999909,0,0.13492121427184964,0.013999999999995794,0,0.3003928992159186,0.013999999999995794,0,0.0,2.0,1,0.011899841598090006,0.07099999999999795,0,1.0,0.10099999999999909,0
f5aaf759-5702-4fe2-8f72-0f39b8ab6db5,37,38.71,0.0,2.0,1,0.0,2.0,1,0.012783300131559372,0.003999999999997783,0,0.011009960435330868,0.003999999999997783,0,0.8733486838126555,0.07000000000000028,0,2.937811726217047,0.2469999999999999,0,5.077229973873043,0.2469999999999999,0,9.63504409790039,0.07000000000000028,0,0.01399610936642583,0.00999999999999801,0,0.00711209885776882,0.00999999999999801,0,1.1252987384796143,0.0009999999999976694,0,0.7773013710975647,0.0009999999999976694,0,0.0,0.0009999999999976694,0,0.13401035824391977,0.00999999999999801,0,0.3044258839218409,0.00999999999999801,0,0.0,2.0,1,0.012345559739913673,0.07000000000000028,0,1.0,0.0009999999999976694,0
f5aaf759-5702-4fe2-8f72-0f39b8ab6db5,38,39.21,0.0,2.0,1,0.0,2.0,1,0.0036029107868671417,0.0030000000000001137,0,0.01859872415661812,0.0030000000000001137,0,0.8712468935052554,0.0659999999999954,0,2.937811726217047,0.7469999999999999,0,5.077229973873043,0.7469999999999999,0,10.358732223510742,0.0659999999999954,0,0.004589285235932109,0.006000000000000227,0,0.018633827567103578,0.006000000000000227,0,1.1200156211853027,0.0,0,0.781521737575531,0.0,0,0.0,0.0,0,0.13225888756929433,0.006000000000000227,0,0.31192309505145516,0.006000000000000227,0,0.0,2.0,1,0.01324522848339522,0.0659999999999954,0,1.0,0.0,0
f5aaf759-5702-4fe2-8f72-0f39b8ab6db5,39,39.71,0.0,2.0,1,0.0,2.0,1,0.007142504211515188,0.07399999999999807,0,-0.003328248392790556,0.07399999999999807,0,0.8701991617648552,0.08899999999999864,0,2.8273405232951148,0.22699999999999676,0,5.0887443823997565,0.22699999999999676,0,9.181605339050293,0.08899999999999864,0,0.007142504211476791,0.001999999999995339,0,-0.0033282483927962736,0.001999999999995339,0,1.08932626247406,0.10099999999999909,0,0.7947595119476318,0.10099999999999909,0,0.0,0.10099999999999909,0,0.1311033980663294,0.001999999999995339,0,0.31679151324232463,0.001999999999995339,0,0.0,2.0,1,0.013631218338528393,0.08899999999999864,0,1.0,0.10099999999999909,0
f5aaf759-5702-4fe2-8f72-0f39b8ab6db5,40,40.21,0.0,2.0,1,0.0,2.0,1,0.010912144556641579,0.03399999999999892,0,-0.023333489894866943,0.03399999999999892,0,0.8701982606419673,0.08800000000000097,0,2.8273405232951148,0.7269999999999968,0,5.0887443823997565,0.7269999999999968,0,9.804017066955566,0.08800000000000097,0,0.013733184513335278,0.03399999999999892,0,-0.028539337403668076,0.03399999999999892,0,1.1151401996612549,0.10000000000000142,0,0.7863299250602722,0.10000000000000142,0,0.0,0.10000000000000142,0,0.1331873107300279,0.03399999999999892,0,0.30824634355613467,0.03399999999999892,0,0.0,2.0,1,0.013709058121467024,0.08800000000000097,0,1.0,0.10000000000000142,0
f5aaf759-5702-4fe2-8f72-0f39b8ab6db5,41,40.71,0.0,2.0,1,0.0,2.0,1,0.009483293630182743,0.02400000000000091,0,0.011505300179123878,0.02400000000000091,0,0.8694875270174817,0.08699999999999619,0,2.9209999018671065,0.1980000000000004,0,5.077297472100306,0.1980000000000004,0,9.606806755065918,0.08699999999999619,0,0.007735953671867188,0.030000000000001137,0,0.0014250498633056516,0.030000000000001137,0,1.111244559288025,0.0,0,0.7763873934745789,0.0,0,0.0,0.0,0,0.13468224246001292,0.030000000000001137,0,0.3022213985292234,0.030000000000001137,0,0.0,2.0,1,0.014061658268419706,0.08699999999999619,0,1.0,0.0,0
f5aaf759-5702-4fe2-8f72-0f39b8ab6db5,42,41.21,0.0,2.0,1,0.0,2.0,1,0.006981302984058857,0.022999999999996135,0,0.01919286698102951,0.022999999999996135,0,0.8686071058440332,0.08599999999999852,0,2.9209999018671065,0.6980000000000004,0,5.077297472100306,0.6980000000000004,0,9.978020668029785,0.08599999999999852,0,0.010550398940080218,0.02599999999999625,0,0.022459105401866773,0.02599999999999625,0,1.111486792564392,0.10099999999999909,0,0.7829334735870361,0.10099999999999909,0,0.0,0.10099999999999909,0,0.13257308118771846,0.02599999999999625,0,0.3105038905120816,0.02599999999999625,0,0.0,2.0,1,0.014401079047282413,0.08599999999999852,0,1.0,0.10099999999999909,0
f5aaf759-5702-4fe2-8f72-0f39b8ab6db5,43,41.71,0.0,2.0,1,0.0,2.0,1,0.004981262609362602,0.012999999999998124,0,0.0040817903354763985,0.012999999999998124,0,0.8677164625624816,0.08800000000000097,0,2.50944205773202,0.17799999999999727,0,5.067285007739363,0.17799999999999727,0,9.385207176208496,0.08800000000000097,0,0.0057432046101269915,0.021999999999998465,0,0.00437379838347495,0.021999999999998465,0,1.0858858823776245,0.0009999999999976694,0,0.7831772565841675,0.0009999999999976694,0,0.0,0.0009999999999976694,0,0.1312860741127527,0.021999999999998465,0,0.31547606417054436,0.021999999999998465,0,0.0,2.0,1,0.014740231616188643,0.08800000000000097,0,1.0,0.0009999999999976694,0
f5aaf759-5702-4fe2-8f72-0f39b8ab6db5,44,42.21,0.0,2.0,1,0.0,2.0,1,0.015548299998044968,0.015000000000000568,0,-0.012948091141879559,0.015000000000000568,0,0.8678782313798243,0.08699999999999619,0,2.50944205773202,0.6779999999999973,0,5.067285007739363,0.6779999999999973,0,9.904404640197754,0.08699999999999619,0,0.01677397452232888,0.018000000000000682,0,-0.009581501595683911,0.018000000000000682,0,1.1158653497695923,0.0,0,0.7809358835220337,0.0,0,0.0,0.0,0,0.1322720960832818,0.018000000000000682,0,0.3117390191248541,0.018000000000000682,0,0.0,2.0,1,0.014641084217749949,0.08699999999999619,0,1.0,0.0,0
f5aaf759-5702-4fe2-8f72-0f39b8ab6db5,45,42.71,-1.849673758410131,0.1939999999999955,0,-0.19196200847910969,0.1939999999999955,0,0.010247459635138512,0.013999999999995794,0,-0.0033065127208828926,0.013999999999995794,0,0.86825331632824,0.07099999999999795,0,2.8993207927001006,0.1490000000000009,0,5.117050488483431,0.1490000000000009,0,9.204615592956543,0.07099999999999795,0,0.000847839318689759,0.013999999999995794,0,-0.0019006922414003626,0.013999999999995794,0,1.0925118923187256,0.10099999999999909,0,0.7818515300750732,0.10099999999999909,0,0.0,0.10099999999999909,0,0.13363039086156528,0.013999999999995794,0,0.3066900909633845,0.013999999999995794,0,0.034412985257165254,0.1939999999999955,0,0.014496418738805233,0.07099999999999795,0,1.0,0.10099999999999909,0
f5aaf759-5702-4fe2-8f72-0f39b8ab6db5,46,43.21,-1.849673758410131,0.6939999999999955,0,-0.19196200847910969,0.6939999999999955,0,0.013641072437167168,0.003999999999997783,0,-0.009781409054994583,0.003999999999997783,0,0.8686358657820771,0.07000000000000028,0,2.8993207927001006,0.6490000000000009,0,5.117050488483431,0.6490000000000009,0,8.847922325134277,0.07000000000000028,0,0.015243571251688412,0.00999999999999801,0,-0.012361282482737287,0.00999999999999801,0,1.1103007793426514,0.0009999999999976694,0,0.7811052203178406,0.0009999999999976694,0,0.0,0.0009999999999976694,0,0.13512794353507052,0.00999999999999801,0,0.3012673711561446,0.00999999999999801,0,0.034412985257165254,0.6939999999999955,0,0.014354048512184364,0.07000000000000028,0,1.0,0.0009999999999976694,0
f5aaf759-5702-4fe2-8f72-0f39b8ab6db5,47,43.71,-1.849673758410131,1.1939999999999955,0,-0.19196200847910969,1.1939999999999955,0,0.01286358293145895,0.0030000000000001137,0,0.0009520095773041248,0.0030000000000001137,0,0.8688619087791691,0.0659999999999954,0,2.843830159152656,0.12899999999999778,0,5.082349816750703,0.12899999999999778,0,9.54355239868164,0.0659999999999954,0,0.006295369937994304,0.006000000000000227,0,-0.0024071678053646144,0.006000000000000227,0,1.1082993745803833,0.0,0,0.7817007899284363,0.0,0,0.0,0.0,0,0.13617588224606633,0.006000000000000227,0,0.2975632131400227,0.006000000000000227,0,0.034412985257165254,1.1939999999999955,0,0.014237986422017457,0.0659999999999954,0,1.0,0.0,0
f5aaf759-5702-4fe2-8f72-0f39b8ab6db5,48,44.21,-1.849673758410131,1.6939999999999955,0,-0.19196200847910969,1.6939999999999955,0,0.008923479355871677,0.07399999999999807,0,0.017103228718042374,0.07399999999999807,0,0.8689747624347607,0.08899999999999864,0,2.843830159152656,0.6289999999999978,0,5.082349816750703,0.6289999999999978,0,10.02147102355957,0.08899999999999864,0,0.008923479355876663,0.0379999999999967,0,0.017103228718044296,0.0379999999999967,0,1.1145198345184326,0.10099999999999909,0,0.7797731757164001,0.10099999999999909,0,0.0,0.10099999999999909,0,0.13470003888942553,0.0379999999999967,0,0.3026679860445785,0.0379999999999967,0,0.034412985257165254,1.6939999999999955,0,0.014138241240332264,0.08899999999999864,0,1.0,0.10099999999999909,0
f5aaf759-5702-4fe2-8f72-0f39b8ab6db5,49,44.71,0.0,2.0,1,0.0,2.0,1,0.008421727456152439,0.03399999999999892,0,0.00560414046049118,0.03399999999999892,0,0.8689125593627492,0.08800000000000097,0,2.8331786168971247,0.10000000000000142,0,5.075226365340742,0.10000000000000142,0,9.104772567749023,0.08800000000000097,0,0.005217605365595631,0.03399999999999892,0,0.005969936866160458,0.03399999999999892,0,1.0955755710601807,0.10000000000000142,0,0.782051682472229,0.10000000000000142,0,0.0,0.10000000000000142,0,0.13328892854602536,0.03399999999999892,0,0.30749106022195133,0.03399999999999892,0,0.0,2.0,1,0.014103723168288222,0.08800000000000097,0,1.0,0.10000000000000142,0
f5aaf759-5702-4fe2-8f72-0f39b8ab6db5,50,45.21,0.0,2.0,1,0.0,2.0,1,0.009770778939127922,0.02400000000000091,0,0.0021049268543720245,0.02400000000000091,0,0.868969194420303,0.08699999999999619,0,2.8331786168971247,0.6000000000000014,0,5.075226365340742,0.6000000000000014,0,9.191187858581543,0.08699999999999619,0,0.007142834299155171,0.030000000000001137,0,0.0034698210649347174,0.030000000000001137,0,1.0893574953079224,0.0,0,0.7885382771492004,0.0,0,0.0,0.0,0,0.13314146806783386,0.030000000000001137,0,0.3079905880048052,0.030000000000001137,0,0.0,2.0,1,0.014066154640973234,0.08699999999999619,0,1.0,0.0,0
f5aaf759-5702-4fe2-8f72-0f39b8ab6db5,51,45.71,0.0,2.0,1,0.0,2.0,1,0.0,0.022999999999996135,0,0.0,0.022999999999996135,0,0.8690532706786568,0.08899999999999864,0,2.8985537584324317,0.06799999999999784,0,5.102268894915916,0.06799999999999784,0,9.524595260620117,0.08899999999999864,0,1.6118220450423295e-14,0.02599999999999625,0,-2.312964634635743e-15,0.02599999999999625,0,1.090269684791565,0.10099999999999909,0,0.7745190262794495,0.10099999999999909,0,0.0,0.10099999999999909,0,0.13285877234532772,0.02599999999999625,0,0.30893174783335947,0.02599999999999625,0,0.0,2.0,1,0.014028860876886332,0.08899999999999864,0,1.0,0.10099999999999909,0
f5aaf759-5702-4fe2-8f72-0f39b8ab6db5,52,46.21,0.0,2.0,1,0.0,2.0,1,0.01000643614679575,0.012999999999998124,0,0.0016224212013185024,0.012999999999998124,0,0.8688951317577933,0.08800000000000097,0,2.8985537584324317,0.5679999999999978,0,5.102268894915916,0.5679999999999978,0,10.150867462158203,0.08800000000000097,0,0.0168999619873178,0.021999999999998465,0,0.0045508171615358155,0.021999999999998465,0,1.085999608039856,0.0009999999999976694,0,0.7880452275276184,0.0009999999999976694,0,0.0,0.0009999999999976694,0,0.12920567930077473,0.021999999999998465,0,0.3206397190036939,0.021999999999998465,0,0.0,2.0,1,0.013929890468229284,0.08800000000000097,0,1.0,0.0009999999999976694,0
f5aaf759-5702-4fe2-8f72-0f39b8ab6db5,53,46.71,0.0,2.0,1,0.0,2.0,1,0.0028349184431135654,0.015000000000000568,0,-0.01578523777425289,0.015000000000000568,0,0.8689189959457144,0.08699999999999619,0,2.8822835998053904,0.03900000000000148,0,5.117624671017604,0.03900000000000148,0,9.291834831237793,0.08699999999999619,0,0.0036132670938378852,0.018000000000000682,0,-0.016148256137974805,0.018000000000000682,0,1.0820990800857544,0.0,0,0.7885354161262512,0.0,0,0.0,0.0,0,0.13082151221854754,0.018000000000000682,0,0.31569889278850843,0.018000000000000682,0,0.0,2.0,1,0.01393949686641046,0.08699999999999619,0,1.0,0.0,0
f5aaf759-5702-4fe2-8f72-0f39b8ab6db5,54,47.21,0.0,2.0,1,0.0,2.0,1,0.0019070133566856384,0.013999999999995794,0,-0.025038713589310646,0.013999999999995794,0,0.8691123083001002,0.07099999999999795,0,2.8822835998053904,0.5390000000000015,0,5.117624671017604,0.5390000000000015,0,9.292526245117188,0.07099999999999795,0,0.004257718429256039,0.013999999999995794,0,-0.028253383561741008,0.013999999999995794,0,1.083216905593872,0.10099999999999909,0,0.782783567905426,0.10099999999999909,0,0.0,0.10099999999999909,0,0.13393486355219447,0.013999999999995794,0,0.30622143003227714,0.013999999999995794,0,0.0,2.0,1,0.01392604246534764,0.07099999999999795,0,1.0,0.10099999999999909,0
f5aaf759-5702-4fe2-8f72-0f39b8ab6db5,55,47.71,0.0,2.0,1,0.0,2.0,1,0.0016655148938298225,0.003999999999997783,0,-0.00701232859864831,0.003999999999997783,0,0.8694001891432951,0.07000000000000028,0,3.2517650389564925,0.01899999999999835,0,5.106551479055914,0.01899999999999835,0,9.677760124206543,0.07000000000000028,0,0.0099915247409769,0.00999999999999801,0,-0.006184435449547767,0.00999999999999801,0,1.0958298444747925,0.0009999999999976694,0,0.7901200652122498,0.0009999999999976694,0,0.0,0.0009999999999976694,0,0.13660747860299768,0.00999999999999801,0,0.29812661158892767,0.00999999999999801,0,0.0,2.0,1,0.013902711730784934,0.07000000000000028,0,1.0,0.0009999999999976694,0
f5aaf759-5702-4fe2-8f72-0f39b8ab6db5,56,48.21,0.0,2.0,1,0.0,2.0,1,0.0014676796272397041,0.0030000000000001137,0,0.0025994577445089817,0.0030000000000001137,0,0.869466092903167,0.06899999999999551,0,3.2517650389564925,0.5189999999999984,0,5.106551479055914,0.5189999999999984,0,8.919683456420898,0.06899999999999551,0,0.0026728264056056984,0.006000000000000227,0,0.0008160080760761615,0.006000000000000227,0,1.1061588525772095,0.0,0,0.7829428315162659,0.0,0,0.0,0.0,0,0.13725351191649038,0.006000000000000227,0,0.2961825961832881,0.006000000000000227,0,0.0,2.0,1,0.013906142248097619,0.06899999999999551,0,1.0,0.0,0
f5aaf759-5702-4fe2-8f72-0f39b8ab6db5,57,48.71,0.0,2.0,1,0.0,2.0,1,0.004290835931897163,0.07399999999999807,0,-0.007417108863592148,0.07399999999999807,0,0.8694155674800277,0.08899999999999864,0,3.2517650389564925,1.0189999999999984,0,5.106551479055914,1.0189999999999984,0,9.578636169433594,0.08899999999999864,0,0.004290835931597301,0.0379999999999967,0,-0.007341949053392184,0.0379999999999967,0,1.0998831987380981,0.10099999999999909,0,0.7857134938240051,0.10099999999999909,0,0.0,0.10099999999999909,0,0.13674318530778165,0.0379999999999967,0,0.2977221979327873,0.0379999999999967,0,0.0,2.0,1,0.013897149141875691,0.08899999999999864,0,1.0,0.10099999999999909,0
f5aaf759-5702-4fe2-8f72-0f39b8ab6db5,58,49.21,0.0,2.0,1,0.0,2.0,1,-9.333220077678561e-05,0.03399999999999892,0,0.02085268124938011,0.03399999999999892,0,0.8694441175026199,0.08800000000000097,0,2.8044554117473837,0.48699999999999477,0,5.074540899818369,0.48699999999999477,0,9.887991905212402,0.08800000000000097,0,0.003206816326104033,0.03399999999999892,0,0.021318793854873536,0.03399999999999892,0,1.0875407457351685,0.0009999999999976694,0,0.7793396711349487,0.0009999999999976694,0,0.0,0.0009999999999976694,0,0.13605434974046415,0.03399999999999892,0,0.2997946431177006,0.03399999999999892,0,0.0,2.0,1,0.013890466608495444,0.08800000000000097,0,1.0,0.0009999999999976694,0
f5aaf759-5702-4fe2-8f72-0f39b8ab6db5,59,49.71,0.0,2.0,1,0.0,2.0,1,-0.0008097547688521445,0.02400000000000091,0,0.013646114617586136,0.02400000000000091,0,0.8692203513455267,0.08699999999999619,0,2.8044554117473837,0.9869999999999948,0,5.074540899818369,0.9869999999999948,0,10.010287284851074,0.08699999999999619,0,-0.005056463643583255,0.030000000000001137,0,0.014706527298383638,0.030000000000001137,0,1.0907955169677734,0.0030000000000001137,0,0.7912402749061584,0.0030000000000001137,0,0.0,0.0030000000000001137,0,0.13383217643362427,0.030000000000001137,0,0.3064693925223452,0.030000000000001137,0,0.0,2.0,1,0.013900678619262787,0.08699999999999619,0,1.0,0.0030000000000001137,0
f5aaf759-5702-4fe2-8f72-0f39b8ab6db5,60,50.21,0.0,2.0,1,0.0,2.0,1,-0.010785713791847229,0.022999999999996135,0,-0.00390632962808013,0.022999999999996135,0,0.8691003528035556,0.08899999999999864,0,2.842500634115048,0.46699999999999875,0,5.096702222922977,0.46699999999999875,0,9.312426567077637,0.08899999999999864,0,-0.007985660609363255,0.02599999999999625,0,-0.0018995421437080495,0.02599999999999625,0,1.0877748727798462,0.10099999999999909,0,0.792942464351654,0.10099999999999909,0,0.0,0.10099999999999909,0,0.13213436644224652,0.02599999999999625,0,0.31157206870758763,0.02599999999999625,0,0.0,2.0,1,0.01391385467313853,0.08899999999999864,0,1.0,0.10099999999999909,0
f5aaf759-5702-4fe2-8f72-0f39b8ab6db5,61,50.71,0.0,2.0,1,0.0,2.0,1,0.0023334373254328966,0.012999999999998124,0,-0.006488829851150513,0.012999999999998124,0,0.8691481462400407,0.08800000000000097,0,2.842500634115048,0.9669999999999987,0,5.096702222922977,0.9669999999999987,0,10.424880027770996,0.08800000000000097,0,0.0016691857093304023,0.021999999999998465,0,-0.010061015374536693,0.021999999999998465,0,1.0898278951644897,0.0009999999999976694,0,0.7942692041397095,0.0009999999999976694,0,0.0,0.0009999999999976694,0,0.1332408518760498,0.021999999999998465,0,0.30822126154122287,0.021999999999998465,0,0.0,2.0,1,0.013907371903335387,0.08800000000000097,0,1.0,0.0009999999999976694,0
f5aaf759-5702-4fe2-8f72-0f39b8ab6db5,62,51.21,0.0,2.0,1,0.0,2.0,1,0.00634961249306798,0.015000000000000568,0,-0.0157182440161705,0.015000000000000568,0,0.8692024422825003,0.08399999999999608,0,2.8696596226870157,0.4379999999999953,0,5.109337757454857,0.4379999999999953,0,9.634684562683105,0.08399999999999608,0,-0.0024686637336053256,0.018000000000000682,0,-0.013098687864416397,0.018000000000000682,0,1.0968756675720215,0.0,0,0.7889735698699951,0.0,0,0.0,0.0,0,0.13413715171493495,0.018000000000000682,0,0.3055052093412536,0.018000000000000682,0,0.0,2.0,1,0.013909043108463569,0.08399999999999608,0,1.0,0.0,0
f5aaf759-5702-4fe2-8f72-0f39b8ab6db5,63,51.71,0.0,2.0,1,0.0,2.0,1,0.004375315736979246,0.013999999999995794,0,-0.00277657900005579,0.013999999999995794,0,0.869345329310745,0.06799999999999784,0,2.8696596226870157,0.9379999999999953,0,5.109337757454857,0.9379999999999953,0,9.516599655151367,0.06799999999999784,0,0.0015051594532559092,0.013999999999995794,0,-0.006855439444892567,0.013999999999995794,0,1.0935016870498657,0.10099999999999909,0,0.7744601964950562,0.10099999999999909,0,0.0,0.10099999999999909,0,0.1362203755875185,0.013999999999995794,0,0.29919734359379363,0.013999999999995794,0,0.0,2.0,1,0.013910314281566798,0.06799999999999784,0,1.0,0.10099999999999909,0
f5aaf759-5702-4fe2-8f72-0f39b8ab6db5,64,52.21,0.0,2.0,1,0.0,2.0,1,0.003248096676543355,0.003999999999997783,0,0.005049174651503563,0.003999999999997783,0,0.8694216934312134,0.07000000000000028,0,2.804675674558048,0.41799999999999926,0,5.101284594940552,0.41799999999999926,0,9.169276237487793,0.07000000000000028,0,-0.0006974841235513652,0.00999999999999801,0,0.004157577175638305,0.00999999999999801,0,1.1051901578903198,0.09999999999999432,0,0.7904994487762451,0.09999999999999432,0,0.0,0.09999999999999432,0,0.13581390183616104,0.00999999999999801,0,0.300424421386249,0.00999999999999801,0,0.0,2.0,1,0.013893262246774233,0.07000000000000028,0,1.0,0.09999999999999432,0
f5aaf759-5702-4fe2-8f72-0f39b8ab6db5,65,52.71,0.0,2.0,1,0.0,2.0,1,-0.009942444041371346,0.0030000000000001137,0,0.005431646481156349,0.0030000000000001137,0,0.8692761721042916,0.06899999999999551,0,2.804675674558048,0.9179999999999993,0,5.101284594940552,0.9179999999999993,0,9.063091278076172,0.06899999999999551,0,-0.007409369572923788,0.006000000000000227,0,0.008828654885297223,0.006000000000000227,0,1.0902032852172852,0.0,0,0.7892325520515442,0.0,0,0.0,0.0,0,0.13487075070547963,0.006000000000000227,0,0.3032586347043838,0.006000000000000227,0,0.0,2.0,1,0.013900190080936453,0.06899999999999551,0,1.0,0.0,0
f5aaf759-5702-4fe2-8f72-0f39b8ab6db5,66,53.21,0.0,2.0,1,0.0,2.0,1,0.0053514293394982815,0.07399999999999807,0,-0.008095900528132915,0.07399999999999807,0,0.8692439794850846,0.08899999999999864,0,2.8986520339774544,0.3889999999999958,0,5.117606882185957,0.3889999999999958,0,9.63875675201416,0.08899999999999864,0,0.0053514293394492695,0.001999999999995339,0,-0.008095900528139882,0.001999999999995339,0,1.09712553024292,0.10099999999999909,0,0.7903441786766052,0.10099999999999909,0,0.0,0.10099999999999909,0,0.13449890457449817,0.001999999999995339,0,0.30438061762976293,0.001999999999995339,0,0.0,2.0,1,0.013900008317015893,0.08899999999999864,0,1.0,0.10099999999999909,0
f5aaf759-5702-4fe2-8f72-0f39b8ab6db5,67,53.71,0.0,2.0,1,0.0,2.0,1,0.0006374933291226625,0.03399999999999892,0,-0.003958495333790779,0.03399999999999892,0,0.8694205224824448,0.08800000000000097,0,2.8986520339774544,0.8889999999999958,0,5.117606882185957,0.8889999999999958,0,9.852667808532715,0.08800000000000097,0,0.004092807251258094,0.03399999999999892,0,-0.004649670422782887,0.03399999999999892,0,1.1007788181304932,0.0009999999999976694,0,0.7849633097648621,0.0009999999999976694,0,0.0,0.0009999999999976694,0,0.1366114459306631,0.03399999999999892,0,0.2980450643915474,0.03399999999999892,0,0.0,2.0,1,0.013895690004856836,0.08800000000000097,0,1.0,0.0009999999999976694,0
f5aaf759-5702-4fe2-8f72-0f39b8ab6db5,68,54.21,0.0,2.0,1,0.0,2.0,1,-0.00013726018369197845,0.02400000000000091,0,0.028678998351097107,0.02400000000000091,0,0.8693637630793577,0.08699999999999619,0,3.1081315894696098,0.3689999999999998,0,5.08873614860001,0.3689999999999998,0,9.312311172485352,0.08699999999999619,0,-0.004939525387423047,0.02999999999999403,0,0.02215388975959793,0.02999999999999403,0,1.089919924736023,0.0,0,0.7986542582511902,0.0,0,0.0,0.0,0,0.1356678177568211,0.02999999999999403,0,0.30084353554471843,0.02999999999999403,0,0.0,2.0,1,0.01389433050435097,0.08699999999999619,0,1.0,0.0,0
f5aaf759-5702-4fe2-8f72-0f39b8ab6db5,69,54.71,0.0,2.0,1,0.0,2.0,1,-0.0030486818868666887,0.022999999999996135,0,0.019689105451107025,0.022999999999996135,0,0.8690575033503894,0.08899999999999864,0,3.1081315894696098,0.8689999999999998,0,5.08873614860001,0.8689999999999998,0,10.174124717712402,0.08899999999999864,0,0.0012941698256461122,0.02599999999999625,0,0.021084091068100434,0.02599999999999625,0,1.0846340656280518,0.10099999999999909,0,0.7924068570137024,0.10099999999999909,0,0.0,0.10099999999999909,0,0.13112826143308712,0.02599999999999625,0,0.3143257362378092,0.02599999999999625,0,0.0,2.0,1,0.01388775746039111,0.08899999999999864,0,1.0,0.10099999999999909,0
f5aaf759-5702-4fe2-8f72-0f39b8ab6db5,70,55.21,0.0,2.0,1,0.0,2.0,1,-0.0014352865982800722,0.012999999999998124,0,-0.025801055133342743,0.012999999999998124,0,0.8689367671636865,0.08800000000000097,0,2.8576326039629496,0.3369999999999962,0,5.117140148814345,0.3369999999999962,0,9.23514461517334,0.08800000000000097,0,0.003021285407074029,0.021999999999998465,0,-0.017822454073972614,0.021999999999998465,0,1.0936007499694824,0.0009999999999976694,0,0.7925745248794556,0.0009999999999976694,0,0.0,0.0009999999999976694,0,0.13005208971864682,0.021999999999998465,0,0.3175205529741796,0.021999999999998465,0,0.0,2.0,1,0.01389404902380799,0.08800000000000097,0,1.0,0.0009999999999976694,0
f5aaf759-5702-4fe2-8f72-0f39b8ab6db5,71,55.71,0.0,2.0,1,0.0,2.0,1,0.0027197650633752346,0.015000000000000568,0,-0.02318768948316574,0.015000000000000568,0,0.8692434304875011,0.08699999999999619,0,2.8576326039629496,0.8369999999999962,0,5.117140148814345,0.8369999999999962,0,9.458296775817871,0.08699999999999619,0,-0.00242314161724272,0.018000000000000682,0,-0.026320373639923213,0.018000000000000682,0,1.0902888774871826,0.0,0,0.7865658402442932,0.0,0,0.0,0.0,0,0.1351109775364774,0.018000000000000682,0,0.3024793848546357,0.018000000000000682,0,0.0,2.0,1,0.013901445445287285,0.08699999999999619,0,1.0,0.0,0
f5aaf759-5702-4fe2-8f72-0f39b8ab6db5,72,56.21,0.0,2.0,1,0.0,2.0,1,1.0,0.013999999999995794,0,0.0,0.013999999999995794,0,0.8808387053400899,0.07099999999999795,0,2.8576326039629496,1.3369999999999962,0,5.117140148814345,1.3369999999999962,0,9.989303588867188,0.07099999999999795,0,0.7469999998295677,0.013999999999995794,0,-5.296689013315851e-14,0.013999999999995794,0,1.062190055847168,0.10099999999999909,0,0.7867975831031799,0.10099999999999909,0,0.0,0.10099999999999909,0,0.13554588601289005,0.013999999999995794,0,0.3011832601182618,0.013999999999995794,0,0.0,2.0,1,0.010228292214373293,0.07099999999999795,0,1.0,0.10099999999999909,0
f5aaf759-5702-4fe2-8f72-0f39b8ab6db5,73,56.71,-1.8562249242454627,0.18999999999999773,0,-0.20156835494982783,0.18999999999999773,0,1.0,0.003999999999997783,0,0.0,0.003999999999997783,0,0.8929841965887074,0.06700000000000017,0,2.8576326039629496,1.8369999999999962,0,5.117140148814345,1.8369999999999962,0,8.706029891967773,0.06700000000000017,0,0.9999999999999478,0.00999999999999801,0,-3.32848259949429e-13,0.00999999999999801,0,1.028680443763733,0.0009999999999976694,0,0.8246070742607117,0.0009999999999976694,0,0.0,0.0009999999999976694,0,0.13554588601298315,0.00999999999999801,0,0.30118326011816293,0.00999999999999801,0,0.061401212975246366,0.18999999999999773,0,0.0023238041452193175,0.06700000000000017,0,1.0,0.0009999999999976694,0
f5aaf759-5702-4fe2-8f72-0f39b8ab6db5,74,57.21,-1.852801490039064,0.07799999999999585,0,-0.2022639872756049,0.07799999999999585,0,1.0,0.0030000000000001137,0,0.0,0.0030000000000001137,0,0.8939427961828187,0.06899999999999551,0,0.0,2.0,1,0.0,2.0,1,8.816604614257812,0.06899999999999551,0,0.9999999999999893,0.006000000000000227,0,-3.388493189741363e-13,0.006000000000000227,0,0.8578702211380005,0.0,0,0.849777102470398,0.0,0,0.0,0.0,0,0.1355458860131415,0.006000000000000227,0,0.3011832601181048,0.006000000000000227,0,0.09043935498767489,0.07799999999999585,0,0.0023245916935851103,0.06899999999999551,0,1.0,0.0,0
f5aaf759-5702-4fe2-8f72-0f39b8ab6db5,75,57.71,-1.853834178689463,0.28999999999999915,0,-0.21012118518836917,0.28999999999999915,0,0.7978748387312626,0.07399999999999807,0,0.0,0.07399999999999807,0,0.8906909378478304,0.08899999999999864,0,2.912412093991116,0.046999999999997044,0,5.144869592031546,0.046999999999997044,0,9.456018447875977,0.08899999999999864,0,0.8290000001696154,0.001999999999995339,0,-3.409309871453085e-13,0.001999999999995339,0,0.8672909140586853,0.1039999999999992,0,0.9013712406158447,0.1039999999999992,0,0.0,0.1039999999999992,0,0.13554588601331197,0.001999999999995339,0,0.3011832601181313,0.001999999999995339,0,0.106366192673315,0.28999999999999915,0,0.0024013118994745735,0.08899999999999864,0,1.0,0.1039999999999992,0
f5aaf759-5702-4fe2-8f72-0f39b8ab6db5,76,58.21,-1.8453917992189066,0.4989999999999952,0,-0.2294954866988299,0.4989999999999952,0,-0.10733745247125626,0.03399999999999892,0,-0.029808983206748962,0.03399999999999892,0,0.8926449224880586,0.08799999999999386,0,2.912412093991116,0.546999999999997,0,5.144869592031546,0.546999999999997,0,9.788615226745605,0.08799999999999386,0,-0.08470756660446394,0.03399999999999892,0,-0.021974855790926617,0.03399999999999892,0,0.875537097454071,0.0009999999999976694,0,0.9956479668617249,0.0009999999999976694,0,0.0,0.0009999999999976694,0,0.13684831239542433,0.03399999999999892,0,0.3020163146060675,0.03399999999999892,0,0.11561097714663382,0.4989999999999952,0,0.0024287000712647946,0.08799999999999386,0,1.0,0.0009999999999976694,0
f5aaf759-5702-4fe2-8f72-0f39b8ab6db5,77,58.71,-1.8453917992189066,0.9989999999999952,0,-0.2294954866988299,0.9989999999999952,0,-0.12575498223304749,0.023999999999993804,0,-0.0015121583128347993,0.023999999999993804,0,0.8926639644009993,0.08699999999999619,0,2.877077315698313,0.018000000000000682,0,5.1161830559622,0.018000000000000682,0,9.752636909484863,0.08699999999999619,0,-0.12234718029795048,0.02999999999999403,0,0.0005051576874739079,0.02999999999999403,0,0.8864249587059021,0.0,0,0.9968928694725037,0.0,0,0.0,0.0,0,0.14488629031494626,0.02999999999999403,0,0.3068317303753532,0.02999999999999403,0,0.11561097714663382,0.9989999999999952,0,0.0024080119816473674,0.08699999999999619,0,1.0,0.0,0
f5aaf759-5702-4fe2-8f72-0f39b8ab6db5,78,59.21,-1.8453917992189066,1.4989999999999952,0,-0.2294954866988299,1.4989999999999952,0,-0.1141006201505661,0.022999999999996135,0,0.00018415346858091652,0.022999999999996135,0,0.8919714657046521,0.08899999999999864,0,2.877077315698313,0.5180000000000007,0,5.1161830559622,0.5180000000000007,0,9.766796112060547,0.08899999999999864,0,-0.11948800981657026,0.02599999999999625,0,-0.0013455735988501802,0.02599999999999625,0,0.8774765133857727,0.10099999999999909,0,0.9765110015869141,0.10099999999999909,0,0.0,0.10099999999999909,0,0.14456678496495867,0.02599999999999625,0,0.3066802571728372,0.02599999999999625,0,0.11561097714663382,1.4989999999999952,0,0.0024071843455772068,0.08899999999999864,0,1.0,0.10099999999999909,0
f5aaf759-5702-4fe2-8f72-0f39b8ab6db5,79,59.71,-1.8453917992189066,1.9989999999999952,0,-0.2294954866988299,1.9989999999999952,0,-0.15461008250713348,0.012999999999998124,0,0.022879235446453094,0.012999999999998124,0,0.8915495329769328,0.08799999999999386,0,2.877077315698313,1.0180000000000007,0,5.1161830559622,1.0180000000000007,0,9.595394134521484,0.08799999999999386,0,-0.1484706960930927,0.021999999999998465,0,0.01682964066759829,0.021999999999998465,0,0.8506203889846802,0.09999999999999432,0,0.9486668109893799,0.09999999999999432,0,0.0,0.09999999999999432,0,0.1422707462128003,0.021999999999998465,0,0.3057103134822992,0.021999999999998465,0,0.11561097714663382,1.9989999999999952,0,0.0024013927363241315,0.08799999999999386,0,1.0,0.09999999999999432,0
f5aaf759-5702-4fe2-8f72-0f39b8ab6db5,80,60.21,0.0,2.0,1,0.0,2.0,1,-0.13423806428909302,0.015000000000000568,0,0.0255955308675766,0.015000000000000568,0,0.8903777542353297,0.0899999999999963,0,2.8639086385048147,0.4889999999999972,0,5.145546616425886,0.4889999999999972,0,9.294827461242676,0.0899999999999963,0,-0.13372528553029142,0.017999999999993577,0,0.025416862220159486,0.017999999999993577,0,0.8422226905822754,0.0,0,0.9030224680900574,0.0,0,0.0,0.0,0,0.12900924605957112,0.017999999999993577,0,0.30102929486366736,0.017999999999993577,0,0.0,2.0,1,0.0024139240564291717,0.0899999999999963,0,1.0,0.0,0
f5aaf759-5702-4fe2-8f72-0f39b8ab6db5,81,60.71,0.0,2.0,1,0.0,2.0,1,-0.1267753541469574,0.013999999999995794,0,0.021479407325387,0.013999999999995794,0,0.8897181830865641,0.07099999999999795,0,2.8639086385048147,0.9889999999999972,0,5.145546616425886,0.9889999999999972,0,8.887445449829102,0.07099999999999795,0,-0.12163452506458775,0.013999999999995794,0,0.023566605150650517,0.013999999999995794,0,0.8410898447036743,0.10099999999999909,0,0.879923403263092,0.10099999999999909,0,0.0,0.10099999999999909,0,0.11737400098867173,0.013999999999995794,0,0.2977819723502794,0.013999999999995794,0,0.0,2.0,1,0.002424637167259789,0.07099999999999795,0,1.0,0.10099999999999909,0
f5aaf759-5702-4fe2-8f72-0f39b8ab6db5,82,61.21,-1.8662876799405856,0.0009999999999976694,0,-0.24191389823169174,0.0009999999999976694,0,-0.11748358607292175,0.003999999999997783,0,0.003741736290976405,0.003999999999997783,0,0.8890688202048962,0.06700000000000017,0,2.8156301130847394,0.4689999999999941,0,5.145613002779196,0.4689999999999941,0,9.826595306396484,0.06700000000000017,0,-0.12133882194761547,0.00999999999999801,0,0.0014099355321345321,0.00999999999999801,0,0.8255791068077087,0.0009999999999976694,0,0.8519669771194458,0.0009999999999976694,0,0.0,0.0009999999999976694,0,0.10837044523228982,0.00999999999999801,0,0.2958125577083621,0.00999999999999801,0,0.10316248026616998,0.0009999999999976694,0,0.0024352365534853486,0.06700000000000017,0,1.0,0.0009999999999976694,0
f5aaf759-5702-4fe2-8f72-0f39b8ab6db5,83,61.71,-1.8662876799405856,0.5009999999999977,0,-0.24191389823169174,0.5009999999999977,0,-0.12037257105112076,0.0030000000000001137,0,0.009616617113351822,0.0030000000000001137,0,0.8893194978497923,0.06899999999999551,0,2.8156301130847394,0.9689999999999941,0,5.145613002779196,0.9689999999999941,0,8.79578971862793,0.06899999999999551,0,-0.11527547240261023,0.006000000000000227,0,0.0017637687269545417,0.006000000000000227,0,0.8289868235588074,0.0,0,0.838986337184906,0.0,0,0.0,0.0,0,0.10478746198091496,0.006000000000000227,0,0.295293023922898,0.006000000000000227,0,0.10316248026616998,0.5009999999999977,0,0.0024305864528408466,0.06899999999999551,0,1.0,0.0,0
f5aaf759-5702-4fe2-8f72-0f39b8ab6db5,84,62.21,-1.8662876799405856,1.0009999999999977,0,-0.24191389823169174,1.0009999999999977,0,-0.14676381647586823,0.07399999999999807,0,0.027960121631622314,0.07399999999999807,0,0.8894112134321283,0.08899999999999864,0,2.554924320600038,0.4369999999999976,0,5.067515813601122,0.4369999999999976,0,9.593594551086426,0.08899999999999864,0,-0.14676381646517156,0.0379999999999967,0,0.02796012163109503,0.0379999999999967,0,0.8223303556442261,0.10099999999999909,0,0.8255395293235779,0.10099999999999909,0,0.0,0.10099999999999909,0,0.09733577925332682,0.0379999999999967,0,0.29471187924855824,0.0379999999999967,0,0.10316248026616998,1.0009999999999977,0,0.0024262090535453733,0.08899999999999864,0,1.0,0.10099999999999909,0
f5aaf759-5702-4fe2-8f72-0f39b8ab6db5,85,62.71,-1.8662876799405856,1.5009999999999977,0,-0.24191389823169174,1.5009999999999977,0,-0.14627231657505035,0.03399999999999892,0,0.017569564282894135,0.03399999999999892,0,0.8897351545095443,0.08799999999999386,0,2.554924320600038,0.9369999999999976,0,5.067515813601122,0.9369999999999976,0,9.515990257263184,0.08799999999999386,0,-0.15363921523767732,0.03399999999999892,0,0.01729430742554335,0.03399999999999892,0,0.8177867531776428,0.0009999999999976694,0,0.8061361908912659,0.0009999999999976694,0,0.0,0.0009999999999976694,0,0.08603974288345329,0.03399999999999892,0,0.2945092184086302,0.03399999999999892,0,0.10316248026616998,1.5009999999999977,0,0.0024234459285497677,0.08799999999999386,0,1.0,0.0009999999999976694,0
f5aaf759-5702-4fe2-8f72-0f39b8ab6db5,86,63.21,-1.881389341258525,0.49799999999999756,0,-0.24271577682696752,0.49799999999999756,0,-0.1408362090587616,0.023999999999993804,0,0.014540399424731731,0.023999999999993804,0,0.8901274988862375,0.08699999999999619,0,2.746720348467674,0.4169999999999945,0,5.090407869543573,0.4169999999999945,0,9.29867935180664,0.08699999999999619,0,-0.14531079460474286,0.02999999999999403,0,0.01575325080550912,0.02999999999999403,0,0.8116149306297302,0.0,0,0.8001840114593506,0.0,0,0.0,0.0,0,0.07773609782482857,0.02999999999999403,0,0.2949976726277503,0.02999999999999403,0,0.08302016331023626,0.49799999999999756,0,0.0024258389483170126,0.08699999999999619,0,1.0,0.0,0
f5aaf759-5702-4fe2-8f72-0f39b8ab6db5,87,63.71,-1.881389341258525,0.9979999999999976,0,-0.24271577682696752,0.9979999999999976,0,-0.13472868502140045,0.022999999999996135,0,0.010227354243397713,0.022999999999996135,0,0.8907355079008267,0.08899999999999864,0,2.746720348467674,0.9169999999999945,0,5.090407869543573,0.9169999999999945,0,9.292949676513672,0.08899999999999864,0,-0.13117176593384,0.02599999999999625,0,0.009352423065059859,0.02599999999999625,0,0.814143180847168,0.10099999999999909,0,0.7801128625869751,0.10099999999999909,0,0.0,0.10099999999999909,0,0.07103923501336233,0.02599999999999625,0,0.295850692147579,0.02599999999999625,0,0.08302016331023626,0.9979999999999976,0,0.0024186904814204506,0.08899999999999864,0,1.0,0.10099999999999909,0
f5aaf759-5702-4fe2-8f72-0f39b8ab6db5,88,64.21,-1.881389341258525,1.4979999999999905,0,-0.24271577682696752,1.4979999999999905,0,-0.14168097078800201,0.012999999999991019,0,0.017394615337252617,0.012999999999991019,0,0.8904524030194928,0.08799999999999386,0,2.776819457023343,0.387999999999991,0,5.088819443971158,0.387999999999991,0,10.502860069274902,0.08799999999999386,0,-0.13295573741209507,0.02199999999999136,0,0.017682636902069334,0.02199999999999136,0,0.8085695505142212,0.000999999999990564,0,0.7770101428031921,0.000999999999990564,0,0.0,0.000999999999990564,0,0.06237136896613865,0.02199999999999136,0,0.297600582843074,0.02199999999999136,0,0.08302016331023626,1.4979999999999905,0,0.002427518605648326,0.08799999999999386,0,1.0,0.000999999999990564,0
f5aaf759-5702-4fe2-8f72-0f39b8ab6db5,89,64.71,-1.9063319250798594,0.48599999999999,0,-0.23687758776159373,0.48599999999999,0,-0.12552058696746826,0.014999999999986358,0,0.015364311635494232,0.014999999999986358,0,0.8901610773475841,0.0899999999999892,0,2.776819457023343,0.887999999999991,0,5.088819443971158,0.887999999999991,0,9.006982803344727,0.0899999999999892,0,-0.12758765167669972,0.01799999999998647,0,0.014395426958803992,0.01799999999998647,0,0.808251142501831,0.09899999999998954,0,0.7712283134460449,0.09899999999998954,0,0.0,0.09899999999998954,0,0.05434154593086373,0.01799999999998647,0,0.29976234771784155,0.01799999999998647,0,0.0720056501399558,0.48599999999999,0,0.002433359267742882,0.0899999999999892,0,1.0,0.09899999999998954,0
f5aaf759-5702-4fe2-8f72-0f39b8ab6db5,90,65.21,-1.9063319250798594,0.98599999999999,0,-0.23687758776159373,0.98599999999999,0,-0.1260787695646286,0.013999999999995794,0,0.010661724023520947,0.013999999999995794,0,0.8899821660217518,0.07099999999998374,0,2.3516305592622975,0.367999999999995,0,5.053851216257868,0.367999999999995,0,8.896476745605469,0.07099999999998374,0,-0.12974580229550375,0.013999999999995794,0,0.01569691882845834,0.013999999999995794,0,0.8270424008369446,0.10099999999998488,0,0.764093816280365,0.10099999999998488,0,0.0,0.10099999999998488,0,0.046679406194031436,0.013999999999995794,0,0.302364325589834,0.013999999999995794,0,0.0720056501399558,0.98599999999999,0,0.0024376916190681185,0.07099999999998374,0,1.0,0.10099999999998488,0
f5aaf759-5702-4fe2-8f72-0f39b8ab6db5,91,65.71,-1.9063319250798594,1.48599999999999,0,-0.23687758776159373,1.48599999999999,0,-0.12867748737335205,0.003999999999990678,0,0.01788315735757351,0.003999999999990678,0,0.8893937501854574,0.06999999999999318,0,2.3516305592622975,0.867999999999995,0,5.053851216257868,0.867999999999995,0,9.647477149963379,0.06999999999999318,0,-0.1407071352006138,0.009999999999990905,0,0.017296008765692317,0.009999999999990905,0,0.841387927532196,0.000999999999990564,0,0.7485725283622742,0.000999999999990564,0,0.0,0.000999999999990564,0,0.03863114600587389,0.009999999999990905,0,0.3056838760565207,0.009999999999990905,0,0.0720056501399558,1.48599999999999,0,0.0024498922870769017,0.06999999999999318,0,1.0,0.000999999999990564,0
f5aaf759-5702-4fe2-8f72-0f39b8ab6db5,92,66.21,-1.9390544915195038,0.3989999999999867,0,-0.22139712889146343,0.3989999999999867,0,-0.13585679233074188,0.002999999999985903,0,0.019824881106615067,0.002999999999985903,0,0.8897287842227767,0.0689999999999884,0,2.4339114850957473,0.3389999999999844,0,5.034247990584798,0.3389999999999844,0,8.677797317504883,0.0689999999999884,0,-0.14129532873629688,0.0059999999999860165,0,0.020989006385200203,0.0059999999999860165,0,0.864507794380188,0.09899999999998954,0,0.7358928918838501,0.09899999999998954,0,0.0,0.09899999999998954,0,0.030985726521522816,0.0059999999999860165,0,0.30945495591571415,0.0059999999999860165,0,0.05837180932277277,0.3989999999999867,0,0.002447869396985993,0.0689999999999884,0,1.0,0.09899999999998954,0
f5aaf759-5702-4fe2-8f72-0f39b8ab6db5,93,66.71,-1.9390544915195038,0.8989999999999867,0,-0.22139712889146343,0.8989999999999867,0,-0.1353742778301239,0.07399999999998386,0,0.020271988585591316,0.07399999999998386,0,0.8888506390464802,0.08899999999998442,0,2.4339114850957473,0.8389999999999844,0,5.034247990584798,0.8389999999999844,0,9.828390121459961,0.08899999999998442,0,-0.13537427781660402,0.03799999999998249,0,0.020271988585577005,0.03799999999998249,0,0.8748170137405396,0.10099999999998488,0,0.7336459755897522,0.10099999999998488,0,0.0,0.10099999999998488,0,0.022405008380278223,0.03799999999998249,0,0.3143770595506513,0.03799999999998249,0,0.05837180932277277,0.8989999999999867,0,0.002469460944976731,0.08899999999998442,0,1.0,0.10099999999998488,0
f5aaf759-5702-4fe2-8f72-0f39b8ab6db5,94,67.21,-1.9390544915195038,1.3989999999999867,0,-0.22139712889146343,1.3989999999999867,0,-0.15429309010505676,0.033999999999991815,0,0.012421488761901855,0.033999999999991815,0,0.887628383327586,0.08799999999999386,0,2.423273023793349,0.3189999999999884,0,5.000381852710378,0.3189999999999884,0,9.237295150756836,0.08799999999999386,0,-0.1521228688449409,0.033999999999991815,0,0.013058645091409277,0.033999999999991815,0,0.9321956038475037,0.000999999999990564,0,0.7277497053146362,0.000999999999990564,0,0.0,0.000999999999990564,0,0.016269437065448537,0.033999999999991815,0,0.3184391276997934,0.033999999999991815,0,0.05837180932277277,1.3989999999999867,0,0.002484202042377698,0.08799999999999386,0,1.0,0.000999999999990564,0
f5aaf759-5702-4fe2-8f72-0f39b8ab6db5,95,67.71,-1.967355309989428,0.38999999999998636,0,-0.19384500883338524,0.38999999999998636,0,-0.1402832716703415,0.0239999999999867,0,0.011373656801879406,0.0239999999999867,0,0.8874046569690108,0.08699999999998909,0,2.423273023793349,0.8189999999999884,0,5.000381852710378,0.8189999999999884,0,10.91468620300293,0.08699999999998909,0,-0.13798215985682385,0.029999999999986926,0,0.011962221004720166,0.029999999999986926,0,0.9532255530357361,0.09899999999998954,0,0.7182455658912659,0.09899999999998954,0,0.0,0.09899999999998954,0,0.010645792469564631,0.029999999999986926,0,0.3228188651550059,0.029999999999986926,0,0.06032225410650954,0.38999999999998636,0,0.0024853554888583556,0.08699999999998909,0,1.0,0.09899999999998954,0
f5aaf759-5702-4fe2-8f72-0f39b8ab6db5,96,68.21,-1.967355309989428,0.8899999999999864,0,-0.19384500883338524,0.8899999999999864,0,-0.08196936547756195,0.022999999999996135,0,0.022581713274121284,0.022999999999996135,0,0.8868552933540195,0.08899999999998442,0,2.3066252209524873,0.2989999999999924,0,4.986036600692451,0.2989999999999924,0,9.312711715698242,0.08899999999998442,0,-0.07284843201951643,0.02599999999999625,0,0.028327177092067148,0.02599999999999625,0,0.9320386052131653,0.10099999999998488,0,0.7120238542556763,0.10099999999998488,0,0.0,0.10099999999998488,0,0.0003564486373455779,0.02599999999999625,0,0.3317728630707957,0.02599999999999625,0,0.06032225410650954,0.8899999999999864,0,0.0025024552380115968,0.08899999999998442,0,1.0,0.10099999999998488,0
f5aaf759-5702-4fe2-8f72-0f39b8ab6db5,97,68.71,-1.967355309989428,1.3899999999999864,0,-0.19384500883338524,1.3899999999999864,0,-0.15027925372123718,0.012999999999991019,0,0.020590774714946747,0.012999999999991019,0,0.8864163640374317,0.08799999999999386,0,2.3066252209524873,0.7989999999999924,0,4.986036600692451,0.7989999999999924,0,9.050644874572754,0.08799999999999386,0,-0.15377362072651696,0.02199999999999136,0,0.017953399145594077,0.02199999999999136,0,0.9208037853240967,0.000999999999990564,0,0.7037873268127441,0.000999999999990564,0,0.0,0.000999999999990564,0,-0.005101998442824839,0.02199999999999136,0,0.33688505879467423,0.02199999999999136,0,0.06032225410650954,1.3899999999999864,0,0.002506433253666008,0.08799999999999386,0,1.0,0.000999999999990564,0
f5aaf759-5702-4fe2-8f72-0f39b8ab6db5,98,69.21,-1.9958532121733432,0.0899999999999892,0,-0.17599038011444879,0.0899999999999892,0,-0.1462164670228958,0.014999999999986358,0,0.041590720415115356,0.014999999999986358,0,0.886214598811542,0.08699999999998909,0,2.453094079555124,0.2669999999999959,0,4.950848140436995,0.2669999999999959,0,9.477266311645508,0.08699999999998909,0,-0.14100652933123287,0.01799999999998647,0,0.03992276266216963,0.01799999999998647,0,0.9158211350440979,0.09899999999998954,0,0.7011571526527405,0.09899999999998954,0,0.0,0.09899999999998954,0,-0.013482215271527207,0.01799999999998647,0,0.34608256937890547,0.01799999999998647,0,0.058248047612124494,0.0899999999999892,0,0.002488955107988507,0.08699999999998909,0,1.0,0.09899999999998954,0
f5aaf759-5702-4fe2-8f72-0f39b8ab6db5,99,69.71,-1.9958532121733432,0.5899999999999892,0,-0.17599038011444879,0.5899999999999892,0,-0.13042929768562317,0.013999999999995794,0,0.03248710557818413,0.013999999999995794,0,0.8862862552764516,0.06799999999998363,0,2.453094079555124,0.7669999999999959,0,4.950848140436995,0.7669999999999959,0,9.717568397521973,0.06799999999998363,0,-0.13735392987881245,0.013999999999995794,0,0.03442040346605483,0.013999999999995794,0,0.9029970765113831,0.10099999999998488,0,0.6793963313102722,0.10099999999998488,0,0.0,0.10099999999998488,0,-0.02504156250731238,0.013999999999995794,0,0.3605491626939075,0.013999999999995794,0,0.058248047612124494,0.5899999999999892,0,0.0024725404600530964,0.06799999999998363,0,1.0,0.10099999999998488,0
f5aaf759-5702-4fe2-8f72-0f39b8ab6db5,100,70.21,-1.9958532121733432,1.0899999999999892,0,-0.17599038011444879,1.0899999999999892,0,-0.1413826048374176,0.003999999999990678,0,0.024590028449892998,0.003999999999990678,0,0.8865330377764379,0.06999999999999318,0,2.388991115941868,0.24699999999998568,0,4.95179715961914,0.24699999999998568,0,9.010566711425781,0.06999999999999318,0,-0.1361276805400856,0.009999999999990905,0,0.029238313436510954,0.009999999999990905,0,0.8821488618850708,0.000999999999990564,0,0.6837033033370972,0.000999999999990564,0,0.0,0.000999999999990564,0,-0.03400806889861448,0.009999999999990905,0,0.3735185293412875,0.009999999999990905,0,0.058248047612124494,1.0899999999999892,0,0.002455005169620108,0.06999999999999318,0,1.0,0.000999999999990564,0
f5aaf759-5702-4fe2-8f72-0f39b8ab6db5,101,70.71,-2.0292297692470345,0.07799999999998875,0,-0.12842015760829686,0.07799999999998875,0,-0.11928899586200714,0.002999999999985903,0,0.02396474778652191,0.002999999999985903,0,0.8869963778089732,0.0689999999999884,0,2.388991115941868,0.7469999999999857,0,4.95179715961914,0.7469999999999857,0,9.149962425231934,0.0689999999999884,0,-0.12528954446330562,0.0059999999999860165,0,0.027601173147545614,0.0059999999999860165,0,0.8758494853973389,0.09899999999998954,0,0.68169766664505,0.09899999999998954,0,0.0,0.09899999999998954,0,-0.04054112989602471,0.0059999999999860165,0,0.38446579669706304,0.0059999999999860165,0,0.06249906415753726,0.07799999999998875,0,0.0024250907704739194,0.0689999999999884,0,1.0,0.09899999999998954,0
f5aaf759-5702-4fe2-8f72-0f39b8ab6db5,102,71.21,-2.0292297692470345,0.5779999999999887,0,-0.12842015760829686,0.5779999999999887,0,-0.14200718700885773,0.07399999999998386,0,0.05531744658946991,0.07399999999998386,0,0.887695891992189,0.08899999999998442,0,2.8069637735323743,0.2179999999999893,0,4.9092780824123405,0.2179999999999893,0,9.383292198181152,0.08899999999998442,0,-0.14200718700901566,0.001999999999995339,0,0.05531744658945904,0.001999999999995339,0,0.8546176552772522,0.09799999999998477,0,0.6704943776130676,0.09799999999998477,0,0.0,0.09799999999998477,0,-0.05034587320409936,0.001999999999995339,0,0.40381389440993476,0.001999999999995339,0,0.06249906415753726,0.5779999999999887,0,0.0023888853085956424,0.08899999999998442,0,1.0,0.09799999999998477,0
f5aaf759-5702-4fe2-8f72-0f39b8ab6db5,103,71.71,-2.0292297692470345,1.0779999999999887,0,-0.12842015760829686,1.0779999999999887,0,-0.10927257686853409,0.033999999999991815,0,0.03650365397334099,0.033999999999991815,0,0.8877720142311106,0.08799999999999386,0,2.8069637735323743,0.7179999999999893,0,4.9092780824123405,0.7179999999999893,0,8.873494148254395,0.08799999999999386,0,-0.11613097042698506,0.033999999999991815,0,0.04260269664213649,0.033999999999991815,0,0.8301358819007874,0.000999999999990564,0,0.6739826798439026,0.000999999999990564,0,0.0,0.000999999999990564,0,-0.05963801536234768,0.033999999999991815,0,0.42519363887258865,0.033999999999991815,0,0.06249906415753726,1.0779999999999887,0,0.0027068103608746696,0.08799999999999386,0,1.0,0.000999999999990564,0
f5aaf759-5702-4fe2-8f72-0f39b8ab6db5,104,72.21,-2.0292297692470345,1.5779999999999887,0,-0.12842015760829686,1.5779999999999887,0,-0.1273742914199829,0.0239999999999867,0,0.051089655607938766,0.0239999999999867,0,0.8793862755798424,0.08699999999998909,0,2.632683282818319,0.1979999999999933,0,4.864653873931944,0.1979999999999933,0,9.681921005249023,0.08699999999998909,0,-0.12719774420393004,0.029999999999986926,0,0.05355083569920834,0.029999999999986926,0,0.8316797614097595,0.09899999999998954,0,0.6733906269073486,0.09899999999998954,0,0.0,0.09899999999998954,0,-0.06702757708563677,0.029999999999986926,0,0.44564403201751723,0.029999999999986926,0,0.06249906415753726,1.5779999999999887,0,0.007840846900206012,0.08699999999998909,0,1.0,0.09899999999998954,0
f5aaf759-5702-4fe2-8f72-0f39b8ab6db5,105,72.71,-2.0640459306024765,0.49399999999998556,0,-0.06856465880888472,0.49399999999998556,0,-0.11065302044153214,0.022999999999996135,0,0.04100314900279045,0.022999999999996135,0,0.8643740513253336,0.08599999999998431,0,2.632683282818319,0.6979999999999933,0,4.864653873931944,0.6979999999999933,0,10.685859680175781,0.08599999999998431,0,-0.11505158246504739,0.02599999999999625,0,0.04266494810585552,0.02599999999999625,0,0.830998957157135,0.09799999999998477,0,0.6715503334999084,0.09799999999998477,0,0.0,0.09799999999998477,0,-0.07384203912596887,0.02599999999999625,0,0.4684873020842023,0.02599999999999625,0,0.056095407266836844,0.49399999999998556,0,0.013146580322691837,0.08599999999998431,0,1.0,0.09799999999998477,0
f5aaf759-5702-4fe2-8f72-0f39b8ab6db5,106,73.21,-2.0640459306024765,0.9939999999999856,0,-0.06856465880888472,0.9939999999999856,0,-0.12446649372577667,0.012999999999991019,0,0.0442366786301136,0.012999999999991019,0,0.8618068418248246,0.08799999999999386,0,2.6793560853384606,0.16899999999998272,0,4.858587474747286,0.16899999999998272,0,9.860625267028809,0.08799999999999386,0,-0.12159843892403535,0.02199999999999136,0,0.046606903523092415,0.02199999999999136,0,0.8415001034736633,0.000999999999990564,0,0.682847797870636,0.000999999999990564,0,0.0,0.000999999999990564,0,-0.07805386895200438,0.02199999999999136,0,0.4865363090571253,0.02199999999999136,0,0.056095407266836844,0.9939999999999856,0,0.014261573308950802,0.08799999999999386,0,1.0,0.000999999999990564,0
f5aaf759-5702-4fe2-8f72-0f39b8ab6db5,107,73.71,-2.0640459306024765,1.4939999999999856,0,-0.06856465880888472,1.4939999999999856,0,-0.1074029952287674,0.014999999999986358,0,0.033906225115060806,0.014999999999986358,0,0.8611602478846908,0.08699999999998909,0,2.6793560853384606,0.6689999999999827,0,4.858587474747286,0.6689999999999827,0,10.749077796936035,0.08699999999998909,0,-0.11134934425364104,0.01799999999998647,0,0.0348913408815793,0.01799999999998647,0,0.8164119124412537,0.09899999999998954,0,0.6814352869987488,0.09899999999998954,0,0.0,0.09899999999998954,0,-0.08166558064551274,0.01799999999998647,0,0.5072281839013995,0.01799999999998647,0,0.056095407266836844,1.4939999999999856,0,0.014940312302210637,0.08699999999998909,0,1.0,0.09899999999998954,0
f5aaf759-5702-4fe2-8f72-0f39b8ab6db5,108,74.21,-2.081485766245664,0.1939999999999884,0,0.00172339914614713,0.1939999999999884,0,-0.11275613307952881,0.013999999999995794,0,0.04184951260685921,0.013999999999995794,0,0.8717878735562166,0.06799999999998363,0,2.817356587478705,0.1489999999999867,0,4.8642005323789155,0.1489999999999867,0,9.630345344543457,0.06799999999998363,0,-0.10480588076785062,0.013999999999995794,0,0.030953010980401076,0.013999999999995794,0,0.823275625705719,0.10099999999998488,0,0.6928218603134155,0.10099999999998488,0,0.0,0.10099999999998488,0,-0.08319561090884266,0.013999999999995794,0,0.5201252403041251,0.013999999999995794,0,0.05495708372589027,0.1939999999999884,0,0.010260309123279967,0.06799999999998363,0,1.0,0.10099999999998488,0
f5aaf759-5702-4fe2-8f72-0f39b8ab6db5,109,74.71,-2.081485766245664,0.6939999999999884,0,0.00172339914614713,0.6939999999999884,0,-0.1060977503657341,0.003999999999990678,0,0.038023095577955246,0.003999999999990678,0,0.8901801448889698,0.06999999999999318,0,2.817356587478705,0.6489999999999867,0,4.8642005323789155,0.6489999999999867,0,9.105147361755371,0.06999999999999318,0,-0.1067257896066196,0.009999999999990905,0,0.04017340391875106,0.009999999999990905,0,0.8364412784576416,0.000999999999990564,0,0.6926931738853455,0.000999999999990564,0,0.0,0.000999999999990564,0,-0.08463120798651033,0.009999999999990905,0,0.543401252172083,0.009999999999990905,0,0.05495708372589027,0.6939999999999884,0,0.004565039442592251,0.06999999999999318,0,1.0,0.000999999999990564,0
f5aaf759-5702-4fe2-8f72-0f39b8ab6db5,110,75.21,-2.081485766245664,1.1939999999999884,0,0.00172339914614713,1.1939999999999884,0,-0.10363730788230896,0.002999999999985903,0,0.011295498348772526,0.002999999999985903,0,0.9016600511269643,0.06599999999998829,0,2.3999150625152708,0.11699999999999022,0,4.817570074957009,0.11699999999999022,0,9.408194541931152,0.06599999999998829,0,-0.1038747802377176,0.0059999999999860165,0,0.019408326596011737,0.0059999999999860165,0,0.8499614596366882,0.09899999999998954,0,0.6957442760467529,0.09899999999998954,0,0.0,0.09899999999998954,0,-0.08478245286545717,0.0059999999999860165,0,0.5578406712902771,0.0059999999999860165,0,0.05495708372589027,1.1939999999999884,0,0.0021026860797871906,0.06599999999998829,0,1.0,0.09899999999998954,0
f5aaf759-5702-4fe2-8f72-0f39b8ab6db5,111,75.71,-2.081485766245664,1.6939999999999884,0,0.00172339914614713,1.6939999999999884,0,-0.08498618006706238,0.07399999999998386,0,-0.013687924481928349,0.07399999999998386,0,0.9080156160037344,0.08899999999998442,0,2.3999150625152708,0.6169999999999902,0,4.817570074957009,0.6169999999999902,0,9.331048965454102,0.08899999999998442,0,-0.08498618006713649,0.03799999999998249,0,-0.013687924481916209,0.03799999999998249,0,0.87481689453125,0.10099999999998488,0,0.6839700937271118,0.10099999999998488,0,0.0,0.10099999999998488,0,-0.0849683735896169,0.03799999999998249,0,0.5541355188999972,0.03799999999998249,0,0.05495708372589027,1.6939999999999884,0,0.0016311345161687996,0.08899999999998442,0,1.0,0.10099999999998488,0
f5aaf759-5702-4fe2-8f72-0f39b8ab6db5,112,76.21,-2.0882801436780594,0.09999999999999432,0,0.03251547750915559,0.09999999999999432,0,-0.07412585616111755,0.033999999999991815,0,0.017687644809484482,0.033999999999991815,0,0.9174767597593988,0.08799999999999386,0,1.8886451812859264,0.0969999999999942,0,4.791915653987917,0.0969999999999942,0,9.04049015045166,0.08799999999999386,0,-0.07763867080213119,0.033999999999991815,0,0.006671398924294284,0.033999999999991815,0,0.9132238626480103,0.000999999999990564,0,0.6827364563941956,0.000999999999990564,0,0.0,0.000999999999990564,0,-0.08526275947293804,0.033999999999991815,0,0.5501116512738703,0.033999999999991815,0,0.055002568659192785,0.09999999999999432,0,0.0014408349619884574,0.08799999999999386,0,1.0,0.000999999999990564,0
f5aaf759-5702-4fe2-8f72-0f39b8ab6db5,113,76.71,-2.0882801436780594,0.5999999999999943,0,0.03251547750915559,0.5999999999999943,0,-0.08360009640455246,0.0239999999999867,0,0.045889731496572495,0.0239999999999867,0,0.927038556789048,0.08699999999998909,0,1.8886451812859264,0.5969999999999942,0,4.791915653987917,0.5969999999999942,0,9.505472183227539,0.08699999999998909,0,-0.0860721767113296,0.029999999999986926,0,0.05012178421058092,0.029999999999986926,0,0.9107207655906677,0.09899999999998954,0,0.6903157830238342,0.09899999999998954,0,0.0,0.09899999999998954,0,-0.08247916818507259,0.029999999999986926,0,0.5719735314801604,0.029999999999986926,0,0.055002568659192785,0.5999999999999943,0,0.0013278284042792165,0.08699999999998909,0,1.0,0.09899999999998954,0
f5aaf759-5702-4fe2-8f72-0f39b8ab6db5,114,77.21,-2.0882801436780594,1.0999999999999943,0,0.03251547750915559,1.0999999999999943,0,-0.08001313358545303,0.022999999999981924,0,0.006729006767272949,0.022999999999981924,0,0.9331939170726885,0.08899999999998442,0,1.9401812612869092,0.06799999999998363,0,4.80240441879958,0.06799999999998363,0,10.493091583251953,0.08899999999998442,0,-0.0771098583936218,0.025999999999982037,0,0.003042298741851024,0.025999999999982037,0,0.9412158131599426,0.10099999999998488,0,0.6967152953147888,0.10099999999998488,0,0.0,0.10099999999998488,0,-0.08058631901936462,0.025999999999982037,0,0.5837833202227926,0.025999999999982037,0,0.055002568659192785,1.0999999999999943,0,0.0012829592893388053,0.08899999999998442,0,1.0,0.10099999999998488,0
f5aaf759-5702-4fe2-8f72-0f39b8ab6db5,115,77.71,-2.0882801436780594,1.5999999999999943,0,0.03251547750915559,1.5999999999999943,0,-0.06979762017726898,0.012999999999991019,0,-0.016155138611793518,0.012999999999991019,0,0.9315501245002573,0.08799999999999386,0,1.9401812612869092,0.5679999999999836,0,4.80240441879958,0.5679999999999836,0,9.191486358642578,0.08799999999999386,0,-0.06968828291232565,0.02199999999999136,0,-0.01678274199379086,0.02199999999999136,0,0.9773428440093994,0.000999999999990564,0,0.689737856388092,0.000999999999990564,0,0.0,0.000999999999990564,0,-0.08140799551461597,0.02199999999999136,0,0.5800496912460451,0.02199999999999136,0,0.055002568659192785,1.5999999999999943,0,0.0014033695498742796,0.08799999999999386,0,1.0,0.000999999999990564,0
f5aaf759-5702-4fe2-8f72-0f39b8ab6db5,116,78.21,0.0,2.0,1,0.0,2.0,1,0.0,0.014999999999986358,0,0.0,0.014999999999986358,0,0.9280728599258388,0.08699999999998909,0,1.9401812612869092,1.0679999999999836,0,4.80240441879958,1.0679999999999836,0,9.278633117675781,0.08699999999998909,0,0.0,0.01799999999998647,0,0.0,0.01799999999998647,0,0.965595006942749,0.09899999999998954,0,0.6897032260894775,0.09899999999998954,0,0.0,0.09899999999998954,0,-0.0818048368148694,0.01799999999998647,0,0.578341057186257,0.01799999999998647,0,0.0,2.0,1,0.0017289130308067039,0.08699999999998909,0,1.0,0.09899999999998954,0
f5aaf759-5702-4fe2-8f72-0f39b8ab6db5,117,78.71,0.0,2.0,1,0.0,2.0,1,0.0,0.013999999999995794,0,0.0,0.013999999999995794,0,0.9281107861362398,0.06799999999998363,0,1.9401812612869092,1.5679999999999836,0,4.80240441879958,1.5679999999999836,0,9.361410140991211,0.06799999999998363,0,0.0,0.013999999999995794,0,0.0,0.013999999999995794,0,0.9812048077583313,0.10099999999998488,0,0.6892203092575073,0.10099999999998488,0,0.0,0.10099999999998488,0,-0.0818048368148694,0.013999999999995794,0,0.578341057186257,0.013999999999995794,0,0.0,2.0,1,0.0017264265752426884,0.06799999999998363,0,1.0,0.10099999999998488,0
f5aaf759-5702-4fe2-8f72-0f39b8ab6db5,118,79.21,0.0,2.0,1,0.0,2.0,1,0.0,0.4749999999999943,0,0.0,0.4749999999999943,0,0.9281211686211949,0.06999999999999318,0,0.0,2.0,1,0.0,2.0,1,8.818202018737793,0.06999999999999318,0,0.0,0.009999999999990905,0,0.0,0.009999999999990905,0,0.9971815347671509,0.000999999999990564,0,0.6920626163482666,0.000999999999990564,0,0.0,0.000999999999990564,0,-0.0818048368148694,0.009999999999990905,0,0.578341057186257,0.009999999999990905,0,0.0,2.0,1,0.0017266918299642005,0.06999999999999318,0,1.0,0.000999999999990564,0
f5aaf759-5702-4fe2-8f72-0f39b8ab6db5,119,79.71,0.0,2.0,1,0.0,2.0,1,0.0,0.5,1,0.0,0.5,1,0.9280839058430865,0.06599999999998829,0,0.0,2.0,1,0.0,2.0,1,9.83923053741455,0.06599999999998829,0,0.0,0.0059999999999860165,0,0.0,0.0059999999999860165,0,0.9874393343925476,0.09899999999998954,0,0.6871961951255798,0.09899999999998954,0,0.0,0.09899999999998954,0,-0.0818048368148694,0.0059999999999860165,0,0.578341057186257,0.0059999999999860165,0,0.0,2.0,1,0.001726639559805676,0.06599999999998829,0,1.0,0.09899999999998954,0
f5aaf759-5702-4fe2-8f72-0f39b8ab6db5,120,80.21,0.0,2.0,1,0.0,2.0,1,0.0,0.5,1,0.0,0.5,1,0.9281082526703055,0.08899999999998442,0,0.0,2.0,1,0.0,2.0,1,9.4490966796875,0.08899999999998442,0,0.0,0.001999999999995339,0,0.0,0.001999999999995339,0,0.9823402166366577,0.10099999999998488,0,0.689075231552124,0.10099999999998488,0,0.0,0.10099999999998488,0,-0.0818048368148694,0.001999999999995339,0,0.578341057186257,0.001999999999995339,0,0.0,2.0,1,0.0017273891575242336,0.08899999999998442,0,1.0,0.10099999999998488,0
f5aaf759-5702-4fe2-8f72-0f39b8ab6db5,121,80.71,0.0,2.0,1,0.0,2.0,1,0.0,0.5,1,0.0,0.5,1,0.928100432275484,0.08799999999999386,0,0.0,2.0,1,0.0,2.0,1,9.81582260131836,0.08799999999999386,0,0.0,0.033999999999991815,0,0.0,0.033999999999991815,0,0.9808697700500488,0.000999999999990564,0,0.6792037487030029,0.000999999999990564,0,0.0,0.000999999999990564,0,-0.0818048368148694,0.033999999999991815,0,0.578341057186257,0.033999999999991815,0,0.0,2.0,1,0.00172713228992014,0.08799999999999386,0,1.0,0.000999999999990564,0
f5aaf759-5702-4fe2-8f72-0f39b8ab6db5,122,81.21,0.0,2.0,1,0.0,2.0,1,0.0,0.5,1,0.0,0.5,1,0.9281218222885703,0.08699999999998909,0,0.0,2.0,1,0.0,2.0,1,9.98486614227295,0.08699999999998909,0,0.0,0.029999999999986926,0,0.0,0.029999999999986926,0,0.9832358360290527,0.002999999999985903,0,0.6811115741729736,0.002999999999985903,0,0.0,0.002999999999985903,0,-0.0818048368148694,0.029999999999986926,0,0.578341057186257,0.029999999999986926,0,0.0,2.0,1,0.0017268202684793247,0.08699999999998909,0,1.0,0.002999999999985903,0
f5aaf759-5702-4fe2-8f72-0f39b8ab6db5,123,81.71,0.0,2.0,1,0.0,2.0,1,0.0,0.5,1,0.0,0.5,1,0.9281513237658268,0.08899999999998442,0,0.0,2.0,1,0.0,2.0,1,9.409490585327148,0.08899999999998442,0,0.0,0.025999999999982037,0,0.0,0.025999999999982037,0,0.9743258953094482,0.10099999999998488,0,0.6878449320793152,0.10099999999998488,0,0.0,0.10099999999998488,0,-0.0818048368148694,0.025999999999982037,0,0.578341057186257,0.025999999999982037,0,0.0,2.0,1,0.0017266361229775385,0.08899999999998442,0,1.0,0.10099999999998488,0
f5aaf759-5702-4fe2-8f72-0f39b8ab6db5,124,82.21,0.0,2.0,1,0.0,2.0,1,0.0,0.5,1,0.0,0.5,1,0.9280915666992465,0.08799999999999386,0,0.0,2.0,1,0.0,2.0,1,10.259225845336914,0.08799999999999386,0,0.0,0.02199999999999136,0,0.0,0.02199999999999136,0,0.9803950190544128,0.000999999999990564,0,0.6900646686553955,0.000999999999990564,0,0.0,0.000999999999990564,0,-0.0818048368148694,0.02199999999999136,0,0.578341057186257,0.02199999999999136,0,0.0,2.0,1,0.0017267998136376642,0.08799999999999386,0,1.0,0.000999999999990564,0
f5aaf759-5702-4fe2-8f72-0f39b8ab6db5,125,82.71,0.0,2.0,1,0.0,2.0,1,0.0,0.5,1,0.0,0.5,1,0.9281504579369599,0.08699999999998909,0,0.0,2.0,1,0.0,2.0,1,9.535225868225098,0.08699999999998909,0,0.0,0.01799999999998647,0,0.0,0.01799999999998647,0,0.986836850643158,0.09899999999998954,0,0.6876253485679626,0.09899999999998954,0,0.0,0.09899999999998954,0,-0.0818048368148694,0.01799999999998647,0,0.578341057186257,0.01799999999998647,0,0.0,2.0,1,0.0017264838901811194,0.08699999999998909,0,1.0,0.09899999999998954,0
f5aaf759-5702-4fe2-8f72-0f39b8ab6db5,126,83.21,0.0,2.0,1,0.0,2.0,1,-0.08540349453687668,0.013999999999981583,0,0.011190802790224552,0.013999999999981583,0,0.9267045590979979,0.06799999999998363,0,1.930962457619306,0.31699999999999307,0,4.801545272969148,0.31699999999999307,0,9.06258487701416,0.06799999999998363,0,-0.07913435573671458,0.013999999999981583,0,0.023571772798645453,0.013999999999981583,0,0.9851541519165039,0.10099999999998488,0,0.6924598217010498,0.10099999999998488,0,0.0,0.10099999999998488,0,-0.07968374390529094,0.013999999999981583,0,0.5871328677587493,0.013999999999981583,0,0.0,2.0,1,0.001744587906133764,0.06799999999998363,0,1.0,0.10099999999998488,0
f5aaf759-5702-4fe2-8f72-0f39b8ab6db5,127,83.71,0.0,2.0,1,0.0,2.0,1,-0.05142785981297493,0.003999999999990678,0,-0.01812523603439331,0.003999999999990678,0,0.914430470171695,0.06699999999999307,0,1.930962457619306,0.8169999999999931,0,4.801545272969148,0.8169999999999931,0,9.729558944702148,0.06699999999999307,0,-0.05658399686212321,0.009999999999990905,0,-0.01866414025427273,0.009999999999990905,0,1.0354323387145996,0.000999999999990564,0,0.6862739324569702,0.000999999999990564,0,0.0,0.000999999999990564,0,-0.08137722384286918,0.009999999999990905,0,0.5809890137209828,0.009999999999990905,0,0.0,2.0,1,0.0024992354088349583,0.06699999999999307,0,1.0,0.000999999999990564,0
f5aaf759-5702-4fe2-8f72-0f39b8ab6db5,128,84.21,0.0,2.0,1,0.0,2.0,1,-0.05013579875230789,0.002999999999985903,0,-0.00639917328953743,0.002999999999985903,0,0.9071283079357818,0.0689999999999884,0,2.322953211993089,0.2879999999999825,0,4.814056811301548,0.2879999999999825,0,9.244149208068848,0.0689999999999884,0,-0.05087902396909958,0.0059999999999860165,0,-0.011110022664075531,0.0059999999999860165,0,1.0399919748306274,0.09899999999998954,0,0.6854859590530396,0.09899999999998954,0,0.0,0.09899999999998954,0,-0.08245881866028043,0.0059999999999860165,0,0.5773610602115833,0.0059999999999860165,0,0.0,2.0,1,0.0027425419172544705,0.0689999999999884,0,1.0,0.09899999999998954,0
f5aaf759-5702-4fe2-8f72-0f39b8ab6db5,129,84.71,-2.078125244480586,0.4999999999999858,0,0.05982613539995296,0.4999999999999858,0,-0.04832707718014717,0.07399999999998386,0,0.012634879909455776,0.07399999999998386,0,0.9031451422690103,0.08899999999998442,0,2.322953211993089,0.7879999999999825,0,4.814056811301548,0.7879999999999825,0,9.519808769226074,0.08899999999998442,0,-0.048327077180227586,0.001999999999995339,0,0.012634879909454813,0.001999999999995339,0,1.0838801860809326,0.10099999999998488,0,0.6880783438682556,0.10099999999998488,0,0.0,0.10099999999998488,0,-0.08241966420906285,0.001999999999995339,0,0.5774177667241258,0.001999999999995339,0,0.06888041471319528,0.4999999999999858,0,0.0028965079159397077,0.08899999999998442,0,1.0,0.10099999999998488,0
f5aaf759-5702-4fe2-8f72-0f39b8ab6db5,130,85.21,-2.078125244480586,0.9999999999999858,0,0.05982613539995296,0.9999999999999858,0,-0.048760898411273956,0.033999999999991815,0,0.043703850358724594,0.033999999999991815,0,0.8975339135512089,0.08799999999999386,0,1.8763055806250324,0.25899999999998613,0,4.79171996770692,0.25899999999998613,0,10.144143104553223,0.08799999999999386,0,-0.05116176417304241,0.033999999999991815,0,0.032511555998917155,0.033999999999991815,0,1.1171870231628418,0.000999999999990564,0,0.6679995656013489,0.000999999999990564,0,0.0,0.000999999999990564,0,-0.08016750994509932,0.033999999999991815,0,0.5837581735542201,0.033999999999991815,0,0.06888041471319528,0.9999999999999858,0,0.0031118552983135333,0.08799999999999386,0,1.0,0.000999999999990564,0
f5aaf759-5702-4fe2-8f72-0f39b8ab6db5,131,85.71,-2.078125244480586,1.4999999999999858,0,0.05982613539995296,1.4999999999999858,0,-0.031015830114483833,0.0239999999999867,0,0.14621135592460632,0.0239999999999867,0,0.8915270347738018,0.08699999999998909,0,1.8763055806250324,0.7589999999999861,0,4.79171996770692,0.7589999999999861,0,9.445402145385742,0.08699999999998909,0,-0.038133507715127656,0.029999999999986926,0,0.144506916403155,0.029999999999986926,0,1.116935133934021,0.09899999999998954,0,0.6579315066337585,0.09899999999998954,0,0.0,0.09899999999998954,0,-0.060338749437756536,0.029999999999986926,0,0.6358785121060615,0.029999999999986926,0,0.06888041471319528,1.4999999999999858,0,0.003263433803243743,0.08699999999998909,0,1.0,0.09899999999998954,0
f5aaf759-5702-4fe2-8f72-0f39b8ab6db5,132,86.21,-2.078125244480586,1.9999999999999858,0,0.05982613539995296,1.9999999999999858,0,-0.033301159739494324,0.022999999999981924,0,0.11253954470157623,0.022999999999981924,0,0.8813734410035734,0.08899999999998442,0,1.9628995479961429,0.2389999999999901,0,4.689269432526333,0.2389999999999901,0,9.875234603881836,0.08899999999998442,0,-0.028337126239997464,0.025999999999982037,0,0.12531573019905112,0.025999999999982037,0,1.1258074045181274,0.10099999999998488,0,0.6512792706489563,0.10099999999998488,0,0.0,0.10099999999998488,0,-0.03336099492998617,0.025999999999982037,0,0.7031101206172715,0.025999999999982037,0,0.06888041471319528,1.9999999999999858,0,0.0031995378033862682,0.08899999999998442,0,1.0,0.10099999999998488,0
f5aaf759-5702-4fe2-8f72-0f39b8ab6db5,133,86.71,0.0,2.0,1,0.0,2.0,1,-0.017751354724168777,0.012999999999991019,0,0.15864336490631104,0.012999999999991019,0,0.8741884186196451,0.08799999999999386,0,1.9628995479961429,0.7389999999999901,0,4.689269432526333,0.7389999999999901,0,9.483322143554688,0.08799999999999386,0,-0.0169856958144386,0.02199999999999136,0,0.1609682887790805,0.02199999999999136,0,1.144770860671997,0.000999999999990564,0,0.6437970995903015,0.000999999999990564,0,0.0,0.000999999999990564,0,-0.005861899294288594,0.02199999999999136,0,0.768841655958176,0.02199999999999136,0,0.0,2.0,1,0.003079330538460757,0.08799999999999386,0,1.0,0.000999999999990564,0
f5aaf759-5702-4fe2-8f72-0f39b8ab6db5,134,87.21,-1.9743465142739005,0.0899999999999892,0,0.30283996480058634,0.0899999999999892,0,0.00812947191298008,0.014999999999986358,0,0.15173669159412384,0.014999999999986358,0,0.8675999519803251,0.08699999999998909,0,1.6250354906185058,0.20699999999999363,0,4.49075768985358,0.20699999999999363,0,9.386625289916992,0.08699999999998909,0,0.013866564258804679,0.01799999999998647,0,0.1527003943920191,0.01799999999998647,0,1.12606680393219,0.09899999999998954,0,0.6385495066642761,0.09899999999998954,0,0.0,0.09899999999998954,0,0.02489499422974673,0.01799999999998647,0,0.8410741304217131,0.01799999999998647,0,0.0936717670112554,0.0899999999999892,0,0.0030112495666465597,0.08699999999998909,0,1.0,0.09899999999998954,0
f5aaf759-5702-4fe2-8f72-0f39b8ab6db5,135,87.71,-1.9743465142739005,0.5899999999999892,0,0.30283996480058634,0.5899999999999892,0,0.009520493447780609,0.013999999999981583,0,0.14140856266021729,0.013999999999981583,0,0.8692133537353948,0.06799999999998363,0,1.6250354906185058,0.7069999999999936,0,4.49075768985358,0.7069999999999936,0,9.746002197265625,0.06799999999998363,0,0.005597766585480838,0.013999999999981583,0,0.14371684342637803,0.013999999999981583,0,1.1151561737060547,0.10099999999998488,0,0.6208915710449219,0.10099999999998488,0,0.0,0.10099999999998488,0,0.053541086105500374,0.013999999999981583,0,0.9087134285089371,0.013999999999981583,0,0.0936717670112554,0.5899999999999892,0,0.0030236244741585474,0.06799999999998363,0,1.0,0.10099999999998488,0
f5aaf759-5702-4fe2-8f72-0f39b8ab6db5,136,88.21,-1.9743465142739005,1.0899999999999892,0,0.30283996480058634,1.0899999999999892,0,0.03911643847823143,0.003999999999990678,0,0.1386360377073288,0.003999999999990678,0,0.874990535536781,0.06999999999999318,0,1.6910796244117041,0.1869999999999834,0,4.3076548002939505,0.1869999999999834,0,9.091347694396973,0.06999999999999318,0,0.03167763352401366,0.009999999999990905,0,0.13855117559434432,0.009999999999990905,0,1.0791664123535156,0.000999999999990564,0,0.6158176064491272,0.000999999999990564,0,0.0,0.000999999999990564,0,0.08068459111151487,0.009999999999990905,0,0.9736960948195458,0.009999999999990905,0,0.0936717670112554,1.0899999999999892,0,0.0030501398149616913,0.06999999999999318,0,1.0,0.000999999999990564,0
f5aaf759-5702-4fe2-8f72-0f39b8ab6db5,137,88.71,-1.9743465142739005,1.5899999999999892,0,0.30283996480058634,1.5899999999999892,0,0.036059845238924026,0.002999999999985903,0,0.1339363008737564,0.002999999999985903,0,0.8892857480685538,0.0689999999999884,0,1.6910796244117041,0.6869999999999834,0,4.3076548002939505,0.6869999999999834,0,9.171415328979492,0.06599999999998829,0,0.032341528684050345,0.0059999999999860165,0,0.1367239207029562,0.0059999999999860165,0,1.045365810394287,0.09899999999998954,0,0.6125823259353638,0.09899999999998954,0,0.0,0.09899999999998954,0,0.10609905350055725,0.0059999999999860165,0,1.0370614693886304,0.0059999999999860165,0,0.0936717670112554,1.5899999999999892,0,0.003043503054294092,0.06599999999998829,0,1.0,0.09899999999998954,0
f5aaf759-5702-4fe2-8f72-0f39b8ab6db5,138,89.21,-1.8723617150623992,0.10099999999998488,0,0.5564673288674791,0.10099999999998488,0,0.030980771407485008,0.07399999999998386,0,0.1282508671283722,0.07399999999998386,0,0.9108171509082119,0.08899999999998442,0,1.7432610728204998,0.16699999999998738,0,4.202033621816913,0.16699999999998738,0,10.151395797729492,0.08899999999998442,0,0.030980771407673163,0.001999999999981128,0,0.12825086712835443,0.001999999999981128,0,1.0038154125213623,0.10099999999998488,0,0.6032319068908691,0.10099999999998488,0,0.0,0.10099999999998488,0,0.1291631667105636,0.001999999999981128,0,1.0975687777550804,0.001999999999981128,0,0.11896543687940667,0.10099999999998488,0,0.0028878990904263446,0.08899999999998442,0,1.0,0.10099999999998488,0
f5aaf759-5702-4fe2-8f72-0f39b8ab6db5,139,89.71,-1.8723617150623992,0.6009999999999849,0,0.5564673288674791,0.6009999999999849,0,0.03831050544977188,0.033999999999991815,0,0.11985558271408081,0.033999999999991815,0,0.9324603502297153,0.08799999999999386,0,1.7432610728204998,0.6669999999999874,0,4.202033621816913,0.6669999999999874,0,9.986373901367188,0.08799999999999386,0,0.035247026378702064,0.033999999999991815,0,0.11988871246621328,0.033999999999991815,0,0.9612019658088684,0.000999999999990564,0,0.5913180112838745,0.000999999999990564,0,0.0,0.000999999999990564,0,0.14870862554197595,0.033999999999991815,0,1.1515681388509489,0.033999999999991815,0,0.11896543687940667,0.6009999999999849,0,0.002610333152036143,0.08799999999999386,0,1.0,0.000999999999990564,0
f5aaf759-5702-4fe2-8f72-0f39b8ab6db5,140,90.21,-1.8723617150623992,1.1009999999999849,0,0.5564673288674791,1.1009999999999849,0,0.02794565260410309,0.0239999999999867,0,0.12004812806844711,0.0239999999999867,0,0.9442186080866183,0.08699999999998909,0,1.816977313842816,0.13799999999999102,0,4.10274406575436,0.13799999999999102,0,9.769083023071289,0.08699999999998909,0,0.02985900268188684,0.029999999999986926,0,0.12011280655865504,0.029999999999986926,0,0.939344048500061,0.09899999999998954,0,0.5890759229660034,0.09899999999998954,0,0.0,0.09899999999998954,0,0.167885952383751,0.029999999999986926,0,1.207480644451829,0.029999999999986926,0,0.11896543687940667,1.1009999999999849,0,0.00245079967617509,0.08699999999998909,0,1.0,0.09899999999998954,0
f5aaf759-5702-4fe2-8f72-0f39b8ab6db5,141,90.71,-1.8723617150623992,1.6009999999999849,0,0.5564673288674791,1.6009999999999849,0,0.01719146966934204,0.022999999999981924,0,0.1237107664346695,0.022999999999981924,0,0.9455342343014975,0.08899999999998442,0,1.816977313842816,0.637999999999991,0,4.10274406575436,0.637999999999991,0,9.85243034362793,0.08899999999998442,0,0.01282061804702327,0.025999999999982037,0,0.12086250483999508,0.025999999999982037,0,0.9097094535827637,0.10099999999998488,0,0.574304461479187,0.10099999999998488,0,0.0,0.10099999999998488,0,0.18656821527619522,0.025999999999982037,0,1.2647819741015263,0.025999999999982037,0,0.11896543687940667,1.6009999999999849,0,0.0024815820660591234,0.08899999999998442,0,1.0,0.10099999999998488,0
f5aaf759-5702-4fe2-8f72-0f39b8ab6db5,142,91.21,0.0,2.0,1,0.0,2.0,1,0.0011654968839138746,0.012999999999991019,0,0.12184007465839386,0.012999999999991019,0,0.9476085759249205,0.08799999999999386,0,1.7952891414688916,0.10899999999999466,0,3.9496672318215333,0.10899999999999466,0,10.009023666381836,0.08799999999999386,0,0.004048923930421407,0.02199999999999136,0,0.12119775041946981,0.02199999999999136,0,0.8729393482208252,0.003999999999990678,0,0.5665966272354126,0.003999999999990678,0,0.0,0.003999999999990678,0,0.20542690572342717,0.02199999999999136,0,1.3245585819643946,0.02199999999999136,0,0.0,2.0,1,0.0024955943292534737,0.08799999999999386,0,1.0,0.003999999999990678,0
f5aaf759-5702-4fe2-8f72-0f39b8ab6db5,143,91.71,-1.7913769753960063,0.3779999999999859,0,0.8086554336047149,0.3779999999999859,0,-0.002698730444535613,0.014999999999986358,0,0.10814247280359268,0.014999999999986358,0,0.9528897093934938,0.08699999999998909,0,1.7952891414688916,0.6089999999999947,0,3.9496672318215333,0.6089999999999947,0,8.862210273742676,0.08699999999998909,0,0.007284317631339963,0.01799999999998647,0,0.10481048375365527,0.01799999999998647,0,0.835176944732666,0.09899999999998954,0,0.5483249425888062,0.09899999999998954,0,0.0,0.09899999999998954,0,0.2218066068240519,0.01799999999998647,0,1.3774575567870764,0.01799999999998647,0,0.13972374167228607,0.3779999999999859,0,0.0024652639986312863,0.08699999999998909,0,1.0,0.09899999999998954,0
f5aaf759-5702-4fe2-8f72-0f39b8ab6db5,144,92.21,-1.7913769753960063,0.8779999999999859,0,0.8086554336047149,0.8779999999999859,0,9.869271889328957e-05,0.013999999999981583,0,0.11786708980798721,0.013999999999981583,0,0.9610572016208122,0.07099999999998374,0,1.7728523351159404,0.08899999999998442,0,3.831261513747824,0.08899999999998442,0,9.503174781799316,0.07099999999998374,0,-0.001656020656905302,0.013999999999981583,0,0.12173381088850983,0.013999999999981583,0,0.8275807499885559,0.10099999999998488,0,0.5467423796653748,0.10099999999998488,0,0.0,0.10099999999998488,0,0.23796738632628117,0.013999999999981583,0,1.4300298452032199,0.013999999999981583,0,0.13972374167228607,0.8779999999999859,0,0.0024142121923960503,0.07099999999998374,0,1.0,0.10099999999998488,0
f5aaf759-5702-4fe2-8f72-0f39b8ab6db5,145,92.71,-1.7913769753960063,1.377999999999986,0,0.8086554336047149,1.377999999999986,0,-0.024371396750211716,0.003999999999990678,0,0.11326761543750763,0.003999999999990678,0,0.9690806091111154,0.06699999999999307,0,1.7728523351159404,0.5889999999999844,0,3.831261513747824,0.5889999999999844,0,9.19130802154541,0.06699999999999307,0,-0.028331097215601973,0.009999999999990905,0,0.11418323218821413,0.009999999999990905,0,0.8206821084022522,0.000999999999990564,0,0.5225882530212402,0.000999999999990564,0,0.0,0.000999999999990564,0,0.25499905361132846,0.009999999999990905,0,1.48482283371621,0.009999999999990905,0,0.13972374167228607,1.377999999999986,0,0.0023327282391129955,0.06699999999999307,0,1.0,0.000999999999990564,0
f5aaf759-5702-4fe2-8f72-0f39b8ab6db5,146,93.21,-1.7913769753960063,1.877999999999986,0,0.8086554336047149,1.877999999999986,0,-0.04675542190670967,0.0059999999999860165,0,0.1278684139251709,0.0059999999999860165,0,0.9734477515829106,0.06599999999998829,0,1.7890420052714635,0.05699999999998795,0,3.7357900640578916,0.05699999999998795,0,9.712227821350098,0.06599999999998829,0,-0.044773869216481174,0.0059999999999860165,0,0.12562380731105938,0.0059999999999860165,0,0.8088876008987427,0.09899999999998954,0,0.5129507780075073,0.09899999999998954,0,0.0,0.09899999999998954,0,0.27337960307157755,0.0059999999999860165,0,1.5412570719827132,0.0059999999999860165,0,0.13972374167228607,1.877999999999986,0,0.0022385347313949922,0.06599999999998829,0,1.0,0.09899999999998954,0
f5aaf759-5702-4fe2-8f72-0f39b8ab6db5,147,93.71,0.0,2.0,1,0.0,2.0,1,-0.06407814472913742,0.07399999999998386,0,0.12328793853521347,0.07399999999998386,0,0.9693616636066387,0.08899999999998442,0,1.7890420052714635,0.556999999999988,0,3.7357900640578916,0.556999999999988,0,10.209858894348145,0.08899999999998442,0,-0.06407814472008602,0.03799999999998249,0,0.12328793853462565,0.03799999999998249,0,0.8226427435874939,0.10099999999998488,0,0.4964645504951477,0.10099999999998488,0,0.0,0.10099999999998488,0,0.29229236496653604,0.03799999999998249,0,1.5956364245645036,0.03799999999998249,0,0.0,2.0,1,0.0022623329682258486,0.08899999999998442,0,1.0,0.10099999999998488,0
f5aaf759-5702-4fe2-8f72-0f39b8ab6db5,148,94.21,-1.7093673004488943,0.498999999999981,0,1.0603025839456761,0.498999999999981,0,-0.09643445909023285,0.033999999999991815,0,0.13894939422607422,0.033999999999991815,0,0.960322643276304,0.08799999999999386,0,1.7993581526325804,0.03699999999999193,0,3.588957686358101,0.03699999999999193,0,9.75152587890625,0.08799999999999386,0,-0.08471859768865946,0.033999999999991815,0,0.13909110542298744,0.033999999999991815,0,0.8403327465057373,0.000999999999990564,0,0.486670583486557,0.000999999999990564,0,0.0,0.000999999999990564,0,0.3164840107825387,0.033999999999991815,0,1.6589375482793436,0.033999999999991815,0,0.16423159255019887,0.498999999999981,0,0.0022245782784341135,0.08799999999999386,0,1.0,0.000999999999990564,0
f5aaf759-5702-4fe2-8f72-0f39b8ab6db5,149,94.71,-1.7093673004488943,0.998999999999981,0,1.0603025839456761,0.998999999999981,0,-0.09775650501251221,0.0239999999999867,0,0.1259942501783371,0.0239999999999867,0,0.946350091357405,0.08699999999998909,0,1.7993581526325804,0.5369999999999919,0,3.588957686358101,0.5369999999999919,0,9.549256324768066,0.08699999999998909,0,-0.09255027025706156,0.029999999999986926,0,0.12923204898824076,0.029999999999986926,0,0.8433651328086853,0.09899999999998954,0,0.48046591877937317,0.09899999999998954,0,0.0,0.09899999999998954,0,0.34295509710268895,0.029999999999986926,0,1.7203303994112393,0.029999999999986926,0,0.16423159255019887,0.998999999999981,0,0.0022142122241054097,0.08699999999998909,0,1.0,0.09899999999998954,0
f5aaf759-5702-4fe2-8f72-0f39b8ab6db5,150,95.21,-1.7093673004488943,1.498999999999981,0,1.0603025839456761,1.498999999999981,0,-0.12958911061286926,0.022999999999981924,0,0.13047660887241364,0.022999999999981924,0,0.9391249716033538,0.08899999999998442,0,1.9744511733022438,0.007999999999981355,0,3.4838580860644695,0.007999999999981355,0,9.791525840759277,0.08899999999998442,0,-0.13442082702401043,0.025999999999982037,0,0.13171453773949499,0.025999999999982037,0,0.7896239757537842,0.10099999999998488,0,0.4734939932823181,0.10099999999998488,0,0.0,0.10099999999998488,0,0.3710726647554852,0.025999999999982037,0,1.7777182285574464,0.025999999999982037,0,0.16423159255019887,1.498999999999981,0,0.0020979183438893873,0.08899999999998442,0,1.0,0.10099999999998488,0
f5aaf759-5702-4fe2-8f72-0f39b8ab6db5,151,95.71,-1.7093673004488943,1.998999999999981,0,1.0603025839456761,1.998999999999981,0,-0.14147216081619263,0.012999999999991019,0,0.12390822172164917,0.012999999999991019,0,0.945602941896456,0.08799999999999386,0,1.9744511733022438,0.5079999999999814,0,3.4838580860644695,0.5079999999999814,0,9.91440200805664,0.08799999999999386,0,-0.1307670920920844,0.02199999999999136,0,0.12099909945039175,0.02199999999999136,0,0.715773344039917,0.000999999999990564,0,0.4718540906906128,0.000999999999990564,0,0.0,0.000999999999990564,0,0.40157509270989455,0.02199999999999136,0,1.8315962481793115,0.02199999999999136,0,0.16423159255019887,1.998999999999981,0,0.00114877123161414,0.08799999999999386,0,1.0,0.000999999999990564,0
f5aaf759-5702-4fe2-8f72-0f39b8ab6db5,152,96.21,-1.5935711831516775,0.3779999999999859,0,1.2919945446341172,0.3779999999999859,0,-0.14648985862731934,0.014999999999986358,0,0.12047506123781204,0.014999999999986358,0,0.9434620504810786,0.08699999999998909,0,1.9744511733022438,1.0079999999999814,0,3.4838580860644695,1.0079999999999814,0,9.173480033874512,0.08699999999998909,0,-0.14121645689029913,0.01799999999998647,0,0.11887977272269831,0.01799999999998647,0,0.6660599112510681,0.002999999999985903,0,0.4629608392715454,0.002999999999985903,0,0.0,0.002999999999985903,0,0.43556585045647406,0.01799999999998647,0,1.8834436376915866,0.01799999999998647,0,0.18645385047831253,0.3779999999999859,0,0.00189043162531983,0.08699999999998909,0,1.0,0.002999999999985903,0
f5aaf759-5702-4fe2-8f72-0f39b8ab6db5,153,96.71,-1.5935711831516775,0.8779999999999859,0,1.2919945446341172,0.8779999999999859,0,-0.15896491706371307,0.013999999999981583,0,0.12225054204463959,0.013999999999981583,0,0.9299592068201552,0.07099999999998374,0,1.994395953021496,0.48799999999998533,0,3.3361682408351943,0.48799999999998533,0,9.310635566711426,0.06799999999998363,0,-0.15529530346171222,0.013999999999981583,0,0.12383715584867172,0.013999999999981583,0,0.6279524564743042,0.10099999999998488,0,0.46717971563339233,0.10099999999998488,0,0.0,0.10099999999998488,0,0.472628043043223,0.013999999999981583,0,1.9318769810131133,0.013999999999981583,0,0.18645385047831253,0.8779999999999859,0,0.004927323790252096,0.07099999999998374,0,1.0,0.10099999999998488,0
f5aaf759-5702-4fe2-8f72-0f39b8ab6db5,154,97.21,-1.5935711831516775,1.377999999999986,0,1.2919945446341172,1.377999999999986,0,-0.1457642763853073,0.003999999999990678,0,0.13780546188354492,0.003999999999990678,0,0.8950932215790575,0.06999999999999318,0,1.994395953021496,0.9879999999999853,0,3.3361682408351943,0.9879999999999853,0,9.257988929748535,0.06999999999999318,0,-0.14006438851376465,0.009999999999990905,0,0.13219444453713702,0.009999999999990905,0,0.61673903465271,0.000999999999990564,0,0.47474533319473267,0.000999999999990564,0,0.0,0.000999999999990564,0,0.5153244246681397,0.009999999999990905,0,1.979855755823457,0.009999999999990905,0,0.18645385047831253,1.377999999999986,0,0.010310850840057562,0.06999999999999318,0,1.0,0.000999999999990564,0
f5aaf759-5702-4fe2-8f72-0f39b8ab6db5,155,97.71,-1.4718291535514743,0.3989999999999867,0,1.456856225495119,0.3989999999999867,0,-0.1481497436761856,0.002999999999985903,0,0.13454265892505646,0.002999999999985903,0,0.8871576387823249,0.06599999999998829,0,1.7566497503255891,0.458999999999989,0,3.214908104626479,0.458999999999989,0,10.008370399475098,0.06599999999998829,0,-0.1443593353039812,0.0059999999999860165,0,0.14155009388921633,0.0059999999999860165,0,0.8254007697105408,0.09899999999998954,0,0.4765354096889496,0.09899999999998954,0,0.0,0.09899999999998954,0,0.5651813802723453,0.0059999999999860165,0,2.0284890035584064,0.0059999999999860165,0,0.1714652317786915,0.3989999999999867,0,0.012470808901689452,0.06599999999998829,0,1.0,0.09899999999998954,0
f5aaf759-5702-4fe2-8f72-0f39b8ab6db5,156,98.21,-1.4718291535514743,0.8989999999999867,0,1.456856225495119,0.8989999999999867,0,-0.13601240515708923,0.07399999999998386,0,0.12481380254030228,0.07399999999998386,0,0.8887124294663469,0.08899999999998442,0,1.7566497503255891,0.958999999999989,0,3.214908104626479,0.958999999999989,0,9.445451736450195,0.08899999999998442,0,-0.13607725001122056,0.03799999999998249,0,0.12481380254104242,0.03799999999998249,0,1.0894781351089478,0.10099999999998488,0,0.46047553420066833,0.10099999999998488,0,0.0,0.10099999999998488,0,0.611952786530607,0.03799999999998249,0,2.068194527699966,0.03799999999998249,0,0.1714652317786915,0.8989999999999867,0,0.012622031163536652,0.08899999999998442,0,1.0,0.10099999999998488,0
f5aaf759-5702-4fe2-8f72-0f39b8ab6db5,157,98.71,-1.4718291535514743,1.3989999999999867,0,1.456856225495119,1.3989999999999867,0,-0.1498749852180481,0.033999999999991815,0,0.13436266779899597,0.033999999999991815,0,0.9015768790710718,0.08799999999999386,0,1.6472106831146653,0.43899999999999295,0,3.00750035558838,0.43899999999999295,0,9.400533676147461,0.08799999999999386,0,-0.14580114482995224,0.033999999999991815,0,0.13155928166002823,0.033999999999991815,0,1.0848673582077026,0.000999999999990564,0,0.4132617115974426,0.000999999999990564,0,0.0,0.000999999999990564,0,0.6643218166611359,0.033999999999991815,0,2.1066352497002443,0.033999999999991815,0,0.1714652317786915,1.3989999999999867,0,0.009416909689013172,0.08799999999999386,0,1.0,0.000999999999990564,0
f5aaf759-5702-4fe2-8f72-0f39b8ab6db5,158,99.21,-1.3069567615456714,0.49799999999999045,0,1.5884579110655306,0.49799999999999045,0,-0.14220750331878662,0.0239999999999867,0,0.14248348772525787,0.0239999999999867,0,0.9244926675579821,0.08699999999998909,0,1.6472106831146653,0.938999999999993,0,3.00750035558838,0.938999999999993,0,9.548937797546387,0.08699999999998909,0,-0.14014772351202925,0.029999999999986926,0,0.1382142892614106,0.029999999999986926,0,1.0633727312088013,0.09899999999998954,0,0.3908347189426422,0.09899999999998954,0,0.0,0.09899999999998954,0,0.7238790445821331,0.029999999999986926,0,2.143936021642218,0.029999999999986926,0,0.16056467908754352,0.49799999999999045,0,0.0033686475149405245,0.08699999999998909,0,1.0,0.09899999999998954,0
f5aaf759-5702-4fe2-8f72-0f39b8ab6db5,159,99.71,-1.3069567615456714,0.9979999999999905,0,1.5884579110655306,0.9979999999999905,0,-0.1149802878499031,0.022999999999981924,0,0.1637253612279892,0.022999999999981924,0,0.937906206760866,0.08899999999998442,0,1.2634789819220877,0.40699999999998226,0,2.851444799121399,0.40699999999998226,0,9.466282844543457,0.08899999999998442,0,-0.12603051066888732,0.025999999999982037,0,0.1597980439666117,0.025999999999982037,0,1.0721403360366821,0.10099999999998488,0,0.36433684825897217,0.10099999999998488,0,0.0,0.10099999999998488,0,0.7902831416759939,0.025999999999982037,0,2.1793973039688677,0.025999999999982037,0,0.16056467908754352,0.9979999999999905,0,0.001359617753900011,0.08899999999998442,0,1.0,0.10099999999998488,0
f5aaf759-5702-4fe2-8f72-0f39b8ab6db5,160,100.21,-1.3069567615456714,1.4979999999999905,0,1.5884579110655306,1.4979999999999905,0,-0.11563171446323395,0.012999999999991019,0,0.177404522895813,0.012999999999991019,0,0.9484221325069666,0.08799999999999386,0,1.2634789819220877,0.9069999999999823,0,2.851444799121399,0.9069999999999823,0,10.442475318908691,0.08799999999999386,0,-0.11562823505713933,0.02199999999999136,0,0.17603738605965386,0.02199999999999136,0,1.0532482862472534,0.000999999999990564,0,0.3614942133426666,0.000999999999990564,0,0.0,0.000999999999990564,0,0.8688572492024262,0.02199999999999136,0,2.2154173478364507,0.02199999999999136,0,0.16056467908754352,1.4979999999999905,0,0.0011661532546128229,0.08799999999999386,0,1.0,0.000999999999990564,0
f5aaf759-5702-4fe2-8f72-0f39b8ab6db5,161,100.71,-1.0769626485447237,0.3779999999999859,0,1.6980739521982808,0.3779999999999859,0,-0.09815651923418045,0.014999999999986358,0,0.15869708359241486,0.014999999999986358,0,0.960607588843753,0.08699999999998909,0,1.2840275819187055,0.38699999999998624,0,2.678198110481247,0.38699999999998624,0,9.887107849121094,0.08699999999998909,0,-0.09611238539258189,0.01799999999998647,0,0.16165441274648512,0.01799999999998647,0,1.0801602602005005,0.09899999999998954,0,0.37450215220451355,0.09899999999998954,0,0.0,0.09899999999998954,0,0.9481915453928755,0.01799999999998647,0,2.2465529661739705,0.01799999999998647,0,0.15603607202177497,0.3779999999999859,0,0.0012703754069142786,0.08699999999998909,0,1.0,0.09899999999998954,0
f5aaf759-5702-4fe2-8f72-0f39b8ab6db5,162,101.21,-1.0769626485447237,0.8779999999999859,0,1.6980739521982808,0.8779999999999859,0,-0.09365469217300415,0.013999999999981583,0,0.17109818756580353,0.013999999999981583,0,0.9668282909008364,0.07099999999998374,0,1.2840275819187055,0.8869999999999862,0,2.678198110481247,0.8869999999999862,0,10.209454536437988,0.07099999999998374,0,-0.09161322490533516,0.013999999999981583,0,0.16900511174118282,0.013999999999981583,0,1.0723956823349,0.001999999999981128,0,0.41360706090927124,0.001999999999981128,0,0.0,0.001999999999981128,0,1.0279138805307368,0.013999999999981583,0,2.2730829166900968,0.013999999999981583,0,0.15603607202177497,0.8779999999999859,0,0.0018853370581706486,0.07099999999998374,0,1.0,0.001999999999981128,0
f5aaf759-5702-4fe2-8f72-0f39b8ab6db5,163,101.71,-1.0769626485447237,1.377999999999986,0,1.6980739521982808,1.377999999999986,0,-0.09795056283473969,0.003999999999990678,0,0.17622992396354675,0.003999999999990678,0,0.9641599961199487,0.06699999999999307,0,0.8456953949676838,0.3579999999999899,0,2.4634682971941553,0.3579999999999899,0,9.45014476776123,0.06699999999999307,0,-0.0886515602470237,0.009999999999990905,0,0.17211639881130242,0.009999999999990905,0,1.1009706258773804,0.000999999999990564,0,0.469685435295105,0.000999999999990564,0,0.0,0.000999999999990564,0,1.1110487176251844,0.009999999999990905,0,2.2963518650497865,0.009999999999990905,0,0.15603607202177497,1.377999999999986,0,0.0036455803404197695,0.06699999999999307,0,1.0,0.000999999999990564,0
f5aaf759-5702-4fe2-8f72-0f39b8ab6db5,164,102.21,-0.8267847619129193,0.2939999999999827,0,1.774866591664532,0.2939999999999827,0,-0.08098851144313812,0.0059999999999860165,0,0.16641442477703094,0.0059999999999860165,0,0.9607872174788887,0.06599999999998829,0,0.8456953949676838,0.8579999999999899,0,2.4634682971941553,0.8579999999999899,0,9.402026176452637,0.06599999999998829,0,-0.07181704044361584,0.0059999999999860165,0,0.16521175205710395,0.0059999999999860165,0,1.110694408416748,0.09899999999998954,0,0.5146048069000244,0.09899999999998954,0,0.0,0.09899999999998954,0,1.1918020565955751,0.0059999999999860165,0,2.3150339387473435,0.0059999999999860165,0,0.18057746874091657,0.2939999999999827,0,0.004659259764623774,0.06599999999998829,0,1.0,0.09899999999998954,0
f5aaf759-5702-4fe2-8f72-0f39b8ab6db5,165,102.71,-0.8267847619129193,0.7939999999999827,0,1.774866591664532,0.7939999999999827,0,-0.06044775992631912,0.07399999999998386,0,0.15965516865253448,0.07399999999998386,0,0.9555960593232885,0.08899999999998442,0,0.6475616723170601,0.33799999999999386,0,2.304427748868076,0.33799999999999386,0,9.860928535461426,0.08899999999998442,0,-0.06044775992655271,0.001999999999981128,0,0.1596551686525801,0.001999999999981128,0,1.1251589059829712,0.10099999999998488,0,0.5774599313735962,0.10099999999998488,0,0.0,0.10099999999998488,0,1.2715269504377589,0.001999999999981128,0,2.330290182396335,0.001999999999981128,0,0.18057746874091657,0.7939999999999827,0,0.005036673142066093,0.08899999999998442,0,1.0,0.10099999999998488,0
f5aaf759-5702-4fe2-8f72-0f39b8ab6db5,166,103.21,-0.8267847619129193,1.2939999999999827,0,1.774866591664532,1.2939999999999827,0,-0.060512248426675797,0.033999999999991815,0,0.16894477605819702,0.033999999999991815,0,0.9507147653695817,0.08799999999999386,0,0.6475616723170601,0.8379999999999939,0,2.304427748868076,0.8379999999999939,0,9.505473136901855,0.08799999999999386,0,-0.06040915970403765,0.033999999999991815,0,0.16676541417849727,0.033999999999991815,0,1.155053973197937,0.000999999999990564,0,0.649400532245636,0.000999999999990564,0,0.0,0.000999999999990564,0,1.3468559290507287,0.033999999999991815,0,2.3422416130726185,0.033999999999991815,0,0.18057746874091657,1.2939999999999827,0,0.00528621054949061,0.08799999999999386,0,1.0,0.000999999999990564,0
f5aaf759-5702-4fe2-8f72-0f39b8ab6db5,167,103.71,-0.5751784840513499,0.2009999999999934,0,1.8173237179336605,0.2009999999999934,0,-0.05304975435137749,0.0239999999999867,0,0.16764414310455322,0.0239999999999867,0,0.94361168566936,0.08699999999998909,0,0.6926908155131728,0.3089999999999833,0,2.1558156336530994,0.3089999999999833,0,9.712615966796875,0.08699999999998909,0,-0.04835108294112458,0.029999999999986926,0,0.1699977368123144,0.029999999999986926,0,1.162882685661316,0.09899999999998954,0,0.6615340113639832,0.09899999999998954,0,0.0,0.09899999999998954,0,1.4297404543448837,0.029999999999986926,0,2.3529335074058984,0.029999999999986926,0,0.17387625644489305,0.2009999999999934,0,0.005592968749923936,0.08699999999998909,0,1.0,0.09899999999998954,0
f5aaf759-5702-4fe2-8f72-0f39b8ab6db5,168,104.21,-0.5751784840513499,0.7009999999999934,0,1.8173237179336605,0.7009999999999934,0,-0.052285440266132355,0.022999999999981924,0,0.17844919860363007,0.022999999999981924,0,0.9356770493804166,0.08899999999998442,0,0.6926908155131728,0.8089999999999833,0,2.1558156336530994,0.8089999999999833,0,9.855021476745605,0.08899999999998442,0,-0.049195467057449316,0.025999999999982037,0,0.17603501379523195,0.025999999999982037,0,1.2106505632400513,0.10099999999998488,0,0.6633483171463013,0.10099999999998488,0,0.0,0.10099999999998488,0,1.5172050756330897,0.025999999999982037,0,2.3618342075233625,0.025999999999982037,0,0.17387625644489305,0.7009999999999934,0,0.005821346377138828,0.08899999999998442,0,1.0,0.10099999999998488,0
f5aaf759-5702-4fe2-8f72-0f39b8ab6db5,169,104.71,-0.5751784840513499,1.2009999999999934,0,1.8173237179336605,1.2009999999999934,0,-0.046722039580345154,0.012999999999991019,0,0.17391547560691833,0.012999999999991019,0,0.9317078445122267,0.08799999999999386,0,0.7283045746696112,0.28899999999998727,0,1.9571594587190222,0.28899999999998727,0,9.403609275817871,0.08799999999999386,0,-0.04285662993323605,0.02199999999999136,0,0.17836734652520264,0.02199999999999136,0,1.228257179260254,0.000999999999990564,0,0.6492542624473572,0.000999999999990564,0,0.0,0.000999999999990564,0,1.6056465115142216,0.02199999999999136,0,2.3685211940438156,0.02199999999999136,0,0.17387625644489305,1.2009999999999934,0,0.005854021996507631,0.08799999999999386,0,1.0,0.000999999999990564,0
f5aaf759-5702-4fe2-8f72-0f39b8ab6db5,170,105.21,-0.32928186213052496,0.1979999999999933,0,1.830757425495822,0.1979999999999933,0,-0.05480298399925232,0.014999999999986358,0,0.17359113693237305,0.014999999999986358,0,0.9310681897060324,0.08699999999998909,0,0.7283045746696112,0.7889999999999873,0,1.9571594587190222,0.7889999999999873,0,10.161149024963379,0.08699999999998909,0,-0.05661943554781679,0.01799999999998647,0,0.17621827125563855,0.01799999999998647,0,1.2668691873550415,0.09899999999998954,0,0.6440725922584534,0.09899999999998954,0,0.0,0.09899999999998954,0,1.6953236061160413,0.01799999999998647,0,2.3732513773642134,0.01799999999998647,0,0.17329653411856843,0.1979999999999933,0,0.005637628334643144,0.08699999999998909,0,1.0,0.09899999999998954,0
f5aaf759-5702-4fe2-8f72-0f39b8ab6db5,171,105.71,-0.32928186213052496,0.6979999999999933,0,1.830757425495822,0.6979999999999933,0,-0.033474329859018326,0.013999999999981583,0,0.1685054749250412,0.013999999999981583,0,0.937056421029071,0.06799999999998363,0,0.6466300023442294,0.26899999999999125,0,1.8067203899020376,0.26899999999999125,0,9.092620849609375,0.06799999999998363,0,-0.030808722242463015,0.013999999999981583,0,0.1715701303015497,0.013999999999981583,0,1.2954388856887817,0.10099999999998488,0,0.6416298151016235,0.10099999999998488,0,0.0,0.10099999999998488,0,1.7809444008135338,0.013999999999981583,0,2.3758155733779467,0.013999999999981583,0,0.17329653411856843,0.6979999999999933,0,0.005067744525410838,0.06799999999998363,0,1.0,0.10099999999998488,0
f5aaf759-5702-4fe2-8f72-0f39b8ab6db5,172,106.21,-0.32928186213052496,1.1979999999999933,0,1.830757425495822,1.1979999999999933,0,-0.01573317125439644,0.003999999999990678,0,0.1780044138431549,0.003999999999990678,0,0.9374290768429637,0.06999999999999318,0,0.6466300023442294,0.7689999999999912,0,1.8067203899020376,0.7689999999999912,0,9.376960754394531,0.06999999999999318,0,-0.015043506398873257,0.009999999999990905,0,0.1746416538954095,0.009999999999990905,0,1.318607211112976,0.000999999999990564,0,0.6414394974708557,0.000999999999990564,0,0.0,0.000999999999990564,0,1.8669243205686168,0.009999999999990905,0,2.37699243303213,0.009999999999990905,0,0.17329653411856843,1.1979999999999933,0,0.0049107983528322244,0.06999999999999318,0,1.0,0.000999999999990564,0
f5aaf759-5702-4fe2-8f72-0f39b8ab6db5,173,106.71,-0.08210715120885752,0.18599999999999284,0,1.840317075809705,0.18599999999999284,0,-0.028560558333992958,0.002999999999985903,0,0.17015069723129272,0.002999999999985903,0,0.9400768207122261,0.06599999999998829,0,0.7413768935959106,0.23699999999998056,0,1.6570458064261904,0.23699999999998056,0,9.314674377441406,0.06599999999998829,0,-0.028224673121854782,0.0059999999999860165,0,0.17428074777126787,0.0059999999999860165,0,1.3387101888656616,0.09899999999998954,0,0.6364497542381287,0.09899999999998954,0,0.0,0.09899999999998954,0,1.9528631277496893,0.0059999999999860165,0,2.3771848954366583,0.0059999999999860165,0,0.18806971995417446,0.18599999999999284,0,0.005048672740005736,0.06599999999998829,0,1.0,0.09899999999998954,0
f5aaf759-5702-4fe2-8f72-0f39b8ab6db5,174,107.21,-0.08210715120885752,0.6859999999999928,0,1.840317075809705,0.6859999999999928,0,-0.02649819105863571,0.07399999999998386,0,0.16195307672023773,0.07399999999998386,0,0.9444545522378758,0.08899999999998442,0,0.7413768935959106,0.7369999999999806,0,1.6570458064261904,0.7369999999999806,0,9.298983573913574,0.08899999999998442,0,-0.02649819105864379,0.03799999999998249,0,0.16195307672019305,0.03799999999998249,0,1.3138374090194702,0.10099999999998488,0,0.6348466277122498,0.10099999999998488,0,0.0,0.10099999999998488,0,2.0310573303333745,0.03799999999998249,0,2.376390466354968,0.03799999999998249,0,0.18806971995417446,0.6859999999999928,0,0.005688793942862353,0.08899999999998442,0,1.0,0.10099999999998488,0
f5aaf759-5702-4fe2-8f72-0f39b8ab6db5,175,107.71,-0.08210715120885752,1.1859999999999928,0,1.840317075809705,1.1859999999999928,0,-0.028246145695447922,0.033999999999991815,0,0.154500812292099,0.033999999999991815,0,0.9493661905716484,0.08799999999999386,0,0.8314173289349087,0.2079999999999842,0,1.4585427380620253,0.2079999999999842,0,9.838944435119629,0.08799999999999386,0,-0.03099670683878695,0.033999999999991815,0,0.15614791959515836,0.033999999999991815,0,1.2160295248031616,0.000999999999990564,0,0.6419729590415955,0.000999999999990564,0,0.0,0.000999999999990564,0,2.11177693256195,0.033999999999991815,0,2.374453267222749,0.033999999999991815,0,0.18806971995417446,1.1859999999999928,0,0.006008079550210776,0.08799999999999386,0,1.0,0.000999999999990564,0
f5aaf759-5702-4fe2-8f72-0f39b8ab6db5,176,108.21,0.1813437169358631,0.09599999999998943,0,1.8329404081122875,0.09599999999998943,0,-0.03621259331703186,0.0239999999999867,0,0.15286800265312195,0.0239999999999867,0,0.9508056043554097,0.08699999999998909,0,0.8314173289349087,0.7079999999999842,0,1.4585427380620253,0.7079999999999842,0,9.324503898620605,0.08699999999998909,0,-0.03726840390807014,0.029999999999986926,0,0.1552874296898802,0.029999999999986926,0,1.1812139749526978,0.09899999999998954,0,0.6368469595909119,0.09899999999998954,0,0.0,0.09899999999998954,0,2.190690506036386,0.029999999999986926,0,2.3711465926314865,0.029999999999986926,0,0.20929424689835835,0.09599999999998943,0,0.0070621224914804576,0.08699999999998909,0,1.0,0.09899999999998954,0
f5aaf759-5702-4fe2-8f72-0f39b8ab6db5,177,108.71,0.1813437169358631,0.5959999999999894,0,1.8329404081122875,0.5959999999999894,0,-0.02850891649723053,0.022999999999981924,0,0.14199721813201904,0.022999999999981924,0,0.9482904577053463,0.08899999999998442,0,0.9684421493527555,0.18799999999998818,0,1.3123407065812704,0.18799999999998818,0,10.076346397399902,0.08899999999998442,0,-0.034202250107113905,0.025999999999982037,0,0.14548766016952247,0.025999999999982037,0,1.1062376499176025,0.09799999999998477,0,0.6378370523452759,0.09799999999998477,0,0.0,0.09799999999998477,0,2.266227803462429,0.025999999999982037,0,2.366556738776626,0.025999999999982037,0,0.20929424689835835,0.5959999999999894,0,0.008285511759235606,0.08899999999998442,0,1.0,0.09799999999998477,0
f5aaf759-5702-4fe2-8f72-0f39b8ab6db5,178,109.21,0.1813437169358631,1.0959999999999894,0,1.8329404081122875,1.0959999999999894,0,-0.04391875118017197,0.012999999999991019,0,0.13515432178974152,0.012999999999991019,0,0.9466493887469793,0.08799999999999386,0,0.9684421493527555,0.6879999999999882,0,1.3123407065812704,0.6879999999999882,0,9.21281909942627,0.08799999999999386,0,-0.03743099421754007,0.02199999999999136,0,0.13570165634223902,0.02199999999999136,0,1.050207257270813,0.000999999999990564,0,0.6495082378387451,0.000999999999990564,0,0.0,0.000999999999990564,0,2.3369676001371755,0.02199999999999136,0,2.360953866973754,0.02199999999999136,0,0.20929424689835835,1.0959999999999894,0,0.008735729027947147,0.08799999999999386,0,1.0,0.000999999999990564,0
f5aaf759-5702-4fe2-8f72-0f39b8ab6db5,179,109.71,0.1813437169358631,1.5959999999999894,0,1.8329404081122875,1.5959999999999894,0,-0.04594985023140907,0.014999999999986358,0,0.1411168873310089,0.014999999999986358,0,0.9430717897663514,0.08699999999998909,0,0.7540256030162599,0.16799999999999216,0,1.153077143491903,0.16799999999999216,0,11.280640602111816,0.08699999999998909,0,-0.0463304445155147,0.01799999999998647,0,0.14227856695647742,0.01799999999998647,0,0.9866946935653687,0.10199999999998965,0,0.6453226804733276,0.10199999999998965,0,0.0,0.10199999999998965,0,2.405567434154617,0.01799999999998647,0,2.354028517291718,0.01799999999998647,0,0.20929424689835835,1.5959999999999894,0,0.009667110322764566,0.08699999999998909,0,1.0,0.10199999999998965,0
f5aaf759-5702-4fe2-8f72-0f39b8ab6db5,180,110.21,0.4198625526117471,0.29599999999999227,0,1.8155001045502488,0.29599999999999227,0,-0.03870188444852829,0.013999999999981583,0,0.12932714819908142,0.013999999999981583,0,0.9397389565842847,0.07099999999998374,0,0.7540256030162599,0.6679999999999922,0,1.153077143491903,0.6679999999999922,0,9.218799591064453,0.06799999999998363,0,-0.03799561262144872,0.013999999999981583,0,0.12909538447882046,0.013999999999981583,0,0.9456496238708496,0.10099999999998488,0,0.6556416749954224,0.10099999999998488,0,0.0,0.10099999999998488,0,2.4728336218562545,0.013999999999981583,0,2.345668003268527,0.013999999999981583,0,0.21513462231369207,0.29599999999999227,0,0.010491064964859013,0.06799999999998363,0,1.0,0.10099999999998488,0
f5aaf759-5702-4fe2-8f72-0f39b8ab6db5,181,110.71,0.4198625526117471,0.7959999999999923,0,1.8155001045502488,0.7959999999999923,0,-0.04241504892706871,0.003999999999990678,0,0.12893526256084442,0.003999999999990678,0,0.9371158690967908,0.06699999999999307,0,1.084294253924219,0.13899999999998158,0,1.0569284498095433,0.13899999999998158,0,10.293540000915527,0.06699999999999307,0,-0.04711237177321012,0.009999999999990905,0,0.12556688487526851,0.009999999999990905,0,0.8770357966423035,0.000999999999990564,0,0.6732901930809021,0.000999999999990564,0,0.0,0.000999999999990564,0,2.5360030481221836,0.009999999999990905,0,2.3364609010115798,0.009999999999990905,0,0.21513462231369207,0.7959999999999923,0,0.011129716099232774,0.06699999999999307,0,1.0,0.000999999999990564,0
f5aaf759-5702-4fe2-8f72-0f39b8ab6db5,182,111.21,0.4198625526117471,1.2959999999999923,0,1.8155001045502488,1.2959999999999923,0,-0.042161136865615845,0.002999999999985903,0,0.1561751365661621,0.002999999999985903,0,0.934903116033723,0.06599999999998829,0,1.084294253924219,0.6389999999999816,0,1.0569284498095433,0.6389999999999816,0,9.657974243164062,0.06599999999998829,0,-0.042516779155028925,0.0059999999999860165,0,0.15507203340524947,0.0059999999999860165,0,0.8502267599105835,0.09899999999998954,0,0.6684429049491882,0.09899999999998954,0,0.0,0.09899999999998954,0,2.605880252204921,0.0059999999999860165,0,2.3247473322466443,0.0059999999999860165,0,0.21513462231369207,1.2959999999999923,0,0.011542884817239573,0.06599999999998829,0,1.0,0.09899999999998954,0
f5aaf759-5702-4fe2-8f72-0f39b8ab6db5,183,111.71,0.4198625526117471,1.7959999999999923,0,1.8155001045502488,1.7959999999999923,0,-0.03813989460468292,0.07399999999998386,0,0.15497839450836182,0.07399999999998386,0,0.9291351078047106,0.08899999999998442,0,1.2081683899877396,0.10699999999998511,0,0.9005032140473118,0.10699999999998511,0,8.85095500946045,0.08899999999998442,0,-0.03813989460473822,0.03799999999998249,0,0.15497839450850925,0.03799999999998249,0,0.7885749340057373,0.10099999999998488,0,0.6836268901824951,0.10099999999998488,0,0.0,0.10099999999998488,0,2.677141483844985,0.03799999999998249,0,2.31135313246205,0.03799999999998249,0,0.21513462231369207,1.7959999999999923,0,0.01223014138810667,0.08899999999998442,0,1.0,0.10099999999998488,0
f5aaf759-5702-4fe2-8f72-0f39b8ab6db5,184,112.21,0.677548513268488,0.39399999999999125,0,1.7852201372360603,0.39399999999999125,0,-0.04929706081748009,0.033999999999991815,0,0.1559167057275772,0.033999999999991815,0,0.9164265684193621,0.08799999999999386,0,1.2081683899877396,0.6069999999999851,0,0.9005032140473118,0.6069999999999851,0,10.036430358886719,0.08799999999999386,0,-0.05643311812577637,0.033999999999991815,0,0.15627033114385588,0.033999999999991815,0,0.7073430418968201,0.000999999999990564,0,0.6858839392662048,0.000999999999990564,0,0.0,0.000999999999990564,0,2.7552601689326557,0.033999999999991815,0,2.294808277332413,0.033999999999991815,0,0.24325967486029054,0.39399999999999125,0,0.013213144931841801,0.08799999999999386,0,1.0,0.000999999999990564,0
f5aaf759-5702-4fe2-8f72-0f39b8ab6db5,185,112.71,0.677548513268488,0.8939999999999912,0,1.7852201372360603,0.8939999999999912,0,-0.03280390053987503,0.0239999999999867,0,0.15102745592594147,0.0239999999999867,0,0.9148349836701527,0.08699999999998909,0,1.6491598490782917,0.08699999999998909,0,0.7568495088044959,0.08699999999998909,0,8.86865520477295,0.08699999999998909,0,-0.03832465411247005,0.029999999999986926,0,0.15267480909884057,0.029999999999986926,0,0.7734555602073669,0.09899999999998954,0,0.6375401616096497,0.09899999999998954,0,0.0,0.09899999999998954,0,2.8307457485444543,0.029999999999986926,0,2.276813518253245,0.029999999999986926,0,0.24325967486029054,0.8939999999999912,0,0.013519587553519159,0.08699999999998909,0,1.0,0.09899999999998954,0
f5aaf759-5702-4fe2-8f72-0f39b8ab6db5,186,113.21,0.677548513268488,1.3939999999999912,0,1.7852201372360603,1.3939999999999912,0,-0.04821016266942024,0.022999999999981924,0,0.14378274977207184,0.022999999999981924,0,0.9136735736687357,0.08899999999998442,0,1.6491598490782917,0.5869999999999891,0,0.7568495088044959,0.5869999999999891,0,9.754861831665039,0.08899999999998442,0,-0.05298334361537954,0.025999999999982037,0,0.1388332962994306,0.025999999999982037,0,0.8919580578804016,0.103999999999985,0,0.5872148871421814,0.103999999999985,0,0.0,0.103999999999985,0,2.902038073123936,0.025999999999982037,0,2.2580706775044477,0.025999999999982037,0,0.24325967486029054,1.3939999999999912,0,0.013731651207677564,0.08899999999998442,0,1.0,0.103999999999985,0
f5aaf759-5702-4fe2-8f72-0f39b8ab6db5,187,113.71,0.9291607736718325,0.09399999999997988,0,1.7181703335086886,0.09399999999997988,0,-0.04162290692329407,0.012999999999991019,0,0.13191267848014832,0.012999999999991019,0,0.9124690307630225,0.09099999999997976,0,1.2776812094637249,0.057999999999992724,0,0.5939906209640983,0.057999999999992724,0,9.359257698059082,0.09099999999997976,0,-0.048913240438809284,0.02199999999999136,0,0.13689962029532765,0.02199999999999136,0,0.9066169261932373,0.000999999999990564,0,0.5282846093177795,0.000999999999990564,0,0.0,0.000999999999990564,0,2.9695327572819212,0.02199999999999136,0,2.238376878656403,0.02199999999999136,0,0.2570988013677614,0.09399999999997988,0,0.013952476051027436,0.09099999999997976,0,1.0,0.000999999999990564,0
f5aaf759-5702-4fe2-8f72-0f39b8ab6db5,188,114.21,0.9291607736718325,0.5939999999999799,0,1.7181703335086886,0.5939999999999799,0,-0.024111229926347733,0.014999999999986358,0,0.13554517924785614,0.014999999999986358,0,0.9113265702066322,0.08699999999998909,0,1.2776812094637249,0.5579999999999927,0,0.5939906209640983,0.5579999999999927,0,9.904646873474121,0.08699999999998909,0,-0.02606751397244441,0.01799999999998647,0,0.13547733426094352,0.01799999999998647,0,0.8667482137680054,0.09899999999998954,0,0.49844273924827576,0.09899999999998954,0,0.0,0.09899999999998954,0,3.033983904239946,0.01799999999998647,0,2.2181622054215935,0.01799999999998647,0,0.2570988013677614,0.5939999999999799,0,0.01407973222048478,0.08699999999998909,0,1.0,0.09899999999998954,0
f5aaf759-5702-4fe2-8f72-0f39b8ab6db5,189,114.71,0.9291607736718325,1.0939999999999799,0,1.7181703335086886,1.0939999999999799,0,0.08628035336732864,0.013999999999981583,0,0.12170584499835968,0.013999999999981583,0,0.9098086121166125,0.07099999999998374,0,1.3350001374467249,0.03799999999998249,0,0.4833720947511088,0.03799999999998249,0,9.566970825195312,0.07099999999998374,0,0.08914742171654962,0.013999999999981583,0,0.12453403100323908,0.013999999999981583,0,0.8352649211883545,0.10099999999998488,0,0.45771628618240356,0.10099999999998488,0,0.0,0.10099999999998488,0,3.096188225970341,0.013999999999981583,0,2.198273096187871,0.013999999999981583,0,0.2570988013677614,1.0939999999999799,0,0.014239644834794186,0.07099999999998374,0,1.0,0.10099999999998488,0
f5aaf759-5702-4fe2-8f72-0f39b8ab6db5,190,115.21,0.9291607736718325,1.5939999999999799,0,1.7181703335086886,1.5939999999999799,0,0.08084499835968018,0.003999999999990678,0,0.11812693625688553,0.003999999999990678,0,0.9099519296937312,0.06699999999999307,0,1.3350001374467249,0.5379999999999825,0,0.4833720947511088,0.5379999999999825,0,9.777181625366211,0.06699999999999307,0,0.07820078730652634,0.009999999999990905,0,0.11826825141911061,0.009999999999990905,0,0.7726974487304688,0.000999999999990564,0,0.4221275746822357,0.000999999999990564,0,0.0,0.000999999999990564,0,3.153550069209839,0.009999999999990905,0,2.182063284193872,0.009999999999990905,0,0.2570988013677614,1.5939999999999799,0,0.013619872469813004,0.06699999999999307,0,1.0,0.000999999999990564,0
f5aaf759-5702-4fe2-8f72-0f39b8ab6db5,191,115.71,0.0,2.0,1,0.0,2.0,1,0.07025572657585144,0.002999999999985903,0,0.11426101624965668,0.002999999999985903,0,0.9212853751005605,0.06599999999998829,0,1.953955764935395,0.00899999999998613,0,0.34103713685328774,0.00899999999998613,0,9.383438110351562,0.06599999999998829,0,0.0692664533860158,0.0059999999999860165,0,0.1159387826919674,0.0059999999999860165,0,0.7307367920875549,0.09899999999998954,0,0.4021495580673218,0.09899999999998954,0,0.0,0.09899999999998954,0,3.210871126333304,0.0059999999999860165,0,2.1682164560258066,0.0059999999999860165,0,0.0,2.0,1,0.009835453145079213,0.06599999999998829,0,1.0,0.09899999999998954,0
f5aaf759-5702-4fe2-8f72-0f39b8ab6db5,192,116.21,1.193911955283652,0.4969999999999857,0,1.6279770392981596,0.4969999999999857,0,0.07684684544801712,0.07399999999998386,0,0.10842528939247131,0.07399999999998386,0,0.9307452081593995,0.08899999999998442,0,1.953955764935395,0.5089999999999861,0,0.34103713685328774,0.5089999999999861,0,9.175355911254883,0.08899999999998442,0,0.07684684544796246,0.001999999999981128,0,0.10842528939252935,0.001999999999981128,0,0.6826817393302917,0.10099999999998488,0,0.36846232414245605,0.10099999999998488,0,0.0,0.10099999999998488,0,3.2651606070127905,0.001999999999981128,0,2.1571141951690493,0.001999999999981128,0,0.2867728775759302,0.4969999999999857,0,0.004291071007511391,0.08899999999998442,0,1.0,0.10099999999998488,0
f5aaf759-5702-4fe2-8f72-0f39b8ab6db5,193,116.71,1.193911955283652,0.9969999999999857,0,1.6279770392981596,0.9969999999999857,0,0.06917595118284225,0.033999999999991815,0,0.09226517379283905,0.033999999999991815,0,0.9332472499242673,0.08499999999997954,0,1.953955764935395,1.0089999999999861,0,0.34103713685328774,1.0089999999999861,0,9.882901191711426,0.08499999999997954,0,0.07147375493509203,0.033999999999991815,0,0.09331947639578489,0.033999999999991815,0,0.6140975952148438,0.000999999999990564,0,0.3605048954486847,0.000999999999990564,0,0.0,0.000999999999990564,0,3.309960640449469,0.033999999999991815,0,2.1496239734742955,0.033999999999991815,0,0.2867728775759302,0.9969999999999857,0,0.0019990964554974272,0.08499999999997954,0,1.0,0.000999999999990564,0
f5aaf759-5702-4fe2-8f72-0f39b8ab6db5,194,117.21,1.193911955283652,1.4969999999999857,0,1.6279770392981596,1.4969999999999857,0,0.07398347556591034,0.0239999999999867,0,0.07713735848665237,0.0239999999999867,0,0.9310406310328593,0.08699999999998909,0,3.9366093342251904,0.4889999999999901,0,0.22942369657630707,0.4889999999999901,0,9.287822723388672,0.08699999999998909,0,0.07710722832853106,0.029999999999986926,0,0.07903750240818574,0.029999999999986926,0,0.5890533924102783,0.09899999999998954,0,0.3379689157009125,0.09899999999998954,0,0.0,0.09899999999998954,0,3.352790970741958,0.029999999999986926,0,2.143953726809345,0.029999999999986926,0,0.2867728775759302,1.4969999999999857,0,0.0020534167659186173,0.08699999999998909,0,1.0,0.09899999999998954,0
f5aaf759-5702-4fe2-8f72-0f39b8ab6db5,195,117.71,1.193911955283652,1.9969999999999857,0,1.6279770392981596,1.9969999999999857,0,0.07852970063686371,0.022999999999981924,0,0.06482949107885361,0.022999999999981924,0,0.9286793795755753,0.08899999999998442,0,3.9366093342251904,0.9889999999999901,0,0.22942369657630707,0.9889999999999901,0,9.242104530334473,0.08899999999998442,0,0.0749849155535581,0.025999999999982037,0,0.06493736207497194,0.025999999999982037,0,0.5640308856964111,0.10099999999998488,0,0.3441777527332306,0.10099999999998488,0,0.0,0.10099999999998488,0,3.3894001485022107,0.025999999999982037,0,2.140487682555822,0.025999999999982037,0,0.2867728775759302,1.9969999999999857,0,0.002114477182913106,0.08899999999998442,0,1.0,0.10099999999998488,0
f5aaf759-5702-4fe2-8f72-0f39b8ab6db5,196,118.21,0.0,2.0,1,0.0,2.0,1,0.07706987112760544,0.012999999999991019,0,0.05538652092218399,0.012999999999991019,0,0.9275005699290584,0.08799999999997965,0,5.766789414430639,0.4569999999999794,0,0.18320645698878701,0.4569999999999794,0,9.948198318481445,0.08799999999997965,0,0.07985846697108996,0.02199999999999136,0,0.059391938150010745,0.02199999999999136,0,0.530308187007904,0.000999999999990564,0,0.3357374668121338,0.000999999999990564,0,0.0,0.000999999999990564,0,3.4193838002995753,0.02199999999999136,0,2.138827402189193,0.02199999999999136,0,0.0,2.0,1,0.0021554058305192332,0.08799999999997965,0,1.0,0.000999999999990564,0
f5aaf759-5702-4fe2-8f72-0f39b8ab6db5,197,118.71,1.396451485185478,0.29699999999998283,0,1.5871792573148764,0.29699999999998283,0,0.07442384958267212,0.014999999999986358,0,0.03617461770772934,0.014999999999986358,0,0.9273538724239916,0.08699999999998909,0,5.766789414430639,0.9569999999999794,0,0.18320645698878701,0.9569999999999794,0,9.497635841369629,0.08699999999998909,0,0.07729025185069158,0.01799999999998647,0,0.0378050804137479,0.01799999999998647,0,0.5191212296485901,0.09899999999998954,0,0.329764723777771,0.09899999999998954,0,0.0,0.09899999999998954,0,3.442902758499234,0.01799999999998647,0,2.138417285540379,0.01799999999998647,0,0.28086377454211386,0.29699999999998283,0,0.0021710351392440924,0.08699999999998909,0,1.0,0.09899999999998954,0
f5aaf759-5702-4fe2-8f72-0f39b8ab6db5,198,119.21,1.396451485185478,0.7969999999999828,0,1.5871792573148764,0.7969999999999828,0,0.07629226893186569,0.013999999999981583,0,0.03477150946855545,0.013999999999981583,0,0.9274077019514516,0.07099999999998374,0,11.107158710946054,0.4369999999999834,0,0.12071067991779931,0.4369999999999834,0,9.261275291442871,0.07099999999998374,0,0.07358830645506331,0.013999999999981583,0,0.030388414487125814,0.013999999999981583,0,0.5079307556152344,0.10099999999998488,0,0.33080512285232544,0.10099999999998488,0,0.0,0.10099999999998488,0,3.461230110553565,0.013999999999981583,0,2.1388072687755875,0.013999999999981583,0,0.28086377454211386,0.7969999999999828,0,0.0021811135445727815,0.07099999999998374,0,1.0,0.10099999999998488,0
f5aaf759-5702-4fe2-8f72-0f39b8ab6db5,199,119.71,1.396451485185478,1.2969999999999828,0,1.5871792573148764,1.2969999999999828,0,0.07577535510063171,0.003999999999990678,0,0.03006313554942608,0.003999999999990678,0,0.9272833987573783,0.06699999999999307,0,11.107158710946054,0.9369999999999834,0,0.12071067991779931,0.9369999999999834,0,9.186637878417969,0.06699999999999307,0,0.07289514690594714,0.009999999999990905,0,0.03249683603650706,0.009999999999990905,0,0.4802830219268799,0.000999999999990564,0,0.3286854326725006,0.000999999999990564,0,0.0,0.000999999999990564,0,3.478211371651985,0.009999999999990905,0,2.139833342085318,0.009999999999990905,0,0.28086377454211386,1.2969999999999828,0,0.00219058561280652,0.06699999999999307,0,1.0,0.000999999999990564,0
f5aaf759-5702-4fe2-8f72-0f39b8ab6db5,200,120.21,1.396451485185478,1.7969999999999828,0,1.5871792573148764,1.7969999999999828,0,0.05842939019203186,0.002999999999985903,0,0.024399036541581154,0.002999999999985903,0,0.9272974352212623,0.06599999999998829,0,11.107158710946054,0.40799999999998704,0,0.12071067991779931,0.40799999999998704,0,9.334503173828125,0.06599999999998829,0,0.05966018512871109,0.0059999999999860165,0,0.02628745324921115,0.0059999999999860165,0,0.4731079339981079,0.09899999999998954,0,0.3309348523616791,0.09899999999998954,0,0.0,0.09899999999998954,0,3.492685368469393,0.0059999999999860165,0,2.1412400827983045,0.0059999999999860165,0,0.28086377454211386,1.7969999999999828,0,0.002191714703864515,0.06599999999998829,0,1.0,0.09899999999998954,0
f5aaf759-5702-4fe2-8f72-0f39b8ab6db5,201,120.71,0.0,2.0,1,0.0,2.0,1,0.06012794375419617,0.07399999999998386,0,0.02388358674943447,0.07399999999998386,0,0.9272235846534992,0.08899999999998442,0,11.107158710946054,0.907999999999987,0,0.12071067991779931,0.907999999999987,0,9.498308181762695,0.08899999999998442,0,0.06012794375352446,0.03799999999998249,0,0.023883586749429142,0.03799999999998249,0,0.4583148658275604,0.10099999999998488,0,0.33284685015678406,0.10099999999998488,0,0.0,0.10099999999998488,0,3.5030171477371805,0.03799999999998249,0,2.1425918475229078,0.03799999999998249,0,0.0,2.0,1,0.0021931023020806606,0.08899999999998442,0,1.0,0.10099999999998488,0
f5aaf759-5702-4fe2-8f72-0f39b8ab6db5,202,121.21,0.0,2.0,1,0.0,2.0,1,0.06989652663469315,0.033999999999991815,0,0.01601451262831688,0.033999999999991815,0,0.927292165129135,0.08799999999997965,0,78.33201521028285,0.387999999999991,0,0.16951701144690784,0.387999999999991,0,9.649492263793945,0.08799999999997965,0,0.06576624585520588,0.033999999999991815,0,0.01533053685027023,0.033999999999991815,0,0.4471498131752014,0.000999999999990564,0,0.34953927993774414,0.000999999999990564,0,0.0,0.000999999999990564,0,3.513049233458205,0.033999999999991815,0,2.1442241401874176,0.033999999999991815,0,0.0,2.0,1,0.0021916842993960016,0.08799999999997965,0,1.0,0.000999999999990564,0
f5aaf759-5702-4fe2-8f72-0f39b8ab6db5,203,121.71,1.495693300439067,0.38999999999998636,0,1.5885726779010607,0.38999999999998636,0,0.061067476868629456,0.0239999999999867,0,0.002657657489180565,0.0239999999999867,0,0.9272590643493459,0.08699999999998909,0,78.33201521028285,0.887999999999991,0,0.16951701144690784,0.887999999999991,0,9.672112464904785,0.08699999999998909,0,0.06538291275103844,0.029999999999986926,0,0.005191982723854831,0.029999999999986926,0,0.45109954476356506,0.002999999999985903,0,0.3400946855545044,0.002999999999985903,0,0.0,0.002999999999985903,0,3.5180989063731207,0.029999999999986926,0,2.1452067212463204,0.029999999999986926,0,0.21328600007212495,0.38999999999998636,0,0.0021918544253639993,0.08699999999998909,0,1.0,0.002999999999985903,0
f5aaf759-5702-4fe2-8f72-0f39b8ab6db5,204,122.21,1.495693300439067,0.8899999999999864,0,1.5885726779010607,0.8899999999999864,0,0.06277564913034439,0.022999999999981924,0,0.007836192846298218,0.022999999999981924,0,0.927309422432445,0.08899999999998442,0,6.854486960372659e-05,0.3679999999999808,0,0.1000001728537635,0.3679999999999808,0,10.632346153259277,0.08899999999998442,0,0.06159531624602806,0.025999999999982037,0,0.00720291724355763,0.025999999999982037,0,0.4535784125328064,0.10099999999998488,0,0.34730708599090576,0.10099999999998488,0,0.0,0.10099999999998488,0,3.519152056845037,0.025999999999982037,0,2.145449906541482,0.025999999999982037,0,0.21328600007212495,0.8899999999999864,0,0.0021913206733734114,0.08899999999998442,0,1.0,0.10099999999998488,0
f5aaf759-5702-4fe2-8f72-0f39b8ab6db5,205,122.71,1.495693300439067,1.3899999999999864,0,1.5885726779010607,1.3899999999999864,0,0.068576380610466,0.012999999999991019,0,-0.004241125658154488,0.012999999999991019,0,0.9272994887363165,0.08799999999997965,0,6.854486960372659e-05,0.8679999999999808,0,0.1000001728537635,0.8679999999999808,0,9.621603965759277,0.08799999999997965,0,0.06122316208173535,0.02199999999999136,0,-0.00394843239341173,0.02199999999999136,0,0.44229984283447266,0.0999999999999801,0,0.34586983919143677,0.0999999999999801,0,0.0,0.0999999999999801,0,3.51903482948326,0.02199999999999136,0,2.145400533902875,0.02199999999999136,0,0.21328600007212495,1.3899999999999864,0,0.002191456984413283,0.08799999999997965,0,1.0,0.0999999999999801,0
