run_id,timestamp,feature,source,value,max_age_seconds
1b9bac59-84b0-403e-aa0d-aaa52d8cbba1,13.143,amcl_x,/amcl_pose,-2.0,2.0
1b9bac59-84b0-403e-aa0d-aaa52d8cbba1,16.713,amcl_x,/amcl_pose,-1.744947438710007,2.0
1b9bac59-84b0-403e-aa0d-aaa52d8cbba1,18.324,amcl_x,/amcl_pose,-1.4682279590832692,2.0
1b9bac59-84b0-403e-aa0d-aaa52d8cbba1,19.728,amcl_x,/amcl_pose,-1.2124218182102109,2.0
1b9bac59-84b0-403e-aa0d-aaa52d8cbba1,21.132,amcl_x,/amcl_pose,-0.9551673725888149,2.0
1b9bac59-84b0-403e-aa0d-aaa52d8cbba1,22.611,amcl_x,/amcl_pose,-0.6893297510472427,2.0
1b9bac59-84b0-403e-aa0d-aaa52d8cbba1,24.228,amcl_x,/amcl_pose,-0.4418648306650146,2.0
1b9bac59-84b0-403e-aa0d-aaa52d8cbba1,25.71,amcl_x,/amcl_pose,-0.1806734662827014,2.0
1b9bac59-84b0-403e-aa0d-aaa52d8cbba1,27.216,amcl_x,/amcl_pose,0.07050633987792655,2.0
1b9bac59-84b0-403e-aa0d-aaa52d8cbba1,28.809,amcl_x,/amcl_pose,0.3013652753966736,2.0
1b9bac59-84b0-403e-aa0d-aaa52d8cbba1,30.714000000000002,amcl_x,/amcl_pose,0.5682250805918536,2.0
1b9bac59-84b0-403e-aa0d-aaa52d8cbba1,13.143,amcl_y,/amcl_pose,-0.5,2.0
1b9bac59-84b0-403e-aa0d-aaa52d8cbba1,16.713,amcl_y,/amcl_pose,-0.5091504445791698,2.0
1b9bac59-84b0-403e-aa0d-aaa52d8cbba1,18.324,amcl_y,/amcl_pose,-0.5324131724639788,2.0
1b9bac59-84b0-403e-aa0d-aaa52d8cbba1,19.728,amcl_y,/amcl_pose,-0.5511877323934244,2.0
1b9bac59-84b0-403e-aa0d-aaa52d8cbba1,21.132,amcl_y,/amcl_pose,-0.559400076012836,2.0
1b9bac59-84b0-403e-aa0d-aaa52d8cbba1,22.611,amcl_y,/amcl_pose,-0.5700975977091269,2.0
1b9bac59-84b0-403e-aa0d-aaa52d8cbba1,24.228,amcl_y,/amcl_pose,-0.5666091411097222,2.0
1b9bac59-84b0-403e-aa0d-aaa52d8cbba1,25.71,amcl_y,/amcl_pose,-0.5681017074816367,2.0
1b9bac59-84b0-403e-aa0d-aaa52d8cbba1,27.216,amcl_y,/amcl_pose,-0.5495916731392773,2.0
1b9bac59-84b0-403e-aa0d-aaa52d8cbba1,28.809,amcl_y,/amcl_pose,-0.5265452163132581,2.0
1b9bac59-84b0-403e-aa0d-aaa52d8cbba1,30.714000000000002,amcl_y,/amcl_pose,-0.519827087843376,2.0
1b9bac59-84b0-403e-aa0d-aaa52d8cbba1,14.799000000000001,command_angular,/cmd_vel,0.005598046351224184,0.5
1b9bac59-84b0-403e-aa0d-aaa52d8cbba1,14.838000000000001,command_angular,/cmd_vel,0.008583218790590763,0.5
1b9bac59-84b0-403e-aa0d-aaa52d8cbba1,14.868,command_angular,/cmd_vel,-0.01876012794673443,0.5
1b9bac59-84b0-403e-aa0d-aaa52d8cbba1,14.940000000000001,command_angular,/cmd_vel,-0.04587644338607788,0.5
1b9bac59-84b0-403e-aa0d-aaa52d8cbba1,14.979000000000001,command_angular,/cmd_vel,-0.05800125002861023,0.5
1b9bac59-84b0-403e-aa0d-aaa52d8cbba1,15.051,command_angular,/cmd_vel,-0.054205358028411865,0.5
1b9bac59-84b0-403e-aa0d-aaa52d8cbba1,15.090000000000002,command_angular,/cmd_vel,-0.04962262138724327,0.5
1b9bac59-84b0-403e-aa0d-aaa52d8cbba1,15.120000000000001,command_angular,/cmd_vel,-0.03970508649945259,0.5
1b9bac59-84b0-403e-aa0d-aaa52d8cbba1,15.198,command_angular,/cmd_vel,-0.040279537439346313,0.5
1b9bac59-84b0-403e-aa0d-aaa52d8cbba1,15.228000000000002,command_angular,/cmd_vel,-0.039033208042383194,0.5
1b9bac59-84b0-403e-aa0d-aaa52d8cbba1,15.3,command_angular,/cmd_vel,-0.03887816146016121,0.5
1b9bac59-84b0-403e-aa0d-aaa52d8cbba1,15.339,command_angular,/cmd_vel,-0.0407337062060833,0.5
1b9bac59-84b0-403e-aa0d-aaa52d8cbba1,15.378,command_angular,/cmd_vel,-0.04416036233305931,0.5
1b9bac59-84b0-403e-aa0d-aaa52d8cbba1,15.450000000000001,command_angular,/cmd_vel,-0.03983908146619797,0.5
1b9bac59-84b0-403e-aa0d-aaa52d8cbba1,15.48,command_angular,/cmd_vel,-0.04175667092204094,0.5
1b9bac59-84b0-403e-aa0d-aaa52d8cbba1,15.558000000000002,command_angular,/cmd_vel,-0.0458817295730114,0.5
1b9bac59-84b0-403e-aa0d-aaa52d8cbba1,15.588000000000001,command_angular,/cmd_vel,-0.043821822851896286,0.5
1b9bac59-84b0-403e-aa0d-aaa52d8cbba1,15.63,command_angular,/cmd_vel,-0.04587666690349579,0.5
1b9bac59-84b0-403e-aa0d-aaa52d8cbba1,15.699000000000002,command_angular,/cmd_vel,-0.044408395886421204,0.5
1b9bac59-84b0-403e-aa0d-aaa52d8cbba1,15.738000000000001,command_angular,/cmd_vel,-0.052629515528678894,0.5
1b9bac59-84b0-403e-aa0d-aaa52d8cbba1,15.768,command_angular,/cmd_vel,-0.049617551267147064,0.5
1b9bac59-84b0-403e-aa0d-aaa52d8cbba1,15.840000000000002,command_angular,/cmd_vel,-0.04791402816772461,0.5
1b9bac59-84b0-403e-aa0d-aaa52d8cbba1,15.879000000000001,command_angular,/cmd_vel,-0.051105063408613205,0.5
1b9bac59-84b0-403e-aa0d-aaa52d8cbba1,15.948,command_angular,/cmd_vel,-0.042459193617105484,0.5
1b9bac59-84b0-403e-aa0d-aaa52d8cbba1,15.99,command_angular,/cmd_vel,-0.038816314190626144,0.5
1b9bac59-84b0-403e-aa0d-aaa52d8cbba1,16.02,command_angular,/cmd_vel,-0.04072447121143341,0.5
1b9bac59-84b0-403e-aa0d-aaa52d8cbba1,16.098000000000003,command_angular,/cmd_vel,-0.032911304384469986,0.5
1b9bac59-84b0-403e-aa0d-aaa52d8cbba1,16.128,command_angular,/cmd_vel,-0.031076714396476746,0.5
1b9bac59-84b0-403e-aa0d-aaa52d8cbba1,16.2,command_angular,/cmd_vel,-0.032564207911491394,0.5
1b9bac59-84b0-403e-aa0d-aaa52d8cbba1,16.239,command_angular,/cmd_vel,-0.03618595376610756,0.5
1b9bac59-84b0-403e-aa0d-aaa52d8cbba1,16.278000000000002,command_angular,/cmd_vel,-0.03115946613252163,0.5
1b9bac59-84b0-403e-aa0d-aaa52d8cbba1,16.35,command_angular,/cmd_vel,-0.030725831165909767,0.5
1b9bac59-84b0-403e-aa0d-aaa52d8cbba1,16.380000000000003,command_angular,/cmd_vel,-0.03642008826136589,0.5
1b9bac59-84b0-403e-aa0d-aaa52d8cbba1,16.458000000000002,command_angular,/cmd_vel,-0.026929765939712524,0.5
1b9bac59-84b0-403e-aa0d-aaa52d8cbba1,16.488,command_angular,/cmd_vel,-0.029209205880761147,0.5
1b9bac59-84b0-403e-aa0d-aaa52d8cbba1,16.53,command_angular,/cmd_vel,-0.0321497842669487,0.5
1b9bac59-84b0-403e-aa0d-aaa52d8cbba1,16.599,command_angular,/cmd_vel,-0.02931077405810356,0.5
1b9bac59-84b0-403e-aa0d-aaa52d8cbba1,16.638,command_angular,/cmd_vel,-0.03201080113649368,0.5
1b9bac59-84b0-403e-aa0d-aaa52d8cbba1,16.668000000000003,command_angular,/cmd_vel,-0.02868828736245632,0.5
1b9bac59-84b0-403e-aa0d-aaa52d8cbba1,16.740000000000002,command_angular,/cmd_vel,-0.026945743709802628,0.5
1b9bac59-84b0-403e-aa0d-aaa52d8cbba1,16.779,command_angular,/cmd_vel,-0.027880225330591202,0.5
1b9bac59-84b0-403e-aa0d-aaa52d8cbba1,16.848000000000003,command_angular,/cmd_vel,-0.021512795239686966,0.5
1b9bac59-84b0-403e-aa0d-aaa52d8cbba1,16.89,command_angular,/cmd_vel,-0.01504147332161665,0.5
1b9bac59-84b0-403e-aa0d-aaa52d8cbba1,16.92,command_angular,/cmd_vel,-0.022129999473690987,0.5
1b9bac59-84b0-403e-aa0d-aaa52d8cbba1,16.998,command_angular,/cmd_vel,-0.022358031943440437,0.5
1b9bac59-84b0-403e-aa0d-aaa52d8cbba1,17.028000000000002,command_angular,/cmd_vel,-0.013867772184312344,0.5
1b9bac59-84b0-403e-aa0d-aaa52d8cbba1,17.1,command_angular,/cmd_vel,-0.019241025671362877,0.5
1b9bac59-84b0-403e-aa0d-aaa52d8cbba1,17.139,command_angular,/cmd_vel,-0.023433690890669823,0.5
1b9bac59-84b0-403e-aa0d-aaa52d8cbba1,17.178,command_angular,/cmd_vel,-0.017177637666463852,0.5
1b9bac59-84b0-403e-aa0d-aaa52d8cbba1,17.25,command_angular,/cmd_vel,-0.01981780305504799,0.5
1b9bac59-84b0-403e-aa0d-aaa52d8cbba1,17.28,command_angular,/cmd_vel,-0.018869027495384216,0.5
1b9bac59-84b0-403e-aa0d-aaa52d8cbba1,17.361,command_angular,/cmd_vel,-0.0061933426186442375,0.5
1b9bac59-84b0-403e-aa0d-aaa52d8cbba1,17.388,command_angular,/cmd_vel,-0.01227643620222807,0.5
1b9bac59-84b0-403e-aa0d-aaa52d8cbba1,17.43,command_angular,/cmd_vel,-0.004459370858967304,0.5
1b9bac59-84b0-403e-aa0d-aaa52d8cbba1,17.499000000000002,command_angular,/cmd_vel,-0.009617091156542301,0.5
1b9bac59-84b0-403e-aa0d-aaa52d8cbba1,17.538,command_angular,/cmd_vel,-0.009532161056995392,0.5
1b9bac59-84b0-403e-aa0d-aaa52d8cbba1,17.568,command_angular,/cmd_vel,-0.015440532937645912,0.5
1b9bac59-84b0-403e-aa0d-aaa52d8cbba1,17.64,command_angular,/cmd_vel,-0.02622469700872898,0.5
1b9bac59-84b0-403e-aa0d-aaa52d8cbba1,17.679000000000002,command_angular,/cmd_vel,-0.01905926689505577,0.5
1b9bac59-84b0-403e-aa0d-aaa52d8cbba1,17.751,command_angular,/cmd_vel,-0.009131097234785557,0.5
1b9bac59-84b0-403e-aa0d-aaa52d8cbba1,17.790000000000003,command_angular,/cmd_vel,-0.002168570179492235,0.5
1b9bac59-84b0-403e-aa0d-aaa52d8cbba1,17.82,command_angular,/cmd_vel,-0.011757860891520977,0.5
1b9bac59-84b0-403e-aa0d-aaa52d8cbba1,17.898,command_angular,/cmd_vel,0.0028517860919237137,0.5
1b9bac59-84b0-403e-aa0d-aaa52d8cbba1,17.928,command_angular,/cmd_vel,0.005614231340587139,0.5
1b9bac59-84b0-403e-aa0d-aaa52d8cbba1,18.0,command_angular,/cmd_vel,0.02108265459537506,0.5
1b9bac59-84b0-403e-aa0d-aaa52d8cbba1,18.039,command_angular,/cmd_vel,0.024077491834759712,0.5
1b9bac59-84b0-403e-aa0d-aaa52d8cbba1,18.078,command_angular,/cmd_vel,0.025256717577576637,0.5
1b9bac59-84b0-403e-aa0d-aaa52d8cbba1,18.150000000000002,command_angular,/cmd_vel,0.016576990485191345,0.5
1b9bac59-84b0-403e-aa0d-aaa52d8cbba1,18.18,command_angular,/cmd_vel,0.01562577299773693,0.5
1b9bac59-84b0-403e-aa0d-aaa52d8cbba1,18.258000000000003,command_angular,/cmd_vel,0.005538520403206348,0.5
1b9bac59-84b0-403e-aa0d-aaa52d8cbba1,18.288,command_angular,/cmd_vel,0.004285647068172693,0.5
1b9bac59-84b0-403e-aa0d-aaa52d8cbba1,18.330000000000002,command_angular,/cmd_vel,0.010799992829561234,0.5
1b9bac59-84b0-403e-aa0d-aaa52d8cbba1,18.399,command_angular,/cmd_vel,0.01062292791903019,0.5
1b9bac59-84b0-403e-aa0d-aaa52d8cbba1,18.438000000000002,command_angular,/cmd_vel,0.0082252724096179,0.5
1b9bac59-84b0-403e-aa0d-aaa52d8cbba1,18.468,command_angular,/cmd_vel,0.007162817753851414,0.5
1b9bac59-84b0-403e-aa0d-aaa52d8cbba1,18.540000000000003,command_angular,/cmd_vel,0.008474062196910381,0.5
1b9bac59-84b0-403e-aa0d-aaa52d8cbba1,18.579,command_angular,/cmd_vel,0.011417010799050331,0.5
1b9bac59-84b0-403e-aa0d-aaa52d8cbba1,18.648,command_angular,/cmd_vel,0.011530779302120209,0.5
1b9bac59-84b0-403e-aa0d-aaa52d8cbba1,18.69,command_angular,/cmd_vel,0.00411267951130867,0.5
1b9bac59-84b0-403e-aa0d-aaa52d8cbba1,18.720000000000002,command_angular,/cmd_vel,0.01407269760966301,0.5
1b9bac59-84b0-403e-aa0d-aaa52d8cbba1,18.798000000000002,command_angular,/cmd_vel,0.015276302583515644,0.5
1b9bac59-84b0-403e-aa0d-aaa52d8cbba1,18.828,command_angular,/cmd_vel,0.011800820007920265,0.5
1b9bac59-84b0-403e-aa0d-aaa52d8cbba1,18.900000000000002,command_angular,/cmd_vel,0.0231625959277153,0.5
1b9bac59-84b0-403e-aa0d-aaa52d8cbba1,18.939,command_angular,/cmd_vel,0.029866864904761314,0.5
1b9bac59-84b0-403e-aa0d-aaa52d8cbba1,18.978,command_angular,/cmd_vel,0.033001821488142014,0.5
1b9bac59-84b0-403e-aa0d-aaa52d8cbba1,19.05,command_angular,/cmd_vel,0.027350779622793198,0.5
1b9bac59-84b0-403e-aa0d-aaa52d8cbba1,19.080000000000002,command_angular,/cmd_vel,0.022036775946617126,0.5
1b9bac59-84b0-403e-aa0d-aaa52d8cbba1,19.161,command_angular,/cmd_vel,0.023674603551626205,0.5
1b9bac59-84b0-403e-aa0d-aaa52d8cbba1,19.188000000000002,command_angular,/cmd_vel,0.024747692048549652,0.5
1b9bac59-84b0-403e-aa0d-aaa52d8cbba1,19.23,command_angular,/cmd_vel,0.025356918573379517,0.5
1b9bac59-84b0-403e-aa0d-aaa52d8cbba1,19.299,command_angular,/cmd_vel,0.03781758248806,0.5
1b9bac59-84b0-403e-aa0d-aaa52d8cbba1,19.338,command_angular,/cmd_vel,0.034941136837005615,0.5
1b9bac59-84b0-403e-aa0d-aaa52d8cbba1,19.368000000000002,command_angular,/cmd_vel,0.03519223630428314,0.5
1b9bac59-84b0-403e-aa0d-aaa52d8cbba1,19.44,command_angular,/cmd_vel,0.03562213480472565,0.5
1b9bac59-84b0-403e-aa0d-aaa52d8cbba1,19.479000000000003,command_angular,/cmd_vel,0.04039786756038666,0.5
1b9bac59-84b0-403e-aa0d-aaa52d8cbba1,19.548000000000002,command_angular,/cmd_vel,0.03467000275850296,0.5
1b9bac59-84b0-403e-aa0d-aaa52d8cbba1,19.59,command_angular,/cmd_vel,0.031759876757860184,0.5
1b9bac59-84b0-403e-aa0d-aaa52d8cbba1,19.62,command_angular,/cmd_vel,0.02717583253979683,0.5
1b9bac59-84b0-403e-aa0d-aaa52d8cbba1,19.698,command_angular,/cmd_vel,0.02823869325220585,0.5
1b9bac59-84b0-403e-aa0d-aaa52d8cbba1,19.728,command_angular,/cmd_vel,0.02626541070640087,0.5
1b9bac59-84b0-403e-aa0d-aaa52d8cbba1,19.8,command_angular,/cmd_vel,0.023558517917990685,0.5
1b9bac59-84b0-403e-aa0d-aaa52d8cbba1,19.839000000000002,command_angular,/cmd_vel,0.028379695490002632,0.5
1b9bac59-84b0-403e-aa0d-aaa52d8cbba1,19.878,command_angular,/cmd_vel,0.029335226863622665,0.5
1b9bac59-84b0-403e-aa0d-aaa52d8cbba1,19.950000000000003,command_angular,/cmd_vel,0.01947612315416336,0.5
1b9bac59-84b0-403e-aa0d-aaa52d8cbba1,19.98,command_angular,/cmd_vel,0.017563674598932266,0.5
1b9bac59-84b0-403e-aa0d-aaa52d8cbba1,20.061,command_angular,/cmd_vel,0.016198256984353065,0.5
1b9bac59-84b0-403e-aa0d-aaa52d8cbba1,20.088,command_angular,/cmd_vel,0.02408134751021862,0.5
1b9bac59-84b0-403e-aa0d-aaa52d8cbba1,20.130000000000003,command_angular,/cmd_vel,0.024652976542711258,0.5
1b9bac59-84b0-403e-aa0d-aaa52d8cbba1,20.199,command_angular,/cmd_vel,0.019539570435881615,0.5
1b9bac59-84b0-403e-aa0d-aaa52d8cbba1,20.238,command_angular,/cmd_vel,0.019125785678625107,0.5
1b9bac59-84b0-403e-aa0d-aaa52d8cbba1,20.268,command_angular,/cmd_vel,0.018217498436570168,0.5
1b9bac59-84b0-403e-aa0d-aaa52d8cbba1,20.34,command_angular,/cmd_vel,0.017400864511728287,0.5
1b9bac59-84b0-403e-aa0d-aaa52d8cbba1,20.379,command_angular,/cmd_vel,0.024528535082936287,0.5
1b9bac59-84b0-403e-aa0d-aaa52d8cbba1,20.448,command_angular,/cmd_vel,0.03193411976099014,0.5
1b9bac59-84b0-403e-aa0d-aaa52d8cbba1,20.490000000000002,command_angular,/cmd_vel,0.018949182704091072,0.5
1b9bac59-84b0-403e-aa0d-aaa52d8cbba1,20.52,command_angular,/cmd_vel,0.01726946048438549,0.5
1b9bac59-84b0-403e-aa0d-aaa52d8cbba1,20.598000000000003,command_angular,/cmd_vel,0.02002141810953617,0.5
1b9bac59-84b0-403e-aa0d-aaa52d8cbba1,20.628,command_angular,/cmd_vel,0.011128443293273449,0.5
1b9bac59-84b0-403e-aa0d-aaa52d8cbba1,20.700000000000003,command_angular,/cmd_vel,0.013605199754238129,0.5
1b9bac59-84b0-403e-aa0d-aaa52d8cbba1,20.739,command_angular,/cmd_vel,0.013101909309625626,0.5
1b9bac59-84b0-403e-aa0d-aaa52d8cbba1,20.778000000000002,command_angular,/cmd_vel,0.009137067943811417,0.5
1b9bac59-84b0-403e-aa0d-aaa52d8cbba1,20.85,command_angular,/cmd_vel,0.0061974599957466125,0.5
1b9bac59-84b0-403e-aa0d-aaa52d8cbba1,20.880000000000003,command_angular,/cmd_vel,0.012328854762017727,0.5
1b9bac59-84b0-403e-aa0d-aaa52d8cbba1,20.958000000000002,command_angular,/cmd_vel,0.005007805768400431,0.5
1b9bac59-84b0-403e-aa0d-aaa52d8cbba1,20.988,command_angular,/cmd_vel,0.01937558874487877,0.5
1b9bac59-84b0-403e-aa0d-aaa52d8cbba1,21.03,command_angular,/cmd_vel,0.02117336541414261,0.5
1b9bac59-84b0-403e-aa0d-aaa52d8cbba1,21.099,command_angular,/cmd_vel,0.029140783473849297,0.5
1b9bac59-84b0-403e-aa0d-aaa52d8cbba1,21.138,command_angular,/cmd_vel,0.02295868471264839,0.5
1b9bac59-84b0-403e-aa0d-aaa52d8cbba1,21.168000000000003,command_angular,/cmd_vel,0.016888625919818878,0.5
1b9bac59-84b0-403e-aa0d-aaa52d8cbba1,21.240000000000002,command_angular,/cmd_vel,0.01939106173813343,0.5
1b9bac59-84b0-403e-aa0d-aaa52d8cbba1,21.279,command_angular,/cmd_vel,0.019427206367254257,0.5
1b9bac59-84b0-403e-aa0d-aaa52d8cbba1,21.348000000000003,command_angular,/cmd_vel,0.016971847042441368,0.5
1b9bac59-84b0-403e-aa0d-aaa52d8cbba1,21.39,command_angular,/cmd_vel,0.012116342782974243,0.5
1b9bac59-84b0-403e-aa0d-aaa52d8cbba1,21.42,command_angular,/cmd_vel,0.018409522250294685,0.5
1b9bac59-84b0-403e-aa0d-aaa52d8cbba1,21.498,command_angular,/cmd_vel,0.016945356503129005,0.5
1b9bac59-84b0-403e-aa0d-aaa52d8cbba1,21.528000000000002,command_angular,/cmd_vel,0.023072540760040283,0.5
1b9bac59-84b0-403e-aa0d-aaa52d8cbba1,21.6,command_angular,/cmd_vel,0.02243802323937416,0.5
1b9bac59-84b0-403e-aa0d-aaa52d8cbba1,21.639000000000003,command_angular,/cmd_vel,0.02076716721057892,0.5
1b9bac59-84b0-403e-aa0d-aaa52d8cbba1,21.678,command_angular,/cmd_vel,0.017932258546352386,0.5
1b9bac59-84b0-403e-aa0d-aaa52d8cbba1,21.75,command_angular,/cmd_vel,0.017413901165127754,0.5
1b9bac59-84b0-403e-aa0d-aaa52d8cbba1,21.789,command_angular,/cmd_vel,0.01963195949792862,0.5
1b9bac59-84b0-403e-aa0d-aaa52d8cbba1,21.861,command_angular,/cmd_vel,0.023992741480469704,0.5
1b9bac59-84b0-403e-aa0d-aaa52d8cbba1,21.888,command_angular,/cmd_vel,0.012585960328578949,0.5
1b9bac59-84b0-403e-aa0d-aaa52d8cbba1,21.93,command_angular,/cmd_vel,0.012595837004482746,0.5
1b9bac59-84b0-403e-aa0d-aaa52d8cbba1,21.999000000000002,command_angular,/cmd_vel,0.01592854969203472,0.5
1b9bac59-84b0-403e-aa0d-aaa52d8cbba1,22.038,command_angular,/cmd_vel,0.018665529787540436,0.5
1b9bac59-84b0-403e-aa0d-aaa52d8cbba1,22.068,command_angular,/cmd_vel,0.013655183836817741,0.5
1b9bac59-84b0-403e-aa0d-aaa52d8cbba1,22.14,command_angular,/cmd_vel,0.006462413351982832,0.5
1b9bac59-84b0-403e-aa0d-aaa52d8cbba1,22.179000000000002,command_angular,/cmd_vel,0.00472056120634079,0.5
1b9bac59-84b0-403e-aa0d-aaa52d8cbba1,22.248,command_angular,/cmd_vel,-0.0016703549772500992,0.5
1b9bac59-84b0-403e-aa0d-aaa52d8cbba1,22.290000000000003,command_angular,/cmd_vel,-0.0007903067744337022,0.5
1b9bac59-84b0-403e-aa0d-aaa52d8cbba1,22.32,command_angular,/cmd_vel,0.0005546939792111516,0.5
1b9bac59-84b0-403e-aa0d-aaa52d8cbba1,22.398,command_angular,/cmd_vel,0.0007437370950356126,0.5
1b9bac59-84b0-403e-aa0d-aaa52d8cbba1,22.428,command_angular,/cmd_vel,0.007979627698659897,0.5
1b9bac59-84b0-403e-aa0d-aaa52d8cbba1,22.5,command_angular,/cmd_vel,0.01364141795784235,0.5
1b9bac59-84b0-403e-aa0d-aaa52d8cbba1,22.539,command_angular,/cmd_vel,0.009289388544857502,0.5
1b9bac59-84b0-403e-aa0d-aaa52d8cbba1,22.578000000000003,command_angular,/cmd_vel,0.013388946652412415,0.5
1b9bac59-84b0-403e-aa0d-aaa52d8cbba1,22.650000000000002,command_angular,/cmd_vel,0.01064247079193592,0.5
1b9bac59-84b0-403e-aa0d-aaa52d8cbba1,22.68,command_angular,/cmd_vel,0.00814748927950859,0.5
1b9bac59-84b0-403e-aa0d-aaa52d8cbba1,22.761000000000003,command_angular,/cmd_vel,0.003581320634111762,0.5
1b9bac59-84b0-403e-aa0d-aaa52d8cbba1,22.788,command_angular,/cmd_vel,0.01062020380049944,0.5
1b9bac59-84b0-403e-aa0d-aaa52d8cbba1,22.830000000000002,command_angular,/cmd_vel,0.012526613660156727,0.5
1b9bac59-84b0-403e-aa0d-aaa52d8cbba1,22.899,command_angular,/cmd_vel,0.009139616042375565,0.5
1b9bac59-84b0-403e-aa0d-aaa52d8cbba1,22.938000000000002,command_angular,/cmd_vel,0.0059808604419231415,0.5
1b9bac59-84b0-403e-aa0d-aaa52d8cbba1,22.968,command_angular,/cmd_vel,0.0008546021999791265,0.5
1b9bac59-84b0-403e-aa0d-aaa52d8cbba1,23.040000000000003,command_angular,/cmd_vel,0.03704172745347023,0.5
1b9bac59-84b0-403e-aa0d-aaa52d8cbba1,23.079,command_angular,/cmd_vel,0.041434478014707565,0.5
1b9bac59-84b0-403e-aa0d-aaa52d8cbba1,23.148,command_angular,/cmd_vel,0.027420349419116974,0.5
1b9bac59-84b0-403e-aa0d-aaa52d8cbba1,23.19,command_angular,/cmd_vel,0.022114621475338936,0.5
1b9bac59-84b0-403e-aa0d-aaa52d8cbba1,23.220000000000002,command_angular,/cmd_vel,0.02208874747157097,0.5
1b9bac59-84b0-403e-aa0d-aaa52d8cbba1,23.298000000000002,command_angular,/cmd_vel,0.021808510646224022,0.5
1b9bac59-84b0-403e-aa0d-aaa52d8cbba1,23.328000000000003,command_angular,/cmd_vel,0.032530881464481354,0.5
1b9bac59-84b0-403e-aa0d-aaa52d8cbba1,23.400000000000002,command_angular,/cmd_vel,0.03296375647187233,0.5
1b9bac59-84b0-403e-aa0d-aaa52d8cbba1,23.439,command_angular,/cmd_vel,0.022006334736943245,0.5
1b9bac59-84b0-403e-aa0d-aaa52d8cbba1,23.478,command_angular,/cmd_vel,0.01975538395345211,0.5
1b9bac59-84b0-403e-aa0d-aaa52d8cbba1,23.55,command_angular,/cmd_vel,0.02091323584318161,0.5
1b9bac59-84b0-403e-aa0d-aaa52d8cbba1,23.580000000000002,command_angular,/cmd_vel,0.03448560833930969,0.5
1b9bac59-84b0-403e-aa0d-aaa52d8cbba1,23.661,command_angular,/cmd_vel,0.039081182330846786,0.5
1b9bac59-84b0-403e-aa0d-aaa52d8cbba1,23.688000000000002,command_angular,/cmd_vel,0.03997261822223663,0.5
1b9bac59-84b0-403e-aa0d-aaa52d8cbba1,23.73,command_angular,/cmd_vel,0.05856633558869362,0.5
1b9bac59-84b0-403e-aa0d-aaa52d8cbba1,23.799000000000003,command_angular,/cmd_vel,0.05909730866551399,0.5
1b9bac59-84b0-403e-aa0d-aaa52d8cbba1,23.838,command_angular,/cmd_vel,0.0666382685303688,0.5
1b9bac59-84b0-403e-aa0d-aaa52d8cbba1,23.868000000000002,command_angular,/cmd_vel,0.06430304050445557,0.5
1b9bac59-84b0-403e-aa0d-aaa52d8cbba1,23.94,command_angular,/cmd_vel,0.06501774489879608,0.5
1b9bac59-84b0-403e-aa0d-aaa52d8cbba1,23.979000000000003,command_angular,/cmd_vel,0.060374729335308075,0.5
1b9bac59-84b0-403e-aa0d-aaa52d8cbba1,24.048000000000002,command_angular,/cmd_vel,0.027959289029240608,0.5
1b9bac59-84b0-403e-aa0d-aaa52d8cbba1,24.09,command_angular,/cmd_vel,0.006717856507748365,0.5
1b9bac59-84b0-403e-aa0d-aaa52d8cbba1,24.12,command_angular,/cmd_vel,0.0010581903625279665,0.5
1b9bac59-84b0-403e-aa0d-aaa52d8cbba1,24.198,command_angular,/cmd_vel,-0.0008434287738054991,0.5
1b9bac59-84b0-403e-aa0d-aaa52d8cbba1,24.228,command_angular,/cmd_vel,-0.003727422561496496,0.5
1b9bac59-84b0-403e-aa0d-aaa52d8cbba1,24.3,command_angular,/cmd_vel,0.011734278872609138,0.5
1b9bac59-84b0-403e-aa0d-aaa52d8cbba1,24.339000000000002,command_angular,/cmd_vel,0.01727195642888546,0.5
1b9bac59-84b0-403e-aa0d-aaa52d8cbba1,24.378,command_angular,/cmd_vel,0.012565938755869865,0.5
1b9bac59-84b0-403e-aa0d-aaa52d8cbba1,24.450000000000003,command_angular,/cmd_vel,0.006771716754883528,0.5
1b9bac59-84b0-403e-aa0d-aaa52d8cbba1,24.48,command_angular,/cmd_vel,0.004713153466582298,0.5
1b9bac59-84b0-403e-aa0d-aaa52d8cbba1,24.561,command_angular,/cmd_vel,0.010537268593907356,0.5
1b9bac59-84b0-403e-aa0d-aaa52d8cbba1,24.588,command_angular,/cmd_vel,0.020268477499485016,0.5
1b9bac59-84b0-403e-aa0d-aaa52d8cbba1,24.630000000000003,command_angular,/cmd_vel,0.021634679287672043,0.5
1b9bac59-84b0-403e-aa0d-aaa52d8cbba1,24.699,command_angular,/cmd_vel,0.01813778094947338,0.5
1b9bac59-84b0-403e-aa0d-aaa52d8cbba1,24.738000000000003,command_angular,/cmd_vel,0.01586786098778248,0.5
1b9bac59-84b0-403e-aa0d-aaa52d8cbba1,24.768,command_angular,/cmd_vel,0.016620509326457977,0.5
1b9bac59-84b0-403e-aa0d-aaa52d8cbba1,24.84,command_angular,/cmd_vel,0.014643289148807526,0.5
1b9bac59-84b0-403e-aa0d-aaa52d8cbba1,24.879,command_angular,/cmd_vel,0.019134141504764557,0.5
1b9bac59-84b0-403e-aa0d-aaa52d8cbba1,24.948,command_angular,/cmd_vel,0.022327948361635208,0.5
1b9bac59-84b0-403e-aa0d-aaa52d8cbba1,24.990000000000002,command_angular,/cmd_vel,0.01445641741156578,0.5
1b9bac59-84b0-403e-aa0d-aaa52d8cbba1,25.020000000000003,command_angular,/cmd_vel,0.011654309928417206,0.5
1b9bac59-84b0-403e-aa0d-aaa52d8cbba1,25.098000000000003,command_angular,/cmd_vel,0.026176821440458298,0.5
1b9bac59-84b0-403e-aa0d-aaa52d8cbba1,25.128,command_angular,/cmd_vel,0.02730603888630867,0.5
1b9bac59-84b0-403e-aa0d-aaa52d8cbba1,25.200000000000003,command_angular,/cmd_vel,0.024728570133447647,0.5
1b9bac59-84b0-403e-aa0d-aaa52d8cbba1,25.239,command_angular,/cmd_vel,0.01888589933514595,0.5
1b9bac59-84b0-403e-aa0d-aaa52d8cbba1,25.278000000000002,command_angular,/cmd_vel,0.024591105058789253,0.5
1b9bac59-84b0-403e-aa0d-aaa52d8cbba1,25.35,command_angular,/cmd_vel,0.009449919685721397,0.5
1b9bac59-84b0-403e-aa0d-aaa52d8cbba1,25.380000000000003,command_angular,/cmd_vel,0.0038842102512717247,0.5
1b9bac59-84b0-403e-aa0d-aaa52d8cbba1,25.458000000000002,command_angular,/cmd_vel,7.957173511385918e-05,0.5
1b9bac59-84b0-403e-aa0d-aaa52d8cbba1,25.488000000000003,command_angular,/cmd_vel,0.001632200786843896,0.5
1b9bac59-84b0-403e-aa0d-aaa52d8cbba1,25.53,command_angular,/cmd_vel,0.010830601677298546,0.5
1b9bac59-84b0-403e-aa0d-aaa52d8cbba1,25.599,command_angular,/cmd_vel,0.016648558899760246,0.5
1b9bac59-84b0-403e-aa0d-aaa52d8cbba1,25.638,command_angular,/cmd_vel,0.019547488540410995,0.5
1b9bac59-84b0-403e-aa0d-aaa52d8cbba1,25.668000000000003,command_angular,/cmd_vel,0.01916937157511711,0.5
1b9bac59-84b0-403e-aa0d-aaa52d8cbba1,25.740000000000002,command_angular,/cmd_vel,0.02234315127134323,0.5
1b9bac59-84b0-403e-aa0d-aaa52d8cbba1,25.779,command_angular,/cmd_vel,0.02158590964972973,0.5
1b9bac59-84b0-403e-aa0d-aaa52d8cbba1,25.848000000000003,command_angular,/cmd_vel,0.024567510932683945,0.5
1b9bac59-84b0-403e-aa0d-aaa52d8cbba1,25.89,command_angular,/cmd_vel,0.02644801139831543,0.5
1b9bac59-84b0-403e-aa0d-aaa52d8cbba1,25.929000000000002,command_angular,/cmd_vel,0.018727382645010948,0.5
1b9bac59-84b0-403e-aa0d-aaa52d8cbba1,25.998,command_angular,/cmd_vel,0.01644730009138584,0.5
1b9bac59-84b0-403e-aa0d-aaa52d8cbba1,26.028000000000002,command_angular,/cmd_vel,0.016305062919855118,0.5
1b9bac59-84b0-403e-aa0d-aaa52d8cbba1,26.1,command_angular,/cmd_vel,0.002464901888743043,0.5
1b9bac59-84b0-403e-aa0d-aaa52d8cbba1,26.139000000000003,command_angular,/cmd_vel,0.004708295222371817,0.5
1b9bac59-84b0-403e-aa0d-aaa52d8cbba1,26.178,command_angular,/cmd_vel,0.0017462396062910557,0.5
1b9bac59-84b0-403e-aa0d-aaa52d8cbba1,26.25,command_angular,/cmd_vel,0.009106690995395184,0.5
1b9bac59-84b0-403e-aa0d-aaa52d8cbba1,26.28,command_angular,/cmd_vel,0.00844968669116497,0.5
1b9bac59-84b0-403e-aa0d-aaa52d8cbba1,26.361,command_angular,/cmd_vel,0.016980815678834915,0.5
1b9bac59-84b0-403e-aa0d-aaa52d8cbba1,26.388,command_angular,/cmd_vel,0.016887744888663292,0.5
1b9bac59-84b0-403e-aa0d-aaa52d8cbba1,26.430000000000003,command_angular,/cmd_vel,0.012468645349144936,0.5
1b9bac59-84b0-403e-aa0d-aaa52d8cbba1,26.499000000000002,command_angular,/cmd_vel,0.010846051387488842,0.5
1b9bac59-84b0-403e-aa0d-aaa52d8cbba1,26.538,command_angular,/cmd_vel,-0.00693228654563427,0.5
1b9bac59-84b0-403e-aa0d-aaa52d8cbba1,26.568,command_angular,/cmd_vel,-0.011945978738367558,0.5
1b9bac59-84b0-403e-aa0d-aaa52d8cbba1,26.64,command_angular,/cmd_vel,-0.008230806328356266,0.5
1b9bac59-84b0-403e-aa0d-aaa52d8cbba1,26.679000000000002,command_angular,/cmd_vel,0.001884020515717566,0.5
1b9bac59-84b0-403e-aa0d-aaa52d8cbba1,26.751,command_angular,/cmd_vel,0.021730976179242134,0.5
1b9bac59-84b0-403e-aa0d-aaa52d8cbba1,26.790000000000003,command_angular,/cmd_vel,0.0268735121935606,0.5
1b9bac59-84b0-403e-aa0d-aaa52d8cbba1,26.82,command_angular,/cmd_vel,0.03390916436910629,0.5
1b9bac59-84b0-403e-aa0d-aaa52d8cbba1,26.901000000000003,command_angular,/cmd_vel,0.02849757671356201,0.5
1b9bac59-84b0-403e-aa0d-aaa52d8cbba1,26.928,command_angular,/cmd_vel,0.025197770446538925,0.5
1b9bac59-84b0-403e-aa0d-aaa52d8cbba1,27.0,command_angular,/cmd_vel,0.022762415930628777,0.5
1b9bac59-84b0-403e-aa0d-aaa52d8cbba1,27.039,command_angular,/cmd_vel,0.01475222036242485,0.5
1b9bac59-84b0-403e-aa0d-aaa52d8cbba1,27.078000000000003,command_angular,/cmd_vel,0.016191598027944565,0.5
1b9bac59-84b0-403e-aa0d-aaa52d8cbba1,27.150000000000002,command_angular,/cmd_vel,-0.004120117053389549,0.5
1b9bac59-84b0-403e-aa0d-aaa52d8cbba1,27.180000000000003,command_angular,/cmd_vel,-0.014854749664664268,0.5
1b9bac59-84b0-403e-aa0d-aaa52d8cbba1,27.261000000000003,command_angular,/cmd_vel,-0.015443269163370132,0.5
1b9bac59-84b0-403e-aa0d-aaa52d8cbba1,27.288,command_angular,/cmd_vel,-0.010050049051642418,0.5
1b9bac59-84b0-403e-aa0d-aaa52d8cbba1,27.330000000000002,command_angular,/cmd_vel,-0.012458513490855694,0.5
1b9bac59-84b0-403e-aa0d-aaa52d8cbba1,27.399,command_angular,/cmd_vel,-0.008364747278392315,0.5
1b9bac59-84b0-403e-aa0d-aaa52d8cbba1,27.438000000000002,command_angular,/cmd_vel,-0.006106722634285688,0.5
1b9bac59-84b0-403e-aa0d-aaa52d8cbba1,27.468,command_angular,/cmd_vel,-0.0034905390348285437,0.5
1b9bac59-84b0-403e-aa0d-aaa52d8cbba1,27.540000000000003,command_angular,/cmd_vel,-0.0010291243670508265,0.5
1b9bac59-84b0-403e-aa0d-aaa52d8cbba1,27.579,command_angular,/cmd_vel,-0.0007406813092529774,0.5
1b9bac59-84b0-403e-aa0d-aaa52d8cbba1,27.648000000000003,command_angular,/cmd_vel,-0.00017094158101826906,0.5
1b9bac59-84b0-403e-aa0d-aaa52d8cbba1,27.69,command_angular,/cmd_vel,0.0019429789390414953,0.5
1b9bac59-84b0-403e-aa0d-aaa52d8cbba1,27.729000000000003,command_angular,/cmd_vel,0.0016445963410660625,0.5
1b9bac59-84b0-403e-aa0d-aaa52d8cbba1,27.798000000000002,command_angular,/cmd_vel,0.0017009383300319314,0.5
1b9bac59-84b0-403e-aa0d-aaa52d8cbba1,27.828000000000003,command_angular,/cmd_vel,-0.005265509709715843,0.5
1b9bac59-84b0-403e-aa0d-aaa52d8cbba1,27.900000000000002,command_angular,/cmd_vel,0.0018669456476345658,0.5
1b9bac59-84b0-403e-aa0d-aaa52d8cbba1,27.939,command_angular,/cmd_vel,0.002374360803514719,0.5
1b9bac59-84b0-403e-aa0d-aaa52d8cbba1,27.978,command_angular,/cmd_vel,0.007887935265898705,0.5
1b9bac59-84b0-403e-aa0d-aaa52d8cbba1,28.05,command_angular,/cmd_vel,0.00855765026062727,0.5
1b9bac59-84b0-403e-aa0d-aaa52d8cbba1,28.080000000000002,command_angular,/cmd_vel,0.007662592455744743,0.5
1b9bac59-84b0-403e-aa0d-aaa52d8cbba1,28.161,command_angular,/cmd_vel,-0.009245564229786396,0.5
1b9bac59-84b0-403e-aa0d-aaa52d8cbba1,28.188000000000002,command_angular,/cmd_vel,-0.010881328955292702,0.5
1b9bac59-84b0-403e-aa0d-aaa52d8cbba1,28.23,command_angular,/cmd_vel,-0.01651734486222267,0.5
1b9bac59-84b0-403e-aa0d-aaa52d8cbba1,28.299000000000003,command_angular,/cmd_vel,-0.020053736865520477,0.5
1b9bac59-84b0-403e-aa0d-aaa52d8cbba1,28.338,command_angular,/cmd_vel,-0.015933142974972725,0.5
1b9bac59-84b0-403e-aa0d-aaa52d8cbba1,28.368000000000002,command_angular,/cmd_vel,-0.01924118399620056,0.5
1b9bac59-84b0-403e-aa0d-aaa52d8cbba1,28.44,command_angular,/cmd_vel,-0.015946635976433754,0.5
1b9bac59-84b0-403e-aa0d-aaa52d8cbba1,28.479000000000003,command_angular,/cmd_vel,-0.01792166568338871,0.5
1b9bac59-84b0-403e-aa0d-aaa52d8cbba1,28.548000000000002,command_angular,/cmd_vel,-0.018278339877724648,0.5
1b9bac59-84b0-403e-aa0d-aaa52d8cbba1,28.590000000000003,command_angular,/cmd_vel,-0.01218750886619091,0.5
1b9bac59-84b0-403e-aa0d-aaa52d8cbba1,28.62,command_angular,/cmd_vel,-0.009947046637535095,0.5
1b9bac59-84b0-403e-aa0d-aaa52d8cbba1,28.698,command_angular,/cmd_vel,-0.011929997242987156,0.5
1b9bac59-84b0-403e-aa0d-aaa52d8cbba1,28.728,command_angular,/cmd_vel,-0.008122062310576439,0.5
1b9bac59-84b0-403e-aa0d-aaa52d8cbba1,28.8,command_angular,/cmd_vel,-0.0017014683689922094,0.5
1b9bac59-84b0-403e-aa0d-aaa52d8cbba1,28.839000000000002,command_angular,/cmd_vel,-0.00010067026596516371,0.5
1b9bac59-84b0-403e-aa0d-aaa52d8cbba1,28.878,command_angular,/cmd_vel,-0.005028544459491968,0.5
1b9bac59-84b0-403e-aa0d-aaa52d8cbba1,28.950000000000003,command_angular,/cmd_vel,-0.0029139085672795773,0.5
1b9bac59-84b0-403e-aa0d-aaa52d8cbba1,28.98,command_angular,/cmd_vel,0.0041262246668338776,0.5
1b9bac59-84b0-403e-aa0d-aaa52d8cbba1,29.058000000000003,command_angular,/cmd_vel,0.0032107236329466105,0.5
1b9bac59-84b0-403e-aa0d-aaa52d8cbba1,29.088,command_angular,/cmd_vel,0.0024128463119268417,0.5
1b9bac59-84b0-403e-aa0d-aaa52d8cbba1,29.130000000000003,command_angular,/cmd_vel,0.0008338355692103505,0.5
1b9bac59-84b0-403e-aa0d-aaa52d8cbba1,29.199,command_angular,/cmd_vel,-0.04943327605724335,0.5
1b9bac59-84b0-403e-aa0d-aaa52d8cbba1,29.238000000000003,command_angular,/cmd_vel,-0.07115581631660461,0.5
1b9bac59-84b0-403e-aa0d-aaa52d8cbba1,29.268,command_angular,/cmd_vel,-0.08052089810371399,0.5
1b9bac59-84b0-403e-aa0d-aaa52d8cbba1,29.340000000000003,command_angular,/cmd_vel,-0.07118167728185654,0.5
1b9bac59-84b0-403e-aa0d-aaa52d8cbba1,29.379,command_angular,/cmd_vel,-0.06654824316501617,0.5
1b9bac59-84b0-403e-aa0d-aaa52d8cbba1,29.448,command_angular,/cmd_vel,-0.06184576451778412,0.5
1b9bac59-84b0-403e-aa0d-aaa52d8cbba1,29.490000000000002,command_angular,/cmd_vel,-0.05796521157026291,0.5
1b9bac59-84b0-403e-aa0d-aaa52d8cbba1,29.520000000000003,command_angular,/cmd_vel,-0.0497511588037014,0.5
1b9bac59-84b0-403e-aa0d-aaa52d8cbba1,29.598000000000003,command_angular,/cmd_vel,-0.04619777575135231,0.5
1b9bac59-84b0-403e-aa0d-aaa52d8cbba1,29.628,command_angular,/cmd_vel,-0.03852511942386627,0.5
1b9bac59-84b0-403e-aa0d-aaa52d8cbba1,29.700000000000003,command_angular,/cmd_vel,-0.03723732382059097,0.5
1b9bac59-84b0-403e-aa0d-aaa52d8cbba1,29.739,command_angular,/cmd_vel,-0.03728005290031433,0.5
1b9bac59-84b0-403e-aa0d-aaa52d8cbba1,29.778000000000002,command_angular,/cmd_vel,-0.04301302134990692,0.5
1b9bac59-84b0-403e-aa0d-aaa52d8cbba1,29.85,command_angular,/cmd_vel,-0.03545844927430153,0.5
1b9bac59-84b0-403e-aa0d-aaa52d8cbba1,29.880000000000003,command_angular,/cmd_vel,-0.03631221503019333,0.5
1b9bac59-84b0-403e-aa0d-aaa52d8cbba1,29.961000000000002,command_angular,/cmd_vel,-0.03735564276576042,0.5
1b9bac59-84b0-403e-aa0d-aaa52d8cbba1,29.988000000000003,command_angular,/cmd_vel,-0.03881307691335678,0.5
1b9bac59-84b0-403e-aa0d-aaa52d8cbba1,30.03,command_angular,/cmd_vel,-0.038241952657699585,0.5
1b9bac59-84b0-403e-aa0d-aaa52d8cbba1,30.099,command_angular,/cmd_vel,-0.014208609238266945,0.5
1b9bac59-84b0-403e-aa0d-aaa52d8cbba1,30.138,command_angular,/cmd_vel,0.002096662763506174,0.5
1b9bac59-84b0-403e-aa0d-aaa52d8cbba1,30.168000000000003,command_angular,/cmd_vel,0.010677960701286793,0.5
1b9bac59-84b0-403e-aa0d-aaa52d8cbba1,30.240000000000002,command_angular,/cmd_vel,0.013234562240540981,0.5
1b9bac59-84b0-403e-aa0d-aaa52d8cbba1,30.279000000000003,command_angular,/cmd_vel,0.01767894998192787,0.5
1b9bac59-84b0-403e-aa0d-aaa52d8cbba1,30.348000000000003,command_angular,/cmd_vel,0.009592348709702492,0.5
1b9bac59-84b0-403e-aa0d-aaa52d8cbba1,30.39,command_angular,/cmd_vel,0.006857171654701233,0.5
1b9bac59-84b0-403e-aa0d-aaa52d8cbba1,30.42,command_angular,/cmd_vel,0.003216369543224573,0.5
1b9bac59-84b0-403e-aa0d-aaa52d8cbba1,30.498,command_angular,/cmd_vel,-0.0005462893168441951,0.5
1b9bac59-84b0-403e-aa0d-aaa52d8cbba1,30.528000000000002,command_angular,/cmd_vel,-0.0021253193262964487,0.5
1b9bac59-84b0-403e-aa0d-aaa52d8cbba1,30.6,command_angular,/cmd_vel,0.0034875760320574045,0.5
1b9bac59-84b0-403e-aa0d-aaa52d8cbba1,30.639000000000003,command_angular,/cmd_vel,0.0030470076017081738,0.5
1b9bac59-84b0-403e-aa0d-aaa52d8cbba1,30.678,command_angular,/cmd_vel,0.003181993495672941,0.5
1b9bac59-84b0-403e-aa0d-aaa52d8cbba1,30.750000000000004,command_angular,/cmd_vel,0.0016448021633550525,0.5
1b9bac59-84b0-403e-aa0d-aaa52d8cbba1,30.78,command_angular,/cmd_vel,-0.00125640828628093,0.5
1b9bac59-84b0-403e-aa0d-aaa52d8cbba1,30.861,command_angular,/cmd_vel,-0.0020623186137527227,0.5
1b9bac59-84b0-403e-aa0d-aaa52d8cbba1,30.888,command_angular,/cmd_vel,-0.0021208233665674925,0.5
1b9bac59-84b0-403e-aa0d-aaa52d8cbba1,30.930000000000003,command_angular,/cmd_vel,-0.0045953067019581795,0.5
1b9bac59-84b0-403e-aa0d-aaa52d8cbba1,30.999000000000002,command_angular,/cmd_vel,-0.009407696314156055,0.5
1b9bac59-84b0-403e-aa0d-aaa52d8cbba1,31.038,command_angular,/cmd_vel,-0.010021889582276344,0.5
1b9bac59-84b0-403e-aa0d-aaa52d8cbba1,31.068,command_angular,/cmd_vel,-0.007081065326929092,0.5
1b9bac59-84b0-403e-aa0d-aaa52d8cbba1,31.14,command_angular,/cmd_vel,0.0009345795260742307,0.5
1b9bac59-84b0-403e-aa0d-aaa52d8cbba1,31.179000000000002,command_angular,/cmd_vel,-0.00031098732142709196,0.5
1b9bac59-84b0-403e-aa0d-aaa52d8cbba1,31.248,command_angular,/cmd_vel,-0.00022776873083785176,0.5
1b9bac59-84b0-403e-aa0d-aaa52d8cbba1,31.290000000000003,command_angular,/cmd_vel,-0.0011371896835044026,0.5
1b9bac59-84b0-403e-aa0d-aaa52d8cbba1,31.32,command_angular,/cmd_vel,0.0012965856585651636,0.5
1b9bac59-84b0-403e-aa0d-aaa52d8cbba1,31.401000000000003,command_angular,/cmd_vel,0.0039345682598650455,0.5
1b9bac59-84b0-403e-aa0d-aaa52d8cbba1,31.428,command_angular,/cmd_vel,0.001834988477639854,0.5
1b9bac59-84b0-403e-aa0d-aaa52d8cbba1,31.500000000000004,command_angular,/cmd_vel,-0.0015640279743820429,0.5
1b9bac59-84b0-403e-aa0d-aaa52d8cbba1,31.539,command_angular,/cmd_vel,-0.005564970429986715,0.5
1b9bac59-84b0-403e-aa0d-aaa52d8cbba1,31.578000000000003,command_angular,/cmd_vel,-0.005029488820582628,0.5
1b9bac59-84b0-403e-aa0d-aaa52d8cbba1,31.650000000000002,command_angular,/cmd_vel,-0.0012288112193346024,0.5
1b9bac59-84b0-403e-aa0d-aaa52d8cbba1,31.680000000000003,command_angular,/cmd_vel,-0.0009052738314494491,0.5
1b9bac59-84b0-403e-aa0d-aaa52d8cbba1,31.758000000000003,command_angular,/cmd_vel,0.002253857208415866,0.5
1b9bac59-84b0-403e-aa0d-aaa52d8cbba1,31.788,command_angular,/cmd_vel,0.000471275532618165,0.5
1b9bac59-84b0-403e-aa0d-aaa52d8cbba1,31.830000000000002,command_angular,/cmd_vel,-0.001871981075964868,0.5
1b9bac59-84b0-403e-aa0d-aaa52d8cbba1,31.899,command_angular,/cmd_vel,-0.006186059210449457,0.5
1b9bac59-84b0-403e-aa0d-aaa52d8cbba1,31.938000000000002,command_angular,/cmd_vel,-0.006749171297997236,0.5
1b9bac59-84b0-403e-aa0d-aaa52d8cbba1,31.968000000000004,command_angular,/cmd_vel,-0.00021834520157426596,0.5
1b9bac59-84b0-403e-aa0d-aaa52d8cbba1,32.04,command_angular,/cmd_vel,0.003029473591595888,0.5
1b9bac59-84b0-403e-aa0d-aaa52d8cbba1,32.079,command_angular,/cmd_vel,-0.0003803486761171371,0.5
1b9bac59-84b0-403e-aa0d-aaa52d8cbba1,32.148,command_angular,/cmd_vel,7.533578900620341e-05,0.5
1b9bac59-84b0-403e-aa0d-aaa52d8cbba1,32.190000000000005,command_angular,/cmd_vel,-0.003256764728575945,0.5
1b9bac59-84b0-403e-aa0d-aaa52d8cbba1,32.22,command_angular,/cmd_vel,-0.0033114037942141294,0.5
1b9bac59-84b0-403e-aa0d-aaa52d8cbba1,32.298,command_angular,/cmd_vel,-0.008094687014818192,0.5
1b9bac59-84b0-403e-aa0d-aaa52d8cbba1,32.328,command_angular,/cmd_vel,-0.00931074470281601,0.5
1b9bac59-84b0-403e-aa0d-aaa52d8cbba1,32.4,command_angular,/cmd_vel,-0.00583135150372982,0.5
1b9bac59-84b0-403e-aa0d-aaa52d8cbba1,32.439,command_angular,/cmd_vel,-0.009787872433662415,0.5
1b9bac59-84b0-403e-aa0d-aaa52d8cbba1,32.478,command_angular,/cmd_vel,0.0,0.5
1b9bac59-84b0-403e-aa0d-aaa52d8cbba1,32.550000000000004,command_angular,/cmd_vel,0.0,0.5
1b9bac59-84b0-403e-aa0d-aaa52d8cbba1,32.580000000000005,command_angular,/cmd_vel,0.0,0.5
1b9bac59-84b0-403e-aa0d-aaa52d8cbba1,32.661,command_angular,/cmd_vel,0.0,0.5
1b9bac59-84b0-403e-aa0d-aaa52d8cbba1,32.688,command_angular,/cmd_vel,0.0,0.5
1b9bac59-84b0-403e-aa0d-aaa52d8cbba1,32.730000000000004,command_angular,/cmd_vel,0.0,0.5
1b9bac59-84b0-403e-aa0d-aaa52d8cbba1,32.799,command_angular,/cmd_vel,0.0,0.5
1b9bac59-84b0-403e-aa0d-aaa52d8cbba1,32.838,command_angular,/cmd_vel,0.0,0.5
1b9bac59-84b0-403e-aa0d-aaa52d8cbba1,32.868,command_angular,/cmd_vel,0.0,0.5
1b9bac59-84b0-403e-aa0d-aaa52d8cbba1,32.940000000000005,command_angular,/cmd_vel,0.0,0.5
1b9bac59-84b0-403e-aa0d-aaa52d8cbba1,32.979,command_angular,/cmd_vel,0.0,0.5
1b9bac59-84b0-403e-aa0d-aaa52d8cbba1,33.048,command_angular,/cmd_vel,0.0,0.5
1b9bac59-84b0-403e-aa0d-aaa52d8cbba1,33.09,command_angular,/cmd_vel,0.0,0.5
1b9bac59-84b0-403e-aa0d-aaa52d8cbba1,33.120000000000005,command_angular,/cmd_vel,0.0,0.5
1b9bac59-84b0-403e-aa0d-aaa52d8cbba1,33.198,command_angular,/cmd_vel,0.0,0.5
1b9bac59-84b0-403e-aa0d-aaa52d8cbba1,33.228,command_angular,/cmd_vel,0.0,0.5
1b9bac59-84b0-403e-aa0d-aaa52d8cbba1,14.799000000000001,command_linear,/cmd_vel,0.03520095348358154,0.5
1b9bac59-84b0-403e-aa0d-aaa52d8cbba1,14.838000000000001,command_linear,/cmd_vel,0.0795358270406723,0.5
1b9bac59-84b0-403e-aa0d-aaa52d8cbba1,14.868,command_linear,/cmd_vel,0.10103381425142288,0.5
1b9bac59-84b0-403e-aa0d-aaa52d8cbba1,14.940000000000001,command_linear,/cmd_vel,0.11781821399927139,0.5
1b9bac59-84b0-403e-aa0d-aaa52d8cbba1,14.979000000000001,command_linear,/cmd_vel,0.12517371773719788,0.5
1b9bac59-84b0-403e-aa0d-aaa52d8cbba1,15.051,command_linear,/cmd_vel,0.1303088665008545,0.5
1b9bac59-84b0-403e-aa0d-aaa52d8cbba1,15.090000000000002,command_linear,/cmd_vel,0.1294969916343689,0.5
1b9bac59-84b0-403e-aa0d-aaa52d8cbba1,15.120000000000001,command_linear,/cmd_vel,0.13193681836128235,0.5
1b9bac59-84b0-403e-aa0d-aaa52d8cbba1,15.198,command_linear,/cmd_vel,0.13065846264362335,0.5
1b9bac59-84b0-403e-aa0d-aaa52d8cbba1,15.228000000000002,command_linear,/cmd_vel,0.13510282337665558,0.5
1b9bac59-84b0-403e-aa0d-aaa52d8cbba1,15.3,command_linear,/cmd_vel,0.13372066617012024,0.5
1b9bac59-84b0-403e-aa0d-aaa52d8cbba1,15.339,command_linear,/cmd_vel,0.13706964254379272,0.5
1b9bac59-84b0-403e-aa0d-aaa52d8cbba1,15.378,command_linear,/cmd_vel,0.13597232103347778,0.5
1b9bac59-84b0-403e-aa0d-aaa52d8cbba1,15.450000000000001,command_linear,/cmd_vel,0.1386069655418396,0.5
1b9bac59-84b0-403e-aa0d-aaa52d8cbba1,15.48,command_linear,/cmd_vel,0.14053557813167572,0.5
1b9bac59-84b0-403e-aa0d-aaa52d8cbba1,15.558000000000002,command_linear,/cmd_vel,0.13803505897521973,0.5
1b9bac59-84b0-403e-aa0d-aaa52d8cbba1,15.588000000000001,command_linear,/cmd_vel,0.13894815742969513,0.5
1b9bac59-84b0-403e-aa0d-aaa52d8cbba1,15.63,command_linear,/cmd_vel,0.13988201320171356,0.5
1b9bac59-84b0-403e-aa0d-aaa52d8cbba1,15.699000000000002,command_linear,/cmd_vel,0.13939593732357025,0.5
1b9bac59-84b0-403e-aa0d-aaa52d8cbba1,15.738000000000001,command_linear,/cmd_vel,0.14178937673568726,0.5
1b9bac59-84b0-403e-aa0d-aaa52d8cbba1,15.768,command_linear,/cmd_vel,0.13285565376281738,0.5
1b9bac59-84b0-403e-aa0d-aaa52d8cbba1,15.840000000000002,command_linear,/cmd_vel,0.13883623480796814,0.5
1b9bac59-84b0-403e-aa0d-aaa52d8cbba1,15.879000000000001,command_linear,/cmd_vel,0.13690000772476196,0.5
1b9bac59-84b0-403e-aa0d-aaa52d8cbba1,15.948,command_linear,/cmd_vel,0.13508719205856323,0.5
1b9bac59-84b0-403e-aa0d-aaa52d8cbba1,15.99,command_linear,/cmd_vel,0.13473737239837646,0.5
1b9bac59-84b0-403e-aa0d-aaa52d8cbba1,16.02,command_linear,/cmd_vel,0.13749602437019348,0.5
1b9bac59-84b0-403e-aa0d-aaa52d8cbba1,16.098000000000003,command_linear,/cmd_vel,0.1399511992931366,0.5
1b9bac59-84b0-403e-aa0d-aaa52d8cbba1,16.128,command_linear,/cmd_vel,0.14213824272155762,0.5
1b9bac59-84b0-403e-aa0d-aaa52d8cbba1,16.2,command_linear,/cmd_vel,0.13911709189414978,0.5
1b9bac59-84b0-403e-aa0d-aaa52d8cbba1,16.239,command_linear,/cmd_vel,0.14012116193771362,0.5
1b9bac59-84b0-403e-aa0d-aaa52d8cbba1,16.278000000000002,command_linear,/cmd_vel,0.14237020909786224,0.5
1b9bac59-84b0-403e-aa0d-aaa52d8cbba1,16.35,command_linear,/cmd_vel,0.14541393518447876,0.5
1b9bac59-84b0-403e-aa0d-aaa52d8cbba1,16.380000000000003,command_linear,/cmd_vel,0.14422351121902466,0.5
1b9bac59-84b0-403e-aa0d-aaa52d8cbba1,16.458000000000002,command_linear,/cmd_vel,0.14555081725120544,0.5
1b9bac59-84b0-403e-aa0d-aaa52d8cbba1,16.488,command_linear,/cmd_vel,0.14984941482543945,0.5
1b9bac59-84b0-403e-aa0d-aaa52d8cbba1,16.53,command_linear,/cmd_vel,0.15405374765396118,0.5
1b9bac59-84b0-403e-aa0d-aaa52d8cbba1,16.599,command_linear,/cmd_vel,0.15243121981620789,0.5
1b9bac59-84b0-403e-aa0d-aaa52d8cbba1,16.638,command_linear,/cmd_vel,0.15281979739665985,0.5
1b9bac59-84b0-403e-aa0d-aaa52d8cbba1,16.668000000000003,command_linear,/cmd_vel,0.15398339927196503,0.5
1b9bac59-84b0-403e-aa0d-aaa52d8cbba1,16.740000000000002,command_linear,/cmd_vel,0.15302300453186035,0.5
1b9bac59-84b0-403e-aa0d-aaa52d8cbba1,16.779,command_linear,/cmd_vel,0.15104718506336212,0.5
1b9bac59-84b0-403e-aa0d-aaa52d8cbba1,16.848000000000003,command_linear,/cmd_vel,0.15317898988723755,0.5
1b9bac59-84b0-403e-aa0d-aaa52d8cbba1,16.89,command_linear,/cmd_vel,0.15391705930233002,0.5
1b9bac59-84b0-403e-aa0d-aaa52d8cbba1,16.92,command_linear,/cmd_vel,0.15643706917762756,0.5
1b9bac59-84b0-403e-aa0d-aaa52d8cbba1,16.998,command_linear,/cmd_vel,0.15951228141784668,0.5
1b9bac59-84b0-403e-aa0d-aaa52d8cbba1,17.028000000000002,command_linear,/cmd_vel,0.16048163175582886,0.5
1b9bac59-84b0-403e-aa0d-aaa52d8cbba1,17.1,command_linear,/cmd_vel,0.16065563261508942,0.5
1b9bac59-84b0-403e-aa0d-aaa52d8cbba1,17.139,command_linear,/cmd_vel,0.15493547916412354,0.5
1b9bac59-84b0-403e-aa0d-aaa52d8cbba1,17.178,command_linear,/cmd_vel,0.15789324045181274,0.5
1b9bac59-84b0-403e-aa0d-aaa52d8cbba1,17.25,command_linear,/cmd_vel,0.15690994262695312,0.5
1b9bac59-84b0-403e-aa0d-aaa52d8cbba1,17.28,command_linear,/cmd_vel,0.15719985961914062,0.5
1b9bac59-84b0-403e-aa0d-aaa52d8cbba1,17.361,command_linear,/cmd_vel,0.15700756013393402,0.5
1b9bac59-84b0-403e-aa0d-aaa52d8cbba1,17.388,command_linear,/cmd_vel,0.16447396576404572,0.5
1b9bac59-84b0-403e-aa0d-aaa52d8cbba1,17.43,command_linear,/cmd_vel,0.16640350222587585,0.5
1b9bac59-84b0-403e-aa0d-aaa52d8cbba1,17.499000000000002,command_linear,/cmd_vel,0.17251434922218323,0.5
1b9bac59-84b0-403e-aa0d-aaa52d8cbba1,17.538,command_linear,/cmd_vel,0.1807626187801361,0.5
1b9bac59-84b0-403e-aa0d-aaa52d8cbba1,17.568,command_linear,/cmd_vel,0.18236759305000305,0.5
1b9bac59-84b0-403e-aa0d-aaa52d8cbba1,17.64,command_linear,/cmd_vel,0.1799241006374359,0.5
1b9bac59-84b0-403e-aa0d-aaa52d8cbba1,17.679000000000002,command_linear,/cmd_vel,0.17642691731452942,0.5
1b9bac59-84b0-403e-aa0d-aaa52d8cbba1,17.751,command_linear,/cmd_vel,0.17204555869102478,0.5
1b9bac59-84b0-403e-aa0d-aaa52d8cbba1,17.790000000000003,command_linear,/cmd_vel,0.17173483967781067,0.5
1b9bac59-84b0-403e-aa0d-aaa52d8cbba1,17.82,command_linear,/cmd_vel,0.17449702322483063,0.5
1b9bac59-84b0-403e-aa0d-aaa52d8cbba1,17.898,command_linear,/cmd_vel,0.1752225011587143,0.5
1b9bac59-84b0-403e-aa0d-aaa52d8cbba1,17.928,command_linear,/cmd_vel,0.17349693179130554,0.5
1b9bac59-84b0-403e-aa0d-aaa52d8cbba1,18.0,command_linear,/cmd_vel,0.17887753248214722,0.5
1b9bac59-84b0-403e-aa0d-aaa52d8cbba1,18.039,command_linear,/cmd_vel,0.175269216299057,0.5
1b9bac59-84b0-403e-aa0d-aaa52d8cbba1,18.078,command_linear,/cmd_vel,0.1783873438835144,0.5
1b9bac59-84b0-403e-aa0d-aaa52d8cbba1,18.150000000000002,command_linear,/cmd_vel,0.17591439187526703,0.5
1b9bac59-84b0-403e-aa0d-aaa52d8cbba1,18.18,command_linear,/cmd_vel,0.18034201860427856,0.5
1b9bac59-84b0-403e-aa0d-aaa52d8cbba1,18.258000000000003,command_linear,/cmd_vel,0.18358831107616425,0.5
1b9bac59-84b0-403e-aa0d-aaa52d8cbba1,18.288,command_linear,/cmd_vel,0.184758260846138,0.5
1b9bac59-84b0-403e-aa0d-aaa52d8cbba1,18.330000000000002,command_linear,/cmd_vel,0.1860422044992447,0.5
1b9bac59-84b0-403e-aa0d-aaa52d8cbba1,18.399,command_linear,/cmd_vel,0.18834775686264038,0.5
1b9bac59-84b0-403e-aa0d-aaa52d8cbba1,18.438000000000002,command_linear,/cmd_vel,0.18970167636871338,0.5
1b9bac59-84b0-403e-aa0d-aaa52d8cbba1,18.468,command_linear,/cmd_vel,0.1853010058403015,0.5
1b9bac59-84b0-403e-aa0d-aaa52d8cbba1,18.540000000000003,command_linear,/cmd_vel,0.17891642451286316,0.5
1b9bac59-84b0-403e-aa0d-aaa52d8cbba1,18.579,command_linear,/cmd_vel,0.17588166892528534,0.5
1b9bac59-84b0-403e-aa0d-aaa52d8cbba1,18.648,command_linear,/cmd_vel,0.18022441864013672,0.5
1b9bac59-84b0-403e-aa0d-aaa52d8cbba1,18.69,command_linear,/cmd_vel,0.18486301600933075,0.5
1b9bac59-84b0-403e-aa0d-aaa52d8cbba1,18.720000000000002,command_linear,/cmd_vel,0.18232426047325134,0.5
1b9bac59-84b0-403e-aa0d-aaa52d8cbba1,18.798000000000002,command_linear,/cmd_vel,0.1801336109638214,0.5
1b9bac59-84b0-403e-aa0d-aaa52d8cbba1,18.828,command_linear,/cmd_vel,0.182381272315979,0.5
1b9bac59-84b0-403e-aa0d-aaa52d8cbba1,18.900000000000002,command_linear,/cmd_vel,0.180861234664917,0.5
1b9bac59-84b0-403e-aa0d-aaa52d8cbba1,18.939,command_linear,/cmd_vel,0.17877380549907684,0.5
1b9bac59-84b0-403e-aa0d-aaa52d8cbba1,18.978,command_linear,/cmd_vel,0.1817704439163208,0.5
1b9bac59-84b0-403e-aa0d-aaa52d8cbba1,19.05,command_linear,/cmd_vel,0.18063472211360931,0.5
1b9bac59-84b0-403e-aa0d-aaa52d8cbba1,19.080000000000002,command_linear,/cmd_vel,0.18138647079467773,0.5
1b9bac59-84b0-403e-aa0d-aaa52d8cbba1,19.161,command_linear,/cmd_vel,0.18192395567893982,0.5
1b9bac59-84b0-403e-aa0d-aaa52d8cbba1,19.188000000000002,command_linear,/cmd_vel,0.1831604540348053,0.5
1b9bac59-84b0-403e-aa0d-aaa52d8cbba1,19.23,command_linear,/cmd_vel,0.1817617416381836,0.5
1b9bac59-84b0-403e-aa0d-aaa52d8cbba1,19.299,command_linear,/cmd_vel,0.17661818861961365,0.5
1b9bac59-84b0-403e-aa0d-aaa52d8cbba1,19.338,command_linear,/cmd_vel,0.17526847124099731,0.5
1b9bac59-84b0-403e-aa0d-aaa52d8cbba1,19.368000000000002,command_linear,/cmd_vel,0.1778443306684494,0.5
1b9bac59-84b0-403e-aa0d-aaa52d8cbba1,19.44,command_linear,/cmd_vel,0.17461943626403809,0.5
1b9bac59-84b0-403e-aa0d-aaa52d8cbba1,19.479000000000003,command_linear,/cmd_vel,0.17894810438156128,0.5
1b9bac59-84b0-403e-aa0d-aaa52d8cbba1,19.548000000000002,command_linear,/cmd_vel,0.1800297498703003,0.5
1b9bac59-84b0-403e-aa0d-aaa52d8cbba1,19.59,command_linear,/cmd_vel,0.18256409466266632,0.5
1b9bac59-84b0-403e-aa0d-aaa52d8cbba1,19.62,command_linear,/cmd_vel,0.18148502707481384,0.5
1b9bac59-84b0-403e-aa0d-aaa52d8cbba1,19.698,command_linear,/cmd_vel,0.18265555799007416,0.5
1b9bac59-84b0-403e-aa0d-aaa52d8cbba1,19.728,command_linear,/cmd_vel,0.18121720850467682,0.5
1b9bac59-84b0-403e-aa0d-aaa52d8cbba1,19.8,command_linear,/cmd_vel,0.1791001409292221,0.5
1b9bac59-84b0-403e-aa0d-aaa52d8cbba1,19.839000000000002,command_linear,/cmd_vel,0.17455072700977325,0.5
1b9bac59-84b0-403e-aa0d-aaa52d8cbba1,19.878,command_linear,/cmd_vel,0.17546844482421875,0.5
1b9bac59-84b0-403e-aa0d-aaa52d8cbba1,19.950000000000003,command_linear,/cmd_vel,0.17694899439811707,0.5
1b9bac59-84b0-403e-aa0d-aaa52d8cbba1,19.98,command_linear,/cmd_vel,0.1744982749223709,0.5
1b9bac59-84b0-403e-aa0d-aaa52d8cbba1,20.061,command_linear,/cmd_vel,0.18392065167427063,0.5
1b9bac59-84b0-403e-aa0d-aaa52d8cbba1,20.088,command_linear,/cmd_vel,0.18348649144172668,0.5
1b9bac59-84b0-403e-aa0d-aaa52d8cbba1,20.130000000000003,command_linear,/cmd_vel,0.1839001327753067,0.5
1b9bac59-84b0-403e-aa0d-aaa52d8cbba1,20.199,command_linear,/cmd_vel,0.1854906976222992,0.5
1b9bac59-84b0-403e-aa0d-aaa52d8cbba1,20.238,command_linear,/cmd_vel,0.18540871143341064,0.5
1b9bac59-84b0-403e-aa0d-aaa52d8cbba1,20.268,command_linear,/cmd_vel,0.18509918451309204,0.5
1b9bac59-84b0-403e-aa0d-aaa52d8cbba1,20.34,command_linear,/cmd_vel,0.18319648504257202,0.5
1b9bac59-84b0-403e-aa0d-aaa52d8cbba1,20.379,command_linear,/cmd_vel,0.18374204635620117,0.5
1b9bac59-84b0-403e-aa0d-aaa52d8cbba1,20.448,command_linear,/cmd_vel,0.1794179230928421,0.5
1b9bac59-84b0-403e-aa0d-aaa52d8cbba1,20.490000000000002,command_linear,/cmd_vel,0.1779187172651291,0.5
1b9bac59-84b0-403e-aa0d-aaa52d8cbba1,20.52,command_linear,/cmd_vel,0.17759571969509125,0.5
1b9bac59-84b0-403e-aa0d-aaa52d8cbba1,20.598000000000003,command_linear,/cmd_vel,0.1790706068277359,0.5
1b9bac59-84b0-403e-aa0d-aaa52d8cbba1,20.628,command_linear,/cmd_vel,0.18446864187717438,0.5
1b9bac59-84b0-403e-aa0d-aaa52d8cbba1,20.700000000000003,command_linear,/cmd_vel,0.17390675842761993,0.5
1b9bac59-84b0-403e-aa0d-aaa52d8cbba1,20.739,command_linear,/cmd_vel,0.1733957827091217,0.5
1b9bac59-84b0-403e-aa0d-aaa52d8cbba1,20.778000000000002,command_linear,/cmd_vel,0.1695675402879715,0.5
1b9bac59-84b0-403e-aa0d-aaa52d8cbba1,20.85,command_linear,/cmd_vel,0.17542055249214172,0.5
1b9bac59-84b0-403e-aa0d-aaa52d8cbba1,20.880000000000003,command_linear,/cmd_vel,0.17664699256420135,0.5
1b9bac59-84b0-403e-aa0d-aaa52d8cbba1,20.958000000000002,command_linear,/cmd_vel,0.17493301630020142,0.5
1b9bac59-84b0-403e-aa0d-aaa52d8cbba1,20.988,command_linear,/cmd_vel,0.17461618781089783,0.5
1b9bac59-84b0-403e-aa0d-aaa52d8cbba1,21.03,command_linear,/cmd_vel,0.17150437831878662,0.5
1b9bac59-84b0-403e-aa0d-aaa52d8cbba1,21.099,command_linear,/cmd_vel,0.17399775981903076,0.5
1b9bac59-84b0-403e-aa0d-aaa52d8cbba1,21.138,command_linear,/cmd_vel,0.17090804874897003,0.5
1b9bac59-84b0-403e-aa0d-aaa52d8cbba1,21.168000000000003,command_linear,/cmd_vel,0.16844016313552856,0.5
1b9bac59-84b0-403e-aa0d-aaa52d8cbba1,21.240000000000002,command_linear,/cmd_vel,0.17652374505996704,0.5
1b9bac59-84b0-403e-aa0d-aaa52d8cbba1,21.279,command_linear,/cmd_vel,0.1761602908372879,0.5
1b9bac59-84b0-403e-aa0d-aaa52d8cbba1,21.348000000000003,command_linear,/cmd_vel,0.17221975326538086,0.5
1b9bac59-84b0-403e-aa0d-aaa52d8cbba1,21.39,command_linear,/cmd_vel,0.16722017526626587,0.5
1b9bac59-84b0-403e-aa0d-aaa52d8cbba1,21.42,command_linear,/cmd_vel,0.16699358820915222,0.5
1b9bac59-84b0-403e-aa0d-aaa52d8cbba1,21.498,command_linear,/cmd_vel,0.16690374910831451,0.5
1b9bac59-84b0-403e-aa0d-aaa52d8cbba1,21.528000000000002,command_linear,/cmd_vel,0.16886940598487854,0.5
1b9bac59-84b0-403e-aa0d-aaa52d8cbba1,21.6,command_linear,/cmd_vel,0.17134052515029907,0.5
1b9bac59-84b0-403e-aa0d-aaa52d8cbba1,21.639000000000003,command_linear,/cmd_vel,0.17190085351467133,0.5
1b9bac59-84b0-403e-aa0d-aaa52d8cbba1,21.678,command_linear,/cmd_vel,0.1706942319869995,0.5
1b9bac59-84b0-403e-aa0d-aaa52d8cbba1,21.75,command_linear,/cmd_vel,0.1719849556684494,0.5
1b9bac59-84b0-403e-aa0d-aaa52d8cbba1,21.789,command_linear,/cmd_vel,0.16865622997283936,0.5
1b9bac59-84b0-403e-aa0d-aaa52d8cbba1,21.861,command_linear,/cmd_vel,0.17362938821315765,0.5
1b9bac59-84b0-403e-aa0d-aaa52d8cbba1,21.888,command_linear,/cmd_vel,0.16944347321987152,0.5
1b9bac59-84b0-403e-aa0d-aaa52d8cbba1,21.93,command_linear,/cmd_vel,0.16814088821411133,0.5
1b9bac59-84b0-403e-aa0d-aaa52d8cbba1,21.999000000000002,command_linear,/cmd_vel,0.16430272161960602,0.5
1b9bac59-84b0-403e-aa0d-aaa52d8cbba1,22.038,command_linear,/cmd_vel,0.16671067476272583,0.5
1b9bac59-84b0-403e-aa0d-aaa52d8cbba1,22.068,command_linear,/cmd_vel,0.16958847641944885,0.5
1b9bac59-84b0-403e-aa0d-aaa52d8cbba1,22.14,command_linear,/cmd_vel,0.17073506116867065,0.5
1b9bac59-84b0-403e-aa0d-aaa52d8cbba1,22.179000000000002,command_linear,/cmd_vel,0.17300409078598022,0.5
1b9bac59-84b0-403e-aa0d-aaa52d8cbba1,22.248,command_linear,/cmd_vel,0.1715451329946518,0.5
1b9bac59-84b0-403e-aa0d-aaa52d8cbba1,22.290000000000003,command_linear,/cmd_vel,0.17120225727558136,0.5
1b9bac59-84b0-403e-aa0d-aaa52d8cbba1,22.32,command_linear,/cmd_vel,0.1735524833202362,0.5
1b9bac59-84b0-403e-aa0d-aaa52d8cbba1,22.398,command_linear,/cmd_vel,0.175330251455307,0.5
1b9bac59-84b0-403e-aa0d-aaa52d8cbba1,22.428,command_linear,/cmd_vel,0.17487351596355438,0.5
1b9bac59-84b0-403e-aa0d-aaa52d8cbba1,22.5,command_linear,/cmd_vel,0.17192934453487396,0.5
1b9bac59-84b0-403e-aa0d-aaa52d8cbba1,22.539,command_linear,/cmd_vel,0.17155635356903076,0.5
1b9bac59-84b0-403e-aa0d-aaa52d8cbba1,22.578000000000003,command_linear,/cmd_vel,0.17315393686294556,0.5
1b9bac59-84b0-403e-aa0d-aaa52d8cbba1,22.650000000000002,command_linear,/cmd_vel,0.17456743121147156,0.5
1b9bac59-84b0-403e-aa0d-aaa52d8cbba1,22.68,command_linear,/cmd_vel,0.16836825013160706,0.5
1b9bac59-84b0-403e-aa0d-aaa52d8cbba1,22.761000000000003,command_linear,/cmd_vel,0.1691356897354126,0.5
1b9bac59-84b0-403e-aa0d-aaa52d8cbba1,22.788,command_linear,/cmd_vel,0.1693861335515976,0.5
1b9bac59-84b0-403e-aa0d-aaa52d8cbba1,22.830000000000002,command_linear,/cmd_vel,0.17214296758174896,0.5
1b9bac59-84b0-403e-aa0d-aaa52d8cbba1,22.899,command_linear,/cmd_vel,0.169653981924057,0.5
1b9bac59-84b0-403e-aa0d-aaa52d8cbba1,22.938000000000002,command_linear,/cmd_vel,0.16831965744495392,0.5
1b9bac59-84b0-403e-aa0d-aaa52d8cbba1,22.968,command_linear,/cmd_vel,0.17069624364376068,0.5
1b9bac59-84b0-403e-aa0d-aaa52d8cbba1,23.040000000000003,command_linear,/cmd_vel,0.17349794507026672,0.5
1b9bac59-84b0-403e-aa0d-aaa52d8cbba1,23.079,command_linear,/cmd_vel,0.17160290479660034,0.5
1b9bac59-84b0-403e-aa0d-aaa52d8cbba1,23.148,command_linear,/cmd_vel,0.17447711527347565,0.5
1b9bac59-84b0-403e-aa0d-aaa52d8cbba1,23.19,command_linear,/cmd_vel,0.1750674992799759,0.5
1b9bac59-84b0-403e-aa0d-aaa52d8cbba1,23.220000000000002,command_linear,/cmd_vel,0.16309428215026855,0.5
1b9bac59-84b0-403e-aa0d-aaa52d8cbba1,23.298000000000002,command_linear,/cmd_vel,0.16158339381217957,0.5
1b9bac59-84b0-403e-aa0d-aaa52d8cbba1,23.328000000000003,command_linear,/cmd_vel,0.1616254597902298,0.5
1b9bac59-84b0-403e-aa0d-aaa52d8cbba1,23.400000000000002,command_linear,/cmd_vel,0.1620556116104126,0.5
1b9bac59-84b0-403e-aa0d-aaa52d8cbba1,23.439,command_linear,/cmd_vel,0.15890513360500336,0.5
1b9bac59-84b0-403e-aa0d-aaa52d8cbba1,23.478,command_linear,/cmd_vel,0.16313479840755463,0.5
1b9bac59-84b0-403e-aa0d-aaa52d8cbba1,23.55,command_linear,/cmd_vel,0.16678249835968018,0.5
1b9bac59-84b0-403e-aa0d-aaa52d8cbba1,23.580000000000002,command_linear,/cmd_vel,0.16362975537776947,0.5
1b9bac59-84b0-403e-aa0d-aaa52d8cbba1,23.661,command_linear,/cmd_vel,0.16122454404830933,0.5
1b9bac59-84b0-403e-aa0d-aaa52d8cbba1,23.688000000000002,command_linear,/cmd_vel,0.16105085611343384,0.5
1b9bac59-84b0-403e-aa0d-aaa52d8cbba1,23.73,command_linear,/cmd_vel,0.15943530201911926,0.5
1b9bac59-84b0-403e-aa0d-aaa52d8cbba1,23.799000000000003,command_linear,/cmd_vel,0.15502068400382996,0.5
1b9bac59-84b0-403e-aa0d-aaa52d8cbba1,23.838,command_linear,/cmd_vel,0.15478967130184174,0.5
1b9bac59-84b0-403e-aa0d-aaa52d8cbba1,23.868000000000002,command_linear,/cmd_vel,0.15327449142932892,0.5
1b9bac59-84b0-403e-aa0d-aaa52d8cbba1,23.94,command_linear,/cmd_vel,0.15085846185684204,0.5
1b9bac59-84b0-403e-aa0d-aaa52d8cbba1,23.979000000000003,command_linear,/cmd_vel,0.15603074431419373,0.5
1b9bac59-84b0-403e-aa0d-aaa52d8cbba1,24.048000000000002,command_linear,/cmd_vel,0.15830282866954803,0.5
1b9bac59-84b0-403e-aa0d-aaa52d8cbba1,24.09,command_linear,/cmd_vel,0.1616518348455429,0.5
1b9bac59-84b0-403e-aa0d-aaa52d8cbba1,24.12,command_linear,/cmd_vel,0.16014564037322998,0.5
1b9bac59-84b0-403e-aa0d-aaa52d8cbba1,24.198,command_linear,/cmd_vel,0.16068525612354279,0.5
1b9bac59-84b0-403e-aa0d-aaa52d8cbba1,24.228,command_linear,/cmd_vel,0.1613263636827469,0.5
1b9bac59-84b0-403e-aa0d-aaa52d8cbba1,24.3,command_linear,/cmd_vel,0.16718994081020355,0.5
1b9bac59-84b0-403e-aa0d-aaa52d8cbba1,24.339000000000002,command_linear,/cmd_vel,0.1704825758934021,0.5
1b9bac59-84b0-403e-aa0d-aaa52d8cbba1,24.378,command_linear,/cmd_vel,0.17010976374149323,0.5
1b9bac59-84b0-403e-aa0d-aaa52d8cbba1,24.450000000000003,command_linear,/cmd_vel,0.17033536732196808,0.5
1b9bac59-84b0-403e-aa0d-aaa52d8cbba1,24.48,command_linear,/cmd_vel,0.16603712737560272,0.5
1b9bac59-84b0-403e-aa0d-aaa52d8cbba1,24.561,command_linear,/cmd_vel,0.1640617549419403,0.5
1b9bac59-84b0-403e-aa0d-aaa52d8cbba1,24.588,command_linear,/cmd_vel,0.16378463804721832,0.5
1b9bac59-84b0-403e-aa0d-aaa52d8cbba1,24.630000000000003,command_linear,/cmd_vel,0.1689140647649765,0.5
1b9bac59-84b0-403e-aa0d-aaa52d8cbba1,24.699,command_linear,/cmd_vel,0.16847501695156097,0.5
1b9bac59-84b0-403e-aa0d-aaa52d8cbba1,24.738000000000003,command_linear,/cmd_vel,0.16556857526302338,0.5
1b9bac59-84b0-403e-aa0d-aaa52d8cbba1,24.768,command_linear,/cmd_vel,0.16559284925460815,0.5
1b9bac59-84b0-403e-aa0d-aaa52d8cbba1,24.84,command_linear,/cmd_vel,0.17006036639213562,0.5
1b9bac59-84b0-403e-aa0d-aaa52d8cbba1,24.879,command_linear,/cmd_vel,0.17428450286388397,0.5
1b9bac59-84b0-403e-aa0d-aaa52d8cbba1,24.948,command_linear,/cmd_vel,0.1730545461177826,0.5
1b9bac59-84b0-403e-aa0d-aaa52d8cbba1,24.990000000000002,command_linear,/cmd_vel,0.1759413629770279,0.5
1b9bac59-84b0-403e-aa0d-aaa52d8cbba1,25.020000000000003,command_linear,/cmd_vel,0.17577706277370453,0.5
1b9bac59-84b0-403e-aa0d-aaa52d8cbba1,25.098000000000003,command_linear,/cmd_vel,0.17199261486530304,0.5
1b9bac59-84b0-403e-aa0d-aaa52d8cbba1,25.128,command_linear,/cmd_vel,0.17391285300254822,0.5
1b9bac59-84b0-403e-aa0d-aaa52d8cbba1,25.200000000000003,command_linear,/cmd_vel,0.18077987432479858,0.5
1b9bac59-84b0-403e-aa0d-aaa52d8cbba1,25.239,command_linear,/cmd_vel,0.18104305863380432,0.5
1b9bac59-84b0-403e-aa0d-aaa52d8cbba1,25.278000000000002,command_linear,/cmd_vel,0.18298816680908203,0.5
1b9bac59-84b0-403e-aa0d-aaa52d8cbba1,25.35,command_linear,/cmd_vel,0.1791100949048996,0.5
1b9bac59-84b0-403e-aa0d-aaa52d8cbba1,25.380000000000003,command_linear,/cmd_vel,0.17873965203762054,0.5
1b9bac59-84b0-403e-aa0d-aaa52d8cbba1,25.458000000000002,command_linear,/cmd_vel,0.17423823475837708,0.5
1b9bac59-84b0-403e-aa0d-aaa52d8cbba1,25.488000000000003,command_linear,/cmd_vel,0.17423614859580994,0.5
1b9bac59-84b0-403e-aa0d-aaa52d8cbba1,25.53,command_linear,/cmd_vel,0.17810963094234467,0.5
1b9bac59-84b0-403e-aa0d-aaa52d8cbba1,25.599,command_linear,/cmd_vel,0.18026265501976013,0.5
1b9bac59-84b0-403e-aa0d-aaa52d8cbba1,25.638,command_linear,/cmd_vel,0.18040671944618225,0.5
1b9bac59-84b0-403e-aa0d-aaa52d8cbba1,25.668000000000003,command_linear,/cmd_vel,0.18059907853603363,0.5
1b9bac59-84b0-403e-aa0d-aaa52d8cbba1,25.740000000000002,command_linear,/cmd_vel,0.18043853342533112,0.5
1b9bac59-84b0-403e-aa0d-aaa52d8cbba1,25.779,command_linear,/cmd_vel,0.1773218959569931,0.5
1b9bac59-84b0-403e-aa0d-aaa52d8cbba1,25.848000000000003,command_linear,/cmd_vel,0.17850559949874878,0.5
1b9bac59-84b0-403e-aa0d-aaa52d8cbba1,25.89,command_linear,/cmd_vel,0.17454810440540314,0.5
1b9bac59-84b0-403e-aa0d-aaa52d8cbba1,25.929000000000002,command_linear,/cmd_vel,0.17729735374450684,0.5
1b9bac59-84b0-403e-aa0d-aaa52d8cbba1,25.998,command_linear,/cmd_vel,0.18122749030590057,0.5
1b9bac59-84b0-403e-aa0d-aaa52d8cbba1,26.028000000000002,command_linear,/cmd_vel,0.1852041482925415,0.5
1b9bac59-84b0-403e-aa0d-aaa52d8cbba1,26.1,command_linear,/cmd_vel,0.18336591124534607,0.5
1b9bac59-84b0-403e-aa0d-aaa52d8cbba1,26.139000000000003,command_linear,/cmd_vel,0.18269450962543488,0.5
1b9bac59-84b0-403e-aa0d-aaa52d8cbba1,26.178,command_linear,/cmd_vel,0.18031786382198334,0.5
1b9bac59-84b0-403e-aa0d-aaa52d8cbba1,26.25,command_linear,/cmd_vel,0.1815558671951294,0.5
1b9bac59-84b0-403e-aa0d-aaa52d8cbba1,26.28,command_linear,/cmd_vel,0.18543170392513275,0.5
1b9bac59-84b0-403e-aa0d-aaa52d8cbba1,26.361,command_linear,/cmd_vel,0.18234381079673767,0.5
1b9bac59-84b0-403e-aa0d-aaa52d8cbba1,26.388,command_linear,/cmd_vel,0.18343991041183472,0.5
1b9bac59-84b0-403e-aa0d-aaa52d8cbba1,26.430000000000003,command_linear,/cmd_vel,0.1845010221004486,0.5
1b9bac59-84b0-403e-aa0d-aaa52d8cbba1,26.499000000000002,command_linear,/cmd_vel,0.17366228997707367,0.5
1b9bac59-84b0-403e-aa0d-aaa52d8cbba1,26.538,command_linear,/cmd_vel,0.173988476395607,0.5
1b9bac59-84b0-403e-aa0d-aaa52d8cbba1,26.568,command_linear,/cmd_vel,0.17229925096035004,0.5
1b9bac59-84b0-403e-aa0d-aaa52d8cbba1,26.64,command_linear,/cmd_vel,0.17590893805027008,0.5
1b9bac59-84b0-403e-aa0d-aaa52d8cbba1,26.679000000000002,command_linear,/cmd_vel,0.17150671780109406,0.5
1b9bac59-84b0-403e-aa0d-aaa52d8cbba1,26.751,command_linear,/cmd_vel,0.1713927537202835,0.5
1b9bac59-84b0-403e-aa0d-aaa52d8cbba1,26.790000000000003,command_linear,/cmd_vel,0.16735713183879852,0.5
1b9bac59-84b0-403e-aa0d-aaa52d8cbba1,26.82,command_linear,/cmd_vel,0.16961336135864258,0.5
1b9bac59-84b0-403e-aa0d-aaa52d8cbba1,26.901000000000003,command_linear,/cmd_vel,0.1645422726869583,0.5
1b9bac59-84b0-403e-aa0d-aaa52d8cbba1,26.928,command_linear,/cmd_vel,0.16524638235569,0.5
1b9bac59-84b0-403e-aa0d-aaa52d8cbba1,27.0,command_linear,/cmd_vel,0.16145354509353638,0.5
1b9bac59-84b0-403e-aa0d-aaa52d8cbba1,27.039,command_linear,/cmd_vel,0.16131064295768738,0.5
1b9bac59-84b0-403e-aa0d-aaa52d8cbba1,27.078000000000003,command_linear,/cmd_vel,0.1586986929178238,0.5
1b9bac59-84b0-403e-aa0d-aaa52d8cbba1,27.150000000000002,command_linear,/cmd_vel,0.15813978016376495,0.5
1b9bac59-84b0-403e-aa0d-aaa52d8cbba1,27.180000000000003,command_linear,/cmd_vel,0.1575518250465393,0.5
1b9bac59-84b0-403e-aa0d-aaa52d8cbba1,27.261000000000003,command_linear,/cmd_vel,0.16187551617622375,0.5
1b9bac59-84b0-403e-aa0d-aaa52d8cbba1,27.288,command_linear,/cmd_vel,0.16374793648719788,0.5
1b9bac59-84b0-403e-aa0d-aaa52d8cbba1,27.330000000000002,command_linear,/cmd_vel,0.16719970107078552,0.5
1b9bac59-84b0-403e-aa0d-aaa52d8cbba1,27.399,command_linear,/cmd_vel,0.16481103003025055,0.5
1b9bac59-84b0-403e-aa0d-aaa52d8cbba1,27.438000000000002,command_linear,/cmd_vel,0.16635407507419586,0.5
1b9bac59-84b0-403e-aa0d-aaa52d8cbba1,27.468,command_linear,/cmd_vel,0.16538800299167633,0.5
1b9bac59-84b0-403e-aa0d-aaa52d8cbba1,27.540000000000003,command_linear,/cmd_vel,0.16194933652877808,0.5
1b9bac59-84b0-403e-aa0d-aaa52d8cbba1,27.579,command_linear,/cmd_vel,0.16127459704875946,0.5
1b9bac59-84b0-403e-aa0d-aaa52d8cbba1,27.648000000000003,command_linear,/cmd_vel,0.1610243171453476,0.5
1b9bac59-84b0-403e-aa0d-aaa52d8cbba1,27.69,command_linear,/cmd_vel,0.1593281626701355,0.5
1b9bac59-84b0-403e-aa0d-aaa52d8cbba1,27.729000000000003,command_linear,/cmd_vel,0.15820223093032837,0.5
1b9bac59-84b0-403e-aa0d-aaa52d8cbba1,27.798000000000002,command_linear,/cmd_vel,0.1602504551410675,0.5
1b9bac59-84b0-403e-aa0d-aaa52d8cbba1,27.828000000000003,command_linear,/cmd_vel,0.1578988879919052,0.5
1b9bac59-84b0-403e-aa0d-aaa52d8cbba1,27.900000000000002,command_linear,/cmd_vel,0.15830674767494202,0.5
1b9bac59-84b0-403e-aa0d-aaa52d8cbba1,27.939,command_linear,/cmd_vel,0.15443933010101318,0.5
1b9bac59-84b0-403e-aa0d-aaa52d8cbba1,27.978,command_linear,/cmd_vel,0.1538161039352417,0.5
1b9bac59-84b0-403e-aa0d-aaa52d8cbba1,28.05,command_linear,/cmd_vel,0.1540006548166275,0.5
1b9bac59-84b0-403e-aa0d-aaa52d8cbba1,28.080000000000002,command_linear,/cmd_vel,0.15452125668525696,0.5
1b9bac59-84b0-403e-aa0d-aaa52d8cbba1,28.161,command_linear,/cmd_vel,0.15335267782211304,0.5
1b9bac59-84b0-403e-aa0d-aaa52d8cbba1,28.188000000000002,command_linear,/cmd_vel,0.15646308660507202,0.5
1b9bac59-84b0-403e-aa0d-aaa52d8cbba1,28.23,command_linear,/cmd_vel,0.16186702251434326,0.5
1b9bac59-84b0-403e-aa0d-aaa52d8cbba1,28.299000000000003,command_linear,/cmd_vel,0.1594940572977066,0.5
1b9bac59-84b0-403e-aa0d-aaa52d8cbba1,28.338,command_linear,/cmd_vel,0.15683479607105255,0.5
1b9bac59-84b0-403e-aa0d-aaa52d8cbba1,28.368000000000002,command_linear,/cmd_vel,0.15352323651313782,0.5
1b9bac59-84b0-403e-aa0d-aaa52d8cbba1,28.44,command_linear,/cmd_vel,0.15566213428974152,0.5
1b9bac59-84b0-403e-aa0d-aaa52d8cbba1,28.479000000000003,command_linear,/cmd_vel,0.1551484316587448,0.5
1b9bac59-84b0-403e-aa0d-aaa52d8cbba1,28.548000000000002,command_linear,/cmd_vel,0.1526515781879425,0.5
1b9bac59-84b0-403e-aa0d-aaa52d8cbba1,28.590000000000003,command_linear,/cmd_vel,0.15750961005687714,0.5
1b9bac59-84b0-403e-aa0d-aaa52d8cbba1,28.62,command_linear,/cmd_vel,0.15524618327617645,0.5
1b9bac59-84b0-403e-aa0d-aaa52d8cbba1,28.698,command_linear,/cmd_vel,0.1533067375421524,0.5
1b9bac59-84b0-403e-aa0d-aaa52d8cbba1,28.728,command_linear,/cmd_vel,0.15050972998142242,0.5
1b9bac59-84b0-403e-aa0d-aaa52d8cbba1,28.8,command_linear,/cmd_vel,0.1519744098186493,0.5
1b9bac59-84b0-403e-aa0d-aaa52d8cbba1,28.839000000000002,command_linear,/cmd_vel,0.15270769596099854,0.5
1b9bac59-84b0-403e-aa0d-aaa52d8cbba1,28.878,command_linear,/cmd_vel,0.15207058191299438,0.5
1b9bac59-84b0-403e-aa0d-aaa52d8cbba1,28.950000000000003,command_linear,/cmd_vel,0.1519445925951004,0.5
1b9bac59-84b0-403e-aa0d-aaa52d8cbba1,28.98,command_linear,/cmd_vel,0.15005025267601013,0.5
1b9bac59-84b0-403e-aa0d-aaa52d8cbba1,29.058000000000003,command_linear,/cmd_vel,0.1507669985294342,0.5
1b9bac59-84b0-403e-aa0d-aaa52d8cbba1,29.088,command_linear,/cmd_vel,0.14883862435817719,0.5
1b9bac59-84b0-403e-aa0d-aaa52d8cbba1,29.130000000000003,command_linear,/cmd_vel,0.15047523379325867,0.5
1b9bac59-84b0-403e-aa0d-aaa52d8cbba1,29.199,command_linear,/cmd_vel,0.14296451210975647,0.5
1b9bac59-84b0-403e-aa0d-aaa52d8cbba1,29.238000000000003,command_linear,/cmd_vel,0.14069543778896332,0.5
1b9bac59-84b0-403e-aa0d-aaa52d8cbba1,29.268,command_linear,/cmd_vel,0.13682052493095398,0.5
1b9bac59-84b0-403e-aa0d-aaa52d8cbba1,29.340000000000003,command_linear,/cmd_vel,0.13723528385162354,0.5
1b9bac59-84b0-403e-aa0d-aaa52d8cbba1,29.379,command_linear,/cmd_vel,0.13370230793952942,0.5
1b9bac59-84b0-403e-aa0d-aaa52d8cbba1,29.448,command_linear,/cmd_vel,0.1300165206193924,0.5
1b9bac59-84b0-403e-aa0d-aaa52d8cbba1,29.490000000000002,command_linear,/cmd_vel,0.12648777663707733,0.5
1b9bac59-84b0-403e-aa0d-aaa52d8cbba1,29.520000000000003,command_linear,/cmd_vel,0.1256067305803299,0.5
1b9bac59-84b0-403e-aa0d-aaa52d8cbba1,29.598000000000003,command_linear,/cmd_vel,0.12662182748317719,0.5
1b9bac59-84b0-403e-aa0d-aaa52d8cbba1,29.628,command_linear,/cmd_vel,0.12639978528022766,0.5
1b9bac59-84b0-403e-aa0d-aaa52d8cbba1,29.700000000000003,command_linear,/cmd_vel,0.12995833158493042,0.5
1b9bac59-84b0-403e-aa0d-aaa52d8cbba1,29.739,command_linear,/cmd_vel,0.13200800120830536,0.5
1b9bac59-84b0-403e-aa0d-aaa52d8cbba1,29.778000000000002,command_linear,/cmd_vel,0.13244464993476868,0.5
1b9bac59-84b0-403e-aa0d-aaa52d8cbba1,29.85,command_linear,/cmd_vel,0.13370788097381592,0.5
1b9bac59-84b0-403e-aa0d-aaa52d8cbba1,29.880000000000003,command_linear,/cmd_vel,0.13541144132614136,0.5
1b9bac59-84b0-403e-aa0d-aaa52d8cbba1,29.961000000000002,command_linear,/cmd_vel,0.13416270911693573,0.5
1b9bac59-84b0-403e-aa0d-aaa52d8cbba1,29.988000000000003,command_linear,/cmd_vel,0.13476671278476715,0.5
1b9bac59-84b0-403e-aa0d-aaa52d8cbba1,30.03,command_linear,/cmd_vel,0.1339837610721588,0.5
1b9bac59-84b0-403e-aa0d-aaa52d8cbba1,30.099,command_linear,/cmd_vel,0.13383749127388,0.5
1b9bac59-84b0-403e-aa0d-aaa52d8cbba1,30.138,command_linear,/cmd_vel,0.13503526151180267,0.5
1b9bac59-84b0-403e-aa0d-aaa52d8cbba1,30.168000000000003,command_linear,/cmd_vel,0.13567666709423065,0.5
1b9bac59-84b0-403e-aa0d-aaa52d8cbba1,30.240000000000002,command_linear,/cmd_vel,0.1352669596672058,0.5
1b9bac59-84b0-403e-aa0d-aaa52d8cbba1,30.279000000000003,command_linear,/cmd_vel,0.13437868654727936,0.5
1b9bac59-84b0-403e-aa0d-aaa52d8cbba1,30.348000000000003,command_linear,/cmd_vel,0.13210204243659973,0.5
1b9bac59-84b0-403e-aa0d-aaa52d8cbba1,30.39,command_linear,/cmd_vel,0.12747478485107422,0.5
1b9bac59-84b0-403e-aa0d-aaa52d8cbba1,30.42,command_linear,/cmd_vel,0.127661794424057,0.5
1b9bac59-84b0-403e-aa0d-aaa52d8cbba1,30.498,command_linear,/cmd_vel,0.12582369148731232,0.5
1b9bac59-84b0-403e-aa0d-aaa52d8cbba1,30.528000000000002,command_linear,/cmd_vel,0.1246931180357933,0.5
1b9bac59-84b0-403e-aa0d-aaa52d8cbba1,30.6,command_linear,/cmd_vel,0.12484516948461533,0.5
1b9bac59-84b0-403e-aa0d-aaa52d8cbba1,30.639000000000003,command_linear,/cmd_vel,0.12304665893316269,0.5
1b9bac59-84b0-403e-aa0d-aaa52d8cbba1,30.678,command_linear,/cmd_vel,0.12108659744262695,0.5
1b9bac59-84b0-403e-aa0d-aaa52d8cbba1,30.750000000000004,command_linear,/cmd_vel,0.11964370310306549,0.5
1b9bac59-84b0-403e-aa0d-aaa52d8cbba1,30.78,command_linear,/cmd_vel,0.1184619665145874,0.5
1b9bac59-84b0-403e-aa0d-aaa52d8cbba1,30.861,command_linear,/cmd_vel,0.11819832026958466,0.5
1b9bac59-84b0-403e-aa0d-aaa52d8cbba1,30.888,command_linear,/cmd_vel,0.11767464876174927,0.5
1b9bac59-84b0-403e-aa0d-aaa52d8cbba1,30.930000000000003,command_linear,/cmd_vel,0.11842101812362671,0.5
1b9bac59-84b0-403e-aa0d-aaa52d8cbba1,30.999000000000002,command_linear,/cmd_vel,0.11713767796754837,0.5
1b9bac59-84b0-403e-aa0d-aaa52d8cbba1,31.038,command_linear,/cmd_vel,0.1141786202788353,0.5
1b9bac59-84b0-403e-aa0d-aaa52d8cbba1,31.068,command_linear,/cmd_vel,0.11426814645528793,0.5
1b9bac59-84b0-403e-aa0d-aaa52d8cbba1,31.14,command_linear,/cmd_vel,0.11022245138883591,0.5
1b9bac59-84b0-403e-aa0d-aaa52d8cbba1,31.179000000000002,command_linear,/cmd_vel,0.11086703836917877,0.5
1b9bac59-84b0-403e-aa0d-aaa52d8cbba1,31.248,command_linear,/cmd_vel,0.11158446967601776,0.5
1b9bac59-84b0-403e-aa0d-aaa52d8cbba1,31.290000000000003,command_linear,/cmd_vel,0.11261696368455887,0.5
1b9bac59-84b0-403e-aa0d-aaa52d8cbba1,31.32,command_linear,/cmd_vel,0.11088085919618607,0.5
1b9bac59-84b0-403e-aa0d-aaa52d8cbba1,31.401000000000003,command_linear,/cmd_vel,0.11091534793376923,0.5
1b9bac59-84b0-403e-aa0d-aaa52d8cbba1,31.428,command_linear,/cmd_vel,0.11250940710306168,0.5
1b9bac59-84b0-403e-aa0d-aaa52d8cbba1,31.500000000000004,command_linear,/cmd_vel,0.10965437442064285,0.5
1b9bac59-84b0-403e-aa0d-aaa52d8cbba1,31.539,command_linear,/cmd_vel,0.10999373346567154,0.5
1b9bac59-84b0-403e-aa0d-aaa52d8cbba1,31.578000000000003,command_linear,/cmd_vel,0.11140723526477814,0.5
1b9bac59-84b0-403e-aa0d-aaa52d8cbba1,31.650000000000002,command_linear,/cmd_vel,0.10998239368200302,0.5
1b9bac59-84b0-403e-aa0d-aaa52d8cbba1,31.680000000000003,command_linear,/cmd_vel,0.10726935416460037,0.5
1b9bac59-84b0-403e-aa0d-aaa52d8cbba1,31.758000000000003,command_linear,/cmd_vel,0.1037335991859436,0.5
1b9bac59-84b0-403e-aa0d-aaa52d8cbba1,31.788,command_linear,/cmd_vel,0.10374480485916138,0.5
1b9bac59-84b0-403e-aa0d-aaa52d8cbba1,31.830000000000002,command_linear,/cmd_vel,0.10002342611551285,0.5
1b9bac59-84b0-403e-aa0d-aaa52d8cbba1,31.899,command_linear,/cmd_vel,0.09774397313594818,0.5
1b9bac59-84b0-403e-aa0d-aaa52d8cbba1,31.938000000000002,command_linear,/cmd_vel,0.09572823345661163,0.5
1b9bac59-84b0-403e-aa0d-aaa52d8cbba1,31.968000000000004,command_linear,/cmd_vel,0.09934401512145996,0.5
1b9bac59-84b0-403e-aa0d-aaa52d8cbba1,32.04,command_linear,/cmd_vel,0.09582303464412689,0.5
1b9bac59-84b0-403e-aa0d-aaa52d8cbba1,32.079,command_linear,/cmd_vel,0.0958004742860794,0.5
1b9bac59-84b0-403e-aa0d-aaa52d8cbba1,32.148,command_linear,/cmd_vel,0.09443545341491699,0.5
1b9bac59-84b0-403e-aa0d-aaa52d8cbba1,32.190000000000005,command_linear,/cmd_vel,0.09030471742153168,0.5
1b9bac59-84b0-403e-aa0d-aaa52d8cbba1,32.22,command_linear,/cmd_vel,0.09132590889930725,0.5
1b9bac59-84b0-403e-aa0d-aaa52d8cbba1,32.298,command_linear,/cmd_vel,0.08950614184141159,0.5
1b9bac59-84b0-403e-aa0d-aaa52d8cbba1,32.328,command_linear,/cmd_vel,0.08999912440776825,0.5
1b9bac59-84b0-403e-aa0d-aaa52d8cbba1,32.4,command_linear,/cmd_vel,0.08318533003330231,0.5
1b9bac59-84b0-403e-aa0d-aaa52d8cbba1,32.439,command_linear,/cmd_vel,0.08216233551502228,0.5
1b9bac59-84b0-403e-aa0d-aaa52d8cbba1,32.478,command_linear,/cmd_vel,0.0,0.5
1b9bac59-84b0-403e-aa0d-aaa52d8cbba1,32.550000000000004,command_linear,/cmd_vel,0.0,0.5
1b9bac59-84b0-403e-aa0d-aaa52d8cbba1,32.580000000000005,command_linear,/cmd_vel,0.0,0.5
1b9bac59-84b0-403e-aa0d-aaa52d8cbba1,32.661,command_linear,/cmd_vel,0.0,0.5
1b9bac59-84b0-403e-aa0d-aaa52d8cbba1,32.688,command_linear,/cmd_vel,0.0,0.5
1b9bac59-84b0-403e-aa0d-aaa52d8cbba1,32.730000000000004,command_linear,/cmd_vel,0.0,0.5
1b9bac59-84b0-403e-aa0d-aaa52d8cbba1,32.799,command_linear,/cmd_vel,0.0,0.5
1b9bac59-84b0-403e-aa0d-aaa52d8cbba1,32.838,command_linear,/cmd_vel,0.0,0.5
1b9bac59-84b0-403e-aa0d-aaa52d8cbba1,32.868,command_linear,/cmd_vel,0.0,0.5
1b9bac59-84b0-403e-aa0d-aaa52d8cbba1,32.940000000000005,command_linear,/cmd_vel,0.0,0.5
1b9bac59-84b0-403e-aa0d-aaa52d8cbba1,32.979,command_linear,/cmd_vel,0.0,0.5
1b9bac59-84b0-403e-aa0d-aaa52d8cbba1,33.048,command_linear,/cmd_vel,0.0,0.5
1b9bac59-84b0-403e-aa0d-aaa52d8cbba1,33.09,command_linear,/cmd_vel,0.0,0.5
1b9bac59-84b0-403e-aa0d-aaa52d8cbba1,33.120000000000005,command_linear,/cmd_vel,0.0,0.5
1b9bac59-84b0-403e-aa0d-aaa52d8cbba1,33.198,command_linear,/cmd_vel,0.0,0.5
1b9bac59-84b0-403e-aa0d-aaa52d8cbba1,33.228,command_linear,/cmd_vel,0.0,0.5
1b9bac59-84b0-403e-aa0d-aaa52d8cbba1,13.221,confidence_mean,/semantic/confidence,0.8547800999910881,1.0
1b9bac59-84b0-403e-aa0d-aaa52d8cbba1,13.323,confidence_mean,/semantic/confidence,0.8547746699412043,1.0
1b9bac59-84b0-403e-aa0d-aaa52d8cbba1,13.440000000000001,confidence_mean,/semantic/confidence,0.8547620629069085,1.0
1b9bac59-84b0-403e-aa0d-aaa52d8cbba1,13.521,confidence_mean,/semantic/confidence,0.8547521583549679,1.0
1b9bac59-84b0-403e-aa0d-aaa52d8cbba1,13.623000000000001,confidence_mean,/semantic/confidence,0.8547463237789149,1.0
1b9bac59-84b0-403e-aa0d-aaa52d8cbba1,13.722000000000001,confidence_mean,/semantic/confidence,0.8547279271436855,1.0
1b9bac59-84b0-403e-aa0d-aaa52d8cbba1,13.839,confidence_mean,/semantic/confidence,0.854766594079944,1.0
1b9bac59-84b0-403e-aa0d-aaa52d8cbba1,13.944,confidence_mean,/semantic/confidence,0.8548046564372878,1.0
1b9bac59-84b0-403e-aa0d-aaa52d8cbba1,14.019,confidence_mean,/semantic/confidence,0.8547059857364123,1.0
1b9bac59-84b0-403e-aa0d-aaa52d8cbba1,14.121,confidence_mean,/semantic/confidence,0.8547568124796574,1.0
1b9bac59-84b0-403e-aa0d-aaa52d8cbba1,14.223,confidence_mean,/semantic/confidence,0.8547487783432007,1.0
1b9bac59-84b0-403e-aa0d-aaa52d8cbba1,14.343000000000002,confidence_mean,/semantic/confidence,0.8547509573027492,1.0
1b9bac59-84b0-403e-aa0d-aaa52d8cbba1,14.421000000000001,confidence_mean,/semantic/confidence,0.8547609118170415,1.0
1b9bac59-84b0-403e-aa0d-aaa52d8cbba1,14.523000000000001,confidence_mean,/semantic/confidence,0.8546950597160806,1.0
1b9bac59-84b0-403e-aa0d-aaa52d8cbba1,14.622000000000002,confidence_mean,/semantic/confidence,0.8547597194106008,1.0
1b9bac59-84b0-403e-aa0d-aaa52d8cbba1,14.739,confidence_mean,/semantic/confidence,0.8547576089622453,1.0
1b9bac59-84b0-403e-aa0d-aaa52d8cbba1,14.841000000000001,confidence_mean,/semantic/confidence,0.8548414579577123,1.0
1b9bac59-84b0-403e-aa0d-aaa52d8cbba1,14.922,confidence_mean,/semantic/confidence,0.85475491033867,1.0
1b9bac59-84b0-403e-aa0d-aaa52d8cbba1,15.021,confidence_mean,/semantic/confidence,0.8541574040288106,1.0
1b9bac59-84b0-403e-aa0d-aaa52d8cbba1,15.123000000000001,confidence_mean,/semantic/confidence,0.8539516795116167,1.0
1b9bac59-84b0-403e-aa0d-aaa52d8cbba1,15.24,confidence_mean,/semantic/confidence,0.8514486083419373,1.0
1b9bac59-84b0-403e-aa0d-aaa52d8cbba1,15.321000000000002,confidence_mean,/semantic/confidence,0.8513628884358332,1.0
1b9bac59-84b0-403e-aa0d-aaa52d8cbba1,15.423000000000002,confidence_mean,/semantic/confidence,0.849209666751946,1.0
1b9bac59-84b0-403e-aa0d-aaa52d8cbba1,15.522,confidence_mean,/semantic/confidence,0.8490128906428193,1.0
1b9bac59-84b0-403e-aa0d-aaa52d8cbba1,15.639000000000001,confidence_mean,/semantic/confidence,0.8476973271789029,1.0
1b9bac59-84b0-403e-aa0d-aaa52d8cbba1,15.741000000000001,confidence_mean,/semantic/confidence,0.8469264432260146,1.0
1b9bac59-84b0-403e-aa0d-aaa52d8cbba1,15.822000000000001,confidence_mean,/semantic/confidence,0.8469111603607113,1.0
1b9bac59-84b0-403e-aa0d-aaa52d8cbba1,15.921000000000001,confidence_mean,/semantic/confidence,0.8467378568043933,1.0
1b9bac59-84b0-403e-aa0d-aaa52d8cbba1,16.023,confidence_mean,/semantic/confidence,0.8465111420474326,1.0
1b9bac59-84b0-403e-aa0d-aaa52d8cbba1,16.14,confidence_mean,/semantic/confidence,0.8482952977887666,1.0
1b9bac59-84b0-403e-aa0d-aaa52d8cbba1,16.221,confidence_mean,/semantic/confidence,0.8477923665226748,1.0
1b9bac59-84b0-403e-aa0d-aaa52d8cbba1,16.323,confidence_mean,/semantic/confidence,0.8488529989371697,1.0
1b9bac59-84b0-403e-aa0d-aaa52d8cbba1,16.422,confidence_mean,/semantic/confidence,0.8499392033088953,1.0
1b9bac59-84b0-403e-aa0d-aaa52d8cbba1,16.539,confidence_mean,/semantic/confidence,0.8506396971984456,1.0
1b9bac59-84b0-403e-aa0d-aaa52d8cbba1,16.644000000000002,confidence_mean,/semantic/confidence,0.8522921395115555,1.0
1b9bac59-84b0-403e-aa0d-aaa52d8cbba1,16.722,confidence_mean,/semantic/confidence,0.8543493375446026,1.0
1b9bac59-84b0-403e-aa0d-aaa52d8cbba1,16.821,confidence_mean,/semantic/confidence,0.8574633802520111,1.0
1b9bac59-84b0-403e-aa0d-aaa52d8cbba1,16.923000000000002,confidence_mean,/semantic/confidence,0.8588622695176552,1.0
1b9bac59-84b0-403e-aa0d-aaa52d8cbba1,17.043000000000003,confidence_mean,/semantic/confidence,0.8608228178539624,1.0
1b9bac59-84b0-403e-aa0d-aaa52d8cbba1,17.121000000000002,confidence_mean,/semantic/confidence,0.8645335213560611,1.0
1b9bac59-84b0-403e-aa0d-aaa52d8cbba1,17.220000000000002,confidence_mean,/semantic/confidence,0.8671274793101474,1.0
1b9bac59-84b0-403e-aa0d-aaa52d8cbba1,17.319000000000003,confidence_mean,/semantic/confidence,0.8687877103344848,1.0
1b9bac59-84b0-403e-aa0d-aaa52d8cbba1,17.442,confidence_mean,/semantic/confidence,0.8695128953907018,1.0
1b9bac59-84b0-403e-aa0d-aaa52d8cbba1,17.541,confidence_mean,/semantic/confidence,0.8680784828169271,1.0
1b9bac59-84b0-403e-aa0d-aaa52d8cbba1,17.622,confidence_mean,/semantic/confidence,0.869097100625125,1.0
1b9bac59-84b0-403e-aa0d-aaa52d8cbba1,17.721,confidence_mean,/semantic/confidence,0.869406822261711,1.0
1b9bac59-84b0-403e-aa0d-aaa52d8cbba1,17.823,confidence_mean,/semantic/confidence,0.8690624049321438,1.0
1b9bac59-84b0-403e-aa0d-aaa52d8cbba1,17.94,confidence_mean,/semantic/confidence,0.869360968596302,1.0
1b9bac59-84b0-403e-aa0d-aaa52d8cbba1,18.021,confidence_mean,/semantic/confidence,0.868968461654149,1.0
1b9bac59-84b0-403e-aa0d-aaa52d8cbba1,18.12,confidence_mean,/semantic/confidence,0.8671219959467028,1.0
1b9bac59-84b0-403e-aa0d-aaa52d8cbba1,18.222,confidence_mean,/semantic/confidence,0.8660331763047725,1.0
1b9bac59-84b0-403e-aa0d-aaa52d8cbba1,18.339000000000002,confidence_mean,/semantic/confidence,0.8657641697799167,1.0
1b9bac59-84b0-403e-aa0d-aaa52d8cbba1,18.441000000000003,confidence_mean,/semantic/confidence,0.8653725828463211,1.0
1b9bac59-84b0-403e-aa0d-aaa52d8cbba1,18.519000000000002,confidence_mean,/semantic/confidence,0.8641692322321857,1.0
1b9bac59-84b0-403e-aa0d-aaa52d8cbba1,18.621000000000002,confidence_mean,/semantic/confidence,0.8634316761031126,1.0
1b9bac59-84b0-403e-aa0d-aaa52d8cbba1,18.720000000000002,confidence_mean,/semantic/confidence,0.8621474300449093,1.0
1b9bac59-84b0-403e-aa0d-aaa52d8cbba1,18.84,confidence_mean,/semantic/confidence,0.8609983848283688,1.0
1b9bac59-84b0-403e-aa0d-aaa52d8cbba1,18.921000000000003,confidence_mean,/semantic/confidence,0.8599552001881724,1.0
1b9bac59-84b0-403e-aa0d-aaa52d8cbba1,19.023,confidence_mean,/semantic/confidence,0.8589075986249373,1.0
1b9bac59-84b0-403e-aa0d-aaa52d8cbba1,19.122,confidence_mean,/semantic/confidence,0.8581630789907649,1.0
1b9bac59-84b0-403e-aa0d-aaa52d8cbba1,19.242,confidence_mean,/semantic/confidence,0.8573379541545485,1.0
1b9bac59-84b0-403e-aa0d-aaa52d8cbba1,19.341,confidence_mean,/semantic/confidence,0.8572893748587618,1.0
1b9bac59-84b0-403e-aa0d-aaa52d8cbba1,19.422,confidence_mean,/semantic/confidence,0.856992115508765,1.0
1b9bac59-84b0-403e-aa0d-aaa52d8cbba1,19.521,confidence_mean,/semantic/confidence,0.8571469640545547,1.0
1b9bac59-84b0-403e-aa0d-aaa52d8cbba1,19.62,confidence_mean,/semantic/confidence,0.8560959510396545,1.0
1b9bac59-84b0-403e-aa0d-aaa52d8cbba1,19.740000000000002,confidence_mean,/semantic/confidence,0.8556344578787685,1.0
1b9bac59-84b0-403e-aa0d-aaa52d8cbba1,19.827,confidence_mean,/semantic/confidence,0.8990427398774773,1.0
1b9bac59-84b0-403e-aa0d-aaa52d8cbba1,19.923000000000002,confidence_mean,/semantic/confidence,0.8997181261703372,1.0
1b9bac59-84b0-403e-aa0d-aaa52d8cbba1,20.022000000000002,confidence_mean,/semantic/confidence,0.9000856467988342,1.0
1b9bac59-84b0-403e-aa0d-aaa52d8cbba1,20.241,confidence_mean,/semantic/confidence,0.9002246126796429,1.0
1b9bac59-84b0-403e-aa0d-aaa52d8cbba1,20.421000000000003,confidence_mean,/semantic/confidence,0.8998422472613553,1.0
1b9bac59-84b0-403e-aa0d-aaa52d8cbba1,20.523,confidence_mean,/semantic/confidence,0.8996109794344133,1.0
1b9bac59-84b0-403e-aa0d-aaa52d8cbba1,20.64,confidence_mean,/semantic/confidence,0.8995087061046312,1.0
1b9bac59-84b0-403e-aa0d-aaa52d8cbba1,20.721,confidence_mean,/semantic/confidence,0.8994354641111567,1.0
1b9bac59-84b0-403e-aa0d-aaa52d8cbba1,20.823,confidence_mean,/semantic/confidence,0.8992641152953729,1.0
1b9bac59-84b0-403e-aa0d-aaa52d8cbba1,20.922,confidence_mean,/semantic/confidence,0.9001592363479237,1.0
1b9bac59-84b0-403e-aa0d-aaa52d8cbba1,21.039,confidence_mean,/semantic/confidence,0.8997258382989094,1.0
1b9bac59-84b0-403e-aa0d-aaa52d8cbba1,21.141000000000002,confidence_mean,/semantic/confidence,0.8997996372822672,1.0
1b9bac59-84b0-403e-aa0d-aaa52d8cbba1,21.222,confidence_mean,/semantic/confidence,0.8998215850333994,1.0
1b9bac59-84b0-403e-aa0d-aaa52d8cbba1,21.321,confidence_mean,/semantic/confidence,0.8998664486082271,1.0
1b9bac59-84b0-403e-aa0d-aaa52d8cbba1,21.423000000000002,confidence_mean,/semantic/confidence,0.8998152976250275,1.0
1b9bac59-84b0-403e-aa0d-aaa52d8cbba1,21.540000000000003,confidence_mean,/semantic/confidence,0.8999239269131795,1.0
1b9bac59-84b0-403e-aa0d-aaa52d8cbba1,21.621000000000002,confidence_mean,/semantic/confidence,0.9000248047119628,1.0
1b9bac59-84b0-403e-aa0d-aaa52d8cbba1,21.723000000000003,confidence_mean,/semantic/confidence,0.9001330329105258,1.0
1b9bac59-84b0-403e-aa0d-aaa52d8cbba1,21.822000000000003,confidence_mean,/semantic/confidence,0.8999637907681366,1.0
1b9bac59-84b0-403e-aa0d-aaa52d8cbba1,21.942,confidence_mean,/semantic/confidence,0.9000473541518053,1.0
1b9bac59-84b0-403e-aa0d-aaa52d8cbba1,22.041,confidence_mean,/semantic/confidence,0.9002762833672265,1.0
1b9bac59-84b0-403e-aa0d-aaa52d8cbba1,22.125,confidence_mean,/semantic/confidence,0.9008179044288893,1.0
1b9bac59-84b0-403e-aa0d-aaa52d8cbba1,22.218,confidence_mean,/semantic/confidence,0.9008144276201104,1.0
1b9bac59-84b0-403e-aa0d-aaa52d8cbba1,22.323,confidence_mean,/semantic/confidence,0.9005133744205037,1.0
1b9bac59-84b0-403e-aa0d-aaa52d8cbba1,22.44,confidence_mean,/semantic/confidence,0.9014558512996882,1.0
1b9bac59-84b0-403e-aa0d-aaa52d8cbba1,22.521,confidence_mean,/semantic/confidence,0.9017576459841803,1.0
1b9bac59-84b0-403e-aa0d-aaa52d8cbba1,22.722,confidence_mean,/semantic/confidence,0.9019654102794206,1.0
1b9bac59-84b0-403e-aa0d-aaa52d8cbba1,22.839000000000002,confidence_mean,/semantic/confidence,0.902733110243765,1.0
1b9bac59-84b0-403e-aa0d-aaa52d8cbba1,22.941000000000003,confidence_mean,/semantic/confidence,0.9029369127859052,1.0
1b9bac59-84b0-403e-aa0d-aaa52d8cbba1,23.022000000000002,confidence_mean,/semantic/confidence,0.9028414169404034,1.0
1b9bac59-84b0-403e-aa0d-aaa52d8cbba1,23.121000000000002,confidence_mean,/semantic/confidence,0.9028484632819891,1.0
1b9bac59-84b0-403e-aa0d-aaa52d8cbba1,23.223000000000003,confidence_mean,/semantic/confidence,0.9031961585581303,1.0
1b9bac59-84b0-403e-aa0d-aaa52d8cbba1,23.343,confidence_mean,/semantic/confidence,0.90314101057748,1.0
1b9bac59-84b0-403e-aa0d-aaa52d8cbba1,23.421000000000003,confidence_mean,/semantic/confidence,0.9028566220666593,1.0
1b9bac59-84b0-403e-aa0d-aaa52d8cbba1,23.523000000000003,confidence_mean,/semantic/confidence,0.9033522754814476,1.0
1b9bac59-84b0-403e-aa0d-aaa52d8cbba1,23.622,confidence_mean,/semantic/confidence,0.9042646526079625,1.0
1b9bac59-84b0-403e-aa0d-aaa52d8cbba1,23.739,confidence_mean,/semantic/confidence,0.9029698816500604,1.0
1b9bac59-84b0-403e-aa0d-aaa52d8cbba1,23.844,confidence_mean,/semantic/confidence,0.9032304811182742,1.0
1b9bac59-84b0-403e-aa0d-aaa52d8cbba1,23.922,confidence_mean,/semantic/confidence,0.9026380817281703,1.0
1b9bac59-84b0-403e-aa0d-aaa52d8cbba1,24.024,confidence_mean,/semantic/confidence,0.9030013872248431,1.0
1b9bac59-84b0-403e-aa0d-aaa52d8cbba1,24.123,confidence_mean,/semantic/confidence,0.9034367492857078,1.0
1b9bac59-84b0-403e-aa0d-aaa52d8cbba1,24.243000000000002,confidence_mean,/semantic/confidence,0.9034136626822874,1.0
1b9bac59-84b0-403e-aa0d-aaa52d8cbba1,24.321,confidence_mean,/semantic/confidence,0.9042683748202398,1.0
1b9bac59-84b0-403e-aa0d-aaa52d8cbba1,24.423000000000002,confidence_mean,/semantic/confidence,0.9042231440621739,1.0
1b9bac59-84b0-403e-aa0d-aaa52d8cbba1,24.522000000000002,confidence_mean,/semantic/confidence,0.9042594657993565,1.0
1b9bac59-84b0-403e-aa0d-aaa52d8cbba1,24.639000000000003,confidence_mean,/semantic/confidence,0.905061645930012,1.0
1b9bac59-84b0-403e-aa0d-aaa52d8cbba1,24.744,confidence_mean,/semantic/confidence,0.9051481300080195,1.0
1b9bac59-84b0-403e-aa0d-aaa52d8cbba1,24.822000000000003,confidence_mean,/semantic/confidence,0.905260505603316,1.0
1b9bac59-84b0-403e-aa0d-aaa52d8cbba1,24.921000000000003,confidence_mean,/semantic/confidence,0.9051355846195172,1.0
1b9bac59-84b0-403e-aa0d-aaa52d8cbba1,25.026,confidence_mean,/semantic/confidence,0.9053345327746743,1.0
1b9bac59-84b0-403e-aa0d-aaa52d8cbba1,25.14,confidence_mean,/semantic/confidence,0.906846222425811,1.0
1b9bac59-84b0-403e-aa0d-aaa52d8cbba1,25.221,confidence_mean,/semantic/confidence,0.9065738326326633,1.0
1b9bac59-84b0-403e-aa0d-aaa52d8cbba1,25.323,confidence_mean,/semantic/confidence,0.9061601384884367,1.0
1b9bac59-84b0-403e-aa0d-aaa52d8cbba1,25.422,confidence_mean,/semantic/confidence,0.9073908814818908,1.0
1b9bac59-84b0-403e-aa0d-aaa52d8cbba1,25.539,confidence_mean,/semantic/confidence,0.9071460242678101,1.0
1b9bac59-84b0-403e-aa0d-aaa52d8cbba1,25.644000000000002,confidence_mean,/semantic/confidence,0.9082637159883356,1.0
1b9bac59-84b0-403e-aa0d-aaa52d8cbba1,25.722,confidence_mean,/semantic/confidence,0.9078710422602793,1.0
1b9bac59-84b0-403e-aa0d-aaa52d8cbba1,25.821,confidence_mean,/semantic/confidence,0.907903202730231,1.0
1b9bac59-84b0-403e-aa0d-aaa52d8cbba1,25.923000000000002,confidence_mean,/semantic/confidence,0.9086940487660468,1.0
1b9bac59-84b0-403e-aa0d-aaa52d8cbba1,26.043000000000003,confidence_mean,/semantic/confidence,0.9085135087448483,1.0
1b9bac59-84b0-403e-aa0d-aaa52d8cbba1,26.121000000000002,confidence_mean,/semantic/confidence,0.9095370894204825,1.0
1b9bac59-84b0-403e-aa0d-aaa52d8cbba1,26.223000000000003,confidence_mean,/semantic/confidence,0.9096512224494169,1.0
1b9bac59-84b0-403e-aa0d-aaa52d8cbba1,26.322000000000003,confidence_mean,/semantic/confidence,0.9109125939027096,1.0
1b9bac59-84b0-403e-aa0d-aaa52d8cbba1,26.442,confidence_mean,/semantic/confidence,0.9120407122032096,1.0
1b9bac59-84b0-403e-aa0d-aaa52d8cbba1,26.544,confidence_mean,/semantic/confidence,0.9117598474258557,1.0
1b9bac59-84b0-403e-aa0d-aaa52d8cbba1,26.625,confidence_mean,/semantic/confidence,0.9133056187132994,1.0
1b9bac59-84b0-403e-aa0d-aaa52d8cbba1,26.721,confidence_mean,/semantic/confidence,0.914585748144115,1.0
1b9bac59-84b0-403e-aa0d-aaa52d8cbba1,26.823,confidence_mean,/semantic/confidence,0.9161560954510545,1.0
1b9bac59-84b0-403e-aa0d-aaa52d8cbba1,26.94,confidence_mean,/semantic/confidence,0.9155610490047063,1.0
1b9bac59-84b0-403e-aa0d-aaa52d8cbba1,27.021,confidence_mean,/semantic/confidence,0.9161294910668706,1.0
1b9bac59-84b0-403e-aa0d-aaa52d8cbba1,27.123,confidence_mean,/semantic/confidence,0.9165562835071857,1.0
1b9bac59-84b0-403e-aa0d-aaa52d8cbba1,27.222,confidence_mean,/semantic/confidence,0.9181092847712958,1.0
1b9bac59-84b0-403e-aa0d-aaa52d8cbba1,27.339000000000002,confidence_mean,/semantic/confidence,0.9193820735393092,1.0
1b9bac59-84b0-403e-aa0d-aaa52d8cbba1,27.444000000000003,confidence_mean,/semantic/confidence,0.9209503328955422,1.0
1b9bac59-84b0-403e-aa0d-aaa52d8cbba1,27.522000000000002,confidence_mean,/semantic/confidence,0.9223990310449153,1.0
1b9bac59-84b0-403e-aa0d-aaa52d8cbba1,27.621000000000002,confidence_mean,/semantic/confidence,0.9242448288093631,1.0
1b9bac59-84b0-403e-aa0d-aaa52d8cbba1,27.723000000000003,confidence_mean,/semantic/confidence,0.9258902262585859,1.0
1b9bac59-84b0-403e-aa0d-aaa52d8cbba1,27.843,confidence_mean,/semantic/confidence,0.9272670928823451,1.0
1b9bac59-84b0-403e-aa0d-aaa52d8cbba1,27.921000000000003,confidence_mean,/semantic/confidence,0.9283269972214475,1.0
1b9bac59-84b0-403e-aa0d-aaa52d8cbba1,28.023000000000003,confidence_mean,/semantic/confidence,0.9294185016055901,1.0
1b9bac59-84b0-403e-aa0d-aaa52d8cbba1,28.122000000000003,confidence_mean,/semantic/confidence,0.9303244457549105,1.0
1b9bac59-84b0-403e-aa0d-aaa52d8cbba1,28.242,confidence_mean,/semantic/confidence,0.9310978993385409,1.0
1b9bac59-84b0-403e-aa0d-aaa52d8cbba1,28.341,confidence_mean,/semantic/confidence,0.9327306707932924,1.0
1b9bac59-84b0-403e-aa0d-aaa52d8cbba1,28.422,confidence_mean,/semantic/confidence,0.9332568622954811,1.0
1b9bac59-84b0-403e-aa0d-aaa52d8cbba1,28.521,confidence_mean,/semantic/confidence,0.934266835701031,1.0
1b9bac59-84b0-403e-aa0d-aaa52d8cbba1,28.623,confidence_mean,/semantic/confidence,0.9343522097310051,1.0
1b9bac59-84b0-403e-aa0d-aaa52d8cbba1,28.821,confidence_mean,/semantic/confidence,0.9336818378496294,1.0
1b9bac59-84b0-403e-aa0d-aaa52d8cbba1,28.923000000000002,confidence_mean,/semantic/confidence,0.9337305005080998,1.0
1b9bac59-84b0-403e-aa0d-aaa52d8cbba1,29.022000000000002,confidence_mean,/semantic/confidence,0.9338209051002437,1.0
1b9bac59-84b0-403e-aa0d-aaa52d8cbba1,29.139000000000003,confidence_mean,/semantic/confidence,0.9337997180363163,1.0
1b9bac59-84b0-403e-aa0d-aaa52d8cbba1,29.244000000000003,confidence_mean,/semantic/confidence,0.933844408406876,1.0
1b9bac59-84b0-403e-aa0d-aaa52d8cbba1,29.322000000000003,confidence_mean,/semantic/confidence,0.9341482429842775,1.0
1b9bac59-84b0-403e-aa0d-aaa52d8cbba1,29.421000000000003,confidence_mean,/semantic/confidence,0.9344007523497566,1.0
1b9bac59-84b0-403e-aa0d-aaa52d8cbba1,29.523000000000003,confidence_mean,/semantic/confidence,0.9347043534042314,1.0
1b9bac59-84b0-403e-aa0d-aaa52d8cbba1,29.64,confidence_mean,/semantic/confidence,0.9349691770551726,1.0
1b9bac59-84b0-403e-aa0d-aaa52d8cbba1,29.721,confidence_mean,/semantic/confidence,0.9354497210045035,1.0
1b9bac59-84b0-403e-aa0d-aaa52d8cbba1,30.042,confidence_mean,/semantic/confidence,0.9356065710711603,1.0
1b9bac59-84b0-403e-aa0d-aaa52d8cbba1,30.144000000000002,confidence_mean,/semantic/confidence,0.9362336219428107,1.0
1b9bac59-84b0-403e-aa0d-aaa52d8cbba1,30.222,confidence_mean,/semantic/confidence,0.936962868628713,1.0
1b9bac59-84b0-403e-aa0d-aaa52d8cbba1,30.321,confidence_mean,/semantic/confidence,0.9369114376402771,1.0
1b9bac59-84b0-403e-aa0d-aaa52d8cbba1,30.423000000000002,confidence_mean,/semantic/confidence,0.936897349806192,1.0
1b9bac59-84b0-403e-aa0d-aaa52d8cbba1,30.543000000000003,confidence_mean,/semantic/confidence,0.9373735697148368,1.0
1b9bac59-84b0-403e-aa0d-aaa52d8cbba1,30.621000000000002,confidence_mean,/semantic/confidence,0.9376934172321731,1.0
1b9bac59-84b0-403e-aa0d-aaa52d8cbba1,30.726000000000003,confidence_mean,/semantic/confidence,0.9378702021405722,1.0
1b9bac59-84b0-403e-aa0d-aaa52d8cbba1,30.822000000000003,confidence_mean,/semantic/confidence,0.9384792763724302,1.0
1b9bac59-84b0-403e-aa0d-aaa52d8cbba1,30.942,confidence_mean,/semantic/confidence,0.9384374273459738,1.0
1b9bac59-84b0-403e-aa0d-aaa52d8cbba1,31.041,confidence_mean,/semantic/confidence,0.9393461523406829,1.0
1b9bac59-84b0-403e-aa0d-aaa52d8cbba1,31.125000000000004,confidence_mean,/semantic/confidence,0.9402017808007076,1.0
1b9bac59-84b0-403e-aa0d-aaa52d8cbba1,31.221000000000004,confidence_mean,/semantic/confidence,0.9404019762994722,1.0
1b9bac59-84b0-403e-aa0d-aaa52d8cbba1,31.326,confidence_mean,/semantic/confidence,0.9412143278634175,1.0
1b9bac59-84b0-403e-aa0d-aaa52d8cbba1,31.44,confidence_mean,/semantic/confidence,0.9415609097278987,1.0
1b9bac59-84b0-403e-aa0d-aaa52d8cbba1,31.521,confidence_mean,/semantic/confidence,0.9417673262317354,1.0
1b9bac59-84b0-403e-aa0d-aaa52d8cbba1,31.623,confidence_mean,/semantic/confidence,0.9427601390782123,1.0
1b9bac59-84b0-403e-aa0d-aaa52d8cbba1,31.722,confidence_mean,/semantic/confidence,0.9427394882046307,1.0
1b9bac59-84b0-403e-aa0d-aaa52d8cbba1,31.842000000000002,confidence_mean,/semantic/confidence,0.9427099120849743,1.0
1b9bac59-84b0-403e-aa0d-aaa52d8cbba1,31.941000000000003,confidence_mean,/semantic/confidence,0.9426939391546573,1.0
1b9bac59-84b0-403e-aa0d-aaa52d8cbba1,32.022,confidence_mean,/semantic/confidence,0.9411842510119701,1.0
1b9bac59-84b0-403e-aa0d-aaa52d8cbba1,32.121,confidence_mean,/semantic/confidence,0.9411978379435216,1.0
1b9bac59-84b0-403e-aa0d-aaa52d8cbba1,32.223,confidence_mean,/semantic/confidence,0.9411765902411814,1.0
1b9bac59-84b0-403e-aa0d-aaa52d8cbba1,32.343,confidence_mean,/semantic/confidence,0.9411595491273329,1.0
1b9bac59-84b0-403e-aa0d-aaa52d8cbba1,32.421,confidence_mean,/semantic/confidence,0.9411667897133157,1.0
1b9bac59-84b0-403e-aa0d-aaa52d8cbba1,32.523,confidence_mean,/semantic/confidence,0.9411540311776723,1.0
1b9bac59-84b0-403e-aa0d-aaa52d8cbba1,32.625,confidence_mean,/semantic/confidence,0.9411358090722933,1.0
1b9bac59-84b0-403e-aa0d-aaa52d8cbba1,32.739000000000004,confidence_mean,/semantic/confidence,0.9411431754147634,1.0
1b9bac59-84b0-403e-aa0d-aaa52d8cbba1,32.841,confidence_mean,/semantic/confidence,0.9411473650500799,1.0
1b9bac59-84b0-403e-aa0d-aaa52d8cbba1,32.922000000000004,confidence_mean,/semantic/confidence,0.9411381020753955,1.0
1b9bac59-84b0-403e-aa0d-aaa52d8cbba1,33.021,confidence_mean,/semantic/confidence,0.9411410988975937,1.0
1b9bac59-84b0-403e-aa0d-aaa52d8cbba1,33.123000000000005,confidence_mean,/semantic/confidence,0.9411465497454629,1.0
1b9bac59-84b0-403e-aa0d-aaa52d8cbba1,33.243,confidence_mean,/semantic/confidence,0.9411406577394034,1.0
1b9bac59-84b0-403e-aa0d-aaa52d8cbba1,14.745000000000001,global_path_curvature,/plan,0.45382352629327327,2.0
1b9bac59-84b0-403e-aa0d-aaa52d8cbba1,15.774000000000001,global_path_curvature,/plan,0.385192212370843,2.0
1b9bac59-84b0-403e-aa0d-aaa52d8cbba1,16.806,global_path_curvature,/plan,0.4267878588121476,2.0
1b9bac59-84b0-403e-aa0d-aaa52d8cbba1,17.826,global_path_curvature,/plan,0.49540471239184874,2.0
1b9bac59-84b0-403e-aa0d-aaa52d8cbba1,18.855,global_path_curvature,/plan,0.5101416887409141,2.0
1b9bac59-84b0-403e-aa0d-aaa52d8cbba1,19.875,global_path_curvature,/plan,0.5688031348678184,2.0
1b9bac59-84b0-403e-aa0d-aaa52d8cbba1,20.904,global_path_curvature,/plan,0.5497705195586186,2.0
1b9bac59-84b0-403e-aa0d-aaa52d8cbba1,21.924000000000003,global_path_curvature,/plan,0.5791877010754968,2.0
1b9bac59-84b0-403e-aa0d-aaa52d8cbba1,22.956000000000003,global_path_curvature,/plan,1.1849656762469714,2.0
1b9bac59-84b0-403e-aa0d-aaa52d8cbba1,23.976000000000003,global_path_curvature,/plan,2.1188587933654532,2.0
1b9bac59-84b0-403e-aa0d-aaa52d8cbba1,25.005000000000003,global_path_curvature,/plan,2.0201421644852373,2.0
1b9bac59-84b0-403e-aa0d-aaa52d8cbba1,26.025000000000002,global_path_curvature,/plan,2.140771410115118,2.0
1b9bac59-84b0-403e-aa0d-aaa52d8cbba1,27.054000000000002,global_path_curvature,/plan,2.594450949507628,2.0
1b9bac59-84b0-403e-aa0d-aaa52d8cbba1,28.074,global_path_curvature,/plan,2.6853184787696707,2.0
1b9bac59-84b0-403e-aa0d-aaa52d8cbba1,29.106,global_path_curvature,/plan,2.57510921127141,2.0
1b9bac59-84b0-403e-aa0d-aaa52d8cbba1,30.126,global_path_curvature,/plan,1.9994622333447014,2.0
1b9bac59-84b0-403e-aa0d-aaa52d8cbba1,31.155,global_path_curvature,/plan,2.6473606318565746,2.0
1b9bac59-84b0-403e-aa0d-aaa52d8cbba1,32.175000000000004,global_path_curvature,/plan,3.2325984443613858,2.0
1b9bac59-84b0-403e-aa0d-aaa52d8cbba1,14.745000000000001,global_path_length,/plan,3.04782165616223,2.0
1b9bac59-84b0-403e-aa0d-aaa52d8cbba1,15.774000000000001,global_path_length,/plan,2.9486207166487732,2.0
1b9bac59-84b0-403e-aa0d-aaa52d8cbba1,16.806,global_path_length,/plan,2.7992791280545095,2.0
1b9bac59-84b0-403e-aa0d-aaa52d8cbba1,17.826,global_path_length,/plan,2.5995160100670742,2.0
1b9bac59-84b0-403e-aa0d-aaa52d8cbba1,18.855,global_path_length,/plan,2.4325381062209233,2.0
1b9bac59-84b0-403e-aa0d-aaa52d8cbba1,19.875,global_path_length,/plan,2.2334404000204624,2.0
1b9bac59-84b0-403e-aa0d-aaa52d8cbba1,20.904,global_path_length,/plan,2.025244797602869,2.0
1b9bac59-84b0-403e-aa0d-aaa52d8cbba1,21.924000000000003,global_path_length,/plan,1.828520426216607,2.0
1b9bac59-84b0-403e-aa0d-aaa52d8cbba1,22.956000000000003,global_path_length,/plan,1.6648094136243612,2.0
1b9bac59-84b0-403e-aa0d-aaa52d8cbba1,23.976000000000003,global_path_length,/plan,1.4746079481026,2.0
1b9bac59-84b0-403e-aa0d-aaa52d8cbba1,25.005000000000003,global_path_length,/plan,1.3202182052408056,2.0
1b9bac59-84b0-403e-aa0d-aaa52d8cbba1,26.025000000000002,global_path_length,/plan,1.1744553125696156,2.0
1b9bac59-84b0-403e-aa0d-aaa52d8cbba1,27.054000000000002,global_path_length,/plan,0.9740687812187059,2.0
1b9bac59-84b0-403e-aa0d-aaa52d8cbba1,28.074,global_path_length,/plan,0.8190975860211545,2.0
1b9bac59-84b0-403e-aa0d-aaa52d8cbba1,29.106,global_path_length,/plan,0.6756853550917816,2.0
1b9bac59-84b0-403e-aa0d-aaa52d8cbba1,30.126,global_path_length,/plan,0.5560729760997509,2.0
1b9bac59-84b0-403e-aa0d-aaa52d8cbba1,31.155,global_path_length,/plan,0.4260037273655453,2.0
1b9bac59-84b0-403e-aa0d-aaa52d8cbba1,32.175000000000004,global_path_length,/plan,0.25225073849782553,2.0
1b9bac59-84b0-403e-aa0d-aaa52d8cbba1,13.221,inference_latency_ms,/semantic/inference_latency_ms,9.869929313659668,1.0
1b9bac59-84b0-403e-aa0d-aaa52d8cbba1,13.323,inference_latency_ms,/semantic/inference_latency_ms,9.922568321228027,1.0
1b9bac59-84b0-403e-aa0d-aaa52d8cbba1,13.440000000000001,inference_latency_ms,/semantic/inference_latency_ms,9.672455787658691,1.0
1b9bac59-84b0-403e-aa0d-aaa52d8cbba1,13.521,inference_latency_ms,/semantic/inference_latency_ms,9.174171447753906,1.0
1b9bac59-84b0-403e-aa0d-aaa52d8cbba1,13.623000000000001,inference_latency_ms,/semantic/inference_latency_ms,9.979516983032227,1.0
1b9bac59-84b0-403e-aa0d-aaa52d8cbba1,13.722000000000001,inference_latency_ms,/semantic/inference_latency_ms,9.747333526611328,1.0
1b9bac59-84b0-403e-aa0d-aaa52d8cbba1,13.839,inference_latency_ms,/semantic/inference_latency_ms,9.01989459991455,1.0
1b9bac59-84b0-403e-aa0d-aaa52d8cbba1,13.944,inference_latency_ms,/semantic/inference_latency_ms,8.815171241760254,1.0
1b9bac59-84b0-403e-aa0d-aaa52d8cbba1,14.019,inference_latency_ms,/semantic/inference_latency_ms,9.681585311889648,1.0
1b9bac59-84b0-403e-aa0d-aaa52d8cbba1,14.121,inference_latency_ms,/semantic/inference_latency_ms,9.380695343017578,1.0
1b9bac59-84b0-403e-aa0d-aaa52d8cbba1,14.223,inference_latency_ms,/semantic/inference_latency_ms,10.241678237915039,1.0
1b9bac59-84b0-403e-aa0d-aaa52d8cbba1,14.343000000000002,inference_latency_ms,/semantic/inference_latency_ms,9.12020206451416,1.0
1b9bac59-84b0-403e-aa0d-aaa52d8cbba1,14.421000000000001,inference_latency_ms,/semantic/inference_latency_ms,9.28560733795166,1.0
1b9bac59-84b0-403e-aa0d-aaa52d8cbba1,14.523000000000001,inference_latency_ms,/semantic/inference_latency_ms,9.772743225097656,1.0
1b9bac59-84b0-403e-aa0d-aaa52d8cbba1,14.622000000000002,inference_latency_ms,/semantic/inference_latency_ms,9.850750923156738,1.0
1b9bac59-84b0-403e-aa0d-aaa52d8cbba1,14.739,inference_latency_ms,/semantic/inference_latency_ms,9.76396369934082,1.0
1b9bac59-84b0-403e-aa0d-aaa52d8cbba1,14.841000000000001,inference_latency_ms,/semantic/inference_latency_ms,9.230039596557617,1.0
1b9bac59-84b0-403e-aa0d-aaa52d8cbba1,14.922,inference_latency_ms,/semantic/inference_latency_ms,9.358985900878906,1.0
1b9bac59-84b0-403e-aa0d-aaa52d8cbba1,15.021,inference_latency_ms,/semantic/inference_latency_ms,9.473072052001953,1.0
1b9bac59-84b0-403e-aa0d-aaa52d8cbba1,15.123000000000001,inference_latency_ms,/semantic/inference_latency_ms,9.183340072631836,1.0
1b9bac59-84b0-403e-aa0d-aaa52d8cbba1,15.24,inference_latency_ms,/semantic/inference_latency_ms,8.972766876220703,1.0
1b9bac59-84b0-403e-aa0d-aaa52d8cbba1,15.321000000000002,inference_latency_ms,/semantic/inference_latency_ms,9.343406677246094,1.0
1b9bac59-84b0-403e-aa0d-aaa52d8cbba1,15.423000000000002,inference_latency_ms,/semantic/inference_latency_ms,10.559730529785156,1.0
1b9bac59-84b0-403e-aa0d-aaa52d8cbba1,15.522,inference_latency_ms,/semantic/inference_latency_ms,9.303768157958984,1.0
1b9bac59-84b0-403e-aa0d-aaa52d8cbba1,15.639000000000001,inference_latency_ms,/semantic/inference_latency_ms,9.100624084472656,1.0
1b9bac59-84b0-403e-aa0d-aaa52d8cbba1,15.741000000000001,inference_latency_ms,/semantic/inference_latency_ms,8.998416900634766,1.0
1b9bac59-84b0-403e-aa0d-aaa52d8cbba1,15.822000000000001,inference_latency_ms,/semantic/inference_latency_ms,10.524002075195312,1.0
1b9bac59-84b0-403e-aa0d-aaa52d8cbba1,15.921000000000001,inference_latency_ms,/semantic/inference_latency_ms,9.823122024536133,1.0
1b9bac59-84b0-403e-aa0d-aaa52d8cbba1,16.023,inference_latency_ms,/semantic/inference_latency_ms,10.002596855163574,1.0
1b9bac59-84b0-403e-aa0d-aaa52d8cbba1,16.14,inference_latency_ms,/semantic/inference_latency_ms,9.844672203063965,1.0
1b9bac59-84b0-403e-aa0d-aaa52d8cbba1,16.221,inference_latency_ms,/semantic/inference_latency_ms,9.484911918640137,1.0
1b9bac59-84b0-403e-aa0d-aaa52d8cbba1,16.323,inference_latency_ms,/semantic/inference_latency_ms,10.908231735229492,1.0
1b9bac59-84b0-403e-aa0d-aaa52d8cbba1,16.422,inference_latency_ms,/semantic/inference_latency_ms,10.071065902709961,1.0
1b9bac59-84b0-403e-aa0d-aaa52d8cbba1,16.539,inference_latency_ms,/semantic/inference_latency_ms,9.595399856567383,1.0
1b9bac59-84b0-403e-aa0d-aaa52d8cbba1,16.644000000000002,inference_latency_ms,/semantic/inference_latency_ms,9.35400676727295,1.0
1b9bac59-84b0-403e-aa0d-aaa52d8cbba1,16.722,inference_latency_ms,/semantic/inference_latency_ms,10.301589012145996,1.0
1b9bac59-84b0-403e-aa0d-aaa52d8cbba1,16.821,inference_latency_ms,/semantic/inference_latency_ms,9.279349327087402,1.0
1b9bac59-84b0-403e-aa0d-aaa52d8cbba1,16.923000000000002,inference_latency_ms,/semantic/inference_latency_ms,9.136612892150879,1.0
1b9bac59-84b0-403e-aa0d-aaa52d8cbba1,17.043000000000003,inference_latency_ms,/semantic/inference_latency_ms,8.872791290283203,1.0
1b9bac59-84b0-403e-aa0d-aaa52d8cbba1,17.121000000000002,inference_latency_ms,/semantic/inference_latency_ms,9.614938735961914,1.0
1b9bac59-84b0-403e-aa0d-aaa52d8cbba1,17.223000000000003,inference_latency_ms,/semantic/inference_latency_ms,9.375215530395508,1.0
1b9bac59-84b0-403e-aa0d-aaa52d8cbba1,17.322000000000003,inference_latency_ms,/semantic/inference_latency_ms,9.289050102233887,1.0
1b9bac59-84b0-403e-aa0d-aaa52d8cbba1,17.442,inference_latency_ms,/semantic/inference_latency_ms,9.236669540405273,1.0
1b9bac59-84b0-403e-aa0d-aaa52d8cbba1,17.541,inference_latency_ms,/semantic/inference_latency_ms,9.911251068115234,1.0
1b9bac59-84b0-403e-aa0d-aaa52d8cbba1,17.622,inference_latency_ms,/semantic/inference_latency_ms,9.624308586120605,1.0
1b9bac59-84b0-403e-aa0d-aaa52d8cbba1,17.721,inference_latency_ms,/semantic/inference_latency_ms,9.884721755981445,1.0
1b9bac59-84b0-403e-aa0d-aaa52d8cbba1,17.823,inference_latency_ms,/semantic/inference_latency_ms,9.713417053222656,1.0
1b9bac59-84b0-403e-aa0d-aaa52d8cbba1,17.94,inference_latency_ms,/semantic/inference_latency_ms,8.870832443237305,1.0
1b9bac59-84b0-403e-aa0d-aaa52d8cbba1,18.021,inference_latency_ms,/semantic/inference_latency_ms,9.677238464355469,1.0
1b9bac59-84b0-403e-aa0d-aaa52d8cbba1,18.123,inference_latency_ms,/semantic/inference_latency_ms,9.315269470214844,1.0
1b9bac59-84b0-403e-aa0d-aaa52d8cbba1,18.222,inference_latency_ms,/semantic/inference_latency_ms,9.834083557128906,1.0
1b9bac59-84b0-403e-aa0d-aaa52d8cbba1,18.339000000000002,inference_latency_ms,/semantic/inference_latency_ms,9.10722541809082,1.0
1b9bac59-84b0-403e-aa0d-aaa52d8cbba1,18.441000000000003,inference_latency_ms,/semantic/inference_latency_ms,9.823893547058105,1.0
1b9bac59-84b0-403e-aa0d-aaa52d8cbba1,18.519000000000002,inference_latency_ms,/semantic/inference_latency_ms,9.951769828796387,1.0
1b9bac59-84b0-403e-aa0d-aaa52d8cbba1,18.621000000000002,inference_latency_ms,/semantic/inference_latency_ms,10.736348152160645,1.0
1b9bac59-84b0-403e-aa0d-aaa52d8cbba1,18.723000000000003,inference_latency_ms,/semantic/inference_latency_ms,9.656458854675293,1.0
1b9bac59-84b0-403e-aa0d-aaa52d8cbba1,18.84,inference_latency_ms,/semantic/inference_latency_ms,9.174424171447754,1.0
1b9bac59-84b0-403e-aa0d-aaa52d8cbba1,18.921000000000003,inference_latency_ms,/semantic/inference_latency_ms,10.165574073791504,1.0
1b9bac59-84b0-403e-aa0d-aaa52d8cbba1,19.023,inference_latency_ms,/semantic/inference_latency_ms,9.889443397521973,1.0
1b9bac59-84b0-403e-aa0d-aaa52d8cbba1,19.122,inference_latency_ms,/semantic/inference_latency_ms,10.183073997497559,1.0
1b9bac59-84b0-403e-aa0d-aaa52d8cbba1,19.242,inference_latency_ms,/semantic/inference_latency_ms,9.5248441696167,1.0
1b9bac59-84b0-403e-aa0d-aaa52d8cbba1,19.341,inference_latency_ms,/semantic/inference_latency_ms,9.680448532104492,1.0
1b9bac59-84b0-403e-aa0d-aaa52d8cbba1,19.422,inference_latency_ms,/semantic/inference_latency_ms,9.410237312316895,1.0
1b9bac59-84b0-403e-aa0d-aaa52d8cbba1,19.521,inference_latency_ms,/semantic/inference_latency_ms,9.678169250488281,1.0
1b9bac59-84b0-403e-aa0d-aaa52d8cbba1,19.62,inference_latency_ms,/semantic/inference_latency_ms,9.670949935913086,1.0
1b9bac59-84b0-403e-aa0d-aaa52d8cbba1,19.740000000000002,inference_latency_ms,/semantic/inference_latency_ms,8.992399215698242,1.0
1b9bac59-84b0-403e-aa0d-aaa52d8cbba1,19.827,inference_latency_ms,/semantic/inference_latency_ms,10.038138389587402,1.0
1b9bac59-84b0-403e-aa0d-aaa52d8cbba1,19.923000000000002,inference_latency_ms,/semantic/inference_latency_ms,9.605212211608887,1.0
1b9bac59-84b0-403e-aa0d-aaa52d8cbba1,20.022000000000002,inference_latency_ms,/semantic/inference_latency_ms,10.803936958312988,1.0
1b9bac59-84b0-403e-aa0d-aaa52d8cbba1,20.241,inference_latency_ms,/semantic/inference_latency_ms,9.476875305175781,1.0
1b9bac59-84b0-403e-aa0d-aaa52d8cbba1,20.421000000000003,inference_latency_ms,/semantic/inference_latency_ms,9.814935684204102,1.0
1b9bac59-84b0-403e-aa0d-aaa52d8cbba1,20.523,inference_latency_ms,/semantic/inference_latency_ms,9.451556205749512,1.0
1b9bac59-84b0-403e-aa0d-aaa52d8cbba1,20.64,inference_latency_ms,/semantic/inference_latency_ms,9.343608856201172,1.0
1b9bac59-84b0-403e-aa0d-aaa52d8cbba1,20.721,inference_latency_ms,/semantic/inference_latency_ms,9.45965576171875,1.0
1b9bac59-84b0-403e-aa0d-aaa52d8cbba1,20.823,inference_latency_ms,/semantic/inference_latency_ms,8.927290916442871,1.0
1b9bac59-84b0-403e-aa0d-aaa52d8cbba1,20.922,inference_latency_ms,/semantic/inference_latency_ms,9.533194541931152,1.0
1b9bac59-84b0-403e-aa0d-aaa52d8cbba1,21.039,inference_latency_ms,/semantic/inference_latency_ms,9.39004898071289,1.0
1b9bac59-84b0-403e-aa0d-aaa52d8cbba1,21.141000000000002,inference_latency_ms,/semantic/inference_latency_ms,9.237523078918457,1.0
1b9bac59-84b0-403e-aa0d-aaa52d8cbba1,21.222,inference_latency_ms,/semantic/inference_latency_ms,10.028639793395996,1.0
1b9bac59-84b0-403e-aa0d-aaa52d8cbba1,21.321,inference_latency_ms,/semantic/inference_latency_ms,9.389678955078125,1.0
1b9bac59-84b0-403e-aa0d-aaa52d8cbba1,21.423000000000002,inference_latency_ms,/semantic/inference_latency_ms,10.001630783081055,1.0
1b9bac59-84b0-403e-aa0d-aaa52d8cbba1,21.540000000000003,inference_latency_ms,/semantic/inference_latency_ms,9.291062355041504,1.0
1b9bac59-84b0-403e-aa0d-aaa52d8cbba1,21.621000000000002,inference_latency_ms,/semantic/inference_latency_ms,10.518965721130371,1.0
1b9bac59-84b0-403e-aa0d-aaa52d8cbba1,21.723000000000003,inference_latency_ms,/semantic/inference_latency_ms,9.0169095993042,1.0
1b9bac59-84b0-403e-aa0d-aaa52d8cbba1,21.822000000000003,inference_latency_ms,/semantic/inference_latency_ms,9.772637367248535,1.0
1b9bac59-84b0-403e-aa0d-aaa52d8cbba1,21.942,inference_latency_ms,/semantic/inference_latency_ms,9.216134071350098,1.0
1b9bac59-84b0-403e-aa0d-aaa52d8cbba1,22.041,inference_latency_ms,/semantic/inference_latency_ms,9.284241676330566,1.0
1b9bac59-84b0-403e-aa0d-aaa52d8cbba1,22.125,inference_latency_ms,/semantic/inference_latency_ms,10.331610679626465,1.0
1b9bac59-84b0-403e-aa0d-aaa52d8cbba1,22.218,inference_latency_ms,/semantic/inference_latency_ms,9.357379913330078,1.0
1b9bac59-84b0-403e-aa0d-aaa52d8cbba1,22.323,inference_latency_ms,/semantic/inference_latency_ms,9.142247200012207,1.0
1b9bac59-84b0-403e-aa0d-aaa52d8cbba1,22.44,inference_latency_ms,/semantic/inference_latency_ms,9.1964750289917,1.0
1b9bac59-84b0-403e-aa0d-aaa52d8cbba1,22.521,inference_latency_ms,/semantic/inference_latency_ms,9.641132354736328,1.0
1b9bac59-84b0-403e-aa0d-aaa52d8cbba1,22.722,inference_latency_ms,/semantic/inference_latency_ms,10.138728141784668,1.0
1b9bac59-84b0-403e-aa0d-aaa52d8cbba1,22.839000000000002,inference_latency_ms,/semantic/inference_latency_ms,9.043429374694824,1.0
1b9bac59-84b0-403e-aa0d-aaa52d8cbba1,22.941000000000003,inference_latency_ms,/semantic/inference_latency_ms,9.679760932922363,1.0
1b9bac59-84b0-403e-aa0d-aaa52d8cbba1,23.022000000000002,inference_latency_ms,/semantic/inference_latency_ms,9.668280601501465,1.0
1b9bac59-84b0-403e-aa0d-aaa52d8cbba1,23.121000000000002,inference_latency_ms,/semantic/inference_latency_ms,10.570625305175781,1.0
1b9bac59-84b0-403e-aa0d-aaa52d8cbba1,23.223000000000003,inference_latency_ms,/semantic/inference_latency_ms,8.937691688537598,1.0
1b9bac59-84b0-403e-aa0d-aaa52d8cbba1,23.343,inference_latency_ms,/semantic/inference_latency_ms,9.51237678527832,1.0
1b9bac59-84b0-403e-aa0d-aaa52d8cbba1,23.421000000000003,inference_latency_ms,/semantic/inference_latency_ms,9.034140586853027,1.0
1b9bac59-84b0-403e-aa0d-aaa52d8cbba1,23.523000000000003,inference_latency_ms,/semantic/inference_latency_ms,10.358912467956543,1.0
1b9bac59-84b0-403e-aa0d-aaa52d8cbba1,23.622,inference_latency_ms,/semantic/inference_latency_ms,9.824687004089355,1.0
1b9bac59-84b0-403e-aa0d-aaa52d8cbba1,23.742,inference_latency_ms,/semantic/inference_latency_ms,9.293542861938477,1.0
1b9bac59-84b0-403e-aa0d-aaa52d8cbba1,23.844,inference_latency_ms,/semantic/inference_latency_ms,9.453377723693848,1.0
1b9bac59-84b0-403e-aa0d-aaa52d8cbba1,23.922,inference_latency_ms,/semantic/inference_latency_ms,9.223163604736328,1.0
1b9bac59-84b0-403e-aa0d-aaa52d8cbba1,24.024,inference_latency_ms,/semantic/inference_latency_ms,9.821826934814453,1.0
1b9bac59-84b0-403e-aa0d-aaa52d8cbba1,24.123,inference_latency_ms,/semantic/inference_latency_ms,9.681422233581543,1.0
1b9bac59-84b0-403e-aa0d-aaa52d8cbba1,24.243000000000002,inference_latency_ms,/semantic/inference_latency_ms,9.26931381225586,1.0
1b9bac59-84b0-403e-aa0d-aaa52d8cbba1,24.321,inference_latency_ms,/semantic/inference_latency_ms,9.301962852478027,1.0
1b9bac59-84b0-403e-aa0d-aaa52d8cbba1,24.423000000000002,inference_latency_ms,/semantic/inference_latency_ms,9.476178169250488,1.0
1b9bac59-84b0-403e-aa0d-aaa52d8cbba1,24.522000000000002,inference_latency_ms,/semantic/inference_latency_ms,9.191396713256836,1.0
1b9bac59-84b0-403e-aa0d-aaa52d8cbba1,24.639000000000003,inference_latency_ms,/semantic/inference_latency_ms,9.946264266967773,1.0
1b9bac59-84b0-403e-aa0d-aaa52d8cbba1,24.744,inference_latency_ms,/semantic/inference_latency_ms,9.437210083007812,1.0
1b9bac59-84b0-403e-aa0d-aaa52d8cbba1,24.822000000000003,inference_latency_ms,/semantic/inference_latency_ms,10.239485740661621,1.0
1b9bac59-84b0-403e-aa0d-aaa52d8cbba1,24.921000000000003,inference_latency_ms,/semantic/inference_latency_ms,9.292344093322754,1.0
1b9bac59-84b0-403e-aa0d-aaa52d8cbba1,25.026,inference_latency_ms,/semantic/inference_latency_ms,9.572705268859863,1.0
1b9bac59-84b0-403e-aa0d-aaa52d8cbba1,25.14,inference_latency_ms,/semantic/inference_latency_ms,9.025361061096191,1.0
1b9bac59-84b0-403e-aa0d-aaa52d8cbba1,25.221,inference_latency_ms,/semantic/inference_latency_ms,9.11531925201416,1.0
1b9bac59-84b0-403e-aa0d-aaa52d8cbba1,25.323,inference_latency_ms,/semantic/inference_latency_ms,9.398970603942871,1.0
1b9bac59-84b0-403e-aa0d-aaa52d8cbba1,25.422,inference_latency_ms,/semantic/inference_latency_ms,9.456759452819824,1.0
1b9bac59-84b0-403e-aa0d-aaa52d8cbba1,25.542,inference_latency_ms,/semantic/inference_latency_ms,9.200157165527344,1.0
1b9bac59-84b0-403e-aa0d-aaa52d8cbba1,25.644000000000002,inference_latency_ms,/semantic/inference_latency_ms,8.936413764953613,1.0
1b9bac59-84b0-403e-aa0d-aaa52d8cbba1,25.722,inference_latency_ms,/semantic/inference_latency_ms,10.118510246276855,1.0
1b9bac59-84b0-403e-aa0d-aaa52d8cbba1,25.821,inference_latency_ms,/semantic/inference_latency_ms,9.902107238769531,1.0
1b9bac59-84b0-403e-aa0d-aaa52d8cbba1,25.923000000000002,inference_latency_ms,/semantic/inference_latency_ms,10.442811012268066,1.0
1b9bac59-84b0-403e-aa0d-aaa52d8cbba1,26.043000000000003,inference_latency_ms,/semantic/inference_latency_ms,9.12392807006836,1.0
1b9bac59-84b0-403e-aa0d-aaa52d8cbba1,26.121000000000002,inference_latency_ms,/semantic/inference_latency_ms,10.380783081054688,1.0
1b9bac59-84b0-403e-aa0d-aaa52d8cbba1,26.223000000000003,inference_latency_ms,/semantic/inference_latency_ms,9.480889320373535,1.0
1b9bac59-84b0-403e-aa0d-aaa52d8cbba1,26.322000000000003,inference_latency_ms,/semantic/inference_latency_ms,10.059022903442383,1.0
1b9bac59-84b0-403e-aa0d-aaa52d8cbba1,26.442,inference_latency_ms,/semantic/inference_latency_ms,9.611605644226074,1.0
1b9bac59-84b0-403e-aa0d-aaa52d8cbba1,26.544,inference_latency_ms,/semantic/inference_latency_ms,9.560297012329102,1.0
1b9bac59-84b0-403e-aa0d-aaa52d8cbba1,26.625,inference_latency_ms,/semantic/inference_latency_ms,9.072091102600098,1.0
1b9bac59-84b0-403e-aa0d-aaa52d8cbba1,26.721,inference_latency_ms,/semantic/inference_latency_ms,9.156277656555176,1.0
1b9bac59-84b0-403e-aa0d-aaa52d8cbba1,26.823,inference_latency_ms,/semantic/inference_latency_ms,9.443730354309082,1.0
1b9bac59-84b0-403e-aa0d-aaa52d8cbba1,26.94,inference_latency_ms,/semantic/inference_latency_ms,9.092061042785645,1.0
1b9bac59-84b0-403e-aa0d-aaa52d8cbba1,27.021,inference_latency_ms,/semantic/inference_latency_ms,9.635604858398438,1.0
1b9bac59-84b0-403e-aa0d-aaa52d8cbba1,27.123,inference_latency_ms,/semantic/inference_latency_ms,9.733792304992676,1.0
1b9bac59-84b0-403e-aa0d-aaa52d8cbba1,27.222,inference_latency_ms,/semantic/inference_latency_ms,9.084840774536133,1.0
1b9bac59-84b0-403e-aa0d-aaa52d8cbba1,27.339000000000002,inference_latency_ms,/semantic/inference_latency_ms,8.961474418640137,1.0
1b9bac59-84b0-403e-aa0d-aaa52d8cbba1,27.444000000000003,inference_latency_ms,/semantic/inference_latency_ms,9.633126258850098,1.0
1b9bac59-84b0-403e-aa0d-aaa52d8cbba1,27.522000000000002,inference_latency_ms,/semantic/inference_latency_ms,9.804229736328125,1.0
1b9bac59-84b0-403e-aa0d-aaa52d8cbba1,27.621000000000002,inference_latency_ms,/semantic/inference_latency_ms,9.420231819152832,1.0
1b9bac59-84b0-403e-aa0d-aaa52d8cbba1,27.723000000000003,inference_latency_ms,/semantic/inference_latency_ms,9.271064758300781,1.0
1b9bac59-84b0-403e-aa0d-aaa52d8cbba1,27.843,inference_latency_ms,/semantic/inference_latency_ms,9.414361000061035,1.0
1b9bac59-84b0-403e-aa0d-aaa52d8cbba1,27.921000000000003,inference_latency_ms,/semantic/inference_latency_ms,10.115141868591309,1.0
1b9bac59-84b0-403e-aa0d-aaa52d8cbba1,28.023000000000003,inference_latency_ms,/semantic/inference_latency_ms,9.19207763671875,1.0
1b9bac59-84b0-403e-aa0d-aaa52d8cbba1,28.122000000000003,inference_latency_ms,/semantic/inference_latency_ms,9.312564849853516,1.0
1b9bac59-84b0-403e-aa0d-aaa52d8cbba1,28.242,inference_latency_ms,/semantic/inference_latency_ms,8.796039581298828,1.0
1b9bac59-84b0-403e-aa0d-aaa52d8cbba1,28.341,inference_latency_ms,/semantic/inference_latency_ms,9.148110389709473,1.0
1b9bac59-84b0-403e-aa0d-aaa52d8cbba1,28.422,inference_latency_ms,/semantic/inference_latency_ms,9.456380844116211,1.0
1b9bac59-84b0-403e-aa0d-aaa52d8cbba1,28.521,inference_latency_ms,/semantic/inference_latency_ms,9.135470390319824,1.0
1b9bac59-84b0-403e-aa0d-aaa52d8cbba1,28.623,inference_latency_ms,/semantic/inference_latency_ms,10.025604248046875,1.0
1b9bac59-84b0-403e-aa0d-aaa52d8cbba1,28.821,inference_latency_ms,/semantic/inference_latency_ms,10.280607223510742,1.0
1b9bac59-84b0-403e-aa0d-aaa52d8cbba1,28.923000000000002,inference_latency_ms,/semantic/inference_latency_ms,9.469980239868164,1.0
1b9bac59-84b0-403e-aa0d-aaa52d8cbba1,29.022000000000002,inference_latency_ms,/semantic/inference_latency_ms,10.704554557800293,1.0
1b9bac59-84b0-403e-aa0d-aaa52d8cbba1,29.139000000000003,inference_latency_ms,/semantic/inference_latency_ms,8.959955215454102,1.0
1b9bac59-84b0-403e-aa0d-aaa52d8cbba1,29.247000000000003,inference_latency_ms,/semantic/inference_latency_ms,9.94064712524414,1.0
1b9bac59-84b0-403e-aa0d-aaa52d8cbba1,29.322000000000003,inference_latency_ms,/semantic/inference_latency_ms,8.7357816696167,1.0
1b9bac59-84b0-403e-aa0d-aaa52d8cbba1,29.421000000000003,inference_latency_ms,/semantic/inference_latency_ms,10.121803283691406,1.0
1b9bac59-84b0-403e-aa0d-aaa52d8cbba1,29.523000000000003,inference_latency_ms,/semantic/inference_latency_ms,9.483901023864746,1.0
1b9bac59-84b0-403e-aa0d-aaa52d8cbba1,29.64,inference_latency_ms,/semantic/inference_latency_ms,9.209548950195312,1.0
1b9bac59-84b0-403e-aa0d-aaa52d8cbba1,29.721,inference_latency_ms,/semantic/inference_latency_ms,9.441291809082031,1.0
1b9bac59-84b0-403e-aa0d-aaa52d8cbba1,30.042,inference_latency_ms,/semantic/inference_latency_ms,10.571769714355469,1.0
1b9bac59-84b0-403e-aa0d-aaa52d8cbba1,30.144000000000002,inference_latency_ms,/semantic/inference_latency_ms,10.130732536315918,1.0
1b9bac59-84b0-403e-aa0d-aaa52d8cbba1,30.222,inference_latency_ms,/semantic/inference_latency_ms,9.87516975402832,1.0
1b9bac59-84b0-403e-aa0d-aaa52d8cbba1,30.321,inference_latency_ms,/semantic/inference_latency_ms,9.420843124389648,1.0
1b9bac59-84b0-403e-aa0d-aaa52d8cbba1,30.423000000000002,inference_latency_ms,/semantic/inference_latency_ms,9.078283309936523,1.0
1b9bac59-84b0-403e-aa0d-aaa52d8cbba1,30.543000000000003,inference_latency_ms,/semantic/inference_latency_ms,9.323506355285645,1.0
1b9bac59-84b0-403e-aa0d-aaa52d8cbba1,30.621000000000002,inference_latency_ms,/semantic/inference_latency_ms,9.1257905960083,1.0
1b9bac59-84b0-403e-aa0d-aaa52d8cbba1,30.726000000000003,inference_latency_ms,/semantic/inference_latency_ms,9.238807678222656,1.0
1b9bac59-84b0-403e-aa0d-aaa52d8cbba1,30.822000000000003,inference_latency_ms,/semantic/inference_latency_ms,9.439513206481934,1.0
1b9bac59-84b0-403e-aa0d-aaa52d8cbba1,30.942,inference_latency_ms,/semantic/inference_latency_ms,9.80908203125,1.0
1b9bac59-84b0-403e-aa0d-aaa52d8cbba1,31.041,inference_latency_ms,/semantic/inference_latency_ms,8.97048568725586,1.0
1b9bac59-84b0-403e-aa0d-aaa52d8cbba1,31.125000000000004,inference_latency_ms,/semantic/inference_latency_ms,9.028664588928223,1.0
1b9bac59-84b0-403e-aa0d-aaa52d8cbba1,31.221000000000004,inference_latency_ms,/semantic/inference_latency_ms,9.995686531066895,1.0
1b9bac59-84b0-403e-aa0d-aaa52d8cbba1,31.326,inference_latency_ms,/semantic/inference_latency_ms,9.920940399169922,1.0
1b9bac59-84b0-403e-aa0d-aaa52d8cbba1,31.443,inference_latency_ms,/semantic/inference_latency_ms,8.928447723388672,1.0
1b9bac59-84b0-403e-aa0d-aaa52d8cbba1,31.521,inference_latency_ms,/semantic/inference_latency_ms,10.150933265686035,1.0
1b9bac59-84b0-403e-aa0d-aaa52d8cbba1,31.623,inference_latency_ms,/semantic/inference_latency_ms,10.1218843460083,1.0
1b9bac59-84b0-403e-aa0d-aaa52d8cbba1,31.722,inference_latency_ms,/semantic/inference_latency_ms,10.525032997131348,1.0
1b9bac59-84b0-403e-aa0d-aaa52d8cbba1,31.842000000000002,inference_latency_ms,/semantic/inference_latency_ms,9.118392944335938,1.0
1b9bac59-84b0-403e-aa0d-aaa52d8cbba1,31.941000000000003,inference_latency_ms,/semantic/inference_latency_ms,9.489691734313965,1.0
1b9bac59-84b0-403e-aa0d-aaa52d8cbba1,32.022,inference_latency_ms,/semantic/inference_latency_ms,9.879660606384277,1.0
1b9bac59-84b0-403e-aa0d-aaa52d8cbba1,32.121,inference_latency_ms,/semantic/inference_latency_ms,9.622147560119629,1.0
1b9bac59-84b0-403e-aa0d-aaa52d8cbba1,32.223,inference_latency_ms,/semantic/inference_latency_ms,9.421664237976074,1.0
1b9bac59-84b0-403e-aa0d-aaa52d8cbba1,32.343,inference_latency_ms,/semantic/inference_latency_ms,8.929518699645996,1.0
1b9bac59-84b0-403e-aa0d-aaa52d8cbba1,32.421,inference_latency_ms,/semantic/inference_latency_ms,9.290907859802246,1.0
1b9bac59-84b0-403e-aa0d-aaa52d8cbba1,32.523,inference_latency_ms,/semantic/inference_latency_ms,8.806832313537598,1.0
1b9bac59-84b0-403e-aa0d-aaa52d8cbba1,32.625,inference_latency_ms,/semantic/inference_latency_ms,10.981720924377441,1.0
1b9bac59-84b0-403e-aa0d-aaa52d8cbba1,32.739000000000004,inference_latency_ms,/semantic/inference_latency_ms,9.143821716308594,1.0
1b9bac59-84b0-403e-aa0d-aaa52d8cbba1,32.841,inference_latency_ms,/semantic/inference_latency_ms,8.861969947814941,1.0
1b9bac59-84b0-403e-aa0d-aaa52d8cbba1,32.922000000000004,inference_latency_ms,/semantic/inference_latency_ms,9.105302810668945,1.0
1b9bac59-84b0-403e-aa0d-aaa52d8cbba1,33.021,inference_latency_ms,/semantic/inference_latency_ms,9.631089210510254,1.0
1b9bac59-84b0-403e-aa0d-aaa52d8cbba1,33.123000000000005,inference_latency_ms,/semantic/inference_latency_ms,9.700576782226562,1.0
1b9bac59-84b0-403e-aa0d-aaa52d8cbba1,33.243,inference_latency_ms,/semantic/inference_latency_ms,8.985416412353516,1.0
1b9bac59-84b0-403e-aa0d-aaa52d8cbba1,13.176,measured_angular,/odom,-3.381737231343389e-20,0.5
1b9bac59-84b0-403e-aa0d-aaa52d8cbba1,13.212000000000002,measured_angular,/odom,-4.918890518317656e-20,0.5
1b9bac59-84b0-403e-aa0d-aaa52d8cbba1,13.248000000000001,measured_angular,/odom,-6.148613147897065e-21,0.5
1b9bac59-84b0-403e-aa0d-aaa52d8cbba1,13.284,measured_angular,/odom,-6.456043805291923e-20,0.5
1b9bac59-84b0-403e-aa0d-aaa52d8cbba1,13.32,measured_angular,/odom,-5.533751833107363e-20,0.5
1b9bac59-84b0-403e-aa0d-aaa52d8cbba1,13.356000000000002,measured_angular,/odom,-7.070905120081631e-20,0.5
1b9bac59-84b0-403e-aa0d-aaa52d8cbba1,13.392000000000001,measured_angular,/odom,-8.300627749661046e-20,0.5
1b9bac59-84b0-403e-aa0d-aaa52d8cbba1,13.428,measured_angular,/odom,-7.685766434871338e-20,0.5
1b9bac59-84b0-403e-aa0d-aaa52d8cbba1,13.464,measured_angular,/odom,-2.459445259158828e-20,0.5
1b9bac59-84b0-403e-aa0d-aaa52d8cbba1,13.5,measured_angular,/odom,-5.533751833107363e-20,0.5
1b9bac59-84b0-403e-aa0d-aaa52d8cbba1,13.536000000000001,measured_angular,/odom,-9.530350379240459e-20,0.5
1b9bac59-84b0-403e-aa0d-aaa52d8cbba1,13.572000000000001,measured_angular,/odom,-1.0145211694030164e-19,0.5
1b9bac59-84b0-403e-aa0d-aaa52d8cbba1,13.611,measured_angular,/odom,-1.229722629579414e-19,0.5
1b9bac59-84b0-403e-aa0d-aaa52d8cbba1,13.644,measured_angular,/odom,-3.0743065739485403e-21,0.5
1b9bac59-84b0-403e-aa0d-aaa52d8cbba1,13.680000000000001,measured_angular,/odom,-6.456043805291923e-20,0.5
1b9bac59-84b0-403e-aa0d-aaa52d8cbba1,13.716000000000001,measured_angular,/odom,-3.9965985461330955e-20,0.5
1b9bac59-84b0-403e-aa0d-aaa52d8cbba1,13.752,measured_angular,/odom,-5.2263211757125094e-20,0.5
1b9bac59-84b0-403e-aa0d-aaa52d8cbba1,13.788,measured_angular,/odom,-2.459445259158828e-20,0.5
1b9bac59-84b0-403e-aa0d-aaa52d8cbba1,13.824000000000002,measured_angular,/odom,-3.9965985461330955e-20,0.5
1b9bac59-84b0-403e-aa0d-aaa52d8cbba1,13.860000000000001,measured_angular,/odom,-4.611459860922802e-20,0.5
1b9bac59-84b0-403e-aa0d-aaa52d8cbba1,13.896,measured_angular,/odom,-6.763474462686778e-20,0.5
1b9bac59-84b0-403e-aa0d-aaa52d8cbba1,13.932,measured_angular,/odom,-4.6114598609228034e-20,0.5
1b9bac59-84b0-403e-aa0d-aaa52d8cbba1,13.968000000000002,measured_angular,/odom,-6.148613147897064e-21,0.5
1b9bac59-84b0-403e-aa0d-aaa52d8cbba1,14.004000000000001,measured_angular,/odom,-4.918890518317656e-20,0.5
1b9bac59-84b0-403e-aa0d-aaa52d8cbba1,14.040000000000001,measured_angular,/odom,-8.608058407055899e-20,0.5
1b9bac59-84b0-403e-aa0d-aaa52d8cbba1,14.076,measured_angular,/odom,-1.0145211694030167e-19,0.5
1b9bac59-84b0-403e-aa0d-aaa52d8cbba1,14.112,measured_angular,/odom,-6.14861314789707e-20,0.5
1b9bac59-84b0-403e-aa0d-aaa52d8cbba1,14.148000000000001,measured_angular,/odom,-3.996598546133095e-20,0.5
1b9bac59-84b0-403e-aa0d-aaa52d8cbba1,14.184000000000001,measured_angular,/odom,-1.8445839443691205e-20,0.5
1b9bac59-84b0-403e-aa0d-aaa52d8cbba1,14.22,measured_angular,/odom,-3.9965985461330955e-20,0.5
1b9bac59-84b0-403e-aa0d-aaa52d8cbba1,14.256,measured_angular,/odom,-2.4594452591588274e-20,0.5
1b9bac59-84b0-403e-aa0d-aaa52d8cbba1,14.292000000000002,measured_angular,/odom,-9.530350379240458e-20,0.5
1b9bac59-84b0-403e-aa0d-aaa52d8cbba1,14.328000000000001,measured_angular,/odom,-5.841182490502218e-20,0.5
1b9bac59-84b0-403e-aa0d-aaa52d8cbba1,14.364,measured_angular,/odom,-1.1682364981004433e-19,0.5
1b9bac59-84b0-403e-aa0d-aaa52d8cbba1,14.4,measured_angular,/odom,-6.14861314789707e-20,0.5
1b9bac59-84b0-403e-aa0d-aaa52d8cbba1,14.436000000000002,measured_angular,/odom,-3.381737231343389e-20,0.5
1b9bac59-84b0-403e-aa0d-aaa52d8cbba1,14.472000000000001,measured_angular,/odom,-9.530350379240459e-20,0.5
1b9bac59-84b0-403e-aa0d-aaa52d8cbba1,14.511000000000001,measured_angular,/odom,-2.7668759165536817e-20,0.5
1b9bac59-84b0-403e-aa0d-aaa52d8cbba1,14.544,measured_angular,/odom,-3.381737231343388e-20,0.5
1b9bac59-84b0-403e-aa0d-aaa52d8cbba1,14.58,measured_angular,/odom,-4.918890518317655e-20,0.5
1b9bac59-84b0-403e-aa0d-aaa52d8cbba1,14.616000000000001,measured_angular,/odom,-7.378335777476484e-20,0.5
1b9bac59-84b0-403e-aa0d-aaa52d8cbba1,14.652000000000001,measured_angular,/odom,2.766875916553681e-20,0.5
1b9bac59-84b0-403e-aa0d-aaa52d8cbba1,14.688,measured_angular,/odom,-9.222919721845604e-20,0.5
1b9bac59-84b0-403e-aa0d-aaa52d8cbba1,14.724,measured_angular,/odom,-3.381737231343389e-20,0.5
1b9bac59-84b0-403e-aa0d-aaa52d8cbba1,14.760000000000002,measured_angular,/odom,-1.8445839443691208e-20,0.5
1b9bac59-84b0-403e-aa0d-aaa52d8cbba1,14.796000000000001,measured_angular,/odom,-2.1520146017639744e-20,0.5
1b9bac59-84b0-403e-aa0d-aaa52d8cbba1,14.832,measured_angular,/odom,0.005598046337449215,0.5
1b9bac59-84b0-403e-aa0d-aaa52d8cbba1,14.868,measured_angular,/odom,0.008284701540000943,0.5
1b9bac59-84b0-403e-aa0d-aaa52d8cbba1,14.904000000000002,measured_angular,/odom,-0.01595712386349204,0.5
1b9bac59-84b0-403e-aa0d-aaa52d8cbba1,14.940000000000001,measured_angular,/odom,-0.01876012794650722,0.5
1b9bac59-84b0-403e-aa0d-aaa52d8cbba1,14.976,measured_angular,/odom,-0.04314154869370913,0.5
1b9bac59-84b0-403e-aa0d-aaa52d8cbba1,15.012,measured_angular,/odom,-0.05737628866519484,0.5
1b9bac59-84b0-403e-aa0d-aaa52d8cbba1,15.048000000000002,measured_angular,/odom,-0.05800125002841838,0.5
1b9bac59-84b0-403e-aa0d-aaa52d8cbba1,15.084000000000001,measured_angular,/odom,-0.05420535802828212,0.5
1b9bac59-84b0-403e-aa0d-aaa52d8cbba1,15.120000000000001,measured_angular,/odom,-0.05008089506439177,0.5
1b9bac59-84b0-403e-aa0d-aaa52d8cbba1,15.156,measured_angular,/odom,-0.03970508651071496,0.5
1b9bac59-84b0-403e-aa0d-aaa52d8cbba1,15.192,measured_angular,/odom,-0.03970508649963046,0.5
1b9bac59-84b0-403e-aa0d-aaa52d8cbba1,15.228000000000002,measured_angular,/odom,-0.040222092343957586,0.5
1b9bac59-84b0-403e-aa0d-aaa52d8cbba1,15.264000000000001,measured_angular,/odom,-0.039033208042419415,0.5
1b9bac59-84b0-403e-aa0d-aaa52d8cbba1,15.3,measured_angular,/odom,-0.03903320804249032,0.5
1b9bac59-84b0-403e-aa0d-aaa52d8cbba1,15.336,measured_angular,/odom,-0.03887816146026315,0.5
1b9bac59-84b0-403e-aa0d-aaa52d8cbba1,15.372000000000002,measured_angular,/odom,-0.040733706200722544,0.5
1b9bac59-84b0-403e-aa0d-aaa52d8cbba1,15.411000000000001,measured_angular,/odom,-0.043817696710853234,0.5
1b9bac59-84b0-403e-aa0d-aaa52d8cbba1,15.444,measured_angular,/odom,-0.04416036233312248,0.5
1b9bac59-84b0-403e-aa0d-aaa52d8cbba1,15.48,measured_angular,/odom,-0.04027120956496795,0.5
1b9bac59-84b0-403e-aa0d-aaa52d8cbba1,15.516000000000002,measured_angular,/odom,-0.04175667092213857,0.5
1b9bac59-84b0-403e-aa0d-aaa52d8cbba1,15.552000000000001,measured_angular,/odom,-0.04175667092214018,0.5
1b9bac59-84b0-403e-aa0d-aaa52d8cbba1,15.588000000000001,measured_angular,/odom,-0.04505671783145387,0.5
1b9bac59-84b0-403e-aa0d-aaa52d8cbba1,15.624,measured_angular,/odom,-0.043821822851997046,0.5
1b9bac59-84b0-403e-aa0d-aaa52d8cbba1,15.66,measured_angular,/odom,-0.045671182492580155,0.5
1b9bac59-84b0-403e-aa0d-aaa52d8cbba1,15.696000000000002,measured_angular,/odom,-0.04587666690357572,0.5
1b9bac59-84b0-403e-aa0d-aaa52d8cbba1,15.732000000000001,measured_angular,/odom,-0.04440839589068961,0.5
1b9bac59-84b0-403e-aa0d-aaa52d8cbba1,15.768,measured_angular,/odom,-0.0515852915770018,0.5
1b9bac59-84b0-403e-aa0d-aaa52d8cbba1,15.804,measured_angular,/odom,-0.04961755126763477,0.5
1b9bac59-84b0-403e-aa0d-aaa52d8cbba1,15.840000000000002,measured_angular,/odom,-0.04961755126723827,0.5
1b9bac59-84b0-403e-aa0d-aaa52d8cbba1,15.876000000000001,measured_angular,/odom,-0.04791402816765318,0.5
1b9bac59-84b0-403e-aa0d-aaa52d8cbba1,15.912,measured_angular,/odom,-0.05110506339986846,0.5
1b9bac59-84b0-403e-aa0d-aaa52d8cbba1,15.948,measured_angular,/odom,-0.051105063408704465,0.5
1b9bac59-84b0-403e-aa0d-aaa52d8cbba1,15.984000000000002,measured_angular,/odom,-0.04272378062086505,0.5
1b9bac59-84b0-403e-aa0d-aaa52d8cbba1,16.02,measured_angular,/odom,-0.0391806021437288,0.5
1b9bac59-84b0-403e-aa0d-aaa52d8cbba1,16.056,measured_angular,/odom,-0.04072447121156349,0.5
1b9bac59-84b0-403e-aa0d-aaa52d8cbba1,16.092000000000002,measured_angular,/odom,-0.04072447121156027,0.5
1b9bac59-84b0-403e-aa0d-aaa52d8cbba1,16.128,measured_angular,/odom,-0.03465525445452362,0.5
1b9bac59-84b0-403e-aa0d-aaa52d8cbba1,16.164,measured_angular,/odom,-0.03107671439667641,0.5
1b9bac59-84b0-403e-aa0d-aaa52d8cbba1,16.2,measured_angular,/odom,-0.031076714396602263,0.5
1b9bac59-84b0-403e-aa0d-aaa52d8cbba1,16.236,measured_angular,/odom,-0.03256420791156923,0.5
1b9bac59-84b0-403e-aa0d-aaa52d8cbba1,16.272000000000002,measured_angular,/odom,-0.036185953755909814,0.5
1b9bac59-84b0-403e-aa0d-aaa52d8cbba1,16.311,measured_angular,/odom,-0.03166211490996791,0.5
1b9bac59-84b0-403e-aa0d-aaa52d8cbba1,16.344,measured_angular,/odom,-0.031159466132614944,0.5
1b9bac59-84b0-403e-aa0d-aaa52d8cbba1,16.380000000000003,measured_angular,/odom,-0.03076919466366935,0.5
1b9bac59-84b0-403e-aa0d-aaa52d8cbba1,16.416,measured_angular,/odom,-0.03642008826136348,0.5
1b9bac59-84b0-403e-aa0d-aaa52d8cbba1,16.452,measured_angular,/odom,-0.03642008826141828,0.5
1b9bac59-84b0-403e-aa0d-aaa52d8cbba1,16.488,measured_angular,/odom,-0.029176862662919644,0.5
1b9bac59-84b0-403e-aa0d-aaa52d8cbba1,16.524,measured_angular,/odom,-0.02920920588079967,0.5
1b9bac59-84b0-403e-aa0d-aaa52d8cbba1,16.560000000000002,measured_angular,/odom,-0.031855726419854624,0.5
1b9bac59-84b0-403e-aa0d-aaa52d8cbba1,16.596,measured_angular,/odom,-0.03214978426704539,0.5
1b9bac59-84b0-403e-aa0d-aaa52d8cbba1,16.632,measured_angular,/odom,-0.029310774066291678,0.5
1b9bac59-84b0-403e-aa0d-aaa52d8cbba1,16.668000000000003,measured_angular,/odom,-0.031740798421116614,0.5
1b9bac59-84b0-403e-aa0d-aaa52d8cbba1,16.704,measured_angular,/odom,-0.02868828736258395,0.5
1b9bac59-84b0-403e-aa0d-aaa52d8cbba1,16.740000000000002,measured_angular,/odom,-0.028688287362535602,0.5
1b9bac59-84b0-403e-aa0d-aaa52d8cbba1,16.776,measured_angular,/odom,-0.026945743709919357,0.5
1b9bac59-84b0-403e-aa0d-aaa52d8cbba1,16.812,measured_angular,/odom,-0.02788022532820931,0.5
1b9bac59-84b0-403e-aa0d-aaa52d8cbba1,16.848000000000003,measured_angular,/odom,-0.027880225330697967,0.5
1b9bac59-84b0-403e-aa0d-aaa52d8cbba1,16.884,measured_angular,/odom,-0.021512795240884643,0.5
1b9bac59-84b0-403e-aa0d-aaa52d8cbba1,16.92,measured_angular,/odom,-0.015735737723541577,0.5
1b9bac59-84b0-403e-aa0d-aaa52d8cbba1,16.956,measured_angular,/odom,-0.022129999470634182,0.5
1b9bac59-84b0-403e-aa0d-aaa52d8cbba1,16.992,measured_angular,/odom,-0.022129999473696642,0.5
1b9bac59-84b0-403e-aa0d-aaa52d8cbba1,17.028000000000002,measured_angular,/odom,-0.022335228695692516,0.5
1b9bac59-84b0-403e-aa0d-aaa52d8cbba1,17.064,measured_angular,/odom,-0.013867772191474559,0.5
1b9bac59-84b0-403e-aa0d-aaa52d8cbba1,17.1,measured_angular,/odom,-0.013867772184434118,0.5
1b9bac59-84b0-403e-aa0d-aaa52d8cbba1,17.136000000000003,measured_angular,/odom,-0.019241025671352267,0.5
1b9bac59-84b0-403e-aa0d-aaa52d8cbba1,17.172,measured_angular,/odom,-0.02343369087922973,0.5
1b9bac59-84b0-403e-aa0d-aaa52d8cbba1,17.211000000000002,measured_angular,/odom,-0.01782884832874461,0.5
1b9bac59-84b0-403e-aa0d-aaa52d8cbba1,17.244,measured_angular,/odom,-0.017177637666546397,0.5
1b9bac59-84b0-403e-aa0d-aaa52d8cbba1,17.28,measured_angular,/odom,-0.01955378650888029,0.5
1b9bac59-84b0-403e-aa0d-aaa52d8cbba1,17.316000000000003,measured_angular,/odom,-0.018869027495399638,0.5
1b9bac59-84b0-403e-aa0d-aaa52d8cbba1,17.352,measured_angular,/odom,-0.018869027495399638,0.5
1b9bac59-84b0-403e-aa0d-aaa52d8cbba1,17.388,measured_angular,/odom,-0.009463616605070568,0.5
1b9bac59-84b0-403e-aa0d-aaa52d8cbba1,17.424,measured_angular,/odom,-0.012276436201754346,0.5
1b9bac59-84b0-403e-aa0d-aaa52d8cbba1,17.46,measured_angular,/odom,-0.005422783949576302,0.5
1b9bac59-84b0-403e-aa0d-aaa52d8cbba1,17.496000000000002,measured_angular,/odom,-0.004459370859079365,0.5
1b9bac59-84b0-403e-aa0d-aaa52d8cbba1,17.532,measured_angular,/odom,-0.00961709114167302,0.5
1b9bac59-84b0-403e-aa0d-aaa52d8cbba1,17.568,measured_angular,/odom,-0.00954065406665924,0.5
1b9bac59-84b0-403e-aa0d-aaa52d8cbba1,17.604000000000003,measured_angular,/odom,-0.015440532937567353,0.5
1b9bac59-84b0-403e-aa0d-aaa52d8cbba1,17.64,measured_angular,/odom,-0.015440532937644719,0.5
1b9bac59-84b0-403e-aa0d-aaa52d8cbba1,17.676000000000002,measured_angular,/odom,-0.02622469699514605,0.5
1b9bac59-84b0-403e-aa0d-aaa52d8cbba1,17.712,measured_angular,/odom,-0.019175809926868643,0.5
1b9bac59-84b0-403e-aa0d-aaa52d8cbba1,17.748,measured_angular,/odom,-0.019059266895165218,0.5
1b9bac59-84b0-403e-aa0d-aaa52d8cbba1,17.784000000000002,measured_angular,/odom,-0.009523914229145922,0.5
1b9bac59-84b0-403e-aa0d-aaa52d8cbba1,17.82,measured_angular,/odom,-0.0029610756103244235,0.5
1b9bac59-84b0-403e-aa0d-aaa52d8cbba1,17.856,measured_angular,/odom,-0.011757860881432053,0.5
1b9bac59-84b0-403e-aa0d-aaa52d8cbba1,17.892,measured_angular,/odom,-0.011757860891489821,0.5
1b9bac59-84b0-403e-aa0d-aaa52d8cbba1,17.928,measured_angular,/odom,0.0002688919557526472,0.5
1b9bac59-84b0-403e-aa0d-aaa52d8cbba1,17.964000000000002,measured_angular,/odom,0.005614231340417745,0.5
1b9bac59-84b0-403e-aa0d-aaa52d8cbba1,18.0,measured_angular,/odom,0.005614231340495114,0.5
1b9bac59-84b0-403e-aa0d-aaa52d8cbba1,18.036,measured_angular,/odom,0.02073581224323771,0.5
1b9bac59-84b0-403e-aa0d-aaa52d8cbba1,18.072000000000003,measured_angular,/odom,0.02407749182595544,0.5
1b9bac59-84b0-403e-aa0d-aaa52d8cbba1,18.111,measured_angular,/odom,0.025138795000147828,0.5
1b9bac59-84b0-403e-aa0d-aaa52d8cbba1,18.144000000000002,measured_angular,/odom,0.02525671757754818,0.5
1b9bac59-84b0-403e-aa0d-aaa52d8cbba1,18.18,measured_angular,/odom,0.01771293592800612,0.5
1b9bac59-84b0-403e-aa0d-aaa52d8cbba1,18.216,measured_angular,/odom,0.015625772997933902,0.5
1b9bac59-84b0-403e-aa0d-aaa52d8cbba1,18.252000000000002,measured_angular,/odom,0.01562577299783075,0.5
1b9bac59-84b0-403e-aa0d-aaa52d8cbba1,18.288,measured_angular,/odom,0.0069559709508073015,0.5
1b9bac59-84b0-403e-aa0d-aaa52d8cbba1,18.324,measured_angular,/odom,0.004285647068300013,0.5
1b9bac59-84b0-403e-aa0d-aaa52d8cbba1,18.36,measured_angular,/odom,0.010097123659106165,0.5
1b9bac59-84b0-403e-aa0d-aaa52d8cbba1,18.396,measured_angular,/odom,0.010799992829572946,0.5
1b9bac59-84b0-403e-aa0d-aaa52d8cbba1,18.432000000000002,measured_angular,/odom,0.010622927919697149,0.5
1b9bac59-84b0-403e-aa0d-aaa52d8cbba1,18.468,measured_angular,/odom,0.008465037967425006,0.5
1b9bac59-84b0-403e-aa0d-aaa52d8cbba1,18.504,measured_angular,/odom,0.007162817753856146,0.5
1b9bac59-84b0-403e-aa0d-aaa52d8cbba1,18.540000000000003,measured_angular,/odom,0.007162817753959304,0.5
1b9bac59-84b0-403e-aa0d-aaa52d8cbba1,18.576,measured_angular,/odom,0.00847406219660155,0.5
1b9bac59-84b0-403e-aa0d-aaa52d8cbba1,18.612000000000002,measured_angular,/odom,0.011417010790532697,0.5
1b9bac59-84b0-403e-aa0d-aaa52d8cbba1,18.648,measured_angular,/odom,0.01141701079899154,0.5
1b9bac59-84b0-403e-aa0d-aaa52d8cbba1,18.684,measured_angular,/odom,0.01153077930212704,0.5
1b9bac59-84b0-403e-aa0d-aaa52d8cbba1,18.720000000000002,measured_angular,/odom,0.004996299490703674,0.5
1b9bac59-84b0-403e-aa0d-aaa52d8cbba1,18.756,measured_angular,/odom,0.01407269759849622,0.5
1b9bac59-84b0-403e-aa0d-aaa52d8cbba1,18.792,measured_angular,/odom,0.014072697609688715,0.5
1b9bac59-84b0-403e-aa0d-aaa52d8cbba1,18.828,measured_angular,/odom,0.015155942082568702,0.5
1b9bac59-84b0-403e-aa0d-aaa52d8cbba1,18.864,measured_angular,/odom,0.01180082000791271,0.5
1b9bac59-84b0-403e-aa0d-aaa52d8cbba1,18.900000000000002,measured_angular,/odom,0.01180082000788692,0.5
1b9bac59-84b0-403e-aa0d-aaa52d8cbba1,18.936,measured_angular,/odom,0.02316259591251979,0.5
1b9bac59-84b0-403e-aa0d-aaa52d8cbba1,18.972,measured_angular,/odom,0.029796437987991458,0.5
1b9bac59-84b0-403e-aa0d-aaa52d8cbba1,19.008000000000003,measured_angular,/odom,0.03268832582111532,0.5
1b9bac59-84b0-403e-aa0d-aaa52d8cbba1,19.044,measured_angular,/odom,0.033001821488133146,0.5
1b9bac59-84b0-403e-aa0d-aaa52d8cbba1,19.080000000000002,measured_angular,/odom,0.027915883825231663,0.5
1b9bac59-84b0-403e-aa0d-aaa52d8cbba1,19.116,measured_angular,/odom,0.022036775946850485,0.5
1b9bac59-84b0-403e-aa0d-aaa52d8cbba1,19.152,measured_angular,/odom,0.022036775946644167,0.5
1b9bac59-84b0-403e-aa0d-aaa52d8cbba1,19.188000000000002,measured_angular,/odom,0.02334703802610865,0.5
1b9bac59-84b0-403e-aa0d-aaa52d8cbba1,19.224,measured_angular,/odom,0.024747692048632634,0.5
1b9bac59-84b0-403e-aa0d-aaa52d8cbba1,19.26,measured_angular,/odom,0.025295995919193313,0.5
1b9bac59-84b0-403e-aa0d-aaa52d8cbba1,19.296000000000003,measured_angular,/odom,0.02535691857348079,0.5
1b9bac59-84b0-403e-aa0d-aaa52d8cbba1,19.332,measured_angular,/odom,0.037125449669753584,0.5
1b9bac59-84b0-403e-aa0d-aaa52d8cbba1,19.368000000000002,measured_angular,/odom,0.03522878141017731,0.5
1b9bac59-84b0-403e-aa0d-aaa52d8cbba1,19.404,measured_angular,/odom,0.03519223630441783,0.5
1b9bac59-84b0-403e-aa0d-aaa52d8cbba1,19.44,measured_angular,/odom,0.035192236304443625,0.5
1b9bac59-84b0-403e-aa0d-aaa52d8cbba1,19.476000000000003,measured_angular,/odom,0.03562213480486539,0.5
1b9bac59-84b0-403e-aa0d-aaa52d8cbba1,19.512,measured_angular,/odom,0.04039786754736347,0.5
1b9bac59-84b0-403e-aa0d-aaa52d8cbba1,19.548000000000002,measured_angular,/odom,0.040397867560515936,0.5
1b9bac59-84b0-403e-aa0d-aaa52d8cbba1,19.584,measured_angular,/odom,0.034670002758630816,0.5
1b9bac59-84b0-403e-aa0d-aaa52d8cbba1,19.62,measured_angular,/odom,0.0320508893664305,0.5
1b9bac59-84b0-403e-aa0d-aaa52d8cbba1,19.656000000000002,measured_angular,/odom,0.0271758325400413,0.5
1b9bac59-84b0-403e-aa0d-aaa52d8cbba1,19.692,measured_angular,/odom,0.0271758325400413,0.5
1b9bac59-84b0-403e-aa0d-aaa52d8cbba1,19.728,measured_angular,/odom,0.028132407178150326,0.5
1b9bac59-84b0-403e-aa0d-aaa52d8cbba1,19.764000000000003,measured_angular,/odom,0.026265410706571367,0.5
1b9bac59-84b0-403e-aa0d-aaa52d8cbba1,19.8,measured_angular,/odom,0.026265410706558474,0.5
1b9bac59-84b0-403e-aa0d-aaa52d8cbba1,19.836000000000002,measured_angular,/odom,0.02355851791808871,0.5
1b9bac59-84b0-403e-aa0d-aaa52d8cbba1,19.872,measured_angular,/odom,0.028379695476222273,0.5
1b9bac59-84b0-403e-aa0d-aaa52d8cbba1,19.911,measured_angular,/odom,0.029239673723643767,0.5
1b9bac59-84b0-403e-aa0d-aaa52d8cbba1,19.944000000000003,measured_angular,/odom,0.029335226863621573,0.5
1b9bac59-84b0-403e-aa0d-aaa52d8cbba1,19.98,measured_angular,/odom,0.02084794392396247,0.5
1b9bac59-84b0-403e-aa0d-aaa52d8cbba1,20.016000000000002,measured_angular,/odom,0.017563674599054536,0.5
1b9bac59-84b0-403e-aa0d-aaa52d8cbba1,20.052,measured_angular,/odom,0.01756367459904164,0.5
1b9bac59-84b0-403e-aa0d-aaa52d8cbba1,20.088,measured_angular,/odom,0.016334798750368366,0.5
1b9bac59-84b0-403e-aa0d-aaa52d8cbba1,20.124000000000002,measured_angular,/odom,0.0240813475049139,0.5
1b9bac59-84b0-403e-aa0d-aaa52d8cbba1,20.16,measured_angular,/odom,0.024595813637958742,0.5
1b9bac59-84b0-403e-aa0d-aaa52d8cbba1,20.196,measured_angular,/odom,0.024652976542810963,0.5
1b9bac59-84b0-403e-aa0d-aaa52d8cbba1,20.232000000000003,measured_angular,/odom,0.019539570450468537,0.5
1b9bac59-84b0-403e-aa0d-aaa52d8cbba1,20.268,measured_angular,/odom,0.0191671641555843,0.5
1b9bac59-84b0-403e-aa0d-aaa52d8cbba1,20.304000000000002,measured_angular,/odom,0.01821749843663408,0.5
1b9bac59-84b0-403e-aa0d-aaa52d8cbba1,20.34,measured_angular,/odom,0.01821749843663408,0.5
1b9bac59-84b0-403e-aa0d-aaa52d8cbba1,20.376,measured_angular,/odom,0.017400864511820407,0.5
1b9bac59-84b0-403e-aa0d-aaa52d8cbba1,20.412000000000003,measured_angular,/odom,0.024415768005793738,0.5
1b9bac59-84b0-403e-aa0d-aaa52d8cbba1,20.448,measured_angular,/odom,0.024528535082886875,0.5
1b9bac59-84b0-403e-aa0d-aaa52d8cbba1,20.484,measured_angular,/odom,0.03193411975691134,0.5
1b9bac59-84b0-403e-aa0d-aaa52d8cbba1,20.52,measured_angular,/odom,0.021044663857646303,0.5
1b9bac59-84b0-403e-aa0d-aaa52d8cbba1,20.556,measured_angular,/odom,0.0172694604845431,0.5
1b9bac59-84b0-403e-aa0d-aaa52d8cbba1,20.592000000000002,measured_angular,/odom,0.0172694604845431,0.5
1b9bac59-84b0-403e-aa0d-aaa52d8cbba1,20.628,measured_angular,/odom,0.019746222339462167,0.5
1b9bac59-84b0-403e-aa0d-aaa52d8cbba1,20.664,measured_angular,/odom,0.011128443301697011,0.5
1b9bac59-84b0-403e-aa0d-aaa52d8cbba1,20.700000000000003,measured_angular,/odom,0.0111284432934058,0.5
1b9bac59-84b0-403e-aa0d-aaa52d8cbba1,20.736,measured_angular,/odom,0.01360519975372411,0.5
1b9bac59-84b0-403e-aa0d-aaa52d8cbba1,20.772000000000002,measured_angular,/odom,0.013101909311017571,0.5
1b9bac59-84b0-403e-aa0d-aaa52d8cbba1,20.808,measured_angular,/odom,0.009533552091334465,0.5
1b9bac59-84b0-403e-aa0d-aaa52d8cbba1,20.844,measured_angular,/odom,0.009137067943872309,0.5
1b9bac59-84b0-403e-aa0d-aaa52d8cbba1,20.880000000000003,measured_angular,/odom,0.006491420799266773,0.5
1b9bac59-84b0-403e-aa0d-aaa52d8cbba1,20.916,measured_angular,/odom,0.012328854761723162,0.5
1b9bac59-84b0-403e-aa0d-aaa52d8cbba1,20.952,measured_angular,/odom,0.012328854762109997,0.5
1b9bac59-84b0-403e-aa0d-aaa52d8cbba1,20.988,measured_angular,/odom,0.00660412048696993,0.5
1b9bac59-84b0-403e-aa0d-aaa52d8cbba1,21.024,measured_angular,/odom,0.019138810423639706,0.5
1b9bac59-84b0-403e-aa0d-aaa52d8cbba1,21.060000000000002,measured_angular,/odom,0.020993587741951692,0.5
1b9bac59-84b0-403e-aa0d-aaa52d8cbba1,21.096,measured_angular,/odom,0.021173365414169008,0.5
1b9bac59-84b0-403e-aa0d-aaa52d8cbba1,21.132,measured_angular,/odom,0.028944041645618274,0.5
1b9bac59-84b0-403e-aa0d-aaa52d8cbba1,21.168000000000003,measured_angular,/odom,0.02359510448209037,0.5
1b9bac59-84b0-403e-aa0d-aaa52d8cbba1,21.204,measured_angular,/odom,0.016888625920078358,0.5
1b9bac59-84b0-403e-aa0d-aaa52d8cbba1,21.240000000000002,measured_angular,/odom,0.01688862591989783,0.5
1b9bac59-84b0-403e-aa0d-aaa52d8cbba1,21.276,measured_angular,/odom,0.019391061738559073,0.5
1b9bac59-84b0-403e-aa0d-aaa52d8cbba1,21.312,measured_angular,/odom,0.019427206367235127,0.5
1b9bac59-84b0-403e-aa0d-aaa52d8cbba1,21.348000000000003,measured_angular,/odom,0.01942720636746723,0.5
1b9bac59-84b0-403e-aa0d-aaa52d8cbba1,21.384,measured_angular,/odom,0.016971847042573873,0.5
1b9bac59-84b0-403e-aa0d-aaa52d8cbba1,21.42,measured_angular,/odom,0.012601893222372896,0.5
1b9bac59-84b0-403e-aa0d-aaa52d8cbba1,21.456000000000003,measured_angular,/odom,0.01840952224938354,0.5
1b9bac59-84b0-403e-aa0d-aaa52d8cbba1,21.492,measured_angular,/odom,0.018409522250208792,0.5
1b9bac59-84b0-403e-aa0d-aaa52d8cbba1,21.528000000000002,measured_angular,/odom,0.017091773081991755,0.5
1b9bac59-84b0-403e-aa0d-aaa52d8cbba1,21.564,measured_angular,/odom,0.02307254075979263,0.5
1b9bac59-84b0-403e-aa0d-aaa52d8cbba1,21.6,measured_angular,/odom,0.023072540760153682,0.5
1b9bac59-84b0-403e-aa0d-aaa52d8cbba1,21.636000000000003,measured_angular,/odom,0.022438023239527056,0.5
1b9bac59-84b0-403e-aa0d-aaa52d8cbba1,21.672,measured_angular,/odom,0.02076716721523115,0.5
1b9bac59-84b0-403e-aa0d-aaa52d8cbba1,21.708000000000002,measured_angular,/odom,0.01821574942070651,0.5
1b9bac59-84b0-403e-aa0d-aaa52d8cbba1,21.744,measured_angular,/odom,0.017932258546415752,0.5
1b9bac59-84b0-403e-aa0d-aaa52d8cbba1,21.78,measured_angular,/odom,0.01746573690491465,0.5
1b9bac59-84b0-403e-aa0d-aaa52d8cbba1,21.816000000000003,measured_angular,/odom,0.01918834782502413,0.5
1b9bac59-84b0-403e-aa0d-aaa52d8cbba1,21.852,measured_angular,/odom,0.019631959498010096,0.5
1b9bac59-84b0-403e-aa0d-aaa52d8cbba1,21.888,measured_angular,/odom,0.02355666327035895,0.5
1b9bac59-84b0-403e-aa0d-aaa52d8cbba1,21.924000000000003,measured_angular,/odom,0.01258596034381787,0.5
1b9bac59-84b0-403e-aa0d-aaa52d8cbba1,21.96,measured_angular,/odom,0.0125948493369341,0.5
1b9bac59-84b0-403e-aa0d-aaa52d8cbba1,21.996000000000002,measured_angular,/odom,0.01259583700464401,0.5
1b9bac59-84b0-403e-aa0d-aaa52d8cbba1,22.032,measured_angular,/odom,0.015928549682288073,0.5
1b9bac59-84b0-403e-aa0d-aaa52d8cbba1,22.068,measured_angular,/odom,0.018391831770362528,0.5
1b9bac59-84b0-403e-aa0d-aaa52d8cbba1,22.104000000000003,measured_angular,/odom,0.013655183837043746,0.5
1b9bac59-84b0-403e-aa0d-aaa52d8cbba1,22.14,measured_angular,/odom,0.01365518383683743,0.5
1b9bac59-84b0-403e-aa0d-aaa52d8cbba1,22.176000000000002,measured_angular,/odom,0.006462413355484653,0.5
1b9bac59-84b0-403e-aa0d-aaa52d8cbba1,22.212,measured_angular,/odom,0.004720561211584752,0.5
1b9bac59-84b0-403e-aa0d-aaa52d8cbba1,22.248,measured_angular,/odom,0.004720561206323765,0.5
1b9bac59-84b0-403e-aa0d-aaa52d8cbba1,22.284000000000002,measured_angular,/odom,-0.0016312633408990314,0.5
1b9bac59-84b0-403e-aa0d-aaa52d8cbba1,22.32,measured_angular,/odom,-0.0008783115970747021,0.5
1b9bac59-84b0-403e-aa0d-aaa52d8cbba1,22.356,measured_angular,/odom,0.0005546939791732725,0.5
1b9bac59-84b0-403e-aa0d-aaa52d8cbba1,22.392000000000003,measured_angular,/odom,0.0005546939791990617,0.5
1b9bac59-84b0-403e-aa0d-aaa52d8cbba1,22.428,measured_angular,/odom,0.0007248327830575915,0.5
1b9bac59-84b0-403e-aa0d-aaa52d8cbba1,22.464000000000002,measured_angular,/odom,0.007979627695014176,0.5
1b9bac59-84b0-403e-aa0d-aaa52d8cbba1,22.5,measured_angular,/odom,0.007979627698469922,0.5
1b9bac59-84b0-403e-aa0d-aaa52d8cbba1,22.536,measured_angular,/odom,0.01364141795770526,0.5
1b9bac59-84b0-403e-aa0d-aaa52d8cbba1,22.572000000000003,measured_angular,/odom,0.009289388557279538,0.5
1b9bac59-84b0-403e-aa0d-aaa52d8cbba1,22.608,measured_angular,/odom,0.012978990830152137,0.5
1b9bac59-84b0-403e-aa0d-aaa52d8cbba1,22.644000000000002,measured_angular,/odom,0.013388946652235409,0.5
1b9bac59-84b0-403e-aa0d-aaa52d8cbba1,22.68,measured_angular,/odom,0.01091711838571027,0.5
1b9bac59-84b0-403e-aa0d-aaa52d8cbba1,22.716,measured_angular,/odom,0.008147489279473724,0.5
1b9bac59-84b0-403e-aa0d-aaa52d8cbba1,22.752000000000002,measured_angular,/odom,0.008147489279731615,0.5
1b9bac59-84b0-403e-aa0d-aaa52d8cbba1,22.788,measured_angular,/odom,0.00449455437629658,0.5
1b9bac59-84b0-403e-aa0d-aaa52d8cbba1,22.824,measured_angular,/odom,0.010620203797659385,0.5
1b9bac59-84b0-403e-aa0d-aaa52d8cbba1,22.860000000000003,measured_angular,/odom,0.012335972669044917,0.5
1b9bac59-84b0-403e-aa0d-aaa52d8cbba1,22.896,measured_angular,/odom,0.012526613660178737,0.5
1b9bac59-84b0-403e-aa0d-aaa52d8cbba1,22.932000000000002,measured_angular,/odom,0.009139616051822268,0.5
1b9bac59-84b0-403e-aa0d-aaa52d8cbba1,22.968,measured_angular,/odom,0.0062967360107544414,0.5
1b9bac59-84b0-403e-aa0d-aaa52d8cbba1,23.004,measured_angular,/odom,0.0008546022000274203,0.5
1b9bac59-84b0-403e-aa0d-aaa52d8cbba1,23.040000000000003,measured_angular,/odom,0.0008546022000016312,0.5
1b9bac59-84b0-403e-aa0d-aaa52d8cbba1,23.076,measured_angular,/odom,0.03094816474171897,0.5
1b9bac59-84b0-403e-aa0d-aaa52d8cbba1,23.112000000000002,measured_angular,/odom,0.04143447800218709,0.5
1b9bac59-84b0-403e-aa0d-aaa52d8cbba1,23.148,measured_angular,/odom,0.04143447801464324,0.5
1b9bac59-84b0-403e-aa0d-aaa52d8cbba1,23.184,measured_angular,/odom,0.02762176230119287,0.5
1b9bac59-84b0-403e-aa0d-aaa52d8cbba1,23.220000000000002,measured_angular,/odom,0.022645194284899438,0.5
1b9bac59-84b0-403e-aa0d-aaa52d8cbba1,23.256,measured_angular,/odom,0.022088747471095592,0.5
1b9bac59-84b0-403e-aa0d-aaa52d8cbba1,23.292,measured_angular,/odom,0.02208874747166295,0.5
1b9bac59-84b0-403e-aa0d-aaa52d8cbba1,23.328000000000003,measured_angular,/odom,0.021864558011944722,0.5
1b9bac59-84b0-403e-aa0d-aaa52d8cbba1,23.364,measured_angular,/odom,0.032530881451301195,0.5
1b9bac59-84b0-403e-aa0d-aaa52d8cbba1,23.400000000000002,measured_angular,/odom,0.03253088146463419,0.5
1b9bac59-84b0-403e-aa0d-aaa52d8cbba1,23.436,measured_angular,/odom,0.03296375647194051,0.5
1b9bac59-84b0-403e-aa0d-aaa52d8cbba1,23.472,measured_angular,/odom,0.02250207694108784,0.5
1b9bac59-84b0-403e-aa0d-aaa52d8cbba1,23.511000000000003,measured_angular,/odom,0.019980479038634383,0.5
1b9bac59-84b0-403e-aa0d-aaa52d8cbba1,23.544,measured_angular,/odom,0.01975538395374781,0.5
1b9bac59-84b0-403e-aa0d-aaa52d8cbba1,23.580000000000002,measured_angular,/odom,0.020797450651410566,0.5
1b9bac59-84b0-403e-aa0d-aaa52d8cbba1,23.616000000000003,measured_angular,/odom,0.034328371068330185,0.5
1b9bac59-84b0-403e-aa0d-aaa52d8cbba1,23.652,measured_angular,/odom,0.03448560833920443,0.5
1b9bac59-84b0-403e-aa0d-aaa52d8cbba1,23.688000000000002,measured_angular,/odom,0.03816206751937175,0.5
1b9bac59-84b0-403e-aa0d-aaa52d8cbba1,23.724,measured_angular,/odom,0.03997261822233403,0.5
1b9bac59-84b0-403e-aa0d-aaa52d8cbba1,23.76,measured_angular,/odom,0.05472884858980169,0.5
1b9bac59-84b0-403e-aa0d-aaa52d8cbba1,23.796000000000003,measured_angular,/odom,0.0585663355885873,0.5
1b9bac59-84b0-403e-aa0d-aaa52d8cbba1,23.832,measured_angular,/odom,0.059097308663748085,0.5
1b9bac59-84b0-403e-aa0d-aaa52d8cbba1,23.868000000000002,measured_angular,/odom,0.06497598054979786,0.5
1b9bac59-84b0-403e-aa0d-aaa52d8cbba1,23.904,measured_angular,/odom,0.06430304050454357,0.5
1b9bac59-84b0-403e-aa0d-aaa52d8cbba1,23.94,measured_angular,/odom,0.06430304050456935,0.5
1b9bac59-84b0-403e-aa0d-aaa52d8cbba1,23.976000000000003,measured_angular,/odom,0.06501774489903583,0.5
1b9bac59-84b0-403e-aa0d-aaa52d8cbba1,24.012,measured_angular,/odom,0.060374729348967884,0.5
1b9bac59-84b0-403e-aa0d-aaa52d8cbba1,24.048000000000002,measured_angular,/odom,0.06037472933566067,0.5
1b9bac59-84b0-403e-aa0d-aaa52d8cbba1,24.084000000000003,measured_angular,/odom,0.03252546522634138,0.5
1b9bac59-84b0-403e-aa0d-aaa52d8cbba1,24.12,measured_angular,/odom,0.01161442957671647,0.5
1b9bac59-84b0-403e-aa0d-aaa52d8cbba1,24.156000000000002,measured_angular,/odom,0.0010581903629254166,0.5
1b9bac59-84b0-403e-aa0d-aaa52d8cbba1,24.192,measured_angular,/odom,0.0010581903629512056,0.5
1b9bac59-84b0-403e-aa0d-aaa52d8cbba1,24.228,measured_angular,/odom,-0.00046310494087110286,0.5
1b9bac59-84b0-403e-aa0d-aaa52d8cbba1,24.264000000000003,measured_angular,/odom,-0.003727422561391821,0.5
1b9bac59-84b0-403e-aa0d-aaa52d8cbba1,24.3,measured_angular,/odom,-0.0037274225614176105,0.5
1b9bac59-84b0-403e-aa0d-aaa52d8cbba1,24.336000000000002,measured_angular,/odom,0.011388108702789349,0.5
1b9bac59-84b0-403e-aa0d-aaa52d8cbba1,24.372,measured_angular,/odom,0.017271956413480886,0.5
1b9bac59-84b0-403e-aa0d-aaa52d8cbba1,24.411,measured_angular,/odom,0.013036540536357982,0.5
1b9bac59-84b0-403e-aa0d-aaa52d8cbba1,24.444000000000003,measured_angular,/odom,0.012565938755868564,0.5
1b9bac59-84b0-403e-aa0d-aaa52d8cbba1,24.48,measured_angular,/odom,0.007351138971284024,0.5
1b9bac59-84b0-403e-aa0d-aaa52d8cbba1,24.516000000000002,measured_angular,/odom,0.004713153466474439,0.5
1b9bac59-84b0-403e-aa0d-aaa52d8cbba1,24.552000000000003,measured_angular,/odom,0.004713153466526016,0.5
1b9bac59-84b0-403e-aa0d-aaa52d8cbba1,24.588,measured_angular,/odom,0.009372445551933528,0.5
1b9bac59-84b0-403e-aa0d-aaa52d8cbba1,24.624000000000002,measured_angular,/odom,0.020268477488783722,0.5
1b9bac59-84b0-403e-aa0d-aaa52d8cbba1,24.66,measured_angular,/odom,0.021498059105356924,0.5
1b9bac59-84b0-403e-aa0d-aaa52d8cbba1,24.696,measured_angular,/odom,0.021634679287681167,0.5
1b9bac59-84b0-403e-aa0d-aaa52d8cbba1,24.732000000000003,measured_angular,/odom,0.018137780959338056,0.5
1b9bac59-84b0-403e-aa0d-aaa52d8cbba1,24.768,measured_angular,/odom,0.01609485299010143,0.5
1b9bac59-84b0-403e-aa0d-aaa52d8cbba1,24.804000000000002,measured_angular,/odom,0.01662050932654948,0.5
1b9bac59-84b0-403e-aa0d-aaa52d8cbba1,24.84,measured_angular,/odom,0.016620509326549484,0.5
1b9bac59-84b0-403e-aa0d-aaa52d8cbba1,24.876,measured_angular,/odom,0.014643289149004732,0.5
1b9bac59-84b0-403e-aa0d-aaa52d8cbba1,24.912000000000003,measured_angular,/odom,0.019134141492454047,0.5
1b9bac59-84b0-403e-aa0d-aaa52d8cbba1,24.948,measured_angular,/odom,0.01913414150478126,0.5
1b9bac59-84b0-403e-aa0d-aaa52d8cbba1,24.984,measured_angular,/odom,0.022327948361575308,0.5
1b9bac59-84b0-403e-aa0d-aaa52d8cbba1,25.020000000000003,measured_angular,/odom,0.01543072362388856,0.5
1b9bac59-84b0-403e-aa0d-aaa52d8cbba1,25.056,measured_angular,/odom,0.011654309928441018,0.5
1b9bac59-84b0-403e-aa0d-aaa52d8cbba1,25.092000000000002,measured_angular,/odom,0.011654309928441018,0.5
1b9bac59-84b0-403e-aa0d-aaa52d8cbba1,25.128,measured_angular,/odom,0.022167816794567807,0.5
1b9bac59-84b0-403e-aa0d-aaa52d8cbba1,25.164,measured_angular,/odom,0.02730603888630114,0.5
1b9bac59-84b0-403e-aa0d-aaa52d8cbba1,25.200000000000003,measured_angular,/odom,0.02730603888645588,0.5
1b9bac59-84b0-403e-aa0d-aaa52d8cbba1,25.236,measured_angular,/odom,0.024728570133792607,0.5
1b9bac59-84b0-403e-aa0d-aaa52d8cbba1,25.272000000000002,measured_angular,/odom,0.018885899351815155,0.5
1b9bac59-84b0-403e-aa0d-aaa52d8cbba1,25.311,measured_angular,/odom,0.024020584470640104,0.5
1b9bac59-84b0-403e-aa0d-aaa52d8cbba1,25.344,measured_angular,/odom,0.02459110505882626,0.5
1b9bac59-84b0-403e-aa0d-aaa52d8cbba1,25.380000000000003,measured_angular,/odom,0.012192275340057419,0.5
1b9bac59-84b0-403e-aa0d-aaa52d8cbba1,25.416,measured_angular,/odom,0.003884210251591403,0.5
1b9bac59-84b0-403e-aa0d-aaa52d8cbba1,25.452,measured_angular,/odom,0.0038842102513077224,0.5
1b9bac59-84b0-403e-aa0d-aaa52d8cbba1,25.488000000000003,measured_angular,/odom,0.000460035597175908,0.5
1b9bac59-84b0-403e-aa0d-aaa52d8cbba1,25.524,measured_angular,/odom,0.0016322007869934564,0.5
1b9bac59-84b0-403e-aa0d-aaa52d8cbba1,25.560000000000002,measured_angular,/odom,0.009590921473479038,0.5
1b9bac59-84b0-403e-aa0d-aaa52d8cbba1,25.596,measured_angular,/odom,0.010830601677059511,0.5
1b9bac59-84b0-403e-aa0d-aaa52d8cbba1,25.632,measured_angular,/odom,0.016648558883651576,0.5
1b9bac59-84b0-403e-aa0d-aaa52d8cbba1,25.668000000000003,measured_angular,/odom,0.019257595568194168,0.5
1b9bac59-84b0-403e-aa0d-aaa52d8cbba1,25.704,measured_angular,/odom,0.01916937157500383,0.5
1b9bac59-84b0-403e-aa0d-aaa52d8cbba1,25.740000000000002,measured_angular,/odom,0.019169371575235936,0.5
1b9bac59-84b0-403e-aa0d-aaa52d8cbba1,25.776000000000003,measured_angular,/odom,0.022343151271431598,0.5
1b9bac59-84b0-403e-aa0d-aaa52d8cbba1,25.812,measured_angular,/odom,0.021585909651500326,0.5
1b9bac59-84b0-403e-aa0d-aaa52d8cbba1,25.848000000000003,measured_angular,/odom,0.02158590964959193,0.5
1b9bac59-84b0-403e-aa0d-aaa52d8cbba1,25.884,measured_angular,/odom,0.024567510932457515,0.5
1b9bac59-84b0-403e-aa0d-aaa52d8cbba1,25.92,measured_angular,/odom,0.026259961346160782,0.5
1b9bac59-84b0-403e-aa0d-aaa52d8cbba1,25.956000000000003,measured_angular,/odom,0.020443571292918645,0.5
1b9bac59-84b0-403e-aa0d-aaa52d8cbba1,25.992,measured_angular,/odom,0.018727382645150146,0.5
1b9bac59-84b0-403e-aa0d-aaa52d8cbba1,26.028000000000002,measured_angular,/odom,0.0166753083534994,0.5
1b9bac59-84b0-403e-aa0d-aaa52d8cbba1,26.064,measured_angular,/odom,0.01630506292019388,0.5
1b9bac59-84b0-403e-aa0d-aaa52d8cbba1,26.1,measured_angular,/odom,0.01630506292011651,0.5
1b9bac59-84b0-403e-aa0d-aaa52d8cbba1,26.136000000000003,measured_angular,/odom,0.0026489180139597115,0.5
1b9bac59-84b0-403e-aa0d-aaa52d8cbba1,26.172,measured_angular,/odom,0.004708295216087086,0.5
1b9bac59-84b0-403e-aa0d-aaa52d8cbba1,26.208000000000002,measured_angular,/odom,0.002042445176285314,0.5
1b9bac59-84b0-403e-aa0d-aaa52d8cbba1,26.244000000000003,measured_angular,/odom,0.0017462396065991554,0.5
1b9bac59-84b0-403e-aa0d-aaa52d8cbba1,26.28,measured_angular,/odom,0.008234600696895036,0.5
1b9bac59-84b0-403e-aa0d-aaa52d8cbba1,26.316000000000003,measured_angular,/odom,0.008449686691206283,0.5
1b9bac59-84b0-403e-aa0d-aaa52d8cbba1,26.352,measured_angular,/odom,0.008449686691154704,0.5
1b9bac59-84b0-403e-aa0d-aaa52d8cbba1,26.388,measured_angular,/odom,0.015021476958296722,0.5
1b9bac59-84b0-403e-aa0d-aaa52d8cbba1,26.424000000000003,measured_angular,/odom,0.016887744888503392,0.5
1b9bac59-84b0-403e-aa0d-aaa52d8cbba1,26.46,measured_angular,/odom,0.012910555315650728,0.5
1b9bac59-84b0-403e-aa0d-aaa52d8cbba1,26.496000000000002,measured_angular,/odom,0.012468645349113763,0.5
1b9bac59-84b0-403e-aa0d-aaa52d8cbba1,26.532,measured_angular,/odom,0.010846051391351004,0.5
1b9bac59-84b0-403e-aa0d-aaa52d8cbba1,26.568,measured_angular,/odom,-0.003398785115653982,0.5
1b9bac59-84b0-403e-aa0d-aaa52d8cbba1,26.604000000000003,measured_angular,/odom,-0.011945978738231815,0.5
1b9bac59-84b0-403e-aa0d-aaa52d8cbba1,26.64,measured_angular,/odom,-0.011945978738257604,0.5
1b9bac59-84b0-403e-aa0d-aaa52d8cbba1,26.676000000000002,measured_angular,/odom,-0.008230806328333267,0.5
1b9bac59-84b0-403e-aa0d-aaa52d8cbba1,26.712000000000003,measured_angular,/odom,0.0014725378025467607,0.5
1b9bac59-84b0-403e-aa0d-aaa52d8cbba1,26.748,measured_angular,/odom,0.001884020515696836,0.5
1b9bac59-84b0-403e-aa0d-aaa52d8cbba1,26.784000000000002,measured_angular,/odom,0.020761585007416036,0.5
1b9bac59-84b0-403e-aa0d-aaa52d8cbba1,26.82,measured_angular,/odom,0.026359258577148208,0.5
1b9bac59-84b0-403e-aa0d-aaa52d8cbba1,26.856,measured_angular,/odom,0.03390916436596831,0.5
1b9bac59-84b0-403e-aa0d-aaa52d8cbba1,26.892000000000003,measured_angular,/odom,0.033909164369062994,0.5
1b9bac59-84b0-403e-aa0d-aaa52d8cbba1,26.928,measured_angular,/odom,0.02957989425943718,0.5
1b9bac59-84b0-403e-aa0d-aaa52d8cbba1,26.964000000000002,measured_angular,/odom,0.025197770446618983,0.5
1b9bac59-84b0-403e-aa0d-aaa52d8cbba1,27.0,measured_angular,/odom,0.02519777044661898,0.5
1b9bac59-84b0-403e-aa0d-aaa52d8cbba1,27.036,measured_angular,/odom,0.022762415930555856,0.5
1b9bac59-84b0-403e-aa0d-aaa52d8cbba1,27.072000000000003,measured_angular,/odom,0.014953239941769086,0.5
1b9bac59-84b0-403e-aa0d-aaa52d8cbba1,27.111,measured_angular,/odom,0.016047660257298126,0.5
1b9bac59-84b0-403e-aa0d-aaa52d8cbba1,27.144000000000002,measured_angular,/odom,0.01619159802796948,0.5
1b9bac59-84b0-403e-aa0d-aaa52d8cbba1,27.180000000000003,measured_angular,/odom,0.0004045690362665355,0.5
1b9bac59-84b0-403e-aa0d-aaa52d8cbba1,27.216,measured_angular,/odom,-0.014854749651178218,0.5
1b9bac59-84b0-403e-aa0d-aaa52d8cbba1,27.252000000000002,measured_angular,/odom,-0.014854749664433842,0.5
1b9bac59-84b0-403e-aa0d-aaa52d8cbba1,27.288,measured_angular,/odom,-0.015325565261550586,0.5
1b9bac59-84b0-403e-aa0d-aaa52d8cbba1,27.324,measured_angular,/odom,-0.010050049051531125,0.5
1b9bac59-84b0-403e-aa0d-aaa52d8cbba1,27.360000000000003,measured_angular,/odom,-0.012217667039898352,0.5
1b9bac59-84b0-403e-aa0d-aaa52d8cbba1,27.396,measured_angular,/odom,-0.01245851349090163,0.5
1b9bac59-84b0-403e-aa0d-aaa52d8cbba1,27.432000000000002,measured_angular,/odom,-0.008364747290281173,0.5
1b9bac59-84b0-403e-aa0d-aaa52d8cbba1,27.468,measured_angular,/odom,-0.006332525104832738,0.5
1b9bac59-84b0-403e-aa0d-aaa52d8cbba1,27.504,measured_angular,/odom,-0.003490539035047252,0.5
1b9bac59-84b0-403e-aa0d-aaa52d8cbba1,27.540000000000003,measured_angular,/odom,-0.0034905390349956747,0.5
1b9bac59-84b0-403e-aa0d-aaa52d8cbba1,27.576,measured_angular,/odom,-0.0010291243672446457,0.5
1b9bac59-84b0-403e-aa0d-aaa52d8cbba1,27.612000000000002,measured_angular,/odom,-0.0007406813098071677,0.5
1b9bac59-84b0-403e-aa0d-aaa52d8cbba1,27.648000000000003,measured_angular,/odom,-0.0007406813089819149,0.5
1b9bac59-84b0-403e-aa0d-aaa52d8cbba1,27.684,measured_angular,/odom,-0.0001709415824789832,0.5
1b9bac59-84b0-403e-aa0d-aaa52d8cbba1,27.720000000000002,measured_angular,/odom,0.0017315868810570205,0.5
1b9bac59-84b0-403e-aa0d-aaa52d8cbba1,27.756,measured_angular,/odom,0.0017042728611248788,0.5
1b9bac59-84b0-403e-aa0d-aaa52d8cbba1,27.792,measured_angular,/odom,0.0016445963406955242,0.5
1b9bac59-84b0-403e-aa0d-aaa52d8cbba1,27.828000000000003,measured_angular,/odom,0.0016953041312236597,0.5
1b9bac59-84b0-403e-aa0d-aaa52d8cbba1,27.864,measured_angular,/odom,-0.00526550970676667,0.5
1b9bac59-84b0-403e-aa0d-aaa52d8cbba1,27.900000000000002,measured_angular,/odom,-0.005265509709500321,0.5
1b9bac59-84b0-403e-aa0d-aaa52d8cbba1,27.936000000000003,measured_angular,/odom,0.0018669456445115282,0.5
1b9bac59-84b0-403e-aa0d-aaa52d8cbba1,27.972,measured_angular,/odom,0.002374360801557665,0.5
1b9bac59-84b0-403e-aa0d-aaa52d8cbba1,28.008000000000003,measured_angular,/odom,0.007336577804171329,0.5
1b9bac59-84b0-403e-aa0d-aaa52d8cbba1,28.044,measured_angular,/odom,0.00788793526590983,0.5
1b9bac59-84b0-403e-aa0d-aaa52d8cbba1,28.080000000000002,measured_angular,/odom,0.008490678759121613,0.5
1b9bac59-84b0-403e-aa0d-aaa52d8cbba1,28.116000000000003,measured_angular,/odom,0.007662592455966887,0.5
1b9bac59-84b0-403e-aa0d-aaa52d8cbba1,28.152,measured_angular,/odom,0.007662592455966887,0.5
1b9bac59-84b0-403e-aa0d-aaa52d8cbba1,28.188000000000002,measured_angular,/odom,-0.005973117176713938,0.5
1b9bac59-84b0-403e-aa0d-aaa52d8cbba1,28.224,measured_angular,/odom,-0.010881328955496159,0.5
1b9bac59-84b0-403e-aa0d-aaa52d8cbba1,28.26,measured_angular,/odom,-0.01595374325541588,0.5
1b9bac59-84b0-403e-aa0d-aaa52d8cbba1,28.296000000000003,measured_angular,/odom,-0.016517344862353987,0.5
1b9bac59-84b0-403e-aa0d-aaa52d8cbba1,28.332,measured_angular,/odom,-0.02005373685568791,0.5
1b9bac59-84b0-403e-aa0d-aaa52d8cbba1,28.368000000000002,measured_angular,/odom,-0.016345202375896855,0.5
1b9bac59-84b0-403e-aa0d-aaa52d8cbba1,28.404000000000003,measured_angular,/odom,-0.019241183996312073,0.5
1b9bac59-84b0-403e-aa0d-aaa52d8cbba1,28.44,measured_angular,/odom,-0.019241183996312073,0.5
1b9bac59-84b0-403e-aa0d-aaa52d8cbba1,28.476000000000003,measured_angular,/odom,-0.01594663597675816,0.5
1b9bac59-84b0-403e-aa0d-aaa52d8cbba1,28.512,measured_angular,/odom,-0.017921665677621733,0.5
1b9bac59-84b0-403e-aa0d-aaa52d8cbba1,28.548000000000002,measured_angular,/odom,-0.017921665683037456,0.5
1b9bac59-84b0-403e-aa0d-aaa52d8cbba1,28.584000000000003,measured_angular,/odom,-0.018278339877101528,0.5
1b9bac59-84b0-403e-aa0d-aaa52d8cbba1,28.62,measured_angular,/odom,-0.012805675085147007,0.5
1b9bac59-84b0-403e-aa0d-aaa52d8cbba1,28.656000000000002,measured_angular,/odom,-0.009947046637654593,0.5
1b9bac59-84b0-403e-aa0d-aaa52d8cbba1,28.692,measured_angular,/odom,-0.009947046637706172,0.5
1b9bac59-84b0-403e-aa0d-aaa52d8cbba1,28.728,measured_angular,/odom,-0.011533407116585521,0.5
1b9bac59-84b0-403e-aa0d-aaa52d8cbba1,28.764000000000003,measured_angular,/odom,-0.008122062310877526,0.5
1b9bac59-84b0-403e-aa0d-aaa52d8cbba1,28.8,measured_angular,/odom,-0.008122062310774367,0.5
1b9bac59-84b0-403e-aa0d-aaa52d8cbba1,28.836000000000002,measured_angular,/odom,-0.0017014683702486736,0.5
1b9bac59-84b0-403e-aa0d-aaa52d8cbba1,28.872000000000003,measured_angular,/odom,-0.00010067027015848817,0.5
1b9bac59-84b0-403e-aa0d-aaa52d8cbba1,28.911,measured_angular,/odom,-0.004535757026595806,0.5
1b9bac59-84b0-403e-aa0d-aaa52d8cbba1,28.944000000000003,measured_angular,/odom,-0.005028544459909696,0.5
1b9bac59-84b0-403e-aa0d-aaa52d8cbba1,28.98,measured_angular,/odom,-0.003125372162542431,0.5
1b9bac59-84b0-403e-aa0d-aaa52d8cbba1,29.016000000000002,measured_angular,/odom,0.004126224663638085,0.5
1b9bac59-84b0-403e-aa0d-aaa52d8cbba1,29.052000000000003,measured_angular,/odom,0.004126224666629628,0.5
1b9bac59-84b0-403e-aa0d-aaa52d8cbba1,29.088,measured_angular,/odom,0.0033022737389599753,0.5
1b9bac59-84b0-403e-aa0d-aaa52d8cbba1,29.124000000000002,measured_angular,/odom,0.002412846312013015,0.5
1b9bac59-84b0-403e-aa0d-aaa52d8cbba1,29.16,measured_angular,/odom,0.00099173664820443,0.5
1b9bac59-84b0-403e-aa0d-aaa52d8cbba1,29.196,measured_angular,/odom,0.000833835569078046,0.5
1b9bac59-84b0-403e-aa0d-aaa52d8cbba1,29.232000000000003,measured_angular,/odom,-0.030819586615175882,0.5
1b9bac59-84b0-403e-aa0d-aaa52d8cbba1,29.268,measured_angular,/odom,-0.06606680015169075,0.5
1b9bac59-84b0-403e-aa0d-aaa52d8cbba1,29.304000000000002,measured_angular,/odom,-0.0805208980939244,0.5
1b9bac59-84b0-403e-aa0d-aaa52d8cbba1,29.340000000000003,measured_angular,/odom,-0.08052089810387901,0.5
1b9bac59-84b0-403e-aa0d-aaa52d8cbba1,29.376,measured_angular,/odom,-0.07118167729084315,0.5
1b9bac59-84b0-403e-aa0d-aaa52d8cbba1,29.412000000000003,measured_angular,/odom,-0.06654824317821242,0.5
1b9bac59-84b0-403e-aa0d-aaa52d8cbba1,29.448,measured_angular,/odom,-0.0665482431649568,0.5
1b9bac59-84b0-403e-aa0d-aaa52d8cbba1,29.484,measured_angular,/odom,-0.0618457645176733,0.5
1b9bac59-84b0-403e-aa0d-aaa52d8cbba1,29.520000000000003,measured_angular,/odom,-0.05835326687632014,0.5
1b9bac59-84b0-403e-aa0d-aaa52d8cbba1,29.556,measured_angular,/odom,-0.0497511588100183,0.5
1b9bac59-84b0-403e-aa0d-aaa52d8cbba1,29.592000000000002,measured_angular,/odom,-0.04975115880372575,0.5
1b9bac59-84b0-403e-aa0d-aaa52d8cbba1,29.628,measured_angular,/odom,-0.04655311406665659,0.5
1b9bac59-84b0-403e-aa0d-aaa52d8cbba1,29.664,measured_angular,/odom,-0.03852511942861978,0.5
1b9bac59-84b0-403e-aa0d-aaa52d8cbba1,29.700000000000003,measured_angular,/odom,-0.03852511942356511,0.5
1b9bac59-84b0-403e-aa0d-aaa52d8cbba1,29.736,measured_angular,/odom,-0.037237323820282955,0.5
1b9bac59-84b0-403e-aa0d-aaa52d8cbba1,29.772000000000002,measured_angular,/odom,-0.03728005290007473,0.5
1b9bac59-84b0-403e-aa0d-aaa52d8cbba1,29.808000000000003,measured_angular,/odom,-0.0424397244890645,0.5
1b9bac59-84b0-403e-aa0d-aaa52d8cbba1,29.844,measured_angular,/odom,-0.04301302135028067,0.5
1b9bac59-84b0-403e-aa0d-aaa52d8cbba1,29.880000000000003,measured_angular,/odom,-0.036369363710406964,0.5
1b9bac59-84b0-403e-aa0d-aaa52d8cbba1,29.916,measured_angular,/odom,-0.03631221503029692,0.5
1b9bac59-84b0-403e-aa0d-aaa52d8cbba1,29.952,measured_angular,/odom,-0.03631221503029692,0.5
1b9bac59-84b0-403e-aa0d-aaa52d8cbba1,29.988000000000003,measured_angular,/odom,-0.03714695721595572,0.5
1b9bac59-84b0-403e-aa0d-aaa52d8cbba1,30.024,measured_angular,/odom,-0.03881307691339633,0.5
1b9bac59-84b0-403e-aa0d-aaa52d8cbba1,30.060000000000002,measured_angular,/odom,-0.038299065085018666,0.5
1b9bac59-84b0-403e-aa0d-aaa52d8cbba1,30.096000000000004,measured_angular,/odom,-0.038241952657752175,0.5
1b9bac59-84b0-403e-aa0d-aaa52d8cbba1,30.132,measured_angular,/odom,-0.017821946673990403,0.5
1b9bac59-84b0-403e-aa0d-aaa52d8cbba1,30.168000000000003,measured_angular,/odom,-0.0009949188830130392,0.5
1b9bac59-84b0-403e-aa0d-aaa52d8cbba1,30.204,measured_angular,/odom,0.01067796069404713,0.5
1b9bac59-84b0-403e-aa0d-aaa52d8cbba1,30.240000000000002,measured_angular,/odom,0.01067796070137125,0.5
1b9bac59-84b0-403e-aa0d-aaa52d8cbba1,30.276000000000003,measured_angular,/odom,0.013234562240541179,0.5
1b9bac59-84b0-403e-aa0d-aaa52d8cbba1,30.312,measured_angular,/odom,0.017678949969411044,0.5
1b9bac59-84b0-403e-aa0d-aaa52d8cbba1,30.348000000000003,measured_angular,/odom,0.017678949981841417,0.5
1b9bac59-84b0-403e-aa0d-aaa52d8cbba1,30.384,measured_angular,/odom,0.009592348715311307,0.5
1b9bac59-84b0-403e-aa0d-aaa52d8cbba1,30.42,measured_angular,/odom,0.007130689367816011,0.5
1b9bac59-84b0-403e-aa0d-aaa52d8cbba1,30.456000000000003,measured_angular,/odom,0.003216369543343442,0.5
1b9bac59-84b0-403e-aa0d-aaa52d8cbba1,30.492,measured_angular,/odom,0.003216369543343442,0.5
1b9bac59-84b0-403e-aa0d-aaa52d8cbba1,30.528000000000002,measured_angular,/odom,-0.00017002342030087236,0.5
1b9bac59-84b0-403e-aa0d-aaa52d8cbba1,30.564000000000004,measured_angular,/odom,-0.0021253193262849284,0.5
1b9bac59-84b0-403e-aa0d-aaa52d8cbba1,30.6,measured_angular,/odom,-0.002125319326388085,0.5
1b9bac59-84b0-403e-aa0d-aaa52d8cbba1,30.636000000000003,measured_angular,/odom,0.0034875760323301508,0.5
1b9bac59-84b0-403e-aa0d-aaa52d8cbba1,30.672,measured_angular,/odom,0.003047007602843688,0.5
1b9bac59-84b0-403e-aa0d-aaa52d8cbba1,30.708000000000002,measured_angular,/odom,0.0031684949057558453,0.5
1b9bac59-84b0-403e-aa0d-aaa52d8cbba1,30.744000000000003,measured_angular,/odom,0.0031819934956388253,0.5
1b9bac59-84b0-403e-aa0d-aaa52d8cbba1,30.78,measured_angular,/odom,0.0017985213010716188,0.5
1b9bac59-84b0-403e-aa0d-aaa52d8cbba1,30.816000000000003,measured_angular,/odom,-0.00125640828668811,0.5
1b9bac59-84b0-403e-aa0d-aaa52d8cbba1,30.852,measured_angular,/odom,-0.0012564082866365314,0.5
1b9bac59-84b0-403e-aa0d-aaa52d8cbba1,30.888,measured_angular,/odom,-0.0019011365462151503,0.5
1b9bac59-84b0-403e-aa0d-aaa52d8cbba1,30.924000000000003,measured_angular,/odom,-0.0021208233668149365,0.5
1b9bac59-84b0-403e-aa0d-aaa52d8cbba1,30.96,measured_angular,/odom,-0.004347858361585555,0.5
1b9bac59-84b0-403e-aa0d-aaa52d8cbba1,30.996000000000002,measured_angular,/odom,-0.0045953067022522515,0.5
1b9bac59-84b0-403e-aa0d-aaa52d8cbba1,31.032000000000004,measured_angular,/odom,-0.009407696300749792,0.5
1b9bac59-84b0-403e-aa0d-aaa52d8cbba1,31.068,measured_angular,/odom,-0.009960470254034879,0.5
1b9bac59-84b0-403e-aa0d-aaa52d8cbba1,31.104000000000003,measured_angular,/odom,-0.0070810653272314495,0.5
1b9bac59-84b0-403e-aa0d-aaa52d8cbba1,31.14,measured_angular,/odom,-0.007081065327179871,0.5
1b9bac59-84b0-403e-aa0d-aaa52d8cbba1,31.176000000000002,measured_angular,/odom,0.0009345795204447844,0.5
1b9bac59-84b0-403e-aa0d-aaa52d8cbba1,31.212000000000003,measured_angular,/odom,-0.00031098731797251744,0.5
1b9bac59-84b0-403e-aa0d-aaa52d8cbba1,31.248,measured_angular,/odom,-0.00031098732142826387,0.5
1b9bac59-84b0-403e-aa0d-aaa52d8cbba1,31.284000000000002,measured_angular,/odom,-0.00022776873106649634,0.5
1b9bac59-84b0-403e-aa0d-aaa52d8cbba1,31.32,measured_angular,/odom,-0.001046247585818763,0.5
1b9bac59-84b0-403e-aa0d-aaa52d8cbba1,31.356,measured_angular,/odom,0.0012965856589186688,0.5
1b9bac59-84b0-403e-aa0d-aaa52d8cbba1,31.392000000000003,measured_angular,/odom,0.0012965856589186688,0.5
1b9bac59-84b0-403e-aa0d-aaa52d8cbba1,31.428,measured_angular,/odom,0.0036707699924736505,0.5
1b9bac59-84b0-403e-aa0d-aaa52d8cbba1,31.464000000000002,measured_angular,/odom,0.001834988477182301,0.5
1b9bac59-84b0-403e-aa0d-aaa52d8cbba1,31.500000000000004,measured_angular,/odom,0.0018349884772338794,0.5
1b9bac59-84b0-403e-aa0d-aaa52d8cbba1,31.536,measured_angular,/odom,-0.0015640279740057113,0.5
1b9bac59-84b0-403e-aa0d-aaa52d8cbba1,31.572000000000003,measured_angular,/odom,-0.005564970418563004,0.5
1b9bac59-84b0-403e-aa0d-aaa52d8cbba1,31.611,measured_angular,/odom,-0.005083036983088998,0.5
1b9bac59-84b0-403e-aa0d-aaa52d8cbba1,31.644000000000002,measured_angular,/odom,-0.0050294888207722726,0.5
1b9bac59-84b0-403e-aa0d-aaa52d8cbba1,31.680000000000003,measured_angular,/odom,-0.0016088789902348577,0.5
1b9bac59-84b0-403e-aa0d-aaa52d8cbba1,31.716,measured_angular,/odom,-0.000905273831842418,0.5
1b9bac59-84b0-403e-aa0d-aaa52d8cbba1,31.752000000000002,measured_angular,/odom,-0.000905273831842418,0.5
1b9bac59-84b0-403e-aa0d-aaa52d8cbba1,31.788,measured_angular,/odom,0.0016220309912355821,0.5
1b9bac59-84b0-403e-aa0d-aaa52d8cbba1,31.824,measured_angular,/odom,0.0004712755323683281,0.5
1b9bac59-84b0-403e-aa0d-aaa52d8cbba1,31.860000000000003,measured_angular,/odom,-0.0016376554090875035,0.5
1b9bac59-84b0-403e-aa0d-aaa52d8cbba1,31.896,measured_angular,/odom,-0.0018719810763842613,0.5
1b9bac59-84b0-403e-aa0d-aaa52d8cbba1,31.932000000000002,measured_angular,/odom,-0.006186059198040493,0.5
1b9bac59-84b0-403e-aa0d-aaa52d8cbba1,31.968000000000004,measured_angular,/odom,-0.006692860087538974,0.5
1b9bac59-84b0-403e-aa0d-aaa52d8cbba1,32.004000000000005,measured_angular,/odom,-0.00021834520285502545,0.5
1b9bac59-84b0-403e-aa0d-aaa52d8cbba1,32.04,measured_angular,/odom,-0.0002183452014108329,0.5
1b9bac59-84b0-403e-aa0d-aaa52d8cbba1,32.076,measured_angular,/odom,0.003029473591486377,0.5
1b9bac59-84b0-403e-aa0d-aaa52d8cbba1,32.112,measured_angular,/odom,-0.0003803486662286599,0.5
1b9bac59-84b0-403e-aa0d-aaa52d8cbba1,32.148,measured_angular,/odom,-0.00038034867571906807,0.5
1b9bac59-84b0-403e-aa0d-aaa52d8cbba1,32.184000000000005,measured_angular,/odom,7.533578871069686e-05,0.5
1b9bac59-84b0-403e-aa0d-aaa52d8cbba1,32.22,measured_angular,/odom,-0.002923554667628847,0.5
1b9bac59-84b0-403e-aa0d-aaa52d8cbba1,32.256,measured_angular,/odom,-0.003311403794092339,0.5
1b9bac59-84b0-403e-aa0d-aaa52d8cbba1,32.292,measured_angular,/odom,-0.003311403794092339,0.5
1b9bac59-84b0-403e-aa0d-aaa52d8cbba1,32.328,measured_angular,/odom,-0.007138030357472407,0.5
1b9bac59-84b0-403e-aa0d-aaa52d8cbba1,32.364000000000004,measured_angular,/odom,-0.009310744702470956,0.5
1b9bac59-84b0-403e-aa0d-aaa52d8cbba1,32.4,measured_angular,/odom,-0.009310744702780427,0.5
1b9bac59-84b0-403e-aa0d-aaa52d8cbba1,32.436,measured_angular,/odom,-0.005831351504032507,0.5
1b9bac59-84b0-403e-aa0d-aaa52d8cbba1,32.472,measured_angular,/odom,-0.009787872422898511,0.5
1b9bac59-84b0-403e-aa0d-aaa52d8cbba1,32.511,measured_angular,/odom,-0.0013575745161403634,0.5
1b9bac59-84b0-403e-aa0d-aaa52d8cbba1,32.544000000000004,measured_angular,/odom,-2.011553912212827e-12,0.5
1b9bac59-84b0-403e-aa0d-aaa52d8cbba1,32.580000000000005,measured_angular,/odom,-8.768311925030272e-13,0.5
1b9bac59-84b0-403e-aa0d-aaa52d8cbba1,32.616,measured_angular,/odom,0.0,0.5
1b9bac59-84b0-403e-aa0d-aaa52d8cbba1,32.652,measured_angular,/odom,0.0,0.5
1b9bac59-84b0-403e-aa0d-aaa52d8cbba1,32.688,measured_angular,/odom,0.0,0.5
1b9bac59-84b0-403e-aa0d-aaa52d8cbba1,32.724000000000004,measured_angular,/odom,0.0,0.5
1b9bac59-84b0-403e-aa0d-aaa52d8cbba1,32.760000000000005,measured_angular,/odom,0.0,0.5
1b9bac59-84b0-403e-aa0d-aaa52d8cbba1,32.796,measured_angular,/odom,0.0,0.5
1b9bac59-84b0-403e-aa0d-aaa52d8cbba1,32.832,measured_angular,/odom,0.0,0.5
1b9bac59-84b0-403e-aa0d-aaa52d8cbba1,32.868,measured_angular,/odom,0.0,0.5
1b9bac59-84b0-403e-aa0d-aaa52d8cbba1,32.904,measured_angular,/odom,0.0,0.5
1b9bac59-84b0-403e-aa0d-aaa52d8cbba1,32.940000000000005,measured_angular,/odom,0.0,0.5
1b9bac59-84b0-403e-aa0d-aaa52d8cbba1,32.976,measured_angular,/odom,0.0,0.5
1b9bac59-84b0-403e-aa0d-aaa52d8cbba1,33.012,measured_angular,/odom,0.0,0.5
1b9bac59-84b0-403e-aa0d-aaa52d8cbba1,33.048,measured_angular,/odom,0.0,0.5
1b9bac59-84b0-403e-aa0d-aaa52d8cbba1,33.084,measured_angular,/odom,0.0,0.5
1b9bac59-84b0-403e-aa0d-aaa52d8cbba1,33.120000000000005,measured_angular,/odom,0.0,0.5
1b9bac59-84b0-403e-aa0d-aaa52d8cbba1,33.156,measured_angular,/odom,0.0,0.5
1b9bac59-84b0-403e-aa0d-aaa52d8cbba1,33.192,measured_angular,/odom,0.0,0.5
1b9bac59-84b0-403e-aa0d-aaa52d8cbba1,33.228,measured_angular,/odom,0.0,0.5
1b9bac59-84b0-403e-aa0d-aaa52d8cbba1,13.176,measured_linear,/odom,-3.0881409535313046e-21,0.5
1b9bac59-84b0-403e-aa0d-aaa52d8cbba1,13.212000000000002,measured_linear,/odom,6.176281907062607e-21,0.5
1b9bac59-84b0-403e-aa0d-aaa52d8cbba1,13.248000000000001,measured_linear,/odom,-6.176281907062607e-21,0.5
1b9bac59-84b0-403e-aa0d-aaa52d8cbba1,13.284,measured_linear,/odom,-2.205814966808074e-21,0.5
1b9bac59-84b0-403e-aa0d-aaa52d8cbba1,13.32,measured_linear,/odom,-1.1470237827401985e-20,0.5
1b9bac59-84b0-403e-aa0d-aaa52d8cbba1,13.356000000000002,measured_linear,/odom,-2.2058149668080737e-21,0.5
1b9bac59-84b0-403e-aa0d-aaa52d8cbba1,13.392000000000001,measured_linear,/odom,5.7351189137009924e-21,0.5
1b9bac59-84b0-403e-aa0d-aaa52d8cbba1,13.428,measured_linear,/odom,-5.7351189137009924e-21,0.5
1b9bac59-84b0-403e-aa0d-aaa52d8cbba1,13.464,measured_linear,/odom,-1.1470237827401985e-20,0.5
1b9bac59-84b0-403e-aa0d-aaa52d8cbba1,13.5,measured_linear,/odom,-1.7646519734464577e-21,0.5
1b9bac59-84b0-403e-aa0d-aaa52d8cbba1,13.536000000000001,measured_linear,/odom,-1.3234889800848443e-21,0.5
1b9bac59-84b0-403e-aa0d-aaa52d8cbba1,13.572000000000001,measured_linear,/odom,-1.1911400820763602e-20,0.5
1b9bac59-84b0-403e-aa0d-aaa52d8cbba1,13.611,measured_linear,/odom,0.0,0.5
1b9bac59-84b0-403e-aa0d-aaa52d8cbba1,13.644,measured_linear,/odom,-1.5440704767656518e-20,0.5
1b9bac59-84b0-403e-aa0d-aaa52d8cbba1,13.680000000000001,measured_linear,/odom,6.6174449004242214e-21,0.5
1b9bac59-84b0-403e-aa0d-aaa52d8cbba1,13.716000000000001,measured_linear,/odom,-4.852792926977762e-21,0.5
1b9bac59-84b0-403e-aa0d-aaa52d8cbba1,13.752,measured_linear,/odom,3.9704669402545336e-21,0.5
1b9bac59-84b0-403e-aa0d-aaa52d8cbba1,13.788,measured_linear,/odom,-1.6764193747741362e-20,0.5
1b9bac59-84b0-403e-aa0d-aaa52d8cbba1,13.824000000000002,measured_linear,/odom,-1.367605279421006e-20,0.5
1b9bac59-84b0-403e-aa0d-aaa52d8cbba1,13.860000000000001,measured_linear,/odom,3.970466940254532e-21,0.5
1b9bac59-84b0-403e-aa0d-aaa52d8cbba1,13.896,measured_linear,/odom,-4.411629933616148e-21,0.5
1b9bac59-84b0-403e-aa0d-aaa52d8cbba1,13.932,measured_linear,/odom,-1.3676052794210057e-20,0.5
1b9bac59-84b0-403e-aa0d-aaa52d8cbba1,13.968000000000002,measured_linear,/odom,-1.323488980084844e-20,0.5
1b9bac59-84b0-403e-aa0d-aaa52d8cbba1,14.004000000000001,measured_linear,/odom,-1.764651973446459e-20,0.5
1b9bac59-84b0-403e-aa0d-aaa52d8cbba1,14.040000000000001,measured_linear,/odom,2.6469779601696886e-21,0.5
1b9bac59-84b0-403e-aa0d-aaa52d8cbba1,14.076,measured_linear,/odom,-4.411629933616145e-22,0.5
1b9bac59-84b0-403e-aa0d-aaa52d8cbba1,14.112,measured_linear,/odom,-4.411629933616147e-21,0.5
1b9bac59-84b0-403e-aa0d-aaa52d8cbba1,14.148000000000001,measured_linear,/odom,-9.26442286059391e-21,0.5
1b9bac59-84b0-403e-aa0d-aaa52d8cbba1,14.184000000000001,measured_linear,/odom,-1.4999541774294904e-20,0.5
1b9bac59-84b0-403e-aa0d-aaa52d8cbba1,14.22,measured_linear,/odom,-4.852792926977762e-21,0.5
1b9bac59-84b0-403e-aa0d-aaa52d8cbba1,14.256,measured_linear,/odom,-7.058607893785835e-21,0.5
1b9bac59-84b0-403e-aa0d-aaa52d8cbba1,14.292000000000002,measured_linear,/odom,-5.7351189137009924e-21,0.5
1b9bac59-84b0-403e-aa0d-aaa52d8cbba1,14.328000000000001,measured_linear,/odom,-1.367605279421006e-20,0.5
1b9bac59-84b0-403e-aa0d-aaa52d8cbba1,14.364,measured_linear,/odom,-4.4116299336161466e-21,0.5
1b9bac59-84b0-403e-aa0d-aaa52d8cbba1,14.4,measured_linear,/odom,-5.293955920339377e-21,0.5
1b9bac59-84b0-403e-aa0d-aaa52d8cbba1,14.436000000000002,measured_linear,/odom,-5.735118913700992e-21,0.5
1b9bac59-84b0-403e-aa0d-aaa52d8cbba1,14.472000000000001,measured_linear,/odom,-1.1911400820763602e-20,0.5
1b9bac59-84b0-403e-aa0d-aaa52d8cbba1,14.511000000000001,measured_linear,/odom,-1.2793726807486828e-20,0.5
1b9bac59-84b0-403e-aa0d-aaa52d8cbba1,14.544,measured_linear,/odom,5.735118913700992e-21,0.5
1b9bac59-84b0-403e-aa0d-aaa52d8cbba1,14.58,measured_linear,/odom,-8.823259867232295e-21,0.5
1b9bac59-84b0-403e-aa0d-aaa52d8cbba1,14.616000000000001,measured_linear,/odom,8.823259867232294e-22,0.5
1b9bac59-84b0-403e-aa0d-aaa52d8cbba1,14.652000000000001,measured_linear,/odom,-4.8527929269777626e-21,0.5
1b9bac59-84b0-403e-aa0d-aaa52d8cbba1,14.688,measured_linear,/odom,1.1470237827401983e-20,0.5
1b9bac59-84b0-403e-aa0d-aaa52d8cbba1,14.724,measured_linear,/odom,-3.0881409535313034e-21,0.5
1b9bac59-84b0-403e-aa0d-aaa52d8cbba1,14.760000000000002,measured_linear,/odom,-1.588186776101813e-20,0.5
1b9bac59-84b0-403e-aa0d-aaa52d8cbba1,14.796000000000001,measured_linear,/odom,-2.6028616608335263e-20,0.5
1b9bac59-84b0-403e-aa0d-aaa52d8cbba1,14.832,measured_linear,/odom,0.016499999991834408,0.5
1b9bac59-84b0-403e-aa0d-aaa52d8cbba1,14.868,measured_linear,/odom,0.04870095347622973,0.5
1b9bac59-84b0-403e-aa0d-aaa52d8cbba1,14.904000000000002,measured_linear,/odom,0.08470095347537934,0.5
1b9bac59-84b0-403e-aa0d-aaa52d8cbba1,14.940000000000001,measured_linear,/odom,0.10103381425142288,0.5
1b9bac59-84b0-403e-aa0d-aaa52d8cbba1,14.976,measured_linear,/odom,0.1153044540963476,0.5
1b9bac59-84b0-403e-aa0d-aaa52d8cbba1,15.012,measured_linear,/odom,0.1246026169875915,0.5
1b9bac59-84b0-403e-aa0d-aaa52d8cbba1,15.048000000000002,measured_linear,/odom,0.12517371773719693,0.5
1b9bac59-84b0-403e-aa0d-aaa52d8cbba1,15.084000000000001,measured_linear,/odom,0.13030886650027176,0.5
1b9bac59-84b0-403e-aa0d-aaa52d8cbba1,15.120000000000001,measured_linear,/odom,0.12957817912124406,0.5
1b9bac59-84b0-403e-aa0d-aaa52d8cbba1,15.156,measured_linear,/odom,0.13193681836128707,0.5
1b9bac59-84b0-403e-aa0d-aaa52d8cbba1,15.192,measured_linear,/odom,0.13193681836128152,0.5
1b9bac59-84b0-403e-aa0d-aaa52d8cbba1,15.228000000000002,measured_linear,/odom,0.13078629821573612,0.5
1b9bac59-84b0-403e-aa0d-aaa52d8cbba1,15.264000000000001,measured_linear,/odom,0.1351028233762614,0.5
1b9bac59-84b0-403e-aa0d-aaa52d8cbba1,15.3,measured_linear,/odom,0.13510282337665483,0.5
1b9bac59-84b0-403e-aa0d-aaa52d8cbba1,15.336,measured_linear,/odom,0.1337206661701193,0.5
1b9bac59-84b0-403e-aa0d-aaa52d8cbba1,15.372000000000002,measured_linear,/odom,0.13703474490551043,0.5
1b9bac59-84b0-403e-aa0d-aaa52d8cbba1,15.411000000000001,measured_linear,/odom,0.13608205318480296,0.5
1b9bac59-84b0-403e-aa0d-aaa52d8cbba1,15.444,measured_linear,/odom,0.13597232103347753,0.5
1b9bac59-84b0-403e-aa0d-aaa52d8cbba1,15.48,measured_linear,/odom,0.13834350109029056,0.5
1b9bac59-84b0-403e-aa0d-aaa52d8cbba1,15.516000000000002,measured_linear,/odom,0.140535578131677,0.5
1b9bac59-84b0-403e-aa0d-aaa52d8cbba1,15.552000000000001,measured_linear,/odom,0.14053557813167722,0.5
1b9bac59-84b0-403e-aa0d-aaa52d8cbba1,15.588000000000001,measured_linear,/odom,0.13853516280718584,0.5
1b9bac59-84b0-403e-aa0d-aaa52d8cbba1,15.624,measured_linear,/odom,0.13894815742969394,0.5
1b9bac59-84b0-403e-aa0d-aaa52d8cbba1,15.66,measured_linear,/odom,0.13978862762425295,0.5
1b9bac59-84b0-403e-aa0d-aaa52d8cbba1,15.696000000000002,measured_linear,/odom,0.13988201320171353,0.5
1b9bac59-84b0-403e-aa0d-aaa52d8cbba1,15.732000000000001,measured_linear,/odom,0.1393959373237027,0.5
1b9bac59-84b0-403e-aa0d-aaa52d8cbba1,15.768,measured_linear,/odom,0.14155003279381118,0.5
1b9bac59-84b0-403e-aa0d-aaa52d8cbba1,15.804,measured_linear,/odom,0.13314902606172083,0.5
1b9bac59-84b0-403e-aa0d-aaa52d8cbba1,15.840000000000002,measured_linear,/odom,0.13285565376281727,0.5
1b9bac59-84b0-403e-aa0d-aaa52d8cbba1,15.876000000000001,measured_linear,/odom,0.1388362348071555,0.5
1b9bac59-84b0-403e-aa0d-aaa52d8cbba1,15.912,measured_linear,/odom,0.13690000772528477,0.5
1b9bac59-84b0-403e-aa0d-aaa52d8cbba1,15.948,measured_linear,/odom,0.13690000772476343,0.5
1b9bac59-84b0-403e-aa0d-aaa52d8cbba1,15.984000000000002,measured_linear,/odom,0.13508719205906766,0.5
1b9bac59-84b0-403e-aa0d-aaa52d8cbba1,16.02,measured_linear,/odom,0.13477235436449622,0.5
1b9bac59-84b0-403e-aa0d-aaa52d8cbba1,16.056,measured_linear,/odom,0.13749602437019098,0.5
1b9bac59-84b0-403e-aa0d-aaa52d8cbba1,16.092000000000002,measured_linear,/odom,0.13749602437019146,0.5
1b9bac59-84b0-403e-aa0d-aaa52d8cbba1,16.128,measured_linear,/odom,0.13946016430788816,0.5
1b9bac59-84b0-403e-aa0d-aaa52d8cbba1,16.164,measured_linear,/odom,0.14213824272155676,0.5
1b9bac59-84b0-403e-aa0d-aaa52d8cbba1,16.2,measured_linear,/odom,0.14213824272155628,0.5
1b9bac59-84b0-403e-aa0d-aaa52d8cbba1,16.236,measured_linear,/odom,0.13911709189415636,0.5
1b9bac59-84b0-403e-aa0d-aaa52d8cbba1,16.272000000000002,measured_linear,/odom,0.14012116193743337,0.5
1b9bac59-84b0-403e-aa0d-aaa52d8cbba1,16.311,measured_linear,/odom,0.14214530438124012,0.5
1b9bac59-84b0-403e-aa0d-aaa52d8cbba1,16.344,measured_linear,/odom,0.1423702090978622,0.5
1b9bac59-84b0-403e-aa0d-aaa52d8cbba1,16.380000000000003,measured_linear,/odom,0.1451051899663265,0.5
1b9bac59-84b0-403e-aa0d-aaa52d8cbba1,16.416,measured_linear,/odom,0.1442235112190252,0.5
1b9bac59-84b0-403e-aa0d-aaa52d8cbba1,16.452,measured_linear,/odom,0.14422351121902294,0.5
1b9bac59-84b0-403e-aa0d-aaa52d8cbba1,16.488,measured_linear,/odom,0.1452853560444218,0.5
1b9bac59-84b0-403e-aa0d-aaa52d8cbba1,16.524,measured_linear,/odom,0.14984941482508637,0.5
1b9bac59-84b0-403e-aa0d-aaa52d8cbba1,16.560000000000002,measured_linear,/odom,0.15351288108710476,0.5
1b9bac59-84b0-403e-aa0d-aaa52d8cbba1,16.596,measured_linear,/odom,0.1540537476539608,0.5
1b9bac59-84b0-403e-aa0d-aaa52d8cbba1,16.632,measured_linear,/odom,0.1524312198166511,0.5
1b9bac59-84b0-403e-aa0d-aaa52d8cbba1,16.668000000000003,measured_linear,/odom,0.15278093963850362,0.5
1b9bac59-84b0-403e-aa0d-aaa52d8cbba1,16.704,measured_linear,/odom,0.15398339927196514,0.5
1b9bac59-84b0-403e-aa0d-aaa52d8cbba1,16.740000000000002,measured_linear,/odom,0.15398339927196097,0.5
1b9bac59-84b0-403e-aa0d-aaa52d8cbba1,16.776,measured_linear,/odom,0.15302300453185944,0.5
1b9bac59-84b0-403e-aa0d-aaa52d8cbba1,16.812,measured_linear,/odom,0.1510471850639017,0.5
1b9bac59-84b0-403e-aa0d-aaa52d8cbba1,16.848000000000003,measured_linear,/odom,0.1510471850633632,0.5
1b9bac59-84b0-403e-aa0d-aaa52d8cbba1,16.884,measured_linear,/odom,0.15317898988723527,0.5
1b9bac59-84b0-403e-aa0d-aaa52d8cbba1,16.92,measured_linear,/odom,0.15384325236063032,0.5
1b9bac59-84b0-403e-aa0d-aaa52d8cbba1,16.956,measured_linear,/odom,0.1564370691776275,0.5
1b9bac59-84b0-403e-aa0d-aaa52d8cbba1,16.992,measured_linear,/odom,0.15643706917762845,0.5
1b9bac59-84b0-403e-aa0d-aaa52d8cbba1,17.028000000000002,measured_linear,/odom,0.15919723896896204,0.5
1b9bac59-84b0-403e-aa0d-aaa52d8cbba1,17.064,measured_linear,/odom,0.16048163175583216,0.5
1b9bac59-84b0-403e-aa0d-aaa52d8cbba1,17.1,measured_linear,/odom,0.16048163175582478,0.5
1b9bac59-84b0-403e-aa0d-aaa52d8cbba1,17.136000000000003,measured_linear,/odom,0.1606556326150884,0.5
1b9bac59-84b0-403e-aa0d-aaa52d8cbba1,17.172,measured_linear,/odom,0.155207494510771,0.5
1b9bac59-84b0-403e-aa0d-aaa52d8cbba1,17.211000000000002,measured_linear,/odom,0.15759746432224736,0.5
1b9bac59-84b0-403e-aa0d-aaa52d8cbba1,17.244,measured_linear,/odom,0.1578932404518128,0.5
1b9bac59-84b0-403e-aa0d-aaa52d8cbba1,17.28,measured_linear,/odom,0.157008272409707,0.5
1b9bac59-84b0-403e-aa0d-aaa52d8cbba1,17.316000000000003,measured_linear,/odom,0.15719985961914024,0.5
1b9bac59-84b0-403e-aa0d-aaa52d8cbba1,17.352,measured_linear,/odom,0.1571998596191402,0.5
1b9bac59-84b0-403e-aa0d-aaa52d8cbba1,17.388,measured_linear,/odom,0.15704602003104584,0.5
1b9bac59-84b0-403e-aa0d-aaa52d8cbba1,17.424,measured_linear,/odom,0.16432732519981635,0.5
1b9bac59-84b0-403e-aa0d-aaa52d8cbba1,17.46,measured_linear,/odom,0.16621054857917833,0.5
1b9bac59-84b0-403e-aa0d-aaa52d8cbba1,17.496000000000002,measured_linear,/odom,0.16640350222587957,0.5
1b9bac59-84b0-403e-aa0d-aaa52d8cbba1,17.532,measured_linear,/odom,0.17219217982124832,0.5
1b9bac59-84b0-403e-aa0d-aaa52d8cbba1,17.568,measured_linear,/odom,0.17918813791050758,0.5
1b9bac59-84b0-403e-aa0d-aaa52d8cbba1,17.604000000000003,measured_linear,/odom,0.1823675930499998,0.5
1b9bac59-84b0-403e-aa0d-aaa52d8cbba1,17.64,measured_linear,/odom,0.18236759305000905,0.5
1b9bac59-84b0-403e-aa0d-aaa52d8cbba1,17.676000000000002,measured_linear,/odom,0.17992410063742875,0.5
1b9bac59-84b0-403e-aa0d-aaa52d8cbba1,17.712,measured_linear,/odom,0.17647663564778387,0.5
1b9bac59-84b0-403e-aa0d-aaa52d8cbba1,17.748,measured_linear,/odom,0.1764269173145307,0.5
1b9bac59-84b0-403e-aa0d-aaa52d8cbba1,17.784000000000002,measured_linear,/odom,0.1721836945545794,0.5
1b9bac59-84b0-403e-aa0d-aaa52d8cbba1,17.82,measured_linear,/odom,0.1717659115792266,0.5
1b9bac59-84b0-403e-aa0d-aaa52d8cbba1,17.856,measured_linear,/odom,0.17449702322482236,0.5
1b9bac59-84b0-403e-aa0d-aaa52d8cbba1,17.892,measured_linear,/odom,0.1744970232248279,0.5
1b9bac59-84b0-403e-aa0d-aaa52d8cbba1,17.928,measured_linear,/odom,0.17514995336514647,0.5
1b9bac59-84b0-403e-aa0d-aaa52d8cbba1,17.964000000000002,measured_linear,/odom,0.17349693179130693,0.5
1b9bac59-84b0-403e-aa0d-aaa52d8cbba1,18.0,measured_linear,/odom,0.17349693179130135,0.5
1b9bac59-84b0-403e-aa0d-aaa52d8cbba1,18.036,measured_linear,/odom,0.17887753248151209,0.5
1b9bac59-84b0-403e-aa0d-aaa52d8cbba1,18.072000000000003,measured_linear,/odom,0.17533004791835022,0.5
1b9bac59-84b0-403e-aa0d-aaa52d8cbba1,18.111,measured_linear,/odom,0.17806371836577575,0.5
1b9bac59-84b0-403e-aa0d-aaa52d8cbba1,18.144000000000002,measured_linear,/odom,0.17838734388351815,0.5
1b9bac59-84b0-403e-aa0d-aaa52d8cbba1,18.18,measured_linear,/odom,0.1761616870767535,0.5
1b9bac59-84b0-403e-aa0d-aaa52d8cbba1,18.216,measured_linear,/odom,0.1803420186038888,0.5
1b9bac59-84b0-403e-aa0d-aaa52d8cbba1,18.252000000000002,measured_linear,/odom,0.18034201860427737,0.5
1b9bac59-84b0-403e-aa0d-aaa52d8cbba1,18.288,measured_linear,/odom,0.18323905258088763,0.5
1b9bac59-84b0-403e-aa0d-aaa52d8cbba1,18.324,measured_linear,/odom,0.18475826084614436,0.5
1b9bac59-84b0-403e-aa0d-aaa52d8cbba1,18.36,measured_linear,/odom,0.18591381013359407,0.5
1b9bac59-84b0-403e-aa0d-aaa52d8cbba1,18.396,measured_linear,/odom,0.18604220449924638,0.5
1b9bac59-84b0-403e-aa0d-aaa52d8cbba1,18.432000000000002,measured_linear,/odom,0.18834775686201546,0.5
1b9bac59-84b0-403e-aa0d-aaa52d8cbba1,18.468,measured_linear,/odom,0.189566284417723,0.5
1b9bac59-84b0-403e-aa0d-aaa52d8cbba1,18.504,measured_linear,/odom,0.1853010058406897,0.5
1b9bac59-84b0-403e-aa0d-aaa52d8cbba1,18.540000000000003,measured_linear,/odom,0.18530100584030854,0.5
1b9bac59-84b0-403e-aa0d-aaa52d8cbba1,18.576,measured_linear,/odom,0.17895488264652962,0.5
1b9bac59-84b0-403e-aa0d-aaa52d8cbba1,18.612000000000002,measured_linear,/odom,0.17588514448487005,0.5
1b9bac59-84b0-403e-aa0d-aaa52d8cbba1,18.648,measured_linear,/odom,0.17588166892527807,0.5
1b9bac59-84b0-403e-aa0d-aaa52d8cbba1,18.684,measured_linear,/odom,0.1800901436674755,0.5
1b9bac59-84b0-403e-aa0d-aaa52d8cbba1,18.720000000000002,measured_linear,/odom,0.18423529653421683,0.5
1b9bac59-84b0-403e-aa0d-aaa52d8cbba1,18.756,measured_linear,/odom,0.18232426047326739,0.5
1b9bac59-84b0-403e-aa0d-aaa52d8cbba1,18.792,measured_linear,/odom,0.18232426047325634,0.5
1b9bac59-84b0-403e-aa0d-aaa52d8cbba1,18.828,measured_linear,/odom,0.1803526759153536,0.5
1b9bac59-84b0-403e-aa0d-aaa52d8cbba1,18.864,measured_linear,/odom,0.18238127231597717,0.5
1b9bac59-84b0-403e-aa0d-aaa52d8cbba1,18.900000000000002,measured_linear,/odom,0.18238127231598084,0.5
1b9bac59-84b0-403e-aa0d-aaa52d8cbba1,18.936,measured_linear,/odom,0.18086123466492704,0.5
1b9bac59-84b0-403e-aa0d-aaa52d8cbba1,18.972,measured_linear,/odom,0.17877380549964905,0.5
1b9bac59-84b0-403e-aa0d-aaa52d8cbba1,19.008000000000003,measured_linear,/odom,0.18147078007378173,0.5
1b9bac59-84b0-403e-aa0d-aaa52d8cbba1,19.044,measured_linear,/odom,0.18177044391633107,0.5
1b9bac59-84b0-403e-aa0d-aaa52d8cbba1,19.080000000000002,measured_linear,/odom,0.18074829429417147,0.5
1b9bac59-84b0-403e-aa0d-aaa52d8cbba1,19.116,measured_linear,/odom,0.18138647079468476,0.5
1b9bac59-84b0-403e-aa0d-aaa52d8cbba1,19.152,measured_linear,/odom,0.18138647079467735,0.5
1b9bac59-84b0-403e-aa0d-aaa52d8cbba1,19.188000000000002,measured_linear,/odom,0.1818164587019444,0.5
1b9bac59-84b0-403e-aa0d-aaa52d8cbba1,19.224,measured_linear,/odom,0.1831604540348068,0.5
1b9bac59-84b0-403e-aa0d-aaa52d8cbba1,19.26,measured_linear,/odom,0.18190161287823065,0.5
1b9bac59-84b0-403e-aa0d-aaa52d8cbba1,19.296000000000003,measured_linear,/odom,0.18176174163819042,0.5
1b9bac59-84b0-403e-aa0d-aaa52d8cbba1,19.332,measured_linear,/odom,0.1768325439228835,0.5
1b9bac59-84b0-403e-aa0d-aaa52d8cbba1,19.368000000000002,measured_linear,/odom,0.1754034429792199,0.5
1b9bac59-84b0-403e-aa0d-aaa52d8cbba1,19.404,measured_linear,/odom,0.17784433066845112,0.5
1b9bac59-84b0-403e-aa0d-aaa52d8cbba1,19.44,measured_linear,/odom,0.17784433066845481,0.5
1b9bac59-84b0-403e-aa0d-aaa52d8cbba1,19.476000000000003,measured_linear,/odom,0.17461943626409698,0.5
1b9bac59-84b0-403e-aa0d-aaa52d8cbba1,19.512,measured_linear,/odom,0.178815237568634,0.5
1b9bac59-84b0-403e-aa0d-aaa52d8cbba1,19.548000000000002,measured_linear,/odom,0.17894810438155995,0.5
1b9bac59-84b0-403e-aa0d-aaa52d8cbba1,19.584,measured_linear,/odom,0.1800297498703122,0.5
1b9bac59-84b0-403e-aa0d-aaa52d8cbba1,19.62,measured_linear,/odom,0.18231066018274214,0.5
1b9bac59-84b0-403e-aa0d-aaa52d8cbba1,19.656000000000002,measured_linear,/odom,0.1814850270748088,0.5
1b9bac59-84b0-403e-aa0d-aaa52d8cbba1,19.692,measured_linear,/odom,0.1814850270748088,0.5
1b9bac59-84b0-403e-aa0d-aaa52d8cbba1,19.728,measured_linear,/odom,0.1825385048982368,0.5
1b9bac59-84b0-403e-aa0d-aaa52d8cbba1,19.764000000000003,measured_linear,/odom,0.18121720850467665,0.5
1b9bac59-84b0-403e-aa0d-aaa52d8cbba1,19.8,measured_linear,/odom,0.18121720850467482,0.5
1b9bac59-84b0-403e-aa0d-aaa52d8cbba1,19.836000000000002,measured_linear,/odom,0.17910014092921142,0.5
1b9bac59-84b0-403e-aa0d-aaa52d8cbba1,19.872,measured_linear,/odom,0.17470566840296908,0.5
1b9bac59-84b0-403e-aa0d-aaa52d8cbba1,19.911,measured_linear,/odom,0.175376673042521,0.5
1b9bac59-84b0-403e-aa0d-aaa52d8cbba1,19.944000000000003,measured_linear,/odom,0.17546844482421348,0.5
1b9bac59-84b0-403e-aa0d-aaa52d8cbba1,19.98,measured_linear,/odom,0.17680093944030434,0.5
1b9bac59-84b0-403e-aa0d-aaa52d8cbba1,20.016000000000002,measured_linear,/odom,0.17449827492235964,0.5
1b9bac59-84b0-403e-aa0d-aaa52d8cbba1,20.052,measured_linear,/odom,0.1744982749223578,0.5
1b9bac59-84b0-403e-aa0d-aaa52d8cbba1,20.088,measured_linear,/odom,0.18195170097094113,0.5
1b9bac59-84b0-403e-aa0d-aaa52d8cbba1,20.124000000000002,measured_linear,/odom,0.18348649144172002,0.5
1b9bac59-84b0-403e-aa0d-aaa52d8cbba1,20.16,measured_linear,/odom,0.18385876864183692,0.5
1b9bac59-84b0-403e-aa0d-aaa52d8cbba1,20.196,measured_linear,/odom,0.18390013277530537,0.5
1b9bac59-84b0-403e-aa0d-aaa52d8cbba1,20.232000000000003,measured_linear,/odom,0.18549069762186138,0.5
1b9bac59-84b0-403e-aa0d-aaa52d8cbba1,20.268,measured_linear,/odom,0.18541691005233285,0.5
1b9bac59-84b0-403e-aa0d-aaa52d8cbba1,20.304000000000002,measured_linear,/odom,0.1850991845130823,0.5
1b9bac59-84b0-403e-aa0d-aaa52d8cbba1,20.34,measured_linear,/odom,0.18509918451308227,0.5
1b9bac59-84b0-403e-aa0d-aaa52d8cbba1,20.376,measured_linear,/odom,0.18319648504256195,0.5
1b9bac59-84b0-403e-aa0d-aaa52d8cbba1,20.412000000000003,measured_linear,/odom,0.18374204635605573,0.5
1b9bac59-84b0-403e-aa0d-aaa52d8cbba1,20.448,measured_linear,/odom,0.18374204635619823,0.5
1b9bac59-84b0-403e-aa0d-aaa52d8cbba1,20.484,measured_linear,/odom,0.17941792309321322,0.5
1b9bac59-84b0-403e-aa0d-aaa52d8cbba1,20.52,measured_linear,/odom,0.17806863784829802,0.5
1b9bac59-84b0-403e-aa0d-aaa52d8cbba1,20.556,measured_linear,/odom,0.17759571969509136,0.5
1b9bac59-84b0-403e-aa0d-aaa52d8cbba1,20.592000000000002,measured_linear,/odom,0.17759571969509133,0.5
1b9bac59-84b0-403e-aa0d-aaa52d8cbba1,20.628,measured_linear,/odom,0.1789231181140734,0.5
1b9bac59-84b0-403e-aa0d-aaa52d8cbba1,20.664,measured_linear,/odom,0.18446864187651918,0.5
1b9bac59-84b0-403e-aa0d-aaa52d8cbba1,20.700000000000003,measured_linear,/odom,0.1844686418771761,0.5
1b9bac59-84b0-403e-aa0d-aaa52d8cbba1,20.736,measured_linear,/odom,0.17451913511959033,0.5
1b9bac59-84b0-403e-aa0d-aaa52d8cbba1,20.772000000000002,measured_linear,/odom,0.17339578270926248,0.5
1b9bac59-84b0-403e-aa0d-aaa52d8cbba1,20.808,measured_linear,/odom,0.17003318877325352,0.5
1b9bac59-84b0-403e-aa0d-aaa52d8cbba1,20.844,measured_linear,/odom,0.16956754028799034,0.5
1b9bac59-84b0-403e-aa0d-aaa52d8cbba1,20.880000000000003,measured_linear,/odom,0.17454995004969978,0.5
1b9bac59-84b0-403e-aa0d-aaa52d8cbba1,20.916,measured_linear,/odom,0.17664699256420002,0.5
1b9bac59-84b0-403e-aa0d-aaa52d8cbba1,20.952,measured_linear,/odom,0.17664699256420002,0.5
1b9bac59-84b0-403e-aa0d-aaa52d8cbba1,20.988,measured_linear,/odom,0.1752758115534547,0.5
1b9bac59-84b0-403e-aa0d-aaa52d8cbba1,21.024,measured_linear,/odom,0.17461618781091648,0.5
1b9bac59-84b0-403e-aa0d-aaa52d8cbba1,21.060000000000002,measured_linear,/odom,0.17182674021805436,0.5
1b9bac59-84b0-403e-aa0d-aaa52d8cbba1,21.096,measured_linear,/odom,0.17150437831878382,0.5
1b9bac59-84b0-403e-aa0d-aaa52d8cbba1,21.132,measured_linear,/odom,0.17399775981835988,0.5
1b9bac59-84b0-403e-aa0d-aaa52d8cbba1,21.168000000000003,measured_linear,/odom,0.17122599096381919,0.5
1b9bac59-84b0-403e-aa0d-aaa52d8cbba1,21.204,measured_linear,/odom,0.16844016313553034,0.5
1b9bac59-84b0-403e-aa0d-aaa52d8cbba1,21.240000000000002,measured_linear,/odom,0.16844016313553406,0.5
1b9bac59-84b0-403e-aa0d-aaa52d8cbba1,21.276,measured_linear,/odom,0.17631538686614381,0.5
1b9bac59-84b0-403e-aa0d-aaa52d8cbba1,21.312,measured_linear,/odom,0.176160290837372,0.5
1b9bac59-84b0-403e-aa0d-aaa52d8cbba1,21.348000000000003,measured_linear,/odom,0.17616029083729426,0.5
1b9bac59-84b0-403e-aa0d-aaa52d8cbba1,21.384,measured_linear,/odom,0.17221975326563813,0.5
1b9bac59-84b0-403e-aa0d-aaa52d8cbba1,21.42,measured_linear,/odom,0.16792009086744236,0.5
1b9bac59-84b0-403e-aa0d-aaa52d8cbba1,21.456000000000003,measured_linear,/odom,0.1669935882091596,0.5
1b9bac59-84b0-403e-aa0d-aaa52d8cbba1,21.492,measured_linear,/odom,0.16699358820915963,0.5
1b9bac59-84b0-403e-aa0d-aaa52d8cbba1,21.528000000000002,measured_linear,/odom,0.1669127330184095,0.5
1b9bac59-84b0-403e-aa0d-aaa52d8cbba1,21.564,measured_linear,/odom,0.16886940598488756,0.5
1b9bac59-84b0-403e-aa0d-aaa52d8cbba1,21.6,measured_linear,/odom,0.16886940598488756,0.5
1b9bac59-84b0-403e-aa0d-aaa52d8cbba1,21.636000000000003,measured_linear,/odom,0.17134052515029863,0.5
1b9bac59-84b0-403e-aa0d-aaa52d8cbba1,21.672,measured_linear,/odom,0.1719008535145172,0.5
1b9bac59-84b0-403e-aa0d-aaa52d8cbba1,21.708000000000002,measured_linear,/odom,0.1708148941401107,0.5
1b9bac59-84b0-403e-aa0d-aaa52d8cbba1,21.744,measured_linear,/odom,0.17069423198701933,0.5
1b9bac59-84b0-403e-aa0d-aaa52d8cbba1,21.78,measured_linear,/odom,0.17185588329997611,0.5
1b9bac59-84b0-403e-aa0d-aaa52d8cbba1,21.816000000000003,measured_linear,/odom,0.16935484768245318,0.5
1b9bac59-84b0-403e-aa0d-aaa52d8cbba1,21.852,measured_linear,/odom,0.16865622997285223,0.5
1b9bac59-84b0-403e-aa0d-aaa52d8cbba1,21.888,measured_linear,/odom,0.1729347565637288,0.5
1b9bac59-84b0-403e-aa0d-aaa52d8cbba1,21.924000000000003,measured_linear,/odom,0.1694434732201951,0.5
1b9bac59-84b0-403e-aa0d-aaa52d8cbba1,21.96,measured_linear,/odom,0.16827114671502294,0.5
1b9bac59-84b0-403e-aa0d-aaa52d8cbba1,21.996000000000002,measured_linear,/odom,0.1681408882140893,0.5
1b9bac59-84b0-403e-aa0d-aaa52d8cbba1,22.032,measured_linear,/odom,0.16438653828011093,0.5
1b9bac59-84b0-403e-aa0d-aaa52d8cbba1,22.068,measured_linear,/odom,0.1664698794477689,0.5
1b9bac59-84b0-403e-aa0d-aaa52d8cbba1,22.104000000000003,measured_linear,/odom,0.16958847641942812,0.5
1b9bac59-84b0-403e-aa0d-aaa52d8cbba1,22.14,measured_linear,/odom,0.16958847641945776,0.5
1b9bac59-84b0-403e-aa0d-aaa52d8cbba1,22.176000000000002,measured_linear,/odom,0.17073506116864384,0.5
1b9bac59-84b0-403e-aa0d-aaa52d8cbba1,22.212,measured_linear,/odom,0.17300409078534473,0.5
1b9bac59-84b0-403e-aa0d-aaa52d8cbba1,22.248,measured_linear,/odom,0.17300409078600346,0.5
1b9bac59-84b0-403e-aa0d-aaa52d8cbba1,22.284000000000002,measured_linear,/odom,0.17154513299506569,0.5
1b9bac59-84b0-403e-aa0d-aaa52d8cbba1,22.32,measured_linear,/odom,0.1712365448475898,0.5
1b9bac59-84b0-403e-aa0d-aaa52d8cbba1,22.356,measured_linear,/odom,0.17355248332023474,0.5
1b9bac59-84b0-403e-aa0d-aaa52d8cbba1,22.392000000000003,measured_linear,/odom,0.17355248332023843,0.5
1b9bac59-84b0-403e-aa0d-aaa52d8cbba1,22.428,measured_linear,/odom,0.17515247464133799,0.5
1b9bac59-84b0-403e-aa0d-aaa52d8cbba1,22.464000000000002,measured_linear,/odom,0.1748735159635399,0.5
1b9bac59-84b0-403e-aa0d-aaa52d8cbba1,22.5,measured_linear,/odom,0.1748735159635399,0.5
1b9bac59-84b0-403e-aa0d-aaa52d8cbba1,22.536,measured_linear,/odom,0.1719293445348861,0.5
1b9bac59-84b0-403e-aa0d-aaa52d8cbba1,22.572000000000003,measured_linear,/odom,0.17155635356912818,0.5
1b9bac59-84b0-403e-aa0d-aaa52d8cbba1,22.608,measured_linear,/odom,0.17299417853311833,0.5
1b9bac59-84b0-403e-aa0d-aaa52d8cbba1,22.644000000000002,measured_linear,/odom,0.17315393686293537,0.5
1b9bac59-84b0-403e-aa0d-aaa52d8cbba1,22.68,measured_linear,/odom,0.1744260817762318,0.5
1b9bac59-84b0-403e-aa0d-aaa52d8cbba1,22.716,measured_linear,/odom,0.16838816824046313,0.5
1b9bac59-84b0-403e-aa0d-aaa52d8cbba1,22.752000000000002,measured_linear,/odom,0.16836825013160456,0.5
1b9bac59-84b0-403e-aa0d-aaa52d8cbba1,22.788,measured_linear,/odom,0.16898220181443083,0.5
1b9bac59-84b0-403e-aa0d-aaa52d8cbba1,22.824,measured_linear,/odom,0.16938613355161153,0.5
1b9bac59-84b0-403e-aa0d-aaa52d8cbba1,22.860000000000003,measured_linear,/odom,0.1718672841779771,0.5
1b9bac59-84b0-403e-aa0d-aaa52d8cbba1,22.896,measured_linear,/odom,0.17214296758174172,0.5
1b9bac59-84b0-403e-aa0d-aaa52d8cbba1,22.932000000000002,measured_linear,/odom,0.16965398192472966,0.5
1b9bac59-84b0-403e-aa0d-aaa52d8cbba1,22.968,measured_linear,/odom,0.16845308989321683,0.5
1b9bac59-84b0-403e-aa0d-aaa52d8cbba1,23.004,measured_linear,/odom,0.170696243643742,0.5
1b9bac59-84b0-403e-aa0d-aaa52d8cbba1,23.040000000000003,measured_linear,/odom,0.17069624364374575,0.5
1b9bac59-84b0-403e-aa0d-aaa52d8cbba1,23.076,measured_linear,/odom,0.17349794507030375,0.5
1b9bac59-84b0-403e-aa0d-aaa52d8cbba1,23.112000000000002,measured_linear,/odom,0.17160290479712276,0.5
1b9bac59-84b0-403e-aa0d-aaa52d8cbba1,23.148,measured_linear,/odom,0.17160290479660095,0.5
1b9bac59-84b0-403e-aa0d-aaa52d8cbba1,23.184,measured_linear,/odom,0.17447711527346735,0.5
1b9bac59-84b0-403e-aa0d-aaa52d8cbba1,23.220000000000002,measured_linear,/odom,0.17500846087914837,0.5
1b9bac59-84b0-403e-aa0d-aaa52d8cbba1,23.256,measured_linear,/odom,0.16398892557864345,0.5
1b9bac59-84b0-403e-aa0d-aaa52d8cbba1,23.292,measured_linear,/odom,0.1630942821502594,0.5
1b9bac59-84b0-403e-aa0d-aaa52d8cbba1,23.328000000000003,measured_linear,/odom,0.16188557148021734,0.5
1b9bac59-84b0-403e-aa0d-aaa52d8cbba1,23.364,measured_linear,/odom,0.16162545979023782,0.5
1b9bac59-84b0-403e-aa0d-aaa52d8cbba1,23.400000000000002,measured_linear,/odom,0.1616254597902193,0.5
1b9bac59-84b0-403e-aa0d-aaa52d8cbba1,23.436,measured_linear,/odom,0.16205561161043808,0.5
1b9bac59-84b0-403e-aa0d-aaa52d8cbba1,23.472,measured_linear,/odom,0.15892018140640782,0.5
1b9bac59-84b0-403e-aa0d-aaa52d8cbba1,23.511000000000003,measured_linear,/odom,0.16258886544588957,0.5
1b9bac59-84b0-403e-aa0d-aaa52d8cbba1,23.544,measured_linear,/odom,0.1631347984075604,0.5
1b9bac59-84b0-403e-aa0d-aaa52d8cbba1,23.580000000000002,measured_linear,/odom,0.16635295836827288,0.5
1b9bac59-84b0-403e-aa0d-aaa52d8cbba1,23.616000000000003,measured_linear,/odom,0.16362975537780694,0.5
1b9bac59-84b0-403e-aa0d-aaa52d8cbba1,23.652,measured_linear,/odom,0.1636297553777551,0.5
1b9bac59-84b0-403e-aa0d-aaa52d8cbba1,23.688000000000002,measured_linear,/odom,0.16170558631487533,0.5
1b9bac59-84b0-403e-aa0d-aaa52d8cbba1,23.724,measured_linear,/odom,0.16105085611342423,0.5
1b9bac59-84b0-403e-aa0d-aaa52d8cbba1,23.76,measured_linear,/odom,0.15959685742901927,0.5
1b9bac59-84b0-403e-aa0d-aaa52d8cbba1,23.796000000000003,measured_linear,/odom,0.1594353020191434,0.5
1b9bac59-84b0-403e-aa0d-aaa52d8cbba1,23.832,measured_linear,/odom,0.15516214580655327,0.5
1b9bac59-84b0-403e-aa0d-aaa52d8cbba1,23.868000000000002,measured_linear,/odom,0.1548358738423072,0.5
1b9bac59-84b0-403e-aa0d-aaa52d8cbba1,23.904,measured_linear,/odom,0.1532744914293449,0.5
1b9bac59-84b0-403e-aa0d-aaa52d8cbba1,23.94,measured_linear,/odom,0.1532744914293412,0.5
1b9bac59-84b0-403e-aa0d-aaa52d8cbba1,23.976000000000003,measured_linear,/odom,0.15085846185685464,0.5
1b9bac59-84b0-403e-aa0d-aaa52d8cbba1,24.012,measured_linear,/odom,0.15581351606704558,0.5
1b9bac59-84b0-403e-aa0d-aaa52d8cbba1,24.048000000000002,measured_linear,/odom,0.15603074431419134,0.5
1b9bac59-84b0-403e-aa0d-aaa52d8cbba1,24.084000000000003,measured_linear,/odom,0.15830282866950243,0.5
1b9bac59-84b0-403e-aa0d-aaa52d8cbba1,24.12,measured_linear,/odom,0.1612820336094038,0.5
1b9bac59-84b0-403e-aa0d-aaa52d8cbba1,24.156000000000002,measured_linear,/odom,0.16014564037323634,0.5
1b9bac59-84b0-403e-aa0d-aaa52d8cbba1,24.192,measured_linear,/odom,0.16014564037324003,0.5
1b9bac59-84b0-403e-aa0d-aaa52d8cbba1,24.228,measured_linear,/odom,0.16057733297332547,0.5
1b9bac59-84b0-403e-aa0d-aaa52d8cbba1,24.264000000000003,measured_linear,/odom,0.16132636368274186,0.5
1b9bac59-84b0-403e-aa0d-aaa52d8cbba1,24.3,measured_linear,/odom,0.16132636368273814,0.5
1b9bac59-84b0-403e-aa0d-aaa52d8cbba1,24.336000000000002,measured_linear,/odom,0.16718994080944977,0.5
1b9bac59-84b0-403e-aa0d-aaa52d8cbba1,24.372,measured_linear,/odom,0.17045331238417785,0.5
1b9bac59-84b0-403e-aa0d-aaa52d8cbba1,24.411,measured_linear,/odom,0.17014704495676247,0.5
1b9bac59-84b0-403e-aa0d-aaa52d8cbba1,24.444000000000003,measured_linear,/odom,0.17010976374146985,0.5
1b9bac59-84b0-403e-aa0d-aaa52d8cbba1,24.48,measured_linear,/odom,0.1703128069638497,0.5
1b9bac59-84b0-403e-aa0d-aaa52d8cbba1,24.516000000000002,measured_linear,/odom,0.1660371273759509,0.5
1b9bac59-84b0-403e-aa0d-aaa52d8cbba1,24.552000000000003,measured_linear,/odom,0.166037127375603,0.5
1b9bac59-84b0-403e-aa0d-aaa52d8cbba1,24.588,measured_linear,/odom,0.16445682942921222,0.5
1b9bac59-84b0-403e-aa0d-aaa52d8cbba1,24.624000000000002,measured_linear,/odom,0.16378463804724483,0.5
1b9bac59-84b0-403e-aa0d-aaa52d8cbba1,24.66,measured_linear,/odom,0.16818817942004424,0.5
1b9bac59-84b0-403e-aa0d-aaa52d8cbba1,24.696,measured_linear,/odom,0.16891406476499118,0.5
1b9bac59-84b0-403e-aa0d-aaa52d8cbba1,24.732000000000003,measured_linear,/odom,0.16847501695169687,0.5
1b9bac59-84b0-403e-aa0d-aaa52d8cbba1,24.768,measured_linear,/odom,0.16585921943267357,0.5
1b9bac59-84b0-403e-aa0d-aaa52d8cbba1,24.804000000000002,measured_linear,/odom,0.16559284925463658,0.5
1b9bac59-84b0-403e-aa0d-aaa52d8cbba1,24.84,measured_linear,/odom,0.16559284925463658,0.5
1b9bac59-84b0-403e-aa0d-aaa52d8cbba1,24.876,measured_linear,/odom,0.17006036639173328,0.5
1b9bac59-84b0-403e-aa0d-aaa52d8cbba1,24.912000000000003,measured_linear,/odom,0.1741620892155756,0.5
1b9bac59-84b0-403e-aa0d-aaa52d8cbba1,24.948,measured_linear,/odom,0.17428450286389727,0.5
1b9bac59-84b0-403e-aa0d-aaa52d8cbba1,24.984,measured_linear,/odom,0.17305454611775314,0.5
1b9bac59-84b0-403e-aa0d-aaa52d8cbba1,25.020000000000003,measured_linear,/odom,0.17565268129029474,0.5
1b9bac59-84b0-403e-aa0d-aaa52d8cbba1,25.056,measured_linear,/odom,0.17577706277370764,0.5
1b9bac59-84b0-403e-aa0d-aaa52d8cbba1,25.092000000000002,measured_linear,/odom,0.17577706277370764,0.5
1b9bac59-84b0-403e-aa0d-aaa52d8cbba1,25.128,measured_linear,/odom,0.17282794923887773,0.5
1b9bac59-84b0-403e-aa0d-aaa52d8cbba1,25.164,measured_linear,/odom,0.17391285300255951,0.5
1b9bac59-84b0-403e-aa0d-aaa52d8cbba1,25.200000000000003,measured_linear,/odom,0.1739128530025447,0.5
1b9bac59-84b0-403e-aa0d-aaa52d8cbba1,25.236,measured_linear,/odom,0.18069317219152983,0.5
1b9bac59-84b0-403e-aa0d-aaa52d8cbba1,25.272000000000002,measured_linear,/odom,0.18104305863371933,0.5
1b9bac59-84b0-403e-aa0d-aaa52d8cbba1,25.311,measured_linear,/odom,0.1827936559910278,0.5
1b9bac59-84b0-403e-aa0d-aaa52d8cbba1,25.344,measured_linear,/odom,0.18298816680907642,0.5
1b9bac59-84b0-403e-aa0d-aaa52d8cbba1,25.380000000000003,measured_linear,/odom,0.17958570928675585,0.5
1b9bac59-84b0-403e-aa0d-aaa52d8cbba1,25.416,measured_linear,/odom,0.17873965203759612,0.5
1b9bac59-84b0-403e-aa0d-aaa52d8cbba1,25.452,measured_linear,/odom,0.1787396520376368,0.5
1b9bac59-84b0-403e-aa0d-aaa52d8cbba1,25.488000000000003,measured_linear,/odom,0.1748385182154403,0.5
1b9bac59-84b0-403e-aa0d-aaa52d8cbba1,25.524,measured_linear,/odom,0.1742361485957855,0.5
1b9bac59-84b0-403e-aa0d-aaa52d8cbba1,25.560000000000002,measured_linear,/odom,0.17763493447199297,0.5
1b9bac59-84b0-403e-aa0d-aaa52d8cbba1,25.596,measured_linear,/odom,0.17810963094233948,0.5
1b9bac59-84b0-403e-aa0d-aaa52d8cbba1,25.632,measured_linear,/odom,0.18026265501918104,0.5
1b9bac59-84b0-403e-aa0d-aaa52d8cbba1,25.668000000000003,measured_linear,/odom,0.1803923130034894,0.5
1b9bac59-84b0-403e-aa0d-aaa52d8cbba1,25.704,measured_linear,/odom,0.1805990785360367,0.5
1b9bac59-84b0-403e-aa0d-aaa52d8cbba1,25.740000000000002,measured_linear,/odom,0.18059907853601082,0.5
1b9bac59-84b0-403e-aa0d-aaa52d8cbba1,25.776000000000003,measured_linear,/odom,0.18043853342533853,0.5
1b9bac59-84b0-403e-aa0d-aaa52d8cbba1,25.812,measured_linear,/odom,0.17733355970467696,0.5
1b9bac59-84b0-403e-aa0d-aaa52d8cbba1,25.848000000000003,measured_linear,/odom,0.17732189595699072,0.5
1b9bac59-84b0-403e-aa0d-aaa52d8cbba1,25.884,measured_linear,/odom,0.17850559949874611,0.5
1b9bac59-84b0-403e-aa0d-aaa52d8cbba1,25.92,measured_linear,/odom,0.17503960342514593,0.5
1b9bac59-84b0-403e-aa0d-aaa52d8cbba1,25.956000000000003,measured_linear,/odom,0.17674750387592922,0.5
1b9bac59-84b0-403e-aa0d-aaa52d8cbba1,25.992,measured_linear,/odom,0.17729735374450994,0.5
1b9bac59-84b0-403e-aa0d-aaa52d8cbba1,26.028000000000002,measured_linear,/odom,0.18074146299252486,0.5
1b9bac59-84b0-403e-aa0d-aaa52d8cbba1,26.064,measured_linear,/odom,0.18520414829226545,0.5
1b9bac59-84b0-403e-aa0d-aaa52d8cbba1,26.1,measured_linear,/odom,0.1852041482925356,0.5
1b9bac59-84b0-403e-aa0d-aaa52d8cbba1,26.136000000000003,measured_linear,/odom,0.18336591124533672,0.5
1b9bac59-84b0-403e-aa0d-aaa52d8cbba1,26.172,measured_linear,/odom,0.18269450962562495,0.5
1b9bac59-84b0-403e-aa0d-aaa52d8cbba1,26.208000000000002,measured_linear,/odom,0.18055552840296657,0.5
1b9bac59-84b0-403e-aa0d-aaa52d8cbba1,26.244000000000003,measured_linear,/odom,0.18031786382197712,0.5
1b9bac59-84b0-403e-aa0d-aaa52d8cbba1,26.28,measured_linear,/odom,0.1814320668574824,0.5
1b9bac59-84b0-403e-aa0d-aaa52d8cbba1,26.316000000000003,measured_linear,/odom,0.1854317039248876,0.5
1b9bac59-84b0-403e-aa0d-aaa52d8cbba1,26.352,measured_linear,/odom,0.18543170392512445,0.5
1b9bac59-84b0-403e-aa0d-aaa52d8cbba1,26.388,measured_linear,/odom,0.18297017873611562,0.5
1b9bac59-84b0-403e-aa0d-aaa52d8cbba1,26.424000000000003,measured_linear,/odom,0.1834399104118312,0.5
1b9bac59-84b0-403e-aa0d-aaa52d8cbba1,26.46,measured_linear,/odom,0.1843949109312959,0.5
1b9bac59-84b0-403e-aa0d-aaa52d8cbba1,26.496000000000002,measured_linear,/odom,0.18450102210042507,0.5
1b9bac59-84b0-403e-aa0d-aaa52d8cbba1,26.532,measured_linear,/odom,0.17511390961701584,0.5
1b9bac59-84b0-403e-aa0d-aaa52d8cbba1,26.568,measured_linear,/odom,0.17395585775364192,0.5
1b9bac59-84b0-403e-aa0d-aaa52d8cbba1,26.604000000000003,measured_linear,/odom,0.1722992509603431,0.5
1b9bac59-84b0-403e-aa0d-aaa52d8cbba1,26.64,measured_linear,/odom,0.17229925096034676,0.5
1b9bac59-84b0-403e-aa0d-aaa52d8cbba1,26.676000000000002,measured_linear,/odom,0.17590893805010294,0.5
1b9bac59-84b0-403e-aa0d-aaa52d8cbba1,26.712000000000003,measured_linear,/odom,0.1716469398272043,0.5
1b9bac59-84b0-403e-aa0d-aaa52d8cbba1,26.748,measured_linear,/odom,0.17150671780106946,0.5
1b9bac59-84b0-403e-aa0d-aaa52d8cbba1,26.784000000000002,measured_linear,/odom,0.171392753720286,0.5
1b9bac59-84b0-403e-aa0d-aaa52d8cbba1,26.82,measured_linear,/odom,0.16786425621618806,0.5
1b9bac59-84b0-403e-aa0d-aaa52d8cbba1,26.856,measured_linear,/odom,0.16961336135864113,0.5
1b9bac59-84b0-403e-aa0d-aaa52d8cbba1,26.892000000000003,measured_linear,/odom,0.1696133613586115,0.5
1b9bac59-84b0-403e-aa0d-aaa52d8cbba1,26.928,measured_linear,/odom,0.16576359928983656,0.5
1b9bac59-84b0-403e-aa0d-aaa52d8cbba1,26.964000000000002,measured_linear,/odom,0.16524638235571784,0.5
1b9bac59-84b0-403e-aa0d-aaa52d8cbba1,27.0,measured_linear,/odom,0.1652463823557178,0.5
1b9bac59-84b0-403e-aa0d-aaa52d8cbba1,27.036,measured_linear,/odom,0.16145354509375193,0.5
1b9bac59-84b0-403e-aa0d-aaa52d8cbba1,27.072000000000003,measured_linear,/odom,0.1613106429577238,0.5
1b9bac59-84b0-403e-aa0d-aaa52d8cbba1,27.111,measured_linear,/odom,0.15895988792253846,0.5
1b9bac59-84b0-403e-aa0d-aaa52d8cbba1,27.144000000000002,measured_linear,/odom,0.1586986929178395,0.5
1b9bac59-84b0-403e-aa0d-aaa52d8cbba1,27.180000000000003,measured_linear,/odom,0.15819567143930954,0.5
1b9bac59-84b0-403e-aa0d-aaa52d8cbba1,27.216,measured_linear,/odom,0.1575518250465239,0.5
1b9bac59-84b0-403e-aa0d-aaa52d8cbba1,27.252000000000002,measured_linear,/odom,0.1575518250465313,0.5
1b9bac59-84b0-403e-aa0d-aaa52d8cbba1,27.288,measured_linear,/odom,0.16087840883613297,0.5
1b9bac59-84b0-403e-aa0d-aaa52d8cbba1,27.324,measured_linear,/odom,0.16374793648722777,0.5
1b9bac59-84b0-403e-aa0d-aaa52d8cbba1,27.360000000000003,measured_linear,/odom,0.16680934815310375,0.5
1b9bac59-84b0-403e-aa0d-aaa52d8cbba1,27.396,measured_linear,/odom,0.16719970107078225,0.5
1b9bac59-84b0-403e-aa0d-aaa52d8cbba1,27.432000000000002,measured_linear,/odom,0.16481103003089062,0.5
1b9bac59-84b0-403e-aa0d-aaa52d8cbba1,27.468,measured_linear,/odom,0.16619977056938998,0.5
1b9bac59-84b0-403e-aa0d-aaa52d8cbba1,27.504,measured_linear,/odom,0.1653880029916695,0.5
1b9bac59-84b0-403e-aa0d-aaa52d8cbba1,27.540000000000003,measured_linear,/odom,0.16538800299166212,0.5
1b9bac59-84b0-403e-aa0d-aaa52d8cbba1,27.576,measured_linear,/odom,0.1619493365288512,0.5
1b9bac59-84b0-403e-aa0d-aaa52d8cbba1,27.612000000000002,measured_linear,/odom,0.16127459704894748,0.5
1b9bac59-84b0-403e-aa0d-aaa52d8cbba1,27.648000000000003,measured_linear,/odom,0.16127459704875502,0.5
1b9bac59-84b0-403e-aa0d-aaa52d8cbba1,27.684,measured_linear,/odom,0.16102431714540474,0.5
1b9bac59-84b0-403e-aa0d-aaa52d8cbba1,27.720000000000002,measured_linear,/odom,0.1594977781181006,0.5
1b9bac59-84b0-403e-aa0d-aaa52d8cbba1,27.756,measured_linear,/odom,0.15842741727858378,0.5
1b9bac59-84b0-403e-aa0d-aaa52d8cbba1,27.792,measured_linear,/odom,0.15820223093031177,0.5
1b9bac59-84b0-403e-aa0d-aaa52d8cbba1,27.828000000000003,measured_linear,/odom,0.16004563271945216,0.5
1b9bac59-84b0-403e-aa0d-aaa52d8cbba1,27.864,measured_linear,/odom,0.15789888799190668,0.5
1b9bac59-84b0-403e-aa0d-aaa52d8cbba1,27.900000000000002,measured_linear,/odom,0.1578988879919141,0.5
1b9bac59-84b0-403e-aa0d-aaa52d8cbba1,27.936000000000003,measured_linear,/odom,0.15830674767491154,0.5
1b9bac59-84b0-403e-aa0d-aaa52d8cbba1,27.972,measured_linear,/odom,0.15452607185947692,0.5
1b9bac59-84b0-403e-aa0d-aaa52d8cbba1,28.008000000000003,measured_linear,/odom,0.1538784265519751,0.5
1b9bac59-84b0-403e-aa0d-aaa52d8cbba1,28.044,measured_linear,/odom,0.1538161039352115,0.5
1b9bac59-84b0-403e-aa0d-aaa52d8cbba1,28.080000000000002,measured_linear,/odom,0.15398219972841964,0.5
1b9bac59-84b0-403e-aa0d-aaa52d8cbba1,28.116000000000003,measured_linear,/odom,0.15452125668523237,0.5
1b9bac59-84b0-403e-aa0d-aaa52d8cbba1,28.152,measured_linear,/odom,0.15452125668523237,0.5
1b9bac59-84b0-403e-aa0d-aaa52d8cbba1,28.188000000000002,measured_linear,/odom,0.153469535708739,0.5
1b9bac59-84b0-403e-aa0d-aaa52d8cbba1,28.224,measured_linear,/odom,0.15646308660504094,0.5
1b9bac59-84b0-403e-aa0d-aaa52d8cbba1,28.26,measured_linear,/odom,0.1610862353310427,0.5
1b9bac59-84b0-403e-aa0d-aaa52d8cbba1,28.296000000000003,measured_linear,/odom,0.16186702251437995,0.5
1b9bac59-84b0-403e-aa0d-aaa52d8cbba1,28.332,measured_linear,/odom,0.15949405729831503,0.5
1b9bac59-84b0-403e-aa0d-aaa52d8cbba1,28.368000000000002,measured_linear,/odom,0.15710072219442167,0.5
1b9bac59-84b0-403e-aa0d-aaa52d8cbba1,28.404000000000003,measured_linear,/odom,0.1535232365132237,0.5
1b9bac59-84b0-403e-aa0d-aaa52d8cbba1,28.44,measured_linear,/odom,0.15352323651313488,0.5
1b9bac59-84b0-403e-aa0d-aaa52d8cbba1,28.476000000000003,measured_linear,/odom,0.15566213428975426,0.5
1b9bac59-84b0-403e-aa0d-aaa52d8cbba1,28.512,measured_linear,/odom,0.15514843165889136,0.5
1b9bac59-84b0-403e-aa0d-aaa52d8cbba1,28.548000000000002,measured_linear,/odom,0.15514843165875072,0.5
1b9bac59-84b0-403e-aa0d-aaa52d8cbba1,28.584000000000003,measured_linear,/odom,0.15265157818860065,0.5
1b9bac59-84b0-403e-aa0d-aaa52d8cbba1,28.62,measured_linear,/odom,0.15683800368175846,0.5
1b9bac59-84b0-403e-aa0d-aaa52d8cbba1,28.656000000000002,measured_linear,/odom,0.1552461832761291,0.5
1b9bac59-84b0-403e-aa0d-aaa52d8cbba1,28.692,measured_linear,/odom,0.1552461832761217,0.5
1b9bac59-84b0-403e-aa0d-aaa52d8cbba1,28.728,measured_linear,/odom,0.15369462668945272,0.5
1b9bac59-84b0-403e-aa0d-aaa52d8cbba1,28.764000000000003,measured_linear,/odom,0.15050972998139994,0.5
1b9bac59-84b0-403e-aa0d-aaa52d8cbba1,28.8,measured_linear,/odom,0.15050972998139994,0.5
1b9bac59-84b0-403e-aa0d-aaa52d8cbba1,28.836000000000002,measured_linear,/odom,0.15197440981866706,0.5
1b9bac59-84b0-403e-aa0d-aaa52d8cbba1,28.872000000000003,measured_linear,/odom,0.15270769596080755,0.5
1b9bac59-84b0-403e-aa0d-aaa52d8cbba1,28.911,measured_linear,/odom,0.15213429331795145,0.5
1b9bac59-84b0-403e-aa0d-aaa52d8cbba1,28.944000000000003,measured_linear,/odom,0.1520705819129775,0.5
1b9bac59-84b0-403e-aa0d-aaa52d8cbba1,28.98,measured_linear,/odom,0.1519571915269339,0.5
1b9bac59-84b0-403e-aa0d-aaa52d8cbba1,29.016000000000002,measured_linear,/odom,0.15005025267601874,0.5
1b9bac59-84b0-403e-aa0d-aaa52d8cbba1,29.052000000000003,measured_linear,/odom,0.15005025267601874,0.5
1b9bac59-84b0-403e-aa0d-aaa52d8cbba1,29.088,measured_linear,/odom,0.15069532394393162,0.5
1b9bac59-84b0-403e-aa0d-aaa52d8cbba1,29.124000000000002,measured_linear,/odom,0.14883862435816447,0.5
1b9bac59-84b0-403e-aa0d-aaa52d8cbba1,29.16,measured_linear,/odom,0.1503115728493413,0.5
1b9bac59-84b0-403e-aa0d-aaa52d8cbba1,29.196,measured_linear,/odom,0.1504752337932569,0.5
1b9bac59-84b0-403e-aa0d-aaa52d8cbba1,29.232000000000003,measured_linear,/odom,0.14356665644843503,0.5
1b9bac59-84b0-403e-aa0d-aaa52d8cbba1,29.268,measured_linear,/odom,0.14092234522162791,0.5
1b9bac59-84b0-403e-aa0d-aaa52d8cbba1,29.304000000000002,measured_linear,/odom,0.13682052493114347,0.5
1b9bac59-84b0-403e-aa0d-aaa52d8cbba1,29.340000000000003,measured_linear,/odom,0.13682052493095842,0.5
1b9bac59-84b0-403e-aa0d-aaa52d8cbba1,29.376,measured_linear,/odom,0.1372352838516555,0.5
1b9bac59-84b0-403e-aa0d-aaa52d8cbba1,29.412000000000003,measured_linear,/odom,0.1337556055316676,0.5
1b9bac59-84b0-403e-aa0d-aaa52d8cbba1,29.448,measured_linear,/odom,0.13370230793948354,0.5
1b9bac59-84b0-403e-aa0d-aaa52d8cbba1,29.484,measured_linear,/odom,0.13001652061957653,0.5
1b9bac59-84b0-403e-aa0d-aaa52d8cbba1,29.520000000000003,measured_linear,/odom,0.12689352543452012,0.5
1b9bac59-84b0-403e-aa0d-aaa52d8cbba1,29.556,measured_linear,/odom,0.12560673058029287,0.5
1b9bac59-84b0-403e-aa0d-aaa52d8cbba1,29.592000000000002,measured_linear,/odom,0.1256067305802929,0.5
1b9bac59-84b0-403e-aa0d-aaa52d8cbba1,29.628,measured_linear,/odom,0.12652031779258888,0.5
1b9bac59-84b0-403e-aa0d-aaa52d8cbba1,29.664,measured_linear,/odom,0.1263997852802623,0.5
1b9bac59-84b0-403e-aa0d-aaa52d8cbba1,29.700000000000003,measured_linear,/odom,0.1263997852802179,0.5
1b9bac59-84b0-403e-aa0d-aaa52d8cbba1,29.736,measured_linear,/odom,0.12995833158477116,0.5
1b9bac59-84b0-403e-aa0d-aaa52d8cbba1,29.772000000000002,measured_linear,/odom,0.1320080012077248,0.5
1b9bac59-84b0-403e-aa0d-aaa52d8cbba1,29.808000000000003,measured_linear,/odom,0.13240098506199044,0.5
1b9bac59-84b0-403e-aa0d-aaa52d8cbba1,29.844,measured_linear,/odom,0.13244464993475238,0.5
1b9bac59-84b0-403e-aa0d-aaa52d8cbba1,29.880000000000003,measured_linear,/odom,0.13358155786959242,0.5
1b9bac59-84b0-403e-aa0d-aaa52d8cbba1,29.916,measured_linear,/odom,0.13541144132608687,0.5
1b9bac59-84b0-403e-aa0d-aaa52d8cbba1,29.952,measured_linear,/odom,0.13541144132607208,0.5
1b9bac59-84b0-403e-aa0d-aaa52d8cbba1,29.988000000000003,measured_linear,/odom,0.13441245555914083,0.5
1b9bac59-84b0-403e-aa0d-aaa52d8cbba1,30.024,measured_linear,/odom,0.13476671278476182,0.5
1b9bac59-84b0-403e-aa0d-aaa52d8cbba1,30.060000000000002,measured_linear,/odom,0.1340620562436445,0.5
1b9bac59-84b0-403e-aa0d-aaa52d8cbba1,30.096000000000004,measured_linear,/odom,0.13398376107217244,0.5
1b9bac59-84b0-403e-aa0d-aaa52d8cbba1,30.132,measured_linear,/odom,0.13383749127394334,0.5
1b9bac59-84b0-403e-aa0d-aaa52d8cbba1,30.168000000000003,measured_linear,/odom,0.1349154844877039,0.5
1b9bac59-84b0-403e-aa0d-aaa52d8cbba1,30.204,measured_linear,/odom,0.13567666709422738,0.5
1b9bac59-84b0-403e-aa0d-aaa52d8cbba1,30.240000000000002,measured_linear,/odom,0.13567666709422738,0.5
1b9bac59-84b0-403e-aa0d-aaa52d8cbba1,30.276000000000003,measured_linear,/odom,0.13526695966721292,0.5
1b9bac59-84b0-403e-aa0d-aaa52d8cbba1,30.312,measured_linear,/odom,0.13437868654747978,0.5
1b9bac59-84b0-403e-aa0d-aaa52d8cbba1,30.348000000000003,measured_linear,/odom,0.13437868654723556,0.5
1b9bac59-84b0-403e-aa0d-aaa52d8cbba1,30.384,measured_linear,/odom,0.1321020424366104,0.5
1b9bac59-84b0-403e-aa0d-aaa52d8cbba1,30.42,measured_linear,/odom,0.1281002363694439,0.5
1b9bac59-84b0-403e-aa0d-aaa52d8cbba1,30.456000000000003,measured_linear,/odom,0.12766179442400552,0.5
1b9bac59-84b0-403e-aa0d-aaa52d8cbba1,30.492,measured_linear,/odom,0.1276617944240055,0.5
1b9bac59-84b0-403e-aa0d-aaa52d8cbba1,30.528000000000002,measured_linear,/odom,0.12600750178148878,0.5
1b9bac59-84b0-403e-aa0d-aaa52d8cbba1,30.564000000000004,measured_linear,/odom,0.12469311803579389,0.5
1b9bac59-84b0-403e-aa0d-aaa52d8cbba1,30.6,measured_linear,/odom,0.12469311803579389,0.5
1b9bac59-84b0-403e-aa0d-aaa52d8cbba1,30.636000000000003,measured_linear,/odom,0.12484516948459608,0.5
1b9bac59-84b0-403e-aa0d-aaa52d8cbba1,30.672,measured_linear,/odom,0.12304665893361211,0.5
1b9bac59-84b0-403e-aa0d-aaa52d8cbba1,30.708000000000002,measured_linear,/odom,0.12128260359223209,0.5
1b9bac59-84b0-403e-aa0d-aaa52d8cbba1,30.744000000000003,measured_linear,/odom,0.12108659744265446,0.5
1b9bac59-84b0-403e-aa0d-aaa52d8cbba1,30.78,measured_linear,/odom,0.11978799253741605,0.5
1b9bac59-84b0-403e-aa0d-aaa52d8cbba1,30.816000000000003,measured_linear,/odom,0.11846196651460102,0.5
1b9bac59-84b0-403e-aa0d-aaa52d8cbba1,30.852,measured_linear,/odom,0.11846196651459359,0.5
1b9bac59-84b0-403e-aa0d-aaa52d8cbba1,30.888,measured_linear,/odom,0.11825104951865839,0.5
1b9bac59-84b0-403e-aa0d-aaa52d8cbba1,30.924000000000003,measured_linear,/odom,0.11767464876172676,0.5
1b9bac59-84b0-403e-aa0d-aaa52d8cbba1,30.96,measured_linear,/odom,0.11834638118720282,0.5
1b9bac59-84b0-403e-aa0d-aaa52d8cbba1,30.996000000000002,measured_linear,/odom,0.1184210181236045,0.5
1b9bac59-84b0-403e-aa0d-aaa52d8cbba1,31.032000000000004,measured_linear,/odom,0.11713767796785271,0.5
1b9bac59-84b0-403e-aa0d-aaa52d8cbba1,31.068,measured_linear,/odom,0.1144745260484914,0.5
1b9bac59-84b0-403e-aa0d-aaa52d8cbba1,31.104000000000003,measured_linear,/odom,0.11426814645532077,0.5
1b9bac59-84b0-403e-aa0d-aaa52d8cbba1,31.14,measured_linear,/odom,0.11426814645532819,0.5
1b9bac59-84b0-403e-aa0d-aaa52d8cbba1,31.176000000000002,measured_linear,/odom,0.11022245138915625,0.5
1b9bac59-84b0-403e-aa0d-aaa52d8cbba1,31.212000000000003,measured_linear,/odom,0.11086703836896325,0.5
1b9bac59-84b0-403e-aa0d-aaa52d8cbba1,31.248,measured_linear,/odom,0.11086703836913347,0.5
1b9bac59-84b0-403e-aa0d-aaa52d8cbba1,31.284000000000002,measured_linear,/odom,0.11158446967586648,0.5
1b9bac59-84b0-403e-aa0d-aaa52d8cbba1,31.32,measured_linear,/odom,0.11251371428339467,0.5
1b9bac59-84b0-403e-aa0d-aaa52d8cbba1,31.356,measured_linear,/odom,0.11088085919617185,0.5
1b9bac59-84b0-403e-aa0d-aaa52d8cbba1,31.392000000000003,measured_linear,/odom,0.11088085919617185,0.5
1b9bac59-84b0-403e-aa0d-aaa52d8cbba1,31.428,measured_linear,/odom,0.11091189906000665,0.5
1b9bac59-84b0-403e-aa0d-aaa52d8cbba1,31.464000000000002,measured_linear,/odom,0.11250940710305635,0.5
1b9bac59-84b0-403e-aa0d-aaa52d8cbba1,31.500000000000004,measured_linear,/odom,0.11250940710304895,0.5
1b9bac59-84b0-403e-aa0d-aaa52d8cbba1,31.536,measured_linear,/odom,0.1096543744206313,0.5
1b9bac59-84b0-403e-aa0d-aaa52d8cbba1,31.572000000000003,measured_linear,/odom,0.1099937334655928,0.5
1b9bac59-84b0-403e-aa0d-aaa52d8cbba1,31.611,measured_linear,/odom,0.11126588508449942,0.5
1b9bac59-84b0-403e-aa0d-aaa52d8cbba1,31.644000000000002,measured_linear,/odom,0.11140723526478583,0.5
1b9bac59-84b0-403e-aa0d-aaa52d8cbba1,31.680000000000003,measured_linear,/odom,0.11012487784064125,0.5
1b9bac59-84b0-403e-aa0d-aaa52d8cbba1,31.716,measured_linear,/odom,0.10726935416460008,0.5
1b9bac59-84b0-403e-aa0d-aaa52d8cbba1,31.752000000000002,measured_linear,/odom,0.10726935416460007,0.5
1b9bac59-84b0-403e-aa0d-aaa52d8cbba1,31.788,measured_linear,/odom,0.10449432568055232,0.5
1b9bac59-84b0-403e-aa0d-aaa52d8cbba1,31.824,measured_linear,/odom,0.10374480485918122,0.5
1b9bac59-84b0-403e-aa0d-aaa52d8cbba1,31.860000000000003,measured_linear,/odom,0.10046770186526258,0.5
1b9bac59-84b0-403e-aa0d-aaa52d8cbba1,31.896,measured_linear,/odom,0.10002342611551049,0.5
1b9bac59-84b0-403e-aa0d-aaa52d8cbba1,31.932000000000002,measured_linear,/odom,0.09774397313656219,0.5
1b9bac59-84b0-403e-aa0d-aaa52d8cbba1,31.968000000000004,measured_linear,/odom,0.09592980742510657,0.5
1b9bac59-84b0-403e-aa0d-aaa52d8cbba1,32.004000000000005,measured_linear,/odom,0.09934401512129062,0.5
1b9bac59-84b0-403e-aa0d-aaa52d8cbba1,32.04,measured_linear,/odom,0.09934401512145345,0.5
1b9bac59-84b0-403e-aa0d-aaa52d8cbba1,32.076,measured_linear,/odom,0.0958230346442379,0.5
1b9bac59-84b0-403e-aa0d-aaa52d8cbba1,32.112,measured_linear,/odom,0.09580047428607111,0.5
1b9bac59-84b0-403e-aa0d-aaa52d8cbba1,32.148,measured_linear,/odom,0.09580047428607111,0.5
1b9bac59-84b0-403e-aa0d-aaa52d8cbba1,32.184000000000005,measured_linear,/odom,0.09443545341493534,0.5
1b9bac59-84b0-403e-aa0d-aaa52d8cbba1,32.22,measured_linear,/odom,0.09083086462131629,0.5
1b9bac59-84b0-403e-aa0d-aaa52d8cbba1,32.256,measured_linear,/odom,0.09132590889928682,0.5
1b9bac59-84b0-403e-aa0d-aaa52d8cbba1,32.292,measured_linear,/odom,0.09132590889928682,0.5
1b9bac59-84b0-403e-aa0d-aaa52d8cbba1,32.328,measured_linear,/odom,0.08987009525346738,0.5
1b9bac59-84b0-403e-aa0d-aaa52d8cbba1,32.364000000000004,measured_linear,/odom,0.08999912440774693,0.5
1b9bac59-84b0-403e-aa0d-aaa52d8cbba1,32.4,measured_linear,/odom,0.08999912440779133,0.5
1b9bac59-84b0-403e-aa0d-aaa52d8cbba1,32.436,measured_linear,/odom,0.08326670947178537,0.5
1b9bac59-84b0-403e-aa0d-aaa52d8cbba1,32.472,measured_linear,/odom,0.08216233551530117,0.5
1b9bac59-84b0-403e-aa0d-aaa52d8cbba1,32.511,measured_linear,/odom,0.06866233552238477,0.5
1b9bac59-84b0-403e-aa0d-aaa52d8cbba1,32.544000000000004,measured_linear,/odom,0.03266233552319253,0.5
1b9bac59-84b0-403e-aa0d-aaa52d8cbba1,32.580000000000005,measured_linear,/odom,0.002264934209598538,0.5
1b9bac59-84b0-403e-aa0d-aaa52d8cbba1,32.616,measured_linear,/odom,0.0,0.5
1b9bac59-84b0-403e-aa0d-aaa52d8cbba1,32.652,measured_linear,/odom,0.0,0.5
1b9bac59-84b0-403e-aa0d-aaa52d8cbba1,32.688,measured_linear,/odom,0.0,0.5
1b9bac59-84b0-403e-aa0d-aaa52d8cbba1,32.724000000000004,measured_linear,/odom,0.0,0.5
1b9bac59-84b0-403e-aa0d-aaa52d8cbba1,32.760000000000005,measured_linear,/odom,0.0,0.5
1b9bac59-84b0-403e-aa0d-aaa52d8cbba1,32.796,measured_linear,/odom,0.0,0.5
1b9bac59-84b0-403e-aa0d-aaa52d8cbba1,32.832,measured_linear,/odom,0.0,0.5
1b9bac59-84b0-403e-aa0d-aaa52d8cbba1,32.868,measured_linear,/odom,0.0,0.5
1b9bac59-84b0-403e-aa0d-aaa52d8cbba1,32.904,measured_linear,/odom,0.0,0.5
1b9bac59-84b0-403e-aa0d-aaa52d8cbba1,32.940000000000005,measured_linear,/odom,0.0,0.5
1b9bac59-84b0-403e-aa0d-aaa52d8cbba1,32.976,measured_linear,/odom,0.0,0.5
1b9bac59-84b0-403e-aa0d-aaa52d8cbba1,33.012,measured_linear,/odom,0.0,0.5
1b9bac59-84b0-403e-aa0d-aaa52d8cbba1,33.048,measured_linear,/odom,0.0,0.5
1b9bac59-84b0-403e-aa0d-aaa52d8cbba1,33.084,measured_linear,/odom,0.0,0.5
1b9bac59-84b0-403e-aa0d-aaa52d8cbba1,33.120000000000005,measured_linear,/odom,0.0,0.5
1b9bac59-84b0-403e-aa0d-aaa52d8cbba1,33.156,measured_linear,/odom,0.0,0.5
1b9bac59-84b0-403e-aa0d-aaa52d8cbba1,33.192,measured_linear,/odom,0.0,0.5
1b9bac59-84b0-403e-aa0d-aaa52d8cbba1,33.228,measured_linear,/odom,0.0,0.5
1b9bac59-84b0-403e-aa0d-aaa52d8cbba1,13.209000000000001,minimum_front_range,/scan,0.9285846948623657,0.5
1b9bac59-84b0-403e-aa0d-aaa52d8cbba1,13.311,minimum_front_range,/scan,0.9212056398391724,0.5
1b9bac59-84b0-403e-aa0d-aaa52d8cbba1,13.41,minimum_front_range,/scan,0.9321382641792297,0.5
1b9bac59-84b0-403e-aa0d-aaa52d8cbba1,13.509,minimum_front_range,/scan,0.9218281507492065,0.5
1b9bac59-84b0-403e-aa0d-aaa52d8cbba1,13.611,minimum_front_range,/scan,0.921816885471344,0.5
1b9bac59-84b0-403e-aa0d-aaa52d8cbba1,13.71,minimum_front_range,/scan,0.9328246712684631,0.5
1b9bac59-84b0-403e-aa0d-aaa52d8cbba1,13.806000000000001,minimum_front_range,/scan,0.9202616810798645,0.5
1b9bac59-84b0-403e-aa0d-aaa52d8cbba1,13.911000000000001,minimum_front_range,/scan,0.9289073348045349,0.5
1b9bac59-84b0-403e-aa0d-aaa52d8cbba1,14.010000000000002,minimum_front_range,/scan,0.926306426525116,0.5
1b9bac59-84b0-403e-aa0d-aaa52d8cbba1,14.109000000000002,minimum_front_range,/scan,0.9286627769470215,0.5
1b9bac59-84b0-403e-aa0d-aaa52d8cbba1,14.211,minimum_front_range,/scan,0.9232595562934875,0.5
1b9bac59-84b0-403e-aa0d-aaa52d8cbba1,14.313,minimum_front_range,/scan,0.9347520470619202,0.5
1b9bac59-84b0-403e-aa0d-aaa52d8cbba1,14.409,minimum_front_range,/scan,0.9301404356956482,0.5
1b9bac59-84b0-403e-aa0d-aaa52d8cbba1,14.511000000000001,minimum_front_range,/scan,0.9243134260177612,0.5
1b9bac59-84b0-403e-aa0d-aaa52d8cbba1,14.610000000000001,minimum_front_range,/scan,0.9356875419616699,0.5
1b9bac59-84b0-403e-aa0d-aaa52d8cbba1,14.709000000000001,minimum_front_range,/scan,0.9288681149482727,0.5
1b9bac59-84b0-403e-aa0d-aaa52d8cbba1,14.811000000000002,minimum_front_range,/scan,0.9291251301765442,0.5
1b9bac59-84b0-403e-aa0d-aaa52d8cbba1,14.91,minimum_front_range,/scan,0.924383819103241,0.5
1b9bac59-84b0-403e-aa0d-aaa52d8cbba1,15.009,minimum_front_range,/scan,0.9090396761894226,0.5
1b9bac59-84b0-403e-aa0d-aaa52d8cbba1,15.111,minimum_front_range,/scan,0.8976356387138367,0.5
1b9bac59-84b0-403e-aa0d-aaa52d8cbba1,15.21,minimum_front_range,/scan,0.8966224789619446,0.5
1b9bac59-84b0-403e-aa0d-aaa52d8cbba1,15.309000000000001,minimum_front_range,/scan,0.8892053365707397,0.5
1b9bac59-84b0-403e-aa0d-aaa52d8cbba1,15.411000000000001,minimum_front_range,/scan,0.8862754106521606,0.5
1b9bac59-84b0-403e-aa0d-aaa52d8cbba1,15.510000000000002,minimum_front_range,/scan,0.865626335144043,0.5
1b9bac59-84b0-403e-aa0d-aaa52d8cbba1,15.609000000000002,minimum_front_range,/scan,0.852798342704773,0.5
1b9bac59-84b0-403e-aa0d-aaa52d8cbba1,15.711,minimum_front_range,/scan,0.8433005213737488,0.5
1b9bac59-84b0-403e-aa0d-aaa52d8cbba1,15.81,minimum_front_range,/scan,0.8461763858795166,0.5
1b9bac59-84b0-403e-aa0d-aaa52d8cbba1,15.909,minimum_front_range,/scan,0.8373222947120667,0.5
1b9bac59-84b0-403e-aa0d-aaa52d8cbba1,16.011,minimum_front_range,/scan,0.8356637954711914,0.5
1b9bac59-84b0-403e-aa0d-aaa52d8cbba1,16.11,minimum_front_range,/scan,0.8155227899551392,0.5
1b9bac59-84b0-403e-aa0d-aaa52d8cbba1,16.209,minimum_front_range,/scan,0.8184349536895752,0.5
1b9bac59-84b0-403e-aa0d-aaa52d8cbba1,16.311,minimum_front_range,/scan,0.8299219608306885,0.5
1b9bac59-84b0-403e-aa0d-aaa52d8cbba1,16.41,minimum_front_range,/scan,0.8367058038711548,0.5
1b9bac59-84b0-403e-aa0d-aaa52d8cbba1,16.509,minimum_front_range,/scan,0.8148200511932373,0.5
1b9bac59-84b0-403e-aa0d-aaa52d8cbba1,16.611,minimum_front_range,/scan,0.8544785976409912,0.5
1b9bac59-84b0-403e-aa0d-aaa52d8cbba1,16.71,minimum_front_range,/scan,1.7347567081451416,0.5
1b9bac59-84b0-403e-aa0d-aaa52d8cbba1,16.809,minimum_front_range,/scan,1.7039414644241333,0.5
1b9bac59-84b0-403e-aa0d-aaa52d8cbba1,16.911,minimum_front_range,/scan,1.690786600112915,0.5
1b9bac59-84b0-403e-aa0d-aaa52d8cbba1,17.01,minimum_front_range,/scan,1.6713409423828125,0.5
1b9bac59-84b0-403e-aa0d-aaa52d8cbba1,17.109,minimum_front_range,/scan,1.6528289318084717,0.5
1b9bac59-84b0-403e-aa0d-aaa52d8cbba1,17.211000000000002,minimum_front_range,/scan,1.6375609636306763,0.5
1b9bac59-84b0-403e-aa0d-aaa52d8cbba1,17.310000000000002,minimum_front_range,/scan,1.631832242012024,0.5
1b9bac59-84b0-403e-aa0d-aaa52d8cbba1,17.409000000000002,minimum_front_range,/scan,1.6111379861831665,0.5
1b9bac59-84b0-403e-aa0d-aaa52d8cbba1,17.511000000000003,minimum_front_range,/scan,1.611459493637085,0.5
1b9bac59-84b0-403e-aa0d-aaa52d8cbba1,17.61,minimum_front_range,/scan,1.5918591022491455,0.5
1b9bac59-84b0-403e-aa0d-aaa52d8cbba1,17.709,minimum_front_range,/scan,1.577426552772522,0.5
1b9bac59-84b0-403e-aa0d-aaa52d8cbba1,17.811,minimum_front_range,/scan,1.553492546081543,0.5
1b9bac59-84b0-403e-aa0d-aaa52d8cbba1,17.91,minimum_front_range,/scan,1.5341981649398804,0.5
1b9bac59-84b0-403e-aa0d-aaa52d8cbba1,18.012,minimum_front_range,/scan,1.5280197858810425,0.5
1b9bac59-84b0-403e-aa0d-aaa52d8cbba1,18.111,minimum_front_range,/scan,1.5169864892959595,0.5
1b9bac59-84b0-403e-aa0d-aaa52d8cbba1,18.21,minimum_front_range,/scan,1.4820517301559448,0.5
1b9bac59-84b0-403e-aa0d-aaa52d8cbba1,18.309,minimum_front_range,/scan,1.4618351459503174,0.5
1b9bac59-84b0-403e-aa0d-aaa52d8cbba1,18.408,minimum_front_range,/scan,1.4543991088867188,0.5
1b9bac59-84b0-403e-aa0d-aaa52d8cbba1,18.51,minimum_front_range,/scan,1.434385895729065,0.5
1b9bac59-84b0-403e-aa0d-aaa52d8cbba1,18.609,minimum_front_range,/scan,1.4214098453521729,0.5
1b9bac59-84b0-403e-aa0d-aaa52d8cbba1,18.711000000000002,minimum_front_range,/scan,1.400093674659729,0.5
1b9bac59-84b0-403e-aa0d-aaa52d8cbba1,18.807000000000002,minimum_front_range,/scan,1.3978902101516724,0.5
1b9bac59-84b0-403e-aa0d-aaa52d8cbba1,18.909000000000002,minimum_front_range,/scan,1.3749052286148071,0.5
1b9bac59-84b0-403e-aa0d-aaa52d8cbba1,19.011000000000003,minimum_front_range,/scan,1.3629720211029053,0.5
1b9bac59-84b0-403e-aa0d-aaa52d8cbba1,19.11,minimum_front_range,/scan,1.3466966152191162,0.5
1b9bac59-84b0-403e-aa0d-aaa52d8cbba1,19.209,minimum_front_range,/scan,1.3266162872314453,0.5
1b9bac59-84b0-403e-aa0d-aaa52d8cbba1,19.308,minimum_front_range,/scan,1.3127658367156982,0.5
1b9bac59-84b0-403e-aa0d-aaa52d8cbba1,19.41,minimum_front_range,/scan,1.2886890172958374,0.5
1b9bac59-84b0-403e-aa0d-aaa52d8cbba1,19.512,minimum_front_range,/scan,1.2788350582122803,0.5
1b9bac59-84b0-403e-aa0d-aaa52d8cbba1,19.608,minimum_front_range,/scan,1.2748476266860962,0.5
1b9bac59-84b0-403e-aa0d-aaa52d8cbba1,19.71,minimum_front_range,/scan,1.2423958778381348,0.5
1b9bac59-84b0-403e-aa0d-aaa52d8cbba1,19.815,minimum_front_range,/scan,1.2250562906265259,0.5
1b9bac59-84b0-403e-aa0d-aaa52d8cbba1,19.911,minimum_front_range,/scan,1.2048025131225586,0.5
1b9bac59-84b0-403e-aa0d-aaa52d8cbba1,20.01,minimum_front_range,/scan,1.1984361410140991,0.5
1b9bac59-84b0-403e-aa0d-aaa52d8cbba1,20.109,minimum_front_range,/scan,1.185208797454834,0.5
1b9bac59-84b0-403e-aa0d-aaa52d8cbba1,20.211000000000002,minimum_front_range,/scan,1.1686105728149414,0.5
1b9bac59-84b0-403e-aa0d-aaa52d8cbba1,20.310000000000002,minimum_front_range,/scan,1.152979850769043,0.5
1b9bac59-84b0-403e-aa0d-aaa52d8cbba1,20.409000000000002,minimum_front_range,/scan,1.1275197267532349,0.5
1b9bac59-84b0-403e-aa0d-aaa52d8cbba1,20.514000000000003,minimum_front_range,/scan,1.1142268180847168,0.5
1b9bac59-84b0-403e-aa0d-aaa52d8cbba1,20.610000000000003,minimum_front_range,/scan,1.1039643287658691,0.5
1b9bac59-84b0-403e-aa0d-aaa52d8cbba1,20.709,minimum_front_range,/scan,1.0783333778381348,0.5
1b9bac59-84b0-403e-aa0d-aaa52d8cbba1,20.811,minimum_front_range,/scan,1.0661325454711914,0.5
1b9bac59-84b0-403e-aa0d-aaa52d8cbba1,20.91,minimum_front_range,/scan,1.061444640159607,0.5
1b9bac59-84b0-403e-aa0d-aaa52d8cbba1,21.009,minimum_front_range,/scan,1.04462468624115,0.5
1b9bac59-84b0-403e-aa0d-aaa52d8cbba1,21.111,minimum_front_range,/scan,1.0123324394226074,0.5
1b9bac59-84b0-403e-aa0d-aaa52d8cbba1,21.21,minimum_front_range,/scan,1.022779941558838,0.5
1b9bac59-84b0-403e-aa0d-aaa52d8cbba1,21.309,minimum_front_range,/scan,1.014533519744873,0.5
1b9bac59-84b0-403e-aa0d-aaa52d8cbba1,21.411,minimum_front_range,/scan,0.977263867855072,0.5
1b9bac59-84b0-403e-aa0d-aaa52d8cbba1,21.51,minimum_front_range,/scan,0.9780626893043518,0.5
1b9bac59-84b0-403e-aa0d-aaa52d8cbba1,21.609,minimum_front_range,/scan,0.9593293070793152,0.5
1b9bac59-84b0-403e-aa0d-aaa52d8cbba1,21.711000000000002,minimum_front_range,/scan,0.9463242292404175,0.5
1b9bac59-84b0-403e-aa0d-aaa52d8cbba1,21.810000000000002,minimum_front_range,/scan,0.9450140595436096,0.5
1b9bac59-84b0-403e-aa0d-aaa52d8cbba1,21.909000000000002,minimum_front_range,/scan,0.9353654980659485,0.5
1b9bac59-84b0-403e-aa0d-aaa52d8cbba1,22.011000000000003,minimum_front_range,/scan,0.9114407896995544,0.5
1b9bac59-84b0-403e-aa0d-aaa52d8cbba1,22.113000000000003,minimum_front_range,/scan,0.9156296253204346,0.5
1b9bac59-84b0-403e-aa0d-aaa52d8cbba1,22.209,minimum_front_range,/scan,0.9029940366744995,0.5
1b9bac59-84b0-403e-aa0d-aaa52d8cbba1,22.314,minimum_front_range,/scan,0.8939831256866455,0.5
1b9bac59-84b0-403e-aa0d-aaa52d8cbba1,22.41,minimum_front_range,/scan,0.8837987780570984,0.5
1b9bac59-84b0-403e-aa0d-aaa52d8cbba1,22.509,minimum_front_range,/scan,0.869992733001709,0.5
1b9bac59-84b0-403e-aa0d-aaa52d8cbba1,22.611,minimum_front_range,/scan,0.8657516837120056,0.5
1b9bac59-84b0-403e-aa0d-aaa52d8cbba1,22.71,minimum_front_range,/scan,0.8557050824165344,0.5
1b9bac59-84b0-403e-aa0d-aaa52d8cbba1,22.809,minimum_front_range,/scan,0.8761972784996033,0.5
1b9bac59-84b0-403e-aa0d-aaa52d8cbba1,22.911,minimum_front_range,/scan,0.8647810220718384,0.5
1b9bac59-84b0-403e-aa0d-aaa52d8cbba1,23.013,minimum_front_range,/scan,1.738021969795227,0.5
1b9bac59-84b0-403e-aa0d-aaa52d8cbba1,23.109,minimum_front_range,/scan,1.733269453048706,0.5
1b9bac59-84b0-403e-aa0d-aaa52d8cbba1,23.211000000000002,minimum_front_range,/scan,1.7133591175079346,0.5
1b9bac59-84b0-403e-aa0d-aaa52d8cbba1,23.310000000000002,minimum_front_range,/scan,1.6970185041427612,0.5
1b9bac59-84b0-403e-aa0d-aaa52d8cbba1,23.409000000000002,minimum_front_range,/scan,1.6800508499145508,0.5
1b9bac59-84b0-403e-aa0d-aaa52d8cbba1,23.511000000000003,minimum_front_range,/scan,1.6706414222717285,0.5
1b9bac59-84b0-403e-aa0d-aaa52d8cbba1,23.610000000000003,minimum_front_range,/scan,1.642528772354126,0.5
1b9bac59-84b0-403e-aa0d-aaa52d8cbba1,23.709000000000003,minimum_front_range,/scan,1.6398615837097168,0.5
1b9bac59-84b0-403e-aa0d-aaa52d8cbba1,23.811,minimum_front_range,/scan,1.616134524345398,0.5
1b9bac59-84b0-403e-aa0d-aaa52d8cbba1,23.91,minimum_front_range,/scan,1.6116126775741577,0.5
1b9bac59-84b0-403e-aa0d-aaa52d8cbba1,24.012,minimum_front_range,/scan,1.5914396047592163,0.5
1b9bac59-84b0-403e-aa0d-aaa52d8cbba1,24.111,minimum_front_range,/scan,1.5804593563079834,0.5
1b9bac59-84b0-403e-aa0d-aaa52d8cbba1,24.21,minimum_front_range,/scan,1.558603286743164,0.5
1b9bac59-84b0-403e-aa0d-aaa52d8cbba1,24.309,minimum_front_range,/scan,1.5484284162521362,0.5
1b9bac59-84b0-403e-aa0d-aaa52d8cbba1,24.411,minimum_front_range,/scan,1.5151456594467163,0.5
1b9bac59-84b0-403e-aa0d-aaa52d8cbba1,24.51,minimum_front_range,/scan,1.5161901712417603,0.5
1b9bac59-84b0-403e-aa0d-aaa52d8cbba1,24.609,minimum_front_range,/scan,1.5020406246185303,0.5
1b9bac59-84b0-403e-aa0d-aaa52d8cbba1,24.711000000000002,minimum_front_range,/scan,1.481526494026184,0.5
1b9bac59-84b0-403e-aa0d-aaa52d8cbba1,24.810000000000002,minimum_front_range,/scan,1.477938175201416,0.5
1b9bac59-84b0-403e-aa0d-aaa52d8cbba1,24.909000000000002,minimum_front_range,/scan,1.4538414478302002,0.5
1b9bac59-84b0-403e-aa0d-aaa52d8cbba1,25.014000000000003,minimum_front_range,/scan,1.4311836957931519,0.5
1b9bac59-84b0-403e-aa0d-aaa52d8cbba1,25.110000000000003,minimum_front_range,/scan,1.3998357057571411,0.5
1b9bac59-84b0-403e-aa0d-aaa52d8cbba1,25.209000000000003,minimum_front_range,/scan,1.4038230180740356,0.5
1b9bac59-84b0-403e-aa0d-aaa52d8cbba1,25.311,minimum_front_range,/scan,1.3816816806793213,0.5
1b9bac59-84b0-403e-aa0d-aaa52d8cbba1,25.41,minimum_front_range,/scan,1.378787636756897,0.5
1b9bac59-84b0-403e-aa0d-aaa52d8cbba1,25.509,minimum_front_range,/scan,1.3595434427261353,0.5
1b9bac59-84b0-403e-aa0d-aaa52d8cbba1,25.611,minimum_front_range,/scan,1.3383021354675293,0.5
1b9bac59-84b0-403e-aa0d-aaa52d8cbba1,25.71,minimum_front_range,/scan,1.3176333904266357,0.5
1b9bac59-84b0-403e-aa0d-aaa52d8cbba1,25.809,minimum_front_range,/scan,1.3012255430221558,0.5
1b9bac59-84b0-403e-aa0d-aaa52d8cbba1,25.911,minimum_front_range,/scan,1.2816355228424072,0.5
1b9bac59-84b0-403e-aa0d-aaa52d8cbba1,26.01,minimum_front_range,/scan,1.25904381275177,0.5
1b9bac59-84b0-403e-aa0d-aaa52d8cbba1,26.109,minimum_front_range,/scan,1.246550440788269,0.5
1b9bac59-84b0-403e-aa0d-aaa52d8cbba1,26.211000000000002,minimum_front_range,/scan,1.2284377813339233,0.5
1b9bac59-84b0-403e-aa0d-aaa52d8cbba1,26.310000000000002,minimum_front_range,/scan,1.2241928577423096,0.5
1b9bac59-84b0-403e-aa0d-aaa52d8cbba1,26.412000000000003,minimum_front_range,/scan,1.2040276527404785,0.5
1b9bac59-84b0-403e-aa0d-aaa52d8cbba1,26.511000000000003,minimum_front_range,/scan,1.1906042098999023,0.5
1b9bac59-84b0-403e-aa0d-aaa52d8cbba1,26.613000000000003,minimum_front_range,/scan,1.1583236455917358,0.5
1b9bac59-84b0-403e-aa0d-aaa52d8cbba1,26.709000000000003,minimum_front_range,/scan,1.149656891822815,0.5
1b9bac59-84b0-403e-aa0d-aaa52d8cbba1,26.811,minimum_front_range,/scan,1.1250946521759033,0.5
1b9bac59-84b0-403e-aa0d-aaa52d8cbba1,26.91,minimum_front_range,/scan,1.1225987672805786,0.5
1b9bac59-84b0-403e-aa0d-aaa52d8cbba1,27.009,minimum_front_range,/scan,1.1068568229675293,0.5
1b9bac59-84b0-403e-aa0d-aaa52d8cbba1,27.111,minimum_front_range,/scan,1.0879606008529663,0.5
1b9bac59-84b0-403e-aa0d-aaa52d8cbba1,27.21,minimum_front_range,/scan,1.074993371963501,0.5
1b9bac59-84b0-403e-aa0d-aaa52d8cbba1,27.309,minimum_front_range,/scan,1.0615215301513672,0.5
1b9bac59-84b0-403e-aa0d-aaa52d8cbba1,27.411,minimum_front_range,/scan,1.0556987524032593,0.5
1b9bac59-84b0-403e-aa0d-aaa52d8cbba1,27.51,minimum_front_range,/scan,1.0333486795425415,0.5
1b9bac59-84b0-403e-aa0d-aaa52d8cbba1,27.609,minimum_front_range,/scan,1.009249210357666,0.5
1b9bac59-84b0-403e-aa0d-aaa52d8cbba1,27.711000000000002,minimum_front_range,/scan,0.9939667582511902,0.5
1b9bac59-84b0-403e-aa0d-aaa52d8cbba1,27.810000000000002,minimum_front_range,/scan,0.9788597822189331,0.5
1b9bac59-84b0-403e-aa0d-aaa52d8cbba1,27.909000000000002,minimum_front_range,/scan,0.953199565410614,0.5
1b9bac59-84b0-403e-aa0d-aaa52d8cbba1,28.011000000000003,minimum_front_range,/scan,0.9499560594558716,0.5
1b9bac59-84b0-403e-aa0d-aaa52d8cbba1,28.110000000000003,minimum_front_range,/scan,0.9369537830352783,0.5
1b9bac59-84b0-403e-aa0d-aaa52d8cbba1,28.209000000000003,minimum_front_range,/scan,0.9268136024475098,0.5
1b9bac59-84b0-403e-aa0d-aaa52d8cbba1,28.311000000000003,minimum_front_range,/scan,0.8993121385574341,0.5
1b9bac59-84b0-403e-aa0d-aaa52d8cbba1,28.413,minimum_front_range,/scan,0.891741156578064,0.5
1b9bac59-84b0-403e-aa0d-aaa52d8cbba1,28.509,minimum_front_range,/scan,0.8724719882011414,0.5
1b9bac59-84b0-403e-aa0d-aaa52d8cbba1,28.611,minimum_front_range,/scan,0.8651697039604187,0.5
1b9bac59-84b0-403e-aa0d-aaa52d8cbba1,28.707,minimum_front_range,/scan,0.8510403037071228,0.5
1b9bac59-84b0-403e-aa0d-aaa52d8cbba1,28.809,minimum_front_range,/scan,0.8159789443016052,0.5
1b9bac59-84b0-403e-aa0d-aaa52d8cbba1,28.911,minimum_front_range,/scan,0.8322418928146362,0.5
1b9bac59-84b0-403e-aa0d-aaa52d8cbba1,29.01,minimum_front_range,/scan,0.8140016198158264,0.5
1b9bac59-84b0-403e-aa0d-aaa52d8cbba1,29.109,minimum_front_range,/scan,0.7950724959373474,0.5
1b9bac59-84b0-403e-aa0d-aaa52d8cbba1,29.214000000000002,minimum_front_range,/scan,0.8002669811248779,0.5
1b9bac59-84b0-403e-aa0d-aaa52d8cbba1,29.310000000000002,minimum_front_range,/scan,0.7955135107040405,0.5
1b9bac59-84b0-403e-aa0d-aaa52d8cbba1,29.409000000000002,minimum_front_range,/scan,0.7719544768333435,0.5
1b9bac59-84b0-403e-aa0d-aaa52d8cbba1,29.511000000000003,minimum_front_range,/scan,0.7505332231521606,0.5
1b9bac59-84b0-403e-aa0d-aaa52d8cbba1,29.610000000000003,minimum_front_range,/scan,0.7564602494239807,0.5
1b9bac59-84b0-403e-aa0d-aaa52d8cbba1,29.709000000000003,minimum_front_range,/scan,0.7435261011123657,0.5
1b9bac59-84b0-403e-aa0d-aaa52d8cbba1,29.808000000000003,minimum_front_range,/scan,0.7431471347808838,0.5
1b9bac59-84b0-403e-aa0d-aaa52d8cbba1,29.907000000000004,minimum_front_range,/scan,0.7313788533210754,0.5
1b9bac59-84b0-403e-aa0d-aaa52d8cbba1,30.009,minimum_front_range,/scan,0.735706090927124,0.5
1b9bac59-84b0-403e-aa0d-aaa52d8cbba1,30.111,minimum_front_range,/scan,0.7114564180374146,0.5
1b9bac59-84b0-403e-aa0d-aaa52d8cbba1,30.21,minimum_front_range,/scan,0.7222604751586914,0.5
1b9bac59-84b0-403e-aa0d-aaa52d8cbba1,30.309,minimum_front_range,/scan,0.70045006275177,0.5
1b9bac59-84b0-403e-aa0d-aaa52d8cbba1,30.411,minimum_front_range,/scan,0.7157381176948547,0.5
1b9bac59-84b0-403e-aa0d-aaa52d8cbba1,30.51,minimum_front_range,/scan,0.7024735808372498,0.5
1b9bac59-84b0-403e-aa0d-aaa52d8cbba1,30.609,minimum_front_range,/scan,0.6987255811691284,0.5
1b9bac59-84b0-403e-aa0d-aaa52d8cbba1,30.714000000000002,minimum_front_range,/scan,0.7102832794189453,0.5
1b9bac59-84b0-403e-aa0d-aaa52d8cbba1,30.810000000000002,minimum_front_range,/scan,0.7196304798126221,0.5
1b9bac59-84b0-403e-aa0d-aaa52d8cbba1,30.909000000000002,minimum_front_range,/scan,0.7117810249328613,0.5
1b9bac59-84b0-403e-aa0d-aaa52d8cbba1,31.011000000000003,minimum_front_range,/scan,1.8597604036331177,0.5
1b9bac59-84b0-403e-aa0d-aaa52d8cbba1,31.113000000000003,minimum_front_range,/scan,1.8279777765274048,0.5
1b9bac59-84b0-403e-aa0d-aaa52d8cbba1,31.212000000000003,minimum_front_range,/scan,1.8323211669921875,0.5
1b9bac59-84b0-403e-aa0d-aaa52d8cbba1,31.314000000000004,minimum_front_range,/scan,1.8250107765197754,0.5
1b9bac59-84b0-403e-aa0d-aaa52d8cbba1,31.410000000000004,minimum_front_range,/scan,1.8290566205978394,0.5
1b9bac59-84b0-403e-aa0d-aaa52d8cbba1,31.509,minimum_front_range,/scan,1.799100399017334,0.5
1b9bac59-84b0-403e-aa0d-aaa52d8cbba1,31.611,minimum_front_range,/scan,1.7888926267623901,0.5
1b9bac59-84b0-403e-aa0d-aaa52d8cbba1,31.71,minimum_front_range,/scan,1.778517246246338,0.5
1b9bac59-84b0-403e-aa0d-aaa52d8cbba1,31.809,minimum_front_range,/scan,1.7669110298156738,0.5
1b9bac59-84b0-403e-aa0d-aaa52d8cbba1,31.911,minimum_front_range,/scan,1.7447011470794678,0.5
1b9bac59-84b0-403e-aa0d-aaa52d8cbba1,32.010000000000005,minimum_front_range,/scan,1.7300419807434082,0.5
1b9bac59-84b0-403e-aa0d-aaa52d8cbba1,32.109,minimum_front_range,/scan,1.7246472835540771,0.5
1b9bac59-84b0-403e-aa0d-aaa52d8cbba1,32.211,minimum_front_range,/scan,1.7355504035949707,0.5
1b9bac59-84b0-403e-aa0d-aaa52d8cbba1,32.31,minimum_front_range,/scan,1.7206482887268066,0.5
1b9bac59-84b0-403e-aa0d-aaa52d8cbba1,32.409,minimum_front_range,/scan,1.713486671447754,0.5
1b9bac59-84b0-403e-aa0d-aaa52d8cbba1,32.511,minimum_front_range,/scan,1.7212380170822144,0.5
1b9bac59-84b0-403e-aa0d-aaa52d8cbba1,32.613,minimum_front_range,/scan,1.7150920629501343,0.5
1b9bac59-84b0-403e-aa0d-aaa52d8cbba1,32.709,minimum_front_range,/scan,1.6962535381317139,0.5
1b9bac59-84b0-403e-aa0d-aaa52d8cbba1,32.811,minimum_front_range,/scan,1.7022734880447388,0.5
1b9bac59-84b0-403e-aa0d-aaa52d8cbba1,32.910000000000004,minimum_front_range,/scan,1.7075825929641724,0.5
1b9bac59-84b0-403e-aa0d-aaa52d8cbba1,33.009,minimum_front_range,/scan,1.694274663925171,0.5
1b9bac59-84b0-403e-aa0d-aaa52d8cbba1,33.111000000000004,minimum_front_range,/scan,1.6973977088928223,0.5
1b9bac59-84b0-403e-aa0d-aaa52d8cbba1,33.21,minimum_front_range,/scan,1.7146787643432617,0.5
1b9bac59-84b0-403e-aa0d-aaa52d8cbba1,13.209000000000001,minimum_left_range,/scan,0.9415856599807739,0.5
1b9bac59-84b0-403e-aa0d-aaa52d8cbba1,13.311,minimum_left_range,/scan,0.9453527927398682,0.5
1b9bac59-84b0-403e-aa0d-aaa52d8cbba1,13.41,minimum_left_range,/scan,0.9473525881767273,0.5
1b9bac59-84b0-403e-aa0d-aaa52d8cbba1,13.509,minimum_left_range,/scan,0.9486031532287598,0.5
1b9bac59-84b0-403e-aa0d-aaa52d8cbba1,13.611,minimum_left_range,/scan,0.94490647315979,0.5
1b9bac59-84b0-403e-aa0d-aaa52d8cbba1,13.71,minimum_left_range,/scan,0.9399788975715637,0.5
1b9bac59-84b0-403e-aa0d-aaa52d8cbba1,13.806000000000001,minimum_left_range,/scan,0.9299827218055725,0.5
1b9bac59-84b0-403e-aa0d-aaa52d8cbba1,13.911000000000001,minimum_left_range,/scan,0.9390763640403748,0.5
1b9bac59-84b0-403e-aa0d-aaa52d8cbba1,14.010000000000002,minimum_left_range,/scan,0.9495162963867188,0.5
1b9bac59-84b0-403e-aa0d-aaa52d8cbba1,14.109000000000002,minimum_left_range,/scan,0.9486785531044006,0.5
1b9bac59-84b0-403e-aa0d-aaa52d8cbba1,14.211,minimum_left_range,/scan,0.9584208130836487,0.5
1b9bac59-84b0-403e-aa0d-aaa52d8cbba1,14.313,minimum_left_range,/scan,0.9509528875350952,0.5
1b9bac59-84b0-403e-aa0d-aaa52d8cbba1,14.409,minimum_left_range,/scan,0.9388607740402222,0.5
1b9bac59-84b0-403e-aa0d-aaa52d8cbba1,14.511000000000001,minimum_left_range,/scan,0.943103551864624,0.5
1b9bac59-84b0-403e-aa0d-aaa52d8cbba1,14.610000000000001,minimum_left_range,/scan,0.9536697268486023,0.5
1b9bac59-84b0-403e-aa0d-aaa52d8cbba1,14.709000000000001,minimum_left_range,/scan,0.9453538060188293,0.5
1b9bac59-84b0-403e-aa0d-aaa52d8cbba1,14.811000000000002,minimum_left_range,/scan,0.9239213466644287,0.5
1b9bac59-84b0-403e-aa0d-aaa52d8cbba1,14.91,minimum_left_range,/scan,0.9357590079307556,0.5
1b9bac59-84b0-403e-aa0d-aaa52d8cbba1,15.009,minimum_left_range,/scan,0.9254938960075378,0.5
1b9bac59-84b0-403e-aa0d-aaa52d8cbba1,15.111,minimum_left_range,/scan,0.9167600870132446,0.5
1b9bac59-84b0-403e-aa0d-aaa52d8cbba1,15.21,minimum_left_range,/scan,0.8970659375190735,0.5
1b9bac59-84b0-403e-aa0d-aaa52d8cbba1,15.309000000000001,minimum_left_range,/scan,0.8807280659675598,0.5
1b9bac59-84b0-403e-aa0d-aaa52d8cbba1,15.411000000000001,minimum_left_range,/scan,0.8560153245925903,0.5
1b9bac59-84b0-403e-aa0d-aaa52d8cbba1,15.510000000000002,minimum_left_range,/scan,0.8529078960418701,0.5
1b9bac59-84b0-403e-aa0d-aaa52d8cbba1,15.609000000000002,minimum_left_range,/scan,0.842972993850708,0.5
1b9bac59-84b0-403e-aa0d-aaa52d8cbba1,15.711,minimum_left_range,/scan,0.8167831897735596,0.5
1b9bac59-84b0-403e-aa0d-aaa52d8cbba1,15.81,minimum_left_range,/scan,0.8180773854255676,0.5
1b9bac59-84b0-403e-aa0d-aaa52d8cbba1,15.909,minimum_left_range,/scan,0.7988004088401794,0.5
1b9bac59-84b0-403e-aa0d-aaa52d8cbba1,16.011,minimum_left_range,/scan,0.789456307888031,0.5
1b9bac59-84b0-403e-aa0d-aaa52d8cbba1,16.11,minimum_left_range,/scan,0.7696378231048584,0.5
1b9bac59-84b0-403e-aa0d-aaa52d8cbba1,16.209,minimum_left_range,/scan,0.7804940342903137,0.5
1b9bac59-84b0-403e-aa0d-aaa52d8cbba1,16.311,minimum_left_range,/scan,0.7587470412254333,0.5
1b9bac59-84b0-403e-aa0d-aaa52d8cbba1,16.41,minimum_left_range,/scan,0.7297711968421936,0.5
1b9bac59-84b0-403e-aa0d-aaa52d8cbba1,16.509,minimum_left_range,/scan,0.735949695110321,0.5
1b9bac59-84b0-403e-aa0d-aaa52d8cbba1,16.611,minimum_left_range,/scan,0.7261276841163635,0.5
1b9bac59-84b0-403e-aa0d-aaa52d8cbba1,16.71,minimum_left_range,/scan,0.707997739315033,0.5
1b9bac59-84b0-403e-aa0d-aaa52d8cbba1,16.809,minimum_left_range,/scan,0.7012467384338379,0.5
1b9bac59-84b0-403e-aa0d-aaa52d8cbba1,16.911,minimum_left_range,/scan,0.6903846859931946,0.5
1b9bac59-84b0-403e-aa0d-aaa52d8cbba1,17.01,minimum_left_range,/scan,0.6772509217262268,0.5
1b9bac59-84b0-403e-aa0d-aaa52d8cbba1,17.109,minimum_left_range,/scan,0.6661012172698975,0.5
1b9bac59-84b0-403e-aa0d-aaa52d8cbba1,17.211000000000002,minimum_left_range,/scan,0.6527804732322693,0.5
1b9bac59-84b0-403e-aa0d-aaa52d8cbba1,17.310000000000002,minimum_left_range,/scan,0.6426628828048706,0.5
1b9bac59-84b0-403e-aa0d-aaa52d8cbba1,17.409000000000002,minimum_left_range,/scan,0.6343804597854614,0.5
1b9bac59-84b0-403e-aa0d-aaa52d8cbba1,17.511000000000003,minimum_left_range,/scan,0.6207762956619263,0.5
1b9bac59-84b0-403e-aa0d-aaa52d8cbba1,17.61,minimum_left_range,/scan,0.6114395260810852,0.5
1b9bac59-84b0-403e-aa0d-aaa52d8cbba1,17.709,minimum_left_range,/scan,0.5928038954734802,0.5
1b9bac59-84b0-403e-aa0d-aaa52d8cbba1,17.811,minimum_left_range,/scan,0.5903204679489136,0.5
1b9bac59-84b0-403e-aa0d-aaa52d8cbba1,17.91,minimum_left_range,/scan,0.5611027479171753,0.5
1b9bac59-84b0-403e-aa0d-aaa52d8cbba1,18.012,minimum_left_range,/scan,0.5535478591918945,0.5
1b9bac59-84b0-403e-aa0d-aaa52d8cbba1,18.111,minimum_left_range,/scan,0.5506636500358582,0.5
1b9bac59-84b0-403e-aa0d-aaa52d8cbba1,18.21,minimum_left_range,/scan,0.5308201313018799,0.5
1b9bac59-84b0-403e-aa0d-aaa52d8cbba1,18.309,minimum_left_range,/scan,0.5272132754325867,0.5
1b9bac59-84b0-403e-aa0d-aaa52d8cbba1,18.408,minimum_left_range,/scan,0.5261244177818298,0.5
1b9bac59-84b0-403e-aa0d-aaa52d8cbba1,18.51,minimum_left_range,/scan,0.5027729868888855,0.5
1b9bac59-84b0-403e-aa0d-aaa52d8cbba1,18.609,minimum_left_range,/scan,0.4829058051109314,0.5
1b9bac59-84b0-403e-aa0d-aaa52d8cbba1,18.711000000000002,minimum_left_range,/scan,0.4931931793689728,0.5
1b9bac59-84b0-403e-aa0d-aaa52d8cbba1,18.807000000000002,minimum_left_range,/scan,0.4826018810272217,0.5
1b9bac59-84b0-403e-aa0d-aaa52d8cbba1,18.909000000000002,minimum_left_range,/scan,0.46386799216270447,0.5
1b9bac59-84b0-403e-aa0d-aaa52d8cbba1,19.011000000000003,minimum_left_range,/scan,0.4699389636516571,0.5
1b9bac59-84b0-403e-aa0d-aaa52d8cbba1,19.11,minimum_left_range,/scan,0.45009735226631165,0.5
1b9bac59-84b0-403e-aa0d-aaa52d8cbba1,19.209,minimum_left_range,/scan,0.43873223662376404,0.5
1b9bac59-84b0-403e-aa0d-aaa52d8cbba1,19.308,minimum_left_range,/scan,0.43048161268234253,0.5
1b9bac59-84b0-403e-aa0d-aaa52d8cbba1,19.41,minimum_left_range,/scan,0.42202794551849365,0.5
1b9bac59-84b0-403e-aa0d-aaa52d8cbba1,19.512,minimum_left_range,/scan,0.42898568511009216,0.5
1b9bac59-84b0-403e-aa0d-aaa52d8cbba1,19.608,minimum_left_range,/scan,0.42192021012306213,0.5
1b9bac59-84b0-403e-aa0d-aaa52d8cbba1,19.71,minimum_left_range,/scan,0.4204697906970978,0.5
1b9bac59-84b0-403e-aa0d-aaa52d8cbba1,19.815,minimum_left_range,/scan,0.40988147258758545,0.5
1b9bac59-84b0-403e-aa0d-aaa52d8cbba1,19.911,minimum_left_range,/scan,0.4088923931121826,0.5
1b9bac59-84b0-403e-aa0d-aaa52d8cbba1,20.01,minimum_left_range,/scan,0.40560898184776306,0.5
1b9bac59-84b0-403e-aa0d-aaa52d8cbba1,20.109,minimum_left_range,/scan,0.4009229838848114,0.5
1b9bac59-84b0-403e-aa0d-aaa52d8cbba1,20.211000000000002,minimum_left_range,/scan,0.40068262815475464,0.5
1b9bac59-84b0-403e-aa0d-aaa52d8cbba1,20.310000000000002,minimum_left_range,/scan,0.405289888381958,0.5
1b9bac59-84b0-403e-aa0d-aaa52d8cbba1,20.409000000000002,minimum_left_range,/scan,0.3952501118183136,0.5
1b9bac59-84b0-403e-aa0d-aaa52d8cbba1,20.514000000000003,minimum_left_range,/scan,0.38763144612312317,0.5
1b9bac59-84b0-403e-aa0d-aaa52d8cbba1,20.610000000000003,minimum_left_range,/scan,0.39654433727264404,0.5
1b9bac59-84b0-403e-aa0d-aaa52d8cbba1,20.709,minimum_left_range,/scan,0.392668753862381,0.5
1b9bac59-84b0-403e-aa0d-aaa52d8cbba1,20.811,minimum_left_range,/scan,0.39501702785491943,0.5
1b9bac59-84b0-403e-aa0d-aaa52d8cbba1,20.91,minimum_left_range,/scan,0.40446099638938904,0.5
1b9bac59-84b0-403e-aa0d-aaa52d8cbba1,21.009,minimum_left_range,/scan,0.3925620913505554,0.5
1b9bac59-84b0-403e-aa0d-aaa52d8cbba1,21.111,minimum_left_range,/scan,0.4020814001560211,0.5
1b9bac59-84b0-403e-aa0d-aaa52d8cbba1,21.21,minimum_left_range,/scan,0.3983968198299408,0.5
1b9bac59-84b0-403e-aa0d-aaa52d8cbba1,21.309,minimum_left_range,/scan,0.409736692905426,0.5
1b9bac59-84b0-403e-aa0d-aaa52d8cbba1,21.411,minimum_left_range,/scan,0.41034355759620667,0.5
1b9bac59-84b0-403e-aa0d-aaa52d8cbba1,21.51,minimum_left_range,/scan,0.4121362864971161,0.5
1b9bac59-84b0-403e-aa0d-aaa52d8cbba1,21.609,minimum_left_range,/scan,0.42263659834861755,0.5
1b9bac59-84b0-403e-aa0d-aaa52d8cbba1,21.711000000000002,minimum_left_range,/scan,0.42713049054145813,0.5
1b9bac59-84b0-403e-aa0d-aaa52d8cbba1,21.810000000000002,minimum_left_range,/scan,0.4249834418296814,0.5
1b9bac59-84b0-403e-aa0d-aaa52d8cbba1,21.909000000000002,minimum_left_range,/scan,0.4387088716030121,0.5
1b9bac59-84b0-403e-aa0d-aaa52d8cbba1,22.011000000000003,minimum_left_range,/scan,0.44015374779701233,0.5
1b9bac59-84b0-403e-aa0d-aaa52d8cbba1,22.113000000000003,minimum_left_range,/scan,0.44767123460769653,0.5
1b9bac59-84b0-403e-aa0d-aaa52d8cbba1,22.209,minimum_left_range,/scan,0.44571956992149353,0.5
1b9bac59-84b0-403e-aa0d-aaa52d8cbba1,22.314,minimum_left_range,/scan,0.4570886790752411,0.5
1b9bac59-84b0-403e-aa0d-aaa52d8cbba1,22.41,minimum_left_range,/scan,0.4660501480102539,0.5
1b9bac59-84b0-403e-aa0d-aaa52d8cbba1,22.509,minimum_left_range,/scan,0.46945151686668396,0.5
1b9bac59-84b0-403e-aa0d-aaa52d8cbba1,22.611,minimum_left_range,/scan,0.47979140281677246,0.5
1b9bac59-84b0-403e-aa0d-aaa52d8cbba1,22.71,minimum_left_range,/scan,0.4994887709617615,0.5
1b9bac59-84b0-403e-aa0d-aaa52d8cbba1,22.809,minimum_left_range,/scan,0.5033975839614868,0.5
1b9bac59-84b0-403e-aa0d-aaa52d8cbba1,22.911,minimum_left_range,/scan,0.5113389492034912,0.5
1b9bac59-84b0-403e-aa0d-aaa52d8cbba1,23.013,minimum_left_range,/scan,0.5250146389007568,0.5
1b9bac59-84b0-403e-aa0d-aaa52d8cbba1,23.109,minimum_left_range,/scan,0.5259764194488525,0.5
1b9bac59-84b0-403e-aa0d-aaa52d8cbba1,23.211000000000002,minimum_left_range,/scan,0.5358348488807678,0.5
1b9bac59-84b0-403e-aa0d-aaa52d8cbba1,23.310000000000002,minimum_left_range,/scan,0.5381304621696472,0.5
1b9bac59-84b0-403e-aa0d-aaa52d8cbba1,23.409000000000002,minimum_left_range,/scan,0.5642944574356079,0.5
1b9bac59-84b0-403e-aa0d-aaa52d8cbba1,23.511000000000003,minimum_left_range,/scan,0.581014096736908,0.5
1b9bac59-84b0-403e-aa0d-aaa52d8cbba1,23.610000000000003,minimum_left_range,/scan,0.5844905972480774,0.5
1b9bac59-84b0-403e-aa0d-aaa52d8cbba1,23.709000000000003,minimum_left_range,/scan,0.5926957130432129,0.5
1b9bac59-84b0-403e-aa0d-aaa52d8cbba1,23.811,minimum_left_range,/scan,0.5991190671920776,0.5
1b9bac59-84b0-403e-aa0d-aaa52d8cbba1,23.91,minimum_left_range,/scan,0.6107979416847229,0.5
1b9bac59-84b0-403e-aa0d-aaa52d8cbba1,24.012,minimum_left_range,/scan,0.6325973272323608,0.5
1b9bac59-84b0-403e-aa0d-aaa52d8cbba1,24.111,minimum_left_range,/scan,0.6144058704376221,0.5
1b9bac59-84b0-403e-aa0d-aaa52d8cbba1,24.21,minimum_left_range,/scan,0.6133090257644653,0.5
1b9bac59-84b0-403e-aa0d-aaa52d8cbba1,24.309,minimum_left_range,/scan,0.5966916680335999,0.5
1b9bac59-84b0-403e-aa0d-aaa52d8cbba1,24.411,minimum_left_range,/scan,0.585972249507904,0.5
1b9bac59-84b0-403e-aa0d-aaa52d8cbba1,24.51,minimum_left_range,/scan,0.5688974261283875,0.5
1b9bac59-84b0-403e-aa0d-aaa52d8cbba1,24.609,minimum_left_range,/scan,0.5600845217704773,0.5
1b9bac59-84b0-403e-aa0d-aaa52d8cbba1,24.711000000000002,minimum_left_range,/scan,0.5597212910652161,0.5
1b9bac59-84b0-403e-aa0d-aaa52d8cbba1,24.810000000000002,minimum_left_range,/scan,0.5383901596069336,0.5
1b9bac59-84b0-403e-aa0d-aaa52d8cbba1,24.909000000000002,minimum_left_range,/scan,0.538052499294281,0.5
1b9bac59-84b0-403e-aa0d-aaa52d8cbba1,25.014000000000003,minimum_left_range,/scan,0.5188155770301819,0.5
1b9bac59-84b0-403e-aa0d-aaa52d8cbba1,25.110000000000003,minimum_left_range,/scan,0.5120992660522461,0.5
1b9bac59-84b0-403e-aa0d-aaa52d8cbba1,25.209000000000003,minimum_left_range,/scan,0.4993991255760193,0.5
1b9bac59-84b0-403e-aa0d-aaa52d8cbba1,25.311,minimum_left_range,/scan,0.49259045720100403,0.5
1b9bac59-84b0-403e-aa0d-aaa52d8cbba1,25.41,minimum_left_range,/scan,0.4848770797252655,0.5
1b9bac59-84b0-403e-aa0d-aaa52d8cbba1,25.509,minimum_left_range,/scan,0.4781757593154907,0.5
1b9bac59-84b0-403e-aa0d-aaa52d8cbba1,25.611,minimum_left_range,/scan,0.45365720987319946,0.5
1b9bac59-84b0-403e-aa0d-aaa52d8cbba1,25.71,minimum_left_range,/scan,0.455107182264328,0.5
1b9bac59-84b0-403e-aa0d-aaa52d8cbba1,25.809,minimum_left_range,/scan,0.4345322549343109,0.5
1b9bac59-84b0-403e-aa0d-aaa52d8cbba1,25.911,minimum_left_range,/scan,0.4340802729129791,0.5
1b9bac59-84b0-403e-aa0d-aaa52d8cbba1,26.01,minimum_left_range,/scan,0.4359711706638336,0.5
1b9bac59-84b0-403e-aa0d-aaa52d8cbba1,26.109,minimum_left_range,/scan,0.42485037446022034,0.5
1b9bac59-84b0-403e-aa0d-aaa52d8cbba1,26.211000000000002,minimum_left_range,/scan,0.4171523153781891,0.5
1b9bac59-84b0-403e-aa0d-aaa52d8cbba1,26.310000000000002,minimum_left_range,/scan,0.41541925072669983,0.5
1b9bac59-84b0-403e-aa0d-aaa52d8cbba1,26.412000000000003,minimum_left_range,/scan,0.4067268669605255,0.5
1b9bac59-84b0-403e-aa0d-aaa52d8cbba1,26.511000000000003,minimum_left_range,/scan,0.40065932273864746,0.5
1b9bac59-84b0-403e-aa0d-aaa52d8cbba1,26.613000000000003,minimum_left_range,/scan,0.3920767307281494,0.5
1b9bac59-84b0-403e-aa0d-aaa52d8cbba1,26.709000000000003,minimum_left_range,/scan,0.38189634680747986,0.5
1b9bac59-84b0-403e-aa0d-aaa52d8cbba1,26.811,minimum_left_range,/scan,0.38634389638900757,0.5
1b9bac59-84b0-403e-aa0d-aaa52d8cbba1,26.91,minimum_left_range,/scan,0.37794625759124756,0.5
1b9bac59-84b0-403e-aa0d-aaa52d8cbba1,27.009,minimum_left_range,/scan,0.37601369619369507,0.5
1b9bac59-84b0-403e-aa0d-aaa52d8cbba1,27.111,minimum_left_range,/scan,0.38216450810432434,0.5
1b9bac59-84b0-403e-aa0d-aaa52d8cbba1,27.21,minimum_left_range,/scan,0.3794175386428833,0.5
1b9bac59-84b0-403e-aa0d-aaa52d8cbba1,27.309,minimum_left_range,/scan,0.3788749575614929,0.5
1b9bac59-84b0-403e-aa0d-aaa52d8cbba1,27.411,minimum_left_range,/scan,0.3717195689678192,0.5
1b9bac59-84b0-403e-aa0d-aaa52d8cbba1,27.51,minimum_left_range,/scan,0.37929999828338623,0.5
1b9bac59-84b0-403e-aa0d-aaa52d8cbba1,27.609,minimum_left_range,/scan,0.3751985728740692,0.5
1b9bac59-84b0-403e-aa0d-aaa52d8cbba1,27.711000000000002,minimum_left_range,/scan,0.3704060912132263,0.5
1b9bac59-84b0-403e-aa0d-aaa52d8cbba1,27.810000000000002,minimum_left_range,/scan,0.3745070993900299,0.5
1b9bac59-84b0-403e-aa0d-aaa52d8cbba1,27.909000000000002,minimum_left_range,/scan,0.38126519322395325,0.5
1b9bac59-84b0-403e-aa0d-aaa52d8cbba1,28.011000000000003,minimum_left_range,/scan,0.3761885464191437,0.5
1b9bac59-84b0-403e-aa0d-aaa52d8cbba1,28.110000000000003,minimum_left_range,/scan,0.38410404324531555,0.5
1b9bac59-84b0-403e-aa0d-aaa52d8cbba1,28.209000000000003,minimum_left_range,/scan,0.38195985555648804,0.5
1b9bac59-84b0-403e-aa0d-aaa52d8cbba1,28.311000000000003,minimum_left_range,/scan,0.3841383159160614,0.5
1b9bac59-84b0-403e-aa0d-aaa52d8cbba1,28.413,minimum_left_range,/scan,0.39077696204185486,0.5
1b9bac59-84b0-403e-aa0d-aaa52d8cbba1,28.509,minimum_left_range,/scan,0.3971147835254669,0.5
1b9bac59-84b0-403e-aa0d-aaa52d8cbba1,28.611,minimum_left_range,/scan,0.4027300179004669,0.5
1b9bac59-84b0-403e-aa0d-aaa52d8cbba1,28.707,minimum_left_range,/scan,0.4126182794570923,0.5
1b9bac59-84b0-403e-aa0d-aaa52d8cbba1,28.809,minimum_left_range,/scan,0.41628342866897583,0.5
1b9bac59-84b0-403e-aa0d-aaa52d8cbba1,28.911,minimum_left_range,/scan,0.4149538576602936,0.5
1b9bac59-84b0-403e-aa0d-aaa52d8cbba1,29.01,minimum_left_range,/scan,0.4256860017776489,0.5
1b9bac59-84b0-403e-aa0d-aaa52d8cbba1,29.109,minimum_left_range,/scan,0.4319594204425812,0.5
1b9bac59-84b0-403e-aa0d-aaa52d8cbba1,29.214000000000002,minimum_left_range,/scan,0.4393347501754761,0.5
1b9bac59-84b0-403e-aa0d-aaa52d8cbba1,29.310000000000002,minimum_left_range,/scan,0.4490089416503906,0.5
1b9bac59-84b0-403e-aa0d-aaa52d8cbba1,29.409000000000002,minimum_left_range,/scan,0.44888317584991455,0.5
1b9bac59-84b0-403e-aa0d-aaa52d8cbba1,29.511000000000003,minimum_left_range,/scan,0.45918551087379456,0.5
1b9bac59-84b0-403e-aa0d-aaa52d8cbba1,29.610000000000003,minimum_left_range,/scan,0.46459242701530457,0.5
1b9bac59-84b0-403e-aa0d-aaa52d8cbba1,29.709000000000003,minimum_left_range,/scan,0.4551449120044708,0.5
1b9bac59-84b0-403e-aa0d-aaa52d8cbba1,29.808000000000003,minimum_left_range,/scan,0.4775218665599823,0.5
1b9bac59-84b0-403e-aa0d-aaa52d8cbba1,29.907000000000004,minimum_left_range,/scan,0.4774094820022583,0.5
1b9bac59-84b0-403e-aa0d-aaa52d8cbba1,30.009,minimum_left_range,/scan,0.5053088665008545,0.5
1b9bac59-84b0-403e-aa0d-aaa52d8cbba1,30.111,minimum_left_range,/scan,0.5014584064483643,0.5
1b9bac59-84b0-403e-aa0d-aaa52d8cbba1,30.21,minimum_left_range,/scan,0.5093188881874084,0.5
1b9bac59-84b0-403e-aa0d-aaa52d8cbba1,30.309,minimum_left_range,/scan,0.5170620679855347,0.5
1b9bac59-84b0-403e-aa0d-aaa52d8cbba1,30.411,minimum_left_range,/scan,0.5383528470993042,0.5
1b9bac59-84b0-403e-aa0d-aaa52d8cbba1,30.51,minimum_left_range,/scan,0.528689444065094,0.5
1b9bac59-84b0-403e-aa0d-aaa52d8cbba1,30.609,minimum_left_range,/scan,0.5520226955413818,0.5
1b9bac59-84b0-403e-aa0d-aaa52d8cbba1,30.714000000000002,minimum_left_range,/scan,0.5555314421653748,0.5
1b9bac59-84b0-403e-aa0d-aaa52d8cbba1,30.810000000000002,minimum_left_range,/scan,0.5592864155769348,0.5
1b9bac59-84b0-403e-aa0d-aaa52d8cbba1,30.909000000000002,minimum_left_range,/scan,0.5717473030090332,0.5
1b9bac59-84b0-403e-aa0d-aaa52d8cbba1,31.011000000000003,minimum_left_range,/scan,0.5750941038131714,0.5
1b9bac59-84b0-403e-aa0d-aaa52d8cbba1,31.113000000000003,minimum_left_range,/scan,0.5753041505813599,0.5
1b9bac59-84b0-403e-aa0d-aaa52d8cbba1,31.212000000000003,minimum_left_range,/scan,0.5784318447113037,0.5
1b9bac59-84b0-403e-aa0d-aaa52d8cbba1,31.314000000000004,minimum_left_range,/scan,0.5672996640205383,0.5
1b9bac59-84b0-403e-aa0d-aaa52d8cbba1,31.410000000000004,minimum_left_range,/scan,0.5538073182106018,0.5
1b9bac59-84b0-403e-aa0d-aaa52d8cbba1,31.509,minimum_left_range,/scan,0.5439038276672363,0.5
1b9bac59-84b0-403e-aa0d-aaa52d8cbba1,31.611,minimum_left_range,/scan,0.5380386710166931,0.5
1b9bac59-84b0-403e-aa0d-aaa52d8cbba1,31.71,minimum_left_range,/scan,0.5345967411994934,0.5
1b9bac59-84b0-403e-aa0d-aaa52d8cbba1,31.809,minimum_left_range,/scan,0.53030925989151,0.5
1b9bac59-84b0-403e-aa0d-aaa52d8cbba1,31.911,minimum_left_range,/scan,0.5220534205436707,0.5
1b9bac59-84b0-403e-aa0d-aaa52d8cbba1,32.010000000000005,minimum_left_range,/scan,0.5120790600776672,0.5
1b9bac59-84b0-403e-aa0d-aaa52d8cbba1,32.109,minimum_left_range,/scan,0.50925213098526,0.5
1b9bac59-84b0-403e-aa0d-aaa52d8cbba1,32.211,minimum_left_range,/scan,0.4947409927845001,0.5
1b9bac59-84b0-403e-aa0d-aaa52d8cbba1,32.31,minimum_left_range,/scan,0.49355700612068176,0.5
1b9bac59-84b0-403e-aa0d-aaa52d8cbba1,32.409,minimum_left_range,/scan,0.48726218938827515,0.5
1b9bac59-84b0-403e-aa0d-aaa52d8cbba1,32.511,minimum_left_range,/scan,0.49101918935775757,0.5
1b9bac59-84b0-403e-aa0d-aaa52d8cbba1,32.613,minimum_left_range,/scan,0.4831886887550354,0.5
1b9bac59-84b0-403e-aa0d-aaa52d8cbba1,32.709,minimum_left_range,/scan,0.4700596034526825,0.5
1b9bac59-84b0-403e-aa0d-aaa52d8cbba1,32.811,minimum_left_range,/scan,0.47716182470321655,0.5
1b9bac59-84b0-403e-aa0d-aaa52d8cbba1,32.910000000000004,minimum_left_range,/scan,0.4873870611190796,0.5
1b9bac59-84b0-403e-aa0d-aaa52d8cbba1,33.009,minimum_left_range,/scan,0.4758361577987671,0.5
1b9bac59-84b0-403e-aa0d-aaa52d8cbba1,33.111000000000004,minimum_left_range,/scan,0.4852122366428375,0.5
1b9bac59-84b0-403e-aa0d-aaa52d8cbba1,33.21,minimum_left_range,/scan,0.47620755434036255,0.5
1b9bac59-84b0-403e-aa0d-aaa52d8cbba1,13.209000000000001,minimum_right_range,/scan,0.0,0.5
1b9bac59-84b0-403e-aa0d-aaa52d8cbba1,13.311,minimum_right_range,/scan,0.0,0.5
1b9bac59-84b0-403e-aa0d-aaa52d8cbba1,13.41,minimum_right_range,/scan,0.0,0.5
1b9bac59-84b0-403e-aa0d-aaa52d8cbba1,13.509,minimum_right_range,/scan,0.0,0.5
1b9bac59-84b0-403e-aa0d-aaa52d8cbba1,13.611,minimum_right_range,/scan,0.0,0.5
1b9bac59-84b0-403e-aa0d-aaa52d8cbba1,13.71,minimum_right_range,/scan,0.0,0.5
1b9bac59-84b0-403e-aa0d-aaa52d8cbba1,13.806000000000001,minimum_right_range,/scan,0.0,0.5
1b9bac59-84b0-403e-aa0d-aaa52d8cbba1,13.911000000000001,minimum_right_range,/scan,0.0,0.5
1b9bac59-84b0-403e-aa0d-aaa52d8cbba1,14.010000000000002,minimum_right_range,/scan,0.0,0.5
1b9bac59-84b0-403e-aa0d-aaa52d8cbba1,14.109000000000002,minimum_right_range,/scan,0.0,0.5
1b9bac59-84b0-403e-aa0d-aaa52d8cbba1,14.211,minimum_right_range,/scan,0.0,0.5
1b9bac59-84b0-403e-aa0d-aaa52d8cbba1,14.313,minimum_right_range,/scan,0.0,0.5
1b9bac59-84b0-403e-aa0d-aaa52d8cbba1,14.409,minimum_right_range,/scan,0.0,0.5
1b9bac59-84b0-403e-aa0d-aaa52d8cbba1,14.511000000000001,minimum_right_range,/scan,0.0,0.5
1b9bac59-84b0-403e-aa0d-aaa52d8cbba1,14.610000000000001,minimum_right_range,/scan,0.0,0.5
1b9bac59-84b0-403e-aa0d-aaa52d8cbba1,14.709000000000001,minimum_right_range,/scan,0.0,0.5
1b9bac59-84b0-403e-aa0d-aaa52d8cbba1,14.811000000000002,minimum_right_range,/scan,0.0,0.5
1b9bac59-84b0-403e-aa0d-aaa52d8cbba1,14.91,minimum_right_range,/scan,0.0,0.5
1b9bac59-84b0-403e-aa0d-aaa52d8cbba1,15.009,minimum_right_range,/scan,0.0,0.5
1b9bac59-84b0-403e-aa0d-aaa52d8cbba1,15.111,minimum_right_range,/scan,0.0,0.5
1b9bac59-84b0-403e-aa0d-aaa52d8cbba1,15.21,minimum_right_range,/scan,0.0,0.5
1b9bac59-84b0-403e-aa0d-aaa52d8cbba1,15.309000000000001,minimum_right_range,/scan,0.0,0.5
1b9bac59-84b0-403e-aa0d-aaa52d8cbba1,15.411000000000001,minimum_right_range,/scan,0.0,0.5
1b9bac59-84b0-403e-aa0d-aaa52d8cbba1,15.510000000000002,minimum_right_range,/scan,0.0,0.5
1b9bac59-84b0-403e-aa0d-aaa52d8cbba1,15.609000000000002,minimum_right_range,/scan,0.0,0.5
1b9bac59-84b0-403e-aa0d-aaa52d8cbba1,15.711,minimum_right_range,/scan,0.0,0.5
1b9bac59-84b0-403e-aa0d-aaa52d8cbba1,15.81,minimum_right_range,/scan,0.0,0.5
1b9bac59-84b0-403e-aa0d-aaa52d8cbba1,15.909,minimum_right_range,/scan,0.0,0.5
1b9bac59-84b0-403e-aa0d-aaa52d8cbba1,16.011,minimum_right_range,/scan,0.0,0.5
1b9bac59-84b0-403e-aa0d-aaa52d8cbba1,16.11,minimum_right_range,/scan,0.0,0.5
1b9bac59-84b0-403e-aa0d-aaa52d8cbba1,16.209,minimum_right_range,/scan,0.0,0.5
1b9bac59-84b0-403e-aa0d-aaa52d8cbba1,16.311,minimum_right_range,/scan,0.0,0.5
1b9bac59-84b0-403e-aa0d-aaa52d8cbba1,16.41,minimum_right_range,/scan,0.0,0.5
1b9bac59-84b0-403e-aa0d-aaa52d8cbba1,16.509,minimum_right_range,/scan,0.0,0.5
1b9bac59-84b0-403e-aa0d-aaa52d8cbba1,16.611,minimum_right_range,/scan,0.0,0.5
1b9bac59-84b0-403e-aa0d-aaa52d8cbba1,16.71,minimum_right_range,/scan,0.0,0.5
1b9bac59-84b0-403e-aa0d-aaa52d8cbba1,16.809,minimum_right_range,/scan,0.0,0.5
1b9bac59-84b0-403e-aa0d-aaa52d8cbba1,16.911,minimum_right_range,/scan,0.0,0.5
1b9bac59-84b0-403e-aa0d-aaa52d8cbba1,17.01,minimum_right_range,/scan,0.0,0.5
1b9bac59-84b0-403e-aa0d-aaa52d8cbba1,17.109,minimum_right_range,/scan,0.0,0.5
1b9bac59-84b0-403e-aa0d-aaa52d8cbba1,17.211000000000002,minimum_right_range,/scan,0.0,0.5
1b9bac59-84b0-403e-aa0d-aaa52d8cbba1,17.310000000000002,minimum_right_range,/scan,0.0,0.5
1b9bac59-84b0-403e-aa0d-aaa52d8cbba1,17.409000000000002,minimum_right_range,/scan,0.0,0.5
1b9bac59-84b0-403e-aa0d-aaa52d8cbba1,17.511000000000003,minimum_right_range,/scan,0.0,0.5
1b9bac59-84b0-403e-aa0d-aaa52d8cbba1,17.61,minimum_right_range,/scan,0.0,0.5
1b9bac59-84b0-403e-aa0d-aaa52d8cbba1,17.709,minimum_right_range,/scan,0.0,0.5
1b9bac59-84b0-403e-aa0d-aaa52d8cbba1,17.811,minimum_right_range,/scan,0.0,0.5
1b9bac59-84b0-403e-aa0d-aaa52d8cbba1,17.91,minimum_right_range,/scan,0.0,0.5
1b9bac59-84b0-403e-aa0d-aaa52d8cbba1,18.012,minimum_right_range,/scan,0.0,0.5
1b9bac59-84b0-403e-aa0d-aaa52d8cbba1,18.111,minimum_right_range,/scan,0.0,0.5
1b9bac59-84b0-403e-aa0d-aaa52d8cbba1,18.21,minimum_right_range,/scan,0.0,0.5
1b9bac59-84b0-403e-aa0d-aaa52d8cbba1,18.309,minimum_right_range,/scan,0.0,0.5
1b9bac59-84b0-403e-aa0d-aaa52d8cbba1,18.408,minimum_right_range,/scan,0.0,0.5
1b9bac59-84b0-403e-aa0d-aaa52d8cbba1,18.51,minimum_right_range,/scan,0.0,0.5
1b9bac59-84b0-403e-aa0d-aaa52d8cbba1,18.609,minimum_right_range,/scan,0.0,0.5
1b9bac59-84b0-403e-aa0d-aaa52d8cbba1,18.711000000000002,minimum_right_range,/scan,0.0,0.5
1b9bac59-84b0-403e-aa0d-aaa52d8cbba1,18.807000000000002,minimum_right_range,/scan,0.0,0.5
1b9bac59-84b0-403e-aa0d-aaa52d8cbba1,18.909000000000002,minimum_right_range,/scan,0.0,0.5
1b9bac59-84b0-403e-aa0d-aaa52d8cbba1,19.011000000000003,minimum_right_range,/scan,0.0,0.5
1b9bac59-84b0-403e-aa0d-aaa52d8cbba1,19.11,minimum_right_range,/scan,0.0,0.5
1b9bac59-84b0-403e-aa0d-aaa52d8cbba1,19.209,minimum_right_range,/scan,0.0,0.5
1b9bac59-84b0-403e-aa0d-aaa52d8cbba1,19.308,minimum_right_range,/scan,0.0,0.5
1b9bac59-84b0-403e-aa0d-aaa52d8cbba1,19.41,minimum_right_range,/scan,0.0,0.5
1b9bac59-84b0-403e-aa0d-aaa52d8cbba1,19.512,minimum_right_range,/scan,0.0,0.5
1b9bac59-84b0-403e-aa0d-aaa52d8cbba1,19.608,minimum_right_range,/scan,0.0,0.5
1b9bac59-84b0-403e-aa0d-aaa52d8cbba1,19.71,minimum_right_range,/scan,0.0,0.5
1b9bac59-84b0-403e-aa0d-aaa52d8cbba1,19.815,minimum_right_range,/scan,0.0,0.5
1b9bac59-84b0-403e-aa0d-aaa52d8cbba1,19.911,minimum_right_range,/scan,0.0,0.5
1b9bac59-84b0-403e-aa0d-aaa52d8cbba1,20.01,minimum_right_range,/scan,0.0,0.5
1b9bac59-84b0-403e-aa0d-aaa52d8cbba1,20.109,minimum_right_range,/scan,0.0,0.5
1b9bac59-84b0-403e-aa0d-aaa52d8cbba1,20.211000000000002,minimum_right_range,/scan,0.0,0.5
1b9bac59-84b0-403e-aa0d-aaa52d8cbba1,20.310000000000002,minimum_right_range,/scan,0.0,0.5
1b9bac59-84b0-403e-aa0d-aaa52d8cbba1,20.409000000000002,minimum_right_range,/scan,0.0,0.5
1b9bac59-84b0-403e-aa0d-aaa52d8cbba1,20.514000000000003,minimum_right_range,/scan,0.0,0.5
1b9bac59-84b0-403e-aa0d-aaa52d8cbba1,20.610000000000003,minimum_right_range,/scan,0.0,0.5
1b9bac59-84b0-403e-aa0d-aaa52d8cbba1,20.709,minimum_right_range,/scan,0.0,0.5
1b9bac59-84b0-403e-aa0d-aaa52d8cbba1,20.811,minimum_right_range,/scan,0.0,0.5
1b9bac59-84b0-403e-aa0d-aaa52d8cbba1,20.91,minimum_right_range,/scan,0.0,0.5
1b9bac59-84b0-403e-aa0d-aaa52d8cbba1,21.009,minimum_right_range,/scan,0.0,0.5
1b9bac59-84b0-403e-aa0d-aaa52d8cbba1,21.111,minimum_right_range,/scan,0.0,0.5
1b9bac59-84b0-403e-aa0d-aaa52d8cbba1,21.21,minimum_right_range,/scan,0.0,0.5
1b9bac59-84b0-403e-aa0d-aaa52d8cbba1,21.309,minimum_right_range,/scan,0.0,0.5
1b9bac59-84b0-403e-aa0d-aaa52d8cbba1,21.411,minimum_right_range,/scan,0.0,0.5
1b9bac59-84b0-403e-aa0d-aaa52d8cbba1,21.51,minimum_right_range,/scan,0.0,0.5
1b9bac59-84b0-403e-aa0d-aaa52d8cbba1,21.609,minimum_right_range,/scan,0.0,0.5
1b9bac59-84b0-403e-aa0d-aaa52d8cbba1,21.711000000000002,minimum_right_range,/scan,0.0,0.5
1b9bac59-84b0-403e-aa0d-aaa52d8cbba1,21.810000000000002,minimum_right_range,/scan,0.0,0.5
1b9bac59-84b0-403e-aa0d-aaa52d8cbba1,21.909000000000002,minimum_right_range,/scan,0.0,0.5
1b9bac59-84b0-403e-aa0d-aaa52d8cbba1,22.011000000000003,minimum_right_range,/scan,0.0,0.5
1b9bac59-84b0-403e-aa0d-aaa52d8cbba1,22.113000000000003,minimum_right_range,/scan,0.0,0.5
1b9bac59-84b0-403e-aa0d-aaa52d8cbba1,22.209,minimum_right_range,/scan,0.0,0.5
1b9bac59-84b0-403e-aa0d-aaa52d8cbba1,22.314,minimum_right_range,/scan,0.0,0.5
1b9bac59-84b0-403e-aa0d-aaa52d8cbba1,22.41,minimum_right_range,/scan,0.0,0.5
1b9bac59-84b0-403e-aa0d-aaa52d8cbba1,22.509,minimum_right_range,/scan,0.0,0.5
1b9bac59-84b0-403e-aa0d-aaa52d8cbba1,22.611,minimum_right_range,/scan,0.0,0.5
1b9bac59-84b0-403e-aa0d-aaa52d8cbba1,22.71,minimum_right_range,/scan,0.0,0.5
1b9bac59-84b0-403e-aa0d-aaa52d8cbba1,22.809,minimum_right_range,/scan,0.0,0.5
1b9bac59-84b0-403e-aa0d-aaa52d8cbba1,22.911,minimum_right_range,/scan,0.0,0.5
1b9bac59-84b0-403e-aa0d-aaa52d8cbba1,23.013,minimum_right_range,/scan,0.0,0.5
1b9bac59-84b0-403e-aa0d-aaa52d8cbba1,23.109,minimum_right_range,/scan,0.0,0.5
1b9bac59-84b0-403e-aa0d-aaa52d8cbba1,23.211000000000002,minimum_right_range,/scan,0.0,0.5
1b9bac59-84b0-403e-aa0d-aaa52d8cbba1,23.310000000000002,minimum_right_range,/scan,0.0,0.5
1b9bac59-84b0-403e-aa0d-aaa52d8cbba1,23.409000000000002,minimum_right_range,/scan,0.0,0.5
1b9bac59-84b0-403e-aa0d-aaa52d8cbba1,23.511000000000003,minimum_right_range,/scan,0.0,0.5
1b9bac59-84b0-403e-aa0d-aaa52d8cbba1,23.610000000000003,minimum_right_range,/scan,0.0,0.5
1b9bac59-84b0-403e-aa0d-aaa52d8cbba1,23.709000000000003,minimum_right_range,/scan,0.0,0.5
1b9bac59-84b0-403e-aa0d-aaa52d8cbba1,23.811,minimum_right_range,/scan,0.0,0.5
1b9bac59-84b0-403e-aa0d-aaa52d8cbba1,23.91,minimum_right_range,/scan,0.0,0.5
1b9bac59-84b0-403e-aa0d-aaa52d8cbba1,24.012,minimum_right_range,/scan,0.0,0.5
1b9bac59-84b0-403e-aa0d-aaa52d8cbba1,24.111,minimum_right_range,/scan,0.0,0.5
1b9bac59-84b0-403e-aa0d-aaa52d8cbba1,24.21,minimum_right_range,/scan,0.0,0.5
1b9bac59-84b0-403e-aa0d-aaa52d8cbba1,24.309,minimum_right_range,/scan,0.0,0.5
1b9bac59-84b0-403e-aa0d-aaa52d8cbba1,24.411,minimum_right_range,/scan,0.0,0.5
1b9bac59-84b0-403e-aa0d-aaa52d8cbba1,24.51,minimum_right_range,/scan,0.0,0.5
1b9bac59-84b0-403e-aa0d-aaa52d8cbba1,24.609,minimum_right_range,/scan,0.0,0.5
1b9bac59-84b0-403e-aa0d-aaa52d8cbba1,24.711000000000002,minimum_right_range,/scan,0.0,0.5
1b9bac59-84b0-403e-aa0d-aaa52d8cbba1,24.810000000000002,minimum_right_range,/scan,0.0,0.5
1b9bac59-84b0-403e-aa0d-aaa52d8cbba1,24.909000000000002,minimum_right_range,/scan,0.0,0.5
1b9bac59-84b0-403e-aa0d-aaa52d8cbba1,25.014000000000003,minimum_right_range,/scan,0.0,0.5
1b9bac59-84b0-403e-aa0d-aaa52d8cbba1,25.110000000000003,minimum_right_range,/scan,0.0,0.5
1b9bac59-84b0-403e-aa0d-aaa52d8cbba1,25.209000000000003,minimum_right_range,/scan,0.0,0.5
1b9bac59-84b0-403e-aa0d-aaa52d8cbba1,25.311,minimum_right_range,/scan,0.0,0.5
1b9bac59-84b0-403e-aa0d-aaa52d8cbba1,25.41,minimum_right_range,/scan,0.0,0.5
1b9bac59-84b0-403e-aa0d-aaa52d8cbba1,25.509,minimum_right_range,/scan,0.0,0.5
1b9bac59-84b0-403e-aa0d-aaa52d8cbba1,25.611,minimum_right_range,/scan,0.0,0.5
1b9bac59-84b0-403e-aa0d-aaa52d8cbba1,25.71,minimum_right_range,/scan,0.0,0.5
1b9bac59-84b0-403e-aa0d-aaa52d8cbba1,25.809,minimum_right_range,/scan,0.0,0.5
1b9bac59-84b0-403e-aa0d-aaa52d8cbba1,25.911,minimum_right_range,/scan,0.0,0.5
1b9bac59-84b0-403e-aa0d-aaa52d8cbba1,26.01,minimum_right_range,/scan,0.0,0.5
1b9bac59-84b0-403e-aa0d-aaa52d8cbba1,26.109,minimum_right_range,/scan,0.0,0.5
1b9bac59-84b0-403e-aa0d-aaa52d8cbba1,26.211000000000002,minimum_right_range,/scan,0.0,0.5
1b9bac59-84b0-403e-aa0d-aaa52d8cbba1,26.310000000000002,minimum_right_range,/scan,0.0,0.5
1b9bac59-84b0-403e-aa0d-aaa52d8cbba1,26.412000000000003,minimum_right_range,/scan,0.0,0.5
1b9bac59-84b0-403e-aa0d-aaa52d8cbba1,26.511000000000003,minimum_right_range,/scan,0.0,0.5
1b9bac59-84b0-403e-aa0d-aaa52d8cbba1,26.613000000000003,minimum_right_range,/scan,0.0,0.5
1b9bac59-84b0-403e-aa0d-aaa52d8cbba1,26.709000000000003,minimum_right_range,/scan,0.0,0.5
1b9bac59-84b0-403e-aa0d-aaa52d8cbba1,26.811,minimum_right_range,/scan,0.0,0.5
1b9bac59-84b0-403e-aa0d-aaa52d8cbba1,26.91,minimum_right_range,/scan,0.0,0.5
1b9bac59-84b0-403e-aa0d-aaa52d8cbba1,27.009,minimum_right_range,/scan,0.0,0.5
1b9bac59-84b0-403e-aa0d-aaa52d8cbba1,27.111,minimum_right_range,/scan,0.0,0.5
1b9bac59-84b0-403e-aa0d-aaa52d8cbba1,27.21,minimum_right_range,/scan,0.0,0.5
1b9bac59-84b0-403e-aa0d-aaa52d8cbba1,27.309,minimum_right_range,/scan,0.0,0.5
1b9bac59-84b0-403e-aa0d-aaa52d8cbba1,27.411,minimum_right_range,/scan,0.0,0.5
1b9bac59-84b0-403e-aa0d-aaa52d8cbba1,27.51,minimum_right_range,/scan,0.0,0.5
1b9bac59-84b0-403e-aa0d-aaa52d8cbba1,27.609,minimum_right_range,/scan,0.0,0.5
1b9bac59-84b0-403e-aa0d-aaa52d8cbba1,27.711000000000002,minimum_right_range,/scan,0.0,0.5
1b9bac59-84b0-403e-aa0d-aaa52d8cbba1,27.810000000000002,minimum_right_range,/scan,0.0,0.5
1b9bac59-84b0-403e-aa0d-aaa52d8cbba1,27.909000000000002,minimum_right_range,/scan,0.0,0.5
1b9bac59-84b0-403e-aa0d-aaa52d8cbba1,28.011000000000003,minimum_right_range,/scan,0.0,0.5
1b9bac59-84b0-403e-aa0d-aaa52d8cbba1,28.110000000000003,minimum_right_range,/scan,0.0,0.5
1b9bac59-84b0-403e-aa0d-aaa52d8cbba1,28.209000000000003,minimum_right_range,/scan,0.0,0.5
1b9bac59-84b0-403e-aa0d-aaa52d8cbba1,28.311000000000003,minimum_right_range,/scan,0.0,0.5
1b9bac59-84b0-403e-aa0d-aaa52d8cbba1,28.413,minimum_right_range,/scan,0.0,0.5
1b9bac59-84b0-403e-aa0d-aaa52d8cbba1,28.509,minimum_right_range,/scan,0.0,0.5
1b9bac59-84b0-403e-aa0d-aaa52d8cbba1,28.611,minimum_right_range,/scan,0.0,0.5
1b9bac59-84b0-403e-aa0d-aaa52d8cbba1,28.707,minimum_right_range,/scan,0.0,0.5
1b9bac59-84b0-403e-aa0d-aaa52d8cbba1,28.809,minimum_right_range,/scan,0.0,0.5
1b9bac59-84b0-403e-aa0d-aaa52d8cbba1,28.911,minimum_right_range,/scan,0.0,0.5
1b9bac59-84b0-403e-aa0d-aaa52d8cbba1,29.01,minimum_right_range,/scan,0.0,0.5
1b9bac59-84b0-403e-aa0d-aaa52d8cbba1,29.109,minimum_right_range,/scan,0.0,0.5
1b9bac59-84b0-403e-aa0d-aaa52d8cbba1,29.214000000000002,minimum_right_range,/scan,0.0,0.5
1b9bac59-84b0-403e-aa0d-aaa52d8cbba1,29.310000000000002,minimum_right_range,/scan,0.0,0.5
1b9bac59-84b0-403e-aa0d-aaa52d8cbba1,29.409000000000002,minimum_right_range,/scan,0.0,0.5
1b9bac59-84b0-403e-aa0d-aaa52d8cbba1,29.511000000000003,minimum_right_range,/scan,0.0,0.5
1b9bac59-84b0-403e-aa0d-aaa52d8cbba1,29.610000000000003,minimum_right_range,/scan,0.0,0.5
1b9bac59-84b0-403e-aa0d-aaa52d8cbba1,29.709000000000003,minimum_right_range,/scan,0.0,0.5
1b9bac59-84b0-403e-aa0d-aaa52d8cbba1,29.808000000000003,minimum_right_range,/scan,0.0,0.5
1b9bac59-84b0-403e-aa0d-aaa52d8cbba1,29.907000000000004,minimum_right_range,/scan,0.0,0.5
1b9bac59-84b0-403e-aa0d-aaa52d8cbba1,30.009,minimum_right_range,/scan,0.0,0.5
1b9bac59-84b0-403e-aa0d-aaa52d8cbba1,30.111,minimum_right_range,/scan,0.0,0.5
1b9bac59-84b0-403e-aa0d-aaa52d8cbba1,30.21,minimum_right_range,/scan,0.0,0.5
1b9bac59-84b0-403e-aa0d-aaa52d8cbba1,30.309,minimum_right_range,/scan,0.0,0.5
1b9bac59-84b0-403e-aa0d-aaa52d8cbba1,30.411,minimum_right_range,/scan,0.0,0.5
1b9bac59-84b0-403e-aa0d-aaa52d8cbba1,30.51,minimum_right_range,/scan,0.0,0.5
1b9bac59-84b0-403e-aa0d-aaa52d8cbba1,30.609,minimum_right_range,/scan,0.0,0.5
1b9bac59-84b0-403e-aa0d-aaa52d8cbba1,30.714000000000002,minimum_right_range,/scan,0.0,0.5
1b9bac59-84b0-403e-aa0d-aaa52d8cbba1,30.810000000000002,minimum_right_range,/scan,0.0,0.5
1b9bac59-84b0-403e-aa0d-aaa52d8cbba1,30.909000000000002,minimum_right_range,/scan,0.0,0.5
1b9bac59-84b0-403e-aa0d-aaa52d8cbba1,31.011000000000003,minimum_right_range,/scan,0.0,0.5
1b9bac59-84b0-403e-aa0d-aaa52d8cbba1,31.113000000000003,minimum_right_range,/scan,0.0,0.5
1b9bac59-84b0-403e-aa0d-aaa52d8cbba1,31.212000000000003,minimum_right_range,/scan,0.0,0.5
1b9bac59-84b0-403e-aa0d-aaa52d8cbba1,31.314000000000004,minimum_right_range,/scan,0.0,0.5
1b9bac59-84b0-403e-aa0d-aaa52d8cbba1,31.410000000000004,minimum_right_range,/scan,0.0,0.5
1b9bac59-84b0-403e-aa0d-aaa52d8cbba1,31.509,minimum_right_range,/scan,0.0,0.5
1b9bac59-84b0-403e-aa0d-aaa52d8cbba1,31.611,minimum_right_range,/scan,0.0,0.5
1b9bac59-84b0-403e-aa0d-aaa52d8cbba1,31.71,minimum_right_range,/scan,0.0,0.5
1b9bac59-84b0-403e-aa0d-aaa52d8cbba1,31.809,minimum_right_range,/scan,0.0,0.5
1b9bac59-84b0-403e-aa0d-aaa52d8cbba1,31.911,minimum_right_range,/scan,0.0,0.5
1b9bac59-84b0-403e-aa0d-aaa52d8cbba1,32.010000000000005,minimum_right_range,/scan,0.0,0.5
1b9bac59-84b0-403e-aa0d-aaa52d8cbba1,32.109,minimum_right_range,/scan,0.0,0.5
1b9bac59-84b0-403e-aa0d-aaa52d8cbba1,32.211,minimum_right_range,/scan,0.0,0.5
1b9bac59-84b0-403e-aa0d-aaa52d8cbba1,32.31,minimum_right_range,/scan,0.0,0.5
1b9bac59-84b0-403e-aa0d-aaa52d8cbba1,32.409,minimum_right_range,/scan,0.0,0.5
1b9bac59-84b0-403e-aa0d-aaa52d8cbba1,32.511,minimum_right_range,/scan,0.0,0.5
1b9bac59-84b0-403e-aa0d-aaa52d8cbba1,32.613,minimum_right_range,/scan,0.0,0.5
1b9bac59-84b0-403e-aa0d-aaa52d8cbba1,32.709,minimum_right_range,/scan,0.0,0.5
1b9bac59-84b0-403e-aa0d-aaa52d8cbba1,32.811,minimum_right_range,/scan,0.0,0.5
1b9bac59-84b0-403e-aa0d-aaa52d8cbba1,32.910000000000004,minimum_right_range,/scan,0.0,0.5
1b9bac59-84b0-403e-aa0d-aaa52d8cbba1,33.009,minimum_right_range,/scan,0.0,0.5
1b9bac59-84b0-403e-aa0d-aaa52d8cbba1,33.111000000000004,minimum_right_range,/scan,0.0,0.5
1b9bac59-84b0-403e-aa0d-aaa52d8cbba1,33.21,minimum_right_range,/scan,0.0,0.5
1b9bac59-84b0-403e-aa0d-aaa52d8cbba1,13.176,odom_x,/odom,2.2371907111860548e-07,0.5
1b9bac59-84b0-403e-aa0d-aaa52d8cbba1,13.212000000000002,odom_x,/odom,2.237190711186058e-07,0.5
1b9bac59-84b0-403e-aa0d-aaa52d8cbba1,13.248000000000001,odom_x,/odom,2.2371907111860562e-07,0.5
1b9bac59-84b0-403e-aa0d-aaa52d8cbba1,13.284,odom_x,/odom,2.237190711186056e-07,0.5
1b9bac59-84b0-403e-aa0d-aaa52d8cbba1,13.32,odom_x,/odom,2.2371907111860517e-07,0.5
1b9bac59-84b0-403e-aa0d-aaa52d8cbba1,13.356000000000002,odom_x,/odom,2.23719071118605e-07,0.5
1b9bac59-84b0-403e-aa0d-aaa52d8cbba1,13.392000000000001,odom_x,/odom,2.23719071118605e-07,0.5
1b9bac59-84b0-403e-aa0d-aaa52d8cbba1,13.428,odom_x,/odom,2.2371907111860482e-07,0.5
1b9bac59-84b0-403e-aa0d-aaa52d8cbba1,13.464,odom_x,/odom,2.2371907111860448e-07,0.5
1b9bac59-84b0-403e-aa0d-aaa52d8cbba1,13.5,odom_x,/odom,2.2371907111860442e-07,0.5
1b9bac59-84b0-403e-aa0d-aaa52d8cbba1,13.536000000000001,odom_x,/odom,2.2371907111860456e-07,0.5
1b9bac59-84b0-403e-aa0d-aaa52d8cbba1,13.572000000000001,odom_x,/odom,2.2371907111860419e-07,0.5
1b9bac59-84b0-403e-aa0d-aaa52d8cbba1,13.611,odom_x,/odom,2.2371907111860413e-07,0.5
1b9bac59-84b0-403e-aa0d-aaa52d8cbba1,13.644,odom_x,/odom,2.2371907111860352e-07,0.5
1b9bac59-84b0-403e-aa0d-aaa52d8cbba1,13.680000000000001,odom_x,/odom,2.2371907111860374e-07,0.5
1b9bac59-84b0-403e-aa0d-aaa52d8cbba1,13.716000000000001,odom_x,/odom,2.2371907111860337e-07,0.5
1b9bac59-84b0-403e-aa0d-aaa52d8cbba1,13.752,odom_x,/odom,2.2371907111860347e-07,0.5
1b9bac59-84b0-403e-aa0d-aaa52d8cbba1,13.788,odom_x,/odom,2.2371907111860302e-07,0.5
1b9bac59-84b0-403e-aa0d-aaa52d8cbba1,13.824000000000002,odom_x,/odom,2.2371907111860257e-07,0.5
1b9bac59-84b0-403e-aa0d-aaa52d8cbba1,13.860000000000001,odom_x,/odom,2.2371907111860262e-07,0.5
1b9bac59-84b0-403e-aa0d-aaa52d8cbba1,13.896,odom_x,/odom,2.237190711186023e-07,0.5
1b9bac59-84b0-403e-aa0d-aaa52d8cbba1,13.932,odom_x,/odom,2.2371907111860178e-07,0.5
1b9bac59-84b0-403e-aa0d-aaa52d8cbba1,13.968000000000002,odom_x,/odom,2.2371907111860138e-07,0.5
1b9bac59-84b0-403e-aa0d-aaa52d8cbba1,14.004000000000001,odom_x,/odom,2.2371907111860088e-07,0.5
1b9bac59-84b0-403e-aa0d-aaa52d8cbba1,14.040000000000001,odom_x,/odom,2.2371907111860098e-07,0.5
1b9bac59-84b0-403e-aa0d-aaa52d8cbba1,14.076,odom_x,/odom,2.2371907111860096e-07,0.5
1b9bac59-84b0-403e-aa0d-aaa52d8cbba1,14.112,odom_x,/odom,2.2371907111860093e-07,0.5
1b9bac59-84b0-403e-aa0d-aaa52d8cbba1,14.148000000000001,odom_x,/odom,2.2371907111860056e-07,0.5
1b9bac59-84b0-403e-aa0d-aaa52d8cbba1,14.184000000000001,odom_x,/odom,2.2371907111860003e-07,0.5
1b9bac59-84b0-403e-aa0d-aaa52d8cbba1,14.22,odom_x,/odom,2.2371907111859963e-07,0.5
1b9bac59-84b0-403e-aa0d-aaa52d8cbba1,14.256,odom_x,/odom,2.2371907111859937e-07,0.5
1b9bac59-84b0-403e-aa0d-aaa52d8cbba1,14.292000000000002,odom_x,/odom,2.2371907111859908e-07,0.5
1b9bac59-84b0-403e-aa0d-aaa52d8cbba1,14.328000000000001,odom_x,/odom,2.2371907111859852e-07,0.5
1b9bac59-84b0-403e-aa0d-aaa52d8cbba1,14.364,odom_x,/odom,2.2371907111859836e-07,0.5
1b9bac59-84b0-403e-aa0d-aaa52d8cbba1,14.4,odom_x,/odom,2.2371907111859807e-07,0.5
1b9bac59-84b0-403e-aa0d-aaa52d8cbba1,14.436000000000002,odom_x,/odom,2.2371907111859786e-07,0.5
1b9bac59-84b0-403e-aa0d-aaa52d8cbba1,14.472000000000001,odom_x,/odom,2.237190711185976e-07,0.5
1b9bac59-84b0-403e-aa0d-aaa52d8cbba1,14.511000000000001,odom_x,/odom,2.2371907111859699e-07,0.5
1b9bac59-84b0-403e-aa0d-aaa52d8cbba1,14.544,odom_x,/odom,2.237190711185972e-07,0.5
1b9bac59-84b0-403e-aa0d-aaa52d8cbba1,14.58,odom_x,/odom,2.2371907111859696e-07,0.5
1b9bac59-84b0-403e-aa0d-aaa52d8cbba1,14.616000000000001,odom_x,/odom,2.2371907111859696e-07,0.5
1b9bac59-84b0-403e-aa0d-aaa52d8cbba1,14.652000000000001,odom_x,/odom,2.237190711185968e-07,0.5
1b9bac59-84b0-403e-aa0d-aaa52d8cbba1,14.688,odom_x,/odom,2.237190711185972e-07,0.5
1b9bac59-84b0-403e-aa0d-aaa52d8cbba1,14.724,odom_x,/odom,2.2371907111859712e-07,0.5
1b9bac59-84b0-403e-aa0d-aaa52d8cbba1,14.760000000000002,odom_x,/odom,2.237190711185964e-07,0.5
1b9bac59-84b0-403e-aa0d-aaa52d8cbba1,14.796000000000001,odom_x,/odom,2.2371907111859548e-07,0.5
1b9bac59-84b0-403e-aa0d-aaa52d8cbba1,14.832,odom_x,/odom,0.0004952237154520497,0.5
1b9bac59-84b0-403e-aa0d-aaa52d8cbba1,14.868,odom_x,/odom,0.002160855090933974,0.5
1b9bac59-84b0-403e-aa0d-aaa52d8cbba1,14.904000000000002,odom_x,/odom,0.00510208925556794,0.5
1b9bac59-84b0-403e-aa0d-aaa52d8cbba1,14.940000000000001,odom_x,/odom,0.008739306298021705,0.5
1b9bac59-84b0-403e-aa0d-aaa52d8cbba1,14.976,odom_x,/odom,0.012813638870819264,0.5
1b9bac59-84b0-403e-aa0d-aaa52d8cbba1,15.012,odom_x,/odom,0.01725860498032334,0.5
1b9bac59-84b0-403e-aa0d-aaa52d8cbba1,15.048000000000002,odom_x,/odom,0.021764798569003502,0.5
1b9bac59-84b0-403e-aa0d-aaa52d8cbba1,15.084000000000001,odom_x,/odom,0.026433986094317175,0.5
1b9bac59-84b0-403e-aa0d-aaa52d8cbba1,15.120000000000001,odom_x,/odom,0.031102991934387605,0.5
1b9bac59-84b0-403e-aa0d-aaa52d8cbba1,15.156,odom_x,/odom,0.03584512476369165,0.5
1b9bac59-84b0-403e-aa0d-aaa52d8cbba1,15.192,odom_x,/odom,0.04059449889955727,0.5
1b9bac59-84b0-403e-aa0d-aaa52d8cbba1,15.228000000000002,odom_x,/odom,0.04530927294205695,0.5
1b9bac59-84b0-403e-aa0d-aaa52d8cbba1,15.264000000000001,odom_x,/odom,0.05015476111182434,0.5
1b9bac59-84b0-403e-aa0d-aaa52d8cbba1,15.3,odom_x,/odom,0.05501780613871527,0.5
1b9bac59-84b0-403e-aa0d-aaa52d8cbba1,15.336,odom_x,/odom,0.059835130418798475,0.5
1b9bac59-84b0-403e-aa0d-aaa52d8cbba1,15.372000000000002,odom_x,/odom,0.06474758550079432,0.5
1b9bac59-84b0-403e-aa0d-aaa52d8cbba1,15.411000000000001,odom_x,/odom,0.06965140838080837,0.5
1b9bac59-84b0-403e-aa0d-aaa52d8cbba1,15.444,odom_x,/odom,0.07454519011429718,0.5
1b9bac59-84b0-403e-aa0d-aaa52d8cbba1,15.48,odom_x,/odom,0.07950991183410842,0.5
1b9bac59-84b0-403e-aa0d-aaa52d8cbba1,15.516000000000002,odom_x,/odom,0.0845617822038229,0.5
1b9bac59-84b0-403e-aa0d-aaa52d8cbba1,15.552000000000001,odom_x,/odom,0.08961923817238515,0.5
1b9bac59-84b0-403e-aa0d-aaa52d8cbba1,15.588000000000001,odom_x,/odom,0.09461649158155572,0.5
1b9bac59-84b0-403e-aa0d-aaa52d8cbba1,15.624,odom_x,/odom,0.09961363514361538,0.5
1b9bac59-84b0-403e-aa0d-aaa52d8cbba1,15.66,odom_x,/odom,0.10463847184844291,0.5
1b9bac59-84b0-403e-aa0d-aaa52d8cbba1,15.696000000000002,odom_x,/odom,0.10967143993952826,0.5
1b9bac59-84b0-403e-aa0d-aaa52d8cbba1,15.732000000000001,odom_x,/odom,0.11468955458591285,0.5
1b9bac59-84b0-403e-aa0d-aaa52d8cbba1,15.768,odom_x,/odom,0.11976903269231423,0.5
1b9bac59-84b0-403e-aa0d-aaa52d8cbba1,15.804,odom_x,/odom,0.12460167509181129,0.5
1b9bac59-84b0-403e-aa0d-aaa52d8cbba1,15.840000000000002,odom_x,/odom,0.12938061620456623,0.5
1b9bac59-84b0-403e-aa0d-aaa52d8cbba1,15.876000000000001,odom_x,/odom,0.13434746248326818,0.5
1b9bac59-84b0-403e-aa0d-aaa52d8cbba1,15.912,odom_x,/odom,0.13928276069446022,0.5
1b9bac59-84b0-403e-aa0d-aaa52d8cbba1,15.948,odom_x,/odom,0.1442060480459325,0.5
1b9bac59-84b0-403e-aa0d-aaa52d8cbba1,15.984000000000002,odom_x,/odom,0.14907461479281026,0.5
1b9bac59-84b0-403e-aa0d-aaa52d8cbba1,16.02,odom_x,/odom,0.15392253300490752,0.5
1b9bac59-84b0-403e-aa0d-aaa52d8cbba1,16.056,odom_x,/odom,0.1588578836376541,0.5
1b9bac59-84b0-403e-aa0d-aaa52d8cbba1,16.092000000000002,odom_x,/odom,0.16380113054581608,0.5
1b9bac59-84b0-403e-aa0d-aaa52d8cbba1,16.128,odom_x,/odom,0.1688028533939307,0.5
1b9bac59-84b0-403e-aa0d-aaa52d8cbba1,16.164,odom_x,/odom,0.173905746038338,0.5
1b9bac59-84b0-403e-aa0d-aaa52d8cbba1,16.2,odom_x,/odom,0.17901487657724818,0.5
1b9bac59-84b0-403e-aa0d-aaa52d8cbba1,16.236,odom_x,/odom,0.18402420538189623,0.5
1b9bac59-84b0-403e-aa0d-aaa52d8cbba1,16.272000000000002,odom_x,/odom,0.18905414507556442,0.5
1b9bac59-84b0-403e-aa0d-aaa52d8cbba1,16.311,odom_x,/odom,0.1941503496969167,0.5
1b9bac59-84b0-403e-aa0d-aaa52d8cbba1,16.344,odom_x,/odom,0.19926641713477283,0.5
1b9bac59-84b0-403e-aa0d-aaa52d8cbba1,16.380000000000003,odom_x,/odom,0.20446403222356171,0.5
1b9bac59-84b0-403e-aa0d-aaa52d8cbba1,16.416,odom_x,/odom,0.2096495278605349,0.5
1b9bac59-84b0-403e-aa0d-aaa52d8cbba1,16.452,odom_x,/odom,0.21483103011754043,0.5
1b9bac59-84b0-403e-aa0d-aaa52d8cbba1,16.488,odom_x,/odom,0.2200439055591144,0.5
1b9bac59-84b0-403e-aa0d-aaa52d8cbba1,16.524,odom_x,/odom,0.2254099802591639,0.5
1b9bac59-84b0-403e-aa0d-aaa52d8cbba1,16.560000000000002,odom_x,/odom,0.2309020782241759,0.5
1b9bac59-84b0-403e-aa0d-aaa52d8cbba1,16.596,odom_x,/odom,0.23643510327741438,0.5
1b9bac59-84b0-403e-aa0d-aaa52d8cbba1,16.632,odom_x,/odom,0.24191914213653087,0.5
1b9bac59-84b0-403e-aa0d-aaa52d8cbba1,16.668000000000003,odom_x,/odom,0.2474035188789112,0.5
1b9bac59-84b0-403e-aa0d-aaa52d8cbba1,16.704,odom_x,/odom,0.25292925583945136,0.5
1b9bac59-84b0-403e-aa0d-aaa52d8cbba1,16.740000000000002,odom_x,/odom,0.2584580623998546,0.5
1b9bac59-84b0-403e-aa0d-aaa52d8cbba1,16.776,odom_x,/odom,0.2639548544504254,0.5
1b9bac59-84b0-403e-aa0d-aaa52d8cbba1,16.812,odom_x,/odom,0.26938926316375317,0.5
1b9bac59-84b0-403e-aa0d-aaa52d8cbba1,16.848000000000003,odom_x,/odom,0.27481144038681504,0.5
1b9bac59-84b0-403e-aa0d-aaa52d8cbba1,16.884,odom_x,/odom,0.28030338625626167,0.5
1b9bac59-84b0-403e-aa0d-aaa52d8cbba1,16.92,odom_x,/odom,0.2858212765840058,0.5
1b9bac59-84b0-403e-aa0d-aaa52d8cbba1,16.956,odom_x,/odom,0.29142841762501037,0.5
1b9bac59-84b0-403e-aa0d-aaa52d8cbba1,16.992,odom_x,/odom,0.2970427458722663,0.5
1b9bac59-84b0-403e-aa0d-aaa52d8cbba1,17.028000000000002,odom_x,/odom,0.3027392620998882,0.5
1b9bac59-84b0-403e-aa0d-aaa52d8cbba1,17.064,odom_x,/odom,0.3084951670365934,0.5
1b9bac59-84b0-403e-aa0d-aaa52d8cbba1,17.1,odom_x,/odom,0.31425373825588265,0.5
1b9bac59-84b0-403e-aa0d-aaa52d8cbba1,17.136000000000003,odom_x,/odom,0.32001776143503263,0.5
1b9bac59-84b0-403e-aa0d-aaa52d8cbba1,17.172,odom_x,/odom,0.325619059531131,0.5
1b9bac59-84b0-403e-aa0d-aaa52d8cbba1,17.211000000000002,odom_x,/odom,0.3312572463909618,0.5
1b9bac59-84b0-403e-aa0d-aaa52d8cbba1,17.244,odom_x,/odom,0.33692166764317627,0.5
1b9bac59-84b0-403e-aa0d-aaa52d8cbba1,17.28,odom_x,/odom,0.3425593271446317,0.5
1b9bac59-84b0-403e-aa0d-aaa52d8cbba1,17.316000000000003,odom_x,/odom,0.3481973696456837,0.5
1b9bac59-84b0-403e-aa0d-aaa52d8cbba1,17.352,odom_x,/odom,0.3538359522457522,0.5
1b9bac59-84b0-403e-aa0d-aaa52d8cbba1,17.388,odom_x,/odom,0.3594696503793384,0.5
1b9bac59-84b0-403e-aa0d-aaa52d8cbba1,17.424,odom_x,/odom,0.3653286212279425,0.5
1b9bac59-84b0-403e-aa0d-aaa52d8cbba1,17.46,odom_x,/odom,0.37127935532564743,0.5
1b9bac59-84b0-403e-aa0d-aaa52d8cbba1,17.496000000000002,odom_x,/odom,0.37724730146356233,0.5
1b9bac59-84b0-403e-aa0d-aaa52d8cbba1,17.532,odom_x,/odom,0.3833881323614039,0.5
1b9bac59-84b0-403e-aa0d-aaa52d8cbba1,17.568,odom_x,/odom,0.3897743810363252,0.5
1b9bac59-84b0-403e-aa0d-aaa52d8cbba1,17.604000000000003,odom_x,/odom,0.39630949869019694,0.5
1b9bac59-84b0-403e-aa0d-aaa52d8cbba1,17.64,odom_x,/odom,0.40284909202658215,0.5
1b9bac59-84b0-403e-aa0d-aaa52d8cbba1,17.676000000000002,odom_x,/odom,0.4093079590825509,0.5
1b9bac59-84b0-403e-aa0d-aaa52d8cbba1,17.712,odom_x,/odom,0.41565602479805547,0.5
1b9bac59-84b0-403e-aa0d-aaa52d8cbba1,17.748,odom_x,/odom,0.42198131065495303,0.5
1b9bac59-84b0-403e-aa0d-aaa52d8cbba1,17.784000000000002,odom_x,/odom,0.42817950016007245,0.5
1b9bac59-84b0-403e-aa0d-aaa52d8cbba1,17.82,odom_x,/odom,0.4343388780040065,0.5
1b9bac59-84b0-403e-aa0d-aaa52d8cbba1,17.856,odom_x,/odom,0.44058611404393255,0.5
1b9bac59-84b0-403e-aa0d-aaa52d8cbba1,17.892,odom_x,/odom,0.44684135929741686,0.5
1b9bac59-84b0-403e-aa0d-aaa52d8cbba1,17.928,odom_x,/odom,0.4531159360085089,0.5
1b9bac59-84b0-403e-aa0d-aaa52d8cbba1,17.964000000000002,odom_x,/odom,0.4593403812264925,0.5
1b9bac59-84b0-403e-aa0d-aaa52d8cbba1,18.0,odom_x,/odom,0.46555978787773106,0.5
1b9bac59-84b0-403e-aa0d-aaa52d8cbba1,18.036,odom_x,/odom,0.4719491277845221,0.5
1b9bac59-84b0-403e-aa0d-aaa52d8cbba1,18.072000000000003,odom_x,/odom,0.4782561303560666,0.5
1b9bac59-84b0-403e-aa0d-aaa52d8cbba1,18.111,odom_x,/odom,0.4846237521896668,0.5
1b9bac59-84b0-403e-aa0d-aaa52d8cbba1,18.144000000000002,odom_x,/odom,0.49102019725358975,0.5
1b9bac59-84b0-403e-aa0d-aaa52d8cbba1,18.18,odom_x,/odom,0.4973506030857653,0.5
1b9bac59-84b0-403e-aa0d-aaa52d8cbba1,18.216,odom_x,/odom,0.5038004544219421,0.5
1b9bac59-84b0-403e-aa0d-aaa52d8cbba1,18.252000000000002,odom_x,/odom,0.5102681225977143,0.5
1b9bac59-84b0-403e-aa0d-aaa52d8cbba1,18.288,odom_x,/odom,0.5168226401742576,0.5
1b9bac59-84b0-403e-aa0d-aaa52d8cbba1,18.324,odom_x,/odom,0.5234455761867837,0.5
1b9bac59-84b0-403e-aa0d-aaa52d8cbba1,18.36,odom_x,/odom,0.5301066723898771,0.5
1b9bac59-84b0-403e-aa0d-aaa52d8cbba1,18.396,odom_x,/odom,0.5367795003845393,0.5
1b9bac59-84b0-403e-aa0d-aaa52d8cbba1,18.432000000000002,odom_x,/odom,0.5435214640591135,0.5
1b9bac59-84b0-403e-aa0d-aaa52d8cbba1,18.468,odom_x,/odom,0.5503138408547822,0.5
1b9bac59-84b0-403e-aa0d-aaa52d8cbba1,18.504,odom_x,/odom,0.5569780098556587,0.5
1b9bac59-84b0-403e-aa0d-aaa52d8cbba1,18.540000000000003,odom_x,/odom,0.5636249833012389,0.5
1b9bac59-84b0-403e-aa0d-aaa52d8cbba1,18.576,odom_x,/odom,0.570073437564234,0.5
1b9bac59-84b0-403e-aa0d-aaa52d8cbba1,18.612000000000002,odom_x,/odom,0.5764011060680871,0.5
1b9bac59-84b0-403e-aa0d-aaa52d8cbba1,18.648,odom_x,/odom,0.5827107435826423,0.5
1b9bac59-84b0-403e-aa0d-aaa52d8cbba1,18.684,odom_x,/odom,0.5891464168382884,0.5
1b9bac59-84b0-403e-aa0d-aaa52d8cbba1,18.720000000000002,odom_x,/odom,0.5957321691009682,0.5
1b9bac59-84b0-403e-aa0d-aaa52d8cbba1,18.756,odom_x,/odom,0.6022810940032051,0.5
1b9bac59-84b0-403e-aa0d-aaa52d8cbba1,18.792,odom_x,/odom,0.6088227004903463,0.5
1b9bac59-84b0-403e-aa0d-aaa52d8cbba1,18.828,odom_x,/odom,0.6153056335662691,0.5
1b9bac59-84b0-403e-aa0d-aaa52d8cbba1,18.864,odom_x,/odom,0.621843107378638,0.5
1b9bac59-84b0-403e-aa0d-aaa52d8cbba1,18.900000000000002,odom_x,/odom,0.6283875273021218,0.5
1b9bac59-84b0-403e-aa0d-aaa52d8cbba1,18.936,odom_x,/odom,0.6348822529533441,0.5
1b9bac59-84b0-403e-aa0d-aaa52d8cbba1,18.972,odom_x,/odom,0.6413104776512223,0.5
1b9bac59-84b0-403e-aa0d-aaa52d8cbba1,19.008000000000003,odom_x,/odom,0.647807438538572,0.5
1b9bac59-84b0-403e-aa0d-aaa52d8cbba1,19.044,odom_x,/odom,0.6543318855664119,0.5
1b9bac59-84b0-403e-aa0d-aaa52d8cbba1,19.080000000000002,odom_x,/odom,0.6608263192404996,0.5
1b9bac59-84b0-403e-aa0d-aaa52d8cbba1,19.116,odom_x,/odom,0.6673357445157813,0.5
1b9bac59-84b0-403e-aa0d-aaa52d8cbba1,19.152,odom_x,/odom,0.6738478038599802,0.5
1b9bac59-84b0-403e-aa0d-aaa52d8cbba1,19.188000000000002,odom_x,/odom,0.6803731154630445,0.5
1b9bac59-84b0-403e-aa0d-aaa52d8cbba1,19.224,odom_x,/odom,0.6869459691975196,0.5
1b9bac59-84b0-403e-aa0d-aaa52d8cbba1,19.26,odom_x,/odom,0.693485277830913,0.5
1b9bac59-84b0-403e-aa0d-aaa52d8cbba1,19.296000000000003,odom_x,/odom,0.7000124534864745,0.5
1b9bac59-84b0-403e-aa0d-aaa52d8cbba1,19.332,odom_x,/odom,0.7063925892780354,0.5
1b9bac59-84b0-403e-aa0d-aaa52d8cbba1,19.368000000000002,odom_x,/odom,0.7126997434308923,0.5
1b9bac59-84b0-403e-aa0d-aaa52d8cbba1,19.404,odom_x,/odom,0.7190801306549145,0.5
1b9bac59-84b0-403e-aa0d-aaa52d8cbba1,19.44,odom_x,/odom,0.7254687645525033,0.5
1b9bac59-84b0-403e-aa0d-aaa52d8cbba1,19.476000000000003,odom_x,/odom,0.7317523988741577,0.5
1b9bac59-84b0-403e-aa0d-aaa52d8cbba1,19.512,odom_x,/odom,0.7381518676639595,0.5
1b9bac59-84b0-403e-aa0d-aaa52d8cbba1,19.548000000000002,odom_x,/odom,0.74458181576777,0.5
1b9bac59-84b0-403e-aa0d-aaa52d8cbba1,19.584,odom_x,/odom,0.7510479294951682,0.5
1b9bac59-84b0-403e-aa0d-aaa52d8cbba1,19.62,odom_x,/odom,0.7575860615809346,0.5
1b9bac59-84b0-403e-aa0d-aaa52d8cbba1,19.656000000000002,odom_x,/odom,0.764111826090482,0.5
1b9bac59-84b0-403e-aa0d-aaa52d8cbba1,19.692,odom_x,/odom,0.7706347255279988,0.5
1b9bac59-84b0-403e-aa0d-aaa52d8cbba1,19.728,odom_x,/odom,0.7771895442734534,0.5
1b9bac59-84b0-403e-aa0d-aaa52d8cbba1,19.764000000000003,odom_x,/odom,0.7837078457688473,0.5
1b9bac59-84b0-403e-aa0d-aaa52d8cbba1,19.8,odom_x,/odom,0.7902221744345677,0.5
1b9bac59-84b0-403e-aa0d-aaa52d8cbba1,19.836000000000002,odom_x,/odom,0.7966670535889319,0.5
1b9bac59-84b0-403e-aa0d-aaa52d8cbba1,19.872,odom_x,/odom,0.8029742427757723,0.5
1b9bac59-84b0-403e-aa0d-aaa52d8cbba1,19.911,odom_x,/odom,0.8092746110760215,0.5
1b9bac59-84b0-403e-aa0d-aaa52d8cbba1,19.944000000000003,odom_x,/odom,0.8155835647966788,0.5
1b9bac59-84b0-403e-aa0d-aaa52d8cbba1,19.98,odom_x,/odom,0.8219327473958407,0.5
1b9bac59-84b0-403e-aa0d-aaa52d8cbba1,20.016000000000002,odom_x,/odom,0.8282146727240108,0.5
1b9bac59-84b0-403e-aa0d-aaa52d8cbba1,20.052,odom_x,/odom,0.8344894455884434,0.5
1b9bac59-84b0-403e-aa0d-aaa52d8cbba1,20.088,odom_x,/odom,0.8409877581172223,0.5
1b9bac59-84b0-403e-aa0d-aaa52d8cbba1,20.124000000000002,odom_x,/odom,0.847587448460357,0.5
1b9bac59-84b0-403e-aa0d-aaa52d8cbba1,20.16,odom_x,/odom,0.8541972591555596,0.5
1b9bac59-84b0-403e-aa0d-aaa52d8cbba1,20.196,odom_x,/odom,0.8608110536070892,0.5
1b9bac59-84b0-403e-aa0d-aaa52d8cbba1,20.232000000000003,odom_x,/odom,0.8674727606527944,0.5
1b9bac59-84b0-403e-aa0d-aaa52d8cbba1,20.268,odom_x,/odom,0.8741419940805008,0.5
1b9bac59-84b0-403e-aa0d-aaa52d8cbba1,20.304000000000002,odom_x,/odom,0.8808004781294314,0.5
1b9bac59-84b0-403e-aa0d-aaa52d8cbba1,20.34,odom_x,/odom,0.8874582186788845,0.5
1b9bac59-84b0-403e-aa0d-aaa52d8cbba1,20.376,odom_x,/odom,0.8940534012933605,0.5
1b9bac59-84b0-403e-aa0d-aaa52d8cbba1,20.412000000000003,odom_x,/odom,0.9006594260478672,0.5
1b9bac59-84b0-403e-aa0d-aaa52d8cbba1,20.448,odom_x,/odom,0.9072689540999782,0.5
1b9bac59-84b0-403e-aa0d-aaa52d8cbba1,20.484,odom_x,/odom,0.9137401177161916,0.5
1b9bac59-84b0-403e-aa0d-aaa52d8cbba1,20.52,odom_x,/odom,0.9201541537625391,0.5
1b9bac59-84b0-403e-aa0d-aaa52d8cbba1,20.556,odom_x,/odom,0.9265442168278681,0.5
1b9bac59-84b0-403e-aa0d-aaa52d8cbba1,20.592000000000002,odom_x,/odom,0.9329334570026713,0.5
1b9bac59-84b0-403e-aa0d-aaa52d8cbba1,20.628,odom_x,/odom,0.9393626432181589,0.5
1b9bac59-84b0-403e-aa0d-aaa52d8cbba1,20.664,odom_x,/odom,0.9459760657920157,0.5
1b9bac59-84b0-403e-aa0d-aaa52d8cbba1,20.700000000000003,odom_x,/odom,0.9526129552322838,0.5
1b9bac59-84b0-403e-aa0d-aaa52d8cbba1,20.736,odom_x,/odom,0.958942638798978,0.5
1b9bac59-84b0-403e-aa0d-aaa52d8cbba1,20.772000000000002,odom_x,/odom,0.9651844048511476,0.5
1b9bac59-84b0-403e-aa0d-aaa52d8cbba1,20.808,odom_x,/odom,0.9713223749617557,0.5
1b9bac59-84b0-403e-aa0d-aaa52d8cbba1,20.844,odom_x,/odom,0.977423494153698,0.5
1b9bac59-84b0-403e-aa0d-aaa52d8cbba1,20.880000000000003,odom_x,/odom,0.9836740660675207,0.5
1b9bac59-84b0-403e-aa0d-aaa52d8cbba1,20.916,odom_x,/odom,0.9900263580858348,0.5
1b9bac59-84b0-403e-aa0d-aaa52d8cbba1,20.952,odom_x,/odom,0.9963824179099757,0.5
1b9bac59-84b0-403e-aa0d-aaa52d8cbba1,20.988,odom_x,/odom,1.0026974408038454,0.5
1b9bac59-84b0-403e-aa0d-aaa52d8cbba1,21.024,odom_x,/odom,1.0089815319591107,0.5
1b9bac59-84b0-403e-aa0d-aaa52d8cbba1,21.060000000000002,odom_x,/odom,1.0151811651693894,0.5
1b9bac59-84b0-403e-aa0d-aaa52d8cbba1,21.096,odom_x,/odom,1.021352610878622,0.5
1b9bac59-84b0-403e-aa0d-aaa52d8cbba1,21.132,odom_x,/odom,1.0275989816756543,0.5
1b9bac59-84b0-403e-aa0d-aaa52d8cbba1,21.168000000000003,odom_x,/odom,1.0337773592141897,0.5
1b9bac59-84b0-403e-aa0d-aaa52d8cbba1,21.204,odom_x,/odom,1.0398463861606537,0.5
1b9bac59-84b0-403e-aa0d-aaa52d8cbba1,21.240000000000002,odom_x,/odom,1.0459081109711454,0.5
1b9bac59-84b0-403e-aa0d-aaa52d8cbba1,21.276,odom_x,/odom,1.0522151134562225,0.5
1b9bac59-84b0-403e-aa0d-aaa52d8cbba1,21.312,odom_x,/odom,1.0585570653365857,0.5
1b9bac59-84b0-403e-aa0d-aaa52d8cbba1,21.348000000000003,odom_x,/odom,1.0648969469809835,0.5
1b9bac59-84b0-403e-aa0d-aaa52d8cbba1,21.384,odom_x,/odom,1.0711097493950994,0.5
1b9bac59-84b0-403e-aa0d-aaa52d8cbba1,21.42,odom_x,/odom,1.0771790392002447,0.5
1b9bac59-84b0-403e-aa0d-aaa52d8cbba1,21.456000000000003,odom_x,/odom,1.083189946395315,0.5
1b9bac59-84b0-403e-aa0d-aaa52d8cbba1,21.492,odom_x,/odom,1.089200262787143,0.5
1b9bac59-84b0-403e-aa0d-aaa52d8cbba1,21.528000000000002,odom_x,/odom,1.0952082384477377,0.5
1b9bac59-84b0-403e-aa0d-aaa52d8cbba1,21.564,odom_x,/odom,1.1012803473429345,0.5
1b9bac59-84b0-403e-aa0d-aaa52d8cbba1,21.6,odom_x,/odom,1.1073584538864505,0.5
1b9bac59-84b0-403e-aa0d-aaa52d8cbba1,21.636000000000003,odom_x,/odom,1.1135181895141526,0.5
1b9bac59-84b0-403e-aa0d-aaa52d8cbba1,21.672,odom_x,/odom,1.1197022344447267,0.5
1b9bac59-84b0-403e-aa0d-aaa52d8cbba1,21.708000000000002,odom_x,/odom,1.1258571463803797,0.5
1b9bac59-84b0-403e-aa0d-aaa52d8cbba1,21.744,odom_x,/odom,1.132001268800695,0.5
1b9bac59-84b0-403e-aa0d-aaa52d8cbba1,21.78,odom_x,/odom,1.1381803011870135,0.5
1b9bac59-84b0-403e-aa0d-aaa52d8cbba1,21.816000000000003,odom_x,/odom,1.1442921180156647,0.5
1b9bac59-84b0-403e-aa0d-aaa52d8cbba1,21.852,odom_x,/odom,1.1503630738038066,0.5
1b9bac59-84b0-403e-aa0d-aaa52d8cbba1,21.888,odom_x,/odom,1.1565624387446503,0.5
1b9bac59-84b0-403e-aa0d-aaa52d8cbba1,21.924000000000003,odom_x,/odom,1.1626779711753537,0.5
1b9bac59-84b0-403e-aa0d-aaa52d8cbba1,21.96,odom_x,/odom,1.1687422593838994,0.5
1b9bac59-84b0-403e-aa0d-aaa52d8cbba1,21.996000000000002,odom_x,/odom,1.1747948601986669,0.5
1b9bac59-84b0-403e-aa0d-aaa52d8cbba1,22.032,odom_x,/odom,1.1807348751516125,0.5
1b9bac59-84b0-403e-aa0d-aaa52d8cbba1,22.068,odom_x,/odom,1.186714400482788,0.5
1b9bac59-84b0-403e-aa0d-aaa52d8cbba1,22.104000000000003,odom_x,/odom,1.1928105973807581,0.5
1b9bac59-84b0-403e-aa0d-aaa52d8cbba1,22.14,odom_x,/odom,1.1989154588409363,0.5
1b9bac59-84b0-403e-aa0d-aaa52d8cbba1,22.176000000000002,odom_x,/odom,1.2050581795956226,0.5
1b9bac59-84b0-403e-aa0d-aaa52d8cbba1,22.212,odom_x,/odom,1.2112724204243965,0.5
1b9bac59-84b0-403e-aa0d-aaa52d8cbba1,22.248,odom_x,/odom,1.2175002850075933,0.5
1b9bac59-84b0-403e-aa0d-aaa52d8cbba1,22.284000000000002,odom_x,/odom,1.2236843881863522,0.5
1b9bac59-84b0-403e-aa0d-aaa52d8cbba1,22.32,odom_x,/odom,1.2298504779884833,0.5
1b9bac59-84b0-403e-aa0d-aaa52d8cbba1,22.356,odom_x,/odom,1.2360910354806485,0.5
1b9bac59-84b0-403e-aa0d-aaa52d8cbba1,22.392000000000003,odom_x,/odom,1.2423386445059765,0.5
1b9bac59-84b0-403e-aa0d-aaa52d8cbba1,22.428,odom_x,/odom,1.2486342524219944,0.5
1b9bac59-84b0-403e-aa0d-aaa52d8cbba1,22.464000000000002,odom_x,/odom,1.2549307957610447,0.5
1b9bac59-84b0-403e-aa0d-aaa52d8cbba1,22.5,odom_x,/odom,1.2612259854690036,0.5
1b9bac59-84b0-403e-aa0d-aaa52d8cbba1,22.536,odom_x,/odom,1.2674240418748728,0.5
1b9bac59-84b0-403e-aa0d-aaa52d8cbba1,22.572000000000003,odom_x,/odom,1.2736020995725812,0.5
1b9bac59-84b0-403e-aa0d-aaa52d8cbba1,22.608,odom_x,/odom,1.279821071582585,0.5
1b9bac59-84b0-403e-aa0d-aaa52d8cbba1,22.644000000000002,odom_x,/odom,1.2860544440134478,0.5
1b9bac59-84b0-403e-aa0d-aaa52d8cbba1,22.68,odom_x,/odom,1.2923260001312418,0.5
1b9bac59-84b0-403e-aa0d-aaa52d8cbba1,22.716,odom_x,/odom,1.2984159184381368,0.5
1b9bac59-84b0-403e-aa0d-aaa52d8cbba1,22.752000000000002,odom_x,/odom,1.304477056184931,0.5
1b9bac59-84b0-403e-aa0d-aaa52d8cbba1,22.788,odom_x,/odom,1.3105566217289666,0.5
1b9bac59-84b0-403e-aa0d-aaa52d8cbba1,22.824,odom_x,/odom,1.3166536695376887,0.5
1b9bac59-84b0-403e-aa0d-aaa52d8cbba1,22.860000000000003,odom_x,/odom,1.322825915723903,0.5
1b9bac59-84b0-403e-aa0d-aaa52d8cbba1,22.896,odom_x,/odom,1.3290229873552546,0.5
1b9bac59-84b0-403e-aa0d-aaa52d8cbba1,22.932000000000002,odom_x,/odom,1.3351454021451103,0.5
1b9bac59-84b0-403e-aa0d-aaa52d8cbba1,22.968,odom_x,/odom,1.3412168647206626,0.5
1b9bac59-84b0-403e-aa0d-aaa52d8cbba1,23.004,odom_x,/odom,1.3473547487456923,0.5
1b9bac59-84b0-403e-aa0d-aaa52d8cbba1,23.040000000000003,odom_x,/odom,1.3534997632531904,0.5
1b9bac59-84b0-403e-aa0d-aaa52d8cbba1,23.076,odom_x,/odom,1.3597372417745346,0.5
1b9bac59-84b0-403e-aa0d-aaa52d8cbba1,23.112000000000002,odom_x,/odom,1.3659262988294727,0.5
1b9bac59-84b0-403e-aa0d-aaa52d8cbba1,23.148,odom_x,/odom,1.3721040005099105,0.5
1b9bac59-84b0-403e-aa0d-aaa52d8cbba1,23.184,odom_x,/odom,1.3783765531511931,0.5
1b9bac59-84b0-403e-aa0d-aaa52d8cbba1,23.220000000000002,odom_x,/odom,1.3846736635058678,0.5
1b9bac59-84b0-403e-aa0d-aaa52d8cbba1,23.256,odom_x,/odom,1.3906347220027848,0.5
1b9bac59-84b0-403e-aa0d-aaa52d8cbba1,23.292,odom_x,/odom,1.3965060900181343,0.5
1b9bac59-84b0-403e-aa0d-aaa52d8cbba1,23.328000000000003,odom_x,/odom,1.4023411812944826,0.5
1b9bac59-84b0-403e-aa0d-aaa52d8cbba1,23.364,odom_x,/odom,1.408159506961287,0.5
1b9bac59-84b0-403e-aa0d-aaa52d8cbba1,23.400000000000002,odom_x,/odom,1.4139779228806217,0.5
1b9bac59-84b0-403e-aa0d-aaa52d8cbba1,23.436,odom_x,/odom,1.4198104891744643,0.5
1b9bac59-84b0-403e-aa0d-aaa52d8cbba1,23.472,odom_x,/odom,1.425550239376411,0.5
1b9bac59-84b0-403e-aa0d-aaa52d8cbba1,23.511000000000003,odom_x,/odom,1.4313811055596644,0.5
1b9bac59-84b0-403e-aa0d-aaa52d8cbba1,23.544,odom_x,/odom,1.4372536874179682,0.5
1b9bac59-84b0-403e-aa0d-aaa52d8cbba1,23.580000000000002,odom_x,/odom,1.4432227665146047,0.5
1b9bac59-84b0-403e-aa0d-aaa52d8cbba1,23.616000000000003,odom_x,/odom,1.4491229798935104,0.5
1b9bac59-84b0-403e-aa0d-aaa52d8cbba1,23.652,odom_x,/odom,1.4550131909010209,0.5
1b9bac59-84b0-403e-aa0d-aaa52d8cbba1,23.688000000000002,odom_x,/odom,1.460845583524793,0.5
1b9bac59-84b0-403e-aa0d-aaa52d8cbba1,23.724,odom_x,/odom,1.4666432665021476,0.5
1b9bac59-84b0-403e-aa0d-aaa52d8cbba1,23.76,odom_x,/odom,1.4723966674031803,0.5
1b9bac59-84b0-403e-aa0d-aaa52d8cbba1,23.796000000000003,odom_x,/odom,1.4781353186738182,0.5
1b9bac59-84b0-403e-aa0d-aaa52d8cbba1,23.832,odom_x,/odom,1.483745562425135,0.5
1b9bac59-84b0-403e-aa0d-aaa52d8cbba1,23.868000000000002,odom_x,/odom,1.4893192690771386,0.5
1b9bac59-84b0-403e-aa0d-aaa52d8cbba1,23.904,odom_x,/odom,1.494839901794118,0.5
1b9bac59-84b0-403e-aa0d-aaa52d8cbba1,23.94,odom_x,/odom,1.5003556499978112,0.5
1b9bac59-84b0-403e-aa0d-aaa52d8cbba1,23.976000000000003,odom_x,/odom,1.505791333983621,0.5
1b9bac59-84b0-403e-aa0d-aaa52d8cbba1,24.012,odom_x,/odom,1.5113679580438755,0.5
1b9bac59-84b0-403e-aa0d-aaa52d8cbba1,24.048000000000002,odom_x,/odom,1.5169817046618812,0.5
1b9bac59-84b0-403e-aa0d-aaa52d8cbba1,24.084000000000003,odom_x,/odom,1.522670011651659,0.5
1b9bac59-84b0-403e-aa0d-aaa52d8cbba1,24.12,odom_x,/odom,1.5284542556235343,0.5
1b9bac59-84b0-403e-aa0d-aaa52d8cbba1,24.156000000000002,odom_x,/odom,1.534219951473754,0.5
1b9bac59-84b0-403e-aa0d-aaa52d8cbba1,24.192,odom_x,/odom,1.539981123519469,0.5
1b9bac59-84b0-403e-aa0d-aaa52d8cbba1,24.228,odom_x,/odom,1.5457552322298198,0.5
1b9bac59-84b0-403e-aa0d-aaa52d8cbba1,24.264000000000003,odom_x,/odom,1.5515569686470931,0.5
1b9bac59-84b0-403e-aa0d-aaa52d8cbba1,24.3,odom_x,/odom,1.557360656142605,0.5
1b9bac59-84b0-403e-aa0d-aaa52d8cbba1,24.336000000000002,odom_x,/odom,1.5633491065289389,0.5
1b9bac59-84b0-403e-aa0d-aaa52d8cbba1,24.372,odom_x,/odom,1.5694614407150442,0.5
1b9bac59-84b0-403e-aa0d-aaa52d8cbba1,24.411,odom_x,/odom,1.575584201492241,0.5
1b9bac59-84b0-403e-aa0d-aaa52d8cbba1,24.444000000000003,odom_x,/odom,1.5817035008476805,0.5
1b9bac59-84b0-403e-aa0d-aaa52d8cbba1,24.48,odom_x,/odom,1.5878287923672518,0.5
1b9bac59-84b0-403e-aa0d-aaa52d8cbba1,24.516000000000002,odom_x,/odom,1.5938182206818636,0.5
1b9bac59-84b0-403e-aa0d-aaa52d8cbba1,24.552000000000003,odom_x,/odom,1.5997908323720142,0.5
1b9bac59-84b0-403e-aa0d-aaa52d8cbba1,24.588,odom_x,/odom,1.6057160215575896,0.5
1b9bac59-84b0-403e-aa0d-aaa52d8cbba1,24.624000000000002,odom_x,/odom,1.611608267678868,0.5
1b9bac59-84b0-403e-aa0d-aaa52d8cbba1,24.66,odom_x,/odom,1.6176314980787565,0.5
1b9bac59-84b0-403e-aa0d-aaa52d8cbba1,24.696,odom_x,/odom,1.623707040887051,0.5
1b9bac59-84b0-403e-aa0d-aaa52d8cbba1,24.732000000000003,odom_x,/odom,1.6297692350095143,0.5
1b9bac59-84b0-403e-aa0d-aaa52d8cbba1,24.768,odom_x,/odom,1.6357502324519722,0.5
1b9bac59-84b0-403e-aa0d-aaa52d8cbba1,24.804000000000002,odom_x,/odom,1.641705744284022,0.5
1b9bac59-84b0-403e-aa0d-aaa52d8cbba1,24.84,odom_x,/odom,1.6476611710941285,0.5
1b9bac59-84b0-403e-aa0d-aaa52d8cbba1,24.876,odom_x,/odom,1.6537593257886767,0.5
1b9bac59-84b0-403e-aa0d-aaa52d8cbba1,24.912000000000003,odom_x,/odom,1.6599980282436828,0.5
1b9bac59-84b0-403e-aa0d-aaa52d8cbba1,24.948,odom_x,/odom,1.6662655196741587,0.5
1b9bac59-84b0-403e-aa0d-aaa52d8cbba1,24.984,odom_x,/odom,1.6724922514336331,0.5
1b9bac59-84b0-403e-aa0d-aaa52d8cbba1,25.020000000000003,odom_x,/odom,1.6787929367466523,0.5
1b9bac59-84b0-403e-aa0d-aaa52d8cbba1,25.056,odom_x,/odom,1.685114009632459,0.5
1b9bac59-84b0-403e-aa0d-aaa52d8cbba1,25.092000000000002,odom_x,/odom,1.6914344612213188,0.5
1b9bac59-84b0-403e-aa0d-aaa52d8cbba1,25.128,odom_x,/odom,1.6976663873515432,0.5
1b9bac59-84b0-403e-aa0d-aaa52d8cbba1,25.164,odom_x,/odom,1.703913609618094,0.5
1b9bac59-84b0-403e-aa0d-aaa52d8cbba1,25.200000000000003,odom_x,/odom,1.7101662736781624,0.5
1b9bac59-84b0-403e-aa0d-aaa52d8cbba1,25.236,odom_x,/odom,1.7166307530195823,0.5
1b9bac59-84b0-403e-aa0d-aaa52d8cbba1,25.272000000000002,odom_x,/odom,1.7231375941086788,0.5
1b9bac59-84b0-403e-aa0d-aaa52d8cbba1,25.311,odom_x,/odom,1.729698196810966,0.5
1b9bac59-84b0-403e-aa0d-aaa52d8cbba1,25.344,odom_x,/odom,1.7362759673518728,0.5
1b9bac59-84b0-403e-aa0d-aaa52d8cbba1,25.380000000000003,odom_x,/odom,1.7427515469211738,0.5
1b9bac59-84b0-403e-aa0d-aaa52d8cbba1,25.416,odom_x,/odom,1.7491773392680723,0.5
1b9bac59-84b0-403e-aa0d-aaa52d8cbba1,25.452,odom_x,/odom,1.755601971682905,0.5
1b9bac59-84b0-403e-aa0d-aaa52d8cbba1,25.488000000000003,odom_x,/odom,1.7619097162179422,0.5
1b9bac59-84b0-403e-aa0d-aaa52d8cbba1,25.524,odom_x,/odom,1.768172434432456,0.5
1b9bac59-84b0-403e-aa0d-aaa52d8cbba1,25.560000000000002,odom_x,/odom,1.7745368989372137,0.5
1b9bac59-84b0-403e-aa0d-aaa52d8cbba1,25.596,odom_x,/odom,1.780938650926367,0.5
1b9bac59-84b0-403e-aa0d-aaa52d8cbba1,25.632,odom_x,/odom,1.7874047211345645,0.5
1b9bac59-84b0-403e-aa0d-aaa52d8cbba1,25.668000000000003,odom_x,/odom,1.7938873399836706,0.5
1b9bac59-84b0-403e-aa0d-aaa52d8cbba1,25.704,odom_x,/odom,1.8003773295849355,0.5
1b9bac59-84b0-403e-aa0d-aaa52d8cbba1,25.740000000000002,odom_x,/odom,1.8068676328387716,0.5
1b9bac59-84b0-403e-aa0d-aaa52d8cbba1,25.776000000000003,odom_x,/odom,1.8133523633617226,0.5
1b9bac59-84b0-403e-aa0d-aaa52d8cbba1,25.812,odom_x,/odom,1.819743324649496,0.5
1b9bac59-84b0-403e-aa0d-aaa52d8cbba1,25.848000000000003,odom_x,/odom,1.8261149690397958,0.5
1b9bac59-84b0-403e-aa0d-aaa52d8cbba1,25.884,odom_x,/odom,1.832525277383551,0.5
1b9bac59-84b0-403e-aa0d-aaa52d8cbba1,25.92,odom_x,/odom,1.8388349944628077,0.5
1b9bac59-84b0-403e-aa0d-aaa52d8cbba1,25.956000000000003,odom_x,/odom,1.8451717895506343,0.5
1b9bac59-84b0-403e-aa0d-aaa52d8cbba1,25.992,odom_x,/odom,1.8515412261472204,0.5
1b9bac59-84b0-403e-aa0d-aaa52d8cbba1,26.028000000000002,odom_x,/odom,1.8580134971829496,0.5
1b9bac59-84b0-403e-aa0d-aaa52d8cbba1,26.064,odom_x,/odom,1.8646516190968954,0.5
1b9bac59-84b0-403e-aa0d-aaa52d8cbba1,26.1,odom_x,/odom,1.8713043108951848,0.5
1b9bac59-84b0-403e-aa0d-aaa52d8cbba1,26.136000000000003,odom_x,/odom,1.8778962975439213,0.5
1b9bac59-84b0-403e-aa0d-aaa52d8cbba1,26.172,odom_x,/odom,1.8844626306631362,0.5
1b9bac59-84b0-403e-aa0d-aaa52d8cbba1,26.208000000000002,odom_x,/odom,1.890960858016359,0.5
1b9bac59-84b0-403e-aa0d-aaa52d8cbba1,26.244000000000003,odom_x,/odom,1.897437714701941,0.5
1b9bac59-84b0-403e-aa0d-aaa52d8cbba1,26.28,odom_x,/odom,1.9039478634203573,0.5
1b9bac59-84b0-403e-aa0d-aaa52d8cbba1,26.316000000000003,odom_x,/odom,1.9105939831984362,0.5
1b9bac59-84b0-403e-aa0d-aaa52d8cbba1,26.352,odom_x,/odom,1.9172541883769372,0.5
1b9bac59-84b0-403e-aa0d-aaa52d8cbba1,26.388,odom_x,/odom,1.923840552928071,0.5
1b9bac59-84b0-403e-aa0d-aaa52d8cbba1,26.424000000000003,odom_x,/odom,1.9304255061333497,0.5
1b9bac59-84b0-403e-aa0d-aaa52d8cbba1,26.46,odom_x,/odom,1.937042064485273,0.5
1b9bac59-84b0-403e-aa0d-aaa52d8cbba1,26.496000000000002,odom_x,/odom,1.9436679405642037,0.5
1b9bac59-84b0-403e-aa0d-aaa52d8cbba1,26.532,odom_x,/odom,1.9500126988927673,0.5
1b9bac59-84b0-403e-aa0d-aaa52d8cbba1,26.568,odom_x,/odom,1.9562578192950486,0.5
1b9bac59-84b0-403e-aa0d-aaa52d8cbba1,26.604000000000003,odom_x,/odom,1.962450387660977,0.5
1b9bac59-84b0-403e-aa0d-aaa52d8cbba1,26.64,odom_x,/odom,1.9686380870404958,0.5
1b9bac59-84b0-403e-aa0d-aaa52d8cbba1,26.676000000000002,odom_x,/odom,1.9749429563304195,0.5
1b9bac59-84b0-403e-aa0d-aaa52d8cbba1,26.712000000000003,odom_x,/odom,1.981132978003776,0.5
1b9bac59-84b0-403e-aa0d-aaa52d8cbba1,26.748,odom_x,/odom,1.9872924272336527,0.5
1b9bac59-84b0-403e-aa0d-aaa52d8cbba1,26.784000000000002,odom_x,/odom,1.9934479922933177,0.5
1b9bac59-84b0-403e-aa0d-aaa52d8cbba1,26.82,odom_x,/odom,1.9994972704091414,0.5
1b9bac59-84b0-403e-aa0d-aaa52d8cbba1,26.856,odom_x,/odom,2.005581028308273,0.5
1b9bac59-84b0-403e-aa0d-aaa52d8cbba1,26.892000000000003,odom_x,/odom,2.0116710019354063,0.5
1b9bac59-84b0-403e-aa0d-aaa52d8cbba1,26.928,odom_x,/odom,2.0176452729969996,0.5
1b9bac59-84b0-403e-aa0d-aaa52d8cbba1,26.964000000000002,odom_x,/odom,2.0235753953315108,0.5
1b9bac59-84b0-403e-aa0d-aaa52d8cbba1,27.0,odom_x,/odom,2.0295072181798144,0.5
1b9bac59-84b0-403e-aa0d-aaa52d8cbba1,27.036,odom_x,/odom,2.035316222410811,0.5
1b9bac59-84b0-403e-aa0d-aaa52d8cbba1,27.072000000000003,odom_x,/odom,2.04110691172011,0.5
1b9bac59-84b0-403e-aa0d-aaa52d8cbba1,27.111,odom_x,/odom,2.0468261896033977,0.5
1b9bac59-84b0-403e-aa0d-aaa52d8cbba1,27.144000000000002,odom_x,/odom,2.0525217714813193,0.5
1b9bac59-84b0-403e-aa0d-aaa52d8cbba1,27.180000000000003,odom_x,/odom,2.0582021180344205,0.5
1b9bac59-84b0-403e-aa0d-aaa52d8cbba1,27.216,odom_x,/odom,2.0638582194483672,0.5
1b9bac59-84b0-403e-aa0d-aaa52d8cbba1,27.252000000000002,odom_x,/odom,2.0695127985217274,0.5
1b9bac59-84b0-403e-aa0d-aaa52d8cbba1,27.288,odom_x,/odom,2.0752671137764613,0.5
1b9bac59-84b0-403e-aa0d-aaa52d8cbba1,27.324,odom_x,/odom,2.0811389352639464,0.5
1b9bac59-84b0-403e-aa0d-aaa52d8cbba1,27.360000000000003,odom_x,/odom,2.0871081051796416,0.5
1b9bac59-84b0-403e-aa0d-aaa52d8cbba1,27.396,odom_x,/odom,2.093109805570383,0.5
1b9bac59-84b0-403e-aa0d-aaa52d8cbba1,27.432000000000002,odom_x,/odom,2.0990402334622074,0.5
1b9bac59-84b0-403e-aa0d-aaa52d8cbba1,27.468,odom_x,/odom,2.104998039896509,0.5
1b9bac59-84b0-403e-aa0d-aaa52d8cbba1,27.504,odom_x,/odom,2.110937986731455,0.5
1b9bac59-84b0-403e-aa0d-aaa52d8cbba1,27.540000000000003,odom_x,/odom,2.116875100044849,0.5
1b9bac59-84b0-403e-aa0d-aaa52d8cbba1,27.576,odom_x,/odom,2.122700409679356,0.5
1b9bac59-84b0-403e-aa0d-aaa52d8cbba1,27.612000000000002,odom_x,/odom,2.1284939498871145,0.5
1b9bac59-84b0-403e-aa0d-aaa52d8cbba1,27.648000000000003,odom_x,/odom,2.134283464767269,0.5
1b9bac59-84b0-403e-aa0d-aaa52d8cbba1,27.684,odom_x,/odom,2.1400655009235954,0.5
1b9bac59-84b0-403e-aa0d-aaa52d8cbba1,27.720000000000002,odom_x,/odom,2.1458003660882548,0.5
1b9bac59-84b0-403e-aa0d-aaa52d8cbba1,27.756,odom_x,/odom,2.1514930347881753,0.5
1b9bac59-84b0-403e-aa0d-aaa52d8cbba1,27.792,odom_x,/odom,2.1571722048549664,0.5
1b9bac59-84b0-403e-aa0d-aaa52d8cbba1,27.828000000000003,odom_x,/odom,2.1629064946637375,0.5
1b9bac59-84b0-403e-aa0d-aaa52d8cbba1,27.864,odom_x,/odom,2.168581802223705,0.5
1b9bac59-84b0-403e-aa0d-aaa52d8cbba1,27.900000000000002,odom_x,/odom,2.1742501554674236,0.5
1b9bac59-84b0-403e-aa0d-aaa52d8cbba1,27.936000000000003,odom_x,/odom,2.1799319663374055,0.5
1b9bac59-84b0-403e-aa0d-aaa52d8cbba1,27.972,odom_x,/odom,2.185501865563857,0.5
1b9bac59-84b0-403e-aa0d-aaa52d8cbba1,28.008000000000003,odom_x,/odom,2.1910291922218135,0.5
1b9bac59-84b0-403e-aa0d-aaa52d8cbba1,28.044,odom_x,/odom,2.1965508098973676,0.5
1b9bac59-84b0-403e-aa0d-aaa52d8cbba1,28.080000000000002,odom_x,/odom,2.2020772745143944,0.5
1b9bac59-84b0-403e-aa0d-aaa52d8cbba1,28.116000000000003,odom_x,/odom,2.2076224020121447,0.5
1b9bac59-84b0-403e-aa0d-aaa52d8cbba1,28.152,odom_x,/odom,2.2131689699642862,0.5
1b9bac59-84b0-403e-aa0d-aaa52d8cbba1,28.188000000000002,odom_x,/odom,2.2186840202816414,0.5
1b9bac59-84b0-403e-aa0d-aaa52d8cbba1,28.224,odom_x,/odom,2.2242907362083244,0.5
1b9bac59-84b0-403e-aa0d-aaa52d8cbba1,28.26,odom_x,/odom,2.2300455761961904,0.5
1b9bac59-84b0-403e-aa0d-aaa52d8cbba1,28.296000000000003,odom_x,/odom,2.235856360899029,0.5
1b9bac59-84b0-403e-aa0d-aaa52d8cbba1,28.332,odom_x,/odom,2.241596431740844,0.5
1b9bac59-84b0-403e-aa0d-aaa52d8cbba1,28.368000000000002,odom_x,/odom,2.2472509880267575,0.5
1b9bac59-84b0-403e-aa0d-aaa52d8cbba1,28.404000000000003,odom_x,/odom,2.252773879671544,0.5
1b9bac59-84b0-403e-aa0d-aaa52d8cbba1,28.44,odom_x,/odom,2.2582862096290865,0.5
1b9bac59-84b0-403e-aa0d-aaa52d8cbba1,28.476000000000003,odom_x,/odom,2.263869197491254,0.5
1b9bac59-84b0-403e-aa0d-aaa52d8cbba1,28.512,odom_x,/odom,2.269443453259708,0.5
1b9bac59-84b0-403e-aa0d-aaa52d8cbba1,28.548000000000002,odom_x,/odom,2.2750148895885327,0.5
1b9bac59-84b0-403e-aa0d-aaa52d8cbba1,28.584000000000003,odom_x,/odom,2.2805118578363275,0.5
1b9bac59-84b0-403e-aa0d-aaa52d8cbba1,28.62,odom_x,/odom,2.286119401525727,0.5
1b9bac59-84b0-403e-aa0d-aaa52d8cbba1,28.656000000000002,odom_x,/odom,2.2917017680566336,0.5
1b9bac59-84b0-403e-aa0d-aaa52d8cbba1,28.692,odom_x,/odom,2.2972774980910984,0.5
1b9bac59-84b0-403e-aa0d-aaa52d8cbba1,28.728,odom_x,/odom,2.302806932190705,0.5
1b9bac59-84b0-403e-aa0d-aaa52d8cbba1,28.764000000000003,odom_x,/odom,2.3082211961486556,0.5
1b9bac59-84b0-403e-aa0d-aaa52d8cbba1,28.8,odom_x,/odom,2.3136271957712196,0.5
1b9bac59-84b0-403e-aa0d-aaa52d8cbba1,28.836000000000002,odom_x,/odom,2.319081492024808,0.5
1b9bac59-84b0-403e-aa0d-aaa52d8cbba1,28.872000000000003,odom_x,/odom,2.3245621366766485,0.5
1b9bac59-84b0-403e-aa0d-aaa52d8cbba1,28.911,odom_x,/odom,2.3300300279241988,0.5
1b9bac59-84b0-403e-aa0d-aaa52d8cbba1,28.944000000000003,odom_x,/odom,2.3354922625834593,0.5
1b9bac59-84b0-403e-aa0d-aaa52d8cbba1,28.98,odom_x,/odom,2.340951161630859,0.5
1b9bac59-84b0-403e-aa0d-aaa52d8cbba1,29.016000000000002,odom_x,/odom,2.3463465572488262,0.5
1b9bac59-84b0-403e-aa0d-aaa52d8cbba1,29.052000000000003,odom_x,/odom,2.351736229297278,0.5
1b9bac59-84b0-403e-aa0d-aaa52d8cbba1,29.088,odom_x,/odom,2.3571451593465147,0.5
1b9bac59-84b0-403e-aa0d-aaa52d8cbba1,29.124000000000002,odom_x,/odom,2.3624969951411163,0.5
1b9bac59-84b0-403e-aa0d-aaa52d8cbba1,29.16,odom_x,/odom,2.367887121526185,0.5
1b9bac59-84b0-403e-aa0d-aaa52d8cbba1,29.196,odom_x,/odom,2.3732919324104294,0.5
1b9bac59-84b0-403e-aa0d-aaa52d8cbba1,29.232000000000003,odom_x,/odom,2.3784900448079065,0.5
1b9bac59-84b0-403e-aa0d-aaa52d8cbba1,29.268,odom_x,/odom,2.3835646157125296,0.5
1b9bac59-84b0-403e-aa0d-aaa52d8cbba1,29.304000000000002,odom_x,/odom,2.3884946643822973,0.5
1b9bac59-84b0-403e-aa0d-aaa52d8cbba1,29.340000000000003,odom_x,/odom,2.393411367444662,0.5
1b9bac59-84b0-403e-aa0d-aaa52d8cbba1,29.376,odom_x,/odom,2.398342532532367,0.5
1b9bac59-84b0-403e-aa0d-aaa52d8cbba1,29.412000000000003,odom_x,/odom,2.4031713958973677,0.5
1b9bac59-84b0-403e-aa0d-aaa52d8cbba1,29.448,odom_x,/odom,2.4079781141465695,0.5
1b9bac59-84b0-403e-aa0d-aaa52d8cbba1,29.484,odom_x,/odom,2.4126659783133513,0.5
1b9bac59-84b0-403e-aa0d-aaa52d8cbba1,29.520000000000003,odom_x,/odom,2.4172476600333033,0.5
1b9bac59-84b0-403e-aa0d-aaa52d8cbba1,29.556,odom_x,/odom,2.421767411674073,0.5
1b9bac59-84b0-403e-aa0d-aaa52d8cbba1,29.592000000000002,odom_x,/odom,2.4262848865225117,0.5
1b9bac59-84b0-403e-aa0d-aaa52d8cbba1,29.628,odom_x,/odom,2.4308300866401105,0.5
1b9bac59-84b0-403e-aa0d-aaa52d8cbba1,29.664,odom_x,/odom,2.4353773866517767,0.5
1b9bac59-84b0-403e-aa0d-aaa52d8cbba1,29.700000000000003,odom_x,/odom,2.4399242734342965,0.5
1b9bac59-84b0-403e-aa0d-aaa52d8cbba1,29.736,odom_x,/odom,2.444587073770219,0.5
1b9bac59-84b0-403e-aa0d-aaa52d8cbba1,29.772000000000002,odom_x,/odom,2.4493238989872017,0.5
1b9bac59-84b0-403e-aa0d-aaa52d8cbba1,29.808000000000003,odom_x,/odom,2.454085034416219,0.5
1b9bac59-84b0-403e-aa0d-aaa52d8cbba1,29.844,odom_x,/odom,2.4588503498322067,0.5
1b9bac59-84b0-403e-aa0d-aaa52d8cbba1,29.880000000000003,odom_x,/odom,2.463649986328156,0.5
1b9bac59-84b0-403e-aa0d-aaa52d8cbba1,29.916,odom_x,/odom,2.4685173735582167,0.5
1b9bac59-84b0-403e-aa0d-aaa52d8cbba1,29.952,odom_x,/odom,2.473390061185001,0.5
1b9bac59-84b0-403e-aa0d-aaa52d8cbba1,29.988000000000003,odom_x,/odom,2.4782329760338304,0.5
1b9bac59-84b0-403e-aa0d-aaa52d8cbba1,30.024,odom_x,/odom,2.483081018576351,0.5
1b9bac59-84b0-403e-aa0d-aaa52d8cbba1,30.060000000000002,odom_x,/odom,2.4879099159674016,0.5
1b9bac59-84b0-403e-aa0d-aaa52d8cbba1,30.096000000000004,odom_x,/odom,2.492731933647307,0.5
1b9bac59-84b0-403e-aa0d-aaa52d8cbba1,30.132,odom_x,/odom,2.497549695646401,0.5
1b9bac59-84b0-403e-aa0d-aaa52d8cbba1,30.168000000000003,odom_x,/odom,2.50239895761093,0.5
1b9bac59-84b0-403e-aa0d-aaa52d8cbba1,30.204,odom_x,/odom,2.5072801394293274,0.5
1b9bac59-84b0-403e-aa0d-aaa52d8cbba1,30.240000000000002,odom_x,/odom,2.5121632022937184,0.5
1b9bac59-84b0-403e-aa0d-aaa52d8cbba1,30.276000000000003,odom_x,/odom,2.517032700469197,0.5
1b9bac59-84b0-403e-aa0d-aaa52d8cbba1,30.312,odom_x,/odom,2.521874267888052,0.5
1b9bac59-84b0-403e-aa0d-aaa52d8cbba1,30.348000000000003,odom_x,/odom,2.5267104325625924,0.5
1b9bac59-84b0-403e-aa0d-aaa52d8cbba1,30.384,odom_x,/odom,2.5314714292643283,0.5
1b9bac59-84b0-403e-aa0d-aaa52d8cbba1,30.42,odom_x,/odom,2.5361055446102125,0.5
1b9bac59-84b0-403e-aa0d-aaa52d8cbba1,30.456000000000003,odom_x,/odom,2.5406992942742037,0.5
1b9bac59-84b0-403e-aa0d-aaa52d8cbba1,30.492,odom_x,/odom,2.545293591039756,0.5
1b9bac59-84b0-403e-aa0d-aaa52d8cbba1,30.528000000000002,odom_x,/odom,2.5498382664089,0.5
1b9bac59-84b0-403e-aa0d-aaa52d8cbba1,30.564000000000004,odom_x,/odom,2.5543291124961756,0.5
1b9bac59-84b0-403e-aa0d-aaa52d8cbba1,30.6,odom_x,/odom,2.5588165768294333,0.5
1b9bac59-84b0-403e-aa0d-aaa52d8cbba1,30.636000000000003,odom_x,/odom,2.5633090562249405,0.5
1b9bac59-84b0-403e-aa0d-aaa52d8cbba1,30.672,odom_x,/odom,2.5677480405373445,0.5
1b9bac59-84b0-403e-aa0d-aaa52d8cbba1,30.708000000000002,odom_x,/odom,2.5721233208326058,0.5
1b9bac59-84b0-403e-aa0d-aaa52d8cbba1,30.744000000000003,odom_x,/odom,2.576480953524827,0.5
1b9bac59-84b0-403e-aa0d-aaa52d8cbba1,30.78,odom_x,/odom,2.5807996301688014,0.5
1b9bac59-84b0-403e-aa0d-aaa52d8cbba1,30.816000000000003,odom_x,/odom,2.5850663393788365,0.5
1b9bac59-84b0-403e-aa0d-aaa52d8cbba1,30.852,odom_x,/odom,2.589329509610693,0.5
1b9bac59-84b0-403e-aa0d-aaa52d8cbba1,30.888,odom_x,/odom,2.593586360250736,0.5
1b9bac59-84b0-403e-aa0d-aaa52d8cbba1,30.924000000000003,odom_x,/odom,2.597822781076274,0.5
1b9bac59-84b0-403e-aa0d-aaa52d8cbba1,30.96,odom_x,/odom,2.6020777877834282,0.5
1b9bac59-84b0-403e-aa0d-aaa52d8cbba1,30.996000000000002,odom_x,/odom,2.6063395274761536,0.5
1b9bac59-84b0-403e-aa0d-aaa52d8cbba1,31.032000000000004,odom_x,/odom,2.6105628041832407,0.5
1b9bac59-84b0-403e-aa0d-aaa52d8cbba1,31.068,odom_x,/odom,2.6146985507975486,0.5
1b9bac59-84b0-403e-aa0d-aaa52d8cbba1,31.104000000000003,odom_x,/odom,2.618810660411765,0.5
1b9bac59-84b0-403e-aa0d-aaa52d8cbba1,31.14,odom_x,/odom,2.6229230645325026,0.5
1b9bac59-84b0-403e-aa0d-aaa52d8cbba1,31.176000000000002,odom_x,/odom,2.626905151003433,0.5
1b9bac59-84b0-403e-aa0d-aaa52d8cbba1,31.212000000000003,odom_x,/odom,2.630891298098209,0.5
1b9bac59-84b0-403e-aa0d-aaa52d8cbba1,31.248,odom_x,/odom,2.63488131258642,0.5
1b9bac59-84b0-403e-aa0d-aaa52d8cbba1,31.284000000000002,odom_x,/odom,2.6388928445476343,0.5
1b9bac59-84b0-403e-aa0d-aaa52d8cbba1,31.32,odom_x,/odom,2.6429365505067235,0.5
1b9bac59-84b0-403e-aa0d-aaa52d8cbba1,31.356,odom_x,/odom,2.6469322721526085,0.5
1b9bac59-84b0-403e-aa0d-aaa52d8cbba1,31.392000000000003,odom_x,/odom,2.650922782507921,0.5
1b9bac59-84b0-403e-aa0d-aaa52d8cbba1,31.428,odom_x,/odom,2.6549142165798405,0.5
1b9bac59-84b0-403e-aa0d-aaa52d8cbba1,31.464000000000002,odom_x,/odom,2.658958538328126,0.5
1b9bac59-84b0-403e-aa0d-aaa52d8cbba1,31.500000000000004,odom_x,/odom,2.663007634153115,0.5
1b9bac59-84b0-403e-aa0d-aaa52d8cbba1,31.536,odom_x,/odom,2.666962541369171,0.5
1b9bac59-84b0-403e-aa0d-aaa52d8cbba1,31.572000000000003,odom_x,/odom,2.6709190741301088,0.5
1b9bac59-84b0-403e-aa0d-aaa52d8cbba1,31.611,odom_x,/odom,2.674915814327824,0.5
1b9bac59-84b0-403e-aa0d-aaa52d8cbba1,31.644000000000002,odom_x,/odom,2.678925289980434,0.5
1b9bac59-84b0-403e-aa0d-aaa52d8cbba1,31.680000000000003,odom_x,/odom,2.6828963199957254,0.5
1b9bac59-84b0-403e-aa0d-aaa52d8cbba1,31.716,odom_x,/odom,2.6867650300976753,0.5
1b9bac59-84b0-403e-aa0d-aaa52d8cbba1,31.752000000000002,odom_x,/odom,2.6906256064889527,0.5
1b9bac59-84b0-403e-aa0d-aaa52d8cbba1,31.788,odom_x,/odom,2.694402956859332,0.5
1b9bac59-84b0-403e-aa0d-aaa52d8cbba1,31.824,odom_x,/odom,2.6981366490299257,0.5
1b9bac59-84b0-403e-aa0d-aaa52d8cbba1,31.860000000000003,odom_x,/odom,2.701772090894822,0.5
1b9bac59-84b0-403e-aa0d-aaa52d8cbba1,31.896,odom_x,/odom,2.7053718922200796,0.5
1b9bac59-84b0-403e-aa0d-aaa52d8cbba1,31.932000000000002,odom_x,/odom,2.7089033399951226,0.5
1b9bac59-84b0-403e-aa0d-aaa52d8cbba1,31.968000000000004,odom_x,/odom,2.7123667242475915,0.5
1b9bac59-84b0-403e-aa0d-aaa52d8cbba1,32.004000000000005,odom_x,/odom,2.7159294246323444,0.5
1b9bac59-84b0-403e-aa0d-aaa52d8cbba1,32.04,odom_x,/odom,2.719504816926565,0.5
1b9bac59-84b0-403e-aa0d-aaa52d8cbba1,32.076,odom_x,/odom,2.722965608253572,0.5
1b9bac59-84b0-403e-aa0d-aaa52d8cbba1,32.112,odom_x,/odom,2.7264135950589528,0.5
1b9bac59-84b0-403e-aa0d-aaa52d8cbba1,32.148,odom_x,/odom,2.729861447518079,0.5
1b9bac59-84b0-403e-aa0d-aaa52d8cbba1,32.184000000000005,odom_x,/odom,2.7332642674349183,0.5
1b9bac59-84b0-403e-aa0d-aaa52d8cbba1,32.22,odom_x,/odom,2.7365548883830235,0.5
1b9bac59-84b0-403e-aa0d-aaa52d8cbba1,32.256,odom_x,/odom,2.7398386506124854,0.5
1b9bac59-84b0-403e-aa0d-aaa52d8cbba1,32.292,odom_x,/odom,2.74312548475217,0.5
1b9bac59-84b0-403e-aa0d-aaa52d8cbba1,32.328,odom_x,/odom,2.746368668276199,0.5
1b9bac59-84b0-403e-aa0d-aaa52d8cbba1,32.364000000000004,odom_x,/odom,2.749606306991871,0.5
1b9bac59-84b0-403e-aa0d-aaa52d8cbba1,32.4,odom_x,/odom,2.7528454489602745,0.5
1b9bac59-84b0-403e-aa0d-aaa52d8cbba1,32.436,odom_x,/odom,2.755873691448218,0.5
1b9bac59-84b0-403e-aa0d-aaa52d8cbba1,32.472,odom_x,/odom,2.758836953241501,0.5
1b9bac59-84b0-403e-aa0d-aaa52d8cbba1,32.511,odom_x,/odom,2.7613891913850126,0.5
1b9bac59-84b0-403e-aa0d-aaa52d8cbba1,32.544000000000004,odom_x,/odom,2.762672731198601,0.5
1b9bac59-84b0-403e-aa0d-aaa52d8cbba1,32.580000000000005,odom_x,/odom,2.7628286162852085,0.5
1b9bac59-84b0-403e-aa0d-aaa52d8cbba1,32.616,odom_x,/odom,2.7628286162852085,0.5
1b9bac59-84b0-403e-aa0d-aaa52d8cbba1,32.652,odom_x,/odom,2.7628286162852085,0.5
1b9bac59-84b0-403e-aa0d-aaa52d8cbba1,32.688,odom_x,/odom,2.7628286162852085,0.5
1b9bac59-84b0-403e-aa0d-aaa52d8cbba1,32.724000000000004,odom_x,/odom,2.7628286162852085,0.5
1b9bac59-84b0-403e-aa0d-aaa52d8cbba1,32.760000000000005,odom_x,/odom,2.7628286162852085,0.5
1b9bac59-84b0-403e-aa0d-aaa52d8cbba1,32.796,odom_x,/odom,2.7628286162852085,0.5
1b9bac59-84b0-403e-aa0d-aaa52d8cbba1,32.832,odom_x,/odom,2.7628286162852085,0.5
1b9bac59-84b0-403e-aa0d-aaa52d8cbba1,32.868,odom_x,/odom,2.7628286162852085,0.5
1b9bac59-84b0-403e-aa0d-aaa52d8cbba1,32.904,odom_x,/odom,2.7628286162852085,0.5
1b9bac59-84b0-403e-aa0d-aaa52d8cbba1,32.940000000000005,odom_x,/odom,2.7628286162852085,0.5
1b9bac59-84b0-403e-aa0d-aaa52d8cbba1,32.976,odom_x,/odom,2.7628286162852085,0.5
1b9bac59-84b0-403e-aa0d-aaa52d8cbba1,33.012,odom_x,/odom,2.7628286162852085,0.5
1b9bac59-84b0-403e-aa0d-aaa52d8cbba1,33.048,odom_x,/odom,2.7628286162852085,0.5
1b9bac59-84b0-403e-aa0d-aaa52d8cbba1,33.084,odom_x,/odom,2.7628286162852085,0.5
1b9bac59-84b0-403e-aa0d-aaa52d8cbba1,33.120000000000005,odom_x,/odom,2.7628286162852085,0.5
1b9bac59-84b0-403e-aa0d-aaa52d8cbba1,33.156,odom_x,/odom,2.7628286162852085,0.5
1b9bac59-84b0-403e-aa0d-aaa52d8cbba1,33.192,odom_x,/odom,2.7628286162852085,0.5
1b9bac59-84b0-403e-aa0d-aaa52d8cbba1,33.228,odom_x,/odom,2.7628286162852085,0.5
1b9bac59-84b0-403e-aa0d-aaa52d8cbba1,13.176,odom_y,/odom,3.322722480791642e-16,0.5
1b9bac59-84b0-403e-aa0d-aaa52d8cbba1,13.212000000000002,odom_y,/odom,3.3227224807916517e-16,0.5
1b9bac59-84b0-403e-aa0d-aaa52d8cbba1,13.248000000000001,odom_y,/odom,3.3227224807916443e-16,0.5
1b9bac59-84b0-403e-aa0d-aaa52d8cbba1,13.284,odom_y,/odom,3.3227224807916443e-16,0.5
1b9bac59-84b0-403e-aa0d-aaa52d8cbba1,13.32,odom_y,/odom,3.322722480791635e-16,0.5
1b9bac59-84b0-403e-aa0d-aaa52d8cbba1,13.356000000000002,odom_y,/odom,3.322722480791628e-16,0.5
1b9bac59-84b0-403e-aa0d-aaa52d8cbba1,13.392000000000001,odom_y,/odom,3.322722480791629e-16,0.5
1b9bac59-84b0-403e-aa0d-aaa52d8cbba1,13.428,odom_y,/odom,3.322722480791622e-16,0.5
1b9bac59-84b0-403e-aa0d-aaa52d8cbba1,13.464,odom_y,/odom,3.3227224807916123e-16,0.5
1b9bac59-84b0-403e-aa0d-aaa52d8cbba1,13.5,odom_y,/odom,3.3227224807916093e-16,0.5
1b9bac59-84b0-403e-aa0d-aaa52d8cbba1,13.536000000000001,odom_y,/odom,3.322722480791611e-16,0.5
1b9bac59-84b0-403e-aa0d-aaa52d8cbba1,13.572000000000001,odom_y,/odom,3.322722480791599e-16,0.5
1b9bac59-84b0-403e-aa0d-aaa52d8cbba1,13.611,odom_y,/odom,3.3227224807915985e-16,0.5
1b9bac59-84b0-403e-aa0d-aaa52d8cbba1,13.644,odom_y,/odom,3.32272248079158e-16,0.5
1b9bac59-84b0-403e-aa0d-aaa52d8cbba1,13.680000000000001,odom_y,/odom,3.3227224807915866e-16,0.5
1b9bac59-84b0-403e-aa0d-aaa52d8cbba1,13.716000000000001,odom_y,/odom,3.322722480791576e-16,0.5
1b9bac59-84b0-403e-aa0d-aaa52d8cbba1,13.752,odom_y,/odom,3.3227224807915807e-16,0.5
1b9bac59-84b0-403e-aa0d-aaa52d8cbba1,13.788,odom_y,/odom,3.322722480791567e-16,0.5
1b9bac59-84b0-403e-aa0d-aaa52d8cbba1,13.824000000000002,odom_y,/odom,3.322722480791554e-16,0.5
1b9bac59-84b0-403e-aa0d-aaa52d8cbba1,13.860000000000001,odom_y,/odom,3.3227224807915536e-16,0.5
1b9bac59-84b0-403e-aa0d-aaa52d8cbba1,13.896,odom_y,/odom,3.322722480791545e-16,0.5
1b9bac59-84b0-403e-aa0d-aaa52d8cbba1,13.932,odom_y,/odom,3.32272248079153e-16,0.5
1b9bac59-84b0-403e-aa0d-aaa52d8cbba1,13.968000000000002,odom_y,/odom,3.3227224807915176e-16,0.5
1b9bac59-84b0-403e-aa0d-aaa52d8cbba1,14.004000000000001,odom_y,/odom,3.3227224807915014e-16,0.5
1b9bac59-84b0-403e-aa0d-aaa52d8cbba1,14.040000000000001,odom_y,/odom,3.322722480791503e-16,0.5
1b9bac59-84b0-403e-aa0d-aaa52d8cbba1,14.076,odom_y,/odom,3.322722480791501e-16,0.5
1b9bac59-84b0-403e-aa0d-aaa52d8cbba1,14.112,odom_y,/odom,3.3227224807915e-16,0.5
1b9bac59-84b0-403e-aa0d-aaa52d8cbba1,14.148000000000001,odom_y,/odom,3.32272248079149e-16,0.5
1b9bac59-84b0-403e-aa0d-aaa52d8cbba1,14.184000000000001,odom_y,/odom,3.322722480791474e-16,0.5
1b9bac59-84b0-403e-aa0d-aaa52d8cbba1,14.22,odom_y,/odom,3.322722480791463e-16,0.5
1b9bac59-84b0-403e-aa0d-aaa52d8cbba1,14.256,odom_y,/odom,3.322722480791457e-16,0.5
1b9bac59-84b0-403e-aa0d-aaa52d8cbba1,14.292000000000002,odom_y,/odom,3.32272248079145e-16,0.5
1b9bac59-84b0-403e-aa0d-aaa52d8cbba1,14.328000000000001,odom_y,/odom,3.3227224807914343e-16,0.5
1b9bac59-84b0-403e-aa0d-aaa52d8cbba1,14.364,odom_y,/odom,3.3227224807914294e-16,0.5
1b9bac59-84b0-403e-aa0d-aaa52d8cbba1,14.4,odom_y,/odom,3.3227224807914205e-16,0.5
1b9bac59-84b0-403e-aa0d-aaa52d8cbba1,14.436000000000002,odom_y,/odom,3.3227224807914146e-16,0.5
1b9bac59-84b0-403e-aa0d-aaa52d8cbba1,14.472000000000001,odom_y,/odom,3.322722480791406e-16,0.5
1b9bac59-84b0-403e-aa0d-aaa52d8cbba1,14.511000000000001,odom_y,/odom,3.3227224807913884e-16,0.5
1b9bac59-84b0-403e-aa0d-aaa52d8cbba1,14.544,odom_y,/odom,3.3227224807913934e-16,0.5
1b9bac59-84b0-403e-aa0d-aaa52d8cbba1,14.58,odom_y,/odom,3.322722480791386e-16,0.5
1b9bac59-84b0-403e-aa0d-aaa52d8cbba1,14.616000000000001,odom_y,/odom,3.3227224807913845e-16,0.5
1b9bac59-84b0-403e-aa0d-aaa52d8cbba1,14.652000000000001,odom_y,/odom,3.3227224807913806e-16,0.5
1b9bac59-84b0-403e-aa0d-aaa52d8cbba1,14.688,odom_y,/odom,3.322722480791394e-16,0.5
1b9bac59-84b0-403e-aa0d-aaa52d8cbba1,14.724,odom_y,/odom,3.322722480791392e-16,0.5
1b9bac59-84b0-403e-aa0d-aaa52d8cbba1,14.760000000000002,odom_y,/odom,3.322722480791369e-16,0.5
1b9bac59-84b0-403e-aa0d-aaa52d8cbba1,14.796000000000001,odom_y,/odom,3.3227224807913436e-16,0.5
1b9bac59-84b0-403e-aa0d-aaa52d8cbba1,14.832,odom_y,/odom,5.403661244556698e-08,0.5
1b9bac59-84b0-403e-aa0d-aaa52d8cbba1,14.868,odom_y,/odom,5.809476613964787e-07,0.5
1b9bac59-84b0-403e-aa0d-aaa52d8cbba1,14.904000000000002,odom_y,/odom,1.4356992177983987e-06,0.5
1b9bac59-84b0-403e-aa0d-aaa52d8cbba1,14.940000000000001,odom_y,/odom,2.2514960986152696e-07,0.5
1b9bac59-84b0-403e-aa0d-aaa52d8cbba1,14.976,odom_y,/odom,-5.158186131857223e-06,0.5
1b9bac59-84b0-403e-aa0d-aaa52d8cbba1,15.012,odom_y,/odom,-1.87963878512278e-05,0.5
1b9bac59-84b0-403e-aa0d-aaa52d8cbba1,15.048000000000002,odom_y,/odom,-4.193987155857957e-05,0.5
1b9bac59-84b0-403e-aa0d-aaa52d8cbba1,15.084000000000001,odom_y,/odom,-7.542078818492054e-05,0.5
1b9bac59-84b0-403e-aa0d-aaa52d8cbba1,15.120000000000001,odom_y,/odom,-0.00011777407752348665,0.5
1b9bac59-84b0-403e-aa0d-aaa52d8cbba1,15.156,odom_y,/odom,-0.00016863483549077075,0.5
1b9bac59-84b0-403e-aa0d-aaa52d8cbba1,15.192,odom_y,/odom,-0.0002263707118896732,0.5
1b9bac59-84b0-403e-aa0d-aaa52d8cbba1,15.228000000000002,odom_y,/odom,-0.000290447500680438,0.5
1b9bac59-84b0-403e-aa0d-aaa52d8cbba1,15.264000000000001,odom_y,/odom,-0.0003632512915945168,0.5
1b9bac59-84b0-403e-aa0d-aaa52d8cbba1,15.3,odom_y,/odom,-0.00044314391993541323,0.5
1b9bac59-84b0-403e-aa0d-aaa52d8cbba1,15.336,odom_y,/odom,-0.0005290427324123319,0.5
1b9bac59-84b0-403e-aa0d-aaa52d8cbba1,15.372000000000002,odom_y,/odom,-0.0006236451739215967,0.5
1b9bac59-84b0-403e-aa0d-aaa52d8cbba1,15.411000000000001,odom_y,/odom,-0.0007254225568239621,0.5
1b9bac59-84b0-403e-aa0d-aaa52d8cbba1,15.444,odom_y,/odom,-0.0008347620440523868,0.5
1b9bac59-84b0-403e-aa0d-aaa52d8cbba1,15.48,odom_y,/odom,-0.0009533792751845548,0.5
1b9bac59-84b0-403e-aa0d-aaa52d8cbba1,15.516000000000002,odom_y,/odom,-0.0010814903107943749,0.5
1b9bac59-84b0-403e-aa0d-aaa52d8cbba1,15.552000000000001,odom_y,/odom,-0.0012173455578407082,0.5
1b9bac59-84b0-403e-aa0d-aaa52d8cbba1,15.588000000000001,odom_y,/odom,-0.001359250435720481,0.5
1b9bac59-84b0-403e-aa0d-aaa52d8cbba1,15.624,odom_y,/odom,-0.0015092341649067067,0.5
1b9bac59-84b0-403e-aa0d-aaa52d8cbba1,15.66,odom_y,/odom,-0.0016680927983502734,0.5
1b9bac59-84b0-403e-aa0d-aaa52d8cbba1,15.696000000000002,odom_y,/odom,-0.0018355126957895526,0.5
1b9bac59-84b0-403e-aa0d-aaa52d8cbba1,15.732000000000001,odom_y,/odom,-0.0020106416839225896,0.5
1b9bac59-84b0-403e-aa0d-aaa52d8cbba1,15.768,odom_y,/odom,-0.002196462837579744,0.5
1b9bac59-84b0-403e-aa0d-aaa52d8cbba1,15.804,odom_y,/odom,-0.0023820960586103603,0.5
1b9bac59-84b0-403e-aa0d-aaa52d8cbba1,15.840000000000002,odom_y,/odom,-0.00257425593335198,0.5
1b9bac59-84b0-403e-aa0d-aaa52d8cbba1,15.876000000000001,odom_y,/odom,-0.0027827501786376945,0.5
1b9bac59-84b0-403e-aa0d-aaa52d8cbba1,15.912,odom_y,/odom,-0.0029986182368469567,0.5
1b9bac59-84b0-403e-aa0d-aaa52d8cbba1,15.948,odom_y,/odom,-0.0032230377207957484,0.5
1b9bac59-84b0-403e-aa0d-aaa52d8cbba1,15.984000000000002,odom_y,/odom,-0.0034534354185345286,0.5
1b9bac59-84b0-403e-aa0d-aaa52d8cbba1,16.02,odom_y,/odom,-0.00369013861042899,0.5
1b9bac59-84b0-403e-aa0d-aaa52d8cbba1,16.056,odom_y,/odom,-0.003938194611640595,0.5
1b9bac59-84b0-403e-aa0d-aaa52d8cbba1,16.092000000000002,odom_y,/odom,-0.0041939067983461885,0.5
1b9bac59-84b0-403e-aa0d-aaa52d8cbba1,16.128,odom_y,/odom,-0.004459713246800827,0.5
1b9bac59-84b0-403e-aa0d-aaa52d8cbba1,16.164,odom_y,/odom,-0.004736898415763323,0.5
1b9bac59-84b0-403e-aa0d-aaa52d8cbba1,16.2,odom_y,/odom,-0.005020153322811732,0.5
1b9bac59-84b0-403e-aa0d-aaa52d8cbba1,16.236,odom_y,/odom,-0.005303605127041855,0.5
1b9bac59-84b0-403e-aa0d-aaa52d8cbba1,16.272000000000002,odom_y,/odom,-0.005594374790538434,0.5
1b9bac59-84b0-403e-aa0d-aaa52d8cbba1,16.311,odom_y,/odom,-0.005895372651322255,0.5
1b9bac59-84b0-403e-aa0d-aaa52d8cbba1,16.344,odom_y,/odom,-0.0062033231037742515,0.5
1b9bac59-84b0-403e-aa0d-aaa52d8cbba1,16.380000000000003,odom_y,/odom,-0.00652202258529939,0.5
1b9bac59-84b0-403e-aa0d-aaa52d8cbba1,16.416,odom_y,/odom,-0.006846174069274847,0.5
1b9bac59-84b0-403e-aa0d-aaa52d8cbba1,16.452,odom_y,/odom,-0.00717689503777181,0.5
1b9bac59-84b0-403e-aa0d-aaa52d8cbba1,16.488,odom_y,/odom,-0.007516124289327218,0.5
1b9bac59-84b0-403e-aa0d-aaa52d8cbba1,16.524,odom_y,/odom,-0.007870858599219488,0.5
1b9bac59-84b0-403e-aa0d-aaa52d8cbba1,16.560000000000002,odom_y,/odom,-0.008239896408734397,0.5
1b9bac59-84b0-403e-aa0d-aaa52d8cbba1,16.596,odom_y,/odom,-0.00861808209623712,0.5
1b9bac59-84b0-403e-aa0d-aaa52d8cbba1,16.632,odom_y,/odom,-0.00899909697598982,0.5
1b9bac59-84b0-403e-aa0d-aaa52d8cbba1,16.668000000000003,odom_y,/odom,-0.009386115086189806,0.5
1b9bac59-84b0-403e-aa0d-aaa52d8cbba1,16.704,odom_y,/odom,-0.009782156104434975,0.5
1b9bac59-84b0-403e-aa0d-aaa52d8cbba1,16.740000000000002,odom_y,/odom,-0.0101841575521711,0.5
1b9bac59-84b0-403e-aa0d-aaa52d8cbba1,16.776,odom_y,/odom,-0.01058939167279343,0.5
1b9bac59-84b0-403e-aa0d-aaa52d8cbba1,16.812,odom_y,/odom,-0.010995388792765317,0.5
1b9bac59-84b0-403e-aa0d-aaa52d8cbba1,16.848000000000003,odom_y,/odom,-0.011405947462412544,0.5
1b9bac59-84b0-403e-aa0d-aaa52d8cbba1,16.884,odom_y,/odom,-0.011826808772842638,0.5
1b9bac59-84b0-403e-aa0d-aaa52d8cbba1,16.92,odom_y,/odom,-0.012253603199774492,0.5
1b9bac59-84b0-403e-aa0d-aaa52d8cbba1,16.956,odom_y,/odom,-0.012690988694211685,0.5
1b9bac59-84b0-403e-aa0d-aaa52d8cbba1,16.992,odom_y,/odom,-0.013133425158385134,0.5
1b9bac59-84b0-403e-aa0d-aaa52d8cbba1,17.028000000000002,odom_y,/odom,-0.01358692684093125,0.5
1b9bac59-84b0-403e-aa0d-aaa52d8cbba1,17.064,odom_y,/odom,-0.014049103706629158,0.5
1b9bac59-84b0-403e-aa0d-aaa52d8cbba1,17.1,odom_y,/odom,-0.014514399067562368,0.5
1b9bac59-84b0-403e-aa0d-aaa52d8cbba1,17.136000000000003,odom_y,/odom,-0.014983503190429235,0.5
1b9bac59-84b0-403e-aa0d-aaa52d8cbba1,17.172,odom_y,/odom,-0.01544354757990931,0.5
1b9bac59-84b0-403e-aa0d-aaa52d8cbba1,17.211000000000002,odom_y,/odom,-0.01591106280764848,0.5
1b9bac59-84b0-403e-aa0d-aaa52d8cbba1,17.244,odom_y,/odom,-0.016384315109066877,0.5
1b9bac59-84b0-403e-aa0d-aaa52d8cbba1,17.28,odom_y,/odom,-0.016858991806603277,0.5
1b9bac59-84b0-403e-aa0d-aaa52d8cbba1,17.316000000000003,odom_y,/odom,-0.01733765613464922,0.5
1b9bac59-84b0-403e-aa0d-aaa52d8cbba1,17.352,odom_y,/odom,-0.017820224752368302,0.5
1b9bac59-84b0-403e-aa0d-aaa52d8cbba1,17.388,odom_y,/odom,-0.01830573189884749,0.5
1b9bac59-84b0-403e-aa0d-aaa52d8cbba1,17.424,odom_y,/odom,-0.018812717666811283,0.5
1b9bac59-84b0-403e-aa0d-aaa52d8cbba1,17.46,odom_y,/odom,-0.019329831730566988,0.5
1b9bac59-84b0-403e-aa0d-aaa52d8cbba1,17.496000000000002,odom_y,/odom,-0.019849467694102573,0.5
1b9bac59-84b0-403e-aa0d-aaa52d8cbba1,17.532,odom_y,/odom,-0.020385555007313823,0.5
1b9bac59-84b0-403e-aa0d-aaa52d8cbba1,17.568,odom_y,/odom,-0.020945277774645547,0.5
1b9bac59-84b0-403e-aa0d-aaa52d8cbba1,17.604000000000003,odom_y,/odom,-0.021520887100793844,0.5
1b9bac59-84b0-403e-aa0d-aaa52d8cbba1,17.64,odom_y,/odom,-0.022100548055338443,0.5
1b9bac59-84b0-403e-aa0d-aaa52d8cbba1,17.676000000000002,odom_y,/odom,-0.022677649308115746,0.5
1b9bac59-84b0-403e-aa0d-aaa52d8cbba1,17.712,odom_y,/odom,-0.023250312500978084,0.5
1b9bac59-84b0-403e-aa0d-aaa52d8cbba1,17.748,odom_y,/odom,-0.023825330514922572,0.5
1b9bac59-84b0-403e-aa0d-aaa52d8cbba1,17.784000000000002,odom_y,/odom,-0.02439236042145972,0.5
1b9bac59-84b0-403e-aa0d-aaa52d8cbba1,17.82,odom_y,/odom,-0.024957507074483548,0.5
1b9bac59-84b0-403e-aa0d-aaa52d8cbba1,17.856,odom_y,/odom,-0.025532117495015386,0.5
1b9bac59-84b0-403e-aa0d-aaa52d8cbba1,17.892,odom_y,/odom,-0.026110117351179386,0.5
1b9bac59-84b0-403e-aa0d-aaa52d8cbba1,17.928,odom_y,/odom,-0.026691793018444897,0.5
1b9bac59-84b0-403e-aa0d-aaa52d8cbba1,17.964000000000002,odom_y,/odom,-0.027268083650087527,0.5
1b9bac59-84b0-403e-aa0d-aaa52d8cbba1,18.0,odom_y,/odom,-0.02784264171998794,0.5
1b9bac59-84b0-403e-aa0d-aaa52d8cbba1,18.036,odom_y,/odom,-0.028430295145976454,0.5
1b9bac59-84b0-403e-aa0d-aaa52d8cbba1,18.072000000000003,odom_y,/odom,-0.02900537399478957,0.5
1b9bac59-84b0-403e-aa0d-aaa52d8cbba1,18.111,odom_y,/odom,-0.029580330500707755,0.5
1b9bac59-84b0-403e-aa0d-aaa52d8cbba1,18.144000000000002,odom_y,/odom,-0.030152044870204262,0.5
1b9bac59-84b0-403e-aa0d-aaa52d8cbba1,18.18,odom_y,/odom,-0.030712585409394193,0.5
1b9bac59-84b0-403e-aa0d-aaa52d8cbba1,18.216,odom_y,/odom,-0.03127982801814453,0.5
1b9bac59-84b0-403e-aa0d-aaa52d8cbba1,18.252000000000002,odom_y,/odom,-0.03184497495343505,0.5
1b9bac59-84b0-403e-aa0d-aaa52d8cbba1,18.288,odom_y,/odom,-0.032414609406662735,0.5
1b9bac59-84b0-403e-aa0d-aaa52d8cbba1,18.324,odom_y,/odom,-0.03298888954518911,0.5
1b9bac59-84b0-403e-aa0d-aaa52d8cbba1,18.36,odom_y,/odom,-0.03356500565294079,0.5
1b9bac59-84b0-403e-aa0d-aaa52d8cbba1,18.396,odom_y,/odom,-0.03413957644281419,0.5
1b9bac59-84b0-403e-aa0d-aaa52d8cbba1,18.432000000000002,odom_y,/odom,-0.03471747242523268,0.5
1b9bac59-84b0-403e-aa0d-aaa52d8cbba1,18.468,odom_y,/odom,-0.03529723932222391,0.5
1b9bac59-84b0-403e-aa0d-aaa52d8cbba1,18.504,odom_y,/odom,-0.03586416850474848,0.5
1b9bac59-84b0-403e-aa0d-aaa52d8cbba1,18.540000000000003,odom_y,/odom,-0.03642790559877681,0.5
1b9bac59-84b0-403e-aa0d-aaa52d8cbba1,18.576,odom_y,/odom,-0.03697300645220118,0.5
1b9bac59-84b0-403e-aa0d-aaa52d8cbba1,18.612000000000002,odom_y,/odom,-0.037505718716586,0.5
1b9bac59-84b0-403e-aa0d-aaa52d8cbba1,18.648,odom_y,/odom,-0.038034307713642905,0.5
1b9bac59-84b0-403e-aa0d-aaa52d8cbba1,18.684,odom_y,/odom,-0.03857077750272514,0.5
1b9bac59-84b0-403e-aa0d-aaa52d8cbba1,18.720000000000002,odom_y,/odom,-0.03911748494237348,0.5
1b9bac59-84b0-403e-aa0d-aaa52d8cbba1,18.756,odom_y,/odom,-0.039659176120406814,0.5
1b9bac59-84b0-403e-aa0d-aaa52d8cbba1,18.792,odom_y,/odom,-0.040196941725813146,0.5
1b9bac59-84b0-403e-aa0d-aaa52d8cbba1,18.828,odom_y,/odom,-0.040726502012831386,0.5
1b9bac59-84b0-403e-aa0d-aaa52d8cbba1,18.864,odom_y,/odom,-0.04125724783045182,0.5
1b9bac59-84b0-403e-aa0d-aaa52d8cbba1,18.900000000000002,odom_y,/odom,-0.04178575756722439,0.5
1b9bac59-84b0-403e-aa0d-aaa52d8cbba1,18.936,odom_y,/odom,-0.042306447404071156,0.5
1b9bac59-84b0-403e-aa0d-aaa52d8cbba1,18.972,odom_y,/odom,-0.0428159062109013,0.5
1b9bac59-84b0-403e-aa0d-aaa52d8cbba1,19.008000000000003,odom_y,/odom,-0.04332358382281964,0.5
1b9bac59-84b0-403e-aa0d-aaa52d8cbba1,19.044,odom_y,/odom,-0.04382564610284829,0.5
1b9bac59-84b0-403e-aa0d-aaa52d8cbba1,19.080000000000002,odom_y,/odom,-0.044318015736698316,0.5
1b9bac59-84b0-403e-aa0d-aaa52d8cbba1,19.116,odom_y,/odom,-0.04480555590149096,0.5
1b9bac59-84b0-403e-aa0d-aaa52d8cbba1,19.152,odom_y,/odom,-0.04528809499598821,0.5
1b9bac59-84b0-403e-aa0d-aaa52d8cbba1,19.188000000000002,odom_y,/odom,-0.04576632351613047,0.5
1b9bac59-84b0-403e-aa0d-aaa52d8cbba1,19.224,odom_y,/odom,-0.04624231932464565,0.5
1b9bac59-84b0-403e-aa0d-aaa52d8cbba1,19.26,odom_y,/odom,-0.046709995828675785,0.5
1b9bac59-84b0-403e-aa0d-aaa52d8cbba1,19.296000000000003,odom_y,/odom,-0.047170816407307116,0.5
1b9bac59-84b0-403e-aa0d-aaa52d8cbba1,19.332,odom_y,/odom,-0.047614527881844684,0.5
1b9bac59-84b0-403e-aa0d-aaa52d8cbba1,19.368000000000002,odom_y,/odom,-0.048044775908530596,0.5
1b9bac59-84b0-403e-aa0d-aaa52d8cbba1,19.404,odom_y,/odom,-0.04847190166294938,0.5
1b9bac59-84b0-403e-aa0d-aaa52d8cbba1,19.44,odom_y,/odom,-0.048891454701504335,0.5
1b9bac59-84b0-403e-aa0d-aaa52d8cbba1,19.476000000000003,odom_y,/odom,-0.04929608268259525,0.5
1b9bac59-84b0-403e-aa0d-aaa52d8cbba1,19.512,odom_y,/odom,-0.04969952319784477,0.5
1b9bac59-84b0-403e-aa0d-aaa52d8cbba1,19.548000000000002,odom_y,/odom,-0.05009553033361561,0.5
1b9bac59-84b0-403e-aa0d-aaa52d8cbba1,19.584,odom_y,/odom,-0.05048488651290737,0.5
1b9bac59-84b0-403e-aa0d-aaa52d8cbba1,19.62,odom_y,/odom,-0.05087057042089236,0.5
1b9bac59-84b0-403e-aa0d-aaa52d8cbba1,19.656000000000002,odom_y,/odom,-0.051248482044996775,0.5
1b9bac59-84b0-403e-aa0d-aaa52d8cbba1,19.692,odom_y,/odom,-0.051619819938569525,0.5
1b9bac59-84b0-403e-aa0d-aaa52d8cbba1,19.728,odom_y,/odom,-0.051986466998758765,0.5
1b9bac59-84b0-403e-aa0d-aaa52d8cbba1,19.764000000000003,odom_y,/odom,-0.05234463342752837,0.5
1b9bac59-84b0-403e-aa0d-aaa52d8cbba1,19.8,odom_y,/odom,-0.05269640013009965,0.5
1b9bac59-84b0-403e-aa0d-aaa52d8cbba1,19.836000000000002,odom_y,/odom,-0.05303857229251363,0.5
1b9bac59-84b0-403e-aa0d-aaa52d8cbba1,19.872,odom_y,/odom,-0.053367697183721814,0.5
1b9bac59-84b0-403e-aa0d-aaa52d8cbba1,19.911,odom_y,/odom,-0.05368995024218497,0.5
1b9bac59-84b0-403e-aa0d-aaa52d8cbba1,19.944000000000003,odom_y,/odom,-0.054005972724394995,0.5
1b9bac59-84b0-403e-aa0d-aaa52d8cbba1,19.98,odom_y,/odom,-0.054317867745311166,0.5
1b9bac59-84b0-403e-aa0d-aaa52d8cbba1,20.016000000000002,odom_y,/odom,-0.05462214105912595,0.5
1b9bac59-84b0-403e-aa0d-aaa52d8cbba1,20.052,odom_y,/odom,-0.05492208760331767,0.5
1b9bac59-84b0-403e-aa0d-aaa52d8cbba1,20.088,odom_y,/odom,-0.055228669693738505,0.5
1b9bac59-84b0-403e-aa0d-aaa52d8cbba1,20.124000000000002,odom_y,/odom,-0.055535434483182315,0.5
1b9bac59-84b0-403e-aa0d-aaa52d8cbba1,20.16,odom_y,/odom,-0.05583689843716187,0.5
1b9bac59-84b0-403e-aa0d-aaa52d8cbba1,20.196,odom_y,/odom,-0.056132667816641675,0.5
1b9bac59-84b0-403e-aa0d-aaa52d8cbba1,20.232000000000003,odom_y,/odom,-0.056425079645306866,0.5
1b9bac59-84b0-403e-aa0d-aaa52d8cbba1,20.268,odom_y,/odom,-0.05671313567036035,0.5
1b9bac59-84b0-403e-aa0d-aaa52d8cbba1,20.304000000000002,odom_y,/odom,-0.05699622306177242,0.5
1b9bac59-84b0-403e-aa0d-aaa52d8cbba1,20.34,odom_y,/odom,-0.05727490368872133,0.5
1b9bac59-84b0-403e-aa0d-aaa52d8cbba1,20.376,odom_y,/odom,-0.05754671622461349,0.5
1b9bac59-84b0-403e-aa0d-aaa52d8cbba1,20.412000000000003,odom_y,/odom,-0.05781425518564403,0.5
1b9bac59-84b0-403e-aa0d-aaa52d8cbba1,20.448,odom_y,/odom,-0.05807611966547167,0.5
1b9bac59-84b0-403e-aa0d-aaa52d8cbba1,20.484,odom_y,/odom,-0.058326085634348906,0.5
1b9bac59-84b0-403e-aa0d-aaa52d8cbba1,20.52,odom_y,/odom,-0.05856720302667678,0.5
1b9bac59-84b0-403e-aa0d-aaa52d8cbba1,20.556,odom_y,/odom,-0.05880307297874525,0.5
1b9bac59-84b0-403e-aa0d-aaa52d8cbba1,20.592000000000002,odom_y,/odom,-0.05903493341887328,0.5
1b9bac59-84b0-403e-aa0d-aaa52d8cbba1,20.628,odom_y,/odom,-0.05926405843178385,0.5
1b9bac59-84b0-403e-aa0d-aaa52d8cbba1,20.664,odom_y,/odom,-0.05949583663540773,0.5
1b9bac59-84b0-403e-aa0d-aaa52d8cbba1,20.700000000000003,odom_y,/odom,-0.0597257649617869,0.5
1b9bac59-84b0-403e-aa0d-aaa52d8cbba1,20.736,odom_y,/odom,-0.059942287851856006,0.5
1b9bac59-84b0-403e-aa0d-aaa52d8cbba1,20.772000000000002,odom_y,/odom,-0.06015277105472191,0.5
1b9bac59-84b0-403e-aa0d-aaa52d8cbba1,20.808,odom_y,/odom,-0.06035710514856794,0.5
1b9bac59-84b0-403e-aa0d-aaa52d8cbba1,20.844,odom_y,/odom,-0.060558171311713774,0.5
1b9bac59-84b0-403e-aa0d-aaa52d8cbba1,20.880000000000003,odom_y,/odom,-0.060762285477802915,0.5
1b9bac59-84b0-403e-aa0d-aaa52d8cbba1,20.916,odom_y,/odom,-0.06096769871370313,0.5
1b9bac59-84b0-403e-aa0d-aaa52d8cbba1,20.952,odom_y,/odom,-0.061170415720151874,0.5
1b9bac59-84b0-403e-aa0d-aaa52d8cbba1,20.988,odom_y,/odom,-0.06136937471144458,0.5
1b9bac59-84b0-403e-aa0d-aaa52d8cbba1,21.024,odom_y,/odom,-0.061564928681232874,0.5
1b9bac59-84b0-403e-aa0d-aaa52d8cbba1,21.060000000000002,odom_y,/odom,-0.06175346042722735,0.5
1b9bac59-84b0-403e-aa0d-aaa52d8cbba1,21.096,odom_y,/odom,-0.061936431251241,0.5
1b9bac59-84b0-403e-aa0d-aaa52d8cbba1,21.132,odom_y,/odom,-0.062116258559354015,0.5
1b9bac59-84b0-403e-aa0d-aaa52d8cbba1,21.168000000000003,odom_y,/odom,-0.06228807391829765,0.5
1b9bac59-84b0-403e-aa0d-aaa52d8cbba1,21.204,odom_y,/odom,-0.0624523347498576,0.5
1b9bac59-84b0-403e-aa0d-aaa52d8cbba1,21.240000000000002,odom_y,/odom,-0.06261270294876024,0.5
1b9bac59-84b0-403e-aa0d-aaa52d8cbba1,21.276,odom_y,/odom,-0.0627754711344637,0.5
1b9bac59-84b0-403e-aa0d-aaa52d8cbba1,21.312,odom_y,/odom,-0.06293472400625014,0.5
1b9bac59-84b0-403e-aa0d-aaa52d8cbba1,21.348000000000003,odom_y,/odom,-0.06308948767017536,0.5
1b9bac59-84b0-403e-aa0d-aaa52d8cbba1,21.384,odom_y,/odom,-0.0632370364185805,0.5
1b9bac59-84b0-403e-aa0d-aaa52d8cbba1,21.42,odom_y,/odom,-0.06337776795489303,0.5
1b9bac59-84b0-403e-aa0d-aaa52d8cbba1,21.456000000000003,odom_y,/odom,-0.06351391348386144,0.5
1b9bac59-84b0-403e-aa0d-aaa52d8cbba1,21.492,odom_y,/odom,-0.06364606554442169,0.5
1b9bac59-84b0-403e-aa0d-aaa52d8cbba1,21.528000000000002,odom_y,/odom,-0.0637742718237714,0.5
1b9bac59-84b0-403e-aa0d-aaa52d8cbba1,21.564,odom_y,/odom,-0.06389956751156725,0.5
1b9bac59-84b0-403e-aa0d-aaa52d8cbba1,21.6,odom_y,/odom,-0.06401994349229113,0.5
1b9bac59-84b0-403e-aa0d-aaa52d8cbba1,21.636000000000003,odom_y,/odom,-0.06413687423901705,0.5
1b9bac59-84b0-403e-aa0d-aaa52d8cbba1,21.672,odom_y,/odom,-0.06424939985887416,0.5
1b9bac59-84b0-403e-aa0d-aaa52d8cbba1,21.708000000000002,odom_y,/odom,-0.06435696775367038,0.5
1b9bac59-84b0-403e-aa0d-aaa52d8cbba1,21.744,odom_y,/odom,-0.06446035717851296,0.5
1b9bac59-84b0-403e-aa0d-aaa52d8cbba1,21.78,odom_y,/odom,-0.06456037370209272,0.5
1b9bac59-84b0-403e-aa0d-aaa52d8cbba1,21.816000000000003,odom_y,/odom,-0.06465536960706517,0.5
1b9bac59-84b0-403e-aa0d-aaa52d8cbba1,21.852,odom_y,/odom,-0.06474545661813141,0.5
1b9bac59-84b0-403e-aa0d-aaa52d8cbba1,21.888,odom_y,/odom,-0.06483277806176556,0.5
1b9bac59-84b0-403e-aa0d-aaa52d8cbba1,21.924000000000003,odom_y,/odom,-0.06491465228826376,0.5
1b9bac59-84b0-403e-aa0d-aaa52d8cbba1,21.96,odom_y,/odom,-0.06499306915608145,0.5
1b9bac59-84b0-403e-aa0d-aaa52d8cbba1,21.996000000000002,odom_y,/odom,-0.06506858797730118,0.5
1b9bac59-84b0-403e-aa0d-aaa52d8cbba1,22.032,odom_y,/odom,-0.06513976639557635,0.5
1b9bac59-84b0-403e-aa0d-aaa52d8cbba1,22.068,odom_y,/odom,-0.06520782217133665,0.5
1b9bac59-84b0-403e-aa0d-aaa52d8cbba1,22.104000000000003,odom_y,/odom,-0.06527359311010449,0.5
1b9bac59-84b0-403e-aa0d-aaa52d8cbba1,22.14,odom_y,/odom,-0.06533645431144947,0.5
1b9bac59-84b0-403e-aa0d-aaa52d8cbba1,22.176000000000002,odom_y,/odom,-0.06539733405114262,0.5
1b9bac59-84b0-403e-aa0d-aaa52d8cbba1,22.212,odom_y,/odom,-0.06545760309674077,0.5
1b9bac59-84b0-403e-aa0d-aaa52d8cbba1,22.248,odom_y,/odom,-0.0655169414115038,0.5
1b9bac59-84b0-403e-aa0d-aaa52d8cbba1,22.284000000000002,odom_y,/odom,-0.06557530000797153,0.5
1b9bac59-84b0-403e-aa0d-aaa52d8cbba1,22.32,odom_y,/odom,-0.06563378330115216,0.5
1b9bac59-84b0-403e-aa0d-aaa52d8cbba1,22.356,odom_y,/odom,-0.06569302966799141,0.5
1b9bac59-84b0-403e-aa0d-aaa52d8cbba1,22.392000000000003,odom_y,/odom,-0.06575221931277879,0.5
1b9bac59-84b0-403e-aa0d-aaa52d8cbba1,22.428,odom_y,/odom,-0.0658117257676769,0.5
1b9bac59-84b0-403e-aa0d-aaa52d8cbba1,22.464000000000002,odom_y,/odom,-0.06587040537117406,0.5
1b9bac59-84b0-403e-aa0d-aaa52d8cbba1,22.5,odom_y,/odom,-0.06592727225962564,0.5
1b9bac59-84b0-403e-aa0d-aaa52d8cbba1,22.536,odom_y,/odom,-0.06598095218123814,0.5
1b9bac59-84b0-403e-aa0d-aaa52d8cbba1,22.572000000000003,odom_y,/odom,-0.06603176360185307,0.5
1b9bac59-84b0-403e-aa0d-aaa52d8cbba1,22.608,odom_y,/odom,-0.06608055722590987,0.5
1b9bac59-84b0-403e-aa0d-aaa52d8cbba1,22.644000000000002,odom_y,/odom,-0.06612649031782233,0.5
1b9bac59-84b0-403e-aa0d-aaa52d8cbba1,22.68,odom_y,/odom,-0.06616985418720035,0.5
1b9bac59-84b0-403e-aa0d-aaa52d8cbba1,22.716,odom_y,/odom,-0.06620984537800813,0.5
1b9bac59-84b0-403e-aa0d-aaa52d8cbba1,22.752000000000002,odom_y,/odom,-0.06624786416914323,0.5
1b9bac59-84b0-403e-aa0d-aaa52d8cbba1,22.788,odom_y,/odom,-0.06628443681417576,0.5
1b9bac59-84b0-403e-aa0d-aaa52d8cbba1,22.824,odom_y,/odom,-0.06631964077745586,0.5
1b9bac59-84b0-403e-aa0d-aaa52d8cbba1,22.860000000000003,odom_y,/odom,-0.06635280381981958,0.5
1b9bac59-84b0-403e-aa0d-aaa52d8cbba1,22.896,odom_y,/odom,-0.06638332289759191,0.5
1b9bac59-84b0-403e-aa0d-aaa52d8cbba1,22.932000000000002,odom_y,/odom,-0.06641097468160174,0.5
1b9bac59-84b0-403e-aa0d-aaa52d8cbba1,22.968,odom_y,/odom,-0.06643658147591366,0.5
1b9bac59-84b0-403e-aa0d-aaa52d8cbba1,23.004,odom_y,/odom,-0.06646159966502815,0.5
1b9bac59-84b0-403e-aa0d-aaa52d8cbba1,23.040000000000003,odom_y,/odom,-0.06648645407283227,0.5
1b9bac59-84b0-403e-aa0d-aaa52d8cbba1,23.076,odom_y,/odom,-0.06650937408915888,0.5
1b9bac59-84b0-403e-aa0d-aaa52d8cbba1,23.112000000000002,odom_y,/odom,-0.06652396252593226,0.5
1b9bac59-84b0-403e-aa0d-aaa52d8cbba1,23.148,odom_y,/odom,-0.06652931589591056,0.5
1b9bac59-84b0-403e-aa0d-aaa52d8cbba1,23.184,odom_y,/odom,-0.06652655836281875,0.5
1b9bac59-84b0-403e-aa0d-aaa52d8cbba1,23.220000000000002,odom_y,/odom,-0.0665178769720302,0.5
1b9bac59-84b0-403e-aa0d-aaa52d8cbba1,23.256,odom_y,/odom,-0.06650490819858586,0.5
1b9bac59-84b0-403e-aa0d-aaa52d8cbba1,23.292,odom_y,/odom,-0.06648743927068948,0.5
1b9bac59-84b0-403e-aa0d-aaa52d8cbba1,23.328000000000003,odom_y,/odom,-0.06646545603515545,0.5
1b9bac59-84b0-403e-aa0d-aaa52d8cbba1,23.364,odom_y,/odom,-0.06643808831650286,0.5
1b9bac59-84b0-403e-aa0d-aaa52d8cbba1,23.400000000000002,odom_y,/odom,-0.06640392413387852,0.5
1b9bac59-84b0-403e-aa0d-aaa52d8cbba1,23.436,odom_y,/odom,-0.06636280710141947,0.5
1b9bac59-84b0-403e-aa0d-aaa52d8cbba1,23.472,odom_y,/odom,-0.06631625936320282,0.5
1b9bac59-84b0-403e-aa0d-aaa52d8cbba1,23.511000000000003,odom_y,/odom,-0.0662644176993923,0.5
1b9bac59-84b0-403e-aa0d-aaa52d8cbba1,23.544,odom_y,/odom,-0.06620802442968292,0.5
1b9bac59-84b0-403e-aa0d-aaa52d8cbba1,23.580000000000002,odom_y,/odom,-0.06614637948963982,0.5
1b9bac59-84b0-403e-aa0d-aaa52d8cbba1,23.616000000000003,odom_y,/odom,-0.06607995330040074,0.5
1b9bac59-84b0-403e-aa0d-aaa52d8cbba1,23.652,odom_y,/odom,-0.06600635342783913,0.5
1b9bac59-84b0-403e-aa0d-aaa52d8cbba1,23.688000000000002,odom_y,/odom,-0.0659260324964238,0.5
1b9bac59-84b0-403e-aa0d-aaa52d8cbba1,23.724,odom_y,/odom,-0.06583799349340023,0.5
1b9bac59-84b0-403e-aa0d-aaa52d8cbba1,23.76,odom_y,/odom,-0.06574150317488363,0.5
1b9bac59-84b0-403e-aa0d-aaa52d8cbba1,23.796000000000003,odom_y,/odom,-0.065633377705912,0.5
1b9bac59-84b0-403e-aa0d-aaa52d8cbba1,23.832,odom_y,/odom,-0.06551582721726149,0.5
1b9bac59-84b0-403e-aa0d-aaa52d8cbba1,23.868000000000002,odom_y,/odom,-0.06538683582594836,0.5
1b9bac59-84b0-403e-aa0d-aaa52d8cbba1,23.904,odom_y,/odom,-0.06524611173047673,0.5
1b9bac59-84b0-403e-aa0d-aaa52d8cbba1,23.94,odom_y,/odom,-0.06509272816639776,0.5
1b9bac59-84b0-403e-aa0d-aaa52d8cbba1,23.976000000000003,odom_y,/odom,-0.06492892633139156,0.5
1b9bac59-84b0-403e-aa0d-aaa52d8cbba1,24.012,odom_y,/odom,-0.0647480955916726,0.5
1b9bac59-84b0-403e-aa0d-aaa52d8cbba1,24.048000000000002,odom_y,/odom,-0.06455386573383834,0.5
1b9bac59-84b0-403e-aa0d-aaa52d8cbba1,24.084000000000003,odom_y,/odom,-0.064346507106641,0.5
1b9bac59-84b0-403e-aa0d-aaa52d8cbba1,24.12,odom_y,/odom,-0.06413044468785757,0.5
1b9bac59-84b0-403e-aa0d-aaa52d8cbba1,24.156000000000002,odom_y,/odom,-0.06391387898455668,0.5
1b9bac59-84b0-403e-aa0d-aaa52d8cbba1,24.192,odom_y,/odom,-0.06369725922363846,0.5
1b9bac59-84b0-403e-aa0d-aaa52d8cbba1,24.228,odom_y,/odom,-0.06348002075162729,0.5
1b9bac59-84b0-403e-aa0d-aaa52d8cbba1,24.264000000000003,odom_y,/odom,-0.06326215068531876,0.5
1b9bac59-84b0-403e-aa0d-aaa52d8cbba1,24.3,odom_y,/odom,-0.06304498502004896,0.5
1b9bac59-84b0-403e-aa0d-aaa52d8cbba1,24.336000000000002,odom_y,/odom,-0.06282050265872396,0.5
1b9bac59-84b0-403e-aa0d-aaa52d8cbba1,24.372,odom_y,/odom,-0.06258841249217433,0.5
1b9bac59-84b0-403e-aa0d-aaa52d8cbba1,24.411,odom_y,/odom,-0.06235242856000434,0.5
1b9bac59-84b0-403e-aa0d-aaa52d8cbba1,24.444000000000003,odom_y,/odom,-0.06211377259775994,0.5
1b9bac59-84b0-403e-aa0d-aaa52d8cbba1,24.48,odom_y,/odom,-0.06187246743510868,0.5
1b9bac59-84b0-403e-aa0d-aaa52d8cbba1,24.516000000000002,odom_y,/odom,-0.06163520137672375,0.5
1b9bac59-84b0-403e-aa0d-aaa52d8cbba1,24.552000000000003,odom_y,/odom,-0.06139758368045068,0.5
1b9bac59-84b0-403e-aa0d-aaa52d8cbba1,24.588,odom_y,/odom,-0.06116057165558344,0.5
1b9bac59-84b0-403e-aa0d-aaa52d8cbba1,24.624000000000002,odom_y,/odom,-0.060921894304495135,0.5
1b9bac59-84b0-403e-aa0d-aaa52d8cbba1,24.66,odom_y,/odom,-0.06067342661406363,0.5
1b9bac59-84b0-403e-aa0d-aaa52d8cbba1,24.696,odom_y,/odom,-0.06041808463099214,0.5
1b9bac59-84b0-403e-aa0d-aaa52d8cbba1,24.732000000000003,odom_y,/odom,-0.06015883984977152,0.5
1b9bac59-84b0-403e-aa0d-aaa52d8cbba1,24.768,odom_y,/odom,-0.05989928709519398,0.5
1b9bac59-84b0-403e-aa0d-aaa52d8cbba1,24.804000000000002,odom_y,/odom,-0.05963734281392124,0.5
1b9bac59-84b0-403e-aa0d-aaa52d8cbba1,24.84,odom_y,/odom,-0.05937183250548652,0.5
1b9bac59-84b0-403e-aa0d-aaa52d8cbba1,24.876,odom_y,/odom,-0.059096481453304345,0.5
1b9bac59-84b0-403e-aa0d-aaa52d8cbba1,24.912000000000003,odom_y,/odom,-0.0588111326645312,0.5
1b9bac59-84b0-403e-aa0d-aaa52d8cbba1,24.948,odom_y,/odom,-0.05852016259618333,0.5
1b9bac59-84b0-403e-aa0d-aaa52d8cbba1,24.984,odom_y,/odom,-0.058226486156267555,0.5
1b9bac59-84b0-403e-aa0d-aaa52d8cbba1,25.020000000000003,odom_y,/odom,-0.05792471928344793,0.5
1b9bac59-84b0-403e-aa0d-aaa52d8cbba1,25.056,odom_y,/odom,-0.057618886681828296,0.5
1b9bac59-84b0-403e-aa0d-aaa52d8cbba1,25.092000000000002,odom_y,/odom,-0.057310423784782204,0.5
1b9bac59-84b0-403e-aa0d-aaa52d8cbba1,25.128,odom_y,/odom,-0.05700307106717314,0.5
1b9bac59-84b0-403e-aa0d-aaa52d8cbba1,25.164,odom_y,/odom,-0.056689205232383424,0.5
1b9bac59-84b0-403e-aa0d-aaa52d8cbba1,25.200000000000003,odom_y,/odom,-0.0563689071759185,0.5
1b9bac59-84b0-403e-aa0d-aaa52d8cbba1,25.236,odom_y,/odom,-0.05603162666600417,0.5
1b9bac59-84b0-403e-aa0d-aaa52d8cbba1,25.272000000000002,odom_y,/odom,-0.05568681444720865,0.5
1b9bac59-84b0-403e-aa0d-aaa52d8cbba1,25.311,odom_y,/odom,-0.05533427579142809,0.5
1b9bac59-84b0-403e-aa0d-aaa52d8cbba1,25.344,odom_y,/odom,-0.05497502219019512,0.5
1b9bac59-84b0-403e-aa0d-aaa52d8cbba1,25.380000000000003,odom_y,/odom,-0.05461643846261967,0.5
1b9bac59-84b0-403e-aa0d-aaa52d8cbba1,25.416,odom_y,/odom,-0.05425877022255589,0.5
1b9bac59-84b0-403e-aa0d-aaa52d8cbba1,25.452,odom_y,/odom,-0.05390026082565476,0.5
1b9bac59-84b0-403e-aa0d-aaa52d8cbba1,25.488000000000003,odom_y,/odom,-0.05354763356305182,0.5
1b9bac59-84b0-403e-aa0d-aaa52d8cbba1,25.524,odom_y,/odom,-0.05319733048529062,0.5
1b9bac59-84b0-403e-aa0d-aaa52d8cbba1,25.560000000000002,odom_y,/odom,-0.05284040712439404,0.5
1b9bac59-84b0-403e-aa0d-aaa52d8cbba1,25.596,odom_y,/odom,-0.052478977171669466,0.5
1b9bac59-84b0-403e-aa0d-aaa52d8cbba1,25.632,odom_y,/odom,-0.05211091191288835,0.5
1b9bac59-84b0-403e-aa0d-aaa52d8cbba1,25.668000000000003,odom_y,/odom,-0.05173783733076358,0.5
1b9bac59-84b0-403e-aa0d-aaa52d8cbba1,25.704,odom_y,/odom,-0.051359814808829105,0.5
1b9bac59-84b0-403e-aa0d-aaa52d8cbba1,25.740000000000002,odom_y,/odom,-0.05097727957451464,0.5
1b9bac59-84b0-403e-aa0d-aaa52d8cbba1,25.776000000000003,odom_y,/odom,-0.05059026974811606,0.5
1b9bac59-84b0-403e-aa0d-aaa52d8cbba1,25.812,odom_y,/odom,-0.050203766203010945,0.5
1b9bac59-84b0-403e-aa0d-aaa52d8cbba1,25.848000000000003,odom_y,/odom,-0.04981345259157401,0.5
1b9bac59-84b0-403e-aa0d-aaa52d8cbba1,25.884,odom_y,/odom,-0.04941547854619962,0.5
1b9bac59-84b0-403e-aa0d-aaa52d8cbba1,25.92,odom_y,/odom,-0.04901804347477021,0.5
1b9bac59-84b0-403e-aa0d-aaa52d8cbba1,25.956000000000003,odom_y,/odom,-0.04861320929189286,0.5
1b9bac59-84b0-403e-aa0d-aaa52d8cbba1,25.992,odom_y,/odom,-0.048201875327013255,0.5
1b9bac59-84b0-403e-aa0d-aaa52d8cbba1,26.028000000000002,odom_y,/odom,-0.04777966005301102,0.5
1b9bac59-84b0-403e-aa0d-aaa52d8cbba1,26.064,odom_y,/odom,-0.04734268032792984,0.5
1b9bac59-84b0-403e-aa0d-aaa52d8cbba1,26.1,odom_y,/odom,-0.0469008231534718,0.5
1b9bac59-84b0-403e-aa0d-aaa52d8cbba1,26.136000000000003,odom_y,/odom,-0.04646033263273714,0.5
1b9bac59-84b0-403e-aa0d-aaa52d8cbba1,26.172,odom_y,/odom,-0.04602074750412586,0.5
1b9bac59-84b0-403e-aa0d-aaa52d8cbba1,26.208000000000002,odom_y,/odom,-0.0455848188931922,0.5
1b9bac59-84b0-403e-aa0d-aaa52d8cbba1,26.244000000000003,odom_y,/odom,-0.04514989252033886,0.5
1b9bac59-84b0-403e-aa0d-aaa52d8cbba1,26.28,odom_y,/odom,-0.04471184993649903,0.5
1b9bac59-84b0-403e-aa0d-aaa52d8cbba1,26.316000000000003,odom_y,/odom,-0.04426259833420073,0.5
1b9bac59-84b0-403e-aa0d-aaa52d8cbba1,26.352,odom_y,/odom,-0.043810360746070434,0.5
1b9bac59-84b0-403e-aa0d-aaa52d8cbba1,26.388,odom_y,/odom,-0.04336071021317447,0.5
1b9bac59-84b0-403e-aa0d-aaa52d8cbba1,26.424000000000003,odom_y,/odom,-0.04290724563158808,0.5
1b9bac59-84b0-403e-aa0d-aaa52d8cbba1,26.46,odom_y,/odom,-0.04244785932737665,0.5
1b9bac59-84b0-403e-aa0d-aaa52d8cbba1,26.496000000000002,odom_y,/odom,-0.041984806155231605,0.5
1b9bac59-84b0-403e-aa0d-aaa52d8cbba1,26.532,odom_y,/odom,-0.041538681377496486,0.5
1b9bac59-84b0-403e-aa0d-aaa52d8cbba1,26.568,odom_y,/odom,-0.04109799679226923,0.5
1b9bac59-84b0-403e-aa0d-aaa52d8cbba1,26.604000000000003,odom_y,/odom,-0.04066281551959092,0.5
1b9bac59-84b0-403e-aa0d-aaa52d8cbba1,26.64,odom_y,/odom,-0.04023064759604052,0.5
1b9bac59-84b0-403e-aa0d-aaa52d8cbba1,26.676000000000002,odom_y,/odom,-0.03979266649428446,0.5
1b9bac59-84b0-403e-aa0d-aaa52d8cbba1,26.712000000000003,odom_y,/odom,-0.039363781989961294,0.5
1b9bac59-84b0-403e-aa0d-aaa52d8cbba1,26.748,odom_y,/odom,-0.03893664327817474,0.5
1b9bac59-84b0-403e-aa0d-aaa52d8cbba1,26.784000000000002,odom_y,/odom,-0.03850786213632554,0.5
1b9bac59-84b0-403e-aa0d-aaa52d8cbba1,26.82,odom_y,/odom,-0.03808151189251925,0.5
1b9bac59-84b0-403e-aa0d-aaa52d8cbba1,26.856,odom_y,/odom,-0.03764620045720766,0.5
1b9bac59-84b0-403e-aa0d-aaa52d8cbba1,26.892000000000003,odom_y,/odom,-0.0372029828152187,0.5
1b9bac59-84b0-403e-aa0d-aaa52d8cbba1,26.928,odom_y,/odom,-0.036761136526084114,0.5
1b9bac59-84b0-403e-aa0d-aaa52d8cbba1,26.964000000000002,odom_y,/odom,-0.03631664731171551,0.5
1b9bac59-84b0-403e-aa0d-aaa52d8cbba1,27.0,odom_y,/odom,-0.0358666175924069,0.5
1b9bac59-84b0-403e-aa0d-aaa52d8cbba1,27.036,odom_y,/odom,-0.035420825887494546,0.5
1b9bac59-84b0-403e-aa0d-aaa52d8cbba1,27.072000000000003,odom_y,/odom,-0.03497221516346258,0.5
1b9bac59-84b0-403e-aa0d-aaa52d8cbba1,27.111,odom_y,/odom,-0.03452597170461578,0.5
1b9bac59-84b0-403e-aa0d-aaa52d8cbba1,27.144000000000002,odom_y,/odom,-0.03407824107002358,0.5
1b9bac59-84b0-403e-aa0d-aaa52d8cbba1,27.180000000000003,odom_y,/odom,-0.03362926785416431,0.5
1b9bac59-84b0-403e-aa0d-aaa52d8cbba1,27.216,odom_y,/odom,-0.03318363511580621,0.5
1b9bac59-84b0-403e-aa0d-aaa52d8cbba1,27.252000000000002,odom_y,/odom,-0.03274114751790316,0.5
1b9bac59-84b0-403e-aa0d-aaa52d8cbba1,27.288,odom_y,/odom,-0.03229398828186067,0.5
1b9bac59-84b0-403e-aa0d-aaa52d8cbba1,27.324,odom_y,/odom,-0.03184048405592914,0.5
1b9bac59-84b0-403e-aa0d-aaa52d8cbba1,27.360000000000003,odom_y,/odom,-0.03138178829600489,0.5
1b9bac59-84b0-403e-aa0d-aaa52d8cbba1,27.396,odom_y,/odom,-0.030923278861107784,0.5
1b9bac59-84b0-403e-aa0d-aaa52d8cbba1,27.432000000000002,odom_y,/odom,-0.030472582495443653,0.5
1b9bac59-84b0-403e-aa0d-aaa52d8cbba1,27.468,odom_y,/odom,-0.030021488322971163,0.5
1b9bac59-84b0-403e-aa0d-aaa52d8cbba1,27.504,odom_y,/odom,-0.02957283706495784,0.5
1b9bac59-84b0-403e-aa0d-aaa52d8cbba1,27.540000000000003,odom_y,/odom,-0.029125152259798524,0.5
1b9bac59-84b0-403e-aa0d-aaa52d8cbba1,27.576,odom_y,/odom,-0.02868641578233068,0.5
1b9bac59-84b0-403e-aa0d-aaa52d8cbba1,27.612000000000002,odom_y,/odom,-0.028250268860666637,0.5
1b9bac59-84b0-403e-aa0d-aaa52d8cbba1,27.648000000000003,odom_y,/odom,-0.027814581109040143,0.5
1b9bac59-84b0-403e-aa0d-aaa52d8cbba1,27.684,odom_y,/odom,-0.02737956979675977,0.5
1b9bac59-84b0-403e-aa0d-aaa52d8cbba1,27.720000000000002,odom_y,/odom,-0.026948021384597627,0.5
1b9bac59-84b0-403e-aa0d-aaa52d8cbba1,27.756,odom_y,/odom,-0.0265192750857703,0.5
1b9bac59-84b0-403e-aa0d-aaa52d8cbba1,27.792,odom_y,/odom,-0.026091203605489097,0.5
1b9bac59-84b0-403e-aa0d-aaa52d8cbba1,27.828000000000003,odom_y,/odom,-0.02565863229297963,0.5
1b9bac59-84b0-403e-aa0d-aaa52d8cbba1,27.864,odom_y,/odom,-0.025230748026378896,0.5
1b9bac59-84b0-403e-aa0d-aaa52d8cbba1,27.900000000000002,odom_y,/odom,-0.024804462147940465,0.5
1b9bac59-84b0-403e-aa0d-aaa52d8cbba1,27.936000000000003,odom_y,/odom,-0.02437764787044061,0.5
1b9bac59-84b0-403e-aa0d-aaa52d8cbba1,27.972,odom_y,/odom,-0.023958836593496225,0.5
1b9bac59-84b0-403e-aa0d-aaa52d8cbba1,28.008000000000003,odom_y,/odom,-0.023542442028835826,0.5
1b9bac59-84b0-403e-aa0d-aaa52d8cbba1,28.044,odom_y,/odom,-0.02312493461285833,0.5
1b9bac59-84b0-403e-aa0d-aaa52d8cbba1,28.080000000000002,odom_y,/odom,-0.022705444492580548,0.5
1b9bac59-84b0-403e-aa0d-aaa52d8cbba1,28.116000000000003,odom_y,/odom,-0.022282899249009443,0.5
1b9bac59-84b0-403e-aa0d-aaa52d8cbba1,28.152,odom_y,/odom,-0.021858704860973435,0.5
1b9bac59-84b0-403e-aa0d-aaa52d8cbba1,28.188000000000002,odom_y,/odom,-0.021436160312226143,0.5
1b9bac59-84b0-403e-aa0d-aaa52d8cbba1,28.224,odom_y,/odom,-0.021008419077514745,0.5
1b9bac59-84b0-403e-aa0d-aaa52d8cbba1,28.26,odom_y,/odom,-0.020571982955481617,0.5
1b9bac59-84b0-403e-aa0d-aaa52d8cbba1,28.296000000000003,odom_y,/odom,-0.020134730996315617,0.5
1b9bac59-84b0-403e-aa0d-aaa52d8cbba1,28.332,odom_y,/odom,-0.01970648348204715,0.5
1b9bac59-84b0-403e-aa0d-aaa52d8cbba1,28.368000000000002,odom_y,/odom,-0.019288471999416197,0.5
1b9bac59-84b0-403e-aa0d-aaa52d8cbba1,28.404000000000003,odom_y,/odom,-0.01888368442332782,0.5
1b9bac59-84b0-403e-aa0d-aaa52d8cbba1,28.44,odom_y,/odom,-0.018483510616668336,0.5
1b9bac59-84b0-403e-aa0d-aaa52d8cbba1,28.476000000000003,odom_y,/odom,-0.018081816826891976,0.5
1b9bac59-84b0-403e-aa0d-aaa52d8cbba1,28.512,odom_y,/odom,-0.017684105893946374,0.5
1b9bac59-84b0-403e-aa0d-aaa52d8cbba1,28.548000000000002,odom_y,/odom,-0.017290204118933956,0.5
1b9bac59-84b0-403e-aa0d-aaa52d8cbba1,28.584000000000003,odom_y,/odom,-0.016905151876738217,0.5
1b9bac59-84b0-403e-aa0d-aaa52d8cbba1,28.62,odom_y,/odom,-0.016515727226303414,0.5
1b9bac59-84b0-403e-aa0d-aaa52d8cbba1,28.656000000000002,odom_y,/odom,-0.016130351162173116,0.5
1b9bac59-84b0-403e-aa0d-aaa52d8cbba1,28.692,odom_y,/odom,-0.015747442050700805,0.5
1b9bac59-84b0-403e-aa0d-aaa52d8cbba1,28.728,odom_y,/odom,-0.015369786594396433,0.5
1b9bac59-84b0-403e-aa0d-aaa52d8cbba1,28.764000000000003,odom_y,/odom,-0.015002000326967434,0.5
1b9bac59-84b0-403e-aa0d-aaa52d8cbba1,28.8,odom_y,/odom,-0.014636367148510337,0.5
1b9bac59-84b0-403e-aa0d-aaa52d8cbba1,28.836000000000002,odom_y,/odom,-0.014268543646687946,0.5
1b9bac59-84b0-403e-aa0d-aaa52d8cbba1,28.872000000000003,odom_y,/odom,-0.013899175485683134,0.5
1b9bac59-84b0-403e-aa0d-aaa52d8cbba1,28.911,odom_y,/odom,-0.013530964881557236,0.5
1b9bac59-84b0-403e-aa0d-aaa52d8cbba1,28.944000000000003,odom_y,/odom,-0.013164098357947256,0.5
1b9bac59-84b0-403e-aa0d-aaa52d8cbba1,28.98,odom_y,/odom,-0.0127983310690028,0.5
1b9bac59-84b0-403e-aa0d-aaa52d8cbba1,29.016000000000002,odom_y,/odom,-0.012436838244492631,0.5
1b9bac59-84b0-403e-aa0d-aaa52d8cbba1,29.052000000000003,odom_y,/odom,-0.012074931254016947,0.5
1b9bac59-84b0-403e-aa0d-aaa52d8cbba1,29.088,odom_y,/odom,-0.011710974091941252,0.5
1b9bac59-84b0-403e-aa0d-aaa52d8cbba1,29.124000000000002,odom_y,/odom,-0.011350297172137926,0.5
1b9bac59-84b0-403e-aa0d-aaa52d8cbba1,29.16,odom_y,/odom,-0.010986654944079797,0.5
1b9bac59-84b0-403e-aa0d-aaa52d8cbba1,29.196,odom_y,/odom,-0.010621849653447271,0.5
1b9bac59-84b0-403e-aa0d-aaa52d8cbba1,29.232000000000003,odom_y,/odom,-0.01027231601978591,0.5
1b9bac59-84b0-403e-aa0d-aaa52d8cbba1,29.268,odom_y,/odom,-0.009939756728591868,0.5
1b9bac59-84b0-403e-aa0d-aaa52d8cbba1,29.304000000000002,odom_y,/odom,-0.009629736884043345,0.5
1b9bac59-84b0-403e-aa0d-aaa52d8cbba1,29.340000000000003,odom_y,/odom,-0.009334868372291437,0.5
1b9bac59-84b0-403e-aa0d-aaa52d8cbba1,29.376,odom_y,/odom,-0.009052821744720939,0.5
1b9bac59-84b0-403e-aa0d-aaa52d8cbba1,29.412000000000003,odom_y,/odom,-0.008788746483679643,0.5
1b9bac59-84b0-403e-aa0d-aaa52d8cbba1,29.448,odom_y,/odom,-0.008537464458819298,0.5
1b9bac59-84b0-403e-aa0d-aaa52d8cbba1,29.484,odom_y,/odom,-0.008303308648928514,0.5
1b9bac59-84b0-403e-aa0d-aaa52d8cbba1,29.520000000000003,odom_y,/odom,-0.008084490868807961,0.5
1b9bac59-84b0-403e-aa0d-aaa52d8cbba1,29.556,odom_y,/odom,-0.007877589796013267,0.5
1b9bac59-84b0-403e-aa0d-aaa52d8cbba1,29.592000000000002,odom_y,/odom,-0.007678910854107952,0.5
1b9bac59-84b0-403e-aa0d-aaa52d8cbba1,29.628,odom_y,/odom,-0.00748701030177549,0.5
1b9bac59-84b0-403e-aa0d-aaa52d8cbba1,29.664,odom_y,/odom,-0.007302100131480614,0.5
1b9bac59-84b0-403e-aa0d-aaa52d8cbba1,29.700000000000003,odom_y,/odom,-0.007123530594299079,0.5
1b9bac59-84b0-403e-aa0d-aaa52d8cbba1,29.736,odom_y,/odom,-0.006946801750038536,0.5
1b9bac59-84b0-403e-aa0d-aaa52d8cbba1,29.772000000000002,odom_y,/odom,-0.006773628582728975,0.5
1b9bac59-84b0-403e-aa0d-aaa52d8cbba1,29.808000000000003,odom_y,/odom,-0.006606236623503102,0.5
1b9bac59-84b0-403e-aa0d-aaa52d8cbba1,29.844,odom_y,/odom,-0.006446052393094388,0.5
1b9bac59-84b0-403e-aa0d-aaa52d8cbba1,29.880000000000003,odom_y,/odom,-0.006291808718340826,0.5
1b9bac59-84b0-403e-aa0d-aaa52d8cbba1,29.916,odom_y,/odom,-0.0061417153262111265,0.5
1b9bac59-84b0-403e-aa0d-aaa52d8cbba1,29.952,odom_y,/odom,-0.0059978304815954085,0.5
1b9bac59-84b0-403e-aa0d-aaa52d8cbba1,29.988000000000003,odom_y,/odom,-0.005861194723486682,0.5
1b9bac59-84b0-403e-aa0d-aaa52d8cbba1,30.024,odom_y,/odom,-0.005731043546343583,0.5
1b9bac59-84b0-403e-aa0d-aaa52d8cbba1,30.060000000000002,odom_y,/odom,-0.00560812460620115,0.5
1b9bac59-84b0-403e-aa0d-aaa52d8cbba1,30.096000000000004,odom_y,/odom,-0.005492030129651354,0.5
1b9bac59-84b0-403e-aa0d-aaa52d8cbba1,30.132,odom_y,/odom,-0.0053816105015976196,0.5
1b9bac59-84b0-403e-aa0d-aaa52d8cbba1,30.168000000000003,odom_y,/odom,-0.0052724932205138126,0.5
1b9bac59-84b0-403e-aa0d-aaa52d8cbba1,30.204,odom_y,/odom,-0.005161844649436814,0.5
1b9bac59-84b0-403e-aa0d-aaa52d8cbba1,30.240000000000002,odom_y,/odom,-0.005049285648929786,0.5
1b9bac59-84b0-403e-aa0d-aaa52d8cbba1,30.276000000000003,odom_y,/odom,-0.004934978312169444,0.5
1b9bac59-84b0-403e-aa0d-aaa52d8cbba1,30.312,odom_y,/odom,-0.0048187521050313655,0.5
1b9bac59-84b0-403e-aa0d-aaa52d8cbba1,30.348000000000003,odom_y,/odom,-0.004699585235524453,0.5
1b9bac59-84b0-403e-aa0d-aaa52d8cbba1,30.384,odom_y,/odom,-0.004579796364266592,0.5
1b9bac59-84b0-403e-aa0d-aaa52d8cbba1,30.42,odom_y,/odom,-0.0044617220030541875,0.5
1b9bac59-84b0-403e-aa0d-aaa52d8cbba1,30.456000000000003,odom_y,/odom,-0.004343775902447125,0.5
1b9bac59-84b0-403e-aa0d-aaa52d8cbba1,30.492,odom_y,/odom,-0.004225281372464639,0.5
1b9bac59-84b0-403e-aa0d-aaa52d8cbba1,30.528000000000002,odom_y,/odom,-0.0041077134264150845,0.5
1b9bac59-84b0-403e-aa0d-aaa52d8cbba1,30.564000000000004,odom_y,/odom,-0.0039917144932211475,0.5
1b9bac59-84b0-403e-aa0d-aaa52d8cbba1,30.6,odom_y,/odom,-0.0038761457072211012,0.5
1b9bac59-84b0-403e-aa0d-aaa52d8cbba1,30.636000000000003,odom_y,/odom,-0.003760410054202967,0.5
1b9bac59-84b0-403e-aa0d-aaa52d8cbba1,30.672,odom_y,/odom,-0.003645522954530715,0.5
1b9bac59-84b0-403e-aa0d-aaa52d8cbba1,30.708000000000002,odom_y,/odom,-0.0035317976499561012,0.5
1b9bac59-84b0-403e-aa0d-aaa52d8cbba1,30.744000000000003,odom_y,/odom,-0.0034180314560155424,0.5
1b9bac59-84b0-403e-aa0d-aaa52d8cbba1,30.78,odom_y,/odom,-0.003304854868306082,0.5
1b9bac59-84b0-403e-aa0d-aaa52d8cbba1,30.816000000000003,odom_y,/odom,-0.003192966898349191,0.5
1b9bac59-84b0-403e-aa0d-aaa52d8cbba1,30.852,odom_y,/odom,-0.0030813632034791703,0.5
1b9bac59-84b0-403e-aa0d-aaa52d8cbba1,30.888,odom_y,/odom,-0.00297014501426425,0.5
1b9bac59-84b0-403e-aa0d-aaa52d8cbba1,30.924000000000003,odom_y,/odom,-0.0028597722640861124,0.5
1b9bac59-84b0-403e-aa0d-aaa52d8cbba1,30.96,odom_y,/odom,-0.002749347440555953,0.5
1b9bac59-84b0-403e-aa0d-aaa52d8cbba1,30.996000000000002,odom_y,/odom,-0.0026394411471799867,0.5
1b9bac59-84b0-403e-aa0d-aaa52d8cbba1,31.032000000000004,odom_y,/odom,-0.002531479123881675,0.5
1b9bac59-84b0-403e-aa0d-aaa52d8cbba1,31.068,odom_y,/odom,-0.0024271694701192806,0.5
1b9bac59-84b0-403e-aa0d-aaa52d8cbba1,31.104000000000003,odom_y,/odom,-0.002324758205060266,0.5
1b9bac59-84b0-403e-aa0d-aaa52d8cbba1,31.14,odom_y,/odom,-0.0022233900564130825,0.5
1b9bac59-84b0-403e-aa0d-aaa52d8cbba1,31.176000000000002,odom_y,/odom,-0.0021257879158456438,0.5
1b9bac59-84b0-403e-aa0d-aaa52d8cbba1,31.212000000000003,odom_y,/odom,-0.0020280211464606176,0.5
1b9bac59-84b0-403e-aa0d-aaa52d8cbba1,31.248,odom_y,/odom,-0.0019302017277708404,0.5
1b9bac59-84b0-403e-aa0d-aaa52d8cbba1,31.284000000000002,odom_y,/odom,-0.0018318955639451927,0.5
1b9bac59-84b0-403e-aa0d-aaa52d8cbba1,31.32,odom_y,/odom,-0.0017328716477448018,0.5
1b9bac59-84b0-403e-aa0d-aaa52d8cbba1,31.356,odom_y,/odom,-0.001635035185785088,0.5
1b9bac59-84b0-403e-aa0d-aaa52d8cbba1,31.392000000000003,odom_y,/odom,-0.001537141067431095,0.5
1b9bac59-84b0-403e-aa0d-aaa52d8cbba1,31.428,odom_y,/odom,-0.0014389311801746877,0.5
1b9bac59-84b0-403e-aa0d-aaa52d8cbba1,31.464000000000002,odom_y,/odom,-0.0013389871540915586,0.5
1b9bac59-84b0-403e-aa0d-aaa52d8cbba1,31.500000000000004,odom_y,/odom,-0.0012386566002712584,0.5
1b9bac59-84b0-403e-aa0d-aaa52d8cbba1,31.536,odom_y,/odom,-0.0011406017457510089,0.5
1b9bac59-84b0-403e-aa0d-aaa52d8cbba1,31.572000000000003,odom_y,/odom,-0.0010429261407813742,0.5
1b9bac59-84b0-403e-aa0d-aaa52d8cbba1,31.611,odom_y,/odom,-0.0009450301679919165,0.5
1b9bac59-84b0-403e-aa0d-aaa52d8cbba1,31.644000000000002,odom_y,/odom,-0.0008475501749076632,0.5
1b9bac59-84b0-403e-aa0d-aaa52d8cbba1,31.680000000000003,odom_y,/odom,-0.0007515710314954208,0.5
1b9bac59-84b0-403e-aa0d-aaa52d8cbba1,31.716,odom_y,/odom,-0.0006582340354230248,0.5
1b9bac59-84b0-403e-aa0d-aaa52d8cbba1,31.752000000000002,odom_y,/odom,-0.0005652194442690397,0.5
1b9bac59-84b0-403e-aa0d-aaa52d8cbba1,31.788,odom_y,/odom,-0.0004742383470192642,0.5
1b9bac59-84b0-403e-aa0d-aaa52d8cbba1,31.824,odom_y,/odom,-0.0003841293734392303,0.5
1b9bac59-84b0-403e-aa0d-aaa52d8cbba1,31.860000000000003,odom_y,/odom,-0.00029641473424214424,0.5
1b9bac59-84b0-403e-aa0d-aaa52d8cbba1,31.896,odom_y,/odom,-0.00020979386999911705,0.5
1b9bac59-84b0-403e-aa0d-aaa52d8cbba1,31.932000000000002,odom_y,/odom,-0.00012524532592144986,0.5
1b9bac59-84b0-403e-aa0d-aaa52d8cbba1,31.968000000000004,odom_y,/odom,-4.310982342650327e-05,0.5
1b9bac59-84b0-403e-aa0d-aaa52d8cbba1,32.004000000000005,odom_y,/odom,4.0862470808879224e-05,0.5
1b9bac59-84b0-403e-aa0d-aaa52d8cbba1,32.04,odom_y,/odom,0.00012510231639387086,0.5
1b9bac59-84b0-403e-aa0d-aaa52d8cbba1,32.076,odom_y,/odom,0.00020678438362428217,0.5
1b9bac59-84b0-403e-aa0d-aaa52d8cbba1,32.112,odom_y,/odom,0.0002883925856223511,0.5
1b9bac59-84b0-403e-aa0d-aaa52d8cbba1,32.148,odom_y,/odom,0.0003699562534550733,0.5
1b9bac59-84b0-403e-aa0d-aaa52d8cbba1,32.184000000000005,odom_y,/odom,0.000450431459144141,0.5
1b9bac59-84b0-403e-aa0d-aaa52d8cbba1,32.22,odom_y,/odom,0.0005281521855142462,0.5
1b9bac59-84b0-403e-aa0d-aaa52d8cbba1,32.256,odom_y,/odom,0.0006053338274265803,0.5
1b9bac59-84b0-403e-aa0d-aaa52d8cbba1,32.292,odom_y,/odom,0.0006821958208004746,0.5
1b9bac59-84b0-403e-aa0d-aaa52d8cbba1,32.328,odom_y,/odom,0.0007575277530484029,0.5
1b9bac59-84b0-403e-aa0d-aaa52d8cbba1,32.364000000000004,odom_y,/odom,0.0008317563957759587,0.5
1b9bac59-84b0-403e-aa0d-aaa52d8cbba1,32.4,odom_y,/odom,0.0009049339407232219,0.5
1b9bac59-84b0-403e-aa0d-aaa52d8cbba1,32.436,odom_y,/odom,0.0009724939345824468,0.5
1b9bac59-84b0-403e-aa0d-aaa52d8cbba1,32.472,odom_y,/odom,0.0010378317153783697,0.5
1b9bac59-84b0-403e-aa0d-aaa52d8cbba1,32.511,odom_y,/odom,0.0010934495544166476,0.5
1b9bac59-84b0-403e-aa0d-aaa52d8cbba1,32.544000000000004,odom_y,/odom,0.001121398895996703,0.5
1b9bac59-84b0-403e-aa0d-aaa52d8cbba1,32.580000000000005,odom_y,/odom,0.0011247933255942222,0.5
1b9bac59-84b0-403e-aa0d-aaa52d8cbba1,32.616,odom_y,/odom,0.0011247933255942222,0.5
1b9bac59-84b0-403e-aa0d-aaa52d8cbba1,32.652,odom_y,/odom,0.0011247933255942222,0.5
1b9bac59-84b0-403e-aa0d-aaa52d8cbba1,32.688,odom_y,/odom,0.0011247933255942222,0.5
1b9bac59-84b0-403e-aa0d-aaa52d8cbba1,32.724000000000004,odom_y,/odom,0.0011247933255942222,0.5
1b9bac59-84b0-403e-aa0d-aaa52d8cbba1,32.760000000000005,odom_y,/odom,0.0011247933255942222,0.5
1b9bac59-84b0-403e-aa0d-aaa52d8cbba1,32.796,odom_y,/odom,0.0011247933255942222,0.5
1b9bac59-84b0-403e-aa0d-aaa52d8cbba1,32.832,odom_y,/odom,0.0011247933255942222,0.5
1b9bac59-84b0-403e-aa0d-aaa52d8cbba1,32.868,odom_y,/odom,0.0011247933255942222,0.5
1b9bac59-84b0-403e-aa0d-aaa52d8cbba1,32.904,odom_y,/odom,0.0011247933255942222,0.5
1b9bac59-84b0-403e-aa0d-aaa52d8cbba1,32.940000000000005,odom_y,/odom,0.0011247933255942222,0.5
1b9bac59-84b0-403e-aa0d-aaa52d8cbba1,32.976,odom_y,/odom,0.0011247933255942222,0.5
1b9bac59-84b0-403e-aa0d-aaa52d8cbba1,33.012,odom_y,/odom,0.0011247933255942222,0.5
1b9bac59-84b0-403e-aa0d-aaa52d8cbba1,33.048,odom_y,/odom,0.0011247933255942222,0.5
1b9bac59-84b0-403e-aa0d-aaa52d8cbba1,33.084,odom_y,/odom,0.0011247933255942222,0.5
1b9bac59-84b0-403e-aa0d-aaa52d8cbba1,33.120000000000005,odom_y,/odom,0.0011247933255942222,0.5
1b9bac59-84b0-403e-aa0d-aaa52d8cbba1,33.156,odom_y,/odom,0.0011247933255942222,0.5
1b9bac59-84b0-403e-aa0d-aaa52d8cbba1,33.192,odom_y,/odom,0.0011247933255942222,0.5
1b9bac59-84b0-403e-aa0d-aaa52d8cbba1,33.228,odom_y,/odom,0.0011247933255942222,0.5
1b9bac59-84b0-403e-aa0d-aaa52d8cbba1,13.143,pose_covariance_trace,/amcl_pose,1.0946799022804343e-13,2.0
1b9bac59-84b0-403e-aa0d-aaa52d8cbba1,16.713,pose_covariance_trace,/amcl_pose,0.029972108160971227,2.0
1b9bac59-84b0-403e-aa0d-aaa52d8cbba1,18.324,pose_covariance_trace,/amcl_pose,0.05536318834180128,2.0
1b9bac59-84b0-403e-aa0d-aaa52d8cbba1,19.728,pose_covariance_trace,/amcl_pose,0.0785061922687407,2.0
1b9bac59-84b0-403e-aa0d-aaa52d8cbba1,21.132,pose_covariance_trace,/amcl_pose,0.08510451905005784,2.0
1b9bac59-84b0-403e-aa0d-aaa52d8cbba1,22.611,pose_covariance_trace,/amcl_pose,0.10134759022516851,2.0
1b9bac59-84b0-403e-aa0d-aaa52d8cbba1,24.228,pose_covariance_trace,/amcl_pose,0.10740132878901343,2.0
1b9bac59-84b0-403e-aa0d-aaa52d8cbba1,25.71,pose_covariance_trace,/amcl_pose,0.11101030847621729,2.0
1b9bac59-84b0-403e-aa0d-aaa52d8cbba1,27.216,pose_covariance_trace,/amcl_pose,0.1259178965433852,2.0
1b9bac59-84b0-403e-aa0d-aaa52d8cbba1,28.809,pose_covariance_trace,/amcl_pose,0.1349548700468189,2.0
1b9bac59-84b0-403e-aa0d-aaa52d8cbba1,30.714000000000002,pose_covariance_trace,/amcl_pose,0.13344137686412655,2.0
1b9bac59-84b0-403e-aa0d-aaa52d8cbba1,13.221,uncertainty_mean,/semantic/uncertainty,0.005031061136288789,1.0
1b9bac59-84b0-403e-aa0d-aaa52d8cbba1,13.323,uncertainty_mean,/semantic/uncertainty,0.005030866639711273,1.0
1b9bac59-84b0-403e-aa0d-aaa52d8cbba1,13.440000000000001,uncertainty_mean,/semantic/uncertainty,0.005029169484633561,1.0
1b9bac59-84b0-403e-aa0d-aaa52d8cbba1,13.521,uncertainty_mean,/semantic/uncertainty,0.005031454618874894,1.0
1b9bac59-84b0-403e-aa0d-aaa52d8cbba1,13.623000000000001,uncertainty_mean,/semantic/uncertainty,0.005029133572203743,1.0
1b9bac59-84b0-403e-aa0d-aaa52d8cbba1,13.722000000000001,uncertainty_mean,/semantic/uncertainty,0.005031285764009681,1.0
1b9bac59-84b0-403e-aa0d-aaa52d8cbba1,13.839,uncertainty_mean,/semantic/uncertainty,0.00503003851414538,1.0
1b9bac59-84b0-403e-aa0d-aaa52d8cbba1,13.944,uncertainty_mean,/semantic/uncertainty,0.005028684875192842,1.0
1b9bac59-84b0-403e-aa0d-aaa52d8cbba1,14.019,uncertainty_mean,/semantic/uncertainty,0.005031311963481736,1.0
1b9bac59-84b0-403e-aa0d-aaa52d8cbba1,14.121,uncertainty_mean,/semantic/uncertainty,0.005031831572822132,1.0
1b9bac59-84b0-403e-aa0d-aaa52d8cbba1,14.223,uncertainty_mean,/semantic/uncertainty,0.0050295886309277196,1.0
1b9bac59-84b0-403e-aa0d-aaa52d8cbba1,14.343000000000002,uncertainty_mean,/semantic/uncertainty,0.0050316018027020465,1.0
1b9bac59-84b0-403e-aa0d-aaa52d8cbba1,14.421000000000001,uncertainty_mean,/semantic/uncertainty,0.005031377090101993,1.0
1b9bac59-84b0-403e-aa0d-aaa52d8cbba1,14.523000000000001,uncertainty_mean,/semantic/uncertainty,0.005031283523029326,1.0
1b9bac59-84b0-403e-aa0d-aaa52d8cbba1,14.622000000000002,uncertainty_mean,/semantic/uncertainty,0.005031099433352513,1.0
1b9bac59-84b0-403e-aa0d-aaa52d8cbba1,14.739,uncertainty_mean,/semantic/uncertainty,0.005031820811443216,1.0
1b9bac59-84b0-403e-aa0d-aaa52d8cbba1,14.841000000000001,uncertainty_mean,/semantic/uncertainty,0.0050312952747492545,1.0
1b9bac59-84b0-403e-aa0d-aaa52d8cbba1,14.922,uncertainty_mean,/semantic/uncertainty,0.0050415780314278895,1.0
1b9bac59-84b0-403e-aa0d-aaa52d8cbba1,15.021,uncertainty_mean,/semantic/uncertainty,0.005281732279152227,1.0
1b9bac59-84b0-403e-aa0d-aaa52d8cbba1,15.123000000000001,uncertainty_mean,/semantic/uncertainty,0.005275858362737911,1.0
1b9bac59-84b0-403e-aa0d-aaa52d8cbba1,15.24,uncertainty_mean,/semantic/uncertainty,0.005776607328948557,1.0
1b9bac59-84b0-403e-aa0d-aaa52d8cbba1,15.321000000000002,uncertainty_mean,/semantic/uncertainty,0.005813603964596533,1.0
1b9bac59-84b0-403e-aa0d-aaa52d8cbba1,15.423000000000002,uncertainty_mean,/semantic/uncertainty,0.005906072393605655,1.0
1b9bac59-84b0-403e-aa0d-aaa52d8cbba1,15.522,uncertainty_mean,/semantic/uncertainty,0.00615186183968433,1.0
1b9bac59-84b0-403e-aa0d-aaa52d8cbba1,15.639000000000001,uncertainty_mean,/semantic/uncertainty,0.006463302966785325,1.0
1b9bac59-84b0-403e-aa0d-aaa52d8cbba1,15.741000000000001,uncertainty_mean,/semantic/uncertainty,0.006510088195988904,1.0
1b9bac59-84b0-403e-aa0d-aaa52d8cbba1,15.822000000000001,uncertainty_mean,/semantic/uncertainty,0.006540230952689209,1.0
1b9bac59-84b0-403e-aa0d-aaa52d8cbba1,15.921000000000001,uncertainty_mean,/semantic/uncertainty,0.007037611684132609,1.0
1b9bac59-84b0-403e-aa0d-aaa52d8cbba1,16.023,uncertainty_mean,/semantic/uncertainty,0.007050334201931605,1.0
1b9bac59-84b0-403e-aa0d-aaa52d8cbba1,16.14,uncertainty_mean,/semantic/uncertainty,0.007038627076991114,1.0
1b9bac59-84b0-403e-aa0d-aaa52d8cbba1,16.221,uncertainty_mean,/semantic/uncertainty,0.007566439970369838,1.0
1b9bac59-84b0-403e-aa0d-aaa52d8cbba1,16.323,uncertainty_mean,/semantic/uncertainty,0.008049721142820184,1.0
1b9bac59-84b0-403e-aa0d-aaa52d8cbba1,16.422,uncertainty_mean,/semantic/uncertainty,0.008323309754326923,1.0
1b9bac59-84b0-403e-aa0d-aaa52d8cbba1,16.539,uncertainty_mean,/semantic/uncertainty,0.0085640653849696,1.0
1b9bac59-84b0-403e-aa0d-aaa52d8cbba1,16.644000000000002,uncertainty_mean,/semantic/uncertainty,0.009043361495266187,1.0
1b9bac59-84b0-403e-aa0d-aaa52d8cbba1,16.722,uncertainty_mean,/semantic/uncertainty,0.009487865671992448,1.0
1b9bac59-84b0-403e-aa0d-aaa52d8cbba1,16.821,uncertainty_mean,/semantic/uncertainty,0.010001031951090814,1.0
1b9bac59-84b0-403e-aa0d-aaa52d8cbba1,16.923000000000002,uncertainty_mean,/semantic/uncertainty,0.010726589787434383,1.0
1b9bac59-84b0-403e-aa0d-aaa52d8cbba1,17.043000000000003,uncertainty_mean,/semantic/uncertainty,0.011066440902148571,1.0
1b9bac59-84b0-403e-aa0d-aaa52d8cbba1,17.121000000000002,uncertainty_mean,/semantic/uncertainty,0.01169679010236256,1.0
1b9bac59-84b0-403e-aa0d-aaa52d8cbba1,17.220000000000002,uncertainty_mean,/semantic/uncertainty,0.012256114583963367,1.0
1b9bac59-84b0-403e-aa0d-aaa52d8cbba1,17.319000000000003,uncertainty_mean,/semantic/uncertainty,0.012579726641985948,1.0
1b9bac59-84b0-403e-aa0d-aaa52d8cbba1,17.442,uncertainty_mean,/semantic/uncertainty,0.012791784427729026,1.0
1b9bac59-84b0-403e-aa0d-aaa52d8cbba1,17.541,uncertainty_mean,/semantic/uncertainty,0.012822767482505005,1.0
1b9bac59-84b0-403e-aa0d-aaa52d8cbba1,17.622,uncertainty_mean,/semantic/uncertainty,0.012840563339809919,1.0
1b9bac59-84b0-403e-aa0d-aaa52d8cbba1,17.721,uncertainty_mean,/semantic/uncertainty,0.01284077173266309,1.0
1b9bac59-84b0-403e-aa0d-aaa52d8cbba1,17.823,uncertainty_mean,/semantic/uncertainty,0.0128722534172433,1.0
1b9bac59-84b0-403e-aa0d-aaa52d8cbba1,17.94,uncertainty_mean,/semantic/uncertainty,0.012918754446644627,1.0
1b9bac59-84b0-403e-aa0d-aaa52d8cbba1,18.021,uncertainty_mean,/semantic/uncertainty,0.012951789254173592,1.0
1b9bac59-84b0-403e-aa0d-aaa52d8cbba1,18.12,uncertainty_mean,/semantic/uncertainty,0.012995756040804404,1.0
1b9bac59-84b0-403e-aa0d-aaa52d8cbba1,18.222,uncertainty_mean,/semantic/uncertainty,0.01303370033681387,1.0
1b9bac59-84b0-403e-aa0d-aaa52d8cbba1,18.339000000000002,uncertainty_mean,/semantic/uncertainty,0.013063741989210698,1.0
1b9bac59-84b0-403e-aa0d-aaa52d8cbba1,18.441000000000003,uncertainty_mean,/semantic/uncertainty,0.013145407242747022,1.0
1b9bac59-84b0-403e-aa0d-aaa52d8cbba1,18.519000000000002,uncertainty_mean,/semantic/uncertainty,0.013168888966441705,1.0
1b9bac59-84b0-403e-aa0d-aaa52d8cbba1,18.621000000000002,uncertainty_mean,/semantic/uncertainty,0.013167782556880248,1.0
1b9bac59-84b0-403e-aa0d-aaa52d8cbba1,18.720000000000002,uncertainty_mean,/semantic/uncertainty,0.01316043031514391,1.0
1b9bac59-84b0-403e-aa0d-aaa52d8cbba1,18.84,uncertainty_mean,/semantic/uncertainty,0.013127839690006447,1.0
1b9bac59-84b0-403e-aa0d-aaa52d8cbba1,18.921000000000003,uncertainty_mean,/semantic/uncertainty,0.013064720510340078,1.0
1b9bac59-84b0-403e-aa0d-aaa52d8cbba1,19.023,uncertainty_mean,/semantic/uncertainty,0.01295086107448294,1.0
1b9bac59-84b0-403e-aa0d-aaa52d8cbba1,19.122,uncertainty_mean,/semantic/uncertainty,0.012637042303554556,1.0
1b9bac59-84b0-403e-aa0d-aaa52d8cbba1,19.242,uncertainty_mean,/semantic/uncertainty,0.012409119433882764,1.0
1b9bac59-84b0-403e-aa0d-aaa52d8cbba1,19.341,uncertainty_mean,/semantic/uncertainty,0.01184000416074518,1.0
1b9bac59-84b0-403e-aa0d-aaa52d8cbba1,19.422,uncertainty_mean,/semantic/uncertainty,0.011501230264335286,1.0
1b9bac59-84b0-403e-aa0d-aaa52d8cbba1,19.521,uncertainty_mean,/semantic/uncertainty,0.010759204953140962,1.0
1b9bac59-84b0-403e-aa0d-aaa52d8cbba1,19.62,uncertainty_mean,/semantic/uncertainty,0.009925842305593685,1.0
1b9bac59-84b0-403e-aa0d-aaa52d8cbba1,19.740000000000002,uncertainty_mean,/semantic/uncertainty,0.009482863162126235,1.0
1b9bac59-84b0-403e-aa0d-aaa52d8cbba1,19.827,uncertainty_mean,/semantic/uncertainty,0.0039160305962433264,1.0
1b9bac59-84b0-403e-aa0d-aaa52d8cbba1,19.923000000000002,uncertainty_mean,/semantic/uncertainty,0.003929115944432221,1.0
1b9bac59-84b0-403e-aa0d-aaa52d8cbba1,20.022000000000002,uncertainty_mean,/semantic/uncertainty,0.003943045465839035,1.0
1b9bac59-84b0-403e-aa0d-aaa52d8cbba1,20.241,uncertainty_mean,/semantic/uncertainty,0.003950483133563362,1.0
1b9bac59-84b0-403e-aa0d-aaa52d8cbba1,20.421000000000003,uncertainty_mean,/semantic/uncertainty,0.0039888251789986385,1.0
1b9bac59-84b0-403e-aa0d-aaa52d8cbba1,20.523,uncertainty_mean,/semantic/uncertainty,0.004021897158509967,1.0
1b9bac59-84b0-403e-aa0d-aaa52d8cbba1,20.64,uncertainty_mean,/semantic/uncertainty,0.004053206977333398,1.0
1b9bac59-84b0-403e-aa0d-aaa52d8cbba1,20.721,uncertainty_mean,/semantic/uncertainty,0.004101275179130728,1.0
1b9bac59-84b0-403e-aa0d-aaa52d8cbba1,20.823,uncertainty_mean,/semantic/uncertainty,0.004111477337215372,1.0
1b9bac59-84b0-403e-aa0d-aaa52d8cbba1,20.922,uncertainty_mean,/semantic/uncertainty,0.0041068889532226175,1.0
1b9bac59-84b0-403e-aa0d-aaa52d8cbba1,21.039,uncertainty_mean,/semantic/uncertainty,0.0041014698125822,1.0
1b9bac59-84b0-403e-aa0d-aaa52d8cbba1,21.141000000000002,uncertainty_mean,/semantic/uncertainty,0.0041012874109742845,1.0
1b9bac59-84b0-403e-aa0d-aaa52d8cbba1,21.222,uncertainty_mean,/semantic/uncertainty,0.004101708507189865,1.0
1b9bac59-84b0-403e-aa0d-aaa52d8cbba1,21.321,uncertainty_mean,/semantic/uncertainty,0.004097216471261452,1.0
1b9bac59-84b0-403e-aa0d-aaa52d8cbba1,21.423000000000002,uncertainty_mean,/semantic/uncertainty,0.0040867495192669166,1.0
1b9bac59-84b0-403e-aa0d-aaa52d8cbba1,21.540000000000003,uncertainty_mean,/semantic/uncertainty,0.00408271266554948,1.0
1b9bac59-84b0-403e-aa0d-aaa52d8cbba1,21.621000000000002,uncertainty_mean,/semantic/uncertainty,0.004079342850580071,1.0
1b9bac59-84b0-403e-aa0d-aaa52d8cbba1,21.723000000000003,uncertainty_mean,/semantic/uncertainty,0.004072586598612631,1.0
1b9bac59-84b0-403e-aa0d-aaa52d8cbba1,21.822000000000003,uncertainty_mean,/semantic/uncertainty,0.004060353657366254,1.0
1b9bac59-84b0-403e-aa0d-aaa52d8cbba1,21.942,uncertainty_mean,/semantic/uncertainty,0.0040567518600023314,1.0
1b9bac59-84b0-403e-aa0d-aaa52d8cbba1,22.041,uncertainty_mean,/semantic/uncertainty,0.004048438241954978,1.0
1b9bac59-84b0-403e-aa0d-aaa52d8cbba1,22.125,uncertainty_mean,/semantic/uncertainty,0.0040384449688424225,1.0
1b9bac59-84b0-403e-aa0d-aaa52d8cbba1,22.218,uncertainty_mean,/semantic/uncertainty,0.004029722556775137,1.0
1b9bac59-84b0-403e-aa0d-aaa52d8cbba1,22.323,uncertainty_mean,/semantic/uncertainty,0.004016657070165858,1.0
1b9bac59-84b0-403e-aa0d-aaa52d8cbba1,22.44,uncertainty_mean,/semantic/uncertainty,0.00399176228157998,1.0
1b9bac59-84b0-403e-aa0d-aaa52d8cbba1,22.521,uncertainty_mean,/semantic/uncertainty,0.003982746927316588,1.0
1b9bac59-84b0-403e-aa0d-aaa52d8cbba1,22.722,uncertainty_mean,/semantic/uncertainty,0.0039576303842978906,1.0
1b9bac59-84b0-403e-aa0d-aaa52d8cbba1,22.839000000000002,uncertainty_mean,/semantic/uncertainty,0.003940802689521555,1.0
1b9bac59-84b0-403e-aa0d-aaa52d8cbba1,22.941000000000003,uncertainty_mean,/semantic/uncertainty,0.00392729572185497,1.0
1b9bac59-84b0-403e-aa0d-aaa52d8cbba1,23.022000000000002,uncertainty_mean,/semantic/uncertainty,0.003912862438077364,1.0
1b9bac59-84b0-403e-aa0d-aaa52d8cbba1,23.121000000000002,uncertainty_mean,/semantic/uncertainty,0.00389396717903292,1.0
1b9bac59-84b0-403e-aa0d-aaa52d8cbba1,23.223000000000003,uncertainty_mean,/semantic/uncertainty,0.003886568209517769,1.0
1b9bac59-84b0-403e-aa0d-aaa52d8cbba1,23.343,uncertainty_mean,/semantic/uncertainty,0.003882576597123079,1.0
1b9bac59-84b0-403e-aa0d-aaa52d8cbba1,23.421000000000003,uncertainty_mean,/semantic/uncertainty,0.0038832341359035637,1.0
1b9bac59-84b0-403e-aa0d-aaa52d8cbba1,23.523000000000003,uncertainty_mean,/semantic/uncertainty,0.0038539997406599725,1.0
1b9bac59-84b0-403e-aa0d-aaa52d8cbba1,23.622,uncertainty_mean,/semantic/uncertainty,0.0038460702794246514,1.0
1b9bac59-84b0-403e-aa0d-aaa52d8cbba1,23.742,uncertainty_mean,/semantic/uncertainty,0.0038426357953993792,1.0
1b9bac59-84b0-403e-aa0d-aaa52d8cbba1,23.844,uncertainty_mean,/semantic/uncertainty,0.0038434269554489713,1.0
1b9bac59-84b0-403e-aa0d-aaa52d8cbba1,23.922,uncertainty_mean,/semantic/uncertainty,0.0038451569488300425,1.0
1b9bac59-84b0-403e-aa0d-aaa52d8cbba1,24.024,uncertainty_mean,/semantic/uncertainty,0.003862809863784449,1.0
1b9bac59-84b0-403e-aa0d-aaa52d8cbba1,24.123,uncertainty_mean,/semantic/uncertainty,0.003865714871868396,1.0
1b9bac59-84b0-403e-aa0d-aaa52d8cbba1,24.243000000000002,uncertainty_mean,/semantic/uncertainty,0.0038416171976733676,1.0
1b9bac59-84b0-403e-aa0d-aaa52d8cbba1,24.321,uncertainty_mean,/semantic/uncertainty,0.003813591748284158,1.0
1b9bac59-84b0-403e-aa0d-aaa52d8cbba1,24.423000000000002,uncertainty_mean,/semantic/uncertainty,0.003792445257553325,1.0
1b9bac59-84b0-403e-aa0d-aaa52d8cbba1,24.522000000000002,uncertainty_mean,/semantic/uncertainty,0.0037660230335442198,1.0
1b9bac59-84b0-403e-aa0d-aaa52d8cbba1,24.639000000000003,uncertainty_mean,/semantic/uncertainty,0.003755957417339412,1.0
1b9bac59-84b0-403e-aa0d-aaa52d8cbba1,24.744,uncertainty_mean,/semantic/uncertainty,0.0037287844401641718,1.0
1b9bac59-84b0-403e-aa0d-aaa52d8cbba1,24.822000000000003,uncertainty_mean,/semantic/uncertainty,0.003696700833249172,1.0
1b9bac59-84b0-403e-aa0d-aaa52d8cbba1,24.921000000000003,uncertainty_mean,/semantic/uncertainty,0.0036859988953855567,1.0
1b9bac59-84b0-403e-aa0d-aaa52d8cbba1,25.026,uncertainty_mean,/semantic/uncertainty,0.0036583802603662482,1.0
1b9bac59-84b0-403e-aa0d-aaa52d8cbba1,25.14,uncertainty_mean,/semantic/uncertainty,0.0036048974942066775,1.0
1b9bac59-84b0-403e-aa0d-aaa52d8cbba1,25.221,uncertainty_mean,/semantic/uncertainty,0.00360579816114632,1.0
1b9bac59-84b0-403e-aa0d-aaa52d8cbba1,25.323,uncertainty_mean,/semantic/uncertainty,0.0036050761655999253,1.0
1b9bac59-84b0-403e-aa0d-aaa52d8cbba1,25.422,uncertainty_mean,/semantic/uncertainty,0.003595786202639033,1.0
1b9bac59-84b0-403e-aa0d-aaa52d8cbba1,25.539,uncertainty_mean,/semantic/uncertainty,0.0035914569073684298,1.0
1b9bac59-84b0-403e-aa0d-aaa52d8cbba1,25.644000000000002,uncertainty_mean,/semantic/uncertainty,0.0035880723392768487,1.0
1b9bac59-84b0-403e-aa0d-aaa52d8cbba1,25.722,uncertainty_mean,/semantic/uncertainty,0.003589485623281921,1.0
1b9bac59-84b0-403e-aa0d-aaa52d8cbba1,25.821,uncertainty_mean,/semantic/uncertainty,0.0035841311143662816,1.0
1b9bac59-84b0-403e-aa0d-aaa52d8cbba1,25.923000000000002,uncertainty_mean,/semantic/uncertainty,0.0035832856595837607,1.0
1b9bac59-84b0-403e-aa0d-aaa52d8cbba1,26.043000000000003,uncertainty_mean,/semantic/uncertainty,0.0035772330030890013,1.0
1b9bac59-84b0-403e-aa0d-aaa52d8cbba1,26.121000000000002,uncertainty_mean,/semantic/uncertainty,0.003571397635332,1.0
1b9bac59-84b0-403e-aa0d-aaa52d8cbba1,26.223000000000003,uncertainty_mean,/semantic/uncertainty,0.003556717920968803,1.0
1b9bac59-84b0-403e-aa0d-aaa52d8cbba1,26.322000000000003,uncertainty_mean,/semantic/uncertainty,0.0035475837155997426,1.0
1b9bac59-84b0-403e-aa0d-aaa52d8cbba1,26.442,uncertainty_mean,/semantic/uncertainty,0.003543530381183307,1.0
1b9bac59-84b0-403e-aa0d-aaa52d8cbba1,26.544,uncertainty_mean,/semantic/uncertainty,0.0035455500711380475,1.0
1b9bac59-84b0-403e-aa0d-aaa52d8cbba1,26.625,uncertainty_mean,/semantic/uncertainty,0.00353071089182946,1.0
1b9bac59-84b0-403e-aa0d-aaa52d8cbba1,26.721,uncertainty_mean,/semantic/uncertainty,0.00352598410567533,1.0
1b9bac59-84b0-403e-aa0d-aaa52d8cbba1,26.823,uncertainty_mean,/semantic/uncertainty,0.003511003510303136,1.0
1b9bac59-84b0-403e-aa0d-aaa52d8cbba1,26.94,uncertainty_mean,/semantic/uncertainty,0.0035245337894528935,1.0
1b9bac59-84b0-403e-aa0d-aaa52d8cbba1,27.021,uncertainty_mean,/semantic/uncertainty,0.003521404053676527,1.0
1b9bac59-84b0-403e-aa0d-aaa52d8cbba1,27.123,uncertainty_mean,/semantic/uncertainty,0.0035202596815396467,1.0
1b9bac59-84b0-403e-aa0d-aaa52d8cbba1,27.222,uncertainty_mean,/semantic/uncertainty,0.00350499834893346,1.0
1b9bac59-84b0-403e-aa0d-aaa52d8cbba1,27.339000000000002,uncertainty_mean,/semantic/uncertainty,0.0034994364825291415,1.0
1b9bac59-84b0-403e-aa0d-aaa52d8cbba1,27.444000000000003,uncertainty_mean,/semantic/uncertainty,0.00348348484326164,1.0
1b9bac59-84b0-403e-aa0d-aaa52d8cbba1,27.522000000000002,uncertainty_mean,/semantic/uncertainty,0.0034718339228093477,1.0
1b9bac59-84b0-403e-aa0d-aaa52d8cbba1,27.621000000000002,uncertainty_mean,/semantic/uncertainty,0.0034684794001287856,1.0
1b9bac59-84b0-403e-aa0d-aaa52d8cbba1,27.723000000000003,uncertainty_mean,/semantic/uncertainty,0.003468760444039288,1.0
1b9bac59-84b0-403e-aa0d-aaa52d8cbba1,27.843,uncertainty_mean,/semantic/uncertainty,0.0034590121816145823,1.0
1b9bac59-84b0-403e-aa0d-aaa52d8cbba1,27.921000000000003,uncertainty_mean,/semantic/uncertainty,0.0034595980020579492,1.0
1b9bac59-84b0-403e-aa0d-aaa52d8cbba1,28.023000000000003,uncertainty_mean,/semantic/uncertainty,0.0034514290188102236,1.0
1b9bac59-84b0-403e-aa0d-aaa52d8cbba1,28.122000000000003,uncertainty_mean,/semantic/uncertainty,0.0034513336389400233,1.0
1b9bac59-84b0-403e-aa0d-aaa52d8cbba1,28.242,uncertainty_mean,/semantic/uncertainty,0.0034542681050757375,1.0
1b9bac59-84b0-403e-aa0d-aaa52d8cbba1,28.341,uncertainty_mean,/semantic/uncertainty,0.003454476082326773,1.0
1b9bac59-84b0-403e-aa0d-aaa52d8cbba1,28.422,uncertainty_mean,/semantic/uncertainty,0.0034664404131292416,1.0
1b9bac59-84b0-403e-aa0d-aaa52d8cbba1,28.521,uncertainty_mean,/semantic/uncertainty,0.0034971089804947887,1.0
1b9bac59-84b0-403e-aa0d-aaa52d8cbba1,28.623,uncertainty_mean,/semantic/uncertainty,0.0035640975560884414,1.0
1b9bac59-84b0-403e-aa0d-aaa52d8cbba1,28.821,uncertainty_mean,/semantic/uncertainty,0.003701854127927303,1.0
1b9bac59-84b0-403e-aa0d-aaa52d8cbba1,28.923000000000002,uncertainty_mean,/semantic/uncertainty,0.003791571307789271,1.0
1b9bac59-84b0-403e-aa0d-aaa52d8cbba1,29.022000000000002,uncertainty_mean,/semantic/uncertainty,0.003839419944441449,1.0
1b9bac59-84b0-403e-aa0d-aaa52d8cbba1,29.139000000000003,uncertainty_mean,/semantic/uncertainty,0.003843431194725344,1.0
1b9bac59-84b0-403e-aa0d-aaa52d8cbba1,29.247000000000003,uncertainty_mean,/semantic/uncertainty,0.0038412627050137143,1.0
1b9bac59-84b0-403e-aa0d-aaa52d8cbba1,29.322000000000003,uncertainty_mean,/semantic/uncertainty,0.00382542883913656,1.0
1b9bac59-84b0-403e-aa0d-aaa52d8cbba1,29.421000000000003,uncertainty_mean,/semantic/uncertainty,0.003805758210135372,1.0
1b9bac59-84b0-403e-aa0d-aaa52d8cbba1,29.523000000000003,uncertainty_mean,/semantic/uncertainty,0.0037860231466358366,1.0
1b9bac59-84b0-403e-aa0d-aaa52d8cbba1,29.64,uncertainty_mean,/semantic/uncertainty,0.003768858060413631,1.0
1b9bac59-84b0-403e-aa0d-aaa52d8cbba1,29.721,uncertainty_mean,/semantic/uncertainty,0.0037390116238851393,1.0
1b9bac59-84b0-403e-aa0d-aaa52d8cbba1,30.042,uncertainty_mean,/semantic/uncertainty,0.003649188401958939,1.0
1b9bac59-84b0-403e-aa0d-aaa52d8cbba1,30.144000000000002,uncertainty_mean,/semantic/uncertainty,0.003612109165009727,1.0
1b9bac59-84b0-403e-aa0d-aaa52d8cbba1,30.222,uncertainty_mean,/semantic/uncertainty,0.0035678348440955493,1.0
1b9bac59-84b0-403e-aa0d-aaa52d8cbba1,30.321,uncertainty_mean,/semantic/uncertainty,0.003570719490027745,1.0
1b9bac59-84b0-403e-aa0d-aaa52d8cbba1,30.423000000000002,uncertainty_mean,/semantic/uncertainty,0.0035723684235383028,1.0
1b9bac59-84b0-403e-aa0d-aaa52d8cbba1,30.543000000000003,uncertainty_mean,/semantic/uncertainty,0.003545351833101028,1.0
1b9bac59-84b0-403e-aa0d-aaa52d8cbba1,30.621000000000002,uncertainty_mean,/semantic/uncertainty,0.0035304744049354515,1.0
1b9bac59-84b0-403e-aa0d-aaa52d8cbba1,30.726000000000003,uncertainty_mean,/semantic/uncertainty,0.0035201909507293354,1.0
1b9bac59-84b0-403e-aa0d-aaa52d8cbba1,30.822000000000003,uncertainty_mean,/semantic/uncertainty,0.00348520749957619,1.0
1b9bac59-84b0-403e-aa0d-aaa52d8cbba1,30.942,uncertainty_mean,/semantic/uncertainty,0.0034889651607118268,1.0
1b9bac59-84b0-403e-aa0d-aaa52d8cbba1,31.041,uncertainty_mean,/semantic/uncertainty,0.0034365466695978537,1.0
1b9bac59-84b0-403e-aa0d-aaa52d8cbba1,31.125000000000004,uncertainty_mean,/semantic/uncertainty,0.003391055010327477,1.0
1b9bac59-84b0-403e-aa0d-aaa52d8cbba1,31.221000000000004,uncertainty_mean,/semantic/uncertainty,0.0033790495819042833,1.0
1b9bac59-84b0-403e-aa0d-aaa52d8cbba1,31.326,uncertainty_mean,/semantic/uncertainty,0.003335900283114922,1.0
1b9bac59-84b0-403e-aa0d-aaa52d8cbba1,31.44,uncertainty_mean,/semantic/uncertainty,0.003318264497861942,1.0
1b9bac59-84b0-403e-aa0d-aaa52d8cbba1,31.521,uncertainty_mean,/semantic/uncertainty,0.0033084514985796077,1.0
1b9bac59-84b0-403e-aa0d-aaa52d8cbba1,31.623,uncertainty_mean,/semantic/uncertainty,0.003257161001046622,1.0
1b9bac59-84b0-403e-aa0d-aaa52d8cbba1,31.722,uncertainty_mean,/semantic/uncertainty,0.003261135496571246,1.0
1b9bac59-84b0-403e-aa0d-aaa52d8cbba1,31.842000000000002,uncertainty_mean,/semantic/uncertainty,0.0032629946765387412,1.0
1b9bac59-84b0-403e-aa0d-aaa52d8cbba1,31.941000000000003,uncertainty_mean,/semantic/uncertainty,0.0032653943911128635,1.0
1b9bac59-84b0-403e-aa0d-aaa52d8cbba1,32.022,uncertainty_mean,/semantic/uncertainty,0.0032828428633653968,1.0
1b9bac59-84b0-403e-aa0d-aaa52d8cbba1,32.121,uncertainty_mean,/semantic/uncertainty,0.003283615165583556,1.0
1b9bac59-84b0-403e-aa0d-aaa52d8cbba1,32.223,uncertainty_mean,/semantic/uncertainty,0.003284651701590112,1.0
1b9bac59-84b0-403e-aa0d-aaa52d8cbba1,32.343,uncertainty_mean,/semantic/uncertainty,0.0032856014554480182,1.0
1b9bac59-84b0-403e-aa0d-aaa52d8cbba1,32.421,uncertainty_mean,/semantic/uncertainty,0.0032867802093781567,1.0
1b9bac59-84b0-403e-aa0d-aaa52d8cbba1,32.523,uncertainty_mean,/semantic/uncertainty,0.003288249479834621,1.0
1b9bac59-84b0-403e-aa0d-aaa52d8cbba1,32.625,uncertainty_mean,/semantic/uncertainty,0.0032898655496243793,1.0
1b9bac59-84b0-403e-aa0d-aaa52d8cbba1,32.739000000000004,uncertainty_mean,/semantic/uncertainty,0.003290103319037995,1.0
1b9bac59-84b0-403e-aa0d-aaa52d8cbba1,32.841,uncertainty_mean,/semantic/uncertainty,0.003289910723743995,1.0
1b9bac59-84b0-403e-aa0d-aaa52d8cbba1,32.922000000000004,uncertainty_mean,/semantic/uncertainty,0.003289992515605172,1.0
1b9bac59-84b0-403e-aa0d-aaa52d8cbba1,33.021,uncertainty_mean,/semantic/uncertainty,0.0032900291665697167,1.0
1b9bac59-84b0-403e-aa0d-aaa52d8cbba1,33.123000000000005,uncertainty_mean,/semantic/uncertainty,0.003289945491730464,1.0
1b9bac59-84b0-403e-aa0d-aaa52d8cbba1,33.243,uncertainty_mean,/semantic/uncertainty,0.003289795126196727,1.0
1b9bac59-84b0-403e-aa0d-aaa52d8cbba1,13.209000000000001,valid_return_fraction,/scan,1.0,0.5
1b9bac59-84b0-403e-aa0d-aaa52d8cbba1,13.311,valid_return_fraction,/scan,1.0,0.5
1b9bac59-84b0-403e-aa0d-aaa52d8cbba1,13.41,valid_return_fraction,/scan,1.0,0.5
1b9bac59-84b0-403e-aa0d-aaa52d8cbba1,13.509,valid_return_fraction,/scan,1.0,0.5
1b9bac59-84b0-403e-aa0d-aaa52d8cbba1,13.611,valid_return_fraction,/scan,1.0,0.5
1b9bac59-84b0-403e-aa0d-aaa52d8cbba1,13.71,valid_return_fraction,/scan,1.0,0.5
1b9bac59-84b0-403e-aa0d-aaa52d8cbba1,13.806000000000001,valid_return_fraction,/scan,1.0,0.5
1b9bac59-84b0-403e-aa0d-aaa52d8cbba1,13.911000000000001,valid_return_fraction,/scan,1.0,0.5
1b9bac59-84b0-403e-aa0d-aaa52d8cbba1,14.010000000000002,valid_return_fraction,/scan,1.0,0.5
1b9bac59-84b0-403e-aa0d-aaa52d8cbba1,14.109000000000002,valid_return_fraction,/scan,1.0,0.5
1b9bac59-84b0-403e-aa0d-aaa52d8cbba1,14.211,valid_return_fraction,/scan,1.0,0.5
1b9bac59-84b0-403e-aa0d-aaa52d8cbba1,14.313,valid_return_fraction,/scan,1.0,0.5
1b9bac59-84b0-403e-aa0d-aaa52d8cbba1,14.409,valid_return_fraction,/scan,1.0,0.5
1b9bac59-84b0-403e-aa0d-aaa52d8cbba1,14.511000000000001,valid_return_fraction,/scan,1.0,0.5
1b9bac59-84b0-403e-aa0d-aaa52d8cbba1,14.610000000000001,valid_return_fraction,/scan,1.0,0.5
1b9bac59-84b0-403e-aa0d-aaa52d8cbba1,14.709000000000001,valid_return_fraction,/scan,1.0,0.5
1b9bac59-84b0-403e-aa0d-aaa52d8cbba1,14.811000000000002,valid_return_fraction,/scan,1.0,0.5
1b9bac59-84b0-403e-aa0d-aaa52d8cbba1,14.91,valid_return_fraction,/scan,1.0,0.5
1b9bac59-84b0-403e-aa0d-aaa52d8cbba1,15.009,valid_return_fraction,/scan,1.0,0.5
1b9bac59-84b0-403e-aa0d-aaa52d8cbba1,15.111,valid_return_fraction,/scan,1.0,0.5
1b9bac59-84b0-403e-aa0d-aaa52d8cbba1,15.21,valid_return_fraction,/scan,1.0,0.5
1b9bac59-84b0-403e-aa0d-aaa52d8cbba1,15.309000000000001,valid_return_fraction,/scan,1.0,0.5
1b9bac59-84b0-403e-aa0d-aaa52d8cbba1,15.411000000000001,valid_return_fraction,/scan,1.0,0.5
1b9bac59-84b0-403e-aa0d-aaa52d8cbba1,15.510000000000002,valid_return_fraction,/scan,1.0,0.5
1b9bac59-84b0-403e-aa0d-aaa52d8cbba1,15.609000000000002,valid_return_fraction,/scan,1.0,0.5
1b9bac59-84b0-403e-aa0d-aaa52d8cbba1,15.711,valid_return_fraction,/scan,1.0,0.5
1b9bac59-84b0-403e-aa0d-aaa52d8cbba1,15.81,valid_return_fraction,/scan,1.0,0.5
1b9bac59-84b0-403e-aa0d-aaa52d8cbba1,15.909,valid_return_fraction,/scan,1.0,0.5
1b9bac59-84b0-403e-aa0d-aaa52d8cbba1,16.011,valid_return_fraction,/scan,1.0,0.5
1b9bac59-84b0-403e-aa0d-aaa52d8cbba1,16.11,valid_return_fraction,/scan,1.0,0.5
1b9bac59-84b0-403e-aa0d-aaa52d8cbba1,16.209,valid_return_fraction,/scan,1.0,0.5
1b9bac59-84b0-403e-aa0d-aaa52d8cbba1,16.311,valid_return_fraction,/scan,1.0,0.5
1b9bac59-84b0-403e-aa0d-aaa52d8cbba1,16.41,valid_return_fraction,/scan,1.0,0.5
1b9bac59-84b0-403e-aa0d-aaa52d8cbba1,16.509,valid_return_fraction,/scan,1.0,0.5
1b9bac59-84b0-403e-aa0d-aaa52d8cbba1,16.611,valid_return_fraction,/scan,1.0,0.5
1b9bac59-84b0-403e-aa0d-aaa52d8cbba1,16.71,valid_return_fraction,/scan,1.0,0.5
1b9bac59-84b0-403e-aa0d-aaa52d8cbba1,16.809,valid_return_fraction,/scan,1.0,0.5
1b9bac59-84b0-403e-aa0d-aaa52d8cbba1,16.911,valid_return_fraction,/scan,1.0,0.5
1b9bac59-84b0-403e-aa0d-aaa52d8cbba1,17.01,valid_return_fraction,/scan,1.0,0.5
1b9bac59-84b0-403e-aa0d-aaa52d8cbba1,17.109,valid_return_fraction,/scan,1.0,0.5
1b9bac59-84b0-403e-aa0d-aaa52d8cbba1,17.211000000000002,valid_return_fraction,/scan,1.0,0.5
1b9bac59-84b0-403e-aa0d-aaa52d8cbba1,17.310000000000002,valid_return_fraction,/scan,1.0,0.5
1b9bac59-84b0-403e-aa0d-aaa52d8cbba1,17.409000000000002,valid_return_fraction,/scan,1.0,0.5
1b9bac59-84b0-403e-aa0d-aaa52d8cbba1,17.511000000000003,valid_return_fraction,/scan,1.0,0.5
1b9bac59-84b0-403e-aa0d-aaa52d8cbba1,17.61,valid_return_fraction,/scan,1.0,0.5
1b9bac59-84b0-403e-aa0d-aaa52d8cbba1,17.709,valid_return_fraction,/scan,1.0,0.5
1b9bac59-84b0-403e-aa0d-aaa52d8cbba1,17.811,valid_return_fraction,/scan,1.0,0.5
1b9bac59-84b0-403e-aa0d-aaa52d8cbba1,17.91,valid_return_fraction,/scan,1.0,0.5
1b9bac59-84b0-403e-aa0d-aaa52d8cbba1,18.012,valid_return_fraction,/scan,1.0,0.5
1b9bac59-84b0-403e-aa0d-aaa52d8cbba1,18.111,valid_return_fraction,/scan,1.0,0.5
1b9bac59-84b0-403e-aa0d-aaa52d8cbba1,18.21,valid_return_fraction,/scan,1.0,0.5
1b9bac59-84b0-403e-aa0d-aaa52d8cbba1,18.309,valid_return_fraction,/scan,1.0,0.5
1b9bac59-84b0-403e-aa0d-aaa52d8cbba1,18.408,valid_return_fraction,/scan,1.0,0.5
1b9bac59-84b0-403e-aa0d-aaa52d8cbba1,18.51,valid_return_fraction,/scan,1.0,0.5
1b9bac59-84b0-403e-aa0d-aaa52d8cbba1,18.609,valid_return_fraction,/scan,1.0,0.5
1b9bac59-84b0-403e-aa0d-aaa52d8cbba1,18.711000000000002,valid_return_fraction,/scan,1.0,0.5
1b9bac59-84b0-403e-aa0d-aaa52d8cbba1,18.807000000000002,valid_return_fraction,/scan,1.0,0.5
1b9bac59-84b0-403e-aa0d-aaa52d8cbba1,18.909000000000002,valid_return_fraction,/scan,1.0,0.5
1b9bac59-84b0-403e-aa0d-aaa52d8cbba1,19.011000000000003,valid_return_fraction,/scan,1.0,0.5
1b9bac59-84b0-403e-aa0d-aaa52d8cbba1,19.11,valid_return_fraction,/scan,1.0,0.5
1b9bac59-84b0-403e-aa0d-aaa52d8cbba1,19.209,valid_return_fraction,/scan,1.0,0.5
1b9bac59-84b0-403e-aa0d-aaa52d8cbba1,19.308,valid_return_fraction,/scan,1.0,0.5
1b9bac59-84b0-403e-aa0d-aaa52d8cbba1,19.41,valid_return_fraction,/scan,1.0,0.5
1b9bac59-84b0-403e-aa0d-aaa52d8cbba1,19.512,valid_return_fraction,/scan,1.0,0.5
1b9bac59-84b0-403e-aa0d-aaa52d8cbba1,19.608,valid_return_fraction,/scan,1.0,0.5
1b9bac59-84b0-403e-aa0d-aaa52d8cbba1,19.71,valid_return_fraction,/scan,1.0,0.5
1b9bac59-84b0-403e-aa0d-aaa52d8cbba1,19.815,valid_return_fraction,/scan,1.0,0.5
1b9bac59-84b0-403e-aa0d-aaa52d8cbba1,19.911,valid_return_fraction,/scan,1.0,0.5
1b9bac59-84b0-403e-aa0d-aaa52d8cbba1,20.01,valid_return_fraction,/scan,1.0,0.5
1b9bac59-84b0-403e-aa0d-aaa52d8cbba1,20.109,valid_return_fraction,/scan,1.0,0.5
1b9bac59-84b0-403e-aa0d-aaa52d8cbba1,20.211000000000002,valid_return_fraction,/scan,1.0,0.5
1b9bac59-84b0-403e-aa0d-aaa52d8cbba1,20.310000000000002,valid_return_fraction,/scan,1.0,0.5
1b9bac59-84b0-403e-aa0d-aaa52d8cbba1,20.409000000000002,valid_return_fraction,/scan,1.0,0.5
1b9bac59-84b0-403e-aa0d-aaa52d8cbba1,20.514000000000003,valid_return_fraction,/scan,1.0,0.5
1b9bac59-84b0-403e-aa0d-aaa52d8cbba1,20.610000000000003,valid_return_fraction,/scan,1.0,0.5
1b9bac59-84b0-403e-aa0d-aaa52d8cbba1,20.709,valid_return_fraction,/scan,1.0,0.5
1b9bac59-84b0-403e-aa0d-aaa52d8cbba1,20.811,valid_return_fraction,/scan,1.0,0.5
1b9bac59-84b0-403e-aa0d-aaa52d8cbba1,20.91,valid_return_fraction,/scan,1.0,0.5
1b9bac59-84b0-403e-aa0d-aaa52d8cbba1,21.009,valid_return_fraction,/scan,1.0,0.5
1b9bac59-84b0-403e-aa0d-aaa52d8cbba1,21.111,valid_return_fraction,/scan,1.0,0.5
1b9bac59-84b0-403e-aa0d-aaa52d8cbba1,21.21,valid_return_fraction,/scan,1.0,0.5
1b9bac59-84b0-403e-aa0d-aaa52d8cbba1,21.309,valid_return_fraction,/scan,1.0,0.5
1b9bac59-84b0-403e-aa0d-aaa52d8cbba1,21.411,valid_return_fraction,/scan,1.0,0.5
1b9bac59-84b0-403e-aa0d-aaa52d8cbba1,21.51,valid_return_fraction,/scan,1.0,0.5
1b9bac59-84b0-403e-aa0d-aaa52d8cbba1,21.609,valid_return_fraction,/scan,1.0,0.5
1b9bac59-84b0-403e-aa0d-aaa52d8cbba1,21.711000000000002,valid_return_fraction,/scan,1.0,0.5
1b9bac59-84b0-403e-aa0d-aaa52d8cbba1,21.810000000000002,valid_return_fraction,/scan,1.0,0.5
1b9bac59-84b0-403e-aa0d-aaa52d8cbba1,21.909000000000002,valid_return_fraction,/scan,1.0,0.5
1b9bac59-84b0-403e-aa0d-aaa52d8cbba1,22.011000000000003,valid_return_fraction,/scan,1.0,0.5
1b9bac59-84b0-403e-aa0d-aaa52d8cbba1,22.113000000000003,valid_return_fraction,/scan,1.0,0.5
1b9bac59-84b0-403e-aa0d-aaa52d8cbba1,22.209,valid_return_fraction,/scan,1.0,0.5
1b9bac59-84b0-403e-aa0d-aaa52d8cbba1,22.314,valid_return_fraction,/scan,1.0,0.5
1b9bac59-84b0-403e-aa0d-aaa52d8cbba1,22.41,valid_return_fraction,/scan,1.0,0.5
1b9bac59-84b0-403e-aa0d-aaa52d8cbba1,22.509,valid_return_fraction,/scan,1.0,0.5
1b9bac59-84b0-403e-aa0d-aaa52d8cbba1,22.611,valid_return_fraction,/scan,1.0,0.5
1b9bac59-84b0-403e-aa0d-aaa52d8cbba1,22.71,valid_return_fraction,/scan,1.0,0.5
1b9bac59-84b0-403e-aa0d-aaa52d8cbba1,22.809,valid_return_fraction,/scan,1.0,0.5
1b9bac59-84b0-403e-aa0d-aaa52d8cbba1,22.911,valid_return_fraction,/scan,1.0,0.5
1b9bac59-84b0-403e-aa0d-aaa52d8cbba1,23.013,valid_return_fraction,/scan,1.0,0.5
1b9bac59-84b0-403e-aa0d-aaa52d8cbba1,23.109,valid_return_fraction,/scan,1.0,0.5
1b9bac59-84b0-403e-aa0d-aaa52d8cbba1,23.211000000000002,valid_return_fraction,/scan,1.0,0.5
1b9bac59-84b0-403e-aa0d-aaa52d8cbba1,23.310000000000002,valid_return_fraction,/scan,1.0,0.5
1b9bac59-84b0-403e-aa0d-aaa52d8cbba1,23.409000000000002,valid_return_fraction,/scan,1.0,0.5
1b9bac59-84b0-403e-aa0d-aaa52d8cbba1,23.511000000000003,valid_return_fraction,/scan,1.0,0.5
1b9bac59-84b0-403e-aa0d-aaa52d8cbba1,23.610000000000003,valid_return_fraction,/scan,1.0,0.5
1b9bac59-84b0-403e-aa0d-aaa52d8cbba1,23.709000000000003,valid_return_fraction,/scan,1.0,0.5
1b9bac59-84b0-403e-aa0d-aaa52d8cbba1,23.811,valid_return_fraction,/scan,1.0,0.5
1b9bac59-84b0-403e-aa0d-aaa52d8cbba1,23.91,valid_return_fraction,/scan,1.0,0.5
1b9bac59-84b0-403e-aa0d-aaa52d8cbba1,24.012,valid_return_fraction,/scan,1.0,0.5
1b9bac59-84b0-403e-aa0d-aaa52d8cbba1,24.111,valid_return_fraction,/scan,1.0,0.5
1b9bac59-84b0-403e-aa0d-aaa52d8cbba1,24.21,valid_return_fraction,/scan,1.0,0.5
1b9bac59-84b0-403e-aa0d-aaa52d8cbba1,24.309,valid_return_fraction,/scan,1.0,0.5
1b9bac59-84b0-403e-aa0d-aaa52d8cbba1,24.411,valid_return_fraction,/scan,1.0,0.5
1b9bac59-84b0-403e-aa0d-aaa52d8cbba1,24.51,valid_return_fraction,/scan,1.0,0.5
1b9bac59-84b0-403e-aa0d-aaa52d8cbba1,24.609,valid_return_fraction,/scan,1.0,0.5
1b9bac59-84b0-403e-aa0d-aaa52d8cbba1,24.711000000000002,valid_return_fraction,/scan,1.0,0.5
1b9bac59-84b0-403e-aa0d-aaa52d8cbba1,24.810000000000002,valid_return_fraction,/scan,1.0,0.5
1b9bac59-84b0-403e-aa0d-aaa52d8cbba1,24.909000000000002,valid_return_fraction,/scan,1.0,0.5
1b9bac59-84b0-403e-aa0d-aaa52d8cbba1,25.014000000000003,valid_return_fraction,/scan,1.0,0.5
1b9bac59-84b0-403e-aa0d-aaa52d8cbba1,25.110000000000003,valid_return_fraction,/scan,1.0,0.5
1b9bac59-84b0-403e-aa0d-aaa52d8cbba1,25.209000000000003,valid_return_fraction,/scan,1.0,0.5
1b9bac59-84b0-403e-aa0d-aaa52d8cbba1,25.311,valid_return_fraction,/scan,1.0,0.5
1b9bac59-84b0-403e-aa0d-aaa52d8cbba1,25.41,valid_return_fraction,/scan,1.0,0.5
1b9bac59-84b0-403e-aa0d-aaa52d8cbba1,25.509,valid_return_fraction,/scan,1.0,0.5
1b9bac59-84b0-403e-aa0d-aaa52d8cbba1,25.611,valid_return_fraction,/scan,1.0,0.5
1b9bac59-84b0-403e-aa0d-aaa52d8cbba1,25.71,valid_return_fraction,/scan,1.0,0.5
1b9bac59-84b0-403e-aa0d-aaa52d8cbba1,25.809,valid_return_fraction,/scan,1.0,0.5
1b9bac59-84b0-403e-aa0d-aaa52d8cbba1,25.911,valid_return_fraction,/scan,1.0,0.5
1b9bac59-84b0-403e-aa0d-aaa52d8cbba1,26.01,valid_return_fraction,/scan,1.0,0.5
1b9bac59-84b0-403e-aa0d-aaa52d8cbba1,26.109,valid_return_fraction,/scan,1.0,0.5
1b9bac59-84b0-403e-aa0d-aaa52d8cbba1,26.211000000000002,valid_return_fraction,/scan,1.0,0.5
1b9bac59-84b0-403e-aa0d-aaa52d8cbba1,26.310000000000002,valid_return_fraction,/scan,1.0,0.5
1b9bac59-84b0-403e-aa0d-aaa52d8cbba1,26.412000000000003,valid_return_fraction,/scan,1.0,0.5
1b9bac59-84b0-403e-aa0d-aaa52d8cbba1,26.511000000000003,valid_return_fraction,/scan,1.0,0.5
1b9bac59-84b0-403e-aa0d-aaa52d8cbba1,26.613000000000003,valid_return_fraction,/scan,1.0,0.5
1b9bac59-84b0-403e-aa0d-aaa52d8cbba1,26.709000000000003,valid_return_fraction,/scan,1.0,0.5
1b9bac59-84b0-403e-aa0d-aaa52d8cbba1,26.811,valid_return_fraction,/scan,1.0,0.5
1b9bac59-84b0-403e-aa0d-aaa52d8cbba1,26.91,valid_return_fraction,/scan,1.0,0.5
1b9bac59-84b0-403e-aa0d-aaa52d8cbba1,27.009,valid_return_fraction,/scan,1.0,0.5
1b9bac59-84b0-403e-aa0d-aaa52d8cbba1,27.111,valid_return_fraction,/scan,1.0,0.5
1b9bac59-84b0-403e-aa0d-aaa52d8cbba1,27.21,valid_return_fraction,/scan,1.0,0.5
1b9bac59-84b0-403e-aa0d-aaa52d8cbba1,27.309,valid_return_fraction,/scan,1.0,0.5
1b9bac59-84b0-403e-aa0d-aaa52d8cbba1,27.411,valid_return_fraction,/scan,1.0,0.5
1b9bac59-84b0-403e-aa0d-aaa52d8cbba1,27.51,valid_return_fraction,/scan,1.0,0.5
1b9bac59-84b0-403e-aa0d-aaa52d8cbba1,27.609,valid_return_fraction,/scan,1.0,0.5
1b9bac59-84b0-403e-aa0d-aaa52d8cbba1,27.711000000000002,valid_return_fraction,/scan,1.0,0.5
1b9bac59-84b0-403e-aa0d-aaa52d8cbba1,27.810000000000002,valid_return_fraction,/scan,1.0,0.5
1b9bac59-84b0-403e-aa0d-aaa52d8cbba1,27.909000000000002,valid_return_fraction,/scan,1.0,0.5
1b9bac59-84b0-403e-aa0d-aaa52d8cbba1,28.011000000000003,valid_return_fraction,/scan,1.0,0.5
1b9bac59-84b0-403e-aa0d-aaa52d8cbba1,28.110000000000003,valid_return_fraction,/scan,1.0,0.5
1b9bac59-84b0-403e-aa0d-aaa52d8cbba1,28.209000000000003,valid_return_fraction,/scan,1.0,0.5
1b9bac59-84b0-403e-aa0d-aaa52d8cbba1,28.311000000000003,valid_return_fraction,/scan,1.0,0.5
1b9bac59-84b0-403e-aa0d-aaa52d8cbba1,28.413,valid_return_fraction,/scan,1.0,0.5
1b9bac59-84b0-403e-aa0d-aaa52d8cbba1,28.509,valid_return_fraction,/scan,1.0,0.5
1b9bac59-84b0-403e-aa0d-aaa52d8cbba1,28.611,valid_return_fraction,/scan,1.0,0.5
1b9bac59-84b0-403e-aa0d-aaa52d8cbba1,28.707,valid_return_fraction,/scan,1.0,0.5
1b9bac59-84b0-403e-aa0d-aaa52d8cbba1,28.809,valid_return_fraction,/scan,1.0,0.5
1b9bac59-84b0-403e-aa0d-aaa52d8cbba1,28.911,valid_return_fraction,/scan,1.0,0.5
1b9bac59-84b0-403e-aa0d-aaa52d8cbba1,29.01,valid_return_fraction,/scan,1.0,0.5
1b9bac59-84b0-403e-aa0d-aaa52d8cbba1,29.109,valid_return_fraction,/scan,1.0,0.5
1b9bac59-84b0-403e-aa0d-aaa52d8cbba1,29.214000000000002,valid_return_fraction,/scan,1.0,0.5
1b9bac59-84b0-403e-aa0d-aaa52d8cbba1,29.310000000000002,valid_return_fraction,/scan,1.0,0.5
1b9bac59-84b0-403e-aa0d-aaa52d8cbba1,29.409000000000002,valid_return_fraction,/scan,1.0,0.5
1b9bac59-84b0-403e-aa0d-aaa52d8cbba1,29.511000000000003,valid_return_fraction,/scan,1.0,0.5
1b9bac59-84b0-403e-aa0d-aaa52d8cbba1,29.610000000000003,valid_return_fraction,/scan,1.0,0.5
1b9bac59-84b0-403e-aa0d-aaa52d8cbba1,29.709000000000003,valid_return_fraction,/scan,1.0,0.5
1b9bac59-84b0-403e-aa0d-aaa52d8cbba1,29.808000000000003,valid_return_fraction,/scan,1.0,0.5
1b9bac59-84b0-403e-aa0d-aaa52d8cbba1,29.907000000000004,valid_return_fraction,/scan,1.0,0.5
1b9bac59-84b0-403e-aa0d-aaa52d8cbba1,30.009,valid_return_fraction,/scan,1.0,0.5
1b9bac59-84b0-403e-aa0d-aaa52d8cbba1,30.111,valid_return_fraction,/scan,1.0,0.5
1b9bac59-84b0-403e-aa0d-aaa52d8cbba1,30.21,valid_return_fraction,/scan,1.0,0.5
1b9bac59-84b0-403e-aa0d-aaa52d8cbba1,30.309,valid_return_fraction,/scan,1.0,0.5
1b9bac59-84b0-403e-aa0d-aaa52d8cbba1,30.411,valid_return_fraction,/scan,1.0,0.5
1b9bac59-84b0-403e-aa0d-aaa52d8cbba1,30.51,valid_return_fraction,/scan,1.0,0.5
1b9bac59-84b0-403e-aa0d-aaa52d8cbba1,30.609,valid_return_fraction,/scan,1.0,0.5
1b9bac59-84b0-403e-aa0d-aaa52d8cbba1,30.714000000000002,valid_return_fraction,/scan,1.0,0.5
1b9bac59-84b0-403e-aa0d-aaa52d8cbba1,30.810000000000002,valid_return_fraction,/scan,1.0,0.5
1b9bac59-84b0-403e-aa0d-aaa52d8cbba1,30.909000000000002,valid_return_fraction,/scan,1.0,0.5
1b9bac59-84b0-403e-aa0d-aaa52d8cbba1,31.011000000000003,valid_return_fraction,/scan,1.0,0.5
1b9bac59-84b0-403e-aa0d-aaa52d8cbba1,31.113000000000003,valid_return_fraction,/scan,1.0,0.5
1b9bac59-84b0-403e-aa0d-aaa52d8cbba1,31.212000000000003,valid_return_fraction,/scan,1.0,0.5
1b9bac59-84b0-403e-aa0d-aaa52d8cbba1,31.314000000000004,valid_return_fraction,/scan,1.0,0.5
1b9bac59-84b0-403e-aa0d-aaa52d8cbba1,31.410000000000004,valid_return_fraction,/scan,1.0,0.5
1b9bac59-84b0-403e-aa0d-aaa52d8cbba1,31.509,valid_return_fraction,/scan,1.0,0.5
1b9bac59-84b0-403e-aa0d-aaa52d8cbba1,31.611,valid_return_fraction,/scan,1.0,0.5
1b9bac59-84b0-403e-aa0d-aaa52d8cbba1,31.71,valid_return_fraction,/scan,1.0,0.5
1b9bac59-84b0-403e-aa0d-aaa52d8cbba1,31.809,valid_return_fraction,/scan,1.0,0.5
1b9bac59-84b0-403e-aa0d-aaa52d8cbba1,31.911,valid_return_fraction,/scan,1.0,0.5
1b9bac59-84b0-403e-aa0d-aaa52d8cbba1,32.010000000000005,valid_return_fraction,/scan,1.0,0.5
1b9bac59-84b0-403e-aa0d-aaa52d8cbba1,32.109,valid_return_fraction,/scan,1.0,0.5
1b9bac59-84b0-403e-aa0d-aaa52d8cbba1,32.211,valid_return_fraction,/scan,1.0,0.5
1b9bac59-84b0-403e-aa0d-aaa52d8cbba1,32.31,valid_return_fraction,/scan,1.0,0.5
1b9bac59-84b0-403e-aa0d-aaa52d8cbba1,32.409,valid_return_fraction,/scan,1.0,0.5
1b9bac59-84b0-403e-aa0d-aaa52d8cbba1,32.511,valid_return_fraction,/scan,1.0,0.5
1b9bac59-84b0-403e-aa0d-aaa52d8cbba1,32.613,valid_return_fraction,/scan,1.0,0.5
1b9bac59-84b0-403e-aa0d-aaa52d8cbba1,32.709,valid_return_fraction,/scan,1.0,0.5
1b9bac59-84b0-403e-aa0d-aaa52d8cbba1,32.811,valid_return_fraction,/scan,1.0,0.5
1b9bac59-84b0-403e-aa0d-aaa52d8cbba1,32.910000000000004,valid_return_fraction,/scan,1.0,0.5
1b9bac59-84b0-403e-aa0d-aaa52d8cbba1,33.009,valid_return_fraction,/scan,1.0,0.5
1b9bac59-84b0-403e-aa0d-aaa52d8cbba1,33.111000000000004,valid_return_fraction,/scan,1.0,0.5
1b9bac59-84b0-403e-aa0d-aaa52d8cbba1,33.21,valid_return_fraction,/scan,1.0,0.5
