run_id,timestamp,feature,source,value,max_age_seconds
4a778017-f9eb-4616-9c2a-65bf7b8f5291,12.651000000000002,amcl_x,/amcl_pose,-2.0,2.0
4a778017-f9eb-4616-9c2a-65bf7b8f5291,16.314,amcl_x,/amcl_pose,-1.7387739997538847,2.0
4a778017-f9eb-4616-9c2a-65bf7b8f5291,17.82,amcl_x,/amcl_pose,-1.4815601852851763,2.0
4a778017-f9eb-4616-9c2a-65bf7b8f5291,19.224,amcl_x,/amcl_pose,-1.2351950995524297,2.0
4a778017-f9eb-4616-9c2a-65bf7b8f5291,20.712,amcl_x,/amcl_pose,-0.9615684345513221,2.0
4a778017-f9eb-4616-9c2a-65bf7b8f5291,22.212,amcl_x,/amcl_pose,-0.6949472770890089,2.0
4a778017-f9eb-4616-9c2a-65bf7b8f5291,23.724,amcl_x,/amcl_pose,-0.4528303753533667,2.0
4a778017-f9eb-4616-9c2a-65bf7b8f5291,25.128,amcl_x,/amcl_pose,-0.20200805812188086,2.0
4a778017-f9eb-4616-9c2a-65bf7b8f5291,26.532,amcl_x,/amcl_pose,0.05055431463644128,2.0
4a778017-f9eb-4616-9c2a-65bf7b8f5291,28.116000000000003,amcl_x,/amcl_pose,0.29055204932195816,2.0
4a778017-f9eb-4616-9c2a-65bf7b8f5291,29.916,amcl_x,/amcl_pose,0.5474350747858381,2.0
4a778017-f9eb-4616-9c2a-65bf7b8f5291,12.651000000000002,amcl_y,/amcl_pose,-0.5,2.0
4a778017-f9eb-4616-9c2a-65bf7b8f5291,16.314,amcl_y,/amcl_pose,-0.509917256567252,2.0
4a778017-f9eb-4616-9c2a-65bf7b8f5291,17.82,amcl_y,/amcl_pose,-0.5288376652728383,2.0
4a778017-f9eb-4616-9c2a-65bf7b8f5291,19.224,amcl_y,/amcl_pose,-0.5492933608931456,2.0
4a778017-f9eb-4616-9c2a-65bf7b8f5291,20.712,amcl_y,/amcl_pose,-0.5591086696629254,2.0
4a778017-f9eb-4616-9c2a-65bf7b8f5291,22.212,amcl_y,/amcl_pose,-0.5668424970820327,2.0
4a778017-f9eb-4616-9c2a-65bf7b8f5291,23.724,amcl_y,/amcl_pose,-0.5839216099377801,2.0
4a778017-f9eb-4616-9c2a-65bf7b8f5291,25.128,amcl_y,/amcl_pose,-0.5739561690913991,2.0
4a778017-f9eb-4616-9c2a-65bf7b8f5291,26.532,amcl_y,/amcl_pose,-0.5769859436878504,2.0
4a778017-f9eb-4616-9c2a-65bf7b8f5291,28.116000000000003,amcl_y,/amcl_pose,-0.5794908942578818,2.0
4a778017-f9eb-4616-9c2a-65bf7b8f5291,29.916,amcl_y,/amcl_pose,-0.5978290046134035,2.0
4a778017-f9eb-4616-9c2a-65bf7b8f5291,14.334000000000001,command_angular,/cmd_vel,0.0036937491968274117,0.5
4a778017-f9eb-4616-9c2a-65bf7b8f5291,14.364,command_angular,/cmd_vel,0.006546645890921354,0.5
4a778017-f9eb-4616-9c2a-65bf7b8f5291,14.403,command_angular,/cmd_vel,-0.020959397777915,0.5
4a778017-f9eb-4616-9c2a-65bf7b8f5291,14.475000000000001,command_angular,/cmd_vel,-0.04696805402636528,0.5
4a778017-f9eb-4616-9c2a-65bf7b8f5291,14.514000000000001,command_angular,/cmd_vel,-0.06059037894010544,0.5
4a778017-f9eb-4616-9c2a-65bf7b8f5291,14.544,command_angular,/cmd_vel,-0.05531934276223183,0.5
4a778017-f9eb-4616-9c2a-65bf7b8f5291,14.625000000000002,command_angular,/cmd_vel,-0.04876638576388359,0.5
4a778017-f9eb-4616-9c2a-65bf7b8f5291,14.655000000000001,command_angular,/cmd_vel,-0.03735103830695152,0.5
4a778017-f9eb-4616-9c2a-65bf7b8f5291,14.724,command_angular,/cmd_vel,-0.03773932904005051,0.5
4a778017-f9eb-4616-9c2a-65bf7b8f5291,14.763000000000002,command_angular,/cmd_vel,-0.037279874086380005,0.5
4a778017-f9eb-4616-9c2a-65bf7b8f5291,14.805000000000001,command_angular,/cmd_vel,-0.03787866234779358,0.5
4a778017-f9eb-4616-9c2a-65bf7b8f5291,14.874,command_angular,/cmd_vel,-0.04225383698940277,0.5
4a778017-f9eb-4616-9c2a-65bf7b8f5291,14.904000000000002,command_angular,/cmd_vel,-0.046917665749788284,0.5
4a778017-f9eb-4616-9c2a-65bf7b8f5291,14.985000000000001,command_angular,/cmd_vel,-0.04466835409402847,0.5
4a778017-f9eb-4616-9c2a-65bf7b8f5291,15.015,command_angular,/cmd_vel,-0.03960056230425835,0.5
4a778017-f9eb-4616-9c2a-65bf7b8f5291,15.054,command_angular,/cmd_vel,-0.042459454387426376,0.5
4a778017-f9eb-4616-9c2a-65bf7b8f5291,15.123000000000001,command_angular,/cmd_vel,-0.04215148091316223,0.5
4a778017-f9eb-4616-9c2a-65bf7b8f5291,15.165000000000001,command_angular,/cmd_vel,-0.046292491257190704,0.5
4a778017-f9eb-4616-9c2a-65bf7b8f5291,15.234000000000002,command_angular,/cmd_vel,-0.04345598444342613,0.5
4a778017-f9eb-4616-9c2a-65bf7b8f5291,15.264000000000001,command_angular,/cmd_vel,-0.050099246203899384,0.5
4a778017-f9eb-4616-9c2a-65bf7b8f5291,15.303,command_angular,/cmd_vel,-0.047571681439876556,0.5
4a778017-f9eb-4616-9c2a-65bf7b8f5291,15.375000000000002,command_angular,/cmd_vel,-0.04196750000119209,0.5
4a778017-f9eb-4616-9c2a-65bf7b8f5291,15.414000000000001,command_angular,/cmd_vel,-0.04841313511133194,0.5
4a778017-f9eb-4616-9c2a-65bf7b8f5291,15.444,command_angular,/cmd_vel,-0.04508505016565323,0.5
4a778017-f9eb-4616-9c2a-65bf7b8f5291,15.525,command_angular,/cmd_vel,-0.043243180960416794,0.5
4a778017-f9eb-4616-9c2a-65bf7b8f5291,15.555000000000001,command_angular,/cmd_vel,-0.04415345937013626,0.5
4a778017-f9eb-4616-9c2a-65bf7b8f5291,15.624,command_angular,/cmd_vel,-0.030806265771389008,0.5
4a778017-f9eb-4616-9c2a-65bf7b8f5291,15.663,command_angular,/cmd_vel,-0.02944089286029339,0.5
4a778017-f9eb-4616-9c2a-65bf7b8f5291,15.705000000000002,command_angular,/cmd_vel,-0.03207429498434067,0.5
4a778017-f9eb-4616-9c2a-65bf7b8f5291,15.774000000000001,command_angular,/cmd_vel,-0.03404664248228073,0.5
4a778017-f9eb-4616-9c2a-65bf7b8f5291,15.804,command_angular,/cmd_vel,-0.03414183482527733,0.5
4a778017-f9eb-4616-9c2a-65bf7b8f5291,15.885000000000002,command_angular,/cmd_vel,-0.036648474633693695,0.5
4a778017-f9eb-4616-9c2a-65bf7b8f5291,15.915000000000001,command_angular,/cmd_vel,-0.042701356112957,0.5
4a778017-f9eb-4616-9c2a-65bf7b8f5291,15.954,command_angular,/cmd_vel,-0.03097924217581749,0.5
4a778017-f9eb-4616-9c2a-65bf7b8f5291,16.023,command_angular,/cmd_vel,-0.037718772888183594,0.5
4a778017-f9eb-4616-9c2a-65bf7b8f5291,16.065,command_angular,/cmd_vel,-0.04216406121850014,0.5
4a778017-f9eb-4616-9c2a-65bf7b8f5291,16.134,command_angular,/cmd_vel,-0.039049215614795685,0.5
4a778017-f9eb-4616-9c2a-65bf7b8f5291,16.164,command_angular,/cmd_vel,-0.04034122824668884,0.5
4a778017-f9eb-4616-9c2a-65bf7b8f5291,16.203,command_angular,/cmd_vel,-0.030341511592268944,0.5
4a778017-f9eb-4616-9c2a-65bf7b8f5291,16.275000000000002,command_angular,/cmd_vel,-0.024818524718284607,0.5
4a778017-f9eb-4616-9c2a-65bf7b8f5291,16.314,command_angular,/cmd_vel,-0.023456385359168053,0.5
4a778017-f9eb-4616-9c2a-65bf7b8f5291,16.344,command_angular,/cmd_vel,-0.01809617318212986,0.5
4a778017-f9eb-4616-9c2a-65bf7b8f5291,16.425,command_angular,/cmd_vel,-0.01896488666534424,0.5
4a778017-f9eb-4616-9c2a-65bf7b8f5291,16.455000000000002,command_angular,/cmd_vel,-0.02459351345896721,0.5
4a778017-f9eb-4616-9c2a-65bf7b8f5291,16.524,command_angular,/cmd_vel,-0.02732934057712555,0.5
4a778017-f9eb-4616-9c2a-65bf7b8f5291,16.563000000000002,command_angular,/cmd_vel,-0.01896090991795063,0.5
4a778017-f9eb-4616-9c2a-65bf7b8f5291,16.605,command_angular,/cmd_vel,-0.014648081734776497,0.5
4a778017-f9eb-4616-9c2a-65bf7b8f5291,16.674,command_angular,/cmd_vel,-0.016640877351164818,0.5
4a778017-f9eb-4616-9c2a-65bf7b8f5291,16.704,command_angular,/cmd_vel,-0.01253393106162548,0.5
4a778017-f9eb-4616-9c2a-65bf7b8f5291,16.785,command_angular,/cmd_vel,-0.014496964402496815,0.5
4a778017-f9eb-4616-9c2a-65bf7b8f5291,16.815,command_angular,/cmd_vel,-0.01722029224038124,0.5
4a778017-f9eb-4616-9c2a-65bf7b8f5291,16.854000000000003,command_angular,/cmd_vel,-0.013202186673879623,0.5
4a778017-f9eb-4616-9c2a-65bf7b8f5291,16.923000000000002,command_angular,/cmd_vel,-0.020107973366975784,0.5
4a778017-f9eb-4616-9c2a-65bf7b8f5291,16.965,command_angular,/cmd_vel,-0.012990492396056652,0.5
4a778017-f9eb-4616-9c2a-65bf7b8f5291,17.034000000000002,command_angular,/cmd_vel,-0.010320411995053291,0.5
4a778017-f9eb-4616-9c2a-65bf7b8f5291,17.064,command_angular,/cmd_vel,-0.0045210253447294235,0.5
4a778017-f9eb-4616-9c2a-65bf7b8f5291,17.103,command_angular,/cmd_vel,-0.0034881513565778732,0.5
4a778017-f9eb-4616-9c2a-65bf7b8f5291,17.175,command_angular,/cmd_vel,-0.013522589579224586,0.5
4a778017-f9eb-4616-9c2a-65bf7b8f5291,17.214000000000002,command_angular,/cmd_vel,-0.01275020744651556,0.5
4a778017-f9eb-4616-9c2a-65bf7b8f5291,17.244,command_angular,/cmd_vel,-0.0044323718175292015,0.5
4a778017-f9eb-4616-9c2a-65bf7b8f5291,17.325000000000003,command_angular,/cmd_vel,-0.0005877279909327626,0.5
4a778017-f9eb-4616-9c2a-65bf7b8f5291,17.355,command_angular,/cmd_vel,-0.009806339628994465,0.5
4a778017-f9eb-4616-9c2a-65bf7b8f5291,17.424,command_angular,/cmd_vel,0.007494169753044844,0.5
4a778017-f9eb-4616-9c2a-65bf7b8f5291,17.463,command_angular,/cmd_vel,0.006264530122280121,0.5
4a778017-f9eb-4616-9c2a-65bf7b8f5291,17.505000000000003,command_angular,/cmd_vel,0.01630351133644581,0.5
4a778017-f9eb-4616-9c2a-65bf7b8f5291,17.574,command_angular,/cmd_vel,0.016904287040233612,0.5
4a778017-f9eb-4616-9c2a-65bf7b8f5291,17.604000000000003,command_angular,/cmd_vel,0.012230130843818188,0.5
4a778017-f9eb-4616-9c2a-65bf7b8f5291,17.685000000000002,command_angular,/cmd_vel,0.005149863660335541,0.5
4a778017-f9eb-4616-9c2a-65bf7b8f5291,17.715,command_angular,/cmd_vel,0.004629750736057758,0.5
4a778017-f9eb-4616-9c2a-65bf7b8f5291,17.754,command_angular,/cmd_vel,-0.003358860732987523,0.5
4a778017-f9eb-4616-9c2a-65bf7b8f5291,17.823,command_angular,/cmd_vel,0.0017047349829226732,0.5
4a778017-f9eb-4616-9c2a-65bf7b8f5291,17.865000000000002,command_angular,/cmd_vel,0.011918196454644203,0.5
4a778017-f9eb-4616-9c2a-65bf7b8f5291,17.934,command_angular,/cmd_vel,0.015049094334244728,0.5
4a778017-f9eb-4616-9c2a-65bf7b8f5291,17.964000000000002,command_angular,/cmd_vel,0.012659038417041302,0.5
4a778017-f9eb-4616-9c2a-65bf7b8f5291,18.003,command_angular,/cmd_vel,0.013434425927698612,0.5
4a778017-f9eb-4616-9c2a-65bf7b8f5291,18.075000000000003,command_angular,/cmd_vel,0.015778541564941406,0.5
4a778017-f9eb-4616-9c2a-65bf7b8f5291,18.114,command_angular,/cmd_vel,0.016733834519982338,0.5
4a778017-f9eb-4616-9c2a-65bf7b8f5291,18.144000000000002,command_angular,/cmd_vel,0.018079254776239395,0.5
4a778017-f9eb-4616-9c2a-65bf7b8f5291,18.225,command_angular,/cmd_vel,0.0073746489360928535,0.5
4a778017-f9eb-4616-9c2a-65bf7b8f5291,18.255000000000003,command_angular,/cmd_vel,0.010773113928735256,0.5
4a778017-f9eb-4616-9c2a-65bf7b8f5291,18.324,command_angular,/cmd_vel,0.01170053705573082,0.5
4a778017-f9eb-4616-9c2a-65bf7b8f5291,18.363,command_angular,/cmd_vel,0.008764946833252907,0.5
4a778017-f9eb-4616-9c2a-65bf7b8f5291,18.405,command_angular,/cmd_vel,0.01919027417898178,0.5
4a778017-f9eb-4616-9c2a-65bf7b8f5291,18.474,command_angular,/cmd_vel,0.025329282507300377,0.5
4a778017-f9eb-4616-9c2a-65bf7b8f5291,18.504,command_angular,/cmd_vel,0.02711334452033043,0.5
4a778017-f9eb-4616-9c2a-65bf7b8f5291,18.585,command_angular,/cmd_vel,0.020392941311001778,0.5
4a778017-f9eb-4616-9c2a-65bf7b8f5291,18.615000000000002,command_angular,/cmd_vel,0.013489620760083199,0.5
4a778017-f9eb-4616-9c2a-65bf7b8f5291,18.654,command_angular,/cmd_vel,0.013333405368030071,0.5
4a778017-f9eb-4616-9c2a-65bf7b8f5291,18.723000000000003,command_angular,/cmd_vel,0.013127553276717663,0.5
4a778017-f9eb-4616-9c2a-65bf7b8f5291,18.765,command_angular,/cmd_vel,0.016121283173561096,0.5
4a778017-f9eb-4616-9c2a-65bf7b8f5291,18.834,command_angular,/cmd_vel,0.025050366297364235,0.5
4a778017-f9eb-4616-9c2a-65bf7b8f5291,18.864,command_angular,/cmd_vel,0.02342751994729042,0.5
4a778017-f9eb-4616-9c2a-65bf7b8f5291,18.903000000000002,command_angular,/cmd_vel,0.02552204206585884,0.5
4a778017-f9eb-4616-9c2a-65bf7b8f5291,18.975,command_angular,/cmd_vel,0.026984505355358124,0.5
4a778017-f9eb-4616-9c2a-65bf7b8f5291,19.014000000000003,command_angular,/cmd_vel,0.03336082026362419,0.5
4a778017-f9eb-4616-9c2a-65bf7b8f5291,19.044,command_angular,/cmd_vel,0.02794068679213524,0.5
4a778017-f9eb-4616-9c2a-65bf7b8f5291,19.125,command_angular,/cmd_vel,0.024305958300828934,0.5
4a778017-f9eb-4616-9c2a-65bf7b8f5291,19.155,command_angular,/cmd_vel,0.020885411649942398,0.5
4a778017-f9eb-4616-9c2a-65bf7b8f5291,19.224,command_angular,/cmd_vel,0.0231906920671463,0.5
4a778017-f9eb-4616-9c2a-65bf7b8f5291,19.263,command_angular,/cmd_vel,0.01970883645117283,0.5
4a778017-f9eb-4616-9c2a-65bf7b8f5291,19.305,command_angular,/cmd_vel,0.018374500796198845,0.5
4a778017-f9eb-4616-9c2a-65bf7b8f5291,19.374000000000002,command_angular,/cmd_vel,0.022932175546884537,0.5
4a778017-f9eb-4616-9c2a-65bf7b8f5291,19.404,command_angular,/cmd_vel,0.02644701488316059,0.5
4a778017-f9eb-4616-9c2a-65bf7b8f5291,19.485000000000003,command_angular,/cmd_vel,0.02210661768913269,0.5
4a778017-f9eb-4616-9c2a-65bf7b8f5291,19.515,command_angular,/cmd_vel,0.022463733330368996,0.5
4a778017-f9eb-4616-9c2a-65bf7b8f5291,19.554000000000002,command_angular,/cmd_vel,0.023928670212626457,0.5
4a778017-f9eb-4616-9c2a-65bf7b8f5291,19.623,command_angular,/cmd_vel,0.02978760376572609,0.5
4a778017-f9eb-4616-9c2a-65bf7b8f5291,19.665000000000003,command_angular,/cmd_vel,0.023040372878313065,0.5
4a778017-f9eb-4616-9c2a-65bf7b8f5291,19.734,command_angular,/cmd_vel,0.018435895442962646,0.5
4a778017-f9eb-4616-9c2a-65bf7b8f5291,19.764000000000003,command_angular,/cmd_vel,0.018604930490255356,0.5
4a778017-f9eb-4616-9c2a-65bf7b8f5291,19.803,command_angular,/cmd_vel,0.018269363790750504,0.5
4a778017-f9eb-4616-9c2a-65bf7b8f5291,19.875,command_angular,/cmd_vel,0.018812552094459534,0.5
4a778017-f9eb-4616-9c2a-65bf7b8f5291,19.914,command_angular,/cmd_vel,0.026207830756902695,0.5
4a778017-f9eb-4616-9c2a-65bf7b8f5291,19.944000000000003,command_angular,/cmd_vel,0.033891867846250534,0.5
4a778017-f9eb-4616-9c2a-65bf7b8f5291,20.025000000000002,command_angular,/cmd_vel,0.024519968777894974,0.5
4a778017-f9eb-4616-9c2a-65bf7b8f5291,20.055,command_angular,/cmd_vel,0.023080646991729736,0.5
4a778017-f9eb-4616-9c2a-65bf7b8f5291,20.124000000000002,command_angular,/cmd_vel,0.02625303342938423,0.5
4a778017-f9eb-4616-9c2a-65bf7b8f5291,20.163,command_angular,/cmd_vel,0.019083388149738312,0.5
4a778017-f9eb-4616-9c2a-65bf7b8f5291,20.205000000000002,command_angular,/cmd_vel,0.020828448235988617,0.5
4a778017-f9eb-4616-9c2a-65bf7b8f5291,20.274,command_angular,/cmd_vel,0.024044271558523178,0.5
4a778017-f9eb-4616-9c2a-65bf7b8f5291,20.304000000000002,command_angular,/cmd_vel,0.021035151556134224,0.5
4a778017-f9eb-4616-9c2a-65bf7b8f5291,20.385,command_angular,/cmd_vel,0.018985925242304802,0.5
4a778017-f9eb-4616-9c2a-65bf7b8f5291,20.415000000000003,command_angular,/cmd_vel,0.022404147312045097,0.5
4a778017-f9eb-4616-9c2a-65bf7b8f5291,20.454,command_angular,/cmd_vel,0.014764181338250637,0.5
4a778017-f9eb-4616-9c2a-65bf7b8f5291,20.523,command_angular,/cmd_vel,0.016030844300985336,0.5
4a778017-f9eb-4616-9c2a-65bf7b8f5291,20.565,command_angular,/cmd_vel,0.0143000278621912,0.5
4a778017-f9eb-4616-9c2a-65bf7b8f5291,20.634,command_angular,/cmd_vel,0.02107739821076393,0.5
4a778017-f9eb-4616-9c2a-65bf7b8f5291,20.664,command_angular,/cmd_vel,0.01788785308599472,0.5
4a778017-f9eb-4616-9c2a-65bf7b8f5291,20.703000000000003,command_angular,/cmd_vel,0.013563230633735657,0.5
4a778017-f9eb-4616-9c2a-65bf7b8f5291,20.775000000000002,command_angular,/cmd_vel,0.016126863658428192,0.5
4a778017-f9eb-4616-9c2a-65bf7b8f5291,20.814,command_angular,/cmd_vel,0.01586069166660309,0.5
4a778017-f9eb-4616-9c2a-65bf7b8f5291,20.844,command_angular,/cmd_vel,0.013488201424479485,0.5
4a778017-f9eb-4616-9c2a-65bf7b8f5291,20.925,command_angular,/cmd_vel,0.00932254083454609,0.5
4a778017-f9eb-4616-9c2a-65bf7b8f5291,20.955000000000002,command_angular,/cmd_vel,0.014824907295405865,0.5
4a778017-f9eb-4616-9c2a-65bf7b8f5291,21.024,command_angular,/cmd_vel,0.012613960541784763,0.5
4a778017-f9eb-4616-9c2a-65bf7b8f5291,21.063000000000002,command_angular,/cmd_vel,0.019165024161338806,0.5
4a778017-f9eb-4616-9c2a-65bf7b8f5291,21.105,command_angular,/cmd_vel,0.018059156835079193,0.5
4a778017-f9eb-4616-9c2a-65bf7b8f5291,21.174000000000003,command_angular,/cmd_vel,0.01559926476329565,0.5
4a778017-f9eb-4616-9c2a-65bf7b8f5291,21.204,command_angular,/cmd_vel,0.011491225101053715,0.5
4a778017-f9eb-4616-9c2a-65bf7b8f5291,21.285,command_angular,/cmd_vel,0.012274590320885181,0.5
4a778017-f9eb-4616-9c2a-65bf7b8f5291,21.315,command_angular,/cmd_vel,0.014702127315104008,0.5
4a778017-f9eb-4616-9c2a-65bf7b8f5291,21.354000000000003,command_angular,/cmd_vel,0.01976066455245018,0.5
4a778017-f9eb-4616-9c2a-65bf7b8f5291,21.423000000000002,command_angular,/cmd_vel,0.01326406467705965,0.5
4a778017-f9eb-4616-9c2a-65bf7b8f5291,21.465,command_angular,/cmd_vel,0.010158000513911247,0.5
4a778017-f9eb-4616-9c2a-65bf7b8f5291,21.534000000000002,command_angular,/cmd_vel,0.013472728431224823,0.5
4a778017-f9eb-4616-9c2a-65bf7b8f5291,21.564,command_angular,/cmd_vel,0.016107045114040375,0.5
4a778017-f9eb-4616-9c2a-65bf7b8f5291,21.603,command_angular,/cmd_vel,0.009312060661613941,0.5
4a778017-f9eb-4616-9c2a-65bf7b8f5291,21.675,command_angular,/cmd_vel,0.010056482627987862,0.5
4a778017-f9eb-4616-9c2a-65bf7b8f5291,21.714000000000002,command_angular,/cmd_vel,0.007513051386922598,0.5
4a778017-f9eb-4616-9c2a-65bf7b8f5291,21.744,command_angular,/cmd_vel,-0.002386643085628748,0.5
4a778017-f9eb-4616-9c2a-65bf7b8f5291,21.825000000000003,command_angular,/cmd_vel,0.003158809617161751,0.5
4a778017-f9eb-4616-9c2a-65bf7b8f5291,21.855,command_angular,/cmd_vel,0.0004449568223208189,0.5
4a778017-f9eb-4616-9c2a-65bf7b8f5291,21.924000000000003,command_angular,/cmd_vel,-4.1486520785838366e-05,0.5
4a778017-f9eb-4616-9c2a-65bf7b8f5291,21.963,command_angular,/cmd_vel,0.005684997886419296,0.5
4a778017-f9eb-4616-9c2a-65bf7b8f5291,22.005000000000003,command_angular,/cmd_vel,0.01114810723811388,0.5
4a778017-f9eb-4616-9c2a-65bf7b8f5291,22.074,command_angular,/cmd_vel,0.01316095981746912,0.5
4a778017-f9eb-4616-9c2a-65bf7b8f5291,22.104000000000003,command_angular,/cmd_vel,0.017418066039681435,0.5
4a778017-f9eb-4616-9c2a-65bf7b8f5291,22.185000000000002,command_angular,/cmd_vel,0.016248317435383797,0.5
4a778017-f9eb-4616-9c2a-65bf7b8f5291,22.215,command_angular,/cmd_vel,0.006862071342766285,0.5
4a778017-f9eb-4616-9c2a-65bf7b8f5291,22.254,command_angular,/cmd_vel,0.0004615369252860546,0.5
4a778017-f9eb-4616-9c2a-65bf7b8f5291,22.323,command_angular,/cmd_vel,0.008840248920023441,0.5
4a778017-f9eb-4616-9c2a-65bf7b8f5291,22.365000000000002,command_angular,/cmd_vel,0.01181094255298376,0.5
4a778017-f9eb-4616-9c2a-65bf7b8f5291,22.434,command_angular,/cmd_vel,0.014034690335392952,0.5
4a778017-f9eb-4616-9c2a-65bf7b8f5291,22.464000000000002,command_angular,/cmd_vel,0.012502183206379414,0.5
4a778017-f9eb-4616-9c2a-65bf7b8f5291,22.503,command_angular,/cmd_vel,0.004329130984842777,0.5
4a778017-f9eb-4616-9c2a-65bf7b8f5291,22.575000000000003,command_angular,/cmd_vel,0.013258079998195171,0.5
4a778017-f9eb-4616-9c2a-65bf7b8f5291,22.614,command_angular,/cmd_vel,0.010188712738454342,0.5
4a778017-f9eb-4616-9c2a-65bf7b8f5291,22.644000000000002,command_angular,/cmd_vel,0.004474763758480549,0.5
4a778017-f9eb-4616-9c2a-65bf7b8f5291,22.725,command_angular,/cmd_vel,0.010869166813790798,0.5
4a778017-f9eb-4616-9c2a-65bf7b8f5291,22.755000000000003,command_angular,/cmd_vel,0.018158700317144394,0.5
4a778017-f9eb-4616-9c2a-65bf7b8f5291,22.824,command_angular,/cmd_vel,0.020191706717014313,0.5
4a778017-f9eb-4616-9c2a-65bf7b8f5291,22.863000000000003,command_angular,/cmd_vel,0.02858833223581314,0.5
4a778017-f9eb-4616-9c2a-65bf7b8f5291,22.905,command_angular,/cmd_vel,0.023915743455290794,0.5
4a778017-f9eb-4616-9c2a-65bf7b8f5291,22.974,command_angular,/cmd_vel,0.01105305552482605,0.5
4a778017-f9eb-4616-9c2a-65bf7b8f5291,23.004,command_angular,/cmd_vel,0.01101941429078579,0.5
4a778017-f9eb-4616-9c2a-65bf7b8f5291,23.085,command_angular,/cmd_vel,0.0050787897780537605,0.5
4a778017-f9eb-4616-9c2a-65bf7b8f5291,23.115000000000002,command_angular,/cmd_vel,0.011171110905706882,0.5
4a778017-f9eb-4616-9c2a-65bf7b8f5291,23.154,command_angular,/cmd_vel,0.009914038702845573,0.5
4a778017-f9eb-4616-9c2a-65bf7b8f5291,23.223000000000003,command_angular,/cmd_vel,0.00903987605124712,0.5
4a778017-f9eb-4616-9c2a-65bf7b8f5291,23.265,command_angular,/cmd_vel,0.011397821828722954,0.5
4a778017-f9eb-4616-9c2a-65bf7b8f5291,23.334000000000003,command_angular,/cmd_vel,0.011186080053448677,0.5
4a778017-f9eb-4616-9c2a-65bf7b8f5291,23.364,command_angular,/cmd_vel,0.018938671797513962,0.5
4a778017-f9eb-4616-9c2a-65bf7b8f5291,23.403000000000002,command_angular,/cmd_vel,0.02431836724281311,0.5
4a778017-f9eb-4616-9c2a-65bf7b8f5291,23.475,command_angular,/cmd_vel,0.03532065451145172,0.5
4a778017-f9eb-4616-9c2a-65bf7b8f5291,23.514000000000003,command_angular,/cmd_vel,0.03152353689074516,0.5
4a778017-f9eb-4616-9c2a-65bf7b8f5291,23.544,command_angular,/cmd_vel,0.01609807088971138,0.5
4a778017-f9eb-4616-9c2a-65bf7b8f5291,23.625,command_angular,/cmd_vel,-0.007119293324649334,0.5
4a778017-f9eb-4616-9c2a-65bf7b8f5291,23.655,command_angular,/cmd_vel,0.0007443949580192566,0.5
4a778017-f9eb-4616-9c2a-65bf7b8f5291,23.724,command_angular,/cmd_vel,0.0022889182437211275,0.5
4a778017-f9eb-4616-9c2a-65bf7b8f5291,23.763,command_angular,/cmd_vel,0.0012381821870803833,0.5
4a778017-f9eb-4616-9c2a-65bf7b8f5291,23.805,command_angular,/cmd_vel,0.013946490362286568,0.5
4a778017-f9eb-4616-9c2a-65bf7b8f5291,23.874000000000002,command_angular,/cmd_vel,0.013035442680120468,0.5
4a778017-f9eb-4616-9c2a-65bf7b8f5291,23.904,command_angular,/cmd_vel,0.009927541017532349,0.5
4a778017-f9eb-4616-9c2a-65bf7b8f5291,23.985000000000003,command_angular,/cmd_vel,0.0028609626460820436,0.5
4a778017-f9eb-4616-9c2a-65bf7b8f5291,24.015,command_angular,/cmd_vel,0.0002859937376342714,0.5
4a778017-f9eb-4616-9c2a-65bf7b8f5291,24.054000000000002,command_angular,/cmd_vel,0.0031335873063653708,0.5
4a778017-f9eb-4616-9c2a-65bf7b8f5291,24.123,command_angular,/cmd_vel,0.0068509201519191265,0.5
4a778017-f9eb-4616-9c2a-65bf7b8f5291,24.165000000000003,command_angular,/cmd_vel,0.0040029678493738174,0.5
4a778017-f9eb-4616-9c2a-65bf7b8f5291,24.234,command_angular,/cmd_vel,0.0006733207264915109,0.5
4a778017-f9eb-4616-9c2a-65bf7b8f5291,24.264000000000003,command_angular,/cmd_vel,-0.001433027209714055,0.5
4a778017-f9eb-4616-9c2a-65bf7b8f5291,24.303,command_angular,/cmd_vel,-0.0017387615516781807,0.5
4a778017-f9eb-4616-9c2a-65bf7b8f5291,24.375,command_angular,/cmd_vel,-0.000365988293197006,0.5
4a778017-f9eb-4616-9c2a-65bf7b8f5291,24.414,command_angular,/cmd_vel,-0.0007634792127646506,0.5
4a778017-f9eb-4616-9c2a-65bf7b8f5291,24.444000000000003,command_angular,/cmd_vel,0.00215139240026474,0.5
4a778017-f9eb-4616-9c2a-65bf7b8f5291,24.525000000000002,command_angular,/cmd_vel,-0.004973912611603737,0.5
4a778017-f9eb-4616-9c2a-65bf7b8f5291,24.555000000000003,command_angular,/cmd_vel,-0.007899772375822067,0.5
4a778017-f9eb-4616-9c2a-65bf7b8f5291,24.624000000000002,command_angular,/cmd_vel,-0.00015087069186847657,0.5
4a778017-f9eb-4616-9c2a-65bf7b8f5291,24.663,command_angular,/cmd_vel,0.00025008845841512084,0.5
4a778017-f9eb-4616-9c2a-65bf7b8f5291,24.705000000000002,command_angular,/cmd_vel,0.01815064810216427,0.5
4a778017-f9eb-4616-9c2a-65bf7b8f5291,24.774,command_angular,/cmd_vel,0.028832880780100822,0.5
4a778017-f9eb-4616-9c2a-65bf7b8f5291,24.804000000000002,command_angular,/cmd_vel,0.03558291494846344,0.5
4a778017-f9eb-4616-9c2a-65bf7b8f5291,24.885,command_angular,/cmd_vel,0.028344986960291862,0.5
4a778017-f9eb-4616-9c2a-65bf7b8f5291,24.915000000000003,command_angular,/cmd_vel,0.019938334822654724,0.5
4a778017-f9eb-4616-9c2a-65bf7b8f5291,24.954,command_angular,/cmd_vel,0.015811311081051826,0.5
4a778017-f9eb-4616-9c2a-65bf7b8f5291,25.023000000000003,command_angular,/cmd_vel,0.0170444268733263,0.5
4a778017-f9eb-4616-9c2a-65bf7b8f5291,25.065,command_angular,/cmd_vel,0.021337341517210007,0.5
4a778017-f9eb-4616-9c2a-65bf7b8f5291,25.134,command_angular,/cmd_vel,0.024018652737140656,0.5
4a778017-f9eb-4616-9c2a-65bf7b8f5291,25.164,command_angular,/cmd_vel,0.02322317473590374,0.5
4a778017-f9eb-4616-9c2a-65bf7b8f5291,25.203000000000003,command_angular,/cmd_vel,0.024039793759584427,0.5
4a778017-f9eb-4616-9c2a-65bf7b8f5291,25.275000000000002,command_angular,/cmd_vel,0.023499086499214172,0.5
4a778017-f9eb-4616-9c2a-65bf7b8f5291,25.314,command_angular,/cmd_vel,0.020533671602606773,0.5
4a778017-f9eb-4616-9c2a-65bf7b8f5291,25.344,command_angular,/cmd_vel,0.01677567884325981,0.5
4a778017-f9eb-4616-9c2a-65bf7b8f5291,25.425,command_angular,/cmd_vel,0.01865759864449501,0.5
4a778017-f9eb-4616-9c2a-65bf7b8f5291,25.455000000000002,command_angular,/cmd_vel,0.020645374432206154,0.5
4a778017-f9eb-4616-9c2a-65bf7b8f5291,25.524,command_angular,/cmd_vel,0.016609301790595055,0.5
4a778017-f9eb-4616-9c2a-65bf7b8f5291,25.563000000000002,command_angular,/cmd_vel,0.017572997137904167,0.5
4a778017-f9eb-4616-9c2a-65bf7b8f5291,25.605,command_angular,/cmd_vel,-0.028050411492586136,0.5
4a778017-f9eb-4616-9c2a-65bf7b8f5291,25.674000000000003,command_angular,/cmd_vel,-0.032672856003046036,0.5
4a778017-f9eb-4616-9c2a-65bf7b8f5291,25.704,command_angular,/cmd_vel,-0.04132615029811859,0.5
4a778017-f9eb-4616-9c2a-65bf7b8f5291,25.785,command_angular,/cmd_vel,-0.0319354422390461,0.5
4a778017-f9eb-4616-9c2a-65bf7b8f5291,25.815,command_angular,/cmd_vel,-0.027561122551560402,0.5
4a778017-f9eb-4616-9c2a-65bf7b8f5291,25.854000000000003,command_angular,/cmd_vel,-0.02147606387734413,0.5
4a778017-f9eb-4616-9c2a-65bf7b8f5291,25.923000000000002,command_angular,/cmd_vel,-0.01929938979446888,0.5
4a778017-f9eb-4616-9c2a-65bf7b8f5291,25.965,command_angular,/cmd_vel,-0.023726563900709152,0.5
4a778017-f9eb-4616-9c2a-65bf7b8f5291,26.034000000000002,command_angular,/cmd_vel,-0.024378929287195206,0.5
4a778017-f9eb-4616-9c2a-65bf7b8f5291,26.064,command_angular,/cmd_vel,-0.026167860254645348,0.5
4a778017-f9eb-4616-9c2a-65bf7b8f5291,26.103,command_angular,/cmd_vel,-0.028690598905086517,0.5
4a778017-f9eb-4616-9c2a-65bf7b8f5291,26.175,command_angular,/cmd_vel,-0.03425569832324982,0.5
4a778017-f9eb-4616-9c2a-65bf7b8f5291,26.214000000000002,command_angular,/cmd_vel,-0.037164099514484406,0.5
4a778017-f9eb-4616-9c2a-65bf7b8f5291,26.244000000000003,command_angular,/cmd_vel,-0.041307684034109116,0.5
4a778017-f9eb-4616-9c2a-65bf7b8f5291,26.325000000000003,command_angular,/cmd_vel,-0.03530087321996689,0.5
4a778017-f9eb-4616-9c2a-65bf7b8f5291,26.355,command_angular,/cmd_vel,-0.0316532701253891,0.5
4a778017-f9eb-4616-9c2a-65bf7b8f5291,26.424000000000003,command_angular,/cmd_vel,-0.03140033408999443,0.5
4a778017-f9eb-4616-9c2a-65bf7b8f5291,26.463,command_angular,/cmd_vel,-0.033793821930885315,0.5
4a778017-f9eb-4616-9c2a-65bf7b8f5291,26.505000000000003,command_angular,/cmd_vel,-0.03139301761984825,0.5
4a778017-f9eb-4616-9c2a-65bf7b8f5291,26.574,command_angular,/cmd_vel,-0.03885890543460846,0.5
4a778017-f9eb-4616-9c2a-65bf7b8f5291,26.604000000000003,command_angular,/cmd_vel,-0.03535037487745285,0.5
4a778017-f9eb-4616-9c2a-65bf7b8f5291,26.685000000000002,command_angular,/cmd_vel,0.007961518131196499,0.5
4a778017-f9eb-4616-9c2a-65bf7b8f5291,26.715000000000003,command_angular,/cmd_vel,0.019202610477805138,0.5
4a778017-f9eb-4616-9c2a-65bf7b8f5291,26.754,command_angular,/cmd_vel,0.02111283876001835,0.5
4a778017-f9eb-4616-9c2a-65bf7b8f5291,26.823,command_angular,/cmd_vel,0.019160307943820953,0.5
4a778017-f9eb-4616-9c2a-65bf7b8f5291,26.865000000000002,command_angular,/cmd_vel,0.010637912899255753,0.5
4a778017-f9eb-4616-9c2a-65bf7b8f5291,26.934,command_angular,/cmd_vel,0.009975846856832504,0.5
4a778017-f9eb-4616-9c2a-65bf7b8f5291,26.964000000000002,command_angular,/cmd_vel,0.0052914186380803585,0.5
4a778017-f9eb-4616-9c2a-65bf7b8f5291,27.003,command_angular,/cmd_vel,0.007310668937861919,0.5
4a778017-f9eb-4616-9c2a-65bf7b8f5291,27.075000000000003,command_angular,/cmd_vel,0.008143758401274681,0.5
4a778017-f9eb-4616-9c2a-65bf7b8f5291,27.114,command_angular,/cmd_vel,0.00617440789937973,0.5
4a778017-f9eb-4616-9c2a-65bf7b8f5291,27.144000000000002,command_angular,/cmd_vel,0.006370644085109234,0.5
4a778017-f9eb-4616-9c2a-65bf7b8f5291,27.225,command_angular,/cmd_vel,0.010001312009990215,0.5
4a778017-f9eb-4616-9c2a-65bf7b8f5291,27.255000000000003,command_angular,/cmd_vel,0.007912034168839455,0.5
4a778017-f9eb-4616-9c2a-65bf7b8f5291,27.324,command_angular,/cmd_vel,0.005247490014880896,0.5
4a778017-f9eb-4616-9c2a-65bf7b8f5291,27.363000000000003,command_angular,/cmd_vel,-0.0023461554665118456,0.5
4a778017-f9eb-4616-9c2a-65bf7b8f5291,27.405,command_angular,/cmd_vel,0.000956192088779062,0.5
4a778017-f9eb-4616-9c2a-65bf7b8f5291,27.474,command_angular,/cmd_vel,0.002486741403117776,0.5
4a778017-f9eb-4616-9c2a-65bf7b8f5291,27.504,command_angular,/cmd_vel,0.011344026774168015,0.5
4a778017-f9eb-4616-9c2a-65bf7b8f5291,27.585,command_angular,/cmd_vel,0.019680310040712357,0.5
4a778017-f9eb-4616-9c2a-65bf7b8f5291,27.615000000000002,command_angular,/cmd_vel,0.02337181381881237,0.5
4a778017-f9eb-4616-9c2a-65bf7b8f5291,27.654000000000003,command_angular,/cmd_vel,-0.0053062764927744865,0.5
4a778017-f9eb-4616-9c2a-65bf7b8f5291,27.723000000000003,command_angular,/cmd_vel,-0.014648117125034332,0.5
4a778017-f9eb-4616-9c2a-65bf7b8f5291,27.765,command_angular,/cmd_vel,-0.023114653304219246,0.5
4a778017-f9eb-4616-9c2a-65bf7b8f5291,27.834000000000003,command_angular,/cmd_vel,-0.025335993617773056,0.5
4a778017-f9eb-4616-9c2a-65bf7b8f5291,27.864,command_angular,/cmd_vel,-0.02102992683649063,0.5
4a778017-f9eb-4616-9c2a-65bf7b8f5291,27.903000000000002,command_angular,/cmd_vel,-0.022071275860071182,0.5
4a778017-f9eb-4616-9c2a-65bf7b8f5291,27.975,command_angular,/cmd_vel,-0.0183828417211771,0.5
4a778017-f9eb-4616-9c2a-65bf7b8f5291,28.014000000000003,command_angular,/cmd_vel,-0.019852759316563606,0.5
4a778017-f9eb-4616-9c2a-65bf7b8f5291,28.044,command_angular,/cmd_vel,-0.020272355526685715,0.5
4a778017-f9eb-4616-9c2a-65bf7b8f5291,28.125,command_angular,/cmd_vel,-0.015573938377201557,0.5
4a778017-f9eb-4616-9c2a-65bf7b8f5291,28.155,command_angular,/cmd_vel,-0.016244016587734222,0.5
4a778017-f9eb-4616-9c2a-65bf7b8f5291,28.224,command_angular,/cmd_vel,-0.019124962389469147,0.5
4a778017-f9eb-4616-9c2a-65bf7b8f5291,28.263,command_angular,/cmd_vel,-0.014176400378346443,0.5
4a778017-f9eb-4616-9c2a-65bf7b8f5291,28.305000000000003,command_angular,/cmd_vel,-0.009652160108089447,0.5
4a778017-f9eb-4616-9c2a-65bf7b8f5291,28.374000000000002,command_angular,/cmd_vel,-0.008342647925019264,0.5
4a778017-f9eb-4616-9c2a-65bf7b8f5291,28.404000000000003,command_angular,/cmd_vel,-0.012278387323021889,0.5
4a778017-f9eb-4616-9c2a-65bf7b8f5291,28.485000000000003,command_angular,/cmd_vel,-0.0076368628069758415,0.5
4a778017-f9eb-4616-9c2a-65bf7b8f5291,28.515,command_angular,/cmd_vel,-0.0014721539337188005,0.5
4a778017-f9eb-4616-9c2a-65bf7b8f5291,28.554000000000002,command_angular,/cmd_vel,-0.0033549205400049686,0.5
4a778017-f9eb-4616-9c2a-65bf7b8f5291,28.623,command_angular,/cmd_vel,-0.002561639528721571,0.5
4a778017-f9eb-4616-9c2a-65bf7b8f5291,28.665000000000003,command_angular,/cmd_vel,0.003037684829905629,0.5
4a778017-f9eb-4616-9c2a-65bf7b8f5291,28.734,command_angular,/cmd_vel,0.0007716531399637461,0.5
4a778017-f9eb-4616-9c2a-65bf7b8f5291,28.764000000000003,command_angular,/cmd_vel,-0.0029008437413722277,0.5
4a778017-f9eb-4616-9c2a-65bf7b8f5291,28.803,command_angular,/cmd_vel,-0.0051713003776967525,0.5
4a778017-f9eb-4616-9c2a-65bf7b8f5291,28.875000000000004,command_angular,/cmd_vel,-0.005309998523443937,0.5
4a778017-f9eb-4616-9c2a-65bf7b8f5291,28.914,command_angular,/cmd_vel,-0.0002514306688681245,0.5
4a778017-f9eb-4616-9c2a-65bf7b8f5291,28.944000000000003,command_angular,/cmd_vel,-0.002671085996553302,0.5
4a778017-f9eb-4616-9c2a-65bf7b8f5291,29.025000000000002,command_angular,/cmd_vel,-0.0045751724392175674,0.5
4a778017-f9eb-4616-9c2a-65bf7b8f5291,29.055000000000003,command_angular,/cmd_vel,-0.0053774151019752026,0.5
4a778017-f9eb-4616-9c2a-65bf7b8f5291,29.124000000000002,command_angular,/cmd_vel,-0.004057417623698711,0.5
4a778017-f9eb-4616-9c2a-65bf7b8f5291,29.163,command_angular,/cmd_vel,0.0019492971478030086,0.5
4a778017-f9eb-4616-9c2a-65bf7b8f5291,29.205000000000002,command_angular,/cmd_vel,0.004962735343724489,0.5
4a778017-f9eb-4616-9c2a-65bf7b8f5291,29.274,command_angular,/cmd_vel,0.006024933885782957,0.5
4a778017-f9eb-4616-9c2a-65bf7b8f5291,29.304000000000002,command_angular,/cmd_vel,0.0007345967460423708,0.5
4a778017-f9eb-4616-9c2a-65bf7b8f5291,29.385,command_angular,/cmd_vel,0.005102825816720724,0.5
4a778017-f9eb-4616-9c2a-65bf7b8f5291,29.415000000000003,command_angular,/cmd_vel,0.004706941545009613,0.5
4a778017-f9eb-4616-9c2a-65bf7b8f5291,29.454,command_angular,/cmd_vel,0.006357269361615181,0.5
4a778017-f9eb-4616-9c2a-65bf7b8f5291,29.523000000000003,command_angular,/cmd_vel,0.005657275673002005,0.5
4a778017-f9eb-4616-9c2a-65bf7b8f5291,29.565,command_angular,/cmd_vel,0.0074762096628546715,0.5
4a778017-f9eb-4616-9c2a-65bf7b8f5291,29.634,command_angular,/cmd_vel,0.019920023158192635,0.5
4a778017-f9eb-4616-9c2a-65bf7b8f5291,29.664,command_angular,/cmd_vel,0.02906946837902069,0.5
4a778017-f9eb-4616-9c2a-65bf7b8f5291,29.703000000000003,command_angular,/cmd_vel,0.022177375853061676,0.5
4a778017-f9eb-4616-9c2a-65bf7b8f5291,29.775000000000002,command_angular,/cmd_vel,0.018178243190050125,0.5
4a778017-f9eb-4616-9c2a-65bf7b8f5291,29.814000000000004,command_angular,/cmd_vel,0.021602006629109383,0.5
4a778017-f9eb-4616-9c2a-65bf7b8f5291,29.844,command_angular,/cmd_vel,0.017912711948156357,0.5
4a778017-f9eb-4616-9c2a-65bf7b8f5291,29.925,command_angular,/cmd_vel,0.021257219836115837,0.5
4a778017-f9eb-4616-9c2a-65bf7b8f5291,29.955000000000002,command_angular,/cmd_vel,0.020685240626335144,0.5
4a778017-f9eb-4616-9c2a-65bf7b8f5291,30.024,command_angular,/cmd_vel,0.01962323673069477,0.5
4a778017-f9eb-4616-9c2a-65bf7b8f5291,30.063000000000002,command_angular,/cmd_vel,0.01927303336560726,0.5
4a778017-f9eb-4616-9c2a-65bf7b8f5291,30.105,command_angular,/cmd_vel,0.02404758520424366,0.5
4a778017-f9eb-4616-9c2a-65bf7b8f5291,30.174000000000003,command_angular,/cmd_vel,0.02367970533668995,0.5
4a778017-f9eb-4616-9c2a-65bf7b8f5291,30.204,command_angular,/cmd_vel,0.02249015122652054,0.5
4a778017-f9eb-4616-9c2a-65bf7b8f5291,30.285,command_angular,/cmd_vel,0.020247135311365128,0.5
4a778017-f9eb-4616-9c2a-65bf7b8f5291,30.315,command_angular,/cmd_vel,0.016596902161836624,0.5
4a778017-f9eb-4616-9c2a-65bf7b8f5291,30.354000000000003,command_angular,/cmd_vel,0.01575934886932373,0.5
4a778017-f9eb-4616-9c2a-65bf7b8f5291,30.423000000000002,command_angular,/cmd_vel,0.014369885437190533,0.5
4a778017-f9eb-4616-9c2a-65bf7b8f5291,30.465000000000003,command_angular,/cmd_vel,0.011880103498697281,0.5
4a778017-f9eb-4616-9c2a-65bf7b8f5291,30.534000000000002,command_angular,/cmd_vel,0.006134842522442341,0.5
4a778017-f9eb-4616-9c2a-65bf7b8f5291,30.564000000000004,command_angular,/cmd_vel,0.005076173227280378,0.5
4a778017-f9eb-4616-9c2a-65bf7b8f5291,30.603,command_angular,/cmd_vel,0.007091539446264505,0.5
4a778017-f9eb-4616-9c2a-65bf7b8f5291,30.675,command_angular,/cmd_vel,0.014808626845479012,0.5
4a778017-f9eb-4616-9c2a-65bf7b8f5291,30.714000000000002,command_angular,/cmd_vel,0.013084448873996735,0.5
4a778017-f9eb-4616-9c2a-65bf7b8f5291,30.744000000000003,command_angular,/cmd_vel,0.012999149970710278,0.5
4a778017-f9eb-4616-9c2a-65bf7b8f5291,30.825000000000003,command_angular,/cmd_vel,0.012030035257339478,0.5
4a778017-f9eb-4616-9c2a-65bf7b8f5291,30.855,command_angular,/cmd_vel,0.014294210821390152,0.5
4a778017-f9eb-4616-9c2a-65bf7b8f5291,30.924000000000003,command_angular,/cmd_vel,0.015512259677052498,0.5
4a778017-f9eb-4616-9c2a-65bf7b8f5291,30.963,command_angular,/cmd_vel,0.011969642713665962,0.5
4a778017-f9eb-4616-9c2a-65bf7b8f5291,31.005000000000003,command_angular,/cmd_vel,0.007908396422863007,0.5
4a778017-f9eb-4616-9c2a-65bf7b8f5291,31.074,command_angular,/cmd_vel,0.0033031597267836332,0.5
4a778017-f9eb-4616-9c2a-65bf7b8f5291,31.104000000000003,command_angular,/cmd_vel,0.003041013376787305,0.5
4a778017-f9eb-4616-9c2a-65bf7b8f5291,31.185000000000002,command_angular,/cmd_vel,0.006625721231102943,0.5
4a778017-f9eb-4616-9c2a-65bf7b8f5291,31.215000000000003,command_angular,/cmd_vel,0.007095681503415108,0.5
4a778017-f9eb-4616-9c2a-65bf7b8f5291,31.254,command_angular,/cmd_vel,0.01168813370168209,0.5
4a778017-f9eb-4616-9c2a-65bf7b8f5291,31.323,command_angular,/cmd_vel,0.011226803064346313,0.5
4a778017-f9eb-4616-9c2a-65bf7b8f5291,31.365000000000002,command_angular,/cmd_vel,0.009110724553465843,0.5
4a778017-f9eb-4616-9c2a-65bf7b8f5291,31.434,command_angular,/cmd_vel,0.004999120254069567,0.5
4a778017-f9eb-4616-9c2a-65bf7b8f5291,31.464000000000002,command_angular,/cmd_vel,0.004067402333021164,0.5
4a778017-f9eb-4616-9c2a-65bf7b8f5291,31.503000000000004,command_angular,/cmd_vel,0.00985135231167078,0.5
4a778017-f9eb-4616-9c2a-65bf7b8f5291,31.575000000000003,command_angular,/cmd_vel,0.012716643512248993,0.5
4a778017-f9eb-4616-9c2a-65bf7b8f5291,31.614,command_angular,/cmd_vel,0.00825587660074234,0.5
4a778017-f9eb-4616-9c2a-65bf7b8f5291,31.644000000000002,command_angular,/cmd_vel,0.00863929558545351,0.5
4a778017-f9eb-4616-9c2a-65bf7b8f5291,31.725,command_angular,/cmd_vel,0.00454238336533308,0.5
4a778017-f9eb-4616-9c2a-65bf7b8f5291,31.755000000000003,command_angular,/cmd_vel,0.004370580427348614,0.5
4a778017-f9eb-4616-9c2a-65bf7b8f5291,31.824,command_angular,/cmd_vel,-0.0009525548666715622,0.5
4a778017-f9eb-4616-9c2a-65bf7b8f5291,31.863000000000003,command_angular,/cmd_vel,-0.003062934149056673,0.5
4a778017-f9eb-4616-9c2a-65bf7b8f5291,31.905,command_angular,/cmd_vel,0.00026587204774841666,0.5
4a778017-f9eb-4616-9c2a-65bf7b8f5291,31.974000000000004,command_angular,/cmd_vel,-0.004195460118353367,0.5
4a778017-f9eb-4616-9c2a-65bf7b8f5291,32.004000000000005,command_angular,/cmd_vel,0.0010935947066172957,0.5
4a778017-f9eb-4616-9c2a-65bf7b8f5291,32.085,command_angular,/cmd_vel,-0.0011179165448993444,0.5
4a778017-f9eb-4616-9c2a-65bf7b8f5291,32.115,command_angular,/cmd_vel,0.003186106216162443,0.5
4a778017-f9eb-4616-9c2a-65bf7b8f5291,32.154,command_angular,/cmd_vel,0.0024219839833676815,0.5
4a778017-f9eb-4616-9c2a-65bf7b8f5291,32.223,command_angular,/cmd_vel,0.002792883198708296,0.5
4a778017-f9eb-4616-9c2a-65bf7b8f5291,32.265,command_angular,/cmd_vel,0.0,0.5
4a778017-f9eb-4616-9c2a-65bf7b8f5291,32.334,command_angular,/cmd_vel,0.0,0.5
4a778017-f9eb-4616-9c2a-65bf7b8f5291,32.364000000000004,command_angular,/cmd_vel,0.0,0.5
4a778017-f9eb-4616-9c2a-65bf7b8f5291,32.403,command_angular,/cmd_vel,0.0,0.5
4a778017-f9eb-4616-9c2a-65bf7b8f5291,32.475,command_angular,/cmd_vel,0.0,0.5
4a778017-f9eb-4616-9c2a-65bf7b8f5291,32.514,command_angular,/cmd_vel,0.0,0.5
4a778017-f9eb-4616-9c2a-65bf7b8f5291,32.544000000000004,command_angular,/cmd_vel,0.0,0.5
4a778017-f9eb-4616-9c2a-65bf7b8f5291,32.625,command_angular,/cmd_vel,0.0,0.5
4a778017-f9eb-4616-9c2a-65bf7b8f5291,32.655,command_angular,/cmd_vel,0.0,0.5
4a778017-f9eb-4616-9c2a-65bf7b8f5291,32.724000000000004,command_angular,/cmd_vel,0.0,0.5
4a778017-f9eb-4616-9c2a-65bf7b8f5291,32.763000000000005,command_angular,/cmd_vel,0.0,0.5
4a778017-f9eb-4616-9c2a-65bf7b8f5291,32.805,command_angular,/cmd_vel,0.0,0.5
4a778017-f9eb-4616-9c2a-65bf7b8f5291,32.874,command_angular,/cmd_vel,0.0,0.5
4a778017-f9eb-4616-9c2a-65bf7b8f5291,32.904,command_angular,/cmd_vel,0.0,0.5
4a778017-f9eb-4616-9c2a-65bf7b8f5291,14.334000000000001,command_linear,/cmd_vel,0.03568679466843605,0.5
4a778017-f9eb-4616-9c2a-65bf7b8f5291,14.364,command_linear,/cmd_vel,0.07874535024166107,0.5
4a778017-f9eb-4616-9c2a-65bf7b8f5291,14.403,command_linear,/cmd_vel,0.10008072108030319,0.5
4a778017-f9eb-4616-9c2a-65bf7b8f5291,14.475000000000001,command_linear,/cmd_vel,0.11718524247407913,0.5
4a778017-f9eb-4616-9c2a-65bf7b8f5291,14.514000000000001,command_linear,/cmd_vel,0.1255984902381897,0.5
4a778017-f9eb-4616-9c2a-65bf7b8f5291,14.544,command_linear,/cmd_vel,0.12651056051254272,0.5
4a778017-f9eb-4616-9c2a-65bf7b8f5291,14.625000000000002,command_linear,/cmd_vel,0.12677793204784393,0.5
4a778017-f9eb-4616-9c2a-65bf7b8f5291,14.655000000000001,command_linear,/cmd_vel,0.12924817204475403,0.5
4a778017-f9eb-4616-9c2a-65bf7b8f5291,14.724,command_linear,/cmd_vel,0.1287480592727661,0.5
4a778017-f9eb-4616-9c2a-65bf7b8f5291,14.763000000000002,command_linear,/cmd_vel,0.13278745114803314,0.5
4a778017-f9eb-4616-9c2a-65bf7b8f5291,14.805000000000001,command_linear,/cmd_vel,0.13278871774673462,0.5
4a778017-f9eb-4616-9c2a-65bf7b8f5291,14.874,command_linear,/cmd_vel,0.13605357706546783,0.5
4a778017-f9eb-4616-9c2a-65bf7b8f5291,14.904000000000002,command_linear,/cmd_vel,0.13485832512378693,0.5
4a778017-f9eb-4616-9c2a-65bf7b8f5291,14.985000000000001,command_linear,/cmd_vel,0.13393643498420715,0.5
4a778017-f9eb-4616-9c2a-65bf7b8f5291,15.015,command_linear,/cmd_vel,0.13296085596084595,0.5
4a778017-f9eb-4616-9c2a-65bf7b8f5291,15.054,command_linear,/cmd_vel,0.13237451016902924,0.5
4a778017-f9eb-4616-9c2a-65bf7b8f5291,15.123000000000001,command_linear,/cmd_vel,0.1361166089773178,0.5
4a778017-f9eb-4616-9c2a-65bf7b8f5291,15.165000000000001,command_linear,/cmd_vel,0.13665227591991425,0.5
4a778017-f9eb-4616-9c2a-65bf7b8f5291,15.234000000000002,command_linear,/cmd_vel,0.1388721913099289,0.5
4a778017-f9eb-4616-9c2a-65bf7b8f5291,15.264000000000001,command_linear,/cmd_vel,0.14122144877910614,0.5
4a778017-f9eb-4616-9c2a-65bf7b8f5291,15.303,command_linear,/cmd_vel,0.13306230306625366,0.5
4a778017-f9eb-4616-9c2a-65bf7b8f5291,15.375000000000002,command_linear,/cmd_vel,0.13926278054714203,0.5
4a778017-f9eb-4616-9c2a-65bf7b8f5291,15.414000000000001,command_linear,/cmd_vel,0.13778510689735413,0.5
4a778017-f9eb-4616-9c2a-65bf7b8f5291,15.444,command_linear,/cmd_vel,0.13651451468467712,0.5
4a778017-f9eb-4616-9c2a-65bf7b8f5291,15.525,command_linear,/cmd_vel,0.1368534415960312,0.5
4a778017-f9eb-4616-9c2a-65bf7b8f5291,15.555000000000001,command_linear,/cmd_vel,0.13743174076080322,0.5
4a778017-f9eb-4616-9c2a-65bf7b8f5291,15.624,command_linear,/cmd_vel,0.1398579180240631,0.5
4a778017-f9eb-4616-9c2a-65bf7b8f5291,15.663,command_linear,/cmd_vel,0.14307895302772522,0.5
4a778017-f9eb-4616-9c2a-65bf7b8f5291,15.705000000000002,command_linear,/cmd_vel,0.13749444484710693,0.5
4a778017-f9eb-4616-9c2a-65bf7b8f5291,15.774000000000001,command_linear,/cmd_vel,0.13992922008037567,0.5
4a778017-f9eb-4616-9c2a-65bf7b8f5291,15.804,command_linear,/cmd_vel,0.14136266708374023,0.5
4a778017-f9eb-4616-9c2a-65bf7b8f5291,15.885000000000002,command_linear,/cmd_vel,0.14477328956127167,0.5
4a778017-f9eb-4616-9c2a-65bf7b8f5291,15.915000000000001,command_linear,/cmd_vel,0.14073213934898376,0.5
4a778017-f9eb-4616-9c2a-65bf7b8f5291,15.954,command_linear,/cmd_vel,0.14278849959373474,0.5
4a778017-f9eb-4616-9c2a-65bf7b8f5291,16.023,command_linear,/cmd_vel,0.14841622114181519,0.5
4a778017-f9eb-4616-9c2a-65bf7b8f5291,16.065,command_linear,/cmd_vel,0.15106000006198883,0.5
4a778017-f9eb-4616-9c2a-65bf7b8f5291,16.134,command_linear,/cmd_vel,0.15077102184295654,0.5
4a778017-f9eb-4616-9c2a-65bf7b8f5291,16.164,command_linear,/cmd_vel,0.15221630036830902,0.5
4a778017-f9eb-4616-9c2a-65bf7b8f5291,16.203,command_linear,/cmd_vel,0.1538553237915039,0.5
4a778017-f9eb-4616-9c2a-65bf7b8f5291,16.275000000000002,command_linear,/cmd_vel,0.15024714171886444,0.5
4a778017-f9eb-4616-9c2a-65bf7b8f5291,16.314,command_linear,/cmd_vel,0.1485813856124878,0.5
4a778017-f9eb-4616-9c2a-65bf7b8f5291,16.344,command_linear,/cmd_vel,0.15193480253219604,0.5
4a778017-f9eb-4616-9c2a-65bf7b8f5291,16.425,command_linear,/cmd_vel,0.15303239226341248,0.5
4a778017-f9eb-4616-9c2a-65bf7b8f5291,16.455000000000002,command_linear,/cmd_vel,0.15651176869869232,0.5
4a778017-f9eb-4616-9c2a-65bf7b8f5291,16.524,command_linear,/cmd_vel,0.16033431887626648,0.5
4a778017-f9eb-4616-9c2a-65bf7b8f5291,16.563000000000002,command_linear,/cmd_vel,0.15979409217834473,0.5
4a778017-f9eb-4616-9c2a-65bf7b8f5291,16.605,command_linear,/cmd_vel,0.16172681748867035,0.5
4a778017-f9eb-4616-9c2a-65bf7b8f5291,16.674,command_linear,/cmd_vel,0.15614593029022217,0.5
4a778017-f9eb-4616-9c2a-65bf7b8f5291,16.704,command_linear,/cmd_vel,0.15728655457496643,0.5
4a778017-f9eb-4616-9c2a-65bf7b8f5291,16.785,command_linear,/cmd_vel,0.15734434127807617,0.5
4a778017-f9eb-4616-9c2a-65bf7b8f5291,16.815,command_linear,/cmd_vel,0.15764212608337402,0.5
4a778017-f9eb-4616-9c2a-65bf7b8f5291,16.854000000000003,command_linear,/cmd_vel,0.15780608355998993,0.5
4a778017-f9eb-4616-9c2a-65bf7b8f5291,16.923000000000002,command_linear,/cmd_vel,0.16455550491809845,0.5
4a778017-f9eb-4616-9c2a-65bf7b8f5291,16.965,command_linear,/cmd_vel,0.16646698117256165,0.5
4a778017-f9eb-4616-9c2a-65bf7b8f5291,17.034000000000002,command_linear,/cmd_vel,0.1702440232038498,0.5
4a778017-f9eb-4616-9c2a-65bf7b8f5291,17.064,command_linear,/cmd_vel,0.17695337533950806,0.5
4a778017-f9eb-4616-9c2a-65bf7b8f5291,17.103,command_linear,/cmd_vel,0.18076731264591217,0.5
4a778017-f9eb-4616-9c2a-65bf7b8f5291,17.175,command_linear,/cmd_vel,0.17797158658504486,0.5
4a778017-f9eb-4616-9c2a-65bf7b8f5291,17.214000000000002,command_linear,/cmd_vel,0.17477139830589294,0.5
4a778017-f9eb-4616-9c2a-65bf7b8f5291,17.244,command_linear,/cmd_vel,0.17190656065940857,0.5
4a778017-f9eb-4616-9c2a-65bf7b8f5291,17.325000000000003,command_linear,/cmd_vel,0.1715703159570694,0.5
4a778017-f9eb-4616-9c2a-65bf7b8f5291,17.355,command_linear,/cmd_vel,0.17558932304382324,0.5
4a778017-f9eb-4616-9c2a-65bf7b8f5291,17.424,command_linear,/cmd_vel,0.1768692433834076,0.5
4a778017-f9eb-4616-9c2a-65bf7b8f5291,17.463,command_linear,/cmd_vel,0.1751941442489624,0.5
4a778017-f9eb-4616-9c2a-65bf7b8f5291,17.505000000000003,command_linear,/cmd_vel,0.1800898313522339,0.5
4a778017-f9eb-4616-9c2a-65bf7b8f5291,17.574,command_linear,/cmd_vel,0.17535614967346191,0.5
4a778017-f9eb-4616-9c2a-65bf7b8f5291,17.604000000000003,command_linear,/cmd_vel,0.17999838292598724,0.5
4a778017-f9eb-4616-9c2a-65bf7b8f5291,17.685000000000002,command_linear,/cmd_vel,0.1778569221496582,0.5
4a778017-f9eb-4616-9c2a-65bf7b8f5291,17.715,command_linear,/cmd_vel,0.18148192763328552,0.5
4a778017-f9eb-4616-9c2a-65bf7b8f5291,17.754,command_linear,/cmd_vel,0.1836932748556137,0.5
4a778017-f9eb-4616-9c2a-65bf7b8f5291,17.823,command_linear,/cmd_vel,0.1856602430343628,0.5
4a778017-f9eb-4616-9c2a-65bf7b8f5291,17.865000000000002,command_linear,/cmd_vel,0.1859450787305832,0.5
4a778017-f9eb-4616-9c2a-65bf7b8f5291,17.934,command_linear,/cmd_vel,0.18968456983566284,0.5
4a778017-f9eb-4616-9c2a-65bf7b8f5291,17.964000000000002,command_linear,/cmd_vel,0.19141948223114014,0.5
4a778017-f9eb-4616-9c2a-65bf7b8f5291,18.003,command_linear,/cmd_vel,0.1859472095966339,0.5
4a778017-f9eb-4616-9c2a-65bf7b8f5291,18.075000000000003,command_linear,/cmd_vel,0.1793869435787201,0.5
4a778017-f9eb-4616-9c2a-65bf7b8f5291,18.114,command_linear,/cmd_vel,0.17547616362571716,0.5
4a778017-f9eb-4616-9c2a-65bf7b8f5291,18.144000000000002,command_linear,/cmd_vel,0.18042871356010437,0.5
4a778017-f9eb-4616-9c2a-65bf7b8f5291,18.225,command_linear,/cmd_vel,0.1863124817609787,0.5
4a778017-f9eb-4616-9c2a-65bf7b8f5291,18.255000000000003,command_linear,/cmd_vel,0.18403223156929016,0.5
4a778017-f9eb-4616-9c2a-65bf7b8f5291,18.324,command_linear,/cmd_vel,0.18299303948879242,0.5
4a778017-f9eb-4616-9c2a-65bf7b8f5291,18.363,command_linear,/cmd_vel,0.18629632890224457,0.5
4a778017-f9eb-4616-9c2a-65bf7b8f5291,18.405,command_linear,/cmd_vel,0.18447336554527283,0.5
4a778017-f9eb-4616-9c2a-65bf7b8f5291,18.474,command_linear,/cmd_vel,0.1827951818704605,0.5
4a778017-f9eb-4616-9c2a-65bf7b8f5291,18.504,command_linear,/cmd_vel,0.1859506219625473,0.5
4a778017-f9eb-4616-9c2a-65bf7b8f5291,18.585,command_linear,/cmd_vel,0.1846732199192047,0.5
4a778017-f9eb-4616-9c2a-65bf7b8f5291,18.615000000000002,command_linear,/cmd_vel,0.18490123748779297,0.5
4a778017-f9eb-4616-9c2a-65bf7b8f5291,18.654,command_linear,/cmd_vel,0.18622839450836182,0.5
4a778017-f9eb-4616-9c2a-65bf7b8f5291,18.723000000000003,command_linear,/cmd_vel,0.18699665367603302,0.5
4a778017-f9eb-4616-9c2a-65bf7b8f5291,18.765,command_linear,/cmd_vel,0.18611814081668854,0.5
4a778017-f9eb-4616-9c2a-65bf7b8f5291,18.834,command_linear,/cmd_vel,0.18043695390224457,0.5
4a778017-f9eb-4616-9c2a-65bf7b8f5291,18.864,command_linear,/cmd_vel,0.17836855351924896,0.5
4a778017-f9eb-4616-9c2a-65bf7b8f5291,18.903000000000002,command_linear,/cmd_vel,0.18135066330432892,0.5
4a778017-f9eb-4616-9c2a-65bf7b8f5291,18.975,command_linear,/cmd_vel,0.1767386794090271,0.5
4a778017-f9eb-4616-9c2a-65bf7b8f5291,19.014000000000003,command_linear,/cmd_vel,0.18096576631069183,0.5
4a778017-f9eb-4616-9c2a-65bf7b8f5291,19.044,command_linear,/cmd_vel,0.18170173466205597,0.5
4a778017-f9eb-4616-9c2a-65bf7b8f5291,19.125,command_linear,/cmd_vel,0.18372586369514465,0.5
4a778017-f9eb-4616-9c2a-65bf7b8f5291,19.155,command_linear,/cmd_vel,0.18338540196418762,0.5
4a778017-f9eb-4616-9c2a-65bf7b8f5291,19.224,command_linear,/cmd_vel,0.18423490226268768,0.5
4a778017-f9eb-4616-9c2a-65bf7b8f5291,19.263,command_linear,/cmd_vel,0.18254852294921875,0.5
4a778017-f9eb-4616-9c2a-65bf7b8f5291,19.305,command_linear,/cmd_vel,0.1810828596353531,0.5
4a778017-f9eb-4616-9c2a-65bf7b8f5291,19.374000000000002,command_linear,/cmd_vel,0.17561563849449158,0.5
4a778017-f9eb-4616-9c2a-65bf7b8f5291,19.404,command_linear,/cmd_vel,0.1766437292098999,0.5
4a778017-f9eb-4616-9c2a-65bf7b8f5291,19.485000000000003,command_linear,/cmd_vel,0.1757642924785614,0.5
4a778017-f9eb-4616-9c2a-65bf7b8f5291,19.515,command_linear,/cmd_vel,0.17253059148788452,0.5
4a778017-f9eb-4616-9c2a-65bf7b8f5291,19.554000000000002,command_linear,/cmd_vel,0.18183928728103638,0.5
4a778017-f9eb-4616-9c2a-65bf7b8f5291,19.623,command_linear,/cmd_vel,0.1826671063899994,0.5
4a778017-f9eb-4616-9c2a-65bf7b8f5291,19.665000000000003,command_linear,/cmd_vel,0.1834452897310257,0.5
4a778017-f9eb-4616-9c2a-65bf7b8f5291,19.734,command_linear,/cmd_vel,0.18529683351516724,0.5
4a778017-f9eb-4616-9c2a-65bf7b8f5291,19.764000000000003,command_linear,/cmd_vel,0.18515662848949432,0.5
4a778017-f9eb-4616-9c2a-65bf7b8f5291,19.803,command_linear,/cmd_vel,0.1836186945438385,0.5
4a778017-f9eb-4616-9c2a-65bf7b8f5291,19.875,command_linear,/cmd_vel,0.18123754858970642,0.5
4a778017-f9eb-4616-9c2a-65bf7b8f5291,19.914,command_linear,/cmd_vel,0.17996853590011597,0.5
4a778017-f9eb-4616-9c2a-65bf7b8f5291,19.944000000000003,command_linear,/cmd_vel,0.17657017707824707,0.5
4a778017-f9eb-4616-9c2a-65bf7b8f5291,20.025000000000002,command_linear,/cmd_vel,0.1745259314775467,0.5
4a778017-f9eb-4616-9c2a-65bf7b8f5291,20.055,command_linear,/cmd_vel,0.17485776543617249,0.5
4a778017-f9eb-4616-9c2a-65bf7b8f5291,20.124000000000002,command_linear,/cmd_vel,0.1760203242301941,0.5
4a778017-f9eb-4616-9c2a-65bf7b8f5291,20.163,command_linear,/cmd_vel,0.18092310428619385,0.5
4a778017-f9eb-4616-9c2a-65bf7b8f5291,20.205000000000002,command_linear,/cmd_vel,0.1711997091770172,0.5
4a778017-f9eb-4616-9c2a-65bf7b8f5291,20.274,command_linear,/cmd_vel,0.17143255472183228,0.5
4a778017-f9eb-4616-9c2a-65bf7b8f5291,20.304000000000002,command_linear,/cmd_vel,0.16835880279541016,0.5
4a778017-f9eb-4616-9c2a-65bf7b8f5291,20.385,command_linear,/cmd_vel,0.1728876233100891,0.5
4a778017-f9eb-4616-9c2a-65bf7b8f5291,20.415000000000003,command_linear,/cmd_vel,0.17357081174850464,0.5
4a778017-f9eb-4616-9c2a-65bf7b8f5291,20.454,command_linear,/cmd_vel,0.17319612205028534,0.5
4a778017-f9eb-4616-9c2a-65bf7b8f5291,20.523,command_linear,/cmd_vel,0.17385675013065338,0.5
4a778017-f9eb-4616-9c2a-65bf7b8f5291,20.565,command_linear,/cmd_vel,0.1714041531085968,0.5
4a778017-f9eb-4616-9c2a-65bf7b8f5291,20.634,command_linear,/cmd_vel,0.17350462079048157,0.5
4a778017-f9eb-4616-9c2a-65bf7b8f5291,20.664,command_linear,/cmd_vel,0.17065468430519104,0.5
4a778017-f9eb-4616-9c2a-65bf7b8f5291,20.703000000000003,command_linear,/cmd_vel,0.1683376282453537,0.5
4a778017-f9eb-4616-9c2a-65bf7b8f5291,20.775000000000002,command_linear,/cmd_vel,0.17590749263763428,0.5
4a778017-f9eb-4616-9c2a-65bf7b8f5291,20.814,command_linear,/cmd_vel,0.17615143954753876,0.5
4a778017-f9eb-4616-9c2a-65bf7b8f5291,20.844,command_linear,/cmd_vel,0.17310349643230438,0.5
4a778017-f9eb-4616-9c2a-65bf7b8f5291,20.925,command_linear,/cmd_vel,0.1694428026676178,0.5
4a778017-f9eb-4616-9c2a-65bf7b8f5291,20.955000000000002,command_linear,/cmd_vel,0.16914714872837067,0.5
4a778017-f9eb-4616-9c2a-65bf7b8f5291,21.024,command_linear,/cmd_vel,0.16846556961536407,0.5
4a778017-f9eb-4616-9c2a-65bf7b8f5291,21.063000000000002,command_linear,/cmd_vel,0.17014464735984802,0.5
4a778017-f9eb-4616-9c2a-65bf7b8f5291,21.105,command_linear,/cmd_vel,0.17077688872814178,0.5
4a778017-f9eb-4616-9c2a-65bf7b8f5291,21.174000000000003,command_linear,/cmd_vel,0.1698240488767624,0.5
4a778017-f9eb-4616-9c2a-65bf7b8f5291,21.204,command_linear,/cmd_vel,0.16927625238895416,0.5
4a778017-f9eb-4616-9c2a-65bf7b8f5291,21.285,command_linear,/cmd_vel,0.17234817147254944,0.5
4a778017-f9eb-4616-9c2a-65bf7b8f5291,21.315,command_linear,/cmd_vel,0.16951148211956024,0.5
4a778017-f9eb-4616-9c2a-65bf7b8f5291,21.354000000000003,command_linear,/cmd_vel,0.17505252361297607,0.5
4a778017-f9eb-4616-9c2a-65bf7b8f5291,21.423000000000002,command_linear,/cmd_vel,0.17320653796195984,0.5
4a778017-f9eb-4616-9c2a-65bf7b8f5291,21.465,command_linear,/cmd_vel,0.17324694991111755,0.5
4a778017-f9eb-4616-9c2a-65bf7b8f5291,21.534000000000002,command_linear,/cmd_vel,0.16945773363113403,0.5
4a778017-f9eb-4616-9c2a-65bf7b8f5291,21.564,command_linear,/cmd_vel,0.1717907339334488,0.5
4a778017-f9eb-4616-9c2a-65bf7b8f5291,21.603,command_linear,/cmd_vel,0.17365027964115143,0.5
4a778017-f9eb-4616-9c2a-65bf7b8f5291,21.675,command_linear,/cmd_vel,0.17517881095409393,0.5
4a778017-f9eb-4616-9c2a-65bf7b8f5291,21.714000000000002,command_linear,/cmd_vel,0.17699997127056122,0.5
4a778017-f9eb-4616-9c2a-65bf7b8f5291,21.744,command_linear,/cmd_vel,0.17678052186965942,0.5
4a778017-f9eb-4616-9c2a-65bf7b8f5291,21.825000000000003,command_linear,/cmd_vel,0.17490148544311523,0.5
4a778017-f9eb-4616-9c2a-65bf7b8f5291,21.855,command_linear,/cmd_vel,0.17688311636447906,0.5
4a778017-f9eb-4616-9c2a-65bf7b8f5291,21.924000000000003,command_linear,/cmd_vel,0.17667829990386963,0.5
4a778017-f9eb-4616-9c2a-65bf7b8f5291,21.963,command_linear,/cmd_vel,0.17468516528606415,0.5
4a778017-f9eb-4616-9c2a-65bf7b8f5291,22.005000000000003,command_linear,/cmd_vel,0.17235730588436127,0.5
4a778017-f9eb-4616-9c2a-65bf7b8f5291,22.074,command_linear,/cmd_vel,0.17052146792411804,0.5
4a778017-f9eb-4616-9c2a-65bf7b8f5291,22.104000000000003,command_linear,/cmd_vel,0.17377084493637085,0.5
4a778017-f9eb-4616-9c2a-65bf7b8f5291,22.185000000000002,command_linear,/cmd_vel,0.17441977560520172,0.5
4a778017-f9eb-4616-9c2a-65bf7b8f5291,22.215,command_linear,/cmd_vel,0.16983602941036224,0.5
4a778017-f9eb-4616-9c2a-65bf7b8f5291,22.254,command_linear,/cmd_vel,0.17079958319664001,0.5
4a778017-f9eb-4616-9c2a-65bf7b8f5291,22.323,command_linear,/cmd_vel,0.1712104082107544,0.5
4a778017-f9eb-4616-9c2a-65bf7b8f5291,22.365000000000002,command_linear,/cmd_vel,0.1749979704618454,0.5
4a778017-f9eb-4616-9c2a-65bf7b8f5291,22.434,command_linear,/cmd_vel,0.17291691899299622,0.5
4a778017-f9eb-4616-9c2a-65bf7b8f5291,22.464000000000002,command_linear,/cmd_vel,0.17020221054553986,0.5
4a778017-f9eb-4616-9c2a-65bf7b8f5291,22.503,command_linear,/cmd_vel,0.17282196879386902,0.5
4a778017-f9eb-4616-9c2a-65bf7b8f5291,22.575000000000003,command_linear,/cmd_vel,0.1752672642469406,0.5
4a778017-f9eb-4616-9c2a-65bf7b8f5291,22.614,command_linear,/cmd_vel,0.17153136432170868,0.5
4a778017-f9eb-4616-9c2a-65bf7b8f5291,22.644000000000002,command_linear,/cmd_vel,0.17735612392425537,0.5
4a778017-f9eb-4616-9c2a-65bf7b8f5291,22.725,command_linear,/cmd_vel,0.18282800912857056,0.5
4a778017-f9eb-4616-9c2a-65bf7b8f5291,22.755000000000003,command_linear,/cmd_vel,0.17187395691871643,0.5
4a778017-f9eb-4616-9c2a-65bf7b8f5291,22.824,command_linear,/cmd_vel,0.17240369319915771,0.5
4a778017-f9eb-4616-9c2a-65bf7b8f5291,22.863000000000003,command_linear,/cmd_vel,0.1740049123764038,0.5
4a778017-f9eb-4616-9c2a-65bf7b8f5291,22.905,command_linear,/cmd_vel,0.17207051813602448,0.5
4a778017-f9eb-4616-9c2a-65bf7b8f5291,22.974,command_linear,/cmd_vel,0.16999466717243195,0.5
4a778017-f9eb-4616-9c2a-65bf7b8f5291,23.004,command_linear,/cmd_vel,0.17513838410377502,0.5
4a778017-f9eb-4616-9c2a-65bf7b8f5291,23.085,command_linear,/cmd_vel,0.17704202234745026,0.5
4a778017-f9eb-4616-9c2a-65bf7b8f5291,23.115000000000002,command_linear,/cmd_vel,0.17326298356056213,0.5
4a778017-f9eb-4616-9c2a-65bf7b8f5291,23.154,command_linear,/cmd_vel,0.17505274713039398,0.5
4a778017-f9eb-4616-9c2a-65bf7b8f5291,23.223000000000003,command_linear,/cmd_vel,0.1746450811624527,0.5
4a778017-f9eb-4616-9c2a-65bf7b8f5291,23.265,command_linear,/cmd_vel,0.17876708507537842,0.5
4a778017-f9eb-4616-9c2a-65bf7b8f5291,23.334000000000003,command_linear,/cmd_vel,0.1753789335489273,0.5
4a778017-f9eb-4616-9c2a-65bf7b8f5291,23.364,command_linear,/cmd_vel,0.17550042271614075,0.5
4a778017-f9eb-4616-9c2a-65bf7b8f5291,23.403000000000002,command_linear,/cmd_vel,0.1731121838092804,0.5
4a778017-f9eb-4616-9c2a-65bf7b8f5291,23.475,command_linear,/cmd_vel,0.17272354662418365,0.5
4a778017-f9eb-4616-9c2a-65bf7b8f5291,23.514000000000003,command_linear,/cmd_vel,0.17647884786128998,0.5
4a778017-f9eb-4616-9c2a-65bf7b8f5291,23.544,command_linear,/cmd_vel,0.17521318793296814,0.5
4a778017-f9eb-4616-9c2a-65bf7b8f5291,23.625,command_linear,/cmd_vel,0.17557866871356964,0.5
4a778017-f9eb-4616-9c2a-65bf7b8f5291,23.655,command_linear,/cmd_vel,0.17414863407611847,0.5
4a778017-f9eb-4616-9c2a-65bf7b8f5291,23.724,command_linear,/cmd_vel,0.17619358003139496,0.5
4a778017-f9eb-4616-9c2a-65bf7b8f5291,23.763,command_linear,/cmd_vel,0.1810210794210434,0.5
4a778017-f9eb-4616-9c2a-65bf7b8f5291,23.805,command_linear,/cmd_vel,0.1854204386472702,0.5
4a778017-f9eb-4616-9c2a-65bf7b8f5291,23.874000000000002,command_linear,/cmd_vel,0.1857662796974182,0.5
4a778017-f9eb-4616-9c2a-65bf7b8f5291,23.904,command_linear,/cmd_vel,0.18474172055721283,0.5
4a778017-f9eb-4616-9c2a-65bf7b8f5291,23.985000000000003,command_linear,/cmd_vel,0.18634502589702606,0.5
4a778017-f9eb-4616-9c2a-65bf7b8f5291,24.015,command_linear,/cmd_vel,0.181010439991951,0.5
4a778017-f9eb-4616-9c2a-65bf7b8f5291,24.054000000000002,command_linear,/cmd_vel,0.17848576605319977,0.5
4a778017-f9eb-4616-9c2a-65bf7b8f5291,24.123,command_linear,/cmd_vel,0.17856907844543457,0.5
4a778017-f9eb-4616-9c2a-65bf7b8f5291,24.165000000000003,command_linear,/cmd_vel,0.18156583607196808,0.5
4a778017-f9eb-4616-9c2a-65bf7b8f5291,24.234,command_linear,/cmd_vel,0.18279214203357697,0.5
4a778017-f9eb-4616-9c2a-65bf7b8f5291,24.264000000000003,command_linear,/cmd_vel,0.179903045296669,0.5
4a778017-f9eb-4616-9c2a-65bf7b8f5291,24.303,command_linear,/cmd_vel,0.17949849367141724,0.5
4a778017-f9eb-4616-9c2a-65bf7b8f5291,24.375,command_linear,/cmd_vel,0.18249182403087616,0.5
4a778017-f9eb-4616-9c2a-65bf7b8f5291,24.414,command_linear,/cmd_vel,0.1848258227109909,0.5
4a778017-f9eb-4616-9c2a-65bf7b8f5291,24.444000000000003,command_linear,/cmd_vel,0.17915762960910797,0.5
4a778017-f9eb-4616-9c2a-65bf7b8f5291,24.525000000000002,command_linear,/cmd_vel,0.1811271458864212,0.5
4a778017-f9eb-4616-9c2a-65bf7b8f5291,24.555000000000003,command_linear,/cmd_vel,0.18216244876384735,0.5
4a778017-f9eb-4616-9c2a-65bf7b8f5291,24.624000000000002,command_linear,/cmd_vel,0.18097513914108276,0.5
4a778017-f9eb-4616-9c2a-65bf7b8f5291,24.663,command_linear,/cmd_vel,0.1832401305437088,0.5
4a778017-f9eb-4616-9c2a-65bf7b8f5291,24.705000000000002,command_linear,/cmd_vel,0.1900566667318344,0.5
4a778017-f9eb-4616-9c2a-65bf7b8f5291,24.774,command_linear,/cmd_vel,0.18990887701511383,0.5
4a778017-f9eb-4616-9c2a-65bf7b8f5291,24.804000000000002,command_linear,/cmd_vel,0.19389916956424713,0.5
4a778017-f9eb-4616-9c2a-65bf7b8f5291,24.885,command_linear,/cmd_vel,0.19276410341262817,0.5
4a778017-f9eb-4616-9c2a-65bf7b8f5291,24.915000000000003,command_linear,/cmd_vel,0.19510656595230103,0.5
4a778017-f9eb-4616-9c2a-65bf7b8f5291,24.954,command_linear,/cmd_vel,0.18990200757980347,0.5
4a778017-f9eb-4616-9c2a-65bf7b8f5291,25.023000000000003,command_linear,/cmd_vel,0.18918651342391968,0.5
4a778017-f9eb-4616-9c2a-65bf7b8f5291,25.065,command_linear,/cmd_vel,0.19198882579803467,0.5
4a778017-f9eb-4616-9c2a-65bf7b8f5291,25.134,command_linear,/cmd_vel,0.19273194670677185,0.5
4a778017-f9eb-4616-9c2a-65bf7b8f5291,25.164,command_linear,/cmd_vel,0.19278812408447266,0.5
4a778017-f9eb-4616-9c2a-65bf7b8f5291,25.203000000000003,command_linear,/cmd_vel,0.1931968629360199,0.5
4a778017-f9eb-4616-9c2a-65bf7b8f5291,25.275000000000002,command_linear,/cmd_vel,0.19210964441299438,0.5
4a778017-f9eb-4616-9c2a-65bf7b8f5291,25.314,command_linear,/cmd_vel,0.19074150919914246,0.5
4a778017-f9eb-4616-9c2a-65bf7b8f5291,25.344,command_linear,/cmd_vel,0.18897446990013123,0.5
4a778017-f9eb-4616-9c2a-65bf7b8f5291,25.425,command_linear,/cmd_vel,0.1852421760559082,0.5
4a778017-f9eb-4616-9c2a-65bf7b8f5291,25.455000000000002,command_linear,/cmd_vel,0.18575544655323029,0.5
4a778017-f9eb-4616-9c2a-65bf7b8f5291,25.524,command_linear,/cmd_vel,0.189484640955925,0.5
4a778017-f9eb-4616-9c2a-65bf7b8f5291,25.563000000000002,command_linear,/cmd_vel,0.19166570901870728,0.5
4a778017-f9eb-4616-9c2a-65bf7b8f5291,25.605,command_linear,/cmd_vel,0.18771052360534668,0.5
4a778017-f9eb-4616-9c2a-65bf7b8f5291,25.674000000000003,command_linear,/cmd_vel,0.18552640080451965,0.5
4a778017-f9eb-4616-9c2a-65bf7b8f5291,25.704,command_linear,/cmd_vel,0.18366998434066772,0.5
4a778017-f9eb-4616-9c2a-65bf7b8f5291,25.785,command_linear,/cmd_vel,0.1853504776954651,0.5
4a778017-f9eb-4616-9c2a-65bf7b8f5291,25.815,command_linear,/cmd_vel,0.18953350186347961,0.5
4a778017-f9eb-4616-9c2a-65bf7b8f5291,25.854000000000003,command_linear,/cmd_vel,0.18726783990859985,0.5
4a778017-f9eb-4616-9c2a-65bf7b8f5291,25.923000000000002,command_linear,/cmd_vel,0.18639594316482544,0.5
4a778017-f9eb-4616-9c2a-65bf7b8f5291,25.965,command_linear,/cmd_vel,0.18814539909362793,0.5
4a778017-f9eb-4616-9c2a-65bf7b8f5291,26.034000000000002,command_linear,/cmd_vel,0.17982211709022522,0.5
4a778017-f9eb-4616-9c2a-65bf7b8f5291,26.064,command_linear,/cmd_vel,0.18052557110786438,0.5
4a778017-f9eb-4616-9c2a-65bf7b8f5291,26.103,command_linear,/cmd_vel,0.1784457117319107,0.5
4a778017-f9eb-4616-9c2a-65bf7b8f5291,26.175,command_linear,/cmd_vel,0.1826620101928711,0.5
4a778017-f9eb-4616-9c2a-65bf7b8f5291,26.214000000000002,command_linear,/cmd_vel,0.1809820681810379,0.5
4a778017-f9eb-4616-9c2a-65bf7b8f5291,26.244000000000003,command_linear,/cmd_vel,0.17745864391326904,0.5
4a778017-f9eb-4616-9c2a-65bf7b8f5291,26.325000000000003,command_linear,/cmd_vel,0.17525362968444824,0.5
4a778017-f9eb-4616-9c2a-65bf7b8f5291,26.355,command_linear,/cmd_vel,0.1754443645477295,0.5
4a778017-f9eb-4616-9c2a-65bf7b8f5291,26.424000000000003,command_linear,/cmd_vel,0.17036128044128418,0.5
4a778017-f9eb-4616-9c2a-65bf7b8f5291,26.463,command_linear,/cmd_vel,0.17243973910808563,0.5
4a778017-f9eb-4616-9c2a-65bf7b8f5291,26.505000000000003,command_linear,/cmd_vel,0.16856814920902252,0.5
4a778017-f9eb-4616-9c2a-65bf7b8f5291,26.574,command_linear,/cmd_vel,0.1688595712184906,0.5
4a778017-f9eb-4616-9c2a-65bf7b8f5291,26.604000000000003,command_linear,/cmd_vel,0.16735096275806427,0.5
4a778017-f9eb-4616-9c2a-65bf7b8f5291,26.685000000000002,command_linear,/cmd_vel,0.16865040361881256,0.5
4a778017-f9eb-4616-9c2a-65bf7b8f5291,26.715000000000003,command_linear,/cmd_vel,0.16831865906715393,0.5
4a778017-f9eb-4616-9c2a-65bf7b8f5291,26.754,command_linear,/cmd_vel,0.16853547096252441,0.5
4a778017-f9eb-4616-9c2a-65bf7b8f5291,26.823,command_linear,/cmd_vel,0.1687142252922058,0.5
4a778017-f9eb-4616-9c2a-65bf7b8f5291,26.865000000000002,command_linear,/cmd_vel,0.17078079283237457,0.5
4a778017-f9eb-4616-9c2a-65bf7b8f5291,26.934,command_linear,/cmd_vel,0.17079776525497437,0.5
4a778017-f9eb-4616-9c2a-65bf7b8f5291,26.964000000000002,command_linear,/cmd_vel,0.17113323509693146,0.5
4a778017-f9eb-4616-9c2a-65bf7b8f5291,27.003,command_linear,/cmd_vel,0.17022208869457245,0.5
4a778017-f9eb-4616-9c2a-65bf7b8f5291,27.075000000000003,command_linear,/cmd_vel,0.16735297441482544,0.5
4a778017-f9eb-4616-9c2a-65bf7b8f5291,27.114,command_linear,/cmd_vel,0.16517119109630585,0.5
4a778017-f9eb-4616-9c2a-65bf7b8f5291,27.144000000000002,command_linear,/cmd_vel,0.1639106124639511,0.5
4a778017-f9eb-4616-9c2a-65bf7b8f5291,27.225,command_linear,/cmd_vel,0.16215932369232178,0.5
4a778017-f9eb-4616-9c2a-65bf7b8f5291,27.255000000000003,command_linear,/cmd_vel,0.16303351521492004,0.5
4a778017-f9eb-4616-9c2a-65bf7b8f5291,27.324,command_linear,/cmd_vel,0.164280965924263,0.5
4a778017-f9eb-4616-9c2a-65bf7b8f5291,27.363000000000003,command_linear,/cmd_vel,0.16133159399032593,0.5
4a778017-f9eb-4616-9c2a-65bf7b8f5291,27.405,command_linear,/cmd_vel,0.160886749625206,0.5
4a778017-f9eb-4616-9c2a-65bf7b8f5291,27.474,command_linear,/cmd_vel,0.15706773102283478,0.5
4a778017-f9eb-4616-9c2a-65bf7b8f5291,27.504,command_linear,/cmd_vel,0.15637163817882538,0.5
4a778017-f9eb-4616-9c2a-65bf7b8f5291,27.585,command_linear,/cmd_vel,0.1561451256275177,0.5
4a778017-f9eb-4616-9c2a-65bf7b8f5291,27.615000000000002,command_linear,/cmd_vel,0.15657702088356018,0.5
4a778017-f9eb-4616-9c2a-65bf7b8f5291,27.654000000000003,command_linear,/cmd_vel,0.15818242728710175,0.5
4a778017-f9eb-4616-9c2a-65bf7b8f5291,27.723000000000003,command_linear,/cmd_vel,0.1563747674226761,0.5
4a778017-f9eb-4616-9c2a-65bf7b8f5291,27.765,command_linear,/cmd_vel,0.1579625904560089,0.5
4a778017-f9eb-4616-9c2a-65bf7b8f5291,27.834000000000003,command_linear,/cmd_vel,0.15515780448913574,0.5
4a778017-f9eb-4616-9c2a-65bf7b8f5291,27.864,command_linear,/cmd_vel,0.15202811360359192,0.5
4a778017-f9eb-4616-9c2a-65bf7b8f5291,27.903000000000002,command_linear,/cmd_vel,0.14902804791927338,0.5
4a778017-f9eb-4616-9c2a-65bf7b8f5291,27.975,command_linear,/cmd_vel,0.1503293663263321,0.5
4a778017-f9eb-4616-9c2a-65bf7b8f5291,28.014000000000003,command_linear,/cmd_vel,0.14970529079437256,0.5
4a778017-f9eb-4616-9c2a-65bf7b8f5291,28.044,command_linear,/cmd_vel,0.14732380211353302,0.5
4a778017-f9eb-4616-9c2a-65bf7b8f5291,28.125,command_linear,/cmd_vel,0.15260064601898193,0.5
4a778017-f9eb-4616-9c2a-65bf7b8f5291,28.155,command_linear,/cmd_vel,0.14888551831245422,0.5
4a778017-f9eb-4616-9c2a-65bf7b8f5291,28.224,command_linear,/cmd_vel,0.14762945473194122,0.5
4a778017-f9eb-4616-9c2a-65bf7b8f5291,28.263,command_linear,/cmd_vel,0.14616501331329346,0.5
4a778017-f9eb-4616-9c2a-65bf7b8f5291,28.305000000000003,command_linear,/cmd_vel,0.14791925251483917,0.5
4a778017-f9eb-4616-9c2a-65bf7b8f5291,28.374000000000002,command_linear,/cmd_vel,0.14864005148410797,0.5
4a778017-f9eb-4616-9c2a-65bf7b8f5291,28.404000000000003,command_linear,/cmd_vel,0.14859871566295624,0.5
4a778017-f9eb-4616-9c2a-65bf7b8f5291,28.485000000000003,command_linear,/cmd_vel,0.14861240983009338,0.5
4a778017-f9eb-4616-9c2a-65bf7b8f5291,28.515,command_linear,/cmd_vel,0.14709600806236267,0.5
4a778017-f9eb-4616-9c2a-65bf7b8f5291,28.554000000000002,command_linear,/cmd_vel,0.14679864048957825,0.5
4a778017-f9eb-4616-9c2a-65bf7b8f5291,28.623,command_linear,/cmd_vel,0.14421088993549347,0.5
4a778017-f9eb-4616-9c2a-65bf7b8f5291,28.665000000000003,command_linear,/cmd_vel,0.14764589071273804,0.5
4a778017-f9eb-4616-9c2a-65bf7b8f5291,28.734,command_linear,/cmd_vel,0.14105327427387238,0.5
4a778017-f9eb-4616-9c2a-65bf7b8f5291,28.764000000000003,command_linear,/cmd_vel,0.14198654890060425,0.5
4a778017-f9eb-4616-9c2a-65bf7b8f5291,28.803,command_linear,/cmd_vel,0.14088407158851624,0.5
4a778017-f9eb-4616-9c2a-65bf7b8f5291,28.875000000000004,command_linear,/cmd_vel,0.1409909725189209,0.5
4a778017-f9eb-4616-9c2a-65bf7b8f5291,28.914,command_linear,/cmd_vel,0.14013950526714325,0.5
4a778017-f9eb-4616-9c2a-65bf7b8f5291,28.944000000000003,command_linear,/cmd_vel,0.1378001868724823,0.5
4a778017-f9eb-4616-9c2a-65bf7b8f5291,29.025000000000002,command_linear,/cmd_vel,0.1356823593378067,0.5
4a778017-f9eb-4616-9c2a-65bf7b8f5291,29.055000000000003,command_linear,/cmd_vel,0.13333849608898163,0.5
4a778017-f9eb-4616-9c2a-65bf7b8f5291,29.124000000000002,command_linear,/cmd_vel,0.13480374217033386,0.5
4a778017-f9eb-4616-9c2a-65bf7b8f5291,29.163,command_linear,/cmd_vel,0.13598541915416718,0.5
4a778017-f9eb-4616-9c2a-65bf7b8f5291,29.205000000000002,command_linear,/cmd_vel,0.13967174291610718,0.5
4a778017-f9eb-4616-9c2a-65bf7b8f5291,29.274,command_linear,/cmd_vel,0.14209064841270447,0.5
4a778017-f9eb-4616-9c2a-65bf7b8f5291,29.304000000000002,command_linear,/cmd_vel,0.14119963347911835,0.5
4a778017-f9eb-4616-9c2a-65bf7b8f5291,29.385,command_linear,/cmd_vel,0.13820983469486237,0.5
4a778017-f9eb-4616-9c2a-65bf7b8f5291,29.415000000000003,command_linear,/cmd_vel,0.1372251957654953,0.5
4a778017-f9eb-4616-9c2a-65bf7b8f5291,29.454,command_linear,/cmd_vel,0.1358463168144226,0.5
4a778017-f9eb-4616-9c2a-65bf7b8f5291,29.523000000000003,command_linear,/cmd_vel,0.1366100311279297,0.5
4a778017-f9eb-4616-9c2a-65bf7b8f5291,29.565,command_linear,/cmd_vel,0.13625043630599976,0.5
4a778017-f9eb-4616-9c2a-65bf7b8f5291,29.634,command_linear,/cmd_vel,0.13400326669216156,0.5
4a778017-f9eb-4616-9c2a-65bf7b8f5291,29.664,command_linear,/cmd_vel,0.13294029235839844,0.5
4a778017-f9eb-4616-9c2a-65bf7b8f5291,29.703000000000003,command_linear,/cmd_vel,0.1297343373298645,0.5
4a778017-f9eb-4616-9c2a-65bf7b8f5291,29.775000000000002,command_linear,/cmd_vel,0.12631720304489136,0.5
4a778017-f9eb-4616-9c2a-65bf7b8f5291,29.814000000000004,command_linear,/cmd_vel,0.12330541014671326,0.5
4a778017-f9eb-4616-9c2a-65bf7b8f5291,29.844,command_linear,/cmd_vel,0.12238237261772156,0.5
4a778017-f9eb-4616-9c2a-65bf7b8f5291,29.925,command_linear,/cmd_vel,0.11881814897060394,0.5
4a778017-f9eb-4616-9c2a-65bf7b8f5291,29.955000000000002,command_linear,/cmd_vel,0.12013623863458633,0.5
4a778017-f9eb-4616-9c2a-65bf7b8f5291,30.024,command_linear,/cmd_vel,0.11852086335420609,0.5
4a778017-f9eb-4616-9c2a-65bf7b8f5291,30.063000000000002,command_linear,/cmd_vel,0.1172279417514801,0.5
4a778017-f9eb-4616-9c2a-65bf7b8f5291,30.105,command_linear,/cmd_vel,0.11784154176712036,0.5
4a778017-f9eb-4616-9c2a-65bf7b8f5291,30.174000000000003,command_linear,/cmd_vel,0.11595302075147629,0.5
4a778017-f9eb-4616-9c2a-65bf7b8f5291,30.204,command_linear,/cmd_vel,0.11367276310920715,0.5
4a778017-f9eb-4616-9c2a-65bf7b8f5291,30.285,command_linear,/cmd_vel,0.11191676557064056,0.5
4a778017-f9eb-4616-9c2a-65bf7b8f5291,30.315,command_linear,/cmd_vel,0.11031016707420349,0.5
4a778017-f9eb-4616-9c2a-65bf7b8f5291,30.354000000000003,command_linear,/cmd_vel,0.10946597903966904,0.5
4a778017-f9eb-4616-9c2a-65bf7b8f5291,30.423000000000002,command_linear,/cmd_vel,0.10871807485818863,0.5
4a778017-f9eb-4616-9c2a-65bf7b8f5291,30.465000000000003,command_linear,/cmd_vel,0.10940100997686386,0.5
4a778017-f9eb-4616-9c2a-65bf7b8f5291,30.534000000000002,command_linear,/cmd_vel,0.10838518291711807,0.5
4a778017-f9eb-4616-9c2a-65bf7b8f5291,30.564000000000004,command_linear,/cmd_vel,0.10544116795063019,0.5
4a778017-f9eb-4616-9c2a-65bf7b8f5291,30.603,command_linear,/cmd_vel,0.10546782612800598,0.5
4a778017-f9eb-4616-9c2a-65bf7b8f5291,30.675,command_linear,/cmd_vel,0.10167378187179565,0.5
4a778017-f9eb-4616-9c2a-65bf7b8f5291,30.714000000000002,command_linear,/cmd_vel,0.10237376391887665,0.5
4a778017-f9eb-4616-9c2a-65bf7b8f5291,30.744000000000003,command_linear,/cmd_vel,0.10265020281076431,0.5
4a778017-f9eb-4616-9c2a-65bf7b8f5291,30.825000000000003,command_linear,/cmd_vel,0.10361070930957794,0.5
4a778017-f9eb-4616-9c2a-65bf7b8f5291,30.855,command_linear,/cmd_vel,0.10157118737697601,0.5
4a778017-f9eb-4616-9c2a-65bf7b8f5291,30.924000000000003,command_linear,/cmd_vel,0.1009591817855835,0.5
4a778017-f9eb-4616-9c2a-65bf7b8f5291,30.963,command_linear,/cmd_vel,0.10168875753879547,0.5
4a778017-f9eb-4616-9c2a-65bf7b8f5291,31.005000000000003,command_linear,/cmd_vel,0.09837263077497482,0.5
4a778017-f9eb-4616-9c2a-65bf7b8f5291,31.074,command_linear,/cmd_vel,0.09827510267496109,0.5
4a778017-f9eb-4616-9c2a-65bf7b8f5291,31.104000000000003,command_linear,/cmd_vel,0.09969434142112732,0.5
4a778017-f9eb-4616-9c2a-65bf7b8f5291,31.185000000000002,command_linear,/cmd_vel,0.09878811985254288,0.5
4a778017-f9eb-4616-9c2a-65bf7b8f5291,31.215000000000003,command_linear,/cmd_vel,0.09666784107685089,0.5
4a778017-f9eb-4616-9c2a-65bf7b8f5291,31.254,command_linear,/cmd_vel,0.09385520964860916,0.5
4a778017-f9eb-4616-9c2a-65bf7b8f5291,31.323,command_linear,/cmd_vel,0.09439996629953384,0.5
4a778017-f9eb-4616-9c2a-65bf7b8f5291,31.365000000000002,command_linear,/cmd_vel,0.0913875624537468,0.5
4a778017-f9eb-4616-9c2a-65bf7b8f5291,31.434,command_linear,/cmd_vel,0.0889572724699974,0.5
4a778017-f9eb-4616-9c2a-65bf7b8f5291,31.464000000000002,command_linear,/cmd_vel,0.08672770112752914,0.5
4a778017-f9eb-4616-9c2a-65bf7b8f5291,31.503000000000004,command_linear,/cmd_vel,0.09033609926700592,0.5
4a778017-f9eb-4616-9c2a-65bf7b8f5291,31.575000000000003,command_linear,/cmd_vel,0.08677807450294495,0.5
4a778017-f9eb-4616-9c2a-65bf7b8f5291,31.614,command_linear,/cmd_vel,0.08653469383716583,0.5
4a778017-f9eb-4616-9c2a-65bf7b8f5291,31.644000000000002,command_linear,/cmd_vel,0.08508908748626709,0.5
4a778017-f9eb-4616-9c2a-65bf7b8f5291,31.725,command_linear,/cmd_vel,0.08068627119064331,0.5
4a778017-f9eb-4616-9c2a-65bf7b8f5291,31.755000000000003,command_linear,/cmd_vel,0.08148946613073349,0.5
4a778017-f9eb-4616-9c2a-65bf7b8f5291,31.824,command_linear,/cmd_vel,0.07984093576669693,0.5
4a778017-f9eb-4616-9c2a-65bf7b8f5291,31.863000000000003,command_linear,/cmd_vel,0.08040936291217804,0.5
4a778017-f9eb-4616-9c2a-65bf7b8f5291,31.905,command_linear,/cmd_vel,0.07392840832471848,0.5
4a778017-f9eb-4616-9c2a-65bf7b8f5291,31.974000000000004,command_linear,/cmd_vel,0.07294930517673492,0.5
4a778017-f9eb-4616-9c2a-65bf7b8f5291,32.004000000000005,command_linear,/cmd_vel,0.07527650147676468,0.5
4a778017-f9eb-4616-9c2a-65bf7b8f5291,32.085,command_linear,/cmd_vel,0.07841747999191284,0.5
4a778017-f9eb-4616-9c2a-65bf7b8f5291,32.115,command_linear,/cmd_vel,0.07720319926738739,0.5
4a778017-f9eb-4616-9c2a-65bf7b8f5291,32.154,command_linear,/cmd_vel,0.07917923480272293,0.5
4a778017-f9eb-4616-9c2a-65bf7b8f5291,32.223,command_linear,/cmd_vel,0.07984486222267151,0.5
4a778017-f9eb-4616-9c2a-65bf7b8f5291,32.265,command_linear,/cmd_vel,0.0,0.5
4a778017-f9eb-4616-9c2a-65bf7b8f5291,32.334,command_linear,/cmd_vel,0.0,0.5
4a778017-f9eb-4616-9c2a-65bf7b8f5291,32.364000000000004,command_linear,/cmd_vel,0.0,0.5
4a778017-f9eb-4616-9c2a-65bf7b8f5291,32.403,command_linear,/cmd_vel,0.0,0.5
4a778017-f9eb-4616-9c2a-65bf7b8f5291,32.475,command_linear,/cmd_vel,0.0,0.5
4a778017-f9eb-4616-9c2a-65bf7b8f5291,32.514,command_linear,/cmd_vel,0.0,0.5
4a778017-f9eb-4616-9c2a-65bf7b8f5291,32.544000000000004,command_linear,/cmd_vel,0.0,0.5
4a778017-f9eb-4616-9c2a-65bf7b8f5291,32.625,command_linear,/cmd_vel,0.0,0.5
4a778017-f9eb-4616-9c2a-65bf7b8f5291,32.655,command_linear,/cmd_vel,0.0,0.5
4a778017-f9eb-4616-9c2a-65bf7b8f5291,32.724000000000004,command_linear,/cmd_vel,0.0,0.5
4a778017-f9eb-4616-9c2a-65bf7b8f5291,32.763000000000005,command_linear,/cmd_vel,0.0,0.5
4a778017-f9eb-4616-9c2a-65bf7b8f5291,32.805,command_linear,/cmd_vel,0.0,0.5
4a778017-f9eb-4616-9c2a-65bf7b8f5291,32.874,command_linear,/cmd_vel,0.0,0.5
4a778017-f9eb-4616-9c2a-65bf7b8f5291,32.904,command_linear,/cmd_vel,0.0,0.5
4a778017-f9eb-4616-9c2a-65bf7b8f5291,12.723,confidence_mean,/semantic/confidence,0.8547192066240434,1.0
4a778017-f9eb-4616-9c2a-65bf7b8f5291,12.819,confidence_mean,/semantic/confidence,0.8547554643948873,1.0
4a778017-f9eb-4616-9c2a-65bf7b8f5291,12.942,confidence_mean,/semantic/confidence,0.8547622802512099,1.0
4a778017-f9eb-4616-9c2a-65bf7b8f5291,13.041,confidence_mean,/semantic/confidence,0.8546876648953184,1.0
4a778017-f9eb-4616-9c2a-65bf7b8f5291,13.122000000000002,confidence_mean,/semantic/confidence,0.854812825404418,1.0
4a778017-f9eb-4616-9c2a-65bf7b8f5291,13.221,confidence_mean,/semantic/confidence,0.854717929569694,1.0
4a778017-f9eb-4616-9c2a-65bf7b8f5291,13.323,confidence_mean,/semantic/confidence,0.8546476968191564,1.0
4a778017-f9eb-4616-9c2a-65bf7b8f5291,13.443000000000001,confidence_mean,/semantic/confidence,0.854686004317676,1.0
4a778017-f9eb-4616-9c2a-65bf7b8f5291,13.521,confidence_mean,/semantic/confidence,0.8547466275452946,1.0
4a778017-f9eb-4616-9c2a-65bf7b8f5291,13.623000000000001,confidence_mean,/semantic/confidence,0.8546988679701463,1.0
4a778017-f9eb-4616-9c2a-65bf7b8f5291,13.722000000000001,confidence_mean,/semantic/confidence,0.8547015857929364,1.0
4a778017-f9eb-4616-9c2a-65bf7b8f5291,13.839,confidence_mean,/semantic/confidence,0.8547408379117648,1.0
4a778017-f9eb-4616-9c2a-65bf7b8f5291,13.941,confidence_mean,/semantic/confidence,0.8547285089067493,1.0
4a778017-f9eb-4616-9c2a-65bf7b8f5291,14.019,confidence_mean,/semantic/confidence,0.8547127434176703,1.0
4a778017-f9eb-4616-9c2a-65bf7b8f5291,14.121,confidence_mean,/semantic/confidence,0.8547345012845472,1.0
4a778017-f9eb-4616-9c2a-65bf7b8f5291,14.223,confidence_mean,/semantic/confidence,0.8547399182710796,1.0
4a778017-f9eb-4616-9c2a-65bf7b8f5291,14.340000000000002,confidence_mean,/semantic/confidence,0.8547150874634584,1.0
4a778017-f9eb-4616-9c2a-65bf7b8f5291,14.421000000000001,confidence_mean,/semantic/confidence,0.8548144098122915,1.0
4a778017-f9eb-4616-9c2a-65bf7b8f5291,14.523000000000001,confidence_mean,/semantic/confidence,0.8552210464359572,1.0
4a778017-f9eb-4616-9c2a-65bf7b8f5291,14.619000000000002,confidence_mean,/semantic/confidence,0.8542073260325318,1.0
4a778017-f9eb-4616-9c2a-65bf7b8f5291,14.742,confidence_mean,/semantic/confidence,0.8526108084913964,1.0
4a778017-f9eb-4616-9c2a-65bf7b8f5291,14.844000000000001,confidence_mean,/semantic/confidence,0.8513561424131816,1.0
4a778017-f9eb-4616-9c2a-65bf7b8f5291,14.922,confidence_mean,/semantic/confidence,0.8500703017382573,1.0
4a778017-f9eb-4616-9c2a-65bf7b8f5291,15.021,confidence_mean,/semantic/confidence,0.8492693261119226,1.0
4a778017-f9eb-4616-9c2a-65bf7b8f5291,15.123000000000001,confidence_mean,/semantic/confidence,0.8481124149868264,1.0
4a778017-f9eb-4616-9c2a-65bf7b8f5291,15.24,confidence_mean,/semantic/confidence,0.8468575671625634,1.0
4a778017-f9eb-4616-9c2a-65bf7b8f5291,15.321000000000002,confidence_mean,/semantic/confidence,0.846441751626941,1.0
4a778017-f9eb-4616-9c2a-65bf7b8f5291,15.423000000000002,confidence_mean,/semantic/confidence,0.8472023022749151,1.0
4a778017-f9eb-4616-9c2a-65bf7b8f5291,15.522,confidence_mean,/semantic/confidence,0.8461769331774364,1.0
4a778017-f9eb-4616-9c2a-65bf7b8f5291,15.642000000000001,confidence_mean,/semantic/confidence,0.8473496977193281,1.0
4a778017-f9eb-4616-9c2a-65bf7b8f5291,15.741000000000001,confidence_mean,/semantic/confidence,0.8475354013623049,1.0
4a778017-f9eb-4616-9c2a-65bf7b8f5291,15.822000000000001,confidence_mean,/semantic/confidence,0.8489700679946691,1.0
4a778017-f9eb-4616-9c2a-65bf7b8f5291,15.921000000000001,confidence_mean,/semantic/confidence,0.8488723785523326,1.0
4a778017-f9eb-4616-9c2a-65bf7b8f5291,16.023,confidence_mean,/semantic/confidence,0.8500295038971429,1.0
4a778017-f9eb-4616-9c2a-65bf7b8f5291,16.14,confidence_mean,/semantic/confidence,0.8523067505471409,1.0
4a778017-f9eb-4616-9c2a-65bf7b8f5291,16.221,confidence_mean,/semantic/confidence,0.8536431960761547,1.0
4a778017-f9eb-4616-9c2a-65bf7b8f5291,16.323,confidence_mean,/semantic/confidence,0.8565180193105092,1.0
4a778017-f9eb-4616-9c2a-65bf7b8f5291,16.422,confidence_mean,/semantic/confidence,0.8585129775324215,1.0
4a778017-f9eb-4616-9c2a-65bf7b8f5291,16.539,confidence_mean,/semantic/confidence,0.8602217178776239,1.0
4a778017-f9eb-4616-9c2a-65bf7b8f5291,16.644000000000002,confidence_mean,/semantic/confidence,0.8637538576250275,1.0
4a778017-f9eb-4616-9c2a-65bf7b8f5291,16.722,confidence_mean,/semantic/confidence,0.8652971012098715,1.0
4a778017-f9eb-4616-9c2a-65bf7b8f5291,16.821,confidence_mean,/semantic/confidence,0.8678133046254516,1.0
4a778017-f9eb-4616-9c2a-65bf7b8f5291,16.923000000000002,confidence_mean,/semantic/confidence,0.8694277947442606,1.0
4a778017-f9eb-4616-9c2a-65bf7b8f5291,17.040000000000003,confidence_mean,/semantic/confidence,0.86933833456443,1.0
4a778017-f9eb-4616-9c2a-65bf7b8f5291,17.121000000000002,confidence_mean,/semantic/confidence,0.869410454860578,1.0
4a778017-f9eb-4616-9c2a-65bf7b8f5291,17.223000000000003,confidence_mean,/semantic/confidence,0.8693987351252387,1.0
4a778017-f9eb-4616-9c2a-65bf7b8f5291,17.325000000000003,confidence_mean,/semantic/confidence,0.8706572429680576,1.0
4a778017-f9eb-4616-9c2a-65bf7b8f5291,17.439,confidence_mean,/semantic/confidence,0.8694416155324628,1.0
4a778017-f9eb-4616-9c2a-65bf7b8f5291,17.541,confidence_mean,/semantic/confidence,0.8681644667359069,1.0
4a778017-f9eb-4616-9c2a-65bf7b8f5291,17.622,confidence_mean,/semantic/confidence,0.8688991829349348,1.0
4a778017-f9eb-4616-9c2a-65bf7b8f5291,17.721,confidence_mean,/semantic/confidence,0.8665418546941752,1.0
4a778017-f9eb-4616-9c2a-65bf7b8f5291,17.823,confidence_mean,/semantic/confidence,0.8665778188143546,1.0
4a778017-f9eb-4616-9c2a-65bf7b8f5291,17.94,confidence_mean,/semantic/confidence,0.8660384690528735,1.0
4a778017-f9eb-4616-9c2a-65bf7b8f5291,18.021,confidence_mean,/semantic/confidence,0.8645299210880573,1.0
4a778017-f9eb-4616-9c2a-65bf7b8f5291,18.123,confidence_mean,/semantic/confidence,0.8632217242692908,1.0
4a778017-f9eb-4616-9c2a-65bf7b8f5291,18.222,confidence_mean,/semantic/confidence,0.8623806849742929,1.0
4a778017-f9eb-4616-9c2a-65bf7b8f5291,18.342000000000002,confidence_mean,/semantic/confidence,0.8616151767689735,1.0
4a778017-f9eb-4616-9c2a-65bf7b8f5291,18.441000000000003,confidence_mean,/semantic/confidence,0.8598492400581017,1.0
4a778017-f9eb-4616-9c2a-65bf7b8f5291,18.522000000000002,confidence_mean,/semantic/confidence,0.8593379852594808,1.0
4a778017-f9eb-4616-9c2a-65bf7b8f5291,18.621000000000002,confidence_mean,/semantic/confidence,0.8586191607732325,1.0
4a778017-f9eb-4616-9c2a-65bf7b8f5291,18.723000000000003,confidence_mean,/semantic/confidence,0.858139441103364,1.0
4a778017-f9eb-4616-9c2a-65bf7b8f5291,18.843,confidence_mean,/semantic/confidence,0.85720721380009,1.0
4a778017-f9eb-4616-9c2a-65bf7b8f5291,18.921000000000003,confidence_mean,/semantic/confidence,0.8574831567953031,1.0
4a778017-f9eb-4616-9c2a-65bf7b8f5291,19.023,confidence_mean,/semantic/confidence,0.8573006672877819,1.0
4a778017-f9eb-4616-9c2a-65bf7b8f5291,19.122,confidence_mean,/semantic/confidence,0.8566889230674133,1.0
4a778017-f9eb-4616-9c2a-65bf7b8f5291,19.242,confidence_mean,/semantic/confidence,0.8562198027890796,1.0
4a778017-f9eb-4616-9c2a-65bf7b8f5291,19.341,confidence_mean,/semantic/confidence,0.8554958325702077,1.0
4a778017-f9eb-4616-9c2a-65bf7b8f5291,19.422,confidence_mean,/semantic/confidence,0.8545537502598017,1.0
4a778017-f9eb-4616-9c2a-65bf7b8f5291,19.521,confidence_mean,/semantic/confidence,0.8536558774005001,1.0
4a778017-f9eb-4616-9c2a-65bf7b8f5291,19.623,confidence_mean,/semantic/confidence,0.8525505168813591,1.0
4a778017-f9eb-4616-9c2a-65bf7b8f5291,19.743000000000002,confidence_mean,/semantic/confidence,0.8509082268395771,1.0
4a778017-f9eb-4616-9c2a-65bf7b8f5291,19.821,confidence_mean,/semantic/confidence,0.8501422220747918,1.0
4a778017-f9eb-4616-9c2a-65bf7b8f5291,19.923000000000002,confidence_mean,/semantic/confidence,0.8483375000022352,1.0
4a778017-f9eb-4616-9c2a-65bf7b8f5291,20.022000000000002,confidence_mean,/semantic/confidence,0.8475902545219287,1.0
4a778017-f9eb-4616-9c2a-65bf7b8f5291,20.142000000000003,confidence_mean,/semantic/confidence,0.8477748119815564,1.0
4a778017-f9eb-4616-9c2a-65bf7b8f5291,20.241,confidence_mean,/semantic/confidence,0.8476011323633914,1.0
4a778017-f9eb-4616-9c2a-65bf7b8f5291,20.322000000000003,confidence_mean,/semantic/confidence,0.847201275836366,1.0
4a778017-f9eb-4616-9c2a-65bf7b8f5291,20.421000000000003,confidence_mean,/semantic/confidence,0.8478972029065093,1.0
4a778017-f9eb-4616-9c2a-65bf7b8f5291,20.523,confidence_mean,/semantic/confidence,0.8482596749362226,1.0
4a778017-f9eb-4616-9c2a-65bf7b8f5291,20.64,confidence_mean,/semantic/confidence,0.8481591107680773,1.0
4a778017-f9eb-4616-9c2a-65bf7b8f5291,20.721,confidence_mean,/semantic/confidence,0.8491704746397833,1.0
4a778017-f9eb-4616-9c2a-65bf7b8f5291,20.823,confidence_mean,/semantic/confidence,0.8498571035917848,1.0
4a778017-f9eb-4616-9c2a-65bf7b8f5291,20.922,confidence_mean,/semantic/confidence,0.8507998294864471,1.0
4a778017-f9eb-4616-9c2a-65bf7b8f5291,21.039,confidence_mean,/semantic/confidence,0.851034701198029,1.0
4a778017-f9eb-4616-9c2a-65bf7b8f5291,21.147000000000002,confidence_mean,/semantic/confidence,0.8517267562883596,1.0
4a778017-f9eb-4616-9c2a-65bf7b8f5291,21.222,confidence_mean,/semantic/confidence,0.8539306844010328,1.0
4a778017-f9eb-4616-9c2a-65bf7b8f5291,21.321,confidence_mean,/semantic/confidence,0.8546059176170577,1.0
4a778017-f9eb-4616-9c2a-65bf7b8f5291,21.423000000000002,confidence_mean,/semantic/confidence,0.8561189380412301,1.0
4a778017-f9eb-4616-9c2a-65bf7b8f5291,21.540000000000003,confidence_mean,/semantic/confidence,0.8590883946589505,1.0
4a778017-f9eb-4616-9c2a-65bf7b8f5291,21.621000000000002,confidence_mean,/semantic/confidence,0.860000298327456,1.0
4a778017-f9eb-4616-9c2a-65bf7b8f5291,21.720000000000002,confidence_mean,/semantic/confidence,0.8623331860157971,1.0
4a778017-f9eb-4616-9c2a-65bf7b8f5291,21.822000000000003,confidence_mean,/semantic/confidence,0.8640914690991243,1.0
4a778017-f9eb-4616-9c2a-65bf7b8f5291,21.942,confidence_mean,/semantic/confidence,0.867220805590041,1.0
4a778017-f9eb-4616-9c2a-65bf7b8f5291,22.041,confidence_mean,/semantic/confidence,0.8696728947867329,1.0
4a778017-f9eb-4616-9c2a-65bf7b8f5291,22.122,confidence_mean,/semantic/confidence,0.8740017693350092,1.0
4a778017-f9eb-4616-9c2a-65bf7b8f5291,22.221,confidence_mean,/semantic/confidence,0.8777968090384578,1.0
4a778017-f9eb-4616-9c2a-65bf7b8f5291,22.326,confidence_mean,/semantic/confidence,0.8804346552211791,1.0
4a778017-f9eb-4616-9c2a-65bf7b8f5291,22.443,confidence_mean,/semantic/confidence,0.884408227254947,1.0
4a778017-f9eb-4616-9c2a-65bf7b8f5291,22.521,confidence_mean,/semantic/confidence,0.8903093219253545,1.0
4a778017-f9eb-4616-9c2a-65bf7b8f5291,22.623,confidence_mean,/semantic/confidence,0.893683220394887,1.0
4a778017-f9eb-4616-9c2a-65bf7b8f5291,22.722,confidence_mean,/semantic/confidence,0.8978642056044192,1.0
4a778017-f9eb-4616-9c2a-65bf7b8f5291,22.842000000000002,confidence_mean,/semantic/confidence,0.9043755999595547,1.0
4a778017-f9eb-4616-9c2a-65bf7b8f5291,22.941000000000003,confidence_mean,/semantic/confidence,0.9094673935417086,1.0
4a778017-f9eb-4616-9c2a-65bf7b8f5291,23.025000000000002,confidence_mean,/semantic/confidence,0.9096817623078823,1.0
4a778017-f9eb-4616-9c2a-65bf7b8f5291,23.121000000000002,confidence_mean,/semantic/confidence,0.9096262514544651,1.0
4a778017-f9eb-4616-9c2a-65bf7b8f5291,23.226000000000003,confidence_mean,/semantic/confidence,0.9094923652863751,1.0
4a778017-f9eb-4616-9c2a-65bf7b8f5291,23.34,confidence_mean,/semantic/confidence,0.9095737161890914,1.0
4a778017-f9eb-4616-9c2a-65bf7b8f5291,23.421000000000003,confidence_mean,/semantic/confidence,0.9081252206504966,1.0
4a778017-f9eb-4616-9c2a-65bf7b8f5291,23.523000000000003,confidence_mean,/semantic/confidence,0.9082037211970115,1.0
4a778017-f9eb-4616-9c2a-65bf7b8f5291,23.622,confidence_mean,/semantic/confidence,0.9086501984484494,1.0
4a778017-f9eb-4616-9c2a-65bf7b8f5291,23.742,confidence_mean,/semantic/confidence,0.9077249203513686,1.0
4a778017-f9eb-4616-9c2a-65bf7b8f5291,23.844,confidence_mean,/semantic/confidence,0.9074542880058288,1.0
4a778017-f9eb-4616-9c2a-65bf7b8f5291,23.922,confidence_mean,/semantic/confidence,0.9066997853092228,1.0
4a778017-f9eb-4616-9c2a-65bf7b8f5291,24.021,confidence_mean,/semantic/confidence,0.9061333837158357,1.0
4a778017-f9eb-4616-9c2a-65bf7b8f5291,24.123,confidence_mean,/semantic/confidence,0.9057036342363184,1.0
4a778017-f9eb-4616-9c2a-65bf7b8f5291,24.243000000000002,confidence_mean,/semantic/confidence,0.9051150709452729,1.0
4a778017-f9eb-4616-9c2a-65bf7b8f5291,24.321,confidence_mean,/semantic/confidence,0.9050237192011749,1.0
4a778017-f9eb-4616-9c2a-65bf7b8f5291,24.423000000000002,confidence_mean,/semantic/confidence,0.9041102004097774,1.0
4a778017-f9eb-4616-9c2a-65bf7b8f5291,24.522000000000002,confidence_mean,/semantic/confidence,0.9043083598247419,1.0
4a778017-f9eb-4616-9c2a-65bf7b8f5291,24.639000000000003,confidence_mean,/semantic/confidence,0.9040729824515681,1.0
4a778017-f9eb-4616-9c2a-65bf7b8f5291,24.744,confidence_mean,/semantic/confidence,0.9030373572868605,1.0
4a778017-f9eb-4616-9c2a-65bf7b8f5291,24.819000000000003,confidence_mean,/semantic/confidence,0.9022028204938397,1.0
4a778017-f9eb-4616-9c2a-65bf7b8f5291,24.924000000000003,confidence_mean,/semantic/confidence,0.9002988735943411,1.0
4a778017-f9eb-4616-9c2a-65bf7b8f5291,25.023000000000003,confidence_mean,/semantic/confidence,0.9001484516278531,1.0
4a778017-f9eb-4616-9c2a-65bf7b8f5291,25.143,confidence_mean,/semantic/confidence,0.8994672105973587,1.0
4a778017-f9eb-4616-9c2a-65bf7b8f5291,25.221,confidence_mean,/semantic/confidence,0.8985364642428855,1.0
4a778017-f9eb-4616-9c2a-65bf7b8f5291,25.323,confidence_mean,/semantic/confidence,0.896649799219643,1.0
4a778017-f9eb-4616-9c2a-65bf7b8f5291,25.422,confidence_mean,/semantic/confidence,0.899001465657105,1.0
4a778017-f9eb-4616-9c2a-65bf7b8f5291,25.539,confidence_mean,/semantic/confidence,0.9000829568427677,1.0
4a778017-f9eb-4616-9c2a-65bf7b8f5291,25.641000000000002,confidence_mean,/semantic/confidence,0.9001671109286448,1.0
4a778017-f9eb-4616-9c2a-65bf7b8f5291,25.722,confidence_mean,/semantic/confidence,0.9016857235382001,1.0
4a778017-f9eb-4616-9c2a-65bf7b8f5291,25.821,confidence_mean,/semantic/confidence,0.9016128053857635,1.0
4a778017-f9eb-4616-9c2a-65bf7b8f5291,25.923000000000002,confidence_mean,/semantic/confidence,0.9029408473614603,1.0
4a778017-f9eb-4616-9c2a-65bf7b8f5291,26.043000000000003,confidence_mean,/semantic/confidence,0.9028330938254172,1.0
4a778017-f9eb-4616-9c2a-65bf7b8f5291,26.121000000000002,confidence_mean,/semantic/confidence,0.9042331504651034,1.0
4a778017-f9eb-4616-9c2a-65bf7b8f5291,26.223000000000003,confidence_mean,/semantic/confidence,0.904404836371541,1.0
4a778017-f9eb-4616-9c2a-65bf7b8f5291,26.322000000000003,confidence_mean,/semantic/confidence,0.9034042377521594,1.0
4a778017-f9eb-4616-9c2a-65bf7b8f5291,26.442,confidence_mean,/semantic/confidence,0.9021608888016392,1.0
4a778017-f9eb-4616-9c2a-65bf7b8f5291,26.544,confidence_mean,/semantic/confidence,0.9011144514180099,1.0
4a778017-f9eb-4616-9c2a-65bf7b8f5291,26.622,confidence_mean,/semantic/confidence,0.9003332733921706,1.0
4a778017-f9eb-4616-9c2a-65bf7b8f5291,26.724,confidence_mean,/semantic/confidence,0.8986129723877335,1.0
4a778017-f9eb-4616-9c2a-65bf7b8f5291,26.82,confidence_mean,/semantic/confidence,0.898915644075411,1.0
4a778017-f9eb-4616-9c2a-65bf7b8f5291,26.943,confidence_mean,/semantic/confidence,0.8996192309322456,1.0
4a778017-f9eb-4616-9c2a-65bf7b8f5291,27.021,confidence_mean,/semantic/confidence,0.9005782654772823,1.0
4a778017-f9eb-4616-9c2a-65bf7b8f5291,27.123,confidence_mean,/semantic/confidence,0.9015379988293474,1.0
4a778017-f9eb-4616-9c2a-65bf7b8f5291,27.222,confidence_mean,/semantic/confidence,0.9031124696166565,1.0
4a778017-f9eb-4616-9c2a-65bf7b8f5291,27.342000000000002,confidence_mean,/semantic/confidence,0.9049682930236062,1.0
4a778017-f9eb-4616-9c2a-65bf7b8f5291,27.444000000000003,confidence_mean,/semantic/confidence,0.9061366672487929,1.0
4a778017-f9eb-4616-9c2a-65bf7b8f5291,27.522000000000002,confidence_mean,/semantic/confidence,0.9077301545534283,1.0
4a778017-f9eb-4616-9c2a-65bf7b8f5291,27.621000000000002,confidence_mean,/semantic/confidence,0.908953756589132,1.0
4a778017-f9eb-4616-9c2a-65bf7b8f5291,27.723000000000003,confidence_mean,/semantic/confidence,0.9116924879467114,1.0
4a778017-f9eb-4616-9c2a-65bf7b8f5291,27.840000000000003,confidence_mean,/semantic/confidence,0.9126751749155422,1.0
4a778017-f9eb-4616-9c2a-65bf7b8f5291,27.921000000000003,confidence_mean,/semantic/confidence,0.9143541934542979,1.0
4a778017-f9eb-4616-9c2a-65bf7b8f5291,28.023000000000003,confidence_mean,/semantic/confidence,0.9163079494563863,1.0
4a778017-f9eb-4616-9c2a-65bf7b8f5291,28.122000000000003,confidence_mean,/semantic/confidence,0.9179798528800408,1.0
4a778017-f9eb-4616-9c2a-65bf7b8f5291,28.239,confidence_mean,/semantic/confidence,0.9205257312689598,1.0
4a778017-f9eb-4616-9c2a-65bf7b8f5291,28.344,confidence_mean,/semantic/confidence,0.9232706299967443,1.0
4a778017-f9eb-4616-9c2a-65bf7b8f5291,28.422,confidence_mean,/semantic/confidence,0.9247678250741834,1.0
4a778017-f9eb-4616-9c2a-65bf7b8f5291,28.524,confidence_mean,/semantic/confidence,0.9277175290230661,1.0
4a778017-f9eb-4616-9c2a-65bf7b8f5291,28.623,confidence_mean,/semantic/confidence,0.9317439670007055,1.0
4a778017-f9eb-4616-9c2a-65bf7b8f5291,28.743000000000002,confidence_mean,/semantic/confidence,0.9348239085078239,1.0
4a778017-f9eb-4616-9c2a-65bf7b8f5291,28.821,confidence_mean,/semantic/confidence,0.9384805676760152,1.0
4a778017-f9eb-4616-9c2a-65bf7b8f5291,28.923000000000002,confidence_mean,/semantic/confidence,0.941005295291543,1.0
4a778017-f9eb-4616-9c2a-65bf7b8f5291,29.022000000000002,confidence_mean,/semantic/confidence,0.9447574778615186,1.0
4a778017-f9eb-4616-9c2a-65bf7b8f5291,29.139000000000003,confidence_mean,/semantic/confidence,0.9472083135927096,1.0
4a778017-f9eb-4616-9c2a-65bf7b8f5291,29.241000000000003,confidence_mean,/semantic/confidence,0.9505247930499414,1.0
4a778017-f9eb-4616-9c2a-65bf7b8f5291,29.322000000000003,confidence_mean,/semantic/confidence,0.95429636484012,1.0
4a778017-f9eb-4616-9c2a-65bf7b8f5291,29.421000000000003,confidence_mean,/semantic/confidence,0.9575259830259407,1.0
4a778017-f9eb-4616-9c2a-65bf7b8f5291,29.523000000000003,confidence_mean,/semantic/confidence,0.9585425672276566,1.0
4a778017-f9eb-4616-9c2a-65bf7b8f5291,29.64,confidence_mean,/semantic/confidence,0.958375357457747,1.0
4a778017-f9eb-4616-9c2a-65bf7b8f5291,29.721,confidence_mean,/semantic/confidence,0.9586058979295194,1.0
4a778017-f9eb-4616-9c2a-65bf7b8f5291,29.823,confidence_mean,/semantic/confidence,0.9584335688563684,1.0
4a778017-f9eb-4616-9c2a-65bf7b8f5291,29.922,confidence_mean,/semantic/confidence,0.958325011578078,1.0
4a778017-f9eb-4616-9c2a-65bf7b8f5291,30.042,confidence_mean,/semantic/confidence,0.9581815764137234,1.0
4a778017-f9eb-4616-9c2a-65bf7b8f5291,30.144000000000002,confidence_mean,/semantic/confidence,0.9580365280962239,1.0
4a778017-f9eb-4616-9c2a-65bf7b8f5291,30.222,confidence_mean,/semantic/confidence,0.9584057287437221,1.0
4a778017-f9eb-4616-9c2a-65bf7b8f5291,30.321,confidence_mean,/semantic/confidence,0.9582365056515361,1.0
4a778017-f9eb-4616-9c2a-65bf7b8f5291,30.423000000000002,confidence_mean,/semantic/confidence,0.9581080606471126,1.0
4a778017-f9eb-4616-9c2a-65bf7b8f5291,30.540000000000003,confidence_mean,/semantic/confidence,0.957912977624995,1.0
4a778017-f9eb-4616-9c2a-65bf7b8f5291,30.621000000000002,confidence_mean,/semantic/confidence,0.9578022596674661,1.0
4a778017-f9eb-4616-9c2a-65bf7b8f5291,30.723000000000003,confidence_mean,/semantic/confidence,0.9579500625127305,1.0
4a778017-f9eb-4616-9c2a-65bf7b8f5291,30.825000000000003,confidence_mean,/semantic/confidence,0.9582010663067922,1.0
4a778017-f9eb-4616-9c2a-65bf7b8f5291,30.939000000000004,confidence_mean,/semantic/confidence,0.9580509860689441,1.0
4a778017-f9eb-4616-9c2a-65bf7b8f5291,31.044,confidence_mean,/semantic/confidence,0.957944383326297,1.0
4a778017-f9eb-4616-9c2a-65bf7b8f5291,31.122000000000003,confidence_mean,/semantic/confidence,0.957855306789279,1.0
4a778017-f9eb-4616-9c2a-65bf7b8f5291,31.221000000000004,confidence_mean,/semantic/confidence,0.9577420017309487,1.0
4a778017-f9eb-4616-9c2a-65bf7b8f5291,31.323,confidence_mean,/semantic/confidence,0.9576032228178034,1.0
4a778017-f9eb-4616-9c2a-65bf7b8f5291,31.443,confidence_mean,/semantic/confidence,0.9575485485326499,1.0
4a778017-f9eb-4616-9c2a-65bf7b8f5291,31.521,confidence_mean,/semantic/confidence,0.9574508301836128,1.0
4a778017-f9eb-4616-9c2a-65bf7b8f5291,31.623,confidence_mean,/semantic/confidence,0.9573806192322324,1.0
4a778017-f9eb-4616-9c2a-65bf7b8f5291,31.722,confidence_mean,/semantic/confidence,0.9573138990237688,1.0
4a778017-f9eb-4616-9c2a-65bf7b8f5291,31.842000000000002,confidence_mean,/semantic/confidence,0.9580611628325035,1.0
4a778017-f9eb-4616-9c2a-65bf7b8f5291,31.944000000000003,confidence_mean,/semantic/confidence,0.9572645763416464,1.0
4a778017-f9eb-4616-9c2a-65bf7b8f5291,32.022,confidence_mean,/semantic/confidence,0.9572135204200943,1.0
4a778017-f9eb-4616-9c2a-65bf7b8f5291,32.121,confidence_mean,/semantic/confidence,0.9572029497039815,1.0
4a778017-f9eb-4616-9c2a-65bf7b8f5291,32.223,confidence_mean,/semantic/confidence,0.9571357042497645,1.0
4a778017-f9eb-4616-9c2a-65bf7b8f5291,32.34,confidence_mean,/semantic/confidence,0.9570828139906128,1.0
4a778017-f9eb-4616-9c2a-65bf7b8f5291,32.421,confidence_mean,/semantic/confidence,0.9570819181685025,1.0
4a778017-f9eb-4616-9c2a-65bf7b8f5291,32.52,confidence_mean,/semantic/confidence,0.9570605167839676,1.0
4a778017-f9eb-4616-9c2a-65bf7b8f5291,32.622,confidence_mean,/semantic/confidence,0.9570568371051923,1.0
4a778017-f9eb-4616-9c2a-65bf7b8f5291,32.739000000000004,confidence_mean,/semantic/confidence,0.9570637139460693,1.0
4a778017-f9eb-4616-9c2a-65bf7b8f5291,32.844,confidence_mean,/semantic/confidence,0.9570561125176027,1.0
4a778017-f9eb-4616-9c2a-65bf7b8f5291,32.922000000000004,confidence_mean,/semantic/confidence,0.9570557512327408,1.0
4a778017-f9eb-4616-9c2a-65bf7b8f5291,14.241000000000001,global_path_curvature,/plan,0.4458074184504564,2.0
4a778017-f9eb-4616-9c2a-65bf7b8f5291,15.270000000000001,global_path_curvature,/plan,0.385192212370843,2.0
4a778017-f9eb-4616-9c2a-65bf7b8f5291,16.299,global_path_curvature,/plan,0.44628329007400774,2.0
4a778017-f9eb-4616-9c2a-65bf7b8f5291,17.319000000000003,global_path_curvature,/plan,0.47601739154272826,2.0
4a778017-f9eb-4616-9c2a-65bf7b8f5291,18.351000000000003,global_path_curvature,/plan,0.5105882464097102,2.0
4a778017-f9eb-4616-9c2a-65bf7b8f5291,19.371000000000002,global_path_curvature,/plan,0.5494118750548933,2.0
4a778017-f9eb-4616-9c2a-65bf7b8f5291,20.400000000000002,global_path_curvature,/plan,0.4550049103513102,2.0
4a778017-f9eb-4616-9c2a-65bf7b8f5291,21.42,global_path_curvature,/plan,0.6625655367802802,2.0
4a778017-f9eb-4616-9c2a-65bf7b8f5291,22.449,global_path_curvature,/plan,0.532115613258565,2.0
4a778017-f9eb-4616-9c2a-65bf7b8f5291,23.469,global_path_curvature,/plan,0.6838971891400463,2.0
4a778017-f9eb-4616-9c2a-65bf7b8f5291,24.501,global_path_curvature,/plan,0.6252256038515794,2.0
4a778017-f9eb-4616-9c2a-65bf7b8f5291,25.521,global_path_curvature,/plan,0.8944125371505331,2.0
4a778017-f9eb-4616-9c2a-65bf7b8f5291,26.55,global_path_curvature,/plan,0.8852071962240321,2.0
4a778017-f9eb-4616-9c2a-65bf7b8f5291,27.57,global_path_curvature,/plan,1.1364736147548422,2.0
4a778017-f9eb-4616-9c2a-65bf7b8f5291,28.590000000000003,global_path_curvature,/plan,1.5887506626348609,2.0
4a778017-f9eb-4616-9c2a-65bf7b8f5291,29.619000000000003,global_path_curvature,/plan,1.5597540759336903,2.0
4a778017-f9eb-4616-9c2a-65bf7b8f5291,30.651000000000003,global_path_curvature,/plan,5.0235560217776785,2.0
4a778017-f9eb-4616-9c2a-65bf7b8f5291,31.671000000000003,global_path_curvature,/plan,3.866333297645738,2.0
4a778017-f9eb-4616-9c2a-65bf7b8f5291,14.241000000000001,global_path_length,/plan,3.0487527154621326,2.0
4a778017-f9eb-4616-9c2a-65bf7b8f5291,15.270000000000001,global_path_length,/plan,2.9486207166487732,2.0
4a778017-f9eb-4616-9c2a-65bf7b8f5291,16.299,global_path_length,/plan,2.799917570832638,2.0
4a778017-f9eb-4616-9c2a-65bf7b8f5291,17.319000000000003,global_path_length,/plan,2.599510981805054,2.0
4a778017-f9eb-4616-9c2a-65bf7b8f5291,18.351000000000003,global_path_length,/plan,2.43207540358534,2.0
4a778017-f9eb-4616-9c2a-65bf7b8f5291,19.371000000000002,global_path_length,/plan,2.231809576701777,2.0
4a778017-f9eb-4616-9c2a-65bf7b8f5291,20.400000000000002,global_path_length,/plan,2.072913369715905,2.0
4a778017-f9eb-4616-9c2a-65bf7b8f5291,21.42,global_path_length,/plan,1.8824192085771536,2.0
4a778017-f9eb-4616-9c2a-65bf7b8f5291,22.449,global_path_length,/plan,1.6740367661983917,2.0
4a778017-f9eb-4616-9c2a-65bf7b8f5291,23.469,global_path_length,/plan,1.5309242000791197,2.0
4a778017-f9eb-4616-9c2a-65bf7b8f5291,24.501,global_path_length,/plan,1.3238108203127332,2.0
4a778017-f9eb-4616-9c2a-65bf7b8f5291,25.521,global_path_length,/plan,1.1326060595820893,2.0
4a778017-f9eb-4616-9c2a-65bf7b8f5291,26.55,global_path_length,/plan,0.9748406576831017,2.0
4a778017-f9eb-4616-9c2a-65bf7b8f5291,27.57,global_path_length,/plan,0.8319072168848896,2.0
4a778017-f9eb-4616-9c2a-65bf7b8f5291,28.590000000000003,global_path_length,/plan,0.6298996891798182,2.0
4a778017-f9eb-4616-9c2a-65bf7b8f5291,29.619000000000003,global_path_length,/plan,0.533001087513548,2.0
4a778017-f9eb-4616-9c2a-65bf7b8f5291,30.651000000000003,global_path_length,/plan,0.3815492119444034,2.0
4a778017-f9eb-4616-9c2a-65bf7b8f5291,31.671000000000003,global_path_length,/plan,0.2859283141421263,2.0
4a778017-f9eb-4616-9c2a-65bf7b8f5291,12.723,inference_latency_ms,/semantic/inference_latency_ms,9.771810531616211,1.0
4a778017-f9eb-4616-9c2a-65bf7b8f5291,12.822000000000001,inference_latency_ms,/semantic/inference_latency_ms,9.505797386169434,1.0
4a778017-f9eb-4616-9c2a-65bf7b8f5291,12.942,inference_latency_ms,/semantic/inference_latency_ms,9.299636840820312,1.0
4a778017-f9eb-4616-9c2a-65bf7b8f5291,13.041,inference_latency_ms,/semantic/inference_latency_ms,8.555916786193848,1.0
4a778017-f9eb-4616-9c2a-65bf7b8f5291,13.125,inference_latency_ms,/semantic/inference_latency_ms,9.675336837768555,1.0
4a778017-f9eb-4616-9c2a-65bf7b8f5291,13.221,inference_latency_ms,/semantic/inference_latency_ms,9.24402141571045,1.0
4a778017-f9eb-4616-9c2a-65bf7b8f5291,13.323,inference_latency_ms,/semantic/inference_latency_ms,10.775308609008789,1.0
4a778017-f9eb-4616-9c2a-65bf7b8f5291,13.443000000000001,inference_latency_ms,/semantic/inference_latency_ms,9.747613906860352,1.0
4a778017-f9eb-4616-9c2a-65bf7b8f5291,13.521,inference_latency_ms,/semantic/inference_latency_ms,10.434037208557129,1.0
4a778017-f9eb-4616-9c2a-65bf7b8f5291,13.623000000000001,inference_latency_ms,/semantic/inference_latency_ms,9.357865333557129,1.0
4a778017-f9eb-4616-9c2a-65bf7b8f5291,13.722000000000001,inference_latency_ms,/semantic/inference_latency_ms,10.745651245117188,1.0
4a778017-f9eb-4616-9c2a-65bf7b8f5291,13.839,inference_latency_ms,/semantic/inference_latency_ms,9.115777969360352,1.0
4a778017-f9eb-4616-9c2a-65bf7b8f5291,13.941,inference_latency_ms,/semantic/inference_latency_ms,10.478086471557617,1.0
4a778017-f9eb-4616-9c2a-65bf7b8f5291,14.019,inference_latency_ms,/semantic/inference_latency_ms,9.194534301757812,1.0
4a778017-f9eb-4616-9c2a-65bf7b8f5291,14.121,inference_latency_ms,/semantic/inference_latency_ms,10.379990577697754,1.0
4a778017-f9eb-4616-9c2a-65bf7b8f5291,14.223,inference_latency_ms,/semantic/inference_latency_ms,9.81560230255127,1.0
4a778017-f9eb-4616-9c2a-65bf7b8f5291,14.340000000000002,inference_latency_ms,/semantic/inference_latency_ms,9.352656364440918,1.0
4a778017-f9eb-4616-9c2a-65bf7b8f5291,14.421000000000001,inference_latency_ms,/semantic/inference_latency_ms,9.886028289794922,1.0
4a778017-f9eb-4616-9c2a-65bf7b8f5291,14.523000000000001,inference_latency_ms,/semantic/inference_latency_ms,10.593099594116211,1.0
4a778017-f9eb-4616-9c2a-65bf7b8f5291,14.622000000000002,inference_latency_ms,/semantic/inference_latency_ms,9.74942398071289,1.0
4a778017-f9eb-4616-9c2a-65bf7b8f5291,14.742,inference_latency_ms,/semantic/inference_latency_ms,11.621564865112305,1.0
4a778017-f9eb-4616-9c2a-65bf7b8f5291,14.844000000000001,inference_latency_ms,/semantic/inference_latency_ms,9.387675285339355,1.0
4a778017-f9eb-4616-9c2a-65bf7b8f5291,14.922,inference_latency_ms,/semantic/inference_latency_ms,10.401671409606934,1.0
4a778017-f9eb-4616-9c2a-65bf7b8f5291,15.021,inference_latency_ms,/semantic/inference_latency_ms,10.603561401367188,1.0
4a778017-f9eb-4616-9c2a-65bf7b8f5291,15.123000000000001,inference_latency_ms,/semantic/inference_latency_ms,10.52757453918457,1.0
4a778017-f9eb-4616-9c2a-65bf7b8f5291,15.24,inference_latency_ms,/semantic/inference_latency_ms,9.316088676452637,1.0
4a778017-f9eb-4616-9c2a-65bf7b8f5291,15.321000000000002,inference_latency_ms,/semantic/inference_latency_ms,9.638591766357422,1.0
4a778017-f9eb-4616-9c2a-65bf7b8f5291,15.423000000000002,inference_latency_ms,/semantic/inference_latency_ms,8.760618209838867,1.0
4a778017-f9eb-4616-9c2a-65bf7b8f5291,15.522,inference_latency_ms,/semantic/inference_latency_ms,10.415281295776367,1.0
4a778017-f9eb-4616-9c2a-65bf7b8f5291,15.642000000000001,inference_latency_ms,/semantic/inference_latency_ms,8.81098461151123,1.0
4a778017-f9eb-4616-9c2a-65bf7b8f5291,15.741000000000001,inference_latency_ms,/semantic/inference_latency_ms,9.485560417175293,1.0
4a778017-f9eb-4616-9c2a-65bf7b8f5291,15.822000000000001,inference_latency_ms,/semantic/inference_latency_ms,10.121868133544922,1.0
4a778017-f9eb-4616-9c2a-65bf7b8f5291,15.921000000000001,inference_latency_ms,/semantic/inference_latency_ms,10.14655590057373,1.0
4a778017-f9eb-4616-9c2a-65bf7b8f5291,16.023,inference_latency_ms,/semantic/inference_latency_ms,9.694780349731445,1.0
4a778017-f9eb-4616-9c2a-65bf7b8f5291,16.14,inference_latency_ms,/semantic/inference_latency_ms,9.684510231018066,1.0
4a778017-f9eb-4616-9c2a-65bf7b8f5291,16.221,inference_latency_ms,/semantic/inference_latency_ms,10.608731269836426,1.0
4a778017-f9eb-4616-9c2a-65bf7b8f5291,16.323,inference_latency_ms,/semantic/inference_latency_ms,9.378335952758789,1.0
4a778017-f9eb-4616-9c2a-65bf7b8f5291,16.422,inference_latency_ms,/semantic/inference_latency_ms,10.469139099121094,1.0
4a778017-f9eb-4616-9c2a-65bf7b8f5291,16.539,inference_latency_ms,/semantic/inference_latency_ms,9.46433162689209,1.0
4a778017-f9eb-4616-9c2a-65bf7b8f5291,16.644000000000002,inference_latency_ms,/semantic/inference_latency_ms,10.498188018798828,1.0
4a778017-f9eb-4616-9c2a-65bf7b8f5291,16.722,inference_latency_ms,/semantic/inference_latency_ms,9.257013320922852,1.0
4a778017-f9eb-4616-9c2a-65bf7b8f5291,16.821,inference_latency_ms,/semantic/inference_latency_ms,9.897270202636719,1.0
4a778017-f9eb-4616-9c2a-65bf7b8f5291,16.923000000000002,inference_latency_ms,/semantic/inference_latency_ms,8.932600975036621,1.0
4a778017-f9eb-4616-9c2a-65bf7b8f5291,17.040000000000003,inference_latency_ms,/semantic/inference_latency_ms,9.544299125671387,1.0
4a778017-f9eb-4616-9c2a-65bf7b8f5291,17.121000000000002,inference_latency_ms,/semantic/inference_latency_ms,9.735089302062988,1.0
4a778017-f9eb-4616-9c2a-65bf7b8f5291,17.223000000000003,inference_latency_ms,/semantic/inference_latency_ms,9.649622917175293,1.0
4a778017-f9eb-4616-9c2a-65bf7b8f5291,17.325000000000003,inference_latency_ms,/semantic/inference_latency_ms,9.937538146972656,1.0
4a778017-f9eb-4616-9c2a-65bf7b8f5291,17.439,inference_latency_ms,/semantic/inference_latency_ms,9.03604507446289,1.0
4a778017-f9eb-4616-9c2a-65bf7b8f5291,17.541,inference_latency_ms,/semantic/inference_latency_ms,8.78722858428955,1.0
4a778017-f9eb-4616-9c2a-65bf7b8f5291,17.622,inference_latency_ms,/semantic/inference_latency_ms,10.117218971252441,1.0
4a778017-f9eb-4616-9c2a-65bf7b8f5291,17.721,inference_latency_ms,/semantic/inference_latency_ms,9.155749320983887,1.0
4a778017-f9eb-4616-9c2a-65bf7b8f5291,17.823,inference_latency_ms,/semantic/inference_latency_ms,9.194857597351074,1.0
4a778017-f9eb-4616-9c2a-65bf7b8f5291,17.94,inference_latency_ms,/semantic/inference_latency_ms,9.965058326721191,1.0
4a778017-f9eb-4616-9c2a-65bf7b8f5291,18.021,inference_latency_ms,/semantic/inference_latency_ms,9.082823753356934,1.0
4a778017-f9eb-4616-9c2a-65bf7b8f5291,18.123,inference_latency_ms,/semantic/inference_latency_ms,10.99000358581543,1.0
4a778017-f9eb-4616-9c2a-65bf7b8f5291,18.222,inference_latency_ms,/semantic/inference_latency_ms,9.733389854431152,1.0
4a778017-f9eb-4616-9c2a-65bf7b8f5291,18.342000000000002,inference_latency_ms,/semantic/inference_latency_ms,10.884690284729004,1.0
4a778017-f9eb-4616-9c2a-65bf7b8f5291,18.441000000000003,inference_latency_ms,/semantic/inference_latency_ms,8.852545738220215,1.0
4a778017-f9eb-4616-9c2a-65bf7b8f5291,18.522000000000002,inference_latency_ms,/semantic/inference_latency_ms,10.341667175292969,1.0
4a778017-f9eb-4616-9c2a-65bf7b8f5291,18.621000000000002,inference_latency_ms,/semantic/inference_latency_ms,9.799896240234375,1.0
4a778017-f9eb-4616-9c2a-65bf7b8f5291,18.723000000000003,inference_latency_ms,/semantic/inference_latency_ms,10.954805374145508,1.0
4a778017-f9eb-4616-9c2a-65bf7b8f5291,18.843,inference_latency_ms,/semantic/inference_latency_ms,9.624397277832031,1.0
4a778017-f9eb-4616-9c2a-65bf7b8f5291,18.921000000000003,inference_latency_ms,/semantic/inference_latency_ms,9.708312034606934,1.0
4a778017-f9eb-4616-9c2a-65bf7b8f5291,19.023,inference_latency_ms,/semantic/inference_latency_ms,9.620367050170898,1.0
4a778017-f9eb-4616-9c2a-65bf7b8f5291,19.122,inference_latency_ms,/semantic/inference_latency_ms,10.15718936920166,1.0
4a778017-f9eb-4616-9c2a-65bf7b8f5291,19.242,inference_latency_ms,/semantic/inference_latency_ms,9.494423866271973,1.0
4a778017-f9eb-4616-9c2a-65bf7b8f5291,19.341,inference_latency_ms,/semantic/inference_latency_ms,9.069154739379883,1.0
4a778017-f9eb-4616-9c2a-65bf7b8f5291,19.422,inference_latency_ms,/semantic/inference_latency_ms,10.220464706420898,1.0
4a778017-f9eb-4616-9c2a-65bf7b8f5291,19.521,inference_latency_ms,/semantic/inference_latency_ms,9.623276710510254,1.0
4a778017-f9eb-4616-9c2a-65bf7b8f5291,19.623,inference_latency_ms,/semantic/inference_latency_ms,9.800256729125977,1.0
4a778017-f9eb-4616-9c2a-65bf7b8f5291,19.743000000000002,inference_latency_ms,/semantic/inference_latency_ms,9.658004760742188,1.0
4a778017-f9eb-4616-9c2a-65bf7b8f5291,19.821,inference_latency_ms,/semantic/inference_latency_ms,10.208968162536621,1.0
4a778017-f9eb-4616-9c2a-65bf7b8f5291,19.923000000000002,inference_latency_ms,/semantic/inference_latency_ms,9.505824089050293,1.0
4a778017-f9eb-4616-9c2a-65bf7b8f5291,20.022000000000002,inference_latency_ms,/semantic/inference_latency_ms,9.986588478088379,1.0
4a778017-f9eb-4616-9c2a-65bf7b8f5291,20.142000000000003,inference_latency_ms,/semantic/inference_latency_ms,9.525392532348633,1.0
4a778017-f9eb-4616-9c2a-65bf7b8f5291,20.241,inference_latency_ms,/semantic/inference_latency_ms,9.658156394958496,1.0
4a778017-f9eb-4616-9c2a-65bf7b8f5291,20.322000000000003,inference_latency_ms,/semantic/inference_latency_ms,10.039715766906738,1.0
4a778017-f9eb-4616-9c2a-65bf7b8f5291,20.421000000000003,inference_latency_ms,/semantic/inference_latency_ms,9.802998542785645,1.0
4a778017-f9eb-4616-9c2a-65bf7b8f5291,20.523,inference_latency_ms,/semantic/inference_latency_ms,9.692303657531738,1.0
4a778017-f9eb-4616-9c2a-65bf7b8f5291,20.64,inference_latency_ms,/semantic/inference_latency_ms,9.492433547973633,1.0
4a778017-f9eb-4616-9c2a-65bf7b8f5291,20.721,inference_latency_ms,/semantic/inference_latency_ms,9.907342910766602,1.0
4a778017-f9eb-4616-9c2a-65bf7b8f5291,20.823,inference_latency_ms,/semantic/inference_latency_ms,9.256628036499023,1.0
4a778017-f9eb-4616-9c2a-65bf7b8f5291,20.922,inference_latency_ms,/semantic/inference_latency_ms,9.705183982849121,1.0
4a778017-f9eb-4616-9c2a-65bf7b8f5291,21.039,inference_latency_ms,/semantic/inference_latency_ms,9.174551963806152,1.0
4a778017-f9eb-4616-9c2a-65bf7b8f5291,21.147000000000002,inference_latency_ms,/semantic/inference_latency_ms,10.028467178344727,1.0
4a778017-f9eb-4616-9c2a-65bf7b8f5291,21.222,inference_latency_ms,/semantic/inference_latency_ms,10.093864440917969,1.0
4a778017-f9eb-4616-9c2a-65bf7b8f5291,21.321,inference_latency_ms,/semantic/inference_latency_ms,10.149651527404785,1.0
4a778017-f9eb-4616-9c2a-65bf7b8f5291,21.423000000000002,inference_latency_ms,/semantic/inference_latency_ms,9.50997543334961,1.0
4a778017-f9eb-4616-9c2a-65bf7b8f5291,21.540000000000003,inference_latency_ms,/semantic/inference_latency_ms,9.43975830078125,1.0
4a778017-f9eb-4616-9c2a-65bf7b8f5291,21.621000000000002,inference_latency_ms,/semantic/inference_latency_ms,10.128923416137695,1.0
4a778017-f9eb-4616-9c2a-65bf7b8f5291,21.723000000000003,inference_latency_ms,/semantic/inference_latency_ms,9.67236614227295,1.0
4a778017-f9eb-4616-9c2a-65bf7b8f5291,21.822000000000003,inference_latency_ms,/semantic/inference_latency_ms,10.707723617553711,1.0
4a778017-f9eb-4616-9c2a-65bf7b8f5291,21.942,inference_latency_ms,/semantic/inference_latency_ms,10.178820610046387,1.0
4a778017-f9eb-4616-9c2a-65bf7b8f5291,22.041,inference_latency_ms,/semantic/inference_latency_ms,9.735763549804688,1.0
4a778017-f9eb-4616-9c2a-65bf7b8f5291,22.122,inference_latency_ms,/semantic/inference_latency_ms,10.246267318725586,1.0
4a778017-f9eb-4616-9c2a-65bf7b8f5291,22.221,inference_latency_ms,/semantic/inference_latency_ms,10.31833267211914,1.0
4a778017-f9eb-4616-9c2a-65bf7b8f5291,22.326,inference_latency_ms,/semantic/inference_latency_ms,11.6401948928833,1.0
4a778017-f9eb-4616-9c2a-65bf7b8f5291,22.443,inference_latency_ms,/semantic/inference_latency_ms,9.413870811462402,1.0
4a778017-f9eb-4616-9c2a-65bf7b8f5291,22.521,inference_latency_ms,/semantic/inference_latency_ms,9.165484428405762,1.0
4a778017-f9eb-4616-9c2a-65bf7b8f5291,22.626,inference_latency_ms,/semantic/inference_latency_ms,10.233037948608398,1.0
4a778017-f9eb-4616-9c2a-65bf7b8f5291,22.722,inference_latency_ms,/semantic/inference_latency_ms,9.197061538696289,1.0
4a778017-f9eb-4616-9c2a-65bf7b8f5291,22.842000000000002,inference_latency_ms,/semantic/inference_latency_ms,9.463859558105469,1.0
4a778017-f9eb-4616-9c2a-65bf7b8f5291,22.941000000000003,inference_latency_ms,/semantic/inference_latency_ms,9.182663917541504,1.0
4a778017-f9eb-4616-9c2a-65bf7b8f5291,23.025000000000002,inference_latency_ms,/semantic/inference_latency_ms,10.078606605529785,1.0
4a778017-f9eb-4616-9c2a-65bf7b8f5291,23.121000000000002,inference_latency_ms,/semantic/inference_latency_ms,9.260759353637695,1.0
4a778017-f9eb-4616-9c2a-65bf7b8f5291,23.226000000000003,inference_latency_ms,/semantic/inference_latency_ms,9.821371078491211,1.0
4a778017-f9eb-4616-9c2a-65bf7b8f5291,23.34,inference_latency_ms,/semantic/inference_latency_ms,8.883218765258789,1.0
4a778017-f9eb-4616-9c2a-65bf7b8f5291,23.421000000000003,inference_latency_ms,/semantic/inference_latency_ms,10.174491882324219,1.0
4a778017-f9eb-4616-9c2a-65bf7b8f5291,23.523000000000003,inference_latency_ms,/semantic/inference_latency_ms,9.832240104675293,1.0
4a778017-f9eb-4616-9c2a-65bf7b8f5291,23.622,inference_latency_ms,/semantic/inference_latency_ms,10.573371887207031,1.0
4a778017-f9eb-4616-9c2a-65bf7b8f5291,23.742,inference_latency_ms,/semantic/inference_latency_ms,10.217700004577637,1.0
4a778017-f9eb-4616-9c2a-65bf7b8f5291,23.844,inference_latency_ms,/semantic/inference_latency_ms,10.667437553405762,1.0
4a778017-f9eb-4616-9c2a-65bf7b8f5291,23.922,inference_latency_ms,/semantic/inference_latency_ms,9.303077697753906,1.0
4a778017-f9eb-4616-9c2a-65bf7b8f5291,24.021,inference_latency_ms,/semantic/inference_latency_ms,10.918145179748535,1.0
4a778017-f9eb-4616-9c2a-65bf7b8f5291,24.123,inference_latency_ms,/semantic/inference_latency_ms,9.608713150024414,1.0
4a778017-f9eb-4616-9c2a-65bf7b8f5291,24.243000000000002,inference_latency_ms,/semantic/inference_latency_ms,10.451120376586914,1.0
4a778017-f9eb-4616-9c2a-65bf7b8f5291,24.321,inference_latency_ms,/semantic/inference_latency_ms,9.877649307250977,1.0
4a778017-f9eb-4616-9c2a-65bf7b8f5291,24.426000000000002,inference_latency_ms,/semantic/inference_latency_ms,11.124403953552246,1.0
4a778017-f9eb-4616-9c2a-65bf7b8f5291,24.522000000000002,inference_latency_ms,/semantic/inference_latency_ms,9.30235767364502,1.0
4a778017-f9eb-4616-9c2a-65bf7b8f5291,24.639000000000003,inference_latency_ms,/semantic/inference_latency_ms,9.523837089538574,1.0
4a778017-f9eb-4616-9c2a-65bf7b8f5291,24.744,inference_latency_ms,/semantic/inference_latency_ms,9.926976203918457,1.0
4a778017-f9eb-4616-9c2a-65bf7b8f5291,24.819000000000003,inference_latency_ms,/semantic/inference_latency_ms,9.213034629821777,1.0
4a778017-f9eb-4616-9c2a-65bf7b8f5291,24.924000000000003,inference_latency_ms,/semantic/inference_latency_ms,9.961545944213867,1.0
4a778017-f9eb-4616-9c2a-65bf7b8f5291,25.023000000000003,inference_latency_ms,/semantic/inference_latency_ms,8.838973045349121,1.0
4a778017-f9eb-4616-9c2a-65bf7b8f5291,25.143,inference_latency_ms,/semantic/inference_latency_ms,9.83700180053711,1.0
4a778017-f9eb-4616-9c2a-65bf7b8f5291,25.221,inference_latency_ms,/semantic/inference_latency_ms,8.954157829284668,1.0
4a778017-f9eb-4616-9c2a-65bf7b8f5291,25.323,inference_latency_ms,/semantic/inference_latency_ms,10.503026962280273,1.0
4a778017-f9eb-4616-9c2a-65bf7b8f5291,25.422,inference_latency_ms,/semantic/inference_latency_ms,9.699019432067871,1.0
4a778017-f9eb-4616-9c2a-65bf7b8f5291,25.539,inference_latency_ms,/semantic/inference_latency_ms,10.542285919189453,1.0
4a778017-f9eb-4616-9c2a-65bf7b8f5291,25.641000000000002,inference_latency_ms,/semantic/inference_latency_ms,9.013784408569336,1.0
4a778017-f9eb-4616-9c2a-65bf7b8f5291,25.722,inference_latency_ms,/semantic/inference_latency_ms,9.535637855529785,1.0
4a778017-f9eb-4616-9c2a-65bf7b8f5291,25.821,inference_latency_ms,/semantic/inference_latency_ms,9.687030792236328,1.0
4a778017-f9eb-4616-9c2a-65bf7b8f5291,25.923000000000002,inference_latency_ms,/semantic/inference_latency_ms,9.878600120544434,1.0
4a778017-f9eb-4616-9c2a-65bf7b8f5291,26.043000000000003,inference_latency_ms,/semantic/inference_latency_ms,9.074932098388672,1.0
4a778017-f9eb-4616-9c2a-65bf7b8f5291,26.121000000000002,inference_latency_ms,/semantic/inference_latency_ms,10.66256046295166,1.0
4a778017-f9eb-4616-9c2a-65bf7b8f5291,26.223000000000003,inference_latency_ms,/semantic/inference_latency_ms,9.498970985412598,1.0
4a778017-f9eb-4616-9c2a-65bf7b8f5291,26.322000000000003,inference_latency_ms,/semantic/inference_latency_ms,11.19337272644043,1.0
4a778017-f9eb-4616-9c2a-65bf7b8f5291,26.442,inference_latency_ms,/semantic/inference_latency_ms,9.063343048095703,1.0
4a778017-f9eb-4616-9c2a-65bf7b8f5291,26.544,inference_latency_ms,/semantic/inference_latency_ms,10.519296646118164,1.0
4a778017-f9eb-4616-9c2a-65bf7b8f5291,26.622,inference_latency_ms,/semantic/inference_latency_ms,10.573564529418945,1.0
4a778017-f9eb-4616-9c2a-65bf7b8f5291,26.724,inference_latency_ms,/semantic/inference_latency_ms,12.21312141418457,1.0
4a778017-f9eb-4616-9c2a-65bf7b8f5291,26.82,inference_latency_ms,/semantic/inference_latency_ms,9.062423706054688,1.0
4a778017-f9eb-4616-9c2a-65bf7b8f5291,26.943,inference_latency_ms,/semantic/inference_latency_ms,10.819193840026855,1.0
4a778017-f9eb-4616-9c2a-65bf7b8f5291,27.021,inference_latency_ms,/semantic/inference_latency_ms,9.302881240844727,1.0
4a778017-f9eb-4616-9c2a-65bf7b8f5291,27.123,inference_latency_ms,/semantic/inference_latency_ms,10.461901664733887,1.0
4a778017-f9eb-4616-9c2a-65bf7b8f5291,27.222,inference_latency_ms,/semantic/inference_latency_ms,9.308931350708008,1.0
4a778017-f9eb-4616-9c2a-65bf7b8f5291,27.342000000000002,inference_latency_ms,/semantic/inference_latency_ms,10.086771011352539,1.0
4a778017-f9eb-4616-9c2a-65bf7b8f5291,27.447000000000003,inference_latency_ms,/semantic/inference_latency_ms,9.529938697814941,1.0
4a778017-f9eb-4616-9c2a-65bf7b8f5291,27.522000000000002,inference_latency_ms,/semantic/inference_latency_ms,9.743739128112793,1.0
4a778017-f9eb-4616-9c2a-65bf7b8f5291,27.621000000000002,inference_latency_ms,/semantic/inference_latency_ms,10.969956398010254,1.0
4a778017-f9eb-4616-9c2a-65bf7b8f5291,27.723000000000003,inference_latency_ms,/semantic/inference_latency_ms,9.513489723205566,1.0
4a778017-f9eb-4616-9c2a-65bf7b8f5291,27.840000000000003,inference_latency_ms,/semantic/inference_latency_ms,10.00822639465332,1.0
4a778017-f9eb-4616-9c2a-65bf7b8f5291,27.921000000000003,inference_latency_ms,/semantic/inference_latency_ms,10.237235069274902,1.0
4a778017-f9eb-4616-9c2a-65bf7b8f5291,28.023000000000003,inference_latency_ms,/semantic/inference_latency_ms,10.660082817077637,1.0
4a778017-f9eb-4616-9c2a-65bf7b8f5291,28.122000000000003,inference_latency_ms,/semantic/inference_latency_ms,9.722001075744629,1.0
4a778017-f9eb-4616-9c2a-65bf7b8f5291,28.242,inference_latency_ms,/semantic/inference_latency_ms,9.246346473693848,1.0
4a778017-f9eb-4616-9c2a-65bf7b8f5291,28.344,inference_latency_ms,/semantic/inference_latency_ms,9.54951000213623,1.0
4a778017-f9eb-4616-9c2a-65bf7b8f5291,28.422,inference_latency_ms,/semantic/inference_latency_ms,9.307541847229004,1.0
4a778017-f9eb-4616-9c2a-65bf7b8f5291,28.524,inference_latency_ms,/semantic/inference_latency_ms,10.124899864196777,1.0
4a778017-f9eb-4616-9c2a-65bf7b8f5291,28.623,inference_latency_ms,/semantic/inference_latency_ms,9.057555198669434,1.0
4a778017-f9eb-4616-9c2a-65bf7b8f5291,28.743000000000002,inference_latency_ms,/semantic/inference_latency_ms,9.860074996948242,1.0
4a778017-f9eb-4616-9c2a-65bf7b8f5291,28.821,inference_latency_ms,/semantic/inference_latency_ms,9.8051176071167,1.0
4a778017-f9eb-4616-9c2a-65bf7b8f5291,28.923000000000002,inference_latency_ms,/semantic/inference_latency_ms,11.031695365905762,1.0
4a778017-f9eb-4616-9c2a-65bf7b8f5291,29.022000000000002,inference_latency_ms,/semantic/inference_latency_ms,10.261083602905273,1.0
4a778017-f9eb-4616-9c2a-65bf7b8f5291,29.139000000000003,inference_latency_ms,/semantic/inference_latency_ms,9.725042343139648,1.0
4a778017-f9eb-4616-9c2a-65bf7b8f5291,29.244000000000003,inference_latency_ms,/semantic/inference_latency_ms,9.34227180480957,1.0
4a778017-f9eb-4616-9c2a-65bf7b8f5291,29.322000000000003,inference_latency_ms,/semantic/inference_latency_ms,9.712443351745605,1.0
4a778017-f9eb-4616-9c2a-65bf7b8f5291,29.421000000000003,inference_latency_ms,/semantic/inference_latency_ms,9.259976387023926,1.0
4a778017-f9eb-4616-9c2a-65bf7b8f5291,29.523000000000003,inference_latency_ms,/semantic/inference_latency_ms,9.764679908752441,1.0
4a778017-f9eb-4616-9c2a-65bf7b8f5291,29.64,inference_latency_ms,/semantic/inference_latency_ms,9.36539077758789,1.0
4a778017-f9eb-4616-9c2a-65bf7b8f5291,29.721,inference_latency_ms,/semantic/inference_latency_ms,9.783939361572266,1.0
4a778017-f9eb-4616-9c2a-65bf7b8f5291,29.823,inference_latency_ms,/semantic/inference_latency_ms,9.581141471862793,1.0
4a778017-f9eb-4616-9c2a-65bf7b8f5291,29.922,inference_latency_ms,/semantic/inference_latency_ms,10.338022232055664,1.0
4a778017-f9eb-4616-9c2a-65bf7b8f5291,30.042,inference_latency_ms,/semantic/inference_latency_ms,8.961482048034668,1.0
4a778017-f9eb-4616-9c2a-65bf7b8f5291,30.144000000000002,inference_latency_ms,/semantic/inference_latency_ms,10.674944877624512,1.0
4a778017-f9eb-4616-9c2a-65bf7b8f5291,30.222,inference_latency_ms,/semantic/inference_latency_ms,9.070627212524414,1.0
4a778017-f9eb-4616-9c2a-65bf7b8f5291,30.321,inference_latency_ms,/semantic/inference_latency_ms,9.658576965332031,1.0
4a778017-f9eb-4616-9c2a-65bf7b8f5291,30.423000000000002,inference_latency_ms,/semantic/inference_latency_ms,9.572300910949707,1.0
4a778017-f9eb-4616-9c2a-65bf7b8f5291,30.540000000000003,inference_latency_ms,/semantic/inference_latency_ms,8.958542823791504,1.0
4a778017-f9eb-4616-9c2a-65bf7b8f5291,30.621000000000002,inference_latency_ms,/semantic/inference_latency_ms,9.84572696685791,1.0
4a778017-f9eb-4616-9c2a-65bf7b8f5291,30.723000000000003,inference_latency_ms,/semantic/inference_latency_ms,9.192079544067383,1.0
4a778017-f9eb-4616-9c2a-65bf7b8f5291,30.825000000000003,inference_latency_ms,/semantic/inference_latency_ms,10.011630058288574,1.0
4a778017-f9eb-4616-9c2a-65bf7b8f5291,30.939000000000004,inference_latency_ms,/semantic/inference_latency_ms,8.890727043151855,1.0
4a778017-f9eb-4616-9c2a-65bf7b8f5291,31.044,inference_latency_ms,/semantic/inference_latency_ms,10.056556701660156,1.0
4a778017-f9eb-4616-9c2a-65bf7b8f5291,31.122000000000003,inference_latency_ms,/semantic/inference_latency_ms,9.745412826538086,1.0
4a778017-f9eb-4616-9c2a-65bf7b8f5291,31.221000000000004,inference_latency_ms,/semantic/inference_latency_ms,11.311723709106445,1.0
4a778017-f9eb-4616-9c2a-65bf7b8f5291,31.323,inference_latency_ms,/semantic/inference_latency_ms,9.298505783081055,1.0
4a778017-f9eb-4616-9c2a-65bf7b8f5291,31.443,inference_latency_ms,/semantic/inference_latency_ms,10.265936851501465,1.0
4a778017-f9eb-4616-9c2a-65bf7b8f5291,31.521,inference_latency_ms,/semantic/inference_latency_ms,9.58878231048584,1.0
4a778017-f9eb-4616-9c2a-65bf7b8f5291,31.623,inference_latency_ms,/semantic/inference_latency_ms,9.027299880981445,1.0
4a778017-f9eb-4616-9c2a-65bf7b8f5291,31.722,inference_latency_ms,/semantic/inference_latency_ms,10.558601379394531,1.0
4a778017-f9eb-4616-9c2a-65bf7b8f5291,31.842000000000002,inference_latency_ms,/semantic/inference_latency_ms,8.872028350830078,1.0
4a778017-f9eb-4616-9c2a-65bf7b8f5291,31.944000000000003,inference_latency_ms,/semantic/inference_latency_ms,10.98669147491455,1.0
4a778017-f9eb-4616-9c2a-65bf7b8f5291,32.022,inference_latency_ms,/semantic/inference_latency_ms,8.857338905334473,1.0
4a778017-f9eb-4616-9c2a-65bf7b8f5291,32.121,inference_latency_ms,/semantic/inference_latency_ms,10.121894836425781,1.0
4a778017-f9eb-4616-9c2a-65bf7b8f5291,32.223,inference_latency_ms,/semantic/inference_latency_ms,9.773733139038086,1.0
4a778017-f9eb-4616-9c2a-65bf7b8f5291,32.34,inference_latency_ms,/semantic/inference_latency_ms,9.342925071716309,1.0
4a778017-f9eb-4616-9c2a-65bf7b8f5291,32.421,inference_latency_ms,/semantic/inference_latency_ms,8.85303020477295,1.0
4a778017-f9eb-4616-9c2a-65bf7b8f5291,32.52,inference_latency_ms,/semantic/inference_latency_ms,9.570423126220703,1.0
4a778017-f9eb-4616-9c2a-65bf7b8f5291,32.622,inference_latency_ms,/semantic/inference_latency_ms,9.607171058654785,1.0
4a778017-f9eb-4616-9c2a-65bf7b8f5291,32.739000000000004,inference_latency_ms,/semantic/inference_latency_ms,9.087617874145508,1.0
4a778017-f9eb-4616-9c2a-65bf7b8f5291,32.844,inference_latency_ms,/semantic/inference_latency_ms,9.380522727966309,1.0
4a778017-f9eb-4616-9c2a-65bf7b8f5291,32.922000000000004,inference_latency_ms,/semantic/inference_latency_ms,9.247920989990234,1.0
4a778017-f9eb-4616-9c2a-65bf7b8f5291,12.672,measured_angular,/odom,-3.9965985461330955e-20,0.5
4a778017-f9eb-4616-9c2a-65bf7b8f5291,12.708,measured_angular,/odom,-1.1989795638399285e-19,0.5
4a778017-f9eb-4616-9c2a-65bf7b8f5291,12.744000000000002,measured_angular,/odom,-4.304029203527949e-20,0.5
4a778017-f9eb-4616-9c2a-65bf7b8f5291,12.780000000000001,measured_angular,/odom,-1.3834379582768408e-19,0.5
4a778017-f9eb-4616-9c2a-65bf7b8f5291,12.816,measured_angular,/odom,-5.841182490502215e-20,0.5
4a778017-f9eb-4616-9c2a-65bf7b8f5291,12.852,measured_angular,/odom,-1.8445839443691214e-20,0.5
4a778017-f9eb-4616-9c2a-65bf7b8f5291,12.888000000000002,measured_angular,/odom,-6.763474462686778e-20,0.5
4a778017-f9eb-4616-9c2a-65bf7b8f5291,12.924000000000001,measured_angular,/odom,-3.0743065739485344e-20,0.5
4a778017-f9eb-4616-9c2a-65bf7b8f5291,12.96,measured_angular,/odom,-3.9965985461330955e-20,0.5
4a778017-f9eb-4616-9c2a-65bf7b8f5291,12.996,measured_angular,/odom,-1.1989795638399288e-19,0.5
4a778017-f9eb-4616-9c2a-65bf7b8f5291,13.032,measured_angular,/odom,9.222919721845604e-21,0.5
4a778017-f9eb-4616-9c2a-65bf7b8f5291,13.068000000000001,measured_angular,/odom,-6.148613147897069e-20,0.5
4a778017-f9eb-4616-9c2a-65bf7b8f5291,13.104000000000001,measured_angular,/odom,-7.685766434871338e-20,0.5
4a778017-f9eb-4616-9c2a-65bf7b8f5291,13.14,measured_angular,/odom,-7.378335777476484e-20,0.5
4a778017-f9eb-4616-9c2a-65bf7b8f5291,13.176,measured_angular,/odom,-3.381737231343389e-20,0.5
4a778017-f9eb-4616-9c2a-65bf7b8f5291,13.212000000000002,measured_angular,/odom,-4.918890518317656e-20,0.5
4a778017-f9eb-4616-9c2a-65bf7b8f5291,13.248000000000001,measured_angular,/odom,-6.148613147897065e-21,0.5
4a778017-f9eb-4616-9c2a-65bf7b8f5291,13.284,measured_angular,/odom,-6.456043805291923e-20,0.5
4a778017-f9eb-4616-9c2a-65bf7b8f5291,13.32,measured_angular,/odom,-5.533751833107363e-20,0.5
4a778017-f9eb-4616-9c2a-65bf7b8f5291,13.356000000000002,measured_angular,/odom,-7.070905120081631e-20,0.5
4a778017-f9eb-4616-9c2a-65bf7b8f5291,13.392000000000001,measured_angular,/odom,-8.300627749661046e-20,0.5
4a778017-f9eb-4616-9c2a-65bf7b8f5291,13.428,measured_angular,/odom,-7.685766434871338e-20,0.5
4a778017-f9eb-4616-9c2a-65bf7b8f5291,13.464,measured_angular,/odom,-2.459445259158828e-20,0.5
4a778017-f9eb-4616-9c2a-65bf7b8f5291,13.5,measured_angular,/odom,-5.533751833107363e-20,0.5
4a778017-f9eb-4616-9c2a-65bf7b8f5291,13.536000000000001,measured_angular,/odom,-9.530350379240459e-20,0.5
4a778017-f9eb-4616-9c2a-65bf7b8f5291,13.572000000000001,measured_angular,/odom,-1.0145211694030164e-19,0.5
4a778017-f9eb-4616-9c2a-65bf7b8f5291,13.611,measured_angular,/odom,-1.229722629579414e-19,0.5
4a778017-f9eb-4616-9c2a-65bf7b8f5291,13.644,measured_angular,/odom,-3.0743065739485403e-21,0.5
4a778017-f9eb-4616-9c2a-65bf7b8f5291,13.680000000000001,measured_angular,/odom,-6.456043805291923e-20,0.5
4a778017-f9eb-4616-9c2a-65bf7b8f5291,13.716000000000001,measured_angular,/odom,-3.9965985461330955e-20,0.5
4a778017-f9eb-4616-9c2a-65bf7b8f5291,13.752,measured_angular,/odom,-5.2263211757125094e-20,0.5
4a778017-f9eb-4616-9c2a-65bf7b8f5291,13.788,measured_angular,/odom,-2.459445259158828e-20,0.5
4a778017-f9eb-4616-9c2a-65bf7b8f5291,13.824000000000002,measured_angular,/odom,-3.9965985461330955e-20,0.5
4a778017-f9eb-4616-9c2a-65bf7b8f5291,13.860000000000001,measured_angular,/odom,-4.611459860922802e-20,0.5
4a778017-f9eb-4616-9c2a-65bf7b8f5291,13.896,measured_angular,/odom,-6.763474462686778e-20,0.5
4a778017-f9eb-4616-9c2a-65bf7b8f5291,13.932,measured_angular,/odom,-4.6114598609228034e-20,0.5
4a778017-f9eb-4616-9c2a-65bf7b8f5291,13.968000000000002,measured_angular,/odom,-6.148613147897064e-21,0.5
4a778017-f9eb-4616-9c2a-65bf7b8f5291,14.004000000000001,measured_angular,/odom,-4.918890518317656e-20,0.5
4a778017-f9eb-4616-9c2a-65bf7b8f5291,14.040000000000001,measured_angular,/odom,-8.608058407055899e-20,0.5
4a778017-f9eb-4616-9c2a-65bf7b8f5291,14.076,measured_angular,/odom,-1.0145211694030167e-19,0.5
4a778017-f9eb-4616-9c2a-65bf7b8f5291,14.112,measured_angular,/odom,-6.14861314789707e-20,0.5
4a778017-f9eb-4616-9c2a-65bf7b8f5291,14.148000000000001,measured_angular,/odom,-3.996598546133095e-20,0.5
4a778017-f9eb-4616-9c2a-65bf7b8f5291,14.184000000000001,measured_angular,/odom,-1.8445839443691205e-20,0.5
4a778017-f9eb-4616-9c2a-65bf7b8f5291,14.22,measured_angular,/odom,-3.9965985461330955e-20,0.5
4a778017-f9eb-4616-9c2a-65bf7b8f5291,14.256,measured_angular,/odom,-2.4594452591588274e-20,0.5
4a778017-f9eb-4616-9c2a-65bf7b8f5291,14.292000000000002,measured_angular,/odom,-9.530350379240458e-20,0.5
4a778017-f9eb-4616-9c2a-65bf7b8f5291,14.328000000000001,measured_angular,/odom,-5.841182490502218e-20,0.5
4a778017-f9eb-4616-9c2a-65bf7b8f5291,14.364,measured_angular,/odom,0.003324374268534126,0.5
4a778017-f9eb-4616-9c2a-65bf7b8f5291,14.4,measured_angular,/odom,0.0065466458928533176,0.5
4a778017-f9eb-4616-9c2a-65bf7b8f5291,14.436000000000002,measured_angular,/odom,-0.015956980231054133,0.5
4a778017-f9eb-4616-9c2a-65bf7b8f5291,14.472000000000001,measured_angular,/odom,-0.020959397777674603,0.5
4a778017-f9eb-4616-9c2a-65bf7b8f5291,14.508000000000001,measured_angular,/odom,-0.042564591452526654,0.5
4a778017-f9eb-4616-9c2a-65bf7b8f5291,14.544,measured_angular,/odom,-0.05830368142681027,0.5
4a778017-f9eb-4616-9c2a-65bf7b8f5291,14.58,measured_angular,/odom,-0.05531934276208968,0.5
4a778017-f9eb-4616-9c2a-65bf7b8f5291,14.616000000000001,measured_angular,/odom,-0.055319342762206535,0.5
4a778017-f9eb-4616-9c2a-65bf7b8f5291,14.652000000000001,measured_angular,/odom,-0.05013227288187928,0.5
4a778017-f9eb-4616-9c2a-65bf7b8f5291,14.688,measured_angular,/odom,-0.037892573084792824,0.5
4a778017-f9eb-4616-9c2a-65bf7b8f5291,14.724,measured_angular,/odom,-0.037351038307149156,0.5
4a778017-f9eb-4616-9c2a-65bf7b8f5291,14.760000000000002,measured_angular,/odom,-0.037739329040185385,0.5
4a778017-f9eb-4616-9c2a-65bf7b8f5291,14.796000000000001,measured_angular,/odom,-0.0372798740875165,0.5
4a778017-f9eb-4616-9c2a-65bf7b8f5291,14.832,measured_angular,/odom,-0.03775890469392536,0.5
4a778017-f9eb-4616-9c2a-65bf7b8f5291,14.868,measured_angular,/odom,-0.03787866234788586,0.5
4a778017-f9eb-4616-9c2a-65bf7b8f5291,14.904000000000002,measured_angular,/odom,-0.041816319512777714,0.5
4a778017-f9eb-4616-9c2a-65bf7b8f5291,14.940000000000001,measured_angular,/odom,-0.04691766574977404,0.5
4a778017-f9eb-4616-9c2a-65bf7b8f5291,14.976,measured_angular,/odom,-0.04691766574983046,0.5
4a778017-f9eb-4616-9c2a-65bf7b8f5291,15.012,measured_angular,/odom,-0.0451182164316493,0.5
4a778017-f9eb-4616-9c2a-65bf7b8f5291,15.048000000000002,measured_angular,/odom,-0.039600562318720174,0.5
4a778017-f9eb-4616-9c2a-65bf7b8f5291,15.084000000000001,measured_angular,/odom,-0.042173565171226036,0.5
4a778017-f9eb-4616-9c2a-65bf7b8f5291,15.120000000000001,measured_angular,/odom,-0.042459454387522175,0.5
4a778017-f9eb-4616-9c2a-65bf7b8f5291,15.156,measured_angular,/odom,-0.042151480913874426,0.5
4a778017-f9eb-4616-9c2a-65bf7b8f5291,15.192,measured_angular,/odom,-0.04546428917677638,0.5
4a778017-f9eb-4616-9c2a-65bf7b8f5291,15.228000000000002,measured_angular,/odom,-0.04629249125725527,0.5
4a778017-f9eb-4616-9c2a-65bf7b8f5291,15.264000000000001,measured_angular,/odom,-0.04373963513273127,0.5
4a778017-f9eb-4616-9c2a-65bf7b8f5291,15.3,measured_angular,/odom,-0.05009924620211348,0.5
4a778017-f9eb-4616-9c2a-65bf7b8f5291,15.336,measured_angular,/odom,-0.04757168144760885,0.5
4a778017-f9eb-4616-9c2a-65bf7b8f5291,15.372000000000002,measured_angular,/odom,-0.0475716814399801,0.5
4a778017-f9eb-4616-9c2a-65bf7b8f5291,15.408000000000001,measured_angular,/odom,-0.041967500016681016,0.5
4a778017-f9eb-4616-9c2a-65bf7b8f5291,15.444,measured_angular,/odom,-0.04772400807137154,0.5
4a778017-f9eb-4616-9c2a-65bf7b8f5291,15.48,measured_angular,/odom,-0.04508505016576611,0.5
4a778017-f9eb-4616-9c2a-65bf7b8f5291,15.516000000000002,measured_angular,/odom,-0.04508505016576289,0.5
4a778017-f9eb-4616-9c2a-65bf7b8f5291,15.552000000000001,measured_angular,/odom,-0.04361155480674364,0.5
4a778017-f9eb-4616-9c2a-65bf7b8f5291,15.588000000000001,measured_angular,/odom,-0.0441534593676378,0.5
4a778017-f9eb-4616-9c2a-65bf7b8f5291,15.624,measured_angular,/odom,-0.044153459370232837,0.5
4a778017-f9eb-4616-9c2a-65bf7b8f5291,15.66,measured_angular,/odom,-0.030940985152182198,0.5
4a778017-f9eb-4616-9c2a-65bf7b8f5291,15.696000000000002,measured_angular,/odom,-0.02944089286410967,0.5
4a778017-f9eb-4616-9c2a-65bf7b8f5291,15.732000000000001,measured_angular,/odom,-0.03154761455262425,0.5
4a778017-f9eb-4616-9c2a-65bf7b8f5291,15.768,measured_angular,/odom,-0.032074294984443974,0.5
4a778017-f9eb-4616-9c2a-65bf7b8f5291,15.804,measured_angular,/odom,-0.03384940772685529,0.5
4a778017-f9eb-4616-9c2a-65bf7b8f5291,15.840000000000002,measured_angular,/odom,-0.03414183482534827,0.5
4a778017-f9eb-4616-9c2a-65bf7b8f5291,15.876000000000001,measured_angular,/odom,-0.03414183482534505,0.5
4a778017-f9eb-4616-9c2a-65bf7b8f5291,15.912,measured_angular,/odom,-0.03614714666478103,0.5
4a778017-f9eb-4616-9c2a-65bf7b8f5291,15.948,measured_angular,/odom,-0.04269606794828699,0.5
4a778017-f9eb-4616-9c2a-65bf7b8f5291,15.984000000000002,measured_angular,/odom,-0.03272366499617816,0.5
4a778017-f9eb-4616-9c2a-65bf7b8f5291,16.02,measured_angular,/odom,-0.030979242175982864,0.5
4a778017-f9eb-4616-9c2a-65bf7b8f5291,16.056,measured_angular,/odom,-0.03764481979767541,0.5
4a778017-f9eb-4616-9c2a-65bf7b8f5291,16.092000000000002,measured_angular,/odom,-0.04127500353978325,0.5
4a778017-f9eb-4616-9c2a-65bf7b8f5291,16.128,measured_angular,/odom,-0.04216406121853764,0.5
4a778017-f9eb-4616-9c2a-65bf7b8f5291,16.164,measured_angular,/odom,-0.03936070018403937,0.5
4a778017-f9eb-4616-9c2a-65bf7b8f5291,16.2,measured_angular,/odom,-0.040341228246777404,0.5
4a778017-f9eb-4616-9c2a-65bf7b8f5291,16.236,measured_angular,/odom,-0.030741483285896938,0.5
4a778017-f9eb-4616-9c2a-65bf7b8f5291,16.272000000000002,measured_angular,/odom,-0.030341511592429794,0.5
4a778017-f9eb-4616-9c2a-65bf7b8f5291,16.308,measured_angular,/odom,-0.02481852473422969,0.5
4a778017-f9eb-4616-9c2a-65bf7b8f5291,16.344,measured_angular,/odom,-0.02359259929915999,0.5
4a778017-f9eb-4616-9c2a-65bf7b8f5291,16.380000000000003,measured_angular,/odom,-0.018096173182313015,0.5
4a778017-f9eb-4616-9c2a-65bf7b8f5291,16.416,measured_angular,/odom,-0.018096173182242097,0.5
4a778017-f9eb-4616-9c2a-65bf7b8f5291,16.452,measured_angular,/odom,-0.018791143966253747,0.5
4a778017-f9eb-4616-9c2a-65bf7b8f5291,16.488,measured_angular,/odom,-0.02459351344291334,0.5
4a778017-f9eb-4616-9c2a-65bf7b8f5291,16.524,measured_angular,/odom,-0.02459351345900576,0.5
4a778017-f9eb-4616-9c2a-65bf7b8f5291,16.560000000000002,measured_angular,/odom,-0.027329340577094845,0.5
4a778017-f9eb-4616-9c2a-65bf7b8f5291,16.596,measured_angular,/odom,-0.019197753007541556,0.5
4a778017-f9eb-4616-9c2a-65bf7b8f5291,16.632,measured_angular,/odom,-0.01551064738352384,0.5
4a778017-f9eb-4616-9c2a-65bf7b8f5291,16.668000000000003,measured_angular,/odom,-0.014648081734883795,0.5
4a778017-f9eb-4616-9c2a-65bf7b8f5291,16.704,measured_angular,/odom,-0.016441597784360877,0.5
4a778017-f9eb-4616-9c2a-65bf7b8f5291,16.740000000000002,measured_angular,/odom,-0.012533931061735018,0.5
4a778017-f9eb-4616-9c2a-65bf7b8f5291,16.776,measured_angular,/odom,-0.01253393106170923,0.5
4a778017-f9eb-4616-9c2a-65bf7b8f5291,16.812,measured_angular,/odom,-0.014104357728853064,0.5
4a778017-f9eb-4616-9c2a-65bf7b8f5291,16.848000000000003,measured_angular,/odom,-0.017220292232733435,0.5
4a778017-f9eb-4616-9c2a-65bf7b8f5291,16.884,measured_angular,/odom,-0.013603997241850315,0.5
4a778017-f9eb-4616-9c2a-65bf7b8f5291,16.92,measured_angular,/odom,-0.013202186673937504,0.5
4a778017-f9eb-4616-9c2a-65bf7b8f5291,16.956,measured_angular,/odom,-0.02001739467776943,0.5
4a778017-f9eb-4616-9c2a-65bf7b8f5291,16.992,measured_angular,/odom,-0.014525736707259628,0.5
4a778017-f9eb-4616-9c2a-65bf7b8f5291,17.028000000000002,measured_angular,/odom,-0.012990492396157063,0.5
4a778017-f9eb-4616-9c2a-65bf7b8f5291,17.064,measured_angular,/odom,-0.010587420042474049,0.5
4a778017-f9eb-4616-9c2a-65bf7b8f5291,17.1,measured_angular,/odom,-0.004521025344641994,0.5
4a778017-f9eb-4616-9c2a-65bf7b8f5291,17.136000000000003,measured_angular,/odom,-0.003488151359308105,0.5
4a778017-f9eb-4616-9c2a-65bf7b8f5291,17.172,measured_angular,/odom,-0.0034881513566389277,0.5
4a778017-f9eb-4616-9c2a-65bf7b8f5291,17.208000000000002,measured_angular,/odom,-0.013119145728891928,0.5
4a778017-f9eb-4616-9c2a-65bf7b8f5291,17.244,measured_angular,/odom,-0.01282744566213225,0.5
4a778017-f9eb-4616-9c2a-65bf7b8f5291,17.28,measured_angular,/odom,-0.004432371824164258,0.5
4a778017-f9eb-4616-9c2a-65bf7b8f5291,17.316000000000003,measured_angular,/odom,-0.00443237181757513,0.5
4a778017-f9eb-4616-9c2a-65bf7b8f5291,17.352,measured_angular,/odom,-0.001356656767130268,0.5
4a778017-f9eb-4616-9c2a-65bf7b8f5291,17.388,measured_angular,/odom,-0.009484478438972448,0.5
4a778017-f9eb-4616-9c2a-65bf7b8f5291,17.424,measured_angular,/odom,-0.009806339629001974,0.5
4a778017-f9eb-4616-9c2a-65bf7b8f5291,17.46,measured_angular,/odom,0.006964118782887255,0.5
4a778017-f9eb-4616-9c2a-65bf7b8f5291,17.496000000000002,measured_angular,/odom,0.006264530125538045,0.5
4a778017-f9eb-4616-9c2a-65bf7b8f5291,17.532,measured_angular,/odom,0.014895715065604475,0.5
4a778017-f9eb-4616-9c2a-65bf7b8f5291,17.568,measured_angular,/odom,0.016303511336355048,0.5
4a778017-f9eb-4616-9c2a-65bf7b8f5291,17.604000000000003,measured_angular,/odom,0.0168442094678355,0.5
4a778017-f9eb-4616-9c2a-65bf7b8f5291,17.64,measured_angular,/odom,0.012230130843974151,0.5
4a778017-f9eb-4616-9c2a-65bf7b8f5291,17.676000000000002,measured_angular,/odom,0.012230130843858102,0.5
4a778017-f9eb-4616-9c2a-65bf7b8f5291,17.712,measured_angular,/odom,0.0066739438352345914,0.5
4a778017-f9eb-4616-9c2a-65bf7b8f5291,17.748,measured_angular,/odom,0.004629750737874396,0.5
4a778017-f9eb-4616-9c2a-65bf7b8f5291,17.784000000000002,measured_angular,/odom,-0.0023611384164660765,0.5
4a778017-f9eb-4616-9c2a-65bf7b8f5291,17.82,measured_angular,/odom,-0.003358860732890455,0.5
4a778017-f9eb-4616-9c2a-65bf7b8f5291,17.856,measured_angular,/odom,0.0017047349688804753,0.5
4a778017-f9eb-4616-9c2a-65bf7b8f5291,17.892,measured_angular,/odom,0.009454157984392034,0.5
4a778017-f9eb-4616-9c2a-65bf7b8f5291,17.928,measured_angular,/odom,0.011918196454570162,0.5
4a778017-f9eb-4616-9c2a-65bf7b8f5291,17.964000000000002,measured_angular,/odom,0.014736004537629754,0.5
4a778017-f9eb-4616-9c2a-65bf7b8f5291,18.0,measured_angular,/odom,0.012659038417040266,0.5
4a778017-f9eb-4616-9c2a-65bf7b8f5291,18.036,measured_angular,/odom,0.01343442592523494,0.5
4a778017-f9eb-4616-9c2a-65bf7b8f5291,18.072000000000003,measured_angular,/odom,0.013434425927775176,0.5
4a778017-f9eb-4616-9c2a-65bf7b8f5291,18.108,measured_angular,/odom,0.015778541557976394,0.5
4a778017-f9eb-4616-9c2a-65bf7b8f5291,18.144000000000002,measured_angular,/odom,0.016638305221581946,0.5
4a778017-f9eb-4616-9c2a-65bf7b8f5291,18.18,measured_angular,/odom,0.018079254776341445,0.5
4a778017-f9eb-4616-9c2a-65bf7b8f5291,18.216,measured_angular,/odom,0.0180792547762254,0.5
4a778017-f9eb-4616-9c2a-65bf7b8f5291,18.252000000000002,measured_angular,/odom,0.009986030718723051,0.5
4a778017-f9eb-4616-9c2a-65bf7b8f5291,18.288,measured_angular,/odom,0.01077311391906768,0.5
4a778017-f9eb-4616-9c2a-65bf7b8f5291,18.324,measured_angular,/odom,0.010773113928738611,0.5
4a778017-f9eb-4616-9c2a-65bf7b8f5291,18.36,measured_angular,/odom,0.011700537055716156,0.5
4a778017-f9eb-4616-9c2a-65bf7b8f5291,18.396,measured_angular,/odom,0.008764946841776285,0.5
4a778017-f9eb-4616-9c2a-65bf7b8f5291,18.432000000000002,measured_angular,/odom,0.016662675945835932,0.5
4a778017-f9eb-4616-9c2a-65bf7b8f5291,18.468,measured_angular,/odom,0.019190274178925666,0.5
4a778017-f9eb-4616-9c2a-65bf7b8f5291,18.504,measured_angular,/odom,0.02470148082422563,0.5
4a778017-f9eb-4616-9c2a-65bf7b8f5291,18.540000000000003,measured_angular,/odom,0.027113344520365863,0.5
4a778017-f9eb-4616-9c2a-65bf7b8f5291,18.576,measured_angular,/odom,0.02711334452037876,0.5
4a778017-f9eb-4616-9c2a-65bf7b8f5291,18.612000000000002,measured_angular,/odom,0.021809062292658783,0.5
4a778017-f9eb-4616-9c2a-65bf7b8f5291,18.648,measured_angular,/odom,0.013579952834689438,0.5
4a778017-f9eb-4616-9c2a-65bf7b8f5291,18.684,measured_angular,/odom,0.013349026907915337,0.5
4a778017-f9eb-4616-9c2a-65bf7b8f5291,18.720000000000002,measured_angular,/odom,0.01333340536822312,0.5
4a778017-f9eb-4616-9c2a-65bf7b8f5291,18.756,measured_angular,/odom,0.013127553277474927,0.5
4a778017-f9eb-4616-9c2a-65bf7b8f5291,18.792,measured_angular,/odom,0.015522537185842436,0.5
4a778017-f9eb-4616-9c2a-65bf7b8f5291,18.828,measured_angular,/odom,0.01612128317368194,0.5
4a778017-f9eb-4616-9c2a-65bf7b8f5291,18.864,measured_angular,/odom,0.02386454964709585,0.5
4a778017-f9eb-4616-9c2a-65bf7b8f5291,18.900000000000002,measured_angular,/odom,0.02342751994722328,0.5
4a778017-f9eb-4616-9c2a-65bf7b8f5291,18.936,measured_angular,/odom,0.025522042060167567,0.5
4a778017-f9eb-4616-9c2a-65bf7b8f5291,18.972,measured_angular,/odom,0.025522042065866963,0.5
4a778017-f9eb-4616-9c2a-65bf7b8f5291,19.011000000000003,measured_angular,/odom,0.02698450535089979,0.5
4a778017-f9eb-4616-9c2a-65bf7b8f5291,19.044,measured_angular,/odom,0.032685557264380306,0.5
4a778017-f9eb-4616-9c2a-65bf7b8f5291,19.080000000000002,measured_angular,/odom,0.02794068679221609,0.5
4a778017-f9eb-4616-9c2a-65bf7b8f5291,19.116,measured_angular,/odom,0.027940686792203195,0.5
4a778017-f9eb-4616-9c2a-65bf7b8f5291,19.152,measured_angular,/odom,0.025032904009533834,0.5
4a778017-f9eb-4616-9c2a-65bf7b8f5291,19.188000000000002,measured_angular,/odom,0.020885411659599985,0.5
4a778017-f9eb-4616-9c2a-65bf7b8f5291,19.224,measured_angular,/odom,0.02088541165000642,0.5
4a778017-f9eb-4616-9c2a-65bf7b8f5291,19.26,measured_angular,/odom,0.023190692067229575,0.5
4a778017-f9eb-4616-9c2a-65bf7b8f5291,19.296000000000003,measured_angular,/odom,0.019708836461019574,0.5
4a778017-f9eb-4616-9c2a-65bf7b8f5291,19.332,measured_angular,/odom,0.01864136793097067,0.5
4a778017-f9eb-4616-9c2a-65bf7b8f5291,19.368000000000002,measured_angular,/odom,0.01837450079632117,0.5
4a778017-f9eb-4616-9c2a-65bf7b8f5291,19.404,measured_angular,/odom,0.02247640805865979,0.5
4a778017-f9eb-4616-9c2a-65bf7b8f5291,19.44,measured_angular,/odom,0.026447014883190012,0.5
4a778017-f9eb-4616-9c2a-65bf7b8f5291,19.476000000000003,measured_angular,/odom,0.026447014883202908,0.5
4a778017-f9eb-4616-9c2a-65bf7b8f5291,19.512,measured_angular,/odom,0.02297469714012351,0.5
4a778017-f9eb-4616-9c2a-65bf7b8f5291,19.548000000000002,measured_angular,/odom,0.02246373332928173,0.5
4a778017-f9eb-4616-9c2a-65bf7b8f5291,19.584,measured_angular,/odom,0.023782176520966973,0.5
4a778017-f9eb-4616-9c2a-65bf7b8f5291,19.62,measured_angular,/odom,0.02392867021272157,0.5
4a778017-f9eb-4616-9c2a-65bf7b8f5291,19.656000000000002,measured_angular,/odom,0.02978760374937272,0.5
4a778017-f9eb-4616-9c2a-65bf7b8f5291,19.692,measured_angular,/odom,0.024464542163638303,0.5
4a778017-f9eb-4616-9c2a-65bf7b8f5291,19.728,measured_angular,/odom,0.023040372878451676,0.5
4a778017-f9eb-4616-9c2a-65bf7b8f5291,19.764000000000003,measured_angular,/odom,0.01889634319965358,0.5
4a778017-f9eb-4616-9c2a-65bf7b8f5291,19.8,measured_angular,/odom,0.018604930490359117,0.5
4a778017-f9eb-4616-9c2a-65bf7b8f5291,19.836000000000002,measured_angular,/odom,0.01826936379166975,0.5
4a778017-f9eb-4616-9c2a-65bf7b8f5291,19.872,measured_angular,/odom,0.01826936379081871,0.5
4a778017-f9eb-4616-9c2a-65bf7b8f5291,19.911,measured_angular,/odom,0.01881255209279638,0.5
4a778017-f9eb-4616-9c2a-65bf7b8f5291,19.944000000000003,measured_angular,/odom,0.02532877500351823,0.5
4a778017-f9eb-4616-9c2a-65bf7b8f5291,19.98,measured_angular,/odom,0.033891867841386626,0.5
4a778017-f9eb-4616-9c2a-65bf7b8f5291,20.016000000000002,measured_angular,/odom,0.03389186784629946,0.5
4a778017-f9eb-4616-9c2a-65bf7b8f5291,20.052,measured_angular,/odom,0.026731538524667815,0.5
4a778017-f9eb-4616-9c2a-65bf7b8f5291,20.088,measured_angular,/odom,0.02308064699590344,0.5
4a778017-f9eb-4616-9c2a-65bf7b8f5291,20.124000000000002,measured_angular,/odom,0.023080646991854543,0.5
4a778017-f9eb-4616-9c2a-65bf7b8f5291,20.16,measured_angular,/odom,0.02625303342946131,0.5
4a778017-f9eb-4616-9c2a-65bf7b8f5291,20.196,measured_angular,/odom,0.019200352698297167,0.5
4a778017-f9eb-4616-9c2a-65bf7b8f5291,20.232000000000003,measured_angular,/odom,0.02047943621330823,0.5
4a778017-f9eb-4616-9c2a-65bf7b8f5291,20.268,measured_angular,/odom,0.02082844823603614,0.5
4a778017-f9eb-4616-9c2a-65bf7b8f5291,20.304000000000002,measured_angular,/odom,0.023722689217317676,0.5
4a778017-f9eb-4616-9c2a-65bf7b8f5291,20.34,measured_angular,/odom,0.021035151556130727,0.5
4a778017-f9eb-4616-9c2a-65bf7b8f5291,20.376,measured_angular,/odom,0.021035151556130734,0.5
4a778017-f9eb-4616-9c2a-65bf7b8f5291,20.412000000000003,measured_angular,/odom,0.019395770511161776,0.5
4a778017-f9eb-4616-9c2a-65bf7b8f5291,20.448,measured_angular,/odom,0.022404147302602435,0.5
4a778017-f9eb-4616-9c2a-65bf7b8f5291,20.484,measured_angular,/odom,0.015692174554583507,0.5
4a778017-f9eb-4616-9c2a-65bf7b8f5291,20.52,measured_angular,/odom,0.014764181338334004,0.5
4a778017-f9eb-4616-9c2a-65bf7b8f5291,20.556,measured_angular,/odom,0.01603084429753654,0.5
4a778017-f9eb-4616-9c2a-65bf7b8f5291,20.592000000000002,measured_angular,/odom,0.014646191154779404,0.5
4a778017-f9eb-4616-9c2a-65bf7b8f5291,20.628,measured_angular,/odom,0.014300027862323688,0.5
4a778017-f9eb-4616-9c2a-65bf7b8f5291,20.664,measured_angular,/odom,0.02032192412212036,0.5
4a778017-f9eb-4616-9c2a-65bf7b8f5291,20.700000000000003,measured_angular,/odom,0.01788785308605136,0.5
4a778017-f9eb-4616-9c2a-65bf7b8f5291,20.736,measured_angular,/odom,0.013563230645795812,0.5
4a778017-f9eb-4616-9c2a-65bf7b8f5291,20.772000000000002,measured_angular,/odom,0.013563230633803856,0.5
4a778017-f9eb-4616-9c2a-65bf7b8f5291,20.811,measured_angular,/odom,0.016126863651792778,0.5
4a778017-f9eb-4616-9c2a-65bf7b8f5291,20.844,measured_angular,/odom,0.015887308866621735,0.5
4a778017-f9eb-4616-9c2a-65bf7b8f5291,20.880000000000003,measured_angular,/odom,0.013488201424709675,0.5
4a778017-f9eb-4616-9c2a-65bf7b8f5291,20.916,measured_angular,/odom,0.013488201424735464,0.5
4a778017-f9eb-4616-9c2a-65bf7b8f5291,20.952,measured_angular,/odom,0.010155672964141325,0.5
4a778017-f9eb-4616-9c2a-65bf7b8f5291,20.988,measured_angular,/odom,0.014824907280043653,0.5
4a778017-f9eb-4616-9c2a-65bf7b8f5291,21.024,measured_angular,/odom,0.014824907295542932,0.5
4a778017-f9eb-4616-9c2a-65bf7b8f5291,21.060000000000002,measured_angular,/odom,0.012613960541848485,0.5
4a778017-f9eb-4616-9c2a-65bf7b8f5291,21.096,measured_angular,/odom,0.019109917781096178,0.5
4a778017-f9eb-4616-9c2a-65bf7b8f5291,21.132,measured_angular,/odom,0.01828033030350827,0.5
4a778017-f9eb-4616-9c2a-65bf7b8f5291,21.168000000000003,measured_angular,/odom,0.018059156835118197,0.5
4a778017-f9eb-4616-9c2a-65bf7b8f5291,21.204,measured_angular,/odom,0.01584525397740815,0.5
4a778017-f9eb-4616-9c2a-65bf7b8f5291,21.240000000000002,measured_angular,/odom,0.01149122510100727,0.5
4a778017-f9eb-4616-9c2a-65bf7b8f5291,21.276,measured_angular,/odom,0.01149122510100727,0.5
4a778017-f9eb-4616-9c2a-65bf7b8f5291,21.312,measured_angular,/odom,0.012117917275017234,0.5
4a778017-f9eb-4616-9c2a-65bf7b8f5291,21.348000000000003,measured_angular,/odom,0.014702127308023852,0.5
4a778017-f9eb-4616-9c2a-65bf7b8f5291,21.384,measured_angular,/odom,0.019254810814891266,0.5
4a778017-f9eb-4616-9c2a-65bf7b8f5291,21.42,measured_angular,/odom,0.019760664552496112,0.5
4a778017-f9eb-4616-9c2a-65bf7b8f5291,21.456000000000003,measured_angular,/odom,0.013313724682815517,0.5
4a778017-f9eb-4616-9c2a-65bf7b8f5291,21.492,measured_angular,/odom,0.010779213355509467,0.5
4a778017-f9eb-4616-9c2a-65bf7b8f5291,21.528000000000002,measured_angular,/odom,0.010158000514166538,0.5
4a778017-f9eb-4616-9c2a-65bf7b8f5291,21.564,measured_angular,/odom,0.013141255630071156,0.5
4a778017-f9eb-4616-9c2a-65bf7b8f5291,21.6,measured_angular,/odom,0.01610704511414427,0.5
4a778017-f9eb-4616-9c2a-65bf7b8f5291,21.636000000000003,measured_angular,/odom,0.009391559126226315,0.5
4a778017-f9eb-4616-9c2a-65bf7b8f5291,21.672,measured_angular,/odom,0.00931206066173663,0.5
4a778017-f9eb-4616-9c2a-65bf7b8f5291,21.711000000000002,measured_angular,/odom,0.01005648262614881,0.5
4a778017-f9eb-4616-9c2a-65bf7b8f5291,21.744,measured_angular,/odom,0.0077673945182850455,0.5
4a778017-f9eb-4616-9c2a-65bf7b8f5291,21.78,measured_angular,/odom,-0.0023866430744464316,0.5
4a778017-f9eb-4616-9c2a-65bf7b8f5291,21.816000000000003,measured_angular,/odom,-0.002386643085484189,0.5
4a778017-f9eb-4616-9c2a-65bf7b8f5291,21.852,measured_angular,/odom,0.0020497190608126663,0.5
4a778017-f9eb-4616-9c2a-65bf7b8f5291,21.888,measured_angular,/odom,0.00044495683000825585,0.5
4a778017-f9eb-4616-9c2a-65bf7b8f5291,21.924000000000003,measured_angular,/odom,0.0004449568222199317,0.5
4a778017-f9eb-4616-9c2a-65bf7b8f5291,21.96,measured_angular,/odom,-4.148652055521321e-05,0.5
4a778017-f9eb-4616-9c2a-65bf7b8f5291,21.996000000000002,measured_angular,/odom,0.005684997870058741,0.5
4a778017-f9eb-4616-9c2a-65bf7b8f5291,22.032,measured_angular,/odom,0.010601796287222834,0.5
4a778017-f9eb-4616-9c2a-65bf7b8f5291,22.068,measured_angular,/odom,0.011148107238068592,0.5
4a778017-f9eb-4616-9c2a-65bf7b8f5291,22.104000000000003,measured_angular,/odom,0.012959674553763689,0.5
4a778017-f9eb-4616-9c2a-65bf7b8f5291,22.14,measured_angular,/odom,0.017418066039492024,0.5
4a778017-f9eb-4616-9c2a-65bf7b8f5291,22.176000000000002,measured_angular,/odom,0.017418066039698338,0.5
4a778017-f9eb-4616-9c2a-65bf7b8f5291,22.212,measured_angular,/odom,0.016482267159758257,0.5
4a778017-f9eb-4616-9c2a-65bf7b8f5291,22.248,measured_angular,/odom,0.007200695978132482,0.5
4a778017-f9eb-4616-9c2a-65bf7b8f5291,22.284000000000002,measured_angular,/odom,0.0011416438268866537,0.5
4a778017-f9eb-4616-9c2a-65bf7b8f5291,22.32,measured_angular,/odom,0.0004615369253898055,0.5
4a778017-f9eb-4616-9c2a-65bf7b8f5291,22.356,measured_angular,/odom,0.008602377697128728,0.5
4a778017-f9eb-4616-9c2a-65bf7b8f5291,22.392000000000003,measured_angular,/odom,0.011216803818380855,0.5
4a778017-f9eb-4616-9c2a-65bf7b8f5291,22.428,measured_angular,/odom,0.011810942553004179,0.5
4a778017-f9eb-4616-9c2a-65bf7b8f5291,22.464000000000002,measured_angular,/odom,0.013812315550852772,0.5
4a778017-f9eb-4616-9c2a-65bf7b8f5291,22.5,measured_angular,/odom,0.012502183206467598,0.5
4a778017-f9eb-4616-9c2a-65bf7b8f5291,22.536,measured_angular,/odom,0.004546436230149017,0.5
4a778017-f9eb-4616-9c2a-65bf7b8f5291,22.572000000000003,measured_angular,/odom,0.004329130984728909,0.5
4a778017-f9eb-4616-9c2a-65bf7b8f5291,22.608,measured_angular,/odom,0.012965185071937863,0.5
4a778017-f9eb-4616-9c2a-65bf7b8f5291,22.644000000000002,measured_angular,/odom,0.01049564947279787,0.5
4a778017-f9eb-4616-9c2a-65bf7b8f5291,22.68,measured_angular,/odom,0.0044747637589132114,0.5
4a778017-f9eb-4616-9c2a-65bf7b8f5291,22.716,measured_angular,/odom,0.0044747637585521634,0.5
4a778017-f9eb-4616-9c2a-65bf7b8f5291,22.752000000000002,measured_angular,/odom,0.009550845879558095,0.5
4a778017-f9eb-4616-9c2a-65bf7b8f5291,22.788,measured_angular,/odom,0.01802974694547005,0.5
4a778017-f9eb-4616-9c2a-65bf7b8f5291,22.824,measured_angular,/odom,0.018158700317028223,0.5
4a778017-f9eb-4616-9c2a-65bf7b8f5291,22.860000000000003,measured_angular,/odom,0.02019170671703342,0.5
4a778017-f9eb-4616-9c2a-65bf7b8f5291,22.896,measured_angular,/odom,0.02834866966037885,0.5
4a778017-f9eb-4616-9c2a-65bf7b8f5291,22.932000000000002,measured_angular,/odom,0.02485026122431743,0.5
4a778017-f9eb-4616-9c2a-65bf7b8f5291,22.968,measured_angular,/odom,0.023915743455225163,0.5
4a778017-f9eb-4616-9c2a-65bf7b8f5291,23.004,measured_angular,/odom,0.013111861940085606,0.5
4a778017-f9eb-4616-9c2a-65bf7b8f5291,23.040000000000003,measured_angular,/odom,0.01101941429112557,0.5
4a778017-f9eb-4616-9c2a-65bf7b8f5291,23.076,measured_angular,/odom,0.011019414291022414,0.5
4a778017-f9eb-4616-9c2a-65bf7b8f5291,23.112000000000002,measured_angular,/odom,0.006266914697546218,0.5
4a778017-f9eb-4616-9c2a-65bf7b8f5291,23.148,measured_angular,/odom,0.011161878775624554,0.5
4a778017-f9eb-4616-9c2a-65bf7b8f5291,23.184,measured_angular,/odom,0.010039745926782093,0.5
4a778017-f9eb-4616-9c2a-65bf7b8f5291,23.220000000000002,measured_angular,/odom,0.0099140387028513,0.5
4a778017-f9eb-4616-9c2a-65bf7b8f5291,23.256,measured_angular,/odom,0.009039876053705912,0.5
4a778017-f9eb-4616-9c2a-65bf7b8f5291,23.292,measured_angular,/odom,0.01092623266701053,0.5
4a778017-f9eb-4616-9c2a-65bf7b8f5291,23.328000000000003,measured_angular,/odom,0.011397821828950262,0.5
4a778017-f9eb-4616-9c2a-65bf7b8f5291,23.364,measured_angular,/odom,0.011207254231501429,0.5
4a778017-f9eb-4616-9c2a-65bf7b8f5291,23.400000000000002,measured_angular,/odom,0.018938671792690997,0.5
4a778017-f9eb-4616-9c2a-65bf7b8f5291,23.436,measured_angular,/odom,0.02431836722746183,0.5
4a778017-f9eb-4616-9c2a-65bf7b8f5291,23.472,measured_angular,/odom,0.024318367242677434,0.5
4a778017-f9eb-4616-9c2a-65bf7b8f5291,23.508000000000003,measured_angular,/odom,0.03482042575364836,0.5
4a778017-f9eb-4616-9c2a-65bf7b8f5291,23.544,measured_angular,/odom,0.03190324866372149,0.5
4a778017-f9eb-4616-9c2a-65bf7b8f5291,23.580000000000002,measured_angular,/odom,0.016440617516519533,0.5
4a778017-f9eb-4616-9c2a-65bf7b8f5291,23.616000000000003,measured_angular,/odom,0.016098070889967217,0.5
4a778017-f9eb-4616-9c2a-65bf7b8f5291,23.652,measured_angular,/odom,0.0008893888479992063,0.5
4a778017-f9eb-4616-9c2a-65bf7b8f5291,23.688000000000002,measured_angular,/odom,0.0005580261076037223,0.5
4a778017-f9eb-4616-9c2a-65bf7b8f5291,23.724,measured_angular,/odom,0.0007443949579340823,0.5
4a778017-f9eb-4616-9c2a-65bf7b8f5291,23.76,measured_angular,/odom,0.002288918243612054,0.5
4a778017-f9eb-4616-9c2a-65bf7b8f5291,23.796000000000003,measured_angular,/odom,0.0012381821905879475,0.5
4a778017-f9eb-4616-9c2a-65bf7b8f5291,23.832,measured_angular,/odom,0.010663167056780843,0.5
4a778017-f9eb-4616-9c2a-65bf7b8f5291,23.868000000000002,measured_angular,/odom,0.01394649036215816,0.5
4a778017-f9eb-4616-9c2a-65bf7b8f5291,23.904,measured_angular,/odom,0.013126547450939177,0.5
4a778017-f9eb-4616-9c2a-65bf7b8f5291,23.94,measured_angular,/odom,0.009927541017461608,0.5
4a778017-f9eb-4616-9c2a-65bf7b8f5291,23.976000000000003,measured_angular,/odom,0.009927541017461608,0.5
4a778017-f9eb-4616-9c2a-65bf7b8f5291,24.012,measured_angular,/odom,0.004380936177565444,0.5
4a778017-f9eb-4616-9c2a-65bf7b8f5291,24.048000000000002,measured_angular,/odom,0.0002859937447787332,0.5
4a778017-f9eb-4616-9c2a-65bf7b8f5291,24.084000000000003,measured_angular,/odom,0.0028488279412090074,0.5
4a778017-f9eb-4616-9c2a-65bf7b8f5291,24.12,measured_angular,/odom,0.0031335873061678044,0.5
4a778017-f9eb-4616-9c2a-65bf7b8f5291,24.156000000000002,measured_angular,/odom,0.006850920141318391,0.5
4a778017-f9eb-4616-9c2a-65bf7b8f5291,24.192,measured_angular,/odom,0.004572558317994511,0.5
4a778017-f9eb-4616-9c2a-65bf7b8f5291,24.228,measured_angular,/odom,0.004002967849281859,0.5
4a778017-f9eb-4616-9c2a-65bf7b8f5291,24.264000000000003,measured_angular,/odom,0.0010062854483352504,0.5
4a778017-f9eb-4616-9c2a-65bf7b8f5291,24.3,measured_angular,/odom,-0.0014330272094787342,0.5
4a778017-f9eb-4616-9c2a-65bf7b8f5291,24.336000000000002,measured_angular,/odom,-0.001738761550819695,0.5
4a778017-f9eb-4616-9c2a-65bf7b8f5291,24.372,measured_angular,/odom,-0.0017387615516449482,0.5
4a778017-f9eb-4616-9c2a-65bf7b8f5291,24.408,measured_angular,/odom,-0.0003659882970179516,0.5
4a778017-f9eb-4616-9c2a-65bf7b8f5291,24.444000000000003,measured_angular,/odom,-0.0007237301194267792,0.5
4a778017-f9eb-4616-9c2a-65bf7b8f5291,24.48,measured_angular,/odom,0.002151392400092015,0.5
4a778017-f9eb-4616-9c2a-65bf7b8f5291,24.516000000000002,measured_angular,/odom,0.0021513924004014848,0.5
4a778017-f9eb-4616-9c2a-65bf7b8f5291,24.552000000000003,measured_angular,/odom,-0.0034363210878938224,0.5
4a778017-f9eb-4616-9c2a-65bf7b8f5291,24.588,measured_angular,/odom,-0.007899772367630632,0.5
4a778017-f9eb-4616-9c2a-65bf7b8f5291,24.624000000000002,measured_angular,/odom,-0.007899772375960528,0.5
4a778017-f9eb-4616-9c2a-65bf7b8f5291,24.66,measured_angular,/odom,-0.00015087069686216435,0.5
4a778017-f9eb-4616-9c2a-65bf7b8f5291,24.696,measured_angular,/odom,0.0002500884573891747,0.5
4a778017-f9eb-4616-9c2a-65bf7b8f5291,24.732000000000003,measured_angular,/odom,0.012790424194778388,0.5
4a778017-f9eb-4616-9c2a-65bf7b8f5291,24.768,measured_angular,/odom,0.01815064810194562,0.5
4a778017-f9eb-4616-9c2a-65bf7b8f5291,24.804000000000002,measured_angular,/odom,0.027296434214384664,0.5
4a778017-f9eb-4616-9c2a-65bf7b8f5291,24.84,measured_angular,/odom,0.035582914946300545,0.5
4a778017-f9eb-4616-9c2a-65bf7b8f5291,24.876,measured_angular,/odom,0.035582914948337895,0.5
4a778017-f9eb-4616-9c2a-65bf7b8f5291,24.912000000000003,measured_angular,/odom,0.029916365377020172,0.5
4a778017-f9eb-4616-9c2a-65bf7b8f5291,24.948,measured_angular,/odom,0.020179000060245873,0.5
4a778017-f9eb-4616-9c2a-65bf7b8f5291,24.984,measured_angular,/odom,0.01622401346671152,0.5
4a778017-f9eb-4616-9c2a-65bf7b8f5291,25.020000000000003,measured_angular,/odom,0.015811311081269513,0.5
4a778017-f9eb-4616-9c2a-65bf7b8f5291,25.056,measured_angular,/odom,0.01704442686997175,0.5
4a778017-f9eb-4616-9c2a-65bf7b8f5291,25.092000000000002,measured_angular,/odom,0.020478758576564247,0.5
4a778017-f9eb-4616-9c2a-65bf7b8f5291,25.128,measured_angular,/odom,0.02133734151719654,0.5
4a778017-f9eb-4616-9c2a-65bf7b8f5291,25.164,measured_angular,/odom,0.023750521607562296,0.5
4a778017-f9eb-4616-9c2a-65bf7b8f5291,25.200000000000003,measured_angular,/odom,0.023223174736087794,0.5
4a778017-f9eb-4616-9c2a-65bf7b8f5291,25.236,measured_angular,/odom,0.02403979375735011,0.5
4a778017-f9eb-4616-9c2a-65bf7b8f5291,25.272000000000002,measured_angular,/odom,0.024039793759645343,0.5
4a778017-f9eb-4616-9c2a-65bf7b8f5291,25.311,measured_angular,/odom,0.023499086500655193,0.5
4a778017-f9eb-4616-9c2a-65bf7b8f5291,25.344,measured_angular,/odom,0.020830213100532784,0.5
4a778017-f9eb-4616-9c2a-65bf7b8f5291,25.380000000000003,measured_angular,/odom,0.016775678843428857,0.5
4a778017-f9eb-4616-9c2a-65bf7b8f5291,25.416,measured_angular,/odom,0.016775678843454645,0.5
4a778017-f9eb-4616-9c2a-65bf7b8f5291,25.452,measured_angular,/odom,0.018281214678878988,0.5
4a778017-f9eb-4616-9c2a-65bf7b8f5291,25.488000000000003,measured_angular,/odom,0.020645374426652537,0.5
4a778017-f9eb-4616-9c2a-65bf7b8f5291,25.524,measured_angular,/odom,0.02064537443219721,0.5
4a778017-f9eb-4616-9c2a-65bf7b8f5291,25.560000000000002,measured_angular,/odom,0.016609301790811198,0.5
4a778017-f9eb-4616-9c2a-65bf7b8f5291,25.596,measured_angular,/odom,0.017572997135628703,0.5
4a778017-f9eb-4616-9c2a-65bf7b8f5291,25.632,measured_angular,/odom,-0.0037893435971445523,0.5
4a778017-f9eb-4616-9c2a-65bf7b8f5291,25.668000000000003,measured_angular,/odom,-0.02805041149233815,0.5
4a778017-f9eb-4616-9c2a-65bf7b8f5291,25.704,measured_angular,/odom,-0.0322106115388653,0.5
4a778017-f9eb-4616-9c2a-65bf7b8f5291,25.740000000000002,measured_angular,/odom,-0.0413261502904875,0.5
4a778017-f9eb-4616-9c2a-65bf7b8f5291,25.776000000000003,measured_angular,/odom,-0.041326150297940574,0.5
4a778017-f9eb-4616-9c2a-65bf7b8f5291,25.812,measured_angular,/odom,-0.03415265468310161,0.5
4a778017-f9eb-4616-9c2a-65bf7b8f5291,25.848000000000003,measured_angular,/odom,-0.027561122563723516,0.5
4a778017-f9eb-4616-9c2a-65bf7b8f5291,25.884,measured_angular,/odom,-0.02209307562962661,0.5
4a778017-f9eb-4616-9c2a-65bf7b8f5291,25.92,measured_angular,/odom,-0.021476063877598796,0.5
4a778017-f9eb-4616-9c2a-65bf7b8f5291,25.956000000000003,measured_angular,/odom,-0.01929938980081917,0.5
4a778017-f9eb-4616-9c2a-65bf7b8f5291,25.992,measured_angular,/odom,-0.022841129067016325,0.5
4a778017-f9eb-4616-9c2a-65bf7b8f5291,26.028000000000002,measured_angular,/odom,-0.023726563900818558,0.5
4a778017-f9eb-4616-9c2a-65bf7b8f5291,26.064,measured_angular,/odom,-0.02431369274727576,0.5
4a778017-f9eb-4616-9c2a-65bf7b8f5291,26.1,measured_angular,/odom,-0.026167860254895668,0.5
4a778017-f9eb-4616-9c2a-65bf7b8f5291,26.136000000000003,measured_angular,/odom,-0.028690598898148144,0.5
4a778017-f9eb-4616-9c2a-65bf7b8f5291,26.172,measured_angular,/odom,-0.028690598905085428,0.5
4a778017-f9eb-4616-9c2a-65bf7b8f5291,26.211000000000002,measured_angular,/odom,-0.03425569830732209,0.5
4a778017-f9eb-4616-9c2a-65bf7b8f5291,26.244000000000003,measured_angular,/odom,-0.03687325938732701,0.5
4a778017-f9eb-4616-9c2a-65bf7b8f5291,26.28,measured_angular,/odom,-0.04130768403429525,0.5
4a778017-f9eb-4616-9c2a-65bf7b8f5291,26.316000000000003,measured_angular,/odom,-0.041307684034295244,0.5
4a778017-f9eb-4616-9c2a-65bf7b8f5291,26.352,measured_angular,/odom,-0.03650291648136565,0.5
4a778017-f9eb-4616-9c2a-65bf7b8f5291,26.388,measured_angular,/odom,-0.031653270135690484,0.5
4a778017-f9eb-4616-9c2a-65bf7b8f5291,26.424000000000003,measured_angular,/odom,-0.031653270125529556,0.5
4a778017-f9eb-4616-9c2a-65bf7b8f5291,26.46,measured_angular,/odom,-0.03140033409042411,0.5
4a778017-f9eb-4616-9c2a-65bf7b8f5291,26.496000000000002,measured_angular,/odom,-0.03379382192400864,0.5
4a778017-f9eb-4616-9c2a-65bf7b8f5291,26.532,measured_angular,/odom,-0.03187317848918682,0.5
4a778017-f9eb-4616-9c2a-65bf7b8f5291,26.568,measured_angular,/odom,-0.031393017620010975,0.5
4a778017-f9eb-4616-9c2a-65bf7b8f5291,26.604000000000003,measured_angular,/odom,-0.037965727850729214,0.5
4a778017-f9eb-4616-9c2a-65bf7b8f5291,26.64,measured_angular,/odom,-0.03535037487769554,0.5
4a778017-f9eb-4616-9c2a-65bf7b8f5291,26.676000000000002,measured_angular,/odom,-0.03535037487769554,0.5
4a778017-f9eb-4616-9c2a-65bf7b8f5291,26.712000000000003,measured_angular,/odom,-0.014219185698388832,0.5
4a778017-f9eb-4616-9c2a-65bf7b8f5291,26.748,measured_angular,/odom,0.01867850121113545,0.5
4a778017-f9eb-4616-9c2a-65bf7b8f5291,26.784000000000002,measured_angular,/odom,0.020921815926283345,0.5
4a778017-f9eb-4616-9c2a-65bf7b8f5291,26.82,measured_angular,/odom,0.021112838760019615,0.5
4a778017-f9eb-4616-9c2a-65bf7b8f5291,26.856,measured_angular,/odom,0.019160307949041028,0.5
4a778017-f9eb-4616-9c2a-65bf7b8f5291,26.892000000000003,measured_angular,/odom,0.01259463143631076,0.5
4a778017-f9eb-4616-9c2a-65bf7b8f5291,26.928,measured_angular,/odom,0.010637912898847055,0.5
4a778017-f9eb-4616-9c2a-65bf7b8f5291,26.964000000000002,measured_angular,/odom,0.010042053463290075,0.5
4a778017-f9eb-4616-9c2a-65bf7b8f5291,27.0,measured_angular,/odom,0.0052914186383934605,0.5
4a778017-f9eb-4616-9c2a-65bf7b8f5291,27.036,measured_angular,/odom,0.007310668932169062,0.5
4a778017-f9eb-4616-9c2a-65bf7b8f5291,27.072000000000003,measured_angular,/odom,0.0073106689378426735,0.5
4a778017-f9eb-4616-9c2a-65bf7b8f5291,27.111,measured_angular,/odom,0.008143758398261286,0.5
4a778017-f9eb-4616-9c2a-65bf7b8f5291,27.144000000000002,measured_angular,/odom,0.006371342955250837,0.5
4a778017-f9eb-4616-9c2a-65bf7b8f5291,27.180000000000003,measured_angular,/odom,0.006370644085098224,0.5
4a778017-f9eb-4616-9c2a-65bf7b8f5291,27.216,measured_angular,/odom,0.006370644085046647,0.5
4a778017-f9eb-4616-9c2a-65bf7b8f5291,27.252000000000002,measured_angular,/odom,0.009275178414448106,0.5
4a778017-f9eb-4616-9c2a-65bf7b8f5291,27.288,measured_angular,/odom,0.007912034174608848,0.5
4a778017-f9eb-4616-9c2a-65bf7b8f5291,27.324,measured_angular,/odom,0.007912034168677343,0.5
4a778017-f9eb-4616-9c2a-65bf7b8f5291,27.360000000000003,measured_angular,/odom,0.0052474900150013505,0.5
4a778017-f9eb-4616-9c2a-65bf7b8f5291,27.396,measured_angular,/odom,-0.002186790897233659,0.5
4a778017-f9eb-4616-9c2a-65bf7b8f5291,27.432000000000002,measured_angular,/odom,0.0002957225684874363,0.5
4a778017-f9eb-4616-9c2a-65bf7b8f5291,27.468,measured_angular,/odom,0.0009561920888837867,0.5
4a778017-f9eb-4616-9c2a-65bf7b8f5291,27.504,measured_angular,/odom,0.0023336864668868783,0.5
4a778017-f9eb-4616-9c2a-65bf7b8f5291,27.540000000000003,measured_angular,/odom,0.011344026765927436,0.5
4a778017-f9eb-4616-9c2a-65bf7b8f5291,27.576,measured_angular,/odom,0.011344026773973653,0.5
4a778017-f9eb-4616-9c2a-65bf7b8f5291,27.612000000000002,measured_angular,/odom,0.017779425037243175,0.5
4a778017-f9eb-4616-9c2a-65bf7b8f5291,27.648000000000003,measured_angular,/odom,0.02337181380838614,0.5
4a778017-f9eb-4616-9c2a-65bf7b8f5291,27.684,measured_angular,/odom,0.003032768743739125,0.5
4a778017-f9eb-4616-9c2a-65bf7b8f5291,27.720000000000002,measured_angular,/odom,-0.005306276492455264,0.5
4a778017-f9eb-4616-9c2a-65bf7b8f5291,27.756,measured_angular,/odom,-0.014313933035220147,0.5
4a778017-f9eb-4616-9c2a-65bf7b8f5291,27.792,measured_angular,/odom,-0.021174692426304494,0.5
4a778017-f9eb-4616-9c2a-65bf7b8f5291,27.828000000000003,measured_angular,/odom,-0.02311465330416445,0.5
4a778017-f9eb-4616-9c2a-65bf7b8f5291,27.864,measured_angular,/odom,-0.02511385958028779,0.5
4a778017-f9eb-4616-9c2a-65bf7b8f5291,27.900000000000002,measured_angular,/odom,-0.02102992683600328,0.5
4a778017-f9eb-4616-9c2a-65bf7b8f5291,27.936000000000003,measured_angular,/odom,-0.022071275857418537,0.5
4a778017-f9eb-4616-9c2a-65bf7b8f5291,27.972,measured_angular,/odom,-0.022071275860152187,0.5
4a778017-f9eb-4616-9c2a-65bf7b8f5291,28.011000000000003,measured_angular,/odom,-0.01838284173137441,0.5
4a778017-f9eb-4616-9c2a-65bf7b8f5291,28.044,measured_angular,/odom,-0.019705767552967636,0.5
4a778017-f9eb-4616-9c2a-65bf7b8f5291,28.080000000000002,measured_angular,/odom,-0.020272355526718383,0.5
4a778017-f9eb-4616-9c2a-65bf7b8f5291,28.116000000000003,measured_angular,/odom,-0.020272355526718383,0.5
4a778017-f9eb-4616-9c2a-65bf7b8f5291,28.152,measured_angular,/odom,-0.016513621819883466,0.5
4a778017-f9eb-4616-9c2a-65bf7b8f5291,28.188000000000002,measured_angular,/odom,-0.01624401658593963,0.5
4a778017-f9eb-4616-9c2a-65bf7b8f5291,28.224,measured_angular,/odom,-0.016244016587486976,0.5
4a778017-f9eb-4616-9c2a-65bf7b8f5291,28.26,measured_angular,/odom,-0.019124962389241596,0.5
4a778017-f9eb-4616-9c2a-65bf7b8f5291,28.296000000000003,measured_angular,/odom,-0.014176400392725252,0.5
4a778017-f9eb-4616-9c2a-65bf7b8f5291,28.332,measured_angular,/odom,-0.010557008174760282,0.5
4a778017-f9eb-4616-9c2a-65bf7b8f5291,28.368000000000002,measured_angular,/odom,-0.009652160107954718,0.5
4a778017-f9eb-4616-9c2a-65bf7b8f5291,28.404000000000003,measured_angular,/odom,-0.00847359914732267,0.5
4a778017-f9eb-4616-9c2a-65bf7b8f5291,28.44,measured_angular,/odom,-0.012278387322848947,0.5
4a778017-f9eb-4616-9c2a-65bf7b8f5291,28.476000000000003,measured_angular,/odom,-0.012278387322900526,0.5
4a778017-f9eb-4616-9c2a-65bf7b8f5291,28.512,measured_angular,/odom,-0.00856516772309267,0.5
4a778017-f9eb-4616-9c2a-65bf7b8f5291,28.548000000000002,measured_angular,/odom,-0.0014886248386763467,0.5
4a778017-f9eb-4616-9c2a-65bf7b8f5291,28.584000000000003,measured_angular,/odom,-0.0031666438740005623,0.5
4a778017-f9eb-4616-9c2a-65bf7b8f5291,28.62,measured_angular,/odom,-0.0033549205398547563,0.5
4a778017-f9eb-4616-9c2a-65bf7b8f5291,28.656000000000002,measured_angular,/odom,-0.0025616395312865895,0.5
4a778017-f9eb-4616-9c2a-65bf7b8f5291,28.692,measured_angular,/odom,0.0019178199428589403,0.5
4a778017-f9eb-4616-9c2a-65bf7b8f5291,28.728,measured_angular,/odom,0.0030376848302214043,0.5
4a778017-f9eb-4616-9c2a-65bf7b8f5291,28.764000000000003,measured_angular,/odom,0.0009982563150343242,0.5
4a778017-f9eb-4616-9c2a-65bf7b8f5291,28.8,measured_angular,/odom,-0.0029008437413933375,0.5
4a778017-f9eb-4616-9c2a-65bf7b8f5291,28.836000000000002,measured_angular,/odom,-0.005171300371118514,0.5
4a778017-f9eb-4616-9c2a-65bf7b8f5291,28.872000000000003,measured_angular,/odom,-0.005171300377514224,0.5
4a778017-f9eb-4616-9c2a-65bf7b8f5291,28.911,measured_angular,/odom,-0.005309998523475216,0.5
4a778017-f9eb-4616-9c2a-65bf7b8f5291,28.944000000000003,measured_angular,/odom,-0.0007572874682996074,0.5
4a778017-f9eb-4616-9c2a-65bf7b8f5291,28.98,measured_angular,/odom,-0.002671085996546733,0.5
4a778017-f9eb-4616-9c2a-65bf7b8f5291,29.016000000000002,measured_angular,/odom,-0.002671085996546733,0.5
4a778017-f9eb-4616-9c2a-65bf7b8f5291,29.052000000000003,measured_angular,/odom,-0.004194355145459514,0.5
4a778017-f9eb-4616-9c2a-65bf7b8f5291,29.088,measured_angular,/odom,-0.005377415099964837,0.5
4a778017-f9eb-4616-9c2a-65bf7b8f5291,29.124000000000002,measured_angular,/odom,-0.0053774151020279685,0.5
4a778017-f9eb-4616-9c2a-65bf7b8f5291,29.16,measured_angular,/odom,-0.0040574176240779315,0.5
4a778017-f9eb-4616-9c2a-65bf7b8f5291,29.196,measured_angular,/odom,0.0019486256537640887,0.5
4a778017-f9eb-4616-9c2a-65bf7b8f5291,29.232000000000003,measured_angular,/odom,0.004360047696222053,0.5
4a778017-f9eb-4616-9c2a-65bf7b8f5291,29.268,measured_angular,/odom,0.0049627353435394,0.5
4a778017-f9eb-4616-9c2a-65bf7b8f5291,29.304000000000002,measured_angular,/odom,0.005918714028731773,0.5
4a778017-f9eb-4616-9c2a-65bf7b8f5291,29.340000000000003,measured_angular,/odom,0.0007345967461631713,0.5
4a778017-f9eb-4616-9c2a-65bf7b8f5291,29.376,measured_angular,/odom,0.0007345967461631713,0.5
4a778017-f9eb-4616-9c2a-65bf7b8f5291,29.412000000000003,measured_angular,/odom,0.004229179990029075,0.5
4a778017-f9eb-4616-9c2a-65bf7b8f5291,29.448,measured_angular,/odom,0.004706941546142851,0.5
4a778017-f9eb-4616-9c2a-65bf7b8f5291,29.484,measured_angular,/odom,0.006192236575246205,0.5
4a778017-f9eb-4616-9c2a-65bf7b8f5291,29.520000000000003,measured_angular,/odom,0.006357269361702065,0.5
4a778017-f9eb-4616-9c2a-65bf7b8f5291,29.556,measured_angular,/odom,0.005657275675355034,0.5
4a778017-f9eb-4616-9c2a-65bf7b8f5291,29.592000000000002,measured_angular,/odom,0.00711242285967512,0.5
4a778017-f9eb-4616-9c2a-65bf7b8f5291,29.628,measured_angular,/odom,0.007476209662653739,0.5
4a778017-f9eb-4616-9c2a-65bf7b8f5291,29.664,measured_angular,/odom,0.017986879074467207,0.5
4a778017-f9eb-4616-9c2a-65bf7b8f5291,29.700000000000003,measured_angular,/odom,0.029069468370244805,0.5
4a778017-f9eb-4616-9c2a-65bf7b8f5291,29.736,measured_angular,/odom,0.022266585124641965,0.5
4a778017-f9eb-4616-9c2a-65bf7b8f5291,29.772000000000002,measured_angular,/odom,0.022177375852951983,0.5
4a778017-f9eb-4616-9c2a-65bf7b8f5291,29.811000000000003,measured_angular,/odom,0.018178243201128482,0.5
4a778017-f9eb-4616-9c2a-65bf7b8f5291,29.844,measured_angular,/odom,0.021259630275341553,0.5
4a778017-f9eb-4616-9c2a-65bf7b8f5291,29.880000000000003,measured_angular,/odom,0.01791271194798119,0.5
4a778017-f9eb-4616-9c2a-65bf7b8f5291,29.916,measured_angular,/odom,0.017912711947878034,0.5
4a778017-f9eb-4616-9c2a-65bf7b8f5291,29.952,measured_angular,/odom,0.020588318248906504,0.5
4a778017-f9eb-4616-9c2a-65bf7b8f5291,29.988000000000003,measured_angular,/odom,0.020685240627920574,0.5
4a778017-f9eb-4616-9c2a-65bf7b8f5291,30.024,measured_angular,/odom,0.02068524062616691,0.5
4a778017-f9eb-4616-9c2a-65bf7b8f5291,30.060000000000002,measured_angular,/odom,0.019623236730579814,0.5
4a778017-f9eb-4616-9c2a-65bf7b8f5291,30.096000000000004,measured_angular,/odom,0.01927303336668501,0.5
4a778017-f9eb-4616-9c2a-65bf7b8f5291,30.132,measured_angular,/odom,0.023092674823185798,0.5
4a778017-f9eb-4616-9c2a-65bf7b8f5291,30.168000000000003,measured_angular,/odom,0.0240475852041771,0.5
4a778017-f9eb-4616-9c2a-65bf7b8f5291,30.204,measured_angular,/odom,0.023716493324493198,0.5
4a778017-f9eb-4616-9c2a-65bf7b8f5291,30.240000000000002,measured_angular,/odom,0.022490151227064617,0.5
4a778017-f9eb-4616-9c2a-65bf7b8f5291,30.276000000000003,measured_angular,/odom,0.02249015122701304,0.5
4a778017-f9eb-4616-9c2a-65bf7b8f5291,30.312,measured_angular,/odom,0.02069573850087477,0.5
4a778017-f9eb-4616-9c2a-65bf7b8f5291,30.348000000000003,measured_angular,/odom,0.01659690217186183,0.5
4a778017-f9eb-4616-9c2a-65bf7b8f5291,30.384,measured_angular,/odom,0.015843104201167788,0.5
4a778017-f9eb-4616-9c2a-65bf7b8f5291,30.42,measured_angular,/odom,0.01575934886968087,0.5
4a778017-f9eb-4616-9c2a-65bf7b8f5291,30.456000000000003,measured_angular,/odom,0.01436988544117548,0.5
4a778017-f9eb-4616-9c2a-65bf7b8f5291,30.492,measured_angular,/odom,0.012378059893781327,0.5
4a778017-f9eb-4616-9c2a-65bf7b8f5291,30.528000000000002,measured_angular,/odom,0.011880103499015518,0.5
4a778017-f9eb-4616-9c2a-65bf7b8f5291,30.564000000000004,measured_angular,/odom,0.006709368636048342,0.5
4a778017-f9eb-4616-9c2a-65bf7b8f5291,30.6,measured_angular,/odom,0.005076173227841518,0.5
4a778017-f9eb-4616-9c2a-65bf7b8f5291,30.636000000000003,measured_angular,/odom,0.00709153944038136,0.5
4a778017-f9eb-4616-9c2a-65bf7b8f5291,30.672,measured_angular,/odom,0.007091539446054974,0.5
4a778017-f9eb-4616-9c2a-65bf7b8f5291,30.711000000000002,measured_angular,/odom,0.014636918083295921,0.5
4a778017-f9eb-4616-9c2a-65bf7b8f5291,30.744000000000003,measured_angular,/odom,0.013256866675675749,0.5
4a778017-f9eb-4616-9c2a-65bf7b8f5291,30.78,measured_angular,/odom,0.012999149970814245,0.5
4a778017-f9eb-4616-9c2a-65bf7b8f5291,30.816000000000003,measured_angular,/odom,0.012999149970865823,0.5
4a778017-f9eb-4616-9c2a-65bf7b8f5291,30.852,measured_angular,/odom,0.012223858202695646,0.5
4a778017-f9eb-4616-9c2a-65bf7b8f5291,30.888,measured_angular,/odom,0.014294210814718693,0.5
4a778017-f9eb-4616-9c2a-65bf7b8f5291,30.924000000000003,measured_angular,/odom,0.014294210821165984,0.5
4a778017-f9eb-4616-9c2a-65bf7b8f5291,30.96,measured_angular,/odom,0.01551225967736854,0.5
4a778017-f9eb-4616-9c2a-65bf7b8f5291,30.996000000000002,measured_angular,/odom,0.011969642723779006,0.5
4a778017-f9eb-4616-9c2a-65bf7b8f5291,31.032000000000004,measured_angular,/odom,0.008720645692267884,0.5
4a778017-f9eb-4616-9c2a-65bf7b8f5291,31.068,measured_angular,/odom,0.007908396422849458,0.5
4a778017-f9eb-4616-9c2a-65bf7b8f5291,31.104000000000003,measured_angular,/odom,0.0037636834091682946,0.5
4a778017-f9eb-4616-9c2a-65bf7b8f5291,31.14,measured_angular,/odom,0.0030410133768480107,0.5
4a778017-f9eb-4616-9c2a-65bf7b8f5291,31.176000000000002,measured_angular,/odom,0.0030410133768480107,0.5
4a778017-f9eb-4616-9c2a-65bf7b8f5291,31.212000000000003,measured_angular,/odom,0.005908779650002396,0.5
4a778017-f9eb-4616-9c2a-65bf7b8f5291,31.248,measured_angular,/odom,0.007095681501807433,0.5
4a778017-f9eb-4616-9c2a-65bf7b8f5291,31.284000000000002,measured_angular,/odom,0.011228888468734433,0.5
4a778017-f9eb-4616-9c2a-65bf7b8f5291,31.32,measured_angular,/odom,0.011688133701569067,0.5
4a778017-f9eb-4616-9c2a-65bf7b8f5291,31.356,measured_angular,/odom,0.01122680306557185,0.5
4a778017-f9eb-4616-9c2a-65bf7b8f5291,31.392000000000003,measured_angular,/odom,0.009533940261241058,0.5
4a778017-f9eb-4616-9c2a-65bf7b8f5291,31.428,measured_angular,/odom,0.009110724553259762,0.5
4a778017-f9eb-4616-9c2a-65bf7b8f5291,31.464000000000002,measured_angular,/odom,0.005410280695769107,0.5
4a778017-f9eb-4616-9c2a-65bf7b8f5291,31.500000000000004,measured_angular,/odom,0.004067402333072496,0.5
4a778017-f9eb-4616-9c2a-65bf7b8f5291,31.536,measured_angular,/odom,0.00985135229523151,0.5
4a778017-f9eb-4616-9c2a-65bf7b8f5291,31.572000000000003,measured_angular,/odom,0.009851352311272365,0.5
4a778017-f9eb-4616-9c2a-65bf7b8f5291,31.608,measured_angular,/odom,0.012716643504071862,0.5
4a778017-f9eb-4616-9c2a-65bf7b8f5291,31.644000000000002,measured_angular,/odom,0.008701953304379987,0.5
4a778017-f9eb-4616-9c2a-65bf7b8f5291,31.680000000000003,measured_angular,/odom,0.008639295585542092,0.5
4a778017-f9eb-4616-9c2a-65bf7b8f5291,31.716,measured_angular,/odom,0.008639295585490514,0.5
4a778017-f9eb-4616-9c2a-65bf7b8f5291,31.752000000000002,measured_angular,/odom,0.005361765820750753,0.5
4a778017-f9eb-4616-9c2a-65bf7b8f5291,31.788,measured_angular,/odom,0.0043705804279097855,0.5
4a778017-f9eb-4616-9c2a-65bf7b8f5291,31.824,measured_angular,/odom,0.004370580427342424,0.5
4a778017-f9eb-4616-9c2a-65bf7b8f5291,31.860000000000003,measured_angular,/odom,-0.000952554866420966,0.5
4a778017-f9eb-4616-9c2a-65bf7b8f5291,31.896,measured_angular,/odom,-0.003062934143043914,0.5
4a778017-f9eb-4616-9c2a-65bf7b8f5291,31.932000000000002,measured_angular,/odom,-0.00039988920122078955,0.5
4a778017-f9eb-4616-9c2a-65bf7b8f5291,31.968000000000004,measured_angular,/odom,0.00026587204798060983,0.5
4a778017-f9eb-4616-9c2a-65bf7b8f5291,32.004000000000005,measured_angular,/odom,-0.003749326888911262,0.5
4a778017-f9eb-4616-9c2a-65bf7b8f5291,32.04,measured_angular,/odom,0.001093594706339037,0.5
4a778017-f9eb-4616-9c2a-65bf7b8f5291,32.076,measured_angular,/odom,0.001093594706339037,0.5
4a778017-f9eb-4616-9c2a-65bf7b8f5291,32.112,measured_angular,/odom,-0.0006756142883241574,0.5
4a778017-f9eb-4616-9c2a-65bf7b8f5291,32.148,measured_angular,/odom,0.0031861062039544286,0.5
4a778017-f9eb-4616-9c2a-65bf7b8f5291,32.184000000000005,measured_angular,/odom,0.0024983962089253505,0.5
4a778017-f9eb-4616-9c2a-65bf7b8f5291,32.22,measured_angular,/odom,0.002421983983352695,0.5
4a778017-f9eb-4616-9c2a-65bf7b8f5291,32.256,measured_angular,/odom,0.002792883198061991,0.5
4a778017-f9eb-4616-9c2a-65bf7b8f5291,32.292,measured_angular,/odom,0.0005585766460803176,0.5
4a778017-f9eb-4616-9c2a-65bf7b8f5291,32.328,measured_angular,/odom,-1.9083973013301184e-12,0.5
4a778017-f9eb-4616-9c2a-65bf7b8f5291,32.364000000000004,measured_angular,/odom,-8.768311925030272e-13,0.5
4a778017-f9eb-4616-9c2a-65bf7b8f5291,32.4,measured_angular,/odom,0.0,0.5
4a778017-f9eb-4616-9c2a-65bf7b8f5291,32.436,measured_angular,/odom,0.0,0.5
4a778017-f9eb-4616-9c2a-65bf7b8f5291,32.472,measured_angular,/odom,0.0,0.5
4a778017-f9eb-4616-9c2a-65bf7b8f5291,32.508,measured_angular,/odom,0.0,0.5
4a778017-f9eb-4616-9c2a-65bf7b8f5291,32.544000000000004,measured_angular,/odom,0.0,0.5
4a778017-f9eb-4616-9c2a-65bf7b8f5291,32.580000000000005,measured_angular,/odom,0.0,0.5
4a778017-f9eb-4616-9c2a-65bf7b8f5291,32.616,measured_angular,/odom,0.0,0.5
4a778017-f9eb-4616-9c2a-65bf7b8f5291,32.652,measured_angular,/odom,0.0,0.5
4a778017-f9eb-4616-9c2a-65bf7b8f5291,32.688,measured_angular,/odom,0.0,0.5
4a778017-f9eb-4616-9c2a-65bf7b8f5291,32.724000000000004,measured_angular,/odom,0.0,0.5
4a778017-f9eb-4616-9c2a-65bf7b8f5291,32.760000000000005,measured_angular,/odom,0.0,0.5
4a778017-f9eb-4616-9c2a-65bf7b8f5291,32.796,measured_angular,/odom,0.0,0.5
4a778017-f9eb-4616-9c2a-65bf7b8f5291,32.832,measured_angular,/odom,0.0,0.5
4a778017-f9eb-4616-9c2a-65bf7b8f5291,32.868,measured_angular,/odom,0.0,0.5
4a778017-f9eb-4616-9c2a-65bf7b8f5291,32.904,measured_angular,/odom,0.0,0.5
4a778017-f9eb-4616-9c2a-65bf7b8f5291,32.940000000000005,measured_angular,/odom,0.0,0.5
4a778017-f9eb-4616-9c2a-65bf7b8f5291,12.672,measured_linear,/odom,-1.367605279421006e-20,0.5
4a778017-f9eb-4616-9c2a-65bf7b8f5291,12.708,measured_linear,/odom,1.3234889800848437e-21,0.5
4a778017-f9eb-4616-9c2a-65bf7b8f5291,12.744000000000002,measured_linear,/odom,-8.823259867232296e-21,0.5
4a778017-f9eb-4616-9c2a-65bf7b8f5291,12.780000000000001,measured_linear,/odom,-3.088140953531303e-21,0.5
4a778017-f9eb-4616-9c2a-65bf7b8f5291,12.816,measured_linear,/odom,1.4558378780933287e-20,0.5
4a778017-f9eb-4616-9c2a-65bf7b8f5291,12.852,measured_linear,/odom,1.411721578757167e-20,0.5
4a778017-f9eb-4616-9c2a-65bf7b8f5291,12.888000000000002,measured_linear,/odom,7.940933880509066e-21,0.5
4a778017-f9eb-4616-9c2a-65bf7b8f5291,12.924000000000001,measured_linear,/odom,-8.823259867232296e-21,0.5
4a778017-f9eb-4616-9c2a-65bf7b8f5291,12.96,measured_linear,/odom,1.3234889800848443e-21,0.5
4a778017-f9eb-4616-9c2a-65bf7b8f5291,12.996,measured_linear,/odom,-4.852792926977762e-21,0.5
4a778017-f9eb-4616-9c2a-65bf7b8f5291,13.032,measured_linear,/odom,1.3234889800848437e-21,0.5
4a778017-f9eb-4616-9c2a-65bf7b8f5291,13.068000000000001,measured_linear,/odom,0.0,0.5
4a778017-f9eb-4616-9c2a-65bf7b8f5291,13.104000000000001,measured_linear,/odom,-1.4558378780933287e-20,0.5
4a778017-f9eb-4616-9c2a-65bf7b8f5291,13.14,measured_linear,/odom,-1.1470237827401983e-20,0.5
4a778017-f9eb-4616-9c2a-65bf7b8f5291,13.176,measured_linear,/odom,-3.0881409535313046e-21,0.5
4a778017-f9eb-4616-9c2a-65bf7b8f5291,13.212000000000002,measured_linear,/odom,6.176281907062607e-21,0.5
4a778017-f9eb-4616-9c2a-65bf7b8f5291,13.248000000000001,measured_linear,/odom,-6.176281907062607e-21,0.5
4a778017-f9eb-4616-9c2a-65bf7b8f5291,13.284,measured_linear,/odom,-2.205814966808074e-21,0.5
4a778017-f9eb-4616-9c2a-65bf7b8f5291,13.32,measured_linear,/odom,-1.1470237827401985e-20,0.5
4a778017-f9eb-4616-9c2a-65bf7b8f5291,13.356000000000002,measured_linear,/odom,-2.2058149668080737e-21,0.5
4a778017-f9eb-4616-9c2a-65bf7b8f5291,13.392000000000001,measured_linear,/odom,5.7351189137009924e-21,0.5
4a778017-f9eb-4616-9c2a-65bf7b8f5291,13.428,measured_linear,/odom,-5.7351189137009924e-21,0.5
4a778017-f9eb-4616-9c2a-65bf7b8f5291,13.464,measured_linear,/odom,-1.1470237827401985e-20,0.5
4a778017-f9eb-4616-9c2a-65bf7b8f5291,13.5,measured_linear,/odom,-1.7646519734464577e-21,0.5
4a778017-f9eb-4616-9c2a-65bf7b8f5291,13.536000000000001,measured_linear,/odom,-1.3234889800848443e-21,0.5
4a778017-f9eb-4616-9c2a-65bf7b8f5291,13.572000000000001,measured_linear,/odom,-1.1911400820763602e-20,0.5
4a778017-f9eb-4616-9c2a-65bf7b8f5291,13.611,measured_linear,/odom,0.0,0.5
4a778017-f9eb-4616-9c2a-65bf7b8f5291,13.644,measured_linear,/odom,-1.5440704767656518e-20,0.5
4a778017-f9eb-4616-9c2a-65bf7b8f5291,13.680000000000001,measured_linear,/odom,6.6174449004242214e-21,0.5
4a778017-f9eb-4616-9c2a-65bf7b8f5291,13.716000000000001,measured_linear,/odom,-4.852792926977762e-21,0.5
4a778017-f9eb-4616-9c2a-65bf7b8f5291,13.752,measured_linear,/odom,3.9704669402545336e-21,0.5
4a778017-f9eb-4616-9c2a-65bf7b8f5291,13.788,measured_linear,/odom,-1.6764193747741362e-20,0.5
4a778017-f9eb-4616-9c2a-65bf7b8f5291,13.824000000000002,measured_linear,/odom,-1.367605279421006e-20,0.5
4a778017-f9eb-4616-9c2a-65bf7b8f5291,13.860000000000001,measured_linear,/odom,3.970466940254532e-21,0.5
4a778017-f9eb-4616-9c2a-65bf7b8f5291,13.896,measured_linear,/odom,-4.411629933616148e-21,0.5
4a778017-f9eb-4616-9c2a-65bf7b8f5291,13.932,measured_linear,/odom,-1.3676052794210057e-20,0.5
4a778017-f9eb-4616-9c2a-65bf7b8f5291,13.968000000000002,measured_linear,/odom,-1.323488980084844e-20,0.5
4a778017-f9eb-4616-9c2a-65bf7b8f5291,14.004000000000001,measured_linear,/odom,-1.764651973446459e-20,0.5
4a778017-f9eb-4616-9c2a-65bf7b8f5291,14.040000000000001,measured_linear,/odom,2.6469779601696886e-21,0.5
4a778017-f9eb-4616-9c2a-65bf7b8f5291,14.076,measured_linear,/odom,-4.411629933616145e-22,0.5
4a778017-f9eb-4616-9c2a-65bf7b8f5291,14.112,measured_linear,/odom,-4.411629933616147e-21,0.5
4a778017-f9eb-4616-9c2a-65bf7b8f5291,14.148000000000001,measured_linear,/odom,-9.26442286059391e-21,0.5
4a778017-f9eb-4616-9c2a-65bf7b8f5291,14.184000000000001,measured_linear,/odom,-1.4999541774294904e-20,0.5
4a778017-f9eb-4616-9c2a-65bf7b8f5291,14.22,measured_linear,/odom,-4.852792926977762e-21,0.5
4a778017-f9eb-4616-9c2a-65bf7b8f5291,14.256,measured_linear,/odom,-7.058607893785835e-21,0.5
4a778017-f9eb-4616-9c2a-65bf7b8f5291,14.292000000000002,measured_linear,/odom,-5.7351189137009924e-21,0.5
4a778017-f9eb-4616-9c2a-65bf7b8f5291,14.328000000000001,measured_linear,/odom,-1.367605279421006e-20,0.5
4a778017-f9eb-4616-9c2a-65bf7b8f5291,14.364,measured_linear,/odom,0.013499999992649142,0.5
4a778017-f9eb-4616-9c2a-65bf7b8f5291,14.4,measured_linear,/odom,0.04949999999182679,0.5
4a778017-f9eb-4616-9c2a-65bf7b8f5291,14.436000000000002,measured_linear,/odom,0.0854999999917894,0.5
4a778017-f9eb-4616-9c2a-65bf7b8f5291,14.472000000000001,measured_linear,/odom,0.10008072108030315,0.5
4a778017-f9eb-4616-9c2a-65bf7b8f5291,14.508000000000001,measured_linear,/odom,0.11313298177249564,0.5
4a778017-f9eb-4616-9c2a-65bf7b8f5291,14.544,measured_linear,/odom,0.12397451590664528,0.5
4a778017-f9eb-4616-9c2a-65bf7b8f5291,14.58,measured_linear,/odom,0.12651056051254186,0.5
4a778017-f9eb-4616-9c2a-65bf7b8f5291,14.616000000000001,measured_linear,/odom,0.12651056051254153,0.5
4a778017-f9eb-4616-9c2a-65bf7b8f5291,14.652000000000001,measured_linear,/odom,0.12672445774071875,0.5
4a778017-f9eb-4616-9c2a-65bf7b8f5291,14.688,measured_linear,/odom,0.12924817204409575,0.5
4a778017-f9eb-4616-9c2a-65bf7b8f5291,14.724,measured_linear,/odom,0.12924817204475367,0.5
4a778017-f9eb-4616-9c2a-65bf7b8f5291,14.760000000000002,measured_linear,/odom,0.12874805927276523,0.5
4a778017-f9eb-4616-9c2a-65bf7b8f5291,14.796000000000001,measured_linear,/odom,0.1326835119594061,0.5
4a778017-f9eb-4616-9c2a-65bf7b8f5291,14.832,measured_linear,/odom,0.13278846442699282,0.5
4a778017-f9eb-4616-9c2a-65bf7b8f5291,14.868,measured_linear,/odom,0.13278871774673426,0.5
4a778017-f9eb-4616-9c2a-65bf7b8f5291,14.904000000000002,measured_linear,/odom,0.1357006052008249,0.5
4a778017-f9eb-4616-9c2a-65bf7b8f5291,14.940000000000001,measured_linear,/odom,0.13485832512378595,0.5
4a778017-f9eb-4616-9c2a-65bf7b8f5291,14.976,measured_linear,/odom,0.1348583251237862,0.5
4a778017-f9eb-4616-9c2a-65bf7b8f5291,15.012,measured_linear,/odom,0.13412081301237577,0.5
4a778017-f9eb-4616-9c2a-65bf7b8f5291,15.048000000000002,measured_linear,/odom,0.13296085596111823,0.5
4a778017-f9eb-4616-9c2a-65bf7b8f5291,15.084000000000001,measured_linear,/odom,0.1324331447483657,0.5
4a778017-f9eb-4616-9c2a-65bf7b8f5291,15.120000000000001,measured_linear,/odom,0.13237451016902776,0.5
4a778017-f9eb-4616-9c2a-65bf7b8f5291,15.156,measured_linear,/odom,0.1360423990954686,0.5
4a778017-f9eb-4616-9c2a-65bf7b8f5291,15.192,measured_linear,/odom,0.1365451425312419,0.5
4a778017-f9eb-4616-9c2a-65bf7b8f5291,15.228000000000002,measured_linear,/odom,0.13665227591991452,0.5
4a778017-f9eb-4616-9c2a-65bf7b8f5291,15.264000000000001,measured_linear,/odom,0.13865019977032517,0.5
4a778017-f9eb-4616-9c2a-65bf7b8f5291,15.3,measured_linear,/odom,0.14122144877910386,0.5
4a778017-f9eb-4616-9c2a-65bf7b8f5291,15.336,measured_linear,/odom,0.13379413221104955,0.5
4a778017-f9eb-4616-9c2a-65bf7b8f5291,15.372000000000002,measured_linear,/odom,0.13306230306625286,0.5
4a778017-f9eb-4616-9c2a-65bf7b8f5291,15.408000000000001,measured_linear,/odom,0.13892268504928154,0.5
4a778017-f9eb-4616-9c2a-65bf7b8f5291,15.444,measured_linear,/odom,0.13793287426272552,0.5
4a778017-f9eb-4616-9c2a-65bf7b8f5291,15.48,measured_linear,/odom,0.13651451468467551,0.5
4a778017-f9eb-4616-9c2a-65bf7b8f5291,15.516000000000002,measured_linear,/odom,0.13651451468467507,0.5
4a778017-f9eb-4616-9c2a-65bf7b8f5291,15.552000000000001,measured_linear,/odom,0.13678565621367036,0.5
4a778017-f9eb-4616-9c2a-65bf7b8f5291,15.588000000000001,measured_linear,/odom,0.13743174076064207,0.5
4a778017-f9eb-4616-9c2a-65bf7b8f5291,15.624,measured_linear,/odom,0.1374317407607998,0.5
4a778017-f9eb-4616-9c2a-65bf7b8f5291,15.66,measured_linear,/odom,0.13985791802407177,0.5
4a778017-f9eb-4616-9c2a-65bf7b8f5291,15.696000000000002,measured_linear,/odom,0.14305684952648315,0.5
4a778017-f9eb-4616-9c2a-65bf7b8f5291,15.732000000000001,measured_linear,/odom,0.13886979730281013,0.5
4a778017-f9eb-4616-9c2a-65bf7b8f5291,15.768,measured_linear,/odom,0.13749444484710596,0.5
4a778017-f9eb-4616-9c2a-65bf7b8f5291,15.804,measured_linear,/odom,0.1396857425563826,0.5
4a778017-f9eb-4616-9c2a-65bf7b8f5291,15.840000000000002,measured_linear,/odom,0.1413626670837359,0.5
4a778017-f9eb-4616-9c2a-65bf7b8f5291,15.876000000000001,measured_linear,/odom,0.14136266708373638,0.5
4a778017-f9eb-4616-9c2a-65bf7b8f5291,15.912,measured_linear,/odom,0.14405010281707772,0.5
4a778017-f9eb-4616-9c2a-65bf7b8f5291,15.948,measured_linear,/odom,0.14083625437130526,0.5
4a778017-f9eb-4616-9c2a-65bf7b8f5291,15.984000000000002,measured_linear,/odom,0.14258286356871414,0.5
4a778017-f9eb-4616-9c2a-65bf7b8f5291,16.02,measured_linear,/odom,0.1427884995937351,0.5
4a778017-f9eb-4616-9c2a-65bf7b8f5291,16.056,measured_linear,/odom,0.14815344898546542,0.5
4a778017-f9eb-4616-9c2a-65bf7b8f5291,16.092000000000002,measured_linear,/odom,0.1505312442772277,0.5
4a778017-f9eb-4616-9c2a-65bf7b8f5291,16.128,measured_linear,/odom,0.151060000061988,0.5
4a778017-f9eb-4616-9c2a-65bf7b8f5291,16.164,measured_linear,/odom,0.15079991966494194,0.5
4a778017-f9eb-4616-9c2a-65bf7b8f5291,16.2,measured_linear,/odom,0.15221630036830655,0.5
4a778017-f9eb-4616-9c2a-65bf7b8f5291,16.236,measured_linear,/odom,0.15385532379107122,0.5
4a778017-f9eb-4616-9c2a-65bf7b8f5291,16.272000000000002,measured_linear,/odom,0.1538553237915033,0.5
4a778017-f9eb-4616-9c2a-65bf7b8f5291,16.308,measured_linear,/odom,0.15030795992711835,0.5
4a778017-f9eb-4616-9c2a-65bf7b8f5291,16.344,measured_linear,/odom,0.14874796122358036,0.5
4a778017-f9eb-4616-9c2a-65bf7b8f5291,16.380000000000003,measured_linear,/odom,0.15193480253210176,0.5
4a778017-f9eb-4616-9c2a-65bf7b8f5291,16.416,measured_linear,/odom,0.1519348025321915,0.5
4a778017-f9eb-4616-9c2a-65bf7b8f5291,16.452,measured_linear,/odom,0.15281287431687293,0.5
4a778017-f9eb-4616-9c2a-65bf7b8f5291,16.488,measured_linear,/odom,0.15646383105420622,0.5
4a778017-f9eb-4616-9c2a-65bf7b8f5291,16.524,measured_linear,/odom,0.1565117686986972,0.5
4a778017-f9eb-4616-9c2a-65bf7b8f5291,16.560000000000002,measured_linear,/odom,0.16033431887604588,0.5
4a778017-f9eb-4616-9c2a-65bf7b8f5291,16.596,measured_linear,/odom,0.15979409217850385,0.5
4a778017-f9eb-4616-9c2a-65bf7b8f5291,16.632,measured_linear,/odom,0.1613402724260804,0.5
4a778017-f9eb-4616-9c2a-65bf7b8f5291,16.668000000000003,measured_linear,/odom,0.16172681748867213,0.5
4a778017-f9eb-4616-9c2a-65bf7b8f5291,16.704,measured_linear,/odom,0.15696210773142963,0.5
4a778017-f9eb-4616-9c2a-65bf7b8f5291,16.740000000000002,measured_linear,/odom,0.15728655457496282,0.5
4a778017-f9eb-4616-9c2a-65bf7b8f5291,16.776,measured_linear,/odom,0.15728655457496094,0.5
4a778017-f9eb-4616-9c2a-65bf7b8f5291,16.812,measured_linear,/odom,0.15733278393743613,0.5
4a778017-f9eb-4616-9c2a-65bf7b8f5291,16.848000000000003,measured_linear,/odom,0.15764212608328776,0.5
4a778017-f9eb-4616-9c2a-65bf7b8f5291,16.884,measured_linear,/odom,0.15778968781228658,0.5
4a778017-f9eb-4616-9c2a-65bf7b8f5291,16.92,measured_linear,/odom,0.15780608355998685,0.5
4a778017-f9eb-4616-9c2a-65bf7b8f5291,16.956,measured_linear,/odom,0.164105620644626,0.5
4a778017-f9eb-4616-9c2a-65bf7b8f5291,16.992,measured_linear,/odom,0.16608468592115938,0.5
4a778017-f9eb-4616-9c2a-65bf7b8f5291,17.028000000000002,measured_linear,/odom,0.16646698117256573,0.5
4a778017-f9eb-4616-9c2a-65bf7b8f5291,17.064,measured_linear,/odom,0.1697886147965668,0.5
4a778017-f9eb-4616-9c2a-65bf7b8f5291,17.1,measured_linear,/odom,0.17688244012493046,0.5
4a778017-f9eb-4616-9c2a-65bf7b8f5291,17.136000000000003,measured_linear,/odom,0.1806859189142353,0.5
4a778017-f9eb-4616-9c2a-65bf7b8f5291,17.172,measured_linear,/odom,0.18076731264590845,0.5
4a778017-f9eb-4616-9c2a-65bf7b8f5291,17.208000000000002,measured_linear,/odom,0.17797158658579465,0.5
4a778017-f9eb-4616-9c2a-65bf7b8f5291,17.244,measured_linear,/odom,0.1751114359625929,0.5
4a778017-f9eb-4616-9c2a-65bf7b8f5291,17.28,measured_linear,/odom,0.17190656065940815,0.5
4a778017-f9eb-4616-9c2a-65bf7b8f5291,17.316000000000003,measured_linear,/odom,0.17190656065941187,0.5
4a778017-f9eb-4616-9c2a-65bf7b8f5291,17.352,measured_linear,/odom,0.17163756489763463,0.5
4a778017-f9eb-4616-9c2a-65bf7b8f5291,17.388,measured_linear,/odom,0.17548742233403727,0.5
4a778017-f9eb-4616-9c2a-65bf7b8f5291,17.424,measured_linear,/odom,0.17558932304382602,0.5
4a778017-f9eb-4616-9c2a-65bf7b8f5291,17.46,measured_linear,/odom,0.17686924338342622,0.5
4a778017-f9eb-4616-9c2a-65bf7b8f5291,17.496000000000002,measured_linear,/odom,0.17519414424941498,0.5
4a778017-f9eb-4616-9c2a-65bf7b8f5291,17.532,measured_linear,/odom,0.17941069393025974,0.5
4a778017-f9eb-4616-9c2a-65bf7b8f5291,17.568,measured_linear,/odom,0.18008983135223425,0.5
4a778017-f9eb-4616-9c2a-65bf7b8f5291,17.604000000000003,measured_linear,/odom,0.17600288601050862,0.5
4a778017-f9eb-4616-9c2a-65bf7b8f5291,17.64,measured_linear,/odom,0.17999838292554102,0.5
4a778017-f9eb-4616-9c2a-65bf7b8f5291,17.676000000000002,measured_linear,/odom,0.17999838292598877,0.5
4a778017-f9eb-4616-9c2a-65bf7b8f5291,17.712,measured_linear,/odom,0.17828521430549582,0.5
4a778017-f9eb-4616-9c2a-65bf7b8f5291,17.748,measured_linear,/odom,0.18141942708393236,0.5
4a778017-f9eb-4616-9c2a-65bf7b8f5291,17.784000000000002,measured_linear,/odom,0.1834721401327677,0.5
4a778017-f9eb-4616-9c2a-65bf7b8f5291,17.82,measured_linear,/odom,0.18369327485561288,0.5
4a778017-f9eb-4616-9c2a-65bf7b8f5291,17.856,measured_linear,/odom,0.1856602430338287,0.5
4a778017-f9eb-4616-9c2a-65bf7b8f5291,17.892,measured_linear,/odom,0.1858881115912703,0.5
4a778017-f9eb-4616-9c2a-65bf7b8f5291,17.928,measured_linear,/odom,0.1859450787305798,0.5
4a778017-f9eb-4616-9c2a-65bf7b8f5291,17.964000000000002,measured_linear,/odom,0.1892366716136351,0.5
4a778017-f9eb-4616-9c2a-65bf7b8f5291,18.0,measured_linear,/odom,0.19141948223112734,0.5
4a778017-f9eb-4616-9c2a-65bf7b8f5291,18.036,measured_linear,/odom,0.1861944368615827,0.5
4a778017-f9eb-4616-9c2a-65bf7b8f5291,18.072000000000003,measured_linear,/odom,0.18594720959664301,0.5
4a778017-f9eb-4616-9c2a-65bf7b8f5291,18.108,measured_linear,/odom,0.17979899678408998,0.5
4a778017-f9eb-4616-9c2a-65bf7b8f5291,18.144000000000002,measured_linear,/odom,0.17595831961738456,0.5
4a778017-f9eb-4616-9c2a-65bf7b8f5291,18.18,measured_linear,/odom,0.18042871355956613,0.5
4a778017-f9eb-4616-9c2a-65bf7b8f5291,18.216,measured_linear,/odom,0.1804287135600972,0.5
4a778017-f9eb-4616-9c2a-65bf7b8f5291,18.252000000000002,measured_linear,/odom,0.18484735129909816,0.5
4a778017-f9eb-4616-9c2a-65bf7b8f5291,18.288,measured_linear,/odom,0.18403223156991017,0.5
4a778017-f9eb-4616-9c2a-65bf7b8f5291,18.324,measured_linear,/odom,0.18403223156928475,0.5
4a778017-f9eb-4616-9c2a-65bf7b8f5291,18.36,measured_linear,/odom,0.1829930394887917,0.5
4a778017-f9eb-4616-9c2a-65bf7b8f5291,18.396,measured_linear,/odom,0.18626599995998178,0.5
4a778017-f9eb-4616-9c2a-65bf7b8f5291,18.432000000000002,measured_linear,/odom,0.18483795821717847,0.5
4a778017-f9eb-4616-9c2a-65bf7b8f5291,18.468,measured_linear,/odom,0.18447336554527538,0.5
4a778017-f9eb-4616-9c2a-65bf7b8f5291,18.504,measured_linear,/odom,0.18296300023840267,0.5
4a778017-f9eb-4616-9c2a-65bf7b8f5291,18.540000000000003,measured_linear,/odom,0.18595062196250325,0.5
4a778017-f9eb-4616-9c2a-65bf7b8f5291,18.576,measured_linear,/odom,0.1859506219625458,0.5
4a778017-f9eb-4616-9c2a-65bf7b8f5291,18.612000000000002,measured_linear,/odom,0.18492870032821296,0.5
4a778017-f9eb-4616-9c2a-65bf7b8f5291,18.648,measured_linear,/odom,0.18490123748771495,0.5
4a778017-f9eb-4616-9c2a-65bf7b8f5291,18.684,measured_linear,/odom,0.18609567880593833,0.5
4a778017-f9eb-4616-9c2a-65bf7b8f5291,18.720000000000002,measured_linear,/odom,0.18622839450835685,0.5
4a778017-f9eb-4616-9c2a-65bf7b8f5291,18.756,measured_linear,/odom,0.18699665367582127,0.5
4a778017-f9eb-4616-9c2a-65bf7b8f5291,18.792,measured_linear,/odom,0.18629384338879806,0.5
4a778017-f9eb-4616-9c2a-65bf7b8f5291,18.828,measured_linear,/odom,0.18611814081668604,0.5
4a778017-f9eb-4616-9c2a-65bf7b8f5291,18.864,measured_linear,/odom,0.18127319128668679,0.5
4a778017-f9eb-4616-9c2a-65bf7b8f5291,18.900000000000002,measured_linear,/odom,0.17836855351924435,0.5
4a778017-f9eb-4616-9c2a-65bf7b8f5291,18.936,measured_linear,/odom,0.18135066330352742,0.5
4a778017-f9eb-4616-9c2a-65bf7b8f5291,18.972,measured_linear,/odom,0.1813506633043342,0.5
4a778017-f9eb-4616-9c2a-65bf7b8f5291,19.011000000000003,measured_linear,/odom,0.17689987779981506,0.5
4a778017-f9eb-4616-9c2a-65bf7b8f5291,19.044,measured_linear,/odom,0.18042034892921482,0.5
4a778017-f9eb-4616-9c2a-65bf7b8f5291,19.080000000000002,measured_linear,/odom,0.18170173466205788,0.5
4a778017-f9eb-4616-9c2a-65bf7b8f5291,19.116,measured_linear,/odom,0.18170173466205602,0.5
4a778017-f9eb-4616-9c2a-65bf7b8f5291,19.152,measured_linear,/odom,0.1833210378879772,0.5
4a778017-f9eb-4616-9c2a-65bf7b8f5291,19.188000000000002,measured_linear,/odom,0.1833854019642774,0.5
4a778017-f9eb-4616-9c2a-65bf7b8f5291,19.224,measured_linear,/odom,0.18338540196419229,0.5
4a778017-f9eb-4616-9c2a-65bf7b8f5291,19.26,measured_linear,/odom,0.1842349022626903,0.5
4a778017-f9eb-4616-9c2a-65bf7b8f5291,19.296000000000003,measured_linear,/odom,0.1825485229496789,0.5
4a778017-f9eb-4616-9c2a-65bf7b8f5291,19.332,measured_linear,/odom,0.18137599229852697,0.5
4a778017-f9eb-4616-9c2a-65bf7b8f5291,19.368000000000002,measured_linear,/odom,0.18108285963535642,0.5
4a778017-f9eb-4616-9c2a-65bf7b8f5291,19.404,measured_linear,/odom,0.17640908272417155,0.5
4a778017-f9eb-4616-9c2a-65bf7b8f5291,19.44,measured_linear,/odom,0.17664372920990395,0.5
4a778017-f9eb-4616-9c2a-65bf7b8f5291,19.476000000000003,measured_linear,/odom,0.17664372920990584,0.5
4a778017-f9eb-4616-9c2a-65bf7b8f5291,19.512,measured_linear,/odom,0.17594017982505894,0.5
4a778017-f9eb-4616-9c2a-65bf7b8f5291,19.548000000000002,measured_linear,/odom,0.17255396158783276,0.5
4a778017-f9eb-4616-9c2a-65bf7b8f5291,19.584,measured_linear,/odom,0.17991580896124698,0.5
4a778017-f9eb-4616-9c2a-65bf7b8f5291,19.62,measured_linear,/odom,0.1818392872810474,0.5
4a778017-f9eb-4616-9c2a-65bf7b8f5291,19.656000000000002,measured_linear,/odom,0.18266710638977962,0.5
4a778017-f9eb-4616-9c2a-65bf7b8f5291,19.692,measured_linear,/odom,0.18328965306258865,0.5
4a778017-f9eb-4616-9c2a-65bf7b8f5291,19.728,measured_linear,/odom,0.18344528973101387,0.5
4a778017-f9eb-4616-9c2a-65bf7b8f5291,19.764000000000003,measured_linear,/odom,0.18511167913624244,0.5
4a778017-f9eb-4616-9c2a-65bf7b8f5291,19.8,measured_linear,/odom,0.18515662848950787,0.5
4a778017-f9eb-4616-9c2a-65bf7b8f5291,19.836000000000002,measured_linear,/odom,0.18361869454425567,0.5
4a778017-f9eb-4616-9c2a-65bf7b8f5291,19.872,measured_linear,/odom,0.18361869454383747,0.5
4a778017-f9eb-4616-9c2a-65bf7b8f5291,19.911,measured_linear,/odom,0.18123754859034427,0.5
4a778017-f9eb-4616-9c2a-65bf7b8f5291,19.944000000000003,measured_linear,/odom,0.1800954371694289,0.5
4a778017-f9eb-4616-9c2a-65bf7b8f5291,19.98,measured_linear,/odom,0.17657017707834827,0.5
4a778017-f9eb-4616-9c2a-65bf7b8f5291,20.016000000000002,measured_linear,/odom,0.1765701770782502,0.5
4a778017-f9eb-4616-9c2a-65bf7b8f5291,20.052,measured_linear,/odom,0.17493478059822562,0.5
4a778017-f9eb-4616-9c2a-65bf7b8f5291,20.088,measured_linear,/odom,0.1748577654360946,0.5
4a778017-f9eb-4616-9c2a-65bf7b8f5291,20.124000000000002,measured_linear,/odom,0.17485776543619086,0.5
4a778017-f9eb-4616-9c2a-65bf7b8f5291,20.16,measured_linear,/odom,0.1760203242301824,0.5
4a778017-f9eb-4616-9c2a-65bf7b8f5291,20.196,measured_linear,/odom,0.18073282627923404,0.5
4a778017-f9eb-4616-9c2a-65bf7b8f5291,20.232000000000003,measured_linear,/odom,0.174261406734257,0.5
4a778017-f9eb-4616-9c2a-65bf7b8f5291,20.268,measured_linear,/odom,0.17119970917702787,0.5
4a778017-f9eb-4616-9c2a-65bf7b8f5291,20.304000000000002,measured_linear,/odom,0.17140927016729426,0.5
4a778017-f9eb-4616-9c2a-65bf7b8f5291,20.34,measured_linear,/odom,0.16835880279543192,0.5
4a778017-f9eb-4616-9c2a-65bf7b8f5291,20.376,measured_linear,/odom,0.16835880279540974,0.5
4a778017-f9eb-4616-9c2a-65bf7b8f5291,20.412000000000003,measured_linear,/odom,0.1718289771544405,0.5
4a778017-f9eb-4616-9c2a-65bf7b8f5291,20.448,measured_linear,/odom,0.17357081174832847,0.5
4a778017-f9eb-4616-9c2a-65bf7b8f5291,20.484,measured_linear,/odom,0.1732335910202091,0.5
4a778017-f9eb-4616-9c2a-65bf7b8f5291,20.52,measured_linear,/odom,0.17319612205028978,0.5
4a778017-f9eb-4616-9c2a-65bf7b8f5291,20.556,measured_linear,/odom,0.17385675013049104,0.5
4a778017-f9eb-4616-9c2a-65bf7b8f5291,20.592000000000002,measured_linear,/odom,0.17189467251368015,0.5
4a778017-f9eb-4616-9c2a-65bf7b8f5291,20.628,measured_linear,/odom,0.1714041531086045,0.5
4a778017-f9eb-4616-9c2a-65bf7b8f5291,20.664,measured_linear,/odom,0.17329457402172438,0.5
4a778017-f9eb-4616-9c2a-65bf7b8f5291,20.700000000000003,measured_linear,/odom,0.1706546843051974,0.5
4a778017-f9eb-4616-9c2a-65bf7b8f5291,20.736,measured_linear,/odom,0.16833762824599216,0.5
4a778017-f9eb-4616-9c2a-65bf7b8f5291,20.772000000000002,measured_linear,/odom,0.16833762824536674,0.5
4a778017-f9eb-4616-9c2a-65bf7b8f5291,20.811,measured_linear,/odom,0.1752935197571285,0.5
4a778017-f9eb-4616-9c2a-65bf7b8f5291,20.844,measured_linear,/odom,0.17612704485647407,0.5
4a778017-f9eb-4616-9c2a-65bf7b8f5291,20.880000000000003,measured_linear,/odom,0.17310349643231043,0.5
4a778017-f9eb-4616-9c2a-65bf7b8f5291,20.916,measured_linear,/odom,0.17310349643229195,0.5
4a778017-f9eb-4616-9c2a-65bf7b8f5291,20.952,measured_linear,/odom,0.1702410107980038,0.5
4a778017-f9eb-4616-9c2a-65bf7b8f5291,20.988,measured_linear,/odom,0.1691471487284657,0.5
4a778017-f9eb-4616-9c2a-65bf7b8f5291,21.024,measured_linear,/odom,0.16914714872838058,0.5
4a778017-f9eb-4616-9c2a-65bf7b8f5291,21.060000000000002,measured_linear,/odom,0.16846556961532808,0.5
4a778017-f9eb-4616-9c2a-65bf7b8f5291,21.096,measured_linear,/odom,0.1701446473594011,0.5
4a778017-f9eb-4616-9c2a-65bf7b8f5291,21.132,measured_linear,/odom,0.17065044045429337,0.5
4a778017-f9eb-4616-9c2a-65bf7b8f5291,21.168000000000003,measured_linear,/odom,0.17077688872812286,0.5
4a778017-f9eb-4616-9c2a-65bf7b8f5291,21.204,measured_linear,/odom,0.1699193328621451,0.5
4a778017-f9eb-4616-9c2a-65bf7b8f5291,21.240000000000002,measured_linear,/odom,0.16927625238894645,0.5
4a778017-f9eb-4616-9c2a-65bf7b8f5291,21.276,measured_linear,/odom,0.16927625238894645,0.5
4a778017-f9eb-4616-9c2a-65bf7b8f5291,21.312,measured_linear,/odom,0.17172659574663887,0.5
4a778017-f9eb-4616-9c2a-65bf7b8f5291,21.348000000000003,measured_linear,/odom,0.16951148212031403,0.5
4a778017-f9eb-4616-9c2a-65bf7b8f5291,21.384,measured_linear,/odom,0.17424431531279186,0.5
4a778017-f9eb-4616-9c2a-65bf7b8f5291,21.42,measured_linear,/odom,0.1750525236129841,0.5
4a778017-f9eb-4616-9c2a-65bf7b8f5291,21.456000000000003,measured_linear,/odom,0.17320653796242627,0.5
4a778017-f9eb-4616-9c2a-65bf7b8f5291,21.492,measured_linear,/odom,0.17323886752126372,0.5
4a778017-f9eb-4616-9c2a-65bf7b8f5291,21.528000000000002,measured_linear,/odom,0.1732469499111174,0.5
4a778017-f9eb-4616-9c2a-65bf7b8f5291,21.564,measured_linear,/odom,0.16991557688817255,0.5
4a778017-f9eb-4616-9c2a-65bf7b8f5291,21.6,measured_linear,/odom,0.17179073393346345,0.5
4a778017-f9eb-4616-9c2a-65bf7b8f5291,21.636000000000003,measured_linear,/odom,0.17365027964062105,0.5
4a778017-f9eb-4616-9c2a-65bf7b8f5291,21.672,measured_linear,/odom,0.17365027964113913,0.5
4a778017-f9eb-4616-9c2a-65bf7b8f5291,21.711000000000002,measured_linear,/odom,0.17517881095369114,0.5
4a778017-f9eb-4616-9c2a-65bf7b8f5291,21.744,measured_linear,/odom,0.176817855238424,0.5
4a778017-f9eb-4616-9c2a-65bf7b8f5291,21.78,measured_linear,/odom,0.176780521869635,0.5
4a778017-f9eb-4616-9c2a-65bf7b8f5291,21.816000000000003,measured_linear,/odom,0.1767805218696424,0.5
4a778017-f9eb-4616-9c2a-65bf7b8f5291,21.852,measured_linear,/odom,0.1752772927289444,0.5
4a778017-f9eb-4616-9c2a-65bf7b8f5291,21.888,measured_linear,/odom,0.17688311636392767,0.5
4a778017-f9eb-4616-9c2a-65bf7b8f5291,21.924000000000003,measured_linear,/odom,0.176883116364468,0.5
4a778017-f9eb-4616-9c2a-65bf7b8f5291,21.96,measured_linear,/odom,0.1766782999038652,0.5
4a778017-f9eb-4616-9c2a-65bf7b8f5291,21.996000000000002,measured_linear,/odom,0.17468516528661066,0.5
4a778017-f9eb-4616-9c2a-65bf7b8f5291,22.032,measured_linear,/odom,0.1725900918251681,0.5
4a778017-f9eb-4616-9c2a-65bf7b8f5291,22.068,measured_linear,/odom,0.17235730588433343,0.5
4a778017-f9eb-4616-9c2a-65bf7b8f5291,22.104000000000003,measured_linear,/odom,0.1707050517206284,0.5
4a778017-f9eb-4616-9c2a-65bf7b8f5291,22.14,measured_linear,/odom,0.1737708449363125,0.5
4a778017-f9eb-4616-9c2a-65bf7b8f5291,22.176000000000002,measured_linear,/odom,0.17377084493634953,0.5
4a778017-f9eb-4616-9c2a-65bf7b8f5291,22.212,measured_linear,/odom,0.17428998947125465,0.5
4a778017-f9eb-4616-9c2a-65bf7b8f5291,22.248,measured_linear,/odom,0.16999440403108929,0.5
4a778017-f9eb-4616-9c2a-65bf7b8f5291,22.284000000000002,measured_linear,/odom,0.17070322781775896,0.5
4a778017-f9eb-4616-9c2a-65bf7b8f5291,22.32,measured_linear,/odom,0.17079958319666427,0.5
4a778017-f9eb-4616-9c2a-65bf7b8f5291,22.356,measured_linear,/odom,0.17121040821066097,0.5
4a778017-f9eb-4616-9c2a-65bf7b8f5291,22.392000000000003,measured_linear,/odom,0.1741617017854987,0.5
4a778017-f9eb-4616-9c2a-65bf7b8f5291,22.428,measured_linear,/odom,0.1749979704618617,0.5
4a778017-f9eb-4616-9c2a-65bf7b8f5291,22.464000000000002,measured_linear,/odom,0.17312502414044878,0.5
4a778017-f9eb-4616-9c2a-65bf7b8f5291,22.5,measured_linear,/odom,0.17020221054551882,0.5
4a778017-f9eb-4616-9c2a-65bf7b8f5291,22.536,measured_linear,/odom,0.1728219687931576,0.5
4a778017-f9eb-4616-9c2a-65bf7b8f5291,22.572000000000003,measured_linear,/odom,0.17282196879386075,0.5
4a778017-f9eb-4616-9c2a-65bf7b8f5291,22.608,measured_linear,/odom,0.17526726424631117,0.5
4a778017-f9eb-4616-9c2a-65bf7b8f5291,22.644000000000002,measured_linear,/odom,0.1719785443077678,0.5
4a778017-f9eb-4616-9c2a-65bf7b8f5291,22.68,measured_linear,/odom,0.17735612392349626,0.5
4a778017-f9eb-4616-9c2a-65bf7b8f5291,22.716,measured_linear,/odom,0.17735612392429562,0.5
4a778017-f9eb-4616-9c2a-65bf7b8f5291,22.752000000000002,measured_linear,/odom,0.18148644356577776,0.5
4a778017-f9eb-4616-9c2a-65bf7b8f5291,22.788,measured_linear,/odom,0.17336017258468006,0.5
4a778017-f9eb-4616-9c2a-65bf7b8f5291,22.824,measured_linear,/odom,0.1718739569187296,0.5
4a778017-f9eb-4616-9c2a-65bf7b8f5291,22.860000000000003,measured_linear,/odom,0.1724036931991635,0.5
4a778017-f9eb-4616-9c2a-65bf7b8f5291,22.896,measured_linear,/odom,0.17400491237595792,0.5
4a778017-f9eb-4616-9c2a-65bf7b8f5291,22.932000000000002,measured_linear,/odom,0.17245739698460436,0.5
4a778017-f9eb-4616-9c2a-65bf7b8f5291,22.968,measured_linear,/odom,0.1720705181360101,0.5
4a778017-f9eb-4616-9c2a-65bf7b8f5291,23.004,measured_linear,/odom,0.1702022522693432,0.5
4a778017-f9eb-4616-9c2a-65bf7b8f5291,23.040000000000003,measured_linear,/odom,0.17513838410318688,0.5
4a778017-f9eb-4616-9c2a-65bf7b8f5291,23.076,measured_linear,/odom,0.17513838410377164,0.5
4a778017-f9eb-4616-9c2a-65bf7b8f5291,23.112000000000002,measured_linear,/odom,0.17666129469818453,0.5
4a778017-f9eb-4616-9c2a-65bf7b8f5291,23.148,measured_linear,/odom,0.17334088744030973,0.5
4a778017-f9eb-4616-9c2a-65bf7b8f5291,23.184,measured_linear,/odom,0.1748737707729468,0.5
4a778017-f9eb-4616-9c2a-65bf7b8f5291,23.220000000000002,measured_linear,/odom,0.17505274713041827,0.5
4a778017-f9eb-4616-9c2a-65bf7b8f5291,23.256,measured_linear,/odom,0.17464508116253147,0.5
4a778017-f9eb-4616-9c2a-65bf7b8f5291,23.292,measured_linear,/odom,0.17783048390037268,0.5
4a778017-f9eb-4616-9c2a-65bf7b8f5291,23.328000000000003,measured_linear,/odom,0.1787670850753746,0.5
4a778017-f9eb-4616-9c2a-65bf7b8f5291,23.364,measured_linear,/odom,0.17575656385513025,0.5
4a778017-f9eb-4616-9c2a-65bf7b8f5291,23.400000000000002,measured_linear,/odom,0.17550042271614236,0.5
4a778017-f9eb-4616-9c2a-65bf7b8f5291,23.436,measured_linear,/odom,0.1731121838099277,0.5
4a778017-f9eb-4616-9c2a-65bf7b8f5291,23.472,measured_linear,/odom,0.17311218380926902,0.5
4a778017-f9eb-4616-9c2a-65bf7b8f5291,23.508000000000003,measured_linear,/odom,0.17272354662429085,0.5
4a778017-f9eb-4616-9c2a-65bf7b8f5291,23.544,measured_linear,/odom,0.17602778761282026,0.5
4a778017-f9eb-4616-9c2a-65bf7b8f5291,23.580000000000002,measured_linear,/odom,0.17521318793296917,0.5
4a778017-f9eb-4616-9c2a-65bf7b8f5291,23.616000000000003,measured_linear,/odom,0.17521318793298396,0.5
4a778017-f9eb-4616-9c2a-65bf7b8f5291,23.652,measured_linear,/odom,0.1755055725573107,0.5
4a778017-f9eb-4616-9c2a-65bf7b8f5291,23.688000000000002,measured_linear,/odom,0.17414863407652081,0.5
4a778017-f9eb-4616-9c2a-65bf7b8f5291,23.724,measured_linear,/odom,0.17414863407611741,0.5
4a778017-f9eb-4616-9c2a-65bf7b8f5291,23.76,measured_linear,/odom,0.17619358003138444,0.5
4a778017-f9eb-4616-9c2a-65bf7b8f5291,23.796000000000003,measured_linear,/odom,0.18083832948076656,0.5
4a778017-f9eb-4616-9c2a-65bf7b8f5291,23.832,measured_linear,/odom,0.18440063087823422,0.5
4a778017-f9eb-4616-9c2a-65bf7b8f5291,23.868000000000002,measured_linear,/odom,0.18542043864729535,0.5
4a778017-f9eb-4616-9c2a-65bf7b8f5291,23.904,measured_linear,/odom,0.18573169559230976,0.5
4a778017-f9eb-4616-9c2a-65bf7b8f5291,23.94,measured_linear,/odom,0.1847417205571948,0.5
4a778017-f9eb-4616-9c2a-65bf7b8f5291,23.976000000000003,measured_linear,/odom,0.1847417205571948,0.5
4a778017-f9eb-4616-9c2a-65bf7b8f5291,24.012,measured_linear,/odom,0.186024364828626,0.5
4a778017-f9eb-4616-9c2a-65bf7b8f5291,24.048000000000002,measured_linear,/odom,0.18124389858390116,0.5
4a778017-f9eb-4616-9c2a-65bf7b8f5291,24.084000000000003,measured_linear,/odom,0.17873823344776535,0.5
4a778017-f9eb-4616-9c2a-65bf7b8f5291,24.12,measured_linear,/odom,0.17848576605320093,0.5
4a778017-f9eb-4616-9c2a-65bf7b8f5291,24.156000000000002,measured_linear,/odom,0.1785690784454156,0.5
4a778017-f9eb-4616-9c2a-65bf7b8f5291,24.192,measured_linear,/odom,0.1809664845458488,0.5
4a778017-f9eb-4616-9c2a-65bf7b8f5291,24.228,measured_linear,/odom,0.18156583607198035,0.5
4a778017-f9eb-4616-9c2a-65bf7b8f5291,24.264000000000003,measured_linear,/odom,0.18266951143706506,0.5
4a778017-f9eb-4616-9c2a-65bf7b8f5291,24.3,measured_linear,/odom,0.17990304529665876,0.5
4a778017-f9eb-4616-9c2a-65bf7b8f5291,24.336000000000002,measured_linear,/odom,0.17949849367149645,0.5
4a778017-f9eb-4616-9c2a-65bf7b8f5291,24.372,measured_linear,/odom,0.1794984936713854,0.5
4a778017-f9eb-4616-9c2a-65bf7b8f5291,24.408,measured_linear,/odom,0.18249182403006955,0.5
4a778017-f9eb-4616-9c2a-65bf7b8f5291,24.444000000000003,measured_linear,/odom,0.1845924228423446,0.5
4a778017-f9eb-4616-9c2a-65bf7b8f5291,24.48,measured_linear,/odom,0.1791576296098274,0.5
4a778017-f9eb-4616-9c2a-65bf7b8f5291,24.516000000000002,measured_linear,/odom,0.17915762960912424,0.5
4a778017-f9eb-4616-9c2a-65bf7b8f5291,24.552000000000003,measured_linear,/odom,0.18073324263041535,0.5
4a778017-f9eb-4616-9c2a-65bf7b8f5291,24.588,measured_linear,/odom,0.18216244876356386,0.5
4a778017-f9eb-4616-9c2a-65bf7b8f5291,24.624000000000002,measured_linear,/odom,0.18216244876384885,0.5
4a778017-f9eb-4616-9c2a-65bf7b8f5291,24.66,measured_linear,/odom,0.18097513914105967,0.5
4a778017-f9eb-4616-9c2a-65bf7b8f5291,24.696,measured_linear,/odom,0.1832401305430979,0.5
4a778017-f9eb-4616-9c2a-65bf7b8f5291,24.732000000000003,measured_linear,/odom,0.18823005225474904,0.5
4a778017-f9eb-4616-9c2a-65bf7b8f5291,24.768,measured_linear,/odom,0.190056666731823,0.5
4a778017-f9eb-4616-9c2a-65bf7b8f5291,24.804000000000002,measured_linear,/odom,0.18992365598684186,0.5
4a778017-f9eb-4616-9c2a-65bf7b8f5291,24.84,measured_linear,/odom,0.19389916956398984,0.5
4a778017-f9eb-4616-9c2a-65bf7b8f5291,24.876,measured_linear,/odom,0.1938991695642526,0.5
4a778017-f9eb-4616-9c2a-65bf7b8f5291,24.912000000000003,measured_linear,/odom,0.1929911166432448,0.5
4a778017-f9eb-4616-9c2a-65bf7b8f5291,24.948,measured_linear,/odom,0.19510656595164894,0.5
4a778017-f9eb-4616-9c2a-65bf7b8f5291,24.984,measured_linear,/odom,0.1906429192557124,0.5
4a778017-f9eb-4616-9c2a-65bf7b8f5291,25.020000000000003,measured_linear,/odom,0.18990200757980077,0.5
4a778017-f9eb-4616-9c2a-65bf7b8f5291,25.056,measured_linear,/odom,0.18918651342412957,0.5
4a778017-f9eb-4616-9c2a-65bf7b8f5291,25.092000000000002,measured_linear,/odom,0.1914283633224471,0.5
4a778017-f9eb-4616-9c2a-65bf7b8f5291,25.128,measured_linear,/odom,0.19198882579802842,0.5
4a778017-f9eb-4616-9c2a-65bf7b8f5291,25.164,measured_linear,/odom,0.19265763461570792,0.5
4a778017-f9eb-4616-9c2a-65bf7b8f5291,25.200000000000003,measured_linear,/odom,0.19278812408449014,0.5
4a778017-f9eb-4616-9c2a-65bf7b8f5291,25.236,measured_linear,/odom,0.1931968629359367,0.5
4a778017-f9eb-4616-9c2a-65bf7b8f5291,25.272000000000002,measured_linear,/odom,0.19319686293605143,0.5
4a778017-f9eb-4616-9c2a-65bf7b8f5291,25.311,measured_linear,/odom,0.19210964441330378,0.5
4a778017-f9eb-4616-9c2a-65bf7b8f5291,25.344,measured_linear,/odom,0.1908783227209073,0.5
4a778017-f9eb-4616-9c2a-65bf7b8f5291,25.380000000000003,measured_linear,/odom,0.1889744699001235,0.5
4a778017-f9eb-4616-9c2a-65bf7b8f5291,25.416,measured_linear,/odom,0.1889744699001272,0.5
4a778017-f9eb-4616-9c2a-65bf7b8f5291,25.452,measured_linear,/odom,0.18606186421019266,0.5
4a778017-f9eb-4616-9c2a-65bf7b8f5291,25.488000000000003,measured_linear,/odom,0.18575544655307086,0.5
4a778017-f9eb-4616-9c2a-65bf7b8f5291,25.524,measured_linear,/odom,0.1857554465532078,0.5
4a778017-f9eb-4616-9c2a-65bf7b8f5291,25.560000000000002,measured_linear,/odom,0.18948464095572826,0.5
4a778017-f9eb-4616-9c2a-65bf7b8f5291,25.596,measured_linear,/odom,0.1916657090181147,0.5
4a778017-f9eb-4616-9c2a-65bf7b8f5291,25.632,measured_linear,/odom,0.1885970792303719,0.5
4a778017-f9eb-4616-9c2a-65bf7b8f5291,25.668000000000003,measured_linear,/odom,0.18771052360535553,0.5
4a778017-f9eb-4616-9c2a-65bf7b8f5291,25.704,measured_linear,/odom,0.1857448130852128,0.5
4a778017-f9eb-4616-9c2a-65bf7b8f5291,25.740000000000002,measured_linear,/odom,0.18366998434064716,0.5
4a778017-f9eb-4616-9c2a-65bf7b8f5291,25.776000000000003,measured_linear,/odom,0.18366998434064347,0.5
4a778017-f9eb-4616-9c2a-65bf7b8f5291,25.812,measured_linear,/odom,0.18501437902407322,0.5
4a778017-f9eb-4616-9c2a-65bf7b8f5291,25.848000000000003,measured_linear,/odom,0.18941519944555657,0.5
4a778017-f9eb-4616-9c2a-65bf7b8f5291,25.884,measured_linear,/odom,0.18749440610471937,0.5
4a778017-f9eb-4616-9c2a-65bf7b8f5291,25.92,measured_linear,/odom,0.18726783990860027,0.5
4a778017-f9eb-4616-9c2a-65bf7b8f5291,25.956000000000003,measured_linear,/odom,0.18639594316507413,0.5
4a778017-f9eb-4616-9c2a-65bf7b8f5291,25.992,measured_linear,/odom,0.18779550790740304,0.5
4a778017-f9eb-4616-9c2a-65bf7b8f5291,26.028000000000002,measured_linear,/odom,0.18814539909366063,0.5
4a778017-f9eb-4616-9c2a-65bf7b8f5291,26.064,measured_linear,/odom,0.18141910169353256,0.5
4a778017-f9eb-4616-9c2a-65bf7b8f5291,26.1,measured_linear,/odom,0.18052557110787013,0.5
4a778017-f9eb-4616-9c2a-65bf7b8f5291,26.136000000000003,measured_linear,/odom,0.17844571173249263,0.5
4a778017-f9eb-4616-9c2a-65bf7b8f5291,26.172,measured_linear,/odom,0.17844571173193383,0.5
4a778017-f9eb-4616-9c2a-65bf7b8f5291,26.211000000000002,measured_linear,/odom,0.18254038034562678,0.5
4a778017-f9eb-4616-9c2a-65bf7b8f5291,26.244000000000003,measured_linear,/odom,0.1811500623826845,0.5
4a778017-f9eb-4616-9c2a-65bf7b8f5291,26.28,measured_linear,/odom,0.1774586439134233,0.5
4a778017-f9eb-4616-9c2a-65bf7b8f5291,26.316000000000003,measured_linear,/odom,0.17745864391327523,0.5
4a778017-f9eb-4616-9c2a-65bf7b8f5291,26.352,measured_linear,/odom,0.1756946325308354,0.5
4a778017-f9eb-4616-9c2a-65bf7b8f5291,26.388,measured_linear,/odom,0.17544436454767592,0.5
4a778017-f9eb-4616-9c2a-65bf7b8f5291,26.424000000000003,measured_linear,/odom,0.17544436454772772,0.5
4a778017-f9eb-4616-9c2a-65bf7b8f5291,26.46,measured_linear,/odom,0.17036128044184048,0.5
4a778017-f9eb-4616-9c2a-65bf7b8f5291,26.496000000000002,measured_linear,/odom,0.17243973910749943,0.5
4a778017-f9eb-4616-9c2a-65bf7b8f5291,26.532,measured_linear,/odom,0.1694296261797845,0.5
4a778017-f9eb-4616-9c2a-65bf7b8f5291,26.568,measured_linear,/odom,0.16856814920901037,0.5
4a778017-f9eb-4616-9c2a-65bf7b8f5291,26.604000000000003,measured_linear,/odom,0.1688304290174599,0.5
4a778017-f9eb-4616-9c2a-65bf7b8f5291,26.64,measured_linear,/odom,0.167350962758069,0.5
4a778017-f9eb-4616-9c2a-65bf7b8f5291,26.676000000000002,measured_linear,/odom,0.167350962758069,0.5
4a778017-f9eb-4616-9c2a-65bf7b8f5291,26.712000000000003,measured_linear,/odom,0.16839051544635572,0.5
4a778017-f9eb-4616-9c2a-65bf7b8f5291,26.748,measured_linear,/odom,0.16831865906724958,0.5
4a778017-f9eb-4616-9c2a-65bf7b8f5291,26.784000000000002,measured_linear,/odom,0.16851378977291717,0.5
4a778017-f9eb-4616-9c2a-65bf7b8f5291,26.82,measured_linear,/odom,0.1685354709624868,0.5
4a778017-f9eb-4616-9c2a-65bf7b8f5291,26.856,measured_linear,/odom,0.16871422529212143,0.5
4a778017-f9eb-4616-9c2a-65bf7b8f5291,26.892000000000003,measured_linear,/odom,0.17036747932375934,0.5
4a778017-f9eb-4616-9c2a-65bf7b8f5291,26.928,measured_linear,/odom,0.17078079283237751,0.5
4a778017-f9eb-4616-9c2a-65bf7b8f5291,26.964000000000002,measured_linear,/odom,0.17079606801270555,0.5
4a778017-f9eb-4616-9c2a-65bf7b8f5291,27.0,measured_linear,/odom,0.171133235096906,0.5
4a778017-f9eb-4616-9c2a-65bf7b8f5291,27.036,measured_linear,/odom,0.1702220886947714,0.5
4a778017-f9eb-4616-9c2a-65bf7b8f5291,27.072000000000003,measured_linear,/odom,0.17022208869450497,0.5
4a778017-f9eb-4616-9c2a-65bf7b8f5291,27.111,measured_linear,/odom,0.16735297441560587,0.5
4a778017-f9eb-4616-9c2a-65bf7b8f5291,27.144000000000002,measured_linear,/odom,0.16538936942876634,0.5
4a778017-f9eb-4616-9c2a-65bf7b8f5291,27.180000000000003,measured_linear,/odom,0.1639106124639023,0.5
4a778017-f9eb-4616-9c2a-65bf7b8f5291,27.216,measured_linear,/odom,0.16391061246389488,0.5
4a778017-f9eb-4616-9c2a-65bf7b8f5291,27.252000000000002,measured_linear,/odom,0.16250958144710853,0.5
4a778017-f9eb-4616-9c2a-65bf7b8f5291,27.288,measured_linear,/odom,0.16303351521470183,0.5
4a778017-f9eb-4616-9c2a-65bf7b8f5291,27.324,measured_linear,/odom,0.16303351521494608,0.5
4a778017-f9eb-4616-9c2a-65bf7b8f5291,27.360000000000003,measured_linear,/odom,0.16428096592429794,0.5
4a778017-f9eb-4616-9c2a-65bf7b8f5291,27.396,measured_linear,/odom,0.16133159399115785,0.5
4a778017-f9eb-4616-9c2a-65bf7b8f5291,27.432000000000002,measured_linear,/odom,0.16097571849833514,0.5
4a778017-f9eb-4616-9c2a-65bf7b8f5291,27.468,measured_linear,/odom,0.16088674962515537,0.5
4a778017-f9eb-4616-9c2a-65bf7b8f5291,27.504,measured_linear,/odom,0.15753153474432252,0.5
4a778017-f9eb-4616-9c2a-65bf7b8f5291,27.540000000000003,measured_linear,/odom,0.15637163817883898,0.5
4a778017-f9eb-4616-9c2a-65bf7b8f5291,27.576,measured_linear,/odom,0.15637163817882418,0.5
4a778017-f9eb-4616-9c2a-65bf7b8f5291,27.612000000000002,measured_linear,/odom,0.15619042813789602,0.5
4a778017-f9eb-4616-9c2a-65bf7b8f5291,27.648000000000003,measured_linear,/odom,0.1565770208834527,0.5
4a778017-f9eb-4616-9c2a-65bf7b8f5291,27.684,measured_linear,/odom,0.15802188664629419,0.5
4a778017-f9eb-4616-9c2a-65bf7b8f5291,27.720000000000002,measured_linear,/odom,0.1581824272871346,0.5
4a778017-f9eb-4616-9c2a-65bf7b8f5291,27.756,measured_linear,/odom,0.15637476742314713,0.5
4a778017-f9eb-4616-9c2a-65bf7b8f5291,27.792,measured_linear,/odom,0.15764502584894774,0.5
4a778017-f9eb-4616-9c2a-65bf7b8f5291,27.828000000000003,measured_linear,/odom,0.1579625904560474,0.5
4a778017-f9eb-4616-9c2a-65bf7b8f5291,27.864,measured_linear,/odom,0.15543828308663224,0.5
4a778017-f9eb-4616-9c2a-65bf7b8f5291,27.900000000000002,measured_linear,/odom,0.15202811360363425,0.5
4a778017-f9eb-4616-9c2a-65bf7b8f5291,27.936000000000003,measured_linear,/odom,0.149028054488561,0.5
4a778017-f9eb-4616-9c2a-65bf7b8f5291,27.972,measured_linear,/odom,0.14902804791931953,0.5
4a778017-f9eb-4616-9c2a-65bf7b8f5291,28.011000000000003,measured_linear,/odom,0.15032936632594457,0.5
4a778017-f9eb-4616-9c2a-65bf7b8f5291,28.044,measured_linear,/odom,0.14976769834773584,0.5
4a778017-f9eb-4616-9c2a-65bf7b8f5291,28.080000000000002,measured_linear,/odom,0.14732380211347115,0.5
4a778017-f9eb-4616-9c2a-65bf7b8f5291,28.116000000000003,measured_linear,/odom,0.14732380211347113,0.5
4a778017-f9eb-4616-9c2a-65bf7b8f5291,28.152,measured_linear,/odom,0.15131759284590093,0.5
4a778017-f9eb-4616-9c2a-65bf7b8f5291,28.188000000000002,measured_linear,/odom,0.14895703108410707,0.5
4a778017-f9eb-4616-9c2a-65bf7b8f5291,28.224,measured_linear,/odom,0.14888551831243232,0.5
4a778017-f9eb-4616-9c2a-65bf7b8f5291,28.26,measured_linear,/odom,0.14762945473191608,0.5
4a778017-f9eb-4616-9c2a-65bf7b8f5291,28.296000000000003,measured_linear,/odom,0.14616501331371862,0.5
4a778017-f9eb-4616-9c2a-65bf7b8f5291,28.332,measured_linear,/odom,0.14756840467404778,0.5
4a778017-f9eb-4616-9c2a-65bf7b8f5291,28.368000000000002,measured_linear,/odom,0.1479192525148128,0.5
4a778017-f9eb-4616-9c2a-65bf7b8f5291,28.404000000000003,measured_linear,/odom,0.1485679715869696,0.5
4a778017-f9eb-4616-9c2a-65bf7b8f5291,28.44,measured_linear,/odom,0.14859871566296573,0.5
4a778017-f9eb-4616-9c2a-65bf7b8f5291,28.476000000000003,measured_linear,/odom,0.14859871566297314,0.5
4a778017-f9eb-4616-9c2a-65bf7b8f5291,28.512,measured_linear,/odom,0.14860967099668,0.5
4a778017-f9eb-4616-9c2a-65bf7b8f5291,28.548000000000002,measured_linear,/odom,0.1470960080628414,0.5
4a778017-f9eb-4616-9c2a-65bf7b8f5291,28.584000000000003,measured_linear,/odom,0.14682837724693992,0.5
4a778017-f9eb-4616-9c2a-65bf7b8f5291,28.62,measured_linear,/odom,0.14679864048957975,0.5
4a778017-f9eb-4616-9c2a-65bf7b8f5291,28.656000000000002,measured_linear,/odom,0.1442108899362508,0.5
4a778017-f9eb-4616-9c2a-65bf7b8f5291,28.692,measured_linear,/odom,0.14691539047865615,0.5
4a778017-f9eb-4616-9c2a-65bf7b8f5291,28.728,measured_linear,/odom,0.14764589071275167,0.5
4a778017-f9eb-4616-9c2a-65bf7b8f5291,28.764000000000003,measured_linear,/odom,0.14213105920736585,0.5
4a778017-f9eb-4616-9c2a-65bf7b8f5291,28.8,measured_linear,/odom,0.14198654890063,0.5
4a778017-f9eb-4616-9c2a-65bf7b8f5291,28.836000000000002,measured_linear,/odom,0.14088407158883154,0.5
4a778017-f9eb-4616-9c2a-65bf7b8f5291,28.872000000000003,measured_linear,/odom,0.14088407158853547,0.5
4a778017-f9eb-4616-9c2a-65bf7b8f5291,28.911,measured_linear,/odom,0.14099097251888032,0.5
4a778017-f9eb-4616-9c2a-65bf7b8f5291,28.944000000000003,measured_linear,/odom,0.14022465199256354,0.5
4a778017-f9eb-4616-9c2a-65bf7b8f5291,28.98,measured_linear,/odom,0.13780018687253498,0.5
4a778017-f9eb-4616-9c2a-65bf7b8f5291,29.016000000000002,measured_linear,/odom,0.13780018687253498,0.5
4a778017-f9eb-4616-9c2a-65bf7b8f5291,29.052000000000003,measured_linear,/odom,0.1361059248453496,0.5
4a778017-f9eb-4616-9c2a-65bf7b8f5291,29.088,measured_linear,/odom,0.1333384960895782,0.5
4a778017-f9eb-4616-9c2a-65bf7b8f5291,29.124000000000002,measured_linear,/odom,0.13333849608894166,0.5
4a778017-f9eb-4616-9c2a-65bf7b8f5291,29.16,measured_linear,/odom,0.13480374217033445,0.5
4a778017-f9eb-4616-9c2a-65bf7b8f5291,29.196,measured_linear,/odom,0.1359854191538427,0.5
4a778017-f9eb-4616-9c2a-65bf7b8f5291,29.232000000000003,measured_linear,/odom,0.13886584578650663,0.5
4a778017-f9eb-4616-9c2a-65bf7b8f5291,29.268,measured_linear,/odom,0.13967174291606987,0.5
4a778017-f9eb-4616-9c2a-65bf7b8f5291,29.304000000000002,measured_linear,/odom,0.14184875786239134,0.5
4a778017-f9eb-4616-9c2a-65bf7b8f5291,29.340000000000003,measured_linear,/odom,0.1411996334791092,0.5
4a778017-f9eb-4616-9c2a-65bf7b8f5291,29.376,measured_linear,/odom,0.14119963347910916,0.5
4a778017-f9eb-4616-9c2a-65bf7b8f5291,29.412000000000003,measured_linear,/odom,0.13880779445250013,0.5
4a778017-f9eb-4616-9c2a-65bf7b8f5291,29.448,measured_linear,/odom,0.13722519576579256,0.5
4a778017-f9eb-4616-9c2a-65bf7b8f5291,29.484,measured_linear,/odom,0.13598420470991207,0.5
4a778017-f9eb-4616-9c2a-65bf7b8f5291,29.520000000000003,measured_linear,/odom,0.1358463168144179,0.5
4a778017-f9eb-4616-9c2a-65bf7b8f5291,29.556,measured_linear,/odom,0.13661003112774853,0.5
4a778017-f9eb-4616-9c2a-65bf7b8f5291,29.592000000000002,measured_linear,/odom,0.13632235527050174,0.5
4a778017-f9eb-4616-9c2a-65bf7b8f5291,29.628,measured_linear,/odom,0.13625043630600686,0.5
4a778017-f9eb-4616-9c2a-65bf7b8f5291,29.664,measured_linear,/odom,0.13422798365413752,0.5
4a778017-f9eb-4616-9c2a-65bf7b8f5291,29.700000000000003,measured_linear,/odom,0.1329402923584189,0.5
4a778017-f9eb-4616-9c2a-65bf7b8f5291,29.736,measured_linear,/odom,0.12975493283358122,0.5
4a778017-f9eb-4616-9c2a-65bf7b8f5291,29.772000000000002,measured_linear,/odom,0.1297343373298639,0.5
4a778017-f9eb-4616-9c2a-65bf7b8f5291,29.811000000000003,measured_linear,/odom,0.12635891647428585,0.5
4a778017-f9eb-4616-9c2a-65bf7b8f5291,29.844,measured_linear,/odom,0.12360776872718156,0.5
4a778017-f9eb-4616-9c2a-65bf7b8f5291,29.880000000000003,measured_linear,/odom,0.12238237261770943,0.5
4a778017-f9eb-4616-9c2a-65bf7b8f5291,29.916,measured_linear,/odom,0.12238237261770941,0.5
4a778017-f9eb-4616-9c2a-65bf7b8f5291,29.952,measured_linear,/odom,0.11958741606571029,0.5
4a778017-f9eb-4616-9c2a-65bf7b8f5291,29.988000000000003,measured_linear,/odom,0.12013623863424971,0.5
4a778017-f9eb-4616-9c2a-65bf7b8f5291,30.024,measured_linear,/odom,0.12013623863460496,0.5
4a778017-f9eb-4616-9c2a-65bf7b8f5291,30.060000000000002,measured_linear,/odom,0.11852086335416197,0.5
4a778017-f9eb-4616-9c2a-65bf7b8f5291,30.096000000000004,measured_linear,/odom,0.11722794175184068,0.5
4a778017-f9eb-4616-9c2a-65bf7b8f5291,30.132,measured_linear,/odom,0.11771882176379773,0.5
4a778017-f9eb-4616-9c2a-65bf7b8f5291,30.168000000000003,measured_linear,/odom,0.11784154176706085,0.5
4a778017-f9eb-4616-9c2a-65bf7b8f5291,30.204,measured_linear,/odom,0.11614187285356643,0.5
4a778017-f9eb-4616-9c2a-65bf7b8f5291,30.240000000000002,measured_linear,/odom,0.11367276310920713,0.5
4a778017-f9eb-4616-9c2a-65bf7b8f5291,30.276000000000003,measured_linear,/odom,0.11367276310921455,0.5
4a778017-f9eb-4616-9c2a-65bf7b8f5291,30.312,measured_linear,/odom,0.11226796507883088,0.5
4a778017-f9eb-4616-9c2a-65bf7b8f5291,30.348000000000003,measured_linear,/odom,0.11031016707464167,0.5
4a778017-f9eb-4616-9c2a-65bf7b8f5291,30.384,measured_linear,/odom,0.10955039784332765,0.5
4a778017-f9eb-4616-9c2a-65bf7b8f5291,30.42,measured_linear,/odom,0.10946597903963942,0.5
4a778017-f9eb-4616-9c2a-65bf7b8f5291,30.456000000000003,measured_linear,/odom,0.108718074858416,0.5
4a778017-f9eb-4616-9c2a-65bf7b8f5291,30.492,measured_linear,/odom,0.10926442295295935,0.5
4a778017-f9eb-4616-9c2a-65bf7b8f5291,30.528000000000002,measured_linear,/odom,0.10940100997689495,0.5
4a778017-f9eb-4616-9c2a-65bf7b8f5291,30.564000000000004,measured_linear,/odom,0.10848676562337603,0.5
4a778017-f9eb-4616-9c2a-65bf7b8f5291,30.6,measured_linear,/odom,0.10544116795062249,0.5
4a778017-f9eb-4616-9c2a-65bf7b8f5291,30.636000000000003,measured_linear,/odom,0.10546782612796957,0.5
4a778017-f9eb-4616-9c2a-65bf7b8f5291,30.672,measured_linear,/odom,0.1054678261279696,0.5
4a778017-f9eb-4616-9c2a-65bf7b8f5291,30.711000000000002,measured_linear,/odom,0.10175318629845886,0.5
4a778017-f9eb-4616-9c2a-65bf7b8f5291,30.744000000000003,measured_linear,/odom,0.1023037657139773,0.5
4a778017-f9eb-4616-9c2a-65bf7b8f5291,30.78,measured_linear,/odom,0.1026502028107723,0.5
4a778017-f9eb-4616-9c2a-65bf7b8f5291,30.816000000000003,measured_linear,/odom,0.10265020281076491,0.5
4a778017-f9eb-4616-9c2a-65bf7b8f5291,30.852,measured_linear,/odom,0.10341860800953118,0.5
4a778017-f9eb-4616-9c2a-65bf7b8f5291,30.888,measured_linear,/odom,0.10157118737751751,0.5
4a778017-f9eb-4616-9c2a-65bf7b8f5291,30.924000000000003,measured_linear,/odom,0.1015711873769624,0.5
4a778017-f9eb-4616-9c2a-65bf7b8f5291,30.96,measured_linear,/odom,0.10095918178560186,0.5
4a778017-f9eb-4616-9c2a-65bf7b8f5291,30.996000000000002,measured_linear,/odom,0.10168875753861309,0.5
4a778017-f9eb-4616-9c2a-65bf7b8f5291,31.032000000000004,measured_linear,/odom,0.09906746880499197,0.5
4a778017-f9eb-4616-9c2a-65bf7b8f5291,31.068,measured_linear,/odom,0.09837263077491591,0.5
4a778017-f9eb-4616-9c2a-65bf7b8f5291,31.104000000000003,measured_linear,/odom,0.09828485548493879,0.5
4a778017-f9eb-4616-9c2a-65bf7b8f5291,31.14,measured_linear,/odom,0.09969434142115632,0.5
4a778017-f9eb-4616-9c2a-65bf7b8f5291,31.176000000000002,measured_linear,/odom,0.09969434142115632,0.5
4a778017-f9eb-4616-9c2a-65bf7b8f5291,31.212000000000003,measured_linear,/odom,0.09896936416649757,0.5
4a778017-f9eb-4616-9c2a-65bf7b8f5291,31.248,measured_linear,/odom,0.09666784107746167,0.5
4a778017-f9eb-4616-9c2a-65bf7b8f5291,31.284000000000002,measured_linear,/odom,0.09413647279220931,0.5
4a778017-f9eb-4616-9c2a-65bf7b8f5291,31.32,measured_linear,/odom,0.09385520964862633,0.5
4a778017-f9eb-4616-9c2a-65bf7b8f5291,31.356,measured_linear,/odom,0.09439996629940772,0.5
4a778017-f9eb-4616-9c2a-65bf7b8f5291,31.392000000000003,measured_linear,/odom,0.09199128360832069,0.5
4a778017-f9eb-4616-9c2a-65bf7b8f5291,31.428,measured_linear,/odom,0.091387562453793,0.5
4a778017-f9eb-4616-9c2a-65bf7b8f5291,31.464000000000002,measured_linear,/odom,0.0892003014690316,0.5
4a778017-f9eb-4616-9c2a-65bf7b8f5291,31.500000000000004,measured_linear,/odom,0.08672770112746106,0.5
4a778017-f9eb-4616-9c2a-65bf7b8f5291,31.536,measured_linear,/odom,0.09027525945208836,0.5
4a778017-f9eb-4616-9c2a-65bf7b8f5291,31.572000000000003,measured_linear,/odom,0.0903360992670003,0.5
4a778017-f9eb-4616-9c2a-65bf7b8f5291,31.608,measured_linear,/odom,0.08683387698029678,0.5
4a778017-f9eb-4616-9c2a-65bf7b8f5291,31.644000000000002,measured_linear,/odom,0.08655903190376199,0.5
4a778017-f9eb-4616-9c2a-65bf7b8f5291,31.680000000000003,measured_linear,/odom,0.08508908748626384,0.5
4a778017-f9eb-4616-9c2a-65bf7b8f5291,31.716,measured_linear,/odom,0.08508908748627124,0.5
4a778017-f9eb-4616-9c2a-65bf7b8f5291,31.752000000000002,measured_linear,/odom,0.08170711608054641,0.5
4a778017-f9eb-4616-9c2a-65bf7b8f5291,31.788,measured_linear,/odom,0.08148946613052802,0.5
4a778017-f9eb-4616-9c2a-65bf7b8f5291,31.824,measured_linear,/odom,0.08148946613075747,0.5
4a778017-f9eb-4616-9c2a-65bf7b8f5291,31.860000000000003,measured_linear,/odom,0.07984093576668774,0.5
4a778017-f9eb-4616-9c2a-65bf7b8f5291,31.896,measured_linear,/odom,0.08040936291203356,0.5
4a778017-f9eb-4616-9c2a-65bf7b8f5291,31.932000000000002,measured_linear,/odom,0.07562079016148657,0.5
4a778017-f9eb-4616-9c2a-65bf7b8f5291,31.968000000000004,measured_linear,/odom,0.07392840832474158,0.5
4a778017-f9eb-4616-9c2a-65bf7b8f5291,32.004000000000005,measured_linear,/odom,0.07304721549179494,0.5
4a778017-f9eb-4616-9c2a-65bf7b8f5291,32.04,measured_linear,/odom,0.07527650147679163,0.5
4a778017-f9eb-4616-9c2a-65bf7b8f5291,32.076,measured_linear,/odom,0.07527650147679163,0.5
4a778017-f9eb-4616-9c2a-65bf7b8f5291,32.112,measured_linear,/odom,0.07777518643650172,0.5
4a778017-f9eb-4616-9c2a-65bf7b8f5291,32.148,measured_linear,/odom,0.0772031992676873,0.5
4a778017-f9eb-4616-9c2a-65bf7b8f5291,32.184000000000005,measured_linear,/odom,0.07898163124869426,0.5
4a778017-f9eb-4616-9c2a-65bf7b8f5291,32.22,measured_linear,/odom,0.07917923480277682,0.5
4a778017-f9eb-4616-9c2a-65bf7b8f5291,32.256,measured_linear,/odom,0.0798448622224927,0.5
4a778017-f9eb-4616-9c2a-65bf7b8f5291,32.292,measured_linear,/odom,0.06904486222920614,0.5
4a778017-f9eb-4616-9c2a-65bf7b8f5291,32.328,measured_linear,/odom,0.033344862230847795,0.5
4a778017-f9eb-4616-9c2a-65bf7b8f5291,32.364000000000004,measured_linear,/odom,0.002537944892844202,0.5
4a778017-f9eb-4616-9c2a-65bf7b8f5291,32.4,measured_linear,/odom,0.0,0.5
4a778017-f9eb-4616-9c2a-65bf7b8f5291,32.436,measured_linear,/odom,0.0,0.5
4a778017-f9eb-4616-9c2a-65bf7b8f5291,32.472,measured_linear,/odom,0.0,0.5
4a778017-f9eb-4616-9c2a-65bf7b8f5291,32.508,measured_linear,/odom,0.0,0.5
4a778017-f9eb-4616-9c2a-65bf7b8f5291,32.544000000000004,measured_linear,/odom,0.0,0.5
4a778017-f9eb-4616-9c2a-65bf7b8f5291,32.580000000000005,measured_linear,/odom,0.0,0.5
4a778017-f9eb-4616-9c2a-65bf7b8f5291,32.616,measured_linear,/odom,0.0,0.5
4a778017-f9eb-4616-9c2a-65bf7b8f5291,32.652,measured_linear,/odom,0.0,0.5
4a778017-f9eb-4616-9c2a-65bf7b8f5291,32.688,measured_linear,/odom,0.0,0.5
4a778017-f9eb-4616-9c2a-65bf7b8f5291,32.724000000000004,measured_linear,/odom,0.0,0.5
4a778017-f9eb-4616-9c2a-65bf7b8f5291,32.760000000000005,measured_linear,/odom,0.0,0.5
4a778017-f9eb-4616-9c2a-65bf7b8f5291,32.796,measured_linear,/odom,0.0,0.5
4a778017-f9eb-4616-9c2a-65bf7b8f5291,32.832,measured_linear,/odom,0.0,0.5
4a778017-f9eb-4616-9c2a-65bf7b8f5291,32.868,measured_linear,/odom,0.0,0.5
4a778017-f9eb-4616-9c2a-65bf7b8f5291,32.904,measured_linear,/odom,0.0,0.5
4a778017-f9eb-4616-9c2a-65bf7b8f5291,32.940000000000005,measured_linear,/odom,0.0,0.5
4a778017-f9eb-4616-9c2a-65bf7b8f5291,12.711,minimum_front_range,/scan,0.9218681454658508,0.5
4a778017-f9eb-4616-9c2a-65bf7b8f5291,12.807,minimum_front_range,/scan,0.9158101677894592,0.5
4a778017-f9eb-4616-9c2a-65bf7b8f5291,12.909,minimum_front_range,/scan,0.9309053421020508,0.5
4a778017-f9eb-4616-9c2a-65bf7b8f5291,13.011000000000001,minimum_front_range,/scan,0.934891939163208,0.5
4a778017-f9eb-4616-9c2a-65bf7b8f5291,13.113000000000001,minimum_front_range,/scan,0.9310473203659058,0.5
4a778017-f9eb-4616-9c2a-65bf7b8f5291,13.209000000000001,minimum_front_range,/scan,0.9389586448669434,0.5
4a778017-f9eb-4616-9c2a-65bf7b8f5291,13.311,minimum_front_range,/scan,0.9181483387947083,0.5
4a778017-f9eb-4616-9c2a-65bf7b8f5291,13.41,minimum_front_range,/scan,0.9144489765167236,0.5
4a778017-f9eb-4616-9c2a-65bf7b8f5291,13.509,minimum_front_range,/scan,0.9331493973731995,0.5
4a778017-f9eb-4616-9c2a-65bf7b8f5291,13.611,minimum_front_range,/scan,0.9260563850402832,0.5
4a778017-f9eb-4616-9c2a-65bf7b8f5291,13.71,minimum_front_range,/scan,0.9240738749504089,0.5
4a778017-f9eb-4616-9c2a-65bf7b8f5291,13.809000000000001,minimum_front_range,/scan,0.9262327551841736,0.5
4a778017-f9eb-4616-9c2a-65bf7b8f5291,13.911000000000001,minimum_front_range,/scan,0.9376441836357117,0.5
4a778017-f9eb-4616-9c2a-65bf7b8f5291,14.010000000000002,minimum_front_range,/scan,0.9365308284759521,0.5
4a778017-f9eb-4616-9c2a-65bf7b8f5291,14.109000000000002,minimum_front_range,/scan,0.929660975933075,0.5
4a778017-f9eb-4616-9c2a-65bf7b8f5291,14.211,minimum_front_range,/scan,0.9277341961860657,0.5
4a778017-f9eb-4616-9c2a-65bf7b8f5291,14.31,minimum_front_range,/scan,0.9294780492782593,0.5
4a778017-f9eb-4616-9c2a-65bf7b8f5291,14.409,minimum_front_range,/scan,0.9158439636230469,0.5
4a778017-f9eb-4616-9c2a-65bf7b8f5291,14.511000000000001,minimum_front_range,/scan,0.9216765761375427,0.5
4a778017-f9eb-4616-9c2a-65bf7b8f5291,14.613000000000001,minimum_front_range,/scan,0.9064948558807373,0.5
4a778017-f9eb-4616-9c2a-65bf7b8f5291,14.709000000000001,minimum_front_range,/scan,0.8942509889602661,0.5
4a778017-f9eb-4616-9c2a-65bf7b8f5291,14.811000000000002,minimum_front_range,/scan,0.8863705396652222,0.5
4a778017-f9eb-4616-9c2a-65bf7b8f5291,14.91,minimum_front_range,/scan,0.8721097111701965,0.5
4a778017-f9eb-4616-9c2a-65bf7b8f5291,15.009,minimum_front_range,/scan,0.875464677810669,0.5
4a778017-f9eb-4616-9c2a-65bf7b8f5291,15.111,minimum_front_range,/scan,0.8723759055137634,0.5
4a778017-f9eb-4616-9c2a-65bf7b8f5291,15.21,minimum_front_range,/scan,0.8607063889503479,0.5
4a778017-f9eb-4616-9c2a-65bf7b8f5291,15.309000000000001,minimum_front_range,/scan,0.848721444606781,0.5
4a778017-f9eb-4616-9c2a-65bf7b8f5291,15.414000000000001,minimum_front_range,/scan,0.8401525020599365,0.5
4a778017-f9eb-4616-9c2a-65bf7b8f5291,15.510000000000002,minimum_front_range,/scan,0.8485842943191528,0.5
4a778017-f9eb-4616-9c2a-65bf7b8f5291,15.612,minimum_front_range,/scan,0.822242259979248,0.5
4a778017-f9eb-4616-9c2a-65bf7b8f5291,15.711,minimum_front_range,/scan,0.8133251070976257,0.5
4a778017-f9eb-4616-9c2a-65bf7b8f5291,15.81,minimum_front_range,/scan,0.801934540271759,0.5
4a778017-f9eb-4616-9c2a-65bf7b8f5291,15.909,minimum_front_range,/scan,0.820296049118042,0.5
4a778017-f9eb-4616-9c2a-65bf7b8f5291,16.011,minimum_front_range,/scan,0.8375184535980225,0.5
4a778017-f9eb-4616-9c2a-65bf7b8f5291,16.11,minimum_front_range,/scan,0.8689935207366943,0.5
4a778017-f9eb-4616-9c2a-65bf7b8f5291,16.209,minimum_front_range,/scan,1.7335532903671265,0.5
4a778017-f9eb-4616-9c2a-65bf7b8f5291,16.311,minimum_front_range,/scan,1.709152102470398,0.5
4a778017-f9eb-4616-9c2a-65bf7b8f5291,16.41,minimum_front_range,/scan,1.7086747884750366,0.5
4a778017-f9eb-4616-9c2a-65bf7b8f5291,16.509,minimum_front_range,/scan,1.6879810094833374,0.5
4a778017-f9eb-4616-9c2a-65bf7b8f5291,16.611,minimum_front_range,/scan,1.6581614017486572,0.5
4a778017-f9eb-4616-9c2a-65bf7b8f5291,16.71,minimum_front_range,/scan,1.6583961248397827,0.5
4a778017-f9eb-4616-9c2a-65bf7b8f5291,16.809,minimum_front_range,/scan,1.6429250240325928,0.5
4a778017-f9eb-4616-9c2a-65bf7b8f5291,16.911,minimum_front_range,/scan,1.6391448974609375,0.5
4a778017-f9eb-4616-9c2a-65bf7b8f5291,17.01,minimum_front_range,/scan,1.6124415397644043,0.5
4a778017-f9eb-4616-9c2a-65bf7b8f5291,17.109,minimum_front_range,/scan,1.5936734676361084,0.5
4a778017-f9eb-4616-9c2a-65bf7b8f5291,17.211000000000002,minimum_front_range,/scan,1.5792373418807983,0.5
4a778017-f9eb-4616-9c2a-65bf7b8f5291,17.313000000000002,minimum_front_range,/scan,1.5711121559143066,0.5
4a778017-f9eb-4616-9c2a-65bf7b8f5291,17.409000000000002,minimum_front_range,/scan,1.5500184297561646,0.5
4a778017-f9eb-4616-9c2a-65bf7b8f5291,17.511000000000003,minimum_front_range,/scan,1.5299018621444702,0.5
4a778017-f9eb-4616-9c2a-65bf7b8f5291,17.61,minimum_front_range,/scan,1.5069772005081177,0.5
4a778017-f9eb-4616-9c2a-65bf7b8f5291,17.709,minimum_front_range,/scan,1.4947075843811035,0.5
4a778017-f9eb-4616-9c2a-65bf7b8f5291,17.811,minimum_front_range,/scan,1.480182409286499,0.5
4a778017-f9eb-4616-9c2a-65bf7b8f5291,17.91,minimum_front_range,/scan,1.4692054986953735,0.5
4a778017-f9eb-4616-9c2a-65bf7b8f5291,18.009,minimum_front_range,/scan,1.4547947645187378,0.5
4a778017-f9eb-4616-9c2a-65bf7b8f5291,18.111,minimum_front_range,/scan,1.431359052658081,0.5
4a778017-f9eb-4616-9c2a-65bf7b8f5291,18.21,minimum_front_range,/scan,1.394856333732605,0.5
4a778017-f9eb-4616-9c2a-65bf7b8f5291,18.309,minimum_front_range,/scan,1.3870773315429688,0.5
4a778017-f9eb-4616-9c2a-65bf7b8f5291,18.414,minimum_front_range,/scan,1.3876394033432007,0.5
4a778017-f9eb-4616-9c2a-65bf7b8f5291,18.51,minimum_front_range,/scan,1.3720496892929077,0.5
4a778017-f9eb-4616-9c2a-65bf7b8f5291,18.609,minimum_front_range,/scan,1.3552212715148926,0.5
4a778017-f9eb-4616-9c2a-65bf7b8f5291,18.711000000000002,minimum_front_range,/scan,1.3384368419647217,0.5
4a778017-f9eb-4616-9c2a-65bf7b8f5291,18.810000000000002,minimum_front_range,/scan,1.3177541494369507,0.5
4a778017-f9eb-4616-9c2a-65bf7b8f5291,18.909000000000002,minimum_front_range,/scan,1.3075618743896484,0.5
4a778017-f9eb-4616-9c2a-65bf7b8f5291,19.011000000000003,minimum_front_range,/scan,1.2697515487670898,0.5
4a778017-f9eb-4616-9c2a-65bf7b8f5291,19.107000000000003,minimum_front_range,/scan,1.2642980813980103,0.5
4a778017-f9eb-4616-9c2a-65bf7b8f5291,19.209,minimum_front_range,/scan,1.2385650873184204,0.5
4a778017-f9eb-4616-9c2a-65bf7b8f5291,19.311,minimum_front_range,/scan,1.2290185689926147,0.5
4a778017-f9eb-4616-9c2a-65bf7b8f5291,19.41,minimum_front_range,/scan,1.2008836269378662,0.5
4a778017-f9eb-4616-9c2a-65bf7b8f5291,19.509,minimum_front_range,/scan,1.1928085088729858,0.5
4a778017-f9eb-4616-9c2a-65bf7b8f5291,19.614,minimum_front_range,/scan,1.1723692417144775,0.5
4a778017-f9eb-4616-9c2a-65bf7b8f5291,19.71,minimum_front_range,/scan,1.1759412288665771,0.5
4a778017-f9eb-4616-9c2a-65bf7b8f5291,19.806,minimum_front_range,/scan,1.1500006914138794,0.5
4a778017-f9eb-4616-9c2a-65bf7b8f5291,19.911,minimum_front_range,/scan,1.1305756568908691,0.5
4a778017-f9eb-4616-9c2a-65bf7b8f5291,20.01,minimum_front_range,/scan,1.1299842596054077,0.5
4a778017-f9eb-4616-9c2a-65bf7b8f5291,20.109,minimum_front_range,/scan,1.0867656469345093,0.5
4a778017-f9eb-4616-9c2a-65bf7b8f5291,20.211000000000002,minimum_front_range,/scan,1.1038284301757812,0.5
4a778017-f9eb-4616-9c2a-65bf7b8f5291,20.310000000000002,minimum_front_range,/scan,1.07658851146698,0.5
4a778017-f9eb-4616-9c2a-65bf7b8f5291,20.409000000000002,minimum_front_range,/scan,1.0701740980148315,0.5
4a778017-f9eb-4616-9c2a-65bf7b8f5291,20.511000000000003,minimum_front_range,/scan,1.0523794889450073,0.5
4a778017-f9eb-4616-9c2a-65bf7b8f5291,20.610000000000003,minimum_front_range,/scan,1.0524654388427734,0.5
4a778017-f9eb-4616-9c2a-65bf7b8f5291,20.712,minimum_front_range,/scan,1.0335875749588013,0.5
4a778017-f9eb-4616-9c2a-65bf7b8f5291,20.811,minimum_front_range,/scan,1.015390157699585,0.5
4a778017-f9eb-4616-9c2a-65bf7b8f5291,20.91,minimum_front_range,/scan,1.0127125978469849,0.5
4a778017-f9eb-4616-9c2a-65bf7b8f5291,21.009,minimum_front_range,/scan,0.986990213394165,0.5
4a778017-f9eb-4616-9c2a-65bf7b8f5291,21.114,minimum_front_range,/scan,0.9779745936393738,0.5
4a778017-f9eb-4616-9c2a-65bf7b8f5291,21.21,minimum_front_range,/scan,0.9589748382568359,0.5
4a778017-f9eb-4616-9c2a-65bf7b8f5291,21.309,minimum_front_range,/scan,0.949084997177124,0.5
4a778017-f9eb-4616-9c2a-65bf7b8f5291,21.411,minimum_front_range,/scan,0.9277255535125732,0.5
4a778017-f9eb-4616-9c2a-65bf7b8f5291,21.51,minimum_front_range,/scan,0.907776951789856,0.5
4a778017-f9eb-4616-9c2a-65bf7b8f5291,21.609,minimum_front_range,/scan,0.9270442128181458,0.5
4a778017-f9eb-4616-9c2a-65bf7b8f5291,21.711000000000002,minimum_front_range,/scan,0.9203149080276489,0.5
4a778017-f9eb-4616-9c2a-65bf7b8f5291,21.810000000000002,minimum_front_range,/scan,0.9132648706436157,0.5
4a778017-f9eb-4616-9c2a-65bf7b8f5291,21.909000000000002,minimum_front_range,/scan,0.8882235884666443,0.5
4a778017-f9eb-4616-9c2a-65bf7b8f5291,22.011000000000003,minimum_front_range,/scan,0.9004212617874146,0.5
4a778017-f9eb-4616-9c2a-65bf7b8f5291,22.110000000000003,minimum_front_range,/scan,0.8795084953308105,0.5
4a778017-f9eb-4616-9c2a-65bf7b8f5291,22.209,minimum_front_range,/scan,0.9115086197853088,0.5
4a778017-f9eb-4616-9c2a-65bf7b8f5291,22.311,minimum_front_range,/scan,0.9060267806053162,0.5
4a778017-f9eb-4616-9c2a-65bf7b8f5291,22.413,minimum_front_range,/scan,1.7775951623916626,0.5
4a778017-f9eb-4616-9c2a-65bf7b8f5291,22.509,minimum_front_range,/scan,1.7588365077972412,0.5
4a778017-f9eb-4616-9c2a-65bf7b8f5291,22.611,minimum_front_range,/scan,1.7288388013839722,0.5
4a778017-f9eb-4616-9c2a-65bf7b8f5291,22.71,minimum_front_range,/scan,1.727384328842163,0.5
4a778017-f9eb-4616-9c2a-65bf7b8f5291,22.809,minimum_front_range,/scan,1.7029528617858887,0.5
4a778017-f9eb-4616-9c2a-65bf7b8f5291,22.911,minimum_front_range,/scan,1.6871442794799805,0.5
4a778017-f9eb-4616-9c2a-65bf7b8f5291,23.013,minimum_front_range,/scan,1.670378565788269,0.5
4a778017-f9eb-4616-9c2a-65bf7b8f5291,23.109,minimum_front_range,/scan,1.6591415405273438,0.5
4a778017-f9eb-4616-9c2a-65bf7b8f5291,23.211000000000002,minimum_front_range,/scan,1.6379152536392212,0.5
4a778017-f9eb-4616-9c2a-65bf7b8f5291,23.310000000000002,minimum_front_range,/scan,1.6154686212539673,0.5
4a778017-f9eb-4616-9c2a-65bf7b8f5291,23.409000000000002,minimum_front_range,/scan,1.5969429016113281,0.5
4a778017-f9eb-4616-9c2a-65bf7b8f5291,23.511000000000003,minimum_front_range,/scan,1.5830755233764648,0.5
4a778017-f9eb-4616-9c2a-65bf7b8f5291,23.610000000000003,minimum_front_range,/scan,1.5747636556625366,0.5
4a778017-f9eb-4616-9c2a-65bf7b8f5291,23.709000000000003,minimum_front_range,/scan,1.5413843393325806,0.5
4a778017-f9eb-4616-9c2a-65bf7b8f5291,23.811,minimum_front_range,/scan,1.537194013595581,0.5
4a778017-f9eb-4616-9c2a-65bf7b8f5291,23.91,minimum_front_range,/scan,1.5198729038238525,0.5
4a778017-f9eb-4616-9c2a-65bf7b8f5291,24.009,minimum_front_range,/scan,1.5139843225479126,0.5
4a778017-f9eb-4616-9c2a-65bf7b8f5291,24.111,minimum_front_range,/scan,1.484007716178894,0.5
4a778017-f9eb-4616-9c2a-65bf7b8f5291,24.21,minimum_front_range,/scan,1.4735122919082642,0.5
4a778017-f9eb-4616-9c2a-65bf7b8f5291,24.309,minimum_front_range,/scan,1.4535527229309082,0.5
4a778017-f9eb-4616-9c2a-65bf7b8f5291,24.411,minimum_front_range,/scan,1.425913691520691,0.5
4a778017-f9eb-4616-9c2a-65bf7b8f5291,24.51,minimum_front_range,/scan,1.416879415512085,0.5
4a778017-f9eb-4616-9c2a-65bf7b8f5291,24.609,minimum_front_range,/scan,1.3986539840698242,0.5
4a778017-f9eb-4616-9c2a-65bf7b8f5291,24.711000000000002,minimum_front_range,/scan,1.374760627746582,0.5
4a778017-f9eb-4616-9c2a-65bf7b8f5291,24.810000000000002,minimum_front_range,/scan,1.374129056930542,0.5
4a778017-f9eb-4616-9c2a-65bf7b8f5291,24.912000000000003,minimum_front_range,/scan,1.3557065725326538,0.5
4a778017-f9eb-4616-9c2a-65bf7b8f5291,25.011000000000003,minimum_front_range,/scan,1.3321409225463867,0.5
4a778017-f9eb-4616-9c2a-65bf7b8f5291,25.110000000000003,minimum_front_range,/scan,1.3171789646148682,0.5
4a778017-f9eb-4616-9c2a-65bf7b8f5291,25.209000000000003,minimum_front_range,/scan,1.2920076847076416,0.5
4a778017-f9eb-4616-9c2a-65bf7b8f5291,25.311,minimum_front_range,/scan,1.2750868797302246,0.5
4a778017-f9eb-4616-9c2a-65bf7b8f5291,25.41,minimum_front_range,/scan,1.2576411962509155,0.5
4a778017-f9eb-4616-9c2a-65bf7b8f5291,25.509,minimum_front_range,/scan,1.2429275512695312,0.5
4a778017-f9eb-4616-9c2a-65bf7b8f5291,25.611,minimum_front_range,/scan,1.2301547527313232,0.5
4a778017-f9eb-4616-9c2a-65bf7b8f5291,25.71,minimum_front_range,/scan,1.2186877727508545,0.5
4a778017-f9eb-4616-9c2a-65bf7b8f5291,25.809,minimum_front_range,/scan,1.1945850849151611,0.5
4a778017-f9eb-4616-9c2a-65bf7b8f5291,25.911,minimum_front_range,/scan,1.171995759010315,0.5
4a778017-f9eb-4616-9c2a-65bf7b8f5291,26.01,minimum_front_range,/scan,1.1562222242355347,0.5
4a778017-f9eb-4616-9c2a-65bf7b8f5291,26.109,minimum_front_range,/scan,1.1405577659606934,0.5
4a778017-f9eb-4616-9c2a-65bf7b8f5291,26.211000000000002,minimum_front_range,/scan,1.1278576850891113,0.5
4a778017-f9eb-4616-9c2a-65bf7b8f5291,26.310000000000002,minimum_front_range,/scan,1.107481598854065,0.5
4a778017-f9eb-4616-9c2a-65bf7b8f5291,26.409000000000002,minimum_front_range,/scan,1.0874863862991333,0.5
4a778017-f9eb-4616-9c2a-65bf7b8f5291,26.511000000000003,minimum_front_range,/scan,1.0762691497802734,0.5
4a778017-f9eb-4616-9c2a-65bf7b8f5291,26.610000000000003,minimum_front_range,/scan,1.0643582344055176,0.5
4a778017-f9eb-4616-9c2a-65bf7b8f5291,26.709000000000003,minimum_front_range,/scan,1.0448801517486572,0.5
4a778017-f9eb-4616-9c2a-65bf7b8f5291,26.811,minimum_front_range,/scan,1.0258424282073975,0.5
4a778017-f9eb-4616-9c2a-65bf7b8f5291,26.91,minimum_front_range,/scan,1.0075923204421997,0.5
4a778017-f9eb-4616-9c2a-65bf7b8f5291,27.009,minimum_front_range,/scan,0.9963214993476868,0.5
4a778017-f9eb-4616-9c2a-65bf7b8f5291,27.111,minimum_front_range,/scan,0.9971120357513428,0.5
4a778017-f9eb-4616-9c2a-65bf7b8f5291,27.21,minimum_front_range,/scan,0.9714214205741882,0.5
4a778017-f9eb-4616-9c2a-65bf7b8f5291,27.309,minimum_front_range,/scan,0.9496556520462036,0.5
4a778017-f9eb-4616-9c2a-65bf7b8f5291,27.414,minimum_front_range,/scan,0.9512384533882141,0.5
4a778017-f9eb-4616-9c2a-65bf7b8f5291,27.51,minimum_front_range,/scan,0.9317525029182434,0.5
4a778017-f9eb-4616-9c2a-65bf7b8f5291,27.609,minimum_front_range,/scan,0.9335996508598328,0.5
4a778017-f9eb-4616-9c2a-65bf7b8f5291,27.711000000000002,minimum_front_range,/scan,0.9168787598609924,0.5
4a778017-f9eb-4616-9c2a-65bf7b8f5291,27.807000000000002,minimum_front_range,/scan,0.920204222202301,0.5
4a778017-f9eb-4616-9c2a-65bf7b8f5291,27.909000000000002,minimum_front_range,/scan,0.9026201963424683,0.5
4a778017-f9eb-4616-9c2a-65bf7b8f5291,28.011000000000003,minimum_front_range,/scan,0.8923566341400146,0.5
4a778017-f9eb-4616-9c2a-65bf7b8f5291,28.110000000000003,minimum_front_range,/scan,0.8896787762641907,0.5
4a778017-f9eb-4616-9c2a-65bf7b8f5291,28.209000000000003,minimum_front_range,/scan,0.8860676288604736,0.5
4a778017-f9eb-4616-9c2a-65bf7b8f5291,28.314,minimum_front_range,/scan,0.8676448464393616,0.5
4a778017-f9eb-4616-9c2a-65bf7b8f5291,28.407,minimum_front_range,/scan,0.8672428131103516,0.5
4a778017-f9eb-4616-9c2a-65bf7b8f5291,28.512,minimum_front_range,/scan,0.8565783500671387,0.5
4a778017-f9eb-4616-9c2a-65bf7b8f5291,28.611,minimum_front_range,/scan,0.8756102323532104,0.5
4a778017-f9eb-4616-9c2a-65bf7b8f5291,28.713,minimum_front_range,/scan,0.8617058396339417,0.5
4a778017-f9eb-4616-9c2a-65bf7b8f5291,28.809,minimum_front_range,/scan,0.8822500705718994,0.5
4a778017-f9eb-4616-9c2a-65bf7b8f5291,28.911,minimum_front_range,/scan,2.0272107124328613,0.5
4a778017-f9eb-4616-9c2a-65bf7b8f5291,29.01,minimum_front_range,/scan,2.0063724517822266,0.5
4a778017-f9eb-4616-9c2a-65bf7b8f5291,29.109,minimum_front_range,/scan,1.9833672046661377,0.5
4a778017-f9eb-4616-9c2a-65bf7b8f5291,29.211000000000002,minimum_front_range,/scan,1.9912190437316895,0.5
4a778017-f9eb-4616-9c2a-65bf7b8f5291,29.310000000000002,minimum_front_range,/scan,1.9925304651260376,0.5
4a778017-f9eb-4616-9c2a-65bf7b8f5291,29.409000000000002,minimum_front_range,/scan,1.9611891508102417,0.5
4a778017-f9eb-4616-9c2a-65bf7b8f5291,29.514000000000003,minimum_front_range,/scan,1.9435641765594482,0.5
4a778017-f9eb-4616-9c2a-65bf7b8f5291,29.610000000000003,minimum_front_range,/scan,1.9229536056518555,0.5
4a778017-f9eb-4616-9c2a-65bf7b8f5291,29.709000000000003,minimum_front_range,/scan,1.9257274866104126,0.5
4a778017-f9eb-4616-9c2a-65bf7b8f5291,29.811000000000003,minimum_front_range,/scan,1.9055591821670532,0.5
4a778017-f9eb-4616-9c2a-65bf7b8f5291,29.91,minimum_front_range,/scan,1.8927438259124756,0.5
4a778017-f9eb-4616-9c2a-65bf7b8f5291,30.009,minimum_front_range,/scan,1.8804000616073608,0.5
4a778017-f9eb-4616-9c2a-65bf7b8f5291,30.108,minimum_front_range,/scan,1.8713737726211548,0.5
4a778017-f9eb-4616-9c2a-65bf7b8f5291,30.21,minimum_front_range,/scan,1.8568722009658813,0.5
4a778017-f9eb-4616-9c2a-65bf7b8f5291,30.306,minimum_front_range,/scan,1.8480887413024902,0.5
4a778017-f9eb-4616-9c2a-65bf7b8f5291,30.411,minimum_front_range,/scan,1.8509362936019897,0.5
4a778017-f9eb-4616-9c2a-65bf7b8f5291,30.51,minimum_front_range,/scan,1.8288087844848633,0.5
4a778017-f9eb-4616-9c2a-65bf7b8f5291,30.612000000000002,minimum_front_range,/scan,1.8141716718673706,0.5
4a778017-f9eb-4616-9c2a-65bf7b8f5291,30.711000000000002,minimum_front_range,/scan,1.8059942722320557,0.5
4a778017-f9eb-4616-9c2a-65bf7b8f5291,30.813000000000002,minimum_front_range,/scan,1.8070285320281982,0.5
4a778017-f9eb-4616-9c2a-65bf7b8f5291,30.909000000000002,minimum_front_range,/scan,1.7860569953918457,0.5
4a778017-f9eb-4616-9c2a-65bf7b8f5291,31.011000000000003,minimum_front_range,/scan,1.7684093713760376,0.5
4a778017-f9eb-4616-9c2a-65bf7b8f5291,31.110000000000003,minimum_front_range,/scan,1.7716025114059448,0.5
4a778017-f9eb-4616-9c2a-65bf7b8f5291,31.206000000000003,minimum_front_range,/scan,1.7605091333389282,0.5
4a778017-f9eb-4616-9c2a-65bf7b8f5291,31.311000000000003,minimum_front_range,/scan,1.7438733577728271,0.5
4a778017-f9eb-4616-9c2a-65bf7b8f5291,31.410000000000004,minimum_front_range,/scan,1.748961091041565,0.5
4a778017-f9eb-4616-9c2a-65bf7b8f5291,31.509,minimum_front_range,/scan,1.739675521850586,0.5
4a778017-f9eb-4616-9c2a-65bf7b8f5291,31.611,minimum_front_range,/scan,1.7243046760559082,0.5
4a778017-f9eb-4616-9c2a-65bf7b8f5291,31.71,minimum_front_range,/scan,1.7313380241394043,0.5
4a778017-f9eb-4616-9c2a-65bf7b8f5291,31.809,minimum_front_range,/scan,1.7127975225448608,0.5
4a778017-f9eb-4616-9c2a-65bf7b8f5291,31.911,minimum_front_range,/scan,1.7132073640823364,0.5
4a778017-f9eb-4616-9c2a-65bf7b8f5291,32.010000000000005,minimum_front_range,/scan,1.6968885660171509,0.5
4a778017-f9eb-4616-9c2a-65bf7b8f5291,32.109,minimum_front_range,/scan,1.7027307748794556,0.5
4a778017-f9eb-4616-9c2a-65bf7b8f5291,32.211,minimum_front_range,/scan,1.6831904649734497,0.5
4a778017-f9eb-4616-9c2a-65bf7b8f5291,32.31,minimum_front_range,/scan,1.6728310585021973,0.5
4a778017-f9eb-4616-9c2a-65bf7b8f5291,32.409,minimum_front_range,/scan,1.6713290214538574,0.5
4a778017-f9eb-4616-9c2a-65bf7b8f5291,32.511,minimum_front_range,/scan,1.6905491352081299,0.5
4a778017-f9eb-4616-9c2a-65bf7b8f5291,32.613,minimum_front_range,/scan,1.6656153202056885,0.5
4a778017-f9eb-4616-9c2a-65bf7b8f5291,32.709,minimum_front_range,/scan,1.6701116561889648,0.5
4a778017-f9eb-4616-9c2a-65bf7b8f5291,32.811,minimum_front_range,/scan,1.6732648611068726,0.5
4a778017-f9eb-4616-9c2a-65bf7b8f5291,32.910000000000004,minimum_front_range,/scan,1.6777582168579102,0.5
4a778017-f9eb-4616-9c2a-65bf7b8f5291,12.711,minimum_left_range,/scan,0.9504349231719971,0.5
4a778017-f9eb-4616-9c2a-65bf7b8f5291,12.807,minimum_left_range,/scan,0.9333341717720032,0.5
4a778017-f9eb-4616-9c2a-65bf7b8f5291,12.909,minimum_left_range,/scan,0.9369219541549683,0.5
4a778017-f9eb-4616-9c2a-65bf7b8f5291,13.011000000000001,minimum_left_range,/scan,0.9495141506195068,0.5
4a778017-f9eb-4616-9c2a-65bf7b8f5291,13.113000000000001,minimum_left_range,/scan,0.9428619742393494,0.5
4a778017-f9eb-4616-9c2a-65bf7b8f5291,13.209000000000001,minimum_left_range,/scan,0.933584451675415,0.5
4a778017-f9eb-4616-9c2a-65bf7b8f5291,13.311,minimum_left_range,/scan,0.9489768743515015,0.5
4a778017-f9eb-4616-9c2a-65bf7b8f5291,13.41,minimum_left_range,/scan,0.9523752927780151,0.5
4a778017-f9eb-4616-9c2a-65bf7b8f5291,13.509,minimum_left_range,/scan,0.9417906999588013,0.5
4a778017-f9eb-4616-9c2a-65bf7b8f5291,13.611,minimum_left_range,/scan,0.9497156739234924,0.5
4a778017-f9eb-4616-9c2a-65bf7b8f5291,13.71,minimum_left_range,/scan,0.9329027533531189,0.5
4a778017-f9eb-4616-9c2a-65bf7b8f5291,13.809000000000001,minimum_left_range,/scan,0.9470260143280029,0.5
4a778017-f9eb-4616-9c2a-65bf7b8f5291,13.911000000000001,minimum_left_range,/scan,0.9472470283508301,0.5
4a778017-f9eb-4616-9c2a-65bf7b8f5291,14.010000000000002,minimum_left_range,/scan,0.9477090239524841,0.5
4a778017-f9eb-4616-9c2a-65bf7b8f5291,14.109000000000002,minimum_left_range,/scan,0.9632219076156616,0.5
4a778017-f9eb-4616-9c2a-65bf7b8f5291,14.211,minimum_left_range,/scan,0.9321329593658447,0.5
4a778017-f9eb-4616-9c2a-65bf7b8f5291,14.31,minimum_left_range,/scan,0.9444518089294434,0.5
4a778017-f9eb-4616-9c2a-65bf7b8f5291,14.409,minimum_left_range,/scan,0.9443764090538025,0.5
4a778017-f9eb-4616-9c2a-65bf7b8f5291,14.511000000000001,minimum_left_range,/scan,0.9406761527061462,0.5
4a778017-f9eb-4616-9c2a-65bf7b8f5291,14.613000000000001,minimum_left_range,/scan,0.9162822365760803,0.5
4a778017-f9eb-4616-9c2a-65bf7b8f5291,14.709000000000001,minimum_left_range,/scan,0.9150289297103882,0.5
4a778017-f9eb-4616-9c2a-65bf7b8f5291,14.811000000000002,minimum_left_range,/scan,0.8963984847068787,0.5
4a778017-f9eb-4616-9c2a-65bf7b8f5291,14.91,minimum_left_range,/scan,0.8746185302734375,0.5
4a778017-f9eb-4616-9c2a-65bf7b8f5291,15.009,minimum_left_range,/scan,0.8611140251159668,0.5
4a778017-f9eb-4616-9c2a-65bf7b8f5291,15.111,minimum_left_range,/scan,0.8550007939338684,0.5
4a778017-f9eb-4616-9c2a-65bf7b8f5291,15.21,minimum_left_range,/scan,0.8167945742607117,0.5
4a778017-f9eb-4616-9c2a-65bf7b8f5291,15.309000000000001,minimum_left_range,/scan,0.8264814615249634,0.5
4a778017-f9eb-4616-9c2a-65bf7b8f5291,15.414000000000001,minimum_left_range,/scan,0.8173788785934448,0.5
4a778017-f9eb-4616-9c2a-65bf7b8f5291,15.510000000000002,minimum_left_range,/scan,0.8015666604042053,0.5
4a778017-f9eb-4616-9c2a-65bf7b8f5291,15.612,minimum_left_range,/scan,0.7927743792533875,0.5
4a778017-f9eb-4616-9c2a-65bf7b8f5291,15.711,minimum_left_range,/scan,0.7685427069664001,0.5
4a778017-f9eb-4616-9c2a-65bf7b8f5291,15.81,minimum_left_range,/scan,0.7692854404449463,0.5
4a778017-f9eb-4616-9c2a-65bf7b8f5291,15.909,minimum_left_range,/scan,0.7590669393539429,0.5
4a778017-f9eb-4616-9c2a-65bf7b8f5291,16.011,minimum_left_range,/scan,0.7457599639892578,0.5
4a778017-f9eb-4616-9c2a-65bf7b8f5291,16.11,minimum_left_range,/scan,0.7243176698684692,0.5
4a778017-f9eb-4616-9c2a-65bf7b8f5291,16.209,minimum_left_range,/scan,0.7222424745559692,0.5
4a778017-f9eb-4616-9c2a-65bf7b8f5291,16.311,minimum_left_range,/scan,0.6990746259689331,0.5
4a778017-f9eb-4616-9c2a-65bf7b8f5291,16.41,minimum_left_range,/scan,0.701352596282959,0.5
4a778017-f9eb-4616-9c2a-65bf7b8f5291,16.509,minimum_left_range,/scan,0.6825869679450989,0.5
4a778017-f9eb-4616-9c2a-65bf7b8f5291,16.611,minimum_left_range,/scan,0.6589235067367554,0.5
4a778017-f9eb-4616-9c2a-65bf7b8f5291,16.71,minimum_left_range,/scan,0.6678052544593811,0.5
4a778017-f9eb-4616-9c2a-65bf7b8f5291,16.809,minimum_left_range,/scan,0.6491013765335083,0.5
4a778017-f9eb-4616-9c2a-65bf7b8f5291,16.911,minimum_left_range,/scan,0.6217781901359558,0.5
4a778017-f9eb-4616-9c2a-65bf7b8f5291,17.01,minimum_left_range,/scan,0.6266639232635498,0.5
4a778017-f9eb-4616-9c2a-65bf7b8f5291,17.109,minimum_left_range,/scan,0.6092821359634399,0.5
4a778017-f9eb-4616-9c2a-65bf7b8f5291,17.211000000000002,minimum_left_range,/scan,0.6030365228652954,0.5
4a778017-f9eb-4616-9c2a-65bf7b8f5291,17.313000000000002,minimum_left_range,/scan,0.6012120842933655,0.5
4a778017-f9eb-4616-9c2a-65bf7b8f5291,17.409000000000002,minimum_left_range,/scan,0.5717926621437073,0.5
4a778017-f9eb-4616-9c2a-65bf7b8f5291,17.511000000000003,minimum_left_range,/scan,0.5579836368560791,0.5
4a778017-f9eb-4616-9c2a-65bf7b8f5291,17.61,minimum_left_range,/scan,0.5467379689216614,0.5
4a778017-f9eb-4616-9c2a-65bf7b8f5291,17.709,minimum_left_range,/scan,0.5440301895141602,0.5
4a778017-f9eb-4616-9c2a-65bf7b8f5291,17.811,minimum_left_range,/scan,0.5323341488838196,0.5
4a778017-f9eb-4616-9c2a-65bf7b8f5291,17.91,minimum_left_range,/scan,0.5261281132698059,0.5
4a778017-f9eb-4616-9c2a-65bf7b8f5291,18.009,minimum_left_range,/scan,0.5112425088882446,0.5
4a778017-f9eb-4616-9c2a-65bf7b8f5291,18.111,minimum_left_range,/scan,0.5045826435089111,0.5
4a778017-f9eb-4616-9c2a-65bf7b8f5291,18.21,minimum_left_range,/scan,0.4913281798362732,0.5
4a778017-f9eb-4616-9c2a-65bf7b8f5291,18.309,minimum_left_range,/scan,0.48570716381073,0.5
4a778017-f9eb-4616-9c2a-65bf7b8f5291,18.414,minimum_left_range,/scan,0.46819400787353516,0.5
4a778017-f9eb-4616-9c2a-65bf7b8f5291,18.51,minimum_left_range,/scan,0.4688432812690735,0.5
4a778017-f9eb-4616-9c2a-65bf7b8f5291,18.609,minimum_left_range,/scan,0.45932841300964355,0.5
4a778017-f9eb-4616-9c2a-65bf7b8f5291,18.711000000000002,minimum_left_range,/scan,0.44272691011428833,0.5
4a778017-f9eb-4616-9c2a-65bf7b8f5291,18.810000000000002,minimum_left_range,/scan,0.44729849696159363,0.5
4a778017-f9eb-4616-9c2a-65bf7b8f5291,18.909000000000002,minimum_left_range,/scan,0.4283367395401001,0.5
4a778017-f9eb-4616-9c2a-65bf7b8f5291,19.011000000000003,minimum_left_range,/scan,0.429995596408844,0.5
4a778017-f9eb-4616-9c2a-65bf7b8f5291,19.107000000000003,minimum_left_range,/scan,0.4233039617538452,0.5
4a778017-f9eb-4616-9c2a-65bf7b8f5291,19.209,minimum_left_range,/scan,0.4220326840877533,0.5
4a778017-f9eb-4616-9c2a-65bf7b8f5291,19.311,minimum_left_range,/scan,0.41461971402168274,0.5
4a778017-f9eb-4616-9c2a-65bf7b8f5291,19.41,minimum_left_range,/scan,0.4136049449443817,0.5
4a778017-f9eb-4616-9c2a-65bf7b8f5291,19.509,minimum_left_range,/scan,0.409456729888916,0.5
4a778017-f9eb-4616-9c2a-65bf7b8f5291,19.614,minimum_left_range,/scan,0.4063485264778137,0.5
4a778017-f9eb-4616-9c2a-65bf7b8f5291,19.71,minimum_left_range,/scan,0.40862801671028137,0.5
4a778017-f9eb-4616-9c2a-65bf7b8f5291,19.806,minimum_left_range,/scan,0.38545697927474976,0.5
4a778017-f9eb-4616-9c2a-65bf7b8f5291,19.911,minimum_left_range,/scan,0.40256622433662415,0.5
4a778017-f9eb-4616-9c2a-65bf7b8f5291,20.01,minimum_left_range,/scan,0.3992672562599182,0.5
4a778017-f9eb-4616-9c2a-65bf7b8f5291,20.109,minimum_left_range,/scan,0.4027114510536194,0.5
4a778017-f9eb-4616-9c2a-65bf7b8f5291,20.211000000000002,minimum_left_range,/scan,0.3999401926994324,0.5
4a778017-f9eb-4616-9c2a-65bf7b8f5291,20.310000000000002,minimum_left_range,/scan,0.3881235420703888,0.5
4a778017-f9eb-4616-9c2a-65bf7b8f5291,20.409000000000002,minimum_left_range,/scan,0.39823591709136963,0.5
4a778017-f9eb-4616-9c2a-65bf7b8f5291,20.511000000000003,minimum_left_range,/scan,0.38193005323410034,0.5
4a778017-f9eb-4616-9c2a-65bf7b8f5291,20.610000000000003,minimum_left_range,/scan,0.40727970004081726,0.5
4a778017-f9eb-4616-9c2a-65bf7b8f5291,20.712,minimum_left_range,/scan,0.40953147411346436,0.5
4a778017-f9eb-4616-9c2a-65bf7b8f5291,20.811,minimum_left_range,/scan,0.4078419506549835,0.5
4a778017-f9eb-4616-9c2a-65bf7b8f5291,20.91,minimum_left_range,/scan,0.40434035658836365,0.5
4a778017-f9eb-4616-9c2a-65bf7b8f5291,21.009,minimum_left_range,/scan,0.42438817024230957,0.5
4a778017-f9eb-4616-9c2a-65bf7b8f5291,21.114,minimum_left_range,/scan,0.4172794222831726,0.5
4a778017-f9eb-4616-9c2a-65bf7b8f5291,21.21,minimum_left_range,/scan,0.4258459210395813,0.5
4a778017-f9eb-4616-9c2a-65bf7b8f5291,21.309,minimum_left_range,/scan,0.4218565821647644,0.5
4a778017-f9eb-4616-9c2a-65bf7b8f5291,21.411,minimum_left_range,/scan,0.44119691848754883,0.5
4a778017-f9eb-4616-9c2a-65bf7b8f5291,21.51,minimum_left_range,/scan,0.43614739179611206,0.5
4a778017-f9eb-4616-9c2a-65bf7b8f5291,21.609,minimum_left_range,/scan,0.44149816036224365,0.5
4a778017-f9eb-4616-9c2a-65bf7b8f5291,21.711000000000002,minimum_left_range,/scan,0.4559501111507416,0.5
4a778017-f9eb-4616-9c2a-65bf7b8f5291,21.810000000000002,minimum_left_range,/scan,0.4555753767490387,0.5
4a778017-f9eb-4616-9c2a-65bf7b8f5291,21.909000000000002,minimum_left_range,/scan,0.47310298681259155,0.5
4a778017-f9eb-4616-9c2a-65bf7b8f5291,22.011000000000003,minimum_left_range,/scan,0.4758322238922119,0.5
4a778017-f9eb-4616-9c2a-65bf7b8f5291,22.110000000000003,minimum_left_range,/scan,0.48212096095085144,0.5
4a778017-f9eb-4616-9c2a-65bf7b8f5291,22.209,minimum_left_range,/scan,0.4969962239265442,0.5
4a778017-f9eb-4616-9c2a-65bf7b8f5291,22.311,minimum_left_range,/scan,0.5064390897750854,0.5
4a778017-f9eb-4616-9c2a-65bf7b8f5291,22.413,minimum_left_range,/scan,0.5161327719688416,0.5
4a778017-f9eb-4616-9c2a-65bf7b8f5291,22.509,minimum_left_range,/scan,0.5115323662757874,0.5
4a778017-f9eb-4616-9c2a-65bf7b8f5291,22.611,minimum_left_range,/scan,0.5268888473510742,0.5
4a778017-f9eb-4616-9c2a-65bf7b8f5291,22.71,minimum_left_range,/scan,0.5413705706596375,0.5
4a778017-f9eb-4616-9c2a-65bf7b8f5291,22.809,minimum_left_range,/scan,0.5574038028717041,0.5
4a778017-f9eb-4616-9c2a-65bf7b8f5291,22.911,minimum_left_range,/scan,0.5635652542114258,0.5
4a778017-f9eb-4616-9c2a-65bf7b8f5291,23.013,minimum_left_range,/scan,0.5671820640563965,0.5
4a778017-f9eb-4616-9c2a-65bf7b8f5291,23.109,minimum_left_range,/scan,0.5946326851844788,0.5
4a778017-f9eb-4616-9c2a-65bf7b8f5291,23.211000000000002,minimum_left_range,/scan,0.5826565623283386,0.5
4a778017-f9eb-4616-9c2a-65bf7b8f5291,23.310000000000002,minimum_left_range,/scan,0.6080647706985474,0.5
4a778017-f9eb-4616-9c2a-65bf7b8f5291,23.409000000000002,minimum_left_range,/scan,0.6183450222015381,0.5
4a778017-f9eb-4616-9c2a-65bf7b8f5291,23.511000000000003,minimum_left_range,/scan,0.6359894275665283,0.5
4a778017-f9eb-4616-9c2a-65bf7b8f5291,23.610000000000003,minimum_left_range,/scan,0.617885172367096,0.5
4a778017-f9eb-4616-9c2a-65bf7b8f5291,23.709000000000003,minimum_left_range,/scan,0.6069715619087219,0.5
4a778017-f9eb-4616-9c2a-65bf7b8f5291,23.811,minimum_left_range,/scan,0.5908795595169067,0.5
4a778017-f9eb-4616-9c2a-65bf7b8f5291,23.91,minimum_left_range,/scan,0.5845667123794556,0.5
4a778017-f9eb-4616-9c2a-65bf7b8f5291,24.009,minimum_left_range,/scan,0.5663599967956543,0.5
4a778017-f9eb-4616-9c2a-65bf7b8f5291,24.111,minimum_left_range,/scan,0.5709060430526733,0.5
4a778017-f9eb-4616-9c2a-65bf7b8f5291,24.21,minimum_left_range,/scan,0.5570858120918274,0.5
4a778017-f9eb-4616-9c2a-65bf7b8f5291,24.309,minimum_left_range,/scan,0.5351735949516296,0.5
4a778017-f9eb-4616-9c2a-65bf7b8f5291,24.411,minimum_left_range,/scan,0.5152695775032043,0.5
4a778017-f9eb-4616-9c2a-65bf7b8f5291,24.51,minimum_left_range,/scan,0.5116569399833679,0.5
4a778017-f9eb-4616-9c2a-65bf7b8f5291,24.609,minimum_left_range,/scan,0.5094688534736633,0.5
4a778017-f9eb-4616-9c2a-65bf7b8f5291,24.711000000000002,minimum_left_range,/scan,0.49358659982681274,0.5
4a778017-f9eb-4616-9c2a-65bf7b8f5291,24.810000000000002,minimum_left_range,/scan,0.49412035942077637,0.5
4a778017-f9eb-4616-9c2a-65bf7b8f5291,24.912000000000003,minimum_left_range,/scan,0.4803345501422882,0.5
4a778017-f9eb-4616-9c2a-65bf7b8f5291,25.011000000000003,minimum_left_range,/scan,0.4655674993991852,0.5
4a778017-f9eb-4616-9c2a-65bf7b8f5291,25.110000000000003,minimum_left_range,/scan,0.4609781801700592,0.5
4a778017-f9eb-4616-9c2a-65bf7b8f5291,25.209000000000003,minimum_left_range,/scan,0.45906561613082886,0.5
4a778017-f9eb-4616-9c2a-65bf7b8f5291,25.311,minimum_left_range,/scan,0.44322434067726135,0.5
4a778017-f9eb-4616-9c2a-65bf7b8f5291,25.41,minimum_left_range,/scan,0.4446747899055481,0.5
4a778017-f9eb-4616-9c2a-65bf7b8f5291,25.509,minimum_left_range,/scan,0.4309896230697632,0.5
4a778017-f9eb-4616-9c2a-65bf7b8f5291,25.611,minimum_left_range,/scan,0.4316198527812958,0.5
4a778017-f9eb-4616-9c2a-65bf7b8f5291,25.71,minimum_left_range,/scan,0.4203336536884308,0.5
4a778017-f9eb-4616-9c2a-65bf7b8f5291,25.809,minimum_left_range,/scan,0.4210398495197296,0.5
4a778017-f9eb-4616-9c2a-65bf7b8f5291,25.911,minimum_left_range,/scan,0.4156298041343689,0.5
4a778017-f9eb-4616-9c2a-65bf7b8f5291,26.01,minimum_left_range,/scan,0.40869876742362976,0.5
4a778017-f9eb-4616-9c2a-65bf7b8f5291,26.109,minimum_left_range,/scan,0.4144355356693268,0.5
4a778017-f9eb-4616-9c2a-65bf7b8f5291,26.211000000000002,minimum_left_range,/scan,0.4124862253665924,0.5
4a778017-f9eb-4616-9c2a-65bf7b8f5291,26.310000000000002,minimum_left_range,/scan,0.4008789360523224,0.5
4a778017-f9eb-4616-9c2a-65bf7b8f5291,26.409000000000002,minimum_left_range,/scan,0.405271977186203,0.5
4a778017-f9eb-4616-9c2a-65bf7b8f5291,26.511000000000003,minimum_left_range,/scan,0.3954876661300659,0.5
4a778017-f9eb-4616-9c2a-65bf7b8f5291,26.610000000000003,minimum_left_range,/scan,0.40630805492401123,0.5
4a778017-f9eb-4616-9c2a-65bf7b8f5291,26.709000000000003,minimum_left_range,/scan,0.3968435227870941,0.5
4a778017-f9eb-4616-9c2a-65bf7b8f5291,26.811,minimum_left_range,/scan,0.3994946777820587,0.5
4a778017-f9eb-4616-9c2a-65bf7b8f5291,26.91,minimum_left_range,/scan,0.40425482392311096,0.5
4a778017-f9eb-4616-9c2a-65bf7b8f5291,27.009,minimum_left_range,/scan,0.4170125424861908,0.5
4a778017-f9eb-4616-9c2a-65bf7b8f5291,27.111,minimum_left_range,/scan,0.42065301537513733,0.5
4a778017-f9eb-4616-9c2a-65bf7b8f5291,27.21,minimum_left_range,/scan,0.4083547294139862,0.5
4a778017-f9eb-4616-9c2a-65bf7b8f5291,27.309,minimum_left_range,/scan,0.40860679745674133,0.5
4a778017-f9eb-4616-9c2a-65bf7b8f5291,27.414,minimum_left_range,/scan,0.42700549960136414,0.5
4a778017-f9eb-4616-9c2a-65bf7b8f5291,27.51,minimum_left_range,/scan,0.4287698268890381,0.5
4a778017-f9eb-4616-9c2a-65bf7b8f5291,27.609,minimum_left_range,/scan,0.4395185112953186,0.5
4a778017-f9eb-4616-9c2a-65bf7b8f5291,27.711000000000002,minimum_left_range,/scan,0.43570685386657715,0.5
4a778017-f9eb-4616-9c2a-65bf7b8f5291,27.807000000000002,minimum_left_range,/scan,0.4406568706035614,0.5
4a778017-f9eb-4616-9c2a-65bf7b8f5291,27.909000000000002,minimum_left_range,/scan,0.45358413457870483,0.5
4a778017-f9eb-4616-9c2a-65bf7b8f5291,28.011000000000003,minimum_left_range,/scan,0.44940969347953796,0.5
4a778017-f9eb-4616-9c2a-65bf7b8f5291,28.110000000000003,minimum_left_range,/scan,0.4770185053348541,0.5
4a778017-f9eb-4616-9c2a-65bf7b8f5291,28.209000000000003,minimum_left_range,/scan,0.46101072430610657,0.5
4a778017-f9eb-4616-9c2a-65bf7b8f5291,28.314,minimum_left_range,/scan,0.4746492803096771,0.5
4a778017-f9eb-4616-9c2a-65bf7b8f5291,28.407,minimum_left_range,/scan,0.4880097806453705,0.5
4a778017-f9eb-4616-9c2a-65bf7b8f5291,28.512,minimum_left_range,/scan,0.4931398332118988,0.5
4a778017-f9eb-4616-9c2a-65bf7b8f5291,28.611,minimum_left_range,/scan,0.49970507621765137,0.5
4a778017-f9eb-4616-9c2a-65bf7b8f5291,28.713,minimum_left_range,/scan,0.5073646903038025,0.5
4a778017-f9eb-4616-9c2a-65bf7b8f5291,28.809,minimum_left_range,/scan,0.5188435912132263,0.5
4a778017-f9eb-4616-9c2a-65bf7b8f5291,28.911,minimum_left_range,/scan,0.5223584175109863,0.5
4a778017-f9eb-4616-9c2a-65bf7b8f5291,29.01,minimum_left_range,/scan,0.5272613167762756,0.5
4a778017-f9eb-4616-9c2a-65bf7b8f5291,29.109,minimum_left_range,/scan,0.5406996607780457,0.5
4a778017-f9eb-4616-9c2a-65bf7b8f5291,29.211000000000002,minimum_left_range,/scan,0.5392041802406311,0.5
4a778017-f9eb-4616-9c2a-65bf7b8f5291,29.310000000000002,minimum_left_range,/scan,0.5346150398254395,0.5
4a778017-f9eb-4616-9c2a-65bf7b8f5291,29.409000000000002,minimum_left_range,/scan,0.5594438314437866,0.5
4a778017-f9eb-4616-9c2a-65bf7b8f5291,29.514000000000003,minimum_left_range,/scan,0.5756891369819641,0.5
4a778017-f9eb-4616-9c2a-65bf7b8f5291,29.610000000000003,minimum_left_range,/scan,0.5715739130973816,0.5
4a778017-f9eb-4616-9c2a-65bf7b8f5291,29.709000000000003,minimum_left_range,/scan,0.5775637030601501,0.5
4a778017-f9eb-4616-9c2a-65bf7b8f5291,29.811000000000003,minimum_left_range,/scan,0.5976089835166931,0.5
4a778017-f9eb-4616-9c2a-65bf7b8f5291,29.91,minimum_left_range,/scan,0.6059699654579163,0.5
4a778017-f9eb-4616-9c2a-65bf7b8f5291,30.009,minimum_left_range,/scan,0.6152232885360718,0.5
4a778017-f9eb-4616-9c2a-65bf7b8f5291,30.108,minimum_left_range,/scan,0.61772620677948,0.5
4a778017-f9eb-4616-9c2a-65bf7b8f5291,30.21,minimum_left_range,/scan,0.6294006705284119,0.5
4a778017-f9eb-4616-9c2a-65bf7b8f5291,30.306,minimum_left_range,/scan,0.6294745802879333,0.5
4a778017-f9eb-4616-9c2a-65bf7b8f5291,30.411,minimum_left_range,/scan,0.6115298271179199,0.5
4a778017-f9eb-4616-9c2a-65bf7b8f5291,30.51,minimum_left_range,/scan,0.6104030609130859,0.5
4a778017-f9eb-4616-9c2a-65bf7b8f5291,30.612000000000002,minimum_left_range,/scan,0.6070505380630493,0.5
4a778017-f9eb-4616-9c2a-65bf7b8f5291,30.711000000000002,minimum_left_range,/scan,0.590501606464386,0.5
4a778017-f9eb-4616-9c2a-65bf7b8f5291,30.813000000000002,minimum_left_range,/scan,0.5849006772041321,0.5
4a778017-f9eb-4616-9c2a-65bf7b8f5291,30.909000000000002,minimum_left_range,/scan,0.5751123428344727,0.5
4a778017-f9eb-4616-9c2a-65bf7b8f5291,31.011000000000003,minimum_left_range,/scan,0.5778577923774719,0.5
4a778017-f9eb-4616-9c2a-65bf7b8f5291,31.110000000000003,minimum_left_range,/scan,0.5624536871910095,0.5
4a778017-f9eb-4616-9c2a-65bf7b8f5291,31.206000000000003,minimum_left_range,/scan,0.5544177889823914,0.5
4a778017-f9eb-4616-9c2a-65bf7b8f5291,31.311000000000003,minimum_left_range,/scan,0.5611623525619507,0.5
4a778017-f9eb-4616-9c2a-65bf7b8f5291,31.410000000000004,minimum_left_range,/scan,0.5450754165649414,0.5
4a778017-f9eb-4616-9c2a-65bf7b8f5291,31.509,minimum_left_range,/scan,0.5411649346351624,0.5
4a778017-f9eb-4616-9c2a-65bf7b8f5291,31.611,minimum_left_range,/scan,0.5364475846290588,0.5
4a778017-f9eb-4616-9c2a-65bf7b8f5291,31.71,minimum_left_range,/scan,0.5295042395591736,0.5
4a778017-f9eb-4616-9c2a-65bf7b8f5291,31.809,minimum_left_range,/scan,0.5280918478965759,0.5
4a778017-f9eb-4616-9c2a-65bf7b8f5291,31.911,minimum_left_range,/scan,0.5251492261886597,0.5
4a778017-f9eb-4616-9c2a-65bf7b8f5291,32.010000000000005,minimum_left_range,/scan,0.5148835182189941,0.5
4a778017-f9eb-4616-9c2a-65bf7b8f5291,32.109,minimum_left_range,/scan,0.5215781331062317,0.5
4a778017-f9eb-4616-9c2a-65bf7b8f5291,32.211,minimum_left_range,/scan,0.5059917569160461,0.5
4a778017-f9eb-4616-9c2a-65bf7b8f5291,32.31,minimum_left_range,/scan,0.5071972012519836,0.5
4a778017-f9eb-4616-9c2a-65bf7b8f5291,32.409,minimum_left_range,/scan,0.49352940917015076,0.5
4a778017-f9eb-4616-9c2a-65bf7b8f5291,32.511,minimum_left_range,/scan,0.5052972435951233,0.5
4a778017-f9eb-4616-9c2a-65bf7b8f5291,32.613,minimum_left_range,/scan,0.4983670115470886,0.5
4a778017-f9eb-4616-9c2a-65bf7b8f5291,32.709,minimum_left_range,/scan,0.5040639042854309,0.5
4a778017-f9eb-4616-9c2a-65bf7b8f5291,32.811,minimum_left_range,/scan,0.5026095509529114,0.5
4a778017-f9eb-4616-9c2a-65bf7b8f5291,32.910000000000004,minimum_left_range,/scan,0.5064807534217834,0.5
4a778017-f9eb-4616-9c2a-65bf7b8f5291,12.711,minimum_right_range,/scan,0.0,0.5
4a778017-f9eb-4616-9c2a-65bf7b8f5291,12.807,minimum_right_range,/scan,0.0,0.5
4a778017-f9eb-4616-9c2a-65bf7b8f5291,12.909,minimum_right_range,/scan,0.0,0.5
4a778017-f9eb-4616-9c2a-65bf7b8f5291,13.011000000000001,minimum_right_range,/scan,0.0,0.5
4a778017-f9eb-4616-9c2a-65bf7b8f5291,13.113000000000001,minimum_right_range,/scan,0.0,0.5
4a778017-f9eb-4616-9c2a-65bf7b8f5291,13.209000000000001,minimum_right_range,/scan,0.0,0.5
4a778017-f9eb-4616-9c2a-65bf7b8f5291,13.311,minimum_right_range,/scan,0.0,0.5
4a778017-f9eb-4616-9c2a-65bf7b8f5291,13.41,minimum_right_range,/scan,0.0,0.5
4a778017-f9eb-4616-9c2a-65bf7b8f5291,13.509,minimum_right_range,/scan,0.0,0.5
4a778017-f9eb-4616-9c2a-65bf7b8f5291,13.611,minimum_right_range,/scan,0.0,0.5
4a778017-f9eb-4616-9c2a-65bf7b8f5291,13.71,minimum_right_range,/scan,0.0,0.5
4a778017-f9eb-4616-9c2a-65bf7b8f5291,13.809000000000001,minimum_right_range,/scan,0.0,0.5
4a778017-f9eb-4616-9c2a-65bf7b8f5291,13.911000000000001,minimum_right_range,/scan,0.0,0.5
4a778017-f9eb-4616-9c2a-65bf7b8f5291,14.010000000000002,minimum_right_range,/scan,0.0,0.5
4a778017-f9eb-4616-9c2a-65bf7b8f5291,14.109000000000002,minimum_right_range,/scan,0.0,0.5
4a778017-f9eb-4616-9c2a-65bf7b8f5291,14.211,minimum_right_range,/scan,0.0,0.5
4a778017-f9eb-4616-9c2a-65bf7b8f5291,14.31,minimum_right_range,/scan,0.0,0.5
4a778017-f9eb-4616-9c2a-65bf7b8f5291,14.409,minimum_right_range,/scan,0.0,0.5
4a778017-f9eb-4616-9c2a-65bf7b8f5291,14.511000000000001,minimum_right_range,/scan,0.0,0.5
4a778017-f9eb-4616-9c2a-65bf7b8f5291,14.613000000000001,minimum_right_range,/scan,0.0,0.5
4a778017-f9eb-4616-9c2a-65bf7b8f5291,14.709000000000001,minimum_right_range,/scan,0.0,0.5
4a778017-f9eb-4616-9c2a-65bf7b8f5291,14.811000000000002,minimum_right_range,/scan,0.0,0.5
4a778017-f9eb-4616-9c2a-65bf7b8f5291,14.91,minimum_right_range,/scan,0.0,0.5
4a778017-f9eb-4616-9c2a-65bf7b8f5291,15.009,minimum_right_range,/scan,0.0,0.5
4a778017-f9eb-4616-9c2a-65bf7b8f5291,15.111,minimum_right_range,/scan,0.0,0.5
4a778017-f9eb-4616-9c2a-65bf7b8f5291,15.21,minimum_right_range,/scan,0.0,0.5
4a778017-f9eb-4616-9c2a-65bf7b8f5291,15.309000000000001,minimum_right_range,/scan,0.0,0.5
4a778017-f9eb-4616-9c2a-65bf7b8f5291,15.414000000000001,minimum_right_range,/scan,0.0,0.5
4a778017-f9eb-4616-9c2a-65bf7b8f5291,15.510000000000002,minimum_right_range,/scan,0.0,0.5
4a778017-f9eb-4616-9c2a-65bf7b8f5291,15.612,minimum_right_range,/scan,0.0,0.5
4a778017-f9eb-4616-9c2a-65bf7b8f5291,15.711,minimum_right_range,/scan,0.0,0.5
4a778017-f9eb-4616-9c2a-65bf7b8f5291,15.81,minimum_right_range,/scan,0.0,0.5
4a778017-f9eb-4616-9c2a-65bf7b8f5291,15.909,minimum_right_range,/scan,0.0,0.5
4a778017-f9eb-4616-9c2a-65bf7b8f5291,16.011,minimum_right_range,/scan,0.0,0.5
4a778017-f9eb-4616-9c2a-65bf7b8f5291,16.11,minimum_right_range,/scan,0.0,0.5
4a778017-f9eb-4616-9c2a-65bf7b8f5291,16.209,minimum_right_range,/scan,0.0,0.5
4a778017-f9eb-4616-9c2a-65bf7b8f5291,16.311,minimum_right_range,/scan,0.0,0.5
4a778017-f9eb-4616-9c2a-65bf7b8f5291,16.41,minimum_right_range,/scan,0.0,0.5
4a778017-f9eb-4616-9c2a-65bf7b8f5291,16.509,minimum_right_range,/scan,0.0,0.5
4a778017-f9eb-4616-9c2a-65bf7b8f5291,16.611,minimum_right_range,/scan,0.0,0.5
4a778017-f9eb-4616-9c2a-65bf7b8f5291,16.71,minimum_right_range,/scan,0.0,0.5
4a778017-f9eb-4616-9c2a-65bf7b8f5291,16.809,minimum_right_range,/scan,0.0,0.5
4a778017-f9eb-4616-9c2a-65bf7b8f5291,16.911,minimum_right_range,/scan,0.0,0.5
4a778017-f9eb-4616-9c2a-65bf7b8f5291,17.01,minimum_right_range,/scan,0.0,0.5
4a778017-f9eb-4616-9c2a-65bf7b8f5291,17.109,minimum_right_range,/scan,0.0,0.5
4a778017-f9eb-4616-9c2a-65bf7b8f5291,17.211000000000002,minimum_right_range,/scan,0.0,0.5
4a778017-f9eb-4616-9c2a-65bf7b8f5291,17.313000000000002,minimum_right_range,/scan,0.0,0.5
4a778017-f9eb-4616-9c2a-65bf7b8f5291,17.409000000000002,minimum_right_range,/scan,0.0,0.5
4a778017-f9eb-4616-9c2a-65bf7b8f5291,17.511000000000003,minimum_right_range,/scan,0.0,0.5
4a778017-f9eb-4616-9c2a-65bf7b8f5291,17.61,minimum_right_range,/scan,0.0,0.5
4a778017-f9eb-4616-9c2a-65bf7b8f5291,17.709,minimum_right_range,/scan,0.0,0.5
4a778017-f9eb-4616-9c2a-65bf7b8f5291,17.811,minimum_right_range,/scan,0.0,0.5
4a778017-f9eb-4616-9c2a-65bf7b8f5291,17.91,minimum_right_range,/scan,0.0,0.5
4a778017-f9eb-4616-9c2a-65bf7b8f5291,18.009,minimum_right_range,/scan,0.0,0.5
4a778017-f9eb-4616-9c2a-65bf7b8f5291,18.111,minimum_right_range,/scan,0.0,0.5
4a778017-f9eb-4616-9c2a-65bf7b8f5291,18.21,minimum_right_range,/scan,0.0,0.5
4a778017-f9eb-4616-9c2a-65bf7b8f5291,18.309,minimum_right_range,/scan,0.0,0.5
4a778017-f9eb-4616-9c2a-65bf7b8f5291,18.414,minimum_right_range,/scan,0.0,0.5
4a778017-f9eb-4616-9c2a-65bf7b8f5291,18.51,minimum_right_range,/scan,0.0,0.5
4a778017-f9eb-4616-9c2a-65bf7b8f5291,18.609,minimum_right_range,/scan,0.0,0.5
4a778017-f9eb-4616-9c2a-65bf7b8f5291,18.711000000000002,minimum_right_range,/scan,0.0,0.5
4a778017-f9eb-4616-9c2a-65bf7b8f5291,18.810000000000002,minimum_right_range,/scan,0.0,0.5
4a778017-f9eb-4616-9c2a-65bf7b8f5291,18.909000000000002,minimum_right_range,/scan,0.0,0.5
4a778017-f9eb-4616-9c2a-65bf7b8f5291,19.011000000000003,minimum_right_range,/scan,0.0,0.5
4a778017-f9eb-4616-9c2a-65bf7b8f5291,19.107000000000003,minimum_right_range,/scan,0.0,0.5
4a778017-f9eb-4616-9c2a-65bf7b8f5291,19.209,minimum_right_range,/scan,0.0,0.5
4a778017-f9eb-4616-9c2a-65bf7b8f5291,19.311,minimum_right_range,/scan,0.0,0.5
4a778017-f9eb-4616-9c2a-65bf7b8f5291,19.41,minimum_right_range,/scan,0.0,0.5
4a778017-f9eb-4616-9c2a-65bf7b8f5291,19.509,minimum_right_range,/scan,0.0,0.5
4a778017-f9eb-4616-9c2a-65bf7b8f5291,19.614,minimum_right_range,/scan,0.0,0.5
4a778017-f9eb-4616-9c2a-65bf7b8f5291,19.71,minimum_right_range,/scan,0.0,0.5
4a778017-f9eb-4616-9c2a-65bf7b8f5291,19.806,minimum_right_range,/scan,0.0,0.5
4a778017-f9eb-4616-9c2a-65bf7b8f5291,19.911,minimum_right_range,/scan,0.0,0.5
4a778017-f9eb-4616-9c2a-65bf7b8f5291,20.01,minimum_right_range,/scan,0.0,0.5
4a778017-f9eb-4616-9c2a-65bf7b8f5291,20.109,minimum_right_range,/scan,0.0,0.5
4a778017-f9eb-4616-9c2a-65bf7b8f5291,20.211000000000002,minimum_right_range,/scan,0.0,0.5
4a778017-f9eb-4616-9c2a-65bf7b8f5291,20.310000000000002,minimum_right_range,/scan,0.0,0.5
4a778017-f9eb-4616-9c2a-65bf7b8f5291,20.409000000000002,minimum_right_range,/scan,0.0,0.5
4a778017-f9eb-4616-9c2a-65bf7b8f5291,20.511000000000003,minimum_right_range,/scan,0.0,0.5
4a778017-f9eb-4616-9c2a-65bf7b8f5291,20.610000000000003,minimum_right_range,/scan,0.0,0.5
4a778017-f9eb-4616-9c2a-65bf7b8f5291,20.712,minimum_right_range,/scan,0.0,0.5
4a778017-f9eb-4616-9c2a-65bf7b8f5291,20.811,minimum_right_range,/scan,0.0,0.5
4a778017-f9eb-4616-9c2a-65bf7b8f5291,20.91,minimum_right_range,/scan,0.0,0.5
4a778017-f9eb-4616-9c2a-65bf7b8f5291,21.009,minimum_right_range,/scan,0.0,0.5
4a778017-f9eb-4616-9c2a-65bf7b8f5291,21.114,minimum_right_range,/scan,0.0,0.5
4a778017-f9eb-4616-9c2a-65bf7b8f5291,21.21,minimum_right_range,/scan,0.0,0.5
4a778017-f9eb-4616-9c2a-65bf7b8f5291,21.309,minimum_right_range,/scan,0.0,0.5
4a778017-f9eb-4616-9c2a-65bf7b8f5291,21.411,minimum_right_range,/scan,0.0,0.5
4a778017-f9eb-4616-9c2a-65bf7b8f5291,21.51,minimum_right_range,/scan,0.0,0.5
4a778017-f9eb-4616-9c2a-65bf7b8f5291,21.609,minimum_right_range,/scan,0.0,0.5
4a778017-f9eb-4616-9c2a-65bf7b8f5291,21.711000000000002,minimum_right_range,/scan,0.0,0.5
4a778017-f9eb-4616-9c2a-65bf7b8f5291,21.810000000000002,minimum_right_range,/scan,0.0,0.5
4a778017-f9eb-4616-9c2a-65bf7b8f5291,21.909000000000002,minimum_right_range,/scan,0.0,0.5
4a778017-f9eb-4616-9c2a-65bf7b8f5291,22.011000000000003,minimum_right_range,/scan,0.0,0.5
4a778017-f9eb-4616-9c2a-65bf7b8f5291,22.110000000000003,minimum_right_range,/scan,0.0,0.5
4a778017-f9eb-4616-9c2a-65bf7b8f5291,22.209,minimum_right_range,/scan,0.0,0.5
4a778017-f9eb-4616-9c2a-65bf7b8f5291,22.311,minimum_right_range,/scan,0.0,0.5
4a778017-f9eb-4616-9c2a-65bf7b8f5291,22.413,minimum_right_range,/scan,0.0,0.5
4a778017-f9eb-4616-9c2a-65bf7b8f5291,22.509,minimum_right_range,/scan,0.0,0.5
4a778017-f9eb-4616-9c2a-65bf7b8f5291,22.611,minimum_right_range,/scan,0.0,0.5
4a778017-f9eb-4616-9c2a-65bf7b8f5291,22.71,minimum_right_range,/scan,0.0,0.5
4a778017-f9eb-4616-9c2a-65bf7b8f5291,22.809,minimum_right_range,/scan,0.0,0.5
4a778017-f9eb-4616-9c2a-65bf7b8f5291,22.911,minimum_right_range,/scan,0.0,0.5
4a778017-f9eb-4616-9c2a-65bf7b8f5291,23.013,minimum_right_range,/scan,0.0,0.5
4a778017-f9eb-4616-9c2a-65bf7b8f5291,23.109,minimum_right_range,/scan,0.0,0.5
4a778017-f9eb-4616-9c2a-65bf7b8f5291,23.211000000000002,minimum_right_range,/scan,0.0,0.5
4a778017-f9eb-4616-9c2a-65bf7b8f5291,23.310000000000002,minimum_right_range,/scan,0.0,0.5
4a778017-f9eb-4616-9c2a-65bf7b8f5291,23.409000000000002,minimum_right_range,/scan,0.0,0.5
4a778017-f9eb-4616-9c2a-65bf7b8f5291,23.511000000000003,minimum_right_range,/scan,0.0,0.5
4a778017-f9eb-4616-9c2a-65bf7b8f5291,23.610000000000003,minimum_right_range,/scan,0.0,0.5
4a778017-f9eb-4616-9c2a-65bf7b8f5291,23.709000000000003,minimum_right_range,/scan,0.0,0.5
4a778017-f9eb-4616-9c2a-65bf7b8f5291,23.811,minimum_right_range,/scan,0.0,0.5
4a778017-f9eb-4616-9c2a-65bf7b8f5291,23.91,minimum_right_range,/scan,0.0,0.5
4a778017-f9eb-4616-9c2a-65bf7b8f5291,24.009,minimum_right_range,/scan,0.0,0.5
4a778017-f9eb-4616-9c2a-65bf7b8f5291,24.111,minimum_right_range,/scan,0.0,0.5
4a778017-f9eb-4616-9c2a-65bf7b8f5291,24.21,minimum_right_range,/scan,0.0,0.5
4a778017-f9eb-4616-9c2a-65bf7b8f5291,24.309,minimum_right_range,/scan,0.0,0.5
4a778017-f9eb-4616-9c2a-65bf7b8f5291,24.411,minimum_right_range,/scan,0.0,0.5
4a778017-f9eb-4616-9c2a-65bf7b8f5291,24.51,minimum_right_range,/scan,0.0,0.5
4a778017-f9eb-4616-9c2a-65bf7b8f5291,24.609,minimum_right_range,/scan,0.0,0.5
4a778017-f9eb-4616-9c2a-65bf7b8f5291,24.711000000000002,minimum_right_range,/scan,0.0,0.5
4a778017-f9eb-4616-9c2a-65bf7b8f5291,24.810000000000002,minimum_right_range,/scan,0.0,0.5
4a778017-f9eb-4616-9c2a-65bf7b8f5291,24.912000000000003,minimum_right_range,/scan,0.0,0.5
4a778017-f9eb-4616-9c2a-65bf7b8f5291,25.011000000000003,minimum_right_range,/scan,0.0,0.5
4a778017-f9eb-4616-9c2a-65bf7b8f5291,25.110000000000003,minimum_right_range,/scan,0.0,0.5
4a778017-f9eb-4616-9c2a-65bf7b8f5291,25.209000000000003,minimum_right_range,/scan,0.0,0.5
4a778017-f9eb-4616-9c2a-65bf7b8f5291,25.311,minimum_right_range,/scan,0.0,0.5
4a778017-f9eb-4616-9c2a-65bf7b8f5291,25.41,minimum_right_range,/scan,0.0,0.5
4a778017-f9eb-4616-9c2a-65bf7b8f5291,25.509,minimum_right_range,/scan,0.0,0.5
4a778017-f9eb-4616-9c2a-65bf7b8f5291,25.611,minimum_right_range,/scan,0.0,0.5
4a778017-f9eb-4616-9c2a-65bf7b8f5291,25.71,minimum_right_range,/scan,0.0,0.5
4a778017-f9eb-4616-9c2a-65bf7b8f5291,25.809,minimum_right_range,/scan,0.0,0.5
4a778017-f9eb-4616-9c2a-65bf7b8f5291,25.911,minimum_right_range,/scan,0.0,0.5
4a778017-f9eb-4616-9c2a-65bf7b8f5291,26.01,minimum_right_range,/scan,0.0,0.5
4a778017-f9eb-4616-9c2a-65bf7b8f5291,26.109,minimum_right_range,/scan,0.0,0.5
4a778017-f9eb-4616-9c2a-65bf7b8f5291,26.211000000000002,minimum_right_range,/scan,0.0,0.5
4a778017-f9eb-4616-9c2a-65bf7b8f5291,26.310000000000002,minimum_right_range,/scan,0.0,0.5
4a778017-f9eb-4616-9c2a-65bf7b8f5291,26.409000000000002,minimum_right_range,/scan,0.0,0.5
4a778017-f9eb-4616-9c2a-65bf7b8f5291,26.511000000000003,minimum_right_range,/scan,0.0,0.5
4a778017-f9eb-4616-9c2a-65bf7b8f5291,26.610000000000003,minimum_right_range,/scan,0.0,0.5
4a778017-f9eb-4616-9c2a-65bf7b8f5291,26.709000000000003,minimum_right_range,/scan,0.0,0.5
4a778017-f9eb-4616-9c2a-65bf7b8f5291,26.811,minimum_right_range,/scan,0.0,0.5
4a778017-f9eb-4616-9c2a-65bf7b8f5291,26.91,minimum_right_range,/scan,0.0,0.5
4a778017-f9eb-4616-9c2a-65bf7b8f5291,27.009,minimum_right_range,/scan,0.0,0.5
4a778017-f9eb-4616-9c2a-65bf7b8f5291,27.111,minimum_right_range,/scan,0.0,0.5
4a778017-f9eb-4616-9c2a-65bf7b8f5291,27.21,minimum_right_range,/scan,0.0,0.5
4a778017-f9eb-4616-9c2a-65bf7b8f5291,27.309,minimum_right_range,/scan,0.0,0.5
4a778017-f9eb-4616-9c2a-65bf7b8f5291,27.414,minimum_right_range,/scan,0.0,0.5
4a778017-f9eb-4616-9c2a-65bf7b8f5291,27.51,minimum_right_range,/scan,0.0,0.5
4a778017-f9eb-4616-9c2a-65bf7b8f5291,27.609,minimum_right_range,/scan,0.0,0.5
4a778017-f9eb-4616-9c2a-65bf7b8f5291,27.711000000000002,minimum_right_range,/scan,0.0,0.5
4a778017-f9eb-4616-9c2a-65bf7b8f5291,27.807000000000002,minimum_right_range,/scan,0.0,0.5
4a778017-f9eb-4616-9c2a-65bf7b8f5291,27.909000000000002,minimum_right_range,/scan,0.0,0.5
4a778017-f9eb-4616-9c2a-65bf7b8f5291,28.011000000000003,minimum_right_range,/scan,0.0,0.5
4a778017-f9eb-4616-9c2a-65bf7b8f5291,28.110000000000003,minimum_right_range,/scan,0.0,0.5
4a778017-f9eb-4616-9c2a-65bf7b8f5291,28.209000000000003,minimum_right_range,/scan,0.0,0.5
4a778017-f9eb-4616-9c2a-65bf7b8f5291,28.314,minimum_right_range,/scan,0.0,0.5
4a778017-f9eb-4616-9c2a-65bf7b8f5291,28.407,minimum_right_range,/scan,0.0,0.5
4a778017-f9eb-4616-9c2a-65bf7b8f5291,28.512,minimum_right_range,/scan,0.0,0.5
4a778017-f9eb-4616-9c2a-65bf7b8f5291,28.611,minimum_right_range,/scan,0.0,0.5
4a778017-f9eb-4616-9c2a-65bf7b8f5291,28.713,minimum_right_range,/scan,0.0,0.5
4a778017-f9eb-4616-9c2a-65bf7b8f5291,28.809,minimum_right_range,/scan,0.0,0.5
4a778017-f9eb-4616-9c2a-65bf7b8f5291,28.911,minimum_right_range,/scan,0.0,0.5
4a778017-f9eb-4616-9c2a-65bf7b8f5291,29.01,minimum_right_range,/scan,0.0,0.5
4a778017-f9eb-4616-9c2a-65bf7b8f5291,29.109,minimum_right_range,/scan,0.0,0.5
4a778017-f9eb-4616-9c2a-65bf7b8f5291,29.211000000000002,minimum_right_range,/scan,0.0,0.5
4a778017-f9eb-4616-9c2a-65bf7b8f5291,29.310000000000002,minimum_right_range,/scan,0.0,0.5
4a778017-f9eb-4616-9c2a-65bf7b8f5291,29.409000000000002,minimum_right_range,/scan,0.0,0.5
4a778017-f9eb-4616-9c2a-65bf7b8f5291,29.514000000000003,minimum_right_range,/scan,0.0,0.5
4a778017-f9eb-4616-9c2a-65bf7b8f5291,29.610000000000003,minimum_right_range,/scan,0.0,0.5
4a778017-f9eb-4616-9c2a-65bf7b8f5291,29.709000000000003,minimum_right_range,/scan,0.0,0.5
4a778017-f9eb-4616-9c2a-65bf7b8f5291,29.811000000000003,minimum_right_range,/scan,0.0,0.5
4a778017-f9eb-4616-9c2a-65bf7b8f5291,29.91,minimum_right_range,/scan,0.0,0.5
4a778017-f9eb-4616-9c2a-65bf7b8f5291,30.009,minimum_right_range,/scan,0.0,0.5
4a778017-f9eb-4616-9c2a-65bf7b8f5291,30.108,minimum_right_range,/scan,0.0,0.5
4a778017-f9eb-4616-9c2a-65bf7b8f5291,30.21,minimum_right_range,/scan,0.0,0.5
4a778017-f9eb-4616-9c2a-65bf7b8f5291,30.306,minimum_right_range,/scan,0.0,0.5
4a778017-f9eb-4616-9c2a-65bf7b8f5291,30.411,minimum_right_range,/scan,0.0,0.5
4a778017-f9eb-4616-9c2a-65bf7b8f5291,30.51,minimum_right_range,/scan,0.0,0.5
4a778017-f9eb-4616-9c2a-65bf7b8f5291,30.612000000000002,minimum_right_range,/scan,0.0,0.5
4a778017-f9eb-4616-9c2a-65bf7b8f5291,30.711000000000002,minimum_right_range,/scan,0.0,0.5
4a778017-f9eb-4616-9c2a-65bf7b8f5291,30.813000000000002,minimum_right_range,/scan,0.0,0.5
4a778017-f9eb-4616-9c2a-65bf7b8f5291,30.909000000000002,minimum_right_range,/scan,0.0,0.5
4a778017-f9eb-4616-9c2a-65bf7b8f5291,31.011000000000003,minimum_right_range,/scan,0.0,0.5
4a778017-f9eb-4616-9c2a-65bf7b8f5291,31.110000000000003,minimum_right_range,/scan,0.0,0.5
4a778017-f9eb-4616-9c2a-65bf7b8f5291,31.206000000000003,minimum_right_range,/scan,0.0,0.5
4a778017-f9eb-4616-9c2a-65bf7b8f5291,31.311000000000003,minimum_right_range,/scan,0.0,0.5
4a778017-f9eb-4616-9c2a-65bf7b8f5291,31.410000000000004,minimum_right_range,/scan,0.0,0.5
4a778017-f9eb-4616-9c2a-65bf7b8f5291,31.509,minimum_right_range,/scan,0.0,0.5
4a778017-f9eb-4616-9c2a-65bf7b8f5291,31.611,minimum_right_range,/scan,0.0,0.5
4a778017-f9eb-4616-9c2a-65bf7b8f5291,31.71,minimum_right_range,/scan,0.0,0.5
4a778017-f9eb-4616-9c2a-65bf7b8f5291,31.809,minimum_right_range,/scan,0.0,0.5
4a778017-f9eb-4616-9c2a-65bf7b8f5291,31.911,minimum_right_range,/scan,0.0,0.5
4a778017-f9eb-4616-9c2a-65bf7b8f5291,32.010000000000005,minimum_right_range,/scan,0.0,0.5
4a778017-f9eb-4616-9c2a-65bf7b8f5291,32.109,minimum_right_range,/scan,0.0,0.5
4a778017-f9eb-4616-9c2a-65bf7b8f5291,32.211,minimum_right_range,/scan,0.0,0.5
4a778017-f9eb-4616-9c2a-65bf7b8f5291,32.31,minimum_right_range,/scan,0.0,0.5
4a778017-f9eb-4616-9c2a-65bf7b8f5291,32.409,minimum_right_range,/scan,0.0,0.5
4a778017-f9eb-4616-9c2a-65bf7b8f5291,32.511,minimum_right_range,/scan,0.0,0.5
4a778017-f9eb-4616-9c2a-65bf7b8f5291,32.613,minimum_right_range,/scan,0.0,0.5
4a778017-f9eb-4616-9c2a-65bf7b8f5291,32.709,minimum_right_range,/scan,0.0,0.5
4a778017-f9eb-4616-9c2a-65bf7b8f5291,32.811,minimum_right_range,/scan,0.0,0.5
4a778017-f9eb-4616-9c2a-65bf7b8f5291,32.910000000000004,minimum_right_range,/scan,0.0,0.5
4a778017-f9eb-4616-9c2a-65bf7b8f5291,12.672,odom_x,/odom,2.2371907111860607e-07,0.5
4a778017-f9eb-4616-9c2a-65bf7b8f5291,12.708,odom_x,/odom,2.237190711186061e-07,0.5
4a778017-f9eb-4616-9c2a-65bf7b8f5291,12.744000000000002,odom_x,/odom,2.2371907111860583e-07,0.5
4a778017-f9eb-4616-9c2a-65bf7b8f5291,12.780000000000001,odom_x,/odom,2.2371907111860575e-07,0.5
4a778017-f9eb-4616-9c2a-65bf7b8f5291,12.816,odom_x,/odom,2.2371907111860617e-07,0.5
4a778017-f9eb-4616-9c2a-65bf7b8f5291,12.852,odom_x,/odom,2.237190711186065e-07,0.5
4a778017-f9eb-4616-9c2a-65bf7b8f5291,12.888000000000002,odom_x,/odom,2.2371907111860675e-07,0.5
4a778017-f9eb-4616-9c2a-65bf7b8f5291,12.924000000000001,odom_x,/odom,2.237190711186067e-07,0.5
4a778017-f9eb-4616-9c2a-65bf7b8f5291,12.96,odom_x,/odom,2.2371907111860678e-07,0.5
4a778017-f9eb-4616-9c2a-65bf7b8f5291,12.996,odom_x,/odom,2.2371907111860657e-07,0.5
4a778017-f9eb-4616-9c2a-65bf7b8f5291,13.032,odom_x,/odom,2.2371907111860665e-07,0.5
4a778017-f9eb-4616-9c2a-65bf7b8f5291,13.068000000000001,odom_x,/odom,2.2371907111860646e-07,0.5
4a778017-f9eb-4616-9c2a-65bf7b8f5291,13.104000000000001,odom_x,/odom,2.23719071118606e-07,0.5
4a778017-f9eb-4616-9c2a-65bf7b8f5291,13.14,odom_x,/odom,2.237190711186056e-07,0.5
4a778017-f9eb-4616-9c2a-65bf7b8f5291,13.176,odom_x,/odom,2.2371907111860548e-07,0.5
4a778017-f9eb-4616-9c2a-65bf7b8f5291,13.212000000000002,odom_x,/odom,2.237190711186058e-07,0.5
4a778017-f9eb-4616-9c2a-65bf7b8f5291,13.248000000000001,odom_x,/odom,2.2371907111860562e-07,0.5
4a778017-f9eb-4616-9c2a-65bf7b8f5291,13.284,odom_x,/odom,2.237190711186056e-07,0.5
4a778017-f9eb-4616-9c2a-65bf7b8f5291,13.32,odom_x,/odom,2.2371907111860517e-07,0.5
4a778017-f9eb-4616-9c2a-65bf7b8f5291,13.356000000000002,odom_x,/odom,2.23719071118605e-07,0.5
4a778017-f9eb-4616-9c2a-65bf7b8f5291,13.392000000000001,odom_x,/odom,2.23719071118605e-07,0.5
4a778017-f9eb-4616-9c2a-65bf7b8f5291,13.428,odom_x,/odom,2.2371907111860482e-07,0.5
4a778017-f9eb-4616-9c2a-65bf7b8f5291,13.464,odom_x,/odom,2.2371907111860448e-07,0.5
4a778017-f9eb-4616-9c2a-65bf7b8f5291,13.5,odom_x,/odom,2.2371907111860442e-07,0.5
4a778017-f9eb-4616-9c2a-65bf7b8f5291,13.536000000000001,odom_x,/odom,2.2371907111860456e-07,0.5
4a778017-f9eb-4616-9c2a-65bf7b8f5291,13.572000000000001,odom_x,/odom,2.2371907111860419e-07,0.5
4a778017-f9eb-4616-9c2a-65bf7b8f5291,13.611,odom_x,/odom,2.2371907111860413e-07,0.5
4a778017-f9eb-4616-9c2a-65bf7b8f5291,13.644,odom_x,/odom,2.2371907111860352e-07,0.5
4a778017-f9eb-4616-9c2a-65bf7b8f5291,13.680000000000001,odom_x,/odom,2.2371907111860374e-07,0.5
4a778017-f9eb-4616-9c2a-65bf7b8f5291,13.716000000000001,odom_x,/odom,2.2371907111860337e-07,0.5
4a778017-f9eb-4616-9c2a-65bf7b8f5291,13.752,odom_x,/odom,2.2371907111860347e-07,0.5
4a778017-f9eb-4616-9c2a-65bf7b8f5291,13.788,odom_x,/odom,2.2371907111860302e-07,0.5
4a778017-f9eb-4616-9c2a-65bf7b8f5291,13.824000000000002,odom_x,/odom,2.2371907111860257e-07,0.5
4a778017-f9eb-4616-9c2a-65bf7b8f5291,13.860000000000001,odom_x,/odom,2.2371907111860262e-07,0.5
4a778017-f9eb-4616-9c2a-65bf7b8f5291,13.896,odom_x,/odom,2.237190711186023e-07,0.5
4a778017-f9eb-4616-9c2a-65bf7b8f5291,13.932,odom_x,/odom,2.2371907111860178e-07,0.5
4a778017-f9eb-4616-9c2a-65bf7b8f5291,13.968000000000002,odom_x,/odom,2.2371907111860138e-07,0.5
4a778017-f9eb-4616-9c2a-65bf7b8f5291,14.004000000000001,odom_x,/odom,2.2371907111860088e-07,0.5
4a778017-f9eb-4616-9c2a-65bf7b8f5291,14.040000000000001,odom_x,/odom,2.2371907111860098e-07,0.5
4a778017-f9eb-4616-9c2a-65bf7b8f5291,14.076,odom_x,/odom,2.2371907111860096e-07,0.5
4a778017-f9eb-4616-9c2a-65bf7b8f5291,14.112,odom_x,/odom,2.2371907111860093e-07,0.5
4a778017-f9eb-4616-9c2a-65bf7b8f5291,14.148000000000001,odom_x,/odom,2.2371907111860056e-07,0.5
4a778017-f9eb-4616-9c2a-65bf7b8f5291,14.184000000000001,odom_x,/odom,2.2371907111860003e-07,0.5
4a778017-f9eb-4616-9c2a-65bf7b8f5291,14.22,odom_x,/odom,2.2371907111859963e-07,0.5
4a778017-f9eb-4616-9c2a-65bf7b8f5291,14.256,odom_x,/odom,2.2371907111859937e-07,0.5
4a778017-f9eb-4616-9c2a-65bf7b8f5291,14.292000000000002,odom_x,/odom,2.2371907111859908e-07,0.5
4a778017-f9eb-4616-9c2a-65bf7b8f5291,14.328000000000001,odom_x,/odom,2.2371907111859852e-07,0.5
4a778017-f9eb-4616-9c2a-65bf7b8f5291,14.364,odom_x,/odom,0.00040522371788074906,0.5
4a778017-f9eb-4616-9c2a-65bf7b8f5291,14.4,odom_x,/odom,0.0020792236718241673,0.5
4a778017-f9eb-4616-9c2a-65bf7b8f5291,14.436000000000002,odom_x,/odom,0.0050492235808999334,0.5
4a778017-f9eb-4616-9c2a-65bf7b8f5291,14.472000000000001,odom_x,/odom,0.008652129022060508,0.5
4a778017-f9eb-4616-9c2a-65bf7b8f5291,14.508000000000001,odom_x,/odom,0.01264659796360039,0.5
4a778017-f9eb-4616-9c2a-65bf7b8f5291,14.544,odom_x,/odom,0.017068920770804907,0.5
4a778017-f9eb-4616-9c2a-65bf7b8f5291,14.58,odom_x,/odom,0.021620499762252037,0.5
4a778017-f9eb-4616-9c2a-65bf7b8f5291,14.616000000000001,odom_x,/odom,0.026174757711355467,0.5
4a778017-f9eb-4616-9c2a-65bf7b8f5291,14.652000000000001,odom_x,/odom,0.03073535930176873,0.5
4a778017-f9eb-4616-9c2a-65bf7b8f5291,14.688,odom_x,/odom,0.03537319690055083,0.5
4a778017-f9eb-4616-9c2a-65bf7b8f5291,14.724,odom_x,/odom,0.040025782366847326,0.5
4a778017-f9eb-4616-9c2a-65bf7b8f5291,14.760000000000002,odom_x,/odom,0.04466178450481905,0.5
4a778017-f9eb-4616-9c2a-65bf7b8f5291,14.796000000000001,odom_x,/odom,0.04941424717848161,0.5
4a778017-f9eb-4616-9c2a-65bf7b8f5291,14.832,odom_x,/odom,0.05419399138588677,0.5
4a778017-f9eb-4616-9c2a-65bf7b8f5291,14.868,odom_x,/odom,0.0589736402758188,0.5
4a778017-f9eb-4616-9c2a-65bf7b8f5291,14.904000000000002,odom_x,/odom,0.06384050600408896,0.5
4a778017-f9eb-4616-9c2a-65bf7b8f5291,14.940000000000001,odom_x,/odom,0.06869795563398265,0.5
4a778017-f9eb-4616-9c2a-65bf7b8f5291,14.976,odom_x,/odom,0.07355164407751337,0.5
4a778017-f9eb-4616-9c2a-65bf7b8f5291,15.012,odom_x,/odom,0.0783830257742697,0.5
4a778017-f9eb-4616-9c2a-65bf7b8f5291,15.048000000000002,odom_x,/odom,0.08317390515257958,0.5
4a778017-f9eb-4616-9c2a-65bf7b8f5291,15.084000000000001,odom_x,/odom,0.08794292407143854,0.5
4a778017-f9eb-4616-9c2a-65bf7b8f5291,15.120000000000001,odom_x,/odom,0.09270646585968792,0.5
4a778017-f9eb-4616-9c2a-65bf7b8f5291,15.156,odom_x,/odom,0.09757978129790904,0.5
4a778017-f9eb-4616-9c2a-65bf7b8f5291,15.192,odom_x,/odom,0.10249038004894676,0.5
4a778017-f9eb-4616-9c2a-65bf7b8f5291,15.228000000000002,odom_x,/odom,0.10740713908178609,0.5
4a778017-f9eb-4616-9c2a-65bf7b8f5291,15.264000000000001,odom_x,/odom,0.11238352435036328,0.5
4a778017-f9eb-4616-9c2a-65bf7b8f5291,15.3,odom_x,/odom,0.11745705268821291,0.5
4a778017-f9eb-4616-9c2a-65bf7b8f5291,15.336,odom_x,/odom,0.1223146332222353,0.5
4a778017-f9eb-4616-9c2a-65bf7b8f5291,15.372000000000002,odom_x,/odom,0.12710103266444062,0.5
4a778017-f9eb-4616-9c2a-65bf7b8f5291,15.408000000000001,odom_x,/odom,0.13206276809324274,0.5
4a778017-f9eb-4616-9c2a-65bf7b8f5291,15.444,odom_x,/odom,0.1370316735924015,0.5
4a778017-f9eb-4616-9c2a-65bf7b8f5291,15.48,odom_x,/odom,0.14194503651855478,0.5
4a778017-f9eb-4616-9c2a-65bf7b8f5291,15.516000000000002,odom_x,/odom,0.14685422629713804,0.5
4a778017-f9eb-4616-9c2a-65bf7b8f5291,15.552000000000001,odom_x,/odom,0.15177116635541799,0.5
4a778017-f9eb-4616-9c2a-65bf7b8f5291,15.588000000000001,odom_x,/odom,0.15670911713057198,0.5
4a778017-f9eb-4616-9c2a-65bf7b8f5291,15.624,odom_x,/odom,0.1616501361681576,0.5
4a778017-f9eb-4616-9c2a-65bf7b8f5291,15.66,odom_x,/odom,0.16667074460543918,0.5
4a778017-f9eb-4616-9c2a-65bf7b8f5291,15.696000000000002,odom_x,/odom,0.17179415557751554,0.5
4a778017-f9eb-4616-9c2a-65bf7b8f5291,15.732000000000001,odom_x,/odom,0.1768111417007166,0.5
4a778017-f9eb-4616-9c2a-65bf7b8f5291,15.768,odom_x,/odom,0.18175315587609334,0.5
4a778017-f9eb-4616-9c2a-65bf7b8f5291,15.804,odom_x,/odom,0.18676047121824263,0.5
4a778017-f9eb-4616-9c2a-65bf7b8f5291,15.840000000000002,odom_x,/odom,0.191836529919551,0.5
4a778017-f9eb-4616-9c2a-65bf7b8f5291,15.876000000000001,odom_x,/odom,0.19691651224076126,0.5
4a778017-f9eb-4616-9c2a-65bf7b8f5291,15.912,odom_x,/odom,0.20207658328829223,0.5
4a778017-f9eb-4616-9c2a-65bf7b8f5291,15.948,odom_x,/odom,0.20716040943427583,0.5
4a778017-f9eb-4616-9c2a-65bf7b8f5291,15.984000000000002,odom_x,/odom,0.2122718699000052,0.5
4a778017-f9eb-4616-9c2a-65bf7b8f5291,16.02,odom_x,/odom,0.21740142585526265,0.5
4a778017-f9eb-4616-9c2a-65bf7b8f5291,16.056,odom_x,/odom,0.22269117390582696,0.5
4a778017-f9eb-4616-9c2a-65bf7b8f5291,16.092000000000002,odom_x,/odom,0.22808529115951715,0.5
4a778017-f9eb-4616-9c2a-65bf7b8f5291,16.128,odom_x,/odom,0.23351050273289262,0.5
4a778017-f9eb-4616-9c2a-65bf7b8f5291,16.164,odom_x,/odom,0.23892736799551828,0.5
4a778017-f9eb-4616-9c2a-65bf7b8f5291,16.2,odom_x,/odom,0.24438865756302638,0.5
4a778017-f9eb-4616-9c2a-65bf7b8f5291,16.236,odom_x,/odom,0.2499027792494301,0.5
4a778017-f9eb-4616-9c2a-65bf7b8f5291,16.272000000000002,odom_x,/odom,0.25542625978221006,0.5
4a778017-f9eb-4616-9c2a-65bf7b8f5291,16.308,odom_x,/odom,0.2608431984647761,0.5
4a778017-f9eb-4616-9c2a-65bf7b8f5291,16.344,odom_x,/odom,0.26619152366147997,0.5
4a778017-f9eb-4616-9c2a-65bf7b8f5291,16.380000000000003,odom_x,/odom,0.27163386414794327,0.5
4a778017-f9eb-4616-9c2a-65bf7b8f5291,16.416,odom_x,/odom,0.27708701671433456,0.5
4a778017-f9eb-4616-9c2a-65bf7b8f5291,16.452,odom_x,/odom,0.2825661496780011,0.5
4a778017-f9eb-4616-9c2a-65bf7b8f5291,16.488,odom_x,/odom,0.2881607085559757,0.5
4a778017-f9eb-4616-9c2a-65bf7b8f5291,16.524,odom_x,/odom,0.2937771175141134,0.5
4a778017-f9eb-4616-9c2a-65bf7b8f5291,16.560000000000002,odom_x,/odom,0.29951637817903365,0.5
4a778017-f9eb-4616-9c2a-65bf7b8f5291,16.596,odom_x,/odom,0.30525296171127725,0.5
4a778017-f9eb-4616-9c2a-65bf7b8f5291,16.632,odom_x,/odom,0.3110322336338284,0.5
4a778017-f9eb-4616-9c2a-65bf7b8f5291,16.668000000000003,odom_x,/odom,0.3168343620221742,0.5
4a778017-f9eb-4616-9c2a-65bf7b8f5291,16.704,odom_x,/odom,0.32249378343502105,0.5
4a778017-f9eb-4616-9c2a-65bf7b8f5291,16.740000000000002,odom_x,/odom,0.3281326913919112,0.5
4a778017-f9eb-4616-9c2a-65bf7b8f5291,16.776,odom_x,/odom,0.33377479383604125,0.5
4a778017-f9eb-4616-9c2a-65bf7b8f5291,16.812,odom_x,/odom,0.33941805431958155,0.5
4a778017-f9eb-4616-9c2a-65bf7b8f5291,16.848000000000003,odom_x,/odom,0.34507064028257006,0.5
4a778017-f9eb-4616-9c2a-65bf7b8f5291,16.884,odom_x,/odom,0.3507291357737374,0.5
4a778017-f9eb-4616-9c2a-65bf7b8f5291,16.92,odom_x,/odom,0.35638886634483347,0.5
4a778017-f9eb-4616-9c2a-65bf7b8f5291,16.956,odom_x,/odom,0.3622365885971392,0.5
4a778017-f9eb-4616-9c2a-65bf7b8f5291,16.992,odom_x,/odom,0.36818345425681065,0.5
4a778017-f9eb-4616-9c2a-65bf7b8f5291,17.028000000000002,odom_x,/odom,0.3741529149702278,0.5
4a778017-f9eb-4616-9c2a-65bf7b8f5291,17.064,odom_x,/odom,0.38022139863535653,0.5
4a778017-f9eb-4616-9c2a-65bf7b8f5291,17.1,odom_x,/odom,0.3865332361264633,0.5
4a778017-f9eb-4616-9c2a-65bf7b8f5291,17.136000000000003,odom_x,/odom,0.3929897715841891,0.5
4a778017-f9eb-4616-9c2a-65bf7b8f5291,17.172,odom_x,/odom,0.3994714588141764,0.5
4a778017-f9eb-4616-9c2a-65bf7b8f5291,17.208000000000002,odom_x,/odom,0.4058694702268169,0.5
4a778017-f9eb-4616-9c2a-65bf7b8f5291,17.244,odom_x,/odom,0.41216504678647425,0.5
4a778017-f9eb-4616-9c2a-65bf7b8f5291,17.28,odom_x,/odom,0.4183369931165869,0.5
4a778017-f9eb-4616-9c2a-65bf7b8f5291,17.316000000000003,odom_x,/odom,0.42450028967190984,0.5
4a778017-f9eb-4616-9c2a-65bf7b8f5291,17.352,odom_x,/odom,0.43065547739059323,0.5
4a778017-f9eb-4616-9c2a-65bf7b8f5291,17.388,odom_x,/odom,0.43692359928412705,0.5
4a778017-f9eb-4616-9c2a-65bf7b8f5291,17.424,odom_x,/odom,0.44321858170548695,0.5
4a778017-f9eb-4616-9c2a-65bf7b8f5291,17.46,odom_x,/odom,0.44955554881573984,0.5
4a778017-f9eb-4616-9c2a-65bf7b8f5291,17.496000000000002,odom_x,/odom,0.4558464364871938,0.5
4a778017-f9eb-4616-9c2a-65bf7b8f5291,17.532,odom_x,/odom,0.4622534751265781,0.5
4a778017-f9eb-4616-9c2a-65bf7b8f5291,17.568,odom_x,/odom,0.46871039161574574,0.5
4a778017-f9eb-4616-9c2a-65bf7b8f5291,17.604000000000003,odom_x,/odom,0.4750455349247555,0.5
4a778017-f9eb-4616-9c2a-65bf7b8f5291,17.64,odom_x,/odom,0.48148104931567415,0.5
4a778017-f9eb-4616-9c2a-65bf7b8f5291,17.676000000000002,odom_x,/odom,0.4879355954541595,0.5
4a778017-f9eb-4616-9c2a-65bf7b8f5291,17.712,odom_x,/odom,0.4943391665910359,0.5
4a778017-f9eb-4616-9c2a-65bf7b8f5291,17.748,odom_x,/odom,0.5008237115736003,0.5
4a778017-f9eb-4616-9c2a-65bf7b8f5291,17.784000000000002,odom_x,/odom,0.5073913177641288,0.5
4a778017-f9eb-4616-9c2a-65bf7b8f5291,17.82,odom_x,/odom,0.5139786852748717,0.5
4a778017-f9eb-4616-9c2a-65bf7b8f5291,17.856,odom_x,/odom,0.5206247996970355,0.5
4a778017-f9eb-4616-9c2a-65bf7b8f5291,17.892,odom_x,/odom,0.527289557745442,0.5
4a778017-f9eb-4616-9c2a-65bf7b8f5291,17.928,odom_x,/odom,0.5339579574420935,0.5
4a778017-f9eb-4616-9c2a-65bf7b8f5291,17.964000000000002,odom_x,/odom,0.5407250003670513,0.5
4a778017-f9eb-4616-9c2a-65bf7b8f5291,18.0,odom_x,/odom,0.547585115863285,0.5
4a778017-f9eb-4616-9c2a-65bf7b8f5291,18.036,odom_x,/odom,0.5542945217938169,0.5
4a778017-f9eb-4616-9c2a-65bf7b8f5291,18.072000000000003,odom_x,/odom,0.5609641043975299,0.5
4a778017-f9eb-4616-9c2a-65bf7b8f5291,18.108,odom_x,/odom,0.5674501998444009,0.5
4a778017-f9eb-4616-9c2a-65bf7b8f5291,18.144000000000002,odom_x,/odom,0.5737825833753323,0.5
4a778017-f9eb-4616-9c2a-65bf7b8f5291,18.18,odom_x,/odom,0.5802345266535438,0.5
4a778017-f9eb-4616-9c2a-65bf7b8f5291,18.216,odom_x,/odom,0.5867074646917918,0.5
4a778017-f9eb-4616-9c2a-65bf7b8f5291,18.252000000000002,odom_x,/odom,0.5933128189595245,0.5
4a778017-f9eb-4616-9c2a-65bf7b8f5291,18.288,odom_x,/odom,0.5999291673028639,0.5
4a778017-f9eb-4616-9c2a-65bf7b8f5291,18.324,odom_x,/odom,0.6065320905851582,0.5
4a778017-f9eb-4616-9c2a-65bf7b8f5291,18.36,odom_x,/odom,0.6131010518702725,0.5
4a778017-f9eb-4616-9c2a-65bf7b8f5291,18.396,odom_x,/odom,0.619764977587656,0.5
4a778017-f9eb-4616-9c2a-65bf7b8f5291,18.432000000000002,odom_x,/odom,0.6264061682915354,0.5
4a778017-f9eb-4616-9c2a-65bf7b8f5291,18.468,odom_x,/odom,0.6330259099378462,0.5
4a778017-f9eb-4616-9c2a-65bf7b8f5291,18.504,odom_x,/odom,0.6396008809260185,0.5
4a778017-f9eb-4616-9c2a-65bf7b8f5291,18.540000000000003,odom_x,/odom,0.646264624293447,0.5
4a778017-f9eb-4616-9c2a-65bf7b8f5291,18.576,odom_x,/odom,0.6529387780568715,0.5
4a778017-f9eb-4616-9c2a-65bf7b8f5291,18.612000000000002,odom_x,/odom,0.659582839242573,0.5
4a778017-f9eb-4616-9c2a-65bf7b8f5291,18.648,odom_x,/odom,0.6662187739320515,0.5
4a778017-f9eb-4616-9c2a-65bf7b8f5291,18.684,odom_x,/odom,0.6728920498682135,0.5
4a778017-f9eb-4616-9c2a-65bf7b8f5291,18.720000000000002,odom_x,/odom,0.679577477790356,0.5
4a778017-f9eb-4616-9c2a-65bf7b8f5291,18.756,odom_x,/odom,0.6862861285050947,0.5
4a778017-f9eb-4616-9c2a-65bf7b8f5291,18.792,odom_x,/odom,0.6929785968037678,0.5
4a778017-f9eb-4616-9c2a-65bf7b8f5291,18.828,odom_x,/odom,0.6996608349940073,0.5
4a778017-f9eb-4616-9c2a-65bf7b8f5291,18.864,odom_x,/odom,0.7061984319300033,0.5
4a778017-f9eb-4616-9c2a-65bf7b8f5291,18.900000000000002,odom_x,/odom,0.7126093361048075,0.5
4a778017-f9eb-4616-9c2a-65bf7b8f5291,18.936,odom_x,/odom,0.7191036882570703,0.5
4a778017-f9eb-4616-9c2a-65bf7b8f5291,18.972,odom_x,/odom,0.7256163095651739,0.5
4a778017-f9eb-4616-9c2a-65bf7b8f5291,19.011000000000003,odom_x,/odom,0.7319961502306189,0.5
4a778017-f9eb-4616-9c2a-65bf7b8f5291,19.044,odom_x,/odom,0.7384542079138451,0.5
4a778017-f9eb-4616-9c2a-65bf7b8f5291,19.080000000000002,odom_x,/odom,0.7449786140074108,0.5
4a778017-f9eb-4616-9c2a-65bf7b8f5291,19.116,odom_x,/odom,0.7515056601404518,0.5
4a778017-f9eb-4616-9c2a-65bf7b8f5291,19.152,odom_x,/odom,0.758081601331768,0.5
4a778017-f9eb-4616-9c2a-65bf7b8f5291,19.188000000000002,odom_x,/odom,0.7646719456644019,0.5
4a778017-f9eb-4616-9c2a-65bf7b8f5291,19.224,odom_x,/odom,0.7712605684043405,0.5
4a778017-f9eb-4616-9c2a-65bf7b8f5291,19.26,odom_x,/odom,0.777877496682273,0.5
4a778017-f9eb-4616-9c2a-65bf7b8f5291,19.296000000000003,odom_x,/odom,0.7844467995172111,0.5
4a778017-f9eb-4616-9c2a-65bf7b8f5291,19.332,odom_x,/odom,0.790971175763509,0.5
4a778017-f9eb-4616-9c2a-65bf7b8f5291,19.368000000000002,odom_x,/odom,0.7974782600132376,0.5
4a778017-f9eb-4616-9c2a-65bf7b8f5291,19.404,odom_x,/odom,0.8038456568814336,0.5
4a778017-f9eb-4616-9c2a-65bf7b8f5291,19.44,odom_x,/odom,0.8101907444619897,0.5
4a778017-f9eb-4616-9c2a-65bf7b8f5291,19.476000000000003,odom_x,/odom,0.8165392639410479,0.5
4a778017-f9eb-4616-9c2a-65bf7b8f5291,19.512,odom_x,/odom,0.8228670459589618,0.5
4a778017-f9eb-4616-9c2a-65bf7b8f5291,19.548000000000002,odom_x,/odom,0.8290884230668399,0.5
4a778017-f9eb-4616-9c2a-65bf7b8f5291,19.584,odom_x,/odom,0.8355112329192167,0.5
4a778017-f9eb-4616-9c2a-65bf7b8f5291,19.62,odom_x,/odom,0.8420477326150165,0.5
4a778017-f9eb-4616-9c2a-65bf7b8f5291,19.656000000000002,odom_x,/odom,0.848609361648136,0.5
4a778017-f9eb-4616-9c2a-65bf7b8f5291,19.692,odom_x,/odom,0.855194955748398,0.5
4a778017-f9eb-4616-9c2a-65bf7b8f5291,19.728,odom_x,/odom,0.8617901653072281,0.5
4a778017-f9eb-4616-9c2a-65bf7b8f5291,19.764000000000003,odom_x,/odom,0.8684355671570868,0.5
4a778017-f9eb-4616-9c2a-65bf7b8f5291,19.8,odom_x,/odom,0.875093216569704,0.5
4a778017-f9eb-4616-9c2a-65bf7b8f5291,19.836000000000002,odom_x,/odom,0.8817045857386878,0.5
4a778017-f9eb-4616-9c2a-65bf7b8f5291,19.872,odom_x,/odom,0.8883069528142116,0.5
4a778017-f9eb-4616-9c2a-65bf7b8f5291,19.911,odom_x,/odom,0.8948381817445213,0.5
4a778017-f9eb-4616-9c2a-65bf7b8f5291,19.944000000000003,odom_x,/odom,0.9013211494816976,0.5
4a778017-f9eb-4616-9c2a-65bf7b8f5291,19.98,odom_x,/odom,0.9076821957932169,0.5
4a778017-f9eb-4616-9c2a-65bf7b8f5291,20.016000000000002,odom_x,/odom,0.9140322194822297,0.5
4a778017-f9eb-4616-9c2a-65bf7b8f5291,20.052,odom_x,/odom,0.9203335554780134,0.5
4a778017-f9eb-4616-9c2a-65bf7b8f5291,20.088,odom_x,/odom,0.9266205737603486,0.5
4a778017-f9eb-4616-9c2a-65bf7b8f5291,20.124000000000002,odom_x,/odom,0.9329098050470787,0.5
4a778017-f9eb-4616-9c2a-65bf7b8f5291,20.16,odom_x,/odom,0.9392375996562815,0.5
4a778017-f9eb-4616-9c2a-65bf7b8f5291,20.196,odom_x,/odom,0.9457103609154188,0.5
4a778017-f9eb-4616-9c2a-65bf7b8f5291,20.232000000000003,odom_x,/odom,0.9520187098438581,0.5
4a778017-f9eb-4616-9c2a-65bf7b8f5291,20.268,odom_x,/odom,0.9581771702410243,0.5
4a778017-f9eb-4616-9c2a-65bf7b8f5291,20.304000000000002,odom_x,/odom,0.9643420997942898,0.5
4a778017-f9eb-4616-9c2a-65bf7b8f5291,20.34,odom_x,/odom,0.970408173554543,0.5
4a778017-f9eb-4616-9c2a-65bf7b8f5291,20.376,odom_x,/odom,0.9764649823717286,0.5
4a778017-f9eb-4616-9c2a-65bf7b8f5291,20.412000000000003,odom_x,/odom,0.9826259927998858,0.5
4a778017-f9eb-4616-9c2a-65bf7b8f5291,20.448,odom_x,/odom,0.9888665418678001,0.5
4a778017-f9eb-4616-9c2a-65bf7b8f5291,20.484,odom_x,/odom,0.9951012367013035,0.5
4a778017-f9eb-4616-9c2a-65bf7b8f5291,20.52,odom_x,/odom,1.001332677340379,0.5
4a778017-f9eb-4616-9c2a-65bf7b8f5291,20.556,odom_x,/odom,1.007584041038671,0.5
4a778017-f9eb-4616-9c2a-65bf7b8f5291,20.592000000000002,odom_x,/odom,1.0137806527959234,0.5
4a778017-f9eb-4616-9c2a-65bf7b8f5291,20.628,odom_x,/odom,1.0199479541354037,0.5
4a778017-f9eb-4616-9c2a-65bf7b8f5291,20.664,odom_x,/odom,1.0261720548199278,0.5
4a778017-f9eb-4616-9c2a-65bf7b8f5291,20.700000000000003,odom_x,/odom,1.0323211858797021,0.5
4a778017-f9eb-4616-9c2a-65bf7b8f5291,20.736,odom_x,/odom,1.0383924040475712,0.5
4a778017-f9eb-4616-9c2a-65bf7b8f5291,20.772000000000002,odom_x,/odom,1.0444498165967215,0.5
4a778017-f9eb-4616-9c2a-65bf7b8f5291,20.811,odom_x,/odom,1.0507159091120635,0.5
4a778017-f9eb-4616-9c2a-65bf7b8f5291,20.844,odom_x,/odom,1.0570525023925452,0.5
4a778017-f9eb-4616-9c2a-65bf7b8f5291,20.880000000000003,odom_x,/odom,1.0632909900706102,0.5
4a778017-f9eb-4616-9c2a-65bf7b8f5291,20.916,odom_x,/odom,1.069520279306041,0.5
4a778017-f9eb-4616-9c2a-65bf7b8f5291,20.952,odom_x,/odom,1.0756638045059779,0.5
4a778017-f9eb-4616-9c2a-65bf7b8f5291,20.988,odom_x,/odom,1.0817526391653902,0.5
4a778017-f9eb-4616-9c2a-65bf7b8f5291,21.024,odom_x,/odom,1.0878397873067644,0.5
4a778017-f9eb-4616-9c2a-65bf7b8f5291,21.060000000000002,odom_x,/odom,1.0939045311518696,0.5
4a778017-f9eb-4616-9c2a-65bf7b8f5291,21.096,odom_x,/odom,1.1000176705857652,0.5
4a778017-f9eb-4616-9c2a-65bf7b8f5291,21.132,odom_x,/odom,1.1061561548235228,0.5
4a778017-f9eb-4616-9c2a-65bf7b8f5291,21.168000000000003,odom_x,/odom,1.1123023219460764,0.5
4a778017-f9eb-4616-9c2a-65bf7b8f5291,21.204,odom_x,/odom,1.1184228613496812,0.5
4a778017-f9eb-4616-9c2a-65bf7b8f5291,21.240000000000002,odom_x,/odom,1.124516826801935,0.5
4a778017-f9eb-4616-9c2a-65bf7b8f5291,21.276,odom_x,/odom,1.1306092070302187,0.5
4a778017-f9eb-4616-9c2a-65bf7b8f5291,21.312,odom_x,/odom,1.1367751369442438,0.5
4a778017-f9eb-4616-9c2a-65bf7b8f5291,21.348000000000003,odom_x,/odom,1.1428931200025803,0.5
4a778017-f9eb-4616-9c2a-65bf7b8f5291,21.384,odom_x,/odom,1.1491361163220315,0.5
4a778017-f9eb-4616-9c2a-65bf7b8f5291,21.42,odom_x,/odom,1.155436684600271,0.5
4a778017-f9eb-4616-9c2a-65bf7b8f5291,21.456000000000003,odom_x,/odom,1.1616819644962022,0.5
4a778017-f9eb-4616-9c2a-65bf7b8f5291,21.492,odom_x,/odom,1.1679171962689354,0.5
4a778017-f9eb-4616-9c2a-65bf7b8f5291,21.528000000000002,odom_x,/odom,1.174152957460969,0.5
4a778017-f9eb-4616-9c2a-65bf7b8f5291,21.564,odom_x,/odom,1.1802888415474897,0.5
4a778017-f9eb-4616-9c2a-65bf7b8f5291,21.6,odom_x,/odom,1.186465296262057,0.5
4a778017-f9eb-4616-9c2a-65bf7b8f5291,21.636000000000003,odom_x,/odom,1.1927045814331043,0.5
4a778017-f9eb-4616-9c2a-65bf7b8f5291,21.672,odom_x,/odom,1.1989550590944078,0.5
4a778017-f9eb-4616-9c2a-65bf7b8f5291,21.711000000000002,odom_x,/odom,1.205251422971661,0.5
4a778017-f9eb-4616-9c2a-65bf7b8f5291,21.744,odom_x,/odom,1.2116061568036733,0.5
4a778017-f9eb-4616-9c2a-65bf7b8f5291,21.78,odom_x,/odom,1.2179700520544492,0.5
4a778017-f9eb-4616-9c2a-65bf7b8f5291,21.816000000000003,odom_x,/odom,1.224333280307949,0.5
4a778017-f9eb-4616-9c2a-65bf7b8f5291,21.852,odom_x,/odom,1.2306514135019764,0.5
4a778017-f9eb-4616-9c2a-65bf7b8f5291,21.888,odom_x,/odom,1.2370064493488588,0.5
4a778017-f9eb-4616-9c2a-65bf7b8f5291,21.924000000000003,odom_x,/odom,1.2433733751837177,0.5
4a778017-f9eb-4616-9c2a-65bf7b8f5291,21.96,odom_x,/odom,1.2497335439035373,0.5
4a778017-f9eb-4616-9c2a-65bf7b8f5291,21.996000000000002,odom_x,/odom,1.2560333195932043,0.5
4a778017-f9eb-4616-9c2a-65bf7b8f5291,22.032,odom_x,/odom,1.2622583203674556,0.5
4a778017-f9eb-4616-9c2a-65bf7b8f5291,22.068,odom_x,/odom,1.2684624123206247,0.5
4a778017-f9eb-4616-9c2a-65bf7b8f5291,22.104000000000003,odom_x,/odom,1.2746169831239136,0.5
4a778017-f9eb-4616-9c2a-65bf7b8f5291,22.14,odom_x,/odom,1.2808615526014933,0.5
4a778017-f9eb-4616-9c2a-65bf7b8f5291,22.176000000000002,odom_x,/odom,1.2871166739500755,0.5
4a778017-f9eb-4616-9c2a-65bf7b8f5291,22.212,odom_x,/odom,1.2933874218333985,0.5
4a778017-f9eb-4616-9c2a-65bf7b8f5291,22.248,odom_x,/odom,1.2995332463729683,0.5
4a778017-f9eb-4616-9c2a-65bf7b8f5291,22.284000000000002,odom_x,/odom,1.30567284890387,0.5
4a778017-f9eb-4616-9c2a-65bf7b8f5291,22.32,odom_x,/odom,1.3118211246099793,0.5
4a778017-f9eb-4616-9c2a-65bf7b8f5291,22.356,odom_x,/odom,1.3179817331606616,0.5
4a778017-f9eb-4616-9c2a-65bf7b8f5291,22.392000000000003,odom_x,/odom,1.324233364585625,0.5
4a778017-f9eb-4616-9c2a-65bf7b8f5291,22.428,odom_x,/odom,1.330532837922815,0.5
4a778017-f9eb-4616-9c2a-65bf7b8f5291,22.464000000000002,odom_x,/odom,1.336776159776961,0.5
4a778017-f9eb-4616-9c2a-65bf7b8f5291,22.5,odom_x,/odom,1.3429112073310185,0.5
4a778017-f9eb-4616-9c2a-65bf7b8f5291,22.536,odom_x,/odom,1.3491167231523837,0.5
4a778017-f9eb-4616-9c2a-65bf7b8f5291,22.572000000000003,odom_x,/odom,1.3553379672831065,0.5
4a778017-f9eb-4616-9c2a-65bf7b8f5291,22.608,odom_x,/odom,1.3616325832679186,0.5
4a778017-f9eb-4616-9c2a-65bf7b8f5291,22.644000000000002,odom_x,/odom,1.367843241351224,0.5
4a778017-f9eb-4616-9c2a-65bf7b8f5291,22.68,odom_x,/odom,1.3742018218717844,0.5
4a778017-f9eb-4616-9c2a-65bf7b8f5291,22.716,odom_x,/odom,1.3805863595492884,0.5
4a778017-f9eb-4616-9c2a-65bf7b8f5291,22.752000000000002,odom_x,/odom,1.387094814182756,0.5
4a778017-f9eb-4616-9c2a-65bf7b8f5291,22.788,odom_x,/odom,1.3933923468986764,0.5
4a778017-f9eb-4616-9c2a-65bf7b8f5291,22.824,odom_x,/odom,1.3995796070234543,0.5
4a778017-f9eb-4616-9c2a-65bf7b8f5291,22.860000000000003,odom_x,/odom,1.4057843807346784,0.5
4a778017-f9eb-4616-9c2a-65bf7b8f5291,22.896,odom_x,/odom,1.4120388148626255,0.5
4a778017-f9eb-4616-9c2a-65bf7b8f5291,22.932000000000002,odom_x,/odom,1.4182564689085422,0.5
4a778017-f9eb-4616-9c2a-65bf7b8f5291,22.968,odom_x,/odom,1.4244509384282098,0.5
4a778017-f9eb-4616-9c2a-65bf7b8f5291,23.004,odom_x,/odom,1.430589380625095,0.5
4a778017-f9eb-4616-9c2a-65bf7b8f5291,23.040000000000003,odom_x,/odom,1.4368724604838503,0.5
4a778017-f9eb-4616-9c2a-65bf7b8f5291,23.076,odom_x,/odom,1.443177410881173,0.5
4a778017-f9eb-4616-9c2a-65bf7b8f5291,23.112000000000002,odom_x,/odom,1.4495280550101726,0.5
4a778017-f9eb-4616-9c2a-65bf7b8f5291,23.148,odom_x,/odom,1.455790513586864,0.5
4a778017-f9eb-4616-9c2a-65bf7b8f5291,23.184,odom_x,/odom,1.4620762900629316,0.5
4a778017-f9eb-4616-9c2a-65bf7b8f5291,23.220000000000002,odom_x,/odom,1.4683781788191168,0.5
4a778017-f9eb-4616-9c2a-65bf7b8f5291,23.256,odom_x,/odom,1.4746678411415717,0.5
4a778017-f9eb-4616-9c2a-65bf7b8f5291,23.292,odom_x,/odom,1.4810506222491278,0.5
4a778017-f9eb-4616-9c2a-65bf7b8f5291,23.328000000000003,odom_x,/odom,1.4874862357139145,0.5
4a778017-f9eb-4616-9c2a-65bf7b8f5291,23.364,odom_x,/odom,1.4938315348349915,0.5
4a778017-f9eb-4616-9c2a-65bf7b8f5291,23.400000000000002,odom_x,/odom,1.500149185300206,0.5
4a778017-f9eb-4616-9c2a-65bf7b8f5291,23.436,odom_x,/odom,1.5063955501839297,0.5
4a778017-f9eb-4616-9c2a-65bf7b8f5291,23.472,odom_x,/odom,1.5126275779456395,0.5
4a778017-f9eb-4616-9c2a-65bf7b8f5291,23.508000000000003,odom_x,/odom,1.5188479317896122,0.5
4a778017-f9eb-4616-9c2a-65bf7b8f5291,23.544,odom_x,/odom,1.5251650538377435,0.5
4a778017-f9eb-4616-9c2a-65bf7b8f5291,23.580000000000002,odom_x,/odom,1.5314764461660186,0.5
4a778017-f9eb-4616-9c2a-65bf7b8f5291,23.616000000000003,odom_x,/odom,1.5377840219148298,0.5
4a778017-f9eb-4616-9c2a-65bf7b8f5291,23.652,odom_x,/odom,1.5441003525236343,0.5
4a778017-f9eb-4616-9c2a-65bf7b8f5291,23.688000000000002,odom_x,/odom,1.5503781713276092,0.5
4a778017-f9eb-4616-9c2a-65bf7b8f5291,23.724,odom_x,/odom,1.5566474092628875,0.5
4a778017-f9eb-4616-9c2a-65bf7b8f5291,23.76,odom_x,/odom,1.5629841272812053,0.5
4a778017-f9eb-4616-9c2a-65bf7b8f5291,23.796000000000003,odom_x,/odom,1.5694663172306407,0.5
4a778017-f9eb-4616-9c2a-65bf7b8f5291,23.832,odom_x,/odom,1.5760843331584968,0.5
4a778017-f9eb-4616-9c2a-65bf7b8f5291,23.868000000000002,odom_x,/odom,1.5827593180911603,0.5
4a778017-f9eb-4616-9c2a-65bf7b8f5291,23.904,odom_x,/odom,1.5894436175692623,0.5
4a778017-f9eb-4616-9c2a-65bf7b8f5291,23.94,odom_x,/odom,1.5960971990835182,0.5
4a778017-f9eb-4616-9c2a-65bf7b8f5291,23.976000000000003,odom_x,/odom,1.602747688407244,0.5
4a778017-f9eb-4616-9c2a-65bf7b8f5291,24.012,odom_x,/odom,1.6094366393406239,0.5
4a778017-f9eb-4616-9c2a-65bf7b8f5291,24.048000000000002,odom_x,/odom,1.615991796037518,0.5
4a778017-f9eb-4616-9c2a-65bf7b8f5291,24.084000000000003,odom_x,/odom,1.6224397768426482,0.5
4a778017-f9eb-4616-9c2a-65bf7b8f5291,24.12,odom_x,/odom,1.6288650304097056,0.5
4a778017-f9eb-4616-9c2a-65bf7b8f5291,24.156000000000002,odom_x,/odom,1.635292774426206,0.5
4a778017-f9eb-4616-9c2a-65bf7b8f5291,24.192,odom_x,/odom,1.6417929250462255,0.5
4a778017-f9eb-4616-9c2a-65bf7b8f5291,24.228,odom_x,/odom,1.648329026546652,0.5
4a778017-f9eb-4616-9c2a-65bf7b8f5291,24.264000000000003,odom_x,/odom,1.65489823033587,0.5
4a778017-f9eb-4616-9c2a-65bf7b8f5291,24.3,odom_x,/odom,1.6613831344662997,0.5
4a778017-f9eb-4616-9c2a-65bf7b8f5291,24.336000000000002,odom_x,/odom,1.6678472388934749,0.5
4a778017-f9eb-4616-9c2a-65bf7b8f5291,24.372,odom_x,/odom,1.6743089197783476,0.5
4a778017-f9eb-4616-9c2a-65bf7b8f5291,24.408,odom_x,/odom,1.6808603995839226,0.5
4a778017-f9eb-4616-9c2a-65bf7b8f5291,24.444000000000003,odom_x,/odom,1.687492855117712,0.5
4a778017-f9eb-4616-9c2a-65bf7b8f5291,24.48,odom_x,/odom,1.6939672762450848,0.5
4a778017-f9eb-4616-9c2a-65bf7b8f5291,24.516000000000002,odom_x,/odom,1.7004166847237108,0.5
4a778017-f9eb-4616-9c2a-65bf7b8f5291,24.552000000000003,odom_x,/odom,1.7069133583129257,0.5
4a778017-f9eb-4616-9c2a-65bf7b8f5291,24.588,odom_x,/odom,1.7134647347082341,0.5
4a778017-f9eb-4616-9c2a-65bf7b8f5291,24.624000000000002,odom_x,/odom,1.7200223389318214,0.5
4a778017-f9eb-4616-9c2a-65bf7b8f5291,24.66,odom_x,/odom,1.726540772978216,0.5
4a778017-f9eb-4616-9c2a-65bf7b8f5291,24.696,odom_x,/odom,1.7331235926514599,0.5
4a778017-f9eb-4616-9c2a-65bf7b8f5291,24.732000000000003,odom_x,/odom,1.7398696870523611,0.5
4a778017-f9eb-4616-9c2a-65bf7b8f5291,24.768,odom_x,/odom,1.7467114394391585,0.5
4a778017-f9eb-4616-9c2a-65bf7b8f5291,24.804000000000002,odom_x,/odom,1.7535491524857043,0.5
4a778017-f9eb-4616-9c2a-65bf7b8f5291,24.84,odom_x,/odom,1.7605141557324906,0.5
4a778017-f9eb-4616-9c2a-65bf7b8f5291,24.876,odom_x,/odom,1.7674939955563278,0.5
4a778017-f9eb-4616-9c2a-65bf7b8f5291,24.912000000000003,odom_x,/odom,1.7744464858638977,0.5
4a778017-f9eb-4616-9c2a-65bf7b8f5291,24.948,odom_x,/odom,1.781455532066367,0.5
4a778017-f9eb-4616-9c2a-65bf7b8f5291,24.984,odom_x,/odom,1.788344666890719,0.5
4a778017-f9eb-4616-9c2a-65bf7b8f5291,25.020000000000003,odom_x,/odom,1.7951802923809737,0.5
4a778017-f9eb-4616-9c2a-65bf7b8f5291,25.056,odom_x,/odom,1.8019943918415746,0.5
4a778017-f9eb-4616-9c2a-65bf7b8f5291,25.092000000000002,odom_x,/odom,1.8088713711329096,0.5
4a778017-f9eb-4616-9c2a-65bf7b8f5291,25.128,odom_x,/odom,1.815781882368376,0.5
4a778017-f9eb-4616-9c2a-65bf7b8f5291,25.164,odom_x,/odom,1.8227123547099726,0.5
4a778017-f9eb-4616-9c2a-65bf7b8f5291,25.200000000000003,odom_x,/odom,1.8296512558370372,0.5
4a778017-f9eb-4616-9c2a-65bf7b8f5291,25.236,odom_x,/odom,1.8366024688078555,0.5
4a778017-f9eb-4616-9c2a-65bf7b8f5291,25.272000000000002,odom_x,/odom,1.8435560094755452,0.5
4a778017-f9eb-4616-9c2a-65bf7b8f5291,25.311,odom_x,/odom,1.8504768130162619,0.5
4a778017-f9eb-4616-9c2a-65bf7b8f5291,25.344,odom_x,/odom,1.8573540386367515,0.5
4a778017-f9eb-4616-9c2a-65bf7b8f5291,25.380000000000003,odom_x,/odom,1.8641605491979365,0.5
4a778017-f9eb-4616-9c2a-65bf7b8f5291,25.416,odom_x,/odom,1.8709616624231271,0.5
4a778017-f9eb-4616-9c2a-65bf7b8f5291,25.452,odom_x,/odom,1.877675321721021,0.5
4a778017-f9eb-4616-9c2a-65bf7b8f5291,25.488000000000003,odom_x,/odom,1.884357288211617,0.5
4a778017-f9eb-4616-9c2a-65bf7b8f5291,25.524,odom_x,/odom,1.891042205638452,0.5
4a778017-f9eb-4616-9c2a-65bf7b8f5291,25.560000000000002,odom_x,/odom,1.8978478348537313,0.5
4a778017-f9eb-4616-9c2a-65bf7b8f5291,25.596,odom_x,/odom,1.9047321291025026,0.5
4a778017-f9eb-4616-9c2a-65bf7b8f5291,25.632,odom_x,/odom,1.91153739056197,0.5
4a778017-f9eb-4616-9c2a-65bf7b8f5291,25.668000000000003,odom_x,/odom,1.9182924693873271,0.5
4a778017-f9eb-4616-9c2a-65bf7b8f5291,25.704,odom_x,/odom,1.9249887871709237,0.5
4a778017-f9eb-4616-9c2a-65bf7b8f5291,25.740000000000002,odom_x,/odom,1.9316044321238124,0.5
4a778017-f9eb-4616-9c2a-65bf7b8f5291,25.776000000000003,odom_x,/odom,1.9382147464132313,0.5
4a778017-f9eb-4616-9c2a-65bf7b8f5291,25.812,odom_x,/odom,1.944865595727238,0.5
4a778017-f9eb-4616-9c2a-65bf7b8f5291,25.848000000000003,odom_x,/odom,1.9516586809845347,0.5
4a778017-f9eb-4616-9c2a-65bf7b8f5291,25.884,odom_x,/odom,1.958419375809663,0.5
4a778017-f9eb-4616-9c2a-65bf7b8f5291,25.92,odom_x,/odom,1.9651597864170214,0.5
4a778017-f9eb-4616-9c2a-65bf7b8f5291,25.956000000000003,odom_x,/odom,1.9718741387751892,0.5
4a778017-f9eb-4616-9c2a-65bf7b8f5291,25.992,odom_x,/odom,1.9786253294608405,0.5
4a778017-f9eb-4616-9c2a-65bf7b8f5291,26.028000000000002,odom_x,/odom,1.985397608786744,0.5
4a778017-f9eb-4616-9c2a-65bf7b8f5291,26.064,odom_x,/odom,1.9919682197245285,0.5
4a778017-f9eb-4616-9c2a-65bf7b8f5291,26.1,odom_x,/odom,1.9984642962195973,0.5
4a778017-f9eb-4616-9c2a-65bf7b8f5291,26.136000000000003,odom_x,/odom,2.00490018506,0.5
4a778017-f9eb-4616-9c2a-65bf7b8f5291,26.172,odom_x,/odom,2.011323685759097,0.5
4a778017-f9eb-4616-9c2a-65bf7b8f5291,26.211000000000002,odom_x,/odom,2.0178701061535396,0.5
4a778017-f9eb-4616-9c2a-65bf7b8f5291,26.244000000000003,odom_x,/odom,2.024400208528779,0.5
4a778017-f9eb-4616-9c2a-65bf7b8f5291,26.28,odom_x,/odom,2.0308005850495334,0.5
4a778017-f9eb-4616-9c2a-65bf7b8f5291,26.316000000000003,odom_x,/odom,2.0371889025213576,0.5
4a778017-f9eb-4616-9c2a-65bf7b8f5291,26.352,odom_x,/odom,2.0435243656288664,0.5
4a778017-f9eb-4616-9c2a-65bf7b8f5291,26.388,odom_x,/odom,2.049839135898605,0.5
4a778017-f9eb-4616-9c2a-65bf7b8f5291,26.424000000000003,odom_x,/odom,2.0561550832106485,0.5
4a778017-f9eb-4616-9c2a-65bf7b8f5291,26.46,odom_x,/odom,2.062309562942263,0.5
4a778017-f9eb-4616-9c2a-65bf7b8f5291,26.496000000000002,odom_x,/odom,2.0685049138762728,0.5
4a778017-f9eb-4616-9c2a-65bf7b8f5291,26.532,odom_x,/odom,2.074622440084713,0.5
4a778017-f9eb-4616-9c2a-65bf7b8f5291,26.568,odom_x,/odom,2.0806908917741604,0.5
4a778017-f9eb-4616-9c2a-65bf7b8f5291,26.604000000000003,odom_x,/odom,2.086767202428899,0.5
4a778017-f9eb-4616-9c2a-65bf7b8f5291,26.64,odom_x,/odom,2.092796331487936,0.5
4a778017-f9eb-4616-9c2a-65bf7b8f5291,26.676000000000002,odom_x,/odom,2.098820905251957,0.5
4a778017-f9eb-4616-9c2a-65bf7b8f5291,26.712000000000003,odom_x,/odom,2.104876631330962,0.5
4a778017-f9eb-4616-9c2a-65bf7b8f5291,26.748,odom_x,/odom,2.1109380022446613,0.5
4a778017-f9eb-4616-9c2a-65bf7b8f5291,26.784000000000002,odom_x,/odom,2.11700325837462,0.5
4a778017-f9eb-4616-9c2a-65bf7b8f5291,26.82,odom_x,/odom,2.1230704860343574,0.5
4a778017-f9eb-4616-9c2a-65bf7b8f5291,26.856,odom_x,/odom,2.129143092643711,0.5
4a778017-f9eb-4616-9c2a-65bf7b8f5291,26.892000000000003,odom_x,/odom,2.1352663806303087,0.5
4a778017-f9eb-4616-9c2a-65bf7b8f5291,26.928,odom_x,/odom,2.1414144734436005,0.5
4a778017-f9eb-4616-9c2a-65bf7b8f5291,26.964000000000002,odom_x,/odom,2.147563029306556,0.5
4a778017-f9eb-4616-9c2a-65bf7b8f5291,27.0,odom_x,/odom,2.153722811525505,0.5
4a778017-f9eb-4616-9c2a-65bf7b8f5291,27.036,odom_x,/odom,2.1598562677584394,0.5
4a778017-f9eb-4616-9c2a-65bf7b8f5291,27.072000000000003,odom_x,/odom,2.1659842591210405,0.5
4a778017-f9eb-4616-9c2a-65bf7b8f5291,27.111,odom_x,/odom,2.1720261787212567,0.5
4a778017-f9eb-4616-9c2a-65bf7b8f5291,27.144000000000002,odom_x,/odom,2.177991976669936,0.5
4a778017-f9eb-4616-9c2a-65bf7b8f5291,27.180000000000003,odom_x,/odom,2.1838965400969084,0.5
4a778017-f9eb-4616-9c2a-65bf7b8f5291,27.216,odom_x,/odom,2.189797322095461,0.5
4a778017-f9eb-4616-9c2a-65bf7b8f5291,27.252000000000002,odom_x,/odom,2.1956560731252925,0.5
4a778017-f9eb-4616-9c2a-65bf7b8f5291,27.288,odom_x,/odom,2.2015200338477143,0.5
4a778017-f9eb-4616-9c2a-65bf7b8f5291,27.324,odom_x,/odom,2.2073892386867127,0.5
4a778017-f9eb-4616-9c2a-65bf7b8f5291,27.360000000000003,odom_x,/odom,2.2132996081246743,0.5
4a778017-f9eb-4616-9c2a-65bf7b8f5291,27.396,odom_x,/odom,2.2191252382060034,0.5
4a778017-f9eb-4616-9c2a-65bf7b8f5291,27.432000000000002,odom_x,/odom,2.224922496141069,0.5
4a778017-f9eb-4616-9c2a-65bf7b8f5291,27.468,odom_x,/odom,2.2307144157754575,0.5
4a778017-f9eb-4616-9c2a-65bf7b8f5291,27.504,odom_x,/odom,2.2364056787087954,0.5
4a778017-f9eb-4616-9c2a-65bf7b8f5291,27.540000000000003,odom_x,/odom,2.2420371408691717,0.5
4a778017-f9eb-4616-9c2a-65bf7b8f5291,27.576,odom_x,/odom,2.2476665112216496,0.5
4a778017-f9eb-4616-9c2a-65bf7b8f5291,27.612000000000002,odom_x,/odom,2.2532904399846436,0.5
4a778017-f9eb-4616-9c2a-65bf7b8f5291,27.648000000000003,odom_x,/odom,2.258924596646813,0.5
4a778017-f9eb-4616-9c2a-65bf7b8f5291,27.684,odom_x,/odom,2.264604678442295,0.5
4a778017-f9eb-4616-9c2a-65bf7b8f5291,27.720000000000002,odom_x,/odom,2.2702992108010793,0.5
4a778017-f9eb-4616-9c2a-65bf7b8f5291,27.756,odom_x,/odom,2.275939519319549,0.5
4a778017-f9eb-4616-9c2a-65bf7b8f5291,27.792,odom_x,/odom,2.281607099079561,0.5
4a778017-f9eb-4616-9c2a-65bf7b8f5291,27.828000000000003,odom_x,/odom,2.2872937428482394,0.5
4a778017-f9eb-4616-9c2a-65bf7b8f5291,27.864,odom_x,/odom,2.292904664120451,0.5
4a778017-f9eb-4616-9c2a-65bf7b8f5291,27.900000000000002,odom_x,/odom,2.2983874541885263,0.5
4a778017-f9eb-4616-9c2a-65bf7b8f5291,27.936000000000003,odom_x,/odom,2.3037704631991316,0.5
4a778017-f9eb-4616-9c2a-65bf7b8f5291,27.972,odom_x,/odom,2.3091354671203663,0.5
4a778017-f9eb-4616-9c2a-65bf7b8f5291,28.011000000000003,odom_x,/odom,2.314539503197075,0.5
4a778017-f9eb-4616-9c2a-65bf7b8f5291,28.044,odom_x,/odom,2.3199344878649355,0.5
4a778017-f9eb-4616-9c2a-65bf7b8f5291,28.080000000000002,odom_x,/odom,2.3252452546973688,0.5
4a778017-f9eb-4616-9c2a-65bf7b8f5291,28.116000000000003,odom_x,/odom,2.3305488617590577,0.5
4a778017-f9eb-4616-9c2a-65bf7b8f5291,28.152,odom_x,/odom,2.3359722638363567,0.5
4a778017-f9eb-4616-9c2a-65bf7b8f5291,28.188000000000002,odom_x,/odom,2.3413564941841654,0.5
4a778017-f9eb-4616-9c2a-65bf7b8f5291,28.224,odom_x,/odom,2.346716270276891,0.5
4a778017-f9eb-4616-9c2a-65bf7b8f5291,28.26,odom_x,/odom,2.35203457532744,0.5
4a778017-f9eb-4616-9c2a-65bf7b8f5291,28.296000000000003,odom_x,/odom,2.357305156581207,0.5
4a778017-f9eb-4616-9c2a-65bf7b8f5291,28.332,odom_x,/odom,2.3626090325871165,0.5
4a778017-f9eb-4616-9c2a-65bf7b8f5291,28.368000000000002,odom_x,/odom,2.3679339434673103,0.5
4a778017-f9eb-4616-9c2a-65bf7b8f5291,28.404000000000003,odom_x,/odom,2.3732783001789435,0.5
4a778017-f9eb-4616-9c2a-65bf7b8f5291,28.44,odom_x,/odom,2.3786277628092902,0.5
4a778017-f9eb-4616-9c2a-65bf7b8f5291,28.476000000000003,odom_x,/odom,2.3839770797341515,0.5
4a778017-f9eb-4616-9c2a-65bf7b8f5291,28.512,odom_x,/odom,2.389326704505799,0.5
4a778017-f9eb-4616-9c2a-65bf7b8f5291,28.548000000000002,odom_x,/odom,2.3946309928441156,0.5
4a778017-f9eb-4616-9c2a-65bf7b8f5291,28.584000000000003,odom_x,/odom,2.399918150701482,0.5
4a778017-f9eb-4616-9c2a-65bf7b8f5291,28.62,odom_x,/odom,2.405202626016974,0.5
4a778017-f9eb-4616-9c2a-65bf7b8f5291,28.656000000000002,odom_x,/odom,2.4104094669453118,0.5
4a778017-f9eb-4616-9c2a-65bf7b8f5291,28.692,odom_x,/odom,2.4156819102796683,0.5
4a778017-f9eb-4616-9c2a-65bf7b8f5291,28.728,odom_x,/odom,2.420996881716354,0.5
4a778017-f9eb-4616-9c2a-65bf7b8f5291,28.764000000000003,odom_x,/odom,2.42614642148731,0.5
4a778017-f9eb-4616-9c2a-65bf7b8f5291,28.8,odom_x,/odom,2.4312548709013786,0.5
4a778017-f9eb-4616-9c2a-65bf7b8f5291,28.836000000000002,odom_x,/odom,2.436333040490777,0.5
4a778017-f9eb-4616-9c2a-65bf7b8f5291,28.872000000000003,odom_x,/odom,2.441404585768228,0.5
4a778017-f9eb-4616-9c2a-65bf7b8f5291,28.911,odom_x,/odom,2.4464793277620034,0.5
4a778017-f9eb-4616-9c2a-65bf7b8f5291,28.944000000000003,odom_x,/odom,2.4515317152136977,0.5
4a778017-f9eb-4616-9c2a-65bf7b8f5291,28.98,odom_x,/odom,2.4564992441809306,0.5
4a778017-f9eb-4616-9c2a-65bf7b8f5291,29.016000000000002,odom_x,/odom,2.461459750396294,0.5
4a778017-f9eb-4616-9c2a-65bf7b8f5291,29.052000000000003,odom_x,/odom,2.4663694257902065,0.5
4a778017-f9eb-4616-9c2a-65bf7b8f5291,29.088,odom_x,/odom,2.471183368050155,0.5
4a778017-f9eb-4616-9c2a-65bf7b8f5291,29.124000000000002,odom_x,/odom,2.475983237455867,0.5
4a778017-f9eb-4616-9c2a-65bf7b8f5291,29.16,odom_x,/odom,2.480831447055232,0.5
4a778017-f9eb-4616-9c2a-65bf7b8f5291,29.196,odom_x,/odom,2.485719495936688,0.5
4a778017-f9eb-4616-9c2a-65bf7b8f5291,29.232000000000003,odom_x,/odom,2.4907010465809845,0.5
4a778017-f9eb-4616-9c2a-65bf7b8f5291,29.268,odom_x,/odom,2.4957288989458717,0.5
4a778017-f9eb-4616-9c2a-65bf7b8f5291,29.304000000000002,odom_x,/odom,2.5008220684523357,0.5
4a778017-f9eb-4616-9c2a-65bf7b8f5291,29.340000000000003,odom_x,/odom,2.505907612823154,0.5
4a778017-f9eb-4616-9c2a-65bf7b8f5291,29.376,odom_x,/odom,2.51099048584845,0.5
4a778017-f9eb-4616-9c2a-65bf7b8f5291,29.412000000000003,odom_x,/odom,2.516001611519571,0.5
4a778017-f9eb-4616-9c2a-65bf7b8f5291,29.448,odom_x,/odom,2.520947333662425,0.5
4a778017-f9eb-4616-9c2a-65bf7b8f5291,29.484,odom_x,/odom,2.525849930638591,0.5
4a778017-f9eb-4616-9c2a-65bf7b8f5291,29.520000000000003,odom_x,/odom,2.5307401301688053,0.5
4a778017-f9eb-4616-9c2a-65bf7b8f5291,29.556,odom_x,/odom,2.535653251079757,0.5
4a778017-f9eb-4616-9c2a-65bf7b8f5291,29.592000000000002,odom_x,/odom,2.5405623350781936,0.5
4a778017-f9eb-4616-9c2a-65bf7b8f5291,29.628,odom_x,/odom,2.5454671170437013,0.5
4a778017-f9eb-4616-9c2a-65bf7b8f5291,29.664,odom_x,/odom,2.5503112458644903,0.5
4a778017-f9eb-4616-9c2a-65bf7b8f5291,29.700000000000003,odom_x,/odom,2.5551001098555384,0.5
4a778017-f9eb-4616-9c2a-65bf7b8f5291,29.736,odom_x,/odom,2.559790264154446,0.5
4a778017-f9eb-4616-9c2a-65bf7b8f5291,29.772000000000002,odom_x,/odom,2.564460592447485,0.5
4a778017-f9eb-4616-9c2a-65bf7b8f5291,29.811000000000003,odom_x,/odom,2.569029682399356,0.5
4a778017-f9eb-4616-9c2a-65bf7b8f5291,29.844,odom_x,/odom,2.5734957545546258,0.5
4a778017-f9eb-4616-9c2a-65bf7b8f5291,29.880000000000003,odom_x,/odom,2.577904241655589,0.5
4a778017-f9eb-4616-9c2a-65bf7b8f5291,29.916,odom_x,/odom,2.5823099719374247,0.5
4a778017-f9eb-4616-9c2a-65bf7b8f5291,29.952,odom_x,/odom,2.5866318647383895,0.5
4a778017-f9eb-4616-9c2a-65bf7b8f5291,29.988000000000003,odom_x,/odom,2.590948846483438,0.5
4a778017-f9eb-4616-9c2a-65bf7b8f5291,30.024,odom_x,/odom,2.5952737438018914,0.5
4a778017-f9eb-4616-9c2a-65bf7b8f5291,30.060000000000002,odom_x,/odom,2.5995453383679057,0.5
4a778017-f9eb-4616-9c2a-65bf7b8f5291,30.096000000000004,odom_x,/odom,2.6037733013922746,0.5
4a778017-f9eb-4616-9c2a-65bf7b8f5291,30.132,odom_x,/odom,2.6080082333285297,0.5
4a778017-f9eb-4616-9c2a-65bf7b8f5291,30.168000000000003,odom_x,/odom,2.6122505256556505,0.5
4a778017-f9eb-4616-9c2a-65bf7b8f5291,30.204,odom_x,/odom,2.6164418220826153,0.5
4a778017-f9eb-4616-9c2a-65bf7b8f5291,30.240000000000002,odom_x,/odom,2.620540865047283,0.5
4a778017-f9eb-4616-9c2a-65bf7b8f5291,30.276000000000003,odom_x,/odom,2.6246330563262057,0.5
4a778017-f9eb-4616-9c2a-65bf7b8f5291,30.312,odom_x,/odom,2.6286830908459646,0.5
4a778017-f9eb-4616-9c2a-65bf7b8f5291,30.348000000000003,odom_x,/odom,2.6326638429118634,0.5
4a778017-f9eb-4616-9c2a-65bf7b8f5291,30.384,odom_x,/odom,2.636612149966993,0.5
4a778017-f9eb-4616-9c2a-65bf7b8f5291,30.42,odom_x,/odom,2.640552845879191,0.5
4a778017-f9eb-4616-9c2a-65bf7b8f5291,30.456000000000003,odom_x,/odom,2.6444710908707765,0.5
4a778017-f9eb-4616-9c2a-65bf7b8f5291,30.492,odom_x,/odom,2.648401224610745,0.5
4a778017-f9eb-4616-9c2a-65bf7b8f5291,30.528000000000002,odom_x,/odom,2.6523395403975076,0.5
4a778017-f9eb-4616-9c2a-65bf7b8f5291,30.564000000000004,odom_x,/odom,2.6562504181463846,0.5
4a778017-f9eb-4616-9c2a-65bf7b8f5291,30.6,odom_x,/odom,2.6600549978576775,0.5
4a778017-f9eb-4616-9c2a-65bf7b8f5291,30.636000000000003,odom_x,/odom,2.663851538820541,0.5
4a778017-f9eb-4616-9c2a-65bf7b8f5291,30.672,odom_x,/odom,2.667648231288031,0.5
4a778017-f9eb-4616-9c2a-65bf7b8f5291,30.711000000000002,odom_x,/odom,2.671333477372752,0.5
4a778017-f9eb-4616-9c2a-65bf7b8f5291,30.744000000000003,odom_x,/odom,2.6750124589934607,0.5
4a778017-f9eb-4616-9c2a-65bf7b8f5291,30.78,odom_x,/odom,2.6787068448584495,0.5
4a778017-f9eb-4616-9c2a-65bf7b8f5291,30.816000000000003,odom_x,/odom,2.6824020419597066,0.5
4a778017-f9eb-4616-9c2a-65bf7b8f5291,30.852,odom_x,/odom,2.6861202712456973,0.5
4a778017-f9eb-4616-9c2a-65bf7b8f5291,30.888,odom_x,/odom,2.689788824759481,0.5
4a778017-f9eb-4616-9c2a-65bf7b8f5291,30.924000000000003,odom_x,/odom,2.6934451196938576,0.5
4a778017-f9eb-4616-9c2a-65bf7b8f5291,30.96,odom_x,/odom,2.6970811959490137,0.5
4a778017-f9eb-4616-9c2a-65bf7b8f5291,30.996000000000002,odom_x,/odom,2.700737297631141,0.5
4a778017-f9eb-4616-9c2a-65bf7b8f5291,31.032000000000004,odom_x,/odom,2.7043191254743535,0.5
4a778017-f9eb-4616-9c2a-65bf7b8f5291,31.068,odom_x,/odom,2.707860200897099,0.5
4a778017-f9eb-4616-9c2a-65bf7b8f5291,31.104000000000003,odom_x,/odom,2.711398631561066,0.5
4a778017-f9eb-4616-9c2a-65bf7b8f5291,31.14,odom_x,/odom,2.7149830087037445,0.5
4a778017-f9eb-4616-9c2a-65bf7b8f5291,31.176000000000002,odom_x,/odom,2.718571637533963,0.5
4a778017-f9eb-4616-9c2a-65bf7b8f5291,31.212000000000003,odom_x,/odom,2.7221385121928625,0.5
4a778017-f9eb-4616-9c2a-65bf7b8f5291,31.248,odom_x,/odom,2.7256308995405205,0.5
4a778017-f9eb-4616-9c2a-65bf7b8f5291,31.284000000000002,odom_x,/odom,2.729034618511804,0.5
4a778017-f9eb-4616-9c2a-65bf7b8f5291,31.32,odom_x,/odom,2.7324130052500206,0.5
4a778017-f9eb-4616-9c2a-65bf7b8f5291,31.356,odom_x,/odom,2.7358077107484133,0.5
4a778017-f9eb-4616-9c2a-65bf7b8f5291,31.392000000000003,odom_x,/odom,2.7391334123866664,0.5
4a778017-f9eb-4616-9c2a-65bf7b8f5291,31.428,odom_x,/odom,2.742422914758921,0.5
4a778017-f9eb-4616-9c2a-65bf7b8f5291,31.464000000000002,odom_x,/odom,2.7456467929126083,0.5
4a778017-f9eb-4616-9c2a-65bf7b8f5291,31.500000000000004,odom_x,/odom,2.748775227069987,0.5
4a778017-f9eb-4616-9c2a-65bf7b8f5291,31.536,odom_x,/odom,2.7520033727036526,0.5
4a778017-f9eb-4616-9c2a-65bf7b8f5291,31.572000000000003,odom_x,/odom,2.755254970603398,0.5
4a778017-f9eb-4616-9c2a-65bf7b8f5291,31.608,odom_x,/odom,2.758401496284012,0.5
4a778017-f9eb-4616-9c2a-65bf7b8f5291,31.644000000000002,odom_x,/odom,2.7615184098988017,0.5
4a778017-f9eb-4616-9c2a-65bf7b8f5291,31.680000000000003,odom_x,/odom,2.7645854190021004,0.5
4a778017-f9eb-4616-9c2a-65bf7b8f5291,31.716,odom_x,/odom,2.767648074095542,0.5
4a778017-f9eb-4616-9c2a-65bf7b8f5291,31.752000000000002,odom_x,/odom,2.7706092726527336,0.5
4a778017-f9eb-4616-9c2a-65bf7b8f5291,31.788,odom_x,/odom,2.7735375212406486,0.5
4a778017-f9eb-4616-9c2a-65bf7b8f5291,31.824,odom_x,/odom,2.776470579083808,0.5
4a778017-f9eb-4616-9c2a-65bf7b8f5291,31.860000000000003,odom_x,/odom,2.779349241524408,0.5
4a778017-f9eb-4616-9c2a-65bf7b8f5291,31.896,odom_x,/odom,2.782240012255916,0.5
4a778017-f9eb-4616-9c2a-65bf7b8f5291,31.932000000000002,odom_x,/odom,2.784990567755783,0.5
4a778017-f9eb-4616-9c2a-65bf7b8f5291,31.968000000000004,odom_x,/odom,2.787651483024383,0.5
4a778017-f9eb-4616-9c2a-65bf7b8f5291,32.004000000000005,odom_x,/odom,2.7902859693693443,0.5
4a778017-f9eb-4616-9c2a-65bf7b8f5291,32.04,odom_x,/odom,2.792988431828492,0.5
4a778017-f9eb-4616-9c2a-65bf7b8f5291,32.076,odom_x,/odom,2.795697872521027,0.5
4a778017-f9eb-4616-9c2a-65bf7b8f5291,32.112,odom_x,/odom,2.7984822583900586,0.5
4a778017-f9eb-4616-9c2a-65bf7b8f5291,32.148,odom_x,/odom,2.801268329218971,0.5
4a778017-f9eb-4616-9c2a-65bf7b8f5291,32.184000000000005,odom_x,/odom,2.8041004527373437,0.5
4a778017-f9eb-4616-9c2a-65bf7b8f5291,32.22,odom_x,/odom,2.8069503522363726,0.5
4a778017-f9eb-4616-9c2a-65bf7b8f5291,32.256,odom_x,/odom,2.8098202114770774,0.5
4a778017-f9eb-4616-9c2a-65bf7b8f5291,32.292,odom_x,/odom,2.8123701232351834,0.5
4a778017-f9eb-4616-9c2a-65bf7b8f5291,32.328,odom_x,/odom,2.8136782799178985,0.5
4a778017-f9eb-4616-9c2a-65bf7b8f5291,32.364000000000004,odom_x,/odom,2.813846454224074,0.5
4a778017-f9eb-4616-9c2a-65bf7b8f5291,32.4,odom_x,/odom,2.813846454224074,0.5
4a778017-f9eb-4616-9c2a-65bf7b8f5291,32.436,odom_x,/odom,2.813846454224074,0.5
4a778017-f9eb-4616-9c2a-65bf7b8f5291,32.472,odom_x,/odom,2.813846454224074,0.5
4a778017-f9eb-4616-9c2a-65bf7b8f5291,32.508,odom_x,/odom,2.813846454224074,0.5
4a778017-f9eb-4616-9c2a-65bf7b8f5291,32.544000000000004,odom_x,/odom,2.813846454224074,0.5
4a778017-f9eb-4616-9c2a-65bf7b8f5291,32.580000000000005,odom_x,/odom,2.813846454224074,0.5
4a778017-f9eb-4616-9c2a-65bf7b8f5291,32.616,odom_x,/odom,2.813846454224074,0.5
4a778017-f9eb-4616-9c2a-65bf7b8f5291,32.652,odom_x,/odom,2.813846454224074,0.5
4a778017-f9eb-4616-9c2a-65bf7b8f5291,32.688,odom_x,/odom,2.813846454224074,0.5
4a778017-f9eb-4616-9c2a-65bf7b8f5291,32.724000000000004,odom_x,/odom,2.813846454224074,0.5
4a778017-f9eb-4616-9c2a-65bf7b8f5291,32.760000000000005,odom_x,/odom,2.813846454224074,0.5
4a778017-f9eb-4616-9c2a-65bf7b8f5291,32.796,odom_x,/odom,2.813846454224074,0.5
4a778017-f9eb-4616-9c2a-65bf7b8f5291,32.832,odom_x,/odom,2.813846454224074,0.5
4a778017-f9eb-4616-9c2a-65bf7b8f5291,32.868,odom_x,/odom,2.813846454224074,0.5
4a778017-f9eb-4616-9c2a-65bf7b8f5291,32.904,odom_x,/odom,2.813846454224074,0.5
4a778017-f9eb-4616-9c2a-65bf7b8f5291,32.940000000000005,odom_x,/odom,2.813846454224074,0.5
4a778017-f9eb-4616-9c2a-65bf7b8f5291,12.672,odom_y,/odom,3.3227224807916655e-16,0.5
4a778017-f9eb-4616-9c2a-65bf7b8f5291,12.708,odom_y,/odom,3.3227224807916655e-16,0.5
4a778017-f9eb-4616-9c2a-65bf7b8f5291,12.744000000000002,odom_y,/odom,3.3227224807916586e-16,0.5
4a778017-f9eb-4616-9c2a-65bf7b8f5291,12.780000000000001,odom_y,/odom,3.322722480791657e-16,0.5
4a778017-f9eb-4616-9c2a-65bf7b8f5291,12.816,odom_y,/odom,3.32272248079167e-16,0.5
4a778017-f9eb-4616-9c2a-65bf7b8f5291,12.852,odom_y,/odom,3.322722480791679e-16,0.5
4a778017-f9eb-4616-9c2a-65bf7b8f5291,12.888000000000002,odom_y,/odom,3.322722480791686e-16,0.5
4a778017-f9eb-4616-9c2a-65bf7b8f5291,12.924000000000001,odom_y,/odom,3.3227224807916833e-16,0.5
4a778017-f9eb-4616-9c2a-65bf7b8f5291,12.96,odom_y,/odom,3.3227224807916843e-16,0.5
4a778017-f9eb-4616-9c2a-65bf7b8f5291,12.996,odom_y,/odom,3.322722480791677e-16,0.5
4a778017-f9eb-4616-9c2a-65bf7b8f5291,13.032,odom_y,/odom,3.322722480791679e-16,0.5
4a778017-f9eb-4616-9c2a-65bf7b8f5291,13.068000000000001,odom_y,/odom,3.322722480791673e-16,0.5
4a778017-f9eb-4616-9c2a-65bf7b8f5291,13.104000000000001,odom_y,/odom,3.322722480791658e-16,0.5
4a778017-f9eb-4616-9c2a-65bf7b8f5291,13.14,odom_y,/odom,3.3227224807916463e-16,0.5
4a778017-f9eb-4616-9c2a-65bf7b8f5291,13.176,odom_y,/odom,3.322722480791642e-16,0.5
4a778017-f9eb-4616-9c2a-65bf7b8f5291,13.212000000000002,odom_y,/odom,3.3227224807916517e-16,0.5
4a778017-f9eb-4616-9c2a-65bf7b8f5291,13.248000000000001,odom_y,/odom,3.3227224807916443e-16,0.5
4a778017-f9eb-4616-9c2a-65bf7b8f5291,13.284,odom_y,/odom,3.3227224807916443e-16,0.5
4a778017-f9eb-4616-9c2a-65bf7b8f5291,13.32,odom_y,/odom,3.322722480791635e-16,0.5
4a778017-f9eb-4616-9c2a-65bf7b8f5291,13.356000000000002,odom_y,/odom,3.322722480791628e-16,0.5
4a778017-f9eb-4616-9c2a-65bf7b8f5291,13.392000000000001,odom_y,/odom,3.322722480791629e-16,0.5
4a778017-f9eb-4616-9c2a-65bf7b8f5291,13.428,odom_y,/odom,3.322722480791622e-16,0.5
4a778017-f9eb-4616-9c2a-65bf7b8f5291,13.464,odom_y,/odom,3.3227224807916123e-16,0.5
4a778017-f9eb-4616-9c2a-65bf7b8f5291,13.5,odom_y,/odom,3.3227224807916093e-16,0.5
4a778017-f9eb-4616-9c2a-65bf7b8f5291,13.536000000000001,odom_y,/odom,3.322722480791611e-16,0.5
4a778017-f9eb-4616-9c2a-65bf7b8f5291,13.572000000000001,odom_y,/odom,3.322722480791599e-16,0.5
4a778017-f9eb-4616-9c2a-65bf7b8f5291,13.611,odom_y,/odom,3.3227224807915985e-16,0.5
4a778017-f9eb-4616-9c2a-65bf7b8f5291,13.644,odom_y,/odom,3.32272248079158e-16,0.5
4a778017-f9eb-4616-9c2a-65bf7b8f5291,13.680000000000001,odom_y,/odom,3.3227224807915866e-16,0.5
4a778017-f9eb-4616-9c2a-65bf7b8f5291,13.716000000000001,odom_y,/odom,3.322722480791576e-16,0.5
4a778017-f9eb-4616-9c2a-65bf7b8f5291,13.752,odom_y,/odom,3.3227224807915807e-16,0.5
4a778017-f9eb-4616-9c2a-65bf7b8f5291,13.788,odom_y,/odom,3.322722480791567e-16,0.5
4a778017-f9eb-4616-9c2a-65bf7b8f5291,13.824000000000002,odom_y,/odom,3.322722480791554e-16,0.5
4a778017-f9eb-4616-9c2a-65bf7b8f5291,13.860000000000001,odom_y,/odom,3.3227224807915536e-16,0.5
4a778017-f9eb-4616-9c2a-65bf7b8f5291,13.896,odom_y,/odom,3.322722480791545e-16,0.5
4a778017-f9eb-4616-9c2a-65bf7b8f5291,13.932,odom_y,/odom,3.32272248079153e-16,0.5
4a778017-f9eb-4616-9c2a-65bf7b8f5291,13.968000000000002,odom_y,/odom,3.3227224807915176e-16,0.5
4a778017-f9eb-4616-9c2a-65bf7b8f5291,14.004000000000001,odom_y,/odom,3.3227224807915014e-16,0.5
4a778017-f9eb-4616-9c2a-65bf7b8f5291,14.040000000000001,odom_y,/odom,3.322722480791503e-16,0.5
4a778017-f9eb-4616-9c2a-65bf7b8f5291,14.076,odom_y,/odom,3.322722480791501e-16,0.5
4a778017-f9eb-4616-9c2a-65bf7b8f5291,14.112,odom_y,/odom,3.3227224807915e-16,0.5
4a778017-f9eb-4616-9c2a-65bf7b8f5291,14.148000000000001,odom_y,/odom,3.32272248079149e-16,0.5
4a778017-f9eb-4616-9c2a-65bf7b8f5291,14.184000000000001,odom_y,/odom,3.322722480791474e-16,0.5
4a778017-f9eb-4616-9c2a-65bf7b8f5291,14.22,odom_y,/odom,3.322722480791463e-16,0.5
4a778017-f9eb-4616-9c2a-65bf7b8f5291,14.256,odom_y,/odom,3.322722480791457e-16,0.5
4a778017-f9eb-4616-9c2a-65bf7b8f5291,14.292000000000002,odom_y,/odom,3.32272248079145e-16,0.5
4a778017-f9eb-4616-9c2a-65bf7b8f5291,14.328000000000001,odom_y,/odom,3.3227224807914343e-16,0.5
4a778017-f9eb-4616-9c2a-65bf7b8f5291,14.364,odom_y,/odom,2.618065092937766e-08,0.5
4a778017-f9eb-4616-9c2a-65bf7b8f5291,14.4,odom_y,/odom,4.0173372246514945e-07,0.5
4a778017-f9eb-4616-9c2a-65bf7b8f5291,14.436000000000002,odom_y,/odom,9.665839520492446e-07,0.5
4a778017-f9eb-4616-9c2a-65bf7b8f5291,14.472000000000001,odom_y,/odom,-7.982775547179836e-07,0.5
4a778017-f9eb-4616-9c2a-65bf7b8f5291,14.508000000000001,odom_y,/odom,-6.779528455239914e-06,0.5
4a778017-f9eb-4616-9c2a-65bf7b8f5291,14.544,odom_y,/odom,-2.1147640855318525e-05,0.5
4a778017-f9eb-4616-9c2a-65bf7b8f5291,14.58,odom_y,/odom,-4.5326681798299526e-05,0.5
4a778017-f9eb-4616-9c2a-65bf7b8f5291,14.616000000000001,odom_y,/odom,-7.859058783973277e-05,0.5
4a778017-f9eb-4616-9c2a-65bf7b8f5291,14.652000000000001,odom_y,/odom,-0.00012075146726709903,0.5
4a778017-f9eb-4616-9c2a-65bf7b8f5291,14.688,odom_y,/odom,-0.00017123772995514762,0.5
4a778017-f9eb-4616-9c2a-65bf7b8f5291,14.724,odom_y,/odom,-0.00022817477317168495,0.5
4a778017-f9eb-4616-9c2a-65bf7b8f5291,14.760000000000002,odom_y,/odom,-0.0002911699541810076,0.5
4a778017-f9eb-4616-9c2a-65bf7b8f5291,14.796000000000001,odom_y,/odom,-0.000362193945371702,0.5
4a778017-f9eb-4616-9c2a-65bf7b8f5291,14.832,odom_y,/odom,-0.00044005111263684186,0.5
4a778017-f9eb-4616-9c2a-65bf7b8f5291,14.868,odom_y,/odom,-0.0005244205542542732,0.5
4a778017-f9eb-4616-9c2a-65bf7b8f5291,14.904000000000002,odom_y,/odom,-0.0006172006353839189,0.5
4a778017-f9eb-4616-9c2a-65bf7b8f5291,14.940000000000001,odom_y,/odom,-0.0007174925334964524,0.5
4a778017-f9eb-4616-9c2a-65bf7b8f5291,14.976,odom_y,/odom,-0.0008259085378323149,0.5
4a778017-f9eb-4616-9c2a-65bf7b8f5291,15.012,odom_y,/odom,-0.0009418980254420886,0.5
4a778017-f9eb-4616-9c2a-65bf7b8f5291,15.048000000000002,odom_y,/odom,-0.0010643442291905843,0.5
4a778017-f9eb-4616-9c2a-65bf7b8f5291,15.084000000000001,odom_y,/odom,-0.0011931860230935006,0.5
4a778017-f9eb-4616-9c2a-65bf7b8f5291,15.120000000000001,odom_y,/odom,-0.0013291543701413012,0.5
4a778017-f9eb-4616-9c2a-65bf7b8f5291,15.156,odom_y,/odom,-0.001475707932891026,0.5
4a778017-f9eb-4616-9c2a-65bf7b8f5291,15.192,odom_y,/odom,-0.0016309931346216225,0.5
4a778017-f9eb-4616-9c2a-65bf7b8f5291,15.228000000000002,odom_y,/odom,-0.0017946314614997276,0.5
4a778017-f9eb-4616-9c2a-65bf7b8f5291,15.264000000000001,odom_y,/odom,-0.0019684260269639572,0.5
4a778017-f9eb-4616-9c2a-65bf7b8f5291,15.3,odom_y,/odom,-0.002154072129068754,0.5
4a778017-f9eb-4616-9c2a-65bf7b8f5291,15.336,odom_y,/odom,-0.00234038006582447,0.5
4a778017-f9eb-4616-9c2a-65bf7b8f5291,15.372000000000002,odom_y,/odom,-0.0025322183096486177,0.5
4a778017-f9eb-4616-9c2a-65bf7b8f5291,15.408000000000001,odom_y,/odom,-0.002739275780606538,0.5
4a778017-f9eb-4616-9c2a-65bf7b8f5291,15.444,odom_y,/odom,-0.0029544505131822254,0.5
4a778017-f9eb-4616-9c2a-65bf7b8f5291,15.48,odom_y,/odom,-0.0031755201001931617,0.5
4a778017-f9eb-4616-9c2a-65bf7b8f5291,15.516000000000002,odom_y,/odom,-0.003404391462098521,0.5
4a778017-f9eb-4616-9c2a-65bf7b8f5291,15.552000000000001,odom_y,/odom,-0.0036415521289298015,0.5
4a778017-f9eb-4616-9c2a-65bf7b8f5291,15.588000000000001,odom_y,/odom,-0.0038875065611733923,0.5
4a778017-f9eb-4616-9c2a-65bf7b8f5291,15.624,odom_y,/odom,-0.0041414832569420775,0.5
4a778017-f9eb-4616-9c2a-65bf7b8f5291,15.66,odom_y,/odom,-0.004406653940878287,0.5
4a778017-f9eb-4616-9c2a-65bf7b8f5291,15.696000000000002,odom_y,/odom,-0.004682896562309945,0.5
4a778017-f9eb-4616-9c2a-65bf7b8f5291,15.732000000000001,odom_y,/odom,-0.004958808653931872,0.5
4a778017-f9eb-4616-9c2a-65bf7b8f5291,15.768,odom_y,/odom,-0.005236321449530641,0.5
4a778017-f9eb-4616-9c2a-65bf7b8f5291,15.804,odom_y,/odom,-0.0055234118498868785,0.5
4a778017-f9eb-4616-9c2a-65bf7b8f5291,15.840000000000002,odom_y,/odom,-0.005820674485848693,0.5
4a778017-f9eb-4616-9c2a-65bf7b8f5291,15.876000000000001,odom_y,/odom,-0.006124430110881431,0.5
4a778017-f9eb-4616-9c2a-65bf7b8f5291,15.912,odom_y,/odom,-0.006439461725091147,0.5
4a778017-f9eb-4616-9c2a-65bf7b8f5291,15.948,odom_y,/odom,-0.006756897063947256,0.5
4a778017-f9eb-4616-9c2a-65bf7b8f5291,15.984000000000002,odom_y,/odom,-0.007083409856692359,0.5
4a778017-f9eb-4616-9c2a-65bf7b8f5291,16.02,odom_y,/odom,-0.0074169080452058545,0.5
4a778017-f9eb-4616-9c2a-65bf7b8f5291,16.056,odom_y,/odom,-0.007767205817954358,0.5
4a778017-f9eb-4616-9c2a-65bf7b8f5291,16.092000000000002,odom_y,/odom,-0.008131937821778588,0.5
4a778017-f9eb-4616-9c2a-65bf7b8f5291,16.128,odom_y,/odom,-0.008506981706886636,0.5
4a778017-f9eb-4616-9c2a-65bf7b8f5291,16.164,odom_y,/odom,-0.008889537983164433,0.5
4a778017-f9eb-4616-9c2a-65bf7b8f5291,16.2,odom_y,/odom,-0.009283078847954433,0.5
4a778017-f9eb-4616-9c2a-65bf7b8f5291,16.236,odom_y,/odom,-0.009687838017832967,0.5
4a778017-f9eb-4616-9c2a-65bf7b8f5291,16.272000000000002,odom_y,/odom,-0.01009938724678583,0.5
4a778017-f9eb-4616-9c2a-65bf7b8f5291,16.308,odom_y,/odom,-0.010508563410698257,0.5
4a778017-f9eb-4616-9c2a-65bf7b8f5291,16.344,odom_y,/odom,-0.010917307474949423,0.5
4a778017-f9eb-4616-9c2a-65bf7b8f5291,16.380000000000003,odom_y,/odom,-0.011337432236121454,0.5
4a778017-f9eb-4616-9c2a-65bf7b8f5291,16.416,odom_y,/odom,-0.011761965838259248,0.5
4a778017-f9eb-4616-9c2a-65bf7b8f5291,16.452,odom_y,/odom,-0.012192154579721863,0.5
4a778017-f9eb-4616-9c2a-65bf7b8f5291,16.488,odom_y,/odom,-0.01263564032715652,0.5
4a778017-f9eb-4616-9c2a-65bf7b8f5291,16.524,odom_y,/odom,-0.01308583858320671,0.5
4a778017-f9eb-4616-9c2a-65bf7b8f5291,16.560000000000002,odom_y,/odom,-0.01355124381513857,0.5
4a778017-f9eb-4616-9c2a-65bf7b8f5291,16.596,odom_y,/odom,-0.014021532823449926,0.5
4a778017-f9eb-4616-9c2a-65bf7b8f5291,16.632,odom_y,/odom,-0.014499130788931839,0.5
4a778017-f9eb-4616-9c2a-65bf7b8f5291,16.668000000000003,odom_y,/odom,-0.014981744163353643,0.5
4a778017-f9eb-4616-9c2a-65bf7b8f5291,16.704,odom_y,/odom,-0.015455595547651801,0.5
4a778017-f9eb-4616-9c2a-65bf7b8f5291,16.740000000000002,odom_y,/odom,-0.015930778508641563,0.5
4a778017-f9eb-4616-9c2a-65bf7b8f5291,16.776,odom_y,/odom,-0.01640879686606875,0.5
4a778017-f9eb-4616-9c2a-65bf7b8f5291,16.812,odom_y,/odom,-0.016889567455281154,0.5
4a778017-f9eb-4616-9c2a-65bf7b8f5291,16.848000000000003,odom_y,/odom,-0.017374275910062475,0.5
4a778017-f9eb-4616-9c2a-65bf7b8f5291,16.884,odom_y,/odom,-0.0178627851090828,0.5
4a778017-f9eb-4616-9c2a-65bf7b8f5291,16.92,odom_y,/odom,-0.018354136537427505,0.5
4a778017-f9eb-4616-9c2a-65bf7b8f5291,16.956,odom_y,/odom,-0.01886511908710851,0.5
4a778017-f9eb-4616-9c2a-65bf7b8f5291,16.992,odom_y,/odom,-0.019388739982583038,0.5
4a778017-f9eb-4616-9c2a-65bf7b8f5291,17.028000000000002,odom_y,/odom,-0.01991725268827161,0.5
4a778017-f9eb-4616-9c2a-65bf7b8f5291,17.064,odom_y,/odom,-0.020457232714981125,0.5
4a778017-f9eb-4616-9c2a-65bf7b8f5291,17.1,odom_y,/odom,-0.021020688375632705,0.5
4a778017-f9eb-4616-9c2a-65bf7b8f5291,17.136000000000003,odom_y,/odom,-0.02159803995475653,0.5
4a778017-f9eb-4616-9c2a-65bf7b8f5291,17.172,odom_y,/odom,-0.02217846310153951,0.5
4a778017-f9eb-4616-9c2a-65bf7b8f5291,17.208000000000002,odom_y,/odom,-0.02275294744216309,0.5
4a778017-f9eb-4616-9c2a-65bf7b8f5291,17.244,odom_y,/odom,-0.023321223856145316,0.5
4a778017-f9eb-4616-9c2a-65bf7b8f5291,17.28,odom_y,/odom,-0.02388046147346441,0.5
4a778017-f9eb-4616-9c2a-65bf7b8f5291,17.316000000000003,odom_y,/odom,-0.024439919518883458,0.5
4a778017-f9eb-4616-9c2a-65bf7b8f5291,17.352,odom_y,/odom,-0.024999440794717723,0.5
4a778017-f9eb-4616-9c2a-65bf7b8f5291,17.388,odom_y,/odom,-0.025570093564167787,0.5
4a778017-f9eb-4616-9c2a-65bf7b8f5291,17.424,odom_y,/odom,-0.026145387345974942,0.5
4a778017-f9eb-4616-9c2a-65bf7b8f5291,17.46,odom_y,/odom,-0.0267253716230089,0.5
4a778017-f9eb-4616-9c2a-65bf7b8f5291,17.496000000000002,odom_y,/odom,-0.02729958744576709,0.5
4a778017-f9eb-4616-9c2a-65bf7b8f5291,17.532,odom_y,/odom,-0.027882333516992514,0.5
4a778017-f9eb-4616-9c2a-65bf7b8f5291,17.568,odom_y,/odom,-0.02846590049626378,0.5
4a778017-f9eb-4616-9c2a-65bf7b8f5291,17.604000000000003,odom_y,/odom,-0.029034684845343037,0.5
4a778017-f9eb-4616-9c2a-65bf7b8f5291,17.64,odom_y,/odom,-0.029608981781809512,0.5
4a778017-f9eb-4616-9c2a-65bf7b8f5291,17.676000000000002,odom_y,/odom,-0.030182112664922926,0.5
4a778017-f9eb-4616-9c2a-65bf7b8f5291,17.712,odom_y,/odom,-0.030748230564272817,0.5
4a778017-f9eb-4616-9c2a-65bf7b8f5291,17.748,odom_y,/odom,-0.031320233469028166,0.5
4a778017-f9eb-4616-9c2a-65bf7b8f5291,17.784000000000002,odom_y,/odom,-0.03189896767709451,0.5
4a778017-f9eb-4616-9c2a-65bf7b8f5291,17.82,odom_y,/odom,-0.03248017447640498,0.5
4a778017-f9eb-4616-9c2a-65bf7b8f5291,17.856,odom_y,/odom,-0.03306695035198377,0.5
4a778017-f9eb-4616-9c2a-65bf7b8f5291,17.892,odom_y,/odom,-0.03365448114153955,0.5
4a778017-f9eb-4616-9c2a-65bf7b8f5291,17.928,odom_y,/odom,-0.03423961916323227,0.5
4a778017-f9eb-4616-9c2a-65bf7b8f5291,17.964000000000002,odom_y,/odom,-0.034830264322486724,0.5
4a778017-f9eb-4616-9c2a-65bf7b8f5291,18.0,odom_y,/odom,-0.03542556832619135,0.5
4a778017-f9eb-4616-9c2a-65bf7b8f5291,18.036,odom_y,/odom,-0.03600465475360775,0.5
4a778017-f9eb-4616-9c2a-65bf7b8f5291,18.072000000000003,odom_y,/odom,-0.036577049498140966,0.5
4a778017-f9eb-4616-9c2a-65bf7b8f5291,18.108,odom_y,/odom,-0.037130356836148966,0.5
4a778017-f9eb-4616-9c2a-65bf7b8f5291,18.144000000000002,odom_y,/odom,-0.03766687170580801,0.5
4a778017-f9eb-4616-9c2a-65bf7b8f5291,18.18,odom_y,/odom,-0.038209462413276156,0.5
4a778017-f9eb-4616-9c2a-65bf7b8f5291,18.216,odom_y,/odom,-0.03874958319695478,0.5
4a778017-f9eb-4616-9c2a-65bf7b8f5291,18.252000000000002,odom_y,/odom,-0.03929692519132878,0.5
4a778017-f9eb-4616-9c2a-65bf7b8f5291,18.288,odom_y,/odom,-0.039842960919567766,0.5
4a778017-f9eb-4616-9c2a-65bf7b8f5291,18.324,odom_y,/odom,-0.040385319714302516,0.5
4a778017-f9eb-4616-9c2a-65bf7b8f5291,18.36,odom_y,/odom,-0.04092223197644072,0.5
4a778017-f9eb-4616-9c2a-65bf7b8f5291,18.396,odom_y,/odom,-0.04146432397667427,0.5
4a778017-f9eb-4616-9c2a-65bf7b8f5291,18.432000000000002,odom_y,/odom,-0.04200195210331726,0.5
4a778017-f9eb-4616-9c2a-65bf7b8f5291,18.468,odom_y,/odom,-0.04253340903090619,0.5
4a778017-f9eb-4616-9c2a-65bf7b8f5291,18.504,odom_y,/odom,-0.043056295811736686,0.5
4a778017-f9eb-4616-9c2a-65bf7b8f5291,18.540000000000003,odom_y,/odom,-0.043579984904198475,0.5
4a778017-f9eb-4616-9c2a-65bf7b8f5291,18.576,odom_y,/odom,-0.04409794378268241,0.5
4a778017-f9eb-4616-9c2a-65bf7b8f5291,18.612000000000002,odom_y,/odom,-0.0446073980457025,0.5
4a778017-f9eb-4616-9c2a-65bf7b8f5291,18.648,odom_y,/odom,-0.0451117910713219,0.5
4a778017-f9eb-4616-9c2a-65bf7b8f5291,18.684,odom_y,/odom,-0.04561574486333422,0.5
4a778017-f9eb-4616-9c2a-65bf7b8f5291,18.720000000000002,odom_y,/odom,-0.046117390129104666,0.5
4a778017-f9eb-4616-9c2a-65bf7b8f5291,18.756,odom_y,/odom,-0.04661755619335915,0.5
4a778017-f9eb-4616-9c2a-65bf7b8f5291,18.792,odom_y,/odom,-0.047113176469469296,0.5
4a778017-f9eb-4616-9c2a-65bf7b8f5291,18.828,odom_y,/odom,-0.04760417820349686,0.5
4a778017-f9eb-4616-9c2a-65bf7b8f5291,18.864,odom_y,/odom,-0.04808020115365999,0.5
4a778017-f9eb-4616-9c2a-65bf7b8f5291,18.900000000000002,odom_y,/odom,-0.04854141261452102,0.5
4a778017-f9eb-4616-9c2a-65bf7b8f5291,18.936,odom_y,/odom,-0.049002940736084376,0.5
4a778017-f9eb-4616-9c2a-65bf7b8f5291,18.972,odom_y,/odom,-0.04945976723668085,0.5
4a778017-f9eb-4616-9c2a-65bf7b8f5291,19.011000000000003,odom_y,/odom,-0.04990128496207387,0.5
4a778017-f9eb-4616-9c2a-65bf7b8f5291,19.044,odom_y,/odom,-0.050341473586307334,0.5
4a778017-f9eb-4616-9c2a-65bf7b8f5291,19.080000000000002,odom_y,/odom,-0.05077891593515401,0.5
4a778017-f9eb-4616-9c2a-65bf7b8f5291,19.116,odom_y,/odom,-0.05120993749027739,0.5
4a778017-f9eb-4616-9c2a-65bf7b8f5291,19.152,odom_y,/odom,-0.05163772954780967,0.5
4a778017-f9eb-4616-9c2a-65bf7b8f5291,19.188000000000002,odom_y,/odom,-0.052060910831142435,0.5
4a778017-f9eb-4616-9c2a-65bf7b8f5291,19.224,odom_y,/odom,-0.05247899558872634,0.5
4a778017-f9eb-4616-9c2a-65bf7b8f5291,19.26,odom_y,/odom,-0.05289364900257906,0.5
4a778017-f9eb-4616-9c2a-65bf7b8f5291,19.296000000000003,odom_y,/odom,-0.05330010516924887,0.5
4a778017-f9eb-4616-9c2a-65bf7b8f5291,19.332,odom_y,/odom,-0.05369919437589309,0.5
4a778017-f9eb-4616-9c2a-65bf7b8f5291,19.368000000000002,odom_y,/odom,-0.05409288420173144,0.5
4a778017-f9eb-4616-9c2a-65bf7b8f5291,19.404,odom_y,/odom,-0.05447361646365418,0.5
4a778017-f9eb-4616-9c2a-65bf7b8f5291,19.44,odom_y,/odom,-0.05484743511962533,0.5
4a778017-f9eb-4616-9c2a-65bf7b8f5291,19.476000000000003,odom_y,/odom,-0.05521539507792233,0.5
4a778017-f9eb-4616-9c2a-65bf7b8f5291,19.512,odom_y,/odom,-0.055576331975278906,0.5
4a778017-f9eb-4616-9c2a-65bf7b8f5291,19.548000000000002,odom_y,/odom,-0.055926154160881314,0.5
4a778017-f9eb-4616-9c2a-65bf7b8f5291,19.584,odom_y,/odom,-0.05628195987776269,0.5
4a778017-f9eb-4616-9c2a-65bf7b8f5291,19.62,odom_y,/odom,-0.056638458531029834,0.5
4a778017-f9eb-4616-9c2a-65bf7b8f5291,19.656000000000002,odom_y,/odom,-0.05699017469980706,0.5
4a778017-f9eb-4616-9c2a-65bf7b8f5291,19.692,odom_y,/odom,-0.05733645932807888,0.5
4a778017-f9eb-4616-9c2a-65bf7b8f5291,19.728,odom_y,/odom,-0.05767767231023956,0.5
4a778017-f9eb-4616-9c2a-65bf7b8f5291,19.764000000000003,odom_y,/odom,-0.058016261698288205,0.5
4a778017-f9eb-4616-9c2a-65bf7b8f5291,19.8,odom_y,/odom,-0.058350998069863234,0.5
4a778017-f9eb-4616-9c2a-65bf7b8f5291,19.836000000000002,odom_y,/odom,-0.05867899870203831,0.5
4a778017-f9eb-4616-9c2a-65bf7b8f5291,19.872,odom_y,/odom,-0.0590021961753729,0.5
4a778017-f9eb-4616-9c2a-65bf7b8f5291,19.911,odom_y,/odom,-0.05931756515315868,0.5
4a778017-f9eb-4616-9c2a-65bf7b8f5291,19.944000000000003,odom_y,/odom,-0.05962573732421562,0.5
4a778017-f9eb-4616-9c2a-65bf7b8f5291,19.98,odom_y,/odom,-0.05992144961018821,0.5
4a778017-f9eb-4616-9c2a-65bf7b8f5291,20.016000000000002,odom_y,/odom,-0.06020888949994077,0.5
4a778017-f9eb-4616-9c2a-65bf7b8f5291,20.052,odom_y,/odom,-0.06048686360340101,0.5
4a778017-f9eb-4616-9c2a-65bf7b8f5291,20.088,odom_y,/odom,-0.06075860823741231,0.5
4a778017-f9eb-4616-9c2a-65bf7b8f5291,20.124000000000002,odom_y,/odom,-0.06102520936837828,0.5
4a778017-f9eb-4616-9c2a-65bf7b8f5291,20.16,odom_y,/odom,-0.0612878725104436,0.5
4a778017-f9eb-4616-9c2a-65bf7b8f5291,20.196,odom_y,/odom,-0.06155098234069731,0.5
4a778017-f9eb-4616-9c2a-65bf7b8f5291,20.232000000000003,odom_y,/odom,-0.061802993214982546,0.5
4a778017-f9eb-4616-9c2a-65bf7b8f5291,20.268,odom_y,/odom,-0.06204438282561918,0.5
4a778017-f9eb-4616-9c2a-65bf7b8f5291,20.304000000000002,odom_y,/odom,-0.06228119473843377,0.5
4a778017-f9eb-4616-9c2a-65bf7b8f5291,20.34,odom_y,/odom,-0.06250925340078727,0.5
4a778017-f9eb-4616-9c2a-65bf7b8f5291,20.376,odom_y,/odom,-0.06273236519562171,0.5
4a778017-f9eb-4616-9c2a-65bf7b8f5291,20.412000000000003,odom_y,/odom,-0.06295473161924015,0.5
4a778017-f9eb-4616-9c2a-65bf7b8f5291,20.448,odom_y,/odom,-0.06317541741598477,0.5
4a778017-f9eb-4616-9c2a-65bf7b8f5291,20.484,odom_y,/odom,-0.06339133534170138,0.5
4a778017-f9eb-4616-9c2a-65bf7b8f5291,20.52,odom_y,/odom,-0.063603761236837,0.5
4a778017-f9eb-4616-9c2a-65bf7b8f5291,20.556,odom_y,/odom,-0.0638134397974979,0.5
4a778017-f9eb-4616-9c2a-65bf7b8f5291,20.592000000000002,odom_y,/odom,-0.06401779783966798,0.5
4a778017-f9eb-4616-9c2a-65bf7b8f5291,20.628,odom_y,/odom,-0.06421798431791287,0.5
4a778017-f9eb-4616-9c2a-65bf7b8f5291,20.664,odom_y,/odom,-0.06441638480505829,0.5
4a778017-f9eb-4616-9c2a-65bf7b8f5291,20.700000000000003,odom_y,/odom,-0.06460808051276726,0.5
4a778017-f9eb-4616-9c2a-65bf7b8f5291,20.736,odom_y,/odom,-0.06479376050082727,0.5
4a778017-f9eb-4616-9c2a-65bf7b8f5291,20.772000000000002,odom_y,/odom,-0.06497604176607835,0.5
4a778017-f9eb-4616-9c2a-65bf7b8f5291,20.811,odom_y,/odom,-0.06516132578199277,0.5
4a778017-f9eb-4616-9c2a-65bf7b8f5291,20.844,odom_y,/odom,-0.06534505100307783,0.5
4a778017-f9eb-4616-9c2a-65bf7b8f5291,20.880000000000003,odom_y,/odom,-0.06552259143027225,0.5
4a778017-f9eb-4616-9c2a-65bf7b8f5291,20.916,odom_y,/odom,-0.06569683894561563,0.5
4a778017-f9eb-4616-9c2a-65bf7b8f5291,20.952,odom_y,/odom,-0.06586591261106957,0.5
4a778017-f9eb-4616-9c2a-65bf7b8f5291,20.988,odom_y,/odom,-0.06603096099155706,0.5
4a778017-f9eb-4616-9c2a-65bf7b8f5291,21.024,odom_y,/odom,-0.06619272901367142,0.5
4a778017-f9eb-4616-9c2a-65bf7b8f5291,21.060000000000002,odom_y,/odom,-0.06635086603830516,0.5
4a778017-f9eb-4616-9c2a-65bf7b8f5291,21.096,odom_y,/odom,-0.06650698936052807,0.5
4a778017-f9eb-4616-9c2a-65bf7b8f5291,21.132,odom_y,/odom,-0.06665959971044609,0.5
4a778017-f9eb-4616-9c2a-65bf7b8f5291,21.168000000000003,odom_y,/odom,-0.06680839093392497,0.5
4a778017-f9eb-4616-9c2a-65bf7b8f5291,21.204,odom_y,/odom,-0.06695273473045991,0.5
4a778017-f9eb-4616-9c2a-65bf7b8f5291,21.240000000000002,odom_y,/odom,-0.06709338817438658,0.5
4a778017-f9eb-4616-9c2a-65bf7b8f5291,21.276,odom_y,/odom,-0.06723147993961617,0.5
4a778017-f9eb-4616-9c2a-65bf7b8f5291,21.312,odom_y,/odom,-0.0673686427824409,0.5
4a778017-f9eb-4616-9c2a-65bf7b8f5291,21.348000000000003,odom_y,/odom,-0.0675018670697073,0.5
4a778017-f9eb-4616-9c2a-65bf7b8f5291,21.384,odom_y,/odom,-0.06763417815742499,0.5
4a778017-f9eb-4616-9c2a-65bf7b8f5291,21.42,odom_y,/odom,-0.06776327495280868,0.5
4a778017-f9eb-4616-9c2a-65bf7b8f5291,21.456000000000003,odom_y,/odom,-0.06788729670368417,0.5
4a778017-f9eb-4616-9c2a-65bf7b8f5291,21.492,odom_y,/odom,-0.06800827074400885,0.5
4a778017-f9eb-4616-9c2a-65bf7b8f5291,21.528000000000002,odom_y,/odom,-0.06812693518428535,0.5
4a778017-f9eb-4616-9c2a-65bf7b8f5291,21.564,odom_y,/odom,-0.06824125444897632,0.5
4a778017-f9eb-4616-9c2a-65bf7b8f5291,21.6,odom_y,/odom,-0.06835310180838425,0.5
4a778017-f9eb-4616-9c2a-65bf7b8f5291,21.636000000000003,odom_y,/odom,-0.06846298838990436,0.5
4a778017-f9eb-4616-9c2a-65bf7b8f5291,21.672,odom_y,/odom,-0.06857095350627945,0.5
4a778017-f9eb-4616-9c2a-65bf7b8f5291,21.711000000000002,odom_y,/odom,-0.06867753987298808,0.5
4a778017-f9eb-4616-9c2a-65bf7b8f5291,21.744,odom_y,/odom,-0.06878297870479794,0.5
4a778017-f9eb-4616-9c2a-65bf7b8f5291,21.78,odom_y,/odom,-0.06888771939548338,0.5
4a778017-f9eb-4616-9c2a-65bf7b8f5291,21.816000000000003,odom_y,/odom,-0.06899297880614448,0.5
4a778017-f9eb-4616-9c2a-65bf7b8f5291,21.852,odom_y,/odom,-0.0690977552421968,0.5
4a778017-f9eb-4616-9c2a-65bf7b8f5291,21.888,odom_y,/odom,-0.069202706404653,0.5
4a778017-f9eb-4616-9c2a-65bf7b8f5291,21.924000000000003,odom_y,/odom,-0.06930774342856906,0.5
4a778017-f9eb-4616-9c2a-65bf7b8f5291,21.96,odom_y,/odom,-0.06941261387802235,0.5
4a778017-f9eb-4616-9c2a-65bf7b8f5291,21.996000000000002,odom_y,/odom,-0.06951604733956243,0.5
4a778017-f9eb-4616-9c2a-65bf7b8f5291,22.032,odom_y,/odom,-0.06961665409182448,0.5
4a778017-f9eb-4616-9c2a-65bf7b8f5291,22.068,odom_y,/odom,-0.06971446776934631,0.5
4a778017-f9eb-4616-9c2a-65bf7b8f5291,22.104000000000003,odom_y,/odom,-0.06980890743605259,0.5
4a778017-f9eb-4616-9c2a-65bf7b8f5291,22.14,odom_y,/odom,-0.0699013749706915,0.5
4a778017-f9eb-4616-9c2a-65bf7b8f5291,22.176000000000002,odom_y,/odom,-0.0699900819089688,0.5
4a778017-f9eb-4616-9c2a-65bf7b8f5291,22.212,odom_y,/odom,-0.07007513476107617,0.5
4a778017-f9eb-4616-9c2a-65bf7b8f5291,22.248,odom_y,/odom,-0.07015556059605411,0.5
4a778017-f9eb-4616-9c2a-65bf7b8f5291,22.284000000000002,odom_y,/odom,-0.07023473468690802,0.5
4a778017-f9eb-4616-9c2a-65bf7b8f5291,22.32,odom_y,/odom,-0.07031387226666777,0.5
4a778017-f9eb-4616-9c2a-65bf7b8f5291,22.356,odom_y,/odom,-0.0703924554292623,0.5
4a778017-f9eb-4616-9c2a-65bf7b8f5291,22.392000000000003,odom_y,/odom,-0.0704700908827412,0.5
4a778017-f9eb-4616-9c2a-65bf7b8f5291,22.428,odom_y,/odom,-0.07054568508174325,0.5
4a778017-f9eb-4616-9c2a-65bf7b8f5291,22.464000000000002,odom_y,/odom,-0.07061781328519734,0.5
4a778017-f9eb-4616-9c2a-65bf7b8f5291,22.5,odom_y,/odom,-0.07068574641040923,0.5
4a778017-f9eb-4616-9c2a-65bf7b8f5291,22.536,odom_y,/odom,-0.07075226421744413,0.5
4a778017-f9eb-4616-9c2a-65bf7b8f5291,22.572000000000003,odom_y,/odom,-0.07081794848597182,0.5
4a778017-f9eb-4616-9c2a-65bf7b8f5291,22.608,odom_y,/odom,-0.07088276497758692,0.5
4a778017-f9eb-4616-9c2a-65bf7b8f5291,22.644000000000002,odom_y,/odom,-0.07094399207247212,0.5
4a778017-f9eb-4616-9c2a-65bf7b8f5291,22.68,odom_y,/odom,-0.0710048653712632,0.5
4a778017-f9eb-4616-9c2a-65bf7b8f5291,22.716,odom_y,/odom,-0.07106495596196334,0.5
4a778017-f9eb-4616-9c2a-65bf7b8f5291,22.752000000000002,odom_y,/odom,-0.0711248288484874,0.5
4a778017-f9eb-4616-9c2a-65bf7b8f5291,22.788,odom_y,/odom,-0.07117985657336263,0.5
4a778017-f9eb-4616-9c2a-65bf7b8f5291,22.824,odom_y,/odom,-0.07122988000440862,0.5
4a778017-f9eb-4616-9c2a-65bf7b8f5291,22.860000000000003,odom_y,/odom,-0.07127579731688247,0.5
4a778017-f9eb-4616-9c2a-65bf7b8f5291,22.896,odom_y,/odom,-0.07131691292611803,0.5
4a778017-f9eb-4616-9c2a-65bf7b8f5291,22.932000000000002,odom_y,/odom,-0.07135166621098672,0.5
4a778017-f9eb-4616-9c2a-65bf7b8f5291,22.968,odom_y,/odom,-0.07138089157343643,0.5
4a778017-f9eb-4616-9c2a-65bf7b8f5291,23.004,odom_y,/odom,-0.07140527141120787,0.5
4a778017-f9eb-4616-9c2a-65bf7b8f5291,23.040000000000003,odom_y,/odom,-0.07142758625791129,0.5
4a778017-f9eb-4616-9c2a-65bf7b8f5291,23.076,odom_y,/odom,-0.07144748133409101,0.5
4a778017-f9eb-4616-9c2a-65bf7b8f5291,23.112000000000002,odom_y,/odom,-0.07146530116135902,0.5
4a778017-f9eb-4616-9c2a-65bf7b8f5291,23.148,odom_y,/odom,-0.07148118421771917,0.5
4a778017-f9eb-4616-9c2a-65bf7b8f5291,23.184,odom_y,/odom,-0.07149469205885972,0.5
4a778017-f9eb-4616-9c2a-65bf7b8f5291,23.220000000000002,odom_y,/odom,-0.07150597865541451,0.5
4a778017-f9eb-4616-9c2a-65bf7b8f5291,23.256,odom_y,/odom,-0.07151506759883484,0.5
4a778017-f9eb-4616-9c2a-65bf7b8f5291,23.292,odom_y,/odom,-0.07152208389596762,0.5
4a778017-f9eb-4616-9c2a-65bf7b8f5291,23.328000000000003,odom_y,/odom,-0.07152655448674501,0.5
4a778017-f9eb-4616-9c2a-65bf7b8f5291,23.364,odom_y,/odom,-0.07152837705318288,0.5
4a778017-f9eb-4616-9c2a-65bf7b8f5291,23.400000000000002,odom_y,/odom,-0.07152692952042344,0.5
4a778017-f9eb-4616-9c2a-65bf7b8f5291,23.436,odom_y,/odom,-0.07152083485190874,0.5
4a778017-f9eb-4616-9c2a-65bf7b8f5291,23.472,odom_y,/odom,-0.07150931000294752,0.5
4a778017-f9eb-4616-9c2a-65bf7b8f5291,23.508000000000003,odom_y,/odom,-0.0714915805965997,0.5
4a778017-f9eb-4616-9c2a-65bf7b8f5291,23.544,odom_y,/odom,-0.07146582365399261,0.5
4a778017-f9eb-4616-9c2a-65bf7b8f5291,23.580000000000002,odom_y,/odom,-0.07143418207589466,0.5
4a778017-f9eb-4616-9c2a-65bf7b8f5291,23.616000000000003,odom_y,/odom,-0.07139885492080038,0.5
4a778017-f9eb-4616-9c2a-65bf7b8f5291,23.652,odom_y,/odom,-0.07136062667594935,0.5
4a778017-f9eb-4616-9c2a-65bf7b8f5291,23.688000000000002,odom_y,/odom,-0.07132308821779956,0.5
4a778017-f9eb-4616-9c2a-65bf7b8f5291,23.724,odom_y,/odom,-0.07128546512281539,0.5
4a778017-f9eb-4616-9c2a-65bf7b8f5291,23.76,odom_y,/odom,-0.07124711899031064,0.5
4a778017-f9eb-4616-9c2a-65bf7b8f5291,23.796000000000003,odom_y,/odom,-0.07120744432148572,0.5
4a778017-f9eb-4616-9c2a-65bf7b8f5291,23.832,odom_y,/odom,-0.07116605275915353,0.5
4a778017-f9eb-4616-9c2a-65bf7b8f5291,23.868000000000002,odom_y,/odom,-0.07112118578859235,0.5
4a778017-f9eb-4616-9c2a-65bf7b8f5291,23.904,odom_y,/odom,-0.071072961139196,0.5
4a778017-f9eb-4616-9c2a-65bf7b8f5291,23.94,odom_y,/odom,-0.07102214260397531,0.5
4a778017-f9eb-4616-9c2a-65bf7b8f5291,23.976000000000003,odom_y,/odom,-0.07096896761256427,0.5
4a778017-f9eb-4616-9c2a-65bf7b8f5291,24.012,odom_y,/odom,-0.0709134579113047,0.5
4a778017-f9eb-4616-9c2a-65bf7b8f5291,24.048000000000002,odom_y,/odom,-0.0708584953993321,0.5
4a778017-f9eb-4616-9c2a-65bf7b8f5291,24.084000000000003,odom_y,/odom,-0.07080417129552957,0.5
4a778017-f9eb-4616-9c2a-65bf7b8f5291,24.12,odom_y,/odom,-0.07074933363357165,0.5
4a778017-f9eb-4616-9c2a-65bf7b8f5291,24.156000000000002,odom_y,/odom,-0.07069345080955729,0.5
4a778017-f9eb-4616-9c2a-65bf7b8f5291,24.192,odom_y,/odom,-0.0706354933066547,0.5
4a778017-f9eb-4616-9c2a-65bf7b8f5291,24.228,odom_y,/odom,-0.07057623819761681,0.5
4a778017-f9eb-4616-9c2a-65bf7b8f5291,24.264000000000003,odom_y,/odom,-0.0705159575027828,0.5
4a778017-f9eb-4616-9c2a-65bf7b8f5291,24.3,odom_y,/odom,-0.07045647552370078,0.5
4a778017-f9eb-4616-9c2a-65bf7b8f5291,24.336000000000002,odom_y,/odom,-0.0703975409532612,0.5
4a778017-f9eb-4616-9c2a-65bf7b8f5291,24.372,odom_y,/odom,-0.07033903205734124,0.5
4a778017-f9eb-4616-9c2a-65bf7b8f5291,24.408,odom_y,/odom,-0.0702800079106799,0.5
4a778017-f9eb-4616-9c2a-65bf7b8f5291,24.444000000000003,odom_y,/odom,-0.07022037289814712,0.5
4a778017-f9eb-4616-9c2a-65bf7b8f5291,24.48,odom_y,/odom,-0.0701620490284771,0.5
4a778017-f9eb-4616-9c2a-65bf7b8f5291,24.516000000000002,odom_y,/odom,-0.07010345251532064,0.5
4a778017-f9eb-4616-9c2a-65bf7b8f5291,24.552000000000003,odom_y,/odom,-0.07004428069748439,0.5
4a778017-f9eb-4616-9c2a-65bf7b8f5291,24.588,odom_y,/odom,-0.06998592179479225,0.5
4a778017-f9eb-4616-9c2a-65bf7b8f5291,24.624000000000002,odom_y,/odom,-0.06992936220219219,0.5
4a778017-f9eb-4616-9c2a-65bf7b8f5291,24.66,odom_y,/odom,-0.06987426021246763,0.5
4a778017-f9eb-4616-9c2a-65bf7b8f5291,24.696,odom_y,/odom,-0.06981862743598322,0.5
4a778017-f9eb-4616-9c2a-65bf7b8f5291,24.732000000000003,odom_y,/odom,-0.0697607938094448,0.5
4a778017-f9eb-4616-9c2a-65bf7b8f5291,24.768,odom_y,/odom,-0.06969807215596485,0.5
4a778017-f9eb-4616-9c2a-65bf7b8f5291,24.804000000000002,odom_y,/odom,-0.06963024808291576,0.5
4a778017-f9eb-4616-9c2a-65bf7b8f5291,24.84,odom_y,/odom,-0.06955333706152088,0.5
4a778017-f9eb-4616-9c2a-65bf7b8f5291,24.876,odom_y,/odom,-0.06946733610884624,0.5
4a778017-f9eb-4616-9c2a-65bf7b8f5291,24.912000000000003,odom_y,/odom,-0.06937315617191743,0.5
4a778017-f9eb-4616-9c2a-65bf7b8f5291,24.948,odom_y,/odom,-0.06927163222547865,0.5
4a778017-f9eb-4616-9c2a-65bf7b8f5291,24.984,odom_y,/odom,-0.06916716370123278,0.5
4a778017-f9eb-4616-9c2a-65bf7b8f5291,25.020000000000003,odom_y,/odom,-0.0690595717273575,0.5
4a778017-f9eb-4616-9c2a-65bf7b8f5291,25.056,odom_y,/odom,-0.06894833496454976,0.5
4a778017-f9eb-4616-9c2a-65bf7b8f5291,25.092000000000002,odom_y,/odom,-0.06883160970908096,0.5
4a778017-f9eb-4616-9c2a-65bf7b8f5291,25.128,odom_y,/odom,-0.06870907286000054,0.5
4a778017-f9eb-4616-9c2a-65bf7b8f5291,25.164,odom_y,/odom,-0.06858066638799948,0.5
4a778017-f9eb-4616-9c2a-65bf7b8f5291,25.200000000000003,odom_y,/odom,-0.06844620822444254,0.5
4a778017-f9eb-4616-9c2a-65bf7b8f5291,25.236,odom_y,/odom,-0.06830562526751129,0.5
4a778017-f9eb-4616-9c2a-65bf7b8f5291,25.272000000000002,odom_y,/odom,-0.06815897856610165,0.5
4a778017-f9eb-4616-9c2a-65bf7b8f5291,25.311,odom_y,/odom,-0.06800707911863517,0.5
4a778017-f9eb-4616-9c2a-65bf7b8f5291,25.344,odom_y,/odom,-0.06785052128848605,0.5
4a778017-f9eb-4616-9c2a-65bf7b8f5291,25.380000000000003,odom_y,/odom,-0.06769090148252091,0.5
4a778017-f9eb-4616-9c2a-65bf7b8f5291,25.416,odom_y,/odom,-0.06752729388303651,0.5
4a778017-f9eb-4616-9c2a-65bf7b8f5291,25.452,odom_y,/odom,-0.06736164187485831,0.5
4a778017-f9eb-4616-9c2a-65bf7b8f5291,25.488000000000003,odom_y,/odom,-0.06719212919616256,0.5
4a778017-f9eb-4616-9c2a-65bf7b8f5291,25.524,odom_y,/odom,-0.06701757749719646,0.5
4a778017-f9eb-4616-9c2a-65bf7b8f5291,25.560000000000002,odom_y,/odom,-0.06683522427441699,0.5
4a778017-f9eb-4616-9c2a-65bf7b8f5291,25.596,odom_y,/odom,-0.06664655765635782,0.5
4a778017-f9eb-4616-9c2a-65bf7b8f5291,25.632,odom_y,/odom,-0.06645679768844756,0.5
4a778017-f9eb-4616-9c2a-65bf7b8f5291,25.668000000000003,odom_y,/odom,-0.06627300951171693,0.5
4a778017-f9eb-4616-9c2a-65bf7b8f5291,25.704,odom_y,/odom,-0.06609789218419554,0.5
4a778017-f9eb-4616-9c2a-65bf7b8f5291,25.740000000000002,odom_y,/odom,-0.0659334615548815,0.5
4a778017-f9eb-4616-9c2a-65bf7b8f5291,25.776000000000003,odom_y,/odom,-0.06577899353089116,0.5
4a778017-f9eb-4616-9c2a-65bf7b8f5291,25.812,odom_y,/odom,-0.0656330291356526,0.5
4a778017-f9eb-4616-9c2a-65bf7b8f5291,25.848000000000003,odom_y,/odom,-0.06549154137648963,0.5
4a778017-f9eb-4616-9c2a-65bf7b8f5291,25.884,odom_y,/odom,-0.0653570203537483,0.5
4a778017-f9eb-4616-9c2a-65bf7b8f5291,25.92,odom_y,/odom,-0.06522816916803816,0.5
4a778017-f9eb-4616-9c2a-65bf7b8f5291,25.956000000000003,odom_y,/odom,-0.06510482477016691,0.5
4a778017-f9eb-4616-9c2a-65bf7b8f5291,25.992,odom_y,/odom,-0.06498574943731766,0.5
4a778017-f9eb-4616-9c2a-65bf7b8f5291,26.028000000000002,odom_y,/odom,-0.06487202284390134,0.5
4a778017-f9eb-4616-9c2a-65bf7b8f5291,26.064,odom_y,/odom,-0.06476731190851465,0.5
4a778017-f9eb-4616-9c2a-65bf7b8f5291,26.1,odom_y,/odom,-0.06466969118743596,0.5
4a778017-f9eb-4616-9c2a-65bf7b8f5291,26.136000000000003,odom_y,/odom,-0.06457923447545026,0.5
4a778017-f9eb-4616-9c2a-65bf7b8f5291,26.172,odom_y,/odom,-0.0644955848611862,0.5
4a778017-f9eb-4616-9c2a-65bf7b8f5291,26.211000000000002,odom_y,/odom,-0.06441756656649436,0.5
4a778017-f9eb-4616-9c2a-65bf7b8f5291,26.244000000000003,odom_y,/odom,-0.06434794950249308,0.5
4a778017-f9eb-4616-9c2a-65bf7b8f5291,26.28,odom_y,/odom,-0.06428865888957384,0.5
4a778017-f9eb-4616-9c2a-65bf7b8f5291,26.316000000000003,odom_y,/odom,-0.06423898529268604,0.5
4a778017-f9eb-4616-9c2a-65bf7b8f5291,26.352,odom_y,/odom,-0.06419882823805663,0.5
4a778017-f9eb-4616-9c2a-65bf7b8f5291,26.388,odom_y,/odom,-0.06416662795879494,0.5
4a778017-f9eb-4616-9c2a-65bf7b8f5291,26.424000000000003,odom_y,/odom,-0.06414162992521126,0.5
4a778017-f9eb-4616-9c2a-65bf7b8f5291,26.46,odom_y,/odom,-0.06412425008782081,0.5
4a778017-f9eb-4616-9c2a-65bf7b8f5291,26.496000000000002,odom_y,/odom,-0.06411396059309515,0.5
4a778017-f9eb-4616-9c2a-65bf7b8f5291,26.532,odom_y,/odom,-0.06411109351704712,0.5
4a778017-f9eb-4616-9c2a-65bf7b8f5291,26.568,odom_y,/odom,-0.06411515499011831,0.5
4a778017-f9eb-4616-9c2a-65bf7b8f5291,26.604000000000003,odom_y,/odom,-0.0641265305649124,0.5
4a778017-f9eb-4616-9c2a-65bf7b8f5291,26.64,odom_y,/odom,-0.06414586986532896,0.5
4a778017-f9eb-4616-9c2a-65bf7b8f5291,26.676000000000002,odom_y,/odom,-0.06417286692409892,0.5
4a778017-f9eb-4616-9c2a-65bf7b8f5291,26.712000000000003,odom_y,/odom,-0.06420679161396327,0.5
4a778017-f9eb-4616-9c2a-65bf7b8f5291,26.748,odom_y,/odom,-0.06424003747033889,0.5
4a778017-f9eb-4616-9c2a-65bf7b8f5291,26.784000000000002,odom_y,/odom,-0.06426904726212987,0.5
4a778017-f9eb-4616-9c2a-65bf7b8f5291,26.82,odom_y,/odom,-0.06429346850614018,0.5
4a778017-f9eb-4616-9c2a-65bf7b8f5291,26.856,odom_y,/odom,-0.06431344368074207,0.5
4a778017-f9eb-4616-9c2a-65bf7b8f5291,26.892000000000003,odom_y,/odom,-0.06432974059541317,0.5
4a778017-f9eb-4616-9c2a-65bf7b8f5291,26.928,odom_y,/odom,-0.06434363091442737,0.5
4a778017-f9eb-4616-9c2a-65bf7b8f5291,26.964000000000002,odom_y,/odom,-0.0643552087842245,0.5
4a778017-f9eb-4616-9c2a-65bf7b8f5291,27.0,odom_y,/odom,-0.064365027393909,0.5
4a778017-f9eb-4616-9c2a-65bf7b8f5291,27.036,odom_y,/odom,-0.06437347793084211,0.5
4a778017-f9eb-4616-9c2a-65bf7b8f5291,27.072000000000003,odom_y,/odom,-0.06438031376169452,0.5
4a778017-f9eb-4616-9c2a-65bf7b8f5291,27.111,odom_y,/odom,-0.06438540258883427,0.5
4a778017-f9eb-4616-9c2a-65bf7b8f5291,27.144000000000002,odom_y,/odom,-0.06438879944418259,0.5
4a778017-f9eb-4616-9c2a-65bf7b8f5291,27.180000000000003,odom_y,/odom,-0.06439081701496524,0.5
4a778017-f9eb-4616-9c2a-65bf7b8f5291,27.216,odom_y,/odom,-0.06439147973791835,0.5
4a778017-f9eb-4616-9c2a-65bf7b8f5291,27.252000000000002,odom_y,/odom,-0.06439062612323868,0.5
4a778017-f9eb-4616-9c2a-65bf7b8f5291,27.288,odom_y,/odom,-0.0643878533008597,0.5
4a778017-f9eb-4616-9c2a-65bf7b8f5291,27.324,odom_y,/odom,-0.06438340077281397,0.5
4a778017-f9eb-4616-9c2a-65bf7b8f5291,27.360000000000003,odom_y,/odom,-0.06437747140292725,0.5
4a778017-f9eb-4616-9c2a-65bf7b8f5291,27.396,odom_y,/odom,-0.06437105562187477,0.5
4a778017-f9eb-4616-9c2a-65bf7b8f5291,27.432000000000002,odom_y,/odom,-0.06436498000077856,0.5
4a778017-f9eb-4616-9c2a-65bf7b8f5291,27.468,odom_y,/odom,-0.06435874886247096,0.5
4a778017-f9eb-4616-9c2a-65bf7b8f5291,27.504,odom_y,/odom,-0.06435234293372412,0.5
4a778017-f9eb-4616-9c2a-65bf7b8f5291,27.540000000000003,odom_y,/odom,-0.06434479701155041,0.5
4a778017-f9eb-4616-9c2a-65bf7b8f5291,27.576,odom_y,/odom,-0.06433496685135791,0.5
4a778017-f9eb-4616-9c2a-65bf7b8f5291,27.612000000000002,odom_y,/odom,-0.06432249956890831,0.5
4a778017-f9eb-4616-9c2a-65bf7b8f5291,27.648000000000003,odom_y,/odom,-0.0643058651728059,0.5
4a778017-f9eb-4616-9c2a-65bf7b8f5291,27.684,odom_y,/odom,-0.06428538838112405,0.5
4a778017-f9eb-4616-9c2a-65bf7b8f5291,27.720000000000002,odom_y,/odom,-0.06426541870087982,0.5
4a778017-f9eb-4616-9c2a-65bf7b8f5291,27.756,odom_y,/odom,-0.06424732846374404,0.5
4a778017-f9eb-4616-9c2a-65bf7b8f5291,27.792,odom_y,/odom,-0.06423246544666343,0.5
4a778017-f9eb-4616-9c2a-65bf7b8f5291,27.828000000000003,odom_y,/odom,-0.06422216783170072,0.5
4a778017-f9eb-4616-9c2a-65bf7b8f5291,27.864,odom_y,/odom,-0.06421679410053541,0.5
4a778017-f9eb-4616-9c2a-65bf7b8f5291,27.900000000000002,odom_y,/odom,-0.06421617795188135,0.5
4a778017-f9eb-4616-9c2a-65bf7b8f5291,27.936000000000003,odom_y,/odom,-0.06421971878754948,0.5
4a778017-f9eb-4616-9c2a-65bf7b8f5291,27.972,odom_y,/odom,-0.06422751373350222,0.5
4a778017-f9eb-4616-9c2a-65bf7b8f5291,28.011000000000003,odom_y,/odom,-0.06423941233646846,0.5
4a778017-f9eb-4616-9c2a-65bf7b8f5291,28.044,odom_y,/odom,-0.06425494788308377,0.5
4a778017-f9eb-4616-9c2a-65bf7b8f5291,28.080000000000002,odom_y,/odom,-0.06427406054625143,0.5
4a778017-f9eb-4616-9c2a-65bf7b8f5291,28.116000000000003,odom_y,/odom,-0.0642970202056286,0.5
4a778017-f9eb-4616-9c2a-65bf7b8f5291,28.152,odom_y,/odom,-0.06432426616007596,0.5
4a778017-f9eb-4616-9c2a-65bf7b8f5291,28.188000000000002,odom_y,/odom,-0.06435441073502121,0.5
4a778017-f9eb-4616-9c2a-65bf7b8f5291,28.224,odom_y,/odom,-0.064387556760657,0.5
4a778017-f9eb-4616-9c2a-65bf7b8f5291,28.26,odom_y,/odom,-0.06442378709167025,0.5
4a778017-f9eb-4616-9c2a-65bf7b8f5291,28.296000000000003,odom_y,/odom,-0.06446299253162131,0.5
4a778017-f9eb-4616-9c2a-65bf7b8f5291,28.332,odom_y,/odom,-0.06450497858452671,0.5
4a778017-f9eb-4616-9c2a-65bf7b8f5291,28.368000000000002,odom_y,/odom,-0.06454902691616636,0.5
4a778017-f9eb-4616-9c2a-65bf7b8f5291,28.404000000000003,odom_y,/odom,-0.06459502317802342,0.5
4a778017-f9eb-4616-9c2a-65bf7b8f5291,28.44,odom_y,/odom,-0.06464299570534858,0.5
4a778017-f9eb-4616-9c2a-65bf7b8f5291,28.476000000000003,odom_y,/odom,-0.06469332903370208,0.5
4a778017-f9eb-4616-9c2a-65bf7b8f5291,28.512,odom_y,/odom,-0.0647458314851514,0.5
4a778017-f9eb-4616-9c2a-65bf7b8f5291,28.548000000000002,odom_y,/odom,-0.06479898960492306,0.5
4a778017-f9eb-4616-9c2a-65bf7b8f5291,28.584000000000003,odom_y,/odom,-0.06485237416405178,0.5
4a778017-f9eb-4616-9c2a-65bf7b8f5291,28.62,odom_y,/odom,-0.06490635885703687,0.5
4a778017-f9eb-4616-9c2a-65bf7b8f5291,28.656000000000002,odom_y,/odom,-0.0649601271289788,0.5
4a778017-f9eb-4616-9c2a-65bf7b8f5291,28.692,odom_y,/odom,-0.06501482502640633,0.5
4a778017-f9eb-4616-9c2a-65bf7b8f5291,28.728,odom_y,/odom,-0.06506944297718753,0.5
4a778017-f9eb-4616-9c2a-65bf7b8f5291,28.764000000000003,odom_y,/odom,-0.06512191698582606,0.5
4a778017-f9eb-4616-9c2a-65bf7b8f5291,28.8,odom_y,/odom,-0.06517410013925191,0.5
4a778017-f9eb-4616-9c2a-65bf7b8f5291,28.836000000000002,odom_y,/odom,-0.06522664556452451,0.5
4a778017-f9eb-4616-9c2a-65bf7b8f5291,28.872000000000003,odom_y,/odom,-0.06528006141926009,0.5
4a778017-f9eb-4616-9c2a-65bf7b8f5291,28.911,odom_y,/odom,-0.06533446464859478,0.5
4a778017-f9eb-4616-9c2a-65bf7b8f5291,28.944000000000003,odom_y,/odom,-0.06538933479379826,0.5
4a778017-f9eb-4616-9c2a-65bf7b8f5291,28.98,odom_y,/odom,-0.06544353828522671,0.5
4a778017-f9eb-4616-9c2a-65bf7b8f5291,29.016000000000002,odom_y,/odom,-0.06549814098760992,0.5
4a778017-f9eb-4616-9c2a-65bf7b8f5291,29.052000000000003,odom_y,/odom,-0.06555272993310227,0.5
4a778017-f9eb-4616-9c2a-65bf7b8f5291,29.088,odom_y,/odom,-0.06560707745937475,0.5
4a778017-f9eb-4616-9c2a-65bf7b8f5291,29.124000000000002,odom_y,/odom,-0.0656621945985486,0.5
4a778017-f9eb-4616-9c2a-65bf7b8f5291,29.16,odom_y,/odom,-0.06571870900129576,0.5
4a778017-f9eb-4616-9c2a-65bf7b8f5291,29.196,odom_y,/odom,-0.06577603529628605,0.5
4a778017-f9eb-4616-9c2a-65bf7b8f5291,29.232000000000003,odom_y,/odom,-0.06583400135737255,0.5
4a778017-f9eb-4616-9c2a-65bf7b8f5291,29.268,odom_y,/odom,-0.06589164028993731,0.5
4a778017-f9eb-4616-9c2a-65bf7b8f5291,29.304000000000002,odom_y,/odom,-0.06594906148227216,0.5
4a778017-f9eb-4616-9c2a-65bf7b8f5291,29.340000000000003,odom_y,/odom,-0.06600570832437949,0.5
4a778017-f9eb-4616-9c2a-65bf7b8f5291,29.376,odom_y,/odom,-0.06606218756172907,0.5
4a778017-f9eb-4616-9c2a-65bf7b8f5291,29.412000000000003,odom_y,/odom,-0.0661175634585037,0.5
4a778017-f9eb-4616-9c2a-65bf7b8f5291,29.448,odom_y,/odom,-0.06617137452448284,0.5
4a778017-f9eb-4616-9c2a-65bf7b8f5291,29.484,odom_y,/odom,-0.06622380320973763,0.5
4a778017-f9eb-4616-9c2a-65bf7b8f5291,29.520000000000003,odom_y,/odom,-0.06627498809803736,0.5
4a778017-f9eb-4616-9c2a-65bf7b8f5291,29.556,odom_y,/odom,-0.06632533095187777,0.5
4a778017-f9eb-4616-9c2a-65bf7b8f5291,29.592000000000002,odom_y,/odom,-0.06637456013702749,0.5
4a778017-f9eb-4616-9c2a-65bf7b8f5291,29.628,odom_y,/odom,-0.06642244345017798,0.5
4a778017-f9eb-4616-9c2a-65bf7b8f5291,29.664,odom_y,/odom,-0.06646789502608008,0.5
4a778017-f9eb-4616-9c2a-65bf7b8f5291,29.700000000000003,odom_y,/odom,-0.06650886408079532,0.5
4a778017-f9eb-4616-9c2a-65bf7b8f5291,29.736,odom_y,/odom,-0.06654449063198231,0.5
4a778017-f9eb-4616-9c2a-65bf7b8f5291,29.772000000000002,odom_y,/odom,-0.0665762120850881,0.5
4a778017-f9eb-4616-9c2a-65bf7b8f5291,29.811000000000003,odom_y,/odom,-0.06660383231540513,0.5
4a778017-f9eb-4616-9c2a-65bf7b8f5291,29.844,odom_y,/odom,-0.06662774498084452,0.5
4a778017-f9eb-4616-9c2a-65bf7b8f5291,29.880000000000003,odom_y,/odom,-0.06664817719112377,0.5
4a778017-f9eb-4616-9c2a-65bf7b8f5291,29.916,odom_y,/odom,-0.06666575263877601,0.5
4a778017-f9eb-4616-9c2a-65bf7b8f5291,29.952,odom_y,/odom,-0.06668010146998886,0.5
4a778017-f9eb-4616-9c2a-65bf7b8f5291,29.988000000000003,odom_y,/odom,-0.06669117713211656,0.5
4a778017-f9eb-4616-9c2a-65bf7b8f5291,30.024,odom_y,/odom,-0.06669905370412121,0.5
4a778017-f9eb-4616-9c2a-65bf7b8f5291,30.060000000000002,odom_y,/odom,-0.06670372246092578,0.5
4a778017-f9eb-4616-9c2a-65bf7b8f5291,30.096000000000004,odom_y,/odom,-0.06670537537639412,0.5
4a778017-f9eb-4616-9c2a-65bf7b8f5291,30.132,odom_y,/odom,-0.0667039259586578,0.5
4a778017-f9eb-4616-9c2a-65bf7b8f5291,30.168000000000003,odom_y,/odom,-0.06669884390924824,0.5
4a778017-f9eb-4616-9c2a-65bf7b8f5291,30.204,odom_y,/odom,-0.06669021554664577,0.5
4a778017-f9eb-4616-9c2a-65bf7b8f5291,30.240000000000002,odom_y,/odom,-0.06667835203946068,0.5
4a778017-f9eb-4616-9c2a-65bf7b8f5291,30.276000000000003,odom_y,/odom,-0.0666631919482825,0.5
4a778017-f9eb-4616-9c2a-65bf7b8f5291,30.312,odom_y,/odom,-0.06664498686980969,0.5
4a778017-f9eb-4616-9c2a-65bf7b8f5291,30.348000000000003,odom_y,/odom,-0.0666243526423404,0.5
4a778017-f9eb-4616-9c2a-65bf7b8f5291,30.384,odom_y,/odom,-0.0666015529023024,0.5
4a778017-f9eb-4616-9c2a-65bf7b8f5291,30.42,odom_y,/odom,-0.06657655598226185,0.5
4a778017-f9eb-4616-9c2a-65bf7b8f5291,30.456000000000003,odom_y,/odom,-0.06654954745261606,0.5
4a778017-f9eb-4616-9c2a-65bf7b8f5291,30.492,odom_y,/odom,-0.06652049706834232,0.5
4a778017-f9eb-4616-9c2a-65bf7b8f5291,30.528000000000002,odom_y,/odom,-0.06648968339406523,0.5
4a778017-f9eb-4616-9c2a-65bf7b8f5291,30.564000000000004,odom_y,/odom,-0.0664576401187945,0.5
4a778017-f9eb-4616-9c2a-65bf7b8f5291,30.6,odom_y,/odom,-0.06642566364287968,0.5
4a778017-f9eb-4616-9c2a-65bf7b8f5291,30.636000000000003,odom_y,/odom,-0.06639296397250508,0.5
4a778017-f9eb-4616-9c2a-65bf7b8f5291,30.672,odom_y,/odom,-0.06635929748733663,0.5
4a778017-f9eb-4616-9c2a-65bf7b8f5291,30.711000000000002,odom_y,/odom,-0.06632534273913242,0.5
4a778017-f9eb-4616-9c2a-65bf7b8f5291,30.744000000000003,odom_y,/odom,-0.06628956056409037,0.5
4a778017-f9eb-4616-9c2a-65bf7b8f5291,30.78,odom_y,/odom,-0.06625188676527125,0.5
4a778017-f9eb-4616-9c2a-65bf7b8f5291,30.816000000000003,odom_y,/odom,-0.06621247540505411,0.5
4a778017-f9eb-4616-9c2a-65bf7b8f5291,30.852,odom_y,/odom,-0.06617110529133198,0.5
4a778017-f9eb-4616-9c2a-65bf7b8f5291,30.888,odom_y,/odom,-0.06612859218574149,0.5
4a778017-f9eb-4616-9c2a-65bf7b8f5291,30.924000000000003,odom_y,/odom,-0.06608434096991182,0.5
4a778017-f9eb-4616-9c2a-65bf7b8f5291,30.96,odom_y,/odom,-0.0660383965443315,0.5
4a778017-f9eb-4616-9c2a-65bf7b8f5291,30.996000000000002,odom_y,/odom,-0.06599031821687873,0.5
4a778017-f9eb-4616-9c2a-65bf7b8f5291,31.032000000000004,odom_y,/odom,-0.0659417881980568,0.5
4a778017-f9eb-4616-9c2a-65bf7b8f5291,31.068,odom_y,/odom,-0.06589276882406557,0.5
4a778017-f9eb-4616-9c2a-65bf7b8f5291,31.104000000000003,odom_y,/odom,-0.06584294354100653,0.5
4a778017-f9eb-4616-9c2a-65bf7b8f5291,31.14,odom_y,/odom,-0.06579204033240951,0.5
4a778017-f9eb-4616-9c2a-65bf7b8f5291,31.176000000000002,odom_y,/odom,-0.06574068389138624,0.5
4a778017-f9eb-4616-9c2a-65bf7b8f5291,31.212000000000003,odom_y,/odom,-0.06568914660008125,0.5
4a778017-f9eb-4616-9c2a-65bf7b8f5291,31.248,odom_y,/odom,-0.06563785753260917,0.5
4a778017-f9eb-4616-9c2a-65bf7b8f5291,31.284000000000002,odom_y,/odom,-0.06558684578682544,0.5
4a778017-f9eb-4616-9c2a-65bf7b8f5291,31.32,odom_y,/odom,-0.06553480571821903,0.5
4a778017-f9eb-4616-9c2a-65bf7b8f5291,31.356,odom_y,/odom,-0.06548110455692994,0.5
4a778017-f9eb-4616-9c2a-65bf7b8f5291,31.392000000000003,odom_y,/odom,-0.06542721084723423,0.5
4a778017-f9eb-4616-9c2a-65bf7b8f5291,31.428,odom_y,/odom,-0.06537280641513127,0.5
4a778017-f9eb-4616-9c2a-65bf7b8f5291,31.464000000000002,odom_y,/odom,-0.06531856567491047,0.5
4a778017-f9eb-4616-9c2a-65bf7b8f5291,31.500000000000004,odom_y,/odom,-0.065265395924621,0.5
4a778017-f9eb-4616-9c2a-65bf7b8f5291,31.536,odom_y,/odom,-0.06520982129921371,0.5
4a778017-f9eb-4616-9c2a-65bf7b8f5291,31.572000000000003,odom_y,/odom,-0.06515270191363558,0.5
4a778017-f9eb-4616-9c2a-65bf7b8f5291,31.608,odom_y,/odom,-0.0650962034359827,0.5
4a778017-f9eb-4616-9c2a-65bf7b8f5291,31.644000000000002,odom_y,/odom,-0.06503895073624864,0.5
4a778017-f9eb-4616-9c2a-65bf7b8f5291,31.680000000000003,odom_y,/odom,-0.06498166999330875,0.5
4a778017-f9eb-4616-9c2a-65bf7b8f5291,31.716,odom_y,/odom,-0.06492351723096225,0.5
4a778017-f9eb-4616-9c2a-65bf7b8f5291,31.752000000000002,odom_y,/odom,-0.06486647046902637,0.5
4a778017-f9eb-4616-9c2a-65bf7b8f5291,31.788,odom_y,/odom,-0.06480955767120627,0.5
4a778017-f9eb-4616-9c2a-65bf7b8f5291,31.824,odom_y,/odom,-0.06475208980260738,0.5
4a778017-f9eb-4616-9c2a-65bf7b8f5291,31.860000000000003,odom_y,/odom,-0.06469546642175658,0.5
4a778017-f9eb-4616-9c2a-65bf7b8f5291,31.896,odom_y,/odom,-0.0646387785823259,0.5
4a778017-f9eb-4616-9c2a-65bf7b8f5291,31.932000000000002,odom_y,/odom,-0.06458506675559474,0.5
4a778017-f9eb-4616-9c2a-65bf7b8f5291,31.968000000000004,odom_y,/odom,-0.06453309830642816,0.5
4a778017-f9eb-4616-9c2a-65bf7b8f5291,32.004000000000005,odom_y,/odom,-0.06448173947769645,0.5
4a778017-f9eb-4616-9c2a-65bf7b8f5291,32.04,odom_y,/odom,-0.06442923425359116,0.5
4a778017-f9eb-4616-9c2a-65bf7b8f5291,32.076,odom_y,/odom,-0.0643764886097262,0.5
4a778017-f9eb-4616-9c2a-65bf7b8f5291,32.112,odom_y,/odom,-0.06432222377682616,0.5
4a778017-f9eb-4616-9c2a-65bf7b8f5291,32.148,odom_y,/odom,-0.06426787609139631,0.5
4a778017-f9eb-4616-9c2a-65bf7b8f5291,32.184000000000005,odom_y,/odom,-0.06421233220616691,0.5
4a778017-f9eb-4616-9c2a-65bf7b8f5291,32.22,odom_y,/odom,-0.06415618929444444,0.5
4a778017-f9eb-4616-9c2a-65bf7b8f5291,32.256,odom_y,/odom,-0.06409938937770647,0.5
4a778017-f9eb-4616-9c2a-65bf7b8f5291,32.292,odom_y,/odom,-0.06404872476916436,0.5
4a778017-f9eb-4616-9c2a-65bf7b8f5291,32.328,odom_y,/odom,-0.0640227245541785,0.5
4a778017-f9eb-4616-9c2a-65bf7b8f5291,32.364000000000004,odom_y,/odom,-0.06401938201259043,0.5
4a778017-f9eb-4616-9c2a-65bf7b8f5291,32.4,odom_y,/odom,-0.06401938201259043,0.5
4a778017-f9eb-4616-9c2a-65bf7b8f5291,32.436,odom_y,/odom,-0.06401938201259043,0.5
4a778017-f9eb-4616-9c2a-65bf7b8f5291,32.472,odom_y,/odom,-0.06401938201259043,0.5
4a778017-f9eb-4616-9c2a-65bf7b8f5291,32.508,odom_y,/odom,-0.06401938201259043,0.5
4a778017-f9eb-4616-9c2a-65bf7b8f5291,32.544000000000004,odom_y,/odom,-0.06401938201259043,0.5
4a778017-f9eb-4616-9c2a-65bf7b8f5291,32.580000000000005,odom_y,/odom,-0.06401938201259043,0.5
4a778017-f9eb-4616-9c2a-65bf7b8f5291,32.616,odom_y,/odom,-0.06401938201259043,0.5
4a778017-f9eb-4616-9c2a-65bf7b8f5291,32.652,odom_y,/odom,-0.06401938201259043,0.5
4a778017-f9eb-4616-9c2a-65bf7b8f5291,32.688,odom_y,/odom,-0.06401938201259043,0.5
4a778017-f9eb-4616-9c2a-65bf7b8f5291,32.724000000000004,odom_y,/odom,-0.06401938201259043,0.5
4a778017-f9eb-4616-9c2a-65bf7b8f5291,32.760000000000005,odom_y,/odom,-0.06401938201259043,0.5
4a778017-f9eb-4616-9c2a-65bf7b8f5291,32.796,odom_y,/odom,-0.06401938201259043,0.5
4a778017-f9eb-4616-9c2a-65bf7b8f5291,32.832,odom_y,/odom,-0.06401938201259043,0.5
4a778017-f9eb-4616-9c2a-65bf7b8f5291,32.868,odom_y,/odom,-0.06401938201259043,0.5
4a778017-f9eb-4616-9c2a-65bf7b8f5291,32.904,odom_y,/odom,-0.06401938201259043,0.5
4a778017-f9eb-4616-9c2a-65bf7b8f5291,32.940000000000005,odom_y,/odom,-0.06401938201259043,0.5
4a778017-f9eb-4616-9c2a-65bf7b8f5291,12.651000000000002,pose_covariance_trace,/amcl_pose,1.0946799022804343e-13,2.0
4a778017-f9eb-4616-9c2a-65bf7b8f5291,16.314,pose_covariance_trace,/amcl_pose,0.029927665520171787,2.0
4a778017-f9eb-4616-9c2a-65bf7b8f5291,17.82,pose_covariance_trace,/amcl_pose,0.05549871311019449,2.0
4a778017-f9eb-4616-9c2a-65bf7b8f5291,19.224,pose_covariance_trace,/amcl_pose,0.07728854014604924,2.0
4a778017-f9eb-4616-9c2a-65bf7b8f5291,20.712,pose_covariance_trace,/amcl_pose,0.09358707616988943,2.0
4a778017-f9eb-4616-9c2a-65bf7b8f5291,22.212,pose_covariance_trace,/amcl_pose,0.11034493847647461,2.0
4a778017-f9eb-4616-9c2a-65bf7b8f5291,23.724,pose_covariance_trace,/amcl_pose,0.12889163078740662,2.0
4a778017-f9eb-4616-9c2a-65bf7b8f5291,25.128,pose_covariance_trace,/amcl_pose,0.1414907234102804,2.0
4a778017-f9eb-4616-9c2a-65bf7b8f5291,26.532,pose_covariance_trace,/amcl_pose,0.13787053810229669,2.0
4a778017-f9eb-4616-9c2a-65bf7b8f5291,28.116000000000003,pose_covariance_trace,/amcl_pose,0.13671427040477896,2.0
4a778017-f9eb-4616-9c2a-65bf7b8f5291,29.916,pose_covariance_trace,/amcl_pose,0.16508495449651317,2.0
4a778017-f9eb-4616-9c2a-65bf7b8f5291,12.723,uncertainty_mean,/semantic/uncertainty,0.005031984691085161,1.0
4a778017-f9eb-4616-9c2a-65bf7b8f5291,12.819,uncertainty_mean,/semantic/uncertainty,0.0050313799395883055,1.0
4a778017-f9eb-4616-9c2a-65bf7b8f5291,12.942,uncertainty_mean,/semantic/uncertainty,0.005030219531830463,1.0
4a778017-f9eb-4616-9c2a-65bf7b8f5291,13.041,uncertainty_mean,/semantic/uncertainty,0.005033309522986732,1.0
4a778017-f9eb-4616-9c2a-65bf7b8f5291,13.122000000000002,uncertainty_mean,/semantic/uncertainty,0.005028553108382614,1.0
4a778017-f9eb-4616-9c2a-65bf7b8f5291,13.221,uncertainty_mean,/semantic/uncertainty,0.005031259095431817,1.0
4a778017-f9eb-4616-9c2a-65bf7b8f5291,13.323,uncertainty_mean,/semantic/uncertainty,0.0050303477333494585,1.0
4a778017-f9eb-4616-9c2a-65bf7b8f5291,13.443000000000001,uncertainty_mean,/semantic/uncertainty,0.00503085526395599,1.0
4a778017-f9eb-4616-9c2a-65bf7b8f5291,13.521,uncertainty_mean,/semantic/uncertainty,0.005033101295828336,1.0
4a778017-f9eb-4616-9c2a-65bf7b8f5291,13.623000000000001,uncertainty_mean,/semantic/uncertainty,0.005031093581406291,1.0
4a778017-f9eb-4616-9c2a-65bf7b8f5291,13.722000000000001,uncertainty_mean,/semantic/uncertainty,0.005031850136915447,1.0
4a778017-f9eb-4616-9c2a-65bf7b8f5291,13.839,uncertainty_mean,/semantic/uncertainty,0.005028428527536069,1.0
4a778017-f9eb-4616-9c2a-65bf7b8f5291,13.941,uncertainty_mean,/semantic/uncertainty,0.005030784584609857,1.0
4a778017-f9eb-4616-9c2a-65bf7b8f5291,14.019,uncertainty_mean,/semantic/uncertainty,0.005030806905737677,1.0
4a778017-f9eb-4616-9c2a-65bf7b8f5291,14.121,uncertainty_mean,/semantic/uncertainty,0.0050303166878321315,1.0
4a778017-f9eb-4616-9c2a-65bf7b8f5291,14.223,uncertainty_mean,/semantic/uncertainty,0.005030649331938927,1.0
4a778017-f9eb-4616-9c2a-65bf7b8f5291,14.340000000000002,uncertainty_mean,/semantic/uncertainty,0.00503122186994517,1.0
4a778017-f9eb-4616-9c2a-65bf7b8f5291,14.421000000000001,uncertainty_mean,/semantic/uncertainty,0.005036992612582859,1.0
4a778017-f9eb-4616-9c2a-65bf7b8f5291,14.523000000000001,uncertainty_mean,/semantic/uncertainty,0.005213964742356438,1.0
4a778017-f9eb-4616-9c2a-65bf7b8f5291,14.619000000000002,uncertainty_mean,/semantic/uncertainty,0.005270147780514852,1.0
4a778017-f9eb-4616-9c2a-65bf7b8f5291,14.742,uncertainty_mean,/semantic/uncertainty,0.00535681859634811,1.0
4a778017-f9eb-4616-9c2a-65bf7b8f5291,14.844000000000001,uncertainty_mean,/semantic/uncertainty,0.005804602770103315,1.0
4a778017-f9eb-4616-9c2a-65bf7b8f5291,14.922,uncertainty_mean,/semantic/uncertainty,0.0058607858961587074,1.0
4a778017-f9eb-4616-9c2a-65bf7b8f5291,15.021,uncertainty_mean,/semantic/uncertainty,0.0059226617012833075,1.0
4a778017-f9eb-4616-9c2a-65bf7b8f5291,15.123000000000001,uncertainty_mean,/semantic/uncertainty,0.006321865458884682,1.0
4a778017-f9eb-4616-9c2a-65bf7b8f5291,15.24,uncertainty_mean,/semantic/uncertainty,0.00650814265550044,1.0
4a778017-f9eb-4616-9c2a-65bf7b8f5291,15.321000000000002,uncertainty_mean,/semantic/uncertainty,0.0065533813043244515,1.0
4a778017-f9eb-4616-9c2a-65bf7b8f5291,15.423000000000002,uncertainty_mean,/semantic/uncertainty,0.006543962743568841,1.0
4a778017-f9eb-4616-9c2a-65bf7b8f5291,15.522,uncertainty_mean,/semantic/uncertainty,0.007058652318527455,1.0
4a778017-f9eb-4616-9c2a-65bf7b8f5291,15.642000000000001,uncertainty_mean,/semantic/uncertainty,0.00705249579511398,1.0
4a778017-f9eb-4616-9c2a-65bf7b8f5291,15.741000000000001,uncertainty_mean,/semantic/uncertainty,0.007561991272772275,1.0
4a778017-f9eb-4616-9c2a-65bf7b8f5291,15.822000000000001,uncertainty_mean,/semantic/uncertainty,0.007542204311035524,1.0
4a778017-f9eb-4616-9c2a-65bf7b8f5291,15.921000000000001,uncertainty_mean,/semantic/uncertainty,0.008050936210581389,1.0
4a778017-f9eb-4616-9c2a-65bf7b8f5291,16.023,uncertainty_mean,/semantic/uncertainty,0.008545943755761318,1.0
4a778017-f9eb-4616-9c2a-65bf7b8f5291,16.14,uncertainty_mean,/semantic/uncertainty,0.00875229744939124,1.0
4a778017-f9eb-4616-9c2a-65bf7b8f5291,16.221,uncertainty_mean,/semantic/uncertainty,0.009013312115434597,1.0
4a778017-f9eb-4616-9c2a-65bf7b8f5291,16.323,uncertainty_mean,/semantic/uncertainty,0.00946085020084799,1.0
4a778017-f9eb-4616-9c2a-65bf7b8f5291,16.422,uncertainty_mean,/semantic/uncertainty,0.010329367541412797,1.0
4a778017-f9eb-4616-9c2a-65bf7b8f5291,16.539,uncertainty_mean,/semantic/uncertainty,0.010705505376389273,1.0
4a778017-f9eb-4616-9c2a-65bf7b8f5291,16.644000000000002,uncertainty_mean,/semantic/uncertainty,0.01123598255446647,1.0
4a778017-f9eb-4616-9c2a-65bf7b8f5291,16.722,uncertainty_mean,/semantic/uncertainty,0.011696559790257032,1.0
4a778017-f9eb-4616-9c2a-65bf7b8f5291,16.821,uncertainty_mean,/semantic/uncertainty,0.012242654824767716,1.0
4a778017-f9eb-4616-9c2a-65bf7b8f5291,16.923000000000002,uncertainty_mean,/semantic/uncertainty,0.012784690303443777,1.0
4a778017-f9eb-4616-9c2a-65bf7b8f5291,17.040000000000003,uncertainty_mean,/semantic/uncertainty,0.01280915076649696,1.0
4a778017-f9eb-4616-9c2a-65bf7b8f5291,17.121000000000002,uncertainty_mean,/semantic/uncertainty,0.012828798415791856,1.0
4a778017-f9eb-4616-9c2a-65bf7b8f5291,17.223000000000003,uncertainty_mean,/semantic/uncertainty,0.01282521209069356,1.0
4a778017-f9eb-4616-9c2a-65bf7b8f5291,17.325000000000003,uncertainty_mean,/semantic/uncertainty,0.012853001084657218,1.0
4a778017-f9eb-4616-9c2a-65bf7b8f5291,17.439,uncertainty_mean,/semantic/uncertainty,0.01289569479612003,1.0
4a778017-f9eb-4616-9c2a-65bf7b8f5291,17.541,uncertainty_mean,/semantic/uncertainty,0.012937544695245223,1.0
4a778017-f9eb-4616-9c2a-65bf7b8f5291,17.622,uncertainty_mean,/semantic/uncertainty,0.01297982627927458,1.0
4a778017-f9eb-4616-9c2a-65bf7b8f5291,17.721,uncertainty_mean,/semantic/uncertainty,0.013025699176661002,1.0
4a778017-f9eb-4616-9c2a-65bf7b8f5291,17.823,uncertainty_mean,/semantic/uncertainty,0.013053521408355237,1.0
4a778017-f9eb-4616-9c2a-65bf7b8f5291,17.94,uncertainty_mean,/semantic/uncertainty,0.01308307765517147,1.0
4a778017-f9eb-4616-9c2a-65bf7b8f5291,18.021,uncertainty_mean,/semantic/uncertainty,0.013106638655949516,1.0
4a778017-f9eb-4616-9c2a-65bf7b8f5291,18.123,uncertainty_mean,/semantic/uncertainty,0.013129675810999011,1.0
4a778017-f9eb-4616-9c2a-65bf7b8f5291,18.222,uncertainty_mean,/semantic/uncertainty,0.01314134362088911,1.0
4a778017-f9eb-4616-9c2a-65bf7b8f5291,18.342000000000002,uncertainty_mean,/semantic/uncertainty,0.013109432830371652,1.0
4a778017-f9eb-4616-9c2a-65bf7b8f5291,18.444000000000003,uncertainty_mean,/semantic/uncertainty,0.013044428599814115,1.0
4a778017-f9eb-4616-9c2a-65bf7b8f5291,18.522000000000002,uncertainty_mean,/semantic/uncertainty,0.012945470249038766,1.0
4a778017-f9eb-4616-9c2a-65bf7b8f5291,18.621000000000002,uncertainty_mean,/semantic/uncertainty,0.012803677436102147,1.0
4a778017-f9eb-4616-9c2a-65bf7b8f5291,18.723000000000003,uncertainty_mean,/semantic/uncertainty,0.012622688201149389,1.0
4a778017-f9eb-4616-9c2a-65bf7b8f5291,18.843,uncertainty_mean,/semantic/uncertainty,0.012260898576064735,1.0
4a778017-f9eb-4616-9c2a-65bf7b8f5291,18.921000000000003,uncertainty_mean,/semantic/uncertainty,0.011846873917019553,1.0
4a778017-f9eb-4616-9c2a-65bf7b8f5291,19.023,uncertainty_mean,/semantic/uncertainty,0.011491133881781886,1.0
4a778017-f9eb-4616-9c2a-65bf7b8f5291,19.122,uncertainty_mean,/semantic/uncertainty,0.010741642212036252,1.0
4a778017-f9eb-4616-9c2a-65bf7b8f5291,19.242,uncertainty_mean,/semantic/uncertainty,0.010107336481012629,1.0
4a778017-f9eb-4616-9c2a-65bf7b8f5291,19.341,uncertainty_mean,/semantic/uncertainty,0.00948380604839965,1.0
4a778017-f9eb-4616-9c2a-65bf7b8f5291,19.422,uncertainty_mean,/semantic/uncertainty,0.008627450658993526,1.0
4a778017-f9eb-4616-9c2a-65bf7b8f5291,19.521,uncertainty_mean,/semantic/uncertainty,0.008192906639301896,1.0
4a778017-f9eb-4616-9c2a-65bf7b8f5291,19.623,uncertainty_mean,/semantic/uncertainty,0.007423512616137462,1.0
4a778017-f9eb-4616-9c2a-65bf7b8f5291,19.743000000000002,uncertainty_mean,/semantic/uncertainty,0.006702723806082578,1.0
4a778017-f9eb-4616-9c2a-65bf7b8f5291,19.821,uncertainty_mean,/semantic/uncertainty,0.006033770936455127,1.0
4a778017-f9eb-4616-9c2a-65bf7b8f5291,19.923000000000002,uncertainty_mean,/semantic/uncertainty,0.00539712817992644,1.0
4a778017-f9eb-4616-9c2a-65bf7b8f5291,20.022000000000002,uncertainty_mean,/semantic/uncertainty,0.005006359042611071,1.0
4a778017-f9eb-4616-9c2a-65bf7b8f5291,20.142000000000003,uncertainty_mean,/semantic/uncertainty,0.004892166783348865,1.0
4a778017-f9eb-4616-9c2a-65bf7b8f5291,20.241,uncertainty_mean,/semantic/uncertainty,0.004813366242362184,1.0
4a778017-f9eb-4616-9c2a-65bf7b8f5291,20.322000000000003,uncertainty_mean,/semantic/uncertainty,0.00468057511259533,1.0
4a778017-f9eb-4616-9c2a-65bf7b8f5291,20.421000000000003,uncertainty_mean,/semantic/uncertainty,0.004568118559509718,1.0
4a778017-f9eb-4616-9c2a-65bf7b8f5291,20.523,uncertainty_mean,/semantic/uncertainty,0.004444544283596983,1.0
4a778017-f9eb-4616-9c2a-65bf7b8f5291,20.64,uncertainty_mean,/semantic/uncertainty,0.004320946295163282,1.0
4a778017-f9eb-4616-9c2a-65bf7b8f5291,20.721,uncertainty_mean,/semantic/uncertainty,0.004197017840689838,1.0
4a778017-f9eb-4616-9c2a-65bf7b8f5291,20.823,uncertainty_mean,/semantic/uncertainty,0.004070734126010815,1.0
4a778017-f9eb-4616-9c2a-65bf7b8f5291,20.922,uncertainty_mean,/semantic/uncertainty,0.003941849766446452,1.0
4a778017-f9eb-4616-9c2a-65bf7b8f5291,21.039,uncertainty_mean,/semantic/uncertainty,0.0038162472313846506,1.0
4a778017-f9eb-4616-9c2a-65bf7b8f5291,21.147000000000002,uncertainty_mean,/semantic/uncertainty,0.0037100698217500394,1.0
4a778017-f9eb-4616-9c2a-65bf7b8f5291,21.222,uncertainty_mean,/semantic/uncertainty,0.003600707103293364,1.0
4a778017-f9eb-4616-9c2a-65bf7b8f5291,21.321,uncertainty_mean,/semantic/uncertainty,0.0035195268096223486,1.0
4a778017-f9eb-4616-9c2a-65bf7b8f5291,21.423000000000002,uncertainty_mean,/semantic/uncertainty,0.0034573220500440033,1.0
4a778017-f9eb-4616-9c2a-65bf7b8f5291,21.540000000000003,uncertainty_mean,/semantic/uncertainty,0.003424964423458855,1.0
4a778017-f9eb-4616-9c2a-65bf7b8f5291,21.621000000000002,uncertainty_mean,/semantic/uncertainty,0.0034232788084178384,1.0
4a778017-f9eb-4616-9c2a-65bf7b8f5291,21.723000000000003,uncertainty_mean,/semantic/uncertainty,0.0034010870986674745,1.0
4a778017-f9eb-4616-9c2a-65bf7b8f5291,21.822000000000003,uncertainty_mean,/semantic/uncertainty,0.003382295636464458,1.0
4a778017-f9eb-4616-9c2a-65bf7b8f5291,21.942,uncertainty_mean,/semantic/uncertainty,0.003354026551205808,1.0
4a778017-f9eb-4616-9c2a-65bf7b8f5291,22.041,uncertainty_mean,/semantic/uncertainty,0.0033174455715144664,1.0
4a778017-f9eb-4616-9c2a-65bf7b8f5291,22.122,uncertainty_mean,/semantic/uncertainty,0.0032692776523999237,1.0
4a778017-f9eb-4616-9c2a-65bf7b8f5291,22.221,uncertainty_mean,/semantic/uncertainty,0.0032055374441006396,1.0
4a778017-f9eb-4616-9c2a-65bf7b8f5291,22.326,uncertainty_mean,/semantic/uncertainty,0.003149818151003932,1.0
4a778017-f9eb-4616-9c2a-65bf7b8f5291,22.443,uncertainty_mean,/semantic/uncertainty,0.003068557663883264,1.0
4a778017-f9eb-4616-9c2a-65bf7b8f5291,22.521,uncertainty_mean,/semantic/uncertainty,0.0031297295110901163,1.0
4a778017-f9eb-4616-9c2a-65bf7b8f5291,22.623,uncertainty_mean,/semantic/uncertainty,0.003155250261585098,1.0
4a778017-f9eb-4616-9c2a-65bf7b8f5291,22.722,uncertainty_mean,/semantic/uncertainty,0.003111139511754407,1.0
4a778017-f9eb-4616-9c2a-65bf7b8f5291,22.842000000000002,uncertainty_mean,/semantic/uncertainty,0.0029331862608451566,1.0
4a778017-f9eb-4616-9c2a-65bf7b8f5291,22.941000000000003,uncertainty_mean,/semantic/uncertainty,0.002780675330977639,1.0
4a778017-f9eb-4616-9c2a-65bf7b8f5291,23.025000000000002,uncertainty_mean,/semantic/uncertainty,0.002660271562312057,1.0
4a778017-f9eb-4616-9c2a-65bf7b8f5291,23.121000000000002,uncertainty_mean,/semantic/uncertainty,0.002640414931051597,1.0
4a778017-f9eb-4616-9c2a-65bf7b8f5291,23.226000000000003,uncertainty_mean,/semantic/uncertainty,0.0025640274250903873,1.0
4a778017-f9eb-4616-9c2a-65bf7b8f5291,23.34,uncertainty_mean,/semantic/uncertainty,0.002484443157027355,1.0
4a778017-f9eb-4616-9c2a-65bf7b8f5291,23.421000000000003,uncertainty_mean,/semantic/uncertainty,0.0024645040356597882,1.0
4a778017-f9eb-4616-9c2a-65bf7b8f5291,23.523000000000003,uncertainty_mean,/semantic/uncertainty,0.002425801988601535,1.0
4a778017-f9eb-4616-9c2a-65bf7b8f5291,23.622,uncertainty_mean,/semantic/uncertainty,0.0023629825665513592,1.0
4a778017-f9eb-4616-9c2a-65bf7b8f5291,23.742,uncertainty_mean,/semantic/uncertainty,0.002335097600772838,1.0
4a778017-f9eb-4616-9c2a-65bf7b8f5291,23.844,uncertainty_mean,/semantic/uncertainty,0.00233350143861126,1.0
4a778017-f9eb-4616-9c2a-65bf7b8f5291,23.922,uncertainty_mean,/semantic/uncertainty,0.0023155988285908672,1.0
4a778017-f9eb-4616-9c2a-65bf7b8f5291,24.021,uncertainty_mean,/semantic/uncertainty,0.002309132063151426,1.0
4a778017-f9eb-4616-9c2a-65bf7b8f5291,24.123,uncertainty_mean,/semantic/uncertainty,0.002286232873234972,1.0
4a778017-f9eb-4616-9c2a-65bf7b8f5291,24.243000000000002,uncertainty_mean,/semantic/uncertainty,0.0022949105360579834,1.0
4a778017-f9eb-4616-9c2a-65bf7b8f5291,24.321,uncertainty_mean,/semantic/uncertainty,0.0022830281765437496,1.0
4a778017-f9eb-4616-9c2a-65bf7b8f5291,24.426000000000002,uncertainty_mean,/semantic/uncertainty,0.002282084562038514,1.0
4a778017-f9eb-4616-9c2a-65bf7b8f5291,24.522000000000002,uncertainty_mean,/semantic/uncertainty,0.0022742805309703823,1.0
4a778017-f9eb-4616-9c2a-65bf7b8f5291,24.639000000000003,uncertainty_mean,/semantic/uncertainty,0.0022718107605443727,1.0
4a778017-f9eb-4616-9c2a-65bf7b8f5291,24.744,uncertainty_mean,/semantic/uncertainty,0.002281045164429525,1.0
4a778017-f9eb-4616-9c2a-65bf7b8f5291,24.819000000000003,uncertainty_mean,/semantic/uncertainty,0.002292075289605364,1.0
4a778017-f9eb-4616-9c2a-65bf7b8f5291,24.924000000000003,uncertainty_mean,/semantic/uncertainty,0.0023144961201605817,1.0
4a778017-f9eb-4616-9c2a-65bf7b8f5291,25.023000000000003,uncertainty_mean,/semantic/uncertainty,0.002326878012599044,1.0
4a778017-f9eb-4616-9c2a-65bf7b8f5291,25.143,uncertainty_mean,/semantic/uncertainty,0.0023331122602079073,1.0
4a778017-f9eb-4616-9c2a-65bf7b8f5291,25.221,uncertainty_mean,/semantic/uncertainty,0.0023646715612270107,1.0
4a778017-f9eb-4616-9c2a-65bf7b8f5291,25.323,uncertainty_mean,/semantic/uncertainty,0.0023962815723342365,1.0
4a778017-f9eb-4616-9c2a-65bf7b8f5291,25.422,uncertainty_mean,/semantic/uncertainty,0.002384904007079284,1.0
4a778017-f9eb-4616-9c2a-65bf7b8f5291,25.539,uncertainty_mean,/semantic/uncertainty,0.0023917716404283653,1.0
4a778017-f9eb-4616-9c2a-65bf7b8f5291,25.641000000000002,uncertainty_mean,/semantic/uncertainty,0.002397798722531963,1.0
4a778017-f9eb-4616-9c2a-65bf7b8f5291,25.722,uncertainty_mean,/semantic/uncertainty,0.002393179958001319,1.0
4a778017-f9eb-4616-9c2a-65bf7b8f5291,25.821,uncertainty_mean,/semantic/uncertainty,0.0023958667945363564,1.0
4a778017-f9eb-4616-9c2a-65bf7b8f5291,25.923000000000002,uncertainty_mean,/semantic/uncertainty,0.0024011232540061714,1.0
4a778017-f9eb-4616-9c2a-65bf7b8f5291,26.043000000000003,uncertainty_mean,/semantic/uncertainty,0.002419400445408974,1.0
4a778017-f9eb-4616-9c2a-65bf7b8f5291,26.121000000000002,uncertainty_mean,/semantic/uncertainty,0.002419354553467728,1.0
4a778017-f9eb-4616-9c2a-65bf7b8f5291,26.223000000000003,uncertainty_mean,/semantic/uncertainty,0.002448185761160199,1.0
4a778017-f9eb-4616-9c2a-65bf7b8f5291,26.322000000000003,uncertainty_mean,/semantic/uncertainty,0.0024999425951886126,1.0
4a778017-f9eb-4616-9c2a-65bf7b8f5291,26.442,uncertainty_mean,/semantic/uncertainty,0.0025580842418492485,1.0
4a778017-f9eb-4616-9c2a-65bf7b8f5291,26.544,uncertainty_mean,/semantic/uncertainty,0.0026211656546948642,1.0
4a778017-f9eb-4616-9c2a-65bf7b8f5291,26.622,uncertainty_mean,/semantic/uncertainty,0.0027067029463538066,1.0
4a778017-f9eb-4616-9c2a-65bf7b8f5291,26.724,uncertainty_mean,/semantic/uncertainty,0.002802473701740317,1.0
4a778017-f9eb-4616-9c2a-65bf7b8f5291,26.82,uncertainty_mean,/semantic/uncertainty,0.0028643016609286734,1.0
4a778017-f9eb-4616-9c2a-65bf7b8f5291,26.943,uncertainty_mean,/semantic/uncertainty,0.0028760220044139534,1.0
4a778017-f9eb-4616-9c2a-65bf7b8f5291,27.021,uncertainty_mean,/semantic/uncertainty,0.0028658740127097044,1.0
4a778017-f9eb-4616-9c2a-65bf7b8f5291,27.123,uncertainty_mean,/semantic/uncertainty,0.0028770891823757163,1.0
4a778017-f9eb-4616-9c2a-65bf7b8f5291,27.222,uncertainty_mean,/semantic/uncertainty,0.0028623515336039657,1.0
4a778017-f9eb-4616-9c2a-65bf7b8f5291,27.342000000000002,uncertainty_mean,/semantic/uncertainty,0.0028633077622229014,1.0
4a778017-f9eb-4616-9c2a-65bf7b8f5291,27.447000000000003,uncertainty_mean,/semantic/uncertainty,0.0028737683493463054,1.0
4a778017-f9eb-4616-9c2a-65bf7b8f5291,27.522000000000002,uncertainty_mean,/semantic/uncertainty,0.0028508068511840356,1.0
4a778017-f9eb-4616-9c2a-65bf7b8f5291,27.621000000000002,uncertainty_mean,/semantic/uncertainty,0.0028573115418563865,1.0
4a778017-f9eb-4616-9c2a-65bf7b8f5291,27.723000000000003,uncertainty_mean,/semantic/uncertainty,0.0028351319409006593,1.0
4a778017-f9eb-4616-9c2a-65bf7b8f5291,27.840000000000003,uncertainty_mean,/semantic/uncertainty,0.0028202659457460715,1.0
4a778017-f9eb-4616-9c2a-65bf7b8f5291,27.921000000000003,uncertainty_mean,/semantic/uncertainty,0.0027824269621197157,1.0
4a778017-f9eb-4616-9c2a-65bf7b8f5291,28.023000000000003,uncertainty_mean,/semantic/uncertainty,0.0027402953812264443,1.0
4a778017-f9eb-4616-9c2a-65bf7b8f5291,28.122000000000003,uncertainty_mean,/semantic/uncertainty,0.0026993199393610173,1.0
4a778017-f9eb-4616-9c2a-65bf7b8f5291,28.239,uncertainty_mean,/semantic/uncertainty,0.0026395639378640943,1.0
4a778017-f9eb-4616-9c2a-65bf7b8f5291,28.344,uncertainty_mean,/semantic/uncertainty,0.002576907623254403,1.0
4a778017-f9eb-4616-9c2a-65bf7b8f5291,28.422,uncertainty_mean,/semantic/uncertainty,0.0025690143592191936,1.0
4a778017-f9eb-4616-9c2a-65bf7b8f5291,28.524,uncertainty_mean,/semantic/uncertainty,0.002495862480085987,1.0
4a778017-f9eb-4616-9c2a-65bf7b8f5291,28.623,uncertainty_mean,/semantic/uncertainty,0.002399577689682726,1.0
4a778017-f9eb-4616-9c2a-65bf7b8f5291,28.743000000000002,uncertainty_mean,/semantic/uncertainty,0.00236129358955214,1.0
4a778017-f9eb-4616-9c2a-65bf7b8f5291,28.821,uncertainty_mean,/semantic/uncertainty,0.0023020624726945906,1.0
4a778017-f9eb-4616-9c2a-65bf7b8f5291,28.923000000000002,uncertainty_mean,/semantic/uncertainty,0.002261375770338958,1.0
4a778017-f9eb-4616-9c2a-65bf7b8f5291,29.022000000000002,uncertainty_mean,/semantic/uncertainty,0.002188795769464639,1.0
4a778017-f9eb-4616-9c2a-65bf7b8f5291,29.139000000000003,uncertainty_mean,/semantic/uncertainty,0.0021282691199573617,1.0
4a778017-f9eb-4616-9c2a-65bf7b8f5291,29.241000000000003,uncertainty_mean,/semantic/uncertainty,0.0020677467662604224,1.0
4a778017-f9eb-4616-9c2a-65bf7b8f5291,29.322000000000003,uncertainty_mean,/semantic/uncertainty,0.0019849788032612046,1.0
4a778017-f9eb-4616-9c2a-65bf7b8f5291,29.421000000000003,uncertainty_mean,/semantic/uncertainty,0.001904504791395875,1.0
4a778017-f9eb-4616-9c2a-65bf7b8f5291,29.523000000000003,uncertainty_mean,/semantic/uncertainty,0.001870250839002896,1.0
4a778017-f9eb-4616-9c2a-65bf7b8f5291,29.64,uncertainty_mean,/semantic/uncertainty,0.0018763747364438762,1.0
4a778017-f9eb-4616-9c2a-65bf7b8f5291,29.721,uncertainty_mean,/semantic/uncertainty,0.0018796930457641874,1.0
4a778017-f9eb-4616-9c2a-65bf7b8f5291,29.823,uncertainty_mean,/semantic/uncertainty,0.001883133832369867,1.0
4a778017-f9eb-4616-9c2a-65bf7b8f5291,29.922,uncertainty_mean,/semantic/uncertainty,0.0018853012537212225,1.0
4a778017-f9eb-4616-9c2a-65bf7b8f5291,30.042,uncertainty_mean,/semantic/uncertainty,0.0018880467442887947,1.0
4a778017-f9eb-4616-9c2a-65bf7b8f5291,30.144000000000002,uncertainty_mean,/semantic/uncertainty,0.0018916331884968151,1.0
4a778017-f9eb-4616-9c2a-65bf7b8f5291,30.222,uncertainty_mean,/semantic/uncertainty,0.0018913970098221238,1.0
4a778017-f9eb-4616-9c2a-65bf7b8f5291,30.321,uncertainty_mean,/semantic/uncertainty,0.0018973539008304563,1.0
4a778017-f9eb-4616-9c2a-65bf7b8f5291,30.423000000000002,uncertainty_mean,/semantic/uncertainty,0.0019008184039397294,1.0
4a778017-f9eb-4616-9c2a-65bf7b8f5291,30.540000000000003,uncertainty_mean,/semantic/uncertainty,0.0019060776046874869,1.0
4a778017-f9eb-4616-9c2a-65bf7b8f5291,30.621000000000002,uncertainty_mean,/semantic/uncertainty,0.0019093936698161744,1.0
4a778017-f9eb-4616-9c2a-65bf7b8f5291,30.723000000000003,uncertainty_mean,/semantic/uncertainty,0.0019075729250503314,1.0
4a778017-f9eb-4616-9c2a-65bf7b8f5291,30.825000000000003,uncertainty_mean,/semantic/uncertainty,0.0019058715179885925,1.0
4a778017-f9eb-4616-9c2a-65bf7b8f5291,30.939000000000004,uncertainty_mean,/semantic/uncertainty,0.0019089079784672218,1.0
4a778017-f9eb-4616-9c2a-65bf7b8f5291,31.044,uncertainty_mean,/semantic/uncertainty,0.0019114831471787497,1.0
4a778017-f9eb-4616-9c2a-65bf7b8f5291,31.122000000000003,uncertainty_mean,/semantic/uncertainty,0.0019155580433958736,1.0
4a778017-f9eb-4616-9c2a-65bf7b8f5291,31.221000000000004,uncertainty_mean,/semantic/uncertainty,0.0019189123253946208,1.0
4a778017-f9eb-4616-9c2a-65bf7b8f5291,31.323,uncertainty_mean,/semantic/uncertainty,0.001924613589908753,1.0
4a778017-f9eb-4616-9c2a-65bf7b8f5291,31.443,uncertainty_mean,/semantic/uncertainty,0.0019270635289499734,1.0
4a778017-f9eb-4616-9c2a-65bf7b8f5291,31.521,uncertainty_mean,/semantic/uncertainty,0.0019305550834612243,1.0
4a778017-f9eb-4616-9c2a-65bf7b8f5291,31.623,uncertainty_mean,/semantic/uncertainty,0.00193256620852918,1.0
4a778017-f9eb-4616-9c2a-65bf7b8f5291,31.722,uncertainty_mean,/semantic/uncertainty,0.001933653793814874,1.0
4a778017-f9eb-4616-9c2a-65bf7b8f5291,31.842000000000002,uncertainty_mean,/semantic/uncertainty,0.001924531781472627,1.0
4a778017-f9eb-4616-9c2a-65bf7b8f5291,31.944000000000003,uncertainty_mean,/semantic/uncertainty,0.001936798824801631,1.0
4a778017-f9eb-4616-9c2a-65bf7b8f5291,32.022,uncertainty_mean,/semantic/uncertainty,0.0019384149166021913,1.0
4a778017-f9eb-4616-9c2a-65bf7b8f5291,32.121,uncertainty_mean,/semantic/uncertainty,0.0019406960107454197,1.0
4a778017-f9eb-4616-9c2a-65bf7b8f5291,32.223,uncertainty_mean,/semantic/uncertainty,0.0019433319376997756,1.0
4a778017-f9eb-4616-9c2a-65bf7b8f5291,32.34,uncertainty_mean,/semantic/uncertainty,0.0019455771332914415,1.0
4a778017-f9eb-4616-9c2a-65bf7b8f5291,32.421,uncertainty_mean,/semantic/uncertainty,0.0019478309434714566,1.0
4a778017-f9eb-4616-9c2a-65bf7b8f5291,32.52,uncertainty_mean,/semantic/uncertainty,0.0019479432523904687,1.0
4a778017-f9eb-4616-9c2a-65bf7b8f5291,32.622,uncertainty_mean,/semantic/uncertainty,0.001947837476633083,1.0
4a778017-f9eb-4616-9c2a-65bf7b8f5291,32.739000000000004,uncertainty_mean,/semantic/uncertainty,0.0019474380207439878,1.0
4a778017-f9eb-4616-9c2a-65bf7b8f5291,32.844,uncertainty_mean,/semantic/uncertainty,0.001947902562246065,1.0
4a778017-f9eb-4616-9c2a-65bf7b8f5291,32.922000000000004,uncertainty_mean,/semantic/uncertainty,0.0019477352867048776,1.0
4a778017-f9eb-4616-9c2a-65bf7b8f5291,12.711,valid_return_fraction,/scan,1.0,0.5
4a778017-f9eb-4616-9c2a-65bf7b8f5291,12.807,valid_return_fraction,/scan,1.0,0.5
4a778017-f9eb-4616-9c2a-65bf7b8f5291,12.909,valid_return_fraction,/scan,1.0,0.5
4a778017-f9eb-4616-9c2a-65bf7b8f5291,13.011000000000001,valid_return_fraction,/scan,1.0,0.5
4a778017-f9eb-4616-9c2a-65bf7b8f5291,13.113000000000001,valid_return_fraction,/scan,1.0,0.5
4a778017-f9eb-4616-9c2a-65bf7b8f5291,13.209000000000001,valid_return_fraction,/scan,1.0,0.5
4a778017-f9eb-4616-9c2a-65bf7b8f5291,13.311,valid_return_fraction,/scan,1.0,0.5
4a778017-f9eb-4616-9c2a-65bf7b8f5291,13.41,valid_return_fraction,/scan,1.0,0.5
4a778017-f9eb-4616-9c2a-65bf7b8f5291,13.509,valid_return_fraction,/scan,1.0,0.5
4a778017-f9eb-4616-9c2a-65bf7b8f5291,13.611,valid_return_fraction,/scan,1.0,0.5
4a778017-f9eb-4616-9c2a-65bf7b8f5291,13.71,valid_return_fraction,/scan,1.0,0.5
4a778017-f9eb-4616-9c2a-65bf7b8f5291,13.809000000000001,valid_return_fraction,/scan,1.0,0.5
4a778017-f9eb-4616-9c2a-65bf7b8f5291,13.911000000000001,valid_return_fraction,/scan,1.0,0.5
4a778017-f9eb-4616-9c2a-65bf7b8f5291,14.010000000000002,valid_return_fraction,/scan,1.0,0.5
4a778017-f9eb-4616-9c2a-65bf7b8f5291,14.109000000000002,valid_return_fraction,/scan,1.0,0.5
4a778017-f9eb-4616-9c2a-65bf7b8f5291,14.211,valid_return_fraction,/scan,1.0,0.5
4a778017-f9eb-4616-9c2a-65bf7b8f5291,14.31,valid_return_fraction,/scan,1.0,0.5
4a778017-f9eb-4616-9c2a-65bf7b8f5291,14.409,valid_return_fraction,/scan,1.0,0.5
4a778017-f9eb-4616-9c2a-65bf7b8f5291,14.511000000000001,valid_return_fraction,/scan,1.0,0.5
4a778017-f9eb-4616-9c2a-65bf7b8f5291,14.613000000000001,valid_return_fraction,/scan,1.0,0.5
4a778017-f9eb-4616-9c2a-65bf7b8f5291,14.709000000000001,valid_return_fraction,/scan,1.0,0.5
4a778017-f9eb-4616-9c2a-65bf7b8f5291,14.811000000000002,valid_return_fraction,/scan,1.0,0.5
4a778017-f9eb-4616-9c2a-65bf7b8f5291,14.91,valid_return_fraction,/scan,1.0,0.5
4a778017-f9eb-4616-9c2a-65bf7b8f5291,15.009,valid_return_fraction,/scan,1.0,0.5
4a778017-f9eb-4616-9c2a-65bf7b8f5291,15.111,valid_return_fraction,/scan,1.0,0.5
4a778017-f9eb-4616-9c2a-65bf7b8f5291,15.21,valid_return_fraction,/scan,1.0,0.5
4a778017-f9eb-4616-9c2a-65bf7b8f5291,15.309000000000001,valid_return_fraction,/scan,1.0,0.5
4a778017-f9eb-4616-9c2a-65bf7b8f5291,15.414000000000001,valid_return_fraction,/scan,1.0,0.5
4a778017-f9eb-4616-9c2a-65bf7b8f5291,15.510000000000002,valid_return_fraction,/scan,1.0,0.5
4a778017-f9eb-4616-9c2a-65bf7b8f5291,15.612,valid_return_fraction,/scan,1.0,0.5
4a778017-f9eb-4616-9c2a-65bf7b8f5291,15.711,valid_return_fraction,/scan,1.0,0.5
4a778017-f9eb-4616-9c2a-65bf7b8f5291,15.81,valid_return_fraction,/scan,1.0,0.5
4a778017-f9eb-4616-9c2a-65bf7b8f5291,15.909,valid_return_fraction,/scan,1.0,0.5
4a778017-f9eb-4616-9c2a-65bf7b8f5291,16.011,valid_return_fraction,/scan,1.0,0.5
4a778017-f9eb-4616-9c2a-65bf7b8f5291,16.11,valid_return_fraction,/scan,1.0,0.5
4a778017-f9eb-4616-9c2a-65bf7b8f5291,16.209,valid_return_fraction,/scan,1.0,0.5
4a778017-f9eb-4616-9c2a-65bf7b8f5291,16.311,valid_return_fraction,/scan,1.0,0.5
4a778017-f9eb-4616-9c2a-65bf7b8f5291,16.41,valid_return_fraction,/scan,1.0,0.5
4a778017-f9eb-4616-9c2a-65bf7b8f5291,16.509,valid_return_fraction,/scan,1.0,0.5
4a778017-f9eb-4616-9c2a-65bf7b8f5291,16.611,valid_return_fraction,/scan,1.0,0.5
4a778017-f9eb-4616-9c2a-65bf7b8f5291,16.71,valid_return_fraction,/scan,1.0,0.5
4a778017-f9eb-4616-9c2a-65bf7b8f5291,16.809,valid_return_fraction,/scan,1.0,0.5
4a778017-f9eb-4616-9c2a-65bf7b8f5291,16.911,valid_return_fraction,/scan,1.0,0.5
4a778017-f9eb-4616-9c2a-65bf7b8f5291,17.01,valid_return_fraction,/scan,1.0,0.5
4a778017-f9eb-4616-9c2a-65bf7b8f5291,17.109,valid_return_fraction,/scan,1.0,0.5
4a778017-f9eb-4616-9c2a-65bf7b8f5291,17.211000000000002,valid_return_fraction,/scan,1.0,0.5
4a778017-f9eb-4616-9c2a-65bf7b8f5291,17.313000000000002,valid_return_fraction,/scan,1.0,0.5
4a778017-f9eb-4616-9c2a-65bf7b8f5291,17.409000000000002,valid_return_fraction,/scan,1.0,0.5
4a778017-f9eb-4616-9c2a-65bf7b8f5291,17.511000000000003,valid_return_fraction,/scan,1.0,0.5
4a778017-f9eb-4616-9c2a-65bf7b8f5291,17.61,valid_return_fraction,/scan,1.0,0.5
4a778017-f9eb-4616-9c2a-65bf7b8f5291,17.709,valid_return_fraction,/scan,1.0,0.5
4a778017-f9eb-4616-9c2a-65bf7b8f5291,17.811,valid_return_fraction,/scan,1.0,0.5
4a778017-f9eb-4616-9c2a-65bf7b8f5291,17.91,valid_return_fraction,/scan,1.0,0.5
4a778017-f9eb-4616-9c2a-65bf7b8f5291,18.009,valid_return_fraction,/scan,1.0,0.5
4a778017-f9eb-4616-9c2a-65bf7b8f5291,18.111,valid_return_fraction,/scan,1.0,0.5
4a778017-f9eb-4616-9c2a-65bf7b8f5291,18.21,valid_return_fraction,/scan,1.0,0.5
4a778017-f9eb-4616-9c2a-65bf7b8f5291,18.309,valid_return_fraction,/scan,1.0,0.5
4a778017-f9eb-4616-9c2a-65bf7b8f5291,18.414,valid_return_fraction,/scan,1.0,0.5
4a778017-f9eb-4616-9c2a-65bf7b8f5291,18.51,valid_return_fraction,/scan,1.0,0.5
4a778017-f9eb-4616-9c2a-65bf7b8f5291,18.609,valid_return_fraction,/scan,1.0,0.5
4a778017-f9eb-4616-9c2a-65bf7b8f5291,18.711000000000002,valid_return_fraction,/scan,1.0,0.5
4a778017-f9eb-4616-9c2a-65bf7b8f5291,18.810000000000002,valid_return_fraction,/scan,1.0,0.5
4a778017-f9eb-4616-9c2a-65bf7b8f5291,18.909000000000002,valid_return_fraction,/scan,1.0,0.5
4a778017-f9eb-4616-9c2a-65bf7b8f5291,19.011000000000003,valid_return_fraction,/scan,1.0,0.5
4a778017-f9eb-4616-9c2a-65bf7b8f5291,19.107000000000003,valid_return_fraction,/scan,1.0,0.5
4a778017-f9eb-4616-9c2a-65bf7b8f5291,19.209,valid_return_fraction,/scan,1.0,0.5
4a778017-f9eb-4616-9c2a-65bf7b8f5291,19.311,valid_return_fraction,/scan,1.0,0.5
4a778017-f9eb-4616-9c2a-65bf7b8f5291,19.41,valid_return_fraction,/scan,1.0,0.5
4a778017-f9eb-4616-9c2a-65bf7b8f5291,19.509,valid_return_fraction,/scan,1.0,0.5
4a778017-f9eb-4616-9c2a-65bf7b8f5291,19.614,valid_return_fraction,/scan,1.0,0.5
4a778017-f9eb-4616-9c2a-65bf7b8f5291,19.71,valid_return_fraction,/scan,1.0,0.5
4a778017-f9eb-4616-9c2a-65bf7b8f5291,19.806,valid_return_fraction,/scan,1.0,0.5
4a778017-f9eb-4616-9c2a-65bf7b8f5291,19.911,valid_return_fraction,/scan,1.0,0.5
4a778017-f9eb-4616-9c2a-65bf7b8f5291,20.01,valid_return_fraction,/scan,1.0,0.5
4a778017-f9eb-4616-9c2a-65bf7b8f5291,20.109,valid_return_fraction,/scan,1.0,0.5
4a778017-f9eb-4616-9c2a-65bf7b8f5291,20.211000000000002,valid_return_fraction,/scan,1.0,0.5
4a778017-f9eb-4616-9c2a-65bf7b8f5291,20.310000000000002,valid_return_fraction,/scan,1.0,0.5
4a778017-f9eb-4616-9c2a-65bf7b8f5291,20.409000000000002,valid_return_fraction,/scan,1.0,0.5
4a778017-f9eb-4616-9c2a-65bf7b8f5291,20.511000000000003,valid_return_fraction,/scan,1.0,0.5
4a778017-f9eb-4616-9c2a-65bf7b8f5291,20.610000000000003,valid_return_fraction,/scan,1.0,0.5
4a778017-f9eb-4616-9c2a-65bf7b8f5291,20.712,valid_return_fraction,/scan,1.0,0.5
4a778017-f9eb-4616-9c2a-65bf7b8f5291,20.811,valid_return_fraction,/scan,1.0,0.5
4a778017-f9eb-4616-9c2a-65bf7b8f5291,20.91,valid_return_fraction,/scan,1.0,0.5
4a778017-f9eb-4616-9c2a-65bf7b8f5291,21.009,valid_return_fraction,/scan,1.0,0.5
4a778017-f9eb-4616-9c2a-65bf7b8f5291,21.114,valid_return_fraction,/scan,1.0,0.5
4a778017-f9eb-4616-9c2a-65bf7b8f5291,21.21,valid_return_fraction,/scan,1.0,0.5
4a778017-f9eb-4616-9c2a-65bf7b8f5291,21.309,valid_return_fraction,/scan,1.0,0.5
4a778017-f9eb-4616-9c2a-65bf7b8f5291,21.411,valid_return_fraction,/scan,1.0,0.5
4a778017-f9eb-4616-9c2a-65bf7b8f5291,21.51,valid_return_fraction,/scan,1.0,0.5
4a778017-f9eb-4616-9c2a-65bf7b8f5291,21.609,valid_return_fraction,/scan,1.0,0.5
4a778017-f9eb-4616-9c2a-65bf7b8f5291,21.711000000000002,valid_return_fraction,/scan,1.0,0.5
4a778017-f9eb-4616-9c2a-65bf7b8f5291,21.810000000000002,valid_return_fraction,/scan,1.0,0.5
4a778017-f9eb-4616-9c2a-65bf7b8f5291,21.909000000000002,valid_return_fraction,/scan,1.0,0.5
4a778017-f9eb-4616-9c2a-65bf7b8f5291,22.011000000000003,valid_return_fraction,/scan,1.0,0.5
4a778017-f9eb-4616-9c2a-65bf7b8f5291,22.110000000000003,valid_return_fraction,/scan,1.0,0.5
4a778017-f9eb-4616-9c2a-65bf7b8f5291,22.209,valid_return_fraction,/scan,1.0,0.5
4a778017-f9eb-4616-9c2a-65bf7b8f5291,22.311,valid_return_fraction,/scan,1.0,0.5
4a778017-f9eb-4616-9c2a-65bf7b8f5291,22.413,valid_return_fraction,/scan,1.0,0.5
4a778017-f9eb-4616-9c2a-65bf7b8f5291,22.509,valid_return_fraction,/scan,1.0,0.5
4a778017-f9eb-4616-9c2a-65bf7b8f5291,22.611,valid_return_fraction,/scan,1.0,0.5
4a778017-f9eb-4616-9c2a-65bf7b8f5291,22.71,valid_return_fraction,/scan,1.0,0.5
4a778017-f9eb-4616-9c2a-65bf7b8f5291,22.809,valid_return_fraction,/scan,1.0,0.5
4a778017-f9eb-4616-9c2a-65bf7b8f5291,22.911,valid_return_fraction,/scan,1.0,0.5
4a778017-f9eb-4616-9c2a-65bf7b8f5291,23.013,valid_return_fraction,/scan,1.0,0.5
4a778017-f9eb-4616-9c2a-65bf7b8f5291,23.109,valid_return_fraction,/scan,1.0,0.5
4a778017-f9eb-4616-9c2a-65bf7b8f5291,23.211000000000002,valid_return_fraction,/scan,1.0,0.5
4a778017-f9eb-4616-9c2a-65bf7b8f5291,23.310000000000002,valid_return_fraction,/scan,1.0,0.5
4a778017-f9eb-4616-9c2a-65bf7b8f5291,23.409000000000002,valid_return_fraction,/scan,1.0,0.5
4a778017-f9eb-4616-9c2a-65bf7b8f5291,23.511000000000003,valid_return_fraction,/scan,1.0,0.5
4a778017-f9eb-4616-9c2a-65bf7b8f5291,23.610000000000003,valid_return_fraction,/scan,1.0,0.5
4a778017-f9eb-4616-9c2a-65bf7b8f5291,23.709000000000003,valid_return_fraction,/scan,1.0,0.5
4a778017-f9eb-4616-9c2a-65bf7b8f5291,23.811,valid_return_fraction,/scan,1.0,0.5
4a778017-f9eb-4616-9c2a-65bf7b8f5291,23.91,valid_return_fraction,/scan,1.0,0.5
4a778017-f9eb-4616-9c2a-65bf7b8f5291,24.009,valid_return_fraction,/scan,1.0,0.5
4a778017-f9eb-4616-9c2a-65bf7b8f5291,24.111,valid_return_fraction,/scan,1.0,0.5
4a778017-f9eb-4616-9c2a-65bf7b8f5291,24.21,valid_return_fraction,/scan,1.0,0.5
4a778017-f9eb-4616-9c2a-65bf7b8f5291,24.309,valid_return_fraction,/scan,1.0,0.5
4a778017-f9eb-4616-9c2a-65bf7b8f5291,24.411,valid_return_fraction,/scan,1.0,0.5
4a778017-f9eb-4616-9c2a-65bf7b8f5291,24.51,valid_return_fraction,/scan,1.0,0.5
4a778017-f9eb-4616-9c2a-65bf7b8f5291,24.609,valid_return_fraction,/scan,1.0,0.5
4a778017-f9eb-4616-9c2a-65bf7b8f5291,24.711000000000002,valid_return_fraction,/scan,1.0,0.5
4a778017-f9eb-4616-9c2a-65bf7b8f5291,24.810000000000002,valid_return_fraction,/scan,1.0,0.5
4a778017-f9eb-4616-9c2a-65bf7b8f5291,24.912000000000003,valid_return_fraction,/scan,1.0,0.5
4a778017-f9eb-4616-9c2a-65bf7b8f5291,25.011000000000003,valid_return_fraction,/scan,1.0,0.5
4a778017-f9eb-4616-9c2a-65bf7b8f5291,25.110000000000003,valid_return_fraction,/scan,1.0,0.5
4a778017-f9eb-4616-9c2a-65bf7b8f5291,25.209000000000003,valid_return_fraction,/scan,1.0,0.5
4a778017-f9eb-4616-9c2a-65bf7b8f5291,25.311,valid_return_fraction,/scan,1.0,0.5
4a778017-f9eb-4616-9c2a-65bf7b8f5291,25.41,valid_return_fraction,/scan,1.0,0.5
4a778017-f9eb-4616-9c2a-65bf7b8f5291,25.509,valid_return_fraction,/scan,1.0,0.5
4a778017-f9eb-4616-9c2a-65bf7b8f5291,25.611,valid_return_fraction,/scan,1.0,0.5
4a778017-f9eb-4616-9c2a-65bf7b8f5291,25.71,valid_return_fraction,/scan,1.0,0.5
4a778017-f9eb-4616-9c2a-65bf7b8f5291,25.809,valid_return_fraction,/scan,1.0,0.5
4a778017-f9eb-4616-9c2a-65bf7b8f5291,25.911,valid_return_fraction,/scan,1.0,0.5
4a778017-f9eb-4616-9c2a-65bf7b8f5291,26.01,valid_return_fraction,/scan,1.0,0.5
4a778017-f9eb-4616-9c2a-65bf7b8f5291,26.109,valid_return_fraction,/scan,1.0,0.5
4a778017-f9eb-4616-9c2a-65bf7b8f5291,26.211000000000002,valid_return_fraction,/scan,1.0,0.5
4a778017-f9eb-4616-9c2a-65bf7b8f5291,26.310000000000002,valid_return_fraction,/scan,1.0,0.5
4a778017-f9eb-4616-9c2a-65bf7b8f5291,26.409000000000002,valid_return_fraction,/scan,1.0,0.5
4a778017-f9eb-4616-9c2a-65bf7b8f5291,26.511000000000003,valid_return_fraction,/scan,1.0,0.5
4a778017-f9eb-4616-9c2a-65bf7b8f5291,26.610000000000003,valid_return_fraction,/scan,1.0,0.5
4a778017-f9eb-4616-9c2a-65bf7b8f5291,26.709000000000003,valid_return_fraction,/scan,1.0,0.5
4a778017-f9eb-4616-9c2a-65bf7b8f5291,26.811,valid_return_fraction,/scan,1.0,0.5
4a778017-f9eb-4616-9c2a-65bf7b8f5291,26.91,valid_return_fraction,/scan,1.0,0.5
4a778017-f9eb-4616-9c2a-65bf7b8f5291,27.009,valid_return_fraction,/scan,1.0,0.5
4a778017-f9eb-4616-9c2a-65bf7b8f5291,27.111,valid_return_fraction,/scan,1.0,0.5
4a778017-f9eb-4616-9c2a-65bf7b8f5291,27.21,valid_return_fraction,/scan,1.0,0.5
4a778017-f9eb-4616-9c2a-65bf7b8f5291,27.309,valid_return_fraction,/scan,1.0,0.5
4a778017-f9eb-4616-9c2a-65bf7b8f5291,27.414,valid_return_fraction,/scan,1.0,0.5
4a778017-f9eb-4616-9c2a-65bf7b8f5291,27.51,valid_return_fraction,/scan,1.0,0.5
4a778017-f9eb-4616-9c2a-65bf7b8f5291,27.609,valid_return_fraction,/scan,1.0,0.5
4a778017-f9eb-4616-9c2a-65bf7b8f5291,27.711000000000002,valid_return_fraction,/scan,1.0,0.5
4a778017-f9eb-4616-9c2a-65bf7b8f5291,27.807000000000002,valid_return_fraction,/scan,1.0,0.5
4a778017-f9eb-4616-9c2a-65bf7b8f5291,27.909000000000002,valid_return_fraction,/scan,1.0,0.5
4a778017-f9eb-4616-9c2a-65bf7b8f5291,28.011000000000003,valid_return_fraction,/scan,1.0,0.5
4a778017-f9eb-4616-9c2a-65bf7b8f5291,28.110000000000003,valid_return_fraction,/scan,1.0,0.5
4a778017-f9eb-4616-9c2a-65bf7b8f5291,28.209000000000003,valid_return_fraction,/scan,1.0,0.5
4a778017-f9eb-4616-9c2a-65bf7b8f5291,28.314,valid_return_fraction,/scan,1.0,0.5
4a778017-f9eb-4616-9c2a-65bf7b8f5291,28.407,valid_return_fraction,/scan,1.0,0.5
4a778017-f9eb-4616-9c2a-65bf7b8f5291,28.512,valid_return_fraction,/scan,1.0,0.5
4a778017-f9eb-4616-9c2a-65bf7b8f5291,28.611,valid_return_fraction,/scan,1.0,0.5
4a778017-f9eb-4616-9c2a-65bf7b8f5291,28.713,valid_return_fraction,/scan,1.0,0.5
4a778017-f9eb-4616-9c2a-65bf7b8f5291,28.809,valid_return_fraction,/scan,1.0,0.5
4a778017-f9eb-4616-9c2a-65bf7b8f5291,28.911,valid_return_fraction,/scan,1.0,0.5
4a778017-f9eb-4616-9c2a-65bf7b8f5291,29.01,valid_return_fraction,/scan,1.0,0.5
4a778017-f9eb-4616-9c2a-65bf7b8f5291,29.109,valid_return_fraction,/scan,1.0,0.5
4a778017-f9eb-4616-9c2a-65bf7b8f5291,29.211000000000002,valid_return_fraction,/scan,1.0,0.5
4a778017-f9eb-4616-9c2a-65bf7b8f5291,29.310000000000002,valid_return_fraction,/scan,1.0,0.5
4a778017-f9eb-4616-9c2a-65bf7b8f5291,29.409000000000002,valid_return_fraction,/scan,1.0,0.5
4a778017-f9eb-4616-9c2a-65bf7b8f5291,29.514000000000003,valid_return_fraction,/scan,1.0,0.5
4a778017-f9eb-4616-9c2a-65bf7b8f5291,29.610000000000003,valid_return_fraction,/scan,1.0,0.5
4a778017-f9eb-4616-9c2a-65bf7b8f5291,29.709000000000003,valid_return_fraction,/scan,1.0,0.5
4a778017-f9eb-4616-9c2a-65bf7b8f5291,29.811000000000003,valid_return_fraction,/scan,1.0,0.5
4a778017-f9eb-4616-9c2a-65bf7b8f5291,29.91,valid_return_fraction,/scan,1.0,0.5
4a778017-f9eb-4616-9c2a-65bf7b8f5291,30.009,valid_return_fraction,/scan,1.0,0.5
4a778017-f9eb-4616-9c2a-65bf7b8f5291,30.108,valid_return_fraction,/scan,1.0,0.5
4a778017-f9eb-4616-9c2a-65bf7b8f5291,30.21,valid_return_fraction,/scan,1.0,0.5
4a778017-f9eb-4616-9c2a-65bf7b8f5291,30.306,valid_return_fraction,/scan,1.0,0.5
4a778017-f9eb-4616-9c2a-65bf7b8f5291,30.411,valid_return_fraction,/scan,1.0,0.5
4a778017-f9eb-4616-9c2a-65bf7b8f5291,30.51,valid_return_fraction,/scan,1.0,0.5
4a778017-f9eb-4616-9c2a-65bf7b8f5291,30.612000000000002,valid_return_fraction,/scan,1.0,0.5
4a778017-f9eb-4616-9c2a-65bf7b8f5291,30.711000000000002,valid_return_fraction,/scan,1.0,0.5
4a778017-f9eb-4616-9c2a-65bf7b8f5291,30.813000000000002,valid_return_fraction,/scan,1.0,0.5
4a778017-f9eb-4616-9c2a-65bf7b8f5291,30.909000000000002,valid_return_fraction,/scan,1.0,0.5
4a778017-f9eb-4616-9c2a-65bf7b8f5291,31.011000000000003,valid_return_fraction,/scan,1.0,0.5
4a778017-f9eb-4616-9c2a-65bf7b8f5291,31.110000000000003,valid_return_fraction,/scan,1.0,0.5
4a778017-f9eb-4616-9c2a-65bf7b8f5291,31.206000000000003,valid_return_fraction,/scan,1.0,0.5
4a778017-f9eb-4616-9c2a-65bf7b8f5291,31.311000000000003,valid_return_fraction,/scan,1.0,0.5
4a778017-f9eb-4616-9c2a-65bf7b8f5291,31.410000000000004,valid_return_fraction,/scan,1.0,0.5
4a778017-f9eb-4616-9c2a-65bf7b8f5291,31.509,valid_return_fraction,/scan,1.0,0.5
4a778017-f9eb-4616-9c2a-65bf7b8f5291,31.611,valid_return_fraction,/scan,1.0,0.5
4a778017-f9eb-4616-9c2a-65bf7b8f5291,31.71,valid_return_fraction,/scan,1.0,0.5
4a778017-f9eb-4616-9c2a-65bf7b8f5291,31.809,valid_return_fraction,/scan,1.0,0.5
4a778017-f9eb-4616-9c2a-65bf7b8f5291,31.911,valid_return_fraction,/scan,1.0,0.5
4a778017-f9eb-4616-9c2a-65bf7b8f5291,32.010000000000005,valid_return_fraction,/scan,1.0,0.5
4a778017-f9eb-4616-9c2a-65bf7b8f5291,32.109,valid_return_fraction,/scan,1.0,0.5
4a778017-f9eb-4616-9c2a-65bf7b8f5291,32.211,valid_return_fraction,/scan,1.0,0.5
4a778017-f9eb-4616-9c2a-65bf7b8f5291,32.31,valid_return_fraction,/scan,1.0,0.5
4a778017-f9eb-4616-9c2a-65bf7b8f5291,32.409,valid_return_fraction,/scan,1.0,0.5
4a778017-f9eb-4616-9c2a-65bf7b8f5291,32.511,valid_return_fraction,/scan,1.0,0.5
4a778017-f9eb-4616-9c2a-65bf7b8f5291,32.613,valid_return_fraction,/scan,1.0,0.5
4a778017-f9eb-4616-9c2a-65bf7b8f5291,32.709,valid_return_fraction,/scan,1.0,0.5
4a778017-f9eb-4616-9c2a-65bf7b8f5291,32.811,valid_return_fraction,/scan,1.0,0.5
4a778017-f9eb-4616-9c2a-65bf7b8f5291,32.910000000000004,valid_return_fraction,/scan,1.0,0.5
