run_id,timestamp,feature,source,value,max_age_seconds
81d9b0fd-23f8-402e-847e-4c99ab6ff099,9.528,amcl_x,/amcl_pose,-2.0,2.0
81d9b0fd-23f8-402e-847e-4c99ab6ff099,13.215000000000002,amcl_x,/amcl_pose,-1.7345934909876213,2.0
81d9b0fd-23f8-402e-847e-4c99ab6ff099,14.724,amcl_x,/amcl_pose,-1.4673855079948406,2.0
81d9b0fd-23f8-402e-847e-4c99ab6ff099,16.128,amcl_x,/amcl_pose,-1.2153465998621895,2.0
81d9b0fd-23f8-402e-847e-4c99ab6ff099,17.61,amcl_x,/amcl_pose,-0.9576625666887897,2.0
81d9b0fd-23f8-402e-847e-4c99ab6ff099,19.116,amcl_x,/amcl_pose,-0.720967771547452,2.0
81d9b0fd-23f8-402e-847e-4c99ab6ff099,20.628,amcl_x,/amcl_pose,-0.46509609568371635,2.0
81d9b0fd-23f8-402e-847e-4c99ab6ff099,22.032,amcl_x,/amcl_pose,-0.2019383208294584,2.0
81d9b0fd-23f8-402e-847e-4c99ab6ff099,23.409000000000002,amcl_x,/amcl_pose,0.06199594632967097,2.0
81d9b0fd-23f8-402e-847e-4c99ab6ff099,25.020000000000003,amcl_x,/amcl_pose,0.3081029678743835,2.0
81d9b0fd-23f8-402e-847e-4c99ab6ff099,26.928,amcl_x,/amcl_pose,0.567216594720481,2.0
81d9b0fd-23f8-402e-847e-4c99ab6ff099,9.528,amcl_y,/amcl_pose,-0.5,2.0
81d9b0fd-23f8-402e-847e-4c99ab6ff099,13.215000000000002,amcl_y,/amcl_pose,-0.5078667162872891,2.0
81d9b0fd-23f8-402e-847e-4c99ab6ff099,14.724,amcl_y,/amcl_pose,-0.5291775394798808,2.0
81d9b0fd-23f8-402e-847e-4c99ab6ff099,16.128,amcl_y,/amcl_pose,-0.5520131368761362,2.0
81d9b0fd-23f8-402e-847e-4c99ab6ff099,17.61,amcl_y,/amcl_pose,-0.5580724088272425,2.0
81d9b0fd-23f8-402e-847e-4c99ab6ff099,19.116,amcl_y,/amcl_pose,-0.5583841369628167,2.0
81d9b0fd-23f8-402e-847e-4c99ab6ff099,20.628,amcl_y,/amcl_pose,-0.5710325910150773,2.0
81d9b0fd-23f8-402e-847e-4c99ab6ff099,22.032,amcl_y,/amcl_pose,-0.5928440488309789,2.0
81d9b0fd-23f8-402e-847e-4c99ab6ff099,23.409000000000002,amcl_y,/amcl_pose,-0.5954571437629955,2.0
81d9b0fd-23f8-402e-847e-4c99ab6ff099,25.020000000000003,amcl_y,/amcl_pose,-0.5817922652001607,2.0
81d9b0fd-23f8-402e-847e-4c99ab6ff099,26.928,amcl_y,/amcl_pose,-0.5769169278759394,2.0
81d9b0fd-23f8-402e-847e-4c99ab6ff099,11.196000000000002,command_angular,/cmd_vel,0.0066250162199139595,0.5
81d9b0fd-23f8-402e-847e-4c99ab6ff099,11.277000000000001,command_angular,/cmd_vel,0.010765735991299152,0.5
81d9b0fd-23f8-402e-847e-4c99ab6ff099,11.307,command_angular,/cmd_vel,-0.017797881737351418,0.5
81d9b0fd-23f8-402e-847e-4c99ab6ff099,11.376000000000001,command_angular,/cmd_vel,-0.04576987400650978,0.5
81d9b0fd-23f8-402e-847e-4c99ab6ff099,11.418000000000001,command_angular,/cmd_vel,-0.0603235587477684,0.5
81d9b0fd-23f8-402e-847e-4c99ab6ff099,11.457,command_angular,/cmd_vel,-0.05544556677341461,0.5
81d9b0fd-23f8-402e-847e-4c99ab6ff099,11.526000000000002,command_angular,/cmd_vel,-0.050833798944950104,0.5
81d9b0fd-23f8-402e-847e-4c99ab6ff099,11.556000000000001,command_angular,/cmd_vel,-0.039522819221019745,0.5
81d9b0fd-23f8-402e-847e-4c99ab6ff099,11.637,command_angular,/cmd_vel,-0.04086039587855339,0.5
81d9b0fd-23f8-402e-847e-4c99ab6ff099,11.667000000000002,command_angular,/cmd_vel,-0.040260717272758484,0.5
81d9b0fd-23f8-402e-847e-4c99ab6ff099,11.706000000000001,command_angular,/cmd_vel,-0.038901329040527344,0.5
81d9b0fd-23f8-402e-847e-4c99ab6ff099,11.778,command_angular,/cmd_vel,-0.04075108468532562,0.5
81d9b0fd-23f8-402e-847e-4c99ab6ff099,11.817,command_angular,/cmd_vel,-0.04486001282930374,0.5
81d9b0fd-23f8-402e-847e-4c99ab6ff099,11.886000000000001,command_angular,/cmd_vel,-0.04312615469098091,0.5
81d9b0fd-23f8-402e-847e-4c99ab6ff099,11.916,command_angular,/cmd_vel,-0.04235067218542099,0.5
81d9b0fd-23f8-402e-847e-4c99ab6ff099,11.958,command_angular,/cmd_vel,-0.04747587814927101,0.5
81d9b0fd-23f8-402e-847e-4c99ab6ff099,12.027000000000001,command_angular,/cmd_vel,-0.048172637820243835,0.5
81d9b0fd-23f8-402e-847e-4c99ab6ff099,12.066,command_angular,/cmd_vel,-0.05274168401956558,0.5
81d9b0fd-23f8-402e-847e-4c99ab6ff099,12.096,command_angular,/cmd_vel,-0.04968293756246567,0.5
81d9b0fd-23f8-402e-847e-4c99ab6ff099,12.177000000000001,command_angular,/cmd_vel,-0.05234755948185921,0.5
81d9b0fd-23f8-402e-847e-4c99ab6ff099,12.204,command_angular,/cmd_vel,-0.04843264818191528,0.5
81d9b0fd-23f8-402e-847e-4c99ab6ff099,12.276000000000002,command_angular,/cmd_vel,-0.030363067984580994,0.5
81d9b0fd-23f8-402e-847e-4c99ab6ff099,12.318000000000001,command_angular,/cmd_vel,-0.030275020748376846,0.5
81d9b0fd-23f8-402e-847e-4c99ab6ff099,12.357000000000001,command_angular,/cmd_vel,-0.027045369148254395,0.5
81d9b0fd-23f8-402e-847e-4c99ab6ff099,12.426,command_angular,/cmd_vel,-0.027263889089226723,0.5
81d9b0fd-23f8-402e-847e-4c99ab6ff099,12.456000000000001,command_angular,/cmd_vel,-0.029428642243146896,0.5
81d9b0fd-23f8-402e-847e-4c99ab6ff099,12.537,command_angular,/cmd_vel,-0.02125638909637928,0.5
81d9b0fd-23f8-402e-847e-4c99ab6ff099,12.567,command_angular,/cmd_vel,-0.020941205322742462,0.5
81d9b0fd-23f8-402e-847e-4c99ab6ff099,12.606000000000002,command_angular,/cmd_vel,-0.02602107636630535,0.5
81d9b0fd-23f8-402e-847e-4c99ab6ff099,12.678,command_angular,/cmd_vel,-0.028303194791078568,0.5
81d9b0fd-23f8-402e-847e-4c99ab6ff099,12.717,command_angular,/cmd_vel,-0.02351747453212738,0.5
81d9b0fd-23f8-402e-847e-4c99ab6ff099,12.786000000000001,command_angular,/cmd_vel,-0.025237133726477623,0.5
81d9b0fd-23f8-402e-847e-4c99ab6ff099,12.816,command_angular,/cmd_vel,-0.03091813437640667,0.5
81d9b0fd-23f8-402e-847e-4c99ab6ff099,12.858,command_angular,/cmd_vel,-0.01992638036608696,0.5
81d9b0fd-23f8-402e-847e-4c99ab6ff099,12.927000000000001,command_angular,/cmd_vel,-0.022940807044506073,0.5
81d9b0fd-23f8-402e-847e-4c99ab6ff099,12.966000000000001,command_angular,/cmd_vel,-0.027577657252550125,0.5
81d9b0fd-23f8-402e-847e-4c99ab6ff099,12.996,command_angular,/cmd_vel,-0.02394915744662285,0.5
81d9b0fd-23f8-402e-847e-4c99ab6ff099,13.077,command_angular,/cmd_vel,-0.027537908405065536,0.5
81d9b0fd-23f8-402e-847e-4c99ab6ff099,13.107000000000001,command_angular,/cmd_vel,-0.024768466129899025,0.5
81d9b0fd-23f8-402e-847e-4c99ab6ff099,13.176,command_angular,/cmd_vel,-0.018696952611207962,0.5
81d9b0fd-23f8-402e-847e-4c99ab6ff099,13.218,command_angular,/cmd_vel,-0.0172739140689373,0.5
81d9b0fd-23f8-402e-847e-4c99ab6ff099,13.257000000000001,command_angular,/cmd_vel,-0.012241474352777004,0.5
81d9b0fd-23f8-402e-847e-4c99ab6ff099,13.326,command_angular,/cmd_vel,-0.007388700731098652,0.5
81d9b0fd-23f8-402e-847e-4c99ab6ff099,13.356000000000002,command_angular,/cmd_vel,-0.02352083846926689,0.5
81d9b0fd-23f8-402e-847e-4c99ab6ff099,13.437000000000001,command_angular,/cmd_vel,-0.027009256184101105,0.5
81d9b0fd-23f8-402e-847e-4c99ab6ff099,13.467,command_angular,/cmd_vel,-0.018084341660141945,0.5
81d9b0fd-23f8-402e-847e-4c99ab6ff099,13.506,command_angular,/cmd_vel,-0.021494492888450623,0.5
81d9b0fd-23f8-402e-847e-4c99ab6ff099,13.578000000000001,command_angular,/cmd_vel,-0.01915791444480419,0.5
81d9b0fd-23f8-402e-847e-4c99ab6ff099,13.617,command_angular,/cmd_vel,-0.014102282002568245,0.5
81d9b0fd-23f8-402e-847e-4c99ab6ff099,13.686000000000002,command_angular,/cmd_vel,-0.01530276145786047,0.5
81d9b0fd-23f8-402e-847e-4c99ab6ff099,13.716000000000001,command_angular,/cmd_vel,-0.015171273611485958,0.5
81d9b0fd-23f8-402e-847e-4c99ab6ff099,13.758000000000001,command_angular,/cmd_vel,-0.007277621887624264,0.5
81d9b0fd-23f8-402e-847e-4c99ab6ff099,13.827000000000002,command_angular,/cmd_vel,-0.014375923201441765,0.5
81d9b0fd-23f8-402e-847e-4c99ab6ff099,13.866000000000001,command_angular,/cmd_vel,-0.006928549148142338,0.5
81d9b0fd-23f8-402e-847e-4c99ab6ff099,13.896,command_angular,/cmd_vel,-0.013568587601184845,0.5
81d9b0fd-23f8-402e-847e-4c99ab6ff099,13.977,command_angular,/cmd_vel,-0.018291141837835312,0.5
81d9b0fd-23f8-402e-847e-4c99ab6ff099,14.007000000000001,command_angular,/cmd_vel,-0.025750719010829926,0.5
81d9b0fd-23f8-402e-847e-4c99ab6ff099,14.076,command_angular,/cmd_vel,-0.037344641983509064,0.5
81d9b0fd-23f8-402e-847e-4c99ab6ff099,14.118,command_angular,/cmd_vel,-0.024760572239756584,0.5
81d9b0fd-23f8-402e-847e-4c99ab6ff099,14.157,command_angular,/cmd_vel,-0.003830845933407545,0.5
81d9b0fd-23f8-402e-847e-4c99ab6ff099,14.226,command_angular,/cmd_vel,0.0048021236434578896,0.5
81d9b0fd-23f8-402e-847e-4c99ab6ff099,14.256,command_angular,/cmd_vel,-0.007449634838849306,0.5
81d9b0fd-23f8-402e-847e-4c99ab6ff099,14.337000000000002,command_angular,/cmd_vel,-0.0036018805112689734,0.5
81d9b0fd-23f8-402e-847e-4c99ab6ff099,14.367,command_angular,/cmd_vel,-0.008536301553249359,0.5
81d9b0fd-23f8-402e-847e-4c99ab6ff099,14.406,command_angular,/cmd_vel,0.0001225098967552185,0.5
81d9b0fd-23f8-402e-847e-4c99ab6ff099,14.478000000000002,command_angular,/cmd_vel,0.004946553613990545,0.5
81d9b0fd-23f8-402e-847e-4c99ab6ff099,14.517000000000001,command_angular,/cmd_vel,0.007619699463248253,0.5
81d9b0fd-23f8-402e-847e-4c99ab6ff099,14.586,command_angular,/cmd_vel,0.001635360880754888,0.5
81d9b0fd-23f8-402e-847e-4c99ab6ff099,14.616000000000001,command_angular,/cmd_vel,0.0011758471373468637,0.5
81d9b0fd-23f8-402e-847e-4c99ab6ff099,14.658000000000001,command_angular,/cmd_vel,-0.00681089423596859,0.5
81d9b0fd-23f8-402e-847e-4c99ab6ff099,14.727,command_angular,/cmd_vel,-0.007386551704257727,0.5
81d9b0fd-23f8-402e-847e-4c99ab6ff099,14.766000000000002,command_angular,/cmd_vel,0.0013337964192032814,0.5
81d9b0fd-23f8-402e-847e-4c99ab6ff099,14.796000000000001,command_angular,/cmd_vel,0.0039941174909472466,0.5
81d9b0fd-23f8-402e-847e-4c99ab6ff099,14.877,command_angular,/cmd_vel,0.002361695282161236,0.5
81d9b0fd-23f8-402e-847e-4c99ab6ff099,14.907000000000002,command_angular,/cmd_vel,0.0030135177075862885,0.5
81d9b0fd-23f8-402e-847e-4c99ab6ff099,14.976,command_angular,/cmd_vel,0.004772159270942211,0.5
81d9b0fd-23f8-402e-847e-4c99ab6ff099,15.018,command_angular,/cmd_vel,0.005878264084458351,0.5
81d9b0fd-23f8-402e-847e-4c99ab6ff099,15.057,command_angular,/cmd_vel,0.008345294743776321,0.5
81d9b0fd-23f8-402e-847e-4c99ab6ff099,15.126000000000001,command_angular,/cmd_vel,0.000976612325757742,0.5
81d9b0fd-23f8-402e-847e-4c99ab6ff099,15.156,command_angular,/cmd_vel,0.004146416671574116,0.5
81d9b0fd-23f8-402e-847e-4c99ab6ff099,15.237,command_angular,/cmd_vel,0.005803056061267853,0.5
81d9b0fd-23f8-402e-847e-4c99ab6ff099,15.267000000000001,command_angular,/cmd_vel,0.0021343203261494637,0.5
81d9b0fd-23f8-402e-847e-4c99ab6ff099,15.306000000000001,command_angular,/cmd_vel,0.012656588107347488,0.5
81d9b0fd-23f8-402e-847e-4c99ab6ff099,15.378,command_angular,/cmd_vel,0.026544099673628807,0.5
81d9b0fd-23f8-402e-847e-4c99ab6ff099,15.417000000000002,command_angular,/cmd_vel,0.030132975429296494,0.5
81d9b0fd-23f8-402e-847e-4c99ab6ff099,15.486,command_angular,/cmd_vel,0.02539418265223503,0.5
81d9b0fd-23f8-402e-847e-4c99ab6ff099,15.516000000000002,command_angular,/cmd_vel,0.018495678901672363,0.5
81d9b0fd-23f8-402e-847e-4c99ab6ff099,15.558000000000002,command_angular,/cmd_vel,0.015065480954945087,0.5
81d9b0fd-23f8-402e-847e-4c99ab6ff099,15.627,command_angular,/cmd_vel,0.01243450865149498,0.5
81d9b0fd-23f8-402e-847e-4c99ab6ff099,15.666,command_angular,/cmd_vel,0.013940585777163506,0.5
81d9b0fd-23f8-402e-847e-4c99ab6ff099,15.696000000000002,command_angular,/cmd_vel,0.024317704141139984,0.5
81d9b0fd-23f8-402e-847e-4c99ab6ff099,15.777000000000001,command_angular,/cmd_vel,0.029711440205574036,0.5
81d9b0fd-23f8-402e-847e-4c99ab6ff099,15.807,command_angular,/cmd_vel,0.03359172120690346,0.5
81d9b0fd-23f8-402e-847e-4c99ab6ff099,15.876000000000001,command_angular,/cmd_vel,0.03776637837290764,0.5
81d9b0fd-23f8-402e-847e-4c99ab6ff099,15.918000000000001,command_angular,/cmd_vel,0.042984072118997574,0.5
81d9b0fd-23f8-402e-847e-4c99ab6ff099,15.957,command_angular,/cmd_vel,0.036873336881399155,0.5
81d9b0fd-23f8-402e-847e-4c99ab6ff099,16.026,command_angular,/cmd_vel,0.0341852568089962,0.5
81d9b0fd-23f8-402e-847e-4c99ab6ff099,16.056,command_angular,/cmd_vel,0.02890615537762642,0.5
81d9b0fd-23f8-402e-847e-4c99ab6ff099,16.137,command_angular,/cmd_vel,0.030400652438402176,0.5
81d9b0fd-23f8-402e-847e-4c99ab6ff099,16.167,command_angular,/cmd_vel,0.027538100257515907,0.5
81d9b0fd-23f8-402e-847e-4c99ab6ff099,16.206,command_angular,/cmd_vel,0.02506817691028118,0.5
81d9b0fd-23f8-402e-847e-4c99ab6ff099,16.278000000000002,command_angular,/cmd_vel,0.02995927631855011,0.5
81d9b0fd-23f8-402e-847e-4c99ab6ff099,16.317,command_angular,/cmd_vel,0.030500849708914757,0.5
81d9b0fd-23f8-402e-847e-4c99ab6ff099,16.386000000000003,command_angular,/cmd_vel,0.016107404604554176,0.5
81d9b0fd-23f8-402e-847e-4c99ab6ff099,16.416,command_angular,/cmd_vel,0.012401309795677662,0.5
81d9b0fd-23f8-402e-847e-4c99ab6ff099,16.455000000000002,command_angular,/cmd_vel,0.009767214767634869,0.5
81d9b0fd-23f8-402e-847e-4c99ab6ff099,16.527,command_angular,/cmd_vel,0.019426316022872925,0.5
81d9b0fd-23f8-402e-847e-4c99ab6ff099,16.566000000000003,command_angular,/cmd_vel,0.012883178889751434,0.5
81d9b0fd-23f8-402e-847e-4c99ab6ff099,16.596,command_angular,/cmd_vel,0.008296343497931957,0.5
81d9b0fd-23f8-402e-847e-4c99ab6ff099,16.677,command_angular,/cmd_vel,0.00975179485976696,0.5
81d9b0fd-23f8-402e-847e-4c99ab6ff099,16.707,command_angular,/cmd_vel,0.009799346327781677,0.5
81d9b0fd-23f8-402e-847e-4c99ab6ff099,16.776,command_angular,/cmd_vel,0.009325329214334488,0.5
81d9b0fd-23f8-402e-847e-4c99ab6ff099,16.818,command_angular,/cmd_vel,0.016864238306879997,0.5
81d9b0fd-23f8-402e-847e-4c99ab6ff099,16.857,command_angular,/cmd_vel,0.02372712455689907,0.5
81d9b0fd-23f8-402e-847e-4c99ab6ff099,16.926000000000002,command_angular,/cmd_vel,0.014544203877449036,0.5
81d9b0fd-23f8-402e-847e-4c99ab6ff099,16.956,command_angular,/cmd_vel,0.014543900266289711,0.5
81d9b0fd-23f8-402e-847e-4c99ab6ff099,17.037000000000003,command_angular,/cmd_vel,0.018053477630019188,0.5
81d9b0fd-23f8-402e-847e-4c99ab6ff099,17.067,command_angular,/cmd_vel,0.011339773423969746,0.5
81d9b0fd-23f8-402e-847e-4c99ab6ff099,17.106,command_angular,/cmd_vel,0.01870713196694851,0.5
81d9b0fd-23f8-402e-847e-4c99ab6ff099,17.178,command_angular,/cmd_vel,0.03154660388827324,0.5
81d9b0fd-23f8-402e-847e-4c99ab6ff099,17.217000000000002,command_angular,/cmd_vel,0.030714934691786766,0.5
81d9b0fd-23f8-402e-847e-4c99ab6ff099,17.286,command_angular,/cmd_vel,0.029099753126502037,0.5
81d9b0fd-23f8-402e-847e-4c99ab6ff099,17.316000000000003,command_angular,/cmd_vel,0.03144067898392677,0.5
81d9b0fd-23f8-402e-847e-4c99ab6ff099,17.358,command_angular,/cmd_vel,0.0250956192612648,0.5
81d9b0fd-23f8-402e-847e-4c99ab6ff099,17.427,command_angular,/cmd_vel,0.029651643708348274,0.5
81d9b0fd-23f8-402e-847e-4c99ab6ff099,17.466,command_angular,/cmd_vel,0.02815115824341774,0.5
81d9b0fd-23f8-402e-847e-4c99ab6ff099,17.496000000000002,command_angular,/cmd_vel,0.032365038990974426,0.5
81d9b0fd-23f8-402e-847e-4c99ab6ff099,17.577,command_angular,/cmd_vel,0.02914983406662941,0.5
81d9b0fd-23f8-402e-847e-4c99ab6ff099,17.607000000000003,command_angular,/cmd_vel,0.02395782247185707,0.5
81d9b0fd-23f8-402e-847e-4c99ab6ff099,17.676000000000002,command_angular,/cmd_vel,0.02631406858563423,0.5
81d9b0fd-23f8-402e-847e-4c99ab6ff099,17.718,command_angular,/cmd_vel,0.025953873991966248,0.5
81d9b0fd-23f8-402e-847e-4c99ab6ff099,17.757,command_angular,/cmd_vel,0.02222318947315216,0.5
81d9b0fd-23f8-402e-847e-4c99ab6ff099,17.826,command_angular,/cmd_vel,0.017103973776102066,0.5
81d9b0fd-23f8-402e-847e-4c99ab6ff099,17.856,command_angular,/cmd_vel,0.022554045543074608,0.5
81d9b0fd-23f8-402e-847e-4c99ab6ff099,17.937,command_angular,/cmd_vel,0.02123774215579033,0.5
81d9b0fd-23f8-402e-847e-4c99ab6ff099,17.967000000000002,command_angular,/cmd_vel,0.026859451085329056,0.5
81d9b0fd-23f8-402e-847e-4c99ab6ff099,18.006,command_angular,/cmd_vel,0.025202998891472816,0.5
81d9b0fd-23f8-402e-847e-4c99ab6ff099,18.078,command_angular,/cmd_vel,0.021603833884000778,0.5
81d9b0fd-23f8-402e-847e-4c99ab6ff099,18.117,command_angular,/cmd_vel,0.020383872091770172,0.5
81d9b0fd-23f8-402e-847e-4c99ab6ff099,18.186,command_angular,/cmd_vel,0.020335447043180466,0.5
81d9b0fd-23f8-402e-847e-4c99ab6ff099,18.216,command_angular,/cmd_vel,0.02078411914408207,0.5
81d9b0fd-23f8-402e-847e-4c99ab6ff099,18.258000000000003,command_angular,/cmd_vel,0.02384040504693985,0.5
81d9b0fd-23f8-402e-847e-4c99ab6ff099,18.327,command_angular,/cmd_vel,0.014081962406635284,0.5
81d9b0fd-23f8-402e-847e-4c99ab6ff099,18.366,command_angular,/cmd_vel,0.010951814241707325,0.5
81d9b0fd-23f8-402e-847e-4c99ab6ff099,18.396,command_angular,/cmd_vel,0.017404954880475998,0.5
81d9b0fd-23f8-402e-847e-4c99ab6ff099,18.477,command_angular,/cmd_vel,0.022333873435854912,0.5
81d9b0fd-23f8-402e-847e-4c99ab6ff099,18.504,command_angular,/cmd_vel,0.017944680526852608,0.5
81d9b0fd-23f8-402e-847e-4c99ab6ff099,18.576,command_angular,/cmd_vel,0.018952365964651108,0.5
81d9b0fd-23f8-402e-847e-4c99ab6ff099,18.618000000000002,command_angular,/cmd_vel,0.013342032209038734,0.5
81d9b0fd-23f8-402e-847e-4c99ab6ff099,18.657,command_angular,/cmd_vel,0.001405750634148717,0.5
81d9b0fd-23f8-402e-847e-4c99ab6ff099,18.726000000000003,command_angular,/cmd_vel,-0.004249388352036476,0.5
81d9b0fd-23f8-402e-847e-4c99ab6ff099,18.756,command_angular,/cmd_vel,-0.007964465767145157,0.5
81d9b0fd-23f8-402e-847e-4c99ab6ff099,18.837,command_angular,/cmd_vel,-0.007480307947844267,0.5
81d9b0fd-23f8-402e-847e-4c99ab6ff099,18.867,command_angular,/cmd_vel,-0.00020966673037037253,0.5
81d9b0fd-23f8-402e-847e-4c99ab6ff099,18.906000000000002,command_angular,/cmd_vel,0.005829827859997749,0.5
81d9b0fd-23f8-402e-847e-4c99ab6ff099,18.978,command_angular,/cmd_vel,0.00612228037789464,0.5
81d9b0fd-23f8-402e-847e-4c99ab6ff099,19.017,command_angular,/cmd_vel,0.01080974843353033,0.5
81d9b0fd-23f8-402e-847e-4c99ab6ff099,19.089000000000002,command_angular,/cmd_vel,0.009927049279212952,0.5
81d9b0fd-23f8-402e-847e-4c99ab6ff099,19.116,command_angular,/cmd_vel,0.0067898984998464584,0.5
81d9b0fd-23f8-402e-847e-4c99ab6ff099,19.158,command_angular,/cmd_vel,0.0046877143904566765,0.5
81d9b0fd-23f8-402e-847e-4c99ab6ff099,19.227,command_angular,/cmd_vel,0.01186071801930666,0.5
81d9b0fd-23f8-402e-847e-4c99ab6ff099,19.266000000000002,command_angular,/cmd_vel,0.012840796262025833,0.5
81d9b0fd-23f8-402e-847e-4c99ab6ff099,19.296000000000003,command_angular,/cmd_vel,0.007913748733699322,0.5
81d9b0fd-23f8-402e-847e-4c99ab6ff099,19.377000000000002,command_angular,/cmd_vel,0.004665791057050228,0.5
81d9b0fd-23f8-402e-847e-4c99ab6ff099,19.407,command_angular,/cmd_vel,-0.002907611895352602,0.5
81d9b0fd-23f8-402e-847e-4c99ab6ff099,19.476000000000003,command_angular,/cmd_vel,0.0043881903402507305,0.5
81d9b0fd-23f8-402e-847e-4c99ab6ff099,19.518,command_angular,/cmd_vel,0.009509431198239326,0.5
81d9b0fd-23f8-402e-847e-4c99ab6ff099,19.557000000000002,command_angular,/cmd_vel,0.004117465112358332,0.5
81d9b0fd-23f8-402e-847e-4c99ab6ff099,19.626,command_angular,/cmd_vel,0.009475361555814743,0.5
81d9b0fd-23f8-402e-847e-4c99ab6ff099,19.656000000000002,command_angular,/cmd_vel,0.015423296019434929,0.5
81d9b0fd-23f8-402e-847e-4c99ab6ff099,19.737000000000002,command_angular,/cmd_vel,0.015970611944794655,0.5
81d9b0fd-23f8-402e-847e-4c99ab6ff099,19.767,command_angular,/cmd_vel,0.023785611614584923,0.5
81d9b0fd-23f8-402e-847e-4c99ab6ff099,19.806,command_angular,/cmd_vel,0.01906571164727211,0.5
81d9b0fd-23f8-402e-847e-4c99ab6ff099,19.878,command_angular,/cmd_vel,0.006252026651054621,0.5
81d9b0fd-23f8-402e-847e-4c99ab6ff099,19.917,command_angular,/cmd_vel,0.004907719790935516,0.5
81d9b0fd-23f8-402e-847e-4c99ab6ff099,19.986,command_angular,/cmd_vel,-0.0014389907009899616,0.5
81d9b0fd-23f8-402e-847e-4c99ab6ff099,20.016000000000002,command_angular,/cmd_vel,0.005491657182574272,0.5
81d9b0fd-23f8-402e-847e-4c99ab6ff099,20.058,command_angular,/cmd_vel,0.004291915334761143,0.5
81d9b0fd-23f8-402e-847e-4c99ab6ff099,20.127000000000002,command_angular,/cmd_vel,-0.0033991665113717318,0.5
81d9b0fd-23f8-402e-847e-4c99ab6ff099,20.166,command_angular,/cmd_vel,-0.008470687083899975,0.5
81d9b0fd-23f8-402e-847e-4c99ab6ff099,20.196,command_angular,/cmd_vel,-0.011411769315600395,0.5
81d9b0fd-23f8-402e-847e-4c99ab6ff099,20.277,command_angular,/cmd_vel,-0.0031139072962105274,0.5
81d9b0fd-23f8-402e-847e-4c99ab6ff099,20.307000000000002,command_angular,/cmd_vel,-0.005689980927854776,0.5
81d9b0fd-23f8-402e-847e-4c99ab6ff099,20.376,command_angular,/cmd_vel,0.0047693378292024136,0.5
81d9b0fd-23f8-402e-847e-4c99ab6ff099,20.418000000000003,command_angular,/cmd_vel,0.0037500865291804075,0.5
81d9b0fd-23f8-402e-847e-4c99ab6ff099,20.457,command_angular,/cmd_vel,0.007155513856559992,0.5
81d9b0fd-23f8-402e-847e-4c99ab6ff099,20.526,command_angular,/cmd_vel,0.003480672836303711,0.5
81d9b0fd-23f8-402e-847e-4c99ab6ff099,20.556,command_angular,/cmd_vel,0.012713538482785225,0.5
81d9b0fd-23f8-402e-847e-4c99ab6ff099,20.637,command_angular,/cmd_vel,0.01239571813493967,0.5
81d9b0fd-23f8-402e-847e-4c99ab6ff099,20.667,command_angular,/cmd_vel,0.008785219863057137,0.5
81d9b0fd-23f8-402e-847e-4c99ab6ff099,20.706,command_angular,/cmd_vel,0.014176171272993088,0.5
81d9b0fd-23f8-402e-847e-4c99ab6ff099,20.778000000000002,command_angular,/cmd_vel,0.019163450226187706,0.5
81d9b0fd-23f8-402e-847e-4c99ab6ff099,20.817,command_angular,/cmd_vel,0.014585180208086967,0.5
81d9b0fd-23f8-402e-847e-4c99ab6ff099,20.886000000000003,command_angular,/cmd_vel,0.016678577288985252,0.5
81d9b0fd-23f8-402e-847e-4c99ab6ff099,20.916,command_angular,/cmd_vel,0.005192090757191181,0.5
81d9b0fd-23f8-402e-847e-4c99ab6ff099,20.958000000000002,command_angular,/cmd_vel,0.003335176734253764,0.5
81d9b0fd-23f8-402e-847e-4c99ab6ff099,21.027,command_angular,/cmd_vel,0.010364416986703873,0.5
81d9b0fd-23f8-402e-847e-4c99ab6ff099,21.066000000000003,command_angular,/cmd_vel,0.010335342027246952,0.5
81d9b0fd-23f8-402e-847e-4c99ab6ff099,21.096,command_angular,/cmd_vel,0.00850483775138855,0.5
81d9b0fd-23f8-402e-847e-4c99ab6ff099,21.177,command_angular,/cmd_vel,0.007144580595195293,0.5
81d9b0fd-23f8-402e-847e-4c99ab6ff099,21.207,command_angular,/cmd_vel,0.00868554599583149,0.5
81d9b0fd-23f8-402e-847e-4c99ab6ff099,21.276,command_angular,/cmd_vel,0.007295471616089344,0.5
81d9b0fd-23f8-402e-847e-4c99ab6ff099,21.318,command_angular,/cmd_vel,0.008993837051093578,0.5
81d9b0fd-23f8-402e-847e-4c99ab6ff099,21.357000000000003,command_angular,/cmd_vel,0.012259671464562416,0.5
81d9b0fd-23f8-402e-847e-4c99ab6ff099,21.426000000000002,command_angular,/cmd_vel,0.003808081615716219,0.5
81d9b0fd-23f8-402e-847e-4c99ab6ff099,21.456000000000003,command_angular,/cmd_vel,0.0010429249377921224,0.5
81d9b0fd-23f8-402e-847e-4c99ab6ff099,21.537000000000003,command_angular,/cmd_vel,0.00035888084676116705,0.5
81d9b0fd-23f8-402e-847e-4c99ab6ff099,21.567,command_angular,/cmd_vel,-0.0002262064372189343,0.5
81d9b0fd-23f8-402e-847e-4c99ab6ff099,21.606,command_angular,/cmd_vel,0.005736369639635086,0.5
81d9b0fd-23f8-402e-847e-4c99ab6ff099,21.678,command_angular,/cmd_vel,0.015662025660276413,0.5
81d9b0fd-23f8-402e-847e-4c99ab6ff099,21.717000000000002,command_angular,/cmd_vel,0.02558683231472969,0.5
81d9b0fd-23f8-402e-847e-4c99ab6ff099,21.786,command_angular,/cmd_vel,0.023136410862207413,0.5
81d9b0fd-23f8-402e-847e-4c99ab6ff099,21.816000000000003,command_angular,/cmd_vel,0.014594987966120243,0.5
81d9b0fd-23f8-402e-847e-4c99ab6ff099,21.855,command_angular,/cmd_vel,0.011643646284937859,0.5
81d9b0fd-23f8-402e-847e-4c99ab6ff099,21.927,command_angular,/cmd_vel,0.011074045673012733,0.5
81d9b0fd-23f8-402e-847e-4c99ab6ff099,21.966,command_angular,/cmd_vel,0.010821130126714706,0.5
81d9b0fd-23f8-402e-847e-4c99ab6ff099,21.996000000000002,command_angular,/cmd_vel,0.014099473133683205,0.5
81d9b0fd-23f8-402e-847e-4c99ab6ff099,22.077,command_angular,/cmd_vel,0.011533811688423157,0.5
81d9b0fd-23f8-402e-847e-4c99ab6ff099,22.107000000000003,command_angular,/cmd_vel,0.012453952804207802,0.5
81d9b0fd-23f8-402e-847e-4c99ab6ff099,22.176000000000002,command_angular,/cmd_vel,0.016352366656064987,0.5
81d9b0fd-23f8-402e-847e-4c99ab6ff099,22.218,command_angular,/cmd_vel,0.01418979000300169,0.5
81d9b0fd-23f8-402e-847e-4c99ab6ff099,22.257,command_angular,/cmd_vel,0.013196323998272419,0.5
81d9b0fd-23f8-402e-847e-4c99ab6ff099,22.326,command_angular,/cmd_vel,0.012417081743478775,0.5
81d9b0fd-23f8-402e-847e-4c99ab6ff099,22.356,command_angular,/cmd_vel,0.013479859568178654,0.5
81d9b0fd-23f8-402e-847e-4c99ab6ff099,22.437,command_angular,/cmd_vel,0.009861679747700691,0.5
81d9b0fd-23f8-402e-847e-4c99ab6ff099,22.467000000000002,command_angular,/cmd_vel,0.010531687177717686,0.5
81d9b0fd-23f8-402e-847e-4c99ab6ff099,22.506,command_angular,/cmd_vel,0.010963267646729946,0.5
81d9b0fd-23f8-402e-847e-4c99ab6ff099,22.578000000000003,command_angular,/cmd_vel,0.02020203322172165,0.5
81d9b0fd-23f8-402e-847e-4c99ab6ff099,22.617,command_angular,/cmd_vel,0.016394341364502907,0.5
81d9b0fd-23f8-402e-847e-4c99ab6ff099,22.686,command_angular,/cmd_vel,0.020934853702783585,0.5
81d9b0fd-23f8-402e-847e-4c99ab6ff099,22.716,command_angular,/cmd_vel,0.01633676514029503,0.5
81d9b0fd-23f8-402e-847e-4c99ab6ff099,22.758000000000003,command_angular,/cmd_vel,0.018732495605945587,0.5
81d9b0fd-23f8-402e-847e-4c99ab6ff099,22.827,command_angular,/cmd_vel,0.018854564055800438,0.5
81d9b0fd-23f8-402e-847e-4c99ab6ff099,22.866,command_angular,/cmd_vel,0.012717563658952713,0.5
81d9b0fd-23f8-402e-847e-4c99ab6ff099,22.896,command_angular,/cmd_vel,0.008912776596844196,0.5
81d9b0fd-23f8-402e-847e-4c99ab6ff099,22.977,command_angular,/cmd_vel,0.005020310636609793,0.5
81d9b0fd-23f8-402e-847e-4c99ab6ff099,23.007,command_angular,/cmd_vel,0.02262777090072632,0.5
81d9b0fd-23f8-402e-847e-4c99ab6ff099,23.076,command_angular,/cmd_vel,0.06929413974285126,0.5
81d9b0fd-23f8-402e-847e-4c99ab6ff099,23.118000000000002,command_angular,/cmd_vel,0.08208446949720383,0.5
81d9b0fd-23f8-402e-847e-4c99ab6ff099,23.157,command_angular,/cmd_vel,0.08262774348258972,0.5
81d9b0fd-23f8-402e-847e-4c99ab6ff099,23.226000000000003,command_angular,/cmd_vel,0.06868068128824234,0.5
81d9b0fd-23f8-402e-847e-4c99ab6ff099,23.256,command_angular,/cmd_vel,0.0563274584710598,0.5
81d9b0fd-23f8-402e-847e-4c99ab6ff099,23.337,command_angular,/cmd_vel,0.04633305221796036,0.5
81d9b0fd-23f8-402e-847e-4c99ab6ff099,23.367,command_angular,/cmd_vel,0.039163101464509964,0.5
81d9b0fd-23f8-402e-847e-4c99ab6ff099,23.406000000000002,command_angular,/cmd_vel,0.034063734114170074,0.5
81d9b0fd-23f8-402e-847e-4c99ab6ff099,23.478,command_angular,/cmd_vel,0.023510050028562546,0.5
81d9b0fd-23f8-402e-847e-4c99ab6ff099,23.517000000000003,command_angular,/cmd_vel,0.02619822882115841,0.5
81d9b0fd-23f8-402e-847e-4c99ab6ff099,23.586000000000002,command_angular,/cmd_vel,0.010846965946257114,0.5
81d9b0fd-23f8-402e-847e-4c99ab6ff099,23.616000000000003,command_angular,/cmd_vel,0.0043496801517903805,0.5
81d9b0fd-23f8-402e-847e-4c99ab6ff099,23.658,command_angular,/cmd_vel,-0.0004938789061270654,0.5
81d9b0fd-23f8-402e-847e-4c99ab6ff099,23.727,command_angular,/cmd_vel,0.0027325088158249855,0.5
81d9b0fd-23f8-402e-847e-4c99ab6ff099,23.766000000000002,command_angular,/cmd_vel,7.881142664700747e-06,0.5
81d9b0fd-23f8-402e-847e-4c99ab6ff099,23.796000000000003,command_angular,/cmd_vel,0.0057858857326209545,0.5
81d9b0fd-23f8-402e-847e-4c99ab6ff099,23.868000000000002,command_angular,/cmd_vel,0.004179403185844421,0.5
81d9b0fd-23f8-402e-847e-4c99ab6ff099,23.907,command_angular,/cmd_vel,0.007536114193499088,0.5
81d9b0fd-23f8-402e-847e-4c99ab6ff099,23.976000000000003,command_angular,/cmd_vel,0.009245426394045353,0.5
81d9b0fd-23f8-402e-847e-4c99ab6ff099,24.018,command_angular,/cmd_vel,0.007426348049193621,0.5
81d9b0fd-23f8-402e-847e-4c99ab6ff099,24.057000000000002,command_angular,/cmd_vel,0.0077295429073274136,0.5
81d9b0fd-23f8-402e-847e-4c99ab6ff099,24.126,command_angular,/cmd_vel,0.011407013051211834,0.5
81d9b0fd-23f8-402e-847e-4c99ab6ff099,24.156000000000002,command_angular,/cmd_vel,0.009518727660179138,0.5
81d9b0fd-23f8-402e-847e-4c99ab6ff099,24.237000000000002,command_angular,/cmd_vel,0.0066740550100803375,0.5
81d9b0fd-23f8-402e-847e-4c99ab6ff099,24.267000000000003,command_angular,/cmd_vel,-0.0010478476760908961,0.5
81d9b0fd-23f8-402e-847e-4c99ab6ff099,24.306,command_angular,/cmd_vel,0.0022252690978348255,0.5
81d9b0fd-23f8-402e-847e-4c99ab6ff099,24.378,command_angular,/cmd_vel,0.003818450728431344,0.5
81d9b0fd-23f8-402e-847e-4c99ab6ff099,24.417,command_angular,/cmd_vel,0.005281168036162853,0.5
81d9b0fd-23f8-402e-847e-4c99ab6ff099,24.486,command_angular,/cmd_vel,-0.0011894183699041605,0.5
81d9b0fd-23f8-402e-847e-4c99ab6ff099,24.516000000000002,command_angular,/cmd_vel,-0.007201929111033678,0.5
81d9b0fd-23f8-402e-847e-4c99ab6ff099,24.558,command_angular,/cmd_vel,-0.019017957150936127,0.5
81d9b0fd-23f8-402e-847e-4c99ab6ff099,24.627000000000002,command_angular,/cmd_vel,-0.02009129710495472,0.5
81d9b0fd-23f8-402e-847e-4c99ab6ff099,24.666,command_angular,/cmd_vel,-0.023461947217583656,0.5
81d9b0fd-23f8-402e-847e-4c99ab6ff099,24.696,command_angular,/cmd_vel,-0.02456631511449814,0.5
81d9b0fd-23f8-402e-847e-4c99ab6ff099,24.777,command_angular,/cmd_vel,-0.016278255730867386,0.5
81d9b0fd-23f8-402e-847e-4c99ab6ff099,24.807000000000002,command_angular,/cmd_vel,-0.018576057627797127,0.5
81d9b0fd-23f8-402e-847e-4c99ab6ff099,24.876,command_angular,/cmd_vel,-0.019093075767159462,0.5
81d9b0fd-23f8-402e-847e-4c99ab6ff099,24.918000000000003,command_angular,/cmd_vel,-0.021567735821008682,0.5
81d9b0fd-23f8-402e-847e-4c99ab6ff099,24.957,command_angular,/cmd_vel,-0.020608512684702873,0.5
81d9b0fd-23f8-402e-847e-4c99ab6ff099,25.026,command_angular,/cmd_vel,-0.01942814327776432,0.5
81d9b0fd-23f8-402e-847e-4c99ab6ff099,25.056,command_angular,/cmd_vel,-0.02058897167444229,0.5
81d9b0fd-23f8-402e-847e-4c99ab6ff099,25.137,command_angular,/cmd_vel,-0.023370100185275078,0.5
81d9b0fd-23f8-402e-847e-4c99ab6ff099,25.167,command_angular,/cmd_vel,-0.01664150506258011,0.5
81d9b0fd-23f8-402e-847e-4c99ab6ff099,25.206000000000003,command_angular,/cmd_vel,-0.013486727140843868,0.5
81d9b0fd-23f8-402e-847e-4c99ab6ff099,25.278000000000002,command_angular,/cmd_vel,-0.010610891506075859,0.5
81d9b0fd-23f8-402e-847e-4c99ab6ff099,25.317,command_angular,/cmd_vel,-0.012001040391623974,0.5
81d9b0fd-23f8-402e-847e-4c99ab6ff099,25.386000000000003,command_angular,/cmd_vel,-0.010759595781564713,0.5
81d9b0fd-23f8-402e-847e-4c99ab6ff099,25.416,command_angular,/cmd_vel,-0.004877564962953329,0.5
81d9b0fd-23f8-402e-847e-4c99ab6ff099,25.458000000000002,command_angular,/cmd_vel,-0.002184941666200757,0.5
81d9b0fd-23f8-402e-847e-4c99ab6ff099,25.527,command_angular,/cmd_vel,-0.006231688894331455,0.5
81d9b0fd-23f8-402e-847e-4c99ab6ff099,25.566000000000003,command_angular,/cmd_vel,-0.009951652027666569,0.5
81d9b0fd-23f8-402e-847e-4c99ab6ff099,25.596,command_angular,/cmd_vel,-0.011048050597310066,0.5
81d9b0fd-23f8-402e-847e-4c99ab6ff099,25.677000000000003,command_angular,/cmd_vel,-0.01216310728341341,0.5
81d9b0fd-23f8-402e-847e-4c99ab6ff099,25.704,command_angular,/cmd_vel,-0.011012724600732327,0.5
81d9b0fd-23f8-402e-847e-4c99ab6ff099,25.776000000000003,command_angular,/cmd_vel,-0.004180442541837692,0.5
81d9b0fd-23f8-402e-847e-4c99ab6ff099,25.818,command_angular,/cmd_vel,-0.003968436736613512,0.5
81d9b0fd-23f8-402e-847e-4c99ab6ff099,25.857000000000003,command_angular,/cmd_vel,-0.007399596739560366,0.5
81d9b0fd-23f8-402e-847e-4c99ab6ff099,25.926000000000002,command_angular,/cmd_vel,-0.010485551320016384,0.5
81d9b0fd-23f8-402e-847e-4c99ab6ff099,25.956000000000003,command_angular,/cmd_vel,-0.010385226458311081,0.5
81d9b0fd-23f8-402e-847e-4c99ab6ff099,26.037000000000003,command_angular,/cmd_vel,-0.01096964068710804,0.5
81d9b0fd-23f8-402e-847e-4c99ab6ff099,26.067,command_angular,/cmd_vel,-0.0055984435603022575,0.5
81d9b0fd-23f8-402e-847e-4c99ab6ff099,26.106,command_angular,/cmd_vel,-0.0047662691213190556,0.5
81d9b0fd-23f8-402e-847e-4c99ab6ff099,26.178,command_angular,/cmd_vel,-0.009863435290753841,0.5
81d9b0fd-23f8-402e-847e-4c99ab6ff099,26.217000000000002,command_angular,/cmd_vel,-0.017890000715851784,0.5
81d9b0fd-23f8-402e-847e-4c99ab6ff099,26.286,command_angular,/cmd_vel,-0.013149739243090153,0.5
81d9b0fd-23f8-402e-847e-4c99ab6ff099,26.316000000000003,command_angular,/cmd_vel,-0.0087503083050251,0.5
81d9b0fd-23f8-402e-847e-4c99ab6ff099,26.358,command_angular,/cmd_vel,-0.008856738917529583,0.5
81d9b0fd-23f8-402e-847e-4c99ab6ff099,26.427000000000003,command_angular,/cmd_vel,-0.008075347170233727,0.5
81d9b0fd-23f8-402e-847e-4c99ab6ff099,26.466,command_angular,/cmd_vel,0.008075824938714504,0.5
81d9b0fd-23f8-402e-847e-4c99ab6ff099,26.496000000000002,command_angular,/cmd_vel,0.021572845056653023,0.5
81d9b0fd-23f8-402e-847e-4c99ab6ff099,26.577,command_angular,/cmd_vel,0.019673772156238556,0.5
81d9b0fd-23f8-402e-847e-4c99ab6ff099,26.607000000000003,command_angular,/cmd_vel,0.018076833337545395,0.5
81d9b0fd-23f8-402e-847e-4c99ab6ff099,26.676000000000002,command_angular,/cmd_vel,0.014374465681612492,0.5
81d9b0fd-23f8-402e-847e-4c99ab6ff099,26.718,command_angular,/cmd_vel,0.018009841442108154,0.5
81d9b0fd-23f8-402e-847e-4c99ab6ff099,26.757,command_angular,/cmd_vel,0.012987569905817509,0.5
81d9b0fd-23f8-402e-847e-4c99ab6ff099,26.826,command_angular,/cmd_vel,0.015098542906343937,0.5
81d9b0fd-23f8-402e-847e-4c99ab6ff099,26.856,command_angular,/cmd_vel,0.013789855875074863,0.5
81d9b0fd-23f8-402e-847e-4c99ab6ff099,26.937,command_angular,/cmd_vel,0.012330377474427223,0.5
81d9b0fd-23f8-402e-847e-4c99ab6ff099,26.967000000000002,command_angular,/cmd_vel,0.011625462211668491,0.5
81d9b0fd-23f8-402e-847e-4c99ab6ff099,27.006,command_angular,/cmd_vel,0.016677310690283775,0.5
81d9b0fd-23f8-402e-847e-4c99ab6ff099,27.078000000000003,command_angular,/cmd_vel,0.01641685515642166,0.5
81d9b0fd-23f8-402e-847e-4c99ab6ff099,27.117,command_angular,/cmd_vel,0.015645315870642662,0.5
81d9b0fd-23f8-402e-847e-4c99ab6ff099,27.186,command_angular,/cmd_vel,0.013761457055807114,0.5
81d9b0fd-23f8-402e-847e-4c99ab6ff099,27.216,command_angular,/cmd_vel,0.010175703093409538,0.5
81d9b0fd-23f8-402e-847e-4c99ab6ff099,27.258000000000003,command_angular,/cmd_vel,0.00931959692388773,0.5
81d9b0fd-23f8-402e-847e-4c99ab6ff099,27.327,command_angular,/cmd_vel,0.008294194005429745,0.5
81d9b0fd-23f8-402e-847e-4c99ab6ff099,27.366000000000003,command_angular,/cmd_vel,0.005862400867044926,0.5
81d9b0fd-23f8-402e-847e-4c99ab6ff099,27.396,command_angular,/cmd_vel,0.0005502610001713037,0.5
81d9b0fd-23f8-402e-847e-4c99ab6ff099,27.477,command_angular,/cmd_vel,-0.00031665113056078553,0.5
81d9b0fd-23f8-402e-847e-4c99ab6ff099,27.507,command_angular,/cmd_vel,0.002029229886829853,0.5
81d9b0fd-23f8-402e-847e-4c99ab6ff099,27.576,command_angular,/cmd_vel,0.009855047799646854,0.5
81d9b0fd-23f8-402e-847e-4c99ab6ff099,27.618000000000002,command_angular,/cmd_vel,0.008190285414457321,0.5
81d9b0fd-23f8-402e-847e-4c99ab6ff099,27.657,command_angular,/cmd_vel,0.008207021281123161,0.5
81d9b0fd-23f8-402e-847e-4c99ab6ff099,27.726000000000003,command_angular,/cmd_vel,0.007281745318323374,0.5
81d9b0fd-23f8-402e-847e-4c99ab6ff099,27.756,command_angular,/cmd_vel,0.009586597792804241,0.5
81d9b0fd-23f8-402e-847e-4c99ab6ff099,27.837000000000003,command_angular,/cmd_vel,0.011843659915030003,0.5
81d9b0fd-23f8-402e-847e-4c99ab6ff099,27.867,command_angular,/cmd_vel,0.009472571313381195,0.5
81d9b0fd-23f8-402e-847e-4c99ab6ff099,27.906000000000002,command_angular,/cmd_vel,0.005319478455930948,0.5
81d9b0fd-23f8-402e-847e-4c99ab6ff099,27.978,command_angular,/cmd_vel,-0.0018501610029488802,0.5
81d9b0fd-23f8-402e-847e-4c99ab6ff099,28.017000000000003,command_angular,/cmd_vel,-0.003075030166655779,0.5
81d9b0fd-23f8-402e-847e-4c99ab6ff099,28.086000000000002,command_angular,/cmd_vel,-5.093091749586165e-05,0.5
81d9b0fd-23f8-402e-847e-4c99ab6ff099,28.116000000000003,command_angular,/cmd_vel,0.0006149382679723203,0.5
81d9b0fd-23f8-402e-847e-4c99ab6ff099,28.155,command_angular,/cmd_vel,0.00562690244987607,0.5
81d9b0fd-23f8-402e-847e-4c99ab6ff099,28.227,command_angular,/cmd_vel,0.005535016302019358,0.5
81d9b0fd-23f8-402e-847e-4c99ab6ff099,28.266000000000002,command_angular,/cmd_vel,0.003696681931614876,0.5
81d9b0fd-23f8-402e-847e-4c99ab6ff099,28.296000000000003,command_angular,/cmd_vel,-0.0002712635905481875,0.5
81d9b0fd-23f8-402e-847e-4c99ab6ff099,28.377000000000002,command_angular,/cmd_vel,-0.0011077414965257049,0.5
81d9b0fd-23f8-402e-847e-4c99ab6ff099,28.407,command_angular,/cmd_vel,0.004951149690896273,0.5
81d9b0fd-23f8-402e-847e-4c99ab6ff099,28.476000000000003,command_angular,/cmd_vel,0.007973534986376762,0.5
81d9b0fd-23f8-402e-847e-4c99ab6ff099,28.518,command_angular,/cmd_vel,0.0038146560546010733,0.5
81d9b0fd-23f8-402e-847e-4c99ab6ff099,28.557000000000002,command_angular,/cmd_vel,0.004439735785126686,0.5
81d9b0fd-23f8-402e-847e-4c99ab6ff099,28.626,command_angular,/cmd_vel,0.0005375004839152098,0.5
81d9b0fd-23f8-402e-847e-4c99ab6ff099,28.656000000000002,command_angular,/cmd_vel,0.00038374861469492316,0.5
81d9b0fd-23f8-402e-847e-4c99ab6ff099,28.737000000000002,command_angular,/cmd_vel,-0.004805725533515215,0.5
81d9b0fd-23f8-402e-847e-4c99ab6ff099,28.767000000000003,command_angular,/cmd_vel,-0.006744991522282362,0.5
81d9b0fd-23f8-402e-847e-4c99ab6ff099,28.806,command_angular,/cmd_vel,-0.0034183345269411802,0.5
81d9b0fd-23f8-402e-847e-4c99ab6ff099,28.878,command_angular,/cmd_vel,-0.0077913617715239525,0.5
81d9b0fd-23f8-402e-847e-4c99ab6ff099,28.917,command_angular,/cmd_vel,0.0,0.5
81d9b0fd-23f8-402e-847e-4c99ab6ff099,28.986,command_angular,/cmd_vel,0.0,0.5
81d9b0fd-23f8-402e-847e-4c99ab6ff099,29.016000000000002,command_angular,/cmd_vel,0.0,0.5
81d9b0fd-23f8-402e-847e-4c99ab6ff099,29.058000000000003,command_angular,/cmd_vel,0.0,0.5
81d9b0fd-23f8-402e-847e-4c99ab6ff099,29.127000000000002,command_angular,/cmd_vel,0.0,0.5
81d9b0fd-23f8-402e-847e-4c99ab6ff099,29.166,command_angular,/cmd_vel,0.0,0.5
81d9b0fd-23f8-402e-847e-4c99ab6ff099,29.196,command_angular,/cmd_vel,0.0,0.5
81d9b0fd-23f8-402e-847e-4c99ab6ff099,29.277,command_angular,/cmd_vel,0.0,0.5
81d9b0fd-23f8-402e-847e-4c99ab6ff099,29.304000000000002,command_angular,/cmd_vel,0.0,0.5
81d9b0fd-23f8-402e-847e-4c99ab6ff099,29.376,command_angular,/cmd_vel,0.0,0.5
81d9b0fd-23f8-402e-847e-4c99ab6ff099,29.418000000000003,command_angular,/cmd_vel,0.0,0.5
81d9b0fd-23f8-402e-847e-4c99ab6ff099,29.457,command_angular,/cmd_vel,0.0,0.5
81d9b0fd-23f8-402e-847e-4c99ab6ff099,29.526000000000003,command_angular,/cmd_vel,0.0,0.5
81d9b0fd-23f8-402e-847e-4c99ab6ff099,29.556,command_angular,/cmd_vel,0.0,0.5
81d9b0fd-23f8-402e-847e-4c99ab6ff099,29.637,command_angular,/cmd_vel,0.0,0.5
81d9b0fd-23f8-402e-847e-4c99ab6ff099,11.196000000000002,command_linear,/cmd_vel,0.03422268107533455,0.5
81d9b0fd-23f8-402e-847e-4c99ab6ff099,11.277000000000001,command_linear,/cmd_vel,0.07768743485212326,0.5
81d9b0fd-23f8-402e-847e-4c99ab6ff099,11.307,command_linear,/cmd_vel,0.099249929189682,0.5
81d9b0fd-23f8-402e-847e-4c99ab6ff099,11.376000000000001,command_linear,/cmd_vel,0.116362065076828,0.5
81d9b0fd-23f8-402e-847e-4c99ab6ff099,11.418000000000001,command_linear,/cmd_vel,0.12480203807353973,0.5
81d9b0fd-23f8-402e-847e-4c99ab6ff099,11.457,command_linear,/cmd_vel,0.12651947140693665,0.5
81d9b0fd-23f8-402e-847e-4c99ab6ff099,11.526000000000002,command_linear,/cmd_vel,0.12679988145828247,0.5
81d9b0fd-23f8-402e-847e-4c99ab6ff099,11.556000000000001,command_linear,/cmd_vel,0.12924471497535706,0.5
81d9b0fd-23f8-402e-847e-4c99ab6ff099,11.637,command_linear,/cmd_vel,0.12919239699840546,0.5
81d9b0fd-23f8-402e-847e-4c99ab6ff099,11.667000000000002,command_linear,/cmd_vel,0.13330703973770142,0.5
81d9b0fd-23f8-402e-847e-4c99ab6ff099,11.706000000000001,command_linear,/cmd_vel,0.12955887615680695,0.5
81d9b0fd-23f8-402e-847e-4c99ab6ff099,11.778,command_linear,/cmd_vel,0.13237622380256653,0.5
81d9b0fd-23f8-402e-847e-4c99ab6ff099,11.817,command_linear,/cmd_vel,0.13103964924812317,0.5
81d9b0fd-23f8-402e-847e-4c99ab6ff099,11.886000000000001,command_linear,/cmd_vel,0.130854070186615,0.5
81d9b0fd-23f8-402e-847e-4c99ab6ff099,11.916,command_linear,/cmd_vel,0.1301840841770172,0.5
81d9b0fd-23f8-402e-847e-4c99ab6ff099,11.958,command_linear,/cmd_vel,0.13036008179187775,0.5
81d9b0fd-23f8-402e-847e-4c99ab6ff099,12.027000000000001,command_linear,/cmd_vel,0.13294878602027893,0.5
81d9b0fd-23f8-402e-847e-4c99ab6ff099,12.066,command_linear,/cmd_vel,0.13303245604038239,0.5
81d9b0fd-23f8-402e-847e-4c99ab6ff099,12.096,command_linear,/cmd_vel,0.132180854678154,0.5
81d9b0fd-23f8-402e-847e-4c99ab6ff099,12.177000000000001,command_linear,/cmd_vel,0.13477078080177307,0.5
81d9b0fd-23f8-402e-847e-4c99ab6ff099,12.204,command_linear,/cmd_vel,0.12688623368740082,0.5
81d9b0fd-23f8-402e-847e-4c99ab6ff099,12.276000000000002,command_linear,/cmd_vel,0.13425472378730774,0.5
81d9b0fd-23f8-402e-847e-4c99ab6ff099,12.318000000000001,command_linear,/cmd_vel,0.13349905610084534,0.5
81d9b0fd-23f8-402e-847e-4c99ab6ff099,12.357000000000001,command_linear,/cmd_vel,0.13491588830947876,0.5
81d9b0fd-23f8-402e-847e-4c99ab6ff099,12.426,command_linear,/cmd_vel,0.13717353343963623,0.5
81d9b0fd-23f8-402e-847e-4c99ab6ff099,12.456000000000001,command_linear,/cmd_vel,0.1387561857700348,0.5
81d9b0fd-23f8-402e-847e-4c99ab6ff099,12.537,command_linear,/cmd_vel,0.14289583265781403,0.5
81d9b0fd-23f8-402e-847e-4c99ab6ff099,12.567,command_linear,/cmd_vel,0.14779499173164368,0.5
81d9b0fd-23f8-402e-847e-4c99ab6ff099,12.606000000000002,command_linear,/cmd_vel,0.14317812025547028,0.5
81d9b0fd-23f8-402e-847e-4c99ab6ff099,12.678,command_linear,/cmd_vel,0.14555086195468903,0.5
81d9b0fd-23f8-402e-847e-4c99ab6ff099,12.717,command_linear,/cmd_vel,0.14829502999782562,0.5
81d9b0fd-23f8-402e-847e-4c99ab6ff099,12.786000000000001,command_linear,/cmd_vel,0.15284837782382965,0.5
81d9b0fd-23f8-402e-847e-4c99ab6ff099,12.816,command_linear,/cmd_vel,0.1488933265209198,0.5
81d9b0fd-23f8-402e-847e-4c99ab6ff099,12.858,command_linear,/cmd_vel,0.15086504817008972,0.5
81d9b0fd-23f8-402e-847e-4c99ab6ff099,12.927000000000001,command_linear,/cmd_vel,0.15543004870414734,0.5
81d9b0fd-23f8-402e-847e-4c99ab6ff099,12.966000000000001,command_linear,/cmd_vel,0.1571648269891739,0.5
81d9b0fd-23f8-402e-847e-4c99ab6ff099,12.996,command_linear,/cmd_vel,0.15642149746418,0.5
81d9b0fd-23f8-402e-847e-4c99ab6ff099,13.077,command_linear,/cmd_vel,0.15684710443019867,0.5
81d9b0fd-23f8-402e-847e-4c99ab6ff099,13.107000000000001,command_linear,/cmd_vel,0.15806853771209717,0.5
81d9b0fd-23f8-402e-847e-4c99ab6ff099,13.176,command_linear,/cmd_vel,0.1550128310918808,0.5
81d9b0fd-23f8-402e-847e-4c99ab6ff099,13.218,command_linear,/cmd_vel,0.15279510617256165,0.5
81d9b0fd-23f8-402e-847e-4c99ab6ff099,13.257000000000001,command_linear,/cmd_vel,0.15542061626911163,0.5
81d9b0fd-23f8-402e-847e-4c99ab6ff099,13.326,command_linear,/cmd_vel,0.15621040761470795,0.5
81d9b0fd-23f8-402e-847e-4c99ab6ff099,13.356000000000002,command_linear,/cmd_vel,0.15964241325855255,0.5
81d9b0fd-23f8-402e-847e-4c99ab6ff099,13.437000000000001,command_linear,/cmd_vel,0.16287833452224731,0.5
81d9b0fd-23f8-402e-847e-4c99ab6ff099,13.467,command_linear,/cmd_vel,0.16134007275104523,0.5
81d9b0fd-23f8-402e-847e-4c99ab6ff099,13.506,command_linear,/cmd_vel,0.16273705661296844,0.5
81d9b0fd-23f8-402e-847e-4c99ab6ff099,13.578000000000001,command_linear,/cmd_vel,0.15623681247234344,0.5
81d9b0fd-23f8-402e-847e-4c99ab6ff099,13.617,command_linear,/cmd_vel,0.15699277818202972,0.5
81d9b0fd-23f8-402e-847e-4c99ab6ff099,13.686000000000002,command_linear,/cmd_vel,0.15756426751613617,0.5
81d9b0fd-23f8-402e-847e-4c99ab6ff099,13.716000000000001,command_linear,/cmd_vel,0.15837737917900085,0.5
81d9b0fd-23f8-402e-847e-4c99ab6ff099,13.758000000000001,command_linear,/cmd_vel,0.15820929408073425,0.5
81d9b0fd-23f8-402e-847e-4c99ab6ff099,13.827000000000002,command_linear,/cmd_vel,0.16550253331661224,0.5
81d9b0fd-23f8-402e-847e-4c99ab6ff099,13.866000000000001,command_linear,/cmd_vel,0.16724249720573425,0.5
81d9b0fd-23f8-402e-847e-4c99ab6ff099,13.896,command_linear,/cmd_vel,0.1716858446598053,0.5
81d9b0fd-23f8-402e-847e-4c99ab6ff099,13.977,command_linear,/cmd_vel,0.18032506108283997,0.5
81d9b0fd-23f8-402e-847e-4c99ab6ff099,14.007000000000001,command_linear,/cmd_vel,0.18257451057434082,0.5
81d9b0fd-23f8-402e-847e-4c99ab6ff099,14.076,command_linear,/cmd_vel,0.17903614044189453,0.5
81d9b0fd-23f8-402e-847e-4c99ab6ff099,14.118,command_linear,/cmd_vel,0.17685164511203766,0.5
81d9b0fd-23f8-402e-847e-4c99ab6ff099,14.157,command_linear,/cmd_vel,0.17352798581123352,0.5
81d9b0fd-23f8-402e-847e-4c99ab6ff099,14.226,command_linear,/cmd_vel,0.17192775011062622,0.5
81d9b0fd-23f8-402e-847e-4c99ab6ff099,14.256,command_linear,/cmd_vel,0.1751113086938858,0.5
81d9b0fd-23f8-402e-847e-4c99ab6ff099,14.337000000000002,command_linear,/cmd_vel,0.1755327433347702,0.5
81d9b0fd-23f8-402e-847e-4c99ab6ff099,14.367,command_linear,/cmd_vel,0.17392587661743164,0.5
81d9b0fd-23f8-402e-847e-4c99ab6ff099,14.406,command_linear,/cmd_vel,0.17804957926273346,0.5
81d9b0fd-23f8-402e-847e-4c99ab6ff099,14.478000000000002,command_linear,/cmd_vel,0.17400050163269043,0.5
81d9b0fd-23f8-402e-847e-4c99ab6ff099,14.517000000000001,command_linear,/cmd_vel,0.17790508270263672,0.5
81d9b0fd-23f8-402e-847e-4c99ab6ff099,14.586,command_linear,/cmd_vel,0.17573867738246918,0.5
81d9b0fd-23f8-402e-847e-4c99ab6ff099,14.616000000000001,command_linear,/cmd_vel,0.17820250988006592,0.5
81d9b0fd-23f8-402e-847e-4c99ab6ff099,14.658000000000001,command_linear,/cmd_vel,0.1813218891620636,0.5
81d9b0fd-23f8-402e-847e-4c99ab6ff099,14.727,command_linear,/cmd_vel,0.1825840026140213,0.5
81d9b0fd-23f8-402e-847e-4c99ab6ff099,14.766000000000002,command_linear,/cmd_vel,0.18312883377075195,0.5
81d9b0fd-23f8-402e-847e-4c99ab6ff099,14.796000000000001,command_linear,/cmd_vel,0.1866704225540161,0.5
81d9b0fd-23f8-402e-847e-4c99ab6ff099,14.877,command_linear,/cmd_vel,0.1884743869304657,0.5
81d9b0fd-23f8-402e-847e-4c99ab6ff099,14.907000000000002,command_linear,/cmd_vel,0.18451164662837982,0.5
81d9b0fd-23f8-402e-847e-4c99ab6ff099,14.976,command_linear,/cmd_vel,0.17820411920547485,0.5
81d9b0fd-23f8-402e-847e-4c99ab6ff099,15.018,command_linear,/cmd_vel,0.1735883504152298,0.5
81d9b0fd-23f8-402e-847e-4c99ab6ff099,15.057,command_linear,/cmd_vel,0.17856553196907043,0.5
81d9b0fd-23f8-402e-847e-4c99ab6ff099,15.126000000000001,command_linear,/cmd_vel,0.18402621150016785,0.5
81d9b0fd-23f8-402e-847e-4c99ab6ff099,15.156,command_linear,/cmd_vel,0.1821455955505371,0.5
81d9b0fd-23f8-402e-847e-4c99ab6ff099,15.237,command_linear,/cmd_vel,0.1818406879901886,0.5
81d9b0fd-23f8-402e-847e-4c99ab6ff099,15.267000000000001,command_linear,/cmd_vel,0.18509441614151,0.5
81d9b0fd-23f8-402e-847e-4c99ab6ff099,15.306000000000001,command_linear,/cmd_vel,0.18361608684062958,0.5
81d9b0fd-23f8-402e-847e-4c99ab6ff099,15.378,command_linear,/cmd_vel,0.18270599842071533,0.5
81d9b0fd-23f8-402e-847e-4c99ab6ff099,15.417000000000002,command_linear,/cmd_vel,0.1856330931186676,0.5
81d9b0fd-23f8-402e-847e-4c99ab6ff099,15.486,command_linear,/cmd_vel,0.1846514195203781,0.5
81d9b0fd-23f8-402e-847e-4c99ab6ff099,15.516000000000002,command_linear,/cmd_vel,0.18532615900039673,0.5
81d9b0fd-23f8-402e-847e-4c99ab6ff099,15.558000000000002,command_linear,/cmd_vel,0.186750590801239,0.5
81d9b0fd-23f8-402e-847e-4c99ab6ff099,15.627,command_linear,/cmd_vel,0.18719658255577087,0.5
81d9b0fd-23f8-402e-847e-4c99ab6ff099,15.666,command_linear,/cmd_vel,0.18663762509822845,0.5
81d9b0fd-23f8-402e-847e-4c99ab6ff099,15.696000000000002,command_linear,/cmd_vel,0.18106421828269958,0.5
81d9b0fd-23f8-402e-847e-4c99ab6ff099,15.777000000000001,command_linear,/cmd_vel,0.1780645251274109,0.5
81d9b0fd-23f8-402e-847e-4c99ab6ff099,15.807,command_linear,/cmd_vel,0.18007878959178925,0.5
81d9b0fd-23f8-402e-847e-4c99ab6ff099,15.876000000000001,command_linear,/cmd_vel,0.17582730948925018,0.5
81d9b0fd-23f8-402e-847e-4c99ab6ff099,15.918000000000001,command_linear,/cmd_vel,0.17974315583705902,0.5
81d9b0fd-23f8-402e-847e-4c99ab6ff099,15.957,command_linear,/cmd_vel,0.1801971048116684,0.5
81d9b0fd-23f8-402e-847e-4c99ab6ff099,16.026,command_linear,/cmd_vel,0.1826404184103012,0.5
81d9b0fd-23f8-402e-847e-4c99ab6ff099,16.056,command_linear,/cmd_vel,0.1814822554588318,0.5
81d9b0fd-23f8-402e-847e-4c99ab6ff099,16.137,command_linear,/cmd_vel,0.18177008628845215,0.5
81d9b0fd-23f8-402e-847e-4c99ab6ff099,16.167,command_linear,/cmd_vel,0.18065328896045685,0.5
81d9b0fd-23f8-402e-847e-4c99ab6ff099,16.206,command_linear,/cmd_vel,0.1789361834526062,0.5
81d9b0fd-23f8-402e-847e-4c99ab6ff099,16.278000000000002,command_linear,/cmd_vel,0.17451128363609314,0.5
81d9b0fd-23f8-402e-847e-4c99ab6ff099,16.317,command_linear,/cmd_vel,0.17497269809246063,0.5
81d9b0fd-23f8-402e-847e-4c99ab6ff099,16.386000000000003,command_linear,/cmd_vel,0.17695197463035583,0.5
81d9b0fd-23f8-402e-847e-4c99ab6ff099,16.416,command_linear,/cmd_vel,0.17388921976089478,0.5
81d9b0fd-23f8-402e-847e-4c99ab6ff099,16.455000000000002,command_linear,/cmd_vel,0.1827031522989273,0.5
81d9b0fd-23f8-402e-847e-4c99ab6ff099,16.527,command_linear,/cmd_vel,0.18290670216083527,0.5
81d9b0fd-23f8-402e-847e-4c99ab6ff099,16.566000000000003,command_linear,/cmd_vel,0.1831885278224945,0.5
81d9b0fd-23f8-402e-847e-4c99ab6ff099,16.596,command_linear,/cmd_vel,0.1846865713596344,0.5
81d9b0fd-23f8-402e-847e-4c99ab6ff099,16.677,command_linear,/cmd_vel,0.18512460589408875,0.5
81d9b0fd-23f8-402e-847e-4c99ab6ff099,16.707,command_linear,/cmd_vel,0.18390849232673645,0.5
81d9b0fd-23f8-402e-847e-4c99ab6ff099,16.776,command_linear,/cmd_vel,0.182068333029747,0.5
81d9b0fd-23f8-402e-847e-4c99ab6ff099,16.818,command_linear,/cmd_vel,0.18136823177337646,0.5
81d9b0fd-23f8-402e-847e-4c99ab6ff099,16.857,command_linear,/cmd_vel,0.1772923767566681,0.5
81d9b0fd-23f8-402e-847e-4c99ab6ff099,16.926000000000002,command_linear,/cmd_vel,0.17602305114269257,0.5
81d9b0fd-23f8-402e-847e-4c99ab6ff099,16.956,command_linear,/cmd_vel,0.1758575737476349,0.5
81d9b0fd-23f8-402e-847e-4c99ab6ff099,17.037000000000003,command_linear,/cmd_vel,0.17613892257213593,0.5
81d9b0fd-23f8-402e-847e-4c99ab6ff099,17.067,command_linear,/cmd_vel,0.1813017874956131,0.5
81d9b0fd-23f8-402e-847e-4c99ab6ff099,17.106,command_linear,/cmd_vel,0.17104437947273254,0.5
81d9b0fd-23f8-402e-847e-4c99ab6ff099,17.178,command_linear,/cmd_vel,0.1709696352481842,0.5
81d9b0fd-23f8-402e-847e-4c99ab6ff099,17.217000000000002,command_linear,/cmd_vel,0.16753199696540833,0.5
81d9b0fd-23f8-402e-847e-4c99ab6ff099,17.286,command_linear,/cmd_vel,0.17184089124202728,0.5
81d9b0fd-23f8-402e-847e-4c99ab6ff099,17.316000000000003,command_linear,/cmd_vel,0.17200644314289093,0.5
81d9b0fd-23f8-402e-847e-4c99ab6ff099,17.358,command_linear,/cmd_vel,0.17189499735832214,0.5
81d9b0fd-23f8-402e-847e-4c99ab6ff099,17.427,command_linear,/cmd_vel,0.17230859398841858,0.5
81d9b0fd-23f8-402e-847e-4c99ab6ff099,17.466,command_linear,/cmd_vel,0.17002911865711212,0.5
81d9b0fd-23f8-402e-847e-4c99ab6ff099,17.496000000000002,command_linear,/cmd_vel,0.17333872616291046,0.5
81d9b0fd-23f8-402e-847e-4c99ab6ff099,17.577,command_linear,/cmd_vel,0.1715327501296997,0.5
81d9b0fd-23f8-402e-847e-4c99ab6ff099,17.607000000000003,command_linear,/cmd_vel,0.16882367432117462,0.5
81d9b0fd-23f8-402e-847e-4c99ab6ff099,17.676000000000002,command_linear,/cmd_vel,0.17810365557670593,0.5
81d9b0fd-23f8-402e-847e-4c99ab6ff099,17.718,command_linear,/cmd_vel,0.17914007604122162,0.5
81d9b0fd-23f8-402e-847e-4c99ab6ff099,17.757,command_linear,/cmd_vel,0.1757536679506302,0.5
81d9b0fd-23f8-402e-847e-4c99ab6ff099,17.826,command_linear,/cmd_vel,0.17243538796901703,0.5
81d9b0fd-23f8-402e-847e-4c99ab6ff099,17.856,command_linear,/cmd_vel,0.17236100137233734,0.5
81d9b0fd-23f8-402e-847e-4c99ab6ff099,17.937,command_linear,/cmd_vel,0.17179730534553528,0.5
81d9b0fd-23f8-402e-847e-4c99ab6ff099,17.967000000000002,command_linear,/cmd_vel,0.17401236295700073,0.5
81d9b0fd-23f8-402e-847e-4c99ab6ff099,18.006,command_linear,/cmd_vel,0.17456865310668945,0.5
81d9b0fd-23f8-402e-847e-4c99ab6ff099,18.078,command_linear,/cmd_vel,0.17420795559883118,0.5
81d9b0fd-23f8-402e-847e-4c99ab6ff099,18.117,command_linear,/cmd_vel,0.17240121960639954,0.5
81d9b0fd-23f8-402e-847e-4c99ab6ff099,18.186,command_linear,/cmd_vel,0.17446398735046387,0.5
81d9b0fd-23f8-402e-847e-4c99ab6ff099,18.216,command_linear,/cmd_vel,0.1715528517961502,0.5
81d9b0fd-23f8-402e-847e-4c99ab6ff099,18.258000000000003,command_linear,/cmd_vel,0.1767805516719818,0.5
81d9b0fd-23f8-402e-847e-4c99ab6ff099,18.327,command_linear,/cmd_vel,0.17381370067596436,0.5
81d9b0fd-23f8-402e-847e-4c99ab6ff099,18.366,command_linear,/cmd_vel,0.1730877161026001,0.5
81d9b0fd-23f8-402e-847e-4c99ab6ff099,18.396,command_linear,/cmd_vel,0.16936001181602478,0.5
81d9b0fd-23f8-402e-847e-4c99ab6ff099,18.477,command_linear,/cmd_vel,0.17198722064495087,0.5
81d9b0fd-23f8-402e-847e-4c99ab6ff099,18.504,command_linear,/cmd_vel,0.1735462099313736,0.5
81d9b0fd-23f8-402e-847e-4c99ab6ff099,18.576,command_linear,/cmd_vel,0.1748332679271698,0.5
81d9b0fd-23f8-402e-847e-4c99ab6ff099,18.618000000000002,command_linear,/cmd_vel,0.1759100705385208,0.5
81d9b0fd-23f8-402e-847e-4c99ab6ff099,18.657,command_linear,/cmd_vel,0.1748502403497696,0.5
81d9b0fd-23f8-402e-847e-4c99ab6ff099,18.726000000000003,command_linear,/cmd_vel,0.17521557211875916,0.5
81d9b0fd-23f8-402e-847e-4c99ab6ff099,18.756,command_linear,/cmd_vel,0.1775781512260437,0.5
81d9b0fd-23f8-402e-847e-4c99ab6ff099,18.837,command_linear,/cmd_vel,0.17739036679267883,0.5
81d9b0fd-23f8-402e-847e-4c99ab6ff099,18.867,command_linear,/cmd_vel,0.17661915719509125,0.5
81d9b0fd-23f8-402e-847e-4c99ab6ff099,18.906000000000002,command_linear,/cmd_vel,0.1736990362405777,0.5
81d9b0fd-23f8-402e-847e-4c99ab6ff099,18.978,command_linear,/cmd_vel,0.17186924815177917,0.5
81d9b0fd-23f8-402e-847e-4c99ab6ff099,19.017,command_linear,/cmd_vel,0.17547489702701569,0.5
81d9b0fd-23f8-402e-847e-4c99ab6ff099,19.089000000000002,command_linear,/cmd_vel,0.17615753412246704,0.5
81d9b0fd-23f8-402e-847e-4c99ab6ff099,19.116,command_linear,/cmd_vel,0.17176766693592072,0.5
81d9b0fd-23f8-402e-847e-4c99ab6ff099,19.158,command_linear,/cmd_vel,0.1721351146697998,0.5
81d9b0fd-23f8-402e-847e-4c99ab6ff099,19.227,command_linear,/cmd_vel,0.17122800648212433,0.5
81d9b0fd-23f8-402e-847e-4c99ab6ff099,19.266000000000002,command_linear,/cmd_vel,0.1741565614938736,0.5
81d9b0fd-23f8-402e-847e-4c99ab6ff099,19.296000000000003,command_linear,/cmd_vel,0.17188994586467743,0.5
81d9b0fd-23f8-402e-847e-4c99ab6ff099,19.377000000000002,command_linear,/cmd_vel,0.16892610490322113,0.5
81d9b0fd-23f8-402e-847e-4c99ab6ff099,19.407,command_linear,/cmd_vel,0.1732356697320938,0.5
81d9b0fd-23f8-402e-847e-4c99ab6ff099,19.476000000000003,command_linear,/cmd_vel,0.17576581239700317,0.5
81d9b0fd-23f8-402e-847e-4c99ab6ff099,19.518,command_linear,/cmd_vel,0.1728728711605072,0.5
81d9b0fd-23f8-402e-847e-4c99ab6ff099,19.557000000000002,command_linear,/cmd_vel,0.1776052713394165,0.5
81d9b0fd-23f8-402e-847e-4c99ab6ff099,19.626,command_linear,/cmd_vel,0.18115317821502686,0.5
81d9b0fd-23f8-402e-847e-4c99ab6ff099,19.656000000000002,command_linear,/cmd_vel,0.17014071345329285,0.5
81d9b0fd-23f8-402e-847e-4c99ab6ff099,19.737000000000002,command_linear,/cmd_vel,0.1699676662683487,0.5
81d9b0fd-23f8-402e-847e-4c99ab6ff099,19.767,command_linear,/cmd_vel,0.1704941689968109,0.5
81d9b0fd-23f8-402e-847e-4c99ab6ff099,19.806,command_linear,/cmd_vel,0.16989201307296753,0.5
81d9b0fd-23f8-402e-847e-4c99ab6ff099,19.878,command_linear,/cmd_vel,0.16732007265090942,0.5
81d9b0fd-23f8-402e-847e-4c99ab6ff099,19.917,command_linear,/cmd_vel,0.17224106192588806,0.5
81d9b0fd-23f8-402e-847e-4c99ab6ff099,19.986,command_linear,/cmd_vel,0.17412158846855164,0.5
81d9b0fd-23f8-402e-847e-4c99ab6ff099,20.016000000000002,command_linear,/cmd_vel,0.17160101234912872,0.5
81d9b0fd-23f8-402e-847e-4c99ab6ff099,20.058,command_linear,/cmd_vel,0.17257823050022125,0.5
81d9b0fd-23f8-402e-847e-4c99ab6ff099,20.127000000000002,command_linear,/cmd_vel,0.17312513291835785,0.5
81d9b0fd-23f8-402e-847e-4c99ab6ff099,20.166,command_linear,/cmd_vel,0.17927581071853638,0.5
81d9b0fd-23f8-402e-847e-4c99ab6ff099,20.196,command_linear,/cmd_vel,0.17832043766975403,0.5
81d9b0fd-23f8-402e-847e-4c99ab6ff099,20.277,command_linear,/cmd_vel,0.17846766114234924,0.5
81d9b0fd-23f8-402e-847e-4c99ab6ff099,20.307000000000002,command_linear,/cmd_vel,0.1771337389945984,0.5
81d9b0fd-23f8-402e-847e-4c99ab6ff099,20.376,command_linear,/cmd_vel,0.178086057305336,0.5
81d9b0fd-23f8-402e-847e-4c99ab6ff099,20.418000000000003,command_linear,/cmd_vel,0.18207523226737976,0.5
81d9b0fd-23f8-402e-847e-4c99ab6ff099,20.457,command_linear,/cmd_vel,0.18066371977329254,0.5
81d9b0fd-23f8-402e-847e-4c99ab6ff099,20.526,command_linear,/cmd_vel,0.1816367506980896,0.5
81d9b0fd-23f8-402e-847e-4c99ab6ff099,20.556,command_linear,/cmd_vel,0.18000327050685883,0.5
81d9b0fd-23f8-402e-847e-4c99ab6ff099,20.637,command_linear,/cmd_vel,0.18049272894859314,0.5
81d9b0fd-23f8-402e-847e-4c99ab6ff099,20.667,command_linear,/cmd_vel,0.1843467354774475,0.5
81d9b0fd-23f8-402e-847e-4c99ab6ff099,20.706,command_linear,/cmd_vel,0.18958944082260132,0.5
81d9b0fd-23f8-402e-847e-4c99ab6ff099,20.778000000000002,command_linear,/cmd_vel,0.19234172999858856,0.5
81d9b0fd-23f8-402e-847e-4c99ab6ff099,20.817,command_linear,/cmd_vel,0.18899458646774292,0.5
81d9b0fd-23f8-402e-847e-4c99ab6ff099,20.886000000000003,command_linear,/cmd_vel,0.19141346216201782,0.5
81d9b0fd-23f8-402e-847e-4c99ab6ff099,20.916,command_linear,/cmd_vel,0.18663989007472992,0.5
81d9b0fd-23f8-402e-847e-4c99ab6ff099,20.958000000000002,command_linear,/cmd_vel,0.18220117688179016,0.5
81d9b0fd-23f8-402e-847e-4c99ab6ff099,21.027,command_linear,/cmd_vel,0.1827206313610077,0.5
81d9b0fd-23f8-402e-847e-4c99ab6ff099,21.066000000000003,command_linear,/cmd_vel,0.18432457745075226,0.5
81d9b0fd-23f8-402e-847e-4c99ab6ff099,21.096,command_linear,/cmd_vel,0.18554331362247467,0.5
81d9b0fd-23f8-402e-847e-4c99ab6ff099,21.177,command_linear,/cmd_vel,0.18238282203674316,0.5
81d9b0fd-23f8-402e-847e-4c99ab6ff099,21.207,command_linear,/cmd_vel,0.1815139800310135,0.5
81d9b0fd-23f8-402e-847e-4c99ab6ff099,21.276,command_linear,/cmd_vel,0.1840803474187851,0.5
81d9b0fd-23f8-402e-847e-4c99ab6ff099,21.318,command_linear,/cmd_vel,0.18680374324321747,0.5
81d9b0fd-23f8-402e-847e-4c99ab6ff099,21.357000000000003,command_linear,/cmd_vel,0.18182383477687836,0.5
81d9b0fd-23f8-402e-847e-4c99ab6ff099,21.426000000000002,command_linear,/cmd_vel,0.18417827785015106,0.5
81d9b0fd-23f8-402e-847e-4c99ab6ff099,21.456000000000003,command_linear,/cmd_vel,0.1861523687839508,0.5
81d9b0fd-23f8-402e-847e-4c99ab6ff099,21.537000000000003,command_linear,/cmd_vel,0.18524578213691711,0.5
81d9b0fd-23f8-402e-847e-4c99ab6ff099,21.567,command_linear,/cmd_vel,0.18616902828216553,0.5
81d9b0fd-23f8-402e-847e-4c99ab6ff099,21.606,command_linear,/cmd_vel,0.19016964733600616,0.5
81d9b0fd-23f8-402e-847e-4c99ab6ff099,21.678,command_linear,/cmd_vel,0.18944749236106873,0.5
81d9b0fd-23f8-402e-847e-4c99ab6ff099,21.717000000000002,command_linear,/cmd_vel,0.19314666092395782,0.5
81d9b0fd-23f8-402e-847e-4c99ab6ff099,21.786,command_linear,/cmd_vel,0.19121599197387695,0.5
81d9b0fd-23f8-402e-847e-4c99ab6ff099,21.816000000000003,command_linear,/cmd_vel,0.1938280165195465,0.5
81d9b0fd-23f8-402e-847e-4c99ab6ff099,21.855,command_linear,/cmd_vel,0.1888672262430191,0.5
81d9b0fd-23f8-402e-847e-4c99ab6ff099,21.927,command_linear,/cmd_vel,0.1881532371044159,0.5
81d9b0fd-23f8-402e-847e-4c99ab6ff099,21.966,command_linear,/cmd_vel,0.19160249829292297,0.5
81d9b0fd-23f8-402e-847e-4c99ab6ff099,21.996000000000002,command_linear,/cmd_vel,0.1920199692249298,0.5
81d9b0fd-23f8-402e-847e-4c99ab6ff099,22.077,command_linear,/cmd_vel,0.19220012426376343,0.5
81d9b0fd-23f8-402e-847e-4c99ab6ff099,22.107000000000003,command_linear,/cmd_vel,0.19304092228412628,0.5
81d9b0fd-23f8-402e-847e-4c99ab6ff099,22.176000000000002,command_linear,/cmd_vel,0.19110509753227234,0.5
81d9b0fd-23f8-402e-847e-4c99ab6ff099,22.218,command_linear,/cmd_vel,0.18949496746063232,0.5
81d9b0fd-23f8-402e-847e-4c99ab6ff099,22.257,command_linear,/cmd_vel,0.1872919201850891,0.5
81d9b0fd-23f8-402e-847e-4c99ab6ff099,22.326,command_linear,/cmd_vel,0.18356990814208984,0.5
81d9b0fd-23f8-402e-847e-4c99ab6ff099,22.356,command_linear,/cmd_vel,0.18445786833763123,0.5
81d9b0fd-23f8-402e-847e-4c99ab6ff099,22.437,command_linear,/cmd_vel,0.18803608417510986,0.5
81d9b0fd-23f8-402e-847e-4c99ab6ff099,22.467000000000002,command_linear,/cmd_vel,0.19053833186626434,0.5
81d9b0fd-23f8-402e-847e-4c99ab6ff099,22.506,command_linear,/cmd_vel,0.18819256126880646,0.5
81d9b0fd-23f8-402e-847e-4c99ab6ff099,22.578000000000003,command_linear,/cmd_vel,0.18767404556274414,0.5
81d9b0fd-23f8-402e-847e-4c99ab6ff099,22.617,command_linear,/cmd_vel,0.18584153056144714,0.5
81d9b0fd-23f8-402e-847e-4c99ab6ff099,22.686,command_linear,/cmd_vel,0.18859454989433289,0.5
81d9b0fd-23f8-402e-847e-4c99ab6ff099,22.716,command_linear,/cmd_vel,0.1916625201702118,0.5
81d9b0fd-23f8-402e-847e-4c99ab6ff099,22.758000000000003,command_linear,/cmd_vel,0.1891748160123825,0.5
81d9b0fd-23f8-402e-847e-4c99ab6ff099,22.827,command_linear,/cmd_vel,0.18752212822437286,0.5
81d9b0fd-23f8-402e-847e-4c99ab6ff099,22.866,command_linear,/cmd_vel,0.18886633217334747,0.5
81d9b0fd-23f8-402e-847e-4c99ab6ff099,22.896,command_linear,/cmd_vel,0.18142929673194885,0.5
81d9b0fd-23f8-402e-847e-4c99ab6ff099,22.977,command_linear,/cmd_vel,0.18213370442390442,0.5
81d9b0fd-23f8-402e-847e-4c99ab6ff099,23.007,command_linear,/cmd_vel,0.18208184838294983,0.5
81d9b0fd-23f8-402e-847e-4c99ab6ff099,23.076,command_linear,/cmd_vel,0.1849430352449417,0.5
81d9b0fd-23f8-402e-847e-4c99ab6ff099,23.118000000000002,command_linear,/cmd_vel,0.18455296754837036,0.5
81d9b0fd-23f8-402e-847e-4c99ab6ff099,23.157,command_linear,/cmd_vel,0.18576139211654663,0.5
81d9b0fd-23f8-402e-847e-4c99ab6ff099,23.226000000000003,command_linear,/cmd_vel,0.18210212886333466,0.5
81d9b0fd-23f8-402e-847e-4c99ab6ff099,23.256,command_linear,/cmd_vel,0.1821463257074356,0.5
81d9b0fd-23f8-402e-847e-4c99ab6ff099,23.337,command_linear,/cmd_vel,0.17624782025814056,0.5
81d9b0fd-23f8-402e-847e-4c99ab6ff099,23.367,command_linear,/cmd_vel,0.17697802186012268,0.5
81d9b0fd-23f8-402e-847e-4c99ab6ff099,23.406000000000002,command_linear,/cmd_vel,0.17322999238967896,0.5
81d9b0fd-23f8-402e-847e-4c99ab6ff099,23.478,command_linear,/cmd_vel,0.17300230264663696,0.5
81d9b0fd-23f8-402e-847e-4c99ab6ff099,23.517000000000003,command_linear,/cmd_vel,0.17144247889518738,0.5
81d9b0fd-23f8-402e-847e-4c99ab6ff099,23.586000000000002,command_linear,/cmd_vel,0.16965177655220032,0.5
81d9b0fd-23f8-402e-847e-4c99ab6ff099,23.616000000000003,command_linear,/cmd_vel,0.16834589838981628,0.5
81d9b0fd-23f8-402e-847e-4c99ab6ff099,23.658,command_linear,/cmd_vel,0.1677754819393158,0.5
81d9b0fd-23f8-402e-847e-4c99ab6ff099,23.727,command_linear,/cmd_vel,0.1679001897573471,0.5
81d9b0fd-23f8-402e-847e-4c99ab6ff099,23.766000000000002,command_linear,/cmd_vel,0.1697099804878235,0.5
81d9b0fd-23f8-402e-847e-4c99ab6ff099,23.796000000000003,command_linear,/cmd_vel,0.16842032968997955,0.5
81d9b0fd-23f8-402e-847e-4c99ab6ff099,23.868000000000002,command_linear,/cmd_vel,0.1687788963317871,0.5
81d9b0fd-23f8-402e-847e-4c99ab6ff099,23.907,command_linear,/cmd_vel,0.16769170761108398,0.5
81d9b0fd-23f8-402e-847e-4c99ab6ff099,23.976000000000003,command_linear,/cmd_vel,0.1638258695602417,0.5
81d9b0fd-23f8-402e-847e-4c99ab6ff099,24.018,command_linear,/cmd_vel,0.16253580152988434,0.5
81d9b0fd-23f8-402e-847e-4c99ab6ff099,24.057000000000002,command_linear,/cmd_vel,0.1620873659849167,0.5
81d9b0fd-23f8-402e-847e-4c99ab6ff099,24.126,command_linear,/cmd_vel,0.1606282740831375,0.5
81d9b0fd-23f8-402e-847e-4c99ab6ff099,24.156000000000002,command_linear,/cmd_vel,0.1615799218416214,0.5
81d9b0fd-23f8-402e-847e-4c99ab6ff099,24.237000000000002,command_linear,/cmd_vel,0.16334618628025055,0.5
81d9b0fd-23f8-402e-847e-4c99ab6ff099,24.267000000000003,command_linear,/cmd_vel,0.16033035516738892,0.5
81d9b0fd-23f8-402e-847e-4c99ab6ff099,24.306,command_linear,/cmd_vel,0.16032877564430237,0.5
81d9b0fd-23f8-402e-847e-4c99ab6ff099,24.378,command_linear,/cmd_vel,0.15623264014720917,0.5
81d9b0fd-23f8-402e-847e-4c99ab6ff099,24.417,command_linear,/cmd_vel,0.15459102392196655,0.5
81d9b0fd-23f8-402e-847e-4c99ab6ff099,24.486,command_linear,/cmd_vel,0.15499567985534668,0.5
81d9b0fd-23f8-402e-847e-4c99ab6ff099,24.516000000000002,command_linear,/cmd_vel,0.15352895855903625,0.5
81d9b0fd-23f8-402e-847e-4c99ab6ff099,24.558,command_linear,/cmd_vel,0.15529656410217285,0.5
81d9b0fd-23f8-402e-847e-4c99ab6ff099,24.627000000000002,command_linear,/cmd_vel,0.15376071631908417,0.5
81d9b0fd-23f8-402e-847e-4c99ab6ff099,24.666,command_linear,/cmd_vel,0.1560373157262802,0.5
81d9b0fd-23f8-402e-847e-4c99ab6ff099,24.696,command_linear,/cmd_vel,0.15164075791835785,0.5
81d9b0fd-23f8-402e-847e-4c99ab6ff099,24.777,command_linear,/cmd_vel,0.1497214138507843,0.5
81d9b0fd-23f8-402e-847e-4c99ab6ff099,24.807000000000002,command_linear,/cmd_vel,0.14786207675933838,0.5
81d9b0fd-23f8-402e-847e-4c99ab6ff099,24.876,command_linear,/cmd_vel,0.14734527468681335,0.5
81d9b0fd-23f8-402e-847e-4c99ab6ff099,24.918000000000003,command_linear,/cmd_vel,0.14543336629867554,0.5
81d9b0fd-23f8-402e-847e-4c99ab6ff099,24.957,command_linear,/cmd_vel,0.14528751373291016,0.5
81d9b0fd-23f8-402e-847e-4c99ab6ff099,25.026,command_linear,/cmd_vel,0.1493392437696457,0.5
81d9b0fd-23f8-402e-847e-4c99ab6ff099,25.056,command_linear,/cmd_vel,0.1450875699520111,0.5
81d9b0fd-23f8-402e-847e-4c99ab6ff099,25.137,command_linear,/cmd_vel,0.14352744817733765,0.5
81d9b0fd-23f8-402e-847e-4c99ab6ff099,25.167,command_linear,/cmd_vel,0.14446359872817993,0.5
81d9b0fd-23f8-402e-847e-4c99ab6ff099,25.206000000000003,command_linear,/cmd_vel,0.14588883519172668,0.5
81d9b0fd-23f8-402e-847e-4c99ab6ff099,25.278000000000002,command_linear,/cmd_vel,0.14509953558444977,0.5
81d9b0fd-23f8-402e-847e-4c99ab6ff099,25.317,command_linear,/cmd_vel,0.1466529369354248,0.5
81d9b0fd-23f8-402e-847e-4c99ab6ff099,25.386000000000003,command_linear,/cmd_vel,0.14616775512695312,0.5
81d9b0fd-23f8-402e-847e-4c99ab6ff099,25.416,command_linear,/cmd_vel,0.14335142076015472,0.5
81d9b0fd-23f8-402e-847e-4c99ab6ff099,25.458000000000002,command_linear,/cmd_vel,0.14468124508857727,0.5
81d9b0fd-23f8-402e-847e-4c99ab6ff099,25.527,command_linear,/cmd_vel,0.1408313363790512,0.5
81d9b0fd-23f8-402e-847e-4c99ab6ff099,25.566000000000003,command_linear,/cmd_vel,0.14234650135040283,0.5
81d9b0fd-23f8-402e-847e-4c99ab6ff099,25.596,command_linear,/cmd_vel,0.13628938794136047,0.5
81d9b0fd-23f8-402e-847e-4c99ab6ff099,25.677000000000003,command_linear,/cmd_vel,0.1366736888885498,0.5
81d9b0fd-23f8-402e-847e-4c99ab6ff099,25.704,command_linear,/cmd_vel,0.1356213390827179,0.5
81d9b0fd-23f8-402e-847e-4c99ab6ff099,25.776000000000003,command_linear,/cmd_vel,0.13976407051086426,0.5
81d9b0fd-23f8-402e-847e-4c99ab6ff099,25.818,command_linear,/cmd_vel,0.13823187351226807,0.5
81d9b0fd-23f8-402e-847e-4c99ab6ff099,25.857000000000003,command_linear,/cmd_vel,0.13663512468338013,0.5
81d9b0fd-23f8-402e-847e-4c99ab6ff099,25.926000000000002,command_linear,/cmd_vel,0.13319279253482819,0.5
81d9b0fd-23f8-402e-847e-4c99ab6ff099,25.956000000000003,command_linear,/cmd_vel,0.129846453666687,0.5
81d9b0fd-23f8-402e-847e-4c99ab6ff099,26.037000000000003,command_linear,/cmd_vel,0.1299438178539276,0.5
81d9b0fd-23f8-402e-847e-4c99ab6ff099,26.067,command_linear,/cmd_vel,0.13336125016212463,0.5
81d9b0fd-23f8-402e-847e-4c99ab6ff099,26.106,command_linear,/cmd_vel,0.1396978497505188,0.5
81d9b0fd-23f8-402e-847e-4c99ab6ff099,26.178,command_linear,/cmd_vel,0.14019285142421722,0.5
81d9b0fd-23f8-402e-847e-4c99ab6ff099,26.217000000000002,command_linear,/cmd_vel,0.13739018142223358,0.5
81d9b0fd-23f8-402e-847e-4c99ab6ff099,26.286,command_linear,/cmd_vel,0.1337270438671112,0.5
81d9b0fd-23f8-402e-847e-4c99ab6ff099,26.316000000000003,command_linear,/cmd_vel,0.1340797245502472,0.5
81d9b0fd-23f8-402e-847e-4c99ab6ff099,26.358,command_linear,/cmd_vel,0.13172481954097748,0.5
81d9b0fd-23f8-402e-847e-4c99ab6ff099,26.427000000000003,command_linear,/cmd_vel,0.13197019696235657,0.5
81d9b0fd-23f8-402e-847e-4c99ab6ff099,26.466,command_linear,/cmd_vel,0.13528767228126526,0.5
81d9b0fd-23f8-402e-847e-4c99ab6ff099,26.496000000000002,command_linear,/cmd_vel,0.13337577879428864,0.5
81d9b0fd-23f8-402e-847e-4c99ab6ff099,26.577,command_linear,/cmd_vel,0.12804502248764038,0.5
81d9b0fd-23f8-402e-847e-4c99ab6ff099,26.607000000000003,command_linear,/cmd_vel,0.12586669623851776,0.5
81d9b0fd-23f8-402e-847e-4c99ab6ff099,26.676000000000002,command_linear,/cmd_vel,0.1228637620806694,0.5
81d9b0fd-23f8-402e-847e-4c99ab6ff099,26.718,command_linear,/cmd_vel,0.12057382613420486,0.5
81d9b0fd-23f8-402e-847e-4c99ab6ff099,26.757,command_linear,/cmd_vel,0.12044448405504227,0.5
81d9b0fd-23f8-402e-847e-4c99ab6ff099,26.826,command_linear,/cmd_vel,0.11731380224227905,0.5
81d9b0fd-23f8-402e-847e-4c99ab6ff099,26.856,command_linear,/cmd_vel,0.11869312822818756,0.5
81d9b0fd-23f8-402e-847e-4c99ab6ff099,26.937,command_linear,/cmd_vel,0.11748988181352615,0.5
81d9b0fd-23f8-402e-847e-4c99ab6ff099,26.967000000000002,command_linear,/cmd_vel,0.11615520715713501,0.5
81d9b0fd-23f8-402e-847e-4c99ab6ff099,27.006,command_linear,/cmd_vel,0.11705309897661209,0.5
81d9b0fd-23f8-402e-847e-4c99ab6ff099,27.078000000000003,command_linear,/cmd_vel,0.11506397277116776,0.5
81d9b0fd-23f8-402e-847e-4c99ab6ff099,27.117,command_linear,/cmd_vel,0.11287818849086761,0.5
81d9b0fd-23f8-402e-847e-4c99ab6ff099,27.186,command_linear,/cmd_vel,0.11134258657693863,0.5
81d9b0fd-23f8-402e-847e-4c99ab6ff099,27.216,command_linear,/cmd_vel,0.1095983237028122,0.5
81d9b0fd-23f8-402e-847e-4c99ab6ff099,27.258000000000003,command_linear,/cmd_vel,0.10865440964698792,0.5
81d9b0fd-23f8-402e-847e-4c99ab6ff099,27.327,command_linear,/cmd_vel,0.10792721807956696,0.5
81d9b0fd-23f8-402e-847e-4c99ab6ff099,27.366000000000003,command_linear,/cmd_vel,0.10854557901620865,0.5
81d9b0fd-23f8-402e-847e-4c99ab6ff099,27.396,command_linear,/cmd_vel,0.107747383415699,0.5
81d9b0fd-23f8-402e-847e-4c99ab6ff099,27.477,command_linear,/cmd_vel,0.10466238111257553,0.5
81d9b0fd-23f8-402e-847e-4c99ab6ff099,27.507,command_linear,/cmd_vel,0.10463497787714005,0.5
81d9b0fd-23f8-402e-847e-4c99ab6ff099,27.576,command_linear,/cmd_vel,0.10074609518051147,0.5
81d9b0fd-23f8-402e-847e-4c99ab6ff099,27.618000000000002,command_linear,/cmd_vel,0.10139162838459015,0.5
81d9b0fd-23f8-402e-847e-4c99ab6ff099,27.657,command_linear,/cmd_vel,0.1019931435585022,0.5
81d9b0fd-23f8-402e-847e-4c99ab6ff099,27.726000000000003,command_linear,/cmd_vel,0.1028645932674408,0.5
81d9b0fd-23f8-402e-847e-4c99ab6ff099,27.756,command_linear,/cmd_vel,0.10077664256095886,0.5
81d9b0fd-23f8-402e-847e-4c99ab6ff099,27.837000000000003,command_linear,/cmd_vel,0.10079419612884521,0.5
81d9b0fd-23f8-402e-847e-4c99ab6ff099,27.867,command_linear,/cmd_vel,0.10204258561134338,0.5
81d9b0fd-23f8-402e-847e-4c99ab6ff099,27.906000000000002,command_linear,/cmd_vel,0.09965705871582031,0.5
81d9b0fd-23f8-402e-847e-4c99ab6ff099,27.978,command_linear,/cmd_vel,0.09999430179595947,0.5
81d9b0fd-23f8-402e-847e-4c99ab6ff099,28.017000000000003,command_linear,/cmd_vel,0.10173359513282776,0.5
81d9b0fd-23f8-402e-847e-4c99ab6ff099,28.086000000000002,command_linear,/cmd_vel,0.10105377435684204,0.5
81d9b0fd-23f8-402e-847e-4c99ab6ff099,28.116000000000003,command_linear,/cmd_vel,0.09874635189771652,0.5
81d9b0fd-23f8-402e-847e-4c99ab6ff099,28.155,command_linear,/cmd_vel,0.09579253196716309,0.5
81d9b0fd-23f8-402e-847e-4c99ab6ff099,28.227,command_linear,/cmd_vel,0.0961892306804657,0.5
81d9b0fd-23f8-402e-847e-4c99ab6ff099,28.266000000000002,command_linear,/cmd_vel,0.09305424988269806,0.5
81d9b0fd-23f8-402e-847e-4c99ab6ff099,28.296000000000003,command_linear,/cmd_vel,0.09096752852201462,0.5
81d9b0fd-23f8-402e-847e-4c99ab6ff099,28.377000000000002,command_linear,/cmd_vel,0.08867822587490082,0.5
81d9b0fd-23f8-402e-847e-4c99ab6ff099,28.407,command_linear,/cmd_vel,0.09220018982887268,0.5
81d9b0fd-23f8-402e-847e-4c99ab6ff099,28.476000000000003,command_linear,/cmd_vel,0.08847823739051819,0.5
81d9b0fd-23f8-402e-847e-4c99ab6ff099,28.518,command_linear,/cmd_vel,0.08816736936569214,0.5
81d9b0fd-23f8-402e-847e-4c99ab6ff099,28.557000000000002,command_linear,/cmd_vel,0.086984783411026,0.5
81d9b0fd-23f8-402e-847e-4c99ab6ff099,28.626,command_linear,/cmd_vel,0.08253471553325653,0.5
81d9b0fd-23f8-402e-847e-4c99ab6ff099,28.656000000000002,command_linear,/cmd_vel,0.08328814804553986,0.5
81d9b0fd-23f8-402e-847e-4c99ab6ff099,28.737000000000002,command_linear,/cmd_vel,0.08183511346578598,0.5
81d9b0fd-23f8-402e-847e-4c99ab6ff099,28.767000000000003,command_linear,/cmd_vel,0.08226904273033142,0.5
81d9b0fd-23f8-402e-847e-4c99ab6ff099,28.806,command_linear,/cmd_vel,0.07594770193099976,0.5
81d9b0fd-23f8-402e-847e-4c99ab6ff099,28.878,command_linear,/cmd_vel,0.07472644001245499,0.5
81d9b0fd-23f8-402e-847e-4c99ab6ff099,28.917,command_linear,/cmd_vel,0.0,0.5
81d9b0fd-23f8-402e-847e-4c99ab6ff099,28.986,command_linear,/cmd_vel,0.0,0.5
81d9b0fd-23f8-402e-847e-4c99ab6ff099,29.016000000000002,command_linear,/cmd_vel,0.0,0.5
81d9b0fd-23f8-402e-847e-4c99ab6ff099,29.058000000000003,command_linear,/cmd_vel,0.0,0.5
81d9b0fd-23f8-402e-847e-4c99ab6ff099,29.127000000000002,command_linear,/cmd_vel,0.0,0.5
81d9b0fd-23f8-402e-847e-4c99ab6ff099,29.166,command_linear,/cmd_vel,0.0,0.5
81d9b0fd-23f8-402e-847e-4c99ab6ff099,29.196,command_linear,/cmd_vel,0.0,0.5
81d9b0fd-23f8-402e-847e-4c99ab6ff099,29.277,command_linear,/cmd_vel,0.0,0.5
81d9b0fd-23f8-402e-847e-4c99ab6ff099,29.304000000000002,command_linear,/cmd_vel,0.0,0.5
81d9b0fd-23f8-402e-847e-4c99ab6ff099,29.376,command_linear,/cmd_vel,0.0,0.5
81d9b0fd-23f8-402e-847e-4c99ab6ff099,29.418000000000003,command_linear,/cmd_vel,0.0,0.5
81d9b0fd-23f8-402e-847e-4c99ab6ff099,29.457,command_linear,/cmd_vel,0.0,0.5
81d9b0fd-23f8-402e-847e-4c99ab6ff099,29.526000000000003,command_linear,/cmd_vel,0.0,0.5
81d9b0fd-23f8-402e-847e-4c99ab6ff099,29.556,command_linear,/cmd_vel,0.0,0.5
81d9b0fd-23f8-402e-847e-4c99ab6ff099,29.637,command_linear,/cmd_vel,0.0,0.5
81d9b0fd-23f8-402e-847e-4c99ab6ff099,11.133000000000001,global_path_curvature,/plan,0.44246567364745043,2.0
81d9b0fd-23f8-402e-847e-4c99ab6ff099,12.162,global_path_curvature,/plan,0.40336633683953427,2.0
81d9b0fd-23f8-402e-847e-4c99ab6ff099,13.194,global_path_curvature,/plan,0.4947969901202006,2.0
81d9b0fd-23f8-402e-847e-4c99ab6ff099,14.214,global_path_curvature,/plan,0.5182307891532542,2.0
81d9b0fd-23f8-402e-847e-4c99ab6ff099,15.243,global_path_curvature,/plan,0.46820759617701285,2.0
81d9b0fd-23f8-402e-847e-4c99ab6ff099,16.263,global_path_curvature,/plan,0.48711366466130035,2.0
81d9b0fd-23f8-402e-847e-4c99ab6ff099,17.283,global_path_curvature,/plan,0.464125922460634,2.0
81d9b0fd-23f8-402e-847e-4c99ab6ff099,18.312,global_path_curvature,/plan,0.49091730386213833,2.0
81d9b0fd-23f8-402e-847e-4c99ab6ff099,19.344,global_path_curvature,/plan,0.5749694281353489,2.0
81d9b0fd-23f8-402e-847e-4c99ab6ff099,20.364,global_path_curvature,/plan,0.5509788923453591,2.0
81d9b0fd-23f8-402e-847e-4c99ab6ff099,21.393,global_path_curvature,/plan,0.7341967768088264,2.0
81d9b0fd-23f8-402e-847e-4c99ab6ff099,22.413,global_path_curvature,/plan,0.8027336643172813,2.0
81d9b0fd-23f8-402e-847e-4c99ab6ff099,23.442,global_path_curvature,/plan,1.1106576718865253,2.0
81d9b0fd-23f8-402e-847e-4c99ab6ff099,24.465,global_path_curvature,/plan,1.145597882171015,2.0
81d9b0fd-23f8-402e-847e-4c99ab6ff099,25.494000000000003,global_path_curvature,/plan,1.1041665675515422,2.0
81d9b0fd-23f8-402e-847e-4c99ab6ff099,26.514000000000003,global_path_curvature,/plan,1.4541270649224372,2.0
81d9b0fd-23f8-402e-847e-4c99ab6ff099,27.543000000000003,global_path_curvature,/plan,4.9568437019005795,2.0
81d9b0fd-23f8-402e-847e-4c99ab6ff099,28.563000000000002,global_path_curvature,/plan,4.072387856994147,2.0
81d9b0fd-23f8-402e-847e-4c99ab6ff099,11.133000000000001,global_path_length,/plan,3.049116683195993,2.0
81d9b0fd-23f8-402e-847e-4c99ab6ff099,12.162,global_path_length,/plan,2.9468473078258977,2.0
81d9b0fd-23f8-402e-847e-4c99ab6ff099,13.194,global_path_length,/plan,2.7989145025553444,2.0
81d9b0fd-23f8-402e-847e-4c99ab6ff099,14.214,global_path_length,/plan,2.5992458307609447,2.0
81d9b0fd-23f8-402e-847e-4c99ab6ff099,15.243,global_path_length,/plan,2.431390524029383,2.0
81d9b0fd-23f8-402e-847e-4c99ab6ff099,16.263,global_path_length,/plan,2.2255485970023106,2.0
81d9b0fd-23f8-402e-847e-4c99ab6ff099,17.283,global_path_length,/plan,2.025056843333868,2.0
81d9b0fd-23f8-402e-847e-4c99ab6ff099,18.312,global_path_length,/plan,1.875095149914127,2.0
81d9b0fd-23f8-402e-847e-4c99ab6ff099,19.344,global_path_length,/plan,1.6749553813672746,2.0
81d9b0fd-23f8-402e-847e-4c99ab6ff099,20.364,global_path_length,/plan,1.525353728981036,2.0
81d9b0fd-23f8-402e-847e-4c99ab6ff099,21.393,global_path_length,/plan,1.325233536069943,2.0
81d9b0fd-23f8-402e-847e-4c99ab6ff099,22.413,global_path_length,/plan,1.174978083546147,2.0
81d9b0fd-23f8-402e-847e-4c99ab6ff099,23.442,global_path_length,/plan,0.9791000733756153,2.0
81d9b0fd-23f8-402e-847e-4c99ab6ff099,24.465,global_path_length,/plan,0.782612577525276,2.0
81d9b0fd-23f8-402e-847e-4c99ab6ff099,25.494000000000003,global_path_length,/plan,0.6315979490912893,2.0
81d9b0fd-23f8-402e-847e-4c99ab6ff099,26.514000000000003,global_path_length,/plan,0.5319902801852696,2.0
81d9b0fd-23f8-402e-847e-4c99ab6ff099,27.543000000000003,global_path_length,/plan,0.38336961034498596,2.0
81d9b0fd-23f8-402e-847e-4c99ab6ff099,28.563000000000002,global_path_length,/plan,0.2739085866976313,2.0
81d9b0fd-23f8-402e-847e-4c99ab6ff099,9.540000000000001,measured_angular,/odom,-1.32195182679787e-19,0.5
81d9b0fd-23f8-402e-847e-4c99ab6ff099,9.576,measured_angular,/odom,-6.763474462686778e-20,0.5
81d9b0fd-23f8-402e-847e-4c99ab6ff099,9.612,measured_angular,/odom,-1.0145211694030167e-19,0.5
81d9b0fd-23f8-402e-847e-4c99ab6ff099,9.648000000000001,measured_angular,/odom,-1.1682364981004433e-19,0.5
81d9b0fd-23f8-402e-847e-4c99ab6ff099,9.684000000000001,measured_angular,/odom,-9.83778103663531e-20,0.5
81d9b0fd-23f8-402e-847e-4c99ab6ff099,9.72,measured_angular,/odom,-2.459445259158828e-20,0.5
81d9b0fd-23f8-402e-847e-4c99ab6ff099,9.756,measured_angular,/odom,-4.304029203527949e-20,0.5
81d9b0fd-23f8-402e-847e-4c99ab6ff099,9.792,measured_angular,/odom,-6.763474462686777e-20,0.5
81d9b0fd-23f8-402e-847e-4c99ab6ff099,9.828000000000001,measured_angular,/odom,-5.841182490502217e-20,0.5
81d9b0fd-23f8-402e-847e-4c99ab6ff099,9.864,measured_angular,/odom,-5.2263211757125094e-20,0.5
81d9b0fd-23f8-402e-847e-4c99ab6ff099,9.9,measured_angular,/odom,-3.0743065739485344e-20,0.5
81d9b0fd-23f8-402e-847e-4c99ab6ff099,9.936,measured_angular,/odom,-7.993197092266191e-20,0.5
81d9b0fd-23f8-402e-847e-4c99ab6ff099,9.972000000000001,measured_angular,/odom,-6.148613147897065e-21,0.5
81d9b0fd-23f8-402e-847e-4c99ab6ff099,10.008000000000001,measured_angular,/odom,-2.459445259158828e-20,0.5
81d9b0fd-23f8-402e-847e-4c99ab6ff099,10.044,measured_angular,/odom,-9.222919721845604e-20,0.5
81d9b0fd-23f8-402e-847e-4c99ab6ff099,10.08,measured_angular,/odom,-1.3526948925373556e-19,0.5
81d9b0fd-23f8-402e-847e-4c99ab6ff099,10.116000000000001,measured_angular,/odom,-5.533751833107363e-20,0.5
81d9b0fd-23f8-402e-847e-4c99ab6ff099,10.152000000000001,measured_angular,/odom,2.407412430484045e-36,0.5
81d9b0fd-23f8-402e-847e-4c99ab6ff099,10.188,measured_angular,/odom,-7.993197092266191e-20,0.5
81d9b0fd-23f8-402e-847e-4c99ab6ff099,10.224,measured_angular,/odom,-9.222919721845609e-21,0.5
81d9b0fd-23f8-402e-847e-4c99ab6ff099,10.26,measured_angular,/odom,-7.070905120081631e-20,0.5
81d9b0fd-23f8-402e-847e-4c99ab6ff099,10.296000000000001,measured_angular,/odom,-1.229722629579414e-20,0.5
81d9b0fd-23f8-402e-847e-4c99ab6ff099,10.332,measured_angular,/odom,-7.993197092266191e-20,0.5
81d9b0fd-23f8-402e-847e-4c99ab6ff099,10.368,measured_angular,/odom,-1.0452642351425018e-19,0.5
81d9b0fd-23f8-402e-847e-4c99ab6ff099,10.404,measured_angular,/odom,-1.4141810240163262e-19,0.5
81d9b0fd-23f8-402e-847e-4c99ab6ff099,10.440000000000001,measured_angular,/odom,-5.2263211757125094e-20,0.5
81d9b0fd-23f8-402e-847e-4c99ab6ff099,10.476,measured_angular,/odom,-6.763474462686778e-20,0.5
81d9b0fd-23f8-402e-847e-4c99ab6ff099,10.512,measured_angular,/odom,-1.2297226295794142e-20,0.5
81d9b0fd-23f8-402e-847e-4c99ab6ff099,10.548,measured_angular,/odom,-9.530350379240459e-20,0.5
81d9b0fd-23f8-402e-847e-4c99ab6ff099,10.584000000000001,measured_angular,/odom,-1.8445839443691214e-20,0.5
81d9b0fd-23f8-402e-847e-4c99ab6ff099,10.620000000000001,measured_angular,/odom,-1.5371532869742675e-20,0.5
81d9b0fd-23f8-402e-847e-4c99ab6ff099,10.656,measured_angular,/odom,-1.1682364981004433e-19,0.5
81d9b0fd-23f8-402e-847e-4c99ab6ff099,10.692,measured_angular,/odom,-1.3526948925373556e-19,0.5
81d9b0fd-23f8-402e-847e-4c99ab6ff099,10.728000000000002,measured_angular,/odom,-1.0760073008819872e-19,0.5
81d9b0fd-23f8-402e-847e-4c99ab6ff099,10.764000000000001,measured_angular,/odom,-3.074306573948531e-21,0.5
81d9b0fd-23f8-402e-847e-4c99ab6ff099,10.8,measured_angular,/odom,-7.993197092266191e-20,0.5
81d9b0fd-23f8-402e-847e-4c99ab6ff099,10.836,measured_angular,/odom,-1.5371532869742678e-20,0.5
81d9b0fd-23f8-402e-847e-4c99ab6ff099,10.872,measured_angular,/odom,-1.4141810240163265e-19,0.5
81d9b0fd-23f8-402e-847e-4c99ab6ff099,10.911000000000001,measured_angular,/odom,-1.5371532869742672e-20,0.5
81d9b0fd-23f8-402e-847e-4c99ab6ff099,10.944,measured_angular,/odom,-2.4594452591588274e-20,0.5
81d9b0fd-23f8-402e-847e-4c99ab6ff099,10.98,measured_angular,/odom,-8.608058407055898e-20,0.5
81d9b0fd-23f8-402e-847e-4c99ab6ff099,11.016,measured_angular,/odom,-7.993197092266191e-20,0.5
81d9b0fd-23f8-402e-847e-4c99ab6ff099,11.052000000000001,measured_angular,/odom,-7.070905120081631e-20,0.5
81d9b0fd-23f8-402e-847e-4c99ab6ff099,11.088000000000001,measured_angular,/odom,-3.6891678887382416e-20,0.5
81d9b0fd-23f8-402e-847e-4c99ab6ff099,11.124,measured_angular,/odom,-3.381737231343388e-20,0.5
81d9b0fd-23f8-402e-847e-4c99ab6ff099,11.16,measured_angular,/odom,-1.352694892537355e-19,0.5
81d9b0fd-23f8-402e-847e-4c99ab6ff099,11.196000000000002,measured_angular,/odom,-7.993197092266192e-20,0.5
81d9b0fd-23f8-402e-847e-4c99ab6ff099,11.232000000000001,measured_angular,/odom,0.006625016220080146,0.5
81d9b0fd-23f8-402e-847e-4c99ab6ff099,11.268,measured_angular,/odom,0.006625016219847474,0.5
81d9b0fd-23f8-402e-847e-4c99ab6ff099,11.304,measured_angular,/odom,0.00993759202693675,0.5
81d9b0fd-23f8-402e-847e-4c99ab6ff099,11.34,measured_angular,/odom,-0.012372434563596959,0.5
81d9b0fd-23f8-402e-847e-4c99ab6ff099,11.376000000000001,measured_angular,/odom,-0.01779788173709051,0.5
81d9b0fd-23f8-402e-847e-4c99ab6ff099,11.412,measured_angular,/odom,-0.042778276262758416,0.5
81d9b0fd-23f8-402e-847e-4c99ab6ff099,11.448,measured_angular,/odom,-0.05775745328357997,0.5
81d9b0fd-23f8-402e-847e-4c99ab6ff099,11.484,measured_angular,/odom,-0.05642116518168107,0.5
81d9b0fd-23f8-402e-847e-4c99ab6ff099,11.520000000000001,measured_angular,/odom,-0.05544556677338306,0.5
81d9b0fd-23f8-402e-847e-4c99ab6ff099,11.556000000000001,measured_angular,/odom,-0.051294975740817504,0.5
81d9b0fd-23f8-402e-847e-4c99ab6ff099,11.592,measured_angular,/odom,-0.039522819236198735,0.5
81d9b0fd-23f8-402e-847e-4c99ab6ff099,11.628,measured_angular,/odom,-0.03952281922120274,0.5
81d9b0fd-23f8-402e-847e-4c99ab6ff099,11.664000000000001,measured_angular,/odom,-0.04059288054341696,0.5
81d9b0fd-23f8-402e-847e-4c99ab6ff099,11.700000000000001,measured_angular,/odom,-0.040260717274273286,0.5
81d9b0fd-23f8-402e-847e-4c99ab6ff099,11.736,measured_angular,/odom,-0.03903726786793201,0.5
81d9b0fd-23f8-402e-847e-4c99ab6ff099,11.772,measured_angular,/odom,-0.03890132904063099,0.5
81d9b0fd-23f8-402e-847e-4c99ab6ff099,11.808000000000002,measured_angular,/odom,-0.040566109115537693,0.5
81d9b0fd-23f8-402e-847e-4c99ab6ff099,11.844000000000001,measured_angular,/odom,-0.04403822718909613,0.5
81d9b0fd-23f8-402e-847e-4c99ab6ff099,11.88,measured_angular,/odom,-0.044860012829357435,0.5
81d9b0fd-23f8-402e-847e-4c99ab6ff099,11.916,measured_angular,/odom,-0.04329954050978049,0.5
81d9b0fd-23f8-402e-847e-4c99ab6ff099,11.952,measured_angular,/odom,-0.04235067218552186,0.5
81d9b0fd-23f8-402e-847e-4c99ab6ff099,11.988000000000001,measured_angular,/odom,-0.04747587813490202,0.5
81d9b0fd-23f8-402e-847e-4c99ab6ff099,12.024000000000001,measured_angular,/odom,-0.047475878149332656,0.5
81d9b0fd-23f8-402e-847e-4c99ab6ff099,12.06,measured_angular,/odom,-0.04817263781818178,0.5
81d9b0fd-23f8-402e-847e-4c99ab6ff099,12.096,measured_angular,/odom,-0.052284779386833166,0.5
81d9b0fd-23f8-402e-847e-4c99ab6ff099,12.132000000000001,measured_angular,/odom,-0.04968293756257918,0.5
81d9b0fd-23f8-402e-847e-4c99ab6ff099,12.168000000000001,measured_angular,/odom,-0.04968293756257757,0.5
81d9b0fd-23f8-402e-847e-4c99ab6ff099,12.204,measured_angular,/odom,-0.05181463509039923,0.5
81d9b0fd-23f8-402e-847e-4c99ab6ff099,12.24,measured_angular,/odom,-0.0484326481935652,0.5
81d9b0fd-23f8-402e-847e-4c99ab6ff099,12.276000000000002,measured_angular,/odom,-0.04843264818204228,0.5
81d9b0fd-23f8-402e-847e-4c99ab6ff099,12.312000000000001,measured_angular,/odom,-0.03097698405797908,0.5
81d9b0fd-23f8-402e-847e-4c99ab6ff099,12.348,measured_angular,/odom,-0.03028382547253421,0.5
81d9b0fd-23f8-402e-847e-4c99ab6ff099,12.384,measured_angular,/odom,-0.02769129947743585,0.5
81d9b0fd-23f8-402e-847e-4c99ab6ff099,12.42,measured_angular,/odom,-0.02704536914840281,0.5
81d9b0fd-23f8-402e-847e-4c99ab6ff099,12.456000000000001,measured_angular,/odom,-0.0272420370944751,0.5
81d9b0fd-23f8-402e-847e-4c99ab6ff099,12.492,measured_angular,/odom,-0.02942864224318934,0.5
81d9b0fd-23f8-402e-847e-4c99ab6ff099,12.528,measured_angular,/odom,-0.029428642243208687,0.5
81d9b0fd-23f8-402e-847e-4c99ab6ff099,12.564,measured_angular,/odom,-0.02310806506322637,0.5
81d9b0fd-23f8-402e-847e-4c99ab6ff099,12.600000000000001,measured_angular,/odom,-0.02094120532343663,0.5
81d9b0fd-23f8-402e-847e-4c99ab6ff099,12.636000000000001,measured_angular,/odom,-0.025513089248037378,0.5
81d9b0fd-23f8-402e-847e-4c99ab6ff099,12.672,measured_angular,/odom,-0.026021076366361064,0.5
81d9b0fd-23f8-402e-847e-4c99ab6ff099,12.708,measured_angular,/odom,-0.028074982942065285,0.5
81d9b0fd-23f8-402e-847e-4c99ab6ff099,12.744000000000002,measured_angular,/odom,-0.024474618597266944,0.5
81d9b0fd-23f8-402e-847e-4c99ab6ff099,12.780000000000001,measured_angular,/odom,-0.023517474532209436,0.5
81d9b0fd-23f8-402e-847e-4c99ab6ff099,12.816,measured_angular,/odom,-0.025065167801968418,0.5
81d9b0fd-23f8-402e-847e-4c99ab6ff099,12.852,measured_angular,/odom,-0.030918134376439053,0.5
81d9b0fd-23f8-402e-847e-4c99ab6ff099,12.888000000000002,measured_angular,/odom,-0.020425555798009115,0.5
81d9b0fd-23f8-402e-847e-4c99ab6ff099,12.924000000000001,measured_angular,/odom,-0.019926380366212353,0.5
81d9b0fd-23f8-402e-847e-4c99ab6ff099,12.96,measured_angular,/odom,-0.022940807035795662,0.5
81d9b0fd-23f8-402e-847e-4c99ab6ff099,12.996,measured_angular,/odom,-0.027113972218617343,0.5
81d9b0fd-23f8-402e-847e-4c99ab6ff099,13.032,measured_angular,/odom,-0.02394915744667888,0.5
81d9b0fd-23f8-402e-847e-4c99ab6ff099,13.068000000000001,measured_angular,/odom,-0.02394915744666921,0.5
81d9b0fd-23f8-402e-847e-4c99ab6ff099,13.104000000000001,measured_angular,/odom,-0.026820158203297657,0.5
81d9b0fd-23f8-402e-847e-4c99ab6ff099,13.14,measured_angular,/odom,-0.024768466137650248,0.5
81d9b0fd-23f8-402e-847e-4c99ab6ff099,13.176,measured_angular,/odom,-0.02476846612998765,0.5
81d9b0fd-23f8-402e-847e-4c99ab6ff099,13.212000000000002,measured_angular,/odom,-0.018696952611553977,0.5
81d9b0fd-23f8-402e-847e-4c99ab6ff099,13.248000000000001,measured_angular,/odom,-0.017416217927436323,0.5
81d9b0fd-23f8-402e-847e-4c99ab6ff099,13.284,measured_angular,/odom,-0.01324796231009689,0.5
81d9b0fd-23f8-402e-847e-4c99ab6ff099,13.32,measured_angular,/odom,-0.012241474352910554,0.5
81d9b0fd-23f8-402e-847e-4c99ab6ff099,13.356000000000002,measured_angular,/odom,-0.007873978106962078,0.5
81d9b0fd-23f8-402e-847e-4c99ab6ff099,13.392000000000001,measured_angular,/odom,-0.023107624666852334,0.5
81d9b0fd-23f8-402e-847e-4c99ab6ff099,13.428,measured_angular,/odom,-0.023520838469232298,0.5
81d9b0fd-23f8-402e-847e-4c99ab6ff099,13.464,measured_angular,/odom,-0.026311572631086556,0.5
81d9b0fd-23f8-402e-847e-4c99ab6ff099,13.5,measured_angular,/odom,-0.018376833137829125,0.5
81d9b0fd-23f8-402e-847e-4c99ab6ff099,13.536000000000001,measured_angular,/odom,-0.021153477755988512,0.5
81d9b0fd-23f8-402e-847e-4c99ab6ff099,13.572000000000001,measured_angular,/odom,-0.02149449288850355,0.5
81d9b0fd-23f8-402e-847e-4c99ab6ff099,13.608,measured_angular,/odom,-0.01939157229621536,0.5
81d9b0fd-23f8-402e-847e-4c99ab6ff099,13.644,measured_angular,/odom,-0.01511340850526969,0.5
81d9b0fd-23f8-402e-847e-4c99ab6ff099,13.680000000000001,measured_angular,/odom,-0.014102282002689653,0.5
81d9b0fd-23f8-402e-847e-4c99ab6ff099,13.716000000000001,measured_angular,/odom,-0.015182713508953002,0.5
81d9b0fd-23f8-402e-847e-4c99ab6ff099,13.752,measured_angular,/odom,-0.015171273611543195,0.5
81d9b0fd-23f8-402e-847e-4c99ab6ff099,13.788,measured_angular,/odom,-0.008256352254715403,0.5
81d9b0fd-23f8-402e-847e-4c99ab6ff099,13.824000000000002,measured_angular,/odom,-0.007277621887703043,0.5
81d9b0fd-23f8-402e-847e-4c99ab6ff099,13.860000000000001,measured_angular,/odom,-0.014266093049588651,0.5
81d9b0fd-23f8-402e-847e-4c99ab6ff099,13.896,measured_angular,/odom,-0.007818023979683958,0.5
81d9b0fd-23f8-402e-847e-4c99ab6ff099,13.932,measured_angular,/odom,-0.013568587599242912,0.5
81d9b0fd-23f8-402e-847e-4c99ab6ff099,13.968000000000002,measured_angular,/odom,-0.013568587601131967,0.5
81d9b0fd-23f8-402e-847e-4c99ab6ff099,14.004000000000001,measured_angular,/odom,-0.017346630976677956,0.5
81d9b0fd-23f8-402e-847e-4c99ab6ff099,14.040000000000001,measured_angular,/odom,-0.02560476127235469,0.5
81d9b0fd-23f8-402e-847e-4c99ab6ff099,14.076,measured_angular,/odom,-0.025750719010784733,0.5
81d9b0fd-23f8-402e-847e-4c99ab6ff099,14.112,measured_angular,/odom,-0.03734464196770239,0.5
81d9b0fd-23f8-402e-847e-4c99ab6ff099,14.148000000000001,measured_angular,/odom,-0.026735793198458802,0.5
81d9b0fd-23f8-402e-847e-4c99ab6ff099,14.184000000000001,measured_angular,/odom,-0.010695709145845585,0.5
81d9b0fd-23f8-402e-847e-4c99ab6ff099,14.22,measured_angular,/odom,-0.003830845933677792,0.5
81d9b0fd-23f8-402e-847e-4c99ab6ff099,14.256,measured_angular,/odom,0.003675529703488444,0.5
81d9b0fd-23f8-402e-847e-4c99ab6ff099,14.292000000000002,measured_angular,/odom,-0.007424458973025192,0.5
81d9b0fd-23f8-402e-847e-4c99ab6ff099,14.328000000000001,measured_angular,/odom,-0.007449634838830747,0.5
81d9b0fd-23f8-402e-847e-4c99ab6ff099,14.364,measured_angular,/odom,-0.00437143138763704,0.5
81d9b0fd-23f8-402e-847e-4c99ab6ff099,14.4,measured_angular,/odom,-0.008536301539446154,0.5
81d9b0fd-23f8-402e-847e-4c99ab6ff099,14.436000000000002,measured_angular,/odom,-0.0010092524173660154,0.5
81d9b0fd-23f8-402e-847e-4c99ab6ff099,14.472000000000001,measured_angular,/odom,0.00012250989667817702,0.5
81d9b0fd-23f8-402e-847e-4c99ab6ff099,14.508000000000001,measured_angular,/odom,0.004464149228352734,0.5
81d9b0fd-23f8-402e-847e-4c99ab6ff099,14.544,measured_angular,/odom,0.007085070286081489,0.5
81d9b0fd-23f8-402e-847e-4c99ab6ff099,14.58,measured_angular,/odom,0.0076196994631701235,0.5
81d9b0fd-23f8-402e-847e-4c99ab6ff099,14.616000000000001,measured_angular,/odom,0.0022337947557368523,0.5
81d9b0fd-23f8-402e-847e-4c99ab6ff099,14.652000000000001,measured_angular,/odom,0.0011758471374214976,0.5
81d9b0fd-23f8-402e-847e-4c99ab6ff099,14.688,measured_angular,/odom,-0.0058135459385771065,0.5
81d9b0fd-23f8-402e-847e-4c99ab6ff099,14.724,measured_angular,/odom,-0.006810894235912461,0.5
81d9b0fd-23f8-402e-847e-4c99ab6ff099,14.760000000000002,measured_angular,/odom,-0.007386551702490622,0.5
81d9b0fd-23f8-402e-847e-4c99ab6ff099,14.796000000000001,measured_angular,/odom,0.0001897267699637679,0.5
81d9b0fd-23f8-402e-847e-4c99ab6ff099,14.832,measured_angular,/odom,0.0039941174908437425,0.5
81d9b0fd-23f8-402e-847e-4c99ab6ff099,14.868,measured_angular,/odom,0.003994117490817953,0.5
81d9b0fd-23f8-402e-847e-4c99ab6ff099,14.904000000000002,measured_angular,/odom,0.0026881797286030934,0.5
81d9b0fd-23f8-402e-847e-4c99ab6ff099,14.940000000000001,measured_angular,/odom,0.003013517705512696,0.5
81d9b0fd-23f8-402e-847e-4c99ab6ff099,14.976,measured_angular,/odom,0.0030135177075887227,0.5
81d9b0fd-23f8-402e-847e-4c99ab6ff099,15.012,measured_angular,/odom,0.004772159270730522,0.5
81d9b0fd-23f8-402e-847e-4c99ab6ff099,15.048000000000002,measured_angular,/odom,0.005767653599693326,0.5
81d9b0fd-23f8-402e-847e-4c99ab6ff099,15.084000000000001,measured_angular,/odom,0.007851888605260546,0.5
81d9b0fd-23f8-402e-847e-4c99ab6ff099,15.120000000000001,measured_angular,/odom,0.008345294743687387,0.5
81d9b0fd-23f8-402e-847e-4c99ab6ff099,15.156,measured_angular,/odom,0.0018503488304606852,0.5
81d9b0fd-23f8-402e-847e-4c99ab6ff099,15.192,measured_angular,/odom,0.004146416671530878,0.5
81d9b0fd-23f8-402e-847e-4c99ab6ff099,15.228000000000002,measured_angular,/odom,0.004146416671543773,0.5
81d9b0fd-23f8-402e-847e-4c99ab6ff099,15.264000000000001,measured_angular,/odom,0.005471728178630525,0.5
81d9b0fd-23f8-402e-847e-4c99ab6ff099,15.3,measured_angular,/odom,0.0021343203367136044,0.5
81d9b0fd-23f8-402e-847e-4c99ab6ff099,15.336,measured_angular,/odom,0.011152134521401838,0.5
81d9b0fd-23f8-402e-847e-4c99ab6ff099,15.372000000000002,measured_angular,/odom,0.012656588107282615,0.5
81d9b0fd-23f8-402e-847e-4c99ab6ff099,15.411000000000001,measured_angular,/odom,0.02417784616452539,0.5
81d9b0fd-23f8-402e-847e-4c99ab6ff099,15.444,measured_angular,/odom,0.02941520026816241,0.5
81d9b0fd-23f8-402e-847e-4c99ab6ff099,15.48,measured_angular,/odom,0.030132975429292164,0.5
81d9b0fd-23f8-402e-847e-4c99ab6ff099,15.516000000000002,measured_angular,/odom,0.02586806194329705,0.5
81d9b0fd-23f8-402e-847e-4c99ab6ff099,15.552000000000001,measured_angular,/odom,0.018495678904416203,0.5
81d9b0fd-23f8-402e-847e-4c99ab6ff099,15.588000000000001,measured_angular,/odom,0.015408500759470109,0.5
81d9b0fd-23f8-402e-847e-4c99ab6ff099,15.624,measured_angular,/odom,0.015065480955078129,0.5
81d9b0fd-23f8-402e-847e-4c99ab6ff099,15.66,measured_angular,/odom,0.012434508659097548,0.5
81d9b0fd-23f8-402e-847e-4c99ab6ff099,15.696000000000002,measured_angular,/odom,0.013789978060381444,0.5
81d9b0fd-23f8-402e-847e-4c99ab6ff099,15.732000000000001,measured_angular,/odom,0.024317704128617706,0.5
81d9b0fd-23f8-402e-847e-4c99ab6ff099,15.768,measured_angular,/odom,0.024317704141086763,0.5
81d9b0fd-23f8-402e-847e-4c99ab6ff099,15.804,measured_angular,/odom,0.028632692977258796,0.5
81d9b0fd-23f8-402e-847e-4c99ab6ff099,15.840000000000002,measured_angular,/odom,0.03359172119616641,0.5
81d9b0fd-23f8-402e-847e-4c99ab6ff099,15.876000000000001,measured_angular,/odom,0.03359172120695917,0.5
81d9b0fd-23f8-402e-847e-4c99ab6ff099,15.912,measured_angular,/odom,0.03776637837281816,0.5
81d9b0fd-23f8-402e-847e-4c99ab6ff099,15.948,measured_angular,/odom,0.042462302729980306,0.5
81d9b0fd-23f8-402e-847e-4c99ab6ff099,15.984000000000002,measured_angular,/odom,0.03810655746996915,0.5
81d9b0fd-23f8-402e-847e-4c99ab6ff099,16.02,measured_angular,/odom,0.036873336881513064,0.5
81d9b0fd-23f8-402e-847e-4c99ab6ff099,16.056,measured_angular,/odom,0.034454064824043604,0.5
81d9b0fd-23f8-402e-847e-4c99ab6ff099,16.092000000000002,measured_angular,/odom,0.028906155377898625,0.5
81d9b0fd-23f8-402e-847e-4c99ab6ff099,16.128,measured_angular,/odom,0.028906155377808364,0.5
81d9b0fd-23f8-402e-847e-4c99ab6ff099,16.164,measured_angular,/odom,0.03010175302223466,0.5
81d9b0fd-23f8-402e-847e-4c99ab6ff099,16.2,measured_angular,/odom,0.027538100265602196,0.5
81d9b0fd-23f8-402e-847e-4c99ab6ff099,16.236,measured_angular,/odom,0.02531516925194316,0.5
81d9b0fd-23f8-402e-847e-4c99ab6ff099,16.272000000000002,measured_angular,/odom,0.025068176910407032,0.5
81d9b0fd-23f8-402e-847e-4c99ab6ff099,16.308,measured_angular,/odom,0.029470166363742518,0.5
81d9b0fd-23f8-402e-847e-4c99ab6ff099,16.344,measured_angular,/odom,0.030392535029392587,0.5
81d9b0fd-23f8-402e-847e-4c99ab6ff099,16.380000000000003,measured_angular,/odom,0.030500849708956466,0.5
81d9b0fd-23f8-402e-847e-4c99ab6ff099,16.416,measured_angular,/odom,0.018625438176565184,0.5
81d9b0fd-23f8-402e-847e-4c99ab6ff099,16.452,measured_angular,/odom,0.01240130979577207,0.5
81d9b0fd-23f8-402e-847e-4c99ab6ff099,16.488,measured_angular,/odom,0.009767214775760914,0.5
81d9b0fd-23f8-402e-847e-4c99ab6ff099,16.524,measured_angular,/odom,0.009767214767817856,0.5
81d9b0fd-23f8-402e-847e-4c99ab6ff099,16.560000000000002,measured_angular,/odom,0.01906040587022608,0.5
81d9b0fd-23f8-402e-847e-4c99ab6ff099,16.596,measured_angular,/odom,0.013591806334881416,0.5
81d9b0fd-23f8-402e-847e-4c99ab6ff099,16.632,measured_angular,/odom,0.00829634349808812,0.5
81d9b0fd-23f8-402e-847e-4c99ab6ff099,16.668000000000003,measured_angular,/odom,0.008296343498101015,0.5
81d9b0fd-23f8-402e-847e-4c99ab6ff099,16.704,measured_angular,/odom,0.009460704583478842,0.5
81d9b0fd-23f8-402e-847e-4c99ab6ff099,16.740000000000002,measured_angular,/odom,0.009799346327677441,0.5
81d9b0fd-23f8-402e-847e-4c99ab6ff099,16.776,measured_angular,/odom,0.009799346327883754,0.5
81d9b0fd-23f8-402e-847e-4c99ab6ff099,16.812,measured_angular,/odom,0.009325329214388898,0.5
81d9b0fd-23f8-402e-847e-4c99ab6ff099,16.848000000000003,measured_angular,/odom,0.015956456467146274,0.5
81d9b0fd-23f8-402e-847e-4c99ab6ff099,16.884,measured_angular,/odom,0.022268258662269967,0.5
81d9b0fd-23f8-402e-847e-4c99ab6ff099,16.92,measured_angular,/odom,0.023727124556818177,0.5
81d9b0fd-23f8-402e-847e-4c99ab6ff099,16.956,measured_angular,/odom,0.015780788039116624,0.5
81d9b0fd-23f8-402e-847e-4c99ab6ff099,16.992,measured_angular,/odom,0.014543900266347184,0.5
81d9b0fd-23f8-402e-847e-4c99ab6ff099,17.028000000000002,measured_angular,/odom,0.014543900266347182,0.5
81d9b0fd-23f8-402e-847e-4c99ab6ff099,17.064,measured_angular,/odom,0.01735156214746132,0.5
81d9b0fd-23f8-402e-847e-4c99ab6ff099,17.1,measured_angular,/odom,0.011411143863843749,0.5
81d9b0fd-23f8-402e-847e-4c99ab6ff099,17.136000000000003,measured_angular,/odom,0.017833660236991615,0.5
81d9b0fd-23f8-402e-847e-4c99ab6ff099,17.172,measured_angular,/odom,0.018707131966883336,0.5
81d9b0fd-23f8-402e-847e-4c99ab6ff099,17.208000000000002,measured_angular,/odom,0.02949476227577047,0.5
81d9b0fd-23f8-402e-847e-4c99ab6ff099,17.244,measured_angular,/odom,0.030881268533195387,0.5
81d9b0fd-23f8-402e-847e-4c99ab6ff099,17.28,measured_angular,/odom,0.03071493469182467,0.5
81d9b0fd-23f8-402e-847e-4c99ab6ff099,17.316000000000003,measured_angular,/odom,0.029261271287940815,0.5
81d9b0fd-23f8-402e-847e-4c99ab6ff099,17.352,measured_angular,/odom,0.03144067898393607,0.5
81d9b0fd-23f8-402e-847e-4c99ab6ff099,17.388,measured_angular,/odom,0.02513012525144388,0.5
81d9b0fd-23f8-402e-847e-4c99ab6ff099,17.424,measured_angular,/odom,0.025095619261379643,0.5
81d9b0fd-23f8-402e-847e-4c99ab6ff099,17.46,measured_angular,/odom,0.029651643695614044,0.5
81d9b0fd-23f8-402e-847e-4c99ab6ff099,17.496000000000002,measured_angular,/odom,0.02830120679406648,0.5
81d9b0fd-23f8-402e-847e-4c99ab6ff099,17.532,measured_angular,/odom,0.0323650389910049,0.5
81d9b0fd-23f8-402e-847e-4c99ab6ff099,17.568,measured_angular,/odom,0.03236503899097912,0.5
81d9b0fd-23f8-402e-847e-4c99ab6ff099,17.604000000000003,measured_angular,/odom,0.029792875060531614,0.5
81d9b0fd-23f8-402e-847e-4c99ab6ff099,17.64,measured_angular,/odom,0.023957822486335132,0.5
81d9b0fd-23f8-402e-847e-4c99ab6ff099,17.676000000000002,measured_angular,/odom,0.023957822471918994,0.5
81d9b0fd-23f8-402e-847e-4c99ab6ff099,17.712,measured_angular,/odom,0.026314068586155197,0.5
81d9b0fd-23f8-402e-847e-4c99ab6ff099,17.748,measured_angular,/odom,0.025989893452496117,0.5
81d9b0fd-23f8-402e-847e-4c99ab6ff099,17.784000000000002,measured_angular,/odom,0.022969326387242493,0.5
81d9b0fd-23f8-402e-847e-4c99ab6ff099,17.82,measured_angular,/odom,0.02222318947321298,0.5
81d9b0fd-23f8-402e-847e-4c99ab6ff099,17.856,measured_angular,/odom,0.01761589536012904,0.5
81d9b0fd-23f8-402e-847e-4c99ab6ff099,17.892,measured_angular,/odom,0.02255404554289327,0.5
81d9b0fd-23f8-402e-847e-4c99ab6ff099,17.928,measured_angular,/odom,0.02255404554286748,0.5
81d9b0fd-23f8-402e-847e-4c99ab6ff099,17.964000000000002,measured_angular,/odom,0.0215010028370265,0.5
81d9b0fd-23f8-402e-847e-4c99ab6ff099,18.0,measured_angular,/odom,0.02685945106968373,0.5
81d9b0fd-23f8-402e-847e-4c99ab6ff099,18.036,measured_angular,/odom,0.02536864411545319,0.5
81d9b0fd-23f8-402e-847e-4c99ab6ff099,18.072000000000003,measured_angular,/odom,0.025202998891370586,0.5
81d9b0fd-23f8-402e-847e-4c99ab6ff099,18.108,measured_angular,/odom,0.02160383389420726,0.5
81d9b0fd-23f8-402e-847e-4c99ab6ff099,18.144000000000002,measured_angular,/odom,0.020627864453596583,0.5
81d9b0fd-23f8-402e-847e-4c99ab6ff099,18.18,measured_angular,/odom,0.020383872091857883,0.5
81d9b0fd-23f8-402e-847e-4c99ab6ff099,18.216,measured_angular,/odom,0.0203402895483991,0.5
81d9b0fd-23f8-402e-847e-4c99ab6ff099,18.252000000000002,measured_angular,/odom,0.020784119144135495,0.5
81d9b0fd-23f8-402e-847e-4c99ab6ff099,18.288,measured_angular,/odom,0.023534776448542172,0.5
81d9b0fd-23f8-402e-847e-4c99ab6ff099,18.324,measured_angular,/odom,0.023840405047136016,0.5
81d9b0fd-23f8-402e-847e-4c99ab6ff099,18.36,measured_angular,/odom,0.014457806697952002,0.5
81d9b0fd-23f8-402e-847e-4c99ab6ff099,18.396,measured_angular,/odom,0.011264829067070308,0.5
81d9b0fd-23f8-402e-847e-4c99ab6ff099,18.432000000000002,measured_angular,/odom,0.017404954879276693,0.5
81d9b0fd-23f8-402e-847e-4c99ab6ff099,18.468,measured_angular,/odom,0.01740495488059194,0.5
81d9b0fd-23f8-402e-847e-4c99ab6ff099,18.504,measured_angular,/odom,0.021348089711091645,0.5
81d9b0fd-23f8-402e-847e-4c99ab6ff099,18.540000000000003,measured_angular,/odom,0.017944680539208765,0.5
81d9b0fd-23f8-402e-847e-4c99ab6ff099,18.576,measured_angular,/odom,0.01794468052677839,0.5
81d9b0fd-23f8-402e-847e-4c99ab6ff099,18.612000000000002,measured_angular,/odom,0.018952365964645612,0.5
81d9b0fd-23f8-402e-847e-4c99ab6ff099,18.648,measured_angular,/odom,0.013903065600578307,0.5
81d9b0fd-23f8-402e-847e-4c99ab6ff099,18.684,measured_angular,/odom,0.004386635140173243,0.5
81d9b0fd-23f8-402e-847e-4c99ab6ff099,18.720000000000002,measured_angular,/odom,0.00140575063426162,0.5
81d9b0fd-23f8-402e-847e-4c99ab6ff099,18.756,measured_angular,/odom,-0.0036838744373483487,0.5
81d9b0fd-23f8-402e-847e-4c99ab6ff099,18.792,measured_angular,/odom,-0.007964465767113094,0.5
81d9b0fd-23f8-402e-847e-4c99ab6ff099,18.828,measured_angular,/odom,-0.007964465767138882,0.5
81d9b0fd-23f8-402e-847e-4c99ab6ff099,18.864,measured_angular,/odom,-0.0075771395131678885,0.5
81d9b0fd-23f8-402e-847e-4c99ab6ff099,18.900000000000002,measured_angular,/odom,-0.0003367308725570103,0.5
81d9b0fd-23f8-402e-847e-4c99ab6ff099,18.936,measured_angular,/odom,0.005221928924578073,0.5
81d9b0fd-23f8-402e-847e-4c99ab6ff099,18.972,measured_angular,/odom,0.005829827860000556,0.5
81d9b0fd-23f8-402e-847e-4c99ab6ff099,19.008000000000003,measured_angular,/odom,0.006093035125197777,0.5
81d9b0fd-23f8-402e-847e-4c99ab6ff099,19.044,measured_angular,/odom,0.009872254809484466,0.5
81d9b0fd-23f8-402e-847e-4c99ab6ff099,19.080000000000002,measured_angular,/odom,0.010809748433550197,0.5
81d9b0fd-23f8-402e-847e-4c99ab6ff099,19.116,measured_angular,/odom,0.010015319197127765,0.5
81d9b0fd-23f8-402e-847e-4c99ab6ff099,19.152,measured_angular,/odom,0.006789898499997347,0.5
81d9b0fd-23f8-402e-847e-4c99ab6ff099,19.188000000000002,measured_angular,/odom,0.004897932807328377,0.5
81d9b0fd-23f8-402e-847e-4c99ab6ff099,19.224,measured_angular,/odom,0.004687714390464187,0.5
81d9b0fd-23f8-402e-847e-4c99ab6ff099,19.26,measured_angular,/odom,0.011743417636258186,0.5
81d9b0fd-23f8-402e-847e-4c99ab6ff099,19.296000000000003,measured_angular,/odom,0.01274278843522674,0.5
81d9b0fd-23f8-402e-847e-4c99ab6ff099,19.332,measured_angular,/odom,0.007913748733829992,0.5
81d9b0fd-23f8-402e-847e-4c99ab6ff099,19.368000000000002,measured_angular,/odom,0.007913748733829992,0.5
81d9b0fd-23f8-402e-847e-4c99ab6ff099,19.404,measured_angular,/odom,0.00531538260127618,0.5
81d9b0fd-23f8-402e-847e-4c99ab6ff099,19.44,measured_angular,/odom,-0.002750271578422032,0.5
81d9b0fd-23f8-402e-847e-4c99ab6ff099,19.476000000000003,measured_angular,/odom,-0.0029076118951943267,0.5
81d9b0fd-23f8-402e-847e-4c99ab6ff099,19.512,measured_angular,/odom,0.0043881903365114525,0.5
81d9b0fd-23f8-402e-847e-4c99ab6ff099,19.548000000000002,measured_angular,/odom,0.008997307097783395,0.5
81d9b0fd-23f8-402e-847e-4c99ab6ff099,19.584,measured_angular,/odom,0.005195858345097837,0.5
81d9b0fd-23f8-402e-847e-4c99ab6ff099,19.62,measured_angular,/odom,0.004117465112571916,0.5
81d9b0fd-23f8-402e-847e-4c99ab6ff099,19.656000000000002,measured_angular,/odom,0.008939571896752475,0.5
81d9b0fd-23f8-402e-847e-4c99ab6ff099,19.692,measured_angular,/odom,0.015423296018732264,0.5
81d9b0fd-23f8-402e-847e-4c99ab6ff099,19.728,measured_angular,/odom,0.015423296019248045,0.5
81d9b0fd-23f8-402e-847e-4c99ab6ff099,19.764000000000003,measured_angular,/odom,0.015861148758008915,0.5
81d9b0fd-23f8-402e-847e-4c99ab6ff099,19.8,measured_angular,/odom,0.02360411162557929,0.5
81d9b0fd-23f8-402e-847e-4c99ab6ff099,19.836000000000002,measured_angular,/odom,0.01953770165732404,0.5
81d9b0fd-23f8-402e-847e-4c99ab6ff099,19.872,measured_angular,/odom,0.019065711647414184,0.5
81d9b0fd-23f8-402e-847e-4c99ab6ff099,19.911,measured_angular,/odom,0.008296132186051726,0.5
81d9b0fd-23f8-402e-847e-4c99ab6ff099,19.944000000000003,measured_angular,/odom,0.005176581167334364,0.5
81d9b0fd-23f8-402e-847e-4c99ab6ff099,19.98,measured_angular,/odom,0.004907719790992188,0.5
81d9b0fd-23f8-402e-847e-4c99ab6ff099,20.016000000000002,measured_angular,/odom,-0.0007696485846629023,0.5
81d9b0fd-23f8-402e-847e-4c99ab6ff099,20.052,measured_angular,/odom,0.00549165717997556,0.5
81d9b0fd-23f8-402e-847e-4c99ab6ff099,20.088,measured_angular,/odom,0.004411889522859497,0.5
81d9b0fd-23f8-402e-847e-4c99ab6ff099,20.124000000000002,measured_angular,/odom,0.0042919153346034945,0.5
81d9b0fd-23f8-402e-847e-4c99ab6ff099,20.16,measured_angular,/odom,-0.0032300583049917108,0.5
81d9b0fd-23f8-402e-847e-4c99ab6ff099,20.196,measured_angular,/odom,-0.007963535011885398,0.5
81d9b0fd-23f8-402e-847e-4c99ab6ff099,20.232000000000003,measured_angular,/odom,-0.011411769315476415,0.5
81d9b0fd-23f8-402e-847e-4c99ab6ff099,20.268,measured_angular,/odom,-0.011411769315631152,0.5
81d9b0fd-23f8-402e-847e-4c99ab6ff099,20.304000000000002,measured_angular,/odom,-0.005003265925449817,0.5
81d9b0fd-23f8-402e-847e-4c99ab6ff099,20.34,measured_angular,/odom,-0.005689980920912865,0.5
81d9b0fd-23f8-402e-847e-4c99ab6ff099,20.376,measured_angular,/odom,-0.005689980928004881,0.5
81d9b0fd-23f8-402e-847e-4c99ab6ff099,20.412000000000003,measured_angular,/odom,0.004769337816690961,0.5
81d9b0fd-23f8-402e-847e-4c99ab6ff099,20.448,measured_angular,/odom,0.003852011662229469,0.5
81d9b0fd-23f8-402e-847e-4c99ab6ff099,20.484,measured_angular,/odom,0.006474428381392647,0.5
81d9b0fd-23f8-402e-847e-4c99ab6ff099,20.52,measured_angular,/odom,0.007155513856518904,0.5
81d9b0fd-23f8-402e-847e-4c99ab6ff099,20.556,measured_angular,/odom,0.003848156948700841,0.5
81d9b0fd-23f8-402e-847e-4c99ab6ff099,20.592000000000002,measured_angular,/odom,0.012713538473785544,0.5
81d9b0fd-23f8-402e-847e-4c99ab6ff099,20.628,measured_angular,/odom,0.012713538482863326,0.5
81d9b0fd-23f8-402e-847e-4c99ab6ff099,20.664,measured_angular,/odom,0.012459282205403925,0.5
81d9b0fd-23f8-402e-847e-4c99ab6ff099,20.700000000000003,measured_angular,/odom,0.008785219873526203,0.5
81d9b0fd-23f8-402e-847e-4c99ab6ff099,20.736,measured_angular,/odom,0.01363707611728084,0.5
81d9b0fd-23f8-402e-847e-4c99ab6ff099,20.772000000000002,measured_angular,/odom,0.014176171273072594,0.5
81d9b0fd-23f8-402e-847e-4c99ab6ff099,20.808,measured_angular,/odom,0.01916345021215869,0.5
81d9b0fd-23f8-402e-847e-4c99ab6ff099,20.844,measured_angular,/odom,0.015500834224347119,0.5
81d9b0fd-23f8-402e-847e-4c99ab6ff099,20.880000000000003,measured_angular,/odom,0.014585180208091044,0.5
81d9b0fd-23f8-402e-847e-4c99ab6ff099,20.916,measured_angular,/odom,0.01646923757522345,0.5
81d9b0fd-23f8-402e-847e-4c99ab6ff099,20.952,measured_angular,/odom,0.005192090772703625,0.5
81d9b0fd-23f8-402e-847e-4c99ab6ff099,20.988,measured_angular,/odom,0.003335176739299773,0.5
81d9b0fd-23f8-402e-847e-4c99ab6ff099,21.024,measured_angular,/odom,0.003335176734348256,0.5
81d9b0fd-23f8-402e-847e-4c99ab6ff099,21.060000000000002,measured_angular,/odom,0.010261492941750838,0.5
81d9b0fd-23f8-402e-847e-4c99ab6ff099,21.096,measured_angular,/odom,0.010338249523355115,0.5
81d9b0fd-23f8-402e-847e-4c99ab6ff099,21.132,measured_angular,/odom,0.008504837751309122,0.5
81d9b0fd-23f8-402e-847e-4c99ab6ff099,21.168000000000003,measured_angular,/odom,0.008504837751309122,0.5
81d9b0fd-23f8-402e-847e-4c99ab6ff099,21.204,measured_angular,/odom,0.007416632030163133,0.5
81d9b0fd-23f8-402e-847e-4c99ab6ff099,21.240000000000002,measured_angular,/odom,0.008685545991576461,0.5
81d9b0fd-23f8-402e-847e-4c99ab6ff099,21.276,measured_angular,/odom,0.008685545995960617,0.5
81d9b0fd-23f8-402e-847e-4c99ab6ff099,21.312,measured_angular,/odom,0.00729547161626367,0.5
81d9b0fd-23f8-402e-847e-4c99ab6ff099,21.348000000000003,measured_angular,/odom,0.008824000503053332,0.5
81d9b0fd-23f8-402e-847e-4c99ab6ff099,21.384,measured_angular,/odom,0.011606504572329056,0.5
81d9b0fd-23f8-402e-847e-4c99ab6ff099,21.42,measured_angular,/odom,0.012259671464511051,0.5
81d9b0fd-23f8-402e-847e-4c99ab6ff099,21.456000000000003,measured_angular,/odom,0.004898399609535022,0.5
81d9b0fd-23f8-402e-847e-4c99ab6ff099,21.492,measured_angular,/odom,0.0010429249377903235,0.5
81d9b0fd-23f8-402e-847e-4c99ab6ff099,21.528000000000002,measured_angular,/odom,0.0010429249378419016,0.5
81d9b0fd-23f8-402e-847e-4c99ab6ff099,21.564,measured_angular,/odom,0.0004956896670130923,0.5
81d9b0fd-23f8-402e-847e-4c99ab6ff099,21.6,measured_angular,/odom,-0.00022620643546453746,0.5
81d9b0fd-23f8-402e-847e-4c99ab6ff099,21.636000000000003,measured_angular,/odom,0.00514011201556827,0.5
81d9b0fd-23f8-402e-847e-4c99ab6ff099,21.672,measured_angular,/odom,0.005736369639743732,0.5
81d9b0fd-23f8-402e-847e-4c99ab6ff099,21.708000000000002,measured_angular,/odom,0.014276894428118154,0.5
81d9b0fd-23f8-402e-847e-4c99ab6ff099,21.744,measured_angular,/odom,0.023209390290648266,0.5
81d9b0fd-23f8-402e-847e-4c99ab6ff099,21.78,measured_angular,/odom,0.025586832314616968,0.5
81d9b0fd-23f8-402e-847e-4c99ab6ff099,21.816000000000003,measured_angular,/odom,0.02338145301429915,0.5
81d9b0fd-23f8-402e-847e-4c99ab6ff099,21.852,measured_angular,/odom,0.014594987973402005,0.5
81d9b0fd-23f8-402e-847e-4c99ab6ff099,21.888,measured_angular,/odom,0.011938780461156106,0.5
81d9b0fd-23f8-402e-847e-4c99ab6ff099,21.924000000000003,measured_angular,/odom,0.01164364628508257,0.5
81d9b0fd-23f8-402e-847e-4c99ab6ff099,21.96,measured_angular,/odom,0.011074045674630875,0.5
81d9b0fd-23f8-402e-847e-4c99ab6ff099,21.996000000000002,measured_angular,/odom,0.010846421682347212,0.5
81d9b0fd-23f8-402e-847e-4c99ab6ff099,22.032,measured_angular,/odom,0.014099473133763063,0.5
81d9b0fd-23f8-402e-847e-4c99ab6ff099,22.068,measured_angular,/odom,0.014099473133763063,0.5
81d9b0fd-23f8-402e-847e-4c99ab6ff099,22.104000000000003,measured_angular,/odom,0.012046943984848065,0.5
81d9b0fd-23f8-402e-847e-4c99ab6ff099,22.14,measured_angular,/odom,0.01245395280158672,0.5
81d9b0fd-23f8-402e-847e-4c99ab6ff099,22.176000000000002,measured_angular,/odom,0.012453952804114056,0.5
81d9b0fd-23f8-402e-847e-4c99ab6ff099,22.212,measured_angular,/odom,0.01635236665588042,0.5
81d9b0fd-23f8-402e-847e-4c99ab6ff099,22.248,measured_angular,/odom,0.014406047674404015,0.5
81d9b0fd-23f8-402e-847e-4c99ab6ff099,22.284000000000002,measured_angular,/odom,0.013395017201847501,0.5
81d9b0fd-23f8-402e-847e-4c99ab6ff099,22.32,measured_angular,/odom,0.013196323998235778,0.5
81d9b0fd-23f8-402e-847e-4c99ab6ff099,22.356,measured_angular,/odom,0.012495005970967909,0.5
81d9b0fd-23f8-402e-847e-4c99ab6ff099,22.392000000000003,measured_angular,/odom,0.013479859568093961,0.5
81d9b0fd-23f8-402e-847e-4c99ab6ff099,22.428,measured_angular,/odom,0.013479859568093961,0.5
81d9b0fd-23f8-402e-847e-4c99ab6ff099,22.464000000000002,measured_angular,/odom,0.010585315722136248,0.5
81d9b0fd-23f8-402e-847e-4c99ab6ff099,22.5,measured_angular,/odom,0.010531687176165214,0.5
81d9b0fd-23f8-402e-847e-4c99ab6ff099,22.536,measured_angular,/odom,0.010920109598511014,0.5
81d9b0fd-23f8-402e-847e-4c99ab6ff099,22.572000000000003,measured_angular,/odom,0.010963267646765034,0.5
81d9b0fd-23f8-402e-847e-4c99ab6ff099,22.611,measured_angular,/odom,0.018954280080743135,0.5
81d9b0fd-23f8-402e-847e-4c99ab6ff099,22.644000000000002,measured_angular,/odom,0.017155879746632317,0.5
81d9b0fd-23f8-402e-847e-4c99ab6ff099,22.68,measured_angular,/odom,0.0163943413647098,0.5
81d9b0fd-23f8-402e-847e-4c99ab6ff099,22.716,measured_angular,/odom,0.020480802456483087,0.5
81d9b0fd-23f8-402e-847e-4c99ab6ff099,22.752000000000002,measured_angular,/odom,0.016336765140549776,0.5
81d9b0fd-23f8-402e-847e-4c99ab6ff099,22.788,measured_angular,/odom,0.01849292255259114,0.5
81d9b0fd-23f8-402e-847e-4c99ab6ff099,22.824,measured_angular,/odom,0.018732495605998507,0.5
81d9b0fd-23f8-402e-847e-4c99ab6ff099,22.860000000000003,measured_angular,/odom,0.01885456405532053,0.5
81d9b0fd-23f8-402e-847e-4c99ab6ff099,22.896,measured_angular,/odom,0.013344963755855074,0.5
81d9b0fd-23f8-402e-847e-4c99ab6ff099,22.932000000000002,measured_angular,/odom,0.008912776596691879,0.5
81d9b0fd-23f8-402e-847e-4c99ab6ff099,22.968,measured_angular,/odom,0.00891277659697556,0.5
81d9b0fd-23f8-402e-847e-4c99ab6ff099,23.004,measured_angular,/odom,0.005798803839791361,0.5
81d9b0fd-23f8-402e-847e-4c99ab6ff099,23.040000000000003,measured_angular,/odom,0.02090627879857557,0.5
81d9b0fd-23f8-402e-847e-4c99ab6ff099,23.076,measured_angular,/odom,0.022627770900832133,0.5
81d9b0fd-23f8-402e-847e-4c99ab6ff099,23.112000000000002,measured_angular,/odom,0.0574943183231534,0.5
81d9b0fd-23f8-402e-847e-4c99ab6ff099,23.148,measured_angular,/odom,0.0813264035100673,0.5
81d9b0fd-23f8-402e-847e-4c99ab6ff099,23.184,measured_angular,/odom,0.08251908868386762,0.5
81d9b0fd-23f8-402e-847e-4c99ab6ff099,23.220000000000002,measured_angular,/odom,0.08262774348253743,0.5
81d9b0fd-23f8-402e-847e-4c99ab6ff099,23.256,measured_angular,/odom,0.07106479998574486,0.5
81d9b0fd-23f8-402e-847e-4c99ab6ff099,23.292,measured_angular,/odom,0.05636278077099466,0.5
81d9b0fd-23f8-402e-847e-4c99ab6ff099,23.328000000000003,measured_angular,/odom,0.0563274584713089,0.5
81d9b0fd-23f8-402e-847e-4c99ab6ff099,23.364,measured_angular,/odom,0.04873137412193921,0.5
81d9b0fd-23f8-402e-847e-4c99ab6ff099,23.400000000000002,measured_angular,/odom,0.039280096560354145,0.5
81d9b0fd-23f8-402e-847e-4c99ab6ff099,23.436,measured_angular,/odom,0.03457367086369858,0.5
81d9b0fd-23f8-402e-847e-4c99ab6ff099,23.472,measured_angular,/odom,0.034063734114529044,0.5
81d9b0fd-23f8-402e-847e-4c99ab6ff099,23.511000000000003,measured_angular,/odom,0.025020786875601907,0.5
81d9b0fd-23f8-402e-847e-4c99ab6ff099,23.544,measured_angular,/odom,0.025660593055247583,0.5
81d9b0fd-23f8-402e-847e-4c99ab6ff099,23.580000000000002,measured_angular,/odom,0.02619822882132612,0.5
81d9b0fd-23f8-402e-847e-4c99ab6ff099,23.616000000000003,measured_angular,/odom,0.01365234485178316,0.5
81d9b0fd-23f8-402e-847e-4c99ab6ff099,23.652,measured_angular,/odom,0.004349680153702641,0.5
81d9b0fd-23f8-402e-847e-4c99ab6ff099,23.688000000000002,measured_angular,/odom,-9.522986245226938e-06,0.5
81d9b0fd-23f8-402e-847e-4c99ab6ff099,23.724,measured_angular,/odom,-0.0004938789060255594,0.5
81d9b0fd-23f8-402e-847e-4c99ab6ff099,23.76,measured_angular,/odom,0.0027325088064486442,0.5
81d9b0fd-23f8-402e-847e-4c99ab6ff099,23.796000000000003,measured_angular,/odom,0.00028034391775361774,0.5
81d9b0fd-23f8-402e-847e-4c99ab6ff099,23.832,measured_angular,/odom,0.005785885732428093,0.5
81d9b0fd-23f8-402e-847e-4c99ab6ff099,23.868000000000002,measured_angular,/odom,0.005785885732376514,0.5
81d9b0fd-23f8-402e-847e-4c99ab6ff099,23.904,measured_angular,/odom,0.004179403186160494,0.5
81d9b0fd-23f8-402e-847e-4c99ab6ff099,23.94,measured_angular,/odom,0.007536114183641263,0.5
81d9b0fd-23f8-402e-847e-4c99ab6ff099,23.976000000000003,measured_angular,/odom,0.007536114193183249,0.5
81d9b0fd-23f8-402e-847e-4c99ab6ff099,24.012,measured_angular,/odom,0.00924542639406275,0.5
81d9b0fd-23f8-402e-847e-4c99ab6ff099,24.048000000000002,measured_angular,/odom,0.007608255888562397,0.5
81d9b0fd-23f8-402e-847e-4c99ab6ff099,24.084000000000003,measured_angular,/odom,0.0076689039346004555,0.5
81d9b0fd-23f8-402e-847e-4c99ab6ff099,24.12,measured_angular,/odom,0.007729542907086176,0.5
81d9b0fd-23f8-402e-847e-4c99ab6ff099,24.156000000000002,measured_angular,/odom,0.011039266026686177,0.5
81d9b0fd-23f8-402e-847e-4c99ab6ff099,24.192,measured_angular,/odom,0.009518727660053274,0.5
81d9b0fd-23f8-402e-847e-4c99ab6ff099,24.228,measured_angular,/odom,0.009518727660104852,0.5
81d9b0fd-23f8-402e-847e-4c99ab6ff099,24.264000000000003,measured_angular,/odom,0.007242989548327097,0.5
81d9b0fd-23f8-402e-847e-4c99ab6ff099,24.3,measured_angular,/odom,-0.0008756573859613212,0.5
81d9b0fd-23f8-402e-847e-4c99ab6ff099,24.336000000000002,measured_angular,/odom,0.001897957411365855,0.5
81d9b0fd-23f8-402e-847e-4c99ab6ff099,24.372,measured_angular,/odom,0.0022252690978568266,0.5
81d9b0fd-23f8-402e-847e-4c99ab6ff099,24.408,measured_angular,/odom,0.003659132560353614,0.5
81d9b0fd-23f8-402e-847e-4c99ab6ff099,24.444000000000003,measured_angular,/odom,0.00498862457024196,0.5
81d9b0fd-23f8-402e-847e-4c99ab6ff099,24.48,measured_angular,/odom,0.005281168036064961,0.5
81d9b0fd-23f8-402e-847e-4c99ab6ff099,24.516000000000002,measured_angular,/odom,-0.0004953010702573378,0.5
81d9b0fd-23f8-402e-847e-4c99ab6ff099,24.552000000000003,measured_angular,/odom,-0.007201929110634256,0.5
81d9b0fd-23f8-402e-847e-4c99ab6ff099,24.588,measured_angular,/odom,-0.017254751509493405,0.5
81d9b0fd-23f8-402e-847e-4c99ab6ff099,24.624000000000002,measured_angular,/odom,-0.019017957150709253,0.5
81d9b0fd-23f8-402e-847e-4c99ab6ff099,24.66,measured_angular,/odom,-0.02009129710209669,0.5
81d9b0fd-23f8-402e-847e-4c99ab6ff099,24.696,measured_angular,/odom,-0.023124882196410516,0.5
81d9b0fd-23f8-402e-847e-4c99ab6ff099,24.732000000000003,measured_angular,/odom,-0.02456631511477081,0.5
81d9b0fd-23f8-402e-847e-4c99ab6ff099,24.768,measured_angular,/odom,-0.024566315114616075,0.5
81d9b0fd-23f8-402e-847e-4c99ab6ff099,24.804000000000002,measured_angular,/odom,-0.0181646735694023,0.5
81d9b0fd-23f8-402e-847e-4c99ab6ff099,24.84,measured_angular,/odom,-0.018576057621429228,0.5
81d9b0fd-23f8-402e-847e-4c99ab6ff099,24.876,measured_angular,/odom,-0.018576057627721784,0.5
81d9b0fd-23f8-402e-847e-4c99ab6ff099,24.912000000000003,measured_angular,/odom,-0.019093075767211223,0.5
81d9b0fd-23f8-402e-847e-4c99ab6ff099,24.948,measured_angular,/odom,-0.021320269808689767,0.5
81d9b0fd-23f8-402e-847e-4c99ab6ff099,24.984,measured_angular,/odom,-0.0208003573149899,0.5
81d9b0fd-23f8-402e-847e-4c99ab6ff099,25.020000000000003,measured_angular,/odom,-0.02060851268519618,0.5
81d9b0fd-23f8-402e-847e-4c99ab6ff099,25.056,measured_angular,/odom,-0.01954618022141307,0.5
81d9b0fd-23f8-402e-847e-4c99ab6ff099,25.092000000000002,measured_angular,/odom,-0.02058897167444576,0.5
81d9b0fd-23f8-402e-847e-4c99ab6ff099,25.128,measured_angular,/odom,-0.02058897167444576,0.5
81d9b0fd-23f8-402e-847e-4c99ab6ff099,25.164,measured_angular,/odom,-0.02281387447565929,0.5
81d9b0fd-23f8-402e-847e-4c99ab6ff099,25.200000000000003,measured_angular,/odom,-0.016714364593738998,0.5
81d9b0fd-23f8-402e-847e-4c99ab6ff099,25.236,measured_angular,/odom,-0.013802204941690386,0.5
81d9b0fd-23f8-402e-847e-4c99ab6ff099,25.272000000000002,measured_angular,/odom,-0.013486727140729193,0.5
81d9b0fd-23f8-402e-847e-4c99ab6ff099,25.311,measured_angular,/odom,-0.010898475077416807,0.5
81d9b0fd-23f8-402e-847e-4c99ab6ff099,25.344,measured_angular,/odom,-0.011723010610827487,0.5
81d9b0fd-23f8-402e-847e-4c99ab6ff099,25.380000000000003,measured_angular,/odom,-0.012001040391932633,0.5
81d9b0fd-23f8-402e-847e-4c99ab6ff099,25.416,measured_angular,/odom,-0.010883740245814438,0.5
81d9b0fd-23f8-402e-847e-4c99ab6ff099,25.452,measured_angular,/odom,-0.004877564963047937,0.5
81d9b0fd-23f8-402e-847e-4c99ab6ff099,25.488000000000003,measured_angular,/odom,-0.0024542040032684382,0.5
81d9b0fd-23f8-402e-847e-4c99ab6ff099,25.524,measured_angular,/odom,-0.0021849416660770183,0.5
81d9b0fd-23f8-402e-847e-4c99ab6ff099,25.560000000000002,measured_angular,/odom,-0.006231688882972263,0.5
81d9b0fd-23f8-402e-847e-4c99ab6ff099,25.596,measured_angular,/odom,-0.009579655703461306,0.5
81d9b0fd-23f8-402e-847e-4c99ab6ff099,25.632,measured_angular,/odom,-0.011048050597743591,0.5
81d9b0fd-23f8-402e-847e-4c99ab6ff099,25.668000000000003,measured_angular,/odom,-0.011048050597743591,0.5
81d9b0fd-23f8-402e-847e-4c99ab6ff099,25.704,measured_angular,/odom,-0.01194009594296141,0.5
81d9b0fd-23f8-402e-847e-4c99ab6ff099,25.740000000000002,measured_angular,/odom,-0.011012724604225902,0.5
81d9b0fd-23f8-402e-847e-4c99ab6ff099,25.776000000000003,measured_angular,/odom,-0.011012724600821734,0.5
81d9b0fd-23f8-402e-847e-4c99ab6ff099,25.812,measured_angular,/odom,-0.004180442544616549,0.5
81d9b0fd-23f8-402e-847e-4c99ab6ff099,25.848000000000003,measured_angular,/odom,-0.003989637317842541,0.5
81d9b0fd-23f8-402e-847e-4c99ab6ff099,25.884,measured_angular,/odom,-0.006713364729322667,0.5
81d9b0fd-23f8-402e-847e-4c99ab6ff099,25.92,measured_angular,/odom,-0.007399596739447322,0.5
81d9b0fd-23f8-402e-847e-4c99ab6ff099,25.956000000000003,measured_angular,/odom,-0.010176955853593931,0.5
81d9b0fd-23f8-402e-847e-4c99ab6ff099,25.992,measured_angular,/odom,-0.010385226458846802,0.5
81d9b0fd-23f8-402e-847e-4c99ab6ff099,26.028000000000002,measured_angular,/odom,-0.010385226458846802,0.5
81d9b0fd-23f8-402e-847e-4c99ab6ff099,26.064,measured_angular,/odom,-0.010852757839497853,0.5
81d9b0fd-23f8-402e-847e-4c99ab6ff099,26.1,measured_angular,/odom,-0.005598443575187873,0.5
81d9b0fd-23f8-402e-847e-4c99ab6ff099,26.136000000000003,measured_angular,/odom,-0.004849486567225813,0.5
81d9b0fd-23f8-402e-847e-4c99ab6ff099,26.172,measured_angular,/odom,-0.004766269120974017,0.5
81d9b0fd-23f8-402e-847e-4c99ab6ff099,26.208000000000002,measured_angular,/odom,-0.009353718659242435,0.5
81d9b0fd-23f8-402e-847e-4c99ab6ff099,26.244000000000003,measured_angular,/odom,-0.016082031065936357,0.5
81d9b0fd-23f8-402e-847e-4c99ab6ff099,26.28,measured_angular,/odom,-0.017890000715989486,0.5
81d9b0fd-23f8-402e-847e-4c99ab6ff099,26.316000000000003,measured_angular,/odom,-0.013623765404083287,0.5
81d9b0fd-23f8-402e-847e-4c99ab6ff099,26.352,measured_angular,/odom,-0.008750308305013348,0.5
81d9b0fd-23f8-402e-847e-4c99ab6ff099,26.388,measured_angular,/odom,-0.008846095856294277,0.5
81d9b0fd-23f8-402e-847e-4c99ab6ff099,26.424000000000003,measured_angular,/odom,-0.008856738917690985,0.5
81d9b0fd-23f8-402e-847e-4c99ab6ff099,26.46,measured_angular,/odom,-0.008075347172577067,0.5
81d9b0fd-23f8-402e-847e-4c99ab6ff099,26.496000000000002,measured_angular,/odom,0.005030473260814984,0.5
81d9b0fd-23f8-402e-847e-4c99ab6ff099,26.532,measured_angular,/odom,0.02142314302345006,0.5
81d9b0fd-23f8-402e-847e-4c99ab6ff099,26.568,measured_angular,/odom,0.02157284505643704,0.5
81d9b0fd-23f8-402e-847e-4c99ab6ff099,26.604000000000003,measured_angular,/odom,0.02005358674100145,0.5
81d9b0fd-23f8-402e-847e-4c99ab6ff099,26.64,measured_angular,/odom,0.018076833342066265,0.5
81d9b0fd-23f8-402e-847e-4c99ab6ff099,26.676000000000002,measured_angular,/odom,0.018076833337785266,0.5
81d9b0fd-23f8-402e-847e-4c99ab6ff099,26.712000000000003,measured_angular,/odom,0.014374465681969168,0.5
81d9b0fd-23f8-402e-847e-4c99ab6ff099,26.748,measured_angular,/odom,0.017646303855543596,0.5
81d9b0fd-23f8-402e-847e-4c99ab6ff099,26.784000000000002,measured_angular,/odom,0.013992024227235103,0.5
81d9b0fd-23f8-402e-847e-4c99ab6ff099,26.82,measured_angular,/odom,0.012987569905839182,0.5
81d9b0fd-23f8-402e-847e-4c99ab6ff099,26.856,measured_angular,/odom,0.014887445600107546,0.5
81d9b0fd-23f8-402e-847e-4c99ab6ff099,26.892000000000003,measured_angular,/odom,0.013789855875128177,0.5
81d9b0fd-23f8-402e-847e-4c99ab6ff099,26.928,measured_angular,/odom,0.013789855875179755,0.5
81d9b0fd-23f8-402e-847e-4c99ab6ff099,26.964000000000002,measured_angular,/odom,0.012622273158748632,0.5
81d9b0fd-23f8-402e-847e-4c99ab6ff099,27.0,measured_angular,/odom,0.011625462213386752,0.5
81d9b0fd-23f8-402e-847e-4c99ab6ff099,27.036,measured_angular,/odom,0.016172125828352125,0.5
81d9b0fd-23f8-402e-847e-4c99ab6ff099,27.072000000000003,measured_angular,/odom,0.01667731069042001,0.5
81d9b0fd-23f8-402e-847e-4c99ab6ff099,27.108,measured_angular,/odom,0.0164429007100789,0.5
81d9b0fd-23f8-402e-847e-4c99ab6ff099,27.144000000000002,measured_angular,/odom,0.01579962372955076,0.5
81d9b0fd-23f8-402e-847e-4c99ab6ff099,27.180000000000003,measured_angular,/odom,0.015645315870403253,0.5
81d9b0fd-23f8-402e-847e-4c99ab6ff099,27.216,measured_angular,/odom,0.01394984294216039,0.5
81d9b0fd-23f8-402e-847e-4c99ab6ff099,27.252000000000002,measured_angular,/odom,0.010175703093870638,0.5
81d9b0fd-23f8-402e-847e-4c99ab6ff099,27.288,measured_angular,/odom,0.009405207543014599,0.5
81d9b0fd-23f8-402e-847e-4c99ab6ff099,27.324,measured_angular,/odom,0.009319596923633783,0.5
81d9b0fd-23f8-402e-847e-4c99ab6ff099,27.360000000000003,measured_angular,/odom,0.008294194008442609,0.5
81d9b0fd-23f8-402e-847e-4c99ab6ff099,27.396,measured_angular,/odom,0.006105580187360689,0.5
81d9b0fd-23f8-402e-847e-4c99ab6ff099,27.432000000000002,measured_angular,/odom,0.0005502610000636579,0.5
81d9b0fd-23f8-402e-847e-4c99ab6ff099,27.468,measured_angular,/odom,0.0005502610001152362,0.5
81d9b0fd-23f8-402e-847e-4c99ab6ff099,27.504,measured_angular,/odom,-0.00014326870225731182,0.5
81d9b0fd-23f8-402e-847e-4c99ab6ff099,27.540000000000003,measured_angular,/odom,0.002029229880373916,0.5
81d9b0fd-23f8-402e-847e-4c99ab6ff099,27.576,measured_angular,/odom,0.0020292298869759393,0.5
81d9b0fd-23f8-402e-847e-4c99ab6ff099,27.612000000000002,measured_angular,/odom,0.009855047794113251,0.5
81d9b0fd-23f8-402e-847e-4c99ab6ff099,27.648000000000003,measured_angular,/odom,0.008356761657890956,0.5
81d9b0fd-23f8-402e-847e-4c99ab6ff099,27.684,measured_angular,/odom,0.00820367410776956,0.5
81d9b0fd-23f8-402e-847e-4c99ab6ff099,27.720000000000002,measured_angular,/odom,0.008207021281024346,0.5
81d9b0fd-23f8-402e-847e-4c99ab6ff099,27.756,measured_angular,/odom,0.007374272917430026,0.5
81d9b0fd-23f8-402e-847e-4c99ab6ff099,27.792,measured_angular,/odom,0.009586597792692815,0.5
81d9b0fd-23f8-402e-847e-4c99ab6ff099,27.828000000000003,measured_angular,/odom,0.009586597792692815,0.5
81d9b0fd-23f8-402e-847e-4c99ab6ff099,27.864,measured_angular,/odom,0.01139224748404151,0.5
81d9b0fd-23f8-402e-847e-4c99ab6ff099,27.900000000000002,measured_angular,/odom,0.009472571319824508,0.5
81d9b0fd-23f8-402e-847e-4c99ab6ff099,27.936000000000003,measured_angular,/odom,0.005734787752947702,0.5
81d9b0fd-23f8-402e-847e-4c99ab6ff099,27.972,measured_angular,/odom,0.00531947845576154,0.5
81d9b0fd-23f8-402e-847e-4c99ab6ff099,28.008000000000003,measured_angular,/odom,-0.001016233091019024,0.5
81d9b0fd-23f8-402e-847e-4c99ab6ff099,28.044,measured_angular,/odom,-0.0028300563302560435,0.5
81d9b0fd-23f8-402e-847e-4c99ab6ff099,28.080000000000002,measured_angular,/odom,-0.003075030166594364,0.5
81d9b0fd-23f8-402e-847e-4c99ab6ff099,28.116000000000003,measured_angular,/odom,-0.00035334085070664846,0.5
81d9b0fd-23f8-402e-847e-4c99ab6ff099,28.152,measured_angular,/odom,0.0006149382680700468,0.5
81d9b0fd-23f8-402e-847e-4c99ab6ff099,28.188000000000002,measured_angular,/odom,0.0056269024353885425,0.5
81d9b0fd-23f8-402e-847e-4c99ab6ff099,28.224,measured_angular,/odom,0.005626902449624154,0.5
81d9b0fd-23f8-402e-847e-4c99ab6ff099,28.26,measured_angular,/odom,0.005535016302513915,0.5
81d9b0fd-23f8-402e-847e-4c99ab6ff099,28.296000000000003,measured_angular,/odom,0.0038805153734287777,0.5
81d9b0fd-23f8-402e-847e-4c99ab6ff099,28.332,measured_angular,/odom,-0.0002712635903486744,0.5
81d9b0fd-23f8-402e-847e-4c99ab6ff099,28.368000000000002,measured_angular,/odom,-0.0002712635907097225,0.5
81d9b0fd-23f8-402e-847e-4c99ab6ff099,28.404000000000003,measured_angular,/odom,-0.0009404459129114381,0.5
81d9b0fd-23f8-402e-847e-4c99ab6ff099,28.44,measured_angular,/odom,0.004945260555320808,0.5
81d9b0fd-23f8-402e-847e-4c99ab6ff099,28.476000000000003,measured_angular,/odom,0.004951149690777041,0.5
81d9b0fd-23f8-402e-847e-4c99ab6ff099,28.512,measured_angular,/odom,0.00797353498658839,0.5
81d9b0fd-23f8-402e-847e-4c99ab6ff099,28.548000000000002,measured_angular,/odom,0.004230543959232498,0.5
81d9b0fd-23f8-402e-847e-4c99ab6ff099,28.584000000000003,measured_angular,/odom,0.004314719836960175,0.5
81d9b0fd-23f8-402e-847e-4c99ab6ff099,28.62,measured_angular,/odom,0.004439735784844368,0.5
81d9b0fd-23f8-402e-847e-4c99ab6ff099,28.656000000000002,measured_angular,/odom,0.0009277240246892467,0.5
81d9b0fd-23f8-402e-847e-4c99ab6ff099,28.692,measured_angular,/odom,0.0003837486145087296,0.5
81d9b0fd-23f8-402e-847e-4c99ab6ff099,28.728,measured_angular,/odom,0.0003837486145603079,0.5
81d9b0fd-23f8-402e-847e-4c99ab6ff099,28.764000000000003,measured_angular,/odom,-0.003767830689287311,0.5
81d9b0fd-23f8-402e-847e-4c99ab6ff099,28.8,measured_angular,/odom,-0.006744991516252123,0.5
81d9b0fd-23f8-402e-847e-4c99ab6ff099,28.836000000000002,measured_angular,/odom,-0.0037510002362926855,0.5
81d9b0fd-23f8-402e-847e-4c99ab6ff099,28.872000000000003,measured_angular,/odom,-0.003418334527040376,0.5
81d9b0fd-23f8-402e-847e-4c99ab6ff099,28.911,measured_angular,/odom,-0.0073540590347265875,0.5
81d9b0fd-23f8-402e-847e-4c99ab6ff099,28.944000000000003,measured_angular,/odom,-0.0017374085549265433,0.5
81d9b0fd-23f8-402e-847e-4c99ab6ff099,28.98,measured_angular,/odom,-2.0631322176541818e-12,0.5
81d9b0fd-23f8-402e-847e-4c99ab6ff099,29.016000000000002,measured_angular,/odom,-5.157830544135454e-13,0.5
81d9b0fd-23f8-402e-847e-4c99ab6ff099,29.052000000000003,measured_angular,/odom,0.0,0.5
81d9b0fd-23f8-402e-847e-4c99ab6ff099,29.088,measured_angular,/odom,0.0,0.5
81d9b0fd-23f8-402e-847e-4c99ab6ff099,29.124000000000002,measured_angular,/odom,0.0,0.5
81d9b0fd-23f8-402e-847e-4c99ab6ff099,29.16,measured_angular,/odom,0.0,0.5
81d9b0fd-23f8-402e-847e-4c99ab6ff099,29.196,measured_angular,/odom,0.0,0.5
81d9b0fd-23f8-402e-847e-4c99ab6ff099,29.232000000000003,measured_angular,/odom,0.0,0.5
81d9b0fd-23f8-402e-847e-4c99ab6ff099,29.268,measured_angular,/odom,0.0,0.5
81d9b0fd-23f8-402e-847e-4c99ab6ff099,29.304000000000002,measured_angular,/odom,0.0,0.5
81d9b0fd-23f8-402e-847e-4c99ab6ff099,29.340000000000003,measured_angular,/odom,0.0,0.5
81d9b0fd-23f8-402e-847e-4c99ab6ff099,29.376,measured_angular,/odom,0.0,0.5
81d9b0fd-23f8-402e-847e-4c99ab6ff099,29.412000000000003,measured_angular,/odom,0.0,0.5
81d9b0fd-23f8-402e-847e-4c99ab6ff099,29.448,measured_angular,/odom,0.0,0.5
81d9b0fd-23f8-402e-847e-4c99ab6ff099,29.484,measured_angular,/odom,0.0,0.5
81d9b0fd-23f8-402e-847e-4c99ab6ff099,29.520000000000003,measured_angular,/odom,0.0,0.5
81d9b0fd-23f8-402e-847e-4c99ab6ff099,29.556,measured_angular,/odom,0.0,0.5
81d9b0fd-23f8-402e-847e-4c99ab6ff099,29.592000000000002,measured_angular,/odom,0.0,0.5
81d9b0fd-23f8-402e-847e-4c99ab6ff099,29.628,measured_angular,/odom,0.0,0.5
81d9b0fd-23f8-402e-847e-4c99ab6ff099,9.540000000000001,measured_linear,/odom,-4.411629933616125e-22,0.5
81d9b0fd-23f8-402e-847e-4c99ab6ff099,9.576,measured_linear,/odom,1.4117215787571673e-20,0.5
81d9b0fd-23f8-402e-847e-4c99ab6ff099,9.612,measured_linear,/odom,1.3234889800848447e-21,0.5
81d9b0fd-23f8-402e-847e-4c99ab6ff099,9.648000000000001,measured_linear,/odom,-9.705585853955524e-21,0.5
81d9b0fd-23f8-402e-847e-4c99ab6ff099,9.684000000000001,measured_linear,/odom,6.176281907062606e-21,0.5
81d9b0fd-23f8-402e-847e-4c99ab6ff099,9.72,measured_linear,/odom,1.76465197344646e-21,0.5
81d9b0fd-23f8-402e-847e-4c99ab6ff099,9.756,measured_linear,/odom,-9.705585853955525e-21,0.5
81d9b0fd-23f8-402e-847e-4c99ab6ff099,9.792,measured_linear,/odom,2.646977960169689e-21,0.5
81d9b0fd-23f8-402e-847e-4c99ab6ff099,9.828000000000001,measured_linear,/odom,-3.0881409535313042e-21,0.5
81d9b0fd-23f8-402e-847e-4c99ab6ff099,9.864,measured_linear,/odom,-4.411629933616147e-22,0.5
81d9b0fd-23f8-402e-847e-4c99ab6ff099,9.9,measured_linear,/odom,7.058607893785837e-21,0.5
81d9b0fd-23f8-402e-847e-4c99ab6ff099,9.936,measured_linear,/odom,-5.2939559203393786e-21,0.5
81d9b0fd-23f8-402e-847e-4c99ab6ff099,9.972000000000001,measured_linear,/odom,-1.2352563814125212e-20,0.5
81d9b0fd-23f8-402e-847e-4c99ab6ff099,10.008000000000001,measured_linear,/odom,-2.029349769463428e-20,0.5
81d9b0fd-23f8-402e-847e-4c99ab6ff099,10.044,measured_linear,/odom,-5.2939559203393786e-21,0.5
81d9b0fd-23f8-402e-847e-4c99ab6ff099,10.08,measured_linear,/odom,3.529303946892919e-21,0.5
81d9b0fd-23f8-402e-847e-4c99ab6ff099,10.116000000000001,measured_linear,/odom,-8.823259867232298e-22,0.5
81d9b0fd-23f8-402e-847e-4c99ab6ff099,10.152000000000001,measured_linear,/odom,-1.2352563814125214e-20,0.5
81d9b0fd-23f8-402e-847e-4c99ab6ff099,10.188,measured_linear,/odom,-8.823259867232296e-22,0.5
81d9b0fd-23f8-402e-847e-4c99ab6ff099,10.224,measured_linear,/odom,-1.6323030754379748e-20,0.5
81d9b0fd-23f8-402e-847e-4c99ab6ff099,10.26,measured_linear,/odom,-9.26442286059391e-21,0.5
81d9b0fd-23f8-402e-847e-4c99ab6ff099,10.296000000000001,measured_linear,/odom,-1.2352563814125214e-20,0.5
81d9b0fd-23f8-402e-847e-4c99ab6ff099,10.332,measured_linear,/odom,-8.823259867232296e-21,0.5
81d9b0fd-23f8-402e-847e-4c99ab6ff099,10.368,measured_linear,/odom,-1.8528845721187823e-20,0.5
81d9b0fd-23f8-402e-847e-4c99ab6ff099,10.404,measured_linear,/odom,1.5881867761018128e-20,0.5
81d9b0fd-23f8-402e-847e-4c99ab6ff099,10.440000000000001,measured_linear,/odom,4.411629933616138e-22,0.5
81d9b0fd-23f8-402e-847e-4c99ab6ff099,10.476,measured_linear,/odom,4.411629933616148e-21,0.5
81d9b0fd-23f8-402e-847e-4c99ab6ff099,10.512,measured_linear,/odom,-7.058607893785835e-21,0.5
81d9b0fd-23f8-402e-847e-4c99ab6ff099,10.548,measured_linear,/odom,-7.499770887147452e-21,0.5
81d9b0fd-23f8-402e-847e-4c99ab6ff099,10.584000000000001,measured_linear,/odom,-3.529303946892918e-21,0.5
81d9b0fd-23f8-402e-847e-4c99ab6ff099,10.620000000000001,measured_linear,/odom,-3.970466940254532e-21,0.5
81d9b0fd-23f8-402e-847e-4c99ab6ff099,10.656,measured_linear,/odom,-8.823259867232296e-21,0.5
81d9b0fd-23f8-402e-847e-4c99ab6ff099,10.692,measured_linear,/odom,-1.3234889800848443e-20,0.5
81d9b0fd-23f8-402e-847e-4c99ab6ff099,10.728000000000002,measured_linear,/odom,-4.411629933616155e-22,0.5
81d9b0fd-23f8-402e-847e-4c99ab6ff099,10.764000000000001,measured_linear,/odom,-4.8527929269777626e-21,0.5
81d9b0fd-23f8-402e-847e-4c99ab6ff099,10.8,measured_linear,/odom,1.764651973446458e-21,0.5
81d9b0fd-23f8-402e-847e-4c99ab6ff099,10.836,measured_linear,/odom,-1.014674884731714e-20,0.5
81d9b0fd-23f8-402e-847e-4c99ab6ff099,10.872,measured_linear,/odom,-2.6469779601696886e-21,0.5
81d9b0fd-23f8-402e-847e-4c99ab6ff099,10.911000000000001,measured_linear,/odom,-1.3676052794210057e-20,0.5
81d9b0fd-23f8-402e-847e-4c99ab6ff099,10.944,measured_linear,/odom,-2.6469779601696878e-21,0.5
81d9b0fd-23f8-402e-847e-4c99ab6ff099,10.98,measured_linear,/odom,-8.8232598672323e-22,0.5
81d9b0fd-23f8-402e-847e-4c99ab6ff099,11.016,measured_linear,/odom,4.4116299336161466e-21,0.5
81d9b0fd-23f8-402e-847e-4c99ab6ff099,11.052000000000001,measured_linear,/odom,-8.38209687387068e-21,0.5
81d9b0fd-23f8-402e-847e-4c99ab6ff099,11.088000000000001,measured_linear,/odom,-7.940933880509066e-21,0.5
81d9b0fd-23f8-402e-847e-4c99ab6ff099,11.124,measured_linear,/odom,-7.49977088714745e-21,0.5
81d9b0fd-23f8-402e-847e-4c99ab6ff099,11.16,measured_linear,/odom,-1.0532429383367695e-36,0.5
81d9b0fd-23f8-402e-847e-4c99ab6ff099,11.196000000000002,measured_linear,/odom,-6.176281907062607e-21,0.5
81d9b0fd-23f8-402e-847e-4c99ab6ff099,11.232000000000001,measured_linear,/odom,0.01949999999182763,0.5
81d9b0fd-23f8-402e-847e-4c99ab6ff099,11.268,measured_linear,/odom,0.03422268107533454,0.5
81d9b0fd-23f8-402e-847e-4c99ab6ff099,11.304,measured_linear,/odom,0.04502268106880162,0.5
81d9b0fd-23f8-402e-847e-4c99ab6ff099,11.34,measured_linear,/odom,0.08072268106712256,0.5
81d9b0fd-23f8-402e-847e-4c99ab6ff099,11.376000000000001,measured_linear,/odom,0.09924992918968198,0.5
81d9b0fd-23f8-402e-847e-4c99ab6ff099,11.412,measured_linear,/odom,0.11371721071809482,0.5
81d9b0fd-23f8-402e-847e-4c99ab6ff099,11.448,measured_linear,/odom,0.12317004617220643,0.5
81d9b0fd-23f8-402e-847e-4c99ab6ff099,11.484,measured_linear,/odom,0.1261759847397951,0.5
81d9b0fd-23f8-402e-847e-4c99ab6ff099,11.520000000000001,measured_linear,/odom,0.1265194714069358,0.5
81d9b0fd-23f8-402e-847e-4c99ab6ff099,11.556000000000001,measured_linear,/odom,0.12677184045307685,0.5
81d9b0fd-23f8-402e-847e-4c99ab6ff099,11.592,measured_linear,/odom,0.12924471497536336,0.5
81d9b0fd-23f8-402e-847e-4c99ab6ff099,11.628,measured_linear,/odom,0.12924471497535633,0.5
81d9b0fd-23f8-402e-847e-4c99ab6ff099,11.664000000000001,measured_linear,/odom,0.1292028605938076,0.5
81d9b0fd-23f8-402e-847e-4c99ab6ff099,11.700000000000001,measured_linear,/odom,0.1331955754626511,0.5
81d9b0fd-23f8-402e-847e-4c99ab6ff099,11.736,measured_linear,/odom,0.13000850887400828,0.5
81d9b0fd-23f8-402e-847e-4c99ab6ff099,11.772,measured_linear,/odom,0.1295588761568068,0.5
81d9b0fd-23f8-402e-847e-4c99ab6ff099,11.808000000000002,measured_linear,/odom,0.1320944890372196,0.5
81d9b0fd-23f8-402e-847e-4c99ab6ff099,11.844000000000001,measured_linear,/odom,0.13130696415936996,0.5
81d9b0fd-23f8-402e-847e-4c99ab6ff099,11.88,measured_linear,/odom,0.1310396492481221,0.5
81d9b0fd-23f8-402e-847e-4c99ab6ff099,11.916,measured_linear,/odom,0.13087262809281774,0.5
81d9b0fd-23f8-402e-847e-4c99ab6ff099,11.952,measured_linear,/odom,0.1301840841770166,0.5
81d9b0fd-23f8-402e-847e-4c99ab6ff099,11.988000000000001,measured_linear,/odom,0.13036008179182187,0.5
81d9b0fd-23f8-402e-847e-4c99ab6ff099,12.024000000000001,measured_linear,/odom,0.13036008179187716,0.5
81d9b0fd-23f8-402e-847e-4c99ab6ff099,12.06,measured_linear,/odom,0.13294878601957125,0.5
81d9b0fd-23f8-402e-847e-4c99ab6ff099,12.096,measured_linear,/odom,0.1330240890383421,0.5
81d9b0fd-23f8-402e-847e-4c99ab6ff099,12.132000000000001,measured_linear,/odom,0.13218085467815283,0.5
81d9b0fd-23f8-402e-847e-4c99ab6ff099,12.168000000000001,measured_linear,/odom,0.1321808546781526,0.5
81d9b0fd-23f8-402e-847e-4c99ab6ff099,12.204,measured_linear,/odom,0.1342527955763388,0.5
81d9b0fd-23f8-402e-847e-4c99ab6ff099,12.24,measured_linear,/odom,0.12756314311242814,0.5
81d9b0fd-23f8-402e-847e-4c99ab6ff099,12.276000000000002,measured_linear,/odom,0.12688623368739965,0.5
81d9b0fd-23f8-402e-847e-4c99ab6ff099,12.312000000000001,measured_linear,/odom,0.13411787477614323,0.5
81d9b0fd-23f8-402e-847e-4c99ab6ff099,12.348,measured_linear,/odom,0.1335746228696972,0.5
81d9b0fd-23f8-402e-847e-4c99ab6ff099,12.384,measured_linear,/odom,0.13463252186737087,0.5
81d9b0fd-23f8-402e-847e-4c99ab6ff099,12.42,measured_linear,/odom,0.13491588830947904,0.5
81d9b0fd-23f8-402e-847e-4c99ab6ff099,12.456000000000001,measured_linear,/odom,0.13694776892600272,0.5
81d9b0fd-23f8-402e-847e-4c99ab6ff099,12.492,measured_linear,/odom,0.1387561857700374,0.5
81d9b0fd-23f8-402e-847e-4c99ab6ff099,12.528,measured_linear,/odom,0.1387561857700355,0.5
81d9b0fd-23f8-402e-847e-4c99ab6ff099,12.564,measured_linear,/odom,0.14195393859036354,0.5
81d9b0fd-23f8-402e-847e-4c99ab6ff099,12.600000000000001,measured_linear,/odom,0.1476050758229282,0.5
81d9b0fd-23f8-402e-847e-4c99ab6ff099,12.636000000000001,measured_linear,/odom,0.1438014945519562,0.5
81d9b0fd-23f8-402e-847e-4c99ab6ff099,12.672,measured_linear,/odom,0.14317812025546978,0.5
81d9b0fd-23f8-402e-847e-4c99ab6ff099,12.708,measured_linear,/odom,0.14531358778411646,0.5
81d9b0fd-23f8-402e-847e-4c99ab6ff099,12.744000000000002,measured_linear,/odom,0.14774619638845687,0.5
81d9b0fd-23f8-402e-847e-4c99ab6ff099,12.780000000000001,measured_linear,/odom,0.1482950299978238,0.5
81d9b0fd-23f8-402e-847e-4c99ab6ff099,12.816,measured_linear,/odom,0.15223770825738697,0.5
81d9b0fd-23f8-402e-847e-4c99ab6ff099,12.852,measured_linear,/odom,0.148893326521179,0.5
81d9b0fd-23f8-402e-847e-4c99ab6ff099,12.888000000000002,measured_linear,/odom,0.1508650481695665,0.5
81d9b0fd-23f8-402e-847e-4c99ab6ff099,12.924000000000001,measured_linear,/odom,0.15086504817008786,0.5
81d9b0fd-23f8-402e-847e-4c99ab6ff099,12.96,measured_linear,/odom,0.15527354864949228,0.5
81d9b0fd-23f8-402e-847e-4c99ab6ff099,12.996,measured_linear,/odom,0.15699134916019086,0.5
81d9b0fd-23f8-402e-847e-4c99ab6ff099,13.032,measured_linear,/odom,0.15642149746418105,0.5
81d9b0fd-23f8-402e-847e-4c99ab6ff099,13.068000000000001,measured_linear,/odom,0.1564214974641806,0.5
81d9b0fd-23f8-402e-847e-4c99ab6ff099,13.104000000000001,measured_linear,/odom,0.15676198303687475,0.5
81d9b0fd-23f8-402e-847e-4c99ab6ff099,13.14,measured_linear,/odom,0.15806853771176596,0.5
81d9b0fd-23f8-402e-847e-4c99ab6ff099,13.176,measured_linear,/odom,0.1580685377120976,0.5
81d9b0fd-23f8-402e-847e-4c99ab6ff099,13.212000000000002,measured_linear,/odom,0.15501283109189368,0.5
81d9b0fd-23f8-402e-847e-4c99ab6ff099,13.248000000000001,measured_linear,/odom,0.15301687866510114,0.5
81d9b0fd-23f8-402e-847e-4c99ab6ff099,13.284,measured_linear,/odom,0.15489551424909265,0.5
81d9b0fd-23f8-402e-847e-4c99ab6ff099,13.32,measured_linear,/odom,0.1554206162691113,0.5
81d9b0fd-23f8-402e-847e-4c99ab6ff099,13.356000000000002,measured_linear,/odom,0.15613142847994144,0.5
81d9b0fd-23f8-402e-847e-4c99ab6ff099,13.392000000000001,measured_linear,/odom,0.15964241325842343,0.5
81d9b0fd-23f8-402e-847e-4c99ab6ff099,13.428,measured_linear,/odom,0.15964241325854928,0.5
81d9b0fd-23f8-402e-847e-4c99ab6ff099,13.464,measured_linear,/odom,0.1622075581422494,0.5
81d9b0fd-23f8-402e-847e-4c99ab6ff099,13.5,measured_linear,/odom,0.16134007275147394,0.5
81d9b0fd-23f8-402e-847e-4c99ab6ff099,13.536000000000001,measured_linear,/odom,0.16259735822638785,0.5
81d9b0fd-23f8-402e-847e-4c99ab6ff099,13.572000000000001,measured_linear,/odom,0.16273705661296045,0.5
81d9b0fd-23f8-402e-847e-4c99ab6ff099,13.608,measured_linear,/odom,0.15728688571630492,0.5
81d9b0fd-23f8-402e-847e-4c99ab6ff099,13.644,measured_linear,/odom,0.1568415850398917,0.5
81d9b0fd-23f8-402e-847e-4c99ab6ff099,13.680000000000001,measured_linear,/odom,0.15699277818202925,0.5
81d9b0fd-23f8-402e-847e-4c99ab6ff099,13.716000000000001,measured_linear,/odom,0.15750711858256716,0.5
81d9b0fd-23f8-402e-847e-4c99ab6ff099,13.752,measured_linear,/odom,0.15837737917899958,0.5
81d9b0fd-23f8-402e-847e-4c99ab6ff099,13.788,measured_linear,/odom,0.1582261025906186,0.5
81d9b0fd-23f8-402e-847e-4c99ab6ff099,13.824000000000002,measured_linear,/odom,0.1582092940807319,0.5
81d9b0fd-23f8-402e-847e-4c99ab6ff099,13.860000000000001,measured_linear,/odom,0.16494388546743902,0.5
81d9b0fd-23f8-402e-847e-4c99ab6ff099,13.896,measured_linear,/odom,0.16706850081635766,0.5
81d9b0fd-23f8-402e-847e-4c99ab6ff099,13.932,measured_linear,/odom,0.17168584465941106,0.5
81d9b0fd-23f8-402e-847e-4c99ab6ff099,13.968000000000002,measured_linear,/odom,0.17168584465980424,0.5
81d9b0fd-23f8-402e-847e-4c99ab6ff099,14.004000000000001,measured_linear,/odom,0.17776937451126534,0.5
81d9b0fd-23f8-402e-847e-4c99ab6ff099,14.040000000000001,measured_linear,/odom,0.18257451057371865,0.5
81d9b0fd-23f8-402e-847e-4c99ab6ff099,14.076,measured_linear,/odom,0.18257451057434312,0.5
81d9b0fd-23f8-402e-847e-4c99ab6ff099,14.112,measured_linear,/odom,0.1790361404420358,0.5
81d9b0fd-23f8-402e-847e-4c99ab6ff099,14.148000000000001,measured_linear,/odom,0.17707009464563622,0.5
81d9b0fd-23f8-402e-847e-4c99ab6ff099,14.184000000000001,measured_linear,/odom,0.1742250836024084,0.5
81d9b0fd-23f8-402e-847e-4c99ab6ff099,14.22,measured_linear,/odom,0.1735279858112365,0.5
81d9b0fd-23f8-402e-847e-4c99ab6ff099,14.256,measured_linear,/odom,0.17208777368113437,0.5
81d9b0fd-23f8-402e-847e-4c99ab6ff099,14.292000000000002,measured_linear,/odom,0.17511130869383165,0.5
81d9b0fd-23f8-402e-847e-4c99ab6ff099,14.328000000000001,measured_linear,/odom,0.17511130869389085,0.5
81d9b0fd-23f8-402e-847e-4c99ab6ff099,14.364,measured_linear,/odom,0.17544845640648604,0.5
81d9b0fd-23f8-402e-847e-4c99ab6ff099,14.4,measured_linear,/odom,0.17392587661786235,0.5
81d9b0fd-23f8-402e-847e-4c99ab6ff099,14.436000000000002,measured_linear,/odom,0.17752483873256136,0.5
81d9b0fd-23f8-402e-847e-4c99ab6ff099,14.472000000000001,measured_linear,/odom,0.17804957926272902,0.5
81d9b0fd-23f8-402e-847e-4c99ab6ff099,14.508000000000001,measured_linear,/odom,0.1745103171598076,0.5
81d9b0fd-23f8-402e-847e-4c99ab6ff099,14.544,measured_linear,/odom,0.17703370838059357,0.5
81d9b0fd-23f8-402e-847e-4c99ab6ff099,14.58,measured_linear,/odom,0.1779050827026396,0.5
81d9b0fd-23f8-402e-847e-4c99ab6ff099,14.616000000000001,measured_linear,/odom,0.17595531791506822,0.5
81d9b0fd-23f8-402e-847e-4c99ab6ff099,14.652000000000001,measured_linear,/odom,0.17820250988006825,0.5
81d9b0fd-23f8-402e-847e-4c99ab6ff099,14.688,measured_linear,/odom,0.18099801330480336,0.5
81d9b0fd-23f8-402e-847e-4c99ab6ff099,14.724,measured_linear,/odom,0.18132188916206532,0.5
81d9b0fd-23f8-402e-847e-4c99ab6ff099,14.760000000000002,measured_linear,/odom,0.18258400261368007,0.5
81d9b0fd-23f8-402e-847e-4c99ab6ff099,14.796000000000001,measured_linear,/odom,0.18307435065493818,0.5
81d9b0fd-23f8-402e-847e-4c99ab6ff099,14.832,measured_linear,/odom,0.18667042255386956,0.5
81d9b0fd-23f8-402e-847e-4c99ab6ff099,14.868,measured_linear,/odom,0.18667042255401387,0.5
81d9b0fd-23f8-402e-847e-4c99ab6ff099,14.904000000000002,measured_linear,/odom,0.1881135940546804,0.5
81d9b0fd-23f8-402e-847e-4c99ab6ff099,14.940000000000001,measured_linear,/odom,0.18460792065965737,0.5
81d9b0fd-23f8-402e-847e-4c99ab6ff099,14.976,measured_linear,/odom,0.184511646628364,0.5
81d9b0fd-23f8-402e-847e-4c99ab6ff099,15.012,measured_linear,/odom,0.17823487194865523,0.5
81d9b0fd-23f8-402e-847e-4c99ab6ff099,15.048000000000002,measured_linear,/odom,0.17421150417454292,0.5
81d9b0fd-23f8-402e-847e-4c99ab6ff099,15.084000000000001,measured_linear,/odom,0.17737237750156304,0.5
81d9b0fd-23f8-402e-847e-4c99ab6ff099,15.120000000000001,measured_linear,/odom,0.17856553196906783,0.5
81d9b0fd-23f8-402e-847e-4c99ab6ff099,15.156,measured_linear,/odom,0.1832340755924422,0.5
81d9b0fd-23f8-402e-847e-4c99ab6ff099,15.192,measured_linear,/odom,0.18214559555053317,0.5
81d9b0fd-23f8-402e-847e-4c99ab6ff099,15.228000000000002,measured_linear,/odom,0.18214559555053134,0.5
81d9b0fd-23f8-402e-847e-4c99ab6ff099,15.264000000000001,measured_linear,/odom,0.1819016695023323,0.5
81d9b0fd-23f8-402e-847e-4c99ab6ff099,15.3,measured_linear,/odom,0.18506904332549012,0.5
81d9b0fd-23f8-402e-847e-4c99ab6ff099,15.336,measured_linear,/odom,0.18376391977113865,0.5
81d9b0fd-23f8-402e-847e-4c99ab6ff099,15.372000000000002,measured_linear,/odom,0.18361608684063596,0.5
81d9b0fd-23f8-402e-847e-4c99ab6ff099,15.411000000000001,measured_linear,/odom,0.18279700726296733,0.5
81d9b0fd-23f8-402e-847e-4c99ab6ff099,15.444,measured_linear,/odom,0.18504767417827547,0.5
81d9b0fd-23f8-402e-847e-4c99ab6ff099,15.48,measured_linear,/odom,0.18563309311867002,0.5
81d9b0fd-23f8-402e-847e-4c99ab6ff099,15.516000000000002,measured_linear,/odom,0.18474958688045975,0.5
81d9b0fd-23f8-402e-847e-4c99ab6ff099,15.552000000000001,measured_linear,/odom,0.18532615900039298,0.5
81d9b0fd-23f8-402e-847e-4c99ab6ff099,15.588000000000001,measured_linear,/odom,0.18660814762076483,0.5
81d9b0fd-23f8-402e-847e-4c99ab6ff099,15.624,measured_linear,/odom,0.18675059080124348,0.5
81d9b0fd-23f8-402e-847e-4c99ab6ff099,15.66,measured_linear,/odom,0.18719658255564506,0.5
81d9b0fd-23f8-402e-847e-4c99ab6ff099,15.696000000000002,measured_linear,/odom,0.18669352084415186,0.5
81d9b0fd-23f8-402e-847e-4c99ab6ff099,15.732000000000001,measured_linear,/odom,0.1810642182834036,0.5
81d9b0fd-23f8-402e-847e-4c99ab6ff099,15.768,measured_linear,/odom,0.18106421828269859,0.5
81d9b0fd-23f8-402e-847e-4c99ab6ff099,15.804,measured_linear,/odom,0.1786644637592964,0.5
81d9b0fd-23f8-402e-847e-4c99ab6ff099,15.840000000000002,measured_linear,/odom,0.18007878959124626,0.5
81d9b0fd-23f8-402e-847e-4c99ab6ff099,15.876000000000001,measured_linear,/odom,0.18007878959179216,0.5
81d9b0fd-23f8-402e-847e-4c99ab6ff099,15.912,measured_linear,/odom,0.17582730948958641,0.5
81d9b0fd-23f8-402e-847e-4c99ab6ff099,15.948,measured_linear,/odom,0.1792599865664268,0.5
81d9b0fd-23f8-402e-847e-4c99ab6ff099,15.984000000000002,measured_linear,/odom,0.18010631501660934,0.5
81d9b0fd-23f8-402e-847e-4c99ab6ff099,16.02,measured_linear,/odom,0.1801971048116598,0.5
81d9b0fd-23f8-402e-847e-4c99ab6ff099,16.056,measured_linear,/odom,0.18239608704976873,0.5
81d9b0fd-23f8-402e-847e-4c99ab6ff099,16.092000000000002,measured_linear,/odom,0.18148225545883134,0.5
81d9b0fd-23f8-402e-847e-4c99ab6ff099,16.128,measured_linear,/odom,0.18148225545882582,0.5
81d9b0fd-23f8-402e-847e-4c99ab6ff099,16.164,measured_linear,/odom,0.18171252012245118,0.5
81d9b0fd-23f8-402e-847e-4c99ab6ff099,16.2,measured_linear,/odom,0.1806532889607563,0.5
81d9b0fd-23f8-402e-847e-4c99ab6ff099,16.236,measured_linear,/odom,0.17910789400384933,0.5
81d9b0fd-23f8-402e-847e-4c99ab6ff099,16.272000000000002,measured_linear,/odom,0.17893618345260115,0.5
81d9b0fd-23f8-402e-847e-4c99ab6ff099,16.308,measured_linear,/odom,0.17509626360059927,0.5
81d9b0fd-23f8-402e-847e-4c99ab6ff099,16.344,measured_linear,/odom,0.1748804152010656,0.5
81d9b0fd-23f8-402e-847e-4c99ab6ff099,16.380000000000003,measured_linear,/odom,0.17497269809246818,0.5
81d9b0fd-23f8-402e-847e-4c99ab6ff099,16.416,measured_linear,/odom,0.17675404697600577,0.5
81d9b0fd-23f8-402e-847e-4c99ab6ff099,16.452,measured_linear,/odom,0.17388921976091434,0.5
81d9b0fd-23f8-402e-847e-4c99ab6ff099,16.488,measured_linear,/odom,0.1818403657889193,0.5
81d9b0fd-23f8-402e-847e-4c99ab6ff099,16.524,measured_linear,/odom,0.18270315229893344,0.5
81d9b0fd-23f8-402e-847e-4c99ab6ff099,16.560000000000002,measured_linear,/odom,0.18290670216079,0.5
81d9b0fd-23f8-402e-847e-4c99ab6ff099,16.596,measured_linear,/odom,0.18316034525625025,0.5
81d9b0fd-23f8-402e-847e-4c99ab6ff099,16.632,measured_linear,/odom,0.18468657135963057,0.5
81d9b0fd-23f8-402e-847e-4c99ab6ff099,16.668000000000003,measured_linear,/odom,0.18468657135962868,0.5
81d9b0fd-23f8-402e-847e-4c99ab6ff099,16.704,measured_linear,/odom,0.18503699898707965,0.5
81d9b0fd-23f8-402e-847e-4c99ab6ff099,16.740000000000002,measured_linear,/odom,0.18390849232706732,0.5
81d9b0fd-23f8-402e-847e-4c99ab6ff099,16.776,measured_linear,/odom,0.18390849232673795,0.5
81d9b0fd-23f8-402e-847e-4c99ab6ff099,16.812,measured_linear,/odom,0.18206833302973904,0.5
81d9b0fd-23f8-402e-847e-4c99ab6ff099,16.848000000000003,measured_linear,/odom,0.18143824189921406,0.5
81d9b0fd-23f8-402e-847e-4c99ab6ff099,16.884,measured_linear,/odom,0.1782151332627972,0.5
81d9b0fd-23f8-402e-847e-4c99ab6ff099,16.92,measured_linear,/odom,0.1772923767566696,0.5
81d9b0fd-23f8-402e-847e-4c99ab6ff099,16.956,measured_linear,/odom,0.1761499837044267,0.5
81d9b0fd-23f8-402e-847e-4c99ab6ff099,16.992,measured_linear,/odom,0.17585757374764904,0.5
81d9b0fd-23f8-402e-847e-4c99ab6ff099,17.028000000000002,measured_linear,/odom,0.17585757374764904,0.5
81d9b0fd-23f8-402e-847e-4c99ab6ff099,17.064,measured_linear,/odom,0.17608265280715613,0.5
81d9b0fd-23f8-402e-847e-4c99ab6ff099,17.1,measured_linear,/odom,0.18108550100185045,0.5
81d9b0fd-23f8-402e-847e-4c99ab6ff099,17.136000000000003,measured_linear,/odom,0.17334734268468768,0.5
81d9b0fd-23f8-402e-847e-4c99ab6ff099,17.172,measured_linear,/odom,0.17104437947272716,0.5
81d9b0fd-23f8-402e-847e-4c99ab6ff099,17.208000000000002,measured_linear,/odom,0.17097710967067062,0.5
81d9b0fd-23f8-402e-847e-4c99ab6ff099,17.244,measured_linear,/odom,0.16826328845116661,0.5
81d9b0fd-23f8-402e-847e-4c99ab6ff099,17.28,measured_linear,/odom,0.16753199696539953,0.5
81d9b0fd-23f8-402e-847e-4c99ab6ff099,17.316000000000003,measured_linear,/odom,0.17127911238552135,0.5
81d9b0fd-23f8-402e-847e-4c99ab6ff099,17.352,measured_linear,/odom,0.17200644314288768,0.5
81d9b0fd-23f8-402e-847e-4c99ab6ff099,17.388,measured_linear,/odom,0.1718949973583443,0.5
81d9b0fd-23f8-402e-847e-4c99ab6ff099,17.424,measured_linear,/odom,0.1718949973583221,0.5
81d9b0fd-23f8-402e-847e-4c99ab6ff099,17.46,measured_linear,/odom,0.17230859398831289,0.5
81d9b0fd-23f8-402e-847e-4c99ab6ff099,17.496000000000002,measured_linear,/odom,0.17025706619086348,0.5
81d9b0fd-23f8-402e-847e-4c99ab6ff099,17.532,measured_linear,/odom,0.17333872616281945,0.5
81d9b0fd-23f8-402e-847e-4c99ab6ff099,17.568,measured_linear,/odom,0.17333872616290452,0.5
81d9b0fd-23f8-402e-847e-4c99ab6ff099,17.604000000000003,measured_linear,/odom,0.17189394533683178,0.5
81d9b0fd-23f8-402e-847e-4c99ab6ff099,17.64,measured_linear,/odom,0.16882367432190148,0.5
81d9b0fd-23f8-402e-847e-4c99ab6ff099,17.676000000000002,measured_linear,/odom,0.1688236743211576,0.5
81d9b0fd-23f8-402e-847e-4c99ab6ff099,17.712,measured_linear,/odom,0.17774765932388653,0.5
81d9b0fd-23f8-402e-847e-4c99ab6ff099,17.748,measured_linear,/odom,0.17903643399449126,0.5
81d9b0fd-23f8-402e-847e-4c99ab6ff099,17.784000000000002,measured_linear,/odom,0.176469590378725,0.5
81d9b0fd-23f8-402e-847e-4c99ab6ff099,17.82,measured_linear,/odom,0.17575366795062886,0.5
81d9b0fd-23f8-402e-847e-4c99ab6ff099,17.856,measured_linear,/odom,0.17279904396623563,0.5
81d9b0fd-23f8-402e-847e-4c99ab6ff099,17.892,measured_linear,/odom,0.17236100137233792,0.5
81d9b0fd-23f8-402e-847e-4c99ab6ff099,17.928,measured_linear,/odom,0.17236100137233423,0.5
81d9b0fd-23f8-402e-847e-4c99ab6ff099,17.964000000000002,measured_linear,/odom,0.17191004455104536,0.5
81d9b0fd-23f8-402e-847e-4c99ab6ff099,18.0,measured_linear,/odom,0.17401236295638461,0.5
81d9b0fd-23f8-402e-847e-4c99ab6ff099,18.036,measured_linear,/odom,0.17451302409156785,0.5
81d9b0fd-23f8-402e-847e-4c99ab6ff099,18.072000000000003,measured_linear,/odom,0.17456865310669922,0.5
81d9b0fd-23f8-402e-847e-4c99ab6ff099,18.108,measured_linear,/odom,0.174207955598941,0.5
81d9b0fd-23f8-402e-847e-4c99ab6ff099,18.144000000000002,measured_linear,/odom,0.17276256680539193,0.5
81d9b0fd-23f8-402e-847e-4c99ab6ff099,18.18,measured_linear,/odom,0.17240121960642177,0.5
81d9b0fd-23f8-402e-847e-4c99ab6ff099,18.216,measured_linear,/odom,0.17425771057551315,0.5
81d9b0fd-23f8-402e-847e-4c99ab6ff099,18.252000000000002,measured_linear,/odom,0.17155285179613067,0.5
81d9b0fd-23f8-402e-847e-4c99ab6ff099,18.288,measured_linear,/odom,0.1760350116953931,0.5
81d9b0fd-23f8-402e-847e-4c99ab6ff099,18.324,measured_linear,/odom,0.17678055167196965,0.5
81d9b0fd-23f8-402e-847e-4c99ab6ff099,18.36,measured_linear,/odom,0.1738137006767689,0.5
81d9b0fd-23f8-402e-847e-4c99ab6ff099,18.396,measured_linear,/odom,0.17316031456015385,0.5
81d9b0fd-23f8-402e-847e-4c99ab6ff099,18.432000000000002,measured_linear,/odom,0.16936001181621457,0.5
81d9b0fd-23f8-402e-847e-4c99ab6ff099,18.468,measured_linear,/odom,0.16936001181601842,0.5
81d9b0fd-23f8-402e-847e-4c99ab6ff099,18.504,measured_linear,/odom,0.17146177887846784,0.5
81d9b0fd-23f8-402e-847e-4c99ab6ff099,18.540000000000003,measured_linear,/odom,0.17354620993094888,0.5
81d9b0fd-23f8-402e-847e-4c99ab6ff099,18.576,measured_linear,/odom,0.17354620993137818,0.5
81d9b0fd-23f8-402e-847e-4c99ab6ff099,18.612000000000002,measured_linear,/odom,0.17483326792715467,0.5
81d9b0fd-23f8-402e-847e-4c99ab6ff099,18.648,measured_linear,/odom,0.1758023902770874,0.5
81d9b0fd-23f8-402e-847e-4c99ab6ff099,18.684,measured_linear,/odom,0.17506220638778452,0.5
81d9b0fd-23f8-402e-847e-4c99ab6ff099,18.720000000000002,measured_linear,/odom,0.17485024034975166,0.5
81d9b0fd-23f8-402e-847e-4c99ab6ff099,18.756,measured_linear,/odom,0.1751790389417307,0.5
81d9b0fd-23f8-402e-847e-4c99ab6ff099,18.792,measured_linear,/odom,0.17757815122604328,0.5
81d9b0fd-23f8-402e-847e-4c99ab6ff099,18.828,measured_linear,/odom,0.17757815122603218,0.5
81d9b0fd-23f8-402e-847e-4c99ab6ff099,18.864,measured_linear,/odom,0.17742792367940743,0.5
81d9b0fd-23f8-402e-847e-4c99ab6ff099,18.900000000000002,measured_linear,/odom,0.17661915719532348,0.5
81d9b0fd-23f8-402e-847e-4c99ab6ff099,18.936,measured_linear,/odom,0.17399104833681903,0.5
81d9b0fd-23f8-402e-847e-4c99ab6ff099,18.972,measured_linear,/odom,0.17369903624060437,0.5
81d9b0fd-23f8-402e-847e-4c99ab6ff099,19.008000000000003,measured_linear,/odom,0.1720522269611428,0.5
81d9b0fd-23f8-402e-847e-4c99ab6ff099,19.044,measured_linear,/odom,0.17469320236345914,0.5
81d9b0fd-23f8-402e-847e-4c99ab6ff099,19.080000000000002,measured_linear,/odom,0.17547489702700964,0.5
81d9b0fd-23f8-402e-847e-4c99ab6ff099,19.116,measured_linear,/odom,0.17608927041271963,0.5
81d9b0fd-23f8-402e-847e-4c99ab6ff099,19.152,measured_linear,/odom,0.1717676669363029,0.5
81d9b0fd-23f8-402e-847e-4c99ab6ff099,19.188000000000002,measured_linear,/odom,0.1720983698963156,0.5
81d9b0fd-23f8-402e-847e-4c99ab6ff099,19.224,measured_linear,/odom,0.17213511466980985,0.5
81d9b0fd-23f8-402e-847e-4c99ab6ff099,19.26,measured_linear,/odom,0.17122800648236752,0.5
81d9b0fd-23f8-402e-847e-4c99ab6ff099,19.296000000000003,measured_linear,/odom,0.17386370599192053,0.5
81d9b0fd-23f8-402e-847e-4c99ab6ff099,19.332,measured_linear,/odom,0.17188994586464873,0.5
81d9b0fd-23f8-402e-847e-4c99ab6ff099,19.368000000000002,measured_linear,/odom,0.17188994586464873,0.5
81d9b0fd-23f8-402e-847e-4c99ab6ff099,19.404,measured_linear,/odom,0.1695188730963082,0.5
81d9b0fd-23f8-402e-847e-4c99ab6ff099,19.44,measured_linear,/odom,0.173104713248029,0.5
81d9b0fd-23f8-402e-847e-4c99ab6ff099,19.476000000000003,measured_linear,/odom,0.1732356697321043,0.5
81d9b0fd-23f8-402e-847e-4c99ab6ff099,19.512,measured_linear,/odom,0.17576581239699593,0.5
81d9b0fd-23f8-402e-847e-4c99ab6ff099,19.548000000000002,measured_linear,/odom,0.1731621652849717,0.5
81d9b0fd-23f8-402e-847e-4c99ab6ff099,19.584,measured_linear,/odom,0.17648555128445173,0.5
81d9b0fd-23f8-402e-847e-4c99ab6ff099,19.62,measured_linear,/odom,0.17760527133941312,0.5
81d9b0fd-23f8-402e-847e-4c99ab6ff099,19.656000000000002,measured_linear,/odom,0.18074359683893929,0.5
81d9b0fd-23f8-402e-847e-4c99ab6ff099,19.692,measured_linear,/odom,0.17084320640782616,0.5
81d9b0fd-23f8-402e-847e-4c99ab6ff099,19.728,measured_linear,/odom,0.17014071345330023,0.5
81d9b0fd-23f8-402e-847e-4c99ab6ff099,19.764000000000003,measured_linear,/odom,0.1700022757053906,0.5
81d9b0fd-23f8-402e-847e-4c99ab6ff099,19.8,measured_linear,/odom,0.17049416899670064,0.5
81d9b0fd-23f8-402e-847e-4c99ab6ff099,19.836000000000002,measured_linear,/odom,0.1699522286654857,0.5
81d9b0fd-23f8-402e-847e-4c99ab6ff099,19.872,measured_linear,/odom,0.16989201307293644,0.5
81d9b0fd-23f8-402e-847e-4c99ab6ff099,19.911,measured_linear,/odom,0.16757726669378953,0.5
81d9b0fd-23f8-402e-847e-4c99ab6ff099,19.944000000000003,measured_linear,/odom,0.17106476514205937,0.5
81d9b0fd-23f8-402e-847e-4c99ab6ff099,19.98,measured_linear,/odom,0.17224106192591515,0.5
81d9b0fd-23f8-402e-847e-4c99ab6ff099,20.016000000000002,measured_linear,/odom,0.17393353581376764,0.5
81d9b0fd-23f8-402e-847e-4c99ab6ff099,20.052,measured_linear,/odom,0.17160101234913921,0.5
81d9b0fd-23f8-402e-847e-4c99ab6ff099,20.088,measured_linear,/odom,0.17248050868484316,0.5
81d9b0fd-23f8-402e-847e-4c99ab6ff099,20.124000000000002,measured_linear,/odom,0.17257823050021992,0.5
81d9b0fd-23f8-402e-847e-4c99ab6ff099,20.16,measured_linear,/odom,0.17312513291822446,0.5
81d9b0fd-23f8-402e-847e-4c99ab6ff099,20.196,measured_linear,/odom,0.17833060737681614,0.5
81d9b0fd-23f8-402e-847e-4c99ab6ff099,20.232000000000003,measured_linear,/odom,0.17832043766975447,0.5
81d9b0fd-23f8-402e-847e-4c99ab6ff099,20.268,measured_linear,/odom,0.1783204376697767,0.5
81d9b0fd-23f8-402e-847e-4c99ab6ff099,20.304000000000002,measured_linear,/odom,0.17843821644779967,0.5
81d9b0fd-23f8-402e-847e-4c99ab6ff099,20.34,measured_linear,/odom,0.1771337389949501,0.5
81d9b0fd-23f8-402e-847e-4c99ab6ff099,20.376,measured_linear,/odom,0.17713373899459112,0.5
81d9b0fd-23f8-402e-847e-4c99ab6ff099,20.412000000000003,measured_linear,/odom,0.17808605730534888,0.5
81d9b0fd-23f8-402e-847e-4c99ab6ff099,20.448,measured_linear,/odom,0.18157739727386882,0.5
81d9b0fd-23f8-402e-847e-4c99ab6ff099,20.484,measured_linear,/odom,0.1809460222724953,0.5
81d9b0fd-23f8-402e-847e-4c99ab6ff099,20.52,measured_linear,/odom,0.18066371977328852,0.5
81d9b0fd-23f8-402e-847e-4c99ab6ff099,20.556,measured_linear,/odom,0.1815394476053278,0.5
81d9b0fd-23f8-402e-847e-4c99ab6ff099,20.592000000000002,measured_linear,/odom,0.18000327050686774,0.5
81d9b0fd-23f8-402e-847e-4c99ab6ff099,20.628,measured_linear,/odom,0.18000327050686032,0.5
81d9b0fd-23f8-402e-847e-4c99ab6ff099,20.664,measured_linear,/odom,0.18039483726010422,0.5
81d9b0fd-23f8-402e-847e-4c99ab6ff099,20.700000000000003,measured_linear,/odom,0.18426133482348786,0.5
81d9b0fd-23f8-402e-847e-4c99ab6ff099,20.736,measured_linear,/odom,0.1888408997521333,0.5
81d9b0fd-23f8-402e-847e-4c99ab6ff099,20.772000000000002,measured_linear,/odom,0.18958944082258328,0.5
81d9b0fd-23f8-402e-847e-4c99ab6ff099,20.808,measured_linear,/odom,0.19234172999783952,0.5
81d9b0fd-23f8-402e-847e-4c99ab6ff099,20.844,measured_linear,/odom,0.18969872952789849,0.5
81d9b0fd-23f8-402e-847e-4c99ab6ff099,20.880000000000003,measured_linear,/odom,0.18899458646774264,0.5
81d9b0fd-23f8-402e-847e-4c99ab6ff099,20.916,measured_linear,/odom,0.19117157459191586,0.5
81d9b0fd-23f8-402e-847e-4c99ab6ff099,20.952,measured_linear,/odom,0.18663989007520568,0.5
81d9b0fd-23f8-402e-847e-4c99ab6ff099,20.988,measured_linear,/odom,0.18234504820229255,0.5
81d9b0fd-23f8-402e-847e-4c99ab6ff099,21.024,measured_linear,/odom,0.18220117688179108,0.5
81d9b0fd-23f8-402e-847e-4c99ab6ff099,21.060000000000002,measured_linear,/odom,0.18272063136089978,0.5
81d9b0fd-23f8-402e-847e-4c99ab6ff099,21.096,measured_linear,/odom,0.18416418284132133,0.5
81d9b0fd-23f8-402e-847e-4c99ab6ff099,21.132,measured_linear,/odom,0.18554331362247894,0.5
81d9b0fd-23f8-402e-847e-4c99ab6ff099,21.168000000000003,measured_linear,/odom,0.18554331362247894,0.5
81d9b0fd-23f8-402e-847e-4c99ab6ff099,21.204,measured_linear,/odom,0.18303096951333142,0.5
81d9b0fd-23f8-402e-847e-4c99ab6ff099,21.240000000000002,measured_linear,/odom,0.18151398003124486,0.5
81d9b0fd-23f8-402e-847e-4c99ab6ff099,21.276,measured_linear,/odom,0.18151398003100802,0.5
81d9b0fd-23f8-402e-847e-4c99ab6ff099,21.312,measured_linear,/odom,0.1840803474187913,0.5
81d9b0fd-23f8-402e-847e-4c99ab6ff099,21.348000000000003,measured_linear,/odom,0.18653140366005075,0.5
81d9b0fd-23f8-402e-847e-4c99ab6ff099,21.384,measured_linear,/odom,0.18301780731814948,0.5
81d9b0fd-23f8-402e-847e-4c99ab6ff099,21.42,measured_linear,/odom,0.18182383477688785,0.5
81d9b0fd-23f8-402e-847e-4c99ab6ff099,21.456000000000003,measured_linear,/odom,0.18394283354218702,0.5
81d9b0fd-23f8-402e-847e-4c99ab6ff099,21.492,measured_linear,/odom,0.18615236878395763,0.5
81d9b0fd-23f8-402e-847e-4c99ab6ff099,21.528000000000002,measured_linear,/odom,0.18615236878395763,0.5
81d9b0fd-23f8-402e-847e-4c99ab6ff099,21.564,measured_linear,/odom,0.18542709946656558,0.5
81d9b0fd-23f8-402e-847e-4c99ab6ff099,21.6,measured_linear,/odom,0.18616902828189802,0.5
81d9b0fd-23f8-402e-847e-4c99ab6ff099,21.636000000000003,measured_linear,/odom,0.1896695235241497,0.5
81d9b0fd-23f8-402e-847e-4c99ab6ff099,21.672,measured_linear,/odom,0.1901696473359915,0.5
81d9b0fd-23f8-402e-847e-4c99ab6ff099,21.708000000000002,measured_linear,/odom,0.18951970785878738,0.5
81d9b0fd-23f8-402e-847e-4c99ab6ff099,21.744,measured_linear,/odom,0.19233691035409986,0.5
81d9b0fd-23f8-402e-847e-4c99ab6ff099,21.78,measured_linear,/odom,0.1931466609239559,0.5
81d9b0fd-23f8-402e-847e-4c99ab6ff099,21.816000000000003,measured_linear,/odom,0.1914090588693888,0.5
81d9b0fd-23f8-402e-847e-4c99ab6ff099,21.852,measured_linear,/odom,0.1938280165195594,0.5
81d9b0fd-23f8-402e-847e-4c99ab6ff099,21.888,measured_linear,/odom,0.18955938429967195,0.5
81d9b0fd-23f8-402e-847e-4c99ab6ff099,21.924000000000003,measured_linear,/odom,0.18886722624301688,0.5
81d9b0fd-23f8-402e-847e-4c99ab6ff099,21.96,measured_linear,/odom,0.1881532371045935,0.5
81d9b0fd-23f8-402e-847e-4c99ab6ff099,21.996000000000002,measured_linear,/odom,0.1912126460542618,0.5
81d9b0fd-23f8-402e-847e-4c99ab6ff099,22.032,measured_linear,/odom,0.1920199692249214,0.5
81d9b0fd-23f8-402e-847e-4c99ab6ff099,22.068,measured_linear,/odom,0.19201996922492137,0.5
81d9b0fd-23f8-402e-847e-4c99ab6ff099,22.104000000000003,measured_linear,/odom,0.19216409325593095,0.5
81d9b0fd-23f8-402e-847e-4c99ab6ff099,22.14,measured_linear,/odom,0.19304092228390837,0.5
81d9b0fd-23f8-402e-847e-4c99ab6ff099,22.176000000000002,measured_linear,/odom,0.19304092228413786,0.5
81d9b0fd-23f8-402e-847e-4c99ab6ff099,22.212,measured_linear,/odom,0.19110509753225885,0.5
81d9b0fd-23f8-402e-847e-4c99ab6ff099,22.248,measured_linear,/odom,0.18965598046823223,0.5
81d9b0fd-23f8-402e-847e-4c99ab6ff099,22.284000000000002,measured_linear,/odom,0.1877325296408124,0.5
81d9b0fd-23f8-402e-847e-4c99ab6ff099,22.32,measured_linear,/odom,0.18729192018511015,0.5
81d9b0fd-23f8-402e-847e-4c99ab6ff099,22.356,measured_linear,/odom,0.1840143105516908,0.5
81d9b0fd-23f8-402e-847e-4c99ab6ff099,22.392000000000003,measured_linear,/odom,0.18445786833761005,0.5
81d9b0fd-23f8-402e-847e-4c99ab6ff099,22.428,measured_linear,/odom,0.18445786833761008,0.5
81d9b0fd-23f8-402e-847e-4c99ab6ff099,22.464000000000002,measured_linear,/odom,0.18726261942289732,0.5
81d9b0fd-23f8-402e-847e-4c99ab6ff099,22.5,measured_linear,/odom,0.190538331865601,0.5
81d9b0fd-23f8-402e-847e-4c99ab6ff099,22.536,measured_linear,/odom,0.18842713832919097,0.5
81d9b0fd-23f8-402e-847e-4c99ab6ff099,22.572000000000003,measured_linear,/odom,0.18819256126879996,0.5
81d9b0fd-23f8-402e-847e-4c99ab6ff099,22.611,measured_linear,/odom,0.18772589713348756,0.5
81d9b0fd-23f8-402e-847e-4c99ab6ff099,22.644000000000002,measured_linear,/odom,0.18620803356218146,0.5
81d9b0fd-23f8-402e-847e-4c99ab6ff099,22.68,measured_linear,/odom,0.1858415305614332,0.5
81d9b0fd-23f8-402e-847e-4c99ab6ff099,22.716,measured_linear,/odom,0.18831924796030017,0.5
81d9b0fd-23f8-402e-847e-4c99ab6ff099,22.752000000000002,measured_linear,/odom,0.19166252017018087,0.5
81d9b0fd-23f8-402e-847e-4c99ab6ff099,22.788,measured_linear,/odom,0.1894235864288385,0.5
81d9b0fd-23f8-402e-847e-4c99ab6ff099,22.824,measured_linear,/odom,0.18917481601237185,0.5
81d9b0fd-23f8-402e-847e-4c99ab6ff099,22.860000000000003,measured_linear,/odom,0.18752212822481146,0.5
81d9b0fd-23f8-402e-847e-4c99ab6ff099,22.896,measured_linear,/odom,0.1887319117780691,0.5
81d9b0fd-23f8-402e-847e-4c99ab6ff099,22.932000000000002,measured_linear,/odom,0.18157300027730566,0.5
81d9b0fd-23f8-402e-847e-4c99ab6ff099,22.968,measured_linear,/odom,0.18142929673196456,0.5
81d9b0fd-23f8-402e-847e-4c99ab6ff099,23.004,measured_linear,/odom,0.1819928228853129,0.5
81d9b0fd-23f8-402e-847e-4c99ab6ff099,23.040000000000003,measured_linear,/odom,0.18208184838299038,0.5
81d9b0fd-23f8-402e-847e-4c99ab6ff099,23.076,measured_linear,/odom,0.18208184838294594,0.5
81d9b0fd-23f8-402e-847e-4c99ab6ff099,23.112000000000002,measured_linear,/odom,0.1849430352450258,0.5
81d9b0fd-23f8-402e-847e-4c99ab6ff099,23.148,measured_linear,/odom,0.18455296754847547,0.5
81d9b0fd-23f8-402e-847e-4c99ab6ff099,23.184,measured_linear,/odom,0.18551970720256014,0.5
81d9b0fd-23f8-402e-847e-4c99ab6ff099,23.220000000000002,measured_linear,/odom,0.18576139211654574,0.5
81d9b0fd-23f8-402e-847e-4c99ab6ff099,23.256,measured_linear,/odom,0.182533981514954,0.5
81d9b0fd-23f8-402e-847e-4c99ab6ff099,23.292,measured_linear,/odom,0.18214632570740336,0.5
81d9b0fd-23f8-402e-847e-4c99ab6ff099,23.328000000000003,measured_linear,/odom,0.18214632570744033,0.5
81d9b0fd-23f8-402e-847e-4c99ab6ff099,23.364,measured_linear,/odom,0.17771737189452944,0.5
81d9b0fd-23f8-402e-847e-4c99ab6ff099,23.400000000000002,measured_linear,/odom,0.1769780218599415,0.5
81d9b0fd-23f8-402e-847e-4c99ab6ff099,23.436,measured_linear,/odom,0.17367959828478163,0.5
81d9b0fd-23f8-402e-847e-4c99ab6ff099,23.472,measured_linear,/odom,0.1732299923896674,0.5
81d9b0fd-23f8-402e-847e-4c99ab6ff099,23.511000000000003,measured_linear,/odom,0.17302507162098768,0.5
81d9b0fd-23f8-402e-847e-4c99ab6ff099,23.544,measured_linear,/odom,0.17175444364590695,0.5
81d9b0fd-23f8-402e-847e-4c99ab6ff099,23.580000000000002,measured_linear,/odom,0.1714424788951859,0.5
81d9b0fd-23f8-402e-847e-4c99ab6ff099,23.616000000000003,measured_linear,/odom,0.1698308467869299,0.5
81d9b0fd-23f8-402e-847e-4c99ab6ff099,23.652,measured_linear,/odom,0.1683458983898101,0.5
81d9b0fd-23f8-402e-847e-4c99ab6ff099,23.688000000000002,measured_linear,/odom,0.16783252358449166,0.5
81d9b0fd-23f8-402e-847e-4c99ab6ff099,23.724,measured_linear,/odom,0.16777548193937325,0.5
81d9b0fd-23f8-402e-847e-4c99ab6ff099,23.76,measured_linear,/odom,0.1679001897573196,0.5
81d9b0fd-23f8-402e-847e-4c99ab6ff099,23.796000000000003,measured_linear,/odom,0.1695290014143221,0.5
81d9b0fd-23f8-402e-847e-4c99ab6ff099,23.832,measured_linear,/odom,0.16842032968994075,0.5
81d9b0fd-23f8-402e-847e-4c99ab6ff099,23.868000000000002,measured_linear,/odom,0.1684203296899482,0.5
81d9b0fd-23f8-402e-847e-4c99ab6ff099,23.904,measured_linear,/odom,0.16877889633182264,0.5
81d9b0fd-23f8-402e-847e-4c99ab6ff099,23.94,measured_linear,/odom,0.16769170761137261,0.5
81d9b0fd-23f8-402e-847e-4c99ab6ff099,23.976000000000003,measured_linear,/odom,0.16769170761106916,0.5
81d9b0fd-23f8-402e-847e-4c99ab6ff099,24.012,measured_linear,/odom,0.16382586956050402,0.5
81d9b0fd-23f8-402e-847e-4c99ab6ff099,24.048000000000002,measured_linear,/odom,0.16266480833328306,0.5
81d9b0fd-23f8-402e-847e-4c99ab6ff099,24.084000000000003,measured_linear,/odom,0.16217705309403324,0.5
81d9b0fd-23f8-402e-847e-4c99ab6ff099,24.12,measured_linear,/odom,0.16208736598491608,0.5
81d9b0fd-23f8-402e-847e-4c99ab6ff099,24.156000000000002,measured_linear,/odom,0.16077418327372267,0.5
81d9b0fd-23f8-402e-847e-4c99ab6ff099,24.192,measured_linear,/odom,0.16157992184166284,0.5
81d9b0fd-23f8-402e-847e-4c99ab6ff099,24.228,measured_linear,/odom,0.16157992184165543,0.5
81d9b0fd-23f8-402e-847e-4c99ab6ff099,24.264000000000003,measured_linear,/odom,0.16299293339206616,0.5
81d9b0fd-23f8-402e-847e-4c99ab6ff099,24.3,measured_linear,/odom,0.1603319382795047,0.5
81d9b0fd-23f8-402e-847e-4c99ab6ff099,24.336000000000002,measured_linear,/odom,0.1603289335966466,0.5
81d9b0fd-23f8-402e-847e-4c99ab6ff099,24.372,measured_linear,/odom,0.1603287756443435,0.5
81d9b0fd-23f8-402e-847e-4c99ab6ff099,24.408,measured_linear,/odom,0.1567518672477508,0.5
81d9b0fd-23f8-402e-847e-4c99ab6ff099,24.444000000000003,measured_linear,/odom,0.15491934716749256,0.5
81d9b0fd-23f8-402e-847e-4c99ab6ff099,24.48,measured_linear,/odom,0.15459102392199053,0.5
81d9b0fd-23f8-402e-847e-4c99ab6ff099,24.516000000000002,measured_linear,/odom,0.1549552142618908,0.5
81d9b0fd-23f8-402e-847e-4c99ab6ff099,24.552000000000003,measured_linear,/odom,0.1535289585590534,0.5
81d9b0fd-23f8-402e-847e-4c99ab6ff099,24.588,measured_linear,/odom,0.15511980354739516,0.5
81d9b0fd-23f8-402e-847e-4c99ab6ff099,24.624000000000002,measured_linear,/odom,0.15529656410221784,0.5
81d9b0fd-23f8-402e-847e-4c99ab6ff099,24.66,measured_linear,/odom,0.1537607163194658,0.5
81d9b0fd-23f8-402e-847e-4c99ab6ff099,24.696,measured_linear,/odom,0.1558096557849442,0.5
81d9b0fd-23f8-402e-847e-4c99ab6ff099,24.732000000000003,measured_linear,/odom,0.1516407579186918,0.5
81d9b0fd-23f8-402e-847e-4c99ab6ff099,24.768,measured_linear,/odom,0.15164075791831433,0.5
81d9b0fd-23f8-402e-847e-4c99ab6ff099,24.804000000000002,measured_linear,/odom,0.15010528266480677,0.5
81d9b0fd-23f8-402e-847e-4c99ab6ff099,24.84,measured_linear,/odom,0.14786207675979343,0.5
81d9b0fd-23f8-402e-847e-4c99ab6ff099,24.876,measured_linear,/odom,0.14786207675929014,0.5
81d9b0fd-23f8-402e-847e-4c99ab6ff099,24.912000000000003,measured_linear,/odom,0.14734527468675357,0.5
81d9b0fd-23f8-402e-847e-4c99ab6ff099,24.948,measured_linear,/odom,0.14562455713803174,0.5
81d9b0fd-23f8-402e-847e-4c99ab6ff099,24.984,measured_linear,/odom,0.14531668424612545,0.5
81d9b0fd-23f8-402e-847e-4c99ab6ff099,25.020000000000003,measured_linear,/odom,0.14528751373292792,0.5
81d9b0fd-23f8-402e-847e-4c99ab6ff099,25.056,measured_linear,/odom,0.14882889776116998,0.5
81d9b0fd-23f8-402e-847e-4c99ab6ff099,25.092000000000002,measured_linear,/odom,0.14508756995241787,0.5
81d9b0fd-23f8-402e-847e-4c99ab6ff099,25.128,measured_linear,/odom,0.14508756995207744,0.5
81d9b0fd-23f8-402e-847e-4c99ab6ff099,25.164,measured_linear,/odom,0.14383947253269933,0.5
81d9b0fd-23f8-402e-847e-4c99ab6ff099,25.200000000000003,measured_linear,/odom,0.14446359872795078,0.5
81d9b0fd-23f8-402e-847e-4c99ab6ff099,25.236,measured_linear,/odom,0.14574631154499565,0.5
81d9b0fd-23f8-402e-847e-4c99ab6ff099,25.272000000000002,measured_linear,/odom,0.145888835191732,0.5
81d9b0fd-23f8-402e-847e-4c99ab6ff099,25.311,measured_linear,/odom,0.14517846554538877,0.5
81d9b0fd-23f8-402e-847e-4c99ab6ff099,25.344,measured_linear,/odom,0.1463422566647887,0.5
81d9b0fd-23f8-402e-847e-4c99ab6ff099,25.380000000000003,measured_linear,/odom,0.1466529369354393,0.5
81d9b0fd-23f8-402e-847e-4c99ab6ff099,25.416,measured_linear,/odom,0.14621627330793083,0.5
81d9b0fd-23f8-402e-847e-4c99ab6ff099,25.452,measured_linear,/odom,0.14335142076019974,0.5
81d9b0fd-23f8-402e-847e-4c99ab6ff099,25.488000000000003,measured_linear,/odom,0.1445482626553603,0.5
81d9b0fd-23f8-402e-847e-4c99ab6ff099,25.524,measured_linear,/odom,0.1446812450885515,0.5
81d9b0fd-23f8-402e-847e-4c99ab6ff099,25.560000000000002,measured_linear,/odom,0.140916327251032,0.5
81d9b0fd-23f8-402e-847e-4c99ab6ff099,25.596,measured_linear,/odom,0.1421949848528688,0.5
81d9b0fd-23f8-402e-847e-4c99ab6ff099,25.632,measured_linear,/odom,0.13629509928310135,0.5
81d9b0fd-23f8-402e-847e-4c99ab6ff099,25.668000000000003,measured_linear,/odom,0.13628938794134626,0.5
81d9b0fd-23f8-402e-847e-4c99ab6ff099,25.704,measured_linear,/odom,0.13659682869898343,0.5
81d9b0fd-23f8-402e-847e-4c99ab6ff099,25.740000000000002,measured_linear,/odom,0.13562133908301782,0.5
81d9b0fd-23f8-402e-847e-4c99ab6ff099,25.776000000000003,measured_linear,/odom,0.13562133908272173,0.5
81d9b0fd-23f8-402e-847e-4c99ab6ff099,25.812,measured_linear,/odom,0.1397640705105581,0.5
81d9b0fd-23f8-402e-847e-4c99ab6ff099,25.848000000000003,measured_linear,/odom,0.13838509321257114,0.5
81d9b0fd-23f8-402e-847e-4c99ab6ff099,25.884,measured_linear,/odom,0.13695447444961317,0.5
81d9b0fd-23f8-402e-847e-4c99ab6ff099,25.92,measured_linear,/odom,0.1366351246834041,0.5
81d9b0fd-23f8-402e-847e-4c99ab6ff099,25.956000000000003,measured_linear,/odom,0.13358125896549095,0.5
81d9b0fd-23f8-402e-847e-4c99ab6ff099,25.992,measured_linear,/odom,0.12984645366677466,0.5
81d9b0fd-23f8-402e-847e-4c99ab6ff099,26.028000000000002,measured_linear,/odom,0.12984645366668582,0.5
81d9b0fd-23f8-402e-847e-4c99ab6ff099,26.064,measured_linear,/odom,0.12992434501644853,0.5
81d9b0fd-23f8-402e-847e-4c99ab6ff099,26.1,measured_linear,/odom,0.133319506930422,0.5
81d9b0fd-23f8-402e-847e-4c99ab6ff099,26.136000000000003,measured_linear,/odom,0.1386968698722309,0.5
81d9b0fd-23f8-402e-847e-4c99ab6ff099,26.172,measured_linear,/odom,0.1396978497505197,0.5
81d9b0fd-23f8-402e-847e-4c99ab6ff099,26.208000000000002,measured_linear,/odom,0.14014335125672367,0.5
81d9b0fd-23f8-402e-847e-4c99ab6ff099,26.244000000000003,measured_linear,/odom,0.13795071542340348,0.5
81d9b0fd-23f8-402e-847e-4c99ab6ff099,26.28,measured_linear,/odom,0.13739018142225518,0.5
81d9b0fd-23f8-402e-847e-4c99ab6ff099,26.316000000000003,measured_linear,/odom,0.13415967137917484,0.5
81d9b0fd-23f8-402e-847e-4c99ab6ff099,26.352,measured_linear,/odom,0.13407972455026967,0.5
81d9b0fd-23f8-402e-847e-4c99ab6ff099,26.388,measured_linear,/odom,0.13196031004254483,0.5
81d9b0fd-23f8-402e-847e-4c99ab6ff099,26.424000000000003,measured_linear,/odom,0.13172481954097187,0.5
81d9b0fd-23f8-402e-847e-4c99ab6ff099,26.46,measured_linear,/odom,0.131970196962287,0.5
81d9b0fd-23f8-402e-847e-4c99ab6ff099,26.496000000000002,measured_linear,/odom,0.13492417721661099,0.5
81d9b0fd-23f8-402e-847e-4c99ab6ff099,26.532,measured_linear,/odom,0.13337577879427207,0.5
81d9b0fd-23f8-402e-847e-4c99ab6ff099,26.568,measured_linear,/odom,0.13337577879428686,0.5
81d9b0fd-23f8-402e-847e-4c99ab6ff099,26.604000000000003,measured_linear,/odom,0.12934424938110625,0.5
81d9b0fd-23f8-402e-847e-4c99ab6ff099,26.64,measured_linear,/odom,0.12586669623913713,0.5
81d9b0fd-23f8-402e-847e-4c99ab6ff099,26.676000000000002,measured_linear,/odom,0.12586669623855243,0.5
81d9b0fd-23f8-402e-847e-4c99ab6ff099,26.712000000000003,measured_linear,/odom,0.12286376208067533,0.5
81d9b0fd-23f8-402e-847e-4c99ab6ff099,26.748,measured_linear,/odom,0.12080281972947451,0.5
81d9b0fd-23f8-402e-847e-4c99ab6ff099,26.784000000000002,measured_linear,/odom,0.12047035247086946,0.5
81d9b0fd-23f8-402e-847e-4c99ab6ff099,26.82,measured_linear,/odom,0.12044448405497861,0.5
81d9b0fd-23f8-402e-847e-4c99ab6ff099,26.856,measured_linear,/odom,0.11763993860565887,0.5
81d9b0fd-23f8-402e-847e-4c99ab6ff099,26.892000000000003,measured_linear,/odom,0.11869312822816447,0.5
81d9b0fd-23f8-402e-847e-4c99ab6ff099,26.928,measured_linear,/odom,0.11869312822815707,0.5
81d9b0fd-23f8-402e-847e-4c99ab6ff099,26.964000000000002,measured_linear,/odom,0.11773053109678984,0.5
81d9b0fd-23f8-402e-847e-4c99ab6ff099,27.0,measured_linear,/odom,0.11615520715752374,0.5
81d9b0fd-23f8-402e-847e-4c99ab6ff099,27.036,measured_linear,/odom,0.1169633097944045,0.5
81d9b0fd-23f8-402e-847e-4c99ab6ff099,27.072000000000003,measured_linear,/odom,0.11705309897657537,0.5
81d9b0fd-23f8-402e-847e-4c99ab6ff099,27.108,measured_linear,/odom,0.11526288539226806,0.5
81d9b0fd-23f8-402e-847e-4c99ab6ff099,27.144000000000002,measured_linear,/odom,0.11331534534753847,0.5
81d9b0fd-23f8-402e-847e-4c99ab6ff099,27.180000000000003,measured_linear,/odom,0.112878188490891,0.5
81d9b0fd-23f8-402e-847e-4c99ab6ff099,27.216,measured_linear,/odom,0.11149614676874511,0.5
81d9b0fd-23f8-402e-847e-4c99ab6ff099,27.252000000000002,measured_linear,/odom,0.10959832370280125,0.5
81d9b0fd-23f8-402e-847e-4c99ab6ff099,27.288,measured_linear,/odom,0.10874880105283442,0.5
81d9b0fd-23f8-402e-847e-4c99ab6ff099,27.324,measured_linear,/odom,0.10865440964700213,0.5
81d9b0fd-23f8-402e-847e-4c99ab6ff099,27.360000000000003,measured_linear,/odom,0.10792721807975822,0.5
81d9b0fd-23f8-402e-847e-4c99ab6ff099,27.396,measured_linear,/odom,0.10848374292237543,0.5
81d9b0fd-23f8-402e-847e-4c99ab6ff099,27.432000000000002,measured_linear,/odom,0.10774738341572387,0.5
81d9b0fd-23f8-402e-847e-4c99ab6ff099,27.468,measured_linear,/odom,0.10774738341571648,0.5
81d9b0fd-23f8-402e-847e-4c99ab6ff099,27.504,measured_linear,/odom,0.1052878818043205,0.5
81d9b0fd-23f8-402e-847e-4c99ab6ff099,27.540000000000003,measured_linear,/odom,0.10463497787713087,0.5
81d9b0fd-23f8-402e-847e-4c99ab6ff099,27.576,measured_linear,/odom,0.10463497787711606,0.5
81d9b0fd-23f8-402e-847e-4c99ab6ff099,27.612000000000002,measured_linear,/odom,0.10074609518077408,0.5
81d9b0fd-23f8-402e-847e-4c99ab6ff099,27.648000000000003,measured_linear,/odom,0.10132707506399127,0.5
81d9b0fd-23f8-402e-847e-4c99ab6ff099,27.684,measured_linear,/odom,0.1018728405235129,0.5
81d9b0fd-23f8-402e-847e-4c99ab6ff099,27.720000000000002,measured_linear,/odom,0.10199314355844684,0.5
81d9b0fd-23f8-402e-847e-4c99ab6ff099,27.756,measured_linear,/odom,0.10277744829631322,0.5
81d9b0fd-23f8-402e-847e-4c99ab6ff099,27.792,measured_linear,/odom,0.10077664256099943,0.5
81d9b0fd-23f8-402e-847e-4c99ab6ff099,27.828000000000003,measured_linear,/odom,0.10077664256099943,0.5
81d9b0fd-23f8-402e-847e-4c99ab6ff099,27.864,measured_linear,/odom,0.10079068541530105,0.5
81d9b0fd-23f8-402e-847e-4c99ab6ff099,27.900000000000002,measured_linear,/odom,0.10204258561099522,0.5
81d9b0fd-23f8-402e-847e-4c99ab6ff099,27.936000000000003,measured_linear,/odom,0.0998956114060349,0.5
81d9b0fd-23f8-402e-847e-4c99ab6ff099,27.972,measured_linear,/odom,0.09965705871584815,0.5
81d9b0fd-23f8-402e-847e-4c99ab6ff099,28.008000000000003,measured_linear,/odom,0.09996057748780098,0.5
81d9b0fd-23f8-402e-847e-4c99ab6ff099,28.044,measured_linear,/odom,0.10138573646492066,0.5
81d9b0fd-23f8-402e-847e-4c99ab6ff099,28.080000000000002,measured_linear,/odom,0.10173359513276173,0.5
81d9b0fd-23f8-402e-847e-4c99ab6ff099,28.116000000000003,measured_linear,/odom,0.10112175643463375,0.5
81d9b0fd-23f8-402e-847e-4c99ab6ff099,28.152,measured_linear,/odom,0.09874635189766057,0.5
81d9b0fd-23f8-402e-847e-4c99ab6ff099,28.188000000000002,measured_linear,/odom,0.09579253196795681,0.5
81d9b0fd-23f8-402e-847e-4c99ab6ff099,28.224,measured_linear,/odom,0.09579253196714266,0.5
81d9b0fd-23f8-402e-847e-4c99ab6ff099,28.26,measured_linear,/odom,0.09618923068037688,0.5
81d9b0fd-23f8-402e-847e-4c99ab6ff099,28.296000000000003,measured_linear,/odom,0.0933812460431079,0.5
81d9b0fd-23f8-402e-847e-4c99ab6ff099,28.332,measured_linear,/odom,0.09096752852199388,0.5
81d9b0fd-23f8-402e-847e-4c99ab6ff099,28.368000000000002,measured_linear,/odom,0.0909675285220605,0.5
81d9b0fd-23f8-402e-847e-4c99ab6ff099,28.404000000000003,measured_linear,/odom,0.08913608640493584,0.5
81d9b0fd-23f8-402e-847e-4c99ab6ff099,28.44,measured_linear,/odom,0.0921479934325342,0.5
81d9b0fd-23f8-402e-847e-4c99ab6ff099,28.476000000000003,measured_linear,/odom,0.09220018982887267,0.5
81d9b0fd-23f8-402e-847e-4c99ab6ff099,28.512,measured_linear,/odom,0.08847823739071005,0.5
81d9b0fd-23f8-402e-847e-4c99ab6ff099,28.548000000000002,measured_linear,/odom,0.08819845616825361,0.5
81d9b0fd-23f8-402e-847e-4c99ab6ff099,28.584000000000003,measured_linear,/odom,0.08722130060231001,0.5
81d9b0fd-23f8-402e-847e-4c99ab6ff099,28.62,measured_linear,/odom,0.08698478341106301,0.5
81d9b0fd-23f8-402e-847e-4c99ab6ff099,28.656000000000002,measured_linear,/odom,0.08312472911005118,0.5
81d9b0fd-23f8-402e-847e-4c99ab6ff099,28.692,measured_linear,/odom,0.08328814804548686,0.5
81d9b0fd-23f8-402e-847e-4c99ab6ff099,28.728,measured_linear,/odom,0.08328814804549425,0.5
81d9b0fd-23f8-402e-847e-4c99ab6ff099,28.764000000000003,measured_linear,/odom,0.08212572038209429,0.5
81d9b0fd-23f8-402e-847e-4c99ab6ff099,28.8,measured_linear,/odom,0.08226904273020975,0.5
81d9b0fd-23f8-402e-847e-4c99ab6ff099,28.836000000000002,measured_linear,/odom,0.07694410417250866,0.5
81d9b0fd-23f8-402e-847e-4c99ab6ff099,28.872000000000003,measured_linear,/odom,0.07594770193097844,0.5
81d9b0fd-23f8-402e-847e-4c99ab6ff099,28.911,measured_linear,/odom,0.07484856620463276,0.5
81d9b0fd-23f8-402e-847e-4c99ab6ff099,28.944000000000003,measured_linear,/odom,0.06392644001900205,0.5
81d9b0fd-23f8-402e-847e-4c99ab6ff099,28.98,measured_linear,/odom,0.02822644002063631,0.5
81d9b0fd-23f8-402e-847e-4c99ab6ff099,29.016000000000002,measured_linear,/odom,0.0008452880048803735,0.5
81d9b0fd-23f8-402e-847e-4c99ab6ff099,29.052000000000003,measured_linear,/odom,0.0,0.5
81d9b0fd-23f8-402e-847e-4c99ab6ff099,29.088,measured_linear,/odom,0.0,0.5
81d9b0fd-23f8-402e-847e-4c99ab6ff099,29.124000000000002,measured_linear,/odom,0.0,0.5
81d9b0fd-23f8-402e-847e-4c99ab6ff099,29.16,measured_linear,/odom,0.0,0.5
81d9b0fd-23f8-402e-847e-4c99ab6ff099,29.196,measured_linear,/odom,0.0,0.5
81d9b0fd-23f8-402e-847e-4c99ab6ff099,29.232000000000003,measured_linear,/odom,0.0,0.5
81d9b0fd-23f8-402e-847e-4c99ab6ff099,29.268,measured_linear,/odom,0.0,0.5
81d9b0fd-23f8-402e-847e-4c99ab6ff099,29.304000000000002,measured_linear,/odom,0.0,0.5
81d9b0fd-23f8-402e-847e-4c99ab6ff099,29.340000000000003,measured_linear,/odom,0.0,0.5
81d9b0fd-23f8-402e-847e-4c99ab6ff099,29.376,measured_linear,/odom,0.0,0.5
81d9b0fd-23f8-402e-847e-4c99ab6ff099,29.412000000000003,measured_linear,/odom,0.0,0.5
81d9b0fd-23f8-402e-847e-4c99ab6ff099,29.448,measured_linear,/odom,0.0,0.5
81d9b0fd-23f8-402e-847e-4c99ab6ff099,29.484,measured_linear,/odom,0.0,0.5
81d9b0fd-23f8-402e-847e-4c99ab6ff099,29.520000000000003,measured_linear,/odom,0.0,0.5
81d9b0fd-23f8-402e-847e-4c99ab6ff099,29.556,measured_linear,/odom,0.0,0.5
81d9b0fd-23f8-402e-847e-4c99ab6ff099,29.592000000000002,measured_linear,/odom,0.0,0.5
81d9b0fd-23f8-402e-847e-4c99ab6ff099,29.628,measured_linear,/odom,0.0,0.5
81d9b0fd-23f8-402e-847e-4c99ab6ff099,9.609,minimum_front_range,/scan,0.9366558194160461,0.5
81d9b0fd-23f8-402e-847e-4c99ab6ff099,9.711,minimum_front_range,/scan,0.9249927401542664,0.5
81d9b0fd-23f8-402e-847e-4c99ab6ff099,9.81,minimum_front_range,/scan,0.9293082356452942,0.5
81d9b0fd-23f8-402e-847e-4c99ab6ff099,9.909,minimum_front_range,/scan,0.9294270873069763,0.5
81d9b0fd-23f8-402e-847e-4c99ab6ff099,10.011000000000001,minimum_front_range,/scan,0.9348116517066956,0.5
81d9b0fd-23f8-402e-847e-4c99ab6ff099,10.110000000000001,minimum_front_range,/scan,0.91783207654953,0.5
81d9b0fd-23f8-402e-847e-4c99ab6ff099,10.209000000000001,minimum_front_range,/scan,0.9367443323135376,0.5
81d9b0fd-23f8-402e-847e-4c99ab6ff099,10.311,minimum_front_range,/scan,0.9345578551292419,0.5
81d9b0fd-23f8-402e-847e-4c99ab6ff099,10.41,minimum_front_range,/scan,0.9284911155700684,0.5
81d9b0fd-23f8-402e-847e-4c99ab6ff099,10.509,minimum_front_range,/scan,0.9360358119010925,0.5
81d9b0fd-23f8-402e-847e-4c99ab6ff099,10.611,minimum_front_range,/scan,0.920377254486084,0.5
81d9b0fd-23f8-402e-847e-4c99ab6ff099,10.71,minimum_front_range,/scan,0.9359708428382874,0.5
81d9b0fd-23f8-402e-847e-4c99ab6ff099,10.809000000000001,minimum_front_range,/scan,0.9381430149078369,0.5
81d9b0fd-23f8-402e-847e-4c99ab6ff099,10.911000000000001,minimum_front_range,/scan,0.9337021708488464,0.5
81d9b0fd-23f8-402e-847e-4c99ab6ff099,11.010000000000002,minimum_front_range,/scan,0.9283517599105835,0.5
81d9b0fd-23f8-402e-847e-4c99ab6ff099,11.109,minimum_front_range,/scan,0.9207678437232971,0.5
81d9b0fd-23f8-402e-847e-4c99ab6ff099,11.211,minimum_front_range,/scan,0.9297659397125244,0.5
81d9b0fd-23f8-402e-847e-4c99ab6ff099,11.31,minimum_front_range,/scan,0.9427129626274109,0.5
81d9b0fd-23f8-402e-847e-4c99ab6ff099,11.409,minimum_front_range,/scan,0.912172794342041,0.5
81d9b0fd-23f8-402e-847e-4c99ab6ff099,11.511000000000001,minimum_front_range,/scan,0.9099029302597046,0.5
81d9b0fd-23f8-402e-847e-4c99ab6ff099,11.610000000000001,minimum_front_range,/scan,0.900950014591217,0.5
81d9b0fd-23f8-402e-847e-4c99ab6ff099,11.709000000000001,minimum_front_range,/scan,0.8932945132255554,0.5
81d9b0fd-23f8-402e-847e-4c99ab6ff099,11.811,minimum_front_range,/scan,0.8830283880233765,0.5
81d9b0fd-23f8-402e-847e-4c99ab6ff099,11.91,minimum_front_range,/scan,0.8769286274909973,0.5
81d9b0fd-23f8-402e-847e-4c99ab6ff099,12.009,minimum_front_range,/scan,0.8678220510482788,0.5
81d9b0fd-23f8-402e-847e-4c99ab6ff099,12.111,minimum_front_range,/scan,0.8467028141021729,0.5
81d9b0fd-23f8-402e-847e-4c99ab6ff099,12.21,minimum_front_range,/scan,0.8371346592903137,0.5
81d9b0fd-23f8-402e-847e-4c99ab6ff099,12.309000000000001,minimum_front_range,/scan,0.8269104957580566,0.5
81d9b0fd-23f8-402e-847e-4c99ab6ff099,12.411000000000001,minimum_front_range,/scan,0.8187351226806641,0.5
81d9b0fd-23f8-402e-847e-4c99ab6ff099,12.510000000000002,minimum_front_range,/scan,0.8298589587211609,0.5
81d9b0fd-23f8-402e-847e-4c99ab6ff099,12.609,minimum_front_range,/scan,0.8307163119316101,0.5
81d9b0fd-23f8-402e-847e-4c99ab6ff099,12.711,minimum_front_range,/scan,0.8204534649848938,0.5
81d9b0fd-23f8-402e-847e-4c99ab6ff099,12.81,minimum_front_range,/scan,0.8126596808433533,0.5
81d9b0fd-23f8-402e-847e-4c99ab6ff099,12.909,minimum_front_range,/scan,0.8192049264907837,0.5
81d9b0fd-23f8-402e-847e-4c99ab6ff099,13.011000000000001,minimum_front_range,/scan,0.8337783813476562,0.5
81d9b0fd-23f8-402e-847e-4c99ab6ff099,13.110000000000001,minimum_front_range,/scan,0.8335610628128052,0.5
81d9b0fd-23f8-402e-847e-4c99ab6ff099,13.209000000000001,minimum_front_range,/scan,1.713291883468628,0.5
81d9b0fd-23f8-402e-847e-4c99ab6ff099,13.311,minimum_front_range,/scan,1.7086101770401,0.5
81d9b0fd-23f8-402e-847e-4c99ab6ff099,13.41,minimum_front_range,/scan,1.6756446361541748,0.5
81d9b0fd-23f8-402e-847e-4c99ab6ff099,13.509,minimum_front_range,/scan,1.666935920715332,0.5
81d9b0fd-23f8-402e-847e-4c99ab6ff099,13.611,minimum_front_range,/scan,1.6502898931503296,0.5
81d9b0fd-23f8-402e-847e-4c99ab6ff099,13.71,minimum_front_range,/scan,1.6422550678253174,0.5
81d9b0fd-23f8-402e-847e-4c99ab6ff099,13.809000000000001,minimum_front_range,/scan,1.6223360300064087,0.5
81d9b0fd-23f8-402e-847e-4c99ab6ff099,13.914000000000001,minimum_front_range,/scan,1.6078190803527832,0.5
81d9b0fd-23f8-402e-847e-4c99ab6ff099,14.010000000000002,minimum_front_range,/scan,1.6000701189041138,0.5
81d9b0fd-23f8-402e-847e-4c99ab6ff099,14.109000000000002,minimum_front_range,/scan,1.5677160024642944,0.5
81d9b0fd-23f8-402e-847e-4c99ab6ff099,14.211,minimum_front_range,/scan,1.5692603588104248,0.5
81d9b0fd-23f8-402e-847e-4c99ab6ff099,14.31,minimum_front_range,/scan,1.558244228363037,0.5
81d9b0fd-23f8-402e-847e-4c99ab6ff099,14.409,minimum_front_range,/scan,1.523575782775879,0.5
81d9b0fd-23f8-402e-847e-4c99ab6ff099,14.511000000000001,minimum_front_range,/scan,1.513947606086731,0.5
81d9b0fd-23f8-402e-847e-4c99ab6ff099,14.610000000000001,minimum_front_range,/scan,1.4985748529434204,0.5
81d9b0fd-23f8-402e-847e-4c99ab6ff099,14.709000000000001,minimum_front_range,/scan,1.4785934686660767,0.5
81d9b0fd-23f8-402e-847e-4c99ab6ff099,14.811000000000002,minimum_front_range,/scan,1.461755633354187,0.5
81d9b0fd-23f8-402e-847e-4c99ab6ff099,14.91,minimum_front_range,/scan,1.4411121606826782,0.5
81d9b0fd-23f8-402e-847e-4c99ab6ff099,15.009,minimum_front_range,/scan,1.430078387260437,0.5
81d9b0fd-23f8-402e-847e-4c99ab6ff099,15.111,minimum_front_range,/scan,1.416204571723938,0.5
81d9b0fd-23f8-402e-847e-4c99ab6ff099,15.21,minimum_front_range,/scan,1.3962924480438232,0.5
81d9b0fd-23f8-402e-847e-4c99ab6ff099,15.309000000000001,minimum_front_range,/scan,1.3865468502044678,0.5
81d9b0fd-23f8-402e-847e-4c99ab6ff099,15.411000000000001,minimum_front_range,/scan,1.3634270429611206,0.5
81d9b0fd-23f8-402e-847e-4c99ab6ff099,15.510000000000002,minimum_front_range,/scan,1.3456370830535889,0.5
81d9b0fd-23f8-402e-847e-4c99ab6ff099,15.609000000000002,minimum_front_range,/scan,1.317800521850586,0.5
81d9b0fd-23f8-402e-847e-4c99ab6ff099,15.711,minimum_front_range,/scan,1.314931869506836,0.5
81d9b0fd-23f8-402e-847e-4c99ab6ff099,15.813,minimum_front_range,/scan,1.2921110391616821,0.5
81d9b0fd-23f8-402e-847e-4c99ab6ff099,15.909,minimum_front_range,/scan,1.2629773616790771,0.5
81d9b0fd-23f8-402e-847e-4c99ab6ff099,16.011,minimum_front_range,/scan,1.2616088390350342,0.5
81d9b0fd-23f8-402e-847e-4c99ab6ff099,16.11,minimum_front_range,/scan,1.253783106803894,0.5
81d9b0fd-23f8-402e-847e-4c99ab6ff099,16.209,minimum_front_range,/scan,0.0,0.5
81d9b0fd-23f8-402e-847e-4c99ab6ff099,16.311,minimum_front_range,/scan,0.0,0.5
81d9b0fd-23f8-402e-847e-4c99ab6ff099,16.41,minimum_front_range,/scan,0.0,0.5
81d9b0fd-23f8-402e-847e-4c99ab6ff099,16.509,minimum_front_range,/scan,0.0,0.5
81d9b0fd-23f8-402e-847e-4c99ab6ff099,16.611,minimum_front_range,/scan,0.0,0.5
81d9b0fd-23f8-402e-847e-4c99ab6ff099,16.71,minimum_front_range,/scan,0.0,0.5
81d9b0fd-23f8-402e-847e-4c99ab6ff099,16.809,minimum_front_range,/scan,0.0,0.5
81d9b0fd-23f8-402e-847e-4c99ab6ff099,16.911,minimum_front_range,/scan,0.0,0.5
81d9b0fd-23f8-402e-847e-4c99ab6ff099,17.01,minimum_front_range,/scan,0.0,0.5
81d9b0fd-23f8-402e-847e-4c99ab6ff099,17.109,minimum_front_range,/scan,0.0,0.5
81d9b0fd-23f8-402e-847e-4c99ab6ff099,17.211000000000002,minimum_front_range,/scan,0.0,0.5
81d9b0fd-23f8-402e-847e-4c99ab6ff099,17.310000000000002,minimum_front_range,/scan,0.0,0.5
81d9b0fd-23f8-402e-847e-4c99ab6ff099,17.409000000000002,minimum_front_range,/scan,0.0,0.5
81d9b0fd-23f8-402e-847e-4c99ab6ff099,17.511000000000003,minimum_front_range,/scan,0.0,0.5
81d9b0fd-23f8-402e-847e-4c99ab6ff099,17.61,minimum_front_range,/scan,0.0,0.5
81d9b0fd-23f8-402e-847e-4c99ab6ff099,17.709,minimum_front_range,/scan,0.0,0.5
81d9b0fd-23f8-402e-847e-4c99ab6ff099,17.811,minimum_front_range,/scan,0.0,0.5
81d9b0fd-23f8-402e-847e-4c99ab6ff099,17.91,minimum_front_range,/scan,0.0,0.5
81d9b0fd-23f8-402e-847e-4c99ab6ff099,18.009,minimum_front_range,/scan,0.0,0.5
81d9b0fd-23f8-402e-847e-4c99ab6ff099,18.111,minimum_front_range,/scan,0.0,0.5
81d9b0fd-23f8-402e-847e-4c99ab6ff099,18.21,minimum_front_range,/scan,0.0,0.5
81d9b0fd-23f8-402e-847e-4c99ab6ff099,18.309,minimum_front_range,/scan,0.0,0.5
81d9b0fd-23f8-402e-847e-4c99ab6ff099,18.411,minimum_front_range,/scan,0.0,0.5
81d9b0fd-23f8-402e-847e-4c99ab6ff099,18.51,minimum_front_range,/scan,0.0,0.5
81d9b0fd-23f8-402e-847e-4c99ab6ff099,18.609,minimum_front_range,/scan,0.0,0.5
81d9b0fd-23f8-402e-847e-4c99ab6ff099,18.711000000000002,minimum_front_range,/scan,0.0,0.5
81d9b0fd-23f8-402e-847e-4c99ab6ff099,18.810000000000002,minimum_front_range,/scan,0.0,0.5
81d9b0fd-23f8-402e-847e-4c99ab6ff099,18.909000000000002,minimum_front_range,/scan,0.0,0.5
81d9b0fd-23f8-402e-847e-4c99ab6ff099,19.011000000000003,minimum_front_range,/scan,0.0,0.5
81d9b0fd-23f8-402e-847e-4c99ab6ff099,19.11,minimum_front_range,/scan,0.0,0.5
81d9b0fd-23f8-402e-847e-4c99ab6ff099,19.209,minimum_front_range,/scan,0.0,0.5
81d9b0fd-23f8-402e-847e-4c99ab6ff099,19.311,minimum_front_range,/scan,0.0,0.5
81d9b0fd-23f8-402e-847e-4c99ab6ff099,19.41,minimum_front_range,/scan,0.0,0.5
81d9b0fd-23f8-402e-847e-4c99ab6ff099,19.509,minimum_front_range,/scan,0.0,0.5
81d9b0fd-23f8-402e-847e-4c99ab6ff099,19.611,minimum_front_range,/scan,0.0,0.5
81d9b0fd-23f8-402e-847e-4c99ab6ff099,19.71,minimum_front_range,/scan,0.0,0.5
81d9b0fd-23f8-402e-847e-4c99ab6ff099,19.809,minimum_front_range,/scan,0.0,0.5
81d9b0fd-23f8-402e-847e-4c99ab6ff099,19.911,minimum_front_range,/scan,0.0,0.5
81d9b0fd-23f8-402e-847e-4c99ab6ff099,20.01,minimum_front_range,/scan,0.0,0.5
81d9b0fd-23f8-402e-847e-4c99ab6ff099,20.109,minimum_front_range,/scan,0.0,0.5
81d9b0fd-23f8-402e-847e-4c99ab6ff099,20.214000000000002,minimum_front_range,/scan,0.0,0.5
81d9b0fd-23f8-402e-847e-4c99ab6ff099,20.310000000000002,minimum_front_range,/scan,0.0,0.5
81d9b0fd-23f8-402e-847e-4c99ab6ff099,20.409000000000002,minimum_front_range,/scan,0.0,0.5
81d9b0fd-23f8-402e-847e-4c99ab6ff099,20.511000000000003,minimum_front_range,/scan,0.0,0.5
81d9b0fd-23f8-402e-847e-4c99ab6ff099,20.610000000000003,minimum_front_range,/scan,0.0,0.5
81d9b0fd-23f8-402e-847e-4c99ab6ff099,20.709,minimum_front_range,/scan,0.0,0.5
81d9b0fd-23f8-402e-847e-4c99ab6ff099,20.811,minimum_front_range,/scan,0.0,0.5
81d9b0fd-23f8-402e-847e-4c99ab6ff099,20.91,minimum_front_range,/scan,0.0,0.5
81d9b0fd-23f8-402e-847e-4c99ab6ff099,21.009,minimum_front_range,/scan,0.0,0.5
81d9b0fd-23f8-402e-847e-4c99ab6ff099,21.111,minimum_front_range,/scan,0.0,0.5
81d9b0fd-23f8-402e-847e-4c99ab6ff099,21.21,minimum_front_range,/scan,0.0,0.5
81d9b0fd-23f8-402e-847e-4c99ab6ff099,21.309,minimum_front_range,/scan,0.0,0.5
81d9b0fd-23f8-402e-847e-4c99ab6ff099,21.414,minimum_front_range,/scan,0.0,0.5
81d9b0fd-23f8-402e-847e-4c99ab6ff099,21.51,minimum_front_range,/scan,0.0,0.5
81d9b0fd-23f8-402e-847e-4c99ab6ff099,21.609,minimum_front_range,/scan,0.0,0.5
81d9b0fd-23f8-402e-847e-4c99ab6ff099,21.711000000000002,minimum_front_range,/scan,0.0,0.5
81d9b0fd-23f8-402e-847e-4c99ab6ff099,21.810000000000002,minimum_front_range,/scan,0.0,0.5
81d9b0fd-23f8-402e-847e-4c99ab6ff099,21.909000000000002,minimum_front_range,/scan,0.0,0.5
81d9b0fd-23f8-402e-847e-4c99ab6ff099,22.011000000000003,minimum_front_range,/scan,0.0,0.5
81d9b0fd-23f8-402e-847e-4c99ab6ff099,22.110000000000003,minimum_front_range,/scan,0.0,0.5
81d9b0fd-23f8-402e-847e-4c99ab6ff099,22.209,minimum_front_range,/scan,0.0,0.5
81d9b0fd-23f8-402e-847e-4c99ab6ff099,22.311,minimum_front_range,/scan,0.0,0.5
81d9b0fd-23f8-402e-847e-4c99ab6ff099,22.41,minimum_front_range,/scan,0.0,0.5
81d9b0fd-23f8-402e-847e-4c99ab6ff099,22.509,minimum_front_range,/scan,0.0,0.5
81d9b0fd-23f8-402e-847e-4c99ab6ff099,22.611,minimum_front_range,/scan,0.0,0.5
81d9b0fd-23f8-402e-847e-4c99ab6ff099,22.71,minimum_front_range,/scan,0.0,0.5
81d9b0fd-23f8-402e-847e-4c99ab6ff099,22.809,minimum_front_range,/scan,0.0,0.5
81d9b0fd-23f8-402e-847e-4c99ab6ff099,22.911,minimum_front_range,/scan,0.0,0.5
81d9b0fd-23f8-402e-847e-4c99ab6ff099,23.01,minimum_front_range,/scan,0.0,0.5
81d9b0fd-23f8-402e-847e-4c99ab6ff099,23.109,minimum_front_range,/scan,0.0,0.5
81d9b0fd-23f8-402e-847e-4c99ab6ff099,23.211000000000002,minimum_front_range,/scan,0.0,0.5
81d9b0fd-23f8-402e-847e-4c99ab6ff099,23.310000000000002,minimum_front_range,/scan,0.0,0.5
81d9b0fd-23f8-402e-847e-4c99ab6ff099,23.409000000000002,minimum_front_range,/scan,0.0,0.5
81d9b0fd-23f8-402e-847e-4c99ab6ff099,23.511000000000003,minimum_front_range,/scan,0.0,0.5
81d9b0fd-23f8-402e-847e-4c99ab6ff099,23.610000000000003,minimum_front_range,/scan,0.0,0.5
81d9b0fd-23f8-402e-847e-4c99ab6ff099,23.709000000000003,minimum_front_range,/scan,0.0,0.5
81d9b0fd-23f8-402e-847e-4c99ab6ff099,23.814,minimum_front_range,/scan,0.0,0.5
81d9b0fd-23f8-402e-847e-4c99ab6ff099,23.91,minimum_front_range,/scan,0.0,0.5
81d9b0fd-23f8-402e-847e-4c99ab6ff099,24.009,minimum_front_range,/scan,0.0,0.5
81d9b0fd-23f8-402e-847e-4c99ab6ff099,24.111,minimum_front_range,/scan,0.0,0.5
81d9b0fd-23f8-402e-847e-4c99ab6ff099,24.21,minimum_front_range,/scan,0.0,0.5
81d9b0fd-23f8-402e-847e-4c99ab6ff099,24.309,minimum_front_range,/scan,0.0,0.5
81d9b0fd-23f8-402e-847e-4c99ab6ff099,24.411,minimum_front_range,/scan,0.0,0.5
81d9b0fd-23f8-402e-847e-4c99ab6ff099,24.51,minimum_front_range,/scan,0.0,0.5
81d9b0fd-23f8-402e-847e-4c99ab6ff099,24.609,minimum_front_range,/scan,0.0,0.5
81d9b0fd-23f8-402e-847e-4c99ab6ff099,24.711000000000002,minimum_front_range,/scan,0.0,0.5
81d9b0fd-23f8-402e-847e-4c99ab6ff099,24.810000000000002,minimum_front_range,/scan,0.0,0.5
81d9b0fd-23f8-402e-847e-4c99ab6ff099,24.909000000000002,minimum_front_range,/scan,0.0,0.5
81d9b0fd-23f8-402e-847e-4c99ab6ff099,25.011000000000003,minimum_front_range,/scan,0.0,0.5
81d9b0fd-23f8-402e-847e-4c99ab6ff099,25.110000000000003,minimum_front_range,/scan,0.0,0.5
81d9b0fd-23f8-402e-847e-4c99ab6ff099,25.209000000000003,minimum_front_range,/scan,0.0,0.5
81d9b0fd-23f8-402e-847e-4c99ab6ff099,25.311,minimum_front_range,/scan,0.0,0.5
81d9b0fd-23f8-402e-847e-4c99ab6ff099,25.41,minimum_front_range,/scan,0.0,0.5
81d9b0fd-23f8-402e-847e-4c99ab6ff099,25.509,minimum_front_range,/scan,0.0,0.5
81d9b0fd-23f8-402e-847e-4c99ab6ff099,25.611,minimum_front_range,/scan,0.0,0.5
81d9b0fd-23f8-402e-847e-4c99ab6ff099,25.71,minimum_front_range,/scan,0.0,0.5
81d9b0fd-23f8-402e-847e-4c99ab6ff099,25.809,minimum_front_range,/scan,0.0,0.5
81d9b0fd-23f8-402e-847e-4c99ab6ff099,25.911,minimum_front_range,/scan,0.0,0.5
81d9b0fd-23f8-402e-847e-4c99ab6ff099,26.01,minimum_front_range,/scan,0.0,0.5
81d9b0fd-23f8-402e-847e-4c99ab6ff099,26.109,minimum_front_range,/scan,0.0,0.5
81d9b0fd-23f8-402e-847e-4c99ab6ff099,26.211000000000002,minimum_front_range,/scan,0.0,0.5
81d9b0fd-23f8-402e-847e-4c99ab6ff099,26.310000000000002,minimum_front_range,/scan,0.0,0.5
81d9b0fd-23f8-402e-847e-4c99ab6ff099,26.409000000000002,minimum_front_range,/scan,0.0,0.5
81d9b0fd-23f8-402e-847e-4c99ab6ff099,26.511000000000003,minimum_front_range,/scan,0.0,0.5
81d9b0fd-23f8-402e-847e-4c99ab6ff099,26.610000000000003,minimum_front_range,/scan,0.0,0.5
81d9b0fd-23f8-402e-847e-4c99ab6ff099,26.709000000000003,minimum_front_range,/scan,0.0,0.5
81d9b0fd-23f8-402e-847e-4c99ab6ff099,26.811,minimum_front_range,/scan,0.0,0.5
81d9b0fd-23f8-402e-847e-4c99ab6ff099,26.91,minimum_front_range,/scan,0.0,0.5
81d9b0fd-23f8-402e-847e-4c99ab6ff099,27.009,minimum_front_range,/scan,0.0,0.5
81d9b0fd-23f8-402e-847e-4c99ab6ff099,27.111,minimum_front_range,/scan,0.0,0.5
81d9b0fd-23f8-402e-847e-4c99ab6ff099,27.21,minimum_front_range,/scan,0.0,0.5
81d9b0fd-23f8-402e-847e-4c99ab6ff099,27.309,minimum_front_range,/scan,0.0,0.5
81d9b0fd-23f8-402e-847e-4c99ab6ff099,27.411,minimum_front_range,/scan,0.0,0.5
81d9b0fd-23f8-402e-847e-4c99ab6ff099,27.51,minimum_front_range,/scan,0.0,0.5
81d9b0fd-23f8-402e-847e-4c99ab6ff099,27.609,minimum_front_range,/scan,0.0,0.5
81d9b0fd-23f8-402e-847e-4c99ab6ff099,27.714000000000002,minimum_front_range,/scan,0.0,0.5
81d9b0fd-23f8-402e-847e-4c99ab6ff099,27.810000000000002,minimum_front_range,/scan,0.0,0.5
81d9b0fd-23f8-402e-847e-4c99ab6ff099,27.909000000000002,minimum_front_range,/scan,0.0,0.5
81d9b0fd-23f8-402e-847e-4c99ab6ff099,28.011000000000003,minimum_front_range,/scan,0.0,0.5
81d9b0fd-23f8-402e-847e-4c99ab6ff099,28.110000000000003,minimum_front_range,/scan,0.0,0.5
81d9b0fd-23f8-402e-847e-4c99ab6ff099,28.209000000000003,minimum_front_range,/scan,0.0,0.5
81d9b0fd-23f8-402e-847e-4c99ab6ff099,28.311000000000003,minimum_front_range,/scan,0.0,0.5
81d9b0fd-23f8-402e-847e-4c99ab6ff099,28.41,minimum_front_range,/scan,0.0,0.5
81d9b0fd-23f8-402e-847e-4c99ab6ff099,28.509,minimum_front_range,/scan,0.0,0.5
81d9b0fd-23f8-402e-847e-4c99ab6ff099,28.611,minimum_front_range,/scan,0.0,0.5
81d9b0fd-23f8-402e-847e-4c99ab6ff099,28.707,minimum_front_range,/scan,0.0,0.5
81d9b0fd-23f8-402e-847e-4c99ab6ff099,28.809,minimum_front_range,/scan,0.0,0.5
81d9b0fd-23f8-402e-847e-4c99ab6ff099,28.911,minimum_front_range,/scan,0.0,0.5
81d9b0fd-23f8-402e-847e-4c99ab6ff099,29.01,minimum_front_range,/scan,0.0,0.5
81d9b0fd-23f8-402e-847e-4c99ab6ff099,29.109,minimum_front_range,/scan,0.0,0.5
81d9b0fd-23f8-402e-847e-4c99ab6ff099,29.211000000000002,minimum_front_range,/scan,0.0,0.5
81d9b0fd-23f8-402e-847e-4c99ab6ff099,29.310000000000002,minimum_front_range,/scan,0.0,0.5
81d9b0fd-23f8-402e-847e-4c99ab6ff099,29.409000000000002,minimum_front_range,/scan,0.0,0.5
81d9b0fd-23f8-402e-847e-4c99ab6ff099,29.511000000000003,minimum_front_range,/scan,0.0,0.5
81d9b0fd-23f8-402e-847e-4c99ab6ff099,29.610000000000003,minimum_front_range,/scan,0.0,0.5
81d9b0fd-23f8-402e-847e-4c99ab6ff099,9.609,minimum_left_range,/scan,0.9227176904678345,0.5
81d9b0fd-23f8-402e-847e-4c99ab6ff099,9.711,minimum_left_range,/scan,0.9537491202354431,0.5
81d9b0fd-23f8-402e-847e-4c99ab6ff099,9.81,minimum_left_range,/scan,0.9493517875671387,0.5
81d9b0fd-23f8-402e-847e-4c99ab6ff099,9.909,minimum_left_range,/scan,0.940161943435669,0.5
81d9b0fd-23f8-402e-847e-4c99ab6ff099,10.011000000000001,minimum_left_range,/scan,0.9457462430000305,0.5
81d9b0fd-23f8-402e-847e-4c99ab6ff099,10.110000000000001,minimum_left_range,/scan,0.9432491660118103,0.5
81d9b0fd-23f8-402e-847e-4c99ab6ff099,10.209000000000001,minimum_left_range,/scan,0.9499498009681702,0.5
81d9b0fd-23f8-402e-847e-4c99ab6ff099,10.311,minimum_left_range,/scan,0.9481312036514282,0.5
81d9b0fd-23f8-402e-847e-4c99ab6ff099,10.41,minimum_left_range,/scan,0.9485776424407959,0.5
81d9b0fd-23f8-402e-847e-4c99ab6ff099,10.509,minimum_left_range,/scan,0.951115071773529,0.5
81d9b0fd-23f8-402e-847e-4c99ab6ff099,10.611,minimum_left_range,/scan,0.9471718668937683,0.5
81d9b0fd-23f8-402e-847e-4c99ab6ff099,10.71,minimum_left_range,/scan,0.9463003277778625,0.5
81d9b0fd-23f8-402e-847e-4c99ab6ff099,10.809000000000001,minimum_left_range,/scan,0.9556145071983337,0.5
81d9b0fd-23f8-402e-847e-4c99ab6ff099,10.911000000000001,minimum_left_range,/scan,0.9458371996879578,0.5
81d9b0fd-23f8-402e-847e-4c99ab6ff099,11.010000000000002,minimum_left_range,/scan,0.9410122036933899,0.5
81d9b0fd-23f8-402e-847e-4c99ab6ff099,11.109,minimum_left_range,/scan,0.9598304629325867,0.5
81d9b0fd-23f8-402e-847e-4c99ab6ff099,11.211,minimum_left_range,/scan,0.9565635919570923,0.5
81d9b0fd-23f8-402e-847e-4c99ab6ff099,11.31,minimum_left_range,/scan,0.9420663714408875,0.5
81d9b0fd-23f8-402e-847e-4c99ab6ff099,11.409,minimum_left_range,/scan,0.9298864603042603,0.5
81d9b0fd-23f8-402e-847e-4c99ab6ff099,11.511000000000001,minimum_left_range,/scan,0.9088740944862366,0.5
81d9b0fd-23f8-402e-847e-4c99ab6ff099,11.610000000000001,minimum_left_range,/scan,0.895319402217865,0.5
81d9b0fd-23f8-402e-847e-4c99ab6ff099,11.709000000000001,minimum_left_range,/scan,0.8854029178619385,0.5
81d9b0fd-23f8-402e-847e-4c99ab6ff099,11.811,minimum_left_range,/scan,0.8702393174171448,0.5
81d9b0fd-23f8-402e-847e-4c99ab6ff099,11.91,minimum_left_range,/scan,0.8607735633850098,0.5
81d9b0fd-23f8-402e-847e-4c99ab6ff099,12.009,minimum_left_range,/scan,0.8486984372138977,0.5
81d9b0fd-23f8-402e-847e-4c99ab6ff099,12.111,minimum_left_range,/scan,0.8382034301757812,0.5
81d9b0fd-23f8-402e-847e-4c99ab6ff099,12.21,minimum_left_range,/scan,0.8206182718276978,0.5
81d9b0fd-23f8-402e-847e-4c99ab6ff099,12.309000000000001,minimum_left_range,/scan,0.8072536587715149,0.5
81d9b0fd-23f8-402e-847e-4c99ab6ff099,12.411000000000001,minimum_left_range,/scan,0.8008067011833191,0.5
81d9b0fd-23f8-402e-847e-4c99ab6ff099,12.510000000000002,minimum_left_range,/scan,0.7831798195838928,0.5
81d9b0fd-23f8-402e-847e-4c99ab6ff099,12.609,minimum_left_range,/scan,0.770445704460144,0.5
81d9b0fd-23f8-402e-847e-4c99ab6ff099,12.711,minimum_left_range,/scan,0.7610834836959839,0.5
81d9b0fd-23f8-402e-847e-4c99ab6ff099,12.81,minimum_left_range,/scan,0.7568231821060181,0.5
81d9b0fd-23f8-402e-847e-4c99ab6ff099,12.909,minimum_left_range,/scan,0.7422780990600586,0.5
81d9b0fd-23f8-402e-847e-4c99ab6ff099,13.011000000000001,minimum_left_range,/scan,0.7228710651397705,0.5
81d9b0fd-23f8-402e-847e-4c99ab6ff099,13.110000000000001,minimum_left_range,/scan,0.7203147411346436,0.5
81d9b0fd-23f8-402e-847e-4c99ab6ff099,13.209000000000001,minimum_left_range,/scan,0.7016454935073853,0.5
81d9b0fd-23f8-402e-847e-4c99ab6ff099,13.311,minimum_left_range,/scan,0.7004056572914124,0.5
81d9b0fd-23f8-402e-847e-4c99ab6ff099,13.41,minimum_left_range,/scan,0.6857701539993286,0.5
81d9b0fd-23f8-402e-847e-4c99ab6ff099,13.509,minimum_left_range,/scan,0.655827522277832,0.5
81d9b0fd-23f8-402e-847e-4c99ab6ff099,13.611,minimum_left_range,/scan,0.657474160194397,0.5
81d9b0fd-23f8-402e-847e-4c99ab6ff099,13.71,minimum_left_range,/scan,0.6449171900749207,0.5
81d9b0fd-23f8-402e-847e-4c99ab6ff099,13.809000000000001,minimum_left_range,/scan,0.6409931182861328,0.5
81d9b0fd-23f8-402e-847e-4c99ab6ff099,13.914000000000001,minimum_left_range,/scan,0.6194367408752441,0.5
81d9b0fd-23f8-402e-847e-4c99ab6ff099,14.010000000000002,minimum_left_range,/scan,0.6101986169815063,0.5
81d9b0fd-23f8-402e-847e-4c99ab6ff099,14.109000000000002,minimum_left_range,/scan,0.5963314175605774,0.5
81d9b0fd-23f8-402e-847e-4c99ab6ff099,14.211,minimum_left_range,/scan,0.5859226584434509,0.5
81d9b0fd-23f8-402e-847e-4c99ab6ff099,14.31,minimum_left_range,/scan,0.5797311067581177,0.5
81d9b0fd-23f8-402e-847e-4c99ab6ff099,14.409,minimum_left_range,/scan,0.5650296211242676,0.5
81d9b0fd-23f8-402e-847e-4c99ab6ff099,14.511000000000001,minimum_left_range,/scan,0.5526650547981262,0.5
81d9b0fd-23f8-402e-847e-4c99ab6ff099,14.610000000000001,minimum_left_range,/scan,0.548640787601471,0.5
81d9b0fd-23f8-402e-847e-4c99ab6ff099,14.709000000000001,minimum_left_range,/scan,0.5258585810661316,0.5
81d9b0fd-23f8-402e-847e-4c99ab6ff099,14.811000000000002,minimum_left_range,/scan,0.5133675932884216,0.5
81d9b0fd-23f8-402e-847e-4c99ab6ff099,14.91,minimum_left_range,/scan,0.5022176504135132,0.5
81d9b0fd-23f8-402e-847e-4c99ab6ff099,15.009,minimum_left_range,/scan,0.4973658621311188,0.5
81d9b0fd-23f8-402e-847e-4c99ab6ff099,15.111,minimum_left_range,/scan,0.4778727889060974,0.5
81d9b0fd-23f8-402e-847e-4c99ab6ff099,15.21,minimum_left_range,/scan,0.4725693166255951,0.5
81d9b0fd-23f8-402e-847e-4c99ab6ff099,15.309000000000001,minimum_left_range,/scan,0.46976524591445923,0.5
81d9b0fd-23f8-402e-847e-4c99ab6ff099,15.411000000000001,minimum_left_range,/scan,0.4401814639568329,0.5
81d9b0fd-23f8-402e-847e-4c99ab6ff099,15.510000000000002,minimum_left_range,/scan,0.4533291757106781,0.5
81d9b0fd-23f8-402e-847e-4c99ab6ff099,15.609000000000002,minimum_left_range,/scan,0.4393996596336365,0.5
81d9b0fd-23f8-402e-847e-4c99ab6ff099,15.711,minimum_left_range,/scan,0.4421803057193756,0.5
81d9b0fd-23f8-402e-847e-4c99ab6ff099,15.813,minimum_left_range,/scan,0.4256589412689209,0.5
81d9b0fd-23f8-402e-847e-4c99ab6ff099,15.909,minimum_left_range,/scan,0.42250168323516846,0.5
81d9b0fd-23f8-402e-847e-4c99ab6ff099,16.011,minimum_left_range,/scan,0.426748126745224,0.5
81d9b0fd-23f8-402e-847e-4c99ab6ff099,16.11,minimum_left_range,/scan,0.4216279089450836,0.5
81d9b0fd-23f8-402e-847e-4c99ab6ff099,16.209,minimum_left_range,/scan,1.7030913829803467,0.5
81d9b0fd-23f8-402e-847e-4c99ab6ff099,16.311,minimum_left_range,/scan,1.7255123853683472,0.5
81d9b0fd-23f8-402e-847e-4c99ab6ff099,16.41,minimum_left_range,/scan,1.7317893505096436,0.5
81d9b0fd-23f8-402e-847e-4c99ab6ff099,16.509,minimum_left_range,/scan,1.745665192604065,0.5
81d9b0fd-23f8-402e-847e-4c99ab6ff099,16.611,minimum_left_range,/scan,1.7780420780181885,0.5
81d9b0fd-23f8-402e-847e-4c99ab6ff099,16.71,minimum_left_range,/scan,1.7903791666030884,0.5
81d9b0fd-23f8-402e-847e-4c99ab6ff099,16.809,minimum_left_range,/scan,1.7924062013626099,0.5
81d9b0fd-23f8-402e-847e-4c99ab6ff099,16.911,minimum_left_range,/scan,1.809647560119629,0.5
81d9b0fd-23f8-402e-847e-4c99ab6ff099,17.01,minimum_left_range,/scan,0.5240963101387024,0.5
81d9b0fd-23f8-402e-847e-4c99ab6ff099,17.109,minimum_left_range,/scan,0.46463826298713684,0.5
81d9b0fd-23f8-402e-847e-4c99ab6ff099,17.211000000000002,minimum_left_range,/scan,0.45098310708999634,0.5
81d9b0fd-23f8-402e-847e-4c99ab6ff099,17.310000000000002,minimum_left_range,/scan,0.430131196975708,0.5
81d9b0fd-23f8-402e-847e-4c99ab6ff099,17.409000000000002,minimum_left_range,/scan,0.4135951101779938,0.5
81d9b0fd-23f8-402e-847e-4c99ab6ff099,17.511000000000003,minimum_left_range,/scan,0.4074214994907379,0.5
81d9b0fd-23f8-402e-847e-4c99ab6ff099,17.61,minimum_left_range,/scan,0.41679832339286804,0.5
81d9b0fd-23f8-402e-847e-4c99ab6ff099,17.709,minimum_left_range,/scan,0.4189467430114746,0.5
81d9b0fd-23f8-402e-847e-4c99ab6ff099,17.811,minimum_left_range,/scan,0.40968242287635803,0.5
81d9b0fd-23f8-402e-847e-4c99ab6ff099,17.91,minimum_left_range,/scan,0.4070855975151062,0.5
81d9b0fd-23f8-402e-847e-4c99ab6ff099,18.009,minimum_left_range,/scan,0.41066333651542664,0.5
81d9b0fd-23f8-402e-847e-4c99ab6ff099,18.111,minimum_left_range,/scan,0.41421788930892944,0.5
81d9b0fd-23f8-402e-847e-4c99ab6ff099,18.21,minimum_left_range,/scan,0.41062235832214355,0.5
81d9b0fd-23f8-402e-847e-4c99ab6ff099,18.309,minimum_left_range,/scan,0.42841097712516785,0.5
81d9b0fd-23f8-402e-847e-4c99ab6ff099,18.411,minimum_left_range,/scan,0.44250014424324036,0.5
81d9b0fd-23f8-402e-847e-4c99ab6ff099,18.51,minimum_left_range,/scan,0.43958455324172974,0.5
81d9b0fd-23f8-402e-847e-4c99ab6ff099,18.609,minimum_left_range,/scan,0.4469899833202362,0.5
81d9b0fd-23f8-402e-847e-4c99ab6ff099,18.711000000000002,minimum_left_range,/scan,0.4570997655391693,0.5
81d9b0fd-23f8-402e-847e-4c99ab6ff099,18.810000000000002,minimum_left_range,/scan,0.46565043926239014,0.5
81d9b0fd-23f8-402e-847e-4c99ab6ff099,18.909000000000002,minimum_left_range,/scan,0.48091045022010803,0.5
81d9b0fd-23f8-402e-847e-4c99ab6ff099,19.011000000000003,minimum_left_range,/scan,0.4810984432697296,0.5
81d9b0fd-23f8-402e-847e-4c99ab6ff099,19.11,minimum_left_range,/scan,0.48669102787971497,0.5
81d9b0fd-23f8-402e-847e-4c99ab6ff099,19.209,minimum_left_range,/scan,0.49908018112182617,0.5
81d9b0fd-23f8-402e-847e-4c99ab6ff099,19.311,minimum_left_range,/scan,0.5010993480682373,0.5
81d9b0fd-23f8-402e-847e-4c99ab6ff099,19.41,minimum_left_range,/scan,0.5281219482421875,0.5
81d9b0fd-23f8-402e-847e-4c99ab6ff099,19.509,minimum_left_range,/scan,0.5348935127258301,0.5
81d9b0fd-23f8-402e-847e-4c99ab6ff099,19.611,minimum_left_range,/scan,0.5421150326728821,0.5
81d9b0fd-23f8-402e-847e-4c99ab6ff099,19.71,minimum_left_range,/scan,0.5492731332778931,0.5
81d9b0fd-23f8-402e-847e-4c99ab6ff099,19.809,minimum_left_range,/scan,0.5534805059432983,0.5
81d9b0fd-23f8-402e-847e-4c99ab6ff099,19.911,minimum_left_range,/scan,0.5720699429512024,0.5
81d9b0fd-23f8-402e-847e-4c99ab6ff099,20.01,minimum_left_range,/scan,0.5736436247825623,0.5
81d9b0fd-23f8-402e-847e-4c99ab6ff099,20.109,minimum_left_range,/scan,0.5992887020111084,0.5
81d9b0fd-23f8-402e-847e-4c99ab6ff099,20.214000000000002,minimum_left_range,/scan,0.6092010140419006,0.5
81d9b0fd-23f8-402e-847e-4c99ab6ff099,20.310000000000002,minimum_left_range,/scan,0.6185327172279358,0.5
81d9b0fd-23f8-402e-847e-4c99ab6ff099,20.409000000000002,minimum_left_range,/scan,0.6339182257652283,0.5
81d9b0fd-23f8-402e-847e-4c99ab6ff099,20.511000000000003,minimum_left_range,/scan,0.6367011070251465,0.5
81d9b0fd-23f8-402e-847e-4c99ab6ff099,20.610000000000003,minimum_left_range,/scan,0.655799388885498,0.5
81d9b0fd-23f8-402e-847e-4c99ab6ff099,20.709,minimum_left_range,/scan,0.6815300583839417,0.5
81d9b0fd-23f8-402e-847e-4c99ab6ff099,20.811,minimum_left_range,/scan,0.6773725152015686,0.5
81d9b0fd-23f8-402e-847e-4c99ab6ff099,20.91,minimum_left_range,/scan,0.697996199131012,0.5
81d9b0fd-23f8-402e-847e-4c99ab6ff099,21.009,minimum_left_range,/scan,0.7125992774963379,0.5
81d9b0fd-23f8-402e-847e-4c99ab6ff099,21.111,minimum_left_range,/scan,0.7241597771644592,0.5
81d9b0fd-23f8-402e-847e-4c99ab6ff099,21.21,minimum_left_range,/scan,0.7252136468887329,0.5
81d9b0fd-23f8-402e-847e-4c99ab6ff099,21.309,minimum_left_range,/scan,0.7508682608604431,0.5
81d9b0fd-23f8-402e-847e-4c99ab6ff099,21.414,minimum_left_range,/scan,0.7720751166343689,0.5
81d9b0fd-23f8-402e-847e-4c99ab6ff099,21.51,minimum_left_range,/scan,0.7873932719230652,0.5
81d9b0fd-23f8-402e-847e-4c99ab6ff099,21.609,minimum_left_range,/scan,0.7918065786361694,0.5
81d9b0fd-23f8-402e-847e-4c99ab6ff099,21.711000000000002,minimum_left_range,/scan,0.8025354146957397,0.5
81d9b0fd-23f8-402e-847e-4c99ab6ff099,21.810000000000002,minimum_left_range,/scan,0.8281955122947693,0.5
81d9b0fd-23f8-402e-847e-4c99ab6ff099,21.909000000000002,minimum_left_range,/scan,0.8433520197868347,0.5
81d9b0fd-23f8-402e-847e-4c99ab6ff099,22.011000000000003,minimum_left_range,/scan,0.8561702370643616,0.5
81d9b0fd-23f8-402e-847e-4c99ab6ff099,22.110000000000003,minimum_left_range,/scan,0.8801043629646301,0.5
81d9b0fd-23f8-402e-847e-4c99ab6ff099,22.209,minimum_left_range,/scan,0.8912915587425232,0.5
81d9b0fd-23f8-402e-847e-4c99ab6ff099,22.311,minimum_left_range,/scan,0.900775134563446,0.5
81d9b0fd-23f8-402e-847e-4c99ab6ff099,22.41,minimum_left_range,/scan,0.9295244216918945,0.5
81d9b0fd-23f8-402e-847e-4c99ab6ff099,22.509,minimum_left_range,/scan,0.9456913471221924,0.5
81d9b0fd-23f8-402e-847e-4c99ab6ff099,22.611,minimum_left_range,/scan,0.9680281281471252,0.5
81d9b0fd-23f8-402e-847e-4c99ab6ff099,22.71,minimum_left_range,/scan,0.9716430306434631,0.5
81d9b0fd-23f8-402e-847e-4c99ab6ff099,22.809,minimum_left_range,/scan,0.9988009333610535,0.5
81d9b0fd-23f8-402e-847e-4c99ab6ff099,22.911,minimum_left_range,/scan,1.0107985734939575,0.5
81d9b0fd-23f8-402e-847e-4c99ab6ff099,23.01,minimum_left_range,/scan,1.0230941772460938,0.5
81d9b0fd-23f8-402e-847e-4c99ab6ff099,23.109,minimum_left_range,/scan,1.0388946533203125,0.5
81d9b0fd-23f8-402e-847e-4c99ab6ff099,23.211000000000002,minimum_left_range,/scan,1.0699999332427979,0.5
81d9b0fd-23f8-402e-847e-4c99ab6ff099,23.310000000000002,minimum_left_range,/scan,1.0662490129470825,0.5
81d9b0fd-23f8-402e-847e-4c99ab6ff099,23.409000000000002,minimum_left_range,/scan,1.0991880893707275,0.5
81d9b0fd-23f8-402e-847e-4c99ab6ff099,23.511000000000003,minimum_left_range,/scan,0.5011593103408813,0.5
81d9b0fd-23f8-402e-847e-4c99ab6ff099,23.610000000000003,minimum_left_range,/scan,0.4608944058418274,0.5
81d9b0fd-23f8-402e-847e-4c99ab6ff099,23.709000000000003,minimum_left_range,/scan,0.42882922291755676,0.5
81d9b0fd-23f8-402e-847e-4c99ab6ff099,23.814,minimum_left_range,/scan,0.4237683117389679,0.5
81d9b0fd-23f8-402e-847e-4c99ab6ff099,23.91,minimum_left_range,/scan,0.4188274145126343,0.5
81d9b0fd-23f8-402e-847e-4c99ab6ff099,24.009,minimum_left_range,/scan,0.4258282482624054,0.5
81d9b0fd-23f8-402e-847e-4c99ab6ff099,24.111,minimum_left_range,/scan,0.42817428708076477,0.5
81d9b0fd-23f8-402e-847e-4c99ab6ff099,24.21,minimum_left_range,/scan,0.4110903739929199,0.5
81d9b0fd-23f8-402e-847e-4c99ab6ff099,24.309,minimum_left_range,/scan,0.42505475878715515,0.5
81d9b0fd-23f8-402e-847e-4c99ab6ff099,24.411,minimum_left_range,/scan,0.4236598014831543,0.5
81d9b0fd-23f8-402e-847e-4c99ab6ff099,24.51,minimum_left_range,/scan,0.40257564187049866,0.5
81d9b0fd-23f8-402e-847e-4c99ab6ff099,24.609,minimum_left_range,/scan,0.42490532994270325,0.5
81d9b0fd-23f8-402e-847e-4c99ab6ff099,24.711000000000002,minimum_left_range,/scan,0.4290005564689636,0.5
81d9b0fd-23f8-402e-847e-4c99ab6ff099,24.810000000000002,minimum_left_range,/scan,0.4360889792442322,0.5
81d9b0fd-23f8-402e-847e-4c99ab6ff099,24.909000000000002,minimum_left_range,/scan,0.44530171155929565,0.5
81d9b0fd-23f8-402e-847e-4c99ab6ff099,25.011000000000003,minimum_left_range,/scan,0.4386850893497467,0.5
81d9b0fd-23f8-402e-847e-4c99ab6ff099,25.110000000000003,minimum_left_range,/scan,0.453434020280838,0.5
81d9b0fd-23f8-402e-847e-4c99ab6ff099,25.209000000000003,minimum_left_range,/scan,0.450209379196167,0.5
81d9b0fd-23f8-402e-847e-4c99ab6ff099,25.311,minimum_left_range,/scan,0.4697863459587097,0.5
81d9b0fd-23f8-402e-847e-4c99ab6ff099,25.41,minimum_left_range,/scan,0.4713549017906189,0.5
81d9b0fd-23f8-402e-847e-4c99ab6ff099,25.509,minimum_left_range,/scan,0.4862857460975647,0.5
81d9b0fd-23f8-402e-847e-4c99ab6ff099,25.611,minimum_left_range,/scan,0.4860786497592926,0.5
81d9b0fd-23f8-402e-847e-4c99ab6ff099,25.71,minimum_left_range,/scan,0.4976699948310852,0.5
81d9b0fd-23f8-402e-847e-4c99ab6ff099,25.809,minimum_left_range,/scan,0.49731364846229553,0.5
81d9b0fd-23f8-402e-847e-4c99ab6ff099,25.911,minimum_left_range,/scan,0.508418619632721,0.5
81d9b0fd-23f8-402e-847e-4c99ab6ff099,26.01,minimum_left_range,/scan,0.5158278942108154,0.5
81d9b0fd-23f8-402e-847e-4c99ab6ff099,26.109,minimum_left_range,/scan,0.5106199979782104,0.5
81d9b0fd-23f8-402e-847e-4c99ab6ff099,26.211000000000002,minimum_left_range,/scan,0.5315670371055603,0.5
81d9b0fd-23f8-402e-847e-4c99ab6ff099,26.310000000000002,minimum_left_range,/scan,0.52996826171875,0.5
81d9b0fd-23f8-402e-847e-4c99ab6ff099,26.409000000000002,minimum_left_range,/scan,0.5512792468070984,0.5
81d9b0fd-23f8-402e-847e-4c99ab6ff099,26.511000000000003,minimum_left_range,/scan,0.5582733750343323,0.5
81d9b0fd-23f8-402e-847e-4c99ab6ff099,26.610000000000003,minimum_left_range,/scan,0.5521739721298218,0.5
81d9b0fd-23f8-402e-847e-4c99ab6ff099,26.709000000000003,minimum_left_range,/scan,0.5758144855499268,0.5
81d9b0fd-23f8-402e-847e-4c99ab6ff099,26.811,minimum_left_range,/scan,0.5826988220214844,0.5
81d9b0fd-23f8-402e-847e-4c99ab6ff099,26.91,minimum_left_range,/scan,0.5843068957328796,0.5
81d9b0fd-23f8-402e-847e-4c99ab6ff099,27.009,minimum_left_range,/scan,0.6003650426864624,0.5
81d9b0fd-23f8-402e-847e-4c99ab6ff099,27.111,minimum_left_range,/scan,0.6071316003799438,0.5
81d9b0fd-23f8-402e-847e-4c99ab6ff099,27.21,minimum_left_range,/scan,0.6226148009300232,0.5
81d9b0fd-23f8-402e-847e-4c99ab6ff099,27.309,minimum_left_range,/scan,0.6096504926681519,0.5
81d9b0fd-23f8-402e-847e-4c99ab6ff099,27.411,minimum_left_range,/scan,0.6339287161827087,0.5
81d9b0fd-23f8-402e-847e-4c99ab6ff099,27.51,minimum_left_range,/scan,0.643893837928772,0.5
81d9b0fd-23f8-402e-847e-4c99ab6ff099,27.609,minimum_left_range,/scan,0.6298935413360596,0.5
81d9b0fd-23f8-402e-847e-4c99ab6ff099,27.714000000000002,minimum_left_range,/scan,0.6436148881912231,0.5
81d9b0fd-23f8-402e-847e-4c99ab6ff099,27.810000000000002,minimum_left_range,/scan,0.6592649221420288,0.5
81d9b0fd-23f8-402e-847e-4c99ab6ff099,27.909000000000002,minimum_left_range,/scan,0.6617370247840881,0.5
81d9b0fd-23f8-402e-847e-4c99ab6ff099,28.011000000000003,minimum_left_range,/scan,0.676733136177063,0.5
81d9b0fd-23f8-402e-847e-4c99ab6ff099,28.110000000000003,minimum_left_range,/scan,0.695065438747406,0.5
81d9b0fd-23f8-402e-847e-4c99ab6ff099,28.209000000000003,minimum_left_range,/scan,0.6914322376251221,0.5
81d9b0fd-23f8-402e-847e-4c99ab6ff099,28.311000000000003,minimum_left_range,/scan,0.6979559659957886,0.5
81d9b0fd-23f8-402e-847e-4c99ab6ff099,28.41,minimum_left_range,/scan,0.6983806490898132,0.5
81d9b0fd-23f8-402e-847e-4c99ab6ff099,28.509,minimum_left_range,/scan,0.7127491235733032,0.5
81d9b0fd-23f8-402e-847e-4c99ab6ff099,28.611,minimum_left_range,/scan,0.710733950138092,0.5
81d9b0fd-23f8-402e-847e-4c99ab6ff099,28.707,minimum_left_range,/scan,0.7136350274085999,0.5
81d9b0fd-23f8-402e-847e-4c99ab6ff099,28.809,minimum_left_range,/scan,0.7316791415214539,0.5
81d9b0fd-23f8-402e-847e-4c99ab6ff099,28.911,minimum_left_range,/scan,0.737892210483551,0.5
81d9b0fd-23f8-402e-847e-4c99ab6ff099,29.01,minimum_left_range,/scan,0.7354110479354858,0.5
81d9b0fd-23f8-402e-847e-4c99ab6ff099,29.109,minimum_left_range,/scan,0.7325579524040222,0.5
81d9b0fd-23f8-402e-847e-4c99ab6ff099,29.211000000000002,minimum_left_range,/scan,0.7378312349319458,0.5
81d9b0fd-23f8-402e-847e-4c99ab6ff099,29.310000000000002,minimum_left_range,/scan,0.7395748496055603,0.5
81d9b0fd-23f8-402e-847e-4c99ab6ff099,29.409000000000002,minimum_left_range,/scan,0.7173618078231812,0.5
81d9b0fd-23f8-402e-847e-4c99ab6ff099,29.511000000000003,minimum_left_range,/scan,0.7403287887573242,0.5
81d9b0fd-23f8-402e-847e-4c99ab6ff099,29.610000000000003,minimum_left_range,/scan,0.7342237234115601,0.5
81d9b0fd-23f8-402e-847e-4c99ab6ff099,9.609,minimum_right_range,/scan,0.0,0.5
81d9b0fd-23f8-402e-847e-4c99ab6ff099,9.711,minimum_right_range,/scan,0.0,0.5
81d9b0fd-23f8-402e-847e-4c99ab6ff099,9.81,minimum_right_range,/scan,0.0,0.5
81d9b0fd-23f8-402e-847e-4c99ab6ff099,9.909,minimum_right_range,/scan,0.0,0.5
81d9b0fd-23f8-402e-847e-4c99ab6ff099,10.011000000000001,minimum_right_range,/scan,0.0,0.5
81d9b0fd-23f8-402e-847e-4c99ab6ff099,10.110000000000001,minimum_right_range,/scan,0.0,0.5
81d9b0fd-23f8-402e-847e-4c99ab6ff099,10.209000000000001,minimum_right_range,/scan,0.0,0.5
81d9b0fd-23f8-402e-847e-4c99ab6ff099,10.311,minimum_right_range,/scan,0.0,0.5
81d9b0fd-23f8-402e-847e-4c99ab6ff099,10.41,minimum_right_range,/scan,0.0,0.5
81d9b0fd-23f8-402e-847e-4c99ab6ff099,10.509,minimum_right_range,/scan,0.0,0.5
81d9b0fd-23f8-402e-847e-4c99ab6ff099,10.611,minimum_right_range,/scan,0.0,0.5
81d9b0fd-23f8-402e-847e-4c99ab6ff099,10.71,minimum_right_range,/scan,0.0,0.5
81d9b0fd-23f8-402e-847e-4c99ab6ff099,10.809000000000001,minimum_right_range,/scan,0.0,0.5
81d9b0fd-23f8-402e-847e-4c99ab6ff099,10.911000000000001,minimum_right_range,/scan,0.0,0.5
81d9b0fd-23f8-402e-847e-4c99ab6ff099,11.010000000000002,minimum_right_range,/scan,0.0,0.5
81d9b0fd-23f8-402e-847e-4c99ab6ff099,11.109,minimum_right_range,/scan,0.0,0.5
81d9b0fd-23f8-402e-847e-4c99ab6ff099,11.211,minimum_right_range,/scan,0.0,0.5
81d9b0fd-23f8-402e-847e-4c99ab6ff099,11.31,minimum_right_range,/scan,0.0,0.5
81d9b0fd-23f8-402e-847e-4c99ab6ff099,11.409,minimum_right_range,/scan,0.0,0.5
81d9b0fd-23f8-402e-847e-4c99ab6ff099,11.511000000000001,minimum_right_range,/scan,0.0,0.5
81d9b0fd-23f8-402e-847e-4c99ab6ff099,11.610000000000001,minimum_right_range,/scan,0.0,0.5
81d9b0fd-23f8-402e-847e-4c99ab6ff099,11.709000000000001,minimum_right_range,/scan,0.0,0.5
81d9b0fd-23f8-402e-847e-4c99ab6ff099,11.811,minimum_right_range,/scan,0.0,0.5
81d9b0fd-23f8-402e-847e-4c99ab6ff099,11.91,minimum_right_range,/scan,0.0,0.5
81d9b0fd-23f8-402e-847e-4c99ab6ff099,12.009,minimum_right_range,/scan,0.0,0.5
81d9b0fd-23f8-402e-847e-4c99ab6ff099,12.111,minimum_right_range,/scan,0.0,0.5
81d9b0fd-23f8-402e-847e-4c99ab6ff099,12.21,minimum_right_range,/scan,0.0,0.5
81d9b0fd-23f8-402e-847e-4c99ab6ff099,12.309000000000001,minimum_right_range,/scan,0.0,0.5
81d9b0fd-23f8-402e-847e-4c99ab6ff099,12.411000000000001,minimum_right_range,/scan,0.0,0.5
81d9b0fd-23f8-402e-847e-4c99ab6ff099,12.510000000000002,minimum_right_range,/scan,0.0,0.5
81d9b0fd-23f8-402e-847e-4c99ab6ff099,12.609,minimum_right_range,/scan,0.0,0.5
81d9b0fd-23f8-402e-847e-4c99ab6ff099,12.711,minimum_right_range,/scan,0.0,0.5
81d9b0fd-23f8-402e-847e-4c99ab6ff099,12.81,minimum_right_range,/scan,0.0,0.5
81d9b0fd-23f8-402e-847e-4c99ab6ff099,12.909,minimum_right_range,/scan,0.0,0.5
81d9b0fd-23f8-402e-847e-4c99ab6ff099,13.011000000000001,minimum_right_range,/scan,0.0,0.5
81d9b0fd-23f8-402e-847e-4c99ab6ff099,13.110000000000001,minimum_right_range,/scan,0.0,0.5
81d9b0fd-23f8-402e-847e-4c99ab6ff099,13.209000000000001,minimum_right_range,/scan,0.0,0.5
81d9b0fd-23f8-402e-847e-4c99ab6ff099,13.311,minimum_right_range,/scan,0.0,0.5
81d9b0fd-23f8-402e-847e-4c99ab6ff099,13.41,minimum_right_range,/scan,0.0,0.5
81d9b0fd-23f8-402e-847e-4c99ab6ff099,13.509,minimum_right_range,/scan,0.0,0.5
81d9b0fd-23f8-402e-847e-4c99ab6ff099,13.611,minimum_right_range,/scan,0.0,0.5
81d9b0fd-23f8-402e-847e-4c99ab6ff099,13.71,minimum_right_range,/scan,0.0,0.5
81d9b0fd-23f8-402e-847e-4c99ab6ff099,13.809000000000001,minimum_right_range,/scan,0.0,0.5
81d9b0fd-23f8-402e-847e-4c99ab6ff099,13.914000000000001,minimum_right_range,/scan,0.0,0.5
81d9b0fd-23f8-402e-847e-4c99ab6ff099,14.010000000000002,minimum_right_range,/scan,0.0,0.5
81d9b0fd-23f8-402e-847e-4c99ab6ff099,14.109000000000002,minimum_right_range,/scan,0.0,0.5
81d9b0fd-23f8-402e-847e-4c99ab6ff099,14.211,minimum_right_range,/scan,0.0,0.5
81d9b0fd-23f8-402e-847e-4c99ab6ff099,14.31,minimum_right_range,/scan,0.0,0.5
81d9b0fd-23f8-402e-847e-4c99ab6ff099,14.409,minimum_right_range,/scan,0.0,0.5
81d9b0fd-23f8-402e-847e-4c99ab6ff099,14.511000000000001,minimum_right_range,/scan,0.0,0.5
81d9b0fd-23f8-402e-847e-4c99ab6ff099,14.610000000000001,minimum_right_range,/scan,0.0,0.5
81d9b0fd-23f8-402e-847e-4c99ab6ff099,14.709000000000001,minimum_right_range,/scan,0.0,0.5
81d9b0fd-23f8-402e-847e-4c99ab6ff099,14.811000000000002,minimum_right_range,/scan,0.0,0.5
81d9b0fd-23f8-402e-847e-4c99ab6ff099,14.91,minimum_right_range,/scan,0.0,0.5
81d9b0fd-23f8-402e-847e-4c99ab6ff099,15.009,minimum_right_range,/scan,0.0,0.5
81d9b0fd-23f8-402e-847e-4c99ab6ff099,15.111,minimum_right_range,/scan,0.0,0.5
81d9b0fd-23f8-402e-847e-4c99ab6ff099,15.21,minimum_right_range,/scan,0.0,0.5
81d9b0fd-23f8-402e-847e-4c99ab6ff099,15.309000000000001,minimum_right_range,/scan,0.0,0.5
81d9b0fd-23f8-402e-847e-4c99ab6ff099,15.411000000000001,minimum_right_range,/scan,0.0,0.5
81d9b0fd-23f8-402e-847e-4c99ab6ff099,15.510000000000002,minimum_right_range,/scan,0.0,0.5
81d9b0fd-23f8-402e-847e-4c99ab6ff099,15.609000000000002,minimum_right_range,/scan,0.0,0.5
81d9b0fd-23f8-402e-847e-4c99ab6ff099,15.711,minimum_right_range,/scan,0.0,0.5
81d9b0fd-23f8-402e-847e-4c99ab6ff099,15.813,minimum_right_range,/scan,0.0,0.5
81d9b0fd-23f8-402e-847e-4c99ab6ff099,15.909,minimum_right_range,/scan,0.0,0.5
81d9b0fd-23f8-402e-847e-4c99ab6ff099,16.011,minimum_right_range,/scan,0.0,0.5
81d9b0fd-23f8-402e-847e-4c99ab6ff099,16.11,minimum_right_range,/scan,0.0,0.5
81d9b0fd-23f8-402e-847e-4c99ab6ff099,16.209,minimum_right_range,/scan,0.0,0.5
81d9b0fd-23f8-402e-847e-4c99ab6ff099,16.311,minimum_right_range,/scan,0.0,0.5
81d9b0fd-23f8-402e-847e-4c99ab6ff099,16.41,minimum_right_range,/scan,0.0,0.5
81d9b0fd-23f8-402e-847e-4c99ab6ff099,16.509,minimum_right_range,/scan,0.0,0.5
81d9b0fd-23f8-402e-847e-4c99ab6ff099,16.611,minimum_right_range,/scan,0.0,0.5
81d9b0fd-23f8-402e-847e-4c99ab6ff099,16.71,minimum_right_range,/scan,0.0,0.5
81d9b0fd-23f8-402e-847e-4c99ab6ff099,16.809,minimum_right_range,/scan,0.0,0.5
81d9b0fd-23f8-402e-847e-4c99ab6ff099,16.911,minimum_right_range,/scan,0.0,0.5
81d9b0fd-23f8-402e-847e-4c99ab6ff099,17.01,minimum_right_range,/scan,0.0,0.5
81d9b0fd-23f8-402e-847e-4c99ab6ff099,17.109,minimum_right_range,/scan,0.0,0.5
81d9b0fd-23f8-402e-847e-4c99ab6ff099,17.211000000000002,minimum_right_range,/scan,0.0,0.5
81d9b0fd-23f8-402e-847e-4c99ab6ff099,17.310000000000002,minimum_right_range,/scan,0.0,0.5
81d9b0fd-23f8-402e-847e-4c99ab6ff099,17.409000000000002,minimum_right_range,/scan,0.0,0.5
81d9b0fd-23f8-402e-847e-4c99ab6ff099,17.511000000000003,minimum_right_range,/scan,0.0,0.5
81d9b0fd-23f8-402e-847e-4c99ab6ff099,17.61,minimum_right_range,/scan,0.0,0.5
81d9b0fd-23f8-402e-847e-4c99ab6ff099,17.709,minimum_right_range,/scan,0.0,0.5
81d9b0fd-23f8-402e-847e-4c99ab6ff099,17.811,minimum_right_range,/scan,0.0,0.5
81d9b0fd-23f8-402e-847e-4c99ab6ff099,17.91,minimum_right_range,/scan,0.0,0.5
81d9b0fd-23f8-402e-847e-4c99ab6ff099,18.009,minimum_right_range,/scan,0.0,0.5
81d9b0fd-23f8-402e-847e-4c99ab6ff099,18.111,minimum_right_range,/scan,0.0,0.5
81d9b0fd-23f8-402e-847e-4c99ab6ff099,18.21,minimum_right_range,/scan,0.0,0.5
81d9b0fd-23f8-402e-847e-4c99ab6ff099,18.309,minimum_right_range,/scan,0.0,0.5
81d9b0fd-23f8-402e-847e-4c99ab6ff099,18.411,minimum_right_range,/scan,0.0,0.5
81d9b0fd-23f8-402e-847e-4c99ab6ff099,18.51,minimum_right_range,/scan,0.0,0.5
81d9b0fd-23f8-402e-847e-4c99ab6ff099,18.609,minimum_right_range,/scan,0.0,0.5
81d9b0fd-23f8-402e-847e-4c99ab6ff099,18.711000000000002,minimum_right_range,/scan,0.0,0.5
81d9b0fd-23f8-402e-847e-4c99ab6ff099,18.810000000000002,minimum_right_range,/scan,0.0,0.5
81d9b0fd-23f8-402e-847e-4c99ab6ff099,18.909000000000002,minimum_right_range,/scan,0.0,0.5
81d9b0fd-23f8-402e-847e-4c99ab6ff099,19.011000000000003,minimum_right_range,/scan,0.0,0.5
81d9b0fd-23f8-402e-847e-4c99ab6ff099,19.11,minimum_right_range,/scan,0.0,0.5
81d9b0fd-23f8-402e-847e-4c99ab6ff099,19.209,minimum_right_range,/scan,0.0,0.5
81d9b0fd-23f8-402e-847e-4c99ab6ff099,19.311,minimum_right_range,/scan,0.0,0.5
81d9b0fd-23f8-402e-847e-4c99ab6ff099,19.41,minimum_right_range,/scan,0.0,0.5
81d9b0fd-23f8-402e-847e-4c99ab6ff099,19.509,minimum_right_range,/scan,0.0,0.5
81d9b0fd-23f8-402e-847e-4c99ab6ff099,19.611,minimum_right_range,/scan,0.0,0.5
81d9b0fd-23f8-402e-847e-4c99ab6ff099,19.71,minimum_right_range,/scan,0.0,0.5
81d9b0fd-23f8-402e-847e-4c99ab6ff099,19.809,minimum_right_range,/scan,0.0,0.5
81d9b0fd-23f8-402e-847e-4c99ab6ff099,19.911,minimum_right_range,/scan,0.0,0.5
81d9b0fd-23f8-402e-847e-4c99ab6ff099,20.01,minimum_right_range,/scan,0.0,0.5
81d9b0fd-23f8-402e-847e-4c99ab6ff099,20.109,minimum_right_range,/scan,0.0,0.5
81d9b0fd-23f8-402e-847e-4c99ab6ff099,20.214000000000002,minimum_right_range,/scan,0.0,0.5
81d9b0fd-23f8-402e-847e-4c99ab6ff099,20.310000000000002,minimum_right_range,/scan,0.0,0.5
81d9b0fd-23f8-402e-847e-4c99ab6ff099,20.409000000000002,minimum_right_range,/scan,0.0,0.5
81d9b0fd-23f8-402e-847e-4c99ab6ff099,20.511000000000003,minimum_right_range,/scan,0.0,0.5
81d9b0fd-23f8-402e-847e-4c99ab6ff099,20.610000000000003,minimum_right_range,/scan,0.0,0.5
81d9b0fd-23f8-402e-847e-4c99ab6ff099,20.709,minimum_right_range,/scan,0.0,0.5
81d9b0fd-23f8-402e-847e-4c99ab6ff099,20.811,minimum_right_range,/scan,0.0,0.5
81d9b0fd-23f8-402e-847e-4c99ab6ff099,20.91,minimum_right_range,/scan,0.0,0.5
81d9b0fd-23f8-402e-847e-4c99ab6ff099,21.009,minimum_right_range,/scan,0.0,0.5
81d9b0fd-23f8-402e-847e-4c99ab6ff099,21.111,minimum_right_range,/scan,0.0,0.5
81d9b0fd-23f8-402e-847e-4c99ab6ff099,21.21,minimum_right_range,/scan,0.0,0.5
81d9b0fd-23f8-402e-847e-4c99ab6ff099,21.309,minimum_right_range,/scan,0.0,0.5
81d9b0fd-23f8-402e-847e-4c99ab6ff099,21.414,minimum_right_range,/scan,0.0,0.5
81d9b0fd-23f8-402e-847e-4c99ab6ff099,21.51,minimum_right_range,/scan,0.0,0.5
81d9b0fd-23f8-402e-847e-4c99ab6ff099,21.609,minimum_right_range,/scan,0.0,0.5
81d9b0fd-23f8-402e-847e-4c99ab6ff099,21.711000000000002,minimum_right_range,/scan,0.0,0.5
81d9b0fd-23f8-402e-847e-4c99ab6ff099,21.810000000000002,minimum_right_range,/scan,0.0,0.5
81d9b0fd-23f8-402e-847e-4c99ab6ff099,21.909000000000002,minimum_right_range,/scan,0.0,0.5
81d9b0fd-23f8-402e-847e-4c99ab6ff099,22.011000000000003,minimum_right_range,/scan,0.0,0.5
81d9b0fd-23f8-402e-847e-4c99ab6ff099,22.110000000000003,minimum_right_range,/scan,0.0,0.5
81d9b0fd-23f8-402e-847e-4c99ab6ff099,22.209,minimum_right_range,/scan,0.0,0.5
81d9b0fd-23f8-402e-847e-4c99ab6ff099,22.311,minimum_right_range,/scan,0.0,0.5
81d9b0fd-23f8-402e-847e-4c99ab6ff099,22.41,minimum_right_range,/scan,0.0,0.5
81d9b0fd-23f8-402e-847e-4c99ab6ff099,22.509,minimum_right_range,/scan,0.0,0.5
81d9b0fd-23f8-402e-847e-4c99ab6ff099,22.611,minimum_right_range,/scan,0.0,0.5
81d9b0fd-23f8-402e-847e-4c99ab6ff099,22.71,minimum_right_range,/scan,0.0,0.5
81d9b0fd-23f8-402e-847e-4c99ab6ff099,22.809,minimum_right_range,/scan,0.0,0.5
81d9b0fd-23f8-402e-847e-4c99ab6ff099,22.911,minimum_right_range,/scan,0.0,0.5
81d9b0fd-23f8-402e-847e-4c99ab6ff099,23.01,minimum_right_range,/scan,0.0,0.5
81d9b0fd-23f8-402e-847e-4c99ab6ff099,23.109,minimum_right_range,/scan,0.0,0.5
81d9b0fd-23f8-402e-847e-4c99ab6ff099,23.211000000000002,minimum_right_range,/scan,0.0,0.5
81d9b0fd-23f8-402e-847e-4c99ab6ff099,23.310000000000002,minimum_right_range,/scan,0.0,0.5
81d9b0fd-23f8-402e-847e-4c99ab6ff099,23.409000000000002,minimum_right_range,/scan,0.0,0.5
81d9b0fd-23f8-402e-847e-4c99ab6ff099,23.511000000000003,minimum_right_range,/scan,0.0,0.5
81d9b0fd-23f8-402e-847e-4c99ab6ff099,23.610000000000003,minimum_right_range,/scan,0.0,0.5
81d9b0fd-23f8-402e-847e-4c99ab6ff099,23.709000000000003,minimum_right_range,/scan,0.0,0.5
81d9b0fd-23f8-402e-847e-4c99ab6ff099,23.814,minimum_right_range,/scan,0.0,0.5
81d9b0fd-23f8-402e-847e-4c99ab6ff099,23.91,minimum_right_range,/scan,0.0,0.5
81d9b0fd-23f8-402e-847e-4c99ab6ff099,24.009,minimum_right_range,/scan,0.0,0.5
81d9b0fd-23f8-402e-847e-4c99ab6ff099,24.111,minimum_right_range,/scan,0.0,0.5
81d9b0fd-23f8-402e-847e-4c99ab6ff099,24.21,minimum_right_range,/scan,0.0,0.5
81d9b0fd-23f8-402e-847e-4c99ab6ff099,24.309,minimum_right_range,/scan,0.0,0.5
81d9b0fd-23f8-402e-847e-4c99ab6ff099,24.411,minimum_right_range,/scan,0.0,0.5
81d9b0fd-23f8-402e-847e-4c99ab6ff099,24.51,minimum_right_range,/scan,0.0,0.5
81d9b0fd-23f8-402e-847e-4c99ab6ff099,24.609,minimum_right_range,/scan,0.0,0.5
81d9b0fd-23f8-402e-847e-4c99ab6ff099,24.711000000000002,minimum_right_range,/scan,0.0,0.5
81d9b0fd-23f8-402e-847e-4c99ab6ff099,24.810000000000002,minimum_right_range,/scan,0.0,0.5
81d9b0fd-23f8-402e-847e-4c99ab6ff099,24.909000000000002,minimum_right_range,/scan,0.0,0.5
81d9b0fd-23f8-402e-847e-4c99ab6ff099,25.011000000000003,minimum_right_range,/scan,0.0,0.5
81d9b0fd-23f8-402e-847e-4c99ab6ff099,25.110000000000003,minimum_right_range,/scan,0.0,0.5
81d9b0fd-23f8-402e-847e-4c99ab6ff099,25.209000000000003,minimum_right_range,/scan,0.0,0.5
81d9b0fd-23f8-402e-847e-4c99ab6ff099,25.311,minimum_right_range,/scan,0.0,0.5
81d9b0fd-23f8-402e-847e-4c99ab6ff099,25.41,minimum_right_range,/scan,0.0,0.5
81d9b0fd-23f8-402e-847e-4c99ab6ff099,25.509,minimum_right_range,/scan,0.0,0.5
81d9b0fd-23f8-402e-847e-4c99ab6ff099,25.611,minimum_right_range,/scan,0.0,0.5
81d9b0fd-23f8-402e-847e-4c99ab6ff099,25.71,minimum_right_range,/scan,0.0,0.5
81d9b0fd-23f8-402e-847e-4c99ab6ff099,25.809,minimum_right_range,/scan,0.0,0.5
81d9b0fd-23f8-402e-847e-4c99ab6ff099,25.911,minimum_right_range,/scan,0.0,0.5
81d9b0fd-23f8-402e-847e-4c99ab6ff099,26.01,minimum_right_range,/scan,0.0,0.5
81d9b0fd-23f8-402e-847e-4c99ab6ff099,26.109,minimum_right_range,/scan,0.0,0.5
81d9b0fd-23f8-402e-847e-4c99ab6ff099,26.211000000000002,minimum_right_range,/scan,0.0,0.5
81d9b0fd-23f8-402e-847e-4c99ab6ff099,26.310000000000002,minimum_right_range,/scan,0.0,0.5
81d9b0fd-23f8-402e-847e-4c99ab6ff099,26.409000000000002,minimum_right_range,/scan,0.0,0.5
81d9b0fd-23f8-402e-847e-4c99ab6ff099,26.511000000000003,minimum_right_range,/scan,0.0,0.5
81d9b0fd-23f8-402e-847e-4c99ab6ff099,26.610000000000003,minimum_right_range,/scan,0.0,0.5
81d9b0fd-23f8-402e-847e-4c99ab6ff099,26.709000000000003,minimum_right_range,/scan,0.0,0.5
81d9b0fd-23f8-402e-847e-4c99ab6ff099,26.811,minimum_right_range,/scan,0.0,0.5
81d9b0fd-23f8-402e-847e-4c99ab6ff099,26.91,minimum_right_range,/scan,0.0,0.5
81d9b0fd-23f8-402e-847e-4c99ab6ff099,27.009,minimum_right_range,/scan,0.0,0.5
81d9b0fd-23f8-402e-847e-4c99ab6ff099,27.111,minimum_right_range,/scan,0.0,0.5
81d9b0fd-23f8-402e-847e-4c99ab6ff099,27.21,minimum_right_range,/scan,0.0,0.5
81d9b0fd-23f8-402e-847e-4c99ab6ff099,27.309,minimum_right_range,/scan,0.0,0.5
81d9b0fd-23f8-402e-847e-4c99ab6ff099,27.411,minimum_right_range,/scan,0.0,0.5
81d9b0fd-23f8-402e-847e-4c99ab6ff099,27.51,minimum_right_range,/scan,0.0,0.5
81d9b0fd-23f8-402e-847e-4c99ab6ff099,27.609,minimum_right_range,/scan,0.0,0.5
81d9b0fd-23f8-402e-847e-4c99ab6ff099,27.714000000000002,minimum_right_range,/scan,0.0,0.5
81d9b0fd-23f8-402e-847e-4c99ab6ff099,27.810000000000002,minimum_right_range,/scan,0.0,0.5
81d9b0fd-23f8-402e-847e-4c99ab6ff099,27.909000000000002,minimum_right_range,/scan,0.0,0.5
81d9b0fd-23f8-402e-847e-4c99ab6ff099,28.011000000000003,minimum_right_range,/scan,0.0,0.5
81d9b0fd-23f8-402e-847e-4c99ab6ff099,28.110000000000003,minimum_right_range,/scan,0.0,0.5
81d9b0fd-23f8-402e-847e-4c99ab6ff099,28.209000000000003,minimum_right_range,/scan,0.0,0.5
81d9b0fd-23f8-402e-847e-4c99ab6ff099,28.311000000000003,minimum_right_range,/scan,0.0,0.5
81d9b0fd-23f8-402e-847e-4c99ab6ff099,28.41,minimum_right_range,/scan,0.0,0.5
81d9b0fd-23f8-402e-847e-4c99ab6ff099,28.509,minimum_right_range,/scan,0.0,0.5
81d9b0fd-23f8-402e-847e-4c99ab6ff099,28.611,minimum_right_range,/scan,0.0,0.5
81d9b0fd-23f8-402e-847e-4c99ab6ff099,28.707,minimum_right_range,/scan,0.0,0.5
81d9b0fd-23f8-402e-847e-4c99ab6ff099,28.809,minimum_right_range,/scan,0.0,0.5
81d9b0fd-23f8-402e-847e-4c99ab6ff099,28.911,minimum_right_range,/scan,0.0,0.5
81d9b0fd-23f8-402e-847e-4c99ab6ff099,29.01,minimum_right_range,/scan,0.0,0.5
81d9b0fd-23f8-402e-847e-4c99ab6ff099,29.109,minimum_right_range,/scan,0.0,0.5
81d9b0fd-23f8-402e-847e-4c99ab6ff099,29.211000000000002,minimum_right_range,/scan,0.0,0.5
81d9b0fd-23f8-402e-847e-4c99ab6ff099,29.310000000000002,minimum_right_range,/scan,0.0,0.5
81d9b0fd-23f8-402e-847e-4c99ab6ff099,29.409000000000002,minimum_right_range,/scan,0.0,0.5
81d9b0fd-23f8-402e-847e-4c99ab6ff099,29.511000000000003,minimum_right_range,/scan,0.0,0.5
81d9b0fd-23f8-402e-847e-4c99ab6ff099,29.610000000000003,minimum_right_range,/scan,0.0,0.5
81d9b0fd-23f8-402e-847e-4c99ab6ff099,9.540000000000001,odom_x,/odom,2.2371907111862264e-07,0.5
81d9b0fd-23f8-402e-847e-4c99ab6ff099,9.576,odom_x,/odom,2.2371907111862303e-07,0.5
81d9b0fd-23f8-402e-847e-4c99ab6ff099,9.612,odom_x,/odom,2.2371907111862306e-07,0.5
81d9b0fd-23f8-402e-847e-4c99ab6ff099,9.648000000000001,odom_x,/odom,2.237190711186227e-07,0.5
81d9b0fd-23f8-402e-847e-4c99ab6ff099,9.684000000000001,odom_x,/odom,2.2371907111862282e-07,0.5
81d9b0fd-23f8-402e-847e-4c99ab6ff099,9.72,odom_x,/odom,2.2371907111862277e-07,0.5
81d9b0fd-23f8-402e-847e-4c99ab6ff099,9.756,odom_x,/odom,2.2371907111862248e-07,0.5
81d9b0fd-23f8-402e-847e-4c99ab6ff099,9.792,odom_x,/odom,2.237190711186225e-07,0.5
81d9b0fd-23f8-402e-847e-4c99ab6ff099,9.828000000000001,odom_x,/odom,2.2371907111862248e-07,0.5
81d9b0fd-23f8-402e-847e-4c99ab6ff099,9.864,odom_x,/odom,2.2371907111862232e-07,0.5
81d9b0fd-23f8-402e-847e-4c99ab6ff099,9.9,odom_x,/odom,2.2371907111862232e-07,0.5
81d9b0fd-23f8-402e-847e-4c99ab6ff099,9.936,odom_x,/odom,2.2371907111862219e-07,0.5
81d9b0fd-23f8-402e-847e-4c99ab6ff099,9.972000000000001,odom_x,/odom,2.2371907111862184e-07,0.5
81d9b0fd-23f8-402e-847e-4c99ab6ff099,10.008000000000001,odom_x,/odom,2.2371907111862126e-07,0.5
81d9b0fd-23f8-402e-847e-4c99ab6ff099,10.044,odom_x,/odom,2.2371907111862102e-07,0.5
81d9b0fd-23f8-402e-847e-4c99ab6ff099,10.08,odom_x,/odom,2.2371907111862084e-07,0.5
81d9b0fd-23f8-402e-847e-4c99ab6ff099,10.116000000000001,odom_x,/odom,2.2371907111862102e-07,0.5
81d9b0fd-23f8-402e-847e-4c99ab6ff099,10.152000000000001,odom_x,/odom,2.2371907111862084e-07,0.5
81d9b0fd-23f8-402e-847e-4c99ab6ff099,10.188,odom_x,/odom,2.2371907111862078e-07,0.5
81d9b0fd-23f8-402e-847e-4c99ab6ff099,10.224,odom_x,/odom,2.2371907111862036e-07,0.5
81d9b0fd-23f8-402e-847e-4c99ab6ff099,10.26,odom_x,/odom,2.2371907111862007e-07,0.5
81d9b0fd-23f8-402e-847e-4c99ab6ff099,10.296000000000001,odom_x,/odom,2.237190711186195e-07,0.5
81d9b0fd-23f8-402e-847e-4c99ab6ff099,10.332,odom_x,/odom,2.237190711186193e-07,0.5
81d9b0fd-23f8-402e-847e-4c99ab6ff099,10.368,odom_x,/odom,2.2371907111861882e-07,0.5
81d9b0fd-23f8-402e-847e-4c99ab6ff099,10.404,odom_x,/odom,2.2371907111861933e-07,0.5
81d9b0fd-23f8-402e-847e-4c99ab6ff099,10.440000000000001,odom_x,/odom,2.237190711186192e-07,0.5
81d9b0fd-23f8-402e-847e-4c99ab6ff099,10.476,odom_x,/odom,2.2371907111861933e-07,0.5
81d9b0fd-23f8-402e-847e-4c99ab6ff099,10.512,odom_x,/odom,2.2371907111861914e-07,0.5
81d9b0fd-23f8-402e-847e-4c99ab6ff099,10.548,odom_x,/odom,2.2371907111861896e-07,0.5
81d9b0fd-23f8-402e-847e-4c99ab6ff099,10.584000000000001,odom_x,/odom,2.2371907111861877e-07,0.5
81d9b0fd-23f8-402e-847e-4c99ab6ff099,10.620000000000001,odom_x,/odom,2.2371907111861845e-07,0.5
81d9b0fd-23f8-402e-847e-4c99ab6ff099,10.656,odom_x,/odom,2.2371907111861824e-07,0.5
81d9b0fd-23f8-402e-847e-4c99ab6ff099,10.692,odom_x,/odom,2.237190711186178e-07,0.5
81d9b0fd-23f8-402e-847e-4c99ab6ff099,10.728000000000002,odom_x,/odom,2.2371907111861782e-07,0.5
81d9b0fd-23f8-402e-847e-4c99ab6ff099,10.764000000000001,odom_x,/odom,2.2371907111861766e-07,0.5
81d9b0fd-23f8-402e-847e-4c99ab6ff099,10.8,odom_x,/odom,2.2371907111861769e-07,0.5
81d9b0fd-23f8-402e-847e-4c99ab6ff099,10.836,odom_x,/odom,2.2371907111861745e-07,0.5
81d9b0fd-23f8-402e-847e-4c99ab6ff099,10.872,odom_x,/odom,2.237190711186173e-07,0.5
81d9b0fd-23f8-402e-847e-4c99ab6ff099,10.911000000000001,odom_x,/odom,2.237190711186169e-07,0.5
81d9b0fd-23f8-402e-847e-4c99ab6ff099,10.944,odom_x,/odom,2.2371907111861673e-07,0.5
81d9b0fd-23f8-402e-847e-4c99ab6ff099,10.98,odom_x,/odom,2.237190711186167e-07,0.5
81d9b0fd-23f8-402e-847e-4c99ab6ff099,11.016,odom_x,/odom,2.2371907111861692e-07,0.5
81d9b0fd-23f8-402e-847e-4c99ab6ff099,11.052000000000001,odom_x,/odom,2.2371907111861665e-07,0.5
81d9b0fd-23f8-402e-847e-4c99ab6ff099,11.088000000000001,odom_x,/odom,2.2371907111861636e-07,0.5
81d9b0fd-23f8-402e-847e-4c99ab6ff099,11.124,odom_x,/odom,2.2371907111861602e-07,0.5
81d9b0fd-23f8-402e-847e-4c99ab6ff099,11.16,odom_x,/odom,2.23719071118616e-07,0.5
81d9b0fd-23f8-402e-847e-4c99ab6ff099,11.196000000000002,odom_x,/odom,2.2371907111861575e-07,0.5
81d9b0fd-23f8-402e-847e-4c99ab6ff099,11.232000000000001,odom_x,/odom,0.0005942237120761939,0.5
81d9b0fd-23f8-402e-847e-4c99ab6ff099,11.268,odom_x,/odom,0.0018262401583118149,0.5
81d9b0fd-23f8-402e-847e-4c99ab6ff099,11.304,odom_x,/odom,0.003382256362669279,0.5
81d9b0fd-23f8-402e-847e-4c99ab6ff099,11.34,odom_x,/odom,0.006180272110888258,0.5
81d9b0fd-23f8-402e-847e-4c99ab6ff099,11.376000000000001,odom_x,/odom,0.009747187707516949,0.5
81d9b0fd-23f8-402e-847e-4c99ab6ff099,11.412,odom_x,/odom,0.013763201973510676,0.5
81d9b0fd-23f8-402e-847e-4c99ab6ff099,11.448,odom_x,/odom,0.018156460975217285,0.5
81d9b0fd-23f8-402e-847e-4c99ab6ff099,11.484,odom_x,/odom,0.02269050358043637,0.5
81d9b0fd-23f8-402e-847e-4c99ab6ff099,11.520000000000001,odom_x,/odom,0.02724510392412013,0.5
81d9b0fd-23f8-402e-847e-4c99ab6ff099,11.556000000000001,odom_x,/odom,0.03180720769732949,0.5
81d9b0fd-23f8-402e-847e-4c99ab6ff099,11.592,odom_x,/odom,0.03645243846925131,0.5
81d9b0fd-23f8-402e-847e-4c99ab6ff099,11.628,odom_x,/odom,0.041104930669303805,0.5
81d9b0fd-23f8-402e-847e-4c99ab6ff099,11.664000000000001,odom_x,/odom,0.04575608467427997,0.5
81d9b0fd-23f8-402e-847e-4c99ab6ff099,11.700000000000001,odom_x,/odom,0.050526599252070106,0.5
81d9b0fd-23f8-402e-847e-4c99ab6ff099,11.736,odom_x,/odom,0.05522609460191072,0.5
81d9b0fd-23f8-402e-847e-4c99ab6ff099,11.772,odom_x,/odom,0.05988950706752099,0.5
81d9b0fd-23f8-402e-847e-4c99ab6ff099,11.808000000000002,odom_x,/odom,0.06462885422388817,0.5
81d9b0fd-23f8-402e-847e-4c99ab6ff099,11.844000000000001,odom_x,/odom,0.06936134248224074,0.5
81d9b0fd-23f8-402e-847e-4c99ab6ff099,11.88,odom_x,/odom,0.07407763483161968,0.5
81d9b0fd-23f8-402e-847e-4c99ab6ff099,11.916,odom_x,/odom,0.07878874671502567,0.5
81d9b0fd-23f8-402e-847e-4c99ab6ff099,11.952,odom_x,/odom,0.08347590970730895,0.5
81d9b0fd-23f8-402e-847e-4c99ab6ff099,11.988000000000001,odom_x,/odom,0.08816614868214306,0.5
81d9b0fd-23f8-402e-847e-4c99ab6ff099,12.024000000000001,odom_x,/odom,0.0928572229489479,0.5
81d9b0fd-23f8-402e-847e-4c99ab6ff099,12.06,odom_x,/odom,0.09762568725692808,0.5
81d9b0fd-23f8-402e-847e-4c99ab6ff099,12.096,odom_x,/odom,0.10241167105348514,0.5
81d9b0fd-23f8-402e-847e-4c99ab6ff099,12.132000000000001,odom_x,/odom,0.10717003073971144,0.5
81d9b0fd-23f8-402e-847e-4c99ab6ff099,12.168000000000001,odom_x,/odom,0.1119255424594348,0.5
81d9b0fd-23f8-402e-847e-4c99ab6ff099,12.204,odom_x,/odom,0.11674285488985665,0.5
81d9b0fd-23f8-402e-847e-4c99ab6ff099,12.24,odom_x,/odom,0.12137482446637908,0.5
81d9b0fd-23f8-402e-847e-4c99ab6ff099,12.276000000000002,odom_x,/odom,0.1259389105873366,0.5
81d9b0fd-23f8-402e-847e-4c99ab6ff099,12.312000000000001,odom_x,/odom,0.13072845390907892,0.5
81d9b0fd-23f8-402e-847e-4c99ab6ff099,12.348,odom_x,/odom,0.13553666667028572,0.5
81d9b0fd-23f8-402e-847e-4c99ab6ff099,12.384,odom_x,/odom,0.14037182956441982,0.5
81d9b0fd-23f8-402e-847e-4c99ab6ff099,12.42,odom_x,/odom,0.14522376339717735,0.5
81d9b0fd-23f8-402e-847e-4c99ab6ff099,12.456000000000001,odom_x,/odom,0.1501363692003978,0.5
81d9b0fd-23f8-402e-847e-4c99ab6ff099,12.492,odom_x,/odom,0.15512120511312005,0.5
81d9b0fd-23f8-402e-847e-4c99ab6ff099,12.528,odom_x,/odom,0.1601105294963451,0.5
81d9b0fd-23f8-402e-847e-4c99ab6ff099,12.564,odom_x,/odom,0.16519542313839114,0.5
81d9b0fd-23f8-402e-847e-4c99ab6ff099,12.600000000000001,odom_x,/odom,0.17047424396452246,0.5
81d9b0fd-23f8-402e-847e-4c99ab6ff099,12.636000000000001,odom_x,/odom,0.17566824838083253,0.5
81d9b0fd-23f8-402e-847e-4c99ab6ff099,12.672,odom_x,/odom,0.18081566258592996,0.5
81d9b0fd-23f8-402e-847e-4c99ab6ff099,12.708,odom_x,/odom,0.18602679005824202,0.5
81d9b0fd-23f8-402e-847e-4c99ab6ff099,12.744000000000002,odom_x,/odom,0.19132473153829418,0.5
81d9b0fd-23f8-402e-847e-4c99ab6ff099,12.780000000000001,odom_x,/odom,0.19665530658913571,0.5
81d9b0fd-23f8-402e-847e-4c99ab6ff099,12.816,odom_x,/odom,0.20210372209099722,0.5
81d9b0fd-23f8-402e-847e-4c99ab6ff099,12.852,odom_x,/odom,0.20746995485292125,0.5
81d9b0fd-23f8-402e-847e-4c99ab6ff099,12.888000000000002,odom_x,/odom,0.21288023087441285,0.5
81d9b0fd-23f8-402e-847e-4c99ab6ff099,12.924000000000001,odom_x,/odom,0.218302088739525,0.5
81d9b0fd-23f8-402e-847e-4c99ab6ff099,12.96,odom_x,/odom,0.22385572781524773,0.5
81d9b0fd-23f8-402e-847e-4c99ab6ff099,12.996,odom_x,/odom,0.2294878595385069,0.5
81d9b0fd-23f8-402e-847e-4c99ab6ff099,13.032,odom_x,/odom,0.23511077286582202,0.5
81d9b0fd-23f8-402e-847e-4c99ab6ff099,13.068000000000001,odom_x,/odom,0.24073116190412008,0.5
81d9b0fd-23f8-402e-847e-4c99ab6ff099,13.104000000000001,odom_x,/odom,0.24636143267298075,0.5
81d9b0fd-23f8-402e-847e-4c99ab6ff099,13.14,odom_x,/odom,0.25203303021037743,0.5
81d9b0fd-23f8-402e-847e-4c99ab6ff099,13.176,odom_x,/odom,0.25771161567992373,0.5
81d9b0fd-23f8-402e-847e-4c99ab6ff099,13.212000000000002,odom_x,/odom,0.26328944980562646,0.5
81d9b0fd-23f8-402e-847e-4c99ab6ff099,13.248000000000001,odom_x,/odom,0.2687979801229669,0.5
81d9b0fd-23f8-402e-847e-4c99ab6ff099,13.284,odom_x,/odom,0.27434925329112997,0.5
81d9b0fd-23f8-402e-847e-4c99ab6ff099,13.32,odom_x,/odom,0.2799317943310234,0.5
81d9b0fd-23f8-402e-847e-4c99ab6ff099,13.356000000000002,odom_x,/odom,0.28553546373862426,0.5
81d9b0fd-23f8-402e-847e-4c99ab6ff099,13.392000000000001,odom_x,/odom,0.2912577437808848,0.5
81d9b0fd-23f8-402e-847e-4c99ab6ff099,13.428,odom_x,/odom,0.2969912599273135,0.5
81d9b0fd-23f8-402e-847e-4c99ab6ff099,13.464,odom_x,/odom,0.30280119468712674,0.5
81d9b0fd-23f8-402e-847e-4c99ab6ff099,13.5,odom_x,/odom,0.30860418667507283,0.5
81d9b0fd-23f8-402e-847e-4c99ab6ff099,13.536000000000001,odom_x,/odom,0.3144353096876716,0.5
81d9b0fd-23f8-402e-847e-4c99ab6ff099,13.572000000000001,odom_x,/odom,0.3202786509678327,0.5
81d9b0fd-23f8-402e-847e-4c99ab6ff099,13.608,odom_x,/odom,0.3259586033455191,0.5
81d9b0fd-23f8-402e-847e-4c99ab6ff099,13.644,odom_x,/odom,0.331586063856245,0.5
81d9b0fd-23f8-402e-847e-4c99ab6ff099,13.680000000000001,odom_x,/odom,0.3372223561796477,0.5
81d9b0fd-23f8-402e-847e-4c99ab6ff099,13.716000000000001,odom_x,/odom,0.34287381802374717,0.5
81d9b0fd-23f8-402e-847e-4c99ab6ff099,13.752,odom_x,/odom,0.3485569343183553,0.5
81d9b0fd-23f8-402e-847e-4c99ab6ff099,13.788,odom_x,/odom,0.3542377562259729,0.5
81d9b0fd-23f8-402e-847e-4c99ab6ff099,13.824000000000002,odom_x,/odom,0.35991695239221033,0.5
81d9b0fd-23f8-402e-847e-4c99ab6ff099,13.860000000000001,odom_x,/odom,0.36579745009968967,0.5
81d9b0fd-23f8-402e-847e-4c99ab6ff099,13.896,odom_x,/odom,0.371784933283735,0.5
81d9b0fd-23f8-402e-847e-4c99ab6ff099,13.932,odom_x,/odom,0.3779297447362721,0.5
81d9b0fd-23f8-402e-847e-4c99ab6ff099,13.968000000000002,odom_x,/odom,0.3840919321544843,0.5
81d9b0fd-23f8-402e-847e-4c99ab6ff099,14.004000000000001,odom_x,/odom,0.390435817511047,0.5
81d9b0fd-23f8-402e-847e-4c99ab6ff099,14.040000000000001,odom_x,/odom,0.39697471975245147,0.5
81d9b0fd-23f8-402e-847e-4c99ab6ff099,14.076,odom_x,/odom,0.4035265981404368,0.5
81d9b0fd-23f8-402e-847e-4c99ab6ff099,14.112,odom_x,/odom,0.4099631280183805,0.5
81d9b0fd-23f8-402e-847e-4c99ab6ff099,14.148000000000001,odom_x,/odom,0.4163280411175286,0.5
81d9b0fd-23f8-402e-847e-4c99ab6ff099,14.184000000000001,odom_x,/odom,0.4225944182124747,0.5
81d9b0fd-23f8-402e-847e-4c99ab6ff099,14.22,odom_x,/odom,0.42881996913565473,0.5
81d9b0fd-23f8-402e-847e-4c99ab6ff099,14.256,odom_x,/odom,0.4350024332315952,0.5
81d9b0fd-23f8-402e-847e-4c99ab6ff099,14.292000000000002,odom_x,/odom,0.44127468813243753,0.5
81d9b0fd-23f8-402e-847e-4c99ab6ff099,14.328000000000001,odom_x,/odom,0.44755687148572837,0.5
81d9b0fd-23f8-402e-847e-4c99ab6ff099,14.364,odom_x,/odom,0.4538490094419977,0.5
81d9b0fd-23f8-402e-847e-4c99ab6ff099,14.4,odom_x,/odom,0.46009804475354454,0.5
81d9b0fd-23f8-402e-847e-4c99ab6ff099,14.436000000000002,odom_x,/odom,0.4664449448160112,0.5
81d9b0fd-23f8-402e-847e-4c99ab6ff099,14.472000000000001,odom_x,/odom,0.4728321829195306,0.5
81d9b0fd-23f8-402e-847e-4c99ab6ff099,14.508000000000001,odom_x,/odom,0.47911364459717093,0.5
81d9b0fd-23f8-402e-847e-4c99ab6ff099,14.544,odom_x,/odom,0.48544643657774567,0.5
81d9b0fd-23f8-402e-847e-4c99ab6ff099,14.58,odom_x,/odom,0.49182876731208736,0.5
81d9b0fd-23f8-402e-847e-4c99ab6ff099,14.616000000000001,odom_x,/odom,0.4981529210967051,0.5
81d9b0fd-23f8-402e-847e-4c99ab6ff099,14.652000000000001,odom_x,/odom,0.5045387013506044,0.5
81d9b0fd-23f8-402e-847e-4c99ab6ff099,14.688,odom_x,/odom,0.5110154045556542,0.5
81d9b0fd-23f8-402e-847e-4c99ab6ff099,14.724,odom_x,/odom,0.5175203149382778,0.5
81d9b0fd-23f8-402e-847e-4c99ab6ff099,14.760000000000002,odom_x,/odom,0.5240628188978322,0.5
81d9b0fd-23f8-402e-847e-4c99ab6ff099,14.796000000000001,odom_x,/odom,0.5306274272965901,0.5
81d9b0fd-23f8-402e-847e-4c99ab6ff099,14.832,odom_x,/odom,0.5373118078111422,0.5
81d9b0fd-23f8-402e-847e-4c99ab6ff099,14.868,odom_x,/odom,0.5440084754370643,0.5
81d9b0fd-23f8-402e-847e-4c99ab6ff099,14.904000000000002,odom_x,/odom,0.5507483608516829,0.5
81d9b0fd-23f8-402e-847e-4c99ab6ff099,14.940000000000001,odom_x,/odom,0.5573942817197832,0.5
81d9b0fd-23f8-402e-847e-4c99ab6ff099,14.976,odom_x,/odom,0.5640136904186992,0.5
81d9b0fd-23f8-402e-847e-4c99ab6ff099,15.012,odom_x,/odom,0.5704365515391805,0.5
81d9b0fd-23f8-402e-847e-4c99ab6ff099,15.048000000000002,odom_x,/odom,0.5767104781711704,0.5
81d9b0fd-23f8-402e-847e-4c99ab6ff099,15.084000000000001,odom_x,/odom,0.5830514274718918,0.5
81d9b0fd-23f8-402e-847e-4c99ab6ff099,15.120000000000001,odom_x,/odom,0.5894579662169076,0.5
81d9b0fd-23f8-402e-847e-4c99ab6ff099,15.156,odom_x,/odom,0.5960042095639869,0.5
81d9b0fd-23f8-402e-847e-4c99ab6ff099,15.192,odom_x,/odom,0.6025449890727211,0.5
81d9b0fd-23f8-402e-847e-4c99ab6ff099,15.228000000000002,odom_x,/odom,0.6090802257452093,0.5
81d9b0fd-23f8-402e-847e-4c99ab6ff099,15.264000000000001,odom_x,/odom,0.6156082562209313,0.5
81d9b0fd-23f8-402e-847e-4c99ab6ff099,15.3,odom_x,/odom,0.6222292536708532,0.5
81d9b0fd-23f8-402e-847e-4c99ab6ff099,15.336,odom_x,/odom,0.6288307796316299,0.5
81d9b0fd-23f8-402e-847e-4c99ab6ff099,15.372000000000002,odom_x,/odom,0.6354192807669343,0.5
81d9b0fd-23f8-402e-847e-4c99ab6ff099,15.411000000000001,odom_x,/odom,0.6419835956110667,0.5
81d9b0fd-23f8-402e-847e-4c99ab6ff099,15.444,odom_x,/odom,0.6486102798588552,0.5
81d9b0fd-23f8-402e-847e-4c99ab6ff099,15.48,odom_x,/odom,0.6552725452404149,0.5
81d9b0fd-23f8-402e-847e-4c99ab6ff099,15.516000000000002,odom_x,/odom,0.6619089235941373,0.5
81d9b0fd-23f8-402e-847e-4c99ab6ff099,15.552000000000001,odom_x,/odom,0.6685591127126972,0.5
81d9b0fd-23f8-402e-847e-4c99ab6ff099,15.588000000000001,odom_x,/odom,0.6752499904815766,0.5
81d9b0fd-23f8-402e-847e-4c99ab6ff099,15.624,odom_x,/odom,0.681953928504875,0.5
81d9b0fd-23f8-402e-847e-4c99ab6ff099,15.66,odom_x,/odom,0.6886714658960206,0.5
81d9b0fd-23f8-402e-847e-4c99ab6ff099,15.696000000000002,odom_x,/odom,0.695376854739272,0.5
81d9b0fd-23f8-402e-847e-4c99ab6ff099,15.732000000000001,odom_x,/odom,0.7019018238614378,0.5
81d9b0fd-23f8-402e-847e-4c99ab6ff099,15.768,odom_x,/odom,0.7084028361546729,0.5
81d9b0fd-23f8-402e-847e-4c99ab6ff099,15.804,odom_x,/odom,0.7148324743549143,0.5
81d9b0fd-23f8-402e-847e-4c99ab6ff099,15.840000000000002,odom_x,/odom,0.7212869932966663,0.5
81d9b0fd-23f8-402e-847e-4c99ab6ff099,15.876000000000001,odom_x,/odom,0.7277541164189616,0.5
81d9b0fd-23f8-402e-847e-4c99ab6ff099,15.912,odom_x,/odom,0.7340855820993407,0.5
81d9b0fd-23f8-402e-847e-4c99ab6ff099,15.948,odom_x,/odom,0.7405039331855221,0.5
81d9b0fd-23f8-402e-847e-4c99ab6ff099,15.984000000000002,odom_x,/odom,0.746971698726271,0.5
81d9b0fd-23f8-402e-847e-4c99ab6ff099,16.02,odom_x,/odom,0.7534454625904913,0.5
81d9b0fd-23f8-402e-847e-4c99ab6ff099,16.056,odom_x,/odom,0.759985601493408,0.5
81d9b0fd-23f8-402e-847e-4c99ab6ff099,16.092000000000002,odom_x,/odom,0.7665100114018154,0.5
81d9b0fd-23f8-402e-847e-4c99ab6ff099,16.128,odom_x,/odom,0.7730313692575297,0.5
81d9b0fd-23f8-402e-847e-4c99ab6ff099,16.164,odom_x,/odom,0.7795600358982623,0.5
81d9b0fd-23f8-402e-847e-4c99ab6ff099,16.2,odom_x,/odom,0.7860591112621862,0.5
81d9b0fd-23f8-402e-847e-4c99ab6ff099,16.236,odom_x,/odom,0.7925055771824382,0.5
81d9b0fd-23f8-402e-847e-4c99ab6ff099,16.272000000000002,odom_x,/odom,0.7989369478214189,0.5
81d9b0fd-23f8-402e-847e-4c99ab6ff099,16.308,odom_x,/odom,0.8052536427487429,0.5
81d9b0fd-23f8-402e-847e-4c99ab6ff099,16.344,odom_x,/odom,0.8115377388079108,0.5
81d9b0fd-23f8-402e-847e-4c99ab6ff099,16.380000000000003,odom_x,/odom,0.8178277368751149,0.5
81d9b0fd-23f8-402e-847e-4c99ab6ff099,16.416,odom_x,/odom,0.82417142752215,0.5
81d9b0fd-23f8-402e-847e-4c99ab6ff099,16.452,odom_x,/odom,0.8304323435275937,0.5
81d9b0fd-23f8-402e-847e-4c99ab6ff099,16.488,odom_x,/odom,0.836922247626293,0.5
81d9b0fd-23f8-402e-847e-4c99ab6ff099,16.524,odom_x,/odom,0.8434909328944313,0.5
81d9b0fd-23f8-402e-847e-4c99ab6ff099,16.560000000000002,odom_x,/odom,0.8500658721729202,0.5
81d9b0fd-23f8-402e-847e-4c99ab6ff099,16.596,odom_x,/odom,0.8566498392105144,0.5
81d9b0fd-23f8-402e-847e-4c99ab6ff099,16.632,odom_x,/odom,0.8632858462661838,0.5
81d9b0fd-23f8-402e-847e-4c99ab6ff099,16.668000000000003,odom_x,/odom,0.869926440475097,0.5
81d9b0fd-23f8-402e-847e-4c99ab6ff099,16.704,odom_x,/odom,0.8765776364834178,0.5
81d9b0fd-23f8-402e-847e-4c99ab6ff099,16.740000000000002,odom_x,/odom,0.8831977561888736,0.5
81d9b0fd-23f8-402e-847e-4c99ab6ff099,16.776,odom_x,/odom,0.8898107014003183,0.5
81d9b0fd-23f8-402e-847e-4c99ab6ff099,16.812,odom_x,/odom,0.8963631018453194,0.5
81d9b0fd-23f8-402e-847e-4c99ab6ff099,16.848000000000003,odom_x,/odom,0.9028912350902071,0.5
81d9b0fd-23f8-402e-847e-4c99ab6ff099,16.884,odom_x,/odom,0.9093187865617224,0.5
81d9b0fd-23f8-402e-847e-4c99ab6ff099,16.92,odom_x,/odom,0.9156945079878157,0.5
81d9b0fd-23f8-402e-847e-4c99ab6ff099,16.956,odom_x,/odom,0.9220362173166944,0.5
81d9b0fd-23f8-402e-847e-4c99ab6ff099,16.992,odom_x,/odom,0.9283612128459405,0.5
81d9b0fd-23f8-402e-847e-4c99ab6ff099,17.028000000000002,odom_x,/odom,0.934685860274763,0.5
81d9b0fd-23f8-402e-847e-4c99ab6ff099,17.064,odom_x,/odom,0.9410174074794059,0.5
81d9b0fd-23f8-402e-847e-4c99ab6ff099,17.1,odom_x,/odom,0.9475007412684321,0.5
81d9b0fd-23f8-402e-847e-4c99ab6ff099,17.136000000000003,odom_x,/odom,0.9537832248310295,0.5
81d9b0fd-23f8-402e-847e-4c99ab6ff099,17.172,odom_x,/odom,0.9599353688816902,0.5
81d9b0fd-23f8-402e-847e-4c99ab6ff099,17.208000000000002,odom_x,/odom,0.966085698481744,0.5
81d9b0fd-23f8-402e-847e-4c99ab6ff099,17.244,odom_x,/odom,0.9721545082078058,0.5
81d9b0fd-23f8-402e-847e-4c99ab6ff099,17.28,odom_x,/odom,0.9781810530615596,0.5
81d9b0fd-23f8-402e-847e-4c99ab6ff099,17.316000000000003,odom_x,/odom,0.9843201840479548,0.5
81d9b0fd-23f8-402e-847e-4c99ab6ff099,17.352,odom_x,/odom,0.9905077010801048,0.5
81d9b0fd-23f8-402e-847e-4c99ab6ff099,17.388,odom_x,/odom,0.9966926105198352,0.5
81d9b0fd-23f8-402e-847e-4c99ab6ff099,17.424,odom_x,/odom,1.0028770503829962,0.5
81d9b0fd-23f8-402e-847e-4c99ab6ff099,17.46,odom_x,/odom,1.0090740957745674,0.5
81d9b0fd-23f8-402e-847e-4c99ab6ff099,17.496000000000002,odom_x,/odom,1.0152123265380801,0.5
81d9b0fd-23f8-402e-847e-4c99ab6ff099,17.532,odom_x,/odom,1.0214385007181972,0.5
81d9b0fd-23f8-402e-847e-4c99ab6ff099,17.568,odom_x,/odom,1.0276757541503596,0.5
81d9b0fd-23f8-402e-847e-4c99ab6ff099,17.604000000000003,odom_x,/odom,1.0338698971096694,0.5
81d9b0fd-23f8-402e-847e-4c99ab6ff099,17.64,odom_x,/odom,1.0399613167063324,0.5
81d9b0fd-23f8-402e-847e-4c99ab6ff099,17.676000000000002,odom_x,/odom,1.0460366365747087,0.5
81d9b0fd-23f8-402e-847e-4c99ab6ff099,17.712,odom_x,/odom,1.052388725863307,0.5
81d9b0fd-23f8-402e-847e-4c99ab6ff099,17.748,odom_x,/odom,1.0588262870881198,0.5
81d9b0fd-23f8-402e-847e-4c99ab6ff099,17.784000000000002,odom_x,/odom,1.065193231305695,0.5
81d9b0fd-23f8-402e-847e-4c99ab6ff099,17.82,odom_x,/odom,1.071518518161134,0.5
81d9b0fd-23f8-402e-847e-4c99ab6ff099,17.856,odom_x,/odom,1.0777553029971985,0.5
81d9b0fd-23f8-402e-847e-4c99ab6ff099,17.892,odom_x,/odom,1.0839589236166314,0.5
81d9b0fd-23f8-402e-847e-4c99ab6ff099,17.928,odom_x,/odom,1.0901624333430175,0.5
81d9b0fd-23f8-402e-847e-4c99ab6ff099,17.964000000000002,odom_x,/odom,1.0963525241875611,0.5
81d9b0fd-23f8-402e-847e-4c99ab6ff099,18.0,odom_x,/odom,1.1026023973871277,0.5
81d9b0fd-23f8-402e-847e-4c99ab6ff099,18.036,odom_x,/odom,1.1088806925359926,0.5
81d9b0fd-23f8-402e-847e-4c99ab6ff099,18.072000000000003,odom_x,/odom,1.1151641010083122,0.5
81d9b0fd-23f8-402e-847e-4c99ab6ff099,18.108,odom_x,/odom,1.121436787584381,0.5
81d9b0fd-23f8-402e-847e-4c99ab6ff099,18.144000000000002,odom_x,/odom,1.1276640374360505,0.5
81d9b0fd-23f8-402e-847e-4c99ab6ff099,18.18,odom_x,/odom,1.1338696844937957,0.5
81d9b0fd-23f8-402e-847e-4c99ab6ff099,18.216,odom_x,/odom,1.140131091103715,0.5
81d9b0fd-23f8-402e-847e-4c99ab6ff099,18.252000000000002,odom_x,/odom,1.146315072265356,0.5
81d9b0fd-23f8-402e-847e-4c99ab6ff099,18.288,odom_x,/odom,1.1526248413505853,0.5
81d9b0fd-23f8-402e-847e-4c99ab6ff099,18.324,odom_x,/odom,1.1589884101033021,0.5
81d9b0fd-23f8-402e-847e-4c99ab6ff099,18.36,odom_x,/odom,1.1652630394738765,0.5
81d9b0fd-23f8-402e-847e-4c99ab6ff099,18.396,odom_x,/odom,1.1715003049057557,0.5
81d9b0fd-23f8-402e-847e-4c99ab6ff099,18.432000000000002,odom_x,/odom,1.1776102485182582,0.5
81d9b0fd-23f8-402e-847e-4c99ab6ff099,18.468,odom_x,/odom,1.1837068682889864,0.5
81d9b0fd-23f8-402e-847e-4c99ab6ff099,18.504,odom_x,/odom,1.1898665795751182,0.5
81d9b0fd-23f8-402e-847e-4c99ab6ff099,18.540000000000003,odom_x,/odom,1.1961046271569604,0.5
81d9b0fd-23f8-402e-847e-4c99ab6ff099,18.576,odom_x,/odom,1.2023520640610943,0.5
81d9b0fd-23f8-402e-847e-4c99ab6ff099,18.612000000000002,odom_x,/odom,1.2086420063807963,0.5
81d9b0fd-23f8-402e-847e-4c99ab6ff099,18.648,odom_x,/odom,1.214964912408141,0.5
81d9b0fd-23f8-402e-847e-4c99ab6ff099,18.684,odom_x,/odom,1.221272092015014,0.5
81d9b0fd-23f8-402e-847e-4c99ab6ff099,18.720000000000002,odom_x,/odom,1.227566557440442,0.5
81d9b0fd-23f8-402e-847e-4c99ab6ff099,18.756,odom_x,/odom,1.2338708863118515,0.5
81d9b0fd-23f8-402e-847e-4c99ab6ff099,18.792,odom_x,/odom,1.240256457528234,0.5
81d9b0fd-23f8-402e-847e-4c99ab6ff099,18.828,odom_x,/odom,1.2466491033261957,0.5
81d9b0fd-23f8-402e-847e-4c99ab6ff099,18.864,odom_x,/odom,1.2530372290789182,0.5
81d9b0fd-23f8-402e-847e-4c99ab6ff099,18.900000000000002,odom_x,/odom,1.2593999570296777,0.5
81d9b0fd-23f8-402e-847e-4c99ab6ff099,18.936,odom_x,/odom,1.2656792192835358,0.5
81d9b0fd-23f8-402e-847e-4c99ab6ff099,18.972,odom_x,/odom,1.2719322108219593,0.5
81d9b0fd-23f8-402e-847e-4c99ab6ff099,19.008000000000003,odom_x,/odom,1.2781358091466333,0.5
81d9b0fd-23f8-402e-847e-4c99ab6ff099,19.044,odom_x,/odom,1.2844076677312797,0.5
81d9b0fd-23f8-402e-847e-4c99ab6ff099,19.080000000000002,odom_x,/odom,1.2907246262071415,0.5
81d9b0fd-23f8-402e-847e-4c99ab6ff099,19.116,odom_x,/odom,1.2970600309444902,0.5
81d9b0fd-23f8-402e-847e-4c99ab6ff099,19.152,odom_x,/odom,1.3032608977096498,0.5
81d9b0fd-23f8-402e-847e-4c99ab6ff099,19.188000000000002,odom_x,/odom,1.3094543545427155,0.5
81d9b0fd-23f8-402e-847e-4c99ab6ff099,19.224,odom_x,/odom,1.3156511242945874,0.5
81d9b0fd-23f8-402e-847e-4c99ab6ff099,19.26,odom_x,/odom,1.32182068967829,0.5
81d9b0fd-23f8-402e-847e-4c99ab6ff099,19.296000000000003,odom_x,/odom,1.3280638960230842,0.5
81d9b0fd-23f8-402e-847e-4c99ab6ff099,19.332,odom_x,/odom,1.3342586727263166,0.5
81d9b0fd-23f8-402e-847e-4c99ab6ff099,19.368000000000002,odom_x,/odom,1.3404466572536038,0.5
81d9b0fd-23f8-402e-847e-4c99ab6ff099,19.404,odom_x,/odom,1.3465635165947973,0.5
81d9b0fd-23f8-402e-847e-4c99ab6ff099,19.44,odom_x,/odom,1.3527701694275085,0.5
81d9b0fd-23f8-402e-847e-4c99ab6ff099,19.476000000000003,odom_x,/odom,1.3590066057198078,0.5
81d9b0fd-23f8-402e-847e-4c99ab6ff099,19.512,odom_x,/odom,1.3653265361347322,0.5
81d9b0fd-23f8-402e-847e-4c99ab6ff099,19.548000000000002,odom_x,/odom,1.3715759530339704,0.5
81d9b0fd-23f8-402e-847e-4c99ab6ff099,19.584,odom_x,/odom,1.3779077199519278,0.5
81d9b0fd-23f8-402e-847e-4c99ab6ff099,19.62,odom_x,/odom,1.3843014758907202,0.5
81d9b0fd-23f8-402e-847e-4c99ab6ff099,19.656000000000002,odom_x,/odom,1.3907893852269955,0.5
81d9b0fd-23f8-402e-847e-4c99ab6ff099,19.692,odom_x,/odom,1.3969925789913877,0.5
81d9b0fd-23f8-402e-847e-4c99ab6ff099,19.728,odom_x,/odom,1.4031176314656029,0.5
81d9b0fd-23f8-402e-847e-4c99ab6ff099,19.764000000000003,odom_x,/odom,1.409238536945972,0.5
81d9b0fd-23f8-402e-847e-4c99ab6ff099,19.8,odom_x,/odom,1.415373165653878,0.5
81d9b0fd-23f8-402e-847e-4c99ab6ff099,19.836000000000002,odom_x,/odom,1.4214946973928406,0.5
81d9b0fd-23f8-402e-847e-4c99ab6ff099,19.872,odom_x,/odom,1.4276108084463082,0.5
81d9b0fd-23f8-402e-847e-4c99ab6ff099,19.911,odom_x,/odom,1.4336574739720587,0.5
81d9b0fd-23f8-402e-847e-4c99ab6ff099,19.944000000000003,odom_x,/odom,1.4397933308120927,0.5
81d9b0fd-23f8-402e-847e-4c99ab6ff099,19.98,odom_x,/odom,1.4459940007060241,0.5
81d9b0fd-23f8-402e-847e-4c99ab6ff099,20.016000000000002,odom_x,/odom,1.4522454435566288,0.5
81d9b0fd-23f8-402e-847e-4c99ab6ff099,20.052,odom_x,/odom,1.4584306315888467,0.5
81d9b0fd-23f8-402e-847e-4c99ab6ff099,20.088,odom_x,/odom,1.464634640577033,0.5
81d9b0fd-23f8-402e-847e-4c99ab6ff099,20.124000000000002,odom_x,/odom,1.4708474425060505,0.5
81d9b0fd-23f8-402e-847e-4c99ab6ff099,20.16,odom_x,/odom,1.4770766506256057,0.5
81d9b0fd-23f8-402e-847e-4c99ab6ff099,20.196,odom_x,/odom,1.4834653062928305,0.5
81d9b0fd-23f8-402e-847e-4c99ab6ff099,20.232000000000003,odom_x,/odom,1.489887698840944,0.5
81d9b0fd-23f8-402e-847e-4c99ab6ff099,20.268,odom_x,/odom,1.4963072292134465,0.5
81d9b0fd-23f8-402e-847e-4c99ab6ff099,20.304000000000002,odom_x,/odom,1.5027302954781454,0.5
81d9b0fd-23f8-402e-847e-4c99ab6ff099,20.34,odom_x,/odom,1.5091151116744748,0.5
81d9b0fd-23f8-402e-847e-4c99ab6ff099,20.376,odom_x,/odom,1.5154919252171195,0.5
81d9b0fd-23f8-402e-847e-4c99ab6ff099,20.412000000000003,odom_x,/odom,1.5219001654669462,0.5
81d9b0fd-23f8-402e-847e-4c99ab6ff099,20.448,odom_x,/odom,1.5284160022426505,0.5
81d9b0fd-23f8-402e-847e-4c99ab6ff099,20.484,odom_x,/odom,1.5349368320055854,0.5
81d9b0fd-23f8-402e-847e-4c99ab6ff099,20.52,odom_x,/odom,1.5414407220492945,0.5
81d9b0fd-23f8-402e-847e-4c99ab6ff099,20.556,odom_x,/odom,1.5479708821992353,0.5
81d9b0fd-23f8-402e-847e-4c99ab6ff099,20.592000000000002,odom_x,/odom,1.554455892342748,0.5
81d9b0fd-23f8-402e-847e-4c99ab6ff099,20.628,odom_x,/odom,1.5609359967459637,0.5
81d9b0fd-23f8-402e-847e-4c99ab6ff099,20.664,odom_x,/odom,1.567427841473516,0.5
81d9b0fd-23f8-402e-847e-4c99ab6ff099,20.700000000000003,odom_x,/odom,1.5740386104116322,0.5
81d9b0fd-23f8-402e-847e-4c99ab6ff099,20.736,odom_x,/odom,1.5808098818748755,0.5
81d9b0fd-23f8-402e-847e-4c99ab6ff099,20.772000000000002,odom_x,/odom,1.5876350534696426,0.5
81d9b0fd-23f8-402e-847e-4c99ab6ff099,20.808,odom_x,/odom,1.5945427770792169,0.5
81d9b0fd-23f8-402e-847e-4c99ab6ff099,20.844,odom_x,/odom,1.6013877043547315,0.5
81d9b0fd-23f8-402e-847e-4c99ab6ff099,20.880000000000003,odom_x,/odom,1.6081914058860536,0.5
81d9b0fd-23f8-402e-847e-4c99ab6ff099,20.916,odom_x,/odom,1.6150603942956507,0.5
81d9b0fd-23f8-402e-847e-4c99ab6ff099,20.952,odom_x,/odom,1.6217989293781319,0.5
81d9b0fd-23f8-402e-847e-4c99ab6ff099,20.988,odom_x,/odom,1.6283889736595538,0.5
81d9b0fd-23f8-402e-847e-4c99ab6ff099,21.024,odom_x,/odom,1.6349480648599273,0.5
81d9b0fd-23f8-402e-847e-4c99ab6ff099,21.060000000000002,odom_x,/odom,1.6415227299913917,0.5
81d9b0fd-23f8-402e-847e-4c99ab6ff099,21.096,odom_x,/odom,1.648143799718654,0.5
81d9b0fd-23f8-402e-847e-4c99ab6ff099,21.132,odom_x,/odom,1.6548195044693323,0.5
81d9b0fd-23f8-402e-847e-4c99ab6ff099,21.168000000000003,odom_x,/odom,1.6614988492359493,0.5
81d9b0fd-23f8-402e-847e-4c99ab6ff099,21.204,odom_x,/odom,1.6681028102179032,0.5
81d9b0fd-23f8-402e-847e-4c99ab6ff099,21.240000000000002,odom_x,/odom,1.6746422853366172,0.5
81d9b0fd-23f8-402e-847e-4c99ab6ff099,21.276,odom_x,/odom,1.6811765297666614,0.5
81d9b0fd-23f8-402e-847e-4c99ab6ff099,21.312,odom_x,/odom,1.687795443501022,0.5
81d9b0fd-23f8-402e-847e-4c99ab6ff099,21.348000000000003,odom_x,/odom,1.694495567058092,0.5
81d9b0fd-23f8-402e-847e-4c99ab6ff099,21.384,odom_x,/odom,1.701106604992684,0.5
81d9b0fd-23f8-402e-847e-4c99ab6ff099,21.42,odom_x,/odom,1.7076519188114856,0.5
81d9b0fd-23f8-402e-847e-4c99ab6ff099,21.456000000000003,odom_x,/odom,1.7142607743767935,0.5
81d9b0fd-23f8-402e-847e-4c99ab6ff099,21.492,odom_x,/odom,1.7209559524561389,0.5
81d9b0fd-23f8-402e-847e-4c99ab6ff099,21.528000000000002,odom_x,/odom,1.7276570497416517,0.5
81d9b0fd-23f8-402e-847e-4c99ab6ff099,21.564,odom_x,/odom,1.734336387899706,0.5
81d9b0fd-23f8-402e-847e-4c99ab6ff099,21.6,odom_x,/odom,1.741032542917982,0.5
81d9b0fd-23f8-402e-847e-4c99ab6ff099,21.636000000000003,odom_x,/odom,1.7478392419199091,0.5
81d9b0fd-23f8-402e-847e-4c99ab6ff099,21.672,odom_x,/odom,1.7546849310934007,0.5
81d9b0fd-23f8-402e-847e-4c99ab6ff099,21.708000000000002,odom_x,/odom,1.7615111003898851,0.5
81d9b0fd-23f8-402e-847e-4c99ab6ff099,21.744,odom_x,/odom,1.7684173973534165,0.5
81d9b0fd-23f8-402e-847e-4c99ab6ff099,21.78,odom_x,/odom,1.77537010114723,0.5
81d9b0fd-23f8-402e-847e-4c99ab6ff099,21.816000000000003,odom_x,/odom,1.78227059893998,0.5
81d9b0fd-23f8-402e-847e-4c99ab6ff099,21.852,odom_x,/odom,1.7892398408272152,0.5
81d9b0fd-23f8-402e-847e-4c99ab6ff099,21.888,odom_x,/odom,1.7960888224090745,0.5
81d9b0fd-23f8-402e-847e-4c99ab6ff099,21.924000000000003,odom_x,/odom,1.8028872364342419,0.5
81d9b0fd-23f8-402e-847e-4c99ab6ff099,21.96,odom_x,/odom,1.8096641897621553,0.5
81d9b0fd-23f8-402e-847e-4c99ab6ff099,21.996000000000002,odom_x,/odom,1.8165285868395271,0.5
81d9b0fd-23f8-402e-847e-4c99ab6ff099,22.032,odom_x,/odom,1.8234390956828301,0.5
81d9b0fd-23f8-402e-847e-4c99ab6ff099,22.068,odom_x,/odom,1.8303507975224795,0.5
81d9b0fd-23f8-402e-847e-4c99ab6ff099,22.104000000000003,odom_x,/odom,1.8372667638525821,0.5
81d9b0fd-23f8-402e-847e-4c99ab6ff099,22.14,odom_x,/odom,1.8442100581620642,0.5
81d9b0fd-23f8-402e-847e-4c99ab6ff099,22.176000000000002,odom_x,/odom,1.8511583395070523,0.5
81d9b0fd-23f8-402e-847e-4c99ab6ff099,22.212,odom_x,/odom,1.8580426840042625,0.5
81d9b0fd-23f8-402e-847e-4c99ab6ff099,22.248,odom_x,/odom,1.8648776817287203,0.5
81d9b0fd-23f8-402e-847e-4c99ab6ff099,22.284000000000002,odom_x,/odom,1.871645260240417,0.5
81d9b0fd-23f8-402e-847e-4c99ab6ff099,22.32,odom_x,/odom,1.87838634202852,0.5
81d9b0fd-23f8-402e-847e-4c99ab6ff099,22.356,odom_x,/odom,1.885029051883751,0.5
81d9b0fd-23f8-402e-847e-4c99ab6ff099,22.392000000000003,odom_x,/odom,1.891665336026837,0.5
81d9b0fd-23f8-402e-847e-4c99ab6ff099,22.428,odom_x,/odom,1.898304213383212,0.5
81d9b0fd-23f8-402e-847e-4c99ab6ff099,22.464000000000002,odom_x,/odom,1.9050271446358442,0.5
81d9b0fd-23f8-402e-847e-4c99ab6ff099,22.5,odom_x,/odom,1.911869729052091,0.5
81d9b0fd-23f8-402e-847e-4c99ab6ff099,22.536,odom_x,/odom,1.9186639439341178,0.5
81d9b0fd-23f8-402e-847e-4c99ab6ff099,22.572000000000003,odom_x,/odom,1.9254369900051134,0.5
81d9b0fd-23f8-402e-847e-4c99ab6ff099,22.611,odom_x,/odom,1.932195962428054,0.5
81d9b0fd-23f8-402e-847e-4c99ab6ff099,22.644000000000002,odom_x,/odom,1.9389061900170232,0.5
81d9b0fd-23f8-402e-847e-4c99ab6ff099,22.68,odom_x,/odom,1.9455943338440465,0.5
81d9b0fd-23f8-402e-847e-4c99ab6ff099,22.716,odom_x,/odom,1.9523566745781544,0.5
81d9b0fd-23f8-402e-847e-4c99ab6ff099,22.752000000000002,odom_x,/odom,1.9592446660389988,0.5
81d9b0fd-23f8-402e-847e-4c99ab6ff099,22.788,odom_x,/odom,1.966074805064365,0.5
81d9b0fd-23f8-402e-847e-4c99ab6ff099,22.824,odom_x,/odom,1.9728824365913165,0.5
81d9b0fd-23f8-402e-847e-4c99ab6ff099,22.860000000000003,odom_x,/odom,1.979640377653625,0.5
81d9b0fd-23f8-402e-847e-4c99ab6ff099,22.896,odom_x,/odom,1.9864245640339293,0.5
81d9b0fd-23f8-402e-847e-4c99ab6ff099,22.932000000000002,odom_x,/odom,1.9929930620118117,0.5
81d9b0fd-23f8-402e-847e-4c99ab6ff099,22.968,odom_x,/odom,1.9995215814977496,0.5
81d9b0fd-23f8-402e-847e-4c99ab6ff099,23.004,odom_x,/odom,2.00606694202106,0.5
81d9b0fd-23f8-402e-847e-4c99ab6ff099,23.040000000000003,odom_x,/odom,2.012619122808323,0.5
81d9b0fd-23f8-402e-847e-4c99ab6ff099,23.076,odom_x,/odom,2.0191708311300705,0.5
81d9b0fd-23f8-402e-847e-4c99ab6ff099,23.112000000000002,odom_x,/odom,2.0258166594705695,0.5
81d9b0fd-23f8-402e-847e-4c99ab6ff099,23.148,odom_x,/odom,2.0324588087917106,0.5
81d9b0fd-23f8-402e-847e-4c99ab6ff099,23.184,odom_x,/odom,2.039126883206565,0.5
81d9b0fd-23f8-402e-847e-4c99ab6ff099,23.220000000000002,odom_x,/odom,2.045808662628932,0.5
81d9b0fd-23f8-402e-847e-4c99ab6ff099,23.256,odom_x,/odom,2.052392904981113,0.5
81d9b0fd-23f8-402e-847e-4c99ab6ff099,23.292,odom_x,/odom,2.0589430386610377,0.5
81d9b0fd-23f8-402e-847e-4c99ab6ff099,23.328000000000003,odom_x,/odom,2.065492675791693,0.5
81d9b0fd-23f8-402e-847e-4c99ab6ff099,23.364,odom_x,/odom,2.0719089833389375,0.5
81d9b0fd-23f8-402e-847e-4c99ab6ff099,23.400000000000002,odom_x,/odom,2.0782672686641566,0.5
81d9b0fd-23f8-402e-847e-4c99ab6ff099,23.436,odom_x,/odom,2.084530662162785,0.5
81d9b0fd-23f8-402e-847e-4c99ab6ff099,23.472,odom_x,/odom,2.090757716247269,0.5
81d9b0fd-23f8-402e-847e-4c99ab6ff099,23.511000000000003,odom_x,/odom,2.0969782455604133,0.5
81d9b0fd-23f8-402e-847e-4c99ab6ff099,23.544,odom_x,/odom,2.10315904499348,0.5
81d9b0fd-23f8-402e-847e-4c99ab6ff099,23.580000000000002,odom_x,/odom,2.109320826946808,0.5
81d9b0fd-23f8-402e-847e-4c99ab6ff099,23.616000000000003,odom_x,/odom,2.1154340521051327,0.5
81d9b0fd-23f8-402e-847e-4c99ab6ff099,23.652,odom_x,/odom,2.1214880528726567,0.5
81d9b0fd-23f8-402e-847e-4c99ab6ff099,23.688000000000002,odom_x,/odom,2.1275227293939762,0.5
81d9b0fd-23f8-402e-847e-4c99ab6ff099,23.724,odom_x,/odom,2.133552285336055,0.5
81d9b0fd-23f8-402e-847e-4c99ab6ff099,23.76,odom_x,/odom,2.139585568110212,0.5
81d9b0fd-23f8-402e-847e-4c99ab6ff099,23.796000000000003,odom_x,/odom,2.1456683535990853,0.5
81d9b0fd-23f8-402e-847e-4c99ab6ff099,23.832,odom_x,/odom,2.1517248816458716,0.5
81d9b0fd-23f8-402e-847e-4c99ab6ff099,23.868000000000002,odom_x,/odom,2.157777473353157,0.5
81d9b0fd-23f8-402e-847e-4c99ab6ff099,23.904,odom_x,/odom,2.1638418112084423,0.5
81d9b0fd-23f8-402e-847e-4c99ab6ff099,23.94,odom_x,/odom,2.169874595372361,0.5
81d9b0fd-23f8-402e-847e-4c99ab6ff099,23.976000000000003,odom_x,/odom,2.1759007710829747,0.5
81d9b0fd-23f8-402e-847e-4c99ab6ff099,24.012,odom_x,/odom,2.181802088875696,0.5
81d9b0fd-23f8-402e-847e-4c99ab6ff099,24.048000000000002,odom_x,/odom,2.187654357140901,0.5
81d9b0fd-23f8-402e-847e-4c99ab6ff099,24.084000000000003,odom_x,/odom,2.1934841970878263,0.5
81d9b0fd-23f8-402e-847e-4c99ab6ff099,24.12,odom_x,/odom,2.1993085674353328,0.5
81d9b0fd-23f8-402e-847e-4c99ab6ff099,24.156000000000002,odom_x,/odom,2.2050935037835773,0.5
81d9b0fd-23f8-402e-847e-4c99ab6ff099,24.192,odom_x,/odom,2.2108965438707657,0.5
81d9b0fd-23f8-402e-847e-4c99ab6ff099,24.228,odom_x,/odom,2.2167023106535155,0.5
81d9b0fd-23f8-402e-847e-4c99ab6ff099,24.264000000000003,odom_x,/odom,2.222550270607862,0.5
81d9b0fd-23f8-402e-847e-4c99ab6ff099,24.3,odom_x,/odom,2.228329076783648,0.5
81d9b0fd-23f8-402e-847e-4c99ab6ff099,24.336000000000002,odom_x,/odom,2.234089732963371,0.5
81d9b0fd-23f8-402e-847e-4c99ab6ff099,24.372,odom_x,/odom,2.2398503474774927,0.5
81d9b0fd-23f8-402e-847e-4c99ab6ff099,24.408,odom_x,/odom,2.245503829469158,0.5
81d9b0fd-23f8-402e-847e-4c99ab6ff099,24.444000000000003,odom_x,/odom,2.251077862702235,0.5
81d9b0fd-23f8-402e-847e-4c99ab6ff099,24.48,odom_x,/odom,2.2566321697850866,0.5
81d9b0fd-23f8-402e-847e-4c99ab6ff099,24.516000000000002,odom_x,/odom,2.262197337049764,0.5
81d9b0fd-23f8-402e-847e-4c99ab6ff099,24.552000000000003,odom_x,/odom,2.267717876745392,0.5
81d9b0fd-23f8-402e-847e-4c99ab6ff099,24.588,odom_x,/odom,2.2732817839932724,0.5
81d9b0fd-23f8-402e-847e-4c99ab6ff099,24.624000000000002,odom_x,/odom,2.2788617996286615,0.5
81d9b0fd-23f8-402e-847e-4c99ab6ff099,24.66,odom_x,/odom,2.284396065070164,0.5
81d9b0fd-23f8-402e-847e-4c99ab6ff099,24.696,odom_x,/odom,2.289982743642247,0.5
81d9b0fd-23f8-402e-847e-4c99ab6ff099,24.732000000000003,odom_x,/odom,2.295449514041522,0.5
81d9b0fd-23f8-402e-847e-4c99ab6ff099,24.768,odom_x,/odom,2.3008992208873087,0.5
81d9b0fd-23f8-402e-847e-4c99ab6ff099,24.804000000000002,odom_x,/odom,2.3063032009639115,0.5
81d9b0fd-23f8-402e-847e-4c99ab6ff099,24.84,odom_x,/odom,2.3116286943834448,0.5
81d9b0fd-23f8-402e-847e-4c99ab6ff099,24.876,odom_x,/odom,2.3169432518004984,0.5
81d9b0fd-23f8-402e-847e-4c99ab6ff099,24.912000000000003,odom_x,/odom,2.3222409831811306,0.5
81d9b0fd-23f8-402e-847e-4c99ab6ff099,24.948,odom_x,/odom,2.327485832260302,0.5
81d9b0fd-23f8-402e-847e-4c99ab6ff099,24.984,odom_x,/odom,2.332710224327521,0.5
81d9b0fd-23f8-402e-847e-4c99ab6ff099,25.020000000000003,odom_x,/odom,2.3379330784321244,0.5
81d9b0fd-23f8-402e-847e-4c99ab6ff099,25.056,odom_x,/odom,2.3432622294020047,0.5
81d9b0fd-23f8-402e-847e-4c99ab6ff099,25.092000000000002,odom_x,/odom,2.3484947825902673,0.5
81d9b0fd-23f8-402e-847e-4c99ab6ff099,25.128,odom_x,/odom,2.3537110485430555,0.5
81d9b0fd-23f8-402e-847e-4c99ab6ff099,25.164,odom_x,/odom,2.358890122383512,0.5
81d9b0fd-23f8-402e-847e-4c99ab6ff099,25.200000000000003,odom_x,/odom,2.3640787441474123,0.5
81d9b0fd-23f8-402e-847e-4c99ab6ff099,25.236,odom_x,/odom,2.3693115576914883,0.5
81d9b0fd-23f8-402e-847e-4c99ab6ff099,25.272000000000002,odom_x,/odom,2.374557308553252,0.5
81d9b0fd-23f8-402e-847e-4c99ab6ff099,25.311,odom_x,/odom,2.3797818895004488,0.5
81d9b0fd-23f8-402e-847e-4c99ab6ff099,25.344,odom_x,/odom,2.3850367136364516,0.5
81d9b0fd-23f8-402e-847e-4c99ab6ff099,25.380000000000003,odom_x,/odom,2.390310265145051,0.5
81d9b0fd-23f8-402e-847e-4c99ab6ff099,25.416,odom_x,/odom,2.395570835918734,0.5
81d9b0fd-23f8-402e-847e-4c99ab6ff099,25.452,odom_x,/odom,2.40073428154782,0.5
81d9b0fd-23f8-402e-847e-4c99ab6ff099,25.488000000000003,odom_x,/odom,2.4059251896223994,0.5
81d9b0fd-23f8-402e-847e-4c99ab6ff099,25.524,odom_x,/odom,2.4111280729007802,0.5
81d9b0fd-23f8-402e-847e-4c99ab6ff099,25.560000000000002,odom_x,/odom,2.4162181614767726,0.5
81d9b0fd-23f8-402e-847e-4c99ab6ff099,25.596,odom_x,/odom,2.4213235555330805,0.5
81d9b0fd-23f8-402e-847e-4c99ab6ff099,25.632,odom_x,/odom,2.426252316181189,0.5
81d9b0fd-23f8-402e-847e-4c99ab6ff099,25.668000000000003,odom_x,/odom,2.431153680761089,0.5
81d9b0fd-23f8-402e-847e-4c99ab6ff099,25.704,odom_x,/odom,2.4360643493835004,0.5
81d9b0fd-23f8-402e-847e-4c99ab6ff099,25.740000000000002,odom_x,/odom,2.4409481784971616,0.5
81d9b0fd-23f8-402e-847e-4c99ab6ff099,25.776000000000003,odom_x,/odom,2.4458257857968526,0.5
81d9b0fd-23f8-402e-847e-4c99ab6ff099,25.812,odom_x,/odom,2.4508366103282304,0.5
81d9b0fd-23f8-402e-847e-4c99ab6ff099,25.848000000000003,odom_x,/odom,2.4558219790566063,0.5
81d9b0fd-23f8-402e-847e-4c99ab6ff099,25.884,odom_x,/odom,2.4607553225369343,0.5
81d9b0fd-23f8-402e-847e-4c99ab6ff099,25.92,odom_x,/odom,2.465669578668702,0.5
81d9b0fd-23f8-402e-847e-4c99ab6ff099,25.956000000000003,odom_x,/odom,2.4704923664338176,0.5
81d9b0fd-23f8-402e-847e-4c99ab6ff099,25.992,odom_x,/odom,2.475173661767717,0.5
81d9b0fd-23f8-402e-847e-4c99ab6ff099,26.028000000000002,odom_x,/odom,2.4798439633458114,0.5
81d9b0fd-23f8-402e-847e-4c99ab6ff099,26.064,odom_x,/odom,2.484516674017942,0.5
81d9b0fd-23f8-402e-847e-4c99ab6ff099,26.1,odom_x,/odom,2.4892917991402044,0.5
81d9b0fd-23f8-402e-847e-4c99ab6ff099,26.136000000000003,odom_x,/odom,2.494248633220048,0.5
81d9b0fd-23f8-402e-847e-4c99ab6ff099,26.172,odom_x,/odom,2.499273493753894,0.5
81d9b0fd-23f8-402e-847e-4c99ab6ff099,26.208000000000002,odom_x,/odom,2.504311754210576,0.5
81d9b0fd-23f8-402e-847e-4c99ab6ff099,26.244000000000003,odom_x,/odom,2.5092873410631835,0.5
81d9b0fd-23f8-402e-847e-4c99ab6ff099,26.28,odom_x,/odom,2.5142294481923733,0.5
81d9b0fd-23f8-402e-847e-4c99ab6ff099,26.316000000000003,odom_x,/odom,2.5190748314576843,0.5
81d9b0fd-23f8-402e-847e-4c99ab6ff099,26.352,odom_x,/odom,2.523896991630036,0.5
81d9b0fd-23f8-402e-847e-4c99ab6ff099,26.388,odom_x,/odom,2.528656733045914,0.5
81d9b0fd-23f8-402e-847e-4c99ab6ff099,26.424000000000003,odom_x,/odom,2.5333953542615784,0.5
81d9b0fd-23f8-402e-847e-4c99ab6ff099,26.46,odom_x,/odom,2.5381413873579644,0.5
81d9b0fd-23f8-402e-847e-4c99ab6ff099,26.496000000000002,odom_x,/odom,2.54297747595647,0.5
81d9b0fd-23f8-402e-847e-4c99ab6ff099,26.532,odom_x,/odom,2.5477812244399107,0.5
81d9b0fd-23f8-402e-847e-4c99ab6ff099,26.568,odom_x,/odom,2.5525790983534686,0.5
81d9b0fd-23f8-402e-847e-4c99ab6ff099,26.604000000000003,odom_x,/odom,2.5572559787169324,0.5
81d9b0fd-23f8-402e-847e-4c99ab6ff099,26.64,odom_x,/odom,2.561796529138908,0.5
81d9b0fd-23f8-402e-847e-4c99ab6ff099,26.676000000000002,odom_x,/odom,2.5663238997526396,0.5
81d9b0fd-23f8-402e-847e-4c99ab6ff099,26.712000000000003,odom_x,/odom,2.5707521570750913,0.5
81d9b0fd-23f8-402e-847e-4c99ab6ff099,26.748,odom_x,/odom,2.575109528675007,0.5
81d9b0fd-23f8-402e-847e-4c99ab6ff099,26.784000000000002,odom_x,/odom,2.579443096141844,0.5
81d9b0fd-23f8-402e-847e-4c99ab6ff099,26.82,odom_x,/odom,2.5837750236735517,0.5
81d9b0fd-23f8-402e-847e-4c99ab6ff099,26.856,odom_x,/odom,2.588022803524201,0.5
81d9b0fd-23f8-402e-847e-4c99ab6ff099,26.892000000000003,odom_x,/odom,2.5922874182606606,0.5
81d9b0fd-23f8-402e-847e-4c99ab6ff099,26.928,odom_x,/odom,2.596556072316879,0.5
81d9b0fd-23f8-402e-847e-4c99ab6ff099,26.964000000000002,odom_x,/odom,2.6007957848598764,0.5
81d9b0fd-23f8-402e-847e-4c99ab6ff099,27.0,odom_x,/odom,2.6049809905917387,0.5
81d9b0fd-23f8-402e-847e-4c99ab6ff099,27.036,odom_x,/odom,2.6091823232409346,0.5
81d9b0fd-23f8-402e-847e-4c99ab6ff099,27.072000000000003,odom_x,/odom,2.6133916117366534,0.5
81d9b0fd-23f8-402e-847e-4c99ab6ff099,27.108,odom_x,/odom,2.6175471357419533,0.5
81d9b0fd-23f8-402e-847e-4c99ab6ff099,27.144000000000002,odom_x,/odom,2.621632263825431,0.5
81d9b0fd-23f8-402e-847e-4c99ab6ff099,27.180000000000003,odom_x,/odom,2.6256910816733097,0.5
81d9b0fd-23f8-402e-847e-4c99ab6ff099,27.216,odom_x,/odom,2.62970838044397,0.5
81d9b0fd-23f8-402e-847e-4c99ab6ff099,27.252000000000002,odom_x,/odom,2.633654297804772,0.5
81d9b0fd-23f8-402e-847e-4c99ab6ff099,27.288,odom_x,/odom,2.637569464636243,0.5
81d9b0fd-23f8-402e-847e-4c99ab6ff099,27.324,odom_x,/odom,2.641476080858451,0.5
81d9b0fd-23f8-402e-847e-4c99ab6ff099,27.360000000000003,odom_x,/odom,2.6453608456502895,0.5
81d9b0fd-23f8-402e-847e-4c99ab6ff099,27.396,odom_x,/odom,2.649257872890913,0.5
81d9b0fd-23f8-402e-847e-4c99ab6ff099,27.432000000000002,odom_x,/odom,2.653134125467425,0.5
81d9b0fd-23f8-402e-847e-4c99ab6ff099,27.468,odom_x,/odom,2.657007982519735,0.5
81d9b0fd-23f8-402e-847e-4c99ab6ff099,27.504,odom_x,/odom,2.660808148062168,0.5
81d9b0fd-23f8-402e-847e-4c99ab6ff099,27.540000000000003,odom_x,/odom,2.6645702623063845,0.5
81d9b0fd-23f8-402e-847e-4c99ab6ff099,27.576,odom_x,/odom,2.668332198516598,0.5
81d9b0fd-23f8-402e-847e-4c99ab6ff099,27.612000000000002,odom_x,/odom,2.6719685977770964,0.5
81d9b0fd-23f8-402e-847e-4c99ab6ff099,27.648000000000003,odom_x,/odom,2.6756080258599706,0.5
81d9b0fd-23f8-402e-847e-4c99ab6ff099,27.684,odom_x,/odom,2.6792676167726155,0.5
81d9b0fd-23f8-402e-847e-4c99ab6ff099,27.720000000000002,odom_x,/odom,2.682934359679392,0.5
81d9b0fd-23f8-402e-847e-4c99ab6ff099,27.756,odom_x,/odom,2.6866245442235472,0.5
81d9b0fd-23f8-402e-847e-4c99ab6ff099,27.792,odom_x,/odom,2.690253696724179,0.5
81d9b0fd-23f8-402e-847e-4c99ab6ff099,27.828000000000003,odom_x,/odom,2.693876527783516,0.5
81d9b0fd-23f8-402e-847e-4c99ab6ff099,27.864,odom_x,/odom,2.6974997092476185,0.5
81d9b0fd-23f8-402e-847e-4c99ab6ff099,27.900000000000002,odom_x,/odom,2.701160421795145,0.5
81d9b0fd-23f8-402e-847e-4c99ab6ff099,27.936000000000003,odom_x,/odom,2.704764239823894,0.5
81d9b0fd-23f8-402e-847e-4c99ab6ff099,27.972,odom_x,/odom,2.7083465813576666,0.5
81d9b0fd-23f8-402e-847e-4c99ab6ff099,28.008000000000003,odom_x,/odom,2.7119379911969523,0.5
81d9b0fd-23f8-402e-847e-4c99ab6ff099,28.044,odom_x,/odom,2.715574126052919,0.5
81d9b0fd-23f8-402e-847e-4c99ab6ff099,28.080000000000002,odom_x,/odom,2.7192311229919373,0.5
81d9b0fd-23f8-402e-847e-4c99ab6ff099,28.116000000000003,odom_x,/odom,2.722869807742129,0.5
81d9b0fd-23f8-402e-847e-4c99ab6ff099,28.152,odom_x,/odom,2.7264263494515326,0.5
81d9b0fd-23f8-402e-847e-4c99ab6ff099,28.188000000000002,odom_x,/odom,2.72988747920807,0.5
81d9b0fd-23f8-402e-847e-4c99ab6ff099,28.224,odom_x,/odom,2.7333308746059264,0.5
81d9b0fd-23f8-402e-847e-4c99ab6ff099,28.26,odom_x,/odom,2.7367861151356876,0.5
81d9b0fd-23f8-402e-847e-4c99ab6ff099,28.296000000000003,odom_x,/odom,2.740159585747362,0.5
81d9b0fd-23f8-402e-847e-4c99ab6ff099,28.332,odom_x,/odom,2.743435708362264,0.5
81d9b0fd-23f8-402e-847e-4c99ab6ff099,28.368000000000002,odom_x,/odom,2.74670558196234,0.5
81d9b0fd-23f8-402e-847e-4c99ab6ff099,28.404000000000003,odom_x,/odom,2.7499205983708483,0.5
81d9b0fd-23f8-402e-847e-4c99ab6ff099,28.44,odom_x,/odom,2.753212113412858,0.5
81d9b0fd-23f8-402e-847e-4c99ab6ff099,28.476000000000003,odom_x,/odom,2.7565262597733367,0.5
81d9b0fd-23f8-402e-847e-4c99ab6ff099,28.512,odom_x,/odom,2.759719891981812,0.5
81d9b0fd-23f8-402e-847e-4c99ab6ff099,28.548000000000002,odom_x,/odom,2.7628917892022433,0.5
81d9b0fd-23f8-402e-847e-4c99ab6ff099,28.584000000000003,odom_x,/odom,2.766032529148799,0.5
81d9b0fd-23f8-402e-847e-4c99ab6ff099,28.62,odom_x,/odom,2.7691590723886,0.5
81d9b0fd-23f8-402e-847e-4c99ab6ff099,28.656000000000002,odom_x,/odom,2.7721699752516646,0.5
81d9b0fd-23f8-402e-847e-4c99ab6ff099,28.692,odom_x,/odom,2.7751613676865046,0.5
81d9b0fd-23f8-402e-847e-4c99ab6ff099,28.728,odom_x,/odom,2.7781550145306007,0.5
81d9b0fd-23f8-402e-847e-4c99ab6ff099,28.764000000000003,odom_x,/odom,2.781113848084786,0.5
81d9b0fd-23f8-402e-847e-4c99ab6ff099,28.8,odom_x,/odom,2.7840683010743605,0.5
81d9b0fd-23f8-402e-847e-4c99ab6ff099,28.836000000000002,odom_x,/odom,2.7868658876562846,0.5
81d9b0fd-23f8-402e-847e-4c99ab6ff099,28.872000000000003,odom_x,/odom,2.7895957789170898,0.5
81d9b0fd-23f8-402e-847e-4c99ab6ff099,28.911,odom_x,/odom,2.7922927720955033,0.5
81d9b0fd-23f8-402e-847e-4c99ab6ff099,28.944000000000003,odom_x,/odom,2.794655316678594,0.5
81d9b0fd-23f8-402e-847e-4c99ab6ff099,28.98,odom_x,/odom,2.7957777559629187,0.5
81d9b0fd-23f8-402e-847e-4c99ab6ff099,29.016000000000002,odom_x,/odom,2.7958643411362702,0.5
81d9b0fd-23f8-402e-847e-4c99ab6ff099,29.052000000000003,odom_x,/odom,2.7958643411362702,0.5
81d9b0fd-23f8-402e-847e-4c99ab6ff099,29.088,odom_x,/odom,2.7958643411362702,0.5
81d9b0fd-23f8-402e-847e-4c99ab6ff099,29.124000000000002,odom_x,/odom,2.7958643411362702,0.5
81d9b0fd-23f8-402e-847e-4c99ab6ff099,29.16,odom_x,/odom,2.7958643411362702,0.5
81d9b0fd-23f8-402e-847e-4c99ab6ff099,29.196,odom_x,/odom,2.7958643411362702,0.5
81d9b0fd-23f8-402e-847e-4c99ab6ff099,29.232000000000003,odom_x,/odom,2.7958643411362702,0.5
81d9b0fd-23f8-402e-847e-4c99ab6ff099,29.268,odom_x,/odom,2.7958643411362702,0.5
81d9b0fd-23f8-402e-847e-4c99ab6ff099,29.304000000000002,odom_x,/odom,2.7958643411362702,0.5
81d9b0fd-23f8-402e-847e-4c99ab6ff099,29.340000000000003,odom_x,/odom,2.7958643411362702,0.5
81d9b0fd-23f8-402e-847e-4c99ab6ff099,29.376,odom_x,/odom,2.7958643411362702,0.5
81d9b0fd-23f8-402e-847e-4c99ab6ff099,29.412000000000003,odom_x,/odom,2.7958643411362702,0.5
81d9b0fd-23f8-402e-847e-4c99ab6ff099,29.448,odom_x,/odom,2.7958643411362702,0.5
81d9b0fd-23f8-402e-847e-4c99ab6ff099,29.484,odom_x,/odom,2.7958643411362702,0.5
81d9b0fd-23f8-402e-847e-4c99ab6ff099,29.520000000000003,odom_x,/odom,2.7958643411362702,0.5
81d9b0fd-23f8-402e-847e-4c99ab6ff099,29.556,odom_x,/odom,2.7958643411362702,0.5
81d9b0fd-23f8-402e-847e-4c99ab6ff099,29.592000000000002,odom_x,/odom,2.7958643411362702,0.5
81d9b0fd-23f8-402e-847e-4c99ab6ff099,29.628,odom_x,/odom,2.7958643411362702,0.5
81d9b0fd-23f8-402e-847e-4c99ab6ff099,9.540000000000001,odom_y,/odom,3.3227224807921497e-16,0.5
81d9b0fd-23f8-402e-847e-4c99ab6ff099,9.576,odom_y,/odom,3.3227224807921625e-16,0.5
81d9b0fd-23f8-402e-847e-4c99ab6ff099,9.612,odom_y,/odom,3.322722480792163e-16,0.5
81d9b0fd-23f8-402e-847e-4c99ab6ff099,9.648000000000001,odom_y,/odom,3.322722480792154e-16,0.5
81d9b0fd-23f8-402e-847e-4c99ab6ff099,9.684000000000001,odom_y,/odom,3.3227224807921576e-16,0.5
81d9b0fd-23f8-402e-847e-4c99ab6ff099,9.72,odom_y,/odom,3.3227224807921566e-16,0.5
81d9b0fd-23f8-402e-847e-4c99ab6ff099,9.756,odom_y,/odom,3.3227224807921497e-16,0.5
81d9b0fd-23f8-402e-847e-4c99ab6ff099,9.792,odom_y,/odom,3.322722480792151e-16,0.5
81d9b0fd-23f8-402e-847e-4c99ab6ff099,9.828000000000001,odom_y,/odom,3.3227224807921487e-16,0.5
81d9b0fd-23f8-402e-847e-4c99ab6ff099,9.864,odom_y,/odom,3.3227224807921443e-16,0.5
81d9b0fd-23f8-402e-847e-4c99ab6ff099,9.9,odom_y,/odom,3.3227224807921443e-16,0.5
81d9b0fd-23f8-402e-847e-4c99ab6ff099,9.936,odom_y,/odom,3.3227224807921413e-16,0.5
81d9b0fd-23f8-402e-847e-4c99ab6ff099,9.972000000000001,odom_y,/odom,3.3227224807921305e-16,0.5
81d9b0fd-23f8-402e-847e-4c99ab6ff099,10.008000000000001,odom_y,/odom,3.322722480792113e-16,0.5
81d9b0fd-23f8-402e-847e-4c99ab6ff099,10.044,odom_y,/odom,3.322722480792109e-16,0.5
81d9b0fd-23f8-402e-847e-4c99ab6ff099,10.08,odom_y,/odom,3.322722480792106e-16,0.5
81d9b0fd-23f8-402e-847e-4c99ab6ff099,10.116000000000001,odom_y,/odom,3.3227224807921107e-16,0.5
81d9b0fd-23f8-402e-847e-4c99ab6ff099,10.152000000000001,odom_y,/odom,3.322722480792104e-16,0.5
81d9b0fd-23f8-402e-847e-4c99ab6ff099,10.188,odom_y,/odom,3.3227224807921033e-16,0.5
81d9b0fd-23f8-402e-847e-4c99ab6ff099,10.224,odom_y,/odom,3.322722480792089e-16,0.5
81d9b0fd-23f8-402e-847e-4c99ab6ff099,10.26,odom_y,/odom,3.3227224807920807e-16,0.5
81d9b0fd-23f8-402e-847e-4c99ab6ff099,10.296000000000001,odom_y,/odom,3.3227224807920634e-16,0.5
81d9b0fd-23f8-402e-847e-4c99ab6ff099,10.332,odom_y,/odom,3.3227224807920585e-16,0.5
81d9b0fd-23f8-402e-847e-4c99ab6ff099,10.368,odom_y,/odom,3.3227224807920437e-16,0.5
81d9b0fd-23f8-402e-847e-4c99ab6ff099,10.404,odom_y,/odom,3.322722480792058e-16,0.5
81d9b0fd-23f8-402e-847e-4c99ab6ff099,10.440000000000001,odom_y,/odom,3.3227224807920545e-16,0.5
81d9b0fd-23f8-402e-847e-4c99ab6ff099,10.476,odom_y,/odom,3.322722480792059e-16,0.5
81d9b0fd-23f8-402e-847e-4c99ab6ff099,10.512,odom_y,/odom,3.3227224807920516e-16,0.5
81d9b0fd-23f8-402e-847e-4c99ab6ff099,10.548,odom_y,/odom,3.3227224807920457e-16,0.5
81d9b0fd-23f8-402e-847e-4c99ab6ff099,10.584000000000001,odom_y,/odom,3.322722480792042e-16,0.5
81d9b0fd-23f8-402e-847e-4c99ab6ff099,10.620000000000001,odom_y,/odom,3.3227224807920324e-16,0.5
81d9b0fd-23f8-402e-847e-4c99ab6ff099,10.656,odom_y,/odom,3.322722480792026e-16,0.5
81d9b0fd-23f8-402e-847e-4c99ab6ff099,10.692,odom_y,/odom,3.3227224807920126e-16,0.5
81d9b0fd-23f8-402e-847e-4c99ab6ff099,10.728000000000002,odom_y,/odom,3.3227224807920126e-16,0.5
81d9b0fd-23f8-402e-847e-4c99ab6ff099,10.764000000000001,odom_y,/odom,3.3227224807920067e-16,0.5
81d9b0fd-23f8-402e-847e-4c99ab6ff099,10.8,odom_y,/odom,3.322722480792006e-16,0.5
81d9b0fd-23f8-402e-847e-4c99ab6ff099,10.836,odom_y,/odom,3.322722480792e-16,0.5
81d9b0fd-23f8-402e-847e-4c99ab6ff099,10.872,odom_y,/odom,3.3227224807919944e-16,0.5
81d9b0fd-23f8-402e-847e-4c99ab6ff099,10.911000000000001,odom_y,/odom,3.322722480791982e-16,0.5
81d9b0fd-23f8-402e-847e-4c99ab6ff099,10.944,odom_y,/odom,3.3227224807919766e-16,0.5
81d9b0fd-23f8-402e-847e-4c99ab6ff099,10.98,odom_y,/odom,3.3227224807919766e-16,0.5
81d9b0fd-23f8-402e-847e-4c99ab6ff099,11.016,odom_y,/odom,3.3227224807919835e-16,0.5
81d9b0fd-23f8-402e-847e-4c99ab6ff099,11.052000000000001,odom_y,/odom,3.3227224807919757e-16,0.5
81d9b0fd-23f8-402e-847e-4c99ab6ff099,11.088000000000001,odom_y,/odom,3.3227224807919653e-16,0.5
81d9b0fd-23f8-402e-847e-4c99ab6ff099,11.124,odom_y,/odom,3.322722480791955e-16,0.5
81d9b0fd-23f8-402e-847e-4c99ab6ff099,11.16,odom_y,/odom,3.3227224807919545e-16,0.5
81d9b0fd-23f8-402e-847e-4c99ab6ff099,11.196000000000002,odom_y,/odom,3.322722480791948e-16,0.5
81d9b0fd-23f8-402e-847e-4c99ab6ff099,11.232000000000001,odom_y,/odom,8.350450482909622e-08,0.5
81d9b0fd-23f8-402e-847e-4c99ab6ff099,11.268,odom_y,/odom,4.97466664573921e-07,0.5
81d9b0fd-23f8-402e-847e-4c99ab6ff099,11.304,odom_y,/odom,1.473402802294474e-06,0.5
81d9b0fd-23f8-402e-847e-4c99ab6ff099,11.34,odom_y,/odom,3.5204834437713804e-06,0.5
81d9b0fd-23f8-402e-847e-4c99ab6ff099,11.376000000000001,odom_y,/odom,4.11148817250936e-06,0.5
81d9b0fd-23f8-402e-847e-4c99ab6ff099,11.412,odom_y,/odom,9.250002468655311e-07,0.5
81d9b0fd-23f8-402e-847e-4c99ab6ff099,11.448,odom_y,/odom,-1.0170565672820176e-05,0.5
81d9b0fd-23f8-402e-847e-4c99ab6ff099,11.484,odom_y,/odom,-3.1116005396875314e-05,0.5
81d9b0fd-23f8-402e-847e-4c99ab6ff099,11.520000000000001,odom_y,/odom,-6.1278127461762e-05,0.5
81d9b0fd-23f8-402e-847e-4c99ab6ff099,11.556000000000001,odom_y,/odom,-0.00010038534704365775,0.5
81d9b0fd-23f8-402e-847e-4c99ab6ff099,11.592,odom_y,/odom,-0.00014800404729640413,0.5
81d9b0fd-23f8-402e-847e-4c99ab6ff099,11.628,odom_y,/odom,-0.00020232848628041908,0.5
81d9b0fd-23f8-402e-847e-4c99ab6ff099,11.664000000000001,odom_y,/odom,-0.00026330555275153836,0.5
81d9b0fd-23f8-402e-847e-4c99ab6ff099,11.700000000000001,odom_y,/odom,-0.00033283423925837695,0.5
81d9b0fd-23f8-402e-847e-4c99ab6ff099,11.736,odom_y,/odom,-0.00040804288915956754,0.5
81d9b0fd-23f8-402e-847e-4c99ab6ff099,11.772,odom_y,/odom,-0.0004892322906709727,0.5
81d9b0fd-23f8-402e-847e-4c99ab6ff099,11.808000000000002,odom_y,/odom,-0.0005784856788864447,0.5
81d9b0fd-23f8-402e-847e-4c99ab6ff099,11.844000000000001,odom_y,/odom,-0.0006746789306885878,0.5
81d9b0fd-23f8-402e-847e-4c99ab6ff099,11.88,odom_y,/odom,-0.0007781325789517544,0.5
81d9b0fd-23f8-402e-847e-4c99ab6ff099,11.916,odom_y,/odom,-0.0008890010549082158,0.5
81d9b0fd-23f8-402e-847e-4c99ab6ff099,11.952,odom_y,/odom,-0.0010065409572521894,0.5
81d9b0fd-23f8-402e-847e-4c99ab6ff099,11.988000000000001,odom_y,/odom,-0.0011316169193057862,0.5
81d9b0fd-23f8-402e-847e-4c99ab6ff099,12.024000000000001,odom_y,/odom,-0.0012647261249164596,0.5
81d9b0fd-23f8-402e-847e-4c99ab6ff099,12.06,odom_y,/odom,-0.0014082409409228284,0.5
81d9b0fd-23f8-402e-847e-4c99ab6ff099,12.096,odom_y,/odom,-0.0015608001635630184,0.5
81d9b0fd-23f8-402e-847e-4c99ab6ff099,12.132000000000001,odom_y,/odom,-0.0017212757678657915,0.5
81d9b0fd-23f8-402e-847e-4c99ab6ff099,12.168000000000001,odom_y,/odom,-0.0018901750877267213,0.5
81d9b0fd-23f8-402e-847e-4c99ab6ff099,12.204,odom_y,/odom,-0.002070018995902994,0.5
81d9b0fd-23f8-402e-847e-4c99ab6ff099,12.24,odom_y,/odom,-0.0022513707822022825,0.5
81d9b0fd-23f8-402e-847e-4c99ab6ff099,12.276000000000002,odom_y,/odom,-0.0024380879972241173,0.5
81d9b0fd-23f8-402e-847e-4c99ab6ff099,12.312000000000001,odom_y,/odom,-0.00264132441238662,0.5
81d9b0fd-23f8-402e-847e-4c99ab6ff099,12.348,odom_y,/odom,-0.0028506428760162244,0.5
81d9b0fd-23f8-402e-847e-4c99ab6ff099,12.384,odom_y,/odom,-0.0030662985090672947,0.5
81d9b0fd-23f8-402e-847e-4c99ab6ff099,12.42,odom_y,/odom,-0.003287461401878597,0.5
81d9b0fd-23f8-402e-847e-4c99ab6ff099,12.456000000000001,odom_y,/odom,-0.003516201463341813,0.5
81d9b0fd-23f8-402e-847e-4c99ab6ff099,12.492,odom_y,/odom,-0.0037533652080040023,0.5
81d9b0fd-23f8-402e-847e-4c99ab6ff099,12.528,odom_y,/odom,-0.0039960369307609515,0.5
81d9b0fd-23f8-402e-847e-4c99ab6ff099,12.564,odom_y,/odom,-0.004248459379265169,0.5
81d9b0fd-23f8-402e-847e-4c99ab6ff099,12.600000000000001,odom_y,/odom,-0.004514632061043988,0.5
81d9b0fd-23f8-402e-847e-4c99ab6ff099,12.636000000000001,odom_y,/odom,-0.004780697281253326,0.5
81d9b0fd-23f8-402e-847e-4c99ab6ff099,12.672,odom_y,/odom,-0.005049195917601318,0.5
81d9b0fd-23f8-402e-847e-4c99ab6ff099,12.708,odom_y,/odom,-0.005326041804225514,0.5
81d9b0fd-23f8-402e-847e-4c99ab6ff099,12.744000000000002,odom_y,/odom,-0.005612698172415818,0.5
81d9b0fd-23f8-402e-847e-4c99ab6ff099,12.780000000000001,odom_y,/odom,-0.005905687864938661,0.5
81d9b0fd-23f8-402e-847e-4c99ab6ff099,12.816,odom_y,/odom,-0.006209891277027304,0.5
81d9b0fd-23f8-402e-847e-4c99ab6ff099,12.852,odom_y,/odom,-0.006514827595040933,0.5
81d9b0fd-23f8-402e-847e-4c99ab6ff099,12.888000000000002,odom_y,/odom,-0.0068276343186016095,0.5
81d9b0fd-23f8-402e-847e-4c99ab6ff099,12.924000000000001,odom_y,/odom,-0.007145056059724407,0.5
81d9b0fd-23f8-402e-847e-4c99ab6ff099,12.96,odom_y,/odom,-0.007474411007400981,0.5
81d9b0fd-23f8-402e-847e-4c99ab6ff099,12.996,odom_y,/odom,-0.007813340813338582,0.5
81d9b0fd-23f8-402e-847e-4c99ab6ff099,13.032,odom_y,/odom,-0.008156973181777908,0.5
81d9b0fd-23f8-402e-847e-4c99ab6ff099,13.068000000000001,odom_y,/odom,-0.008505318820539362,0.5
81d9b0fd-23f8-402e-847e-4c99ab6ff099,13.104000000000001,odom_y,/odom,-0.008859313977030759,0.5
81d9b0fd-23f8-402e-847e-4c99ab6ff099,13.14,odom_y,/odom,-0.0092213158322531,0.5
81d9b0fd-23f8-402e-847e-4c99ab6ff099,13.176,odom_y,/odom,-0.009588853133660586,0.5
81d9b0fd-23f8-402e-847e-4c99ab6ff099,13.212000000000002,odom_y,/odom,-0.009954347821974156,0.5
81d9b0fd-23f8-402e-847e-4c99ab6ff099,13.248000000000001,odom_y,/odom,-0.010318947901572046,0.5
81d9b0fd-23f8-402e-847e-4c99ab6ff099,13.284,odom_y,/odom,-0.010689638953019895,0.5
81d9b0fd-23f8-402e-847e-4c99ab6ff099,13.32,odom_y,/odom,-0.011064940311021083,0.5
81d9b0fd-23f8-402e-847e-4c99ab6ff099,13.356000000000002,odom_y,/odom,-0.011443867048330959,0.5
81d9b0fd-23f8-402e-847e-4c99ab6ff099,13.392000000000001,odom_y,/odom,-0.011833571147522013,0.5
81d9b0fd-23f8-402e-847e-4c99ab6ff099,13.428,odom_y,/odom,-0.012228865935045234,0.5
81d9b0fd-23f8-402e-847e-4c99ab6ff099,13.464,odom_y,/odom,-0.012634547702529928,0.5
81d9b0fd-23f8-402e-847e-4c99ab6ff099,13.5,odom_y,/odom,-0.013044749288228486,0.5
81d9b0fd-23f8-402e-847e-4c99ab6ff099,13.536000000000001,odom_y,/odom,-0.01346100035197428,0.5
81d9b0fd-23f8-402e-847e-4c99ab6ff099,13.572000000000001,odom_y,/odom,-0.0138826424349702,0.5
81d9b0fd-23f8-402e-847e-4c99ab6ff099,13.608,odom_y,/odom,-0.01429676070492086,0.5
81d9b0fd-23f8-402e-847e-4c99ab6ff099,13.644,odom_y,/odom,-0.014710758707740718,0.5
81d9b0fd-23f8-402e-847e-4c99ab6ff099,13.680000000000001,odom_y,/odom,-0.015128339060710145,0.5
81d9b0fd-23f8-402e-847e-4c99ab6ff099,13.716000000000001,odom_y,/odom,-0.015549998413159802,0.5
81d9b0fd-23f8-402e-847e-4c99ab6ff099,13.752,odom_y,/odom,-0.01597714838647643,0.5
81d9b0fd-23f8-402e-847e-4c99ab6ff099,13.788,odom_y,/odom,-0.016406811884642953,0.5
81d9b0fd-23f8-402e-847e-4c99ab6ff099,13.824000000000002,odom_y,/odom,-0.01683790926399046,0.5
81d9b0fd-23f8-402e-847e-4c99ab6ff099,13.860000000000001,odom_y,/odom,-0.017286357001776498,0.5
81d9b0fd-23f8-402e-847e-4c99ab6ff099,13.896,odom_y,/odom,-0.01774560992849983,0.5
81d9b0fd-23f8-402e-847e-4c99ab6ff099,13.932,odom_y,/odom,-0.018219143707752284,0.5
81d9b0fd-23f8-402e-847e-4c99ab6ff099,13.968000000000002,odom_y,/odom,-0.01869703425980809,0.5
81d9b0fd-23f8-402e-847e-4c99ab6ff099,14.004000000000001,odom_y,/odom,-0.01919239726084165,0.5
81d9b0fd-23f8-402e-847e-4c99ab6ff099,14.040000000000001,odom_y,/odom,-0.019707830467941282,0.5
81d9b0fd-23f8-402e-847e-4c99ab6ff099,14.076,odom_y,/odom,-0.020230362928688902,0.5
81d9b0fd-23f8-402e-847e-4c99ab6ff099,14.112,odom_y,/odom,-0.02075073510307044,0.5
81d9b0fd-23f8-402e-847e-4c99ab6ff099,14.148000000000001,odom_y,/odom,-0.02127318793583682,0.5
81d9b0fd-23f8-402e-847e-4c99ab6ff099,14.184000000000001,odom_y,/odom,-0.021792543914670098,0.5
81d9b0fd-23f8-402e-847e-4c99ab6ff099,14.22,odom_y,/odom,-0.02230986220278461,0.5
81d9b0fd-23f8-402e-847e-4c99ab6ff099,14.256,odom_y,/odom,-0.02282394979568289,0.5
81d9b0fd-23f8-402e-847e-4c99ab6ff099,14.292000000000002,odom_y,/odom,-0.02334555116560559,0.5
81d9b0fd-23f8-402e-847e-4c99ab6ff099,14.328000000000001,odom_y,/odom,-0.023869648253879272,0.5
81d9b0fd-23f8-402e-847e-4c99ab6ff099,14.364,odom_y,/odom,-0.02439608032204392,0.5
81d9b0fd-23f8-402e-847e-4c99ab6ff099,14.4,odom_y,/odom,-0.02492015734731646,0.5
81d9b0fd-23f8-402e-847e-4c99ab6ff099,14.436000000000002,odom_y,/odom,-0.02545386835429754,0.5
81d9b0fd-23f8-402e-847e-4c99ab6ff099,14.472000000000001,odom_y,/odom,-0.025991019428489918,0.5
81d9b0fd-23f8-402e-847e-4c99ab6ff099,14.508000000000001,odom_y,/odom,-0.026518940069465178,0.5
81d9b0fd-23f8-402e-847e-4c99ab6ff099,14.544,odom_y,/odom,-0.02704993138840848,0.5
81d9b0fd-23f8-402e-847e-4c99ab6ff099,14.58,odom_y,/odom,-0.027583351722979085,0.5
81d9b0fd-23f8-402e-847e-4c99ab6ff099,14.616000000000001,odom_y,/odom,-0.028110549589967525,0.5
81d9b0fd-23f8-402e-847e-4c99ab6ff099,14.652000000000001,odom_y,/odom,-0.02864250665508083,0.5
81d9b0fd-23f8-402e-847e-4c99ab6ff099,14.688,odom_y,/odom,-0.029182263199168345,0.5
81d9b0fd-23f8-402e-847e-4c99ab6ff099,14.724,odom_y,/odom,-0.029725904557710542,0.5
81d9b0fd-23f8-402e-847e-4c99ab6ff099,14.760000000000002,odom_y,/odom,-0.030274351410118465,0.5
81d9b0fd-23f8-402e-847e-4c99ab6ff099,14.796000000000001,odom_y,/odom,-0.030825861036143494,0.5
81d9b0fd-23f8-402e-847e-4c99ab6ff099,14.832,odom_y,/odom,-0.03138692016558864,0.5
81d9b0fd-23f8-402e-847e-4c99ab6ff099,14.868,odom_y,/odom,-0.03194804394600132,0.5
81d9b0fd-23f8-402e-847e-4c99ab6ff099,14.904000000000002,odom_y,/odom,-0.03251190097801828,0.5
81d9b0fd-23f8-402e-847e-4c99ab6ff099,14.940000000000001,odom_y,/odom,-0.03306725346930241,0.5
81d9b0fd-23f8-402e-847e-4c99ab6ff099,14.976,odom_y,/odom,-0.03361966844591062,0.5
81d9b0fd-23f8-402e-847e-4c99ab6ff099,15.012,odom_y,/odom,-0.03415480924266964,0.5
81d9b0fd-23f8-402e-847e-4c99ab6ff099,15.048000000000002,odom_y,/odom,-0.0346763877052209,0.5
81d9b0fd-23f8-402e-847e-4c99ab6ff099,15.084000000000001,odom_y,/odom,-0.03520205980983886,0.5
81d9b0fd-23f8-402e-847e-4c99ab6ff099,15.120000000000001,odom_y,/odom,-0.03573126900344471,0.5
81d9b0fd-23f8-402e-847e-4c99ab6ff099,15.156,odom_y,/odom,-0.036270508894095124,0.5
81d9b0fd-23f8-402e-847e-4c99ab6ff099,15.192,odom_y,/odom,-0.03680869137998064,0.5
81d9b0fd-23f8-402e-847e-4c99ab6ff099,15.228000000000002,odom_y,/odom,-0.03734543792609686,0.5
81d9b0fd-23f8-402e-847e-4c99ab6ff099,15.264000000000001,odom_y,/odom,-0.037880524745378036,0.5
81d9b0fd-23f8-402e-847e-4c99ab6ff099,15.3,odom_y,/odom,-0.03842216607114575,0.5
81d9b0fd-23f8-402e-847e-4c99ab6ff099,15.336,odom_y,/odom,-0.03896105004293708,0.5
81d9b0fd-23f8-402e-847e-4c99ab6ff099,15.372000000000002,odom_y,/odom,-0.03949595201101406,0.5
81d9b0fd-23f8-402e-847e-4c99ab6ff099,15.411000000000001,odom_y,/odom,-0.040025087306835516,0.5
81d9b0fd-23f8-402e-847e-4c99ab6ff099,15.444,odom_y,/odom,-0.04055283529000671,0.5
81d9b0fd-23f8-402e-847e-4c99ab6ff099,15.48,odom_y,/odom,-0.041076205010356165,0.5
81d9b0fd-23f8-402e-847e-4c99ab6ff099,15.516000000000002,odom_y,/odom,-0.041590621751516274,0.5
81d9b0fd-23f8-402e-847e-4c99ab6ff099,15.552000000000001,odom_y,/odom,-0.042100636080015255,0.5
81d9b0fd-23f8-402e-847e-4c99ab6ff099,15.588000000000001,odom_y,/odom,-0.042609513367830386,0.5
81d9b0fd-23f8-402e-847e-4c99ab6ff099,15.624,odom_y,/odom,-0.04311570389832379,0.5
81d9b0fd-23f8-402e-847e-4c99ab6ff099,15.66,odom_y,/odom,-0.043619478986045505,0.5
81d9b0fd-23f8-402e-847e-4c99ab6ff099,15.696000000000002,odom_y,/odom,-0.04411921436171623,0.5
81d9b0fd-23f8-402e-847e-4c99ab6ff099,15.732000000000001,odom_y,/odom,-0.04460127551340433,0.5
81d9b0fd-23f8-402e-847e-4c99ab6ff099,15.768,odom_y,/odom,-0.04507585525390702,0.5
81d9b0fd-23f8-402e-847e-4c99ab6ff099,15.804,odom_y,/odom,-0.04553929944821373,0.5
81d9b0fd-23f8-402e-847e-4c99ab6ff099,15.840000000000002,odom_y,/odom,-0.04599733507789159,0.5
81d9b0fd-23f8-402e-847e-4c99ab6ff099,15.876000000000001,odom_y,/odom,-0.04644842433355703,0.5
81d9b0fd-23f8-402e-847e-4c99ab6ff099,15.912,odom_y,/odom,-0.04688196622520658,0.5
81d9b0fd-23f8-402e-847e-4c99ab6ff099,15.948,odom_y,/odom,-0.04731232313278152,0.5
81d9b0fd-23f8-402e-847e-4c99ab6ff099,15.984000000000002,odom_y,/odom,-0.04773631367951473,0.5
81d9b0fd-23f8-402e-847e-4c99ab6ff099,16.02,odom_y,/odom,-0.04815199002211845,0.5
81d9b0fd-23f8-402e-847e-4c99ab6ff099,16.056,odom_y,/odom,-0.048563379904020695,0.5
81d9b0fd-23f8-402e-847e-4c99ab6ff099,16.092000000000002,odom_y,/odom,-0.048966235011303566,0.5
81d9b0fd-23f8-402e-847e-4c99ab6ff099,16.128,odom_y,/odom,-0.04936208395970896,0.5
81d9b0fd-23f8-402e-847e-4c99ab6ff099,16.164,odom_y,/odom,-0.0497514785027698,0.5
81d9b0fd-23f8-402e-847e-4c99ab6ff099,16.2,odom_y,/odom,-0.050132227424672104,0.5
81d9b0fd-23f8-402e-847e-4c99ab6ff099,16.236,odom_y,/odom,-0.05050363687060438,0.5
81d9b0fd-23f8-402e-847e-4c99ab6ff099,16.272000000000002,odom_y,/odom,-0.05086833034460285,0.5
81d9b0fd-23f8-402e-847e-4c99ab6ff099,16.308,odom_y,/odom,-0.05122050518616838,0.5
81d9b0fd-23f8-402e-847e-4c99ab6ff099,16.344,odom_y,/odom,-0.051564053253979156,0.5
81d9b0fd-23f8-402e-847e-4c99ab6ff099,16.380000000000003,odom_y,/odom,-0.051901005993733054,0.5
81d9b0fd-23f8-402e-847e-4c99ab6ff099,16.416,odom_y,/odom,-0.052234629767153755,0.5
81d9b0fd-23f8-402e-847e-4c99ab6ff099,16.452,odom_y,/odom,-0.05256045415251589,0.5
81d9b0fd-23f8-402e-847e-4c99ab6ff099,16.488,odom_y,/odom,-0.052895488857079155,0.5
81d9b0fd-23f8-402e-847e-4c99ab6ff099,16.524,odom_y,/odom,-0.05323227670267038,0.5
81d9b0fd-23f8-402e-847e-4c99ab6ff099,16.560000000000002,odom_y,/odom,-0.05356632835453304,0.5
81d9b0fd-23f8-402e-847e-4c99ab6ff099,16.596,odom_y,/odom,-0.053896698925420976,0.5
81d9b0fd-23f8-402e-847e-4c99ab6ff099,16.632,odom_y,/odom,-0.05422700458975931,0.5
81d9b0fd-23f8-402e-847e-4c99ab6ff099,16.668000000000003,odom_y,/odom,-0.0545555471868982,0.5
81d9b0fd-23f8-402e-847e-4c99ab6ff099,16.704,odom_y,/odom,-0.05488254475542907,0.5
81d9b0fd-23f8-402e-847e-4c99ab6ff099,16.740000000000002,odom_y,/odom,-0.0552057018575361,0.5
81d9b0fd-23f8-402e-847e-4c99ab6ff099,16.776,odom_y,/odom,-0.05552616941674581,0.5
81d9b0fd-23f8-402e-847e-4c99ab6ff099,16.812,odom_y,/odom,-0.05584143395639042,0.5
81d9b0fd-23f8-402e-847e-4c99ab6ff099,16.848000000000003,odom_y,/odom,-0.056152856261220824,0.5
81d9b0fd-23f8-402e-847e-4c99ab6ff099,16.884,odom_y,/odom,-0.056455301060166926,0.5
81d9b0fd-23f8-402e-847e-4c99ab6ff099,16.92,odom_y,/odom,-0.05674993029399273,0.5
81d9b0fd-23f8-402e-847e-4c99ab6ff099,16.956,odom_y,/odom,-0.05703811004102314,0.5
81d9b0fd-23f8-402e-847e-4c99ab6ff099,16.992,odom_y,/odom,-0.05732212616074053,0.5
81d9b0fd-23f8-402e-847e-4c99ab6ff099,17.028000000000002,odom_y,/odom,-0.05760280846911479,0.5
81d9b0fd-23f8-402e-847e-4c99ab6ff099,17.064,odom_y,/odom,-0.0578802966624388,0.5
81d9b0fd-23f8-402e-847e-4c99ab6ff099,17.1,odom_y,/odom,-0.05816078922925286,0.5
81d9b0fd-23f8-402e-847e-4c99ab6ff099,17.136000000000003,odom_y,/odom,-0.058429579401326155,0.5
81d9b0fd-23f8-402e-847e-4c99ab6ff099,17.172,odom_y,/odom,-0.05868867610498749,0.5
81d9b0fd-23f8-402e-847e-4c99ab6ff099,17.208000000000002,odom_y,/odom,-0.058942845758122094,0.5
81d9b0fd-23f8-402e-847e-4c99ab6ff099,17.244,odom_y,/odom,-0.05918692849775723,0.5
81d9b0fd-23f8-402e-847e-4c99ab6ff099,17.28,odom_y,/odom,-0.059422611651356184,0.5
81d9b0fd-23f8-402e-847e-4c99ab6ff099,17.316000000000003,odom_y,/odom,-0.05965598364405686,0.5
81d9b0fd-23f8-402e-847e-4c99ab6ff099,17.352,odom_y,/odom,-0.059884489420668166,0.5
81d9b0fd-23f8-402e-847e-4c99ab6ff099,17.388,odom_y,/odom,-0.06010637759333811,0.5
81d9b0fd-23f8-402e-847e-4c99ab6ff099,17.424,odom_y,/odom,-0.06032263338095739,0.5
81d9b0fd-23f8-402e-847e-4c99ab6ff099,17.46,odom_y,/odom,-0.060533370203601895,0.5
81d9b0fd-23f8-402e-847e-4c99ab6ff099,17.496000000000002,odom_y,/odom,-0.06073566364736538,0.5
81d9b0fd-23f8-402e-847e-4c99ab6ff099,17.532,odom_y,/odom,-0.0609341174516805,0.5
81d9b0fd-23f8-402e-847e-4c99ab6ff099,17.568,odom_y,/odom,-0.06112565895075901,0.5
81d9b0fd-23f8-402e-847e-4c99ab6ff099,17.604000000000003,odom_y,/odom,-0.06130882028091624,0.5
81d9b0fd-23f8-402e-847e-4c99ab6ff099,17.64,odom_y,/odom,-0.06148290115677063,0.5
81d9b0fd-23f8-402e-847e-4c99ab6ff099,17.676000000000002,odom_y,/odom,-0.061651256108564034,0.5
81d9b0fd-23f8-402e-847e-4c99ab6ff099,17.712,odom_y,/odom,-0.06182154992927513,0.5
81d9b0fd-23f8-402e-847e-4c99ab6ff099,17.748,odom_y,/odom,-0.06198807659317048,0.5
81d9b0fd-23f8-402e-847e-4c99ab6ff099,17.784000000000002,odom_y,/odom,-0.06214702617232048,0.5
81d9b0fd-23f8-402e-847e-4c99ab6ff099,17.82,odom_y,/odom,-0.062299813578531406,0.5
81d9b0fd-23f8-402e-847e-4c99ab6ff099,17.856,odom_y,/odom,-0.06244580172908927,0.5
81d9b0fd-23f8-402e-847e-4c99ab6ff099,17.892,odom_y,/odom,-0.06258663691175811,0.5
81d9b0fd-23f8-402e-847e-4c99ab6ff099,17.928,odom_y,/odom,-0.06272243430691352,0.5
81d9b0fd-23f8-402e-847e-4c99ab6ff099,17.964000000000002,odom_y,/odom,-0.06285297659296905,0.5
81d9b0fd-23f8-402e-847e-4c99ab6ff099,18.0,odom_y,/odom,-0.06297953640606022,0.5
81d9b0fd-23f8-402e-847e-4c99ab6ff099,18.036,odom_y,/odom,-0.06310072510495834,0.5
81d9b0fd-23f8-402e-847e-4c99ab6ff099,18.072000000000003,odom_y,/odom,-0.06321629951291688,0.5
81d9b0fd-23f8-402e-847e-4c99ab6ff099,18.108,odom_y,/odom,-0.0633262666290999,0.5
81d9b0fd-23f8-402e-847e-4c99ab6ff099,18.144000000000002,odom_y,/odom,-0.06343064687467581,0.5
81d9b0fd-23f8-402e-847e-4c99ab6ff099,18.18,odom_y,/odom,-0.06353008943287097,0.5
81d9b0fd-23f8-402e-847e-4c99ab6ff099,18.216,odom_y,/odom,-0.06362582761373294,0.5
81d9b0fd-23f8-402e-847e-4c99ab6ff099,18.252000000000002,odom_y,/odom,-0.06371581950606481,0.5
81d9b0fd-23f8-402e-847e-4c99ab6ff099,18.288,odom_y,/odom,-0.06380270595436574,0.5
81d9b0fd-23f8-402e-847e-4c99ab6ff099,18.324,odom_y,/odom,-0.06388490859295898,0.5
81d9b0fd-23f8-402e-847e-4c99ab6ff099,18.36,odom_y,/odom,-0.06396129010127895,0.5
81d9b0fd-23f8-402e-847e-4c99ab6ff099,18.396,odom_y,/odom,-0.06403420366055555,0.5
81d9b0fd-23f8-402e-847e-4c99ab6ff099,18.432000000000002,odom_y,/odom,-0.06410261149257188,0.5
81d9b0fd-23f8-402e-847e-4c99ab6ff099,18.468,odom_y,/odom,-0.06416705203570504,0.5
81d9b0fd-23f8-402e-847e-4c99ab6ff099,18.504,odom_y,/odom,-0.06422804876282982,0.5
81d9b0fd-23f8-402e-847e-4c99ab6ff099,18.540000000000003,odom_y,/odom,-0.06428521433723618,0.5
81d9b0fd-23f8-402e-847e-4c99ab6ff099,18.576,odom_y,/odom,-0.06433841865548454,0.5
81d9b0fd-23f8-402e-847e-4c99ab6ff099,18.612000000000002,odom_y,/odom,-0.06438782425395326,0.5
81d9b0fd-23f8-402e-847e-4c99ab6ff099,18.648,odom_y,/odom,-0.06443353376838638,0.5
81d9b0fd-23f8-402e-847e-4c99ab6ff099,18.684,odom_y,/odom,-0.0644765951977706,0.5
81d9b0fd-23f8-402e-847e-4c99ab6ff099,18.720000000000002,odom_y,/odom,-0.06451905799223183,0.5
81d9b0fd-23f8-402e-847e-4c99ab6ff099,18.756,odom_y,/odom,-0.06456162938551673,0.5
81d9b0fd-23f8-402e-847e-4c99ab6ff099,18.792,odom_y,/odom,-0.06460604524985765,0.5
81d9b0fd-23f8-402e-847e-4c99ab6ff099,18.828,odom_y,/odom,-0.0646523394542376,0.5
81d9b0fd-23f8-402e-847e-4c99ab6ff099,18.864,odom_y,/odom,-0.06470040768268785,0.5
81d9b0fd-23f8-402e-847e-4c99ab6ff099,18.900000000000002,odom_y,/odom,-0.06474944548723043,0.5
81d9b0fd-23f8-402e-847e-4c99ab6ff099,18.936,odom_y,/odom,-0.06479753340226237,0.5
81d9b0fd-23f8-402e-847e-4c99ab6ff099,18.972,odom_y,/odom,-0.06484414889647956,0.5
81d9b0fd-23f8-402e-847e-4c99ab6ff099,19.008000000000003,odom_y,/odom,-0.06488907710013879,0.5
81d9b0fd-23f8-402e-847e-4c99ab6ff099,19.044,odom_y,/odom,-0.06493287785517436,0.5
81d9b0fd-23f8-402e-847e-4c99ab6ff099,19.080000000000002,odom_y,/odom,-0.06497459937621701,0.5
81d9b0fd-23f8-402e-847e-4c99ab6ff099,19.116,odom_y,/odom,-0.06501403298105528,0.5
81d9b0fd-23f8-402e-847e-4c99ab6ff099,19.152,odom_y,/odom,-0.06505070388631944,0.5
81d9b0fd-23f8-402e-847e-4c99ab6ff099,19.188000000000002,odom_y,/odom,-0.06508594427120776,0.5
81d9b0fd-23f8-402e-847e-4c99ab6ff099,19.224,odom_y,/odom,-0.06512014329814036,0.5
81d9b0fd-23f8-402e-847e-4c99ab6ff099,19.26,odom_y,/odom,-0.06515261584501185,0.5
81d9b0fd-23f8-402e-847e-4c99ab6ff099,19.296000000000003,odom_y,/odom,-0.0651827698275554,0.5
81d9b0fd-23f8-402e-847e-4c99ab6ff099,19.332,odom_y,/odom,-0.0652103000537023,0.5
81d9b0fd-23f8-402e-847e-4c99ab6ff099,19.368000000000002,odom_y,/odom,-0.06523603239243433,0.5
81d9b0fd-23f8-402e-847e-4c99ab6ff099,19.404,odom_y,/odom,-0.06525988766535498,0.5
81d9b0fd-23f8-402e-847e-4c99ab6ff099,19.44,odom_y,/odom,-0.0652835728350836,0.5
81d9b0fd-23f8-402e-847e-4c99ab6ff099,19.476000000000003,odom_y,/odom,-0.06530799404102992,0.5
81d9b0fd-23f8-402e-847e-4c99ab6ff099,19.512,odom_y,/odom,-0.06533272738467664,0.5
81d9b0fd-23f8-402e-847e-4c99ab6ff099,19.548000000000002,odom_y,/odom,-0.06535588552366188,0.5
81d9b0fd-23f8-402e-847e-4c99ab6ff099,19.584,odom_y,/odom,-0.06537748378881,0.5
81d9b0fd-23f8-402e-847e-4c99ab6ff099,19.62,odom_y,/odom,-0.06539828091577841,0.5
81d9b0fd-23f8-402e-847e-4c99ab6ff099,19.656000000000002,odom_y,/odom,-0.06541806699557673,0.5
81d9b0fd-23f8-402e-847e-4c99ab6ff099,19.692,odom_y,/odom,-0.06543436789071591,0.5
81d9b0fd-23f8-402e-847e-4c99ab6ff099,19.728,odom_y,/odom,-0.0654470510095977,0.5
81d9b0fd-23f8-402e-847e-4c99ab6ff099,19.764000000000003,odom_y,/odom,-0.06545630055977489,0.5
81d9b0fd-23f8-402e-847e-4c99ab6ff099,19.8,odom_y,/odom,-0.06546147622264492,0.5
81d9b0fd-23f8-402e-847e-4c99ab6ff099,19.836000000000002,odom_y,/odom,-0.06546172501360084,0.5
81d9b0fd-23f8-402e-847e-4c99ab6ff099,19.872,odom_y,/odom,-0.06545774173957289,0.5
81d9b0fd-23f8-402e-847e-4c99ab6ff099,19.911,odom_y,/odom,-0.06545034450283484,0.5
81d9b0fd-23f8-402e-847e-4c99ab6ff099,19.944000000000003,odom_y,/odom,-0.06544138519225359,0.5
81d9b0fd-23f8-402e-847e-4c99ab6ff099,19.98,odom_y,/odom,-0.06543122299749682,0.5
81d9b0fd-23f8-402e-847e-4c99ab6ff099,20.016000000000002,odom_y,/odom,-0.06542027016617322,0.5
81d9b0fd-23f8-402e-847e-4c99ab6ff099,20.052,odom_y,/odom,-0.06540907517347841,0.5
81d9b0fd-23f8-402e-847e-4c99ab6ff099,20.088,odom_y,/odom,-0.06539670134157281,0.5
81d9b0fd-23f8-402e-847e-4c99ab6ff099,20.124000000000002,odom_y,/odom,-0.06538334219506223,0.5
81d9b0fd-23f8-402e-847e-4c99ab6ff099,20.16,odom_y,/odom,-0.06536955924010134,0.5
81d9b0fd-23f8-402e-847e-4c99ab6ff099,20.196,odom_y,/odom,-0.06535650796620465,0.5
81d9b0fd-23f8-402e-847e-4c99ab6ff099,20.232000000000003,odom_y,/odom,-0.06534558868750971,0.5
81d9b0fd-23f8-402e-847e-4c99ab6ff099,20.268,odom_y,/odom,-0.06533730974397066,0.5
81d9b0fd-23f8-402e-847e-4c99ab6ff099,20.304000000000002,odom_y,/odom,-0.06533126641525354,0.5
81d9b0fd-23f8-402e-847e-4c99ab6ff099,20.34,odom_y,/odom,-0.06532630211804728,0.5
81d9b0fd-23f8-402e-847e-4c99ab6ff099,20.376,odom_y,/odom,-0.0653226426829332,0.5
81d9b0fd-23f8-402e-847e-4c99ab6ff099,20.412000000000003,odom_y,/odom,-0.0653193389698335,0.5
81d9b0fd-23f8-402e-847e-4c99ab6ff099,20.448,odom_y,/odom,-0.06531494583126983,0.5
81d9b0fd-23f8-402e-847e-4c99ab6ff099,20.484,odom_y,/odom,-0.06530948711292436,0.5
81d9b0fd-23f8-402e-847e-4c99ab6ff099,20.52,odom_y,/odom,-0.06530241025787067,0.5
81d9b0fd-23f8-402e-847e-4c99ab6ff099,20.556,odom_y,/odom,-0.06529386510945441,0.5
81d9b0fd-23f8-402e-847e-4c99ab6ff099,20.592000000000002,odom_y,/odom,-0.06528369049131054,0.5
81d9b0fd-23f8-402e-847e-4c99ab6ff099,20.628,odom_y,/odom,-0.06527057210962714,0.5
81d9b0fd-23f8-402e-847e-4c99ab6ff099,20.664,odom_y,/odom,-0.0652544743350295,0.5
81d9b0fd-23f8-402e-847e-4c99ab6ff099,20.700000000000003,odom_y,/odom,-0.06523542317733387,0.5
81d9b0fd-23f8-402e-847e-4c99ab6ff099,20.736,odom_y,/odom,-0.06521338073973365,0.5
81d9b0fd-23f8-402e-847e-4c99ab6ff099,20.772000000000002,odom_y,/odom,-0.06518773001872474,0.5
81d9b0fd-23f8-402e-847e-4c99ab6ff099,20.808,odom_y,/odom,-0.0651578085035615,0.5
81d9b0fd-23f8-402e-847e-4c99ab6ff099,20.844,odom_y,/odom,-0.06512371678951888,0.5
81d9b0fd-23f8-402e-847e-4c99ab6ff099,20.880000000000003,odom_y,/odom,-0.06508618783213863,0.5
81d9b0fd-23f8-402e-847e-4c99ab6ff099,20.916,odom_y,/odom,-0.065044541612728,0.5
81d9b0fd-23f8-402e-847e-4c99ab6ff099,20.952,odom_y,/odom,-0.06500073643914245,0.5
81d9b0fd-23f8-402e-847e-4c99ab6ff099,20.988,odom_y,/odom,-0.0649567942662952,0.5
81d9b0fd-23f8-402e-847e-4c99ab6ff099,21.024,odom_y,/odom,-0.0649122632398344,0.5
81d9b0fd-23f8-402e-847e-4c99ab6ff099,21.060000000000002,odom_y,/odom,-0.06486627498141964,0.5
81d9b0fd-23f8-402e-847e-4c99ab6ff099,21.096,odom_y,/odom,-0.06481751944917277,0.5
81d9b0fd-23f8-402e-847e-4c99ab6ff099,21.132,odom_y,/odom,-0.06476606374350821,0.5
81d9b0fd-23f8-402e-847e-4c99ab6ff099,21.168000000000003,odom_y,/odom,-0.06471253380594673,0.5
81d9b0fd-23f8-402e-847e-4c99ab6ff099,21.204,odom_y,/odom,-0.06465766125764669,0.5
81d9b0fd-23f8-402e-847e-4c99ab6ff099,21.240000000000002,odom_y,/odom,-0.06460149587554166,0.5
81d9b0fd-23f8-402e-847e-4c99ab6ff099,21.276,odom_y,/odom,-0.06454333651285556,0.5
81d9b0fd-23f8-402e-847e-4c99ab6ff099,21.312,odom_y,/odom,-0.06448249199654395,0.5
81d9b0fd-23f8-402e-847e-4c99ab6ff099,21.348000000000003,odom_y,/odom,-0.06441902283172983,0.5
81d9b0fd-23f8-402e-847e-4c99ab6ff099,21.384,odom_y,/odom,-0.06435410791935346,0.5
81d9b0fd-23f8-402e-847e-4c99ab6ff099,21.42,odom_y,/odom,-0.06428698377159635,0.5
81d9b0fd-23f8-402e-847e-4c99ab6ff099,21.456000000000003,odom_y,/odom,-0.06421682021940092,0.5
81d9b0fd-23f8-402e-847e-4c99ab6ff099,21.492,odom_y,/odom,-0.06414502598186575,0.5
81d9b0fd-23f8-402e-847e-4c99ab6ff099,21.528000000000002,odom_y,/odom,-0.0640729144554007,0.5
81d9b0fd-23f8-402e-847e-4c99ab6ff099,21.564,odom_y,/odom,-0.06400082290791764,0.5
81d9b0fd-23f8-402e-847e-4c99ab6ff099,21.6,odom_y,/odom,-0.06392850308049974,0.5
81d9b0fd-23f8-402e-847e-4c99ab6ff099,21.636000000000003,odom_y,/odom,-0.0638546296005999,0.5
81d9b0fd-23f8-402e-847e-4c99ab6ff099,21.672,odom_y,/odom,-0.06377896724162611,0.5
81d9b0fd-23f8-402e-847e-4c99ab6ff099,21.708000000000002,odom_y,/odom,-0.06370148273886574,0.5
81d9b0fd-23f8-402e-847e-4c99ab6ff099,21.744,odom_y,/odom,-0.06361878449634754,0.5
81d9b0fd-23f8-402e-847e-4c99ab6ff099,21.78,odom_y,/odom,-0.0635293058934448,0.5
81d9b0fd-23f8-402e-847e-4c99ab6ff099,21.816000000000003,odom_y,/odom,-0.06343431861284334,0.5
81d9b0fd-23f8-402e-847e-4c99ab6ff099,21.852,odom_y,/odom,-0.0633334062875242,0.5
81d9b0fd-23f8-402e-847e-4c99ab6ff099,21.888,odom_y,/odom,-0.06323083674165283,0.5
81d9b0fd-23f8-402e-847e-4c99ab6ff099,21.924000000000003,odom_y,/odom,-0.06312614365557458,0.5
81d9b0fd-23f8-402e-847e-4c99ab6ff099,21.96,odom_y,/odom,-0.06301898864191577,0.5
81d9b0fd-23f8-402e-847e-4c99ab6ff099,21.996000000000002,odom_y,/odom,-0.06290772392396832,0.5
81d9b0fd-23f8-402e-847e-4c99ab6ff099,22.032,odom_y,/odom,-0.06279267869354717,0.5
81d9b0fd-23f8-402e-847e-4c99ab6ff099,22.068,odom_y,/odom,-0.06267410747026489,0.5
81d9b0fd-23f8-402e-847e-4c99ab6ff099,22.104000000000003,odom_y,/odom,-0.06255209328673147,0.5
81d9b0fd-23f8-402e-847e-4c99ab6ff099,22.14,odom_y,/odom,-0.06242659694395455,0.5
81d9b0fd-23f8-402e-847e-4c99ab6ff099,22.176000000000002,odom_y,/odom,-0.06229789834100544,0.5
81d9b0fd-23f8-402e-847e-4c99ab6ff099,22.212,odom_y,/odom,-0.06216689183649394,0.5
81d9b0fd-23f8-402e-847e-4c99ab6ff099,22.248,odom_y,/odom,-0.062032953624413634,0.5
81d9b0fd-23f8-402e-847e-4c99ab6ff099,22.284000000000002,odom_y,/odom,-0.061896916869679075,0.5
81d9b0fd-23f8-402e-847e-4c99ab6ff099,22.32,odom_y,/odom,-0.06175819126194969,0.5
81d9b0fd-23f8-402e-847e-4c99ab6ff099,22.356,odom_y,/odom,-0.061618391296532835,0.5
81d9b0fd-23f8-402e-847e-4c99ab6ff099,22.392000000000003,odom_y,/odom,-0.0614756396715997,0.5
81d9b0fd-23f8-402e-847e-4c99ab6ff099,22.428,odom_y,/odom,-0.06132961053054222,0.5
81d9b0fd-23f8-402e-847e-4c99ab6ff099,22.464000000000002,odom_y,/odom,-0.06117865737907016,0.5
81d9b0fd-23f8-402e-847e-4c99ab6ff099,22.5,odom_y,/odom,-0.06102248374276951,0.5
81d9b0fd-23f8-402e-847e-4c99ab6ff099,22.536,odom_y,/odom,-0.060864814751780696,0.5
81d9b0fd-23f8-402e-847e-4c99ab6ff099,22.572000000000003,odom_y,/odom,-0.060704962582973254,0.5
81d9b0fd-23f8-402e-847e-4c99ab6ff099,22.611,odom_y,/odom,-0.060542188466833624,0.5
81d9b0fd-23f8-402e-847e-4c99ab6ff099,22.644000000000002,odom_y,/odom,-0.06037600208981489,0.5
81d9b0fd-23f8-402e-847e-4c99ab6ff099,22.68,odom_y,/odom,-0.060206357232285596,0.5
81d9b0fd-23f8-402e-847e-4c99ab6ff099,22.716,odom_y,/odom,-0.06003051891487352,0.5
81d9b0fd-23f8-402e-847e-4c99ab6ff099,22.752000000000002,odom_y,/odom,-0.05984673732195035,0.5
81d9b0fd-23f8-402e-847e-4c99ab6ff099,22.788,odom_y,/odom,-0.059660317744315426,0.5
81d9b0fd-23f8-402e-847e-4c99ab6ff099,22.824,odom_y,/odom,-0.059469931009479934,0.5
81d9b0fd-23f8-402e-847e-4c99ab6ff099,22.860000000000003,odom_y,/odom,-0.05927636543077743,0.5
81d9b0fd-23f8-402e-847e-4c99ab6ff099,22.896,odom_y,/odom,-0.0590778545874828,0.5
81d9b0fd-23f8-402e-847e-4c99ab6ff099,22.932000000000002,odom_y,/odom,-0.05888298488786681,0.5
81d9b0fd-23f8-402e-847e-4c99ab6ff099,22.968,odom_y,/odom,-0.05868719616669202,0.5
81d9b0fd-23f8-402e-847e-4c99ab6ff099,23.004,odom_y,/odom,-0.05848900370031198,0.5
81d9b0fd-23f8-402e-847e-4c99ab6ff099,23.040000000000003,odom_y,/odom,-0.058288184615283976,0.5
81d9b0fd-23f8-402e-847e-4c99ab6ff099,23.076,odom_y,/odom,-0.05808217525523357,0.5
81d9b0fd-23f8-402e-847e-4c99ab6ff099,23.112000000000002,odom_y,/odom,-0.05786534373998061,0.5
81d9b0fd-23f8-402e-847e-4c99ab6ff099,23.148,odom_y,/odom,-0.057632054638260675,0.5
81d9b0fd-23f8-402e-847e-4c99ab6ff099,23.184,odom_y,/odom,-0.057378153641474826,0.5
81d9b0fd-23f8-402e-847e-4c99ab6ff099,23.220000000000002,odom_y,/odom,-0.05710384571678652,0.5
81d9b0fd-23f8-402e-847e-4c99ab6ff099,23.256,odom_y,/odom,-0.05681475094608824,0.5
81d9b0fd-23f8-402e-847e-4c99ab6ff099,23.292,odom_y,/odom,-0.05651184024685395,0.5
81d9b0fd-23f8-402e-847e-4c99ab6ff099,23.328000000000003,odom_y,/odom,-0.05619561446269911,0.5
81d9b0fd-23f8-402e-847e-4c99ab6ff099,23.364,odom_y,/odom,-0.05587329404143463,0.5
81d9b0fd-23f8-402e-847e-4c99ab6ff099,23.400000000000002,odom_y,/odom,-0.05554360601583802,0.5
81d9b0fd-23f8-402e-847e-4c99ab6ff099,23.436,odom_y,/odom,-0.055210299815690644,0.5
81d9b0fd-23f8-402e-847e-4c99ab6ff099,23.472,odom_y,/odom,-0.05487121667473216,0.5
81d9b0fd-23f8-402e-847e-4c99ab6ff099,23.511000000000003,odom_y,/odom,-0.054525444617777384,0.5
81d9b0fd-23f8-402e-847e-4c99ab6ff099,23.544,odom_y,/odom,-0.05417640665220849,0.5
81d9b0fd-23f8-402e-847e-4c99ab6ff099,23.580000000000002,odom_y,/odom,-0.05382263994606471,0.5
81d9b0fd-23f8-402e-847e-4c99ab6ff099,23.616000000000003,odom_y,/odom,-0.053466672714149094,0.5
81d9b0fd-23f8-402e-847e-4c99ab6ff099,23.652,odom_y,/odom,-0.05311219022092989,0.5
81d9b0fd-23f8-402e-847e-4c99ab6ff099,23.688000000000002,odom_y,/odom,-0.05275818166697461,0.5
81d9b0fd-23f8-402e-847e-4c99ab6ff099,23.724,odom_y,/odom,-0.05240454805276586,0.5
81d9b0fd-23f8-402e-847e-4c99ab6ff099,23.76,odom_y,/odom,-0.05205055931513201,0.5
81d9b0fd-23f8-402e-847e-4c99ab6ff099,23.796000000000003,odom_y,/odom,-0.05169324379671772,0.5
81d9b0fd-23f8-402e-847e-4c99ab6ff099,23.832,odom_y,/odom,-0.05133691970935973,0.5
81d9b0fd-23f8-402e-847e-4c99ab6ff099,23.868000000000002,odom_y,/odom,-0.05097956617165838,0.5
81d9b0fd-23f8-402e-847e-4c99ab6ff099,23.904,odom_y,/odom,-0.05062039934561827,0.5
81d9b0fd-23f8-402e-847e-4c99ab6ff099,23.94,odom_y,/odom,-0.05026193596699573,0.5
81d9b0fd-23f8-402e-847e-4c99ab6ff099,23.976000000000003,odom_y,/odom,-0.04990223402366115,0.5
81d9b0fd-23f8-402e-847e-4c99ab6ff099,24.012,odom_y,/odom,-0.04954822703369047,0.5
81d9b0fd-23f8-402e-847e-4c99ab6ff099,24.048000000000002,odom_y,/odom,-0.04919531614544462,0.5
81d9b0fd-23f8-402e-847e-4c99ab6ff099,24.084000000000003,odom_y,/odom,-0.04884216655964373,0.5
81d9b0fd-23f8-402e-847e-4c99ab6ff099,24.12,odom_y,/odom,-0.048487724668721865,0.5
81d9b0fd-23f8-402e-847e-4c99ab6ff099,24.156000000000002,odom_y,/odom,-0.04813385246567104,0.5
81d9b0fd-23f8-402e-847e-4c99ab6ff099,24.192,odom_y,/odom,-0.04777666896152108,0.5
81d9b0fd-23f8-402e-847e-4c99ab6ff099,24.228,odom_y,/odom,-0.04741731964163589,0.5
81d9b0fd-23f8-402e-847e-4c99ab6ff099,24.264000000000003,odom_y,/odom,-0.0470534787576346,0.5
81d9b0fd-23f8-402e-847e-4c99ab6ff099,24.3,odom_y,/odom,-0.04669305184175815,0.5
81d9b0fd-23f8-402e-847e-4c99ab6ff099,24.336000000000002,odom_y,/odom,-0.046333754759431287,0.5
81d9b0fd-23f8-402e-847e-4c99ab6ff099,24.372,odom_y,/odom,-0.04597401829177827,0.5
81d9b0fd-23f8-402e-847e-4c99ab6ff099,24.408,odom_y,/odom,-0.04562042757734078,0.5
81d9b0fd-23f8-402e-847e-4c99ab6ff099,24.444000000000003,odom_y,/odom,-0.04527098056523657,0.5
81d9b0fd-23f8-402e-847e-4c99ab6ff099,24.48,odom_y,/odom,-0.04492172524630745,0.5
81d9b0fd-23f8-402e-847e-4c99ab6ff099,24.516000000000002,odom_y,/odom,-0.04457108521805689,0.5
81d9b0fd-23f8-402e-847e-4c99ab6ff099,24.552000000000003,odom_y,/odom,-0.04422395507420731,0.5
81d9b0fd-23f8-402e-847e-4c99ab6ff099,24.588,odom_y,/odom,-0.04387614497005262,0.5
81d9b0fd-23f8-402e-847e-4c99ab6ff099,24.624000000000002,odom_y,/odom,-0.043531056770934516,0.5
81d9b0fd-23f8-402e-847e-4c99ab6ff099,24.66,odom_y,/odom,-0.04319267304635763,0.5
81d9b0fd-23f8-402e-847e-4c99ab6ff099,24.696,odom_y,/odom,-0.04285533770277184,0.5
81d9b0fd-23f8-402e-847e-4c99ab6ff099,24.732000000000003,odom_y,/odom,-0.04252993463783271,0.5
81d9b0fd-23f8-402e-847e-4c99ab6ff099,24.768,odom_y,/odom,-0.042210389687344835,0.5
81d9b0fd-23f8-402e-847e-4c99ab6ff099,24.804000000000002,odom_y,/odom,-0.04189797971960082,0.5
81d9b0fd-23f8-402e-847e-4c99ab6ff099,24.84,odom_y,/odom,-0.0415934963286704,0.5
81d9b0fd-23f8-402e-847e-4c99ab6ff099,24.876,odom_y,/odom,-0.041293200646801746,0.5
81d9b0fd-23f8-402e-847e-4c99ab6ff099,24.912000000000003,odom_y,/odom,-0.04099745075032075,0.5
81d9b0fd-23f8-402e-847e-4c99ab6ff099,24.948,odom_y,/odom,-0.0407083962798161,0.5
81d9b0fd-23f8-402e-847e-4c99ab6ff099,24.984,odom_y,/odom,-0.040424487421360504,0.5
81d9b0fd-23f8-402e-847e-4c99ab6ff099,25.020000000000003,odom_y,/odom,-0.04014455878521657,0.5
81d9b0fd-23f8-402e-847e-4c99ab6ff099,25.056,odom_y,/odom,-0.03986284421318539,0.5
81d9b0fd-23f8-402e-847e-4c99ab6ff099,25.092000000000002,odom_y,/odom,-0.03958998962174323,0.5
81d9b0fd-23f8-402e-847e-4c99ab6ff099,25.128,odom_y,/odom,-0.03932186560201876,0.5
81d9b0fd-23f8-402e-847e-4c99ab6ff099,25.164,odom_y,/odom,-0.039059612531475454,0.5
81d9b0fd-23f8-402e-847e-4c99ab6ff099,25.200000000000003,odom_y,/odom,-0.03880080144845511,0.5
81d9b0fd-23f8-402e-847e-4c99ab6ff099,25.236,odom_y,/odom,-0.03854278214854006,0.5
81d9b0fd-23f8-402e-847e-4c99ab6ff099,25.272000000000002,odom_y,/odom,-0.03828669417694802,0.5
81d9b0fd-23f8-402e-847e-4c99ab6ff099,25.311,odom_y,/odom,-0.03803402874526136,0.5
81d9b0fd-23f8-402e-847e-4c99ab6ff099,25.344,odom_y,/odom,-0.03778199197701068,0.5
81d9b0fd-23f8-402e-847e-4c99ab6ff099,25.380000000000003,odom_y,/odom,-0.03753132326683721,0.5
81d9b0fd-23f8-402e-847e-4c99ab6ff099,25.416,odom_y,/odom,-0.03728348250099093,0.5
81d9b0fd-23f8-402e-847e-4c99ab6ff099,25.452,odom_y,/odom,-0.03704176876761584,0.5
81d9b0fd-23f8-402e-847e-4c99ab6ff099,25.488000000000003,odom_y,/odom,-0.03679954613610004,0.5
81d9b0fd-23f8-402e-847e-4c99ab6ff099,25.524,odom_y,/odom,-0.036557190176190024,0.5
81d9b0fd-23f8-402e-847e-4c99ab6ff099,25.560000000000002,odom_y,/odom,-0.036320745494254444,0.5
81d9b0fd-23f8-402e-847e-4c99ab6ff099,25.596,odom_y,/odom,-0.03608492376997747,0.5
81d9b0fd-23f8-402e-847e-4c99ab6ff099,25.632,odom_y,/odom,-0.03585908533120762,0.5
81d9b0fd-23f8-402e-847e-4c99ab6ff099,25.668000000000003,odom_y,/odom,-0.03563645965085734,0.5
81d9b0fd-23f8-402e-847e-4c99ab6ff099,25.704,odom_y,/odom,-0.035415413030980565,0.5
81d9b0fd-23f8-402e-847e-4c99ab6ff099,25.740000000000002,odom_y,/odom,-0.03519763434195765,0.5
81d9b0fd-23f8-402e-847e-4c99ab6ff099,25.776000000000003,odom_y,/odom,-0.034982074544513624,0.5
81d9b0fd-23f8-402e-847e-4c99ab6ff099,25.812,odom_y,/odom,-0.0347621111630757,0.5
81d9b0fd-23f8-402e-847e-4c99ab6ff099,25.848000000000003,odom_y,/odom,-0.03454401011346684,0.5
81d9b0fd-23f8-402e-847e-4c99ab6ff099,25.884,odom_y,/odom,-0.034329027371258085,0.5
81d9b0fd-23f8-402e-847e-4c99ab6ff099,25.92,odom_y,/odom,-0.03411615561282165,0.5
81d9b0fd-23f8-402e-847e-4c99ab6ff099,25.956000000000003,odom_y,/odom,-0.03390867991610907,0.5
81d9b0fd-23f8-402e-847e-4c99ab6ff099,25.992,odom_y,/odom,-0.03370904032763977,0.5
81d9b0fd-23f8-402e-847e-4c99ab6ff099,26.028000000000002,odom_y,/odom,-0.03351162072940665,0.5
81d9b0fd-23f8-402e-847e-4c99ab6ff099,26.064,odom_y,/odom,-0.03331587140336732,0.5
81d9b0fd-23f8-402e-847e-4c99ab6ff099,26.1,odom_y,/odom,-0.03311739590630289,0.5
81d9b0fd-23f8-402e-847e-4c99ab6ff099,26.136000000000003,odom_y,/odom,-0.032912342064823887,0.5
81d9b0fd-23f8-402e-847e-4c99ab6ff099,26.172,odom_y,/odom,-0.03270533822712781,0.5
81d9b0fd-23f8-402e-847e-4c99ab6ff099,26.208000000000002,odom_y,/odom,-0.032498909294143244,0.5
81d9b0fd-23f8-402e-847e-4c99ab6ff099,26.244000000000003,odom_y,/odom,-0.032297083907716385,0.5
81d9b0fd-23f8-402e-847e-4c99ab6ff099,26.28,odom_y,/odom,-0.03209971986126686,0.5
81d9b0fd-23f8-402e-847e-4c99ab6ff099,26.316000000000003,odom_y,/odom,-0.031909104534493464,0.5
81d9b0fd-23f8-402e-847e-4c99ab6ff099,26.352,odom_y,/odom,-0.03172140014418067,0.5
81d9b0fd-23f8-402e-847e-4c99ab6ff099,26.388,odom_y,/odom,-0.03153763212479934,0.5
81d9b0fd-23f8-402e-847e-4c99ab6ff099,26.424000000000003,odom_y,/odom,-0.03135619458830236,0.5
81d9b0fd-23f8-402e-847e-4c99ab6ff099,26.46,odom_y,/odom,-0.031175942453255355,0.5
81d9b0fd-23f8-402e-847e-4c99ab6ff099,26.496000000000002,odom_y,/odom,-0.030993029058270054,0.5
81d9b0fd-23f8-402e-847e-4c99ab6ff099,26.532,odom_y,/odom,-0.030809225163714874,0.5
81d9b0fd-23f8-402e-847e-4c99ab6ff099,26.568,odom_y,/odom,-0.030621938653155788,0.5
81d9b0fd-23f8-402e-847e-4c99ab6ff099,26.604000000000003,odom_y,/odom,-0.030435824707851587,0.5
81d9b0fd-23f8-402e-847e-4c99ab6ff099,26.64,odom_y,/odom,-0.0302519762731155,0.5
81d9b0fd-23f8-402e-847e-4c99ab6ff099,26.676000000000002,odom_y,/odom,-0.030065703116060015,0.5
81d9b0fd-23f8-402e-847e-4c99ab6ff099,26.712000000000003,odom_y,/odom,-0.029880871733233227,0.5
81d9b0fd-23f8-402e-847e-4c99ab6ff099,26.748,odom_y,/odom,-0.02969658013911153,0.5
81d9b0fd-23f8-402e-847e-4c99ab6ff099,26.784000000000002,odom_y,/odom,-0.02951066825993643,0.5
81d9b0fd-23f8-402e-847e-4c99ab6ff099,26.82,odom_y,/odom,-0.029322753695228524,0.5
81d9b0fd-23f8-402e-847e-4c99ab6ff099,26.856,odom_y,/odom,-0.02913641416066841,0.5
81d9b0fd-23f8-402e-847e-4c99ab6ff099,26.892000000000003,odom_y,/odom,-0.0289471017464299,0.5
81d9b0fd-23f8-402e-847e-4c99ab6ff099,26.928,odom_y,/odom,-0.028755486940740326,0.5
81d9b0fd-23f8-402e-847e-4c99ab6ff099,26.964000000000002,odom_y,/odom,-0.0285631140831648,0.5
81d9b0fd-23f8-402e-847e-4c99ab6ff099,27.0,odom_y,/odom,-0.02837137670155496,0.5
81d9b0fd-23f8-402e-847e-4c99ab6ff099,27.036,odom_y,/odom,-0.028176918500601177,0.5
81d9b0fd-23f8-402e-847e-4c99ab6ff099,27.072000000000003,odom_y,/odom,-0.027979585055568357,0.5
81d9b0fd-23f8-402e-847e-4c99ab6ff099,27.108,odom_y,/odom,-0.027782286625846045,0.5
81d9b0fd-23f8-402e-847e-4c99ab6ff099,27.144000000000002,odom_y,/odom,-0.02758593581018295,0.5
81d9b0fd-23f8-402e-847e-4c99ab6ff099,27.180000000000003,odom_y,/odom,-0.02738854693628716,0.5
81d9b0fd-23f8-402e-847e-4c99ab6ff099,27.216,odom_y,/odom,-0.027190988610501034,0.5
81d9b0fd-23f8-402e-847e-4c99ab6ff099,27.252000000000002,odom_y,/odom,-0.026995185412649662,0.5
81d9b0fd-23f8-402e-847e-4c99ab6ff099,27.288,odom_y,/odom,-0.02679950278524301,0.5
81d9b0fd-23f8-402e-847e-4c99ab6ff099,27.324,odom_y,/odom,-0.026602928671035125,0.5
81d9b0fd-23f8-402e-847e-4c99ab6ff099,27.360000000000003,odom_y,/odom,-0.026406197876229207,0.5
81d9b0fd-23f8-402e-847e-4c99ab6ff099,27.396,odom_y,/odom,-0.026207772626726057,0.5
81d9b0fd-23f8-402e-847e-4c99ab6ff099,27.432000000000002,odom_y,/odom,-0.02600988710948697,0.5
81d9b0fd-23f8-402e-847e-4c99ab6ff099,27.468,odom_y,/odom,-0.025812044328383157,0.5
81d9b0fd-23f8-402e-847e-4c99ab6ff099,27.504,odom_y,/odom,-0.025617916001437875,0.5
81d9b0fd-23f8-402e-847e-4c99ab6ff099,27.540000000000003,odom_y,/odom,-0.025425657362452267,0.5
81d9b0fd-23f8-402e-847e-4c99ab6ff099,27.576,odom_y,/odom,-0.025233136704991933,0.5
81d9b0fd-23f8-402e-847e-4c99ab6ff099,27.612000000000002,odom_y,/odom,-0.0250463621635308,0.5
81d9b0fd-23f8-402e-847e-4c99ab6ff099,27.648000000000003,odom_y,/odom,-0.02485820225108761,0.5
81d9b0fd-23f8-402e-847e-4c99ab6ff099,27.684,odom_y,/odom,-0.024667910584673616,0.5
81d9b0fd-23f8-402e-847e-4c99ab6ff099,27.720000000000002,odom_y,/odom,-0.02447616156898345,0.5
81d9b0fd-23f8-402e-847e-4c99ab6ff099,27.756,odom_y,/odom,-0.024282127290496,0.5
81d9b0fd-23f8-402e-847e-4c99ab6ff099,27.792,odom_y,/odom,-0.024090219247893885,0.5
81d9b0fd-23f8-402e-847e-4c99ab6ff099,27.828000000000003,odom_y,/odom,-0.023897391734922384,0.5
81d9b0fd-23f8-402e-847e-4c99ab6ff099,27.864,odom_y,/odom,-0.023703225944672907,0.5
81d9b0fd-23f8-402e-847e-4c99ab6ff099,27.900000000000002,odom_y,/odom,-0.023505607832062656,0.5
81d9b0fd-23f8-402e-847e-4c99ab6ff099,27.936000000000003,odom_y,/odom,-0.02330997917501503,0.5
81d9b0fd-23f8-402e-847e-4c99ab6ff099,27.972,odom_y,/odom,-0.0231148096688962,0.5
81d9b0fd-23f8-402e-847e-4c99ab6ff099,28.008000000000003,odom_y,/odom,-0.022918708834398237,0.5
81d9b0fd-23f8-402e-847e-4c99ab6ff099,28.044,odom_y,/odom,-0.022720412062374348,0.5
81d9b0fd-23f8-402e-847e-4c99ab6ff099,28.080000000000002,odom_y,/odom,-0.02252137395288692,0.5
81d9b0fd-23f8-402e-847e-4c99ab6ff099,28.116000000000003,odom_y,/odom,-0.022323624703181406,0.5
81d9b0fd-23f8-402e-847e-4c99ab6ff099,28.152,odom_y,/odom,-0.02213032250851059,0.5
81d9b0fd-23f8-402e-847e-4c99ab6ff099,28.188000000000002,odom_y,/odom,-0.021941913239042952,0.5
81d9b0fd-23f8-402e-847e-4c99ab6ff099,28.224,odom_y,/odom,-0.02175377714067342,0.5
81d9b0fd-23f8-402e-847e-4c99ab6ff099,28.26,odom_y,/odom,-0.021564295624283566,0.5
81d9b0fd-23f8-402e-847e-4c99ab6ff099,28.296000000000003,odom_y,/odom,-0.02137868866513985,0.5
81d9b0fd-23f8-402e-847e-4c99ab6ff099,28.332,odom_y,/odom,-0.021198189316116566,0.5
81d9b0fd-23f8-402e-847e-4c99ab6ff099,28.368000000000002,odom_y,/odom,-0.021018064655122397,0.5
81d9b0fd-23f8-402e-847e-4c99ab6ff099,28.404000000000003,odom_y,/odom,-0.02084101466152228,0.5
81d9b0fd-23f8-402e-847e-4c99ab6ff099,28.44,odom_y,/odom,-0.020659627411762214,0.5
81d9b0fd-23f8-402e-847e-4c99ab6ff099,28.476000000000003,odom_y,/odom,-0.020476412024961428,0.5
81d9b0fd-23f8-402e-847e-4c99ab6ff099,28.512,odom_y,/odom,-0.020299143235982156,0.5
81d9b0fd-23f8-402e-847e-4c99ab6ff099,28.548000000000002,odom_y,/odom,-0.020122301303343516,0.5
81d9b0fd-23f8-402e-847e-4c99ab6ff099,28.584000000000003,odom_y,/odom,-0.019946733863969283,0.5
81d9b0fd-23f8-402e-847e-4c99ab6ff099,28.62,odom_y,/odom,-0.01977146194042352,0.5
81d9b0fd-23f8-402e-847e-4c99ab6ff099,28.656000000000002,odom_y,/odom,-0.01960231014303838,0.5
81d9b0fd-23f8-402e-847e-4c99ab6ff099,28.692,odom_y,/odom,-0.019434189347926543,0.5
81d9b0fd-23f8-402e-847e-4c99ab6ff099,28.728,odom_y,/odom,-0.019265900320976203,0.5
81d9b0fd-23f8-402e-847e-4c99ab6ff099,28.764000000000003,odom_y,/odom,-0.019099649913176822,0.5
81d9b0fd-23f8-402e-847e-4c99ab6ff099,28.8,odom_y,/odom,-0.01893420036447697,0.5
81d9b0fd-23f8-402e-847e-4c99ab6ff099,28.836000000000002,odom_y,/odom,-0.018778115793945848,0.5
81d9b0fd-23f8-402e-847e-4c99ab6ff099,28.872000000000003,odom_y,/odom,-0.018626158766443315,0.5
81d9b0fd-23f8-402e-847e-4c99ab6ff099,28.911,odom_y,/odom,-0.018476484687478967,0.5
81d9b0fd-23f8-402e-847e-4c99ab6ff099,28.944000000000003,odom_y,/odom,-0.01834587986053767,0.5
81d9b0fd-23f8-402e-847e-4c99ab6ff099,28.98,odom_y,/odom,-0.018283852333990165,0.5
81d9b0fd-23f8-402e-847e-4c99ab6ff099,29.016000000000002,odom_y,/odom,-0.018279067519155444,0.5
81d9b0fd-23f8-402e-847e-4c99ab6ff099,29.052000000000003,odom_y,/odom,-0.018279067519155444,0.5
81d9b0fd-23f8-402e-847e-4c99ab6ff099,29.088,odom_y,/odom,-0.018279067519155444,0.5
81d9b0fd-23f8-402e-847e-4c99ab6ff099,29.124000000000002,odom_y,/odom,-0.018279067519155444,0.5
81d9b0fd-23f8-402e-847e-4c99ab6ff099,29.16,odom_y,/odom,-0.018279067519155444,0.5
81d9b0fd-23f8-402e-847e-4c99ab6ff099,29.196,odom_y,/odom,-0.018279067519155444,0.5
81d9b0fd-23f8-402e-847e-4c99ab6ff099,29.232000000000003,odom_y,/odom,-0.018279067519155444,0.5
81d9b0fd-23f8-402e-847e-4c99ab6ff099,29.268,odom_y,/odom,-0.018279067519155444,0.5
81d9b0fd-23f8-402e-847e-4c99ab6ff099,29.304000000000002,odom_y,/odom,-0.018279067519155444,0.5
81d9b0fd-23f8-402e-847e-4c99ab6ff099,29.340000000000003,odom_y,/odom,-0.018279067519155444,0.5
81d9b0fd-23f8-402e-847e-4c99ab6ff099,29.376,odom_y,/odom,-0.018279067519155444,0.5
81d9b0fd-23f8-402e-847e-4c99ab6ff099,29.412000000000003,odom_y,/odom,-0.018279067519155444,0.5
81d9b0fd-23f8-402e-847e-4c99ab6ff099,29.448,odom_y,/odom,-0.018279067519155444,0.5
81d9b0fd-23f8-402e-847e-4c99ab6ff099,29.484,odom_y,/odom,-0.018279067519155444,0.5
81d9b0fd-23f8-402e-847e-4c99ab6ff099,29.520000000000003,odom_y,/odom,-0.018279067519155444,0.5
81d9b0fd-23f8-402e-847e-4c99ab6ff099,29.556,odom_y,/odom,-0.018279067519155444,0.5
81d9b0fd-23f8-402e-847e-4c99ab6ff099,29.592000000000002,odom_y,/odom,-0.018279067519155444,0.5
81d9b0fd-23f8-402e-847e-4c99ab6ff099,29.628,odom_y,/odom,-0.018279067519155444,0.5
81d9b0fd-23f8-402e-847e-4c99ab6ff099,9.528,pose_covariance_trace,/amcl_pose,1.0946799022804343e-13,2.0
81d9b0fd-23f8-402e-847e-4c99ab6ff099,13.215000000000002,pose_covariance_trace,/amcl_pose,0.03111973909632332,2.0
81d9b0fd-23f8-402e-847e-4c99ab6ff099,14.724,pose_covariance_trace,/amcl_pose,0.050368645378977964,2.0
81d9b0fd-23f8-402e-847e-4c99ab6ff099,16.128,pose_covariance_trace,/amcl_pose,0.07092010227785658,2.0
81d9b0fd-23f8-402e-847e-4c99ab6ff099,17.61,pose_covariance_trace,/amcl_pose,0.09222370662994836,2.0
81d9b0fd-23f8-402e-847e-4c99ab6ff099,19.116,pose_covariance_trace,/amcl_pose,0.10607938742990747,2.0
81d9b0fd-23f8-402e-847e-4c99ab6ff099,20.628,pose_covariance_trace,/amcl_pose,0.11371917469701515,2.0
81d9b0fd-23f8-402e-847e-4c99ab6ff099,22.032,pose_covariance_trace,/amcl_pose,0.12648571478517592,2.0
81d9b0fd-23f8-402e-847e-4c99ab6ff099,23.409000000000002,pose_covariance_trace,/amcl_pose,0.16137332048789096,2.0
81d9b0fd-23f8-402e-847e-4c99ab6ff099,25.020000000000003,pose_covariance_trace,/amcl_pose,0.16633894577245728,2.0
81d9b0fd-23f8-402e-847e-4c99ab6ff099,26.928,pose_covariance_trace,/amcl_pose,0.1712576557506468,2.0
81d9b0fd-23f8-402e-847e-4c99ab6ff099,9.609,valid_return_fraction,/scan,1.0,0.5
81d9b0fd-23f8-402e-847e-4c99ab6ff099,9.711,valid_return_fraction,/scan,1.0,0.5
81d9b0fd-23f8-402e-847e-4c99ab6ff099,9.81,valid_return_fraction,/scan,1.0,0.5
81d9b0fd-23f8-402e-847e-4c99ab6ff099,9.909,valid_return_fraction,/scan,1.0,0.5
81d9b0fd-23f8-402e-847e-4c99ab6ff099,10.011000000000001,valid_return_fraction,/scan,1.0,0.5
81d9b0fd-23f8-402e-847e-4c99ab6ff099,10.110000000000001,valid_return_fraction,/scan,1.0,0.5
81d9b0fd-23f8-402e-847e-4c99ab6ff099,10.209000000000001,valid_return_fraction,/scan,1.0,0.5
81d9b0fd-23f8-402e-847e-4c99ab6ff099,10.311,valid_return_fraction,/scan,1.0,0.5
81d9b0fd-23f8-402e-847e-4c99ab6ff099,10.41,valid_return_fraction,/scan,1.0,0.5
81d9b0fd-23f8-402e-847e-4c99ab6ff099,10.509,valid_return_fraction,/scan,1.0,0.5
81d9b0fd-23f8-402e-847e-4c99ab6ff099,10.611,valid_return_fraction,/scan,1.0,0.5
81d9b0fd-23f8-402e-847e-4c99ab6ff099,10.71,valid_return_fraction,/scan,1.0,0.5
81d9b0fd-23f8-402e-847e-4c99ab6ff099,10.809000000000001,valid_return_fraction,/scan,1.0,0.5
81d9b0fd-23f8-402e-847e-4c99ab6ff099,10.911000000000001,valid_return_fraction,/scan,1.0,0.5
81d9b0fd-23f8-402e-847e-4c99ab6ff099,11.010000000000002,valid_return_fraction,/scan,1.0,0.5
81d9b0fd-23f8-402e-847e-4c99ab6ff099,11.109,valid_return_fraction,/scan,1.0,0.5
81d9b0fd-23f8-402e-847e-4c99ab6ff099,11.211,valid_return_fraction,/scan,1.0,0.5
81d9b0fd-23f8-402e-847e-4c99ab6ff099,11.31,valid_return_fraction,/scan,1.0,0.5
81d9b0fd-23f8-402e-847e-4c99ab6ff099,11.409,valid_return_fraction,/scan,1.0,0.5
81d9b0fd-23f8-402e-847e-4c99ab6ff099,11.511000000000001,valid_return_fraction,/scan,1.0,0.5
81d9b0fd-23f8-402e-847e-4c99ab6ff099,11.610000000000001,valid_return_fraction,/scan,1.0,0.5
81d9b0fd-23f8-402e-847e-4c99ab6ff099,11.709000000000001,valid_return_fraction,/scan,1.0,0.5
81d9b0fd-23f8-402e-847e-4c99ab6ff099,11.811,valid_return_fraction,/scan,1.0,0.5
81d9b0fd-23f8-402e-847e-4c99ab6ff099,11.91,valid_return_fraction,/scan,1.0,0.5
81d9b0fd-23f8-402e-847e-4c99ab6ff099,12.009,valid_return_fraction,/scan,1.0,0.5
81d9b0fd-23f8-402e-847e-4c99ab6ff099,12.111,valid_return_fraction,/scan,1.0,0.5
81d9b0fd-23f8-402e-847e-4c99ab6ff099,12.21,valid_return_fraction,/scan,1.0,0.5
81d9b0fd-23f8-402e-847e-4c99ab6ff099,12.309000000000001,valid_return_fraction,/scan,1.0,0.5
81d9b0fd-23f8-402e-847e-4c99ab6ff099,12.411000000000001,valid_return_fraction,/scan,1.0,0.5
81d9b0fd-23f8-402e-847e-4c99ab6ff099,12.510000000000002,valid_return_fraction,/scan,1.0,0.5
81d9b0fd-23f8-402e-847e-4c99ab6ff099,12.609,valid_return_fraction,/scan,1.0,0.5
81d9b0fd-23f8-402e-847e-4c99ab6ff099,12.711,valid_return_fraction,/scan,1.0,0.5
81d9b0fd-23f8-402e-847e-4c99ab6ff099,12.81,valid_return_fraction,/scan,1.0,0.5
81d9b0fd-23f8-402e-847e-4c99ab6ff099,12.909,valid_return_fraction,/scan,1.0,0.5
81d9b0fd-23f8-402e-847e-4c99ab6ff099,13.011000000000001,valid_return_fraction,/scan,1.0,0.5
81d9b0fd-23f8-402e-847e-4c99ab6ff099,13.110000000000001,valid_return_fraction,/scan,1.0,0.5
81d9b0fd-23f8-402e-847e-4c99ab6ff099,13.209000000000001,valid_return_fraction,/scan,1.0,0.5
81d9b0fd-23f8-402e-847e-4c99ab6ff099,13.311,valid_return_fraction,/scan,1.0,0.5
81d9b0fd-23f8-402e-847e-4c99ab6ff099,13.41,valid_return_fraction,/scan,1.0,0.5
81d9b0fd-23f8-402e-847e-4c99ab6ff099,13.509,valid_return_fraction,/scan,1.0,0.5
81d9b0fd-23f8-402e-847e-4c99ab6ff099,13.611,valid_return_fraction,/scan,1.0,0.5
81d9b0fd-23f8-402e-847e-4c99ab6ff099,13.71,valid_return_fraction,/scan,1.0,0.5
81d9b0fd-23f8-402e-847e-4c99ab6ff099,13.809000000000001,valid_return_fraction,/scan,1.0,0.5
81d9b0fd-23f8-402e-847e-4c99ab6ff099,13.914000000000001,valid_return_fraction,/scan,1.0,0.5
81d9b0fd-23f8-402e-847e-4c99ab6ff099,14.010000000000002,valid_return_fraction,/scan,1.0,0.5
81d9b0fd-23f8-402e-847e-4c99ab6ff099,14.109000000000002,valid_return_fraction,/scan,1.0,0.5
81d9b0fd-23f8-402e-847e-4c99ab6ff099,14.211,valid_return_fraction,/scan,1.0,0.5
81d9b0fd-23f8-402e-847e-4c99ab6ff099,14.31,valid_return_fraction,/scan,1.0,0.5
81d9b0fd-23f8-402e-847e-4c99ab6ff099,14.409,valid_return_fraction,/scan,1.0,0.5
81d9b0fd-23f8-402e-847e-4c99ab6ff099,14.511000000000001,valid_return_fraction,/scan,1.0,0.5
81d9b0fd-23f8-402e-847e-4c99ab6ff099,14.610000000000001,valid_return_fraction,/scan,1.0,0.5
81d9b0fd-23f8-402e-847e-4c99ab6ff099,14.709000000000001,valid_return_fraction,/scan,1.0,0.5
81d9b0fd-23f8-402e-847e-4c99ab6ff099,14.811000000000002,valid_return_fraction,/scan,1.0,0.5
81d9b0fd-23f8-402e-847e-4c99ab6ff099,14.91,valid_return_fraction,/scan,1.0,0.5
81d9b0fd-23f8-402e-847e-4c99ab6ff099,15.009,valid_return_fraction,/scan,1.0,0.5
81d9b0fd-23f8-402e-847e-4c99ab6ff099,15.111,valid_return_fraction,/scan,1.0,0.5
81d9b0fd-23f8-402e-847e-4c99ab6ff099,15.21,valid_return_fraction,/scan,1.0,0.5
81d9b0fd-23f8-402e-847e-4c99ab6ff099,15.309000000000001,valid_return_fraction,/scan,1.0,0.5
81d9b0fd-23f8-402e-847e-4c99ab6ff099,15.411000000000001,valid_return_fraction,/scan,1.0,0.5
81d9b0fd-23f8-402e-847e-4c99ab6ff099,15.510000000000002,valid_return_fraction,/scan,1.0,0.5
81d9b0fd-23f8-402e-847e-4c99ab6ff099,15.609000000000002,valid_return_fraction,/scan,1.0,0.5
81d9b0fd-23f8-402e-847e-4c99ab6ff099,15.711,valid_return_fraction,/scan,1.0,0.5
81d9b0fd-23f8-402e-847e-4c99ab6ff099,15.813,valid_return_fraction,/scan,1.0,0.5
81d9b0fd-23f8-402e-847e-4c99ab6ff099,15.909,valid_return_fraction,/scan,1.0,0.5
81d9b0fd-23f8-402e-847e-4c99ab6ff099,16.011,valid_return_fraction,/scan,1.0,0.5
81d9b0fd-23f8-402e-847e-4c99ab6ff099,16.11,valid_return_fraction,/scan,1.0,0.5
81d9b0fd-23f8-402e-847e-4c99ab6ff099,16.209,valid_return_fraction,/scan,0.65,0.5
81d9b0fd-23f8-402e-847e-4c99ab6ff099,16.311,valid_return_fraction,/scan,0.65,0.5
81d9b0fd-23f8-402e-847e-4c99ab6ff099,16.41,valid_return_fraction,/scan,0.65,0.5
81d9b0fd-23f8-402e-847e-4c99ab6ff099,16.509,valid_return_fraction,/scan,0.65,0.5
81d9b0fd-23f8-402e-847e-4c99ab6ff099,16.611,valid_return_fraction,/scan,0.65,0.5
81d9b0fd-23f8-402e-847e-4c99ab6ff099,16.71,valid_return_fraction,/scan,0.65,0.5
81d9b0fd-23f8-402e-847e-4c99ab6ff099,16.809,valid_return_fraction,/scan,0.65,0.5
81d9b0fd-23f8-402e-847e-4c99ab6ff099,16.911,valid_return_fraction,/scan,0.65,0.5
81d9b0fd-23f8-402e-847e-4c99ab6ff099,17.01,valid_return_fraction,/scan,0.65,0.5
81d9b0fd-23f8-402e-847e-4c99ab6ff099,17.109,valid_return_fraction,/scan,0.65,0.5
81d9b0fd-23f8-402e-847e-4c99ab6ff099,17.211000000000002,valid_return_fraction,/scan,0.65,0.5
81d9b0fd-23f8-402e-847e-4c99ab6ff099,17.310000000000002,valid_return_fraction,/scan,0.65,0.5
81d9b0fd-23f8-402e-847e-4c99ab6ff099,17.409000000000002,valid_return_fraction,/scan,0.65,0.5
81d9b0fd-23f8-402e-847e-4c99ab6ff099,17.511000000000003,valid_return_fraction,/scan,0.65,0.5
81d9b0fd-23f8-402e-847e-4c99ab6ff099,17.61,valid_return_fraction,/scan,0.65,0.5
81d9b0fd-23f8-402e-847e-4c99ab6ff099,17.709,valid_return_fraction,/scan,0.65,0.5
81d9b0fd-23f8-402e-847e-4c99ab6ff099,17.811,valid_return_fraction,/scan,0.65,0.5
81d9b0fd-23f8-402e-847e-4c99ab6ff099,17.91,valid_return_fraction,/scan,0.65,0.5
81d9b0fd-23f8-402e-847e-4c99ab6ff099,18.009,valid_return_fraction,/scan,0.65,0.5
81d9b0fd-23f8-402e-847e-4c99ab6ff099,18.111,valid_return_fraction,/scan,0.65,0.5
81d9b0fd-23f8-402e-847e-4c99ab6ff099,18.21,valid_return_fraction,/scan,0.65,0.5
81d9b0fd-23f8-402e-847e-4c99ab6ff099,18.309,valid_return_fraction,/scan,0.65,0.5
81d9b0fd-23f8-402e-847e-4c99ab6ff099,18.411,valid_return_fraction,/scan,0.65,0.5
81d9b0fd-23f8-402e-847e-4c99ab6ff099,18.51,valid_return_fraction,/scan,0.65,0.5
81d9b0fd-23f8-402e-847e-4c99ab6ff099,18.609,valid_return_fraction,/scan,0.65,0.5
81d9b0fd-23f8-402e-847e-4c99ab6ff099,18.711000000000002,valid_return_fraction,/scan,0.65,0.5
81d9b0fd-23f8-402e-847e-4c99ab6ff099,18.810000000000002,valid_return_fraction,/scan,0.65,0.5
81d9b0fd-23f8-402e-847e-4c99ab6ff099,18.909000000000002,valid_return_fraction,/scan,0.65,0.5
81d9b0fd-23f8-402e-847e-4c99ab6ff099,19.011000000000003,valid_return_fraction,/scan,0.65,0.5
81d9b0fd-23f8-402e-847e-4c99ab6ff099,19.11,valid_return_fraction,/scan,0.65,0.5
81d9b0fd-23f8-402e-847e-4c99ab6ff099,19.209,valid_return_fraction,/scan,0.65,0.5
81d9b0fd-23f8-402e-847e-4c99ab6ff099,19.311,valid_return_fraction,/scan,0.65,0.5
81d9b0fd-23f8-402e-847e-4c99ab6ff099,19.41,valid_return_fraction,/scan,0.65,0.5
81d9b0fd-23f8-402e-847e-4c99ab6ff099,19.509,valid_return_fraction,/scan,0.65,0.5
81d9b0fd-23f8-402e-847e-4c99ab6ff099,19.611,valid_return_fraction,/scan,0.65,0.5
81d9b0fd-23f8-402e-847e-4c99ab6ff099,19.71,valid_return_fraction,/scan,0.65,0.5
81d9b0fd-23f8-402e-847e-4c99ab6ff099,19.809,valid_return_fraction,/scan,0.65,0.5
81d9b0fd-23f8-402e-847e-4c99ab6ff099,19.911,valid_return_fraction,/scan,0.65,0.5
81d9b0fd-23f8-402e-847e-4c99ab6ff099,20.01,valid_return_fraction,/scan,0.65,0.5
81d9b0fd-23f8-402e-847e-4c99ab6ff099,20.109,valid_return_fraction,/scan,0.65,0.5
81d9b0fd-23f8-402e-847e-4c99ab6ff099,20.214000000000002,valid_return_fraction,/scan,0.65,0.5
81d9b0fd-23f8-402e-847e-4c99ab6ff099,20.310000000000002,valid_return_fraction,/scan,0.65,0.5
81d9b0fd-23f8-402e-847e-4c99ab6ff099,20.409000000000002,valid_return_fraction,/scan,0.65,0.5
81d9b0fd-23f8-402e-847e-4c99ab6ff099,20.511000000000003,valid_return_fraction,/scan,0.65,0.5
81d9b0fd-23f8-402e-847e-4c99ab6ff099,20.610000000000003,valid_return_fraction,/scan,0.65,0.5
81d9b0fd-23f8-402e-847e-4c99ab6ff099,20.709,valid_return_fraction,/scan,0.65,0.5
81d9b0fd-23f8-402e-847e-4c99ab6ff099,20.811,valid_return_fraction,/scan,0.65,0.5
81d9b0fd-23f8-402e-847e-4c99ab6ff099,20.91,valid_return_fraction,/scan,0.65,0.5
81d9b0fd-23f8-402e-847e-4c99ab6ff099,21.009,valid_return_fraction,/scan,0.65,0.5
81d9b0fd-23f8-402e-847e-4c99ab6ff099,21.111,valid_return_fraction,/scan,0.65,0.5
81d9b0fd-23f8-402e-847e-4c99ab6ff099,21.21,valid_return_fraction,/scan,0.65,0.5
81d9b0fd-23f8-402e-847e-4c99ab6ff099,21.309,valid_return_fraction,/scan,0.65,0.5
81d9b0fd-23f8-402e-847e-4c99ab6ff099,21.414,valid_return_fraction,/scan,0.65,0.5
81d9b0fd-23f8-402e-847e-4c99ab6ff099,21.51,valid_return_fraction,/scan,0.65,0.5
81d9b0fd-23f8-402e-847e-4c99ab6ff099,21.609,valid_return_fraction,/scan,0.65,0.5
81d9b0fd-23f8-402e-847e-4c99ab6ff099,21.711000000000002,valid_return_fraction,/scan,0.65,0.5
81d9b0fd-23f8-402e-847e-4c99ab6ff099,21.810000000000002,valid_return_fraction,/scan,0.65,0.5
81d9b0fd-23f8-402e-847e-4c99ab6ff099,21.909000000000002,valid_return_fraction,/scan,0.65,0.5
81d9b0fd-23f8-402e-847e-4c99ab6ff099,22.011000000000003,valid_return_fraction,/scan,0.65,0.5
81d9b0fd-23f8-402e-847e-4c99ab6ff099,22.110000000000003,valid_return_fraction,/scan,0.65,0.5
81d9b0fd-23f8-402e-847e-4c99ab6ff099,22.209,valid_return_fraction,/scan,0.65,0.5
81d9b0fd-23f8-402e-847e-4c99ab6ff099,22.311,valid_return_fraction,/scan,0.65,0.5
81d9b0fd-23f8-402e-847e-4c99ab6ff099,22.41,valid_return_fraction,/scan,0.65,0.5
81d9b0fd-23f8-402e-847e-4c99ab6ff099,22.509,valid_return_fraction,/scan,0.65,0.5
81d9b0fd-23f8-402e-847e-4c99ab6ff099,22.611,valid_return_fraction,/scan,0.65,0.5
81d9b0fd-23f8-402e-847e-4c99ab6ff099,22.71,valid_return_fraction,/scan,0.65,0.5
81d9b0fd-23f8-402e-847e-4c99ab6ff099,22.809,valid_return_fraction,/scan,0.65,0.5
81d9b0fd-23f8-402e-847e-4c99ab6ff099,22.911,valid_return_fraction,/scan,0.65,0.5
81d9b0fd-23f8-402e-847e-4c99ab6ff099,23.01,valid_return_fraction,/scan,0.65,0.5
81d9b0fd-23f8-402e-847e-4c99ab6ff099,23.109,valid_return_fraction,/scan,0.65,0.5
81d9b0fd-23f8-402e-847e-4c99ab6ff099,23.211000000000002,valid_return_fraction,/scan,0.65,0.5
81d9b0fd-23f8-402e-847e-4c99ab6ff099,23.310000000000002,valid_return_fraction,/scan,0.65,0.5
81d9b0fd-23f8-402e-847e-4c99ab6ff099,23.409000000000002,valid_return_fraction,/scan,0.65,0.5
81d9b0fd-23f8-402e-847e-4c99ab6ff099,23.511000000000003,valid_return_fraction,/scan,0.65,0.5
81d9b0fd-23f8-402e-847e-4c99ab6ff099,23.610000000000003,valid_return_fraction,/scan,0.65,0.5
81d9b0fd-23f8-402e-847e-4c99ab6ff099,23.709000000000003,valid_return_fraction,/scan,0.65,0.5
81d9b0fd-23f8-402e-847e-4c99ab6ff099,23.814,valid_return_fraction,/scan,0.65,0.5
81d9b0fd-23f8-402e-847e-4c99ab6ff099,23.91,valid_return_fraction,/scan,0.65,0.5
81d9b0fd-23f8-402e-847e-4c99ab6ff099,24.009,valid_return_fraction,/scan,0.65,0.5
81d9b0fd-23f8-402e-847e-4c99ab6ff099,24.111,valid_return_fraction,/scan,0.65,0.5
81d9b0fd-23f8-402e-847e-4c99ab6ff099,24.21,valid_return_fraction,/scan,0.65,0.5
81d9b0fd-23f8-402e-847e-4c99ab6ff099,24.309,valid_return_fraction,/scan,0.65,0.5
81d9b0fd-23f8-402e-847e-4c99ab6ff099,24.411,valid_return_fraction,/scan,0.65,0.5
81d9b0fd-23f8-402e-847e-4c99ab6ff099,24.51,valid_return_fraction,/scan,0.65,0.5
81d9b0fd-23f8-402e-847e-4c99ab6ff099,24.609,valid_return_fraction,/scan,0.65,0.5
81d9b0fd-23f8-402e-847e-4c99ab6ff099,24.711000000000002,valid_return_fraction,/scan,0.65,0.5
81d9b0fd-23f8-402e-847e-4c99ab6ff099,24.810000000000002,valid_return_fraction,/scan,0.65,0.5
81d9b0fd-23f8-402e-847e-4c99ab6ff099,24.909000000000002,valid_return_fraction,/scan,0.65,0.5
81d9b0fd-23f8-402e-847e-4c99ab6ff099,25.011000000000003,valid_return_fraction,/scan,0.65,0.5
81d9b0fd-23f8-402e-847e-4c99ab6ff099,25.110000000000003,valid_return_fraction,/scan,0.65,0.5
81d9b0fd-23f8-402e-847e-4c99ab6ff099,25.209000000000003,valid_return_fraction,/scan,0.65,0.5
81d9b0fd-23f8-402e-847e-4c99ab6ff099,25.311,valid_return_fraction,/scan,0.65,0.5
81d9b0fd-23f8-402e-847e-4c99ab6ff099,25.41,valid_return_fraction,/scan,0.65,0.5
81d9b0fd-23f8-402e-847e-4c99ab6ff099,25.509,valid_return_fraction,/scan,0.65,0.5
81d9b0fd-23f8-402e-847e-4c99ab6ff099,25.611,valid_return_fraction,/scan,0.65,0.5
81d9b0fd-23f8-402e-847e-4c99ab6ff099,25.71,valid_return_fraction,/scan,0.65,0.5
81d9b0fd-23f8-402e-847e-4c99ab6ff099,25.809,valid_return_fraction,/scan,0.65,0.5
81d9b0fd-23f8-402e-847e-4c99ab6ff099,25.911,valid_return_fraction,/scan,0.65,0.5
81d9b0fd-23f8-402e-847e-4c99ab6ff099,26.01,valid_return_fraction,/scan,0.65,0.5
81d9b0fd-23f8-402e-847e-4c99ab6ff099,26.109,valid_return_fraction,/scan,0.65,0.5
81d9b0fd-23f8-402e-847e-4c99ab6ff099,26.211000000000002,valid_return_fraction,/scan,0.65,0.5
81d9b0fd-23f8-402e-847e-4c99ab6ff099,26.310000000000002,valid_return_fraction,/scan,0.65,0.5
81d9b0fd-23f8-402e-847e-4c99ab6ff099,26.409000000000002,valid_return_fraction,/scan,0.65,0.5
81d9b0fd-23f8-402e-847e-4c99ab6ff099,26.511000000000003,valid_return_fraction,/scan,0.65,0.5
81d9b0fd-23f8-402e-847e-4c99ab6ff099,26.610000000000003,valid_return_fraction,/scan,0.65,0.5
81d9b0fd-23f8-402e-847e-4c99ab6ff099,26.709000000000003,valid_return_fraction,/scan,0.65,0.5
81d9b0fd-23f8-402e-847e-4c99ab6ff099,26.811,valid_return_fraction,/scan,0.65,0.5
81d9b0fd-23f8-402e-847e-4c99ab6ff099,26.91,valid_return_fraction,/scan,0.65,0.5
81d9b0fd-23f8-402e-847e-4c99ab6ff099,27.009,valid_return_fraction,/scan,0.65,0.5
81d9b0fd-23f8-402e-847e-4c99ab6ff099,27.111,valid_return_fraction,/scan,0.65,0.5
81d9b0fd-23f8-402e-847e-4c99ab6ff099,27.21,valid_return_fraction,/scan,0.65,0.5
81d9b0fd-23f8-402e-847e-4c99ab6ff099,27.309,valid_return_fraction,/scan,0.65,0.5
81d9b0fd-23f8-402e-847e-4c99ab6ff099,27.411,valid_return_fraction,/scan,0.65,0.5
81d9b0fd-23f8-402e-847e-4c99ab6ff099,27.51,valid_return_fraction,/scan,0.65,0.5
81d9b0fd-23f8-402e-847e-4c99ab6ff099,27.609,valid_return_fraction,/scan,0.65,0.5
81d9b0fd-23f8-402e-847e-4c99ab6ff099,27.714000000000002,valid_return_fraction,/scan,0.65,0.5
81d9b0fd-23f8-402e-847e-4c99ab6ff099,27.810000000000002,valid_return_fraction,/scan,0.65,0.5
81d9b0fd-23f8-402e-847e-4c99ab6ff099,27.909000000000002,valid_return_fraction,/scan,0.65,0.5
81d9b0fd-23f8-402e-847e-4c99ab6ff099,28.011000000000003,valid_return_fraction,/scan,0.65,0.5
81d9b0fd-23f8-402e-847e-4c99ab6ff099,28.110000000000003,valid_return_fraction,/scan,0.65,0.5
81d9b0fd-23f8-402e-847e-4c99ab6ff099,28.209000000000003,valid_return_fraction,/scan,0.65,0.5
81d9b0fd-23f8-402e-847e-4c99ab6ff099,28.311000000000003,valid_return_fraction,/scan,0.65,0.5
81d9b0fd-23f8-402e-847e-4c99ab6ff099,28.41,valid_return_fraction,/scan,0.65,0.5
81d9b0fd-23f8-402e-847e-4c99ab6ff099,28.509,valid_return_fraction,/scan,0.65,0.5
81d9b0fd-23f8-402e-847e-4c99ab6ff099,28.611,valid_return_fraction,/scan,0.65,0.5
81d9b0fd-23f8-402e-847e-4c99ab6ff099,28.707,valid_return_fraction,/scan,0.65,0.5
81d9b0fd-23f8-402e-847e-4c99ab6ff099,28.809,valid_return_fraction,/scan,0.65,0.5
81d9b0fd-23f8-402e-847e-4c99ab6ff099,28.911,valid_return_fraction,/scan,0.65,0.5
81d9b0fd-23f8-402e-847e-4c99ab6ff099,29.01,valid_return_fraction,/scan,0.65,0.5
81d9b0fd-23f8-402e-847e-4c99ab6ff099,29.109,valid_return_fraction,/scan,0.65,0.5
81d9b0fd-23f8-402e-847e-4c99ab6ff099,29.211000000000002,valid_return_fraction,/scan,0.65,0.5
81d9b0fd-23f8-402e-847e-4c99ab6ff099,29.310000000000002,valid_return_fraction,/scan,0.65,0.5
81d9b0fd-23f8-402e-847e-4c99ab6ff099,29.409000000000002,valid_return_fraction,/scan,0.65,0.5
81d9b0fd-23f8-402e-847e-4c99ab6ff099,29.511000000000003,valid_return_fraction,/scan,0.65,0.5
81d9b0fd-23f8-402e-847e-4c99ab6ff099,29.610000000000003,valid_return_fraction,/scan,0.65,0.5
