run_id,timestamp,feature,source,value,max_age_seconds
8402ee7a-2186-4cd2-a772-e781413c05de,13.095,amcl_x,/amcl_pose,-2.0,2.0
8402ee7a-2186-4cd2-a772-e781413c05de,16.713,amcl_x,/amcl_pose,-1.7454992048709443,2.0
8402ee7a-2186-4cd2-a772-e781413c05de,18.216,amcl_x,/amcl_pose,-1.4816038064784969,2.0
8402ee7a-2186-4cd2-a772-e781413c05de,19.62,amcl_x,/amcl_pose,-1.220933003109244,2.0
8402ee7a-2186-4cd2-a772-e781413c05de,21.024,amcl_x,/amcl_pose,-0.9722435102348437,2.0
8402ee7a-2186-4cd2-a772-e781413c05de,22.509,amcl_x,/amcl_pose,-0.7033250429476328,2.0
8402ee7a-2186-4cd2-a772-e781413c05de,24.012,amcl_x,/amcl_pose,-0.444050437034446,2.0
8402ee7a-2186-4cd2-a772-e781413c05de,25.416,amcl_x,/amcl_pose,-0.2032001477737433,2.0
8402ee7a-2186-4cd2-a772-e781413c05de,26.82,amcl_x,/amcl_pose,0.053102197923962584,2.0
8402ee7a-2186-4cd2-a772-e781413c05de,28.41,amcl_x,/amcl_pose,0.30057328818051643,2.0
8402ee7a-2186-4cd2-a772-e781413c05de,30.312,amcl_x,/amcl_pose,0.5551553779542241,2.0
8402ee7a-2186-4cd2-a772-e781413c05de,13.095,amcl_y,/amcl_pose,-0.5,2.0
8402ee7a-2186-4cd2-a772-e781413c05de,16.713,amcl_y,/amcl_pose,-0.5094455383468846,2.0
8402ee7a-2186-4cd2-a772-e781413c05de,18.216,amcl_y,/amcl_pose,-0.5253368427391344,2.0
8402ee7a-2186-4cd2-a772-e781413c05de,19.62,amcl_y,/amcl_pose,-0.544198973623937,2.0
8402ee7a-2186-4cd2-a772-e781413c05de,21.024,amcl_y,/amcl_pose,-0.5606397906880527,2.0
8402ee7a-2186-4cd2-a772-e781413c05de,22.509,amcl_y,/amcl_pose,-0.5685465700532412,2.0
8402ee7a-2186-4cd2-a772-e781413c05de,24.012,amcl_y,/amcl_pose,-0.5682768599668693,2.0
8402ee7a-2186-4cd2-a772-e781413c05de,25.416,amcl_y,/amcl_pose,-0.5766061630467965,2.0
8402ee7a-2186-4cd2-a772-e781413c05de,26.82,amcl_y,/amcl_pose,-0.5646061384220555,2.0
8402ee7a-2186-4cd2-a772-e781413c05de,28.41,amcl_y,/amcl_pose,-0.5719823050372281,2.0
8402ee7a-2186-4cd2-a772-e781413c05de,30.312,amcl_y,/amcl_pose,-0.5721813432104651,2.0
8402ee7a-2186-4cd2-a772-e781413c05de,14.760000000000002,command_angular,/cmd_vel,0.003893181448802352,0.5
8402ee7a-2186-4cd2-a772-e781413c05de,14.841000000000001,command_angular,/cmd_vel,0.007020100019872189,0.5
8402ee7a-2186-4cd2-a772-e781413c05de,14.868,command_angular,/cmd_vel,-0.02024761214852333,0.5
8402ee7a-2186-4cd2-a772-e781413c05de,14.91,command_angular,/cmd_vel,-0.04640617221593857,0.5
8402ee7a-2186-4cd2-a772-e781413c05de,14.979000000000001,command_angular,/cmd_vel,-0.06034580618143082,0.5
8402ee7a-2186-4cd2-a772-e781413c05de,15.018,command_angular,/cmd_vel,-0.05494267866015434,0.5
8402ee7a-2186-4cd2-a772-e781413c05de,15.048000000000002,command_angular,/cmd_vel,-0.05101631209254265,0.5
8402ee7a-2186-4cd2-a772-e781413c05de,15.129000000000001,command_angular,/cmd_vel,-0.04005253314971924,0.5
8402ee7a-2186-4cd2-a772-e781413c05de,15.159,command_angular,/cmd_vel,-0.04091838747262955,0.5
8402ee7a-2186-4cd2-a772-e781413c05de,15.228000000000002,command_angular,/cmd_vel,-0.039344195276498795,0.5
8402ee7a-2186-4cd2-a772-e781413c05de,15.270000000000001,command_angular,/cmd_vel,-0.038103871047496796,0.5
8402ee7a-2186-4cd2-a772-e781413c05de,15.3,command_angular,/cmd_vel,-0.0411805622279644,0.5
8402ee7a-2186-4cd2-a772-e781413c05de,15.378,command_angular,/cmd_vel,-0.04579337313771248,0.5
8402ee7a-2186-4cd2-a772-e781413c05de,15.408000000000001,command_angular,/cmd_vel,-0.044011421501636505,0.5
8402ee7a-2186-4cd2-a772-e781413c05de,15.48,command_angular,/cmd_vel,-0.044048476964235306,0.5
8402ee7a-2186-4cd2-a772-e781413c05de,15.519,command_angular,/cmd_vel,-0.046862244606018066,0.5
8402ee7a-2186-4cd2-a772-e781413c05de,15.558000000000002,command_angular,/cmd_vel,-0.043778691440820694,0.5
8402ee7a-2186-4cd2-a772-e781413c05de,15.63,command_angular,/cmd_vel,-0.04502034932374954,0.5
8402ee7a-2186-4cd2-a772-e781413c05de,15.66,command_angular,/cmd_vel,-0.04217158257961273,0.5
8402ee7a-2186-4cd2-a772-e781413c05de,15.738000000000001,command_angular,/cmd_vel,-0.048734307289123535,0.5
8402ee7a-2186-4cd2-a772-e781413c05de,15.768,command_angular,/cmd_vel,-0.048851378262043,0.5
8402ee7a-2186-4cd2-a772-e781413c05de,15.81,command_angular,/cmd_vel,-0.04013320431113243,0.5
8402ee7a-2186-4cd2-a772-e781413c05de,15.879000000000001,command_angular,/cmd_vel,-0.04120445251464844,0.5
8402ee7a-2186-4cd2-a772-e781413c05de,15.918000000000001,command_angular,/cmd_vel,-0.03807026147842407,0.5
8402ee7a-2186-4cd2-a772-e781413c05de,15.948,command_angular,/cmd_vel,-0.0366477333009243,0.5
8402ee7a-2186-4cd2-a772-e781413c05de,16.02,command_angular,/cmd_vel,-0.039545170962810516,0.5
8402ee7a-2186-4cd2-a772-e781413c05de,16.059,command_angular,/cmd_vel,-0.030271314084529877,0.5
8402ee7a-2186-4cd2-a772-e781413c05de,16.128,command_angular,/cmd_vel,-0.02980349399149418,0.5
8402ee7a-2186-4cd2-a772-e781413c05de,16.17,command_angular,/cmd_vel,-0.033292606472969055,0.5
8402ee7a-2186-4cd2-a772-e781413c05de,16.209,command_angular,/cmd_vel,-0.03457844629883766,0.5
8402ee7a-2186-4cd2-a772-e781413c05de,16.278000000000002,command_angular,/cmd_vel,-0.02865678444504738,0.5
8402ee7a-2186-4cd2-a772-e781413c05de,16.308,command_angular,/cmd_vel,-0.02999226376414299,0.5
8402ee7a-2186-4cd2-a772-e781413c05de,16.380000000000003,command_angular,/cmd_vel,-0.034514494240283966,0.5
8402ee7a-2186-4cd2-a772-e781413c05de,16.419,command_angular,/cmd_vel,-0.022877894341945648,0.5
8402ee7a-2186-4cd2-a772-e781413c05de,16.458000000000002,command_angular,/cmd_vel,-0.026411278173327446,0.5
8402ee7a-2186-4cd2-a772-e781413c05de,16.53,command_angular,/cmd_vel,-0.030090728774666786,0.5
8402ee7a-2186-4cd2-a772-e781413c05de,16.560000000000002,command_angular,/cmd_vel,-0.02867264859378338,0.5
8402ee7a-2186-4cd2-a772-e781413c05de,16.641000000000002,command_angular,/cmd_vel,-0.029925845563411713,0.5
8402ee7a-2186-4cd2-a772-e781413c05de,16.668000000000003,command_angular,/cmd_vel,-0.026492208242416382,0.5
8402ee7a-2186-4cd2-a772-e781413c05de,16.71,command_angular,/cmd_vel,-0.025346552953124046,0.5
8402ee7a-2186-4cd2-a772-e781413c05de,16.779,command_angular,/cmd_vel,-0.02781158871948719,0.5
8402ee7a-2186-4cd2-a772-e781413c05de,16.818,command_angular,/cmd_vel,-0.015872731804847717,0.5
8402ee7a-2186-4cd2-a772-e781413c05de,16.848000000000003,command_angular,/cmd_vel,-0.007237415760755539,0.5
8402ee7a-2186-4cd2-a772-e781413c05de,16.92,command_angular,/cmd_vel,-0.009759776294231415,0.5
8402ee7a-2186-4cd2-a772-e781413c05de,16.959,command_angular,/cmd_vel,-0.00683230347931385,0.5
8402ee7a-2186-4cd2-a772-e781413c05de,17.028000000000002,command_angular,/cmd_vel,0.0016411851393058896,0.5
8402ee7a-2186-4cd2-a772-e781413c05de,17.07,command_angular,/cmd_vel,-0.0016026039374992251,0.5
8402ee7a-2186-4cd2-a772-e781413c05de,17.1,command_angular,/cmd_vel,-0.007416789885610342,0.5
8402ee7a-2186-4cd2-a772-e781413c05de,17.178,command_angular,/cmd_vel,-0.00390957435593009,0.5
8402ee7a-2186-4cd2-a772-e781413c05de,17.211000000000002,command_angular,/cmd_vel,-0.006810684688389301,0.5
8402ee7a-2186-4cd2-a772-e781413c05de,17.28,command_angular,/cmd_vel,-0.006727167870849371,0.5
8402ee7a-2186-4cd2-a772-e781413c05de,17.319000000000003,command_angular,/cmd_vel,-0.0012222741497680545,0.5
8402ee7a-2186-4cd2-a772-e781413c05de,17.358,command_angular,/cmd_vel,-0.018180832266807556,0.5
8402ee7a-2186-4cd2-a772-e781413c05de,17.43,command_angular,/cmd_vel,-0.01205587387084961,0.5
8402ee7a-2186-4cd2-a772-e781413c05de,17.46,command_angular,/cmd_vel,-0.020129013806581497,0.5
8402ee7a-2186-4cd2-a772-e781413c05de,17.541,command_angular,/cmd_vel,-0.01457478292286396,0.5
8402ee7a-2186-4cd2-a772-e781413c05de,17.568,command_angular,/cmd_vel,-0.02038290910422802,0.5
8402ee7a-2186-4cd2-a772-e781413c05de,17.61,command_angular,/cmd_vel,-0.031095176935195923,0.5
8402ee7a-2186-4cd2-a772-e781413c05de,17.679000000000002,command_angular,/cmd_vel,-0.019843686372041702,0.5
8402ee7a-2186-4cd2-a772-e781413c05de,17.718,command_angular,/cmd_vel,-0.010386881418526173,0.5
8402ee7a-2186-4cd2-a772-e781413c05de,17.748,command_angular,/cmd_vel,-0.0020448374561965466,0.5
8402ee7a-2186-4cd2-a772-e781413c05de,17.82,command_angular,/cmd_vel,-0.012107218615710735,0.5
8402ee7a-2186-4cd2-a772-e781413c05de,17.859,command_angular,/cmd_vel,-0.007698997389525175,0.5
8402ee7a-2186-4cd2-a772-e781413c05de,17.928,command_angular,/cmd_vel,-0.013455666601657867,0.5
8402ee7a-2186-4cd2-a772-e781413c05de,17.970000000000002,command_angular,/cmd_vel,-0.003545022802427411,0.5
8402ee7a-2186-4cd2-a772-e781413c05de,18.0,command_angular,/cmd_vel,7.98095716163516e-05,0.5
8402ee7a-2186-4cd2-a772-e781413c05de,18.078,command_angular,/cmd_vel,0.002265417017042637,0.5
8402ee7a-2186-4cd2-a772-e781413c05de,18.108,command_angular,/cmd_vel,-0.002599188592284918,0.5
8402ee7a-2186-4cd2-a772-e781413c05de,18.18,command_angular,/cmd_vel,0.0027953777462244034,0.5
8402ee7a-2186-4cd2-a772-e781413c05de,18.219,command_angular,/cmd_vel,-0.004094070289283991,0.5
8402ee7a-2186-4cd2-a772-e781413c05de,18.258000000000003,command_angular,/cmd_vel,-0.003867014776915312,0.5
8402ee7a-2186-4cd2-a772-e781413c05de,18.330000000000002,command_angular,/cmd_vel,0.0035837413743138313,0.5
8402ee7a-2186-4cd2-a772-e781413c05de,18.36,command_angular,/cmd_vel,0.0043986160308122635,0.5
8402ee7a-2186-4cd2-a772-e781413c05de,18.438000000000002,command_angular,/cmd_vel,0.0018699218053370714,0.5
8402ee7a-2186-4cd2-a772-e781413c05de,18.468,command_angular,/cmd_vel,-0.0011336012976244092,0.5
8402ee7a-2186-4cd2-a772-e781413c05de,18.51,command_angular,/cmd_vel,0.001039070775732398,0.5
8402ee7a-2186-4cd2-a772-e781413c05de,18.579,command_angular,/cmd_vel,0.0011764755472540855,0.5
8402ee7a-2186-4cd2-a772-e781413c05de,18.618000000000002,command_angular,/cmd_vel,0.004133338108658791,0.5
8402ee7a-2186-4cd2-a772-e781413c05de,18.648,command_angular,/cmd_vel,-0.0018976116552948952,0.5
8402ee7a-2186-4cd2-a772-e781413c05de,18.720000000000002,command_angular,/cmd_vel,0.0032568303868174553,0.5
8402ee7a-2186-4cd2-a772-e781413c05de,18.759,command_angular,/cmd_vel,0.006474491208791733,0.5
8402ee7a-2186-4cd2-a772-e781413c05de,18.828,command_angular,/cmd_vel,0.0042613837867975235,0.5
8402ee7a-2186-4cd2-a772-e781413c05de,18.87,command_angular,/cmd_vel,0.015005208551883698,0.5
8402ee7a-2186-4cd2-a772-e781413c05de,18.900000000000002,command_angular,/cmd_vel,0.02019052952528,0.5
8402ee7a-2186-4cd2-a772-e781413c05de,18.978,command_angular,/cmd_vel,0.02299443632364273,0.5
8402ee7a-2186-4cd2-a772-e781413c05de,19.008000000000003,command_angular,/cmd_vel,0.017063548788428307,0.5
8402ee7a-2186-4cd2-a772-e781413c05de,19.080000000000002,command_angular,/cmd_vel,0.011527597904205322,0.5
8402ee7a-2186-4cd2-a772-e781413c05de,19.119,command_angular,/cmd_vel,0.010251185856759548,0.5
8402ee7a-2186-4cd2-a772-e781413c05de,19.158,command_angular,/cmd_vel,0.007557706907391548,0.5
8402ee7a-2186-4cd2-a772-e781413c05de,19.23,command_angular,/cmd_vel,0.006148211658000946,0.5
8402ee7a-2186-4cd2-a772-e781413c05de,19.26,command_angular,/cmd_vel,0.012895314022898674,0.5
8402ee7a-2186-4cd2-a772-e781413c05de,19.338,command_angular,/cmd_vel,0.009916974231600761,0.5
8402ee7a-2186-4cd2-a772-e781413c05de,19.368000000000002,command_angular,/cmd_vel,0.013708132319152355,0.5
8402ee7a-2186-4cd2-a772-e781413c05de,19.41,command_angular,/cmd_vel,0.017165755853056908,0.5
8402ee7a-2186-4cd2-a772-e781413c05de,19.479000000000003,command_angular,/cmd_vel,0.023757947608828545,0.5
8402ee7a-2186-4cd2-a772-e781413c05de,19.518,command_angular,/cmd_vel,0.01833781786262989,0.5
8402ee7a-2186-4cd2-a772-e781413c05de,19.548000000000002,command_angular,/cmd_vel,0.01628226786851883,0.5
8402ee7a-2186-4cd2-a772-e781413c05de,19.62,command_angular,/cmd_vel,0.012803099118173122,0.5
8402ee7a-2186-4cd2-a772-e781413c05de,19.659000000000002,command_angular,/cmd_vel,0.015739107504487038,0.5
8402ee7a-2186-4cd2-a772-e781413c05de,19.731,command_angular,/cmd_vel,0.012423813343048096,0.5
8402ee7a-2186-4cd2-a772-e781413c05de,19.77,command_angular,/cmd_vel,0.010888203978538513,0.5
8402ee7a-2186-4cd2-a772-e781413c05de,19.8,command_angular,/cmd_vel,0.01671740785241127,0.5
8402ee7a-2186-4cd2-a772-e781413c05de,19.878,command_angular,/cmd_vel,0.017744600772857666,0.5
8402ee7a-2186-4cd2-a772-e781413c05de,19.908,command_angular,/cmd_vel,0.020024530589580536,0.5
8402ee7a-2186-4cd2-a772-e781413c05de,19.98,command_angular,/cmd_vel,0.022914856672286987,0.5
8402ee7a-2186-4cd2-a772-e781413c05de,20.019000000000002,command_angular,/cmd_vel,0.024436883628368378,0.5
8402ee7a-2186-4cd2-a772-e781413c05de,20.058,command_angular,/cmd_vel,0.03207431361079216,0.5
8402ee7a-2186-4cd2-a772-e781413c05de,20.130000000000003,command_angular,/cmd_vel,0.026508744806051254,0.5
8402ee7a-2186-4cd2-a772-e781413c05de,20.16,command_angular,/cmd_vel,0.02107900008559227,0.5
8402ee7a-2186-4cd2-a772-e781413c05de,20.241,command_angular,/cmd_vel,0.020858436822891235,0.5
8402ee7a-2186-4cd2-a772-e781413c05de,20.268,command_angular,/cmd_vel,0.01944555714726448,0.5
8402ee7a-2186-4cd2-a772-e781413c05de,20.310000000000002,command_angular,/cmd_vel,0.019255831837654114,0.5
8402ee7a-2186-4cd2-a772-e781413c05de,20.379,command_angular,/cmd_vel,0.02594141848385334,0.5
8402ee7a-2186-4cd2-a772-e781413c05de,20.418000000000003,command_angular,/cmd_vel,0.03275207802653313,0.5
8402ee7a-2186-4cd2-a772-e781413c05de,20.448,command_angular,/cmd_vel,0.022198954597115517,0.5
8402ee7a-2186-4cd2-a772-e781413c05de,20.52,command_angular,/cmd_vel,0.021301496773958206,0.5
8402ee7a-2186-4cd2-a772-e781413c05de,20.559,command_angular,/cmd_vel,0.025919988751411438,0.5
8402ee7a-2186-4cd2-a772-e781413c05de,20.628,command_angular,/cmd_vel,0.017130188643932343,0.5
8402ee7a-2186-4cd2-a772-e781413c05de,20.67,command_angular,/cmd_vel,0.021110884845256805,0.5
8402ee7a-2186-4cd2-a772-e781413c05de,20.700000000000003,command_angular,/cmd_vel,0.024332817643880844,0.5
8402ee7a-2186-4cd2-a772-e781413c05de,20.778000000000002,command_angular,/cmd_vel,0.022211965173482895,0.5
8402ee7a-2186-4cd2-a772-e781413c05de,20.808,command_angular,/cmd_vel,0.019994834437966347,0.5
8402ee7a-2186-4cd2-a772-e781413c05de,20.880000000000003,command_angular,/cmd_vel,0.023338811472058296,0.5
8402ee7a-2186-4cd2-a772-e781413c05de,20.919,command_angular,/cmd_vel,0.016688073053956032,0.5
8402ee7a-2186-4cd2-a772-e781413c05de,20.958000000000002,command_angular,/cmd_vel,0.022261330857872963,0.5
8402ee7a-2186-4cd2-a772-e781413c05de,21.03,command_angular,/cmd_vel,0.020741252228617668,0.5
8402ee7a-2186-4cd2-a772-e781413c05de,21.060000000000002,command_angular,/cmd_vel,0.02724592760205269,0.5
8402ee7a-2186-4cd2-a772-e781413c05de,21.138,command_angular,/cmd_vel,0.024161817505955696,0.5
8402ee7a-2186-4cd2-a772-e781413c05de,21.168000000000003,command_angular,/cmd_vel,0.019217459484934807,0.5
8402ee7a-2186-4cd2-a772-e781413c05de,21.21,command_angular,/cmd_vel,0.022221636027097702,0.5
8402ee7a-2186-4cd2-a772-e781413c05de,21.279,command_angular,/cmd_vel,0.021145787090063095,0.5
8402ee7a-2186-4cd2-a772-e781413c05de,21.318,command_angular,/cmd_vel,0.017270345240831375,0.5
8402ee7a-2186-4cd2-a772-e781413c05de,21.348000000000003,command_angular,/cmd_vel,0.014669602736830711,0.5
8402ee7a-2186-4cd2-a772-e781413c05de,21.42,command_angular,/cmd_vel,0.020346930250525475,0.5
8402ee7a-2186-4cd2-a772-e781413c05de,21.459,command_angular,/cmd_vel,0.018915187567472458,0.5
8402ee7a-2186-4cd2-a772-e781413c05de,21.528000000000002,command_angular,/cmd_vel,0.02532477304339409,0.5
8402ee7a-2186-4cd2-a772-e781413c05de,21.57,command_angular,/cmd_vel,0.02411370724439621,0.5
8402ee7a-2186-4cd2-a772-e781413c05de,21.6,command_angular,/cmd_vel,0.021963274106383324,0.5
8402ee7a-2186-4cd2-a772-e781413c05de,21.678,command_angular,/cmd_vel,0.020716873928904533,0.5
8402ee7a-2186-4cd2-a772-e781413c05de,21.708000000000002,command_angular,/cmd_vel,0.020882198587059975,0.5
8402ee7a-2186-4cd2-a772-e781413c05de,21.78,command_angular,/cmd_vel,0.022016938775777817,0.5
8402ee7a-2186-4cd2-a772-e781413c05de,21.819000000000003,command_angular,/cmd_vel,0.025451911613345146,0.5
8402ee7a-2186-4cd2-a772-e781413c05de,21.858,command_angular,/cmd_vel,0.01659455895423889,0.5
8402ee7a-2186-4cd2-a772-e781413c05de,21.93,command_angular,/cmd_vel,0.014281587675213814,0.5
8402ee7a-2186-4cd2-a772-e781413c05de,21.96,command_angular,/cmd_vel,0.014051778241991997,0.5
8402ee7a-2186-4cd2-a772-e781413c05de,22.041,command_angular,/cmd_vel,0.02533685974776745,0.5
8402ee7a-2186-4cd2-a772-e781413c05de,22.068,command_angular,/cmd_vel,0.025752488523721695,0.5
8402ee7a-2186-4cd2-a772-e781413c05de,22.110000000000003,command_angular,/cmd_vel,0.029856817796826363,0.5
8402ee7a-2186-4cd2-a772-e781413c05de,22.179000000000002,command_angular,/cmd_vel,0.024610595777630806,0.5
8402ee7a-2186-4cd2-a772-e781413c05de,22.218,command_angular,/cmd_vel,0.01691029965877533,0.5
8402ee7a-2186-4cd2-a772-e781413c05de,22.248,command_angular,/cmd_vel,0.014111918397247791,0.5
8402ee7a-2186-4cd2-a772-e781413c05de,22.32,command_angular,/cmd_vel,0.011563559994101524,0.5
8402ee7a-2186-4cd2-a772-e781413c05de,22.359,command_angular,/cmd_vel,0.017528550699353218,0.5
8402ee7a-2186-4cd2-a772-e781413c05de,22.428,command_angular,/cmd_vel,0.024616466835141182,0.5
8402ee7a-2186-4cd2-a772-e781413c05de,22.470000000000002,command_angular,/cmd_vel,0.030145438387989998,0.5
8402ee7a-2186-4cd2-a772-e781413c05de,22.5,command_angular,/cmd_vel,0.031386807560920715,0.5
8402ee7a-2186-4cd2-a772-e781413c05de,22.578000000000003,command_angular,/cmd_vel,0.029300136491656303,0.5
8402ee7a-2186-4cd2-a772-e781413c05de,22.608,command_angular,/cmd_vel,0.028017977252602577,0.5
8402ee7a-2186-4cd2-a772-e781413c05de,22.68,command_angular,/cmd_vel,0.023609120398759842,0.5
8402ee7a-2186-4cd2-a772-e781413c05de,22.719,command_angular,/cmd_vel,0.017494702711701393,0.5
8402ee7a-2186-4cd2-a772-e781413c05de,22.758000000000003,command_angular,/cmd_vel,0.030029654502868652,0.5
8402ee7a-2186-4cd2-a772-e781413c05de,22.830000000000002,command_angular,/cmd_vel,0.03275807574391365,0.5
8402ee7a-2186-4cd2-a772-e781413c05de,22.860000000000003,command_angular,/cmd_vel,0.029254622757434845,0.5
8402ee7a-2186-4cd2-a772-e781413c05de,22.938000000000002,command_angular,/cmd_vel,0.025083132088184357,0.5
8402ee7a-2186-4cd2-a772-e781413c05de,22.968,command_angular,/cmd_vel,0.009338526986539364,0.5
8402ee7a-2186-4cd2-a772-e781413c05de,23.01,command_angular,/cmd_vel,0.006509894505143166,0.5
8402ee7a-2186-4cd2-a772-e781413c05de,23.079,command_angular,/cmd_vel,0.006096832454204559,0.5
8402ee7a-2186-4cd2-a772-e781413c05de,23.118000000000002,command_angular,/cmd_vel,0.0019815685227513313,0.5
8402ee7a-2186-4cd2-a772-e781413c05de,23.148,command_angular,/cmd_vel,0.011156481690704823,0.5
8402ee7a-2186-4cd2-a772-e781413c05de,23.220000000000002,command_angular,/cmd_vel,0.01864158734679222,0.5
8402ee7a-2186-4cd2-a772-e781413c05de,23.259,command_angular,/cmd_vel,0.02120506763458252,0.5
8402ee7a-2186-4cd2-a772-e781413c05de,23.331000000000003,command_angular,/cmd_vel,0.02804156392812729,0.5
8402ee7a-2186-4cd2-a772-e781413c05de,23.37,command_angular,/cmd_vel,0.02322934754192829,0.5
8402ee7a-2186-4cd2-a772-e781413c05de,23.400000000000002,command_angular,/cmd_vel,0.009039437398314476,0.5
8402ee7a-2186-4cd2-a772-e781413c05de,23.478,command_angular,/cmd_vel,0.007933170534670353,0.5
8402ee7a-2186-4cd2-a772-e781413c05de,23.508000000000003,command_angular,/cmd_vel,-0.00015590345719829202,0.5
8402ee7a-2186-4cd2-a772-e781413c05de,23.580000000000002,command_angular,/cmd_vel,0.0029234569519758224,0.5
8402ee7a-2186-4cd2-a772-e781413c05de,23.619,command_angular,/cmd_vel,-0.0008565669995732605,0.5
8402ee7a-2186-4cd2-a772-e781413c05de,23.658,command_angular,/cmd_vel,-0.005121598951518536,0.5
8402ee7a-2186-4cd2-a772-e781413c05de,23.73,command_angular,/cmd_vel,-0.006288027856498957,0.5
8402ee7a-2186-4cd2-a772-e781413c05de,23.76,command_angular,/cmd_vel,-0.007559190038591623,0.5
8402ee7a-2186-4cd2-a772-e781413c05de,23.841,command_angular,/cmd_vel,0.00033924201852642,0.5
8402ee7a-2186-4cd2-a772-e781413c05de,23.868000000000002,command_angular,/cmd_vel,-0.0022976985201239586,0.5
8402ee7a-2186-4cd2-a772-e781413c05de,23.91,command_angular,/cmd_vel,0.005988407414406538,0.5
8402ee7a-2186-4cd2-a772-e781413c05de,23.979000000000003,command_angular,/cmd_vel,0.0074378084391355515,0.5
8402ee7a-2186-4cd2-a772-e781413c05de,24.018,command_angular,/cmd_vel,0.013600749894976616,0.5
8402ee7a-2186-4cd2-a772-e781413c05de,24.048000000000002,command_angular,/cmd_vel,0.008929792791604996,0.5
8402ee7a-2186-4cd2-a772-e781413c05de,24.12,command_angular,/cmd_vel,0.022093404084444046,0.5
8402ee7a-2186-4cd2-a772-e781413c05de,24.159000000000002,command_angular,/cmd_vel,0.019482281059026718,0.5
8402ee7a-2186-4cd2-a772-e781413c05de,24.228,command_angular,/cmd_vel,0.016234595328569412,0.5
8402ee7a-2186-4cd2-a772-e781413c05de,24.270000000000003,command_angular,/cmd_vel,0.02050694078207016,0.5
8402ee7a-2186-4cd2-a772-e781413c05de,24.3,command_angular,/cmd_vel,0.019595926627516747,0.5
8402ee7a-2186-4cd2-a772-e781413c05de,24.378,command_angular,/cmd_vel,0.017664112150669098,0.5
8402ee7a-2186-4cd2-a772-e781413c05de,24.408,command_angular,/cmd_vel,0.011237334460020065,0.5
8402ee7a-2186-4cd2-a772-e781413c05de,24.48,command_angular,/cmd_vel,0.007214550394564867,0.5
8402ee7a-2186-4cd2-a772-e781413c05de,24.519000000000002,command_angular,/cmd_vel,0.008433322422206402,0.5
8402ee7a-2186-4cd2-a772-e781413c05de,24.558,command_angular,/cmd_vel,0.012082363478839397,0.5
8402ee7a-2186-4cd2-a772-e781413c05de,24.630000000000003,command_angular,/cmd_vel,0.00834639836102724,0.5
8402ee7a-2186-4cd2-a772-e781413c05de,24.66,command_angular,/cmd_vel,0.004779695533216,0.5
8402ee7a-2186-4cd2-a772-e781413c05de,24.738000000000003,command_angular,/cmd_vel,0.0029414258897304535,0.5
8402ee7a-2186-4cd2-a772-e781413c05de,24.768,command_angular,/cmd_vel,0.004497748799622059,0.5
8402ee7a-2186-4cd2-a772-e781413c05de,24.810000000000002,command_angular,/cmd_vel,0.005513244308531284,0.5
8402ee7a-2186-4cd2-a772-e781413c05de,24.879,command_angular,/cmd_vel,0.007567351218312979,0.5
8402ee7a-2186-4cd2-a772-e781413c05de,24.918000000000003,command_angular,/cmd_vel,0.010355534963309765,0.5
8402ee7a-2186-4cd2-a772-e781413c05de,24.948,command_angular,/cmd_vel,0.0032820021733641624,0.5
8402ee7a-2186-4cd2-a772-e781413c05de,25.020000000000003,command_angular,/cmd_vel,0.010991360060870647,0.5
8402ee7a-2186-4cd2-a772-e781413c05de,25.059,command_angular,/cmd_vel,0.023661170154809952,0.5
8402ee7a-2186-4cd2-a772-e781413c05de,25.128,command_angular,/cmd_vel,0.026825828477740288,0.5
8402ee7a-2186-4cd2-a772-e781413c05de,25.17,command_angular,/cmd_vel,0.03181175887584686,0.5
8402ee7a-2186-4cd2-a772-e781413c05de,25.200000000000003,command_angular,/cmd_vel,0.028197728097438812,0.5
8402ee7a-2186-4cd2-a772-e781413c05de,25.278000000000002,command_angular,/cmd_vel,0.029845641925930977,0.5
8402ee7a-2186-4cd2-a772-e781413c05de,25.311,command_angular,/cmd_vel,0.02376960963010788,0.5
8402ee7a-2186-4cd2-a772-e781413c05de,25.380000000000003,command_angular,/cmd_vel,0.008949259296059608,0.5
8402ee7a-2186-4cd2-a772-e781413c05de,25.419,command_angular,/cmd_vel,0.005443819332867861,0.5
8402ee7a-2186-4cd2-a772-e781413c05de,25.458000000000002,command_angular,/cmd_vel,0.005855247378349304,0.5
8402ee7a-2186-4cd2-a772-e781413c05de,25.53,command_angular,/cmd_vel,0.007560893427580595,0.5
8402ee7a-2186-4cd2-a772-e781413c05de,25.560000000000002,command_angular,/cmd_vel,0.014778460375964642,0.5
8402ee7a-2186-4cd2-a772-e781413c05de,25.641000000000002,command_angular,/cmd_vel,0.015085186809301376,0.5
8402ee7a-2186-4cd2-a772-e781413c05de,25.668000000000003,command_angular,/cmd_vel,0.016022812575101852,0.5
8402ee7a-2186-4cd2-a772-e781413c05de,25.71,command_angular,/cmd_vel,0.017477694898843765,0.5
8402ee7a-2186-4cd2-a772-e781413c05de,25.779,command_angular,/cmd_vel,0.011885601095855236,0.5
8402ee7a-2186-4cd2-a772-e781413c05de,25.818,command_angular,/cmd_vel,0.010042434558272362,0.5
8402ee7a-2186-4cd2-a772-e781413c05de,25.848000000000003,command_angular,/cmd_vel,0.009140423499047756,0.5
8402ee7a-2186-4cd2-a772-e781413c05de,25.92,command_angular,/cmd_vel,0.009554143995046616,0.5
8402ee7a-2186-4cd2-a772-e781413c05de,25.959000000000003,command_angular,/cmd_vel,0.0063469186425209045,0.5
8402ee7a-2186-4cd2-a772-e781413c05de,26.028000000000002,command_angular,/cmd_vel,0.008011559955775738,0.5
8402ee7a-2186-4cd2-a772-e781413c05de,26.07,command_angular,/cmd_vel,-0.012076317332684994,0.5
8402ee7a-2186-4cd2-a772-e781413c05de,26.1,command_angular,/cmd_vel,-0.009268469177186489,0.5
8402ee7a-2186-4cd2-a772-e781413c05de,26.178,command_angular,/cmd_vel,-0.018381154164671898,0.5
8402ee7a-2186-4cd2-a772-e781413c05de,26.208000000000002,command_angular,/cmd_vel,-0.013736715540289879,0.5
8402ee7a-2186-4cd2-a772-e781413c05de,26.28,command_angular,/cmd_vel,-0.016521932557225227,0.5
8402ee7a-2186-4cd2-a772-e781413c05de,26.319000000000003,command_angular,/cmd_vel,-0.01268999557942152,0.5
8402ee7a-2186-4cd2-a772-e781413c05de,26.358,command_angular,/cmd_vel,-0.010112497955560684,0.5
8402ee7a-2186-4cd2-a772-e781413c05de,26.430000000000003,command_angular,/cmd_vel,-0.001121047418564558,0.5
8402ee7a-2186-4cd2-a772-e781413c05de,26.469,command_angular,/cmd_vel,0.010472044348716736,0.5
8402ee7a-2186-4cd2-a772-e781413c05de,26.541,command_angular,/cmd_vel,0.013857190497219563,0.5
8402ee7a-2186-4cd2-a772-e781413c05de,26.568,command_angular,/cmd_vel,0.00923877488821745,0.5
8402ee7a-2186-4cd2-a772-e781413c05de,26.610000000000003,command_angular,/cmd_vel,0.009332815185189247,0.5
8402ee7a-2186-4cd2-a772-e781413c05de,26.679000000000002,command_angular,/cmd_vel,0.007499119266867638,0.5
8402ee7a-2186-4cd2-a772-e781413c05de,26.718,command_angular,/cmd_vel,0.006855899468064308,0.5
8402ee7a-2186-4cd2-a772-e781413c05de,26.748,command_angular,/cmd_vel,0.0120391258969903,0.5
8402ee7a-2186-4cd2-a772-e781413c05de,26.82,command_angular,/cmd_vel,0.012540691532194614,0.5
8402ee7a-2186-4cd2-a772-e781413c05de,26.859,command_angular,/cmd_vel,0.008427665568888187,0.5
8402ee7a-2186-4cd2-a772-e781413c05de,26.928,command_angular,/cmd_vel,0.0038384576328098774,0.5
8402ee7a-2186-4cd2-a772-e781413c05de,26.970000000000002,command_angular,/cmd_vel,0.0019752709195017815,0.5
8402ee7a-2186-4cd2-a772-e781413c05de,27.0,command_angular,/cmd_vel,-0.007854691706597805,0.5
8402ee7a-2186-4cd2-a772-e781413c05de,27.078000000000003,command_angular,/cmd_vel,-0.01745104044675827,0.5
8402ee7a-2186-4cd2-a772-e781413c05de,27.108,command_angular,/cmd_vel,-0.017964588478207588,0.5
8402ee7a-2186-4cd2-a772-e781413c05de,27.180000000000003,command_angular,/cmd_vel,-0.02101537398993969,0.5
8402ee7a-2186-4cd2-a772-e781413c05de,27.219,command_angular,/cmd_vel,-0.02337336726486683,0.5
8402ee7a-2186-4cd2-a772-e781413c05de,27.258000000000003,command_angular,/cmd_vel,-0.019274581223726273,0.5
8402ee7a-2186-4cd2-a772-e781413c05de,27.330000000000002,command_angular,/cmd_vel,-0.024312647059559822,0.5
8402ee7a-2186-4cd2-a772-e781413c05de,27.360000000000003,command_angular,/cmd_vel,-0.021467849612236023,0.5
8402ee7a-2186-4cd2-a772-e781413c05de,27.438000000000002,command_angular,/cmd_vel,-0.022248264402151108,0.5
8402ee7a-2186-4cd2-a772-e781413c05de,27.468,command_angular,/cmd_vel,-0.020021852105855942,0.5
8402ee7a-2186-4cd2-a772-e781413c05de,27.51,command_angular,/cmd_vel,-0.017733417451381683,0.5
8402ee7a-2186-4cd2-a772-e781413c05de,27.579,command_angular,/cmd_vel,-0.018017372116446495,0.5
8402ee7a-2186-4cd2-a772-e781413c05de,27.618000000000002,command_angular,/cmd_vel,-0.01610962301492691,0.5
8402ee7a-2186-4cd2-a772-e781413c05de,27.648000000000003,command_angular,/cmd_vel,-0.011315823532640934,0.5
8402ee7a-2186-4cd2-a772-e781413c05de,27.720000000000002,command_angular,/cmd_vel,-0.0114888995885849,0.5
8402ee7a-2186-4cd2-a772-e781413c05de,27.759,command_angular,/cmd_vel,-0.012669338844716549,0.5
8402ee7a-2186-4cd2-a772-e781413c05de,27.828000000000003,command_angular,/cmd_vel,-0.03881261125206947,0.5
8402ee7a-2186-4cd2-a772-e781413c05de,27.87,command_angular,/cmd_vel,-0.0536368153989315,0.5
8402ee7a-2186-4cd2-a772-e781413c05de,27.900000000000002,command_angular,/cmd_vel,-0.057641711086034775,0.5
8402ee7a-2186-4cd2-a772-e781413c05de,27.978,command_angular,/cmd_vel,-0.05172848701477051,0.5
8402ee7a-2186-4cd2-a772-e781413c05de,28.008000000000003,command_angular,/cmd_vel,-0.04986380785703659,0.5
8402ee7a-2186-4cd2-a772-e781413c05de,28.080000000000002,command_angular,/cmd_vel,-0.03695596382021904,0.5
8402ee7a-2186-4cd2-a772-e781413c05de,28.119000000000003,command_angular,/cmd_vel,-0.027732983231544495,0.5
8402ee7a-2186-4cd2-a772-e781413c05de,28.158,command_angular,/cmd_vel,-0.018736202269792557,0.5
8402ee7a-2186-4cd2-a772-e781413c05de,28.23,command_angular,/cmd_vel,-0.01604887843132019,0.5
8402ee7a-2186-4cd2-a772-e781413c05de,28.26,command_angular,/cmd_vel,-0.020317258313298225,0.5
8402ee7a-2186-4cd2-a772-e781413c05de,28.341,command_angular,/cmd_vel,-0.019208025187253952,0.5
8402ee7a-2186-4cd2-a772-e781413c05de,28.368000000000002,command_angular,/cmd_vel,-0.024323206394910812,0.5
8402ee7a-2186-4cd2-a772-e781413c05de,28.41,command_angular,/cmd_vel,-0.022638924419879913,0.5
8402ee7a-2186-4cd2-a772-e781413c05de,28.479000000000003,command_angular,/cmd_vel,-0.025352708995342255,0.5
8402ee7a-2186-4cd2-a772-e781413c05de,28.521,command_angular,/cmd_vel,-0.027897411957383156,0.5
8402ee7a-2186-4cd2-a772-e781413c05de,28.548000000000002,command_angular,/cmd_vel,-0.023684343323111534,0.5
8402ee7a-2186-4cd2-a772-e781413c05de,28.62,command_angular,/cmd_vel,-0.02447681501507759,0.5
8402ee7a-2186-4cd2-a772-e781413c05de,28.659000000000002,command_angular,/cmd_vel,-0.028781302273273468,0.5
8402ee7a-2186-4cd2-a772-e781413c05de,28.728,command_angular,/cmd_vel,-0.023716671392321587,0.5
8402ee7a-2186-4cd2-a772-e781413c05de,28.770000000000003,command_angular,/cmd_vel,-0.017934419214725494,0.5
8402ee7a-2186-4cd2-a772-e781413c05de,28.8,command_angular,/cmd_vel,-0.016647836193442345,0.5
8402ee7a-2186-4cd2-a772-e781413c05de,28.878,command_angular,/cmd_vel,-0.02193658985197544,0.5
8402ee7a-2186-4cd2-a772-e781413c05de,28.908,command_angular,/cmd_vel,-0.02003873698413372,0.5
8402ee7a-2186-4cd2-a772-e781413c05de,28.98,command_angular,/cmd_vel,-0.010928019881248474,0.5
8402ee7a-2186-4cd2-a772-e781413c05de,29.019000000000002,command_angular,/cmd_vel,-0.012312524020671844,0.5
8402ee7a-2186-4cd2-a772-e781413c05de,29.058000000000003,command_angular,/cmd_vel,-0.01528140902519226,0.5
8402ee7a-2186-4cd2-a772-e781413c05de,29.130000000000003,command_angular,/cmd_vel,0.013169104233384132,0.5
8402ee7a-2186-4cd2-a772-e781413c05de,29.16,command_angular,/cmd_vel,0.023195674642920494,0.5
8402ee7a-2186-4cd2-a772-e781413c05de,29.238000000000003,command_angular,/cmd_vel,0.02918434515595436,0.5
8402ee7a-2186-4cd2-a772-e781413c05de,29.268,command_angular,/cmd_vel,0.028105515986680984,0.5
8402ee7a-2186-4cd2-a772-e781413c05de,29.310000000000002,command_angular,/cmd_vel,0.024776596575975418,0.5
8402ee7a-2186-4cd2-a772-e781413c05de,29.379,command_angular,/cmd_vel,0.02024104818701744,0.5
8402ee7a-2186-4cd2-a772-e781413c05de,29.418000000000003,command_angular,/cmd_vel,0.022841567173600197,0.5
8402ee7a-2186-4cd2-a772-e781413c05de,29.448,command_angular,/cmd_vel,0.038540348410606384,0.5
8402ee7a-2186-4cd2-a772-e781413c05de,29.520000000000003,command_angular,/cmd_vel,0.046090319752693176,0.5
8402ee7a-2186-4cd2-a772-e781413c05de,29.559,command_angular,/cmd_vel,0.04796268045902252,0.5
8402ee7a-2186-4cd2-a772-e781413c05de,29.628,command_angular,/cmd_vel,0.05032063275575638,0.5
8402ee7a-2186-4cd2-a772-e781413c05de,29.67,command_angular,/cmd_vel,0.049436040222644806,0.5
8402ee7a-2186-4cd2-a772-e781413c05de,29.709000000000003,command_angular,/cmd_vel,0.04296913370490074,0.5
8402ee7a-2186-4cd2-a772-e781413c05de,29.778000000000002,command_angular,/cmd_vel,0.035433195531368256,0.5
8402ee7a-2186-4cd2-a772-e781413c05de,29.808000000000003,command_angular,/cmd_vel,0.03935243561863899,0.5
8402ee7a-2186-4cd2-a772-e781413c05de,29.880000000000003,command_angular,/cmd_vel,0.036360424011945724,0.5
8402ee7a-2186-4cd2-a772-e781413c05de,29.919,command_angular,/cmd_vel,0.03220994025468826,0.5
8402ee7a-2186-4cd2-a772-e781413c05de,29.958000000000002,command_angular,/cmd_vel,0.03139331191778183,0.5
8402ee7a-2186-4cd2-a772-e781413c05de,30.03,command_angular,/cmd_vel,0.015877615660429,0.5
8402ee7a-2186-4cd2-a772-e781413c05de,30.060000000000002,command_angular,/cmd_vel,0.013585569337010384,0.5
8402ee7a-2186-4cd2-a772-e781413c05de,30.141000000000002,command_angular,/cmd_vel,0.01451136451214552,0.5
8402ee7a-2186-4cd2-a772-e781413c05de,30.168000000000003,command_angular,/cmd_vel,0.017544856294989586,0.5
8402ee7a-2186-4cd2-a772-e781413c05de,30.21,command_angular,/cmd_vel,0.018217217177152634,0.5
8402ee7a-2186-4cd2-a772-e781413c05de,30.279000000000003,command_angular,/cmd_vel,0.023617146536707878,0.5
8402ee7a-2186-4cd2-a772-e781413c05de,30.318,command_angular,/cmd_vel,0.019073570147156715,0.5
8402ee7a-2186-4cd2-a772-e781413c05de,30.348000000000003,command_angular,/cmd_vel,0.02100364677608013,0.5
8402ee7a-2186-4cd2-a772-e781413c05de,30.42,command_angular,/cmd_vel,0.019580109044909477,0.5
8402ee7a-2186-4cd2-a772-e781413c05de,30.459000000000003,command_angular,/cmd_vel,0.018092092126607895,0.5
8402ee7a-2186-4cd2-a772-e781413c05de,30.528000000000002,command_angular,/cmd_vel,0.017366841435432434,0.5
8402ee7a-2186-4cd2-a772-e781413c05de,30.57,command_angular,/cmd_vel,0.022162504494190216,0.5
8402ee7a-2186-4cd2-a772-e781413c05de,30.6,command_angular,/cmd_vel,0.021708635613322258,0.5
8402ee7a-2186-4cd2-a772-e781413c05de,30.678,command_angular,/cmd_vel,0.020645959302783012,0.5
8402ee7a-2186-4cd2-a772-e781413c05de,30.708000000000002,command_angular,/cmd_vel,0.018661564216017723,0.5
8402ee7a-2186-4cd2-a772-e781413c05de,30.78,command_angular,/cmd_vel,0.014905979856848717,0.5
8402ee7a-2186-4cd2-a772-e781413c05de,30.819000000000003,command_angular,/cmd_vel,0.014097204431891441,0.5
8402ee7a-2186-4cd2-a772-e781413c05de,30.858,command_angular,/cmd_vel,0.012970615178346634,0.5
8402ee7a-2186-4cd2-a772-e781413c05de,30.930000000000003,command_angular,/cmd_vel,0.010508153587579727,0.5
8402ee7a-2186-4cd2-a772-e781413c05de,30.96,command_angular,/cmd_vel,0.004939641337841749,0.5
8402ee7a-2186-4cd2-a772-e781413c05de,31.038,command_angular,/cmd_vel,0.003863261081278324,0.5
8402ee7a-2186-4cd2-a772-e781413c05de,31.068,command_angular,/cmd_vel,0.0059370617382228374,0.5
8402ee7a-2186-4cd2-a772-e781413c05de,31.110000000000003,command_angular,/cmd_vel,0.013633817434310913,0.5
8402ee7a-2186-4cd2-a772-e781413c05de,31.179000000000002,command_angular,/cmd_vel,0.011916639283299446,0.5
8402ee7a-2186-4cd2-a772-e781413c05de,31.218000000000004,command_angular,/cmd_vel,0.011847572401165962,0.5
8402ee7a-2186-4cd2-a772-e781413c05de,31.248,command_angular,/cmd_vel,0.010362441651523113,0.5
8402ee7a-2186-4cd2-a772-e781413c05de,31.32,command_angular,/cmd_vel,0.011340697295963764,0.5
8402ee7a-2186-4cd2-a772-e781413c05de,31.359,command_angular,/cmd_vel,0.011681837029755116,0.5
8402ee7a-2186-4cd2-a772-e781413c05de,31.428,command_angular,/cmd_vel,0.007933022454380989,0.5
8402ee7a-2186-4cd2-a772-e781413c05de,31.470000000000002,command_angular,/cmd_vel,0.004164484795182943,0.5
8402ee7a-2186-4cd2-a772-e781413c05de,31.500000000000004,command_angular,/cmd_vel,-6.813026266172528e-05,0.5
8402ee7a-2186-4cd2-a772-e781413c05de,31.578000000000003,command_angular,/cmd_vel,9.599641634849831e-05,0.5
8402ee7a-2186-4cd2-a772-e781413c05de,31.608,command_angular,/cmd_vel,0.003918707836419344,0.5
8402ee7a-2186-4cd2-a772-e781413c05de,31.680000000000003,command_angular,/cmd_vel,0.004773786757141352,0.5
8402ee7a-2186-4cd2-a772-e781413c05de,31.719,command_angular,/cmd_vel,0.009499450214207172,0.5
8402ee7a-2186-4cd2-a772-e781413c05de,31.758000000000003,command_angular,/cmd_vel,0.009143325500190258,0.5
8402ee7a-2186-4cd2-a772-e781413c05de,31.830000000000002,command_angular,/cmd_vel,0.007049518637359142,0.5
8402ee7a-2186-4cd2-a772-e781413c05de,31.860000000000003,command_angular,/cmd_vel,0.002946792636066675,0.5
8402ee7a-2186-4cd2-a772-e781413c05de,31.941000000000003,command_angular,/cmd_vel,0.0019845380447804928,0.5
8402ee7a-2186-4cd2-a772-e781413c05de,31.968000000000004,command_angular,/cmd_vel,0.007935531437397003,0.5
8402ee7a-2186-4cd2-a772-e781413c05de,32.010000000000005,command_angular,/cmd_vel,0.010831372812390327,0.5
8402ee7a-2186-4cd2-a772-e781413c05de,32.079,command_angular,/cmd_vel,0.006626477465033531,0.5
8402ee7a-2186-4cd2-a772-e781413c05de,32.118,command_angular,/cmd_vel,0.007135550491511822,0.5
8402ee7a-2186-4cd2-a772-e781413c05de,32.148,command_angular,/cmd_vel,0.003083080518990755,0.5
8402ee7a-2186-4cd2-a772-e781413c05de,32.22,command_angular,/cmd_vel,0.002884271554648876,0.5
8402ee7a-2186-4cd2-a772-e781413c05de,32.259,command_angular,/cmd_vel,-0.002343138214200735,0.5
8402ee7a-2186-4cd2-a772-e781413c05de,32.331,command_angular,/cmd_vel,-0.004255139268934727,0.5
8402ee7a-2186-4cd2-a772-e781413c05de,32.370000000000005,command_angular,/cmd_vel,-0.0009156075539067388,0.5
8402ee7a-2186-4cd2-a772-e781413c05de,32.409,command_angular,/cmd_vel,0.0,0.5
8402ee7a-2186-4cd2-a772-e781413c05de,32.478,command_angular,/cmd_vel,0.0,0.5
8402ee7a-2186-4cd2-a772-e781413c05de,32.508,command_angular,/cmd_vel,0.0,0.5
8402ee7a-2186-4cd2-a772-e781413c05de,32.580000000000005,command_angular,/cmd_vel,0.0,0.5
8402ee7a-2186-4cd2-a772-e781413c05de,32.619,command_angular,/cmd_vel,0.0,0.5
8402ee7a-2186-4cd2-a772-e781413c05de,32.658,command_angular,/cmd_vel,0.0,0.5
8402ee7a-2186-4cd2-a772-e781413c05de,32.730000000000004,command_angular,/cmd_vel,0.0,0.5
8402ee7a-2186-4cd2-a772-e781413c05de,32.760000000000005,command_angular,/cmd_vel,0.0,0.5
8402ee7a-2186-4cd2-a772-e781413c05de,32.838,command_angular,/cmd_vel,0.0,0.5
8402ee7a-2186-4cd2-a772-e781413c05de,32.868,command_angular,/cmd_vel,0.0,0.5
8402ee7a-2186-4cd2-a772-e781413c05de,32.910000000000004,command_angular,/cmd_vel,0.0,0.5
8402ee7a-2186-4cd2-a772-e781413c05de,32.979,command_angular,/cmd_vel,0.0,0.5
8402ee7a-2186-4cd2-a772-e781413c05de,33.018,command_angular,/cmd_vel,0.0,0.5
8402ee7a-2186-4cd2-a772-e781413c05de,33.048,command_angular,/cmd_vel,0.0,0.5
8402ee7a-2186-4cd2-a772-e781413c05de,14.760000000000002,command_linear,/cmd_vel,0.03562304750084877,0.5
8402ee7a-2186-4cd2-a772-e781413c05de,14.841000000000001,command_linear,/cmd_vel,0.07871431857347488,0.5
8402ee7a-2186-4cd2-a772-e781413c05de,14.868,command_linear,/cmd_vel,0.10009292513132095,0.5
8402ee7a-2186-4cd2-a772-e781413c05de,14.91,command_linear,/cmd_vel,0.11728368699550629,0.5
8402ee7a-2186-4cd2-a772-e781413c05de,14.979000000000001,command_linear,/cmd_vel,0.12532955408096313,0.5
8402ee7a-2186-4cd2-a772-e781413c05de,15.018,command_linear,/cmd_vel,0.12680920958518982,0.5
8402ee7a-2186-4cd2-a772-e781413c05de,15.048000000000002,command_linear,/cmd_vel,0.12693776190280914,0.5
8402ee7a-2186-4cd2-a772-e781413c05de,15.129000000000001,command_linear,/cmd_vel,0.1295759081840515,0.5
8402ee7a-2186-4cd2-a772-e781413c05de,15.159,command_linear,/cmd_vel,0.13043653964996338,0.5
8402ee7a-2186-4cd2-a772-e781413c05de,15.228000000000002,command_linear,/cmd_vel,0.13537676632404327,0.5
8402ee7a-2186-4cd2-a772-e781413c05de,15.270000000000001,command_linear,/cmd_vel,0.13247837126255035,0.5
8402ee7a-2186-4cd2-a772-e781413c05de,15.3,command_linear,/cmd_vel,0.136382594704628,0.5
8402ee7a-2186-4cd2-a772-e781413c05de,15.378,command_linear,/cmd_vel,0.13384586572647095,0.5
8402ee7a-2186-4cd2-a772-e781413c05de,15.408000000000001,command_linear,/cmd_vel,0.13249759376049042,0.5
8402ee7a-2186-4cd2-a772-e781413c05de,15.48,command_linear,/cmd_vel,0.1337341070175171,0.5
8402ee7a-2186-4cd2-a772-e781413c05de,15.519,command_linear,/cmd_vel,0.13210102915763855,0.5
8402ee7a-2186-4cd2-a772-e781413c05de,15.558000000000002,command_linear,/cmd_vel,0.13648071885108948,0.5
8402ee7a-2186-4cd2-a772-e781413c05de,15.63,command_linear,/cmd_vel,0.1361578106880188,0.5
8402ee7a-2186-4cd2-a772-e781413c05de,15.66,command_linear,/cmd_vel,0.13867653906345367,0.5
8402ee7a-2186-4cd2-a772-e781413c05de,15.738000000000001,command_linear,/cmd_vel,0.14050397276878357,0.5
8402ee7a-2186-4cd2-a772-e781413c05de,15.768,command_linear,/cmd_vel,0.13121140003204346,0.5
8402ee7a-2186-4cd2-a772-e781413c05de,15.81,command_linear,/cmd_vel,0.1320459246635437,0.5
8402ee7a-2186-4cd2-a772-e781413c05de,15.879000000000001,command_linear,/cmd_vel,0.12986385822296143,0.5
8402ee7a-2186-4cd2-a772-e781413c05de,15.918000000000001,command_linear,/cmd_vel,0.1290777325630188,0.5
8402ee7a-2186-4cd2-a772-e781413c05de,15.948,command_linear,/cmd_vel,0.13029013574123383,0.5
8402ee7a-2186-4cd2-a772-e781413c05de,16.02,command_linear,/cmd_vel,0.1315288245677948,0.5
8402ee7a-2186-4cd2-a772-e781413c05de,16.059,command_linear,/cmd_vel,0.13596802949905396,0.5
8402ee7a-2186-4cd2-a772-e781413c05de,16.128,command_linear,/cmd_vel,0.1409561038017273,0.5
8402ee7a-2186-4cd2-a772-e781413c05de,16.17,command_linear,/cmd_vel,0.1361776888370514,0.5
8402ee7a-2186-4cd2-a772-e781413c05de,16.209,command_linear,/cmd_vel,0.13858380913734436,0.5
8402ee7a-2186-4cd2-a772-e781413c05de,16.278000000000002,command_linear,/cmd_vel,0.14164750277996063,0.5
8402ee7a-2186-4cd2-a772-e781413c05de,16.308,command_linear,/cmd_vel,0.14571674168109894,0.5
8402ee7a-2186-4cd2-a772-e781413c05de,16.380000000000003,command_linear,/cmd_vel,0.14193522930145264,0.5
8402ee7a-2186-4cd2-a772-e781413c05de,16.419,command_linear,/cmd_vel,0.14421230554580688,0.5
8402ee7a-2186-4cd2-a772-e781413c05de,16.458000000000002,command_linear,/cmd_vel,0.14944927394390106,0.5
8402ee7a-2186-4cd2-a772-e781413c05de,16.53,command_linear,/cmd_vel,0.15143819153308868,0.5
8402ee7a-2186-4cd2-a772-e781413c05de,16.560000000000002,command_linear,/cmd_vel,0.14868570864200592,0.5
8402ee7a-2186-4cd2-a772-e781413c05de,16.641000000000002,command_linear,/cmd_vel,0.15002751350402832,0.5
8402ee7a-2186-4cd2-a772-e781413c05de,16.668000000000003,command_linear,/cmd_vel,0.15196743607521057,0.5
8402ee7a-2186-4cd2-a772-e781413c05de,16.71,command_linear,/cmd_vel,0.1492900401353836,0.5
8402ee7a-2186-4cd2-a772-e781413c05de,16.779,command_linear,/cmd_vel,0.14811567962169647,0.5
8402ee7a-2186-4cd2-a772-e781413c05de,16.818,command_linear,/cmd_vel,0.15209414064884186,0.5
8402ee7a-2186-4cd2-a772-e781413c05de,16.848000000000003,command_linear,/cmd_vel,0.1539643108844757,0.5
8402ee7a-2186-4cd2-a772-e781413c05de,16.92,command_linear,/cmd_vel,0.15788036584854126,0.5
8402ee7a-2186-4cd2-a772-e781413c05de,16.959,command_linear,/cmd_vel,0.1608341485261917,0.5
8402ee7a-2186-4cd2-a772-e781413c05de,17.028000000000002,command_linear,/cmd_vel,0.1606072634458542,0.5
8402ee7a-2186-4cd2-a772-e781413c05de,17.07,command_linear,/cmd_vel,0.16175484657287598,0.5
8402ee7a-2186-4cd2-a772-e781413c05de,17.1,command_linear,/cmd_vel,0.15617787837982178,0.5
8402ee7a-2186-4cd2-a772-e781413c05de,17.178,command_linear,/cmd_vel,0.15726765990257263,0.5
8402ee7a-2186-4cd2-a772-e781413c05de,17.211000000000002,command_linear,/cmd_vel,0.15806840360164642,0.5
8402ee7a-2186-4cd2-a772-e781413c05de,17.28,command_linear,/cmd_vel,0.15964724123477936,0.5
8402ee7a-2186-4cd2-a772-e781413c05de,17.319000000000003,command_linear,/cmd_vel,0.16041618585586548,0.5
8402ee7a-2186-4cd2-a772-e781413c05de,17.358,command_linear,/cmd_vel,0.1669796109199524,0.5
8402ee7a-2186-4cd2-a772-e781413c05de,17.43,command_linear,/cmd_vel,0.16905589401721954,0.5
8402ee7a-2186-4cd2-a772-e781413c05de,17.46,command_linear,/cmd_vel,0.17446208000183105,0.5
8402ee7a-2186-4cd2-a772-e781413c05de,17.541,command_linear,/cmd_vel,0.18380354344844818,0.5
8402ee7a-2186-4cd2-a772-e781413c05de,17.568,command_linear,/cmd_vel,0.18544352054595947,0.5
8402ee7a-2186-4cd2-a772-e781413c05de,17.61,command_linear,/cmd_vel,0.1812601089477539,0.5
8402ee7a-2186-4cd2-a772-e781413c05de,17.679000000000002,command_linear,/cmd_vel,0.17782732844352722,0.5
8402ee7a-2186-4cd2-a772-e781413c05de,17.718,command_linear,/cmd_vel,0.17426088452339172,0.5
8402ee7a-2186-4cd2-a772-e781413c05de,17.748,command_linear,/cmd_vel,0.17393942177295685,0.5
8402ee7a-2186-4cd2-a772-e781413c05de,17.82,command_linear,/cmd_vel,0.1780545562505722,0.5
8402ee7a-2186-4cd2-a772-e781413c05de,17.859,command_linear,/cmd_vel,0.17960655689239502,0.5
8402ee7a-2186-4cd2-a772-e781413c05de,17.928,command_linear,/cmd_vel,0.17691831290721893,0.5
8402ee7a-2186-4cd2-a772-e781413c05de,17.970000000000002,command_linear,/cmd_vel,0.18129974603652954,0.5
8402ee7a-2186-4cd2-a772-e781413c05de,18.0,command_linear,/cmd_vel,0.17601287364959717,0.5
8402ee7a-2186-4cd2-a772-e781413c05de,18.078,command_linear,/cmd_vel,0.17961010336875916,0.5
8402ee7a-2186-4cd2-a772-e781413c05de,18.108,command_linear,/cmd_vel,0.1772022694349289,0.5
8402ee7a-2186-4cd2-a772-e781413c05de,18.18,command_linear,/cmd_vel,0.17921438813209534,0.5
8402ee7a-2186-4cd2-a772-e781413c05de,18.219,command_linear,/cmd_vel,0.18220317363739014,0.5
8402ee7a-2186-4cd2-a772-e781413c05de,18.258000000000003,command_linear,/cmd_vel,0.18363597989082336,0.5
8402ee7a-2186-4cd2-a772-e781413c05de,18.330000000000002,command_linear,/cmd_vel,0.18364688754081726,0.5
8402ee7a-2186-4cd2-a772-e781413c05de,18.36,command_linear,/cmd_vel,0.18703734874725342,0.5
8402ee7a-2186-4cd2-a772-e781413c05de,18.438000000000002,command_linear,/cmd_vel,0.18903407454490662,0.5
8402ee7a-2186-4cd2-a772-e781413c05de,18.468,command_linear,/cmd_vel,0.18403077125549316,0.5
8402ee7a-2186-4cd2-a772-e781413c05de,18.51,command_linear,/cmd_vel,0.17773523926734924,0.5
8402ee7a-2186-4cd2-a772-e781413c05de,18.579,command_linear,/cmd_vel,0.17312127351760864,0.5
8402ee7a-2186-4cd2-a772-e781413c05de,18.618000000000002,command_linear,/cmd_vel,0.1780681163072586,0.5
8402ee7a-2186-4cd2-a772-e781413c05de,18.648,command_linear,/cmd_vel,0.18346953392028809,0.5
8402ee7a-2186-4cd2-a772-e781413c05de,18.720000000000002,command_linear,/cmd_vel,0.18143729865550995,0.5
8402ee7a-2186-4cd2-a772-e781413c05de,18.759,command_linear,/cmd_vel,0.1814286708831787,0.5
8402ee7a-2186-4cd2-a772-e781413c05de,18.828,command_linear,/cmd_vel,0.1850993037223816,0.5
8402ee7a-2186-4cd2-a772-e781413c05de,18.87,command_linear,/cmd_vel,0.1845550537109375,0.5
8402ee7a-2186-4cd2-a772-e781413c05de,18.900000000000002,command_linear,/cmd_vel,0.1828870326280594,0.5
8402ee7a-2186-4cd2-a772-e781413c05de,18.978,command_linear,/cmd_vel,0.1860102117061615,0.5
8402ee7a-2186-4cd2-a772-e781413c05de,19.008000000000003,command_linear,/cmd_vel,0.18479976058006287,0.5
8402ee7a-2186-4cd2-a772-e781413c05de,19.080000000000002,command_linear,/cmd_vel,0.18561731278896332,0.5
8402ee7a-2186-4cd2-a772-e781413c05de,19.119,command_linear,/cmd_vel,0.18695390224456787,0.5
8402ee7a-2186-4cd2-a772-e781413c05de,19.158,command_linear,/cmd_vel,0.18829596042633057,0.5
8402ee7a-2186-4cd2-a772-e781413c05de,19.23,command_linear,/cmd_vel,0.18767178058624268,0.5
8402ee7a-2186-4cd2-a772-e781413c05de,19.26,command_linear,/cmd_vel,0.18179839849472046,0.5
8402ee7a-2186-4cd2-a772-e781413c05de,19.338,command_linear,/cmd_vel,0.1792600154876709,0.5
8402ee7a-2186-4cd2-a772-e781413c05de,19.368000000000002,command_linear,/cmd_vel,0.18157018721103668,0.5
8402ee7a-2186-4cd2-a772-e781413c05de,19.41,command_linear,/cmd_vel,0.17809824645519257,0.5
8402ee7a-2186-4cd2-a772-e781413c05de,19.479000000000003,command_linear,/cmd_vel,0.18174612522125244,0.5
8402ee7a-2186-4cd2-a772-e781413c05de,19.518,command_linear,/cmd_vel,0.18279674649238586,0.5
8402ee7a-2186-4cd2-a772-e781413c05de,19.548000000000002,command_linear,/cmd_vel,0.18566028773784637,0.5
8402ee7a-2186-4cd2-a772-e781413c05de,19.62,command_linear,/cmd_vel,0.18492980301380157,0.5
8402ee7a-2186-4cd2-a772-e781413c05de,19.659000000000002,command_linear,/cmd_vel,0.18554992973804474,0.5
8402ee7a-2186-4cd2-a772-e781413c05de,19.731,command_linear,/cmd_vel,0.18411731719970703,0.5
8402ee7a-2186-4cd2-a772-e781413c05de,19.77,command_linear,/cmd_vel,0.18207797408103943,0.5
8402ee7a-2186-4cd2-a772-e781413c05de,19.8,command_linear,/cmd_vel,0.17724908888339996,0.5
8402ee7a-2186-4cd2-a772-e781413c05de,19.878,command_linear,/cmd_vel,0.17837518453598022,0.5
8402ee7a-2186-4cd2-a772-e781413c05de,19.908,command_linear,/cmd_vel,0.17625854909420013,0.5
8402ee7a-2186-4cd2-a772-e781413c05de,19.98,command_linear,/cmd_vel,0.17376460134983063,0.5
8402ee7a-2186-4cd2-a772-e781413c05de,20.019000000000002,command_linear,/cmd_vel,0.18279656767845154,0.5
8402ee7a-2186-4cd2-a772-e781413c05de,20.058,command_linear,/cmd_vel,0.18297237157821655,0.5
8402ee7a-2186-4cd2-a772-e781413c05de,20.130000000000003,command_linear,/cmd_vel,0.1833389401435852,0.5
8402ee7a-2186-4cd2-a772-e781413c05de,20.16,command_linear,/cmd_vel,0.18530617654323578,0.5
8402ee7a-2186-4cd2-a772-e781413c05de,20.241,command_linear,/cmd_vel,0.18586567044258118,0.5
8402ee7a-2186-4cd2-a772-e781413c05de,20.268,command_linear,/cmd_vel,0.18488642573356628,0.5
8402ee7a-2186-4cd2-a772-e781413c05de,20.310000000000002,command_linear,/cmd_vel,0.1827409267425537,0.5
8402ee7a-2186-4cd2-a772-e781413c05de,20.379,command_linear,/cmd_vel,0.18223825097084045,0.5
8402ee7a-2186-4cd2-a772-e781413c05de,20.418000000000003,command_linear,/cmd_vel,0.1783520132303238,0.5
8402ee7a-2186-4cd2-a772-e781413c05de,20.448,command_linear,/cmd_vel,0.17547273635864258,0.5
8402ee7a-2186-4cd2-a772-e781413c05de,20.52,command_linear,/cmd_vel,0.17628082633018494,0.5
8402ee7a-2186-4cd2-a772-e781413c05de,20.559,command_linear,/cmd_vel,0.17721331119537354,0.5
8402ee7a-2186-4cd2-a772-e781413c05de,20.628,command_linear,/cmd_vel,0.18364369869232178,0.5
8402ee7a-2186-4cd2-a772-e781413c05de,20.67,command_linear,/cmd_vel,0.173483744263649,0.5
8402ee7a-2186-4cd2-a772-e781413c05de,20.700000000000003,command_linear,/cmd_vel,0.17351293563842773,0.5
8402ee7a-2186-4cd2-a772-e781413c05de,20.778000000000002,command_linear,/cmd_vel,0.17024469375610352,0.5
8402ee7a-2186-4cd2-a772-e781413c05de,20.808,command_linear,/cmd_vel,0.17540520429611206,0.5
8402ee7a-2186-4cd2-a772-e781413c05de,20.880000000000003,command_linear,/cmd_vel,0.17605647444725037,0.5
8402ee7a-2186-4cd2-a772-e781413c05de,20.919,command_linear,/cmd_vel,0.17586177587509155,0.5
8402ee7a-2186-4cd2-a772-e781413c05de,20.958000000000002,command_linear,/cmd_vel,0.17558272182941437,0.5
8402ee7a-2186-4cd2-a772-e781413c05de,21.03,command_linear,/cmd_vel,0.17239844799041748,0.5
8402ee7a-2186-4cd2-a772-e781413c05de,21.060000000000002,command_linear,/cmd_vel,0.17506740987300873,0.5
8402ee7a-2186-4cd2-a772-e781413c05de,21.138,command_linear,/cmd_vel,0.17288866639137268,0.5
8402ee7a-2186-4cd2-a772-e781413c05de,21.168000000000003,command_linear,/cmd_vel,0.1703101545572281,0.5
8402ee7a-2186-4cd2-a772-e781413c05de,21.21,command_linear,/cmd_vel,0.17988035082817078,0.5
8402ee7a-2186-4cd2-a772-e781413c05de,21.279,command_linear,/cmd_vel,0.1812257468700409,0.5
8402ee7a-2186-4cd2-a772-e781413c05de,21.318,command_linear,/cmd_vel,0.1774187684059143,0.5
8402ee7a-2186-4cd2-a772-e781413c05de,21.348000000000003,command_linear,/cmd_vel,0.1733504682779312,0.5
8402ee7a-2186-4cd2-a772-e781413c05de,21.42,command_linear,/cmd_vel,0.17246854305267334,0.5
8402ee7a-2186-4cd2-a772-e781413c05de,21.459,command_linear,/cmd_vel,0.17074093222618103,0.5
8402ee7a-2186-4cd2-a772-e781413c05de,21.528000000000002,command_linear,/cmd_vel,0.17236095666885376,0.5
8402ee7a-2186-4cd2-a772-e781413c05de,21.57,command_linear,/cmd_vel,0.17242489755153656,0.5
8402ee7a-2186-4cd2-a772-e781413c05de,21.6,command_linear,/cmd_vel,0.17203906178474426,0.5
8402ee7a-2186-4cd2-a772-e781413c05de,21.678,command_linear,/cmd_vel,0.16980154812335968,0.5
8402ee7a-2186-4cd2-a772-e781413c05de,21.708000000000002,command_linear,/cmd_vel,0.17192474007606506,0.5
8402ee7a-2186-4cd2-a772-e781413c05de,21.78,command_linear,/cmd_vel,0.16920658946037292,0.5
8402ee7a-2186-4cd2-a772-e781413c05de,21.819000000000003,command_linear,/cmd_vel,0.17375235259532928,0.5
8402ee7a-2186-4cd2-a772-e781413c05de,21.858,command_linear,/cmd_vel,0.17090708017349243,0.5
8402ee7a-2186-4cd2-a772-e781413c05de,21.93,command_linear,/cmd_vel,0.16970986127853394,0.5
8402ee7a-2186-4cd2-a772-e781413c05de,21.96,command_linear,/cmd_vel,0.16823126375675201,0.5
8402ee7a-2186-4cd2-a772-e781413c05de,22.041,command_linear,/cmd_vel,0.1725691854953766,0.5
8402ee7a-2186-4cd2-a772-e781413c05de,22.068,command_linear,/cmd_vel,0.1745993047952652,0.5
8402ee7a-2186-4cd2-a772-e781413c05de,22.110000000000003,command_linear,/cmd_vel,0.1764153093099594,0.5
8402ee7a-2186-4cd2-a772-e781413c05de,22.179000000000002,command_linear,/cmd_vel,0.17914602160453796,0.5
8402ee7a-2186-4cd2-a772-e781413c05de,22.218,command_linear,/cmd_vel,0.17768800258636475,0.5
8402ee7a-2186-4cd2-a772-e781413c05de,22.248,command_linear,/cmd_vel,0.1769687831401825,0.5
8402ee7a-2186-4cd2-a772-e781413c05de,22.32,command_linear,/cmd_vel,0.1788651943206787,0.5
8402ee7a-2186-4cd2-a772-e781413c05de,22.359,command_linear,/cmd_vel,0.1788386106491089,0.5
8402ee7a-2186-4cd2-a772-e781413c05de,22.428,command_linear,/cmd_vel,0.17629632353782654,0.5
8402ee7a-2186-4cd2-a772-e781413c05de,22.470000000000002,command_linear,/cmd_vel,0.17187853157520294,0.5
8402ee7a-2186-4cd2-a772-e781413c05de,22.5,command_linear,/cmd_vel,0.16878856718540192,0.5
8402ee7a-2186-4cd2-a772-e781413c05de,22.578000000000003,command_linear,/cmd_vel,0.1727638989686966,0.5
8402ee7a-2186-4cd2-a772-e781413c05de,22.608,command_linear,/cmd_vel,0.17444680631160736,0.5
8402ee7a-2186-4cd2-a772-e781413c05de,22.68,command_linear,/cmd_vel,0.1697167456150055,0.5
8402ee7a-2186-4cd2-a772-e781413c05de,22.719,command_linear,/cmd_vel,0.17093689739704132,0.5
8402ee7a-2186-4cd2-a772-e781413c05de,22.758000000000003,command_linear,/cmd_vel,0.17139078676700592,0.5
8402ee7a-2186-4cd2-a772-e781413c05de,22.830000000000002,command_linear,/cmd_vel,0.17385196685791016,0.5
8402ee7a-2186-4cd2-a772-e781413c05de,22.860000000000003,command_linear,/cmd_vel,0.17105431854724884,0.5
8402ee7a-2186-4cd2-a772-e781413c05de,22.938000000000002,command_linear,/cmd_vel,0.1689634770154953,0.5
8402ee7a-2186-4cd2-a772-e781413c05de,22.968,command_linear,/cmd_vel,0.17256593704223633,0.5
8402ee7a-2186-4cd2-a772-e781413c05de,23.01,command_linear,/cmd_vel,0.17592984437942505,0.5
8402ee7a-2186-4cd2-a772-e781413c05de,23.079,command_linear,/cmd_vel,0.1730501800775528,0.5
8402ee7a-2186-4cd2-a772-e781413c05de,23.118000000000002,command_linear,/cmd_vel,0.17898720502853394,0.5
8402ee7a-2186-4cd2-a772-e781413c05de,23.148,command_linear,/cmd_vel,0.1826636642217636,0.5
8402ee7a-2186-4cd2-a772-e781413c05de,23.220000000000002,command_linear,/cmd_vel,0.17235717177391052,0.5
8402ee7a-2186-4cd2-a772-e781413c05de,23.259,command_linear,/cmd_vel,0.17231404781341553,0.5
8402ee7a-2186-4cd2-a772-e781413c05de,23.331000000000003,command_linear,/cmd_vel,0.17342506349086761,0.5
8402ee7a-2186-4cd2-a772-e781413c05de,23.37,command_linear,/cmd_vel,0.1727391481399536,0.5
8402ee7a-2186-4cd2-a772-e781413c05de,23.400000000000002,command_linear,/cmd_vel,0.16987618803977966,0.5
8402ee7a-2186-4cd2-a772-e781413c05de,23.478,command_linear,/cmd_vel,0.17451211810112,0.5
8402ee7a-2186-4cd2-a772-e781413c05de,23.508000000000003,command_linear,/cmd_vel,0.1775902807712555,0.5
8402ee7a-2186-4cd2-a772-e781413c05de,23.580000000000002,command_linear,/cmd_vel,0.17208260297775269,0.5
8402ee7a-2186-4cd2-a772-e781413c05de,23.619,command_linear,/cmd_vel,0.17383214831352234,0.5
8402ee7a-2186-4cd2-a772-e781413c05de,23.658,command_linear,/cmd_vel,0.17410022020339966,0.5
8402ee7a-2186-4cd2-a772-e781413c05de,23.73,command_linear,/cmd_vel,0.17895473539829254,0.5
8402ee7a-2186-4cd2-a772-e781413c05de,23.76,command_linear,/cmd_vel,0.17890287935733795,0.5
8402ee7a-2186-4cd2-a772-e781413c05de,23.841,command_linear,/cmd_vel,0.17877574265003204,0.5
8402ee7a-2186-4cd2-a772-e781413c05de,23.868000000000002,command_linear,/cmd_vel,0.17643322050571442,0.5
8402ee7a-2186-4cd2-a772-e781413c05de,23.91,command_linear,/cmd_vel,0.17872120440006256,0.5
8402ee7a-2186-4cd2-a772-e781413c05de,23.979000000000003,command_linear,/cmd_vel,0.1826222836971283,0.5
8402ee7a-2186-4cd2-a772-e781413c05de,24.018,command_linear,/cmd_vel,0.18137644231319427,0.5
8402ee7a-2186-4cd2-a772-e781413c05de,24.048000000000002,command_linear,/cmd_vel,0.179694265127182,0.5
8402ee7a-2186-4cd2-a772-e781413c05de,24.12,command_linear,/cmd_vel,0.17769308388233185,0.5
8402ee7a-2186-4cd2-a772-e781413c05de,24.159000000000002,command_linear,/cmd_vel,0.1770908087491989,0.5
8402ee7a-2186-4cd2-a772-e781413c05de,24.228,command_linear,/cmd_vel,0.18033108115196228,0.5
8402ee7a-2186-4cd2-a772-e781413c05de,24.270000000000003,command_linear,/cmd_vel,0.18625879287719727,0.5
8402ee7a-2186-4cd2-a772-e781413c05de,24.3,command_linear,/cmd_vel,0.1851782500743866,0.5
8402ee7a-2186-4cd2-a772-e781413c05de,24.378,command_linear,/cmd_vel,0.18115414679050446,0.5
8402ee7a-2186-4cd2-a772-e781413c05de,24.408,command_linear,/cmd_vel,0.184021458029747,0.5
8402ee7a-2186-4cd2-a772-e781413c05de,24.48,command_linear,/cmd_vel,0.17965245246887207,0.5
8402ee7a-2186-4cd2-a772-e781413c05de,24.519000000000002,command_linear,/cmd_vel,0.17780041694641113,0.5
8402ee7a-2186-4cd2-a772-e781413c05de,24.558,command_linear,/cmd_vel,0.17871563136577606,0.5
8402ee7a-2186-4cd2-a772-e781413c05de,24.630000000000003,command_linear,/cmd_vel,0.1818021535873413,0.5
8402ee7a-2186-4cd2-a772-e781413c05de,24.66,command_linear,/cmd_vel,0.18360930681228638,0.5
8402ee7a-2186-4cd2-a772-e781413c05de,24.738000000000003,command_linear,/cmd_vel,0.18084493279457092,0.5
8402ee7a-2186-4cd2-a772-e781413c05de,24.768,command_linear,/cmd_vel,0.18061822652816772,0.5
8402ee7a-2186-4cd2-a772-e781413c05de,24.810000000000002,command_linear,/cmd_vel,0.1840956062078476,0.5
8402ee7a-2186-4cd2-a772-e781413c05de,24.879,command_linear,/cmd_vel,0.18707768619060516,0.5
8402ee7a-2186-4cd2-a772-e781413c05de,24.918000000000003,command_linear,/cmd_vel,0.18209291994571686,0.5
8402ee7a-2186-4cd2-a772-e781413c05de,24.948,command_linear,/cmd_vel,0.1843319535255432,0.5
8402ee7a-2186-4cd2-a772-e781413c05de,25.020000000000003,command_linear,/cmd_vel,0.185849130153656,0.5
8402ee7a-2186-4cd2-a772-e781413c05de,25.059,command_linear,/cmd_vel,0.18402710556983948,0.5
8402ee7a-2186-4cd2-a772-e781413c05de,25.128,command_linear,/cmd_vel,0.18618056178092957,0.5
8402ee7a-2186-4cd2-a772-e781413c05de,25.17,command_linear,/cmd_vel,0.19058702886104584,0.5
8402ee7a-2186-4cd2-a772-e781413c05de,25.200000000000003,command_linear,/cmd_vel,0.1885794699192047,0.5
8402ee7a-2186-4cd2-a772-e781413c05de,25.278000000000002,command_linear,/cmd_vel,0.19261376559734344,0.5
8402ee7a-2186-4cd2-a772-e781413c05de,25.311,command_linear,/cmd_vel,0.19034026563167572,0.5
8402ee7a-2186-4cd2-a772-e781413c05de,25.380000000000003,command_linear,/cmd_vel,0.19285117089748383,0.5
8402ee7a-2186-4cd2-a772-e781413c05de,25.419,command_linear,/cmd_vel,0.1879788041114807,0.5
8402ee7a-2186-4cd2-a772-e781413c05de,25.458000000000002,command_linear,/cmd_vel,0.18732085824012756,0.5
8402ee7a-2186-4cd2-a772-e781413c05de,25.53,command_linear,/cmd_vel,0.19096192717552185,0.5
8402ee7a-2186-4cd2-a772-e781413c05de,25.560000000000002,command_linear,/cmd_vel,0.19142189621925354,0.5
8402ee7a-2186-4cd2-a772-e781413c05de,25.641000000000002,command_linear,/cmd_vel,0.19100716710090637,0.5
8402ee7a-2186-4cd2-a772-e781413c05de,25.668000000000003,command_linear,/cmd_vel,0.1915963590145111,0.5
8402ee7a-2186-4cd2-a772-e781413c05de,25.71,command_linear,/cmd_vel,0.19047792255878448,0.5
8402ee7a-2186-4cd2-a772-e781413c05de,25.779,command_linear,/cmd_vel,0.18925514817237854,0.5
8402ee7a-2186-4cd2-a772-e781413c05de,25.818,command_linear,/cmd_vel,0.18747678399085999,0.5
8402ee7a-2186-4cd2-a772-e781413c05de,25.848000000000003,command_linear,/cmd_vel,0.18287327885627747,0.5
8402ee7a-2186-4cd2-a772-e781413c05de,25.92,command_linear,/cmd_vel,0.1839071810245514,0.5
8402ee7a-2186-4cd2-a772-e781413c05de,25.959000000000003,command_linear,/cmd_vel,0.18777987360954285,0.5
8402ee7a-2186-4cd2-a772-e781413c05de,26.028000000000002,command_linear,/cmd_vel,0.1898586004972458,0.5
8402ee7a-2186-4cd2-a772-e781413c05de,26.07,command_linear,/cmd_vel,0.18684126436710358,0.5
8402ee7a-2186-4cd2-a772-e781413c05de,26.1,command_linear,/cmd_vel,0.1848113238811493,0.5
8402ee7a-2186-4cd2-a772-e781413c05de,26.178,command_linear,/cmd_vel,0.18268398940563202,0.5
8402ee7a-2186-4cd2-a772-e781413c05de,26.208000000000002,command_linear,/cmd_vel,0.18505290150642395,0.5
8402ee7a-2186-4cd2-a772-e781413c05de,26.28,command_linear,/cmd_vel,0.18897593021392822,0.5
8402ee7a-2186-4cd2-a772-e781413c05de,26.319000000000003,command_linear,/cmd_vel,0.18655483424663544,0.5
8402ee7a-2186-4cd2-a772-e781413c05de,26.358,command_linear,/cmd_vel,0.18622581660747528,0.5
8402ee7a-2186-4cd2-a772-e781413c05de,26.430000000000003,command_linear,/cmd_vel,0.1873028576374054,0.5
8402ee7a-2186-4cd2-a772-e781413c05de,26.469,command_linear,/cmd_vel,0.18079519271850586,0.5
8402ee7a-2186-4cd2-a772-e781413c05de,26.541,command_linear,/cmd_vel,0.1825408637523651,0.5
8402ee7a-2186-4cd2-a772-e781413c05de,26.568,command_linear,/cmd_vel,0.1816033571958542,0.5
8402ee7a-2186-4cd2-a772-e781413c05de,26.610000000000003,command_linear,/cmd_vel,0.18155193328857422,0.5
8402ee7a-2186-4cd2-a772-e781413c05de,26.679000000000002,command_linear,/cmd_vel,0.17645449936389923,0.5
8402ee7a-2186-4cd2-a772-e781413c05de,26.718,command_linear,/cmd_vel,0.1741865575313568,0.5
8402ee7a-2186-4cd2-a772-e781413c05de,26.748,command_linear,/cmd_vel,0.17302274703979492,0.5
8402ee7a-2186-4cd2-a772-e781413c05de,26.82,command_linear,/cmd_vel,0.174360990524292,0.5
8402ee7a-2186-4cd2-a772-e781413c05de,26.859,command_linear,/cmd_vel,0.17044593393802643,0.5
8402ee7a-2186-4cd2-a772-e781413c05de,26.928,command_linear,/cmd_vel,0.17267994582653046,0.5
8402ee7a-2186-4cd2-a772-e781413c05de,26.970000000000002,command_linear,/cmd_vel,0.1684601604938507,0.5
8402ee7a-2186-4cd2-a772-e781413c05de,27.0,command_linear,/cmd_vel,0.16859543323516846,0.5
8402ee7a-2186-4cd2-a772-e781413c05de,27.078000000000003,command_linear,/cmd_vel,0.1680774986743927,0.5
8402ee7a-2186-4cd2-a772-e781413c05de,27.108,command_linear,/cmd_vel,0.16717541217803955,0.5
8402ee7a-2186-4cd2-a772-e781413c05de,27.180000000000003,command_linear,/cmd_vel,0.16618207097053528,0.5
8402ee7a-2186-4cd2-a772-e781413c05de,27.219,command_linear,/cmd_vel,0.16460223495960236,0.5
8402ee7a-2186-4cd2-a772-e781413c05de,27.258000000000003,command_linear,/cmd_vel,0.16538287699222565,0.5
8402ee7a-2186-4cd2-a772-e781413c05de,27.330000000000002,command_linear,/cmd_vel,0.1677946150302887,0.5
8402ee7a-2186-4cd2-a772-e781413c05de,27.360000000000003,command_linear,/cmd_vel,0.16698263585567474,0.5
8402ee7a-2186-4cd2-a772-e781413c05de,27.438000000000002,command_linear,/cmd_vel,0.16741223633289337,0.5
8402ee7a-2186-4cd2-a772-e781413c05de,27.468,command_linear,/cmd_vel,0.16632695496082306,0.5
8402ee7a-2186-4cd2-a772-e781413c05de,27.51,command_linear,/cmd_vel,0.16333432495594025,0.5
8402ee7a-2186-4cd2-a772-e781413c05de,27.579,command_linear,/cmd_vel,0.15976543724536896,0.5
8402ee7a-2186-4cd2-a772-e781413c05de,27.618000000000002,command_linear,/cmd_vel,0.15993042290210724,0.5
8402ee7a-2186-4cd2-a772-e781413c05de,27.648000000000003,command_linear,/cmd_vel,0.15919581055641174,0.5
8402ee7a-2186-4cd2-a772-e781413c05de,27.720000000000002,command_linear,/cmd_vel,0.15893825888633728,0.5
8402ee7a-2186-4cd2-a772-e781413c05de,27.759,command_linear,/cmd_vel,0.16103146970272064,0.5
8402ee7a-2186-4cd2-a772-e781413c05de,27.828000000000003,command_linear,/cmd_vel,0.16080805659294128,0.5
8402ee7a-2186-4cd2-a772-e781413c05de,27.87,command_linear,/cmd_vel,0.16084352135658264,0.5
8402ee7a-2186-4cd2-a772-e781413c05de,27.900000000000002,command_linear,/cmd_vel,0.15622906386852264,0.5
8402ee7a-2186-4cd2-a772-e781413c05de,27.978,command_linear,/cmd_vel,0.15445107221603394,0.5
8402ee7a-2186-4cd2-a772-e781413c05de,28.008000000000003,command_linear,/cmd_vel,0.15351572632789612,0.5
8402ee7a-2186-4cd2-a772-e781413c05de,28.080000000000002,command_linear,/cmd_vel,0.15171504020690918,0.5
8402ee7a-2186-4cd2-a772-e781413c05de,28.119000000000003,command_linear,/cmd_vel,0.1518244445323944,0.5
8402ee7a-2186-4cd2-a772-e781413c05de,28.158,command_linear,/cmd_vel,0.14978447556495667,0.5
8402ee7a-2186-4cd2-a772-e781413c05de,28.23,command_linear,/cmd_vel,0.1534024178981781,0.5
8402ee7a-2186-4cd2-a772-e781413c05de,28.26,command_linear,/cmd_vel,0.150582954287529,0.5
8402ee7a-2186-4cd2-a772-e781413c05de,28.341,command_linear,/cmd_vel,0.14685651659965515,0.5
8402ee7a-2186-4cd2-a772-e781413c05de,28.368000000000002,command_linear,/cmd_vel,0.1430566906929016,0.5
8402ee7a-2186-4cd2-a772-e781413c05de,28.41,command_linear,/cmd_vel,0.14400339126586914,0.5
8402ee7a-2186-4cd2-a772-e781413c05de,28.479000000000003,command_linear,/cmd_vel,0.1427445113658905,0.5
8402ee7a-2186-4cd2-a772-e781413c05de,28.521,command_linear,/cmd_vel,0.14078167080879211,0.5
8402ee7a-2186-4cd2-a772-e781413c05de,28.548000000000002,command_linear,/cmd_vel,0.14582853019237518,0.5
8402ee7a-2186-4cd2-a772-e781413c05de,28.62,command_linear,/cmd_vel,0.14249245822429657,0.5
8402ee7a-2186-4cd2-a772-e781413c05de,28.659000000000002,command_linear,/cmd_vel,0.14199581742286682,0.5
8402ee7a-2186-4cd2-a772-e781413c05de,28.728,command_linear,/cmd_vel,0.1401711106300354,0.5
8402ee7a-2186-4cd2-a772-e781413c05de,28.770000000000003,command_linear,/cmd_vel,0.14259789884090424,0.5
8402ee7a-2186-4cd2-a772-e781413c05de,28.8,command_linear,/cmd_vel,0.14284376800060272,0.5
8402ee7a-2186-4cd2-a772-e781413c05de,28.878,command_linear,/cmd_vel,0.14216706156730652,0.5
8402ee7a-2186-4cd2-a772-e781413c05de,28.908,command_linear,/cmd_vel,0.13995219767093658,0.5
8402ee7a-2186-4cd2-a772-e781413c05de,28.98,command_linear,/cmd_vel,0.13893291354179382,0.5
8402ee7a-2186-4cd2-a772-e781413c05de,29.019000000000002,command_linear,/cmd_vel,0.13895614445209503,0.5
8402ee7a-2186-4cd2-a772-e781413c05de,29.058000000000003,command_linear,/cmd_vel,0.13503488898277283,0.5
8402ee7a-2186-4cd2-a772-e781413c05de,29.130000000000003,command_linear,/cmd_vel,0.1378614455461502,0.5
8402ee7a-2186-4cd2-a772-e781413c05de,29.16,command_linear,/cmd_vel,0.1323268711566925,0.5
8402ee7a-2186-4cd2-a772-e781413c05de,29.238000000000003,command_linear,/cmd_vel,0.13635224103927612,0.5
8402ee7a-2186-4cd2-a772-e781413c05de,29.268,command_linear,/cmd_vel,0.13728076219558716,0.5
8402ee7a-2186-4cd2-a772-e781413c05de,29.310000000000002,command_linear,/cmd_vel,0.14024874567985535,0.5
8402ee7a-2186-4cd2-a772-e781413c05de,29.379,command_linear,/cmd_vel,0.13668914139270782,0.5
8402ee7a-2186-4cd2-a772-e781413c05de,29.418000000000003,command_linear,/cmd_vel,0.1337614357471466,0.5
8402ee7a-2186-4cd2-a772-e781413c05de,29.448,command_linear,/cmd_vel,0.13254870474338531,0.5
8402ee7a-2186-4cd2-a772-e781413c05de,29.520000000000003,command_linear,/cmd_vel,0.13276636600494385,0.5
8402ee7a-2186-4cd2-a772-e781413c05de,29.559,command_linear,/cmd_vel,0.13541944324970245,0.5
8402ee7a-2186-4cd2-a772-e781413c05de,29.628,command_linear,/cmd_vel,0.13446807861328125,0.5
8402ee7a-2186-4cd2-a772-e781413c05de,29.67,command_linear,/cmd_vel,0.140107199549675,0.5
8402ee7a-2186-4cd2-a772-e781413c05de,29.709000000000003,command_linear,/cmd_vel,0.14004337787628174,0.5
8402ee7a-2186-4cd2-a772-e781413c05de,29.778000000000002,command_linear,/cmd_vel,0.13847368955612183,0.5
8402ee7a-2186-4cd2-a772-e781413c05de,29.808000000000003,command_linear,/cmd_vel,0.1354554444551468,0.5
8402ee7a-2186-4cd2-a772-e781413c05de,29.880000000000003,command_linear,/cmd_vel,0.13790905475616455,0.5
8402ee7a-2186-4cd2-a772-e781413c05de,29.919,command_linear,/cmd_vel,0.1360570788383484,0.5
8402ee7a-2186-4cd2-a772-e781413c05de,29.958000000000002,command_linear,/cmd_vel,0.1370268166065216,0.5
8402ee7a-2186-4cd2-a772-e781413c05de,30.03,command_linear,/cmd_vel,0.1345304697751999,0.5
8402ee7a-2186-4cd2-a772-e781413c05de,30.060000000000002,command_linear,/cmd_vel,0.12790751457214355,0.5
8402ee7a-2186-4cd2-a772-e781413c05de,30.141000000000002,command_linear,/cmd_vel,0.12180573493242264,0.5
8402ee7a-2186-4cd2-a772-e781413c05de,30.168000000000003,command_linear,/cmd_vel,0.1199810802936554,0.5
8402ee7a-2186-4cd2-a772-e781413c05de,30.21,command_linear,/cmd_vel,0.11812777817249298,0.5
8402ee7a-2186-4cd2-a772-e781413c05de,30.279000000000003,command_linear,/cmd_vel,0.11615630984306335,0.5
8402ee7a-2186-4cd2-a772-e781413c05de,30.318,command_linear,/cmd_vel,0.1164645329117775,0.5
8402ee7a-2186-4cd2-a772-e781413c05de,30.348000000000003,command_linear,/cmd_vel,0.11360723525285721,0.5
8402ee7a-2186-4cd2-a772-e781413c05de,30.42,command_linear,/cmd_vel,0.11522757261991501,0.5
8402ee7a-2186-4cd2-a772-e781413c05de,30.459000000000003,command_linear,/cmd_vel,0.11415304243564606,0.5
8402ee7a-2186-4cd2-a772-e781413c05de,30.528000000000002,command_linear,/cmd_vel,0.1128176748752594,0.5
8402ee7a-2186-4cd2-a772-e781413c05de,30.57,command_linear,/cmd_vel,0.1138492077589035,0.5
8402ee7a-2186-4cd2-a772-e781413c05de,30.6,command_linear,/cmd_vel,0.11197110265493393,0.5
8402ee7a-2186-4cd2-a772-e781413c05de,30.678,command_linear,/cmd_vel,0.10995632410049438,0.5
8402ee7a-2186-4cd2-a772-e781413c05de,30.708000000000002,command_linear,/cmd_vel,0.1085110604763031,0.5
8402ee7a-2186-4cd2-a772-e781413c05de,30.78,command_linear,/cmd_vel,0.10684922337532043,0.5
8402ee7a-2186-4cd2-a772-e781413c05de,30.819000000000003,command_linear,/cmd_vel,0.10598006844520569,0.5
8402ee7a-2186-4cd2-a772-e781413c05de,30.858,command_linear,/cmd_vel,0.10557012259960175,0.5
8402ee7a-2186-4cd2-a772-e781413c05de,30.930000000000003,command_linear,/cmd_vel,0.10615825653076172,0.5
8402ee7a-2186-4cd2-a772-e781413c05de,30.96,command_linear,/cmd_vel,0.10540130734443665,0.5
8402ee7a-2186-4cd2-a772-e781413c05de,31.038,command_linear,/cmd_vel,0.10221196711063385,0.5
8402ee7a-2186-4cd2-a772-e781413c05de,31.068,command_linear,/cmd_vel,0.10217832773923874,0.5
8402ee7a-2186-4cd2-a772-e781413c05de,31.110000000000003,command_linear,/cmd_vel,0.09857861697673798,0.5
8402ee7a-2186-4cd2-a772-e781413c05de,31.179000000000002,command_linear,/cmd_vel,0.09921007603406906,0.5
8402ee7a-2186-4cd2-a772-e781413c05de,31.218000000000004,command_linear,/cmd_vel,0.09978098422288895,0.5
8402ee7a-2186-4cd2-a772-e781413c05de,31.248,command_linear,/cmd_vel,0.10070589929819107,0.5
8402ee7a-2186-4cd2-a772-e781413c05de,31.32,command_linear,/cmd_vel,0.0990138053894043,0.5
8402ee7a-2186-4cd2-a772-e781413c05de,31.359,command_linear,/cmd_vel,0.09946568310260773,0.5
8402ee7a-2186-4cd2-a772-e781413c05de,31.428,command_linear,/cmd_vel,0.10144931077957153,0.5
8402ee7a-2186-4cd2-a772-e781413c05de,31.470000000000002,command_linear,/cmd_vel,0.09944646060466766,0.5
8402ee7a-2186-4cd2-a772-e781413c05de,31.500000000000004,command_linear,/cmd_vel,0.09969959408044815,0.5
8402ee7a-2186-4cd2-a772-e781413c05de,31.578000000000003,command_linear,/cmd_vel,0.10127349197864532,0.5
8402ee7a-2186-4cd2-a772-e781413c05de,31.608,command_linear,/cmd_vel,0.10049030184745789,0.5
8402ee7a-2186-4cd2-a772-e781413c05de,31.680000000000003,command_linear,/cmd_vel,0.09810023009777069,0.5
8402ee7a-2186-4cd2-a772-e781413c05de,31.719,command_linear,/cmd_vel,0.09508281946182251,0.5
8402ee7a-2186-4cd2-a772-e781413c05de,31.758000000000003,command_linear,/cmd_vel,0.09581926465034485,0.5
8402ee7a-2186-4cd2-a772-e781413c05de,31.830000000000002,command_linear,/cmd_vel,0.09254570305347443,0.5
8402ee7a-2186-4cd2-a772-e781413c05de,31.860000000000003,command_linear,/cmd_vel,0.09039600193500519,0.5
8402ee7a-2186-4cd2-a772-e781413c05de,31.941000000000003,command_linear,/cmd_vel,0.08793441951274872,0.5
8402ee7a-2186-4cd2-a772-e781413c05de,31.968000000000004,command_linear,/cmd_vel,0.09141155332326889,0.5
8402ee7a-2186-4cd2-a772-e781413c05de,32.010000000000005,command_linear,/cmd_vel,0.08804288506507874,0.5
8402ee7a-2186-4cd2-a772-e781413c05de,32.079,command_linear,/cmd_vel,0.08758190274238586,0.5
8402ee7a-2186-4cd2-a772-e781413c05de,32.118,command_linear,/cmd_vel,0.08630762249231339,0.5
8402ee7a-2186-4cd2-a772-e781413c05de,32.148,command_linear,/cmd_vel,0.08173546195030212,0.5
8402ee7a-2186-4cd2-a772-e781413c05de,32.22,command_linear,/cmd_vel,0.08244577795267105,0.5
8402ee7a-2186-4cd2-a772-e781413c05de,32.259,command_linear,/cmd_vel,0.08099424093961716,0.5
8402ee7a-2186-4cd2-a772-e781413c05de,32.331,command_linear,/cmd_vel,0.08142346143722534,0.5
8402ee7a-2186-4cd2-a772-e781413c05de,32.370000000000005,command_linear,/cmd_vel,0.07510244846343994,0.5
8402ee7a-2186-4cd2-a772-e781413c05de,32.409,command_linear,/cmd_vel,0.0,0.5
8402ee7a-2186-4cd2-a772-e781413c05de,32.478,command_linear,/cmd_vel,0.0,0.5
8402ee7a-2186-4cd2-a772-e781413c05de,32.508,command_linear,/cmd_vel,0.0,0.5
8402ee7a-2186-4cd2-a772-e781413c05de,32.580000000000005,command_linear,/cmd_vel,0.0,0.5
8402ee7a-2186-4cd2-a772-e781413c05de,32.619,command_linear,/cmd_vel,0.0,0.5
8402ee7a-2186-4cd2-a772-e781413c05de,32.658,command_linear,/cmd_vel,0.0,0.5
8402ee7a-2186-4cd2-a772-e781413c05de,32.730000000000004,command_linear,/cmd_vel,0.0,0.5
8402ee7a-2186-4cd2-a772-e781413c05de,32.760000000000005,command_linear,/cmd_vel,0.0,0.5
8402ee7a-2186-4cd2-a772-e781413c05de,32.838,command_linear,/cmd_vel,0.0,0.5
8402ee7a-2186-4cd2-a772-e781413c05de,32.868,command_linear,/cmd_vel,0.0,0.5
8402ee7a-2186-4cd2-a772-e781413c05de,32.910000000000004,command_linear,/cmd_vel,0.0,0.5
8402ee7a-2186-4cd2-a772-e781413c05de,32.979,command_linear,/cmd_vel,0.0,0.5
8402ee7a-2186-4cd2-a772-e781413c05de,33.018,command_linear,/cmd_vel,0.0,0.5
8402ee7a-2186-4cd2-a772-e781413c05de,33.048,command_linear,/cmd_vel,0.0,0.5
8402ee7a-2186-4cd2-a772-e781413c05de,13.122000000000002,confidence_mean,/semantic/confidence,0.8546788193564862,1.0
8402ee7a-2186-4cd2-a772-e781413c05de,13.221,confidence_mean,/semantic/confidence,0.8547702579557275,1.0
8402ee7a-2186-4cd2-a772-e781413c05de,13.323,confidence_mean,/semantic/confidence,0.8547187146668633,1.0
8402ee7a-2186-4cd2-a772-e781413c05de,13.440000000000001,confidence_mean,/semantic/confidence,0.8547270147905995,1.0
8402ee7a-2186-4cd2-a772-e781413c05de,13.521,confidence_mean,/semantic/confidence,0.8547118728980422,1.0
8402ee7a-2186-4cd2-a772-e781413c05de,13.623000000000001,confidence_mean,/semantic/confidence,0.8547116327984259,1.0
8402ee7a-2186-4cd2-a772-e781413c05de,13.722000000000001,confidence_mean,/semantic/confidence,0.8547664602457856,1.0
8402ee7a-2186-4cd2-a772-e781413c05de,13.839,confidence_mean,/semantic/confidence,0.8547088968381286,1.0
8402ee7a-2186-4cd2-a772-e781413c05de,13.944,confidence_mean,/semantic/confidence,0.8547050255583599,1.0
8402ee7a-2186-4cd2-a772-e781413c05de,14.022,confidence_mean,/semantic/confidence,0.8546917711493248,1.0
8402ee7a-2186-4cd2-a772-e781413c05de,14.121,confidence_mean,/semantic/confidence,0.8547378241332869,1.0
8402ee7a-2186-4cd2-a772-e781413c05de,14.22,confidence_mean,/semantic/confidence,0.854757191070045,1.0
8402ee7a-2186-4cd2-a772-e781413c05de,14.340000000000002,confidence_mean,/semantic/confidence,0.8547205086176594,1.0
8402ee7a-2186-4cd2-a772-e781413c05de,14.418000000000001,confidence_mean,/semantic/confidence,0.8546944161411375,1.0
8402ee7a-2186-4cd2-a772-e781413c05de,14.523000000000001,confidence_mean,/semantic/confidence,0.854776867593949,1.0
8402ee7a-2186-4cd2-a772-e781413c05de,14.622000000000002,confidence_mean,/semantic/confidence,0.854805539593411,1.0
8402ee7a-2186-4cd2-a772-e781413c05de,14.742,confidence_mean,/semantic/confidence,0.8547628546288858,1.0
8402ee7a-2186-4cd2-a772-e781413c05de,14.841000000000001,confidence_mean,/semantic/confidence,0.8547722618669892,1.0
8402ee7a-2186-4cd2-a772-e781413c05de,14.919,confidence_mean,/semantic/confidence,0.8556117282047246,1.0
8402ee7a-2186-4cd2-a772-e781413c05de,15.021,confidence_mean,/semantic/confidence,0.8551999111489083,1.0
8402ee7a-2186-4cd2-a772-e781413c05de,15.123000000000001,confidence_mean,/semantic/confidence,0.8536044199066236,1.0
8402ee7a-2186-4cd2-a772-e781413c05de,15.243,confidence_mean,/semantic/confidence,0.8520488040661439,1.0
8402ee7a-2186-4cd2-a772-e781413c05de,15.321000000000002,confidence_mean,/semantic/confidence,0.8506458773308744,1.0
8402ee7a-2186-4cd2-a772-e781413c05de,15.423000000000002,confidence_mean,/semantic/confidence,0.8490603318158537,1.0
8402ee7a-2186-4cd2-a772-e781413c05de,15.522,confidence_mean,/semantic/confidence,0.8488589525828139,1.0
8402ee7a-2186-4cd2-a772-e781413c05de,15.639000000000001,confidence_mean,/semantic/confidence,0.8480808813745777,1.0
8402ee7a-2186-4cd2-a772-e781413c05de,15.744000000000002,confidence_mean,/semantic/confidence,0.8462558814541747,1.0
8402ee7a-2186-4cd2-a772-e781413c05de,15.822000000000001,confidence_mean,/semantic/confidence,0.846785240091073,1.0
8402ee7a-2186-4cd2-a772-e781413c05de,15.921000000000001,confidence_mean,/semantic/confidence,0.8470263472711668,1.0
8402ee7a-2186-4cd2-a772-e781413c05de,16.023,confidence_mean,/semantic/confidence,0.8464882956367606,1.0
8402ee7a-2186-4cd2-a772-e781413c05de,16.14,confidence_mean,/semantic/confidence,0.8471678513505807,1.0
8402ee7a-2186-4cd2-a772-e781413c05de,16.221,confidence_mean,/semantic/confidence,0.8477435396596168,1.0
8402ee7a-2186-4cd2-a772-e781413c05de,16.323,confidence_mean,/semantic/confidence,0.8489701088983566,1.0
8402ee7a-2186-4cd2-a772-e781413c05de,16.419,confidence_mean,/semantic/confidence,0.8493645916351428,1.0
8402ee7a-2186-4cd2-a772-e781413c05de,16.542,confidence_mean,/semantic/confidence,0.851155682404836,1.0
8402ee7a-2186-4cd2-a772-e781413c05de,16.644000000000002,confidence_mean,/semantic/confidence,0.852007590814804,1.0
8402ee7a-2186-4cd2-a772-e781413c05de,16.722,confidence_mean,/semantic/confidence,0.8540939425242444,1.0
8402ee7a-2186-4cd2-a772-e781413c05de,16.821,confidence_mean,/semantic/confidence,0.856484970546638,1.0
8402ee7a-2186-4cd2-a772-e781413c05de,16.923000000000002,confidence_mean,/semantic/confidence,0.8592927426643049,1.0
8402ee7a-2186-4cd2-a772-e781413c05de,17.043000000000003,confidence_mean,/semantic/confidence,0.8611451565055177,1.0
8402ee7a-2186-4cd2-a772-e781413c05de,17.118000000000002,confidence_mean,/semantic/confidence,0.8639605355697374,1.0
8402ee7a-2186-4cd2-a772-e781413c05de,17.223000000000003,confidence_mean,/semantic/confidence,0.8657432347396389,1.0
8402ee7a-2186-4cd2-a772-e781413c05de,17.322000000000003,confidence_mean,/semantic/confidence,0.8651592129810403,1.0
8402ee7a-2186-4cd2-a772-e781413c05de,17.439,confidence_mean,/semantic/confidence,0.865628988595369,1.0
8402ee7a-2186-4cd2-a772-e781413c05de,17.541,confidence_mean,/semantic/confidence,0.8662886178074405,1.0
8402ee7a-2186-4cd2-a772-e781413c05de,17.622,confidence_mean,/semantic/confidence,0.8668430262710899,1.0
8402ee7a-2186-4cd2-a772-e781413c05de,17.721,confidence_mean,/semantic/confidence,0.8663040489858638,1.0
8402ee7a-2186-4cd2-a772-e781413c05de,17.823,confidence_mean,/semantic/confidence,0.8673397596801321,1.0
8402ee7a-2186-4cd2-a772-e781413c05de,17.94,confidence_mean,/semantic/confidence,0.8670504897506908,1.0
8402ee7a-2186-4cd2-a772-e781413c05de,18.021,confidence_mean,/semantic/confidence,0.8669272290961817,1.0
8402ee7a-2186-4cd2-a772-e781413c05de,18.123,confidence_mean,/semantic/confidence,0.8654574520730723,1.0
8402ee7a-2186-4cd2-a772-e781413c05de,18.222,confidence_mean,/semantic/confidence,0.8658764377065624,1.0
8402ee7a-2186-4cd2-a772-e781413c05de,18.339000000000002,confidence_mean,/semantic/confidence,0.8648124388822664,1.0
8402ee7a-2186-4cd2-a772-e781413c05de,18.444000000000003,confidence_mean,/semantic/confidence,0.8647209023016815,1.0
8402ee7a-2186-4cd2-a772-e781413c05de,18.522000000000002,confidence_mean,/semantic/confidence,0.8642773145095756,1.0
8402ee7a-2186-4cd2-a772-e781413c05de,18.621000000000002,confidence_mean,/semantic/confidence,0.8638728656666353,1.0
8402ee7a-2186-4cd2-a772-e781413c05de,18.723000000000003,confidence_mean,/semantic/confidence,0.8628162054670975,1.0
8402ee7a-2186-4cd2-a772-e781413c05de,18.84,confidence_mean,/semantic/confidence,0.8615730925137177,1.0
8402ee7a-2186-4cd2-a772-e781413c05de,18.921000000000003,confidence_mean,/semantic/confidence,0.8612757108810668,1.0
8402ee7a-2186-4cd2-a772-e781413c05de,19.023,confidence_mean,/semantic/confidence,0.8594914093318706,1.0
8402ee7a-2186-4cd2-a772-e781413c05de,19.122,confidence_mean,/semantic/confidence,0.8589599439998468,1.0
8402ee7a-2186-4cd2-a772-e781413c05de,19.242,confidence_mean,/semantic/confidence,0.8581863164156676,1.0
8402ee7a-2186-4cd2-a772-e781413c05de,19.341,confidence_mean,/semantic/confidence,0.8574570242579406,1.0
8402ee7a-2186-4cd2-a772-e781413c05de,19.422,confidence_mean,/semantic/confidence,0.8576779218483717,1.0
8402ee7a-2186-4cd2-a772-e781413c05de,19.521,confidence_mean,/semantic/confidence,0.8574185614660382,1.0
8402ee7a-2186-4cd2-a772-e781413c05de,19.623,confidence_mean,/semantic/confidence,0.8573432978646209,1.0
8402ee7a-2186-4cd2-a772-e781413c05de,19.740000000000002,confidence_mean,/semantic/confidence,0.8560278043709695,1.0
8402ee7a-2186-4cd2-a772-e781413c05de,19.821,confidence_mean,/semantic/confidence,0.8555414276011288,1.0
8402ee7a-2186-4cd2-a772-e781413c05de,19.923000000000002,confidence_mean,/semantic/confidence,0.8550530707572276,1.0
8402ee7a-2186-4cd2-a772-e781413c05de,20.022000000000002,confidence_mean,/semantic/confidence,0.8538543231210982,1.0
8402ee7a-2186-4cd2-a772-e781413c05de,20.139000000000003,confidence_mean,/semantic/confidence,0.8515202149919545,1.0
8402ee7a-2186-4cd2-a772-e781413c05de,20.241,confidence_mean,/semantic/confidence,0.8496436112762118,1.0
8402ee7a-2186-4cd2-a772-e781413c05de,20.322000000000003,confidence_mean,/semantic/confidence,0.8480930956173688,1.0
8402ee7a-2186-4cd2-a772-e781413c05de,20.421000000000003,confidence_mean,/semantic/confidence,0.8469765010351936,1.0
8402ee7a-2186-4cd2-a772-e781413c05de,20.523,confidence_mean,/semantic/confidence,0.8457281121145934,1.0
8402ee7a-2186-4cd2-a772-e781413c05de,20.64,confidence_mean,/semantic/confidence,0.8452221713665252,1.0
8402ee7a-2186-4cd2-a772-e781413c05de,20.721,confidence_mean,/semantic/confidence,0.8445255242257068,1.0
8402ee7a-2186-4cd2-a772-e781413c05de,20.823,confidence_mean,/semantic/confidence,0.8448077634566774,1.0
8402ee7a-2186-4cd2-a772-e781413c05de,20.922,confidence_mean,/semantic/confidence,0.8451848552158723,1.0
8402ee7a-2186-4cd2-a772-e781413c05de,21.039,confidence_mean,/semantic/confidence,0.845472992961295,1.0
8402ee7a-2186-4cd2-a772-e781413c05de,21.144000000000002,confidence_mean,/semantic/confidence,0.8454272342923408,1.0
8402ee7a-2186-4cd2-a772-e781413c05de,21.222,confidence_mean,/semantic/confidence,0.8464694600924849,1.0
8402ee7a-2186-4cd2-a772-e781413c05de,21.321,confidence_mean,/semantic/confidence,0.8471418461871023,1.0
8402ee7a-2186-4cd2-a772-e781413c05de,21.42,confidence_mean,/semantic/confidence,0.8482424995489418,1.0
8402ee7a-2186-4cd2-a772-e781413c05de,21.543000000000003,confidence_mean,/semantic/confidence,0.8484084587528681,1.0
8402ee7a-2186-4cd2-a772-e781413c05de,21.621000000000002,confidence_mean,/semantic/confidence,0.8497327717735121,1.0
8402ee7a-2186-4cd2-a772-e781413c05de,21.723000000000003,confidence_mean,/semantic/confidence,0.8521753406788533,1.0
8402ee7a-2186-4cd2-a772-e781413c05de,21.822000000000003,confidence_mean,/semantic/confidence,0.8531167200145622,1.0
8402ee7a-2186-4cd2-a772-e781413c05de,21.942,confidence_mean,/semantic/confidence,0.854636546469604,1.0
8402ee7a-2186-4cd2-a772-e781413c05de,22.041,confidence_mean,/semantic/confidence,0.8570720684093733,1.0
8402ee7a-2186-4cd2-a772-e781413c05de,22.125,confidence_mean,/semantic/confidence,0.8589169540147608,1.0
8402ee7a-2186-4cd2-a772-e781413c05de,22.221,confidence_mean,/semantic/confidence,0.8616818979894743,1.0
8402ee7a-2186-4cd2-a772-e781413c05de,22.323,confidence_mean,/semantic/confidence,0.8640561233709256,1.0
8402ee7a-2186-4cd2-a772-e781413c05de,22.443,confidence_mean,/semantic/confidence,0.8677763607741024,1.0
8402ee7a-2186-4cd2-a772-e781413c05de,22.521,confidence_mean,/semantic/confidence,0.8714371194938818,1.0
8402ee7a-2186-4cd2-a772-e781413c05de,22.623,confidence_mean,/semantic/confidence,0.8759487873765951,1.0
8402ee7a-2186-4cd2-a772-e781413c05de,22.722,confidence_mean,/semantic/confidence,0.879865711076806,1.0
8402ee7a-2186-4cd2-a772-e781413c05de,22.839000000000002,confidence_mean,/semantic/confidence,0.8837382134981453,1.0
8402ee7a-2186-4cd2-a772-e781413c05de,22.944000000000003,confidence_mean,/semantic/confidence,0.8891216910288979,1.0
8402ee7a-2186-4cd2-a772-e781413c05de,23.022000000000002,confidence_mean,/semantic/confidence,0.8935410320479423,1.0
8402ee7a-2186-4cd2-a772-e781413c05de,23.121000000000002,confidence_mean,/semantic/confidence,0.8984812287800014,1.0
8402ee7a-2186-4cd2-a772-e781413c05de,23.223000000000003,confidence_mean,/semantic/confidence,0.9026740211403618,1.0
8402ee7a-2186-4cd2-a772-e781413c05de,23.34,confidence_mean,/semantic/confidence,0.9066964590471859,1.0
8402ee7a-2186-4cd2-a772-e781413c05de,23.421000000000003,confidence_mean,/semantic/confidence,0.906937119490467,1.0
8402ee7a-2186-4cd2-a772-e781413c05de,23.523000000000003,confidence_mean,/semantic/confidence,0.9082609698129818,1.0
8402ee7a-2186-4cd2-a772-e781413c05de,23.622,confidence_mean,/semantic/confidence,0.9070159687086319,1.0
8402ee7a-2186-4cd2-a772-e781413c05de,23.742,confidence_mean,/semantic/confidence,0.9072948712777967,1.0
8402ee7a-2186-4cd2-a772-e781413c05de,23.841,confidence_mean,/semantic/confidence,0.9078071225279322,1.0
8402ee7a-2186-4cd2-a772-e781413c05de,23.922,confidence_mean,/semantic/confidence,0.9078858746805539,1.0
8402ee7a-2186-4cd2-a772-e781413c05de,24.021,confidence_mean,/semantic/confidence,0.907659344629695,1.0
8402ee7a-2186-4cd2-a772-e781413c05de,24.123,confidence_mean,/semantic/confidence,0.9076152430909376,1.0
8402ee7a-2186-4cd2-a772-e781413c05de,24.243000000000002,confidence_mean,/semantic/confidence,0.906617159267577,1.0
8402ee7a-2186-4cd2-a772-e781413c05de,24.321,confidence_mean,/semantic/confidence,0.9062060708537077,1.0
8402ee7a-2186-4cd2-a772-e781413c05de,24.423000000000002,confidence_mean,/semantic/confidence,0.9058261155011132,1.0
8402ee7a-2186-4cd2-a772-e781413c05de,24.522000000000002,confidence_mean,/semantic/confidence,0.90501061280258,1.0
8402ee7a-2186-4cd2-a772-e781413c05de,24.642000000000003,confidence_mean,/semantic/confidence,0.9050989964309459,1.0
8402ee7a-2186-4cd2-a772-e781413c05de,24.744,confidence_mean,/semantic/confidence,0.9034923869666333,1.0
8402ee7a-2186-4cd2-a772-e781413c05de,24.822000000000003,confidence_mean,/semantic/confidence,0.9033476844492058,1.0
8402ee7a-2186-4cd2-a772-e781413c05de,24.921000000000003,confidence_mean,/semantic/confidence,0.9031445420440286,1.0
8402ee7a-2186-4cd2-a772-e781413c05de,25.020000000000003,confidence_mean,/semantic/confidence,0.9019190278214713,1.0
8402ee7a-2186-4cd2-a772-e781413c05de,25.143,confidence_mean,/semantic/confidence,0.9021589446517949,1.0
8402ee7a-2186-4cd2-a772-e781413c05de,25.218,confidence_mean,/semantic/confidence,0.9002362979389728,1.0
8402ee7a-2186-4cd2-a772-e781413c05de,25.323,confidence_mean,/semantic/confidence,0.899246994376493,1.0
8402ee7a-2186-4cd2-a772-e781413c05de,25.422,confidence_mean,/semantic/confidence,0.8987207609492665,1.0
8402ee7a-2186-4cd2-a772-e781413c05de,25.542,confidence_mean,/semantic/confidence,0.8979960213818898,1.0
8402ee7a-2186-4cd2-a772-e781413c05de,25.644000000000002,confidence_mean,/semantic/confidence,0.8961364395357668,1.0
8402ee7a-2186-4cd2-a772-e781413c05de,25.719,confidence_mean,/semantic/confidence,0.8982944704716405,1.0
8402ee7a-2186-4cd2-a772-e781413c05de,25.821,confidence_mean,/semantic/confidence,0.8985151698191961,1.0
8402ee7a-2186-4cd2-a772-e781413c05de,25.923000000000002,confidence_mean,/semantic/confidence,0.9000691237238546,1.0
8402ee7a-2186-4cd2-a772-e781413c05de,26.043000000000003,confidence_mean,/semantic/confidence,0.9014495549025014,1.0
8402ee7a-2186-4cd2-a772-e781413c05de,26.121000000000002,confidence_mean,/semantic/confidence,0.903166218030577,1.0
8402ee7a-2186-4cd2-a772-e781413c05de,26.223000000000003,confidence_mean,/semantic/confidence,0.9032677001055951,1.0
8402ee7a-2186-4cd2-a772-e781413c05de,26.322000000000003,confidence_mean,/semantic/confidence,0.9049274377633507,1.0
8402ee7a-2186-4cd2-a772-e781413c05de,26.442,confidence_mean,/semantic/confidence,0.9050385087588801,1.0
8402ee7a-2186-4cd2-a772-e781413c05de,26.544,confidence_mean,/semantic/confidence,0.906571330021446,1.0
8402ee7a-2186-4cd2-a772-e781413c05de,26.622,confidence_mean,/semantic/confidence,0.9086161851588016,1.0
8402ee7a-2186-4cd2-a772-e781413c05de,26.721,confidence_mean,/semantic/confidence,0.9106169657735154,1.0
8402ee7a-2186-4cd2-a772-e781413c05de,26.823,confidence_mean,/semantic/confidence,0.9119675268543264,1.0
8402ee7a-2186-4cd2-a772-e781413c05de,26.943,confidence_mean,/semantic/confidence,0.9139800949612011,1.0
8402ee7a-2186-4cd2-a772-e781413c05de,27.021,confidence_mean,/semantic/confidence,0.9153524035339554,1.0
8402ee7a-2186-4cd2-a772-e781413c05de,27.123,confidence_mean,/semantic/confidence,0.9160751343937591,1.0
8402ee7a-2186-4cd2-a772-e781413c05de,27.222,confidence_mean,/semantic/confidence,0.9168829754010464,1.0
8402ee7a-2186-4cd2-a772-e781413c05de,27.339000000000002,confidence_mean,/semantic/confidence,0.9163254618101443,1.0
8402ee7a-2186-4cd2-a772-e781413c05de,27.444000000000003,confidence_mean,/semantic/confidence,0.9164417049599191,1.0
8402ee7a-2186-4cd2-a772-e781413c05de,27.522000000000002,confidence_mean,/semantic/confidence,0.9159596415019283,1.0
8402ee7a-2186-4cd2-a772-e781413c05de,27.621000000000002,confidence_mean,/semantic/confidence,0.9153563787275926,1.0
8402ee7a-2186-4cd2-a772-e781413c05de,27.723000000000003,confidence_mean,/semantic/confidence,0.9161016069212928,1.0
8402ee7a-2186-4cd2-a772-e781413c05de,27.840000000000003,confidence_mean,/semantic/confidence,0.9172121299772212,1.0
8402ee7a-2186-4cd2-a772-e781413c05de,27.921000000000003,confidence_mean,/semantic/confidence,0.9175277238075311,1.0
8402ee7a-2186-4cd2-a772-e781413c05de,28.023000000000003,confidence_mean,/semantic/confidence,0.9164972688475003,1.0
8402ee7a-2186-4cd2-a772-e781413c05de,28.122000000000003,confidence_mean,/semantic/confidence,0.9161511477998768,1.0
8402ee7a-2186-4cd2-a772-e781413c05de,28.242,confidence_mean,/semantic/confidence,0.9169016877748072,1.0
8402ee7a-2186-4cd2-a772-e781413c05de,28.344,confidence_mean,/semantic/confidence,0.9181929913101097,1.0
8402ee7a-2186-4cd2-a772-e781413c05de,28.422,confidence_mean,/semantic/confidence,0.9197757720435038,1.0
8402ee7a-2186-4cd2-a772-e781413c05de,28.521,confidence_mean,/semantic/confidence,0.9211964078387246,1.0
8402ee7a-2186-4cd2-a772-e781413c05de,28.623,confidence_mean,/semantic/confidence,0.9233278173782552,1.0
8402ee7a-2186-4cd2-a772-e781413c05de,28.740000000000002,confidence_mean,/semantic/confidence,0.9245542756545668,1.0
8402ee7a-2186-4cd2-a772-e781413c05de,28.821,confidence_mean,/semantic/confidence,0.9262505999580025,1.0
8402ee7a-2186-4cd2-a772-e781413c05de,28.923000000000002,confidence_mean,/semantic/confidence,0.9284417837873722,1.0
8402ee7a-2186-4cd2-a772-e781413c05de,29.022000000000002,confidence_mean,/semantic/confidence,0.9306758911473055,1.0
8402ee7a-2186-4cd2-a772-e781413c05de,29.142000000000003,confidence_mean,/semantic/confidence,0.9343812824847798,1.0
8402ee7a-2186-4cd2-a772-e781413c05de,29.244000000000003,confidence_mean,/semantic/confidence,0.9373223568654309,1.0
8402ee7a-2186-4cd2-a772-e781413c05de,29.322000000000003,confidence_mean,/semantic/confidence,0.9415399208463108,1.0
8402ee7a-2186-4cd2-a772-e781413c05de,29.421000000000003,confidence_mean,/semantic/confidence,0.9467687877314165,1.0
8402ee7a-2186-4cd2-a772-e781413c05de,29.523000000000003,confidence_mean,/semantic/confidence,0.9516664810261378,1.0
8402ee7a-2186-4cd2-a772-e781413c05de,29.64,confidence_mean,/semantic/confidence,0.9573355766339228,1.0
8402ee7a-2186-4cd2-a772-e781413c05de,29.721,confidence_mean,/semantic/confidence,0.9608953690653046,1.0
8402ee7a-2186-4cd2-a772-e781413c05de,29.823,confidence_mean,/semantic/confidence,0.9612004421216747,1.0
8402ee7a-2186-4cd2-a772-e781413c05de,29.922,confidence_mean,/semantic/confidence,0.9601524700115746,1.0
8402ee7a-2186-4cd2-a772-e781413c05de,30.039,confidence_mean,/semantic/confidence,0.9607841880992055,1.0
8402ee7a-2186-4cd2-a772-e781413c05de,30.144000000000002,confidence_mean,/semantic/confidence,0.9610631801079338,1.0
8402ee7a-2186-4cd2-a772-e781413c05de,30.225,confidence_mean,/semantic/confidence,0.9616698724776507,1.0
8402ee7a-2186-4cd2-a772-e781413c05de,30.321,confidence_mean,/semantic/confidence,0.9615437175737073,1.0
8402ee7a-2186-4cd2-a772-e781413c05de,30.423000000000002,confidence_mean,/semantic/confidence,0.962301637334749,1.0
8402ee7a-2186-4cd2-a772-e781413c05de,30.543000000000003,confidence_mean,/semantic/confidence,0.9621748651269203,1.0
8402ee7a-2186-4cd2-a772-e781413c05de,30.618000000000002,confidence_mean,/semantic/confidence,0.962038667545033,1.0
8402ee7a-2186-4cd2-a772-e781413c05de,30.723000000000003,confidence_mean,/semantic/confidence,0.9619272062834352,1.0
8402ee7a-2186-4cd2-a772-e781413c05de,30.822000000000003,confidence_mean,/semantic/confidence,0.9628647877834737,1.0
8402ee7a-2186-4cd2-a772-e781413c05de,30.939000000000004,confidence_mean,/semantic/confidence,0.9627411196567118,1.0
8402ee7a-2186-4cd2-a772-e781413c05de,31.041,confidence_mean,/semantic/confidence,0.9626685898176705,1.0
8402ee7a-2186-4cd2-a772-e781413c05de,31.122000000000003,confidence_mean,/semantic/confidence,0.9625173804567506,1.0
8402ee7a-2186-4cd2-a772-e781413c05de,31.221000000000004,confidence_mean,/semantic/confidence,0.9624317214063679,1.0
8402ee7a-2186-4cd2-a772-e781413c05de,31.323,confidence_mean,/semantic/confidence,0.9622911456367,1.0
8402ee7a-2186-4cd2-a772-e781413c05de,31.44,confidence_mean,/semantic/confidence,0.9621669631560023,1.0
8402ee7a-2186-4cd2-a772-e781413c05de,31.524,confidence_mean,/semantic/confidence,0.9632428816954295,1.0
8402ee7a-2186-4cd2-a772-e781413c05de,31.623,confidence_mean,/semantic/confidence,0.9630969483110433,1.0
8402ee7a-2186-4cd2-a772-e781413c05de,31.722,confidence_mean,/semantic/confidence,0.9629607428998376,1.0
8402ee7a-2186-4cd2-a772-e781413c05de,31.839000000000002,confidence_mean,/semantic/confidence,0.9628819572925568,1.0
8402ee7a-2186-4cd2-a772-e781413c05de,31.944000000000003,confidence_mean,/semantic/confidence,0.9627979998787244,1.0
8402ee7a-2186-4cd2-a772-e781413c05de,32.022,confidence_mean,/semantic/confidence,0.9627355490454163,1.0
8402ee7a-2186-4cd2-a772-e781413c05de,32.121,confidence_mean,/semantic/confidence,0.9626983060625692,1.0
8402ee7a-2186-4cd2-a772-e781413c05de,32.223,confidence_mean,/semantic/confidence,0.962619324674209,1.0
8402ee7a-2186-4cd2-a772-e781413c05de,32.34,confidence_mean,/semantic/confidence,0.9625628298210601,1.0
8402ee7a-2186-4cd2-a772-e781413c05de,32.421,confidence_mean,/semantic/confidence,0.9624697285688792,1.0
8402ee7a-2186-4cd2-a772-e781413c05de,32.523,confidence_mean,/semantic/confidence,0.9624514877935871,1.0
8402ee7a-2186-4cd2-a772-e781413c05de,32.622,confidence_mean,/semantic/confidence,0.9624572857857371,1.0
8402ee7a-2186-4cd2-a772-e781413c05de,32.742000000000004,confidence_mean,/semantic/confidence,0.962454833687904,1.0
8402ee7a-2186-4cd2-a772-e781413c05de,32.844,confidence_mean,/semantic/confidence,0.962463948976559,1.0
8402ee7a-2186-4cd2-a772-e781413c05de,32.925000000000004,confidence_mean,/semantic/confidence,0.9624580332341914,1.0
8402ee7a-2186-4cd2-a772-e781413c05de,33.021,confidence_mean,/semantic/confidence,0.9624669421340029,1.0
8402ee7a-2186-4cd2-a772-e781413c05de,14.694,global_path_curvature,/plan,0.416862896178299,2.0
8402ee7a-2186-4cd2-a772-e781413c05de,15.714,global_path_curvature,/plan,0.39980724082455804,2.0
8402ee7a-2186-4cd2-a772-e781413c05de,16.722,global_path_curvature,/plan,0.43838930581665303,2.0
8402ee7a-2186-4cd2-a772-e781413c05de,17.754,global_path_curvature,/plan,0.56017303791575,2.0
8402ee7a-2186-4cd2-a772-e781413c05de,18.774,global_path_curvature,/plan,0.5758543700518692,2.0
8402ee7a-2186-4cd2-a772-e781413c05de,19.803,global_path_curvature,/plan,0.47090085773159185,2.0
8402ee7a-2186-4cd2-a772-e781413c05de,20.823,global_path_curvature,/plan,0.5213591155224702,2.0
8402ee7a-2186-4cd2-a772-e781413c05de,21.852,global_path_curvature,/plan,0.41317931200565755,2.0
8402ee7a-2186-4cd2-a772-e781413c05de,22.872,global_path_curvature,/plan,0.5227864835684142,2.0
8402ee7a-2186-4cd2-a772-e781413c05de,23.904,global_path_curvature,/plan,0.4608398066149918,2.0
8402ee7a-2186-4cd2-a772-e781413c05de,24.924000000000003,global_path_curvature,/plan,0.6932356904075471,2.0
8402ee7a-2186-4cd2-a772-e781413c05de,25.953000000000003,global_path_curvature,/plan,0.8789225668964972,2.0
8402ee7a-2186-4cd2-a772-e781413c05de,26.973000000000003,global_path_curvature,/plan,1.5763297982390068,2.0
8402ee7a-2186-4cd2-a772-e781413c05de,27.984,global_path_curvature,/plan,2.1049245934932816,2.0
8402ee7a-2186-4cd2-a772-e781413c05de,29.004,global_path_curvature,/plan,1.2759140997324117,2.0
8402ee7a-2186-4cd2-a772-e781413c05de,30.024,global_path_curvature,/plan,1.4443039857275637,2.0
8402ee7a-2186-4cd2-a772-e781413c05de,31.053,global_path_curvature,/plan,4.956505657101789,2.0
8402ee7a-2186-4cd2-a772-e781413c05de,32.073,global_path_curvature,/plan,3.5837547681059507,2.0
8402ee7a-2186-4cd2-a772-e781413c05de,14.694,global_path_length,/plan,3.0483658087741907,2.0
8402ee7a-2186-4cd2-a772-e781413c05de,15.714,global_path_length,/plan,2.948295336206744,2.0
8402ee7a-2186-4cd2-a772-e781413c05de,16.722,global_path_length,/plan,2.797702570513272,2.0
8402ee7a-2186-4cd2-a772-e781413c05de,17.754,global_path_length,/plan,2.600477985091636,2.0
8402ee7a-2186-4cd2-a772-e781413c05de,18.774,global_path_length,/plan,2.4330475603616257,2.0
8402ee7a-2186-4cd2-a772-e781413c05de,19.803,global_path_length,/plan,2.231314192616755,2.0
8402ee7a-2186-4cd2-a772-e781413c05de,20.823,global_path_length,/plan,2.0313293977851514,2.0
8402ee7a-2186-4cd2-a772-e781413c05de,21.852,global_path_length,/plan,1.822374339514059,2.0
8402ee7a-2186-4cd2-a772-e781413c05de,22.872,global_path_length,/plan,1.681285246583061,2.0
8402ee7a-2186-4cd2-a772-e781413c05de,23.904,global_path_length,/plan,1.4723164127143384,2.0
8402ee7a-2186-4cd2-a772-e781413c05de,24.924000000000003,global_path_length,/plan,1.3274714815965736,2.0
8402ee7a-2186-4cd2-a772-e781413c05de,25.953000000000003,global_path_length,/plan,1.1360604569270059,2.0
8402ee7a-2186-4cd2-a772-e781413c05de,26.973000000000003,global_path_length,/plan,0.9331549072994981,2.0
8402ee7a-2186-4cd2-a772-e781413c05de,27.984,global_path_length,/plan,0.7848613646175063,2.0
8402ee7a-2186-4cd2-a772-e781413c05de,29.004,global_path_length,/plan,0.6238421649122984,2.0
8402ee7a-2186-4cd2-a772-e781413c05de,30.024,global_path_length,/plan,0.5319926366981254,2.0
8402ee7a-2186-4cd2-a772-e781413c05de,31.053,global_path_length,/plan,0.38336648401316153,2.0
8402ee7a-2186-4cd2-a772-e781413c05de,32.073,global_path_length,/plan,0.2727922035441924,2.0
8402ee7a-2186-4cd2-a772-e781413c05de,13.122000000000002,inference_latency_ms,/semantic/inference_latency_ms,10.123717308044434,1.0
8402ee7a-2186-4cd2-a772-e781413c05de,13.221,inference_latency_ms,/semantic/inference_latency_ms,9.37963581085205,1.0
8402ee7a-2186-4cd2-a772-e781413c05de,13.323,inference_latency_ms,/semantic/inference_latency_ms,10.221516609191895,1.0
8402ee7a-2186-4cd2-a772-e781413c05de,13.440000000000001,inference_latency_ms,/semantic/inference_latency_ms,9.402705192565918,1.0
8402ee7a-2186-4cd2-a772-e781413c05de,13.521,inference_latency_ms,/semantic/inference_latency_ms,10.297375679016113,1.0
8402ee7a-2186-4cd2-a772-e781413c05de,13.623000000000001,inference_latency_ms,/semantic/inference_latency_ms,9.455804824829102,1.0
8402ee7a-2186-4cd2-a772-e781413c05de,13.722000000000001,inference_latency_ms,/semantic/inference_latency_ms,9.159065246582031,1.0
8402ee7a-2186-4cd2-a772-e781413c05de,13.839,inference_latency_ms,/semantic/inference_latency_ms,8.72496509552002,1.0
8402ee7a-2186-4cd2-a772-e781413c05de,13.944,inference_latency_ms,/semantic/inference_latency_ms,9.128085136413574,1.0
8402ee7a-2186-4cd2-a772-e781413c05de,14.022,inference_latency_ms,/semantic/inference_latency_ms,10.044376373291016,1.0
8402ee7a-2186-4cd2-a772-e781413c05de,14.121,inference_latency_ms,/semantic/inference_latency_ms,10.115507125854492,1.0
8402ee7a-2186-4cd2-a772-e781413c05de,14.22,inference_latency_ms,/semantic/inference_latency_ms,9.240594863891602,1.0
8402ee7a-2186-4cd2-a772-e781413c05de,14.340000000000002,inference_latency_ms,/semantic/inference_latency_ms,9.358135223388672,1.0
8402ee7a-2186-4cd2-a772-e781413c05de,14.418000000000001,inference_latency_ms,/semantic/inference_latency_ms,8.866754531860352,1.0
8402ee7a-2186-4cd2-a772-e781413c05de,14.523000000000001,inference_latency_ms,/semantic/inference_latency_ms,10.617326736450195,1.0
8402ee7a-2186-4cd2-a772-e781413c05de,14.622000000000002,inference_latency_ms,/semantic/inference_latency_ms,9.951505661010742,1.0
8402ee7a-2186-4cd2-a772-e781413c05de,14.742,inference_latency_ms,/semantic/inference_latency_ms,9.9757661819458,1.0
8402ee7a-2186-4cd2-a772-e781413c05de,14.841000000000001,inference_latency_ms,/semantic/inference_latency_ms,9.373106002807617,1.0
8402ee7a-2186-4cd2-a772-e781413c05de,14.919,inference_latency_ms,/semantic/inference_latency_ms,9.69312572479248,1.0
8402ee7a-2186-4cd2-a772-e781413c05de,15.021,inference_latency_ms,/semantic/inference_latency_ms,10.273165702819824,1.0
8402ee7a-2186-4cd2-a772-e781413c05de,15.123000000000001,inference_latency_ms,/semantic/inference_latency_ms,10.00467586517334,1.0
8402ee7a-2186-4cd2-a772-e781413c05de,15.243,inference_latency_ms,/semantic/inference_latency_ms,9.66584587097168,1.0
8402ee7a-2186-4cd2-a772-e781413c05de,15.321000000000002,inference_latency_ms,/semantic/inference_latency_ms,9.082474708557129,1.0
8402ee7a-2186-4cd2-a772-e781413c05de,15.423000000000002,inference_latency_ms,/semantic/inference_latency_ms,9.221345901489258,1.0
8402ee7a-2186-4cd2-a772-e781413c05de,15.522,inference_latency_ms,/semantic/inference_latency_ms,10.28018569946289,1.0
8402ee7a-2186-4cd2-a772-e781413c05de,15.642000000000001,inference_latency_ms,/semantic/inference_latency_ms,8.948925018310547,1.0
8402ee7a-2186-4cd2-a772-e781413c05de,15.744000000000002,inference_latency_ms,/semantic/inference_latency_ms,9.335245132446289,1.0
8402ee7a-2186-4cd2-a772-e781413c05de,15.822000000000001,inference_latency_ms,/semantic/inference_latency_ms,9.992977142333984,1.0
8402ee7a-2186-4cd2-a772-e781413c05de,15.921000000000001,inference_latency_ms,/semantic/inference_latency_ms,10.555777549743652,1.0
8402ee7a-2186-4cd2-a772-e781413c05de,16.023,inference_latency_ms,/semantic/inference_latency_ms,10.370467185974121,1.0
8402ee7a-2186-4cd2-a772-e781413c05de,16.14,inference_latency_ms,/semantic/inference_latency_ms,10.44301700592041,1.0
8402ee7a-2186-4cd2-a772-e781413c05de,16.221,inference_latency_ms,/semantic/inference_latency_ms,9.507534980773926,1.0
8402ee7a-2186-4cd2-a772-e781413c05de,16.323,inference_latency_ms,/semantic/inference_latency_ms,11.018227577209473,1.0
8402ee7a-2186-4cd2-a772-e781413c05de,16.422,inference_latency_ms,/semantic/inference_latency_ms,9.341585159301758,1.0
8402ee7a-2186-4cd2-a772-e781413c05de,16.542,inference_latency_ms,/semantic/inference_latency_ms,9.826396942138672,1.0
8402ee7a-2186-4cd2-a772-e781413c05de,16.644000000000002,inference_latency_ms,/semantic/inference_latency_ms,8.982925415039062,1.0
8402ee7a-2186-4cd2-a772-e781413c05de,16.722,inference_latency_ms,/semantic/inference_latency_ms,9.406094551086426,1.0
8402ee7a-2186-4cd2-a772-e781413c05de,16.821,inference_latency_ms,/semantic/inference_latency_ms,9.69515609741211,1.0
8402ee7a-2186-4cd2-a772-e781413c05de,16.923000000000002,inference_latency_ms,/semantic/inference_latency_ms,10.109347343444824,1.0
8402ee7a-2186-4cd2-a772-e781413c05de,17.043000000000003,inference_latency_ms,/semantic/inference_latency_ms,9.224485397338867,1.0
8402ee7a-2186-4cd2-a772-e781413c05de,17.118000000000002,inference_latency_ms,/semantic/inference_latency_ms,9.399065971374512,1.0
8402ee7a-2186-4cd2-a772-e781413c05de,17.223000000000003,inference_latency_ms,/semantic/inference_latency_ms,9.522335052490234,1.0
8402ee7a-2186-4cd2-a772-e781413c05de,17.322000000000003,inference_latency_ms,/semantic/inference_latency_ms,9.37419605255127,1.0
8402ee7a-2186-4cd2-a772-e781413c05de,17.439,inference_latency_ms,/semantic/inference_latency_ms,9.711886405944824,1.0
8402ee7a-2186-4cd2-a772-e781413c05de,17.541,inference_latency_ms,/semantic/inference_latency_ms,9.060174942016602,1.0
8402ee7a-2186-4cd2-a772-e781413c05de,17.622,inference_latency_ms,/semantic/inference_latency_ms,9.485296249389648,1.0
8402ee7a-2186-4cd2-a772-e781413c05de,17.721,inference_latency_ms,/semantic/inference_latency_ms,9.859206199645996,1.0
8402ee7a-2186-4cd2-a772-e781413c05de,17.823,inference_latency_ms,/semantic/inference_latency_ms,9.516735076904297,1.0
8402ee7a-2186-4cd2-a772-e781413c05de,17.94,inference_latency_ms,/semantic/inference_latency_ms,9.237325668334961,1.0
8402ee7a-2186-4cd2-a772-e781413c05de,18.021,inference_latency_ms,/semantic/inference_latency_ms,9.616226196289062,1.0
8402ee7a-2186-4cd2-a772-e781413c05de,18.123,inference_latency_ms,/semantic/inference_latency_ms,9.149214744567871,1.0
8402ee7a-2186-4cd2-a772-e781413c05de,18.222,inference_latency_ms,/semantic/inference_latency_ms,9.860956192016602,1.0
8402ee7a-2186-4cd2-a772-e781413c05de,18.339000000000002,inference_latency_ms,/semantic/inference_latency_ms,9.128874778747559,1.0
8402ee7a-2186-4cd2-a772-e781413c05de,18.444000000000003,inference_latency_ms,/semantic/inference_latency_ms,10.18388557434082,1.0
8402ee7a-2186-4cd2-a772-e781413c05de,18.522000000000002,inference_latency_ms,/semantic/inference_latency_ms,9.554326057434082,1.0
8402ee7a-2186-4cd2-a772-e781413c05de,18.621000000000002,inference_latency_ms,/semantic/inference_latency_ms,9.705606460571289,1.0
8402ee7a-2186-4cd2-a772-e781413c05de,18.723000000000003,inference_latency_ms,/semantic/inference_latency_ms,10.12010669708252,1.0
8402ee7a-2186-4cd2-a772-e781413c05de,18.84,inference_latency_ms,/semantic/inference_latency_ms,10.547026634216309,1.0
8402ee7a-2186-4cd2-a772-e781413c05de,18.921000000000003,inference_latency_ms,/semantic/inference_latency_ms,9.626906394958496,1.0
8402ee7a-2186-4cd2-a772-e781413c05de,19.023,inference_latency_ms,/semantic/inference_latency_ms,9.763166427612305,1.0
8402ee7a-2186-4cd2-a772-e781413c05de,19.122,inference_latency_ms,/semantic/inference_latency_ms,9.454645156860352,1.0
8402ee7a-2186-4cd2-a772-e781413c05de,19.242,inference_latency_ms,/semantic/inference_latency_ms,10.975447654724121,1.0
8402ee7a-2186-4cd2-a772-e781413c05de,19.341,inference_latency_ms,/semantic/inference_latency_ms,8.637735366821289,1.0
8402ee7a-2186-4cd2-a772-e781413c05de,19.422,inference_latency_ms,/semantic/inference_latency_ms,10.288286209106445,1.0
8402ee7a-2186-4cd2-a772-e781413c05de,19.521,inference_latency_ms,/semantic/inference_latency_ms,9.567126274108887,1.0
8402ee7a-2186-4cd2-a772-e781413c05de,19.623,inference_latency_ms,/semantic/inference_latency_ms,10.744378089904785,1.0
8402ee7a-2186-4cd2-a772-e781413c05de,19.740000000000002,inference_latency_ms,/semantic/inference_latency_ms,9.339316368103027,1.0
8402ee7a-2186-4cd2-a772-e781413c05de,19.821,inference_latency_ms,/semantic/inference_latency_ms,10.085516929626465,1.0
8402ee7a-2186-4cd2-a772-e781413c05de,19.923000000000002,inference_latency_ms,/semantic/inference_latency_ms,9.037665367126465,1.0
8402ee7a-2186-4cd2-a772-e781413c05de,20.022000000000002,inference_latency_ms,/semantic/inference_latency_ms,10.336167335510254,1.0
8402ee7a-2186-4cd2-a772-e781413c05de,20.139000000000003,inference_latency_ms,/semantic/inference_latency_ms,9.294975280761719,1.0
8402ee7a-2186-4cd2-a772-e781413c05de,20.241,inference_latency_ms,/semantic/inference_latency_ms,9.900965690612793,1.0
8402ee7a-2186-4cd2-a772-e781413c05de,20.322000000000003,inference_latency_ms,/semantic/inference_latency_ms,9.305135726928711,1.0
8402ee7a-2186-4cd2-a772-e781413c05de,20.421000000000003,inference_latency_ms,/semantic/inference_latency_ms,10.637296676635742,1.0
8402ee7a-2186-4cd2-a772-e781413c05de,20.523,inference_latency_ms,/semantic/inference_latency_ms,9.789566040039062,1.0
8402ee7a-2186-4cd2-a772-e781413c05de,20.643,inference_latency_ms,/semantic/inference_latency_ms,9.56407642364502,1.0
8402ee7a-2186-4cd2-a772-e781413c05de,20.721,inference_latency_ms,/semantic/inference_latency_ms,9.684825897216797,1.0
8402ee7a-2186-4cd2-a772-e781413c05de,20.823,inference_latency_ms,/semantic/inference_latency_ms,9.624126434326172,1.0
8402ee7a-2186-4cd2-a772-e781413c05de,20.922,inference_latency_ms,/semantic/inference_latency_ms,9.56053638458252,1.0
8402ee7a-2186-4cd2-a772-e781413c05de,21.039,inference_latency_ms,/semantic/inference_latency_ms,9.126035690307617,1.0
8402ee7a-2186-4cd2-a772-e781413c05de,21.144000000000002,inference_latency_ms,/semantic/inference_latency_ms,9.738136291503906,1.0
8402ee7a-2186-4cd2-a772-e781413c05de,21.222,inference_latency_ms,/semantic/inference_latency_ms,9.411846160888672,1.0
8402ee7a-2186-4cd2-a772-e781413c05de,21.321,inference_latency_ms,/semantic/inference_latency_ms,10.384337425231934,1.0
8402ee7a-2186-4cd2-a772-e781413c05de,21.42,inference_latency_ms,/semantic/inference_latency_ms,9.104134559631348,1.0
8402ee7a-2186-4cd2-a772-e781413c05de,21.543000000000003,inference_latency_ms,/semantic/inference_latency_ms,9.500446319580078,1.0
8402ee7a-2186-4cd2-a772-e781413c05de,21.621000000000002,inference_latency_ms,/semantic/inference_latency_ms,9.68526554107666,1.0
8402ee7a-2186-4cd2-a772-e781413c05de,21.723000000000003,inference_latency_ms,/semantic/inference_latency_ms,9.168834686279297,1.0
8402ee7a-2186-4cd2-a772-e781413c05de,21.822000000000003,inference_latency_ms,/semantic/inference_latency_ms,10.036907196044922,1.0
8402ee7a-2186-4cd2-a772-e781413c05de,21.942,inference_latency_ms,/semantic/inference_latency_ms,9.629096031188965,1.0
8402ee7a-2186-4cd2-a772-e781413c05de,22.041,inference_latency_ms,/semantic/inference_latency_ms,9.64892578125,1.0
8402ee7a-2186-4cd2-a772-e781413c05de,22.125,inference_latency_ms,/semantic/inference_latency_ms,9.92890739440918,1.0
8402ee7a-2186-4cd2-a772-e781413c05de,22.221,inference_latency_ms,/semantic/inference_latency_ms,9.038684844970703,1.0
8402ee7a-2186-4cd2-a772-e781413c05de,22.323,inference_latency_ms,/semantic/inference_latency_ms,10.134186744689941,1.0
8402ee7a-2186-4cd2-a772-e781413c05de,22.443,inference_latency_ms,/semantic/inference_latency_ms,9.592436790466309,1.0
8402ee7a-2186-4cd2-a772-e781413c05de,22.521,inference_latency_ms,/semantic/inference_latency_ms,9.968855857849121,1.0
8402ee7a-2186-4cd2-a772-e781413c05de,22.623,inference_latency_ms,/semantic/inference_latency_ms,9.762065887451172,1.0
8402ee7a-2186-4cd2-a772-e781413c05de,22.722,inference_latency_ms,/semantic/inference_latency_ms,10.723987579345703,1.0
8402ee7a-2186-4cd2-a772-e781413c05de,22.839000000000002,inference_latency_ms,/semantic/inference_latency_ms,9.029766082763672,1.0
8402ee7a-2186-4cd2-a772-e781413c05de,22.944000000000003,inference_latency_ms,/semantic/inference_latency_ms,10.262956619262695,1.0
8402ee7a-2186-4cd2-a772-e781413c05de,23.022000000000002,inference_latency_ms,/semantic/inference_latency_ms,9.80789566040039,1.0
8402ee7a-2186-4cd2-a772-e781413c05de,23.121000000000002,inference_latency_ms,/semantic/inference_latency_ms,9.11153507232666,1.0
8402ee7a-2186-4cd2-a772-e781413c05de,23.223000000000003,inference_latency_ms,/semantic/inference_latency_ms,10.025906562805176,1.0
8402ee7a-2186-4cd2-a772-e781413c05de,23.34,inference_latency_ms,/semantic/inference_latency_ms,8.947654724121094,1.0
8402ee7a-2186-4cd2-a772-e781413c05de,23.421000000000003,inference_latency_ms,/semantic/inference_latency_ms,9.153414726257324,1.0
8402ee7a-2186-4cd2-a772-e781413c05de,23.523000000000003,inference_latency_ms,/semantic/inference_latency_ms,9.507575988769531,1.0
8402ee7a-2186-4cd2-a772-e781413c05de,23.622,inference_latency_ms,/semantic/inference_latency_ms,9.555095672607422,1.0
8402ee7a-2186-4cd2-a772-e781413c05de,23.742,inference_latency_ms,/semantic/inference_latency_ms,8.887535095214844,1.0
8402ee7a-2186-4cd2-a772-e781413c05de,23.841,inference_latency_ms,/semantic/inference_latency_ms,9.548666000366211,1.0
8402ee7a-2186-4cd2-a772-e781413c05de,23.922,inference_latency_ms,/semantic/inference_latency_ms,9.418025970458984,1.0
8402ee7a-2186-4cd2-a772-e781413c05de,24.021,inference_latency_ms,/semantic/inference_latency_ms,10.14449691772461,1.0
8402ee7a-2186-4cd2-a772-e781413c05de,24.123,inference_latency_ms,/semantic/inference_latency_ms,10.404678344726562,1.0
8402ee7a-2186-4cd2-a772-e781413c05de,24.243000000000002,inference_latency_ms,/semantic/inference_latency_ms,9.647215843200684,1.0
8402ee7a-2186-4cd2-a772-e781413c05de,24.321,inference_latency_ms,/semantic/inference_latency_ms,9.468525886535645,1.0
8402ee7a-2186-4cd2-a772-e781413c05de,24.423000000000002,inference_latency_ms,/semantic/inference_latency_ms,9.610916137695312,1.0
8402ee7a-2186-4cd2-a772-e781413c05de,24.522000000000002,inference_latency_ms,/semantic/inference_latency_ms,10.235007286071777,1.0
8402ee7a-2186-4cd2-a772-e781413c05de,24.642000000000003,inference_latency_ms,/semantic/inference_latency_ms,9.165485382080078,1.0
8402ee7a-2186-4cd2-a772-e781413c05de,24.744,inference_latency_ms,/semantic/inference_latency_ms,9.301416397094727,1.0
8402ee7a-2186-4cd2-a772-e781413c05de,24.822000000000003,inference_latency_ms,/semantic/inference_latency_ms,9.571435928344727,1.0
8402ee7a-2186-4cd2-a772-e781413c05de,24.921000000000003,inference_latency_ms,/semantic/inference_latency_ms,9.310495376586914,1.0
8402ee7a-2186-4cd2-a772-e781413c05de,25.020000000000003,inference_latency_ms,/semantic/inference_latency_ms,9.000234603881836,1.0
8402ee7a-2186-4cd2-a772-e781413c05de,25.143,inference_latency_ms,/semantic/inference_latency_ms,9.561924934387207,1.0
8402ee7a-2186-4cd2-a772-e781413c05de,25.221,inference_latency_ms,/semantic/inference_latency_ms,9.253955841064453,1.0
8402ee7a-2186-4cd2-a772-e781413c05de,25.323,inference_latency_ms,/semantic/inference_latency_ms,9.382044792175293,1.0
8402ee7a-2186-4cd2-a772-e781413c05de,25.422,inference_latency_ms,/semantic/inference_latency_ms,10.792848587036133,1.0
8402ee7a-2186-4cd2-a772-e781413c05de,25.542,inference_latency_ms,/semantic/inference_latency_ms,9.671426773071289,1.0
8402ee7a-2186-4cd2-a772-e781413c05de,25.644000000000002,inference_latency_ms,/semantic/inference_latency_ms,9.265775680541992,1.0
8402ee7a-2186-4cd2-a772-e781413c05de,25.719,inference_latency_ms,/semantic/inference_latency_ms,8.935194969177246,1.0
8402ee7a-2186-4cd2-a772-e781413c05de,25.821,inference_latency_ms,/semantic/inference_latency_ms,10.338096618652344,1.0
8402ee7a-2186-4cd2-a772-e781413c05de,25.923000000000002,inference_latency_ms,/semantic/inference_latency_ms,9.99023723602295,1.0
8402ee7a-2186-4cd2-a772-e781413c05de,26.043000000000003,inference_latency_ms,/semantic/inference_latency_ms,10.230076789855957,1.0
8402ee7a-2186-4cd2-a772-e781413c05de,26.121000000000002,inference_latency_ms,/semantic/inference_latency_ms,9.97054672241211,1.0
8402ee7a-2186-4cd2-a772-e781413c05de,26.223000000000003,inference_latency_ms,/semantic/inference_latency_ms,10.12348747253418,1.0
8402ee7a-2186-4cd2-a772-e781413c05de,26.322000000000003,inference_latency_ms,/semantic/inference_latency_ms,9.496835708618164,1.0
8402ee7a-2186-4cd2-a772-e781413c05de,26.442,inference_latency_ms,/semantic/inference_latency_ms,10.276296615600586,1.0
8402ee7a-2186-4cd2-a772-e781413c05de,26.544,inference_latency_ms,/semantic/inference_latency_ms,9.486565589904785,1.0
8402ee7a-2186-4cd2-a772-e781413c05de,26.622,inference_latency_ms,/semantic/inference_latency_ms,10.271866798400879,1.0
8402ee7a-2186-4cd2-a772-e781413c05de,26.721,inference_latency_ms,/semantic/inference_latency_ms,9.486236572265625,1.0
8402ee7a-2186-4cd2-a772-e781413c05de,26.823,inference_latency_ms,/semantic/inference_latency_ms,9.671075820922852,1.0
8402ee7a-2186-4cd2-a772-e781413c05de,26.943,inference_latency_ms,/semantic/inference_latency_ms,9.44234561920166,1.0
8402ee7a-2186-4cd2-a772-e781413c05de,27.021,inference_latency_ms,/semantic/inference_latency_ms,9.04548454284668,1.0
8402ee7a-2186-4cd2-a772-e781413c05de,27.123,inference_latency_ms,/semantic/inference_latency_ms,8.77037525177002,1.0
8402ee7a-2186-4cd2-a772-e781413c05de,27.222,inference_latency_ms,/semantic/inference_latency_ms,9.893905639648438,1.0
8402ee7a-2186-4cd2-a772-e781413c05de,27.339000000000002,inference_latency_ms,/semantic/inference_latency_ms,9.292675971984863,1.0
8402ee7a-2186-4cd2-a772-e781413c05de,27.444000000000003,inference_latency_ms,/semantic/inference_latency_ms,9.20136547088623,1.0
8402ee7a-2186-4cd2-a772-e781413c05de,27.522000000000002,inference_latency_ms,/semantic/inference_latency_ms,9.664127349853516,1.0
8402ee7a-2186-4cd2-a772-e781413c05de,27.621000000000002,inference_latency_ms,/semantic/inference_latency_ms,9.661425590515137,1.0
8402ee7a-2186-4cd2-a772-e781413c05de,27.723000000000003,inference_latency_ms,/semantic/inference_latency_ms,9.875576972961426,1.0
8402ee7a-2186-4cd2-a772-e781413c05de,27.840000000000003,inference_latency_ms,/semantic/inference_latency_ms,9.371246337890625,1.0
8402ee7a-2186-4cd2-a772-e781413c05de,27.921000000000003,inference_latency_ms,/semantic/inference_latency_ms,9.62044620513916,1.0
8402ee7a-2186-4cd2-a772-e781413c05de,28.023000000000003,inference_latency_ms,/semantic/inference_latency_ms,9.109685897827148,1.0
8402ee7a-2186-4cd2-a772-e781413c05de,28.122000000000003,inference_latency_ms,/semantic/inference_latency_ms,10.087287902832031,1.0
8402ee7a-2186-4cd2-a772-e781413c05de,28.242,inference_latency_ms,/semantic/inference_latency_ms,9.392226219177246,1.0
8402ee7a-2186-4cd2-a772-e781413c05de,28.344,inference_latency_ms,/semantic/inference_latency_ms,9.013585090637207,1.0
8402ee7a-2186-4cd2-a772-e781413c05de,28.422,inference_latency_ms,/semantic/inference_latency_ms,9.837145805358887,1.0
8402ee7a-2186-4cd2-a772-e781413c05de,28.521,inference_latency_ms,/semantic/inference_latency_ms,10.132238388061523,1.0
8402ee7a-2186-4cd2-a772-e781413c05de,28.623,inference_latency_ms,/semantic/inference_latency_ms,9.30651569366455,1.0
8402ee7a-2186-4cd2-a772-e781413c05de,28.740000000000002,inference_latency_ms,/semantic/inference_latency_ms,9.642916679382324,1.0
8402ee7a-2186-4cd2-a772-e781413c05de,28.821,inference_latency_ms,/semantic/inference_latency_ms,8.976454734802246,1.0
8402ee7a-2186-4cd2-a772-e781413c05de,28.923000000000002,inference_latency_ms,/semantic/inference_latency_ms,10.875948905944824,1.0
8402ee7a-2186-4cd2-a772-e781413c05de,29.022000000000002,inference_latency_ms,/semantic/inference_latency_ms,9.819855690002441,1.0
8402ee7a-2186-4cd2-a772-e781413c05de,29.142000000000003,inference_latency_ms,/semantic/inference_latency_ms,9.318196296691895,1.0
8402ee7a-2186-4cd2-a772-e781413c05de,29.244000000000003,inference_latency_ms,/semantic/inference_latency_ms,9.282876014709473,1.0
8402ee7a-2186-4cd2-a772-e781413c05de,29.322000000000003,inference_latency_ms,/semantic/inference_latency_ms,9.791715621948242,1.0
8402ee7a-2186-4cd2-a772-e781413c05de,29.421000000000003,inference_latency_ms,/semantic/inference_latency_ms,9.392366409301758,1.0
8402ee7a-2186-4cd2-a772-e781413c05de,29.523000000000003,inference_latency_ms,/semantic/inference_latency_ms,9.859367370605469,1.0
8402ee7a-2186-4cd2-a772-e781413c05de,29.64,inference_latency_ms,/semantic/inference_latency_ms,9.13371467590332,1.0
8402ee7a-2186-4cd2-a772-e781413c05de,29.721,inference_latency_ms,/semantic/inference_latency_ms,9.836337089538574,1.0
8402ee7a-2186-4cd2-a772-e781413c05de,29.823,inference_latency_ms,/semantic/inference_latency_ms,9.176666259765625,1.0
8402ee7a-2186-4cd2-a772-e781413c05de,29.922,inference_latency_ms,/semantic/inference_latency_ms,9.51978588104248,1.0
8402ee7a-2186-4cd2-a772-e781413c05de,30.039,inference_latency_ms,/semantic/inference_latency_ms,9.40030574798584,1.0
8402ee7a-2186-4cd2-a772-e781413c05de,30.144000000000002,inference_latency_ms,/semantic/inference_latency_ms,9.894416809082031,1.0
8402ee7a-2186-4cd2-a772-e781413c05de,30.225,inference_latency_ms,/semantic/inference_latency_ms,11.032669067382812,1.0
8402ee7a-2186-4cd2-a772-e781413c05de,30.321,inference_latency_ms,/semantic/inference_latency_ms,9.300545692443848,1.0
8402ee7a-2186-4cd2-a772-e781413c05de,30.423000000000002,inference_latency_ms,/semantic/inference_latency_ms,8.792255401611328,1.0
8402ee7a-2186-4cd2-a772-e781413c05de,30.543000000000003,inference_latency_ms,/semantic/inference_latency_ms,9.347875595092773,1.0
8402ee7a-2186-4cd2-a772-e781413c05de,30.621000000000002,inference_latency_ms,/semantic/inference_latency_ms,9.694436073303223,1.0
8402ee7a-2186-4cd2-a772-e781413c05de,30.723000000000003,inference_latency_ms,/semantic/inference_latency_ms,9.511795997619629,1.0
8402ee7a-2186-4cd2-a772-e781413c05de,30.822000000000003,inference_latency_ms,/semantic/inference_latency_ms,9.943097114562988,1.0
8402ee7a-2186-4cd2-a772-e781413c05de,30.939000000000004,inference_latency_ms,/semantic/inference_latency_ms,9.778346061706543,1.0
8402ee7a-2186-4cd2-a772-e781413c05de,31.041,inference_latency_ms,/semantic/inference_latency_ms,9.36375617980957,1.0
8402ee7a-2186-4cd2-a772-e781413c05de,31.122000000000003,inference_latency_ms,/semantic/inference_latency_ms,10.192977905273438,1.0
8402ee7a-2186-4cd2-a772-e781413c05de,31.221000000000004,inference_latency_ms,/semantic/inference_latency_ms,9.953877449035645,1.0
8402ee7a-2186-4cd2-a772-e781413c05de,31.323,inference_latency_ms,/semantic/inference_latency_ms,10.298477172851562,1.0
8402ee7a-2186-4cd2-a772-e781413c05de,31.443,inference_latency_ms,/semantic/inference_latency_ms,9.481216430664062,1.0
8402ee7a-2186-4cd2-a772-e781413c05de,31.524,inference_latency_ms,/semantic/inference_latency_ms,10.601749420166016,1.0
8402ee7a-2186-4cd2-a772-e781413c05de,31.623,inference_latency_ms,/semantic/inference_latency_ms,9.820426940917969,1.0
8402ee7a-2186-4cd2-a772-e781413c05de,31.722,inference_latency_ms,/semantic/inference_latency_ms,10.451027870178223,1.0
8402ee7a-2186-4cd2-a772-e781413c05de,31.839000000000002,inference_latency_ms,/semantic/inference_latency_ms,9.28786563873291,1.0
8402ee7a-2186-4cd2-a772-e781413c05de,31.944000000000003,inference_latency_ms,/semantic/inference_latency_ms,9.852876663208008,1.0
8402ee7a-2186-4cd2-a772-e781413c05de,32.022,inference_latency_ms,/semantic/inference_latency_ms,9.956016540527344,1.0
8402ee7a-2186-4cd2-a772-e781413c05de,32.121,inference_latency_ms,/semantic/inference_latency_ms,10.251908302307129,1.0
8402ee7a-2186-4cd2-a772-e781413c05de,32.223,inference_latency_ms,/semantic/inference_latency_ms,10.123546600341797,1.0
8402ee7a-2186-4cd2-a772-e781413c05de,32.34,inference_latency_ms,/semantic/inference_latency_ms,9.459687232971191,1.0
8402ee7a-2186-4cd2-a772-e781413c05de,32.421,inference_latency_ms,/semantic/inference_latency_ms,9.380785942077637,1.0
8402ee7a-2186-4cd2-a772-e781413c05de,32.523,inference_latency_ms,/semantic/inference_latency_ms,9.524725914001465,1.0
8402ee7a-2186-4cd2-a772-e781413c05de,32.622,inference_latency_ms,/semantic/inference_latency_ms,9.507366180419922,1.0
8402ee7a-2186-4cd2-a772-e781413c05de,32.742000000000004,inference_latency_ms,/semantic/inference_latency_ms,9.25601577758789,1.0
8402ee7a-2186-4cd2-a772-e781413c05de,32.844,inference_latency_ms,/semantic/inference_latency_ms,9.603056907653809,1.0
8402ee7a-2186-4cd2-a772-e781413c05de,32.925000000000004,inference_latency_ms,/semantic/inference_latency_ms,9.74388599395752,1.0
8402ee7a-2186-4cd2-a772-e781413c05de,33.021,inference_latency_ms,/semantic/inference_latency_ms,9.530357360839844,1.0
8402ee7a-2186-4cd2-a772-e781413c05de,13.104000000000001,measured_angular,/odom,-7.685766434871338e-20,0.5
8402ee7a-2186-4cd2-a772-e781413c05de,13.14,measured_angular,/odom,-7.378335777476484e-20,0.5
8402ee7a-2186-4cd2-a772-e781413c05de,13.176,measured_angular,/odom,-3.381737231343389e-20,0.5
8402ee7a-2186-4cd2-a772-e781413c05de,13.212000000000002,measured_angular,/odom,-4.918890518317656e-20,0.5
8402ee7a-2186-4cd2-a772-e781413c05de,13.248000000000001,measured_angular,/odom,-6.148613147897065e-21,0.5
8402ee7a-2186-4cd2-a772-e781413c05de,13.284,measured_angular,/odom,-6.456043805291923e-20,0.5
8402ee7a-2186-4cd2-a772-e781413c05de,13.32,measured_angular,/odom,-5.533751833107363e-20,0.5
8402ee7a-2186-4cd2-a772-e781413c05de,13.356000000000002,measured_angular,/odom,-7.070905120081631e-20,0.5
8402ee7a-2186-4cd2-a772-e781413c05de,13.392000000000001,measured_angular,/odom,-8.300627749661046e-20,0.5
8402ee7a-2186-4cd2-a772-e781413c05de,13.428,measured_angular,/odom,-7.685766434871338e-20,0.5
8402ee7a-2186-4cd2-a772-e781413c05de,13.464,measured_angular,/odom,-2.459445259158828e-20,0.5
8402ee7a-2186-4cd2-a772-e781413c05de,13.5,measured_angular,/odom,-5.533751833107363e-20,0.5
8402ee7a-2186-4cd2-a772-e781413c05de,13.536000000000001,measured_angular,/odom,-9.530350379240459e-20,0.5
8402ee7a-2186-4cd2-a772-e781413c05de,13.572000000000001,measured_angular,/odom,-1.0145211694030164e-19,0.5
8402ee7a-2186-4cd2-a772-e781413c05de,13.611,measured_angular,/odom,-1.229722629579414e-19,0.5
8402ee7a-2186-4cd2-a772-e781413c05de,13.644,measured_angular,/odom,-3.0743065739485403e-21,0.5
8402ee7a-2186-4cd2-a772-e781413c05de,13.680000000000001,measured_angular,/odom,-6.456043805291923e-20,0.5
8402ee7a-2186-4cd2-a772-e781413c05de,13.716000000000001,measured_angular,/odom,-3.9965985461330955e-20,0.5
8402ee7a-2186-4cd2-a772-e781413c05de,13.752,measured_angular,/odom,-5.2263211757125094e-20,0.5
8402ee7a-2186-4cd2-a772-e781413c05de,13.788,measured_angular,/odom,-2.459445259158828e-20,0.5
8402ee7a-2186-4cd2-a772-e781413c05de,13.824000000000002,measured_angular,/odom,-3.9965985461330955e-20,0.5
8402ee7a-2186-4cd2-a772-e781413c05de,13.860000000000001,measured_angular,/odom,-4.611459860922802e-20,0.5
8402ee7a-2186-4cd2-a772-e781413c05de,13.896,measured_angular,/odom,-6.763474462686778e-20,0.5
8402ee7a-2186-4cd2-a772-e781413c05de,13.932,measured_angular,/odom,-4.6114598609228034e-20,0.5
8402ee7a-2186-4cd2-a772-e781413c05de,13.968000000000002,measured_angular,/odom,-6.148613147897064e-21,0.5
8402ee7a-2186-4cd2-a772-e781413c05de,14.004000000000001,measured_angular,/odom,-4.918890518317656e-20,0.5
8402ee7a-2186-4cd2-a772-e781413c05de,14.040000000000001,measured_angular,/odom,-8.608058407055899e-20,0.5
8402ee7a-2186-4cd2-a772-e781413c05de,14.076,measured_angular,/odom,-1.0145211694030167e-19,0.5
8402ee7a-2186-4cd2-a772-e781413c05de,14.112,measured_angular,/odom,-6.14861314789707e-20,0.5
8402ee7a-2186-4cd2-a772-e781413c05de,14.148000000000001,measured_angular,/odom,-3.996598546133095e-20,0.5
8402ee7a-2186-4cd2-a772-e781413c05de,14.184000000000001,measured_angular,/odom,-1.8445839443691205e-20,0.5
8402ee7a-2186-4cd2-a772-e781413c05de,14.22,measured_angular,/odom,-3.9965985461330955e-20,0.5
8402ee7a-2186-4cd2-a772-e781413c05de,14.256,measured_angular,/odom,-2.4594452591588274e-20,0.5
8402ee7a-2186-4cd2-a772-e781413c05de,14.292000000000002,measured_angular,/odom,-9.530350379240458e-20,0.5
8402ee7a-2186-4cd2-a772-e781413c05de,14.328000000000001,measured_angular,/odom,-5.841182490502218e-20,0.5
8402ee7a-2186-4cd2-a772-e781413c05de,14.364,measured_angular,/odom,-1.1682364981004433e-19,0.5
8402ee7a-2186-4cd2-a772-e781413c05de,14.4,measured_angular,/odom,-6.14861314789707e-20,0.5
8402ee7a-2186-4cd2-a772-e781413c05de,14.436000000000002,measured_angular,/odom,-3.381737231343389e-20,0.5
8402ee7a-2186-4cd2-a772-e781413c05de,14.472000000000001,measured_angular,/odom,-9.530350379240459e-20,0.5
8402ee7a-2186-4cd2-a772-e781413c05de,14.508000000000001,measured_angular,/odom,-2.7668759165536817e-20,0.5
8402ee7a-2186-4cd2-a772-e781413c05de,14.544,measured_angular,/odom,-3.381737231343388e-20,0.5
8402ee7a-2186-4cd2-a772-e781413c05de,14.58,measured_angular,/odom,-4.918890518317655e-20,0.5
8402ee7a-2186-4cd2-a772-e781413c05de,14.616000000000001,measured_angular,/odom,-7.378335777476484e-20,0.5
8402ee7a-2186-4cd2-a772-e781413c05de,14.652000000000001,measured_angular,/odom,2.766875916553681e-20,0.5
8402ee7a-2186-4cd2-a772-e781413c05de,14.688,measured_angular,/odom,-9.222919721845604e-20,0.5
8402ee7a-2186-4cd2-a772-e781413c05de,14.724,measured_angular,/odom,-3.381737231343389e-20,0.5
8402ee7a-2186-4cd2-a772-e781413c05de,14.760000000000002,measured_angular,/odom,-1.8445839443691208e-20,0.5
8402ee7a-2186-4cd2-a772-e781413c05de,14.796000000000001,measured_angular,/odom,0.0038931814507473113,0.5
8402ee7a-2186-4cd2-a772-e781413c05de,14.832,measured_angular,/odom,0.003893181448763252,0.5
8402ee7a-2186-4cd2-a772-e781413c05de,14.868,measured_angular,/odom,0.006394716298433944,0.5
8402ee7a-2186-4cd2-a772-e781413c05de,14.904000000000002,measured_angular,/odom,-0.017467298436158307,0.5
8402ee7a-2186-4cd2-a772-e781413c05de,14.940000000000001,measured_angular,/odom,-0.03932689210728037,0.5
8402ee7a-2186-4cd2-a772-e781413c05de,14.976,measured_angular,/odom,-0.04640617221556706,0.5
8402ee7a-2186-4cd2-a772-e781413c05de,15.012,measured_angular,/odom,-0.059357879348371,0.5
8402ee7a-2186-4cd2-a772-e781413c05de,15.048000000000002,measured_angular,/odom,-0.055482991427270235,0.5
8402ee7a-2186-4cd2-a772-e781413c05de,15.084000000000001,measured_angular,/odom,-0.05101631209261979,0.5
8402ee7a-2186-4cd2-a772-e781413c05de,15.120000000000001,measured_angular,/odom,-0.05101631209263106,0.5
8402ee7a-2186-4cd2-a772-e781413c05de,15.156,measured_angular,/odom,-0.042741666863373926,0.5
8402ee7a-2186-4cd2-a772-e781413c05de,15.192,measured_angular,/odom,-0.040918387470322996,0.5
8402ee7a-2186-4cd2-a772-e781413c05de,15.228000000000002,measured_angular,/odom,-0.0409183874727657,0.5
8402ee7a-2186-4cd2-a772-e781413c05de,15.264000000000001,measured_angular,/odom,-0.039344195276507066,0.5
8402ee7a-2186-4cd2-a772-e781413c05de,15.3,measured_angular,/odom,-0.038227903474201394,0.5
8402ee7a-2186-4cd2-a772-e781413c05de,15.336,measured_angular,/odom,-0.041180562227971916,0.5
8402ee7a-2186-4cd2-a772-e781413c05de,15.372000000000002,measured_angular,/odom,-0.04118056222804687,0.5
8402ee7a-2186-4cd2-a772-e781413c05de,15.411000000000001,measured_angular,/odom,-0.04533209203398549,0.5
8402ee7a-2186-4cd2-a772-e781413c05de,15.444,measured_angular,/odom,-0.044011421501716046,0.5
8402ee7a-2186-4cd2-a772-e781413c05de,15.48,measured_angular,/odom,-0.04401142150172572,0.5
8402ee7a-2186-4cd2-a772-e781413c05de,15.516000000000002,measured_angular,/odom,-0.04404847696433585,0.5
8402ee7a-2186-4cd2-a772-e781413c05de,15.552000000000001,measured_angular,/odom,-0.04686224459828551,0.5
8402ee7a-2186-4cd2-a772-e781413c05de,15.588000000000001,measured_angular,/odom,-0.04408704676580679,0.5
8402ee7a-2186-4cd2-a772-e781413c05de,15.624,measured_angular,/odom,-0.04377869144094142,0.5
8402ee7a-2186-4cd2-a772-e781413c05de,15.66,measured_angular,/odom,-0.04489618353208704,0.5
8402ee7a-2186-4cd2-a772-e781413c05de,15.696000000000002,measured_angular,/odom,-0.04217158257974925,0.5
8402ee7a-2186-4cd2-a772-e781413c05de,15.732000000000001,measured_angular,/odom,-0.04217158257973313,0.5
8402ee7a-2186-4cd2-a772-e781413c05de,15.768,measured_angular,/odom,-0.04802176232870698,0.5
8402ee7a-2186-4cd2-a772-e781413c05de,15.804,measured_angular,/odom,-0.04885137826251342,0.5
8402ee7a-2186-4cd2-a772-e781413c05de,15.840000000000002,measured_angular,/odom,-0.04127683912591209,0.5
8402ee7a-2186-4cd2-a772-e781413c05de,15.876000000000001,measured_angular,/odom,-0.040133204311287154,0.5
8402ee7a-2186-4cd2-a772-e781413c05de,15.912,measured_angular,/odom,-0.04120445251190053,0.5
8402ee7a-2186-4cd2-a772-e781413c05de,15.948,measured_angular,/odom,-0.03838368059104528,0.5
8402ee7a-2186-4cd2-a772-e781413c05de,15.984000000000002,measured_angular,/odom,-0.03664773330105795,0.5
8402ee7a-2186-4cd2-a772-e781413c05de,16.02,measured_angular,/odom,-0.03664773330103861,0.5
8402ee7a-2186-4cd2-a772-e781413c05de,16.056,measured_angular,/odom,-0.03954517096285818,0.5
8402ee7a-2186-4cd2-a772-e781413c05de,16.092000000000002,measured_angular,/odom,-0.03059869979827619,0.5
8402ee7a-2186-4cd2-a772-e781413c05de,16.128,measured_angular,/odom,-0.030271314084670285,0.5
8402ee7a-2186-4cd2-a772-e781413c05de,16.164,measured_angular,/odom,-0.029803493991495216,0.5
8402ee7a-2186-4cd2-a772-e781413c05de,16.2,measured_angular,/odom,-0.032943695215396945,0.5
8402ee7a-2186-4cd2-a772-e781413c05de,16.236,measured_angular,/odom,-0.03432127832993848,0.5
8402ee7a-2186-4cd2-a772-e781413c05de,16.272000000000002,measured_angular,/odom,-0.03457844629891103,0.5
8402ee7a-2186-4cd2-a772-e781413c05de,16.308,measured_angular,/odom,-0.029248950646985423,0.5
8402ee7a-2186-4cd2-a772-e781413c05de,16.344,measured_angular,/odom,-0.02999226376416948,0.5
8402ee7a-2186-4cd2-a772-e781413c05de,16.380000000000003,measured_angular,/odom,-0.02999226376424685,0.5
8402ee7a-2186-4cd2-a772-e781413c05de,16.416,measured_angular,/odom,-0.03451449424035384,0.5
8402ee7a-2186-4cd2-a772-e781413c05de,16.452,measured_angular,/odom,-0.0234415543644895,0.5
8402ee7a-2186-4cd2-a772-e781413c05de,16.488,measured_angular,/odom,-0.026057939780027996,0.5
8402ee7a-2186-4cd2-a772-e781413c05de,16.524,measured_angular,/odom,-0.026411278173424896,0.5
8402ee7a-2186-4cd2-a772-e781413c05de,16.560000000000002,measured_angular,/odom,-0.029722783704106453,0.5
8402ee7a-2186-4cd2-a772-e781413c05de,16.596,measured_angular,/odom,-0.028672648593838994,0.5
8402ee7a-2186-4cd2-a772-e781413c05de,16.632,measured_angular,/odom,-0.028672648593835774,0.5
8402ee7a-2186-4cd2-a772-e781413c05de,16.668000000000003,measured_angular,/odom,-0.029675206165929995,0.5
8402ee7a-2186-4cd2-a772-e781413c05de,16.704,measured_angular,/odom,-0.026492208242517155,0.5
8402ee7a-2186-4cd2-a772-e781413c05de,16.740000000000002,measured_angular,/odom,-0.02546111848556516,0.5
8402ee7a-2186-4cd2-a772-e781413c05de,16.776,measured_angular,/odom,-0.02534655295321068,0.5
8402ee7a-2186-4cd2-a772-e781413c05de,16.812,measured_angular,/odom,-0.027811588712699557,0.5
8402ee7a-2186-4cd2-a772-e781413c05de,16.848000000000003,measured_angular,/odom,-0.017660503221210606,0.5
8402ee7a-2186-4cd2-a772-e781413c05de,16.884,measured_angular,/odom,-0.007237415768439339,0.5
8402ee7a-2186-4cd2-a772-e781413c05de,16.92,measured_angular,/odom,-0.007237415760889564,0.5
8402ee7a-2186-4cd2-a772-e781413c05de,16.956,measured_angular,/odom,-0.009759776294229321,0.5
8402ee7a-2186-4cd2-a772-e781413c05de,16.992,measured_angular,/odom,-0.006832303487397276,0.5
8402ee7a-2186-4cd2-a772-e781413c05de,17.028000000000002,measured_angular,/odom,-0.006832303479383297,0.5
8402ee7a-2186-4cd2-a772-e781413c05de,17.064,measured_angular,/odom,0.0016411851322073057,0.5
8402ee7a-2186-4cd2-a772-e781413c05de,17.1,measured_angular,/odom,-0.0012782250206927119,0.5
8402ee7a-2186-4cd2-a772-e781413c05de,17.136000000000003,measured_angular,/odom,-0.007416789885708775,0.5
8402ee7a-2186-4cd2-a772-e781413c05de,17.172,measured_angular,/odom,-0.007416789885605618,0.5
8402ee7a-2186-4cd2-a772-e781413c05de,17.208000000000002,measured_angular,/odom,-0.0042602959187103264,0.5
8402ee7a-2186-4cd2-a772-e781413c05de,17.244,measured_angular,/odom,-0.006810684688415028,0.5
8402ee7a-2186-4cd2-a772-e781413c05de,17.28,measured_angular,/odom,-0.0068106846884279214,0.5
8402ee7a-2186-4cd2-a772-e781413c05de,17.316000000000003,measured_angular,/odom,-0.006727167870866348,0.5
8402ee7a-2186-4cd2-a772-e781413c05de,17.352,measured_angular,/odom,-0.0012222741652779502,0.5
8402ee7a-2186-4cd2-a772-e781413c05de,17.388,measured_angular,/odom,-0.014893264783518587,0.5
8402ee7a-2186-4cd2-a772-e781413c05de,17.424,measured_angular,/odom,-0.018180832266727384,0.5
8402ee7a-2186-4cd2-a772-e781413c05de,17.46,measured_angular,/odom,-0.012680865567180497,0.5
8402ee7a-2186-4cd2-a772-e781413c05de,17.496000000000002,measured_angular,/odom,-0.020129013800540954,0.5
8402ee7a-2186-4cd2-a772-e781413c05de,17.532,measured_angular,/odom,-0.020129013806601405,0.5
8402ee7a-2186-4cd2-a772-e781413c05de,17.568,measured_angular,/odom,-0.01568562911466753,0.5
8402ee7a-2186-4cd2-a772-e781413c05de,17.604000000000003,measured_angular,/odom,-0.020382909104205937,0.5
8402ee7a-2186-4cd2-a772-e781413c05de,17.64,measured_angular,/odom,-0.029552723339109986,0.5
8402ee7a-2186-4cd2-a772-e781413c05de,17.676000000000002,measured_angular,/odom,-0.03109517693515599,0.5
8402ee7a-2186-4cd2-a772-e781413c05de,17.712,measured_angular,/odom,-0.020368835460348983,0.5
8402ee7a-2186-4cd2-a772-e781413c05de,17.748,measured_angular,/odom,-0.011678242436274818,0.5
8402ee7a-2186-4cd2-a772-e781413c05de,17.784000000000002,measured_angular,/odom,-0.002044837463034706,0.5
8402ee7a-2186-4cd2-a772-e781413c05de,17.82,measured_angular,/odom,-0.0020448374563359732,0.5
8402ee7a-2186-4cd2-a772-e781413c05de,17.856,measured_angular,/odom,-0.012107218604180384,0.5
8402ee7a-2186-4cd2-a772-e781413c05de,17.892,measured_angular,/odom,-0.007698997401846276,0.5
8402ee7a-2186-4cd2-a772-e781413c05de,17.928,measured_angular,/odom,-0.007698997389531954,0.5
8402ee7a-2186-4cd2-a772-e781413c05de,17.964000000000002,measured_angular,/odom,-0.01345566660159687,0.5
8402ee7a-2186-4cd2-a772-e781413c05de,18.0,measured_angular,/odom,-0.004927151589909585,0.5
8402ee7a-2186-4cd2-a772-e781413c05de,18.036,measured_angular,/odom,7.980957131458961e-05,0.5
8402ee7a-2186-4cd2-a772-e781413c05de,18.072000000000003,measured_angular,/odom,7.980957155313928e-05,0.5
8402ee7a-2186-4cd2-a772-e781413c05de,18.111,measured_angular,/odom,0.0020468562665549818,0.5
8402ee7a-2186-4cd2-a772-e781413c05de,18.144000000000002,measured_angular,/odom,-0.002599188592249979,0.5
8402ee7a-2186-4cd2-a772-e781413c05de,18.18,measured_angular,/odom,-0.002599188592320899,0.5
8402ee7a-2186-4cd2-a772-e781413c05de,18.216,measured_angular,/odom,0.002795377746145381,0.5
8402ee7a-2186-4cd2-a772-e781413c05de,18.252000000000002,measured_angular,/odom,-0.0040051254661789834,0.5
8402ee7a-2186-4cd2-a772-e781413c05de,18.288,measured_angular,/odom,-0.0038897203286872494,0.5
8402ee7a-2186-4cd2-a772-e781413c05de,18.324,measured_angular,/odom,-0.0038670147769305093,0.5
8402ee7a-2186-4cd2-a772-e781413c05de,18.36,measured_angular,/odom,0.0026935901230738988,0.5
8402ee7a-2186-4cd2-a772-e781413c05de,18.396,measured_angular,/odom,0.0043986160307979165,0.5
8402ee7a-2186-4cd2-a772-e781413c05de,18.432000000000002,measured_angular,/odom,0.004398616030772127,0.5
8402ee7a-2186-4cd2-a772-e781413c05de,18.468,measured_angular,/odom,0.002375660657650862,0.5
8402ee7a-2186-4cd2-a772-e781413c05de,18.504,measured_angular,/odom,-0.0011336012976295548,0.5
8402ee7a-2186-4cd2-a772-e781413c05de,18.540000000000003,measured_angular,/odom,0.0008218035618640272,0.5
8402ee7a-2186-4cd2-a772-e781413c05de,18.576,measured_angular,/odom,0.0010390707756595696,0.5
8402ee7a-2186-4cd2-a772-e781413c05de,18.612000000000002,measured_angular,/odom,0.001176475546638018,0.5
8402ee7a-2186-4cd2-a772-e781413c05de,18.648,measured_angular,/odom,0.0038376518445842637,0.5
8402ee7a-2186-4cd2-a772-e781413c05de,18.684,measured_angular,/odom,-0.0018976116549058709,0.5
8402ee7a-2186-4cd2-a772-e781413c05de,18.720000000000002,measured_angular,/odom,-0.0018976116551508676,0.5
8402ee7a-2186-4cd2-a772-e781413c05de,18.756,measured_angular,/odom,0.003256830386691274,0.5
8402ee7a-2186-4cd2-a772-e781413c05de,18.792,measured_angular,/odom,0.006474491199758461,0.5
8402ee7a-2186-4cd2-a772-e781413c05de,18.828,measured_angular,/odom,0.006474491208810454,0.5
8402ee7a-2186-4cd2-a772-e781413c05de,18.864,measured_angular,/odom,0.004261383786865672,0.5
8402ee7a-2186-4cd2-a772-e781413c05de,18.900000000000002,measured_angular,/odom,0.013456443568563566,0.5
8402ee7a-2186-4cd2-a772-e781413c05de,18.936,measured_angular,/odom,0.02019052952516253,0.5
8402ee7a-2186-4cd2-a772-e781413c05de,18.972,measured_angular,/odom,0.020190529525175423,0.5
8402ee7a-2186-4cd2-a772-e781413c05de,19.011000000000003,measured_angular,/odom,0.022714045636103887,0.5
8402ee7a-2186-4cd2-a772-e781413c05de,19.044,measured_angular,/odom,0.017063548788538316,0.5
8402ee7a-2186-4cd2-a772-e781413c05de,19.080000000000002,measured_angular,/odom,0.017063548788512524,0.5
8402ee7a-2186-4cd2-a772-e781413c05de,19.116,measured_angular,/odom,0.01152759790433117,0.5
8402ee7a-2186-4cd2-a772-e781413c05de,19.152,measured_angular,/odom,0.01025118586055894,0.5
8402ee7a-2186-4cd2-a772-e781413c05de,19.188000000000002,measured_angular,/odom,0.007827054810103479,0.5
8402ee7a-2186-4cd2-a772-e781413c05de,19.224,measured_angular,/odom,0.007557706907417508,0.5
8402ee7a-2186-4cd2-a772-e781413c05de,19.26,measured_angular,/odom,0.0062891611869690615,0.5
8402ee7a-2186-4cd2-a772-e781413c05de,19.296000000000003,measured_angular,/odom,0.012895314020523218,0.5
8402ee7a-2186-4cd2-a772-e781413c05de,19.332,measured_angular,/odom,0.012895314022882923,0.5
8402ee7a-2186-4cd2-a772-e781413c05de,19.368000000000002,measured_angular,/odom,0.010512642198117381,0.5
8402ee7a-2186-4cd2-a772-e781413c05de,19.404,measured_angular,/odom,0.013708132319163374,0.5
8402ee7a-2186-4cd2-a772-e781413c05de,19.44,measured_angular,/odom,0.016819993489741912,0.5
8402ee7a-2186-4cd2-a772-e781413c05de,19.476000000000003,measured_angular,/odom,0.017165755853043252,0.5
8402ee7a-2186-4cd2-a772-e781413c05de,19.512,measured_angular,/odom,0.02369872841490852,0.5
8402ee7a-2186-4cd2-a772-e781413c05de,19.548000000000002,measured_angular,/odom,0.018879830852621217,0.5
8402ee7a-2186-4cd2-a772-e781413c05de,19.584,measured_angular,/odom,0.016282267868736412,0.5
8402ee7a-2186-4cd2-a772-e781413c05de,19.62,measured_angular,/odom,0.016282267868607474,0.5
8402ee7a-2186-4cd2-a772-e781413c05de,19.656000000000002,measured_angular,/odom,0.012803099118258509,0.5
8402ee7a-2186-4cd2-a772-e781413c05de,19.692,measured_angular,/odom,0.01573910749635957,0.5
8402ee7a-2186-4cd2-a772-e781413c05de,19.728,measured_angular,/odom,0.015739107504573416,0.5
8402ee7a-2186-4cd2-a772-e781413c05de,19.764000000000003,measured_angular,/odom,0.01242381335229449,0.5
8402ee7a-2186-4cd2-a772-e781413c05de,19.8,measured_angular,/odom,0.011041764919236025,0.5
8402ee7a-2186-4cd2-a772-e781413c05de,19.836000000000002,measured_angular,/odom,0.016717407852260686,0.5
8402ee7a-2186-4cd2-a772-e781413c05de,19.872,measured_angular,/odom,0.016717407852402524,0.5
8402ee7a-2186-4cd2-a772-e781413c05de,19.911,measured_angular,/odom,0.017641881478096772,0.5
8402ee7a-2186-4cd2-a772-e781413c05de,19.944000000000003,measured_angular,/odom,0.020024530589556055,0.5
8402ee7a-2186-4cd2-a772-e781413c05de,19.98,measured_angular,/odom,0.020024530589556052,0.5
8402ee7a-2186-4cd2-a772-e781413c05de,20.016000000000002,measured_angular,/odom,0.0229148566723509,0.5
8402ee7a-2186-4cd2-a772-e781413c05de,20.052,measured_angular,/odom,0.02443688362468709,0.5
8402ee7a-2186-4cd2-a772-e781413c05de,20.088,measured_angular,/odom,0.031146827592838978,0.5
8402ee7a-2186-4cd2-a772-e781413c05de,20.124000000000002,measured_angular,/odom,0.032074313610727226,0.5
8402ee7a-2186-4cd2-a772-e781413c05de,20.16,measured_angular,/odom,0.027065301702287443,0.5
8402ee7a-2186-4cd2-a772-e781413c05de,20.196,measured_angular,/odom,0.021079000085867553,0.5
8402ee7a-2186-4cd2-a772-e781413c05de,20.232000000000003,measured_angular,/odom,0.021079000085725712,0.5
8402ee7a-2186-4cd2-a772-e781413c05de,20.268,measured_angular,/odom,0.02090254947620137,0.5
8402ee7a-2186-4cd2-a772-e781413c05de,20.304000000000002,measured_angular,/odom,0.01944555714735115,0.5
8402ee7a-2186-4cd2-a772-e781413c05de,20.34,measured_angular,/odom,0.019274804369077365,0.5
8402ee7a-2186-4cd2-a772-e781413c05de,20.376,measured_angular,/odom,0.019255831837749725,0.5
8402ee7a-2186-4cd2-a772-e781413c05de,20.412000000000003,measured_angular,/odom,0.025872859800414462,0.5
8402ee7a-2186-4cd2-a772-e781413c05de,20.448,measured_angular,/odom,0.031989946098525096,0.5
8402ee7a-2186-4cd2-a772-e781413c05de,20.484,measured_angular,/odom,0.022198954610071,0.5
8402ee7a-2186-4cd2-a772-e781413c05de,20.52,measured_angular,/odom,0.02219895459726669,0.5
8402ee7a-2186-4cd2-a772-e781413c05de,20.556,measured_angular,/odom,0.021301496773969256,0.5
8402ee7a-2186-4cd2-a772-e781413c05de,20.592000000000002,measured_angular,/odom,0.025919988738577794,0.5
8402ee7a-2186-4cd2-a772-e781413c05de,20.628,measured_angular,/odom,0.025919988751459472,0.5
8402ee7a-2186-4cd2-a772-e781413c05de,20.664,measured_angular,/odom,0.017130188652135975,0.5
8402ee7a-2186-4cd2-a772-e781413c05de,20.700000000000003,measured_angular,/odom,0.020712815213315326,0.5
8402ee7a-2186-4cd2-a772-e781413c05de,20.736,measured_angular,/odom,0.024332817643896318,0.5
8402ee7a-2186-4cd2-a772-e781413c05de,20.772000000000002,measured_angular,/odom,0.024332817644025263,0.5
8402ee7a-2186-4cd2-a772-e781413c05de,20.811,measured_angular,/odom,0.022424050426389536,0.5
8402ee7a-2186-4cd2-a772-e781413c05de,20.844,measured_angular,/odom,0.01999483443823668,0.5
8402ee7a-2186-4cd2-a772-e781413c05de,20.880000000000003,measured_angular,/odom,0.01999483443799168,0.5
8402ee7a-2186-4cd2-a772-e781413c05de,20.916,measured_angular,/odom,0.023338811472072653,0.5
8402ee7a-2186-4cd2-a772-e781413c05de,20.952,measured_angular,/odom,0.016753146914544555,0.5
8402ee7a-2186-4cd2-a772-e781413c05de,20.988,measured_angular,/odom,0.021704005061825574,0.5
8402ee7a-2186-4cd2-a772-e781413c05de,21.024,measured_angular,/odom,0.02226133085785647,0.5
8402ee7a-2186-4cd2-a772-e781413c05de,21.060000000000002,measured_angular,/odom,0.02089326009569639,0.5
8402ee7a-2186-4cd2-a772-e781413c05de,21.096,measured_angular,/odom,0.02724592760054958,0.5
8402ee7a-2186-4cd2-a772-e781413c05de,21.132,measured_angular,/odom,0.02724592760199377,0.5
8402ee7a-2186-4cd2-a772-e781413c05de,21.168000000000003,measured_angular,/odom,0.024778639533831727,0.5
8402ee7a-2186-4cd2-a772-e781413c05de,21.204,measured_angular,/odom,0.019217459485067635,0.5
8402ee7a-2186-4cd2-a772-e781413c05de,21.240000000000002,measured_angular,/odom,0.021921218365163912,0.5
8402ee7a-2186-4cd2-a772-e781413c05de,21.276,measured_angular,/odom,0.022221636027236136,0.5
8402ee7a-2186-4cd2-a772-e781413c05de,21.312,measured_angular,/odom,0.02114578709320259,0.5
8402ee7a-2186-4cd2-a772-e781413c05de,21.348000000000003,measured_angular,/odom,0.017657889436508957,0.5
8402ee7a-2186-4cd2-a772-e781413c05de,21.384,measured_angular,/odom,0.01466960273688582,0.5
8402ee7a-2186-4cd2-a772-e781413c05de,21.42,measured_angular,/odom,0.01466960273691161,0.5
8402ee7a-2186-4cd2-a772-e781413c05de,21.456000000000003,measured_angular,/odom,0.020346930250453678,0.5
8402ee7a-2186-4cd2-a772-e781413c05de,21.492,measured_angular,/odom,0.018915187571490195,0.5
8402ee7a-2186-4cd2-a772-e781413c05de,21.528000000000002,measured_angular,/odom,0.018915187567596033,0.5
8402ee7a-2186-4cd2-a772-e781413c05de,21.564,measured_angular,/odom,0.025324773042231668,0.5
8402ee7a-2186-4cd2-a772-e781413c05de,21.6,measured_angular,/odom,0.024234813827748572,0.5
8402ee7a-2186-4cd2-a772-e781413c05de,21.636000000000003,measured_angular,/odom,0.021963274106528468,0.5
8402ee7a-2186-4cd2-a772-e781413c05de,21.672,measured_angular,/odom,0.021963274106476888,0.5
8402ee7a-2186-4cd2-a772-e781413c05de,21.708000000000002,measured_angular,/odom,0.020841513949961817,0.5
8402ee7a-2186-4cd2-a772-e781413c05de,21.744,measured_angular,/odom,0.02088219858721859,0.5
8402ee7a-2186-4cd2-a772-e781413c05de,21.78,measured_angular,/odom,0.0208821985871928,0.5
8402ee7a-2186-4cd2-a772-e781413c05de,21.816000000000003,measured_angular,/odom,0.0220169387758815,0.5
8402ee7a-2186-4cd2-a772-e781413c05de,21.852,measured_angular,/odom,0.02545191160413744,0.5
8402ee7a-2186-4cd2-a772-e781413c05de,21.888,measured_angular,/odom,0.01776602951097539,0.5
8402ee7a-2186-4cd2-a772-e781413c05de,21.924000000000003,measured_angular,/odom,0.016594558954384768,0.5
8402ee7a-2186-4cd2-a772-e781413c05de,21.96,measured_angular,/odom,0.014512884809722732,0.5
8402ee7a-2186-4cd2-a772-e781413c05de,21.996000000000002,measured_angular,/odom,0.014051778241902093,0.5
8402ee7a-2186-4cd2-a772-e781413c05de,22.032,measured_angular,/odom,0.014051778241902093,0.5
8402ee7a-2186-4cd2-a772-e781413c05de,22.068,measured_angular,/odom,0.02367984341516307,0.5
8402ee7a-2186-4cd2-a772-e781413c05de,22.104000000000003,measured_angular,/odom,0.025752488523769695,0.5
8402ee7a-2186-4cd2-a772-e781413c05de,22.14,measured_angular,/odom,0.02944638485819978,0.5
8402ee7a-2186-4cd2-a772-e781413c05de,22.176000000000002,measured_angular,/odom,0.029856817796990277,0.5
8402ee7a-2186-4cd2-a772-e781413c05de,22.212,measured_angular,/odom,0.024610595792669252,0.5
8402ee7a-2186-4cd2-a772-e781413c05de,22.248,measured_angular,/odom,0.017850358904385622,0.5
8402ee7a-2186-4cd2-a772-e781413c05de,22.284000000000002,measured_angular,/odom,0.014111918397526981,0.5
8402ee7a-2186-4cd2-a772-e781413c05de,22.32,measured_angular,/odom,0.014111918397552773,0.5
8402ee7a-2186-4cd2-a772-e781413c05de,22.356,measured_angular,/odom,0.011563559994354045,0.5
8402ee7a-2186-4cd2-a772-e781413c05de,22.392000000000003,measured_angular,/odom,0.01752855068265818,0.5
8402ee7a-2186-4cd2-a772-e781413c05de,22.428,measured_angular,/odom,0.017528550699446917,0.5
8402ee7a-2186-4cd2-a772-e781413c05de,22.464000000000002,measured_angular,/odom,0.024616466831980176,0.5
8402ee7a-2186-4cd2-a772-e781413c05de,22.5,measured_angular,/odom,0.029592541216786145,0.5
8402ee7a-2186-4cd2-a772-e781413c05de,22.536,measured_angular,/odom,0.03138680756083097,0.5
8402ee7a-2186-4cd2-a772-e781413c05de,22.572000000000003,measured_angular,/odom,0.03138680756083097,0.5
8402ee7a-2186-4cd2-a772-e781413c05de,22.608,measured_angular,/odom,0.029508803604690798,0.5
8402ee7a-2186-4cd2-a772-e781413c05de,22.644000000000002,measured_angular,/odom,0.028017977252684834,0.5
8402ee7a-2186-4cd2-a772-e781413c05de,22.68,measured_angular,/odom,0.028017977252684834,0.5
8402ee7a-2186-4cd2-a772-e781413c05de,22.716,measured_angular,/odom,0.023609120398766448,0.5
8402ee7a-2186-4cd2-a772-e781413c05de,22.752000000000002,measured_angular,/odom,0.017506144497685224,0.5
8402ee7a-2186-4cd2-a772-e781413c05de,22.788,measured_angular,/odom,0.028069168930294874,0.5
8402ee7a-2186-4cd2-a772-e781413c05de,22.824,measured_angular,/odom,0.030029654502835797,0.5
8402ee7a-2186-4cd2-a772-e781413c05de,22.860000000000003,measured_angular,/odom,0.03248523361237905,0.5
8402ee7a-2186-4cd2-a772-e781413c05de,22.896,measured_angular,/odom,0.029254622757666292,0.5
8402ee7a-2186-4cd2-a772-e781413c05de,22.932000000000002,measured_angular,/odom,0.029254622757666292,0.5
8402ee7a-2186-4cd2-a772-e781413c05de,22.968,measured_angular,/odom,0.025917430233640654,0.5
8402ee7a-2186-4cd2-a772-e781413c05de,23.004,measured_angular,/odom,0.009712987524332493,0.5
8402ee7a-2186-4cd2-a772-e781413c05de,23.040000000000003,measured_angular,/odom,0.006792757761798734,0.5
8402ee7a-2186-4cd2-a772-e781413c05de,23.076,measured_angular,/odom,0.006509894505377893,0.5
8402ee7a-2186-4cd2-a772-e781413c05de,23.112000000000002,measured_angular,/odom,0.006096832455282685,0.5
8402ee7a-2186-4cd2-a772-e781413c05de,23.148,measured_angular,/odom,0.0023930949279771505,0.5
8402ee7a-2186-4cd2-a772-e781413c05de,23.184,measured_angular,/odom,0.01115648168193505,0.5
8402ee7a-2186-4cd2-a772-e781413c05de,23.220000000000002,measured_angular,/odom,0.011156481690806517,0.5
8402ee7a-2186-4cd2-a772-e781413c05de,23.256,measured_angular,/odom,0.018641587342090475,0.5
8402ee7a-2186-4cd2-a772-e781413c05de,23.292,measured_angular,/odom,0.021205067627510257,0.5
8402ee7a-2186-4cd2-a772-e781413c05de,23.328000000000003,measured_angular,/odom,0.02120506763467964,0.5
8402ee7a-2186-4cd2-a772-e781413c05de,23.364,measured_angular,/odom,0.02795791427958409,0.5
8402ee7a-2186-4cd2-a772-e781413c05de,23.400000000000002,measured_angular,/odom,0.023710569194059342,0.5
8402ee7a-2186-4cd2-a772-e781413c05de,23.436,measured_angular,/odom,0.009258428435937183,0.5
8402ee7a-2186-4cd2-a772-e781413c05de,23.472,measured_angular,/odom,0.009039437398373694,0.5
8402ee7a-2186-4cd2-a772-e781413c05de,23.511000000000003,measured_angular,/odom,0.00804379722468603,0.5
8402ee7a-2186-4cd2-a772-e781413c05de,23.544,measured_angular,/odom,-0.00015590345104717066,0.5
8402ee7a-2186-4cd2-a772-e781413c05de,23.580000000000002,measured_angular,/odom,-0.00015590345692709744,0.5
8402ee7a-2186-4cd2-a772-e781413c05de,23.616000000000003,measured_angular,/odom,0.0029234569517039353,0.5
8402ee7a-2186-4cd2-a772-e781413c05de,23.652,measured_angular,/odom,-0.0008565669887927099,0.5
8402ee7a-2186-4cd2-a772-e781413c05de,23.688000000000002,measured_angular,/odom,-0.004695095744296643,0.5
8402ee7a-2186-4cd2-a772-e781413c05de,23.724,measured_angular,/odom,-0.00512159895152225,0.5
8402ee7a-2186-4cd2-a772-e781413c05de,23.76,measured_angular,/odom,-0.006171384962256067,0.5
8402ee7a-2186-4cd2-a772-e781413c05de,23.796000000000003,measured_angular,/odom,-0.00755919003845709,0.5
8402ee7a-2186-4cd2-a772-e781413c05de,23.832,measured_angular,/odom,-0.007559190038508669,0.5
8402ee7a-2186-4cd2-a772-e781413c05de,23.868000000000002,measured_angular,/odom,-0.0014302876208221456,0.5
8402ee7a-2186-4cd2-a772-e781413c05de,23.904,measured_angular,/odom,-0.0022976985203371223,0.5
8402ee7a-2186-4cd2-a772-e781413c05de,23.94,measured_angular,/odom,0.00493118620431883,0.5
8402ee7a-2186-4cd2-a772-e781413c05de,23.976000000000003,measured_angular,/odom,0.005988407414392329,0.5
8402ee7a-2186-4cd2-a772-e781413c05de,24.012,measured_angular,/odom,0.007437808435275745,0.5
8402ee7a-2186-4cd2-a772-e781413c05de,24.048000000000002,measured_angular,/odom,0.01296816158631417,0.5
8402ee7a-2186-4cd2-a772-e781413c05de,24.084000000000003,measured_angular,/odom,0.008929792791494296,0.5
8402ee7a-2186-4cd2-a772-e781413c05de,24.12,measured_angular,/odom,0.008929792791468508,0.5
8402ee7a-2186-4cd2-a772-e781413c05de,24.156000000000002,measured_angular,/odom,0.021977042935037088,0.5
8402ee7a-2186-4cd2-a772-e781413c05de,24.192,measured_angular,/odom,0.01948228106637885,0.5
8402ee7a-2186-4cd2-a772-e781413c05de,24.228,measured_angular,/odom,0.01948228105905473,0.5
8402ee7a-2186-4cd2-a772-e781413c05de,24.264000000000003,measured_angular,/odom,0.016234595328772524,0.5
8402ee7a-2186-4cd2-a772-e781413c05de,24.3,measured_angular,/odom,0.020079706225122503,0.5
8402ee7a-2186-4cd2-a772-e781413c05de,24.336000000000002,measured_angular,/odom,0.019595926627529976,0.5
8402ee7a-2186-4cd2-a772-e781413c05de,24.372,measured_angular,/odom,0.019595926627555764,0.5
8402ee7a-2186-4cd2-a772-e781413c05de,24.411,measured_angular,/odom,0.017857293603400153,0.5
8402ee7a-2186-4cd2-a772-e781413c05de,24.444000000000003,measured_angular,/odom,0.011237334461381473,0.5
8402ee7a-2186-4cd2-a772-e781413c05de,24.48,measured_angular,/odom,0.011237334459988858,0.5
8402ee7a-2186-4cd2-a772-e781413c05de,24.516000000000002,measured_angular,/odom,0.007214550394391697,0.5
8402ee7a-2186-4cd2-a772-e781413c05de,24.552000000000003,measured_angular,/odom,0.008433322418848144,0.5
8402ee7a-2186-4cd2-a772-e781413c05de,24.588,measured_angular,/odom,0.01171745936307075,0.5
8402ee7a-2186-4cd2-a772-e781413c05de,24.624000000000002,measured_angular,/odom,0.012082363478950494,0.5
8402ee7a-2186-4cd2-a772-e781413c05de,24.66,measured_angular,/odom,0.008719994883502377,0.5
8402ee7a-2186-4cd2-a772-e781413c05de,24.696,measured_angular,/odom,0.0047796955334658215,0.5
8402ee7a-2186-4cd2-a772-e781413c05de,24.732000000000003,measured_angular,/odom,0.004779695533491611,0.5
8402ee7a-2186-4cd2-a772-e781413c05de,24.768,measured_angular,/odom,0.003309079823446785,0.5
8402ee7a-2186-4cd2-a772-e781413c05de,24.804000000000002,measured_angular,/odom,0.004497748799729284,0.5
8402ee7a-2186-4cd2-a772-e781413c05de,24.84,measured_angular,/odom,0.005411694755114915,0.5
8402ee7a-2186-4cd2-a772-e781413c05de,24.876,measured_angular,/odom,0.005513244308653282,0.5
8402ee7a-2186-4cd2-a772-e781413c05de,24.912000000000003,measured_angular,/odom,0.007567351212658365,0.5
8402ee7a-2186-4cd2-a772-e781413c05de,24.948,measured_angular,/odom,0.010076716580575603,0.5
8402ee7a-2186-4cd2-a772-e781413c05de,24.984,measured_angular,/odom,0.0032820021764696635,0.5
8402ee7a-2186-4cd2-a772-e781413c05de,25.020000000000003,measured_angular,/odom,0.003282002173478121,0.5
8402ee7a-2186-4cd2-a772-e781413c05de,25.056,measured_angular,/odom,0.010991360055974333,0.5
8402ee7a-2186-4cd2-a772-e781413c05de,25.092000000000002,measured_angular,/odom,0.022927208100090572,0.5
8402ee7a-2186-4cd2-a772-e781413c05de,25.128,measured_angular,/odom,0.023661170154780274,0.5
8402ee7a-2186-4cd2-a772-e781413c05de,25.164,measured_angular,/odom,0.02682582847750395,0.5
8402ee7a-2186-4cd2-a772-e781413c05de,25.200000000000003,measured_angular,/odom,0.031313165822234035,0.5
8402ee7a-2186-4cd2-a772-e781413c05de,25.236,measured_angular,/odom,0.02819772809737498,0.5
8402ee7a-2186-4cd2-a772-e781413c05de,25.272000000000002,measured_angular,/odom,0.028197728097400766,0.5
8402ee7a-2186-4cd2-a772-e781413c05de,25.311,measured_angular,/odom,0.029680850538778187,0.5
8402ee7a-2186-4cd2-a772-e781413c05de,25.344,measured_angular,/odom,0.023769609630555723,0.5
8402ee7a-2186-4cd2-a772-e781413c05de,25.380000000000003,measured_angular,/odom,0.02376960963029783,0.5
8402ee7a-2186-4cd2-a772-e781413c05de,25.416,measured_angular,/odom,0.009231294354582956,0.5
8402ee7a-2186-4cd2-a772-e781413c05de,25.452,measured_angular,/odom,0.005443819342632062,0.5
8402ee7a-2186-4cd2-a772-e781413c05de,25.488000000000003,measured_angular,/odom,0.005814104572674922,0.5
8402ee7a-2186-4cd2-a772-e781413c05de,25.524,measured_angular,/odom,0.0058552473784200055,0.5
8402ee7a-2186-4cd2-a772-e781413c05de,25.560000000000002,measured_angular,/odom,0.007390328818109218,0.5
8402ee7a-2186-4cd2-a772-e781413c05de,25.596,measured_angular,/odom,0.014778460372502772,0.5
8402ee7a-2186-4cd2-a772-e781413c05de,25.632,measured_angular,/odom,0.014778460376113254,0.5
8402ee7a-2186-4cd2-a772-e781413c05de,25.668000000000003,measured_angular,/odom,0.015023841521842333,0.5
8402ee7a-2186-4cd2-a772-e781413c05de,25.704,measured_angular,/odom,0.016022812575172306,0.5
8402ee7a-2186-4cd2-a772-e781413c05de,25.740000000000002,measured_angular,/odom,0.01733220666230243,0.5
8402ee7a-2186-4cd2-a772-e781413c05de,25.776000000000003,measured_angular,/odom,0.017477694898833503,0.5
8402ee7a-2186-4cd2-a772-e781413c05de,25.812,measured_angular,/odom,0.011885601111756097,0.5
8402ee7a-2186-4cd2-a772-e781413c05de,25.848000000000003,measured_angular,/odom,0.01022675121721942,0.5
8402ee7a-2186-4cd2-a772-e781413c05de,25.884,measured_angular,/odom,0.009140423499053038,0.5
8402ee7a-2186-4cd2-a772-e781413c05de,25.92,measured_angular,/odom,0.009140423499130405,0.5
8402ee7a-2186-4cd2-a772-e781413c05de,25.956000000000003,measured_angular,/odom,0.009554143994907125,0.5
8402ee7a-2186-4cd2-a772-e781413c05de,25.992,measured_angular,/odom,0.00634691865178842,0.5
8402ee7a-2186-4cd2-a772-e781413c05de,26.028000000000002,measured_angular,/odom,0.006346918642530115,0.5
8402ee7a-2186-4cd2-a772-e781413c05de,26.064,measured_angular,/odom,0.00801155995572128,0.5
8402ee7a-2186-4cd2-a772-e781413c05de,26.1,measured_angular,/odom,-0.007641166361051305,0.5
8402ee7a-2186-4cd2-a772-e781413c05de,26.136000000000003,measured_angular,/odom,-0.009268469176869128,0.5
8402ee7a-2186-4cd2-a772-e781413c05de,26.172,measured_angular,/odom,-0.009268469176869128,0.5
8402ee7a-2186-4cd2-a772-e781413c05de,26.211000000000002,measured_angular,/odom,-0.01715861714153463,0.5
8402ee7a-2186-4cd2-a772-e781413c05de,26.244000000000003,measured_angular,/odom,-0.013736715540280497,0.5
8402ee7a-2186-4cd2-a772-e781413c05de,26.28,measured_angular,/odom,-0.013736715540280497,0.5
8402ee7a-2186-4cd2-a772-e781413c05de,26.316000000000003,measured_angular,/odom,-0.016521932557270164,0.5
8402ee7a-2186-4cd2-a772-e781413c05de,26.352,measured_angular,/odom,-0.012689995590489046,0.5
8402ee7a-2186-4cd2-a772-e781413c05de,26.388,measured_angular,/odom,-0.010370247725301008,0.5
8402ee7a-2186-4cd2-a772-e781413c05de,26.424000000000003,measured_angular,/odom,-0.010112497955651018,0.5
8402ee7a-2186-4cd2-a772-e781413c05de,26.46,measured_angular,/odom,-0.002319337551206254,0.5
8402ee7a-2186-4cd2-a772-e781413c05de,26.496000000000002,measured_angular,/odom,0.007594116785356303,0.5
8402ee7a-2186-4cd2-a772-e781413c05de,26.532,measured_angular,/odom,0.01047204434856758,0.5
8402ee7a-2186-4cd2-a772-e781413c05de,26.568,measured_angular,/odom,0.01351867587276182,0.5
8402ee7a-2186-4cd2-a772-e781413c05de,26.604000000000003,measured_angular,/odom,0.009238774888235787,0.5
8402ee7a-2186-4cd2-a772-e781413c05de,26.64,measured_angular,/odom,0.009323411155258868,0.5
8402ee7a-2186-4cd2-a772-e781413c05de,26.676000000000002,measured_angular,/odom,0.009332815185220378,0.5
8402ee7a-2186-4cd2-a772-e781413c05de,26.712000000000003,measured_angular,/odom,0.007499119271668082,0.5
8402ee7a-2186-4cd2-a772-e781413c05de,26.748,measured_angular,/odom,0.006920221449487035,0.5
8402ee7a-2186-4cd2-a772-e781413c05de,26.784000000000002,measured_angular,/odom,0.012039125896794746,0.5
8402ee7a-2186-4cd2-a772-e781413c05de,26.82,measured_angular,/odom,0.012039125897104219,0.5
8402ee7a-2186-4cd2-a772-e781413c05de,26.856,measured_angular,/odom,0.012540691532225312,0.5
8402ee7a-2186-4cd2-a772-e781413c05de,26.892000000000003,measured_angular,/odom,0.008427665580036083,0.5
8402ee7a-2186-4cd2-a772-e781413c05de,26.928,measured_angular,/odom,0.008427665568843591,0.5
8402ee7a-2186-4cd2-a772-e781413c05de,26.964000000000002,measured_angular,/odom,0.0038384576328891013,0.5
8402ee7a-2186-4cd2-a772-e781413c05de,27.0,measured_angular,/odom,0.0021615895957673003,0.5
8402ee7a-2186-4cd2-a772-e781413c05de,27.036,measured_angular,/odom,-0.007854691695876022,0.5
8402ee7a-2186-4cd2-a772-e781413c05de,27.072000000000003,measured_angular,/odom,-0.00785469170660431,0.5
8402ee7a-2186-4cd2-a772-e781413c05de,27.108,measured_angular,/odom,-0.016131770671840524,0.5
8402ee7a-2186-4cd2-a772-e781413c05de,27.144000000000002,measured_angular,/odom,-0.017964588477998308,0.5
8402ee7a-2186-4cd2-a772-e781413c05de,27.180000000000003,measured_angular,/odom,-0.017964588478049888,0.5
8402ee7a-2186-4cd2-a772-e781413c05de,27.216,measured_angular,/odom,-0.021015373989734933,0.5
8402ee7a-2186-4cd2-a772-e781413c05de,27.252000000000002,measured_angular,/odom,-0.02337336725838609,0.5
8402ee7a-2186-4cd2-a772-e781413c05de,27.288,measured_angular,/odom,-0.01968445983918609,0.5
8402ee7a-2186-4cd2-a772-e781413c05de,27.324,measured_angular,/odom,-0.019274581223636667,0.5
8402ee7a-2186-4cd2-a772-e781413c05de,27.360000000000003,measured_angular,/odom,-0.02380884046168294,0.5
8402ee7a-2186-4cd2-a772-e781413c05de,27.396,measured_angular,/odom,-0.021467849612480907,0.5
8402ee7a-2186-4cd2-a772-e781413c05de,27.432000000000002,measured_angular,/odom,-0.021467849612480907,0.5
8402ee7a-2186-4cd2-a772-e781413c05de,27.468,measured_angular,/odom,-0.022170222921304557,0.5
8402ee7a-2186-4cd2-a772-e781413c05de,27.504,measured_angular,/odom,-0.02002185210564055,0.5
8402ee7a-2186-4cd2-a772-e781413c05de,27.540000000000003,measured_angular,/odom,-0.017962260923408406,0.5
8402ee7a-2186-4cd2-a772-e781413c05de,27.576,measured_angular,/odom,-0.017733417451323057,0.5
8402ee7a-2186-4cd2-a772-e781413c05de,27.612000000000002,measured_angular,/odom,-0.018017372115931112,0.5
8402ee7a-2186-4cd2-a772-e781413c05de,27.648000000000003,measured_angular,/odom,-0.016300397930493375,0.5
8402ee7a-2186-4cd2-a772-e781413c05de,27.684,measured_angular,/odom,-0.011315823532708474,0.5
8402ee7a-2186-4cd2-a772-e781413c05de,27.720000000000002,measured_angular,/odom,-0.011315823532656897,0.5
8402ee7a-2186-4cd2-a772-e781413c05de,27.756,measured_angular,/odom,-0.011488899588505647,0.5
8402ee7a-2186-4cd2-a772-e781413c05de,27.792,measured_angular,/odom,-0.012669338841213698,0.5
8402ee7a-2186-4cd2-a772-e781413c05de,27.828000000000003,measured_angular,/odom,-0.012669338844669444,0.5
8402ee7a-2186-4cd2-a772-e781413c05de,27.864,measured_angular,/odom,-0.03636962947329936,0.5
8402ee7a-2186-4cd2-a772-e781413c05de,27.900000000000002,measured_angular,/odom,-0.0509895541129576,0.5
8402ee7a-2186-4cd2-a772-e781413c05de,27.936000000000003,measured_angular,/odom,-0.05764171108590503,0.5
8402ee7a-2186-4cd2-a772-e781413c05de,27.972,measured_angular,/odom,-0.05764171108585346,0.5
8402ee7a-2186-4cd2-a772-e781413c05de,28.011000000000003,measured_angular,/odom,-0.05231980943900807,0.5
8402ee7a-2186-4cd2-a772-e781413c05de,28.044,measured_angular,/odom,-0.04986380785726434,0.5
8402ee7a-2186-4cd2-a772-e781413c05de,28.080000000000002,measured_angular,/odom,-0.04986380785726434,0.5
8402ee7a-2186-4cd2-a772-e781413c05de,28.116000000000003,measured_angular,/odom,-0.037046748243335016,0.5
8402ee7a-2186-4cd2-a772-e781413c05de,28.152,measured_angular,/odom,-0.028055281316329884,0.5
8402ee7a-2186-4cd2-a772-e781413c05de,28.188000000000002,measured_angular,/odom,-0.019935558488041166,0.5
8402ee7a-2186-4cd2-a772-e781413c05de,28.224,measured_angular,/odom,-0.01873620227044865,0.5
8402ee7a-2186-4cd2-a772-e781413c05de,28.26,measured_angular,/odom,-0.016317610822748276,0.5
8402ee7a-2186-4cd2-a772-e781413c05de,28.296000000000003,measured_angular,/odom,-0.020317258313485312,0.5
8402ee7a-2186-4cd2-a772-e781413c05de,28.332,measured_angular,/odom,-0.020317258313433735,0.5
8402ee7a-2186-4cd2-a772-e781413c05de,28.368000000000002,measured_angular,/odom,-0.019429871816100754,0.5
8402ee7a-2186-4cd2-a772-e781413c05de,28.404000000000003,measured_angular,/odom,-0.02432320639488194,0.5
8402ee7a-2186-4cd2-a772-e781413c05de,28.44,measured_angular,/odom,-0.0228073526220124,0.5
8402ee7a-2186-4cd2-a772-e781413c05de,28.476000000000003,measured_angular,/odom,-0.022638924419874796,0.5
8402ee7a-2186-4cd2-a772-e781413c05de,28.512,measured_angular,/odom,-0.02535270898805826,0.5
8402ee7a-2186-4cd2-a772-e781413c05de,28.548000000000002,measured_angular,/odom,-0.027642941654108806,0.5
8402ee7a-2186-4cd2-a772-e781413c05de,28.584000000000003,measured_angular,/odom,-0.02368434332346813,0.5
8402ee7a-2186-4cd2-a772-e781413c05de,28.62,measured_angular,/odom,-0.023684343323674445,0.5
8402ee7a-2186-4cd2-a772-e781413c05de,28.656000000000002,measured_angular,/odom,-0.024476815015143528,0.5
8402ee7a-2186-4cd2-a772-e781413c05de,28.692,measured_angular,/odom,-0.028781302261125775,0.5
8402ee7a-2186-4cd2-a772-e781413c05de,28.728,measured_angular,/odom,-0.02878130227309194,0.5
8402ee7a-2186-4cd2-a772-e781413c05de,28.764000000000003,measured_angular,/odom,-0.0237166713922486,0.5
8402ee7a-2186-4cd2-a772-e781413c05de,28.8,measured_angular,/odom,-0.018512644448768205,0.5
8402ee7a-2186-4cd2-a772-e781413c05de,28.836000000000002,measured_angular,/odom,-0.01664783619381225,0.5
8402ee7a-2186-4cd2-a772-e781413c05de,28.872000000000003,measured_angular,/odom,-0.01664783619381225,0.5
8402ee7a-2186-4cd2-a772-e781413c05de,28.911,measured_angular,/odom,-0.021407714471634136,0.5
8402ee7a-2186-4cd2-a772-e781413c05de,28.944000000000003,measured_angular,/odom,-0.020038736984011506,0.5
8402ee7a-2186-4cd2-a772-e781413c05de,28.98,measured_angular,/odom,-0.020038736983959925,0.5
8402ee7a-2186-4cd2-a772-e781413c05de,29.016000000000002,measured_angular,/odom,-0.010928019889903117,0.5
8402ee7a-2186-4cd2-a772-e781413c05de,29.052000000000003,measured_angular,/odom,-0.012312524017146168,0.5
8402ee7a-2186-4cd2-a772-e781413c05de,29.088,measured_angular,/odom,-0.01498452051664739,0.5
8402ee7a-2186-4cd2-a772-e781413c05de,29.124000000000002,measured_angular,/odom,-0.01528140902510812,0.5
8402ee7a-2186-4cd2-a772-e781413c05de,29.16,measured_angular,/odom,0.004943847524420621,0.5
8402ee7a-2186-4cd2-a772-e781413c05de,29.196,measured_angular,/odom,0.02319567463086213,0.5
8402ee7a-2186-4cd2-a772-e781413c05de,29.232000000000003,measured_angular,/odom,0.023195674642312515,0.5
8402ee7a-2186-4cd2-a772-e781413c05de,29.268,measured_angular,/odom,0.02858547808809176,0.5
8402ee7a-2186-4cd2-a772-e781413c05de,29.304000000000002,measured_angular,/odom,0.02810551598674737,0.5
8402ee7a-2186-4cd2-a772-e781413c05de,29.340000000000003,measured_angular,/odom,0.025109488526555895,0.5
8402ee7a-2186-4cd2-a772-e781413c05de,29.376,measured_angular,/odom,0.024776596575926686,0.5
8402ee7a-2186-4cd2-a772-e781413c05de,29.412000000000003,measured_angular,/odom,0.02024104819930777,0.5
8402ee7a-2186-4cd2-a772-e781413c05de,29.448,measured_angular,/odom,0.022581515267671763,0.5
8402ee7a-2186-4cd2-a772-e781413c05de,29.484,measured_angular,/odom,0.03817047025953499,0.5
8402ee7a-2186-4cd2-a772-e781413c05de,29.520000000000003,measured_angular,/odom,0.03854034841045843,0.5
8402ee7a-2186-4cd2-a772-e781413c05de,29.556,measured_angular,/odom,0.04609031974826431,0.5
8402ee7a-2186-4cd2-a772-e781413c05de,29.592000000000002,measured_angular,/odom,0.04796268045371647,0.5
8402ee7a-2186-4cd2-a772-e781413c05de,29.628,measured_angular,/odom,0.047962680459235345,0.5
8402ee7a-2186-4cd2-a772-e781413c05de,29.664,measured_angular,/odom,0.050320632755679585,0.5
8402ee7a-2186-4cd2-a772-e781413c05de,29.700000000000003,measured_angular,/odom,0.0495244994787351,0.5
8402ee7a-2186-4cd2-a772-e781413c05de,29.736,measured_angular,/odom,0.04430920567830156,0.5
8402ee7a-2186-4cd2-a772-e781413c05de,29.772000000000002,measured_angular,/odom,0.04296913370476911,0.5
8402ee7a-2186-4cd2-a772-e781413c05de,29.808000000000003,measured_angular,/odom,0.036340383187379796,0.5
8402ee7a-2186-4cd2-a772-e781413c05de,29.844,measured_angular,/odom,0.03935243561882961,0.5
8402ee7a-2186-4cd2-a772-e781413c05de,29.880000000000003,measured_angular,/odom,0.03935243561882961,0.5
8402ee7a-2186-4cd2-a772-e781413c05de,29.916,measured_angular,/odom,0.036360424012283364,0.5
8402ee7a-2186-4cd2-a772-e781413c05de,29.952,measured_angular,/odom,0.03220994026635552,0.5
8402ee7a-2186-4cd2-a772-e781413c05de,29.988000000000003,measured_angular,/odom,0.03147497475382506,0.5
8402ee7a-2186-4cd2-a772-e781413c05de,30.024,measured_angular,/odom,0.03139331191772403,0.5
8402ee7a-2186-4cd2-a772-e781413c05de,30.060000000000002,measured_angular,/odom,0.01873232458120913,0.5
8402ee7a-2186-4cd2-a772-e781413c05de,30.096000000000004,measured_angular,/odom,0.013585569336842462,0.5
8402ee7a-2186-4cd2-a772-e781413c05de,30.132,measured_angular,/odom,0.013585569336997196,0.5
8402ee7a-2186-4cd2-a772-e781413c05de,30.168000000000003,measured_angular,/odom,0.014418784991941025,0.5
8402ee7a-2186-4cd2-a772-e781413c05de,30.204,measured_angular,/odom,0.017544856294803228,0.5
8402ee7a-2186-4cd2-a772-e781413c05de,30.240000000000002,measured_angular,/odom,0.01814998108678655,0.5
8402ee7a-2186-4cd2-a772-e781413c05de,30.276000000000003,measured_angular,/odom,0.018217217177065603,0.5
8402ee7a-2186-4cd2-a772-e781413c05de,30.312,measured_angular,/odom,0.023617146521725363,0.5
8402ee7a-2186-4cd2-a772-e781413c05de,30.348000000000003,measured_angular,/odom,0.019527927798585303,0.5
8402ee7a-2186-4cd2-a772-e781413c05de,30.384,measured_angular,/odom,0.021003646775980704,0.5
8402ee7a-2186-4cd2-a772-e781413c05de,30.42,measured_angular,/odom,0.021003646775980704,0.5
8402ee7a-2186-4cd2-a772-e781413c05de,30.456000000000003,measured_angular,/odom,0.019580109044668965,0.5
8402ee7a-2186-4cd2-a772-e781413c05de,30.492,measured_angular,/odom,0.01809209213064658,0.5
8402ee7a-2186-4cd2-a772-e781413c05de,30.528000000000002,measured_angular,/odom,0.018092092126623473,0.5
8402ee7a-2186-4cd2-a772-e781413c05de,30.564000000000004,measured_angular,/odom,0.01736684143537493,0.5
8402ee7a-2186-4cd2-a772-e781413c05de,30.6,measured_angular,/odom,0.021682938175108087,0.5
8402ee7a-2186-4cd2-a772-e781413c05de,30.636000000000003,measured_angular,/odom,0.02170863561381336,0.5
8402ee7a-2186-4cd2-a772-e781413c05de,30.672,measured_angular,/odom,0.02170863561376179,0.5
8402ee7a-2186-4cd2-a772-e781413c05de,30.711000000000002,measured_angular,/odom,0.020752226936793582,0.5
8402ee7a-2186-4cd2-a772-e781413c05de,30.744000000000003,measured_angular,/odom,0.01866156421582681,0.5
8402ee7a-2186-4cd2-a772-e781413c05de,30.78,measured_angular,/odom,0.01866156421577523,0.5
8402ee7a-2186-4cd2-a772-e781413c05de,30.816000000000003,measured_angular,/odom,0.014905979856647702,0.5
8402ee7a-2186-4cd2-a772-e781413c05de,30.852,measured_angular,/odom,0.014097204434378044,0.5
8402ee7a-2186-4cd2-a772-e781413c05de,30.888,measured_angular,/odom,0.013083274106887982,0.5
8402ee7a-2186-4cd2-a772-e781413c05de,30.924000000000003,measured_angular,/odom,0.012970615178373338,0.5
8402ee7a-2186-4cd2-a772-e781413c05de,30.96,measured_angular,/odom,0.01075439975364582,0.5
8402ee7a-2186-4cd2-a772-e781413c05de,30.996000000000002,measured_angular,/odom,0.00493964133826631,0.5
8402ee7a-2186-4cd2-a772-e781413c05de,31.032000000000004,measured_angular,/odom,0.004939641338214731,0.5
8402ee7a-2186-4cd2-a772-e781413c05de,31.068,measured_angular,/odom,0.003970899110057535,0.5
8402ee7a-2186-4cd2-a772-e781413c05de,31.104000000000003,measured_angular,/odom,0.005937061737991535,0.5
8402ee7a-2186-4cd2-a772-e781413c05de,31.14,measured_angular,/odom,0.012694466273623617,0.5
8402ee7a-2186-4cd2-a772-e781413c05de,31.176000000000002,measured_angular,/odom,0.013633817434732617,0.5
8402ee7a-2186-4cd2-a772-e781413c05de,31.212000000000003,measured_angular,/odom,0.011916639288250156,0.5
8402ee7a-2186-4cd2-a772-e781413c05de,31.248,measured_angular,/odom,0.01185447908946555,0.5
8402ee7a-2186-4cd2-a772-e781413c05de,31.284000000000002,measured_angular,/odom,0.010362441651691845,0.5
8402ee7a-2186-4cd2-a772-e781413c05de,31.32,measured_angular,/odom,0.010362441651691845,0.5
8402ee7a-2186-4cd2-a772-e781413c05de,31.356,measured_angular,/odom,0.011340697295946004,0.5
8402ee7a-2186-4cd2-a772-e781413c05de,31.392000000000003,measured_angular,/odom,0.011681837028797541,0.5
8402ee7a-2186-4cd2-a772-e781413c05de,31.428,measured_angular,/odom,0.01168183702977753,0.5
8402ee7a-2186-4cd2-a772-e781413c05de,31.464000000000002,measured_angular,/odom,0.007933022454196496,0.5
8402ee7a-2186-4cd2-a772-e781413c05de,31.500000000000004,measured_angular,/odom,0.004541338571784419,0.5
8402ee7a-2186-4cd2-a772-e781413c05de,31.536,measured_angular,/odom,-6.813026281994278e-05,0.5
8402ee7a-2186-4cd2-a772-e781413c05de,31.572000000000003,measured_angular,/odom,-6.813026281994278e-05,0.5
8402ee7a-2186-4cd2-a772-e781413c05de,31.611,measured_angular,/odom,7.958374844405612e-05,0.5
8402ee7a-2186-4cd2-a772-e781413c05de,31.644000000000002,measured_angular,/odom,0.003918707836480776,0.5
8402ee7a-2186-4cd2-a772-e781413c05de,31.680000000000003,measured_angular,/odom,0.0039187078365323525,0.5
8402ee7a-2186-4cd2-a772-e781413c05de,31.716,measured_angular,/odom,0.004773786757300344,0.5
8402ee7a-2186-4cd2-a772-e781413c05de,31.752000000000002,measured_angular,/odom,0.009499450200775406,0.5
8402ee7a-2186-4cd2-a772-e781413c05de,31.788,measured_angular,/odom,0.009178937972480556,0.5
8402ee7a-2186-4cd2-a772-e781413c05de,31.824,measured_angular,/odom,0.009143325500005139,0.5
8402ee7a-2186-4cd2-a772-e781413c05de,31.860000000000003,measured_angular,/odom,0.007258899329188535,0.5
8402ee7a-2186-4cd2-a772-e781413c05de,31.896,measured_angular,/odom,0.0029467926357407497,0.5
8402ee7a-2186-4cd2-a772-e781413c05de,31.932000000000002,measured_angular,/odom,0.0029467926356375935,0.5
8402ee7a-2186-4cd2-a772-e781413c05de,31.968000000000004,measured_angular,/odom,0.002176988965454836,0.5
8402ee7a-2186-4cd2-a772-e781413c05de,32.004000000000005,measured_angular,/odom,0.007935531437281025,0.5
8402ee7a-2186-4cd2-a772-e781413c05de,32.04,measured_angular,/odom,0.010541788666463723,0.5
8402ee7a-2186-4cd2-a772-e781413c05de,32.076,measured_angular,/odom,0.010831372812415366,0.5
8402ee7a-2186-4cd2-a772-e781413c05de,32.112,measured_angular,/odom,0.0066264774768388405,0.5
8402ee7a-2186-4cd2-a772-e781413c05de,32.148,measured_angular,/odom,0.007084643187500442,0.5
8402ee7a-2186-4cd2-a772-e781413c05de,32.184000000000005,measured_angular,/odom,0.0030830805187717332,0.5
8402ee7a-2186-4cd2-a772-e781413c05de,32.22,measured_angular,/odom,0.00308308051887489,0.5
8402ee7a-2186-4cd2-a772-e781413c05de,32.256,measured_angular,/odom,0.002884271554745464,0.5
8402ee7a-2186-4cd2-a772-e781413c05de,32.292,measured_angular,/odom,-0.002343138199353644,0.5
8402ee7a-2186-4cd2-a772-e781413c05de,32.328,measured_angular,/odom,-0.0023431382139503043,0.5
8402ee7a-2186-4cd2-a772-e781413c05de,32.364000000000004,measured_angular,/odom,-0.0042551392690450465,0.5
8402ee7a-2186-4cd2-a772-e781413c05de,32.4,measured_angular,/odom,-0.0012495607349715977,0.5
8402ee7a-2186-4cd2-a772-e781413c05de,32.436,measured_angular,/odom,-0.0001831215148030263,0.5
8402ee7a-2186-4cd2-a772-e781413c05de,32.472,measured_angular,/odom,-2.011553912212827e-12,0.5
8402ee7a-2186-4cd2-a772-e781413c05de,32.511,measured_angular,/odom,-6.189396652962545e-13,0.5
8402ee7a-2186-4cd2-a772-e781413c05de,32.544000000000004,measured_angular,/odom,0.0,0.5
8402ee7a-2186-4cd2-a772-e781413c05de,32.580000000000005,measured_angular,/odom,0.0,0.5
8402ee7a-2186-4cd2-a772-e781413c05de,32.616,measured_angular,/odom,0.0,0.5
8402ee7a-2186-4cd2-a772-e781413c05de,32.652,measured_angular,/odom,0.0,0.5
8402ee7a-2186-4cd2-a772-e781413c05de,32.688,measured_angular,/odom,0.0,0.5
8402ee7a-2186-4cd2-a772-e781413c05de,32.724000000000004,measured_angular,/odom,0.0,0.5
8402ee7a-2186-4cd2-a772-e781413c05de,32.760000000000005,measured_angular,/odom,0.0,0.5
8402ee7a-2186-4cd2-a772-e781413c05de,32.796,measured_angular,/odom,0.0,0.5
8402ee7a-2186-4cd2-a772-e781413c05de,32.832,measured_angular,/odom,0.0,0.5
8402ee7a-2186-4cd2-a772-e781413c05de,32.868,measured_angular,/odom,0.0,0.5
8402ee7a-2186-4cd2-a772-e781413c05de,32.904,measured_angular,/odom,0.0,0.5
8402ee7a-2186-4cd2-a772-e781413c05de,32.940000000000005,measured_angular,/odom,0.0,0.5
8402ee7a-2186-4cd2-a772-e781413c05de,32.976,measured_angular,/odom,0.0,0.5
8402ee7a-2186-4cd2-a772-e781413c05de,33.012,measured_angular,/odom,0.0,0.5
8402ee7a-2186-4cd2-a772-e781413c05de,33.048,measured_angular,/odom,0.0,0.5
8402ee7a-2186-4cd2-a772-e781413c05de,33.084,measured_angular,/odom,0.0,0.5
8402ee7a-2186-4cd2-a772-e781413c05de,13.104000000000001,measured_linear,/odom,-1.4558378780933287e-20,0.5
8402ee7a-2186-4cd2-a772-e781413c05de,13.14,measured_linear,/odom,-1.1470237827401983e-20,0.5
8402ee7a-2186-4cd2-a772-e781413c05de,13.176,measured_linear,/odom,-3.0881409535313046e-21,0.5
8402ee7a-2186-4cd2-a772-e781413c05de,13.212000000000002,measured_linear,/odom,6.176281907062607e-21,0.5
8402ee7a-2186-4cd2-a772-e781413c05de,13.248000000000001,measured_linear,/odom,-6.176281907062607e-21,0.5
8402ee7a-2186-4cd2-a772-e781413c05de,13.284,measured_linear,/odom,-2.205814966808074e-21,0.5
8402ee7a-2186-4cd2-a772-e781413c05de,13.32,measured_linear,/odom,-1.1470237827401985e-20,0.5
8402ee7a-2186-4cd2-a772-e781413c05de,13.356000000000002,measured_linear,/odom,-2.2058149668080737e-21,0.5
8402ee7a-2186-4cd2-a772-e781413c05de,13.392000000000001,measured_linear,/odom,5.7351189137009924e-21,0.5
8402ee7a-2186-4cd2-a772-e781413c05de,13.428,measured_linear,/odom,-5.7351189137009924e-21,0.5
8402ee7a-2186-4cd2-a772-e781413c05de,13.464,measured_linear,/odom,-1.1470237827401985e-20,0.5
8402ee7a-2186-4cd2-a772-e781413c05de,13.5,measured_linear,/odom,-1.7646519734464577e-21,0.5
8402ee7a-2186-4cd2-a772-e781413c05de,13.536000000000001,measured_linear,/odom,-1.3234889800848443e-21,0.5
8402ee7a-2186-4cd2-a772-e781413c05de,13.572000000000001,measured_linear,/odom,-1.1911400820763602e-20,0.5
8402ee7a-2186-4cd2-a772-e781413c05de,13.611,measured_linear,/odom,0.0,0.5
8402ee7a-2186-4cd2-a772-e781413c05de,13.644,measured_linear,/odom,-1.5440704767656518e-20,0.5
8402ee7a-2186-4cd2-a772-e781413c05de,13.680000000000001,measured_linear,/odom,6.6174449004242214e-21,0.5
8402ee7a-2186-4cd2-a772-e781413c05de,13.716000000000001,measured_linear,/odom,-4.852792926977762e-21,0.5
8402ee7a-2186-4cd2-a772-e781413c05de,13.752,measured_linear,/odom,3.9704669402545336e-21,0.5
8402ee7a-2186-4cd2-a772-e781413c05de,13.788,measured_linear,/odom,-1.6764193747741362e-20,0.5
8402ee7a-2186-4cd2-a772-e781413c05de,13.824000000000002,measured_linear,/odom,-1.367605279421006e-20,0.5
8402ee7a-2186-4cd2-a772-e781413c05de,13.860000000000001,measured_linear,/odom,3.970466940254532e-21,0.5
8402ee7a-2186-4cd2-a772-e781413c05de,13.896,measured_linear,/odom,-4.411629933616148e-21,0.5
8402ee7a-2186-4cd2-a772-e781413c05de,13.932,measured_linear,/odom,-1.3676052794210057e-20,0.5
8402ee7a-2186-4cd2-a772-e781413c05de,13.968000000000002,measured_linear,/odom,-1.323488980084844e-20,0.5
8402ee7a-2186-4cd2-a772-e781413c05de,14.004000000000001,measured_linear,/odom,-1.764651973446459e-20,0.5
8402ee7a-2186-4cd2-a772-e781413c05de,14.040000000000001,measured_linear,/odom,2.6469779601696886e-21,0.5
8402ee7a-2186-4cd2-a772-e781413c05de,14.076,measured_linear,/odom,-4.411629933616145e-22,0.5
8402ee7a-2186-4cd2-a772-e781413c05de,14.112,measured_linear,/odom,-4.411629933616147e-21,0.5
8402ee7a-2186-4cd2-a772-e781413c05de,14.148000000000001,measured_linear,/odom,-9.26442286059391e-21,0.5
8402ee7a-2186-4cd2-a772-e781413c05de,14.184000000000001,measured_linear,/odom,-1.4999541774294904e-20,0.5
8402ee7a-2186-4cd2-a772-e781413c05de,14.22,measured_linear,/odom,-4.852792926977762e-21,0.5
8402ee7a-2186-4cd2-a772-e781413c05de,14.256,measured_linear,/odom,-7.058607893785835e-21,0.5
8402ee7a-2186-4cd2-a772-e781413c05de,14.292000000000002,measured_linear,/odom,-5.7351189137009924e-21,0.5
8402ee7a-2186-4cd2-a772-e781413c05de,14.328000000000001,measured_linear,/odom,-1.367605279421006e-20,0.5
8402ee7a-2186-4cd2-a772-e781413c05de,14.364,measured_linear,/odom,-4.4116299336161466e-21,0.5
8402ee7a-2186-4cd2-a772-e781413c05de,14.4,measured_linear,/odom,-5.293955920339377e-21,0.5
8402ee7a-2186-4cd2-a772-e781413c05de,14.436000000000002,measured_linear,/odom,-5.735118913700992e-21,0.5
8402ee7a-2186-4cd2-a772-e781413c05de,14.472000000000001,measured_linear,/odom,-1.1911400820763602e-20,0.5
8402ee7a-2186-4cd2-a772-e781413c05de,14.508000000000001,measured_linear,/odom,-1.2793726807486828e-20,0.5
8402ee7a-2186-4cd2-a772-e781413c05de,14.544,measured_linear,/odom,5.735118913700992e-21,0.5
8402ee7a-2186-4cd2-a772-e781413c05de,14.58,measured_linear,/odom,-8.823259867232295e-21,0.5
8402ee7a-2186-4cd2-a772-e781413c05de,14.616000000000001,measured_linear,/odom,8.823259867232294e-22,0.5
8402ee7a-2186-4cd2-a772-e781413c05de,14.652000000000001,measured_linear,/odom,-4.8527929269777626e-21,0.5
8402ee7a-2186-4cd2-a772-e781413c05de,14.688,measured_linear,/odom,1.1470237827401983e-20,0.5
8402ee7a-2186-4cd2-a772-e781413c05de,14.724,measured_linear,/odom,-3.0881409535313034e-21,0.5
8402ee7a-2186-4cd2-a772-e781413c05de,14.760000000000002,measured_linear,/odom,-1.588186776101813e-20,0.5
8402ee7a-2186-4cd2-a772-e781413c05de,14.796000000000001,measured_linear,/odom,0.01949999999182678,0.5
8402ee7a-2186-4cd2-a772-e781413c05de,14.832,measured_linear,/odom,0.035623047500848756,0.5
8402ee7a-2186-4cd2-a772-e781413c05de,14.868,measured_linear,/odom,0.04642304749431447,0.5
8402ee7a-2186-4cd2-a772-e781413c05de,14.904000000000002,measured_linear,/odom,0.08212304749264666,0.5
8402ee7a-2186-4cd2-a772-e781413c05de,14.940000000000001,measured_linear,/odom,0.11146922987227592,0.5
8402ee7a-2186-4cd2-a772-e781413c05de,14.976,measured_linear,/odom,0.1172836869955058,0.5
8402ee7a-2186-4cd2-a772-e781413c05de,15.012,measured_linear,/odom,0.12462038066166012,0.5
8402ee7a-2186-4cd2-a772-e781413c05de,15.048000000000002,measured_linear,/odom,0.12666124403437062,0.5
8402ee7a-2186-4cd2-a772-e781413c05de,15.084000000000001,measured_linear,/odom,0.1269377619028082,0.5
8402ee7a-2186-4cd2-a772-e781413c05de,15.120000000000001,measured_linear,/odom,0.1269377619028081,0.5
8402ee7a-2186-4cd2-a772-e781413c05de,15.156,measured_linear,/odom,0.12904827892709833,0.5
8402ee7a-2186-4cd2-a772-e781413c05de,15.192,measured_linear,/odom,0.13043653964972707,0.5
8402ee7a-2186-4cd2-a772-e781413c05de,15.228000000000002,measured_linear,/odom,0.1304365396499629,0.5
8402ee7a-2186-4cd2-a772-e781413c05de,15.264000000000001,measured_linear,/odom,0.13537676632351414,0.5
8402ee7a-2186-4cd2-a772-e781413c05de,15.3,measured_linear,/odom,0.1327682107694904,0.5
8402ee7a-2186-4cd2-a772-e781413c05de,15.336,measured_linear,/odom,0.13638259470438138,0.5
8402ee7a-2186-4cd2-a772-e781413c05de,15.372000000000002,measured_linear,/odom,0.1363825947046269,0.5
8402ee7a-2186-4cd2-a772-e781413c05de,15.411000000000001,measured_linear,/odom,0.13409953862497032,0.5
8402ee7a-2186-4cd2-a772-e781413c05de,15.444,measured_linear,/odom,0.13249759376048886,0.5
8402ee7a-2186-4cd2-a772-e781413c05de,15.48,measured_linear,/odom,0.1324975937604898,0.5
8402ee7a-2186-4cd2-a772-e781413c05de,15.516000000000002,measured_linear,/odom,0.13373410701751606,0.5
8402ee7a-2186-4cd2-a772-e781413c05de,15.552000000000001,measured_linear,/odom,0.1321010291580794,0.5
8402ee7a-2186-4cd2-a772-e781413c05de,15.588000000000001,measured_linear,/odom,0.13590478091120944,0.5
8402ee7a-2186-4cd2-a772-e781413c05de,15.624,measured_linear,/odom,0.13648071885108876,0.5
8402ee7a-2186-4cd2-a772-e781413c05de,15.66,measured_linear,/odom,0.13619010150441083,0.5
8402ee7a-2186-4cd2-a772-e781413c05de,15.696000000000002,measured_linear,/odom,0.13867653906345417,0.5
8402ee7a-2186-4cd2-a772-e781413c05de,15.732000000000001,measured_linear,/odom,0.13867653906345184,0.5
8402ee7a-2186-4cd2-a772-e781413c05de,15.768,measured_linear,/odom,0.14032122939774266,0.5
8402ee7a-2186-4cd2-a772-e781413c05de,15.804,measured_linear,/odom,0.13156991458110473,0.5
8402ee7a-2186-4cd2-a772-e781413c05de,15.840000000000002,measured_linear,/odom,0.13196247220017876,0.5
8402ee7a-2186-4cd2-a772-e781413c05de,15.876000000000001,measured_linear,/odom,0.13204592466354234,0.5
8402ee7a-2186-4cd2-a772-e781413c05de,15.912,measured_linear,/odom,0.12986385822355376,0.5
8402ee7a-2186-4cd2-a772-e781413c05de,15.948,measured_linear,/odom,0.12915634512923047,0.5
8402ee7a-2186-4cd2-a772-e781413c05de,15.984000000000002,measured_linear,/odom,0.13029013574123358,0.5
8402ee7a-2186-4cd2-a772-e781413c05de,16.02,measured_linear,/odom,0.13029013574123266,0.5
8402ee7a-2186-4cd2-a772-e781413c05de,16.056,measured_linear,/odom,0.13152882456779386,0.5
8402ee7a-2186-4cd2-a772-e781413c05de,16.092000000000002,measured_linear,/odom,0.13582410900473083,0.5
8402ee7a-2186-4cd2-a772-e781413c05de,16.128,measured_linear,/odom,0.13596802949905337,0.5
8402ee7a-2186-4cd2-a772-e781413c05de,16.164,measured_linear,/odom,0.1409561038011847,0.5
8402ee7a-2186-4cd2-a772-e781413c05de,16.2,measured_linear,/odom,0.13683337183128205,0.5
8402ee7a-2186-4cd2-a772-e781413c05de,16.236,measured_linear,/odom,0.13810258507662804,0.5
8402ee7a-2186-4cd2-a772-e781413c05de,16.272000000000002,measured_linear,/odom,0.1385838091373442,0.5
8402ee7a-2186-4cd2-a772-e781413c05de,16.308,measured_linear,/odom,0.14133476405060974,0.5
8402ee7a-2186-4cd2-a772-e781413c05de,16.344,measured_linear,/odom,0.14571674168080512,0.5
8402ee7a-2186-4cd2-a772-e781413c05de,16.380000000000003,measured_linear,/odom,0.14571674168109655,0.5
8402ee7a-2186-4cd2-a772-e781413c05de,16.416,measured_linear,/odom,0.1419352293016633,0.5
8402ee7a-2186-4cd2-a772-e781413c05de,16.452,measured_linear,/odom,0.14421230554520212,0.5
8402ee7a-2186-4cd2-a772-e781413c05de,16.488,measured_linear,/odom,0.14870188026285028,0.5
8402ee7a-2186-4cd2-a772-e781413c05de,16.524,measured_linear,/odom,0.14944927394390056,0.5
8402ee7a-2186-4cd2-a772-e781413c05de,16.560000000000002,measured_linear,/odom,0.15123929977362374,0.5
8402ee7a-2186-4cd2-a772-e781413c05de,16.596,measured_linear,/odom,0.1486857086420046,0.5
8402ee7a-2186-4cd2-a772-e781413c05de,16.632,measured_linear,/odom,0.14868570864200414,0.5
8402ee7a-2186-4cd2-a772-e781413c05de,16.668000000000003,measured_linear,/odom,0.149759152531255,0.5
8402ee7a-2186-4cd2-a772-e781413c05de,16.704,measured_linear,/odom,0.1519674360752103,0.5
8402ee7a-2186-4cd2-a772-e781413c05de,16.740000000000002,measured_linear,/odom,0.14955777973009776,0.5
8402ee7a-2186-4cd2-a772-e781413c05de,16.776,measured_linear,/odom,0.1492900401353798,0.5
8402ee7a-2186-4cd2-a772-e781413c05de,16.812,measured_linear,/odom,0.1481156796220157,0.5
8402ee7a-2186-4cd2-a772-e781413c05de,16.848000000000003,measured_linear,/odom,0.1515984484423462,0.5
8402ee7a-2186-4cd2-a772-e781413c05de,16.884,measured_linear,/odom,0.15396431088448106,0.5
8402ee7a-2186-4cd2-a772-e781413c05de,16.92,measured_linear,/odom,0.1539643108844746,0.5
8402ee7a-2186-4cd2-a772-e781413c05de,16.956,measured_linear,/odom,0.15788036584828874,0.5
8402ee7a-2186-4cd2-a772-e781413c05de,16.992,measured_linear,/odom,0.1608341485253878,0.5
8402ee7a-2186-4cd2-a772-e781413c05de,17.028000000000002,measured_linear,/odom,0.16083414852618624,0.5
8402ee7a-2186-4cd2-a772-e781413c05de,17.064,measured_linear,/odom,0.16060726344585646,0.5
8402ee7a-2186-4cd2-a772-e781413c05de,17.1,measured_linear,/odom,0.16164008825985493,0.5
8402ee7a-2186-4cd2-a772-e781413c05de,17.136000000000003,measured_linear,/odom,0.1561778783805275,0.5
8402ee7a-2186-4cd2-a772-e781413c05de,17.172,measured_linear,/odom,0.1561778783798188,0.5
8402ee7a-2186-4cd2-a772-e781413c05de,17.208000000000002,measured_linear,/odom,0.15715868175000908,0.5
8402ee7a-2186-4cd2-a772-e781413c05de,17.244,measured_linear,/odom,0.15806840360164387,0.5
8402ee7a-2186-4cd2-a772-e781413c05de,17.28,measured_linear,/odom,0.15806840360164387,0.5
8402ee7a-2186-4cd2-a772-e781413c05de,17.316000000000003,measured_linear,/odom,0.15964724123477825,0.5
8402ee7a-2186-4cd2-a772-e781413c05de,17.352,measured_linear,/odom,0.16041618585566353,0.5
8402ee7a-2186-4cd2-a772-e781413c05de,17.388,measured_linear,/odom,0.1659105833989168,0.5
8402ee7a-2186-4cd2-a772-e781413c05de,17.424,measured_linear,/odom,0.16697961091995212,0.5
8402ee7a-2186-4cd2-a772-e781413c05de,17.46,measured_linear,/odom,0.16884826570693529,0.5
8402ee7a-2186-4cd2-a772-e781413c05de,17.496000000000002,measured_linear,/odom,0.1744620800011772,0.5
8402ee7a-2186-4cd2-a772-e781413c05de,17.532,measured_linear,/odom,0.17446208000182856,0.5
8402ee7a-2186-4cd2-a772-e781413c05de,17.568,measured_linear,/odom,0.18093281172259873,0.5
8402ee7a-2186-4cd2-a772-e781413c05de,17.604000000000003,measured_linear,/odom,0.18544352054596275,0.5
8402ee7a-2186-4cd2-a772-e781413c05de,17.64,measured_linear,/odom,0.18179679126851903,0.5
8402ee7a-2186-4cd2-a772-e781413c05de,17.676000000000002,measured_linear,/odom,0.181260108947758,0.5
8402ee7a-2186-4cd2-a772-e781413c05de,17.712,measured_linear,/odom,0.17787060649489908,0.5
8402ee7a-2186-4cd2-a772-e781413c05de,17.748,measured_linear,/odom,0.17467417330840435,0.5
8402ee7a-2186-4cd2-a772-e781413c05de,17.784000000000002,measured_linear,/odom,0.17393942177295896,0.5
8402ee7a-2186-4cd2-a772-e781413c05de,17.82,measured_linear,/odom,0.17393942177295618,0.5
8402ee7a-2186-4cd2-a772-e781413c05de,17.856,measured_linear,/odom,0.17805455625026503,0.5
8402ee7a-2186-4cd2-a772-e781413c05de,17.892,measured_linear,/odom,0.1796065568919758,0.5
8402ee7a-2186-4cd2-a772-e781413c05de,17.928,measured_linear,/odom,0.1796065568923977,0.5
8402ee7a-2186-4cd2-a772-e781413c05de,17.964000000000002,measured_linear,/odom,0.17691831290722232,0.5
8402ee7a-2186-4cd2-a772-e781413c05de,18.0,measured_linear,/odom,0.18072345940948845,0.5
8402ee7a-2186-4cd2-a772-e781413c05de,18.036,measured_linear,/odom,0.176012873650222,0.5
8402ee7a-2186-4cd2-a772-e781413c05de,18.072000000000003,measured_linear,/odom,0.17601287364959378,0.5
8402ee7a-2186-4cd2-a772-e781413c05de,18.111,measured_linear,/odom,0.1791906574239499,0.5
8402ee7a-2186-4cd2-a772-e781413c05de,18.144000000000002,measured_linear,/odom,0.17720226943493678,0.5
8402ee7a-2186-4cd2-a772-e781413c05de,18.18,measured_linear,/odom,0.17720226943492845,0.5
8402ee7a-2186-4cd2-a772-e781413c05de,18.216,measured_linear,/odom,0.17921438813209659,0.5
8402ee7a-2186-4cd2-a772-e781413c05de,18.252000000000002,measured_linear,/odom,0.18220317363656643,0.5
8402ee7a-2186-4cd2-a772-e781413c05de,18.288,measured_linear,/odom,0.1834926992650911,0.5
8402ee7a-2186-4cd2-a772-e781413c05de,18.324,measured_linear,/odom,0.18363597989083008,0.5
8402ee7a-2186-4cd2-a772-e781413c05de,18.36,measured_linear,/odom,0.18364579677582202,0.5
8402ee7a-2186-4cd2-a772-e781413c05de,18.396,measured_linear,/odom,0.18703734874714145,0.5
8402ee7a-2186-4cd2-a772-e781413c05de,18.432000000000002,measured_linear,/odom,0.18703734874724876,0.5
8402ee7a-2186-4cd2-a772-e781413c05de,18.468,measured_linear,/odom,0.1886347293848197,0.5
8402ee7a-2186-4cd2-a772-e781413c05de,18.504,measured_linear,/odom,0.18403077125604034,0.5
8402ee7a-2186-4cd2-a772-e781413c05de,18.540000000000003,measured_linear,/odom,0.17872389886551818,0.5
8402ee7a-2186-4cd2-a772-e781413c05de,18.576,measured_linear,/odom,0.17773523926735885,0.5
8402ee7a-2186-4cd2-a772-e781413c05de,18.612000000000002,measured_linear,/odom,0.17328267009383652,0.5
8402ee7a-2186-4cd2-a772-e781413c05de,18.648,measured_linear,/odom,0.177378747747986,0.5
8402ee7a-2186-4cd2-a772-e781413c05de,18.684,measured_linear,/odom,0.1834695339196335,0.5
8402ee7a-2186-4cd2-a772-e781413c05de,18.720000000000002,measured_linear,/odom,0.18346953392028667,0.5
8402ee7a-2186-4cd2-a772-e781413c05de,18.756,measured_linear,/odom,0.18143729865551422,0.5
8402ee7a-2186-4cd2-a772-e781413c05de,18.792,measured_linear,/odom,0.1814286708831862,0.5
8402ee7a-2186-4cd2-a772-e781413c05de,18.828,measured_linear,/odom,0.18142867088318249,0.5
8402ee7a-2186-4cd2-a772-e781413c05de,18.864,measured_linear,/odom,0.18509930372219524,0.5
8402ee7a-2186-4cd2-a772-e781413c05de,18.900000000000002,measured_linear,/odom,0.18460947871223876,0.5
8402ee7a-2186-4cd2-a772-e781413c05de,18.936,measured_linear,/odom,0.1828870326280596,0.5
8402ee7a-2186-4cd2-a772-e781413c05de,18.972,measured_linear,/odom,0.18288703262805406,0.5
8402ee7a-2186-4cd2-a772-e781413c05de,19.011000000000003,measured_linear,/odom,0.18568557588970097,0.5
8402ee7a-2186-4cd2-a772-e781413c05de,19.044,measured_linear,/odom,0.18479976058005482,0.5
8402ee7a-2186-4cd2-a772-e781413c05de,19.080000000000002,measured_linear,/odom,0.1847997605800511,0.5
8402ee7a-2186-4cd2-a772-e781413c05de,19.116,measured_linear,/odom,0.18561731278896412,0.5
8402ee7a-2186-4cd2-a772-e781413c05de,19.152,measured_linear,/odom,0.18695390224420977,0.5
8402ee7a-2186-4cd2-a772-e781413c05de,19.188000000000002,measured_linear,/odom,0.1881617546077759,0.5
8402ee7a-2186-4cd2-a772-e781413c05de,19.224,measured_linear,/odom,0.1882959604263305,0.5
8402ee7a-2186-4cd2-a772-e781413c05de,19.26,measured_linear,/odom,0.1877341985704273,0.5
8402ee7a-2186-4cd2-a772-e781413c05de,19.296000000000003,measured_linear,/odom,0.18179839849549922,0.5
8402ee7a-2186-4cd2-a772-e781413c05de,19.332,measured_linear,/odom,0.18179839849470172,0.5
8402ee7a-2186-4cd2-a772-e781413c05de,19.368000000000002,measured_linear,/odom,0.17976769208975876,0.5
8402ee7a-2186-4cd2-a772-e781413c05de,19.404,measured_linear,/odom,0.18157018721103682,0.5
8402ee7a-2186-4cd2-a772-e781413c05de,19.44,measured_linear,/odom,0.17849263460731904,0.5
8402ee7a-2186-4cd2-a772-e781413c05de,19.476000000000003,measured_linear,/odom,0.17809824645520128,0.5
8402ee7a-2186-4cd2-a772-e781413c05de,19.512,measured_linear,/odom,0.1816813373436606,0.5
8402ee7a-2186-4cd2-a772-e781413c05de,19.548000000000002,measured_linear,/odom,0.1826916843649847,0.5
8402ee7a-2186-4cd2-a772-e781413c05de,19.584,measured_linear,/odom,0.18566028773784699,0.5
8402ee7a-2186-4cd2-a772-e781413c05de,19.62,measured_linear,/odom,0.18566028773782844,0.5
8402ee7a-2186-4cd2-a772-e781413c05de,19.656000000000002,measured_linear,/odom,0.184929803013791,0.5
8402ee7a-2186-4cd2-a772-e781413c05de,19.692,measured_linear,/odom,0.18554992973788265,0.5
8402ee7a-2186-4cd2-a772-e781413c05de,19.728,measured_linear,/odom,0.18554992973805107,0.5
8402ee7a-2186-4cd2-a772-e781413c05de,19.764000000000003,measured_linear,/odom,0.18411731720009242,0.5
8402ee7a-2186-4cd2-a772-e781413c05de,19.8,measured_linear,/odom,0.18228190839346126,0.5
8402ee7a-2186-4cd2-a772-e781413c05de,19.836000000000002,measured_linear,/odom,0.17724908888391103,0.5
8402ee7a-2186-4cd2-a772-e781413c05de,19.872,measured_linear,/odom,0.177249088883417,0.5
8402ee7a-2186-4cd2-a772-e781413c05de,19.911,measured_linear,/odom,0.17826257497041514,0.5
8402ee7a-2186-4cd2-a772-e781413c05de,19.944000000000003,measured_linear,/odom,0.17625854909421032,0.5
8402ee7a-2186-4cd2-a772-e781413c05de,19.98,measured_linear,/odom,0.17625854909421035,0.5
8402ee7a-2186-4cd2-a772-e781413c05de,20.016000000000002,measured_linear,/odom,0.17376460134983504,0.5
8402ee7a-2186-4cd2-a772-e781413c05de,20.052,measured_linear,/odom,0.18188697777739574,0.5
8402ee7a-2186-4cd2-a772-e781413c05de,20.088,measured_linear,/odom,0.1829547911881983,0.5
8402ee7a-2186-4cd2-a772-e781413c05de,20.124000000000002,measured_linear,/odom,0.1829723715782124,0.5
8402ee7a-2186-4cd2-a772-e781413c05de,20.16,measured_linear,/odom,0.18330228328693837,0.5
8402ee7a-2186-4cd2-a772-e781413c05de,20.196,measured_linear,/odom,0.18530617654323547,0.5
8402ee7a-2186-4cd2-a772-e781413c05de,20.232000000000003,measured_linear,/odom,0.1853061765432336,0.5
8402ee7a-2186-4cd2-a772-e781413c05de,20.268,measured_linear,/odom,0.18575377166255386,0.5
8402ee7a-2186-4cd2-a772-e781413c05de,20.304000000000002,measured_linear,/odom,0.1848864257335751,0.5
8402ee7a-2186-4cd2-a772-e781413c05de,20.34,measured_linear,/odom,0.18295547664225106,0.5
8402ee7a-2186-4cd2-a772-e781413c05de,20.376,measured_linear,/odom,0.18274092674256764,0.5
8402ee7a-2186-4cd2-a772-e781413c05de,20.412000000000003,measured_linear,/odom,0.18223825097098784,0.5
8402ee7a-2186-4cd2-a772-e781413c05de,20.448,measured_linear,/odom,0.17882926077949318,0.5
8402ee7a-2186-4cd2-a772-e781413c05de,20.484,measured_linear,/odom,0.1754727363586413,0.5
8402ee7a-2186-4cd2-a772-e781413c05de,20.52,measured_linear,/odom,0.17547273635864316,0.5
8402ee7a-2186-4cd2-a772-e781413c05de,20.556,measured_linear,/odom,0.17628082633018852,0.5
8402ee7a-2186-4cd2-a772-e781413c05de,20.592000000000002,measured_linear,/odom,0.1772133111951272,0.5
8402ee7a-2186-4cd2-a772-e781413c05de,20.628,measured_linear,/odom,0.17721331119537329,0.5
8402ee7a-2186-4cd2-a772-e781413c05de,20.664,measured_linear,/odom,0.18360065994168878,0.5
8402ee7a-2186-4cd2-a772-e781413c05de,20.700000000000003,measured_linear,/odom,0.17574772603788738,0.5
8402ee7a-2186-4cd2-a772-e781413c05de,20.736,measured_linear,/odom,0.17351293563841463,0.5
8402ee7a-2186-4cd2-a772-e781413c05de,20.772000000000002,measured_linear,/odom,0.17351293563843312,0.5
8402ee7a-2186-4cd2-a772-e781413c05de,20.811,measured_linear,/odom,0.17059834213346373,0.5
8402ee7a-2186-4cd2-a772-e781413c05de,20.844,measured_linear,/odom,0.17540520429551085,0.5
8402ee7a-2186-4cd2-a772-e781413c05de,20.880000000000003,measured_linear,/odom,0.17540520429611223,0.5
8402ee7a-2186-4cd2-a772-e781413c05de,20.916,measured_linear,/odom,0.17605647444725409,0.5
8402ee7a-2186-4cd2-a772-e781413c05de,20.952,measured_linear,/odom,0.17586177587512647,0.5
8402ee7a-2186-4cd2-a772-e781413c05de,20.988,measured_linear,/odom,0.17561062723407037,0.5
8402ee7a-2186-4cd2-a772-e781413c05de,21.024,measured_linear,/odom,0.1755827218294148,0.5
8402ee7a-2186-4cd2-a772-e781413c05de,21.060000000000002,measured_linear,/odom,0.17273530275908608,0.5
8402ee7a-2186-4cd2-a772-e781413c05de,21.096,measured_linear,/odom,0.17506740987300504,0.5
8402ee7a-2186-4cd2-a772-e781413c05de,21.132,measured_linear,/odom,0.17506740987301242,0.5
8402ee7a-2186-4cd2-a772-e781413c05de,21.168000000000003,measured_linear,/odom,0.17332441508830138,0.5
8402ee7a-2186-4cd2-a772-e781413c05de,21.204,measured_linear,/odom,0.1703101545572368,0.5
8402ee7a-2186-4cd2-a772-e781413c05de,21.240000000000002,measured_linear,/odom,0.1778522723171916,0.5
8402ee7a-2186-4cd2-a772-e781413c05de,21.276,measured_linear,/odom,0.17988035082817655,0.5
8402ee7a-2186-4cd2-a772-e781413c05de,21.312,measured_linear,/odom,0.181225746869688,0.5
8402ee7a-2186-4cd2-a772-e781413c05de,21.348000000000003,measured_linear,/odom,0.17788016409977886,0.5
8402ee7a-2186-4cd2-a772-e781413c05de,21.384,measured_linear,/odom,0.17335046827825124,0.5
8402ee7a-2186-4cd2-a772-e781413c05de,21.42,measured_linear,/odom,0.17335046827796632,0.5
8402ee7a-2186-4cd2-a772-e781413c05de,21.456000000000003,measured_linear,/odom,0.1724685430526988,0.5
8402ee7a-2186-4cd2-a772-e781413c05de,21.492,measured_linear,/odom,0.1707409322266466,0.5
8402ee7a-2186-4cd2-a772-e781413c05de,21.528000000000002,measured_linear,/odom,0.1707409322261766,0.5
8402ee7a-2186-4cd2-a772-e781413c05de,21.564,measured_linear,/odom,0.17236095666886,0.5
8402ee7a-2186-4cd2-a772-e781413c05de,21.6,measured_linear,/odom,0.17241850346324156,0.5
8402ee7a-2186-4cd2-a772-e781413c05de,21.636000000000003,measured_linear,/odom,0.17203906178471967,0.5
8402ee7a-2186-4cd2-a772-e781413c05de,21.672,measured_linear,/odom,0.17203906178471967,0.5
8402ee7a-2186-4cd2-a772-e781413c05de,21.708000000000002,measured_linear,/odom,0.17002529949010264,0.5
8402ee7a-2186-4cd2-a772-e781413c05de,21.744,measured_linear,/odom,0.17192474007607186,0.5
8402ee7a-2186-4cd2-a772-e781413c05de,21.78,measured_linear,/odom,0.17192474007607556,0.5
8402ee7a-2186-4cd2-a772-e781413c05de,21.816000000000003,measured_linear,/odom,0.1692065894603652,0.5
8402ee7a-2186-4cd2-a772-e781413c05de,21.852,measured_linear,/odom,0.17359777628058734,0.5
8402ee7a-2186-4cd2-a772-e781413c05de,21.888,measured_linear,/odom,0.17119160741644693,0.5
8402ee7a-2186-4cd2-a772-e781413c05de,21.924000000000003,measured_linear,/odom,0.17090708017348802,0.5
8402ee7a-2186-4cd2-a772-e781413c05de,21.96,measured_linear,/odom,0.16982958316836455,0.5
8402ee7a-2186-4cd2-a772-e781413c05de,21.996000000000002,measured_linear,/odom,0.16823126375674996,0.5
8402ee7a-2186-4cd2-a772-e781413c05de,22.032,measured_linear,/odom,0.16823126375674996,0.5
8402ee7a-2186-4cd2-a772-e781413c05de,22.068,measured_linear,/odom,0.17200160114649127,0.5
8402ee7a-2186-4cd2-a772-e781413c05de,22.104000000000003,measured_linear,/odom,0.17459930479526803,0.5
8402ee7a-2186-4cd2-a772-e781413c05de,22.14,measured_linear,/odom,0.17623370885799794,0.5
8402ee7a-2186-4cd2-a772-e781413c05de,22.176000000000002,measured_linear,/odom,0.17641530930994817,0.5
8402ee7a-2186-4cd2-a772-e781413c05de,22.212,measured_linear,/odom,0.17914602160380805,0.5
8402ee7a-2186-4cd2-a772-e781413c05de,22.248,measured_linear,/odom,0.1778338044885734,0.5
8402ee7a-2186-4cd2-a772-e781413c05de,22.284000000000002,measured_linear,/odom,0.176968783140193,0.5
8402ee7a-2186-4cd2-a772-e781413c05de,22.32,measured_linear,/odom,0.1769687831401967,0.5
8402ee7a-2186-4cd2-a772-e781413c05de,22.356,measured_linear,/odom,0.1788651943206691,0.5
8402ee7a-2186-4cd2-a772-e781413c05de,22.392000000000003,measured_linear,/odom,0.17883861064913092,0.5
8402ee7a-2186-4cd2-a772-e781413c05de,22.428,measured_linear,/odom,0.17883861064912723,0.5
8402ee7a-2186-4cd2-a772-e781413c05de,22.464000000000002,measured_linear,/odom,0.17629632353783528,0.5
8402ee7a-2186-4cd2-a772-e781413c05de,22.5,measured_linear,/odom,0.17246208996894627,0.5
8402ee7a-2186-4cd2-a772-e781413c05de,22.536,measured_linear,/odom,0.16878856718542207,0.5
8402ee7a-2186-4cd2-a772-e781413c05de,22.572000000000003,measured_linear,/odom,0.16878856718539986,0.5
8402ee7a-2186-4cd2-a772-e781413c05de,22.608,measured_linear,/odom,0.17226883261095188,0.5
8402ee7a-2186-4cd2-a772-e781413c05de,22.644000000000002,measured_linear,/odom,0.17444680631163445,0.5
8402ee7a-2186-4cd2-a772-e781413c05de,22.68,measured_linear,/odom,0.17444680631163445,0.5
8402ee7a-2186-4cd2-a772-e781413c05de,22.716,measured_linear,/odom,0.1697167456154558,0.5
8402ee7a-2186-4cd2-a772-e781413c05de,22.752000000000002,measured_linear,/odom,0.1709368973966896,0.5
8402ee7a-2186-4cd2-a772-e781413c05de,22.788,measured_linear,/odom,0.17134539782990657,0.5
8402ee7a-2186-4cd2-a772-e781413c05de,22.824,measured_linear,/odom,0.171390786767008,0.5
8402ee7a-2186-4cd2-a772-e781413c05de,22.860000000000003,measured_linear,/odom,0.17360584884813884,0.5
8402ee7a-2186-4cd2-a772-e781413c05de,22.896,measured_linear,/odom,0.17105431854726277,0.5
8402ee7a-2186-4cd2-a772-e781413c05de,22.932000000000002,measured_linear,/odom,0.17105431854725534,0.5
8402ee7a-2186-4cd2-a772-e781413c05de,22.968,measured_linear,/odom,0.169381645322401,0.5
8402ee7a-2186-4cd2-a772-e781413c05de,23.004,measured_linear,/odom,0.1725659370420574,0.5
8402ee7a-2186-4cd2-a772-e781413c05de,23.040000000000003,measured_linear,/odom,0.1755570629110618,0.5
8402ee7a-2186-4cd2-a772-e781413c05de,23.076,measured_linear,/odom,0.17592984437942996,0.5
8402ee7a-2186-4cd2-a772-e781413c05de,23.112000000000002,measured_linear,/odom,0.17305018007833056,0.5
8402ee7a-2186-4cd2-a772-e781413c05de,23.148,measured_linear,/odom,0.1780998000366944,0.5
8402ee7a-2186-4cd2-a772-e781413c05de,23.184,measured_linear,/odom,0.18266366422157548,0.5
8402ee7a-2186-4cd2-a772-e781413c05de,23.220000000000002,measured_linear,/odom,0.1826636642217605,0.5
8402ee7a-2186-4cd2-a772-e781413c05de,23.256,measured_linear,/odom,0.1729184702654596,0.5
8402ee7a-2186-4cd2-a772-e781413c05de,23.292,measured_linear,/odom,0.17231404781342663,0.5
8402ee7a-2186-4cd2-a772-e781413c05de,23.328000000000003,measured_linear,/odom,0.17231404781340445,0.5
8402ee7a-2186-4cd2-a772-e781413c05de,23.364,measured_linear,/odom,0.1734250634905584,0.5
8402ee7a-2186-4cd2-a772-e781413c05de,23.400000000000002,measured_linear,/odom,0.1728077396752255,0.5
8402ee7a-2186-4cd2-a772-e781413c05de,23.436,measured_linear,/odom,0.1698761880397859,0.5
8402ee7a-2186-4cd2-a772-e781413c05de,23.472,measured_linear,/odom,0.16987618803976365,0.5
8402ee7a-2186-4cd2-a772-e781413c05de,23.511000000000003,measured_linear,/odom,0.1738849320875794,0.5
8402ee7a-2186-4cd2-a772-e781413c05de,23.544,measured_linear,/odom,0.1775902807712226,0.5
8402ee7a-2186-4cd2-a772-e781413c05de,23.580000000000002,measured_linear,/odom,0.17759028077125225,0.5
8402ee7a-2186-4cd2-a772-e781413c05de,23.616000000000003,measured_linear,/odom,0.1720826029784295,0.5
8402ee7a-2186-4cd2-a772-e781413c05de,23.652,measured_linear,/odom,0.17383214831304675,0.5
8402ee7a-2186-4cd2-a772-e781413c05de,23.688000000000002,measured_linear,/odom,0.17407341301432327,0.5
8402ee7a-2186-4cd2-a772-e781413c05de,23.724,measured_linear,/odom,0.17410022020338073,0.5
8402ee7a-2186-4cd2-a772-e781413c05de,23.76,measured_linear,/odom,0.17828383235798012,0.5
8402ee7a-2186-4cd2-a772-e781413c05de,23.796000000000003,measured_linear,/odom,0.1789028793573418,0.5
8402ee7a-2186-4cd2-a772-e781413c05de,23.832,measured_linear,/odom,0.17890287935734178,0.5
8402ee7a-2186-4cd2-a772-e781413c05de,23.868000000000002,measured_linear,/odom,0.17880116999153445,0.5
8402ee7a-2186-4cd2-a772-e781413c05de,23.904,measured_linear,/odom,0.17643322050570437,0.5
8402ee7a-2186-4cd2-a772-e781413c05de,23.94,measured_linear,/odom,0.17849240601001126,0.5
8402ee7a-2186-4cd2-a772-e781413c05de,23.976000000000003,measured_linear,/odom,0.17872120440004152,0.5
8402ee7a-2186-4cd2-a772-e781413c05de,24.012,measured_linear,/odom,0.18253217576638114,0.5
8402ee7a-2186-4cd2-a772-e781413c05de,24.048000000000002,measured_linear,/odom,0.18150102645193567,0.5
8402ee7a-2186-4cd2-a772-e781413c05de,24.084000000000003,measured_linear,/odom,0.17969426512716896,0.5
8402ee7a-2186-4cd2-a772-e781413c05de,24.12,measured_linear,/odom,0.17969426512717268,0.5
8402ee7a-2186-4cd2-a772-e781413c05de,24.156000000000002,measured_linear,/odom,0.17769308388234653,0.5
8402ee7a-2186-4cd2-a772-e781413c05de,24.192,measured_linear,/odom,0.17709080874933614,0.5
8402ee7a-2186-4cd2-a772-e781413c05de,24.228,measured_linear,/odom,0.17709080874918073,0.5
8402ee7a-2186-4cd2-a772-e781413c05de,24.264000000000003,measured_linear,/odom,0.18033108115190394,0.5
8402ee7a-2186-4cd2-a772-e781413c05de,24.3,measured_linear,/odom,0.18537325053054055,0.5
8402ee7a-2186-4cd2-a772-e781413c05de,24.336000000000002,measured_linear,/odom,0.1851782500743767,0.5
8402ee7a-2186-4cd2-a772-e781413c05de,24.372,measured_linear,/odom,0.18517825007438038,0.5
8402ee7a-2186-4cd2-a772-e781413c05de,24.411,measured_linear,/odom,0.1816589674483726,0.5
8402ee7a-2186-4cd2-a772-e781413c05de,24.444000000000003,measured_linear,/odom,0.18402145802972986,0.5
8402ee7a-2186-4cd2-a772-e781413c05de,24.48,measured_linear,/odom,0.18402145802975944,0.5
8402ee7a-2186-4cd2-a772-e781413c05de,24.516000000000002,measured_linear,/odom,0.17965245246925515,0.5
8402ee7a-2186-4cd2-a772-e781413c05de,24.552000000000003,measured_linear,/odom,0.17780041694690868,0.5
8402ee7a-2186-4cd2-a772-e781413c05de,24.588,measured_linear,/odom,0.17862410992358638,0.5
8402ee7a-2186-4cd2-a772-e781413c05de,24.624000000000002,measured_linear,/odom,0.17871563136575563,0.5
8402ee7a-2186-4cd2-a772-e781413c05de,24.66,measured_linear,/odom,0.18148484914219198,0.5
8402ee7a-2186-4cd2-a772-e781413c05de,24.696,measured_linear,/odom,0.1836093068122935,0.5
8402ee7a-2186-4cd2-a772-e781413c05de,24.732000000000003,measured_linear,/odom,0.1836093068122898,0.5
8402ee7a-2186-4cd2-a772-e781413c05de,24.768,measured_linear,/odom,0.18139780759885982,0.5
8402ee7a-2186-4cd2-a772-e781413c05de,24.804000000000002,measured_linear,/odom,0.18061822652817677,0.5
8402ee7a-2186-4cd2-a772-e781413c05de,24.84,measured_linear,/odom,0.18370013027096216,0.5
8402ee7a-2186-4cd2-a772-e781413c05de,24.876,measured_linear,/odom,0.18409560620784213,0.5
8402ee7a-2186-4cd2-a772-e781413c05de,24.912000000000003,measured_linear,/odom,0.18707768618978127,0.5
8402ee7a-2186-4cd2-a772-e781413c05de,24.948,measured_linear,/odom,0.1827898731960505,0.5
8402ee7a-2186-4cd2-a772-e781413c05de,24.984,measured_linear,/odom,0.18433195352554427,0.5
8402ee7a-2186-4cd2-a772-e781413c05de,25.020000000000003,measured_linear,/odom,0.18433195352555165,0.5
8402ee7a-2186-4cd2-a772-e781413c05de,25.056,measured_linear,/odom,0.18584913015362953,0.5
8402ee7a-2186-4cd2-a772-e781413c05de,25.092000000000002,measured_linear,/odom,0.184027105570365,0.5
8402ee7a-2186-4cd2-a772-e781413c05de,25.128,measured_linear,/odom,0.18402710556982466,0.5
8402ee7a-2186-4cd2-a772-e781413c05de,25.164,measured_linear,/odom,0.18618056178093162,0.5
8402ee7a-2186-4cd2-a772-e781413c05de,25.200000000000003,measured_linear,/odom,0.19000573544383598,0.5
8402ee7a-2186-4cd2-a772-e781413c05de,25.236,measured_linear,/odom,0.18857946991921076,0.5
8402ee7a-2186-4cd2-a772-e781413c05de,25.272000000000002,measured_linear,/odom,0.18857946991920707,0.5
8402ee7a-2186-4cd2-a772-e781413c05de,25.311,measured_linear,/odom,0.19210690646059478,0.5
8402ee7a-2186-4cd2-a772-e781413c05de,25.344,measured_linear,/odom,0.19034026563167586,0.5
8402ee7a-2186-4cd2-a772-e781413c05de,25.380000000000003,measured_linear,/odom,0.19034026563167586,0.5
8402ee7a-2186-4cd2-a772-e781413c05de,25.416,measured_linear,/odom,0.19285117089746412,0.5
8402ee7a-2186-4cd2-a772-e781413c05de,25.452,measured_linear,/odom,0.18816604079141172,0.5
8402ee7a-2186-4cd2-a772-e781413c05de,25.488000000000003,measured_linear,/odom,0.18738665282745554,0.5
8402ee7a-2186-4cd2-a772-e781413c05de,25.524,measured_linear,/odom,0.18732085824013273,0.5
8402ee7a-2186-4cd2-a772-e781413c05de,25.560000000000002,measured_linear,/odom,0.19053371338746777,0.5
8402ee7a-2186-4cd2-a772-e781413c05de,25.596,measured_linear,/odom,0.19142189621926448,0.5
8402ee7a-2186-4cd2-a772-e781413c05de,25.632,measured_linear,/odom,0.19142189621924227,0.5
8402ee7a-2186-4cd2-a772-e781413c05de,25.668000000000003,measured_linear,/odom,0.1910901129246708,0.5
8402ee7a-2186-4cd2-a772-e781413c05de,25.704,measured_linear,/odom,0.19159635901452307,0.5
8402ee7a-2186-4cd2-a772-e781413c05de,25.740000000000002,measured_linear,/odom,0.19058976620465556,0.5
8402ee7a-2186-4cd2-a772-e781413c05de,25.776000000000003,measured_linear,/odom,0.19047792255877383,0.5
8402ee7a-2186-4cd2-a772-e781413c05de,25.812,measured_linear,/odom,0.18925514817271785,0.5
8402ee7a-2186-4cd2-a772-e781413c05de,25.848000000000003,measured_linear,/odom,0.187654620409472,0.5
8402ee7a-2186-4cd2-a772-e781413c05de,25.884,measured_linear,/odom,0.1828732788566952,0.5
8402ee7a-2186-4cd2-a772-e781413c05de,25.92,measured_linear,/odom,0.18287327885626223,0.5
8402ee7a-2186-4cd2-a772-e781413c05de,25.956000000000003,measured_linear,/odom,0.18390718102455628,0.5
8402ee7a-2186-4cd2-a772-e781413c05de,25.992,measured_linear,/odom,0.18769260434997603,0.5
8402ee7a-2186-4cd2-a772-e781413c05de,26.028000000000002,measured_linear,/odom,0.18777987360953932,0.5
8402ee7a-2186-4cd2-a772-e781413c05de,26.064,measured_linear,/odom,0.18985860049725392,0.5
8402ee7a-2186-4cd2-a772-e781413c05de,26.1,measured_linear,/odom,0.18714473159392825,0.5
8402ee7a-2186-4cd2-a772-e781413c05de,26.136000000000003,measured_linear,/odom,0.18481132388115107,0.5
8402ee7a-2186-4cd2-a772-e781413c05de,26.172,measured_linear,/odom,0.18481132388114366,0.5
8402ee7a-2186-4cd2-a772-e781413c05de,26.211000000000002,measured_linear,/odom,0.1828967228537463,0.5
8402ee7a-2186-4cd2-a772-e781413c05de,26.244000000000003,measured_linear,/odom,0.18505290150640694,0.5
8402ee7a-2186-4cd2-a772-e781413c05de,26.28,measured_linear,/odom,0.18505290150641435,0.5
8402ee7a-2186-4cd2-a772-e781413c05de,26.316000000000003,measured_linear,/odom,0.18897593021367878,0.5
8402ee7a-2186-4cd2-a772-e781413c05de,26.352,measured_linear,/odom,0.18655483424730263,0.5
8402ee7a-2186-4cd2-a772-e781413c05de,26.388,measured_linear,/odom,0.18625871837151625,0.5
8402ee7a-2186-4cd2-a772-e781413c05de,26.424000000000003,measured_linear,/odom,0.18622581660750664,0.5
8402ee7a-2186-4cd2-a772-e781413c05de,26.46,measured_linear,/odom,0.18719515353411062,0.5
8402ee7a-2186-4cd2-a772-e781413c05de,26.496000000000002,measured_linear,/odom,0.1824982586878428,0.5
8402ee7a-2186-4cd2-a772-e781413c05de,26.532,measured_linear,/odom,0.1807951927184896,0.5
8402ee7a-2186-4cd2-a772-e781413c05de,26.568,measured_linear,/odom,0.1823662966484914,0.5
8402ee7a-2186-4cd2-a772-e781413c05de,26.604000000000003,measured_linear,/odom,0.18160335719587342,0.5
8402ee7a-2186-4cd2-a772-e781413c05de,26.64,measured_linear,/odom,0.18155707567934315,0.5
8402ee7a-2186-4cd2-a772-e781413c05de,26.676000000000002,measured_linear,/odom,0.18155193328860025,0.5
8402ee7a-2186-4cd2-a772-e781413c05de,26.712000000000003,measured_linear,/odom,0.17666424275776618,0.5
8402ee7a-2186-4cd2-a772-e781413c05de,26.748,measured_linear,/odom,0.1744133517152487,0.5
8402ee7a-2186-4cd2-a772-e781413c05de,26.784000000000002,measured_linear,/odom,0.17302274703980086,0.5
8402ee7a-2186-4cd2-a772-e781413c05de,26.82,measured_linear,/odom,0.17302274703977122,0.5
8402ee7a-2186-4cd2-a772-e781413c05de,26.856,measured_linear,/odom,0.17436099052431747,0.5
8402ee7a-2186-4cd2-a772-e781413c05de,26.892000000000003,measured_linear,/odom,0.17053743959771034,0.5
8402ee7a-2186-4cd2-a772-e781413c05de,26.928,measured_linear,/odom,0.17044593393801638,0.5
8402ee7a-2186-4cd2-a772-e781413c05de,26.964000000000002,measured_linear,/odom,0.17267994582651863,0.5
8402ee7a-2186-4cd2-a772-e781413c05de,27.0,measured_linear,/odom,0.1690041175615331,0.5
8402ee7a-2186-4cd2-a772-e781413c05de,27.036,measured_linear,/odom,0.1685954332351673,0.5
8402ee7a-2186-4cd2-a772-e781413c05de,27.072000000000003,measured_linear,/odom,0.16859543323516724,0.5
8402ee7a-2186-4cd2-a772-e781413c05de,27.108,measured_linear,/odom,0.16812929213060693,0.5
8402ee7a-2186-4cd2-a772-e781413c05de,27.144000000000002,measured_linear,/odom,0.16717541217804072,0.5
8402ee7a-2186-4cd2-a772-e781413c05de,27.180000000000003,measured_linear,/odom,0.16717541217804816,0.5
8402ee7a-2186-4cd2-a772-e781413c05de,27.216,measured_linear,/odom,0.16618207097058857,0.5
8402ee7a-2186-4cd2-a772-e781413c05de,27.252000000000002,measured_linear,/odom,0.16460223496005771,0.5
8402ee7a-2186-4cd2-a772-e781413c05de,27.288,measured_linear,/odom,0.16530481278871353,0.5
8402ee7a-2186-4cd2-a772-e781413c05de,27.324,measured_linear,/odom,0.165382876992178,0.5
8402ee7a-2186-4cd2-a772-e781413c05de,27.360000000000003,measured_linear,/odom,0.16755344122576513,0.5
8402ee7a-2186-4cd2-a772-e781413c05de,27.396,measured_linear,/odom,0.16698263585564663,0.5
8402ee7a-2186-4cd2-a772-e781413c05de,27.432000000000002,measured_linear,/odom,0.16698263585566142,0.5
8402ee7a-2186-4cd2-a772-e781413c05de,27.468,measured_linear,/odom,0.16736927628505277,0.5
8402ee7a-2186-4cd2-a772-e781413c05de,27.504,measured_linear,/odom,0.16632695496083075,0.5
8402ee7a-2186-4cd2-a772-e781413c05de,27.540000000000003,measured_linear,/odom,0.1636335879572422,0.5
8402ee7a-2186-4cd2-a772-e781413c05de,27.576,measured_linear,/odom,0.1633343249559438,0.5
8402ee7a-2186-4cd2-a772-e781413c05de,27.612000000000002,measured_linear,/odom,0.159822326017404,0.5
8402ee7a-2186-4cd2-a772-e781413c05de,27.648000000000003,measured_linear,/odom,0.15991392433634122,0.5
8402ee7a-2186-4cd2-a772-e781413c05de,27.684,measured_linear,/odom,0.15919581055645618,0.5
8402ee7a-2186-4cd2-a772-e781413c05de,27.720000000000002,measured_linear,/odom,0.15919581055644877,0.5
8402ee7a-2186-4cd2-a772-e781413c05de,27.756,measured_linear,/odom,0.15893825888634677,0.5
8402ee7a-2186-4cd2-a772-e781413c05de,27.792,measured_linear,/odom,0.16103146970211463,0.5
8402ee7a-2186-4cd2-a772-e781413c05de,27.828000000000003,measured_linear,/odom,0.1610314697026845,0.5
8402ee7a-2186-4cd2-a772-e781413c05de,27.864,measured_linear,/odom,0.1608080565929389,0.5
8402ee7a-2186-4cd2-a772-e781413c05de,27.900000000000002,measured_linear,/odom,0.1608399748801892,0.5
8402ee7a-2186-4cd2-a772-e781413c05de,27.936000000000003,measured_linear,/odom,0.1562290638690067,0.5
8402ee7a-2186-4cd2-a772-e781413c05de,27.972,measured_linear,/odom,0.15622906386857,0.5
8402ee7a-2186-4cd2-a772-e781413c05de,28.011000000000003,measured_linear,/odom,0.15462887138178633,0.5
8402ee7a-2186-4cd2-a772-e781413c05de,28.044,measured_linear,/odom,0.15351572632788338,0.5
8402ee7a-2186-4cd2-a772-e781413c05de,28.080000000000002,measured_linear,/odom,0.15351572632786858,0.5
8402ee7a-2186-4cd2-a772-e781413c05de,28.116000000000003,measured_linear,/odom,0.15171504020693077,0.5
8402ee7a-2186-4cd2-a772-e781413c05de,28.152,measured_linear,/odom,0.1518244445323817,0.5
8402ee7a-2186-4cd2-a772-e781413c05de,28.188000000000002,measured_linear,/odom,0.1499884724622591,0.5
8402ee7a-2186-4cd2-a772-e781413c05de,28.224,measured_linear,/odom,0.14978447556495872,0.5
8402ee7a-2186-4cd2-a772-e781413c05de,28.26,measured_linear,/odom,0.1529788294305057,0.5
8402ee7a-2186-4cd2-a772-e781413c05de,28.296000000000003,measured_linear,/odom,0.15058295428747778,0.5
8402ee7a-2186-4cd2-a772-e781413c05de,28.332,measured_linear,/odom,0.15058295428747034,0.5
8402ee7a-2186-4cd2-a772-e781413c05de,28.368000000000002,measured_linear,/odom,0.1476744479070202,0.5
8402ee7a-2186-4cd2-a772-e781413c05de,28.404000000000003,measured_linear,/odom,0.1430566906931145,0.5
8402ee7a-2186-4cd2-a772-e781413c05de,28.44,measured_linear,/odom,0.14390872120834491,0.5
8402ee7a-2186-4cd2-a772-e781413c05de,28.476000000000003,measured_linear,/odom,0.1440033912659159,0.5
8402ee7a-2186-4cd2-a772-e781413c05de,28.512,measured_linear,/odom,0.1427445113662218,0.5
8402ee7a-2186-4cd2-a772-e781413c05de,28.548000000000002,measured_linear,/odom,0.14097795486507358,0.5
8402ee7a-2186-4cd2-a772-e781413c05de,28.584000000000003,measured_linear,/odom,0.14582853019181238,0.5
8402ee7a-2186-4cd2-a772-e781413c05de,28.62,measured_linear,/odom,0.1458285301923749,0.5
8402ee7a-2186-4cd2-a772-e781413c05de,28.656000000000002,measured_linear,/odom,0.1424924582243377,0.5
8402ee7a-2186-4cd2-a772-e781413c05de,28.692,measured_linear,/odom,0.14199581742301665,0.5
8402ee7a-2186-4cd2-a772-e781413c05de,28.728,measured_linear,/odom,0.1419958174228834,0.5
8402ee7a-2186-4cd2-a772-e781413c05de,28.764000000000003,measured_linear,/odom,0.1401711106300792,0.5
8402ee7a-2186-4cd2-a772-e781413c05de,28.8,measured_linear,/odom,0.14235522001915984,0.5
8402ee7a-2186-4cd2-a772-e781413c05de,28.836000000000002,measured_linear,/odom,0.14284376800059265,0.5
8402ee7a-2186-4cd2-a772-e781413c05de,28.872000000000003,measured_linear,/odom,0.14284376800059267,0.5
8402ee7a-2186-4cd2-a772-e781413c05de,28.911,measured_linear,/odom,0.14223473221079974,0.5
8402ee7a-2186-4cd2-a772-e781413c05de,28.944000000000003,measured_linear,/odom,0.1399521976709043,0.5
8402ee7a-2186-4cd2-a772-e781413c05de,28.98,measured_linear,/odom,0.13995219767091172,0.5
8402ee7a-2186-4cd2-a772-e781413c05de,29.016000000000002,measured_linear,/odom,0.1389329135418338,0.5
8402ee7a-2186-4cd2-a772-e781413c05de,29.052000000000003,measured_linear,/odom,0.1389561444520885,0.5
8402ee7a-2186-4cd2-a772-e781413c05de,29.088,measured_linear,/odom,0.13551914007773705,0.5
8402ee7a-2186-4cd2-a772-e781413c05de,29.124000000000002,measured_linear,/odom,0.13503488898282495,0.5
8402ee7a-2186-4cd2-a772-e781413c05de,29.16,measured_linear,/odom,0.13757878988909972,0.5
8402ee7a-2186-4cd2-a772-e781413c05de,29.196,measured_linear,/odom,0.13232687115737699,0.5
8402ee7a-2186-4cd2-a772-e781413c05de,29.232000000000003,measured_linear,/odom,0.13232687115668124,0.5
8402ee7a-2186-4cd2-a772-e781413c05de,29.268,measured_linear,/odom,0.13584716706166086,0.5
8402ee7a-2186-4cd2-a772-e781413c05de,29.304000000000002,measured_linear,/odom,0.1372807621955463,0.5
8402ee7a-2186-4cd2-a772-e781413c05de,29.340000000000003,measured_linear,/odom,0.13995194733057065,0.5
8402ee7a-2186-4cd2-a772-e781413c05de,29.376,measured_linear,/odom,0.14024874567979406,0.5
8402ee7a-2186-4cd2-a772-e781413c05de,29.412000000000003,measured_linear,/odom,0.13674510182240712,0.5
8402ee7a-2186-4cd2-a772-e781413c05de,29.448,measured_linear,/odom,0.134054206312495,0.5
8402ee7a-2186-4cd2-a772-e781413c05de,29.484,measured_linear,/odom,0.13254870474334415,0.5
8402ee7a-2186-4cd2-a772-e781413c05de,29.520000000000003,measured_linear,/odom,0.13254870474332195,0.5
8402ee7a-2186-4cd2-a772-e781413c05de,29.556,measured_linear,/odom,0.13276636600489944,0.5
8402ee7a-2186-4cd2-a772-e781413c05de,29.592000000000002,measured_linear,/odom,0.13541944324896674,0.5
8402ee7a-2186-4cd2-a772-e781413c05de,29.628,measured_linear,/odom,0.1354194432497439,0.5
8402ee7a-2186-4cd2-a772-e781413c05de,29.664,measured_linear,/odom,0.13446807861325905,0.5
8402ee7a-2186-4cd2-a772-e781413c05de,29.700000000000003,measured_linear,/odom,0.13927937536081605,0.5
8402ee7a-2186-4cd2-a772-e781413c05de,29.736,measured_linear,/odom,0.14005614221096102,0.5
8402ee7a-2186-4cd2-a772-e781413c05de,29.772000000000002,measured_linear,/odom,0.1400433778762829,0.5
8402ee7a-2186-4cd2-a772-e781413c05de,29.808000000000003,measured_linear,/odom,0.13863065838854996,0.5
8402ee7a-2186-4cd2-a772-e781413c05de,29.844,measured_linear,/odom,0.1354554444551015,0.5
8402ee7a-2186-4cd2-a772-e781413c05de,29.880000000000003,measured_linear,/odom,0.1354554444550867,0.5
8402ee7a-2186-4cd2-a772-e781413c05de,29.916,measured_linear,/odom,0.1379090547561838,0.5
8402ee7a-2186-4cd2-a772-e781413c05de,29.952,measured_linear,/odom,0.13605707883879897,0.5
8402ee7a-2186-4cd2-a772-e781413c05de,29.988000000000003,measured_linear,/odom,0.1369298428294326,0.5
8402ee7a-2186-4cd2-a772-e781413c05de,30.024,measured_linear,/odom,0.1370268166065151,0.5
8402ee7a-2186-4cd2-a772-e781413c05de,30.060000000000002,measured_linear,/odom,0.134780104458961,0.5
8402ee7a-2186-4cd2-a772-e781413c05de,30.096000000000004,measured_linear,/odom,0.1279698100934497,0.5
8402ee7a-2186-4cd2-a772-e781413c05de,30.132,measured_linear,/odom,0.12790751457215271,0.5
8402ee7a-2186-4cd2-a772-e781413c05de,30.168000000000003,measured_linear,/odom,0.12273626882599586,0.5
8402ee7a-2186-4cd2-a772-e781413c05de,30.204,measured_linear,/odom,0.11998108029361483,0.5
8402ee7a-2186-4cd2-a772-e781413c05de,30.240000000000002,measured_linear,/odom,0.1183131083850967,0.5
8402ee7a-2186-4cd2-a772-e781413c05de,30.276000000000003,measured_linear,/odom,0.1181277781724684,0.5
8402ee7a-2186-4cd2-a772-e781413c05de,30.312,measured_linear,/odom,0.11615630984359952,0.5
8402ee7a-2186-4cd2-a772-e781413c05de,30.348000000000003,measured_linear,/odom,0.1164337106048204,0.5
8402ee7a-2186-4cd2-a772-e781413c05de,30.384,measured_linear,/odom,0.1136072352529105,0.5
8402ee7a-2186-4cd2-a772-e781413c05de,30.42,measured_linear,/odom,0.1136072352529105,0.5
8402ee7a-2186-4cd2-a772-e781413c05de,30.456000000000003,measured_linear,/odom,0.11522757261990257,0.5
8402ee7a-2186-4cd2-a772-e781413c05de,30.492,measured_linear,/odom,0.11415304243593086,0.5
8402ee7a-2186-4cd2-a772-e781413c05de,30.528000000000002,measured_linear,/odom,0.1141530424356348,0.5
8402ee7a-2186-4cd2-a772-e781413c05de,30.564000000000004,measured_linear,/odom,0.11281767487529848,0.5
8402ee7a-2186-4cd2-a772-e781413c05de,30.6,measured_linear,/odom,0.11374605447027616,0.5
8402ee7a-2186-4cd2-a772-e781413c05de,30.636000000000003,measured_linear,/odom,0.11197110265493601,0.5
8402ee7a-2186-4cd2-a772-e781413c05de,30.672,measured_linear,/odom,0.11197110265494341,0.5
8402ee7a-2186-4cd2-a772-e781413c05de,30.711000000000002,measured_linear,/odom,0.1101578019564601,0.5
8402ee7a-2186-4cd2-a772-e781413c05de,30.744000000000003,measured_linear,/odom,0.10851106047631287,0.5
8402ee7a-2186-4cd2-a772-e781413c05de,30.78,measured_linear,/odom,0.10851106047632027,0.5
8402ee7a-2186-4cd2-a772-e781413c05de,30.816000000000003,measured_linear,/odom,0.1068492233753308,0.5
8402ee7a-2186-4cd2-a772-e781413c05de,30.852,measured_linear,/odom,0.10598006844546592,0.5
8402ee7a-2186-4cd2-a772-e781413c05de,30.888,measured_linear,/odom,0.10561111718430105,0.5
8402ee7a-2186-4cd2-a772-e781413c05de,30.924000000000003,measured_linear,/odom,0.10557012259962603,0.5
8402ee7a-2186-4cd2-a772-e781413c05de,30.96,measured_linear,/odom,0.10609944313749362,0.5
8402ee7a-2186-4cd2-a772-e781413c05de,30.996000000000002,measured_linear,/odom,0.10540130734445115,0.5
8402ee7a-2186-4cd2-a772-e781413c05de,31.032000000000004,measured_linear,/odom,0.10540130734445856,0.5
8402ee7a-2186-4cd2-a772-e781413c05de,31.068,measured_linear,/odom,0.1025498351582795,0.5
8402ee7a-2186-4cd2-a772-e781413c05de,31.104000000000003,measured_linear,/odom,0.10217832773921445,0.5
8402ee7a-2186-4cd2-a772-e781413c05de,31.14,measured_linear,/odom,0.098998559130233,0.5
8402ee7a-2186-4cd2-a772-e781413c05de,31.176000000000002,measured_linear,/odom,0.0985786169767374,0.5
8402ee7a-2186-4cd2-a772-e781413c05de,31.212000000000003,measured_linear,/odom,0.09921007603390652,0.5
8402ee7a-2186-4cd2-a772-e781413c05de,31.248,measured_linear,/odom,0.09972389340386172,0.5
8402ee7a-2186-4cd2-a772-e781413c05de,31.284000000000002,measured_linear,/odom,0.1007058992981665,0.5
8402ee7a-2186-4cd2-a772-e781413c05de,31.32,measured_linear,/odom,0.1007058992981665,0.5
8402ee7a-2186-4cd2-a772-e781413c05de,31.356,measured_linear,/odom,0.09901380538940667,0.5
8402ee7a-2186-4cd2-a772-e781413c05de,31.392000000000003,measured_linear,/odom,0.09946568310251389,0.5
8402ee7a-2186-4cd2-a772-e781413c05de,31.428,measured_linear,/odom,0.09946568310263972,0.5
8402ee7a-2186-4cd2-a772-e781413c05de,31.464000000000002,measured_linear,/odom,0.10144931077955555,0.5
8402ee7a-2186-4cd2-a772-e781413c05de,31.500000000000004,measured_linear,/odom,0.09964674562268351,0.5
8402ee7a-2186-4cd2-a772-e781413c05de,31.536,measured_linear,/odom,0.09969959408047124,0.5
8402ee7a-2186-4cd2-a772-e781413c05de,31.572000000000003,measured_linear,/odom,0.09969959408047123,0.5
8402ee7a-2186-4cd2-a772-e781413c05de,31.611,measured_linear,/odom,0.10111610218840697,0.5
8402ee7a-2186-4cd2-a772-e781413c05de,31.644000000000002,measured_linear,/odom,0.10049030184748156,0.5
8402ee7a-2186-4cd2-a772-e781413c05de,31.680000000000003,measured_linear,/odom,0.10049030184748897,0.5
8402ee7a-2186-4cd2-a772-e781413c05de,31.716,measured_linear,/odom,0.09810023009777515,0.5
8402ee7a-2186-4cd2-a772-e781413c05de,31.752000000000002,measured_linear,/odom,0.09508456052627809,0.5
8402ee7a-2186-4cd2-a772-e781413c05de,31.788,measured_linear,/odom,0.09574562013132672,0.5
8402ee7a-2186-4cd2-a772-e781413c05de,31.824,measured_linear,/odom,0.09581926465038748,0.5
8402ee7a-2186-4cd2-a772-e781413c05de,31.860000000000003,measured_linear,/odom,0.09290041537376817,0.5
8402ee7a-2186-4cd2-a772-e781413c05de,31.896,measured_linear,/odom,0.09039600193501142,0.5
8402ee7a-2186-4cd2-a772-e781413c05de,31.932000000000002,measured_linear,/odom,0.09039600193501143,0.5
8402ee7a-2186-4cd2-a772-e781413c05de,31.968000000000004,measured_linear,/odom,0.08842673599788556,0.5
8402ee7a-2186-4cd2-a772-e781413c05de,32.004000000000005,measured_linear,/odom,0.09141155332312115,0.5
8402ee7a-2186-4cd2-a772-e781413c05de,32.04,measured_linear,/odom,0.08841661871763494,0.5
8402ee7a-2186-4cd2-a772-e781413c05de,32.076,measured_linear,/odom,0.08804288506507606,0.5
8402ee7a-2186-4cd2-a772-e781413c05de,32.112,measured_linear,/odom,0.08758190274254693,0.5
8402ee7a-2186-4cd2-a772-e781413c05de,32.148,measured_linear,/odom,0.08643505051766365,0.5
8402ee7a-2186-4cd2-a772-e781413c05de,32.184000000000005,measured_linear,/odom,0.08173546195077523,0.5
8402ee7a-2186-4cd2-a772-e781413c05de,32.22,measured_linear,/odom,0.08173546195034595,0.5
8402ee7a-2186-4cd2-a772-e781413c05de,32.256,measured_linear,/odom,0.08244577795271843,0.5
8402ee7a-2186-4cd2-a772-e781413c05de,32.292,measured_linear,/odom,0.08099424093998367,0.5
8402ee7a-2186-4cd2-a772-e781413c05de,32.328,measured_linear,/odom,0.0809942409395914,0.5
8402ee7a-2186-4cd2-a772-e781413c05de,32.364000000000004,measured_linear,/odom,0.08142346143726145,0.5
8402ee7a-2186-4cd2-a772-e781413c05de,32.4,measured_linear,/odom,0.07609875235730831,0.5
8402ee7a-2186-4cd2-a772-e781413c05de,32.436,measured_linear,/odom,0.06430244846996983,0.5
8402ee7a-2186-4cd2-a772-e781413c05de,32.472,measured_linear,/odom,0.028602448471611492,0.5
8402ee7a-2186-4cd2-a772-e781413c05de,32.511,measured_linear,/odom,0.0009307345415117869,0.5
8402ee7a-2186-4cd2-a772-e781413c05de,32.544000000000004,measured_linear,/odom,0.0,0.5
8402ee7a-2186-4cd2-a772-e781413c05de,32.580000000000005,measured_linear,/odom,0.0,0.5
8402ee7a-2186-4cd2-a772-e781413c05de,32.616,measured_linear,/odom,0.0,0.5
8402ee7a-2186-4cd2-a772-e781413c05de,32.652,measured_linear,/odom,0.0,0.5
8402ee7a-2186-4cd2-a772-e781413c05de,32.688,measured_linear,/odom,0.0,0.5
8402ee7a-2186-4cd2-a772-e781413c05de,32.724000000000004,measured_linear,/odom,0.0,0.5
8402ee7a-2186-4cd2-a772-e781413c05de,32.760000000000005,measured_linear,/odom,0.0,0.5
8402ee7a-2186-4cd2-a772-e781413c05de,32.796,measured_linear,/odom,0.0,0.5
8402ee7a-2186-4cd2-a772-e781413c05de,32.832,measured_linear,/odom,0.0,0.5
8402ee7a-2186-4cd2-a772-e781413c05de,32.868,measured_linear,/odom,0.0,0.5
8402ee7a-2186-4cd2-a772-e781413c05de,32.904,measured_linear,/odom,0.0,0.5
8402ee7a-2186-4cd2-a772-e781413c05de,32.940000000000005,measured_linear,/odom,0.0,0.5
8402ee7a-2186-4cd2-a772-e781413c05de,32.976,measured_linear,/odom,0.0,0.5
8402ee7a-2186-4cd2-a772-e781413c05de,33.012,measured_linear,/odom,0.0,0.5
8402ee7a-2186-4cd2-a772-e781413c05de,33.048,measured_linear,/odom,0.0,0.5
8402ee7a-2186-4cd2-a772-e781413c05de,33.084,measured_linear,/odom,0.0,0.5
8402ee7a-2186-4cd2-a772-e781413c05de,13.110000000000001,minimum_front_range,/scan,0.9146381616592407,0.5
8402ee7a-2186-4cd2-a772-e781413c05de,13.209000000000001,minimum_front_range,/scan,0.9138237237930298,0.5
8402ee7a-2186-4cd2-a772-e781413c05de,13.311,minimum_front_range,/scan,0.936857283115387,0.5
8402ee7a-2186-4cd2-a772-e781413c05de,13.41,minimum_front_range,/scan,0.9210320115089417,0.5
8402ee7a-2186-4cd2-a772-e781413c05de,13.509,minimum_front_range,/scan,0.931140124797821,0.5
8402ee7a-2186-4cd2-a772-e781413c05de,13.611,minimum_front_range,/scan,0.9280720949172974,0.5
8402ee7a-2186-4cd2-a772-e781413c05de,13.71,minimum_front_range,/scan,0.9374436140060425,0.5
8402ee7a-2186-4cd2-a772-e781413c05de,13.809000000000001,minimum_front_range,/scan,0.9172083139419556,0.5
8402ee7a-2186-4cd2-a772-e781413c05de,13.914000000000001,minimum_front_range,/scan,0.9197334051132202,0.5
8402ee7a-2186-4cd2-a772-e781413c05de,14.010000000000002,minimum_front_range,/scan,0.9224866032600403,0.5
8402ee7a-2186-4cd2-a772-e781413c05de,14.109000000000002,minimum_front_range,/scan,0.9309572577476501,0.5
8402ee7a-2186-4cd2-a772-e781413c05de,14.208,minimum_front_range,/scan,0.9333739280700684,0.5
8402ee7a-2186-4cd2-a772-e781413c05de,14.31,minimum_front_range,/scan,0.9260538220405579,0.5
8402ee7a-2186-4cd2-a772-e781413c05de,14.409,minimum_front_range,/scan,0.9225164651870728,0.5
8402ee7a-2186-4cd2-a772-e781413c05de,14.511000000000001,minimum_front_range,/scan,0.9235186576843262,0.5
8402ee7a-2186-4cd2-a772-e781413c05de,14.610000000000001,minimum_front_range,/scan,0.9339575171470642,0.5
8402ee7a-2186-4cd2-a772-e781413c05de,14.709000000000001,minimum_front_range,/scan,0.9306005835533142,0.5
8402ee7a-2186-4cd2-a772-e781413c05de,14.811000000000002,minimum_front_range,/scan,0.9276300072669983,0.5
8402ee7a-2186-4cd2-a772-e781413c05de,14.907000000000002,minimum_front_range,/scan,0.9239086508750916,0.5
8402ee7a-2186-4cd2-a772-e781413c05de,15.009,minimum_front_range,/scan,0.9084314107894897,0.5
8402ee7a-2186-4cd2-a772-e781413c05de,15.111,minimum_front_range,/scan,0.9056960344314575,0.5
8402ee7a-2186-4cd2-a772-e781413c05de,15.21,minimum_front_range,/scan,0.8902521133422852,0.5
8402ee7a-2186-4cd2-a772-e781413c05de,15.309000000000001,minimum_front_range,/scan,0.8894243240356445,0.5
8402ee7a-2186-4cd2-a772-e781413c05de,15.411000000000001,minimum_front_range,/scan,0.8763046264648438,0.5
8402ee7a-2186-4cd2-a772-e781413c05de,15.510000000000002,minimum_front_range,/scan,0.8691969513893127,0.5
8402ee7a-2186-4cd2-a772-e781413c05de,15.609000000000002,minimum_front_range,/scan,0.836902379989624,0.5
8402ee7a-2186-4cd2-a772-e781413c05de,15.714,minimum_front_range,/scan,0.8525627255439758,0.5
8402ee7a-2186-4cd2-a772-e781413c05de,15.81,minimum_front_range,/scan,0.8412488102912903,0.5
8402ee7a-2186-4cd2-a772-e781413c05de,15.909,minimum_front_range,/scan,0.8192729353904724,0.5
8402ee7a-2186-4cd2-a772-e781413c05de,16.011,minimum_front_range,/scan,0.8242476582527161,0.5
8402ee7a-2186-4cd2-a772-e781413c05de,16.107,minimum_front_range,/scan,0.8239423632621765,0.5
8402ee7a-2186-4cd2-a772-e781413c05de,16.209,minimum_front_range,/scan,0.828220546245575,0.5
8402ee7a-2186-4cd2-a772-e781413c05de,16.311,minimum_front_range,/scan,0.8135415315628052,0.5
8402ee7a-2186-4cd2-a772-e781413c05de,16.407,minimum_front_range,/scan,0.816012978553772,0.5
8402ee7a-2186-4cd2-a772-e781413c05de,16.509,minimum_front_range,/scan,0.814073383808136,0.5
8402ee7a-2186-4cd2-a772-e781413c05de,16.611,minimum_front_range,/scan,0.8434338569641113,0.5
8402ee7a-2186-4cd2-a772-e781413c05de,16.71,minimum_front_range,/scan,1.7312638759613037,0.5
8402ee7a-2186-4cd2-a772-e781413c05de,16.809,minimum_front_range,/scan,1.71216881275177,0.5
8402ee7a-2186-4cd2-a772-e781413c05de,16.911,minimum_front_range,/scan,1.6929689645767212,0.5
8402ee7a-2186-4cd2-a772-e781413c05de,17.013,minimum_front_range,/scan,1.6786619424819946,0.5
8402ee7a-2186-4cd2-a772-e781413c05de,17.109,minimum_front_range,/scan,1.6646031141281128,0.5
8402ee7a-2186-4cd2-a772-e781413c05de,17.214000000000002,minimum_front_range,/scan,1.6551530361175537,0.5
8402ee7a-2186-4cd2-a772-e781413c05de,17.310000000000002,minimum_front_range,/scan,1.629541277885437,0.5
8402ee7a-2186-4cd2-a772-e781413c05de,17.406000000000002,minimum_front_range,/scan,1.617784857749939,0.5
8402ee7a-2186-4cd2-a772-e781413c05de,17.511000000000003,minimum_front_range,/scan,1.6002516746520996,0.5
8402ee7a-2186-4cd2-a772-e781413c05de,17.61,minimum_front_range,/scan,1.5911649465560913,0.5
8402ee7a-2186-4cd2-a772-e781413c05de,17.709,minimum_front_range,/scan,1.5550891160964966,0.5
8402ee7a-2186-4cd2-a772-e781413c05de,17.811,minimum_front_range,/scan,1.569826364517212,0.5
8402ee7a-2186-4cd2-a772-e781413c05de,17.91,minimum_front_range,/scan,1.5430516004562378,0.5
8402ee7a-2186-4cd2-a772-e781413c05de,18.009,minimum_front_range,/scan,1.519613265991211,0.5
8402ee7a-2186-4cd2-a772-e781413c05de,18.111,minimum_front_range,/scan,1.4990586042404175,0.5
8402ee7a-2186-4cd2-a772-e781413c05de,18.21,minimum_front_range,/scan,1.4737277030944824,0.5
8402ee7a-2186-4cd2-a772-e781413c05de,18.309,minimum_front_range,/scan,1.4826091527938843,0.5
8402ee7a-2186-4cd2-a772-e781413c05de,18.411,minimum_front_range,/scan,1.44966459274292,0.5
8402ee7a-2186-4cd2-a772-e781413c05de,18.51,minimum_front_range,/scan,1.442367672920227,0.5
8402ee7a-2186-4cd2-a772-e781413c05de,18.609,minimum_front_range,/scan,1.4147430658340454,0.5
8402ee7a-2186-4cd2-a772-e781413c05de,18.711000000000002,minimum_front_range,/scan,1.4158707857131958,0.5
8402ee7a-2186-4cd2-a772-e781413c05de,18.810000000000002,minimum_front_range,/scan,1.3800125122070312,0.5
8402ee7a-2186-4cd2-a772-e781413c05de,18.909000000000002,minimum_front_range,/scan,1.3809527158737183,0.5
8402ee7a-2186-4cd2-a772-e781413c05de,19.011000000000003,minimum_front_range,/scan,1.3578170537948608,0.5
8402ee7a-2186-4cd2-a772-e781413c05de,19.11,minimum_front_range,/scan,1.3466594219207764,0.5
8402ee7a-2186-4cd2-a772-e781413c05de,19.206,minimum_front_range,/scan,1.3249472379684448,0.5
8402ee7a-2186-4cd2-a772-e781413c05de,19.311,minimum_front_range,/scan,1.321489930152893,0.5
8402ee7a-2186-4cd2-a772-e781413c05de,19.41,minimum_front_range,/scan,1.3011722564697266,0.5
8402ee7a-2186-4cd2-a772-e781413c05de,19.509,minimum_front_range,/scan,1.2744526863098145,0.5
8402ee7a-2186-4cd2-a772-e781413c05de,19.611,minimum_front_range,/scan,1.2652614116668701,0.5
8402ee7a-2186-4cd2-a772-e781413c05de,19.71,minimum_front_range,/scan,1.242628812789917,0.5
8402ee7a-2186-4cd2-a772-e781413c05de,19.809,minimum_front_range,/scan,1.226426124572754,0.5
8402ee7a-2186-4cd2-a772-e781413c05de,19.911,minimum_front_range,/scan,1.2099218368530273,0.5
8402ee7a-2186-4cd2-a772-e781413c05de,20.01,minimum_front_range,/scan,1.2026398181915283,0.5
8402ee7a-2186-4cd2-a772-e781413c05de,20.109,minimum_front_range,/scan,1.1893070936203003,0.5
8402ee7a-2186-4cd2-a772-e781413c05de,20.211000000000002,minimum_front_range,/scan,1.1638811826705933,0.5
8402ee7a-2186-4cd2-a772-e781413c05de,20.310000000000002,minimum_front_range,/scan,1.1584547758102417,0.5
8402ee7a-2186-4cd2-a772-e781413c05de,20.409000000000002,minimum_front_range,/scan,1.1392089128494263,0.5
8402ee7a-2186-4cd2-a772-e781413c05de,20.511000000000003,minimum_front_range,/scan,1.1162898540496826,0.5
8402ee7a-2186-4cd2-a772-e781413c05de,20.610000000000003,minimum_front_range,/scan,1.1087055206298828,0.5
8402ee7a-2186-4cd2-a772-e781413c05de,20.709,minimum_front_range,/scan,1.0842324495315552,0.5
8402ee7a-2186-4cd2-a772-e781413c05de,20.811,minimum_front_range,/scan,1.0747673511505127,0.5
8402ee7a-2186-4cd2-a772-e781413c05de,20.913,minimum_front_range,/scan,1.066835641860962,0.5
8402ee7a-2186-4cd2-a772-e781413c05de,21.009,minimum_front_range,/scan,1.0511795282363892,0.5
8402ee7a-2186-4cd2-a772-e781413c05de,21.111,minimum_front_range,/scan,1.031446933746338,0.5
8402ee7a-2186-4cd2-a772-e781413c05de,21.21,minimum_front_range,/scan,1.0157172679901123,0.5
8402ee7a-2186-4cd2-a772-e781413c05de,21.309,minimum_front_range,/scan,1.0161046981811523,0.5
8402ee7a-2186-4cd2-a772-e781413c05de,21.411,minimum_front_range,/scan,1.0022172927856445,0.5
8402ee7a-2186-4cd2-a772-e781413c05de,21.51,minimum_front_range,/scan,0.9802529215812683,0.5
8402ee7a-2186-4cd2-a772-e781413c05de,21.609,minimum_front_range,/scan,0.9647537469863892,0.5
8402ee7a-2186-4cd2-a772-e781413c05de,21.711000000000002,minimum_front_range,/scan,0.9378194808959961,0.5
8402ee7a-2186-4cd2-a772-e781413c05de,21.810000000000002,minimum_front_range,/scan,0.9679095149040222,0.5
8402ee7a-2186-4cd2-a772-e781413c05de,21.909000000000002,minimum_front_range,/scan,0.9423808455467224,0.5
8402ee7a-2186-4cd2-a772-e781413c05de,22.011000000000003,minimum_front_range,/scan,0.9134091138839722,0.5
8402ee7a-2186-4cd2-a772-e781413c05de,22.113000000000003,minimum_front_range,/scan,0.9237064719200134,0.5
8402ee7a-2186-4cd2-a772-e781413c05de,22.209,minimum_front_range,/scan,0.9033236503601074,0.5
8402ee7a-2186-4cd2-a772-e781413c05de,22.311,minimum_front_range,/scan,0.8977184295654297,0.5
8402ee7a-2186-4cd2-a772-e781413c05de,22.41,minimum_front_range,/scan,0.891399085521698,0.5
8402ee7a-2186-4cd2-a772-e781413c05de,22.509,minimum_front_range,/scan,0.8912269473075867,0.5
8402ee7a-2186-4cd2-a772-e781413c05de,22.611,minimum_front_range,/scan,0.8983075022697449,0.5
8402ee7a-2186-4cd2-a772-e781413c05de,22.71,minimum_front_range,/scan,0.8648174405097961,0.5
8402ee7a-2186-4cd2-a772-e781413c05de,22.809,minimum_front_range,/scan,0.8727365136146545,0.5
8402ee7a-2186-4cd2-a772-e781413c05de,22.911,minimum_front_range,/scan,1.7664692401885986,0.5
8402ee7a-2186-4cd2-a772-e781413c05de,23.01,minimum_front_range,/scan,1.742540717124939,0.5
8402ee7a-2186-4cd2-a772-e781413c05de,23.109,minimum_front_range,/scan,1.7251980304718018,0.5
8402ee7a-2186-4cd2-a772-e781413c05de,23.211000000000002,minimum_front_range,/scan,1.7156797647476196,0.5
8402ee7a-2186-4cd2-a772-e781413c05de,23.310000000000002,minimum_front_range,/scan,1.688461422920227,0.5
8402ee7a-2186-4cd2-a772-e781413c05de,23.409000000000002,minimum_front_range,/scan,1.6775037050247192,0.5
8402ee7a-2186-4cd2-a772-e781413c05de,23.514000000000003,minimum_front_range,/scan,1.652016043663025,0.5
8402ee7a-2186-4cd2-a772-e781413c05de,23.610000000000003,minimum_front_range,/scan,1.6370831727981567,0.5
8402ee7a-2186-4cd2-a772-e781413c05de,23.709000000000003,minimum_front_range,/scan,1.639449119567871,0.5
8402ee7a-2186-4cd2-a772-e781413c05de,23.811,minimum_front_range,/scan,1.6249688863754272,0.5
8402ee7a-2186-4cd2-a772-e781413c05de,23.91,minimum_front_range,/scan,1.5820189714431763,0.5
8402ee7a-2186-4cd2-a772-e781413c05de,24.006,minimum_front_range,/scan,1.5712910890579224,0.5
8402ee7a-2186-4cd2-a772-e781413c05de,24.111,minimum_front_range,/scan,1.556692361831665,0.5
8402ee7a-2186-4cd2-a772-e781413c05de,24.21,minimum_front_range,/scan,1.5458444356918335,0.5
8402ee7a-2186-4cd2-a772-e781413c05de,24.309,minimum_front_range,/scan,1.5238887071609497,0.5
8402ee7a-2186-4cd2-a772-e781413c05de,24.408,minimum_front_range,/scan,1.5039634704589844,0.5
8402ee7a-2186-4cd2-a772-e781413c05de,24.51,minimum_front_range,/scan,1.4907993078231812,0.5
8402ee7a-2186-4cd2-a772-e781413c05de,24.609,minimum_front_range,/scan,1.4663166999816895,0.5
8402ee7a-2186-4cd2-a772-e781413c05de,24.711000000000002,minimum_front_range,/scan,1.4543378353118896,0.5
8402ee7a-2186-4cd2-a772-e781413c05de,24.810000000000002,minimum_front_range,/scan,1.440354347229004,0.5
8402ee7a-2186-4cd2-a772-e781413c05de,24.909000000000002,minimum_front_range,/scan,1.4097768068313599,0.5
8402ee7a-2186-4cd2-a772-e781413c05de,25.011000000000003,minimum_front_range,/scan,1.4180691242218018,0.5
8402ee7a-2186-4cd2-a772-e781413c05de,25.110000000000003,minimum_front_range,/scan,1.3817750215530396,0.5
8402ee7a-2186-4cd2-a772-e781413c05de,25.209000000000003,minimum_front_range,/scan,1.3705276250839233,0.5
8402ee7a-2186-4cd2-a772-e781413c05de,25.311,minimum_front_range,/scan,1.353318214416504,0.5
8402ee7a-2186-4cd2-a772-e781413c05de,25.41,minimum_front_range,/scan,1.3338146209716797,0.5
8402ee7a-2186-4cd2-a772-e781413c05de,25.509,minimum_front_range,/scan,1.3124459981918335,0.5
8402ee7a-2186-4cd2-a772-e781413c05de,25.611,minimum_front_range,/scan,1.2978347539901733,0.5
8402ee7a-2186-4cd2-a772-e781413c05de,25.71,minimum_front_range,/scan,1.2860015630722046,0.5
8402ee7a-2186-4cd2-a772-e781413c05de,25.809,minimum_front_range,/scan,1.2599374055862427,0.5
8402ee7a-2186-4cd2-a772-e781413c05de,25.911,minimum_front_range,/scan,1.2512600421905518,0.5
8402ee7a-2186-4cd2-a772-e781413c05de,26.01,minimum_front_range,/scan,1.2292506694793701,0.5
8402ee7a-2186-4cd2-a772-e781413c05de,26.109,minimum_front_range,/scan,1.2192773818969727,0.5
8402ee7a-2186-4cd2-a772-e781413c05de,26.211000000000002,minimum_front_range,/scan,1.194926142692566,0.5
8402ee7a-2186-4cd2-a772-e781413c05de,26.310000000000002,minimum_front_range,/scan,1.1909140348434448,0.5
8402ee7a-2186-4cd2-a772-e781413c05de,26.409000000000002,minimum_front_range,/scan,1.1717218160629272,0.5
8402ee7a-2186-4cd2-a772-e781413c05de,26.511000000000003,minimum_front_range,/scan,1.1544421911239624,0.5
8402ee7a-2186-4cd2-a772-e781413c05de,26.607000000000003,minimum_front_range,/scan,1.1256953477859497,0.5
8402ee7a-2186-4cd2-a772-e781413c05de,26.709000000000003,minimum_front_range,/scan,1.117247462272644,0.5
8402ee7a-2186-4cd2-a772-e781413c05de,26.811,minimum_front_range,/scan,1.0865073204040527,0.5
8402ee7a-2186-4cd2-a772-e781413c05de,26.91,minimum_front_range,/scan,1.0760596990585327,0.5
8402ee7a-2186-4cd2-a772-e781413c05de,27.009,minimum_front_range,/scan,1.0633528232574463,0.5
8402ee7a-2186-4cd2-a772-e781413c05de,27.111,minimum_front_range,/scan,1.0458502769470215,0.5
8402ee7a-2186-4cd2-a772-e781413c05de,27.21,minimum_front_range,/scan,1.0413683652877808,0.5
8402ee7a-2186-4cd2-a772-e781413c05de,27.309,minimum_front_range,/scan,1.0058673620224,0.5
8402ee7a-2186-4cd2-a772-e781413c05de,27.411,minimum_front_range,/scan,1.0018671751022339,0.5
8402ee7a-2186-4cd2-a772-e781413c05de,27.51,minimum_front_range,/scan,0.98968106508255,0.5
8402ee7a-2186-4cd2-a772-e781413c05de,27.609,minimum_front_range,/scan,0.9763661026954651,0.5
8402ee7a-2186-4cd2-a772-e781413c05de,27.711000000000002,minimum_front_range,/scan,0.9495133757591248,0.5
8402ee7a-2186-4cd2-a772-e781413c05de,27.810000000000002,minimum_front_range,/scan,0.9408073425292969,0.5
8402ee7a-2186-4cd2-a772-e781413c05de,27.909000000000002,minimum_front_range,/scan,0.9391641020774841,0.5
8402ee7a-2186-4cd2-a772-e781413c05de,28.008000000000003,minimum_front_range,/scan,0.9301764965057373,0.5
8402ee7a-2186-4cd2-a772-e781413c05de,28.110000000000003,minimum_front_range,/scan,0.9267808198928833,0.5
8402ee7a-2186-4cd2-a772-e781413c05de,28.209000000000003,minimum_front_range,/scan,0.922854483127594,0.5
8402ee7a-2186-4cd2-a772-e781413c05de,28.314,minimum_front_range,/scan,0.8972674012184143,0.5
8402ee7a-2186-4cd2-a772-e781413c05de,28.41,minimum_front_range,/scan,0.8818101286888123,0.5
8402ee7a-2186-4cd2-a772-e781413c05de,28.509,minimum_front_range,/scan,0.8742505311965942,0.5
8402ee7a-2186-4cd2-a772-e781413c05de,28.611,minimum_front_range,/scan,0.8639268279075623,0.5
8402ee7a-2186-4cd2-a772-e781413c05de,28.71,minimum_front_range,/scan,0.8784345984458923,0.5
8402ee7a-2186-4cd2-a772-e781413c05de,28.809,minimum_front_range,/scan,0.8775090575218201,0.5
8402ee7a-2186-4cd2-a772-e781413c05de,28.911,minimum_front_range,/scan,0.8512921929359436,0.5
8402ee7a-2186-4cd2-a772-e781413c05de,29.01,minimum_front_range,/scan,0.8732461333274841,0.5
8402ee7a-2186-4cd2-a772-e781413c05de,29.109,minimum_front_range,/scan,0.8541020154953003,0.5
8402ee7a-2186-4cd2-a772-e781413c05de,29.211000000000002,minimum_front_range,/scan,0.8594799637794495,0.5
8402ee7a-2186-4cd2-a772-e781413c05de,29.310000000000002,minimum_front_range,/scan,0.857859194278717,0.5
8402ee7a-2186-4cd2-a772-e781413c05de,29.409000000000002,minimum_front_range,/scan,0.8653280138969421,0.5
8402ee7a-2186-4cd2-a772-e781413c05de,29.511000000000003,minimum_front_range,/scan,0.8800960183143616,0.5
8402ee7a-2186-4cd2-a772-e781413c05de,29.610000000000003,minimum_front_range,/scan,1.9976156949996948,0.5
8402ee7a-2186-4cd2-a772-e781413c05de,29.709000000000003,minimum_front_range,/scan,1.9762464761734009,0.5
8402ee7a-2186-4cd2-a772-e781413c05de,29.811000000000003,minimum_front_range,/scan,1.9756324291229248,0.5
8402ee7a-2186-4cd2-a772-e781413c05de,29.91,minimum_front_range,/scan,1.9611819982528687,0.5
8402ee7a-2186-4cd2-a772-e781413c05de,30.009,minimum_front_range,/scan,1.9592607021331787,0.5
8402ee7a-2186-4cd2-a772-e781413c05de,30.111,minimum_front_range,/scan,1.9310188293457031,0.5
8402ee7a-2186-4cd2-a772-e781413c05de,30.21,minimum_front_range,/scan,1.9354732036590576,0.5
8402ee7a-2186-4cd2-a772-e781413c05de,30.309,minimum_front_range,/scan,1.9070554971694946,0.5
8402ee7a-2186-4cd2-a772-e781413c05de,30.411,minimum_front_range,/scan,1.8860032558441162,0.5
8402ee7a-2186-4cd2-a772-e781413c05de,30.513,minimum_front_range,/scan,1.8990455865859985,0.5
8402ee7a-2186-4cd2-a772-e781413c05de,30.609,minimum_front_range,/scan,1.881622076034546,0.5
8402ee7a-2186-4cd2-a772-e781413c05de,30.711000000000002,minimum_front_range,/scan,1.8713375329971313,0.5
8402ee7a-2186-4cd2-a772-e781413c05de,30.810000000000002,minimum_front_range,/scan,1.8652888536453247,0.5
8402ee7a-2186-4cd2-a772-e781413c05de,30.909000000000002,minimum_front_range,/scan,1.840189814567566,0.5
8402ee7a-2186-4cd2-a772-e781413c05de,31.011000000000003,minimum_front_range,/scan,1.8252140283584595,0.5
8402ee7a-2186-4cd2-a772-e781413c05de,31.110000000000003,minimum_front_range,/scan,1.8340110778808594,0.5
8402ee7a-2186-4cd2-a772-e781413c05de,31.209000000000003,minimum_front_range,/scan,1.8213859796524048,0.5
8402ee7a-2186-4cd2-a772-e781413c05de,31.311000000000003,minimum_front_range,/scan,1.8109270334243774,0.5
8402ee7a-2186-4cd2-a772-e781413c05de,31.410000000000004,minimum_front_range,/scan,1.7971683740615845,0.5
8402ee7a-2186-4cd2-a772-e781413c05de,31.512,minimum_front_range,/scan,1.7946451902389526,0.5
8402ee7a-2186-4cd2-a772-e781413c05de,31.611,minimum_front_range,/scan,1.76863431930542,0.5
8402ee7a-2186-4cd2-a772-e781413c05de,31.71,minimum_front_range,/scan,1.7639621496200562,0.5
8402ee7a-2186-4cd2-a772-e781413c05de,31.806,minimum_front_range,/scan,1.7565721273422241,0.5
8402ee7a-2186-4cd2-a772-e781413c05de,31.911,minimum_front_range,/scan,1.7570457458496094,0.5
8402ee7a-2186-4cd2-a772-e781413c05de,32.010000000000005,minimum_front_range,/scan,1.75735604763031,0.5
8402ee7a-2186-4cd2-a772-e781413c05de,32.109,minimum_front_range,/scan,1.7243194580078125,0.5
8402ee7a-2186-4cd2-a772-e781413c05de,32.211,minimum_front_range,/scan,1.7398498058319092,0.5
8402ee7a-2186-4cd2-a772-e781413c05de,32.31,minimum_front_range,/scan,1.7139873504638672,0.5
8402ee7a-2186-4cd2-a772-e781413c05de,32.409,minimum_front_range,/scan,1.711510181427002,0.5
8402ee7a-2186-4cd2-a772-e781413c05de,32.508,minimum_front_range,/scan,1.7050350904464722,0.5
8402ee7a-2186-4cd2-a772-e781413c05de,32.61,minimum_front_range,/scan,1.700730800628662,0.5
8402ee7a-2186-4cd2-a772-e781413c05de,32.709,minimum_front_range,/scan,1.7049052715301514,0.5
8402ee7a-2186-4cd2-a772-e781413c05de,32.811,minimum_front_range,/scan,1.703179955482483,0.5
8402ee7a-2186-4cd2-a772-e781413c05de,32.910000000000004,minimum_front_range,/scan,1.71511709690094,0.5
8402ee7a-2186-4cd2-a772-e781413c05de,33.009,minimum_front_range,/scan,1.7007814645767212,0.5
8402ee7a-2186-4cd2-a772-e781413c05de,33.114000000000004,minimum_front_range,/scan,1.7153220176696777,0.5
8402ee7a-2186-4cd2-a772-e781413c05de,13.110000000000001,minimum_left_range,/scan,0.9521186351776123,0.5
8402ee7a-2186-4cd2-a772-e781413c05de,13.209000000000001,minimum_left_range,/scan,0.9467777013778687,0.5
8402ee7a-2186-4cd2-a772-e781413c05de,13.311,minimum_left_range,/scan,0.9280908107757568,0.5
8402ee7a-2186-4cd2-a772-e781413c05de,13.41,minimum_left_range,/scan,0.9362773299217224,0.5
8402ee7a-2186-4cd2-a772-e781413c05de,13.509,minimum_left_range,/scan,0.9424467086791992,0.5
8402ee7a-2186-4cd2-a772-e781413c05de,13.611,minimum_left_range,/scan,0.9502722024917603,0.5
8402ee7a-2186-4cd2-a772-e781413c05de,13.71,minimum_left_range,/scan,0.9419956207275391,0.5
8402ee7a-2186-4cd2-a772-e781413c05de,13.809000000000001,minimum_left_range,/scan,0.9394324421882629,0.5
8402ee7a-2186-4cd2-a772-e781413c05de,13.914000000000001,minimum_left_range,/scan,0.9425271153450012,0.5
8402ee7a-2186-4cd2-a772-e781413c05de,14.010000000000002,minimum_left_range,/scan,0.9354854226112366,0.5
8402ee7a-2186-4cd2-a772-e781413c05de,14.109000000000002,minimum_left_range,/scan,0.9452906847000122,0.5
8402ee7a-2186-4cd2-a772-e781413c05de,14.208,minimum_left_range,/scan,0.9428662061691284,0.5
8402ee7a-2186-4cd2-a772-e781413c05de,14.31,minimum_left_range,/scan,0.9496525526046753,0.5
8402ee7a-2186-4cd2-a772-e781413c05de,14.409,minimum_left_range,/scan,0.9286469221115112,0.5
8402ee7a-2186-4cd2-a772-e781413c05de,14.511000000000001,minimum_left_range,/scan,0.9359133839607239,0.5
8402ee7a-2186-4cd2-a772-e781413c05de,14.610000000000001,minimum_left_range,/scan,0.9497384428977966,0.5
8402ee7a-2186-4cd2-a772-e781413c05de,14.709000000000001,minimum_left_range,/scan,0.9519364833831787,0.5
8402ee7a-2186-4cd2-a772-e781413c05de,14.811000000000002,minimum_left_range,/scan,0.9409933090209961,0.5
8402ee7a-2186-4cd2-a772-e781413c05de,14.907000000000002,minimum_left_range,/scan,0.9144536852836609,0.5
8402ee7a-2186-4cd2-a772-e781413c05de,15.009,minimum_left_range,/scan,0.9323798418045044,0.5
8402ee7a-2186-4cd2-a772-e781413c05de,15.111,minimum_left_range,/scan,0.9105258584022522,0.5
8402ee7a-2186-4cd2-a772-e781413c05de,15.21,minimum_left_range,/scan,0.8879909515380859,0.5
8402ee7a-2186-4cd2-a772-e781413c05de,15.309000000000001,minimum_left_range,/scan,0.8770167827606201,0.5
8402ee7a-2186-4cd2-a772-e781413c05de,15.411000000000001,minimum_left_range,/scan,0.8605622053146362,0.5
8402ee7a-2186-4cd2-a772-e781413c05de,15.510000000000002,minimum_left_range,/scan,0.8517326712608337,0.5
8402ee7a-2186-4cd2-a772-e781413c05de,15.609000000000002,minimum_left_range,/scan,0.8477099537849426,0.5
8402ee7a-2186-4cd2-a772-e781413c05de,15.714,minimum_left_range,/scan,0.8242695927619934,0.5
8402ee7a-2186-4cd2-a772-e781413c05de,15.81,minimum_left_range,/scan,0.8121046423912048,0.5
8402ee7a-2186-4cd2-a772-e781413c05de,15.909,minimum_left_range,/scan,0.8055886626243591,0.5
8402ee7a-2186-4cd2-a772-e781413c05de,16.011,minimum_left_range,/scan,0.7841804027557373,0.5
8402ee7a-2186-4cd2-a772-e781413c05de,16.107,minimum_left_range,/scan,0.7843952178955078,0.5
8402ee7a-2186-4cd2-a772-e781413c05de,16.209,minimum_left_range,/scan,0.7716621160507202,0.5
8402ee7a-2186-4cd2-a772-e781413c05de,16.311,minimum_left_range,/scan,0.767347514629364,0.5
8402ee7a-2186-4cd2-a772-e781413c05de,16.407,minimum_left_range,/scan,0.7401399612426758,0.5
8402ee7a-2186-4cd2-a772-e781413c05de,16.509,minimum_left_range,/scan,0.7391505241394043,0.5
8402ee7a-2186-4cd2-a772-e781413c05de,16.611,minimum_left_range,/scan,0.7403020262718201,0.5
8402ee7a-2186-4cd2-a772-e781413c05de,16.71,minimum_left_range,/scan,0.7075706124305725,0.5
8402ee7a-2186-4cd2-a772-e781413c05de,16.809,minimum_left_range,/scan,0.7083674669265747,0.5
8402ee7a-2186-4cd2-a772-e781413c05de,16.911,minimum_left_range,/scan,0.6972582340240479,0.5
8402ee7a-2186-4cd2-a772-e781413c05de,17.013,minimum_left_range,/scan,0.6814363598823547,0.5
8402ee7a-2186-4cd2-a772-e781413c05de,17.109,minimum_left_range,/scan,0.6687319874763489,0.5
8402ee7a-2186-4cd2-a772-e781413c05de,17.214000000000002,minimum_left_range,/scan,0.6517928242683411,0.5
8402ee7a-2186-4cd2-a772-e781413c05de,17.310000000000002,minimum_left_range,/scan,0.6437298655509949,0.5
8402ee7a-2186-4cd2-a772-e781413c05de,17.406000000000002,minimum_left_range,/scan,0.6226125359535217,0.5
8402ee7a-2186-4cd2-a772-e781413c05de,17.511000000000003,minimum_left_range,/scan,0.615880012512207,0.5
8402ee7a-2186-4cd2-a772-e781413c05de,17.61,minimum_left_range,/scan,0.6158597469329834,0.5
8402ee7a-2186-4cd2-a772-e781413c05de,17.709,minimum_left_range,/scan,0.5945276618003845,0.5
8402ee7a-2186-4cd2-a772-e781413c05de,17.811,minimum_left_range,/scan,0.58088618516922,0.5
8402ee7a-2186-4cd2-a772-e781413c05de,17.91,minimum_left_range,/scan,0.5757416486740112,0.5
8402ee7a-2186-4cd2-a772-e781413c05de,18.009,minimum_left_range,/scan,0.5531924366950989,0.5
8402ee7a-2186-4cd2-a772-e781413c05de,18.111,minimum_left_range,/scan,0.5402460694313049,0.5
8402ee7a-2186-4cd2-a772-e781413c05de,18.21,minimum_left_range,/scan,0.5300818085670471,0.5
8402ee7a-2186-4cd2-a772-e781413c05de,18.309,minimum_left_range,/scan,0.5259420871734619,0.5
8402ee7a-2186-4cd2-a772-e781413c05de,18.411,minimum_left_range,/scan,0.5158141255378723,0.5
8402ee7a-2186-4cd2-a772-e781413c05de,18.51,minimum_left_range,/scan,0.5082991719245911,0.5
8402ee7a-2186-4cd2-a772-e781413c05de,18.609,minimum_left_range,/scan,0.49157464504241943,0.5
8402ee7a-2186-4cd2-a772-e781413c05de,18.711000000000002,minimum_left_range,/scan,0.4830743670463562,0.5
8402ee7a-2186-4cd2-a772-e781413c05de,18.810000000000002,minimum_left_range,/scan,0.48699527978897095,0.5
8402ee7a-2186-4cd2-a772-e781413c05de,18.909000000000002,minimum_left_range,/scan,0.46057307720184326,0.5
8402ee7a-2186-4cd2-a772-e781413c05de,19.011000000000003,minimum_left_range,/scan,0.4645113945007324,0.5
8402ee7a-2186-4cd2-a772-e781413c05de,19.11,minimum_left_range,/scan,0.4454546570777893,0.5
8402ee7a-2186-4cd2-a772-e781413c05de,19.206,minimum_left_range,/scan,0.44747409224510193,0.5
8402ee7a-2186-4cd2-a772-e781413c05de,19.311,minimum_left_range,/scan,0.43732520937919617,0.5
8402ee7a-2186-4cd2-a772-e781413c05de,19.41,minimum_left_range,/scan,0.4220677614212036,0.5
8402ee7a-2186-4cd2-a772-e781413c05de,19.509,minimum_left_range,/scan,0.42520269751548767,0.5
8402ee7a-2186-4cd2-a772-e781413c05de,19.611,minimum_left_range,/scan,0.4254074692726135,0.5
8402ee7a-2186-4cd2-a772-e781413c05de,19.71,minimum_left_range,/scan,0.41861745715141296,0.5
8402ee7a-2186-4cd2-a772-e781413c05de,19.809,minimum_left_range,/scan,0.41342827677726746,0.5
8402ee7a-2186-4cd2-a772-e781413c05de,19.911,minimum_left_range,/scan,0.4062480628490448,0.5
8402ee7a-2186-4cd2-a772-e781413c05de,20.01,minimum_left_range,/scan,0.39171937108039856,0.5
8402ee7a-2186-4cd2-a772-e781413c05de,20.109,minimum_left_range,/scan,0.39745914936065674,0.5
8402ee7a-2186-4cd2-a772-e781413c05de,20.211000000000002,minimum_left_range,/scan,0.38965997099876404,0.5
8402ee7a-2186-4cd2-a772-e781413c05de,20.310000000000002,minimum_left_range,/scan,0.3858049809932709,0.5
8402ee7a-2186-4cd2-a772-e781413c05de,20.409000000000002,minimum_left_range,/scan,0.4018826186656952,0.5
8402ee7a-2186-4cd2-a772-e781413c05de,20.511000000000003,minimum_left_range,/scan,0.39720234274864197,0.5
8402ee7a-2186-4cd2-a772-e781413c05de,20.610000000000003,minimum_left_range,/scan,0.4003385603427887,0.5
8402ee7a-2186-4cd2-a772-e781413c05de,20.709,minimum_left_range,/scan,0.408354789018631,0.5
8402ee7a-2186-4cd2-a772-e781413c05de,20.811,minimum_left_range,/scan,0.39107516407966614,0.5
8402ee7a-2186-4cd2-a772-e781413c05de,20.913,minimum_left_range,/scan,0.3987744450569153,0.5
8402ee7a-2186-4cd2-a772-e781413c05de,21.009,minimum_left_range,/scan,0.40028801560401917,0.5
8402ee7a-2186-4cd2-a772-e781413c05de,21.111,minimum_left_range,/scan,0.3984798789024353,0.5
8402ee7a-2186-4cd2-a772-e781413c05de,21.21,minimum_left_range,/scan,0.41321220993995667,0.5
8402ee7a-2186-4cd2-a772-e781413c05de,21.309,minimum_left_range,/scan,0.40562358498573303,0.5
8402ee7a-2186-4cd2-a772-e781413c05de,21.411,minimum_left_range,/scan,0.41795364022254944,0.5
8402ee7a-2186-4cd2-a772-e781413c05de,21.51,minimum_left_range,/scan,0.407791405916214,0.5
8402ee7a-2186-4cd2-a772-e781413c05de,21.609,minimum_left_range,/scan,0.4272398054599762,0.5
8402ee7a-2186-4cd2-a772-e781413c05de,21.711000000000002,minimum_left_range,/scan,0.4286755621433258,0.5
8402ee7a-2186-4cd2-a772-e781413c05de,21.810000000000002,minimum_left_range,/scan,0.4360140860080719,0.5
8402ee7a-2186-4cd2-a772-e781413c05de,21.909000000000002,minimum_left_range,/scan,0.4423290491104126,0.5
8402ee7a-2186-4cd2-a772-e781413c05de,22.011000000000003,minimum_left_range,/scan,0.4325212240219116,0.5
8402ee7a-2186-4cd2-a772-e781413c05de,22.113000000000003,minimum_left_range,/scan,0.457790732383728,0.5
8402ee7a-2186-4cd2-a772-e781413c05de,22.209,minimum_left_range,/scan,0.4540337026119232,0.5
8402ee7a-2186-4cd2-a772-e781413c05de,22.311,minimum_left_range,/scan,0.4665816128253937,0.5
8402ee7a-2186-4cd2-a772-e781413c05de,22.41,minimum_left_range,/scan,0.4821012616157532,0.5
8402ee7a-2186-4cd2-a772-e781413c05de,22.509,minimum_left_range,/scan,0.4905311167240143,0.5
8402ee7a-2186-4cd2-a772-e781413c05de,22.611,minimum_left_range,/scan,0.4977114796638489,0.5
8402ee7a-2186-4cd2-a772-e781413c05de,22.71,minimum_left_range,/scan,0.4939121603965759,0.5
8402ee7a-2186-4cd2-a772-e781413c05de,22.809,minimum_left_range,/scan,0.5041280388832092,0.5
8402ee7a-2186-4cd2-a772-e781413c05de,22.911,minimum_left_range,/scan,0.5094050168991089,0.5
8402ee7a-2186-4cd2-a772-e781413c05de,23.01,minimum_left_range,/scan,0.5365739464759827,0.5
8402ee7a-2186-4cd2-a772-e781413c05de,23.109,minimum_left_range,/scan,0.5450053215026855,0.5
8402ee7a-2186-4cd2-a772-e781413c05de,23.211000000000002,minimum_left_range,/scan,0.5483360290527344,0.5
8402ee7a-2186-4cd2-a772-e781413c05de,23.310000000000002,minimum_left_range,/scan,0.5620867013931274,0.5
8402ee7a-2186-4cd2-a772-e781413c05de,23.409000000000002,minimum_left_range,/scan,0.5746642351150513,0.5
8402ee7a-2186-4cd2-a772-e781413c05de,23.514000000000003,minimum_left_range,/scan,0.5873190760612488,0.5
8402ee7a-2186-4cd2-a772-e781413c05de,23.610000000000003,minimum_left_range,/scan,0.5952511429786682,0.5
8402ee7a-2186-4cd2-a772-e781413c05de,23.709000000000003,minimum_left_range,/scan,0.612136960029602,0.5
8402ee7a-2186-4cd2-a772-e781413c05de,23.811,minimum_left_range,/scan,0.6151695847511292,0.5
8402ee7a-2186-4cd2-a772-e781413c05de,23.91,minimum_left_range,/scan,0.6349872350692749,0.5
8402ee7a-2186-4cd2-a772-e781413c05de,24.006,minimum_left_range,/scan,0.6233417391777039,0.5
8402ee7a-2186-4cd2-a772-e781413c05de,24.111,minimum_left_range,/scan,0.6105510592460632,0.5
8402ee7a-2186-4cd2-a772-e781413c05de,24.21,minimum_left_range,/scan,0.5955594778060913,0.5
8402ee7a-2186-4cd2-a772-e781413c05de,24.309,minimum_left_range,/scan,0.5822666883468628,0.5
8402ee7a-2186-4cd2-a772-e781413c05de,24.408,minimum_left_range,/scan,0.5737859010696411,0.5
8402ee7a-2186-4cd2-a772-e781413c05de,24.51,minimum_left_range,/scan,0.5579766035079956,0.5
8402ee7a-2186-4cd2-a772-e781413c05de,24.609,minimum_left_range,/scan,0.5512458086013794,0.5
8402ee7a-2186-4cd2-a772-e781413c05de,24.711000000000002,minimum_left_range,/scan,0.5417469143867493,0.5
8402ee7a-2186-4cd2-a772-e781413c05de,24.810000000000002,minimum_left_range,/scan,0.5375211834907532,0.5
8402ee7a-2186-4cd2-a772-e781413c05de,24.909000000000002,minimum_left_range,/scan,0.5179494023323059,0.5
8402ee7a-2186-4cd2-a772-e781413c05de,25.011000000000003,minimum_left_range,/scan,0.5152127146720886,0.5
8402ee7a-2186-4cd2-a772-e781413c05de,25.110000000000003,minimum_left_range,/scan,0.5043992400169373,0.5
8402ee7a-2186-4cd2-a772-e781413c05de,25.209000000000003,minimum_left_range,/scan,0.4886588752269745,0.5
8402ee7a-2186-4cd2-a772-e781413c05de,25.311,minimum_left_range,/scan,0.4871787130832672,0.5
8402ee7a-2186-4cd2-a772-e781413c05de,25.41,minimum_left_range,/scan,0.47464263439178467,0.5
8402ee7a-2186-4cd2-a772-e781413c05de,25.509,minimum_left_range,/scan,0.4681786596775055,0.5
8402ee7a-2186-4cd2-a772-e781413c05de,25.611,minimum_left_range,/scan,0.44322463870048523,0.5
8402ee7a-2186-4cd2-a772-e781413c05de,25.71,minimum_left_range,/scan,0.45140841603279114,0.5
8402ee7a-2186-4cd2-a772-e781413c05de,25.809,minimum_left_range,/scan,0.4336671233177185,0.5
8402ee7a-2186-4cd2-a772-e781413c05de,25.911,minimum_left_range,/scan,0.43265706300735474,0.5
8402ee7a-2186-4cd2-a772-e781413c05de,26.01,minimum_left_range,/scan,0.43087926506996155,0.5
8402ee7a-2186-4cd2-a772-e781413c05de,26.109,minimum_left_range,/scan,0.43021881580352783,0.5
8402ee7a-2186-4cd2-a772-e781413c05de,26.211000000000002,minimum_left_range,/scan,0.4175664782524109,0.5
8402ee7a-2186-4cd2-a772-e781413c05de,26.310000000000002,minimum_left_range,/scan,0.40777865052223206,0.5
8402ee7a-2186-4cd2-a772-e781413c05de,26.409000000000002,minimum_left_range,/scan,0.4130103588104248,0.5
8402ee7a-2186-4cd2-a772-e781413c05de,26.511000000000003,minimum_left_range,/scan,0.4026414752006531,0.5
8402ee7a-2186-4cd2-a772-e781413c05de,26.607000000000003,minimum_left_range,/scan,0.40424996614456177,0.5
8402ee7a-2186-4cd2-a772-e781413c05de,26.709000000000003,minimum_left_range,/scan,0.4054222106933594,0.5
8402ee7a-2186-4cd2-a772-e781413c05de,26.811,minimum_left_range,/scan,0.40246933698654175,0.5
8402ee7a-2186-4cd2-a772-e781413c05de,26.91,minimum_left_range,/scan,0.4063825309276581,0.5
8402ee7a-2186-4cd2-a772-e781413c05de,27.009,minimum_left_range,/scan,0.4075354039669037,0.5
8402ee7a-2186-4cd2-a772-e781413c05de,27.111,minimum_left_range,/scan,0.3888890743255615,0.5
8402ee7a-2186-4cd2-a772-e781413c05de,27.21,minimum_left_range,/scan,0.4008655846118927,0.5
8402ee7a-2186-4cd2-a772-e781413c05de,27.309,minimum_left_range,/scan,0.408539742231369,0.5
8402ee7a-2186-4cd2-a772-e781413c05de,27.411,minimum_left_range,/scan,0.3997810482978821,0.5
8402ee7a-2186-4cd2-a772-e781413c05de,27.51,minimum_left_range,/scan,0.40567851066589355,0.5
8402ee7a-2186-4cd2-a772-e781413c05de,27.609,minimum_left_range,/scan,0.4097493886947632,0.5
8402ee7a-2186-4cd2-a772-e781413c05de,27.711000000000002,minimum_left_range,/scan,0.41353175044059753,0.5
8402ee7a-2186-4cd2-a772-e781413c05de,27.810000000000002,minimum_left_range,/scan,0.4154191017150879,0.5
8402ee7a-2186-4cd2-a772-e781413c05de,27.909000000000002,minimum_left_range,/scan,0.41612786054611206,0.5
8402ee7a-2186-4cd2-a772-e781413c05de,28.008000000000003,minimum_left_range,/scan,0.42601898312568665,0.5
8402ee7a-2186-4cd2-a772-e781413c05de,28.110000000000003,minimum_left_range,/scan,0.4297836422920227,0.5
8402ee7a-2186-4cd2-a772-e781413c05de,28.209000000000003,minimum_left_range,/scan,0.4366961121559143,0.5
8402ee7a-2186-4cd2-a772-e781413c05de,28.314,minimum_left_range,/scan,0.44157156348228455,0.5
8402ee7a-2186-4cd2-a772-e781413c05de,28.41,minimum_left_range,/scan,0.44721195101737976,0.5
8402ee7a-2186-4cd2-a772-e781413c05de,28.509,minimum_left_range,/scan,0.45452335476875305,0.5
8402ee7a-2186-4cd2-a772-e781413c05de,28.611,minimum_left_range,/scan,0.4610813558101654,0.5
8402ee7a-2186-4cd2-a772-e781413c05de,28.71,minimum_left_range,/scan,0.46495380997657776,0.5
8402ee7a-2186-4cd2-a772-e781413c05de,28.809,minimum_left_range,/scan,0.47125929594039917,0.5
8402ee7a-2186-4cd2-a772-e781413c05de,28.911,minimum_left_range,/scan,0.47145622968673706,0.5
8402ee7a-2186-4cd2-a772-e781413c05de,29.01,minimum_left_range,/scan,0.477150559425354,0.5
8402ee7a-2186-4cd2-a772-e781413c05de,29.109,minimum_left_range,/scan,0.4861060678958893,0.5
8402ee7a-2186-4cd2-a772-e781413c05de,29.211000000000002,minimum_left_range,/scan,0.49976158142089844,0.5
8402ee7a-2186-4cd2-a772-e781413c05de,29.310000000000002,minimum_left_range,/scan,0.5010159015655518,0.5
8402ee7a-2186-4cd2-a772-e781413c05de,29.409000000000002,minimum_left_range,/scan,0.5124244689941406,0.5
8402ee7a-2186-4cd2-a772-e781413c05de,29.511000000000003,minimum_left_range,/scan,0.5183898210525513,0.5
8402ee7a-2186-4cd2-a772-e781413c05de,29.610000000000003,minimum_left_range,/scan,0.5266217589378357,0.5
8402ee7a-2186-4cd2-a772-e781413c05de,29.709000000000003,minimum_left_range,/scan,0.5364464521408081,0.5
8402ee7a-2186-4cd2-a772-e781413c05de,29.811000000000003,minimum_left_range,/scan,0.5478181838989258,0.5
8402ee7a-2186-4cd2-a772-e781413c05de,29.91,minimum_left_range,/scan,0.5446671843528748,0.5
8402ee7a-2186-4cd2-a772-e781413c05de,30.009,minimum_left_range,/scan,0.5488453507423401,0.5
8402ee7a-2186-4cd2-a772-e781413c05de,30.111,minimum_left_range,/scan,0.5807104706764221,0.5
8402ee7a-2186-4cd2-a772-e781413c05de,30.21,minimum_left_range,/scan,0.5867859125137329,0.5
8402ee7a-2186-4cd2-a772-e781413c05de,30.309,minimum_left_range,/scan,0.590427815914154,0.5
8402ee7a-2186-4cd2-a772-e781413c05de,30.411,minimum_left_range,/scan,0.5891829133033752,0.5
8402ee7a-2186-4cd2-a772-e781413c05de,30.513,minimum_left_range,/scan,0.6099404096603394,0.5
8402ee7a-2186-4cd2-a772-e781413c05de,30.609,minimum_left_range,/scan,0.5967093110084534,0.5
8402ee7a-2186-4cd2-a772-e781413c05de,30.711000000000002,minimum_left_range,/scan,0.6132351756095886,0.5
8402ee7a-2186-4cd2-a772-e781413c05de,30.810000000000002,minimum_left_range,/scan,0.6120248436927795,0.5
8402ee7a-2186-4cd2-a772-e781413c05de,30.909000000000002,minimum_left_range,/scan,0.5992764830589294,0.5
8402ee7a-2186-4cd2-a772-e781413c05de,31.011000000000003,minimum_left_range,/scan,0.6009724140167236,0.5
8402ee7a-2186-4cd2-a772-e781413c05de,31.110000000000003,minimum_left_range,/scan,0.591687798500061,0.5
8402ee7a-2186-4cd2-a772-e781413c05de,31.209000000000003,minimum_left_range,/scan,0.5828918814659119,0.5
8402ee7a-2186-4cd2-a772-e781413c05de,31.311000000000003,minimum_left_range,/scan,0.5911576747894287,0.5
8402ee7a-2186-4cd2-a772-e781413c05de,31.410000000000004,minimum_left_range,/scan,0.5692294836044312,0.5
8402ee7a-2186-4cd2-a772-e781413c05de,31.512,minimum_left_range,/scan,0.5757258534431458,0.5
8402ee7a-2186-4cd2-a772-e781413c05de,31.611,minimum_left_range,/scan,0.5589887499809265,0.5
8402ee7a-2186-4cd2-a772-e781413c05de,31.71,minimum_left_range,/scan,0.5536145567893982,0.5
8402ee7a-2186-4cd2-a772-e781413c05de,31.806,minimum_left_range,/scan,0.5473015308380127,0.5
8402ee7a-2186-4cd2-a772-e781413c05de,31.911,minimum_left_range,/scan,0.5403708815574646,0.5
8402ee7a-2186-4cd2-a772-e781413c05de,32.010000000000005,minimum_left_range,/scan,0.5138465166091919,0.5
8402ee7a-2186-4cd2-a772-e781413c05de,32.109,minimum_left_range,/scan,0.5268996953964233,0.5
8402ee7a-2186-4cd2-a772-e781413c05de,32.211,minimum_left_range,/scan,0.5281229019165039,0.5
8402ee7a-2186-4cd2-a772-e781413c05de,32.31,minimum_left_range,/scan,0.5034381747245789,0.5
8402ee7a-2186-4cd2-a772-e781413c05de,32.409,minimum_left_range,/scan,0.5164228081703186,0.5
8402ee7a-2186-4cd2-a772-e781413c05de,32.508,minimum_left_range,/scan,0.520577073097229,0.5
8402ee7a-2186-4cd2-a772-e781413c05de,32.61,minimum_left_range,/scan,0.5173285603523254,0.5
8402ee7a-2186-4cd2-a772-e781413c05de,32.709,minimum_left_range,/scan,0.5143293738365173,0.5
8402ee7a-2186-4cd2-a772-e781413c05de,32.811,minimum_left_range,/scan,0.5104717016220093,0.5
8402ee7a-2186-4cd2-a772-e781413c05de,32.910000000000004,minimum_left_range,/scan,0.5027456283569336,0.5
8402ee7a-2186-4cd2-a772-e781413c05de,33.009,minimum_left_range,/scan,0.5126566886901855,0.5
8402ee7a-2186-4cd2-a772-e781413c05de,33.114000000000004,minimum_left_range,/scan,0.5189510583877563,0.5
8402ee7a-2186-4cd2-a772-e781413c05de,13.110000000000001,minimum_right_range,/scan,0.0,0.5
8402ee7a-2186-4cd2-a772-e781413c05de,13.209000000000001,minimum_right_range,/scan,0.0,0.5
8402ee7a-2186-4cd2-a772-e781413c05de,13.311,minimum_right_range,/scan,0.0,0.5
8402ee7a-2186-4cd2-a772-e781413c05de,13.41,minimum_right_range,/scan,0.0,0.5
8402ee7a-2186-4cd2-a772-e781413c05de,13.509,minimum_right_range,/scan,0.0,0.5
8402ee7a-2186-4cd2-a772-e781413c05de,13.611,minimum_right_range,/scan,0.0,0.5
8402ee7a-2186-4cd2-a772-e781413c05de,13.71,minimum_right_range,/scan,0.0,0.5
8402ee7a-2186-4cd2-a772-e781413c05de,13.809000000000001,minimum_right_range,/scan,0.0,0.5
8402ee7a-2186-4cd2-a772-e781413c05de,13.914000000000001,minimum_right_range,/scan,0.0,0.5
8402ee7a-2186-4cd2-a772-e781413c05de,14.010000000000002,minimum_right_range,/scan,0.0,0.5
8402ee7a-2186-4cd2-a772-e781413c05de,14.109000000000002,minimum_right_range,/scan,0.0,0.5
8402ee7a-2186-4cd2-a772-e781413c05de,14.208,minimum_right_range,/scan,0.0,0.5
8402ee7a-2186-4cd2-a772-e781413c05de,14.31,minimum_right_range,/scan,0.0,0.5
8402ee7a-2186-4cd2-a772-e781413c05de,14.409,minimum_right_range,/scan,0.0,0.5
8402ee7a-2186-4cd2-a772-e781413c05de,14.511000000000001,minimum_right_range,/scan,0.0,0.5
8402ee7a-2186-4cd2-a772-e781413c05de,14.610000000000001,minimum_right_range,/scan,0.0,0.5
8402ee7a-2186-4cd2-a772-e781413c05de,14.709000000000001,minimum_right_range,/scan,0.0,0.5
8402ee7a-2186-4cd2-a772-e781413c05de,14.811000000000002,minimum_right_range,/scan,0.0,0.5
8402ee7a-2186-4cd2-a772-e781413c05de,14.907000000000002,minimum_right_range,/scan,0.0,0.5
8402ee7a-2186-4cd2-a772-e781413c05de,15.009,minimum_right_range,/scan,0.0,0.5
8402ee7a-2186-4cd2-a772-e781413c05de,15.111,minimum_right_range,/scan,0.0,0.5
8402ee7a-2186-4cd2-a772-e781413c05de,15.21,minimum_right_range,/scan,0.0,0.5
8402ee7a-2186-4cd2-a772-e781413c05de,15.309000000000001,minimum_right_range,/scan,0.0,0.5
8402ee7a-2186-4cd2-a772-e781413c05de,15.411000000000001,minimum_right_range,/scan,0.0,0.5
8402ee7a-2186-4cd2-a772-e781413c05de,15.510000000000002,minimum_right_range,/scan,0.0,0.5
8402ee7a-2186-4cd2-a772-e781413c05de,15.609000000000002,minimum_right_range,/scan,0.0,0.5
8402ee7a-2186-4cd2-a772-e781413c05de,15.714,minimum_right_range,/scan,0.0,0.5
8402ee7a-2186-4cd2-a772-e781413c05de,15.81,minimum_right_range,/scan,0.0,0.5
8402ee7a-2186-4cd2-a772-e781413c05de,15.909,minimum_right_range,/scan,0.0,0.5
8402ee7a-2186-4cd2-a772-e781413c05de,16.011,minimum_right_range,/scan,0.0,0.5
8402ee7a-2186-4cd2-a772-e781413c05de,16.107,minimum_right_range,/scan,0.0,0.5
8402ee7a-2186-4cd2-a772-e781413c05de,16.209,minimum_right_range,/scan,0.0,0.5
8402ee7a-2186-4cd2-a772-e781413c05de,16.311,minimum_right_range,/scan,0.0,0.5
8402ee7a-2186-4cd2-a772-e781413c05de,16.407,minimum_right_range,/scan,0.0,0.5
8402ee7a-2186-4cd2-a772-e781413c05de,16.509,minimum_right_range,/scan,0.0,0.5
8402ee7a-2186-4cd2-a772-e781413c05de,16.611,minimum_right_range,/scan,0.0,0.5
8402ee7a-2186-4cd2-a772-e781413c05de,16.71,minimum_right_range,/scan,0.0,0.5
8402ee7a-2186-4cd2-a772-e781413c05de,16.809,minimum_right_range,/scan,0.0,0.5
8402ee7a-2186-4cd2-a772-e781413c05de,16.911,minimum_right_range,/scan,0.0,0.5
8402ee7a-2186-4cd2-a772-e781413c05de,17.013,minimum_right_range,/scan,0.0,0.5
8402ee7a-2186-4cd2-a772-e781413c05de,17.109,minimum_right_range,/scan,0.0,0.5
8402ee7a-2186-4cd2-a772-e781413c05de,17.214000000000002,minimum_right_range,/scan,0.0,0.5
8402ee7a-2186-4cd2-a772-e781413c05de,17.310000000000002,minimum_right_range,/scan,0.0,0.5
8402ee7a-2186-4cd2-a772-e781413c05de,17.406000000000002,minimum_right_range,/scan,0.0,0.5
8402ee7a-2186-4cd2-a772-e781413c05de,17.511000000000003,minimum_right_range,/scan,0.0,0.5
8402ee7a-2186-4cd2-a772-e781413c05de,17.61,minimum_right_range,/scan,0.0,0.5
8402ee7a-2186-4cd2-a772-e781413c05de,17.709,minimum_right_range,/scan,0.0,0.5
8402ee7a-2186-4cd2-a772-e781413c05de,17.811,minimum_right_range,/scan,0.0,0.5
8402ee7a-2186-4cd2-a772-e781413c05de,17.91,minimum_right_range,/scan,0.0,0.5
8402ee7a-2186-4cd2-a772-e781413c05de,18.009,minimum_right_range,/scan,0.0,0.5
8402ee7a-2186-4cd2-a772-e781413c05de,18.111,minimum_right_range,/scan,0.0,0.5
8402ee7a-2186-4cd2-a772-e781413c05de,18.21,minimum_right_range,/scan,0.0,0.5
8402ee7a-2186-4cd2-a772-e781413c05de,18.309,minimum_right_range,/scan,0.0,0.5
8402ee7a-2186-4cd2-a772-e781413c05de,18.411,minimum_right_range,/scan,0.0,0.5
8402ee7a-2186-4cd2-a772-e781413c05de,18.51,minimum_right_range,/scan,0.0,0.5
8402ee7a-2186-4cd2-a772-e781413c05de,18.609,minimum_right_range,/scan,0.0,0.5
8402ee7a-2186-4cd2-a772-e781413c05de,18.711000000000002,minimum_right_range,/scan,0.0,0.5
8402ee7a-2186-4cd2-a772-e781413c05de,18.810000000000002,minimum_right_range,/scan,0.0,0.5
8402ee7a-2186-4cd2-a772-e781413c05de,18.909000000000002,minimum_right_range,/scan,0.0,0.5
8402ee7a-2186-4cd2-a772-e781413c05de,19.011000000000003,minimum_right_range,/scan,0.0,0.5
8402ee7a-2186-4cd2-a772-e781413c05de,19.11,minimum_right_range,/scan,0.0,0.5
8402ee7a-2186-4cd2-a772-e781413c05de,19.206,minimum_right_range,/scan,0.0,0.5
8402ee7a-2186-4cd2-a772-e781413c05de,19.311,minimum_right_range,/scan,0.0,0.5
8402ee7a-2186-4cd2-a772-e781413c05de,19.41,minimum_right_range,/scan,0.0,0.5
8402ee7a-2186-4cd2-a772-e781413c05de,19.509,minimum_right_range,/scan,0.0,0.5
8402ee7a-2186-4cd2-a772-e781413c05de,19.611,minimum_right_range,/scan,0.0,0.5
8402ee7a-2186-4cd2-a772-e781413c05de,19.71,minimum_right_range,/scan,0.0,0.5
8402ee7a-2186-4cd2-a772-e781413c05de,19.809,minimum_right_range,/scan,0.0,0.5
8402ee7a-2186-4cd2-a772-e781413c05de,19.911,minimum_right_range,/scan,0.0,0.5
8402ee7a-2186-4cd2-a772-e781413c05de,20.01,minimum_right_range,/scan,0.0,0.5
8402ee7a-2186-4cd2-a772-e781413c05de,20.109,minimum_right_range,/scan,0.0,0.5
8402ee7a-2186-4cd2-a772-e781413c05de,20.211000000000002,minimum_right_range,/scan,0.0,0.5
8402ee7a-2186-4cd2-a772-e781413c05de,20.310000000000002,minimum_right_range,/scan,0.0,0.5
8402ee7a-2186-4cd2-a772-e781413c05de,20.409000000000002,minimum_right_range,/scan,0.0,0.5
8402ee7a-2186-4cd2-a772-e781413c05de,20.511000000000003,minimum_right_range,/scan,0.0,0.5
8402ee7a-2186-4cd2-a772-e781413c05de,20.610000000000003,minimum_right_range,/scan,0.0,0.5
8402ee7a-2186-4cd2-a772-e781413c05de,20.709,minimum_right_range,/scan,0.0,0.5
8402ee7a-2186-4cd2-a772-e781413c05de,20.811,minimum_right_range,/scan,0.0,0.5
8402ee7a-2186-4cd2-a772-e781413c05de,20.913,minimum_right_range,/scan,0.0,0.5
8402ee7a-2186-4cd2-a772-e781413c05de,21.009,minimum_right_range,/scan,0.0,0.5
8402ee7a-2186-4cd2-a772-e781413c05de,21.111,minimum_right_range,/scan,0.0,0.5
8402ee7a-2186-4cd2-a772-e781413c05de,21.21,minimum_right_range,/scan,0.0,0.5
8402ee7a-2186-4cd2-a772-e781413c05de,21.309,minimum_right_range,/scan,0.0,0.5
8402ee7a-2186-4cd2-a772-e781413c05de,21.411,minimum_right_range,/scan,0.0,0.5
8402ee7a-2186-4cd2-a772-e781413c05de,21.51,minimum_right_range,/scan,0.0,0.5
8402ee7a-2186-4cd2-a772-e781413c05de,21.609,minimum_right_range,/scan,0.0,0.5
8402ee7a-2186-4cd2-a772-e781413c05de,21.711000000000002,minimum_right_range,/scan,0.0,0.5
8402ee7a-2186-4cd2-a772-e781413c05de,21.810000000000002,minimum_right_range,/scan,0.0,0.5
8402ee7a-2186-4cd2-a772-e781413c05de,21.909000000000002,minimum_right_range,/scan,0.0,0.5
8402ee7a-2186-4cd2-a772-e781413c05de,22.011000000000003,minimum_right_range,/scan,0.0,0.5
8402ee7a-2186-4cd2-a772-e781413c05de,22.113000000000003,minimum_right_range,/scan,0.0,0.5
8402ee7a-2186-4cd2-a772-e781413c05de,22.209,minimum_right_range,/scan,0.0,0.5
8402ee7a-2186-4cd2-a772-e781413c05de,22.311,minimum_right_range,/scan,0.0,0.5
8402ee7a-2186-4cd2-a772-e781413c05de,22.41,minimum_right_range,/scan,0.0,0.5
8402ee7a-2186-4cd2-a772-e781413c05de,22.509,minimum_right_range,/scan,0.0,0.5
8402ee7a-2186-4cd2-a772-e781413c05de,22.611,minimum_right_range,/scan,0.0,0.5
8402ee7a-2186-4cd2-a772-e781413c05de,22.71,minimum_right_range,/scan,0.0,0.5
8402ee7a-2186-4cd2-a772-e781413c05de,22.809,minimum_right_range,/scan,0.0,0.5
8402ee7a-2186-4cd2-a772-e781413c05de,22.911,minimum_right_range,/scan,0.0,0.5
8402ee7a-2186-4cd2-a772-e781413c05de,23.01,minimum_right_range,/scan,0.0,0.5
8402ee7a-2186-4cd2-a772-e781413c05de,23.109,minimum_right_range,/scan,0.0,0.5
8402ee7a-2186-4cd2-a772-e781413c05de,23.211000000000002,minimum_right_range,/scan,0.0,0.5
8402ee7a-2186-4cd2-a772-e781413c05de,23.310000000000002,minimum_right_range,/scan,0.0,0.5
8402ee7a-2186-4cd2-a772-e781413c05de,23.409000000000002,minimum_right_range,/scan,0.0,0.5
8402ee7a-2186-4cd2-a772-e781413c05de,23.514000000000003,minimum_right_range,/scan,0.0,0.5
8402ee7a-2186-4cd2-a772-e781413c05de,23.610000000000003,minimum_right_range,/scan,0.0,0.5
8402ee7a-2186-4cd2-a772-e781413c05de,23.709000000000003,minimum_right_range,/scan,0.0,0.5
8402ee7a-2186-4cd2-a772-e781413c05de,23.811,minimum_right_range,/scan,0.0,0.5
8402ee7a-2186-4cd2-a772-e781413c05de,23.91,minimum_right_range,/scan,0.0,0.5
8402ee7a-2186-4cd2-a772-e781413c05de,24.006,minimum_right_range,/scan,0.0,0.5
8402ee7a-2186-4cd2-a772-e781413c05de,24.111,minimum_right_range,/scan,0.0,0.5
8402ee7a-2186-4cd2-a772-e781413c05de,24.21,minimum_right_range,/scan,0.0,0.5
8402ee7a-2186-4cd2-a772-e781413c05de,24.309,minimum_right_range,/scan,0.0,0.5
8402ee7a-2186-4cd2-a772-e781413c05de,24.408,minimum_right_range,/scan,0.0,0.5
8402ee7a-2186-4cd2-a772-e781413c05de,24.51,minimum_right_range,/scan,0.0,0.5
8402ee7a-2186-4cd2-a772-e781413c05de,24.609,minimum_right_range,/scan,0.0,0.5
8402ee7a-2186-4cd2-a772-e781413c05de,24.711000000000002,minimum_right_range,/scan,0.0,0.5
8402ee7a-2186-4cd2-a772-e781413c05de,24.810000000000002,minimum_right_range,/scan,0.0,0.5
8402ee7a-2186-4cd2-a772-e781413c05de,24.909000000000002,minimum_right_range,/scan,0.0,0.5
8402ee7a-2186-4cd2-a772-e781413c05de,25.011000000000003,minimum_right_range,/scan,0.0,0.5
8402ee7a-2186-4cd2-a772-e781413c05de,25.110000000000003,minimum_right_range,/scan,0.0,0.5
8402ee7a-2186-4cd2-a772-e781413c05de,25.209000000000003,minimum_right_range,/scan,0.0,0.5
8402ee7a-2186-4cd2-a772-e781413c05de,25.311,minimum_right_range,/scan,0.0,0.5
8402ee7a-2186-4cd2-a772-e781413c05de,25.41,minimum_right_range,/scan,0.0,0.5
8402ee7a-2186-4cd2-a772-e781413c05de,25.509,minimum_right_range,/scan,0.0,0.5
8402ee7a-2186-4cd2-a772-e781413c05de,25.611,minimum_right_range,/scan,0.0,0.5
8402ee7a-2186-4cd2-a772-e781413c05de,25.71,minimum_right_range,/scan,0.0,0.5
8402ee7a-2186-4cd2-a772-e781413c05de,25.809,minimum_right_range,/scan,0.0,0.5
8402ee7a-2186-4cd2-a772-e781413c05de,25.911,minimum_right_range,/scan,0.0,0.5
8402ee7a-2186-4cd2-a772-e781413c05de,26.01,minimum_right_range,/scan,0.0,0.5
8402ee7a-2186-4cd2-a772-e781413c05de,26.109,minimum_right_range,/scan,0.0,0.5
8402ee7a-2186-4cd2-a772-e781413c05de,26.211000000000002,minimum_right_range,/scan,0.0,0.5
8402ee7a-2186-4cd2-a772-e781413c05de,26.310000000000002,minimum_right_range,/scan,0.0,0.5
8402ee7a-2186-4cd2-a772-e781413c05de,26.409000000000002,minimum_right_range,/scan,0.0,0.5
8402ee7a-2186-4cd2-a772-e781413c05de,26.511000000000003,minimum_right_range,/scan,0.0,0.5
8402ee7a-2186-4cd2-a772-e781413c05de,26.607000000000003,minimum_right_range,/scan,0.0,0.5
8402ee7a-2186-4cd2-a772-e781413c05de,26.709000000000003,minimum_right_range,/scan,0.0,0.5
8402ee7a-2186-4cd2-a772-e781413c05de,26.811,minimum_right_range,/scan,0.0,0.5
8402ee7a-2186-4cd2-a772-e781413c05de,26.91,minimum_right_range,/scan,0.0,0.5
8402ee7a-2186-4cd2-a772-e781413c05de,27.009,minimum_right_range,/scan,0.0,0.5
8402ee7a-2186-4cd2-a772-e781413c05de,27.111,minimum_right_range,/scan,0.0,0.5
8402ee7a-2186-4cd2-a772-e781413c05de,27.21,minimum_right_range,/scan,0.0,0.5
8402ee7a-2186-4cd2-a772-e781413c05de,27.309,minimum_right_range,/scan,0.0,0.5
8402ee7a-2186-4cd2-a772-e781413c05de,27.411,minimum_right_range,/scan,0.0,0.5
8402ee7a-2186-4cd2-a772-e781413c05de,27.51,minimum_right_range,/scan,0.0,0.5
8402ee7a-2186-4cd2-a772-e781413c05de,27.609,minimum_right_range,/scan,0.0,0.5
8402ee7a-2186-4cd2-a772-e781413c05de,27.711000000000002,minimum_right_range,/scan,0.0,0.5
8402ee7a-2186-4cd2-a772-e781413c05de,27.810000000000002,minimum_right_range,/scan,0.0,0.5
8402ee7a-2186-4cd2-a772-e781413c05de,27.909000000000002,minimum_right_range,/scan,0.0,0.5
8402ee7a-2186-4cd2-a772-e781413c05de,28.008000000000003,minimum_right_range,/scan,0.0,0.5
8402ee7a-2186-4cd2-a772-e781413c05de,28.110000000000003,minimum_right_range,/scan,0.0,0.5
8402ee7a-2186-4cd2-a772-e781413c05de,28.209000000000003,minimum_right_range,/scan,0.0,0.5
8402ee7a-2186-4cd2-a772-e781413c05de,28.314,minimum_right_range,/scan,0.0,0.5
8402ee7a-2186-4cd2-a772-e781413c05de,28.41,minimum_right_range,/scan,0.0,0.5
8402ee7a-2186-4cd2-a772-e781413c05de,28.509,minimum_right_range,/scan,0.0,0.5
8402ee7a-2186-4cd2-a772-e781413c05de,28.611,minimum_right_range,/scan,0.0,0.5
8402ee7a-2186-4cd2-a772-e781413c05de,28.71,minimum_right_range,/scan,0.0,0.5
8402ee7a-2186-4cd2-a772-e781413c05de,28.809,minimum_right_range,/scan,0.0,0.5
8402ee7a-2186-4cd2-a772-e781413c05de,28.911,minimum_right_range,/scan,0.0,0.5
8402ee7a-2186-4cd2-a772-e781413c05de,29.01,minimum_right_range,/scan,0.0,0.5
8402ee7a-2186-4cd2-a772-e781413c05de,29.109,minimum_right_range,/scan,0.0,0.5
8402ee7a-2186-4cd2-a772-e781413c05de,29.211000000000002,minimum_right_range,/scan,0.0,0.5
8402ee7a-2186-4cd2-a772-e781413c05de,29.310000000000002,minimum_right_range,/scan,0.0,0.5
8402ee7a-2186-4cd2-a772-e781413c05de,29.409000000000002,minimum_right_range,/scan,0.0,0.5
8402ee7a-2186-4cd2-a772-e781413c05de,29.511000000000003,minimum_right_range,/scan,0.0,0.5
8402ee7a-2186-4cd2-a772-e781413c05de,29.610000000000003,minimum_right_range,/scan,0.0,0.5
8402ee7a-2186-4cd2-a772-e781413c05de,29.709000000000003,minimum_right_range,/scan,0.0,0.5
8402ee7a-2186-4cd2-a772-e781413c05de,29.811000000000003,minimum_right_range,/scan,0.0,0.5
8402ee7a-2186-4cd2-a772-e781413c05de,29.91,minimum_right_range,/scan,0.0,0.5
8402ee7a-2186-4cd2-a772-e781413c05de,30.009,minimum_right_range,/scan,0.0,0.5
8402ee7a-2186-4cd2-a772-e781413c05de,30.111,minimum_right_range,/scan,0.0,0.5
8402ee7a-2186-4cd2-a772-e781413c05de,30.21,minimum_right_range,/scan,0.0,0.5
8402ee7a-2186-4cd2-a772-e781413c05de,30.309,minimum_right_range,/scan,0.0,0.5
8402ee7a-2186-4cd2-a772-e781413c05de,30.411,minimum_right_range,/scan,0.0,0.5
8402ee7a-2186-4cd2-a772-e781413c05de,30.513,minimum_right_range,/scan,0.0,0.5
8402ee7a-2186-4cd2-a772-e781413c05de,30.609,minimum_right_range,/scan,0.0,0.5
8402ee7a-2186-4cd2-a772-e781413c05de,30.711000000000002,minimum_right_range,/scan,0.0,0.5
8402ee7a-2186-4cd2-a772-e781413c05de,30.810000000000002,minimum_right_range,/scan,0.0,0.5
8402ee7a-2186-4cd2-a772-e781413c05de,30.909000000000002,minimum_right_range,/scan,0.0,0.5
8402ee7a-2186-4cd2-a772-e781413c05de,31.011000000000003,minimum_right_range,/scan,0.0,0.5
8402ee7a-2186-4cd2-a772-e781413c05de,31.110000000000003,minimum_right_range,/scan,0.0,0.5
8402ee7a-2186-4cd2-a772-e781413c05de,31.209000000000003,minimum_right_range,/scan,0.0,0.5
8402ee7a-2186-4cd2-a772-e781413c05de,31.311000000000003,minimum_right_range,/scan,0.0,0.5
8402ee7a-2186-4cd2-a772-e781413c05de,31.410000000000004,minimum_right_range,/scan,0.0,0.5
8402ee7a-2186-4cd2-a772-e781413c05de,31.512,minimum_right_range,/scan,0.0,0.5
8402ee7a-2186-4cd2-a772-e781413c05de,31.611,minimum_right_range,/scan,0.0,0.5
8402ee7a-2186-4cd2-a772-e781413c05de,31.71,minimum_right_range,/scan,0.0,0.5
8402ee7a-2186-4cd2-a772-e781413c05de,31.806,minimum_right_range,/scan,0.0,0.5
8402ee7a-2186-4cd2-a772-e781413c05de,31.911,minimum_right_range,/scan,0.0,0.5
8402ee7a-2186-4cd2-a772-e781413c05de,32.010000000000005,minimum_right_range,/scan,0.0,0.5
8402ee7a-2186-4cd2-a772-e781413c05de,32.109,minimum_right_range,/scan,0.0,0.5
8402ee7a-2186-4cd2-a772-e781413c05de,32.211,minimum_right_range,/scan,0.0,0.5
8402ee7a-2186-4cd2-a772-e781413c05de,32.31,minimum_right_range,/scan,0.0,0.5
8402ee7a-2186-4cd2-a772-e781413c05de,32.409,minimum_right_range,/scan,0.0,0.5
8402ee7a-2186-4cd2-a772-e781413c05de,32.508,minimum_right_range,/scan,0.0,0.5
8402ee7a-2186-4cd2-a772-e781413c05de,32.61,minimum_right_range,/scan,0.0,0.5
8402ee7a-2186-4cd2-a772-e781413c05de,32.709,minimum_right_range,/scan,0.0,0.5
8402ee7a-2186-4cd2-a772-e781413c05de,32.811,minimum_right_range,/scan,0.0,0.5
8402ee7a-2186-4cd2-a772-e781413c05de,32.910000000000004,minimum_right_range,/scan,0.0,0.5
8402ee7a-2186-4cd2-a772-e781413c05de,33.009,minimum_right_range,/scan,0.0,0.5
8402ee7a-2186-4cd2-a772-e781413c05de,33.114000000000004,minimum_right_range,/scan,0.0,0.5
8402ee7a-2186-4cd2-a772-e781413c05de,13.104000000000001,odom_x,/odom,2.23719071118606e-07,0.5
8402ee7a-2186-4cd2-a772-e781413c05de,13.14,odom_x,/odom,2.237190711186056e-07,0.5
8402ee7a-2186-4cd2-a772-e781413c05de,13.176,odom_x,/odom,2.2371907111860548e-07,0.5
8402ee7a-2186-4cd2-a772-e781413c05de,13.212000000000002,odom_x,/odom,2.237190711186058e-07,0.5
8402ee7a-2186-4cd2-a772-e781413c05de,13.248000000000001,odom_x,/odom,2.2371907111860562e-07,0.5
8402ee7a-2186-4cd2-a772-e781413c05de,13.284,odom_x,/odom,2.237190711186056e-07,0.5
8402ee7a-2186-4cd2-a772-e781413c05de,13.32,odom_x,/odom,2.2371907111860517e-07,0.5
8402ee7a-2186-4cd2-a772-e781413c05de,13.356000000000002,odom_x,/odom,2.23719071118605e-07,0.5
8402ee7a-2186-4cd2-a772-e781413c05de,13.392000000000001,odom_x,/odom,2.23719071118605e-07,0.5
8402ee7a-2186-4cd2-a772-e781413c05de,13.428,odom_x,/odom,2.2371907111860482e-07,0.5
8402ee7a-2186-4cd2-a772-e781413c05de,13.464,odom_x,/odom,2.2371907111860448e-07,0.5
8402ee7a-2186-4cd2-a772-e781413c05de,13.5,odom_x,/odom,2.2371907111860442e-07,0.5
8402ee7a-2186-4cd2-a772-e781413c05de,13.536000000000001,odom_x,/odom,2.2371907111860456e-07,0.5
8402ee7a-2186-4cd2-a772-e781413c05de,13.572000000000001,odom_x,/odom,2.2371907111860419e-07,0.5
8402ee7a-2186-4cd2-a772-e781413c05de,13.611,odom_x,/odom,2.2371907111860413e-07,0.5
8402ee7a-2186-4cd2-a772-e781413c05de,13.644,odom_x,/odom,2.2371907111860352e-07,0.5
8402ee7a-2186-4cd2-a772-e781413c05de,13.680000000000001,odom_x,/odom,2.2371907111860374e-07,0.5
8402ee7a-2186-4cd2-a772-e781413c05de,13.716000000000001,odom_x,/odom,2.2371907111860337e-07,0.5
8402ee7a-2186-4cd2-a772-e781413c05de,13.752,odom_x,/odom,2.2371907111860347e-07,0.5
8402ee7a-2186-4cd2-a772-e781413c05de,13.788,odom_x,/odom,2.2371907111860302e-07,0.5
8402ee7a-2186-4cd2-a772-e781413c05de,13.824000000000002,odom_x,/odom,2.2371907111860257e-07,0.5
8402ee7a-2186-4cd2-a772-e781413c05de,13.860000000000001,odom_x,/odom,2.2371907111860262e-07,0.5
8402ee7a-2186-4cd2-a772-e781413c05de,13.896,odom_x,/odom,2.237190711186023e-07,0.5
8402ee7a-2186-4cd2-a772-e781413c05de,13.932,odom_x,/odom,2.2371907111860178e-07,0.5
8402ee7a-2186-4cd2-a772-e781413c05de,13.968000000000002,odom_x,/odom,2.2371907111860138e-07,0.5
8402ee7a-2186-4cd2-a772-e781413c05de,14.004000000000001,odom_x,/odom,2.2371907111860088e-07,0.5
8402ee7a-2186-4cd2-a772-e781413c05de,14.040000000000001,odom_x,/odom,2.2371907111860098e-07,0.5
8402ee7a-2186-4cd2-a772-e781413c05de,14.076,odom_x,/odom,2.2371907111860096e-07,0.5
8402ee7a-2186-4cd2-a772-e781413c05de,14.112,odom_x,/odom,2.2371907111860093e-07,0.5
8402ee7a-2186-4cd2-a772-e781413c05de,14.148000000000001,odom_x,/odom,2.2371907111860056e-07,0.5
8402ee7a-2186-4cd2-a772-e781413c05de,14.184000000000001,odom_x,/odom,2.2371907111860003e-07,0.5
8402ee7a-2186-4cd2-a772-e781413c05de,14.22,odom_x,/odom,2.2371907111859963e-07,0.5
8402ee7a-2186-4cd2-a772-e781413c05de,14.256,odom_x,/odom,2.2371907111859937e-07,0.5
8402ee7a-2186-4cd2-a772-e781413c05de,14.292000000000002,odom_x,/odom,2.2371907111859908e-07,0.5
8402ee7a-2186-4cd2-a772-e781413c05de,14.328000000000001,odom_x,/odom,2.2371907111859852e-07,0.5
8402ee7a-2186-4cd2-a772-e781413c05de,14.364,odom_x,/odom,2.2371907111859836e-07,0.5
8402ee7a-2186-4cd2-a772-e781413c05de,14.4,odom_x,/odom,2.2371907111859807e-07,0.5
8402ee7a-2186-4cd2-a772-e781413c05de,14.436000000000002,odom_x,/odom,2.2371907111859786e-07,0.5
8402ee7a-2186-4cd2-a772-e781413c05de,14.472000000000001,odom_x,/odom,2.237190711185976e-07,0.5
8402ee7a-2186-4cd2-a772-e781413c05de,14.508000000000001,odom_x,/odom,2.2371907111859699e-07,0.5
8402ee7a-2186-4cd2-a772-e781413c05de,14.544,odom_x,/odom,2.237190711185972e-07,0.5
8402ee7a-2186-4cd2-a772-e781413c05de,14.58,odom_x,/odom,2.2371907111859696e-07,0.5
8402ee7a-2186-4cd2-a772-e781413c05de,14.616000000000001,odom_x,/odom,2.2371907111859696e-07,0.5
8402ee7a-2186-4cd2-a772-e781413c05de,14.652000000000001,odom_x,/odom,2.237190711185968e-07,0.5
8402ee7a-2186-4cd2-a772-e781413c05de,14.688,odom_x,/odom,2.237190711185972e-07,0.5
8402ee7a-2186-4cd2-a772-e781413c05de,14.724,odom_x,/odom,2.2371907111859712e-07,0.5
8402ee7a-2186-4cd2-a772-e781413c05de,14.760000000000002,odom_x,/odom,2.237190711185964e-07,0.5
8402ee7a-2186-4cd2-a772-e781413c05de,14.796000000000001,odom_x,/odom,0.0005942237164245754,0.5
8402ee7a-2186-4cd2-a772-e781413c05de,14.832,odom_x,/odom,0.0018766534001046931,0.5
8402ee7a-2186-4cd2-a772-e781413c05de,14.868,odom_x,/odom,0.003483082992977843,0.5
8402ee7a-2186-4cd2-a772-e781413c05de,14.904000000000002,odom_x,/odom,0.006331512537321138,0.5
8402ee7a-2186-4cd2-a772-e781413c05de,14.940000000000001,odom_x,/odom,0.010271736376115875,0.5
8402ee7a-2186-4cd2-a772-e781413c05de,14.976,odom_x,/odom,0.014493938834123518,0.5
8402ee7a-2186-4cd2-a772-e781413c05de,15.012,odom_x,/odom,0.018936216263930848,0.5
8402ee7a-2186-4cd2-a772-e781413c05de,15.048000000000002,odom_x,/odom,0.023487945989487478,0.5
8402ee7a-2186-4cd2-a772-e781413c05de,15.084000000000001,odom_x,/odom,0.028057172774544566,0.5
8402ee7a-2186-4cd2-a772-e781413c05de,15.120000000000001,odom_x,/odom,0.03262671031076959,0.5
8402ee7a-2186-4cd2-a772-e781413c05de,15.156,odom_x,/odom,0.03725947294894574,0.5
8402ee7a-2186-4cd2-a772-e781413c05de,15.192,odom_x,/odom,0.041949622959294476,0.5
8402ee7a-2186-4cd2-a772-e781413c05de,15.228000000000002,odom_x,/odom,0.04664484082678011,0.5
8402ee7a-2186-4cd2-a772-e781413c05de,15.264000000000001,odom_x,/odom,0.05149714123369017,0.5
8402ee7a-2186-4cd2-a772-e781413c05de,15.3,odom_x,/odom,0.05629172172146677,0.5
8402ee7a-2186-4cd2-a772-e781413c05de,15.336,odom_x,/odom,0.06118620184328862,0.5
8402ee7a-2186-4cd2-a772-e781413c05de,15.372000000000002,odom_x,/odom,0.06609496255727271,0.5
8402ee7a-2186-4cd2-a772-e781413c05de,15.411000000000001,odom_x,/odom,0.07093508994252903,0.5
8402ee7a-2186-4cd2-a772-e781413c05de,15.444,odom_x,/odom,0.07570773492052525,0.5
8402ee7a-2186-4cd2-a772-e781413c05de,15.48,odom_x,/odom,0.08047615289253185,0.5
8402ee7a-2186-4cd2-a772-e781413c05de,15.516000000000002,odom_x,/odom,0.08528516601524852,0.5
8402ee7a-2186-4cd2-a772-e781413c05de,15.552000000000001,odom_x,/odom,0.09004870072452256,0.5
8402ee7a-2186-4cd2-a772-e781413c05de,15.588000000000001,odom_x,/odom,0.0949162728566126,0.5
8402ee7a-2186-4cd2-a772-e781413c05de,15.624,odom_x,/odom,0.09982714444325472,0.5
8402ee7a-2186-4cd2-a772-e781413c05de,15.66,odom_x,/odom,0.10472905046925812,0.5
8402ee7a-2186-4cd2-a772-e781413c05de,15.696000000000002,odom_x,/odom,0.10971085838281104,0.5
8402ee7a-2186-4cd2-a772-e781413c05de,15.732000000000001,odom_x,/odom,0.1146999498123821,0.5
8402ee7a-2186-4cd2-a772-e781413c05de,15.768,odom_x,/odom,0.11973805424269011,0.5
8402ee7a-2186-4cd2-a772-e781413c05de,15.804,odom_x,/odom,0.12451544866732953,0.5
8402ee7a-2186-4cd2-a772-e781413c05de,15.840000000000002,odom_x,/odom,0.12925756931886503,0.5
8402ee7a-2186-4cd2-a772-e781413c05de,15.876000000000001,odom_x,/odom,0.1340069044522164,0.5
8402ee7a-2186-4cd2-a772-e781413c05de,15.912,odom_x,/odom,0.1386905411050893,0.5
8402ee7a-2186-4cd2-a772-e781413c05de,15.948,odom_x,/odom,0.14333959067581428,0.5
8402ee7a-2186-4cd2-a772-e781413c05de,15.984000000000002,odom_x,/odom,0.1480212472185954,0.5
8402ee7a-2186-4cd2-a772-e781413c05de,16.02,odom_x,/odom,0.15270624292222434,0.5
8402ee7a-2186-4cd2-a772-e781413c05de,16.056,odom_x,/odom,0.15743175252015865,0.5
8402ee7a-2186-4cd2-a772-e781413c05de,16.092000000000002,odom_x,/odom,0.16228935226650268,0.5
8402ee7a-2186-4cd2-a772-e781413c05de,16.128,odom_x,/odom,0.16717758961801382,0.5
8402ee7a-2186-4cd2-a772-e781413c05de,16.164,odom_x,/odom,0.1722239671672952,0.5
8402ee7a-2186-4cd2-a772-e781413c05de,16.2,odom_x,/odom,0.1771674433391603,0.5
8402ee7a-2186-4cd2-a772-e781413c05de,16.236,odom_x,/odom,0.1821199826562697,0.5
8402ee7a-2186-4cd2-a772-e781413c05de,16.272000000000002,odom_x,/odom,0.18710100493111592,0.5
8402ee7a-2186-4cd2-a772-e781413c05de,16.308,odom_x,/odom,0.192164079438005,0.5
8402ee7a-2186-4cd2-a772-e781413c05de,16.344,odom_x,/odom,0.19738540757651638,0.5
8402ee7a-2186-4cd2-a772-e781413c05de,16.380000000000003,odom_x,/odom,0.2026217886748191,0.5
8402ee7a-2186-4cd2-a772-e781413c05de,16.416,odom_x,/odom,0.20773558894219263,0.5
8402ee7a-2186-4cd2-a772-e781413c05de,16.452,odom_x,/odom,0.21290355586080553,0.5
8402ee7a-2186-4cd2-a772-e781413c05de,16.488,odom_x,/odom,0.21821929516668798,0.5
8402ee7a-2186-4cd2-a772-e781413c05de,16.524,odom_x,/odom,0.22358844866848473,0.5
8402ee7a-2186-4cd2-a772-e781413c05de,16.560000000000002,odom_x,/odom,0.22901084632905008,0.5
8402ee7a-2186-4cd2-a772-e781413c05de,16.596,odom_x,/odom,0.23436009576348515,0.5
8402ee7a-2186-4cd2-a772-e781413c05de,16.632,odom_x,/odom,0.23970073786340834,0.5
8402ee7a-2186-4cd2-a772-e781413c05de,16.668000000000003,odom_x,/odom,0.24507313123131944,0.5
8402ee7a-2186-4cd2-a772-e781413c05de,16.704,odom_x,/odom,0.250525074611154,0.5
8402ee7a-2186-4cd2-a772-e781413c05de,16.740000000000002,odom_x,/odom,0.2559103537263482,0.5
8402ee7a-2186-4cd2-a772-e781413c05de,16.776,odom_x,/odom,0.26127124865952633,0.5
8402ee7a-2186-4cd2-a772-e781413c05de,16.812,odom_x,/odom,0.26659664202098315,0.5
8402ee7a-2186-4cd2-a772-e781413c05de,16.848000000000003,odom_x,/odom,0.27201886861314345,0.5
8402ee7a-2186-4cd2-a772-e781413c05de,16.884,odom_x,/odom,0.2775410980973556,0.5
8402ee7a-2186-4cd2-a772-e781413c05de,16.92,odom_x,/odom,0.28306881626391284,0.5
8402ee7a-2186-4cd2-a772-e781413c05de,16.956,odom_x,/odom,0.28872254894277016,0.5
8402ee7a-2186-4cd2-a772-e781413c05de,16.992,odom_x,/odom,0.29447897595438516,0.5
8402ee7a-2186-4cd2-a772-e781413c05de,17.028000000000002,odom_x,/odom,0.3002529706849531,0.5
8402ee7a-2186-4cd2-a772-e781413c05de,17.064,odom_x,/odom,0.3060194454583689,0.5
8402ee7a-2186-4cd2-a772-e781413c05de,17.1,odom_x,/odom,0.31181615061076734,0.5
8402ee7a-2186-4cd2-a772-e781413c05de,17.136000000000003,odom_x,/odom,0.31744727628843944,0.5
8402ee7a-2186-4cd2-a772-e781413c05de,17.172,odom_x,/odom,0.3230538962376212,0.5
8402ee7a-2186-4cd2-a772-e781413c05de,17.208000000000002,odom_x,/odom,0.3286897595308403,0.5
8402ee7a-2186-4cd2-a772-e781413c05de,17.244,odom_x,/odom,0.33436167241407766,0.5
8402ee7a-2186-4cd2-a772-e781413c05de,17.28,odom_x,/odom,0.3400358756586925,0.5
8402ee7a-2186-4cd2-a772-e781413c05de,17.316000000000003,odom_x,/odom,0.3457619256534236,0.5
8402ee7a-2186-4cd2-a772-e781413c05de,17.352,odom_x,/odom,0.3515156246772177,0.5
8402ee7a-2186-4cd2-a772-e781413c05de,17.388,odom_x,/odom,0.3574381949411564,0.5
8402ee7a-2186-4cd2-a772-e781413c05de,17.424,odom_x,/odom,0.3634317248857514,0.5
8402ee7a-2186-4cd2-a772-e781413c05de,17.46,odom_x,/odom,0.3694808717285733,0.5
8402ee7a-2186-4cd2-a772-e781413c05de,17.496000000000002,odom_x,/odom,0.3757190505683072,0.5
8402ee7a-2186-4cd2-a772-e781413c05de,17.532,odom_x,/odom,0.3819802404979409,0.5
8402ee7a-2186-4cd2-a772-e781413c05de,17.568,odom_x,/odom,0.38843460179810696,0.5
8402ee7a-2186-4cd2-a772-e781413c05de,17.604000000000003,odom_x,/odom,0.3950843052333886,0.5
8402ee7a-2186-4cd2-a772-e781413c05de,17.64,odom_x,/odom,0.4016294234998224,0.5
8402ee7a-2186-4cd2-a772-e781413c05de,17.676000000000002,odom_x,/odom,0.408132888813038,0.5
8402ee7a-2186-4cd2-a772-e781413c05de,17.712,odom_x,/odom,0.4145344867116294,0.5
8402ee7a-2186-4cd2-a772-e781413c05de,17.748,odom_x,/odom,0.4208196623606931,0.5
8402ee7a-2186-4cd2-a772-e781413c05de,17.784000000000002,odom_x,/odom,0.42706044685763694,0.5
8402ee7a-2186-4cd2-a772-e781413c05de,17.82,odom_x,/odom,0.4333002307227599,0.5
8402ee7a-2186-4cd2-a772-e781413c05de,17.856,odom_x,/odom,0.43967188678827435,0.5
8402ee7a-2186-4cd2-a772-e781413c05de,17.892,odom_x,/odom,0.4461053681122429,0.5
8402ee7a-2186-4cd2-a772-e781413c05de,17.928,odom_x,/odom,0.45254797558272075,0.5
8402ee7a-2186-4cd2-a772-e781413c05de,17.964000000000002,odom_x,/odom,0.45890199267432097,0.5
8402ee7a-2186-4cd2-a772-e781413c05de,18.0,odom_x,/odom,0.4653614981634438,0.5
8402ee7a-2186-4cd2-a772-e781413c05de,18.036,odom_x,/odom,0.4716973810585601,0.5
8402ee7a-2186-4cd2-a772-e781413c05de,18.072000000000003,odom_x,/odom,0.4780106272835855,0.5
8402ee7a-2186-4cd2-a772-e781413c05de,18.111,odom_x,/odom,0.4844188715308524,0.5
8402ee7a-2186-4cd2-a772-e781413c05de,18.144000000000002,odom_x,/odom,0.4907819928380793,0.5
8402ee7a-2186-4cd2-a772-e781413c05de,18.18,odom_x,/odom,0.4971378663401103,0.5
8402ee7a-2186-4cd2-a772-e781413c05de,18.216,odom_x,/odom,0.5035598895220537,0.5
8402ee7a-2186-4cd2-a772-e781413c05de,18.252000000000002,odom_x,/odom,0.5100772702106562,0.5
8402ee7a-2186-4cd2-a772-e781413c05de,18.288,odom_x,/odom,0.5166509819140168,0.5
8402ee7a-2186-4cd2-a772-e781413c05de,18.324,odom_x,/odom,0.5232374623597817,0.5
8402ee7a-2186-4cd2-a772-e781413c05de,18.36,odom_x,/odom,0.5298241982609168,0.5
8402ee7a-2186-4cd2-a772-e781413c05de,18.396,odom_x,/odom,0.536521412360639,0.5
8402ee7a-2186-4cd2-a772-e781413c05de,18.432000000000002,odom_x,/odom,0.5432300186707073,0.5
8402ee7a-2186-4cd2-a772-e781413c05de,18.468,odom_x,/odom,0.5499864505586533,0.5
8402ee7a-2186-4cd2-a772-e781413c05de,18.504,odom_x,/odom,0.5566082542297659,0.5
8402ee7a-2186-4cd2-a772-e781413c05de,18.540000000000003,odom_x,/odom,0.5630504812539351,0.5
8402ee7a-2186-4cd2-a772-e781413c05de,18.576,odom_x,/odom,0.5694255413635604,0.5
8402ee7a-2186-4cd2-a772-e781413c05de,18.612000000000002,odom_x,/odom,0.5756675339797676,0.5
8402ee7a-2186-4cd2-a772-e781413c05de,18.648,odom_x,/odom,0.582004416624216,0.5
8402ee7a-2186-4cd2-a772-e781413c05de,18.684,odom_x,/odom,0.5885619262945839,0.5
8402ee7a-2186-4cd2-a772-e781413c05de,18.720000000000002,odom_x,/odom,0.5951427211408344,0.5
8402ee7a-2186-4cd2-a772-e781413c05de,18.756,odom_x,/odom,0.6016567023679599,0.5
8402ee7a-2186-4cd2-a772-e781413c05de,18.792,odom_x,/odom,0.6081644386085969,0.5
8402ee7a-2186-4cd2-a772-e781413c05de,18.828,odom_x,/odom,0.6146722519008895,0.5
8402ee7a-2186-4cd2-a772-e781413c05de,18.864,odom_x,/odom,0.6212988661701792,0.5
8402ee7a-2186-4cd2-a772-e781413c05de,18.900000000000002,odom_x,/odom,0.6279239573403551,0.5
8402ee7a-2186-4cd2-a772-e781413c05de,18.936,odom_x,/odom,0.6344896541335701,0.5
8402ee7a-2186-4cd2-a772-e781413c05de,18.972,odom_x,/odom,0.641050764147799,0.5
8402ee7a-2186-4cd2-a772-e781413c05de,19.011000000000003,odom_x,/odom,0.6476959571460287,0.5
8402ee7a-2186-4cd2-a772-e781413c05de,19.044,odom_x,/odom,0.6543301232339434,0.5
8402ee7a-2186-4cd2-a772-e781413c05de,19.080000000000002,odom_x,/odom,0.6609610032610382,0.5
8402ee7a-2186-4cd2-a772-e781413c05de,19.116,odom_x,/odom,0.6676190602082136,0.5
8402ee7a-2186-4cd2-a772-e781413c05de,19.152,odom_x,/odom,0.6743197452035575,0.5
8402ee7a-2186-4cd2-a772-e781413c05de,19.188000000000002,odom_x,/odom,0.6810647282378038,0.5
8402ee7a-2186-4cd2-a772-e781413c05de,19.224,odom_x,/odom,0.6878218997541691,0.5
8402ee7a-2186-4cd2-a772-e781413c05de,19.26,odom_x,/odom,0.6945624102446488,0.5
8402ee7a-2186-4cd2-a772-e781413c05de,19.296000000000003,odom_x,/odom,0.7011128700512201,0.5
8402ee7a-2186-4cd2-a772-e781413c05de,19.332,odom_x,/odom,0.7076374105751947,0.5
8402ee7a-2186-4cd2-a772-e781413c05de,19.368000000000002,odom_x,/odom,0.7141014412209452,0.5
8402ee7a-2186-4cd2-a772-e781413c05de,19.404,odom_x,/odom,0.7206113213143672,0.5
8402ee7a-2186-4cd2-a772-e781413c05de,19.44,odom_x,/odom,0.7270363258377581,0.5
8402ee7a-2186-4cd2-a772-e781413c05de,19.476000000000003,odom_x,/odom,0.7334290673575757,0.5
8402ee7a-2186-4cd2-a772-e781413c05de,19.512,odom_x,/odom,0.7399293340555162,0.5
8402ee7a-2186-4cd2-a772-e781413c05de,19.548000000000002,odom_x,/odom,0.7464820427118707,0.5
8402ee7a-2186-4cd2-a772-e781413c05de,19.584,odom_x,/odom,0.7531387276291075,0.5
8402ee7a-2186-4cd2-a772-e781413c05de,19.62,odom_x,/odom,0.7598042696152285,0.5
8402ee7a-2186-4cd2-a772-e781413c05de,19.656000000000002,odom_x,/odom,0.7664460326446711,0.5
8402ee7a-2186-4cd2-a772-e781413c05de,19.692,odom_x,/odom,0.7731044067781596,0.5
8402ee7a-2186-4cd2-a772-e781413c05de,19.728,odom_x,/odom,0.7797667654058531,0.5
8402ee7a-2186-4cd2-a772-e781413c05de,19.764000000000003,odom_x,/odom,0.7863865085478452,0.5
8402ee7a-2186-4cd2-a772-e781413c05de,19.8,odom_x,/odom,0.7929429610631852,0.5
8402ee7a-2186-4cd2-a772-e781413c05de,19.836000000000002,odom_x,/odom,0.7993278495301874,0.5
8402ee7a-2186-4cd2-a772-e781413c05de,19.872,odom_x,/odom,0.8056930854483536,0.5
8402ee7a-2186-4cd2-a772-e781413c05de,19.911,odom_x,/odom,0.8120889254023981,0.5
8402ee7a-2186-4cd2-a772-e781413c05de,19.944000000000003,odom_x,/odom,0.8184254911202126,0.5
8402ee7a-2186-4cd2-a772-e781413c05de,19.98,odom_x,/odom,0.824756035531107,0.5
8402ee7a-2186-4cd2-a772-e781413c05de,20.016000000000002,odom_x,/odom,0.8310047955644618,0.5
8402ee7a-2186-4cd2-a772-e781413c05de,20.052,odom_x,/odom,0.837489576949573,0.5
8402ee7a-2186-4cd2-a772-e781413c05de,20.088,odom_x,/odom,0.8440608061698718,0.5
8402ee7a-2186-4cd2-a772-e781413c05de,20.124000000000002,odom_x,/odom,0.8506341045995279,0.5
8402ee7a-2186-4cd2-a772-e781413c05de,20.16,odom_x,/odom,0.8572177431674863,0.5
8402ee7a-2186-4cd2-a772-e781413c05de,20.196,odom_x,/odom,0.8638698311820195,0.5
8402ee7a-2186-4cd2-a772-e781413c05de,20.232000000000003,odom_x,/odom,0.8705281240151218,0.5
8402ee7a-2186-4cd2-a772-e781413c05de,20.268,odom_x,/odom,0.8772001297522378,0.5
8402ee7a-2186-4cd2-a772-e781413c05de,20.304000000000002,odom_x,/odom,0.8838468765584728,0.5
8402ee7a-2186-4cd2-a772-e781413c05de,20.34,odom_x,/odom,0.8904331435841804,0.5
8402ee7a-2186-4cd2-a772-e781413c05de,20.376,odom_x,/odom,0.8970004058532931,0.5
8402ee7a-2186-4cd2-a772-e781413c05de,20.412000000000003,odom_x,/odom,0.9035529114106661,0.5
8402ee7a-2186-4cd2-a772-e781413c05de,20.448,odom_x,/odom,0.9100006791537247,0.5
8402ee7a-2186-4cd2-a772-e781413c05de,20.484,odom_x,/odom,0.9163163794528653,0.5
8402ee7a-2186-4cd2-a772-e781413c05de,20.52,odom_x,/odom,0.9226237378790914,0.5
8402ee7a-2186-4cd2-a772-e781413c05de,20.556,odom_x,/odom,0.9289579960966056,0.5
8402ee7a-2186-4cd2-a772-e781413c05de,20.592000000000002,odom_x,/odom,0.9353228922622805,0.5
8402ee7a-2186-4cd2-a772-e781413c05de,20.628,odom_x,/odom,0.9416936911210261,0.5
8402ee7a-2186-4cd2-a772-e781413c05de,20.664,odom_x,/odom,0.9482651098709675,0.5
8402ee7a-2186-4cd2-a772-e781413c05de,20.700000000000003,odom_x,/odom,0.9546310158038819,0.5
8402ee7a-2186-4cd2-a772-e781413c05de,20.736,odom_x,/odom,0.9608694312278523,0.5
8402ee7a-2186-4cd2-a772-e781413c05de,20.772000000000002,odom_x,/odom,0.9671082077883245,0.5
8402ee7a-2186-4cd2-a772-e781413c05de,20.811,odom_x,/odom,0.9732599125611944,0.5
8402ee7a-2186-4cd2-a772-e781413c05de,20.844,odom_x,/odom,0.9795452896056487,0.5
8402ee7a-2186-4cd2-a772-e781413c05de,20.880000000000003,odom_x,/odom,0.9858528206226791,0.5
8402ee7a-2186-4cd2-a772-e781413c05de,20.916,odom_x,/odom,0.9921820483415427,0.5
8402ee7a-2186-4cd2-a772-e781413c05de,20.952,odom_x,/odom,0.9985076145411683,0.5
8402ee7a-2186-4cd2-a772-e781413c05de,20.988,odom_x,/odom,1.004824676886803,0.5
8402ee7a-2186-4cd2-a772-e781413c05de,21.024,odom_x,/odom,1.0111394548670152,0.5
8402ee7a-2186-4cd2-a772-e781413c05de,21.060000000000002,odom_x,/odom,1.0173691088243921,0.5
8402ee7a-2186-4cd2-a772-e781413c05de,21.096,odom_x,/odom,1.0236578011562176,0.5
8402ee7a-2186-4cd2-a772-e781413c05de,21.132,odom_x,/odom,1.0299547532938393,0.5
8402ee7a-2186-4cd2-a772-e781413c05de,21.168000000000003,odom_x,/odom,1.0361997069092719,0.5
8402ee7a-2186-4cd2-a772-e781413c05de,21.204,odom_x,/odom,1.0423337155534123,0.5
8402ee7a-2186-4cd2-a772-e781413c05de,21.240000000000002,odom_x,/odom,1.0486862610351722,0.5
8402ee7a-2186-4cd2-a772-e781413c05de,21.276,odom_x,/odom,1.0551571781414122,0.5
8402ee7a-2186-4cd2-a772-e781413c05de,21.312,odom_x,/odom,1.0616686222486904,0.5
8402ee7a-2186-4cd2-a772-e781413c05de,21.348000000000003,odom_x,/odom,1.068088009072224,0.5
8402ee7a-2186-4cd2-a772-e781413c05de,21.384,odom_x,/odom,1.0743399118749206,0.5
8402ee7a-2186-4cd2-a772-e781413c05de,21.42,odom_x,/odom,1.0805765340117812,0.5
8402ee7a-2186-4cd2-a772-e781413c05de,21.456000000000003,odom_x,/odom,1.086784206413078,0.5
8402ee7a-2186-4cd2-a772-e781413c05de,21.492,odom_x,/odom,1.092937591319228,0.5
8402ee7a-2186-4cd2-a772-e781413c05de,21.528000000000002,odom_x,/odom,1.0990807597218963,0.5
8402ee7a-2186-4cd2-a772-e781413c05de,21.564,odom_x,/odom,1.1052775191779387,0.5
8402ee7a-2186-4cd2-a772-e781413c05de,21.6,odom_x,/odom,1.1114810429462052,0.5
8402ee7a-2186-4cd2-a772-e781413c05de,21.636000000000003,odom_x,/odom,1.1176725800883907,0.5
8402ee7a-2186-4cd2-a772-e781413c05de,21.672,odom_x,/odom,1.123863111474221,0.5
8402ee7a-2186-4cd2-a772-e781413c05de,21.708000000000002,odom_x,/odom,1.129993401394152,0.5
8402ee7a-2186-4cd2-a772-e781413c05de,21.744,odom_x,/odom,1.1361737331263095,0.5
8402ee7a-2186-4cd2-a772-e781413c05de,21.78,odom_x,/odom,1.1423605645929078,0.5
8402ee7a-2186-4cd2-a772-e781413c05de,21.816000000000003,odom_x,/odom,1.148457863025166,0.5
8402ee7a-2186-4cd2-a772-e781413c05de,21.852,odom_x,/odom,1.1546788368531367,0.5
8402ee7a-2186-4cd2-a772-e781413c05de,21.888,odom_x,/odom,1.1608550500239414,0.5
8402ee7a-2186-4cd2-a772-e781413c05de,21.924000000000003,odom_x,/odom,1.167005759911931,0.5
8402ee7a-2186-4cd2-a772-e781413c05de,21.96,odom_x,/odom,1.1731242423905475,0.5
8402ee7a-2186-4cd2-a772-e781413c05de,21.996000000000002,odom_x,/odom,1.1791832498234842,0.5
8402ee7a-2186-4cd2-a772-e781413c05de,22.032,odom_x,/odom,1.1852378956985694,0.5
8402ee7a-2186-4cd2-a772-e781413c05de,22.068,odom_x,/odom,1.1914057078152875,0.5
8402ee7a-2186-4cd2-a772-e781413c05de,22.104000000000003,odom_x,/odom,1.1976836669559483,0.5
8402ee7a-2186-4cd2-a772-e781413c05de,22.14,odom_x,/odom,1.204016867454106,0.5
8402ee7a-2186-4cd2-a772-e781413c05de,22.176000000000002,odom_x,/odom,1.2103665478005614,0.5
8402ee7a-2186-4cd2-a772-e781413c05de,22.212,odom_x,/odom,1.216798259918477,0.5
8402ee7a-2186-4cd2-a772-e781413c05de,22.248,odom_x,/odom,1.2232070908624129,0.5
8402ee7a-2186-4cd2-a772-e781413c05de,22.284000000000002,odom_x,/odom,1.2295791373227167,0.5
8402ee7a-2186-4cd2-a772-e781413c05de,22.32,odom_x,/odom,1.2359490826538209,0.5
8402ee7a-2186-4cd2-a772-e781413c05de,22.356,odom_x,/odom,1.2423816513706447,0.5
8402ee7a-2186-4cd2-a772-e781413c05de,22.392000000000003,odom_x,/odom,1.248819162854587,0.5
8402ee7a-2186-4cd2-a772-e781413c05de,22.428,odom_x,/odom,1.2552565788156684,0.5
8402ee7a-2186-4cd2-a772-e781413c05de,22.464000000000002,odom_x,/odom,1.261610179977455,0.5
8402ee7a-2186-4cd2-a772-e781413c05de,22.5,odom_x,/odom,1.267841224220606,0.5
8402ee7a-2186-4cd2-a772-e781413c05de,22.536,odom_x,/odom,1.273926658816585,0.5
8402ee7a-2186-4cd2-a772-e781413c05de,22.572000000000003,odom_x,/odom,1.2800026379825369,0.5
8402ee7a-2186-4cd2-a772-e781413c05de,22.608,odom_x,/odom,1.2861830939820067,0.5
8402ee7a-2186-4cd2-a772-e781413c05de,22.644000000000002,odom_x,/odom,1.2924578495563752,0.5
8402ee7a-2186-4cd2-a772-e781413c05de,22.68,odom_x,/odom,1.2987377103101534,0.5
8402ee7a-2186-4cd2-a772-e781413c05de,22.716,odom_x,/odom,1.3048667206952183,0.5
8402ee7a-2186-4cd2-a772-e781413c05de,22.752000000000002,odom_x,/odom,1.311012988804643,0.5
8402ee7a-2186-4cd2-a772-e781413c05de,22.788,odom_x,/odom,1.3171788614483142,0.5
8402ee7a-2186-4cd2-a772-e781413c05de,22.824,odom_x,/odom,1.3233488546614127,0.5
8402ee7a-2186-4cd2-a772-e781413c05de,22.860000000000003,odom_x,/odom,1.3295853291329907,0.5
8402ee7a-2186-4cd2-a772-e781413c05de,22.896,odom_x,/odom,1.3357516548970045,0.5
8402ee7a-2186-4cd2-a772-e781413c05de,22.932000000000002,odom_x,/odom,1.3419096018106236,0.5
8402ee7a-2186-4cd2-a772-e781413c05de,22.968,odom_x,/odom,1.3480173756798384,0.5
8402ee7a-2186-4cd2-a772-e781413c05de,23.004,odom_x,/odom,1.3542171345912928,0.5
8402ee7a-2186-4cd2-a772-e781413c05de,23.040000000000003,odom_x,/odom,1.3605192415685672,0.5
8402ee7a-2186-4cd2-a772-e781413c05de,23.076,odom_x,/odom,1.3668527146478366,0.5
8402ee7a-2186-4cd2-a772-e781413c05de,23.112000000000002,odom_x,/odom,1.3730997967362168,0.5
8402ee7a-2186-4cd2-a772-e781413c05de,23.148,odom_x,/odom,1.3794810883026278,0.5
8402ee7a-2186-4cd2-a772-e781413c05de,23.184,odom_x,/odom,1.3860439162446445,0.5
8402ee7a-2186-4cd2-a772-e781413c05de,23.220000000000002,odom_x,/odom,1.3926197991111011,0.5
8402ee7a-2186-4cd2-a772-e781413c05de,23.256,odom_x,/odom,1.3988943204143134,0.5
8402ee7a-2186-4cd2-a772-e781413c05de,23.292,odom_x,/odom,1.4050978592326104,0.5
8402ee7a-2186-4cd2-a772-e781413c05de,23.328000000000003,odom_x,/odom,1.411301123949168,0.5
8402ee7a-2186-4cd2-a772-e781413c05de,23.364,odom_x,/odom,1.4175376973968075,0.5
8402ee7a-2186-4cd2-a772-e781413c05de,23.400000000000002,odom_x,/odom,1.4237623879165984,0.5
8402ee7a-2186-4cd2-a772-e781413c05de,23.436,odom_x,/odom,1.4298864060997603,0.5
8402ee7a-2186-4cd2-a772-e781413c05de,23.472,odom_x,/odom,1.436001822876981,0.5
8402ee7a-2186-4cd2-a772-e781413c05de,23.511000000000003,odom_x,/odom,1.4422374865865122,0.5
8402ee7a-2186-4cd2-a772-e781413c05de,23.544,odom_x,/odom,1.4486211156397584,0.5
8402ee7a-2186-4cd2-a772-e781413c05de,23.580000000000002,odom_x,/odom,1.4550142136128743,0.5
8402ee7a-2186-4cd2-a772-e781413c05de,23.616000000000003,odom_x,/odom,1.4612330836399594,0.5
8402ee7a-2186-4cd2-a772-e781413c05de,23.652,odom_x,/odom,1.4674803907631753,0.5
8402ee7a-2186-4cd2-a772-e781413c05de,23.688000000000002,odom_x,/odom,1.4737454358050308,0.5
8402ee7a-2186-4cd2-a772-e781413c05de,23.724,odom_x,/odom,1.4800129011265182,0.5
8402ee7a-2186-4cd2-a772-e781413c05de,23.76,odom_x,/odom,1.486405880315696,0.5
8402ee7a-2186-4cd2-a772-e781413c05de,23.796000000000003,odom_x,/odom,1.492846411498496,0.5
8402ee7a-2186-4cd2-a772-e781413c05de,23.832,odom_x,/odom,1.4992867979222686,0.5
8402ee7a-2186-4cd2-a772-e781413c05de,23.868000000000002,odom_x,/odom,1.5057241412457087,0.5
8402ee7a-2186-4cd2-a772-e781413c05de,23.904,odom_x,/odom,1.5120826587139455,0.5
8402ee7a-2186-4cd2-a772-e781413c05de,23.94,odom_x,/odom,1.5184959233817212,0.5
8402ee7a-2186-4cd2-a772-e781413c05de,23.976000000000003,odom_x,/odom,1.5249297718430699,0.5
8402ee7a-2186-4cd2-a772-e781413c05de,24.012,odom_x,/odom,1.5314779380564738,0.5
8402ee7a-2186-4cd2-a772-e781413c05de,24.048000000000002,odom_x,/odom,1.538018562682187,0.5
8402ee7a-2186-4cd2-a772-e781413c05de,24.084000000000003,odom_x,/odom,1.5444924463505805,0.5
8402ee7a-2186-4cd2-a772-e781413c05de,24.12,odom_x,/odom,1.550961268788358,0.5
8402ee7a-2186-4cd2-a772-e781413c05de,24.156000000000002,odom_x,/odom,1.557364029842459,0.5
8402ee7a-2186-4cd2-a772-e781413c05de,24.192,odom_x,/odom,1.5637426804529315,0.5
8402ee7a-2186-4cd2-a772-e781413c05de,24.228,odom_x,/odom,1.5701176777553019,0.5
8402ee7a-2186-4cd2-a772-e781413c05de,24.264000000000003,odom_x,/odom,1.5765988383075042,0.5
8402ee7a-2186-4cd2-a772-e781413c05de,24.3,odom_x,/odom,1.5832416549409738,0.5
8402ee7a-2186-4cd2-a772-e781413c05de,24.336000000000002,odom_x,/odom,1.5899108927308165,0.5
8402ee7a-2186-4cd2-a772-e781413c05de,24.372,odom_x,/odom,1.5965768345960434,0.5
8402ee7a-2186-4cd2-a772-e781413c05de,24.411,odom_x,/odom,1.6031371503840177,0.5
8402ee7a-2186-4cd2-a772-e781413c05de,24.444000000000003,odom_x,/odom,1.6097527474865505,0.5
8402ee7a-2186-4cd2-a772-e781413c05de,24.48,odom_x,/odom,1.6163769098891856,0.5
8402ee7a-2186-4cd2-a772-e781413c05de,24.516000000000002,odom_x,/odom,1.6228609844491058,0.5
8402ee7a-2186-4cd2-a772-e781413c05de,24.552000000000003,odom_x,/odom,1.6292722661218082,0.5
8402ee7a-2186-4cd2-a772-e781413c05de,24.588,odom_x,/odom,1.6356971135767575,0.5
8402ee7a-2186-4cd2-a772-e781413c05de,24.624000000000002,odom_x,/odom,1.6421301562314792,0.5
8402ee7a-2186-4cd2-a772-e781413c05de,24.66,odom_x,/odom,1.648646226858351,0.5
8402ee7a-2186-4cd2-a772-e781413c05de,24.696,odom_x,/odom,1.6552499358963395,0.5
8402ee7a-2186-4cd2-a772-e781413c05de,24.732000000000003,odom_x,/odom,1.6618590478443416,0.5
8402ee7a-2186-4cd2-a772-e781413c05de,24.768,odom_x,/odom,1.6684018067732413,0.5
8402ee7a-2186-4cd2-a772-e781413c05de,24.804000000000002,odom_x,/odom,1.6749039031929525,0.5
8402ee7a-2186-4cd2-a772-e781413c05de,24.84,odom_x,/odom,1.6814977463846377,0.5
8402ee7a-2186-4cd2-a772-e781413c05de,24.876,odom_x,/odom,1.688124292478952,0.5
8402ee7a-2186-4cd2-a772-e781413c05de,24.912000000000003,odom_x,/odom,1.6948402639185995,0.5
8402ee7a-2186-4cd2-a772-e781413c05de,24.948,odom_x,/odom,1.7014454756684614,0.5
8402ee7a-2186-4cd2-a772-e781413c05de,24.984,odom_x,/odom,1.7080737248365756,0.5
8402ee7a-2186-4cd2-a772-e781413c05de,25.020000000000003,odom_x,/odom,1.7147086764132562,0.5
8402ee7a-2186-4cd2-a772-e781413c05de,25.056,odom_x,/odom,1.721393660344689,0.5
8402ee7a-2186-4cd2-a772-e781413c05de,25.092000000000002,odom_x,/odom,1.7280284793682972,0.5
8402ee7a-2186-4cd2-a772-e781413c05de,25.128,odom_x,/odom,1.7346522647212381,0.5
8402ee7a-2186-4cd2-a772-e781413c05de,25.164,odom_x,/odom,1.7413469843493579,0.5
8402ee7a-2186-4cd2-a772-e781413c05de,25.200000000000003,odom_x,/odom,1.7481627542505294,0.5
8402ee7a-2186-4cd2-a772-e781413c05de,25.236,odom_x,/odom,1.754955999814625,0.5
8402ee7a-2186-4cd2-a772-e781413c05de,25.272000000000002,odom_x,/odom,1.761743069225186,0.5
8402ee7a-2186-4cd2-a772-e781413c05de,25.311,odom_x,/odom,1.768635766337581,0.5
8402ee7a-2186-4cd2-a772-e781413c05de,25.344,odom_x,/odom,1.7754926955223886,0.5
8402ee7a-2186-4cd2-a772-e781413c05de,25.380000000000003,odom_x,/odom,1.782342657139889,0.5
8402ee7a-2186-4cd2-a772-e781413c05de,25.416,odom_x,/odom,1.7892753310650227,0.5
8402ee7a-2186-4cd2-a772-e781413c05de,25.452,odom_x,/odom,1.7960749789618813,0.5
8402ee7a-2186-4cd2-a772-e781413c05de,25.488000000000003,odom_x,/odom,1.8028219931926506,0.5
8402ee7a-2186-4cd2-a772-e781413c05de,25.524,odom_x,/odom,1.8095630496292252,0.5
8402ee7a-2186-4cd2-a772-e781413c05de,25.560000000000002,odom_x,/odom,1.8164004133680107,0.5
8402ee7a-2186-4cd2-a772-e781413c05de,25.596,odom_x,/odom,1.8232875585965684,0.5
8402ee7a-2186-4cd2-a772-e781413c05de,25.632,odom_x,/odom,1.8301759805700857,0.5
8402ee7a-2186-4cd2-a772-e781413c05de,25.668000000000003,odom_x,/odom,1.8370543478822003,0.5
8402ee7a-2186-4cd2-a772-e781413c05de,25.704,odom_x,/odom,1.8439470638335553,0.5
8402ee7a-2186-4cd2-a772-e781413c05de,25.740000000000002,odom_x,/odom,1.8508112412535414,0.5
8402ee7a-2186-4cd2-a772-e781413c05de,25.776000000000003,odom_x,/odom,1.8576652267020843,0.5
8402ee7a-2186-4cd2-a772-e781413c05de,25.812,odom_x,/odom,1.864482428294048,0.5
8402ee7a-2186-4cd2-a772-e781413c05de,25.848000000000003,odom_x,/odom,1.8712442168602137,0.5
8402ee7a-2186-4cd2-a772-e781413c05de,25.884,odom_x,/odom,1.8778429030941914,0.5
8402ee7a-2186-4cd2-a772-e781413c05de,25.92,odom_x,/odom,1.8844229081068689,0.5
8402ee7a-2186-4cd2-a772-e781413c05de,25.956000000000003,odom_x,/odom,1.8910369420589335,0.5
8402ee7a-2186-4cd2-a772-e781413c05de,25.992,odom_x,/odom,1.8977675112012784,0.5
8402ee7a-2186-4cd2-a772-e781413c05de,26.028000000000002,odom_x,/odom,1.9045238692439683,0.5
8402ee7a-2186-4cd2-a772-e781413c05de,26.064,odom_x,/odom,1.911348729858333,0.5
8402ee7a-2186-4cd2-a772-e781413c05de,26.1,odom_x,/odom,1.918098422408234,0.5
8402ee7a-2186-4cd2-a772-e781413c05de,26.136000000000003,odom_x,/odom,1.9247540486613102,0.5
8402ee7a-2186-4cd2-a772-e781413c05de,26.172,odom_x,/odom,1.931403661891759,0.5
8402ee7a-2186-4cd2-a772-e781413c05de,26.211000000000002,odom_x,/odom,1.9379959582425141,0.5
8402ee7a-2186-4cd2-a772-e781413c05de,26.244000000000003,odom_x,/odom,1.9446473756183715,0.5
8402ee7a-2186-4cd2-a772-e781413c05de,26.28,odom_x,/odom,1.9513060003676035,0.5
8402ee7a-2186-4cd2-a772-e781413c05de,26.316000000000003,odom_x,/odom,1.9580913670164368,0.5
8402ee7a-2186-4cd2-a772-e781413c05de,26.352,odom_x,/odom,1.9648187788546425,0.5
8402ee7a-2186-4cd2-a772-e781413c05de,26.388,odom_x,/odom,1.9715228787554782,0.5
8402ee7a-2186-4cd2-a772-e781413c05de,26.424000000000003,odom_x,/odom,1.978224091838748,0.5
8402ee7a-2186-4cd2-a772-e781413c05de,26.46,odom_x,/odom,1.9849544276419353,0.5
8402ee7a-2186-4cd2-a772-e781413c05de,26.496000000000002,odom_x,/odom,1.9915503707515076,0.5
8402ee7a-2186-4cd2-a772-e781413c05de,26.532,odom_x,/odom,1.9980561477055347,0.5
8402ee7a-2186-4cd2-a772-e781413c05de,26.568,odom_x,/odom,2.004608956698762,0.5
8402ee7a-2186-4cd2-a772-e781413c05de,26.604000000000003,odom_x,/odom,2.011146461973652,0.5
8402ee7a-2186-4cd2-a772-e781413c05de,26.64,odom_x,/odom,2.01767970140334,0.5
8402ee7a-2186-4cd2-a772-e781413c05de,26.676000000000002,odom_x,/odom,2.0242124103414123,0.5
8402ee7a-2186-4cd2-a772-e781413c05de,26.712000000000003,odom_x,/odom,2.0305984970992177,0.5
8402ee7a-2186-4cd2-a772-e781413c05de,26.748,odom_x,/odom,2.036886468405878,0.5
8402ee7a-2186-4cd2-a772-e781413c05de,26.784000000000002,odom_x,/odom,2.043115587259436,0.5
8402ee7a-2186-4cd2-a772-e781413c05de,26.82,odom_x,/odom,2.0493411296097532,0.5
8402ee7a-2186-4cd2-a772-e781413c05de,26.856,odom_x,/odom,2.055610720408188,0.5
8402ee7a-2186-4cd2-a772-e781413c05de,26.892000000000003,odom_x,/odom,2.0617695978824138,0.5
8402ee7a-2186-4cd2-a772-e781413c05de,26.928,odom_x,/odom,2.0679021916139635,0.5
8402ee7a-2186-4cd2-a772-e781413c05de,26.964000000000002,odom_x,/odom,2.0741084172147923,0.5
8402ee7a-2186-4cd2-a772-e781413c05de,27.0,odom_x,/odom,2.0802111044872067,0.5
8402ee7a-2186-4cd2-a772-e781413c05de,27.036,odom_x,/odom,2.0862766531398185,0.5
8402ee7a-2186-4cd2-a772-e781413c05de,27.072000000000003,odom_x,/odom,2.0923426647096424,0.5
8402ee7a-2186-4cd2-a772-e781413c05de,27.108,odom_x,/odom,2.098394775139275,0.5
8402ee7a-2186-4cd2-a772-e781413c05de,27.144000000000002,odom_x,/odom,2.104412597511955,0.5
8402ee7a-2186-4cd2-a772-e781413c05de,27.180000000000003,odom_x,/odom,2.1104278406703734,0.5
8402ee7a-2186-4cd2-a772-e781413c05de,27.216,odom_x,/odom,2.116410451275842,0.5
8402ee7a-2186-4cd2-a772-e781413c05de,27.252000000000002,odom_x,/odom,2.1223428551836236,0.5
8402ee7a-2186-4cd2-a772-e781413c05de,27.288,odom_x,/odom,2.1282869950522443,0.5
8402ee7a-2186-4cd2-a772-e781413c05de,27.324,odom_x,/odom,2.1342382794887556,0.5
8402ee7a-2186-4cd2-a772-e781413c05de,27.360000000000003,odom_x,/odom,2.1402547818699125,0.5
8402ee7a-2186-4cd2-a772-e781413c05de,27.396,odom_x,/odom,2.1462663346746953,0.5
8402ee7a-2186-4cd2-a772-e781413c05de,27.432000000000002,odom_x,/odom,2.1522755780387683,0.5
8402ee7a-2186-4cd2-a772-e781413c05de,27.468,odom_x,/odom,2.1582965398984433,0.5
8402ee7a-2186-4cd2-a772-e781413c05de,27.504,odom_x,/odom,2.164285681434937,0.5
8402ee7a-2186-4cd2-a772-e781413c05de,27.540000000000003,odom_x,/odom,2.170190894402219,0.5
8402ee7a-2186-4cd2-a772-e781413c05de,27.576,odom_x,/odom,2.1760692725636055,0.5
8402ee7a-2186-4cd2-a772-e781413c05de,27.612000000000002,odom_x,/odom,2.1818424071356226,0.5
8402ee7a-2186-4cd2-a772-e781413c05de,27.648000000000003,odom_x,/odom,2.1875969639951025,0.5
8402ee7a-2186-4cd2-a772-e781413c05de,27.684,odom_x,/odom,2.1933288341976622,0.5
8402ee7a-2186-4cd2-a772-e781413c05de,27.720000000000002,odom_x,/odom,2.199058551975966,0.5
8402ee7a-2186-4cd2-a772-e781413c05de,27.756,odom_x,/odom,2.204779822607103,0.5
8402ee7a-2186-4cd2-a772-e781413c05de,27.792,odom_x,/odom,2.210563154943259,0.5
8402ee7a-2186-4cd2-a772-e781413c05de,27.828000000000003,odom_x,/odom,2.216359097900361,0.5
8402ee7a-2186-4cd2-a772-e781413c05de,27.864,odom_x,/odom,2.2221477550350657,0.5
8402ee7a-2186-4cd2-a772-e781413c05de,27.900000000000002,odom_x,/odom,2.2279368614082293,0.5
8402ee7a-2186-4cd2-a772-e781413c05de,27.936000000000003,odom_x,/odom,2.233579065484342,0.5
8402ee7a-2186-4cd2-a772-e781413c05de,27.972,odom_x,/odom,2.239202760777098,0.5
8402ee7a-2186-4cd2-a772-e781413c05de,28.011000000000003,odom_x,/odom,2.244778600853862,0.5
8402ee7a-2186-4cd2-a772-e781413c05de,28.044,odom_x,/odom,2.250307688613735,0.5
8402ee7a-2186-4cd2-a772-e781413c05de,28.080000000000002,odom_x,/odom,2.255834062099783,0.5
8402ee7a-2186-4cd2-a772-e781413c05de,28.116000000000003,odom_x,/odom,2.26130108194875,0.5
8402ee7a-2186-4cd2-a772-e781413c05de,28.152,odom_x,/odom,2.266766023040665,0.5
8402ee7a-2186-4cd2-a772-e781413c05de,28.188000000000002,odom_x,/odom,2.2721765673354994,0.5
8402ee7a-2186-4cd2-a772-e781413c05de,28.224,odom_x,/odom,2.2775687677932672,0.5
8402ee7a-2186-4cd2-a772-e781413c05de,28.26,odom_x,/odom,2.2830568108215603,0.5
8402ee7a-2186-4cd2-a772-e781413c05de,28.296000000000003,odom_x,/odom,2.2884862372845323,0.5
8402ee7a-2186-4cd2-a772-e781413c05de,28.332,odom_x,/odom,2.2939072141898245,0.5
8402ee7a-2186-4cd2-a772-e781413c05de,28.368000000000002,odom_x,/odom,2.299240941809849,0.5
8402ee7a-2186-4cd2-a772-e781413c05de,28.404000000000003,odom_x,/odom,2.304404781126717,0.5
8402ee7a-2186-4cd2-a772-e781413c05de,28.44,odom_x,/odom,2.3095803821216383,0.5
8402ee7a-2186-4cd2-a772-e781413c05de,28.476000000000003,odom_x,/odom,2.3147644995928784,0.5
8402ee7a-2186-4cd2-a772-e781413c05de,28.512,odom_x,/odom,2.31991084308102,0.5
8402ee7a-2186-4cd2-a772-e781413c05de,28.548000000000002,odom_x,/odom,2.3249966241799442,0.5
8402ee7a-2186-4cd2-a772-e781413c05de,28.584000000000003,odom_x,/odom,2.3302251273123886,0.5
8402ee7a-2186-4cd2-a772-e781413c05de,28.62,odom_x,/odom,2.335474891467051,0.5
8402ee7a-2186-4cd2-a772-e781413c05de,28.656000000000002,odom_x,/odom,2.340615551126953,0.5
8402ee7a-2186-4cd2-a772-e781413c05de,28.692,odom_x,/odom,2.345730265733021,0.5
8402ee7a-2186-4cd2-a772-e781413c05de,28.728,odom_x,/odom,2.350841962456884,0.5
8402ee7a-2186-4cd2-a772-e781413c05de,28.764000000000003,odom_x,/odom,2.3558934059821217,0.5
8402ee7a-2186-4cd2-a772-e781413c05de,28.8,odom_x,/odom,2.361004859444233,0.5
8402ee7a-2186-4cd2-a772-e781413c05de,28.836000000000002,odom_x,/odom,2.3661462345450484,0.5
8402ee7a-2186-4cd2-a772-e781413c05de,28.872000000000003,odom_x,/odom,2.371288315122115,0.5
8402ee7a-2186-4cd2-a772-e781413c05de,28.911,odom_x,/odom,2.3764120887216187,0.5
8402ee7a-2186-4cd2-a772-e781413c05de,28.944000000000003,odom_x,/odom,2.381456641862829,0.5
8402ee7a-2186-4cd2-a772-e781413c05de,28.98,odom_x,/odom,2.386494505500711,0.5
8402ee7a-2186-4cd2-a772-e781413c05de,29.016000000000002,odom_x,/odom,2.3914986967144434,0.5
8402ee7a-2186-4cd2-a772-e781413c05de,29.052000000000003,odom_x,/odom,2.396500499023527,0.5
8402ee7a-2186-4cd2-a772-e781413c05de,29.088,odom_x,/odom,2.4013993079368308,0.5
8402ee7a-2186-4cd2-a772-e781413c05de,29.124000000000002,odom_x,/odom,2.4062600267940164,0.5
8402ee7a-2186-4cd2-a772-e781413c05de,29.16,odom_x,/odom,2.411197027267115,0.5
8402ee7a-2186-4cd2-a772-e781413c05de,29.196,odom_x,/odom,2.4159844841334506,0.5
8402ee7a-2186-4cd2-a772-e781413c05de,29.232000000000003,odom_x,/odom,2.4207477929413757,0.5
8402ee7a-2186-4cd2-a772-e781413c05de,29.268,odom_x,/odom,2.425616759128877,0.5
8402ee7a-2186-4cd2-a772-e781413c05de,29.304000000000002,odom_x,/odom,2.4305557281504924,0.5
8402ee7a-2186-4cd2-a772-e781413c05de,29.340000000000003,odom_x,/odom,2.4355776687970216,0.5
8402ee7a-2186-4cd2-a772-e781413c05de,29.376,odom_x,/odom,2.4406263671826682,0.5
8402ee7a-2186-4cd2-a772-e781413c05de,29.412000000000003,odom_x,/odom,2.445570001458621,0.5
8402ee7a-2186-4cd2-a772-e781413c05de,29.448,odom_x,/odom,2.450411588074425,0.5
8402ee7a-2186-4cd2-a772-e781413c05de,29.484,odom_x,/odom,2.455186846354866,0.5
8402ee7a-2186-4cd2-a772-e781413c05de,29.520000000000003,odom_x,/odom,2.4599585111101243,0.5
8402ee7a-2186-4cd2-a772-e781413c05de,29.556,odom_x,/odom,2.4647373965597437,0.5
8402ee7a-2186-4cd2-a772-e781413c05de,29.592000000000002,odom_x,/odom,2.469596557019842,0.5
8402ee7a-2186-4cd2-a772-e781413c05de,29.628,odom_x,/odom,2.47447165299555,0.5
8402ee7a-2186-4cd2-a772-e781413c05de,29.664,odom_x,/odom,2.479315356428961,0.5
8402ee7a-2186-4cd2-a772-e781413c05de,29.700000000000003,odom_x,/odom,2.4843005312044055,0.5
8402ee7a-2186-4cd2-a772-e781413c05de,29.736,odom_x,/odom,2.489342815378958,0.5
8402ee7a-2186-4cd2-a772-e781413c05de,29.772000000000002,odom_x,/odom,2.4943842952112263,0.5
8402ee7a-2186-4cd2-a772-e781413c05de,29.808000000000003,odom_x,/odom,2.4993833470645788,0.5
8402ee7a-2186-4cd2-a772-e781413c05de,29.844,odom_x,/odom,2.5042686758333317,0.5
8402ee7a-2186-4cd2-a772-e781413c05de,29.880000000000003,odom_x,/odom,2.5091448318450222,0.5
8402ee7a-2186-4cd2-a772-e781413c05de,29.916,odom_x,/odom,2.514101880967636,0.5
8402ee7a-2186-4cd2-a772-e781413c05de,29.952,odom_x,/odom,2.519010661366299,0.5
8402ee7a-2186-4cd2-a772-e781413c05de,29.988000000000003,odom_x,/odom,2.5239344370388146,0.5
8402ee7a-2186-4cd2-a772-e781413c05de,30.024,odom_x,/odom,2.528866860020177,0.5
8402ee7a-2186-4cd2-a772-e781413c05de,30.060000000000002,odom_x,/odom,2.533731814749347,0.5
8402ee7a-2186-4cd2-a772-e781413c05de,30.096000000000004,odom_x,/odom,2.5383684688892556,0.5
8402ee7a-2186-4cd2-a772-e781413c05de,30.132,odom_x,/odom,2.542972483214853,0.5
8402ee7a-2186-4cd2-a772-e781413c05de,30.168000000000003,odom_x,/odom,2.5474213444794827,0.5
8402ee7a-2186-4cd2-a772-e781413c05de,30.204,odom_x,/odom,2.5517454407592095,0.5
8402ee7a-2186-4cd2-a772-e781413c05de,30.240000000000002,odom_x,/odom,2.5560139831461512,0.5
8402ee7a-2186-4cd2-a772-e781413c05de,30.276000000000003,odom_x,/odom,2.560265795934885,0.5
8402ee7a-2186-4cd2-a772-e781413c05de,30.312,odom_x,/odom,2.5644584162009507,0.5
8402ee7a-2186-4cd2-a772-e781413c05de,30.348000000000003,odom_x,/odom,2.568647461929728,0.5
8402ee7a-2186-4cd2-a772-e781413c05de,30.384,odom_x,/odom,2.572744948226099,0.5
8402ee7a-2186-4cd2-a772-e781413c05de,30.42,odom_x,/odom,2.5768337969564703,0.5
8402ee7a-2186-4cd2-a772-e781413c05de,30.456000000000003,odom_x,/odom,2.580976034757609,0.5
8402ee7a-2186-4cd2-a772-e781413c05de,30.492,odom_x,/odom,2.5850908390973215,0.5
8402ee7a-2186-4cd2-a772-e781413c05de,30.528000000000002,odom_x,/odom,2.5891991337427864,0.5
8402ee7a-2186-4cd2-a772-e781413c05de,30.564000000000004,odom_x,/odom,2.593263310192856,0.5
8402ee7a-2186-4cd2-a772-e781413c05de,30.6,odom_x,/odom,2.59735125468314,0.5
8402ee7a-2186-4cd2-a772-e781413c05de,30.636000000000003,odom_x,/odom,2.6013864404146947,0.5
8402ee7a-2186-4cd2-a772-e781413c05de,30.672,odom_x,/odom,2.605415909301764,0.5
8402ee7a-2186-4cd2-a772-e781413c05de,30.711000000000002,odom_x,/odom,2.609390914910372,0.5
8402ee7a-2186-4cd2-a772-e781413c05de,30.744000000000003,odom_x,/odom,2.613300040341741,0.5
8402ee7a-2186-4cd2-a772-e781413c05de,30.78,odom_x,/odom,2.617204755555271,0.5
8402ee7a-2186-4cd2-a772-e781413c05de,30.816000000000003,odom_x,/odom,2.621054583583103,0.5
8402ee7a-2186-4cd2-a772-e781413c05de,30.852,odom_x,/odom,2.624873304542441,0.5
8402ee7a-2186-4cd2-a772-e781413c05de,30.888,odom_x,/odom,2.628675691537759,0.5
8402ee7a-2186-4cd2-a772-e781413c05de,30.924000000000003,odom_x,/odom,2.6324743352156283,0.5
8402ee7a-2186-4cd2-a772-e781413c05de,30.96,odom_x,/odom,2.636288797201404,0.5
8402ee7a-2186-4cd2-a772-e781413c05de,30.996000000000002,odom_x,/odom,2.640083547021637,0.5
8402ee7a-2186-4cd2-a772-e781413c05de,31.032000000000004,odom_x,/odom,2.6438760052965007,0.5
8402ee7a-2186-4cd2-a772-e781413c05de,31.068,odom_x,/odom,2.647582944202142,0.5
8402ee7a-2186-4cd2-a772-e781413c05de,31.104000000000003,odom_x,/odom,2.6512594963578846,0.5
8402ee7a-2186-4cd2-a772-e781413c05de,31.14,odom_x,/odom,2.654840571909808,0.5
8402ee7a-2186-4cd2-a772-e781413c05de,31.176000000000002,odom_x,/odom,2.658387412678505,0.5
8402ee7a-2186-4cd2-a772-e781413c05de,31.212000000000003,odom_x,/odom,2.6619531301286226,0.5
8402ee7a-2186-4cd2-a772-e781413c05de,31.248,odom_x,/odom,2.665537987192018,0.5
8402ee7a-2186-4cd2-a772-e781413c05de,31.284000000000002,odom_x,/odom,2.6691584329427256,0.5
8402ee7a-2186-4cd2-a772-e781413c05de,31.32,odom_x,/odom,2.6727816044612656,0.5
8402ee7a-2186-4cd2-a772-e781413c05de,31.356,odom_x,/odom,2.6763489224875063,0.5
8402ee7a-2186-4cd2-a772-e781413c05de,31.392000000000003,odom_x,/odom,2.679924662404003,0.5
8402ee7a-2186-4cd2-a772-e781413c05de,31.428,odom_x,/odom,2.68350305741462,0.5
8402ee7a-2186-4cd2-a772-e781413c05de,31.464000000000002,odom_x,/odom,2.6871468203080267,0.5
8402ee7a-2186-4cd2-a772-e781413c05de,31.500000000000004,odom_x,/odom,2.690742456821676,0.5
8402ee7a-2186-4cd2-a772-e781413c05de,31.536,odom_x,/odom,2.6943284156862433,0.5
8402ee7a-2186-4cd2-a772-e781413c05de,31.572000000000003,odom_x,/odom,2.6979151336852416,0.5
8402ee7a-2186-4cd2-a772-e781413c05de,31.611,odom_x,/odom,2.70154431782019,0.5
8402ee7a-2186-4cd2-a772-e781413c05de,31.644000000000002,odom_x,/odom,2.7051618215886637,0.5
8402ee7a-2186-4cd2-a772-e781413c05de,31.680000000000003,odom_x,/odom,2.7087769584791035,0.5
8402ee7a-2186-4cd2-a772-e781413c05de,31.716,odom_x,/odom,2.712313257475083,0.5
8402ee7a-2186-4cd2-a772-e781413c05de,31.752000000000002,odom_x,/odom,2.715751954819484,0.5
8402ee7a-2186-4cd2-a772-e781413c05de,31.788,odom_x,/odom,2.719192334382948,0.5
8402ee7a-2186-4cd2-a772-e781413c05de,31.824,odom_x,/odom,2.7226392938190975,0.5
8402ee7a-2186-4cd2-a772-e781413c05de,31.860000000000003,odom_x,/odom,2.725998712390757,0.5
8402ee7a-2186-4cd2-a772-e781413c05de,31.896,odom_x,/odom,2.7292569590410034,0.5
8402ee7a-2186-4cd2-a772-e781413c05de,31.932000000000002,odom_x,/odom,2.7325087479501344,0.5
8402ee7a-2186-4cd2-a772-e781413c05de,31.968000000000004,odom_x,/odom,2.7357014914484936,0.5
8402ee7a-2186-4cd2-a772-e781413c05de,32.004000000000005,odom_x,/odom,2.738977925087731,0.5
8402ee7a-2186-4cd2-a772-e781413c05de,32.04,odom_x,/odom,2.7421763940441877,0.5
8402ee7a-2186-4cd2-a772-e781413c05de,32.076,odom_x,/odom,2.7453434146905566,0.5
8402ee7a-2186-4cd2-a772-e781413c05de,32.112,odom_x,/odom,2.748496574248693,0.5
8402ee7a-2186-4cd2-a772-e781413c05de,32.148,odom_x,/odom,2.7516125615374434,0.5
8402ee7a-2186-4cd2-a772-e781413c05de,32.184000000000005,odom_x,/odom,2.7545710212440224,0.5
8402ee7a-2186-4cd2-a772-e781413c05de,32.22,odom_x,/odom,2.757511049838217,0.5
8402ee7a-2186-4cd2-a772-e781413c05de,32.256,odom_x,/odom,2.7604744862760633,0.5
8402ee7a-2186-4cd2-a772-e781413c05de,32.292,odom_x,/odom,2.763396537578975,0.5
8402ee7a-2186-4cd2-a772-e781413c05de,32.328,odom_x,/odom,2.7663098967104496,0.5
8402ee7a-2186-4cd2-a772-e781413c05de,32.364000000000004,odom_x,/odom,2.7692374218361047,0.5
8402ee7a-2186-4cd2-a772-e781413c05de,32.4,odom_x,/odom,2.772006638238209,0.5
8402ee7a-2186-4cd2-a772-e781413c05de,32.436,odom_x,/odom,2.774384365620723,0.5
8402ee7a-2186-4cd2-a772-e781413c05de,32.472,odom_x,/odom,2.7755211164548688,0.5
8402ee7a-2186-4cd2-a772-e781413c05de,32.511,odom_x,/odom,2.775612577767283,0.5
8402ee7a-2186-4cd2-a772-e781413c05de,32.544000000000004,odom_x,/odom,2.775612577767283,0.5
8402ee7a-2186-4cd2-a772-e781413c05de,32.580000000000005,odom_x,/odom,2.775612577767283,0.5
8402ee7a-2186-4cd2-a772-e781413c05de,32.616,odom_x,/odom,2.775612577767283,0.5
8402ee7a-2186-4cd2-a772-e781413c05de,32.652,odom_x,/odom,2.775612577767283,0.5
8402ee7a-2186-4cd2-a772-e781413c05de,32.688,odom_x,/odom,2.775612577767283,0.5
8402ee7a-2186-4cd2-a772-e781413c05de,32.724000000000004,odom_x,/odom,2.775612577767283,0.5
8402ee7a-2186-4cd2-a772-e781413c05de,32.760000000000005,odom_x,/odom,2.775612577767283,0.5
8402ee7a-2186-4cd2-a772-e781413c05de,32.796,odom_x,/odom,2.775612577767283,0.5
8402ee7a-2186-4cd2-a772-e781413c05de,32.832,odom_x,/odom,2.775612577767283,0.5
8402ee7a-2186-4cd2-a772-e781413c05de,32.868,odom_x,/odom,2.775612577767283,0.5
8402ee7a-2186-4cd2-a772-e781413c05de,32.904,odom_x,/odom,2.775612577767283,0.5
8402ee7a-2186-4cd2-a772-e781413c05de,32.940000000000005,odom_x,/odom,2.775612577767283,0.5
8402ee7a-2186-4cd2-a772-e781413c05de,32.976,odom_x,/odom,2.775612577767283,0.5
8402ee7a-2186-4cd2-a772-e781413c05de,33.012,odom_x,/odom,2.775612577767283,0.5
8402ee7a-2186-4cd2-a772-e781413c05de,33.048,odom_x,/odom,2.775612577767283,0.5
8402ee7a-2186-4cd2-a772-e781413c05de,33.084,odom_x,/odom,2.775612577767283,0.5
8402ee7a-2186-4cd2-a772-e781413c05de,13.104000000000001,odom_y,/odom,3.322722480791658e-16,0.5
8402ee7a-2186-4cd2-a772-e781413c05de,13.14,odom_y,/odom,3.3227224807916463e-16,0.5
8402ee7a-2186-4cd2-a772-e781413c05de,13.176,odom_y,/odom,3.322722480791642e-16,0.5
8402ee7a-2186-4cd2-a772-e781413c05de,13.212000000000002,odom_y,/odom,3.3227224807916517e-16,0.5
8402ee7a-2186-4cd2-a772-e781413c05de,13.248000000000001,odom_y,/odom,3.3227224807916443e-16,0.5
8402ee7a-2186-4cd2-a772-e781413c05de,13.284,odom_y,/odom,3.3227224807916443e-16,0.5
8402ee7a-2186-4cd2-a772-e781413c05de,13.32,odom_y,/odom,3.322722480791635e-16,0.5
8402ee7a-2186-4cd2-a772-e781413c05de,13.356000000000002,odom_y,/odom,3.322722480791628e-16,0.5
8402ee7a-2186-4cd2-a772-e781413c05de,13.392000000000001,odom_y,/odom,3.322722480791629e-16,0.5
8402ee7a-2186-4cd2-a772-e781413c05de,13.428,odom_y,/odom,3.322722480791622e-16,0.5
8402ee7a-2186-4cd2-a772-e781413c05de,13.464,odom_y,/odom,3.3227224807916123e-16,0.5
8402ee7a-2186-4cd2-a772-e781413c05de,13.5,odom_y,/odom,3.3227224807916093e-16,0.5
8402ee7a-2186-4cd2-a772-e781413c05de,13.536000000000001,odom_y,/odom,3.322722480791611e-16,0.5
8402ee7a-2186-4cd2-a772-e781413c05de,13.572000000000001,odom_y,/odom,3.322722480791599e-16,0.5
8402ee7a-2186-4cd2-a772-e781413c05de,13.611,odom_y,/odom,3.3227224807915985e-16,0.5
8402ee7a-2186-4cd2-a772-e781413c05de,13.644,odom_y,/odom,3.32272248079158e-16,0.5
8402ee7a-2186-4cd2-a772-e781413c05de,13.680000000000001,odom_y,/odom,3.3227224807915866e-16,0.5
8402ee7a-2186-4cd2-a772-e781413c05de,13.716000000000001,odom_y,/odom,3.322722480791576e-16,0.5
8402ee7a-2186-4cd2-a772-e781413c05de,13.752,odom_y,/odom,3.3227224807915807e-16,0.5
8402ee7a-2186-4cd2-a772-e781413c05de,13.788,odom_y,/odom,3.322722480791567e-16,0.5
8402ee7a-2186-4cd2-a772-e781413c05de,13.824000000000002,odom_y,/odom,3.322722480791554e-16,0.5
8402ee7a-2186-4cd2-a772-e781413c05de,13.860000000000001,odom_y,/odom,3.3227224807915536e-16,0.5
8402ee7a-2186-4cd2-a772-e781413c05de,13.896,odom_y,/odom,3.322722480791545e-16,0.5
8402ee7a-2186-4cd2-a772-e781413c05de,13.932,odom_y,/odom,3.32272248079153e-16,0.5
8402ee7a-2186-4cd2-a772-e781413c05de,13.968000000000002,odom_y,/odom,3.3227224807915176e-16,0.5
8402ee7a-2186-4cd2-a772-e781413c05de,14.004000000000001,odom_y,/odom,3.3227224807915014e-16,0.5
8402ee7a-2186-4cd2-a772-e781413c05de,14.040000000000001,odom_y,/odom,3.322722480791503e-16,0.5
8402ee7a-2186-4cd2-a772-e781413c05de,14.076,odom_y,/odom,3.322722480791501e-16,0.5
8402ee7a-2186-4cd2-a772-e781413c05de,14.112,odom_y,/odom,3.3227224807915e-16,0.5
8402ee7a-2186-4cd2-a772-e781413c05de,14.148000000000001,odom_y,/odom,3.32272248079149e-16,0.5
8402ee7a-2186-4cd2-a772-e781413c05de,14.184000000000001,odom_y,/odom,3.322722480791474e-16,0.5
8402ee7a-2186-4cd2-a772-e781413c05de,14.22,odom_y,/odom,3.322722480791463e-16,0.5
8402ee7a-2186-4cd2-a772-e781413c05de,14.256,odom_y,/odom,3.322722480791457e-16,0.5
8402ee7a-2186-4cd2-a772-e781413c05de,14.292000000000002,odom_y,/odom,3.32272248079145e-16,0.5
8402ee7a-2186-4cd2-a772-e781413c05de,14.328000000000001,odom_y,/odom,3.3227224807914343e-16,0.5
8402ee7a-2186-4cd2-a772-e781413c05de,14.364,odom_y,/odom,3.3227224807914294e-16,0.5
8402ee7a-2186-4cd2-a772-e781413c05de,14.4,odom_y,/odom,3.3227224807914205e-16,0.5
8402ee7a-2186-4cd2-a772-e781413c05de,14.436000000000002,odom_y,/odom,3.3227224807914146e-16,0.5
8402ee7a-2186-4cd2-a772-e781413c05de,14.472000000000001,odom_y,/odom,3.322722480791406e-16,0.5
8402ee7a-2186-4cd2-a772-e781413c05de,14.508000000000001,odom_y,/odom,3.3227224807913884e-16,0.5
8402ee7a-2186-4cd2-a772-e781413c05de,14.544,odom_y,/odom,3.3227224807913934e-16,0.5
8402ee7a-2186-4cd2-a772-e781413c05de,14.58,odom_y,/odom,3.322722480791386e-16,0.5
8402ee7a-2186-4cd2-a772-e781413c05de,14.616000000000001,odom_y,/odom,3.3227224807913845e-16,0.5
8402ee7a-2186-4cd2-a772-e781413c05de,14.652000000000001,odom_y,/odom,3.3227224807913806e-16,0.5
8402ee7a-2186-4cd2-a772-e781413c05de,14.688,odom_y,/odom,3.322722480791394e-16,0.5
8402ee7a-2186-4cd2-a772-e781413c05de,14.724,odom_y,/odom,3.322722480791392e-16,0.5
8402ee7a-2186-4cd2-a772-e781413c05de,14.760000000000002,odom_y,/odom,3.322722480791369e-16,0.5
8402ee7a-2186-4cd2-a772-e781413c05de,14.796000000000001,odom_y,/odom,4.9721584756055176e-08,0.5
8402ee7a-2186-4cd2-a772-e781413c05de,14.832,odom_y,/odom,3.04354701475018e-07,0.5
8402ee7a-2186-4cd2-a772-e781413c05de,14.868,odom_y,/odom,9.082351249352929e-07,0.5
8402ee7a-2186-4cd2-a772-e781413c05de,14.904000000000002,odom_y,/odom,1.7457390111217659e-06,0.5
8402ee7a-2186-4cd2-a772-e781413c05de,14.940000000000001,odom_y,/odom,-5.561135689735527e-07,0.5
8402ee7a-2186-4cd2-a772-e781413c05de,14.976,odom_y,/odom,-9.645131194194292e-06,0.5
8402ee7a-2186-4cd2-a772-e781413c05de,15.012,odom_y,/odom,-2.7354593965664172e-05,0.5
8402ee7a-2186-4cd2-a772-e781413c05de,15.048000000000002,odom_y,/odom,-5.5033523581740856e-05,0.5
8402ee7a-2186-4cd2-a772-e781413c05de,15.084000000000001,odom_y,/odom,-9.160352308863828e-05,0.5
8402ee7a-2186-4cd2-a772-e781413c05de,15.120000000000001,odom_y,/odom,-0.0001365709505768081,0.5
8402ee7a-2186-4cd2-a772-e781413c05de,15.156,odom_y,/odom,-0.00019032364454323533,0.5
8402ee7a-2186-4cd2-a772-e781413c05de,15.192,odom_y,/odom,-0.00025167177919118566,0.5
8402ee7a-2186-4cd2-a772-e781413c05de,15.228000000000002,odom_y,/odom,-0.00031999867570765156,0.5
8402ee7a-2186-4cd2-a772-e781413c05de,15.264000000000001,odom_y,/odom,-0.00039765810260025046,0.5
8402ee7a-2186-4cd2-a772-e781413c05de,15.3,odom_y,/odom,-0.0004811012301505112,0.5
8402ee7a-2186-4cd2-a772-e781413c05de,15.336,odom_y,/odom,-0.0005732570325615153,0.5
8402ee7a-2186-4cd2-a772-e781413c05de,15.372000000000002,odom_y,/odom,-0.0006729504082953547,0.5
8402ee7a-2186-4cd2-a772-e781413c05de,15.411000000000001,odom_y,/odom,-0.0007786409642682513,0.5
8402ee7a-2186-4cd2-a772-e781413c05de,15.444,odom_y,/odom,-0.0008905871325282685,0.5
8402ee7a-2186-4cd2-a772-e781413c05de,15.48,odom_y,/odom,-0.0010099977400767116,0.5
8402ee7a-2186-4cd2-a772-e781413c05de,15.516000000000002,odom_y,/odom,-0.001138054865645035,0.5
8402ee7a-2186-4cd2-a772-e781413c05de,15.552000000000001,odom_y,/odom,-0.0012726185620851298,0.5
8402ee7a-2186-4cd2-a772-e781413c05de,15.588000000000001,odom_y,/odom,-0.0014182129990272499,0.5
8402ee7a-2186-4cd2-a772-e781413c05de,15.624,odom_y,/odom,-0.001572841326718247,0.5
8402ee7a-2186-4cd2-a772-e781413c05de,15.66,odom_y,/odom,-0.0017349809090030626,0.5
8402ee7a-2186-4cd2-a772-e781413c05de,15.696000000000002,odom_y,/odom,-0.0019076320410941871,0.5
8402ee7a-2186-4cd2-a772-e781413c05de,15.732000000000001,odom_y,/odom,-0.00208811589885635,0.5
8402ee7a-2186-4cd2-a772-e781413c05de,15.768,odom_y,/odom,-0.002278371663917427,0.5
8402ee7a-2186-4cd2-a772-e781413c05de,15.804,odom_y,/odom,-0.0024670968368124017,0.5
8402ee7a-2186-4cd2-a772-e781413c05de,15.840000000000002,odom_y,/odom,-0.002662434337924975,0.5
8402ee7a-2186-4cd2-a772-e781413c05de,15.876000000000001,odom_y,/odom,-0.0028649965301251,0.5
8402ee7a-2186-4cd2-a772-e781413c05de,15.912,odom_y,/odom,-0.003071591042402567,0.5
8402ee7a-2186-4cd2-a772-e781413c05de,15.948,odom_y,/odom,-0.003283423972206715,0.5
8402ee7a-2186-4cd2-a772-e781413c05de,15.984000000000002,odom_y,/odom,-0.003503094249398647,0.5
8402ee7a-2186-4cd2-a772-e781413c05de,16.02,odom_y,/odom,-0.003729114825585336,0.5
8402ee7a-2186-4cd2-a772-e781413c05de,16.056,odom_y,/odom,-0.003963549308761711,0.5
8402ee7a-2186-4cd2-a772-e781413c05de,16.092000000000002,odom_y,/odom,-0.004210953112601852,0.5
8402ee7a-2186-4cd2-a772-e781413c05de,16.128,odom_y,/odom,-0.004465276850264355,0.5
8402ee7a-2186-4cd2-a772-e781413c05de,16.164,odom_y,/odom,-0.004733316810400772,0.5
8402ee7a-2186-4cd2-a772-e781413c05de,16.2,odom_y,/odom,-0.005001356037086255,0.5
8402ee7a-2186-4cd2-a772-e781413c05de,16.236,odom_y,/odom,-0.005275903998652584,0.5
8402ee7a-2186-4cd2-a772-e781413c05de,16.272000000000002,odom_y,/odom,-0.005558226148419134,0.5
8402ee7a-2186-4cd2-a772-e781413c05de,16.308,odom_y,/odom,-0.005851229010036254,0.5
8402ee7a-2186-4cd2-a772-e781413c05de,16.344,odom_y,/odom,-0.0061589314492464815,0.5
8402ee7a-2186-4cd2-a772-e781413c05de,16.380000000000003,odom_y,/odom,-0.006473186588747485,0.5
8402ee7a-2186-4cd2-a772-e781413c05de,16.416,odom_y,/odom,-0.006785970501139142,0.5
8402ee7a-2186-4cd2-a772-e781413c05de,16.452,odom_y,/odom,-0.007107838061842507,0.5
8402ee7a-2186-4cd2-a772-e781413c05de,16.488,odom_y,/odom,-0.007443557336991042,0.5
8402ee7a-2186-4cd2-a772-e781413c05de,16.524,odom_y,/odom,-0.007787736474332752,0.5
8402ee7a-2186-4cd2-a772-e781413c05de,16.560000000000002,odom_y,/odom,-0.008140715803903407,0.5
8402ee7a-2186-4cd2-a772-e781413c05de,16.596,odom_y,/odom,-0.00849460468998632,0.5
8402ee7a-2186-4cd2-a772-e781413c05de,16.632,odom_y,/odom,-0.008853466219662404,0.5
8402ee7a-2186-4cd2-a772-e781413c05de,16.668000000000003,odom_y,/odom,-0.00922009197896978,0.5
8402ee7a-2186-4cd2-a772-e781413c05de,16.704,odom_y,/odom,-0.00959774631443511,0.5
8402ee7a-2186-4cd2-a772-e781413c05de,16.740000000000002,odom_y,/odom,-0.009975872511890409,0.5
8402ee7a-2186-4cd2-a772-e781413c05de,16.776,odom_y,/odom,-0.010357217966381048,0.5
8402ee7a-2186-4cd2-a772-e781413c05de,16.812,odom_y,/odom,-0.010741084268487551,0.5
8402ee7a-2186-4cd2-a772-e781413c05de,16.848000000000003,odom_y,/odom,-0.01113680396326468,0.5
8402ee7a-2186-4cd2-a772-e781413c05de,16.884,odom_y,/odom,-0.0115424017740734,0.5
8402ee7a-2186-4cd2-a772-e781413c05de,16.92,odom_y,/odom,-0.011949861459405528,0.5
8402ee7a-2186-4cd2-a772-e781413c05de,16.956,odom_y,/odom,-0.012368310128586153,0.5
8402ee7a-2186-4cd2-a772-e781413c05de,16.992,odom_y,/odom,-0.012796179212545819,0.5
8402ee7a-2186-4cd2-a772-e781413c05de,17.028000000000002,odom_y,/odom,-0.01322678868855346,0.5
8402ee7a-2186-4cd2-a772-e781413c05de,17.064,odom_y,/odom,-0.01365755808492613,0.5
8402ee7a-2186-4cd2-a772-e781413c05de,17.1,odom_y,/odom,-0.014090444497983703,0.5
8402ee7a-2186-4cd2-a772-e781413c05de,17.136000000000003,odom_y,/odom,-0.014511766954022572,0.5
8402ee7a-2186-4cd2-a772-e781413c05de,17.172,odom_y,/odom,-0.014932759878700788,0.5
8402ee7a-2186-4cd2-a772-e781413c05de,17.208000000000002,odom_y,/odom,-0.01535726132581661,0.5
8402ee7a-2186-4cd2-a772-e781413c05de,17.244,odom_y,/odom,-0.01578555333560151,0.5
8402ee7a-2186-4cd2-a772-e781413c05de,17.28,odom_y,/odom,-0.016215415148344053,0.5
8402ee7a-2186-4cd2-a772-e781413c05de,17.316000000000003,odom_y,/odom,-0.016650610002442806,0.5
8402ee7a-2186-4cd2-a772-e781413c05de,17.352,odom_y,/odom,-0.01708890921000123,0.5
8402ee7a-2186-4cd2-a772-e781413c05de,17.388,odom_y,/odom,-0.01754119052115148,0.5
8402ee7a-2186-4cd2-a772-e781413c05de,17.424,odom_y,/odom,-0.018002619121569835,0.5
8402ee7a-2186-4cd2-a772-e781413c05de,17.46,odom_y,/odom,-0.018471940098657456,0.5
8402ee7a-2186-4cd2-a772-e781413c05de,17.496000000000002,odom_y,/odom,-0.01895943057214768,0.5
8402ee7a-2186-4cd2-a772-e781413c05de,17.532,odom_y,/odom,-0.0194532660058855,0.5
8402ee7a-2186-4cd2-a772-e781413c05de,17.568,odom_y,/odom,-0.019966778494658693,0.5
8402ee7a-2186-4cd2-a772-e781413c05de,17.604000000000003,odom_y,/odom,-0.020499983679612855,0.5
8402ee7a-2186-4cd2-a772-e781413c05de,17.64,odom_y,/odom,-0.021030263820642162,0.5
8402ee7a-2186-4cd2-a772-e781413c05de,17.676000000000002,odom_y,/odom,-0.021564406862706834,0.5
8402ee7a-2186-4cd2-a772-e781413c05de,17.712,odom_y,/odom,-0.022096565006275777,0.5
8402ee7a-2186-4cd2-a772-e781413c05de,17.748,odom_y,/odom,-0.022623064415758117,0.5
8402ee7a-2186-4cd2-a772-e781413c05de,17.784000000000002,odom_y,/odom,-0.023147532631460355,0.5
8402ee7a-2186-4cd2-a772-e781413c05de,17.82,odom_y,/odom,-0.023672391459820787,0.5
8402ee7a-2186-4cd2-a772-e781413c05de,17.856,odom_y,/odom,-0.024209725961911288,0.5
8402ee7a-2186-4cd2-a772-e781413c05de,17.892,odom_y,/odom,-0.024754721831580565,0.5
8402ee7a-2186-4cd2-a772-e781413c05de,17.928,odom_y,/odom,-0.025302302432930104,0.5
8402ee7a-2186-4cd2-a772-e781413c05de,17.964000000000002,odom_y,/odom,-0.025844682820328372,0.5
8402ee7a-2186-4cd2-a772-e781413c05de,18.0,odom_y,/odom,-0.026398621484481615,0.5
8402ee7a-2186-4cd2-a772-e781413c05de,18.036,odom_y,/odom,-0.02694251284012786,0.5
8402ee7a-2186-4cd2-a772-e781413c05de,18.072000000000003,odom_y,/odom,-0.02748444565230802,0.5
8402ee7a-2186-4cd2-a772-e781413c05de,18.111,odom_y,/odom,-0.028034370960299895,0.5
8402ee7a-2186-4cd2-a772-e781413c05de,18.144000000000002,odom_y,/odom,-0.028580389174441587,0.5
8402ee7a-2186-4cd2-a772-e781413c05de,18.18,odom_y,/odom,-0.029126380932634012,0.5
8402ee7a-2186-4cd2-a772-e781413c05de,18.216,odom_y,/odom,-0.02967813243567784,0.5
8402ee7a-2186-4cd2-a772-e781413c05de,18.252000000000002,odom_y,/odom,-0.03023797288125982,0.5
8402ee7a-2186-4cd2-a772-e781413c05de,18.288,odom_y,/odom,-0.030803586380538716,0.5
8402ee7a-2186-4cd2-a772-e781413c05de,18.324,odom_y,/odom,-0.03137122325224492,0.5
8402ee7a-2186-4cd2-a772-e781413c05de,18.36,odom_y,/odom,-0.03193932577696252,0.5
8402ee7a-2186-4cd2-a772-e781413c05de,18.396,odom_y,/odom,-0.03251606769663394,0.5
8402ee7a-2186-4cd2-a772-e781413c05de,18.432000000000002,odom_y,/odom,-0.03309272199234266,0.5
8402ee7a-2186-4cd2-a772-e781413c05de,18.468,odom_y,/odom,-0.033672546380507554,0.5
8402ee7a-2186-4cd2-a772-e781413c05de,18.504,odom_y,/odom,-0.0342406379325139,0.5
8402ee7a-2186-4cd2-a772-e781413c05de,18.540000000000003,odom_y,/odom,-0.034793443850617944,0.5
8402ee7a-2186-4cd2-a772-e781413c05de,18.576,odom_y,/odom,-0.03534026118151174,0.5
8402ee7a-2186-4cd2-a772-e781413c05de,18.612000000000002,odom_y,/odom,-0.03587541925300798,0.5
8402ee7a-2186-4cd2-a772-e781413c05de,18.648,odom_y,/odom,-0.036418248908015365,0.5
8402ee7a-2186-4cd2-a772-e781413c05de,18.684,odom_y,/odom,-0.036979621865054886,0.5
8402ee7a-2186-4cd2-a772-e781413c05de,18.720000000000002,odom_y,/odom,-0.037543435429165974,0.5
8402ee7a-2186-4cd2-a772-e781413c05de,18.756,odom_y,/odom,-0.038101461680607435,0.5
8402ee7a-2186-4cd2-a772-e781413c05de,18.792,odom_y,/odom,-0.038657924634732554,0.5
8402ee7a-2186-4cd2-a772-e781413c05de,18.828,odom_y,/odom,-0.03921287680658275,0.5
8402ee7a-2186-4cd2-a772-e781413c05de,18.864,odom_y,/odom,-0.039776626452084234,0.5
8402ee7a-2186-4cd2-a772-e781413c05de,18.900000000000002,odom_y,/odom,-0.040338564063321515,0.5
8402ee7a-2186-4cd2-a772-e781413c05de,18.936,odom_y,/odom,-0.04089148146201452,0.5
8402ee7a-2186-4cd2-a772-e781413c05de,18.972,odom_y,/odom,-0.041439212710371494,0.5
8402ee7a-2186-4cd2-a772-e781413c05de,19.011000000000003,odom_y,/odom,-0.04198890134618827,0.5
8402ee7a-2186-4cd2-a772-e781413c05de,19.044,odom_y,/odom,-0.04253277864970215,0.5
8402ee7a-2186-4cd2-a772-e781413c05de,19.080000000000002,odom_y,/odom,-0.04307228011589946,0.5
8402ee7a-2186-4cd2-a772-e781413c05de,19.116,odom_y,/odom,-0.04361043655670119,0.5
8402ee7a-2186-4cd2-a772-e781413c05de,19.152,odom_y,/odom,-0.04414934187898531,0.5
8402ee7a-2186-4cd2-a772-e781413c05de,19.188000000000002,odom_y,/odom,-0.04468948539319137,0.5
8402ee7a-2186-4cd2-a772-e781413c05de,19.224,odom_y,/odom,-0.04522873548993558,0.5
8402ee7a-2186-4cd2-a772-e781413c05de,19.26,odom_y,/odom,-0.04576490768542004,0.5
8402ee7a-2186-4cd2-a772-e781413c05de,19.296000000000003,odom_y,/odom,-0.046283837736727285,0.5
8402ee7a-2186-4cd2-a772-e781413c05de,19.332,odom_y,/odom,-0.046797668987999294,0.5
8402ee7a-2186-4cd2-a772-e781413c05de,19.368000000000002,odom_y,/odom,-0.04730387452097137,0.5
8402ee7a-2186-4cd2-a772-e781413c05de,19.404,odom_y,/odom,-0.04781091216097457,0.5
8402ee7a-2186-4cd2-a772-e781413c05de,19.44,odom_y,/odom,-0.04830793464615489,0.5
8402ee7a-2186-4cd2-a772-e781413c05de,19.476000000000003,odom_y,/odom,-0.04879850535317219,0.5
8402ee7a-2186-4cd2-a772-e781413c05de,19.512,odom_y,/odom,-0.04929274952352625,0.5
8402ee7a-2186-4cd2-a772-e781413c05de,19.548000000000002,odom_y,/odom,-0.04978573587464598,0.5
8402ee7a-2186-4cd2-a772-e781413c05de,19.584,odom_y,/odom,-0.05028229314725725,0.5
8402ee7a-2186-4cd2-a772-e781413c05de,19.62,odom_y,/odom,-0.050775583080435706,0.5
8402ee7a-2186-4cd2-a772-e781413c05de,19.656000000000002,odom_y,/odom,-0.051263550794640955,0.5
8402ee7a-2186-4cd2-a772-e781413c05de,19.692,odom_y,/odom,-0.05174940363218777,0.5
8402ee7a-2186-4cd2-a772-e781413c05de,19.728,odom_y,/odom,-0.052231763010740416,0.5
8402ee7a-2186-4cd2-a772-e781413c05de,19.764000000000003,odom_y,/odom,-0.05270754411681077,0.5
8402ee7a-2186-4cd2-a772-e781413c05de,19.8,odom_y,/odom,-0.05317592153330319,0.5
8402ee7a-2186-4cd2-a772-e781413c05de,19.836000000000002,odom_y,/odom,-0.05362895295055921,0.5
8402ee7a-2186-4cd2-a772-e781413c05de,19.872,odom_y,/odom,-0.05407673959853717,0.5
8402ee7a-2186-4cd2-a772-e781413c05de,19.911,odom_y,/odom,-0.054522741889283244,0.5
8402ee7a-2186-4cd2-a772-e781413c05de,19.944000000000003,odom_y,/odom,-0.054960335726307874,0.5
8402ee7a-2186-4cd2-a772-e781413c05de,19.98,odom_y,/odom,-0.055392928353373394,0.5
8402ee7a-2186-4cd2-a772-e781413c05de,20.016000000000002,odom_y,/odom,-0.055815135258897725,0.5
8402ee7a-2186-4cd2-a772-e781413c05de,20.052,odom_y,/odom,-0.05624776511812115,0.5
8402ee7a-2186-4cd2-a772-e781413c05de,20.088,odom_y,/odom,-0.056679899431211316,0.5
8402ee7a-2186-4cd2-a772-e781413c05de,20.124000000000002,odom_y,/odom,-0.05710461435693378,0.5
8402ee7a-2186-4cd2-a772-e781413c05de,20.16,odom_y,/odom,-0.05752273549344065,0.5
8402ee7a-2186-4cd2-a772-e781413c05de,20.196,odom_y,/odom,-0.05793933617345306,0.5
8402ee7a-2186-4cd2-a772-e781413c05de,20.232000000000003,odom_y,/odom,-0.05835125082656743,0.5
8402ee7a-2186-4cd2-a772-e781413c05de,20.268,odom_y,/odom,-0.05875894180293638,0.5
8402ee7a-2186-4cd2-a772-e781413c05de,20.304000000000002,odom_y,/odom,-0.059160222113559875,0.5
8402ee7a-2186-4cd2-a772-e781413c05de,20.34,odom_y,/odom,-0.05955323948071072,0.5
8402ee7a-2186-4cd2-a772-e781413c05de,20.376,odom_y,/odom,-0.0599405478450758,0.5
8402ee7a-2186-4cd2-a772-e781413c05de,20.412000000000003,odom_y,/odom,-0.06032189042475725,0.5
8402ee7a-2186-4cd2-a772-e781413c05de,20.448,odom_y,/odom,-0.06069069954860935,0.5
8402ee7a-2186-4cd2-a772-e781413c05de,20.484,odom_y,/odom,-0.06104546092206788,0.5
8402ee7a-2186-4cd2-a772-e781413c05de,20.52,odom_y,/odom,-0.06139467489836813,0.5
8402ee7a-2186-4cd2-a772-e781413c05de,20.556,odom_y,/odom,-0.06174038619844605,0.5
8402ee7a-2186-4cd2-a772-e781413c05de,20.592000000000002,odom_y,/odom,-0.06208250389163199,0.5
8402ee7a-2186-4cd2-a772-e781413c05de,20.628,odom_y,/odom,-0.06241899413195575,0.5
8402ee7a-2186-4cd2-a772-e781413c05de,20.664,odom_y,/odom,-0.06276075118352818,0.5
8402ee7a-2186-4cd2-a772-e781413c05de,20.700000000000003,odom_y,/odom,-0.06308765094909727,0.5
8402ee7a-2186-4cd2-a772-e781413c05de,20.736,odom_y,/odom,-0.06340294445487261,0.5
8402ee7a-2186-4cd2-a772-e781413c05de,20.772000000000002,odom_y,/odom,-0.06371277999536863,0.5
8402ee7a-2186-4cd2-a772-e781413c05de,20.811,odom_y,/odom,-0.0640130310524104,0.5
8402ee7a-2186-4cd2-a772-e781413c05de,20.844,odom_y,/odom,-0.06431494854466563,0.5
8402ee7a-2186-4cd2-a772-e781413c05de,20.880000000000003,odom_y,/odom,-0.0646133848145151,0.5
8402ee7a-2186-4cd2-a772-e781413c05de,20.916,odom_y,/odom,-0.06490796018103845,0.5
8402ee7a-2186-4cd2-a772-e781413c05de,20.952,odom_y,/odom,-0.06519755998623791,0.5
8402ee7a-2186-4cd2-a772-e781413c05de,20.988,odom_y,/odom,-0.06548258708547391,0.5
8402ee7a-2186-4cd2-a772-e781413c05de,21.024,odom_y,/odom,-0.06576247924312241,0.5
8402ee7a-2186-4cd2-a772-e781413c05de,21.060000000000002,odom_y,/odom,-0.06603370061838668,0.5
8402ee7a-2186-4cd2-a772-e781413c05de,21.096,odom_y,/odom,-0.06630215381272181,0.5
8402ee7a-2186-4cd2-a772-e781413c05de,21.132,odom_y,/odom,-0.06656478206620833,0.5
8402ee7a-2186-4cd2-a772-e781413c05de,21.168000000000003,odom_y,/odom,-0.06681926806317325,0.5
8402ee7a-2186-4cd2-a772-e781413c05de,21.204,odom_y,/odom,-0.06706430508575625,0.5
8402ee7a-2186-4cd2-a772-e781413c05de,21.240000000000002,odom_y,/odom,-0.06731344073476976,0.5
8402ee7a-2186-4cd2-a772-e781413c05de,21.276,odom_y,/odom,-0.067562086272858,0.5
8402ee7a-2186-4cd2-a772-e781413c05de,21.312,odom_y,/odom,-0.06780715762134933,0.5
8402ee7a-2186-4cd2-a772-e781413c05de,21.348000000000003,odom_y,/odom,-0.06804413074465915,0.5
8402ee7a-2186-4cd2-a772-e781413c05de,21.384,odom_y,/odom,-0.068271243012457,0.5
8402ee7a-2186-4cd2-a772-e781413c05de,21.42,odom_y,/odom,-0.06849449664695288,0.5
8402ee7a-2186-4cd2-a772-e781413c05de,21.456000000000003,odom_y,/odom,-0.06871289867198391,0.5
8402ee7a-2186-4cd2-a772-e781413c05de,21.492,odom_y,/odom,-0.0689249947165755,0.5
8402ee7a-2186-4cd2-a772-e781413c05de,21.528000000000002,odom_y,/odom,-0.06913254319646131,0.5
8402ee7a-2186-4cd2-a772-e781413c05de,21.564,odom_y,/odom,-0.06933708116509722,0.5
8402ee7a-2186-4cd2-a772-e781413c05de,21.6,odom_y,/odom,-0.06953626458170616,0.5
8402ee7a-2186-4cd2-a772-e781413c05de,21.636000000000003,odom_y,/odom,-0.06972987665199322,0.5
8402ee7a-2186-4cd2-a772-e781413c05de,21.672,odom_y,/odom,-0.06991855580094865,0.5
8402ee7a-2186-4cd2-a772-e781413c05de,21.708000000000002,odom_y,/odom,-0.07010063054946068,0.5
8402ee7a-2186-4cd2-a772-e781413c05de,21.744,odom_y,/odom,-0.07027954617919306,0.5
8402ee7a-2186-4cd2-a772-e781413c05de,21.78,odom_y,/odom,-0.0704539974907852,0.5
8402ee7a-2186-4cd2-a772-e781413c05de,21.816000000000003,odom_y,/odom,-0.07062123519811844,0.5
8402ee7a-2186-4cd2-a772-e781413c05de,21.852,odom_y,/odom,-0.07078664982909515,0.5
8402ee7a-2186-4cd2-a772-e781413c05de,21.888,odom_y,/odom,-0.0709457566947126,0.5
8402ee7a-2186-4cd2-a772-e781413c05de,21.924000000000003,odom_y,/odom,-0.07110044637496628,0.5
8402ee7a-2186-4cd2-a772-e781413c05de,21.96,odom_y,/odom,-0.07125081361166051,0.5
8402ee7a-2186-4cd2-a772-e781413c05de,21.996000000000002,odom_y,/odom,-0.07139660637844224,0.5
8402ee7a-2186-4cd2-a772-e781413c05de,22.032,odom_y,/odom,-0.07153922842955526,0.5
8402ee7a-2186-4cd2-a772-e781413c05de,22.068,odom_y,/odom,-0.07168074639194223,0.5
8402ee7a-2186-4cd2-a772-e781413c05de,22.104000000000003,odom_y,/odom,-0.07181914160967187,0.5
8402ee7a-2186-4cd2-a772-e781413c05de,22.14,odom_y,/odom,-0.07195261369527653,0.5
8402ee7a-2186-4cd2-a772-e781413c05de,22.176000000000002,odom_y,/odom,-0.07207964099871679,0.5
8402ee7a-2186-4cd2-a772-e781413c05de,22.212,odom_y,/odom,-0.07220180932041902,0.5
8402ee7a-2186-4cd2-a772-e781413c05de,22.248,odom_y,/odom,-0.07231833244026373,0.5
8402ee7a-2186-4cd2-a772-e781413c05de,22.284000000000002,odom_y,/odom,-0.07243050863108058,0.5
8402ee7a-2186-4cd2-a772-e781413c05de,22.32,odom_y,/odom,-0.07253940800167943,0.5
8402ee7a-2186-4cd2-a772-e781413c05de,22.356,odom_y,/odom,-0.07264635601009593,0.5
8402ee7a-2186-4cd2-a772-e781413c05de,22.392000000000003,odom_y,/odom,-0.07275022458793307,0.5
8402ee7a-2186-4cd2-a772-e781413c05de,22.428,odom_y,/odom,-0.0728500475838436,0.5
8402ee7a-2186-4cd2-a772-e781413c05de,22.464000000000002,odom_y,/odom,-0.07294390053012964,0.5
8402ee7a-2186-4cd2-a772-e781413c05de,22.5,odom_y,/odom,-0.07303009273507827,0.5
8402ee7a-2186-4cd2-a772-e781413c05de,22.536,odom_y,/odom,-0.07310757790270393,0.5
8402ee7a-2186-4cd2-a772-e781413c05de,22.572000000000003,odom_y,/odom,-0.07317807230798887,0.5
8402ee7a-2186-4cd2-a772-e781413c05de,22.608,odom_y,/odom,-0.07324291011648414,0.5
8402ee7a-2186-4cd2-a772-e781413c05de,22.644000000000002,odom_y,/odom,-0.07330223779133417,0.5
8402ee7a-2186-4cd2-a772-e781413c05de,22.68,odom_y,/odom,-0.07335528040203777,0.5
8402ee7a-2186-4cd2-a772-e781413c05de,22.716,odom_y,/odom,-0.07340128245607302,0.5
8402ee7a-2186-4cd2-a772-e781413c05de,22.752000000000002,odom_y,/odom,-0.07344264529361104,0.5
8402ee7a-2186-4cd2-a772-e781413c05de,22.788,odom_y,/odom,-0.07347954714118521,0.5
8402ee7a-2186-4cd2-a772-e781413c05de,22.824,odom_y,/odom,-0.07350993070020748,0.5
8402ee7a-2186-4cd2-a772-e781413c05de,22.860000000000003,odom_y,/odom,-0.07353371758089768,0.5
8402ee7a-2186-4cd2-a772-e781413c05de,22.896,odom_y,/odom,-0.07355032419366306,0.5
8402ee7a-2186-4cd2-a772-e781413c05de,22.932000000000002,odom_y,/odom,-0.07356041608437522,0.5
8402ee7a-2186-4cd2-a772-e781413c05de,22.968,odom_y,/odom,-0.07356420503755691,0.5
8402ee7a-2186-4cd2-a772-e781413c05de,23.004,odom_y,/odom,-0.07356365303699185,0.5
8402ee7a-2186-4cd2-a772-e781413c05de,23.040000000000003,odom_y,/odom,-0.07356110312169259,0.5
8402ee7a-2186-4cd2-a772-e781413c05de,23.076,odom_y,/odom,-0.07355703908616314,0.5
8402ee7a-2186-4cd2-a772-e781413c05de,23.112000000000002,odom_y,/odom,-0.07355160029573406,0.5
8402ee7a-2186-4cd2-a772-e781413c05de,23.148,odom_y,/odom,-0.07354490473345418,0.5
8402ee7a-2186-4cd2-a772-e781413c05de,23.184,odom_y,/odom,-0.07353666433416715,0.5
8402ee7a-2186-4cd2-a772-e781413c05de,23.220000000000002,odom_y,/odom,-0.07352578391849146,0.5
8402ee7a-2186-4cd2-a772-e781413c05de,23.256,odom_y,/odom,-0.07351221384700513,0.5
8402ee7a-2186-4cd2-a772-e781413c05de,23.292,odom_y,/odom,-0.0734944271690466,0.5
8402ee7a-2186-4cd2-a772-e781413c05de,23.328000000000003,odom_y,/odom,-0.07347191363389065,0.5
8402ee7a-2186-4cd2-a772-e781413c05de,23.364,odom_y,/odom,-0.07344399499294321,0.5
8402ee7a-2186-4cd2-a772-e781413c05de,23.400000000000002,odom_y,/odom,-0.07341017812800801,0.5
8402ee7a-2186-4cd2-a772-e781413c05de,23.436,odom_y,/odom,-0.07337290416617002,0.5
8402ee7a-2186-4cd2-a772-e781413c05de,23.472,odom_y,/odom,-0.07333365272561711,0.5
8402ee7a-2186-4cd2-a772-e781413c05de,23.511000000000003,odom_y,/odom,-0.0732916651295064,0.5
8402ee7a-2186-4cd2-a772-e781413c05de,23.544,odom_y,/odom,-0.07324760100247253,0.5
8402ee7a-2186-4cd2-a772-e781413c05de,23.580000000000002,odom_y,/odom,-0.07320349605408531,0.5
8402ee7a-2186-4cd2-a772-e781413c05de,23.616000000000003,odom_y,/odom,-0.0731603393484596,0.5
8402ee7a-2186-4cd2-a772-e781413c05de,23.652,odom_y,/odom,-0.0731166243837359,0.5
8402ee7a-2186-4cd2-a772-e781413c05de,23.688000000000002,odom_y,/odom,-0.07307323731449782,0.5
8402ee7a-2186-4cd2-a772-e781413c05de,23.724,odom_y,/odom,-0.07303095891231408,0.5
8402ee7a-2186-4cd2-a772-e781413c05de,23.76,odom_y,/odom,-0.07298909191762147,0.5
8402ee7a-2186-4cd2-a772-e781413c05de,23.796000000000003,odom_y,/odom,-0.07294848303345472,0.5
8402ee7a-2186-4cd2-a772-e781413c05de,23.832,odom_y,/odom,-0.07290962675226151,0.5
8402ee7a-2186-4cd2-a772-e781413c05de,23.868000000000002,odom_y,/odom,-0.0728721567858126,0.5
8402ee7a-2186-4cd2-a772-e781413c05de,23.904,odom_y,/odom,-0.07283543542955868,0.5
8402ee7a-2186-4cd2-a772-e781413c05de,23.94,odom_y,/odom,-0.07279841863118254,0.5
8402ee7a-2186-4cd2-a772-e781413c05de,23.976000000000003,odom_y,/odom,-0.07275996979082078,0.5
8402ee7a-2186-4cd2-a772-e781413c05de,24.012,odom_y,/odom,-0.07271930468055038,0.5
8402ee7a-2186-4cd2-a772-e781413c05de,24.048000000000002,odom_y,/odom,-0.07267653842171443,0.5
8402ee7a-2186-4cd2-a772-e781413c05de,24.084000000000003,odom_y,/odom,-0.072631540792733,0.5
8402ee7a-2186-4cd2-a772-e781413c05de,24.12,odom_y,/odom,-0.0725844941360313,0.5
8402ee7a-2186-4cd2-a772-e781413c05de,24.156000000000002,odom_y,/odom,-0.07253473469820398,0.5
8402ee7a-2186-4cd2-a772-e781413c05de,24.192,odom_y,/odom,-0.07248032857459139,0.5
8402ee7a-2186-4cd2-a772-e781413c05de,24.228,odom_y,/odom,-0.07242147267444825,0.5
8402ee7a-2186-4cd2-a772-e781413c05de,24.264000000000003,odom_y,/odom,-0.07235740617378936,0.5
8402ee7a-2186-4cd2-a772-e781413c05de,24.3,odom_y,/odom,-0.07228755633176093,0.5
8402ee7a-2186-4cd2-a772-e781413c05de,24.336000000000002,odom_y,/odom,-0.07221264499584999,0.5
8402ee7a-2186-4cd2-a772-e781413c05de,24.372,odom_y,/odom,-0.07213306572760324,0.5
8402ee7a-2186-4cd2-a772-e781413c05de,24.411,odom_y,/odom,-0.07205025635867894,0.5
8402ee7a-2186-4cd2-a772-e781413c05de,24.444000000000003,odom_y,/odom,-0.07196315192623663,0.5
8402ee7a-2186-4cd2-a772-e781413c05de,24.48,odom_y,/odom,-0.07187324977424894,0.5
8402ee7a-2186-4cd2-a772-e781413c05de,24.516000000000002,odom_y,/odom,-0.07178302191091522,0.5
8402ee7a-2186-4cd2-a772-e781413c05de,24.552000000000003,odom_y,/odom,-0.07169203993767992,0.5
8402ee7a-2186-4cd2-a772-e781413c05de,24.588,odom_y,/odom,-0.07159867834413366,0.5
8402ee7a-2186-4cd2-a772-e781413c05de,24.624000000000002,odom_y,/odom,-0.07150242656423236,0.5
8402ee7a-2186-4cd2-a772-e781413c05de,24.66,odom_y,/odom,-0.0714023406393505,0.5
8402ee7a-2186-4cd2-a772-e781413c05de,24.696,odom_y,/odom,-0.07129925556483312,0.5
8402ee7a-2186-4cd2-a772-e781413c05de,24.732000000000003,odom_y,/odom,-0.07119494615346236,0.5
8402ee7a-2186-4cd2-a772-e781413c05de,24.768,odom_y,/odom,-0.07109065553823266,0.5
8402ee7a-2186-4cd2-a772-e781413c05de,24.804000000000002,odom_y,/odom,-0.07098614602230081,0.5
8402ee7a-2186-4cd2-a772-e781413c05de,24.84,odom_y,/odom,-0.07087902503011767,0.5
8402ee7a-2186-4cd2-a772-e781413c05de,24.876,odom_y,/odom,-0.07077006705940854,0.5
8402ee7a-2186-4cd2-a772-e781413c05de,24.912000000000003,odom_y,/odom,-0.07065813094117465,0.5
8402ee7a-2186-4cd2-a772-e781413c05de,24.948,odom_y,/odom,-0.07054606944485393,0.5
8402ee7a-2186-4cd2-a772-e781413c05de,24.984,odom_y,/odom,-0.07043185003175294,0.5
8402ee7a-2186-4cd2-a772-e781413c05de,25.020000000000003,odom_y,/odom,-0.07031672286192914,0.5
8402ee7a-2186-4cd2-a772-e781413c05de,25.056,odom_y,/odom,-0.07019918697816223,0.5
8402ee7a-2186-4cd2-a772-e781413c05de,25.092000000000002,odom_y,/odom,-0.07007898515574189,0.5
8402ee7a-2186-4cd2-a772-e781413c05de,25.128,odom_y,/odom,-0.0699534092751589,0.5
8402ee7a-2186-4cd2-a772-e781413c05de,25.164,odom_y,/odom,-0.06982046047610409,0.5
8402ee7a-2186-4cd2-a772-e781413c05de,25.200000000000003,odom_y,/odom,-0.06967816680818,0.5
8402ee7a-2186-4cd2-a772-e781413c05de,25.236,odom_y,/odom,-0.06952898983081697,0.5
8402ee7a-2186-4cd2-a772-e781413c05de,25.272000000000002,odom_y,/odom,-0.0693730494251838,0.5
8402ee7a-2186-4cd2-a772-e781413c05de,25.311,odom_y,/odom,-0.06920755114102156,0.5
8402ee7a-2186-4cd2-a772-e781413c05de,25.344,odom_y,/odom,-0.06903619953399422,0.5
8402ee7a-2186-4cd2-a772-e781413c05de,25.380000000000003,odom_y,/odom,-0.06885914857020292,0.5
8402ee7a-2186-4cd2-a772-e781413c05de,25.416,odom_y,/odom,-0.06867536983791014,0.5
8402ee7a-2186-4cd2-a772-e781413c05de,25.452,odom_y,/odom,-0.06849318075066994,0.5
8402ee7a-2186-4cd2-a772-e781413c05de,25.488000000000003,odom_y,/odom,-0.06831103627180875,0.5
8402ee7a-2186-4cd2-a772-e781413c05de,25.524,odom_y,/odom,-0.06812763331063151,0.5
8402ee7a-2186-4cd2-a772-e781413c05de,25.560000000000002,odom_y,/odom,-0.06794004637686793,0.5
8402ee7a-2186-4cd2-a772-e781413c05de,25.596,odom_y,/odom,-0.06774850341858914,0.5
8402ee7a-2186-4cd2-a772-e781413c05de,25.632,odom_y,/odom,-0.06755326693880762,0.5
8402ee7a-2186-4cd2-a772-e781413c05de,25.668000000000003,odom_y,/odom,-0.06735463698247468,0.5
8402ee7a-2186-4cd2-a772-e781413c05de,25.704,odom_y,/odom,-0.0671517513236253,0.5
8402ee7a-2186-4cd2-a772-e781413c05de,25.740000000000002,odom_y,/odom,-0.06694564517897633,0.5
8402ee7a-2186-4cd2-a772-e781413c05de,25.776000000000003,odom_y,/odom,-0.06673553749001897,0.5
8402ee7a-2186-4cd2-a772-e781413c05de,25.812,odom_y,/odom,-0.06652274233347985,0.5
8402ee7a-2186-4cd2-a772-e781413c05de,25.848000000000003,odom_y,/odom,-0.06630888902143214,0.5
8402ee7a-2186-4cd2-a772-e781413c05de,25.884,odom_y,/odom,-0.06609788298212084,0.5
8402ee7a-2186-4cd2-a772-e781413c05de,25.92,odom_y,/odom,-0.06588530346025849,0.5
8402ee7a-2186-4cd2-a772-e781413c05de,25.956000000000003,odom_y,/odom,-0.06566940397267941,0.5
8402ee7a-2186-4cd2-a772-e781413c05de,25.992,odom_y,/odom,-0.06544765140125902,0.5
8402ee7a-2186-4cd2-a772-e781413c05de,26.028000000000002,odom_y,/odom,-0.06522349545311716,0.5
8402ee7a-2186-4cd2-a772-e781413c05de,26.064,odom_y,/odom,-0.0649953328214237,0.5
8402ee7a-2186-4cd2-a772-e781413c05de,26.1,odom_y,/odom,-0.06476878183940017,0.5
8402ee7a-2186-4cd2-a772-e781413c05de,26.136000000000003,odom_y,/odom,-0.06454768976491922,0.5
8402ee7a-2186-4cd2-a772-e781413c05de,26.172,odom_y,/odom,-0.06432902189315068,0.5
8402ee7a-2186-4cd2-a772-e781413c05de,26.211000000000002,odom_y,/odom,-0.06411500201815125,0.5
8402ee7a-2186-4cd2-a772-e781413c05de,26.244000000000003,odom_y,/odom,-0.06390292032331012,0.5
8402ee7a-2186-4cd2-a772-e781413c05de,26.28,odom_y,/odom,-0.06369390716159776,0.5
8402ee7a-2186-4cd2-a772-e781413c05de,26.316000000000003,odom_y,/odom,-0.06348456425715572,0.5
8402ee7a-2186-4cd2-a772-e781413c05de,26.352,odom_y,/odom,-0.0632806829768423,0.5
8402ee7a-2186-4cd2-a772-e781413c05de,26.388,odom_y,/odom,-0.06308041386751548,0.5
8402ee7a-2186-4cd2-a772-e781413c05de,26.424000000000003,odom_y,/odom,-0.06288269260005867,0.5
8402ee7a-2186-4cd2-a772-e781413c05de,26.46,odom_y,/odom,-0.06268599442488706,0.5
8402ee7a-2186-4cd2-a772-e781413c05de,26.496000000000002,odom_y,/odom,-0.06249303707914893,0.5
8402ee7a-2186-4cd2-a772-e781413c05de,26.532,odom_y,/odom,-0.06230044855653527,0.5
8402ee7a-2186-4cd2-a772-e781413c05de,26.568,odom_y,/odom,-0.06210376764142007,0.5
8402ee7a-2186-4cd2-a772-e781413c05de,26.604000000000003,odom_y,/odom,-0.06190476699710116,0.5
8402ee7a-2186-4cd2-a772-e781413c05de,26.64,odom_y,/odom,-0.061703710850204145,0.5
8402ee7a-2186-4cd2-a772-e781413c05de,26.676000000000002,odom_y,/odom,-0.061500474692627254,0.5
8402ee7a-2186-4cd2-a772-e781413c05de,26.712000000000003,odom_y,/odom,-0.06129980291995389,0.5
8402ee7a-2186-4cd2-a772-e781413c05de,26.748,odom_y,/odom,-0.06110054815868052,0.5
8402ee7a-2186-4cd2-a772-e781413c05de,26.784000000000002,odom_y,/odom,-0.06090112475005842,0.5
8402ee7a-2186-4cd2-a772-e781413c05de,26.82,odom_y,/odom,-0.060699118204958616,0.5
8402ee7a-2186-4cd2-a772-e781413c05de,26.856,odom_y,/odom,-0.06049291373914088,0.5
8402ee7a-2186-4cd2-a772-e781413c05de,26.892000000000003,odom_y,/odom,-0.06028788867372313,0.5
8402ee7a-2186-4cd2-a772-e781413c05de,26.928,odom_y,/odom,-0.06008185983065568,0.5
8402ee7a-2186-4cd2-a772-e781413c05de,26.964000000000002,odom_y,/odom,-0.059871902996464284,0.5
8402ee7a-2186-4cd2-a772-e781413c05de,27.0,odom_y,/odom,-0.05966471811367236,0.5
8402ee7a-2186-4cd2-a772-e781413c05de,27.036,odom_y,/odom,-0.05945919008766453,0.5
8402ee7a-2186-4cd2-a772-e781413c05de,27.072000000000003,odom_y,/odom,-0.05925534738125948,0.5
8402ee7a-2186-4cd2-a772-e781413c05de,27.108,odom_y,/odom,-0.05905422655224895,0.5
8402ee7a-2186-4cd2-a772-e781413c05de,27.144000000000002,odom_y,/odom,-0.05885799279037974,0.5
8402ee7a-2186-4cd2-a772-e781413c05de,27.180000000000003,odom_y,/odom,-0.05866573781153154,0.5
8402ee7a-2186-4cd2-a772-e781413c05de,27.216,odom_y,/odom,-0.05847867409459621,0.5
8402ee7a-2186-4cd2-a772-e781413c05de,27.252000000000002,odom_y,/odom,-0.05829784319841153,0.5
8402ee7a-2186-4cd2-a772-e781413c05de,27.288,odom_y,/odom,-0.0581214120194172,0.5
8402ee7a-2186-4cd2-a772-e781413c05de,27.324,odom_y,/odom,-0.057948927375654734,0.5
8402ee7a-2186-4cd2-a772-e781413c05de,27.360000000000003,odom_y,/odom,-0.05777904462695248,0.5
8402ee7a-2186-4cd2-a772-e781413c05de,27.396,odom_y,/odom,-0.057614266765650714,0.5
8402ee7a-2186-4cd2-a772-e781413c05de,27.432000000000002,odom_y,/odom,-0.05745420280825105,0.5
8402ee7a-2186-4cd2-a772-e781413c05de,27.468,odom_y,/odom,-0.05729853193496692,0.5
8402ee7a-2186-4cd2-a772-e781413c05de,27.504,odom_y,/odom,-0.05714827450588616,0.5
8402ee7a-2186-4cd2-a772-e781413c05de,27.540000000000003,odom_y,/odom,-0.05700424085388675,0.5
8402ee7a-2186-4cd2-a772-e781413c05de,27.576,odom_y,/odom,-0.056864638446732015,0.5
8402ee7a-2186-4cd2-a772-e781413c05de,27.612000000000002,odom_y,/odom,-0.05673123742776377,0.5
8402ee7a-2186-4cd2-a772-e781413c05de,27.648000000000003,odom_y,/odom,-0.056601894558269555,0.5
8402ee7a-2186-4cd2-a772-e781413c05de,27.684,odom_y,/odom,-0.056475983175984394,0.5
8402ee7a-2186-4cd2-a772-e781413c05de,27.720000000000002,odom_y,/odom,-0.05635245815535725,0.5
8402ee7a-2186-4cd2-a772-e781413c05de,27.756,odom_y,/odom,-0.05623146181614972,0.5
8402ee7a-2186-4cd2-a772-e781413c05de,27.792,odom_y,/odom,-0.05611163374748909,0.5
8402ee7a-2186-4cd2-a772-e781413c05de,27.828000000000003,odom_y,/odom,-0.05599418323241145,0.5
8402ee7a-2186-4cd2-a772-e781413c05de,27.864,odom_y,/odom,-0.05588118689169098,0.5
8402ee7a-2186-4cd2-a772-e781413c05de,27.900000000000002,odom_y,/odom,-0.055776834902121764,0.5
8402ee7a-2186-4cd2-a772-e781413c05de,27.936000000000003,odom_y,/odom,-0.05568619792654769,0.5
8402ee7a-2186-4cd2-a772-e781413c05de,27.972,odom_y,/odom,-0.055607544647623866,0.5
8402ee7a-2186-4cd2-a772-e781413c05de,28.011000000000003,odom_y,/odom,-0.05554078767702608,0.5
8402ee7a-2186-4cd2-a772-e781413c05de,28.044,odom_y,/odom,-0.055484778030082414,0.5
8402ee7a-2186-4cd2-a772-e781413c05de,28.080000000000002,odom_y,/odom,-0.055438720706872634,0.5
8402ee7a-2186-4cd2-a772-e781413c05de,28.116000000000003,odom_y,/odom,-0.05540201246673257,0.5
8402ee7a-2186-4cd2-a772-e781413c05de,28.152,odom_y,/odom,-0.05537203073306016,0.5
8402ee7a-2186-4cd2-a772-e781413c05de,28.188000000000002,odom_y,/odom,-0.05534732121273315,0.5
8402ee7a-2186-4cd2-a772-e781413c05de,28.224,odom_y,/odom,-0.055326406606492726,0.5
8402ee7a-2186-4cd2-a772-e781413c05de,28.26,odom_y,/odom,-0.05530868024854704,0.5
8402ee7a-2186-4cd2-a772-e781413c05de,28.296000000000003,odom_y,/odom,-0.05529463681642046,0.5
8402ee7a-2186-4cd2-a772-e781413c05de,28.332,odom_y,/odom,-0.05528458016633272,0.5
8402ee7a-2186-4cd2-a772-e781413c05de,28.368000000000002,odom_y,/odom,-0.055278528566408996,0.5
8402ee7a-2186-4cd2-a772-e781413c05de,28.404000000000003,odom_y,/odom,-0.05527665649182431,0.5
8402ee7a-2186-4cd2-a772-e781413c05de,28.44,odom_y,/odom,-0.05527922847121924,0.5
8402ee7a-2186-4cd2-a772-e781413c05de,28.476000000000003,odom_y,/odom,-0.05528603691502553,0.5
8402ee7a-2186-4cd2-a772-e781413c05de,28.512,odom_y,/odom,-0.05529716179384557,0.5
8402ee7a-2186-4cd2-a772-e781413c05de,28.548000000000002,odom_y,/odom,-0.055312917989229285,0.5
8402ee7a-2186-4cd2-a772-e781413c05de,28.584000000000003,odom_y,/odom,-0.05533403394052839,0.5
8402ee7a-2186-4cd2-a772-e781413c05de,28.62,odom_y,/odom,-0.055359706753966634,0.5
8402ee7a-2186-4cd2-a772-e781413c05de,28.656000000000002,odom_y,/odom,-0.0553892865077042,0.5
8402ee7a-2186-4cd2-a772-e781413c05de,28.692,odom_y,/odom,-0.05542350185041606,0.5
8402ee7a-2186-4cd2-a772-e781413c05de,28.728,odom_y,/odom,-0.05546298389816852,0.5
8402ee7a-2186-4cd2-a772-e781413c05de,28.764000000000003,odom_y,/odom,-0.05550684568766463,0.5
8402ee7a-2186-4cd2-a772-e781413c05de,28.8,odom_y,/odom,-0.05555530494542033,0.5
8402ee7a-2186-4cd2-a772-e781413c05de,28.836000000000002,odom_y,/odom,-0.05560729551280599,0.5
8402ee7a-2186-4cd2-a772-e781413c05de,28.872000000000003,odom_y,/odom,-0.05566237593392657,0.5
8402ee7a-2186-4cd2-a772-e781413c05de,28.911,odom_y,/odom,-0.055720604130709527,0.5
8402ee7a-2186-4cd2-a772-e781413c05de,28.944000000000003,odom_y,/odom,-0.055781740972869226,0.5
8402ee7a-2186-4cd2-a772-e781413c05de,28.98,odom_y,/odom,-0.05584643500280938,0.5
8402ee7a-2186-4cd2-a772-e781413c05de,29.016000000000002,odom_y,/odom,-0.05591365780580548,0.5
8402ee7a-2186-4cd2-a772-e781413c05de,29.052000000000003,odom_y,/odom,-0.055982915388243765,0.5
8402ee7a-2186-4cd2-a772-e781413c05de,29.088,odom_y,/odom,-0.05605305531890499,0.5
8402ee7a-2186-4cd2-a772-e781413c05de,29.124000000000002,odom_y,/odom,-0.056125315444909486,0.5
8402ee7a-2186-4cd2-a772-e781413c05de,29.16,odom_y,/odom,-0.05620050619678765,0.5
8402ee7a-2186-4cd2-a772-e781413c05de,29.196,odom_y,/odom,-0.05627092084242188,0.5
8402ee7a-2186-4cd2-a772-e781413c05de,29.232000000000003,odom_y,/odom,-0.056337006828065334,0.5
8402ee7a-2186-4cd2-a772-e781413c05de,29.268,odom_y,/odom,-0.05640018264411201,0.5
8402ee7a-2186-4cd2-a772-e781413c05de,29.304000000000002,odom_y,/odom,-0.0564592039222477,0.5
8402ee7a-2186-4cd2-a772-e781413c05de,29.340000000000003,odom_y,/odom,-0.056514295554507064,0.5
8402ee7a-2186-4cd2-a772-e781413c05de,29.376,odom_y,/odom,-0.056565167375771205,0.5
8402ee7a-2186-4cd2-a772-e781413c05de,29.412000000000003,odom_y,/odom,-0.05661085800654869,0.5
8402ee7a-2186-4cd2-a772-e781413c05de,29.448,odom_y,/odom,-0.056651939736566966,0.5
8402ee7a-2186-4cd2-a772-e781413c05de,29.484,odom_y,/odom,-0.056687569631932284,0.5
8402ee7a-2186-4cd2-a772-e781413c05de,29.520000000000003,odom_y,/odom,-0.05671658759380429,0.5
8402ee7a-2186-4cd2-a772-e781413c05de,29.556,odom_y,/odom,-0.05673849202512663,0.5
8402ee7a-2186-4cd2-a772-e781413c05de,29.592000000000002,odom_y,/odom,-0.05675258451944164,0.5
8402ee7a-2186-4cd2-a772-e781413c05de,29.628,odom_y,/odom,-0.056758321555771284,0.5
8402ee7a-2186-4cd2-a772-e781413c05de,29.664,odom_y,/odom,-0.056755487848748516,0.5
8402ee7a-2186-4cd2-a772-e781413c05de,29.700000000000003,odom_y,/odom,-0.056743547236348967,0.5
8402ee7a-2186-4cd2-a772-e781413c05de,29.736,odom_y,/odom,-0.056722785220253424,0.5
8402ee7a-2186-4cd2-a772-e781413c05de,29.772000000000002,odom_y,/odom,-0.056694159448034326,0.5
8402ee7a-2186-4cd2-a772-e781413c05de,29.808000000000003,odom_y,/odom,-0.05665841358364228,0.5
8402ee7a-2186-4cd2-a772-e781413c05de,29.844,odom_y,/odom,-0.05661691007659427,0.5
8402ee7a-2186-4cd2-a772-e781413c05de,29.880000000000003,odom_y,/odom,-0.056568572460605766,0.5
8402ee7a-2186-4cd2-a772-e781413c05de,29.916,odom_y,/odom,-0.05651262947185005,0.5
8402ee7a-2186-4cd2-a772-e781413c05de,29.952,odom_y,/odom,-0.05645106759737286,0.5
8402ee7a-2186-4cd2-a772-e781413c05de,29.988000000000003,odom_y,/odom,-0.05638362855289041,0.5
8402ee7a-2186-4cd2-a772-e781413c05de,30.024,odom_y,/odom,-0.056310494709269104,0.5
8402ee7a-2186-4cd2-a772-e781413c05de,30.060000000000002,odom_y,/odom,-0.056233502331347746,0.5
8402ee7a-2186-4cd2-a772-e781413c05de,30.096000000000004,odom_y,/odom,-0.056157495402947795,0.5
8402ee7a-2186-4cd2-a772-e781413c05de,30.132,odom_y,/odom,-0.05607976312422868,0.5
8402ee7a-2186-4cd2-a772-e781413c05de,30.168000000000003,odom_y,/odom,-0.0560024438124548,0.5
8402ee7a-2186-4cd2-a772-e781413c05de,30.204,odom_y,/odom,-0.055924829514514475,0.5
8402ee7a-2186-4cd2-a772-e781413c05de,30.240000000000002,odom_y,/odom,-0.05584549046647371,0.5
8402ee7a-2186-4cd2-a772-e781413c05de,30.276000000000003,odom_y,/odom,-0.055763672117469514,0.5
8402ee7a-2186-4cd2-a772-e781413c05de,30.312,odom_y,/odom,-0.05567996308434546,0.5
8402ee7a-2186-4cd2-a772-e781413c05de,30.348000000000003,odom_y,/odom,-0.05559296166445236,0.5
8402ee7a-2186-4cd2-a772-e781413c05de,30.384,odom_y,/odom,-0.055504910100646045,0.5
8402ee7a-2186-4cd2-a772-e781413c05de,30.42,odom_y,/odom,-0.05541394901041128,0.5
8402ee7a-2186-4cd2-a772-e781413c05de,30.456000000000003,odom_y,/odom,-0.05531875419396154,0.5
8402ee7a-2186-4cd2-a772-e781413c05de,30.492,odom_y,/odom,-0.05522136699128758,0.5
8402ee7a-2186-4cd2-a772-e781413c05de,30.528000000000002,odom_y,/odom,-0.055121451691399335,0.5
8402ee7a-2186-4cd2-a772-e781413c05de,30.564000000000004,odom_y,/odom,-0.05502000645628698,0.5
8402ee7a-2186-4cd2-a772-e781413c05de,30.6,odom_y,/odom,-0.05491520772684545,0.5
8402ee7a-2186-4cd2-a772-e781413c05de,30.636000000000003,odom_y,/odom,-0.05480859398960628,0.5
8402ee7a-2186-4cd2-a772-e781413c05de,30.672,odom_y,/odom,-0.05469897771109256,0.5
8402ee7a-2186-4cd2-a772-e781413c05de,30.711000000000002,odom_y,/odom,-0.05458778208099396,0.5
8402ee7a-2186-4cd2-a772-e781413c05de,30.744000000000003,odom_y,/odom,-0.05447563061249905,0.5
8402ee7a-2186-4cd2-a772-e781413c05de,30.78,odom_y,/odom,-0.054360977894708555,0.5
8402ee7a-2186-4cd2-a772-e781413c05de,30.816000000000003,odom_y,/odom,-0.05424556828256705,0.5
8402ee7a-2186-4cd2-a772-e781413c05de,30.852,odom_y,/odom,-0.05412907685415775,0.5
8402ee7a-2186-4cd2-a772-e781413c05de,30.888,odom_y,/odom,-0.05401119359095487,0.5
8402ee7a-2186-4cd2-a772-e781413c05de,30.924000000000003,odom_y,/odom,-0.05389164542323398,0.5
8402ee7a-2186-4cd2-a772-e781413c05de,30.96,odom_y,/odom,-0.05376991091508686,0.5
8402ee7a-2186-4cd2-a772-e781413c05de,30.996000000000002,odom_y,/odom,-0.053647678901846574,0.5
8402ee7a-2186-4cd2-a772-e781413c05de,31.032000000000004,odom_y,/odom,-0.05352484275074385,0.5
8402ee7a-2186-4cd2-a772-e781413c05de,31.068,odom_y,/odom,-0.053404158707331915,0.5
8402ee7a-2186-4cd2-a772-e781413c05de,31.104000000000003,odom_y,/odom,-0.053283830578180445,0.5
8402ee7a-2186-4cd2-a772-e781413c05de,31.14,odom_y,/odom,-0.05316560070930317,0.5
8402ee7a-2186-4cd2-a772-e781413c05de,31.176000000000002,odom_y,/odom,-0.05304678919327677,0.5
8402ee7a-2186-4cd2-a772-e781413c05de,31.212000000000003,odom_y,/odom,-0.052925669171719376,0.5
8402ee7a-2186-4cd2-a772-e781413c05de,31.248,odom_y,/odom,-0.05280235862254005,0.5
8402ee7a-2186-4cd2-a772-e781413c05de,31.284000000000002,odom_y,/odom,-0.05267635938451276,0.5
8402ee7a-2186-4cd2-a772-e781413c05de,31.32,odom_y,/odom,-0.05254891182004594,0.5
8402ee7a-2186-4cd2-a772-e781413c05de,31.356,odom_y,/odom,-0.05242204459061381,0.5
8402ee7a-2186-4cd2-a772-e781413c05de,31.392000000000003,odom_y,/odom,-0.05229339988086672,0.5
8402ee7a-2186-4cd2-a772-e781413c05de,31.428,odom_y,/odom,-0.05216315388227188,0.5
8402ee7a-2186-4cd2-a772-e781413c05de,31.464000000000002,odom_y,/odom,-0.05202920028097406,0.5
8402ee7a-2186-4cd2-a772-e781413c05de,31.500000000000004,odom_y,/odom,-0.05189612539107515,0.5
8402ee7a-2186-4cd2-a772-e781413c05de,31.536,odom_y,/odom,-0.05176308373617819,0.5
8402ee7a-2186-4cd2-a772-e781413c05de,31.572000000000003,odom_y,/odom,-0.051630020829369676,0.5
8402ee7a-2186-4cd2-a772-e781413c05de,31.611,odom_y,/odom,-0.0514953853439741,0.5
8402ee7a-2186-4cd2-a772-e781413c05de,31.644000000000002,odom_y,/odom,-0.0513609620300021,0.5
8402ee7a-2186-4cd2-a772-e781413c05de,31.680000000000003,odom_y,/odom,-0.05122611755061213,0.5
8402ee7a-2186-4cd2-a772-e781413c05de,31.716,odom_y,/odom,-0.051093668904602096,0.5
8402ee7a-2186-4cd2-a772-e781413c05de,31.752000000000002,odom_y,/odom,-0.05096408282394872,0.5
8402ee7a-2186-4cd2-a772-e781413c05de,31.788,odom_y,/odom,-0.050833272484822105,0.5
8402ee7a-2186-4cd2-a772-e781413c05de,31.824,odom_y,/odom,-0.05070107515588926,0.5
8402ee7a-2186-4cd2-a772-e781413c05de,31.860000000000003,odom_y,/odom,-0.05057120213805431,0.5
8402ee7a-2186-4cd2-a772-e781413c05de,31.896,odom_y,/odom,-0.05044460442477518,0.5
8402ee7a-2186-4cd2-a772-e781413c05de,31.932000000000002,odom_y,/odom,-0.050317910117706546,0.5
8402ee7a-2186-4cd2-a772-e781413c05de,31.968000000000004,odom_y,/odom,-0.05019320252044632,0.5
8402ee7a-2186-4cd2-a772-e781413c05de,32.004000000000005,odom_y,/odom,-0.05006468762346076,0.5
8402ee7a-2186-4cd2-a772-e781413c05de,32.04,odom_y,/odom,-0.04993822975441747,0.5
8402ee7a-2186-4cd2-a772-e781413c05de,32.076,odom_y,/odom,-0.049811784535066156,0.5
8402ee7a-2186-4cd2-a772-e781413c05de,32.112,odom_y,/odom,-0.0496848275463437,0.5
8402ee7a-2186-4cd2-a772-e781413c05de,32.148,odom_y,/odom,-0.04955860083546647,0.5
8402ee7a-2186-4cd2-a772-e781413c05de,32.184000000000005,odom_y,/odom,-0.0494381775160899,0.5
8402ee7a-2186-4cd2-a772-e781413c05de,32.22,odom_y,/odom,-0.049318175117035824,0.5
8402ee7a-2186-4cd2-a772-e781413c05de,32.256,odom_y,/odom,-0.04919689664589755,0.5
8402ee7a-2186-4cd2-a772-e781413c05de,32.292,odom_y,/odom,-0.04907719903289051,0.5
8402ee7a-2186-4cd2-a772-e781413c05de,32.328,odom_y,/odom,-0.04895809620866156,0.5
8402ee7a-2186-4cd2-a772-e781413c05de,32.364000000000004,odom_y,/odom,-0.048838746502094244,0.5
8402ee7a-2186-4cd2-a772-e781413c05de,32.4,odom_y,/odom,-0.04872617973839692,0.5
8402ee7a-2186-4cd2-a772-e781413c05de,32.436,odom_y,/odom,-0.04862959733181745,0.5
8402ee7a-2186-4cd2-a772-e781413c05de,32.472,odom_y,/odom,-0.04858342530246195,0.5
8402ee7a-2186-4cd2-a772-e781413c05de,32.511,odom_y,/odom,-0.04857971036839301,0.5
8402ee7a-2186-4cd2-a772-e781413c05de,32.544000000000004,odom_y,/odom,-0.04857971036839301,0.5
8402ee7a-2186-4cd2-a772-e781413c05de,32.580000000000005,odom_y,/odom,-0.04857971036839301,0.5
8402ee7a-2186-4cd2-a772-e781413c05de,32.616,odom_y,/odom,-0.04857971036839301,0.5
8402ee7a-2186-4cd2-a772-e781413c05de,32.652,odom_y,/odom,-0.04857971036839301,0.5
8402ee7a-2186-4cd2-a772-e781413c05de,32.688,odom_y,/odom,-0.04857971036839301,0.5
8402ee7a-2186-4cd2-a772-e781413c05de,32.724000000000004,odom_y,/odom,-0.04857971036839301,0.5
8402ee7a-2186-4cd2-a772-e781413c05de,32.760000000000005,odom_y,/odom,-0.04857971036839301,0.5
8402ee7a-2186-4cd2-a772-e781413c05de,32.796,odom_y,/odom,-0.04857971036839301,0.5
8402ee7a-2186-4cd2-a772-e781413c05de,32.832,odom_y,/odom,-0.04857971036839301,0.5
8402ee7a-2186-4cd2-a772-e781413c05de,32.868,odom_y,/odom,-0.04857971036839301,0.5
8402ee7a-2186-4cd2-a772-e781413c05de,32.904,odom_y,/odom,-0.04857971036839301,0.5
8402ee7a-2186-4cd2-a772-e781413c05de,32.940000000000005,odom_y,/odom,-0.04857971036839301,0.5
8402ee7a-2186-4cd2-a772-e781413c05de,32.976,odom_y,/odom,-0.04857971036839301,0.5
8402ee7a-2186-4cd2-a772-e781413c05de,33.012,odom_y,/odom,-0.04857971036839301,0.5
8402ee7a-2186-4cd2-a772-e781413c05de,33.048,odom_y,/odom,-0.04857971036839301,0.5
8402ee7a-2186-4cd2-a772-e781413c05de,33.084,odom_y,/odom,-0.04857971036839301,0.5
8402ee7a-2186-4cd2-a772-e781413c05de,13.095,pose_covariance_trace,/amcl_pose,1.0946799022804343e-13,2.0
8402ee7a-2186-4cd2-a772-e781413c05de,16.713,pose_covariance_trace,/amcl_pose,0.02830380101078391,2.0
8402ee7a-2186-4cd2-a772-e781413c05de,18.216,pose_covariance_trace,/amcl_pose,0.054405581614493714,2.0
8402ee7a-2186-4cd2-a772-e781413c05de,19.62,pose_covariance_trace,/amcl_pose,0.07115677897013145,2.0
8402ee7a-2186-4cd2-a772-e781413c05de,21.024,pose_covariance_trace,/amcl_pose,0.07720648124606048,2.0
8402ee7a-2186-4cd2-a772-e781413c05de,22.509,pose_covariance_trace,/amcl_pose,0.08849476499819246,2.0
8402ee7a-2186-4cd2-a772-e781413c05de,24.012,pose_covariance_trace,/amcl_pose,0.10893898492973733,2.0
8402ee7a-2186-4cd2-a772-e781413c05de,25.416,pose_covariance_trace,/amcl_pose,0.12263388657873146,2.0
8402ee7a-2186-4cd2-a772-e781413c05de,26.82,pose_covariance_trace,/amcl_pose,0.137647181056665,2.0
8402ee7a-2186-4cd2-a772-e781413c05de,28.41,pose_covariance_trace,/amcl_pose,0.14026439397621848,2.0
8402ee7a-2186-4cd2-a772-e781413c05de,30.312,pose_covariance_trace,/amcl_pose,0.18610994821203686,2.0
8402ee7a-2186-4cd2-a772-e781413c05de,13.122000000000002,uncertainty_mean,/semantic/uncertainty,0.005031578900164201,1.0
8402ee7a-2186-4cd2-a772-e781413c05de,13.221,uncertainty_mean,/semantic/uncertainty,0.005029763492213041,1.0
8402ee7a-2186-4cd2-a772-e781413c05de,13.323,uncertainty_mean,/semantic/uncertainty,0.005030354157325973,1.0
8402ee7a-2186-4cd2-a772-e781413c05de,13.440000000000001,uncertainty_mean,/semantic/uncertainty,0.005031891604543072,1.0
8402ee7a-2186-4cd2-a772-e781413c05de,13.521,uncertainty_mean,/semantic/uncertainty,0.005032003351452848,1.0
8402ee7a-2186-4cd2-a772-e781413c05de,13.623000000000001,uncertainty_mean,/semantic/uncertainty,0.0050306655738684945,1.0
8402ee7a-2186-4cd2-a772-e781413c05de,13.722000000000001,uncertainty_mean,/semantic/uncertainty,0.005031267121985934,1.0
8402ee7a-2186-4cd2-a772-e781413c05de,13.839,uncertainty_mean,/semantic/uncertainty,0.005033099831414915,1.0
8402ee7a-2186-4cd2-a772-e781413c05de,13.944,uncertainty_mean,/semantic/uncertainty,0.005031203709004141,1.0
8402ee7a-2186-4cd2-a772-e781413c05de,14.022,uncertainty_mean,/semantic/uncertainty,0.005031746522503227,1.0
8402ee7a-2186-4cd2-a772-e781413c05de,14.121,uncertainty_mean,/semantic/uncertainty,0.005032535975096077,1.0
8402ee7a-2186-4cd2-a772-e781413c05de,14.22,uncertainty_mean,/semantic/uncertainty,0.0050308977374813445,1.0
8402ee7a-2186-4cd2-a772-e781413c05de,14.340000000000002,uncertainty_mean,/semantic/uncertainty,0.005032277858494277,1.0
8402ee7a-2186-4cd2-a772-e781413c05de,14.418000000000001,uncertainty_mean,/semantic/uncertainty,0.005031132410066448,1.0
8402ee7a-2186-4cd2-a772-e781413c05de,14.523000000000001,uncertainty_mean,/semantic/uncertainty,0.005032634661312727,1.0
8402ee7a-2186-4cd2-a772-e781413c05de,14.622000000000002,uncertainty_mean,/semantic/uncertainty,0.00503152235102391,1.0
8402ee7a-2186-4cd2-a772-e781413c05de,14.742,uncertainty_mean,/semantic/uncertainty,0.0050311959041918425,1.0
8402ee7a-2186-4cd2-a772-e781413c05de,14.841000000000001,uncertainty_mean,/semantic/uncertainty,0.005033618052388533,1.0
8402ee7a-2186-4cd2-a772-e781413c05de,14.919,uncertainty_mean,/semantic/uncertainty,0.005029963062796507,1.0
8402ee7a-2186-4cd2-a772-e781413c05de,15.021,uncertainty_mean,/semantic/uncertainty,0.005172965403363984,1.0
8402ee7a-2186-4cd2-a772-e781413c05de,15.123000000000001,uncertainty_mean,/semantic/uncertainty,0.00526774837162634,1.0
8402ee7a-2186-4cd2-a772-e781413c05de,15.243,uncertainty_mean,/semantic/uncertainty,0.00558912917875413,1.0
8402ee7a-2186-4cd2-a772-e781413c05de,15.321000000000002,uncertainty_mean,/semantic/uncertainty,0.005824228224804718,1.0
8402ee7a-2186-4cd2-a772-e781413c05de,15.423000000000002,uncertainty_mean,/semantic/uncertainty,0.00592471867644709,1.0
8402ee7a-2186-4cd2-a772-e781413c05de,15.522,uncertainty_mean,/semantic/uncertainty,0.005963529314394501,1.0
8402ee7a-2186-4cd2-a772-e781413c05de,15.642000000000001,uncertainty_mean,/semantic/uncertainty,0.006358221629169331,1.0
8402ee7a-2186-4cd2-a772-e781413c05de,15.744000000000002,uncertainty_mean,/semantic/uncertainty,0.0065112979958299394,1.0
8402ee7a-2186-4cd2-a772-e781413c05de,15.822000000000001,uncertainty_mean,/semantic/uncertainty,0.006548972013011583,1.0
8402ee7a-2186-4cd2-a772-e781413c05de,15.921000000000001,uncertainty_mean,/semantic/uncertainty,0.0067978292623634695,1.0
8402ee7a-2186-4cd2-a772-e781413c05de,16.023,uncertainty_mean,/semantic/uncertainty,0.00705225525595002,1.0
8402ee7a-2186-4cd2-a772-e781413c05de,16.14,uncertainty_mean,/semantic/uncertainty,0.007213340698847143,1.0
8402ee7a-2186-4cd2-a772-e781413c05de,16.221,uncertainty_mean,/semantic/uncertainty,0.007562838357875042,1.0
8402ee7a-2186-4cd2-a772-e781413c05de,16.323,uncertainty_mean,/semantic/uncertainty,0.008058565577936558,1.0
8402ee7a-2186-4cd2-a772-e781413c05de,16.419,uncertainty_mean,/semantic/uncertainty,0.008543191988542654,1.0
8402ee7a-2186-4cd2-a772-e781413c05de,16.542,uncertainty_mean,/semantic/uncertainty,0.00881969180768266,1.0
8402ee7a-2186-4cd2-a772-e781413c05de,16.644000000000002,uncertainty_mean,/semantic/uncertainty,0.009316393855838972,1.0
8402ee7a-2186-4cd2-a772-e781413c05de,16.722,uncertainty_mean,/semantic/uncertainty,0.009852501890652642,1.0
8402ee7a-2186-4cd2-a772-e781413c05de,16.821,uncertainty_mean,/semantic/uncertainty,0.010333349374995037,1.0
8402ee7a-2186-4cd2-a772-e781413c05de,16.923000000000002,uncertainty_mean,/semantic/uncertainty,0.010693763267825698,1.0
8402ee7a-2186-4cd2-a772-e781413c05de,17.043000000000003,uncertainty_mean,/semantic/uncertainty,0.011384829849613993,1.0
8402ee7a-2186-4cd2-a772-e781413c05de,17.118000000000002,uncertainty_mean,/semantic/uncertainty,0.011976772970919617,1.0
8402ee7a-2186-4cd2-a772-e781413c05de,17.223000000000003,uncertainty_mean,/semantic/uncertainty,0.012531468948626194,1.0
8402ee7a-2186-4cd2-a772-e781413c05de,17.322000000000003,uncertainty_mean,/semantic/uncertainty,0.012809491766147355,1.0
8402ee7a-2186-4cd2-a772-e781413c05de,17.439,uncertainty_mean,/semantic/uncertainty,0.012836762984661949,1.0
8402ee7a-2186-4cd2-a772-e781413c05de,17.541,uncertainty_mean,/semantic/uncertainty,0.012850290632993951,1.0
8402ee7a-2186-4cd2-a772-e781413c05de,17.622,uncertainty_mean,/semantic/uncertainty,0.012873608802002015,1.0
8402ee7a-2186-4cd2-a772-e781413c05de,17.721,uncertainty_mean,/semantic/uncertainty,0.012866936217018909,1.0
8402ee7a-2186-4cd2-a772-e781413c05de,17.823,uncertainty_mean,/semantic/uncertainty,0.012908616970728275,1.0
8402ee7a-2186-4cd2-a772-e781413c05de,17.94,uncertainty_mean,/semantic/uncertainty,0.012948288652820376,1.0
8402ee7a-2186-4cd2-a772-e781413c05de,18.021,uncertainty_mean,/semantic/uncertainty,0.012984495770255365,1.0
8402ee7a-2186-4cd2-a772-e781413c05de,18.123,uncertainty_mean,/semantic/uncertainty,0.013013691439132795,1.0
8402ee7a-2186-4cd2-a772-e781413c05de,18.222,uncertainty_mean,/semantic/uncertainty,0.013064812075115905,1.0
8402ee7a-2186-4cd2-a772-e781413c05de,18.339000000000002,uncertainty_mean,/semantic/uncertainty,0.013092253770549006,1.0
8402ee7a-2186-4cd2-a772-e781413c05de,18.444000000000003,uncertainty_mean,/semantic/uncertainty,0.013122630668930822,1.0
8402ee7a-2186-4cd2-a772-e781413c05de,18.522000000000002,uncertainty_mean,/semantic/uncertainty,0.01316592647149496,1.0
8402ee7a-2186-4cd2-a772-e781413c05de,18.621000000000002,uncertainty_mean,/semantic/uncertainty,0.013140863332301057,1.0
8402ee7a-2186-4cd2-a772-e781413c05de,18.723000000000003,uncertainty_mean,/semantic/uncertainty,0.013125496759336126,1.0
8402ee7a-2186-4cd2-a772-e781413c05de,18.84,uncertainty_mean,/semantic/uncertainty,0.013089288047513463,1.0
8402ee7a-2186-4cd2-a772-e781413c05de,18.921000000000003,uncertainty_mean,/semantic/uncertainty,0.013053988408180643,1.0
8402ee7a-2186-4cd2-a772-e781413c05de,19.023,uncertainty_mean,/semantic/uncertainty,0.01295354101076891,1.0
8402ee7a-2186-4cd2-a772-e781413c05de,19.122,uncertainty_mean,/semantic/uncertainty,0.012812457669308492,1.0
8402ee7a-2186-4cd2-a772-e781413c05de,19.242,uncertainty_mean,/semantic/uncertainty,0.012620115800470219,1.0
8402ee7a-2186-4cd2-a772-e781413c05de,19.341,uncertainty_mean,/semantic/uncertainty,0.012384960263682873,1.0
8402ee7a-2186-4cd2-a772-e781413c05de,19.422,uncertainty_mean,/semantic/uncertainty,0.01212696626353111,1.0
8402ee7a-2186-4cd2-a772-e781413c05de,19.521,uncertainty_mean,/semantic/uncertainty,0.011511161119481746,1.0
8402ee7a-2186-4cd2-a772-e781413c05de,19.623,uncertainty_mean,/semantic/uncertainty,0.011135038760162506,1.0
8402ee7a-2186-4cd2-a772-e781413c05de,19.740000000000002,uncertainty_mean,/semantic/uncertainty,0.010761240870275834,1.0
8402ee7a-2186-4cd2-a772-e781413c05de,19.821,uncertainty_mean,/semantic/uncertainty,0.009945432993754616,1.0
8402ee7a-2186-4cd2-a772-e781413c05de,19.923000000000002,uncertainty_mean,/semantic/uncertainty,0.009484868805724685,1.0
8402ee7a-2186-4cd2-a772-e781413c05de,20.022000000000002,uncertainty_mean,/semantic/uncertainty,0.008628219928879103,1.0
8402ee7a-2186-4cd2-a772-e781413c05de,20.139000000000003,uncertainty_mean,/semantic/uncertainty,0.007808216610288217,1.0
8402ee7a-2186-4cd2-a772-e781413c05de,20.241,uncertainty_mean,/semantic/uncertainty,0.007083585851097922,1.0
8402ee7a-2186-4cd2-a772-e781413c05de,20.322000000000003,uncertainty_mean,/semantic/uncertainty,0.006561315078065455,1.0
8402ee7a-2186-4cd2-a772-e781413c05de,20.421000000000003,uncertainty_mean,/semantic/uncertainty,0.0060119231987815994,1.0
8402ee7a-2186-4cd2-a772-e781413c05de,20.523,uncertainty_mean,/semantic/uncertainty,0.005197973023368583,1.0
8402ee7a-2186-4cd2-a772-e781413c05de,20.64,uncertainty_mean,/semantic/uncertainty,0.004944620052262607,1.0
8402ee7a-2186-4cd2-a772-e781413c05de,20.721,uncertainty_mean,/semantic/uncertainty,0.004816948252287076,1.0
8402ee7a-2186-4cd2-a772-e781413c05de,20.823,uncertainty_mean,/semantic/uncertainty,0.004699676761950719,1.0
8402ee7a-2186-4cd2-a772-e781413c05de,20.922,uncertainty_mean,/semantic/uncertainty,0.004583608992067311,1.0
8402ee7a-2186-4cd2-a772-e781413c05de,21.039,uncertainty_mean,/semantic/uncertainty,0.004462580374223523,1.0
8402ee7a-2186-4cd2-a772-e781413c05de,21.144000000000002,uncertainty_mean,/semantic/uncertainty,0.0043122803467046346,1.0
8402ee7a-2186-4cd2-a772-e781413c05de,21.222,uncertainty_mean,/semantic/uncertainty,0.004185467159774691,1.0
8402ee7a-2186-4cd2-a772-e781413c05de,21.321,uncertainty_mean,/semantic/uncertainty,0.004048160906103319,1.0
8402ee7a-2186-4cd2-a772-e781413c05de,21.42,uncertainty_mean,/semantic/uncertainty,0.003922347170824759,1.0
8402ee7a-2186-4cd2-a772-e781413c05de,21.543000000000003,uncertainty_mean,/semantic/uncertainty,0.003800681486895397,1.0
8402ee7a-2186-4cd2-a772-e781413c05de,21.621000000000002,uncertainty_mean,/semantic/uncertainty,0.0036759760948516748,1.0
8402ee7a-2186-4cd2-a772-e781413c05de,21.723000000000003,uncertainty_mean,/semantic/uncertainty,0.0035603509428852576,1.0
8402ee7a-2186-4cd2-a772-e781413c05de,21.822000000000003,uncertainty_mean,/semantic/uncertainty,0.0034926312449711124,1.0
8402ee7a-2186-4cd2-a772-e781413c05de,21.942,uncertainty_mean,/semantic/uncertainty,0.003453392812343535,1.0
8402ee7a-2186-4cd2-a772-e781413c05de,22.041,uncertainty_mean,/semantic/uncertainty,0.0034476139015844963,1.0
8402ee7a-2186-4cd2-a772-e781413c05de,22.125,uncertainty_mean,/semantic/uncertainty,0.003435297378613503,1.0
8402ee7a-2186-4cd2-a772-e781413c05de,22.221,uncertainty_mean,/semantic/uncertainty,0.0034103138269110053,1.0
8402ee7a-2186-4cd2-a772-e781413c05de,22.323,uncertainty_mean,/semantic/uncertainty,0.0033906384491227113,1.0
8402ee7a-2186-4cd2-a772-e781413c05de,22.443,uncertainty_mean,/semantic/uncertainty,0.0033473195436244415,1.0
8402ee7a-2186-4cd2-a772-e781413c05de,22.521,uncertainty_mean,/semantic/uncertainty,0.003304246641580993,1.0
8402ee7a-2186-4cd2-a772-e781413c05de,22.623,uncertainty_mean,/semantic/uncertainty,0.0032422590138117733,1.0
8402ee7a-2186-4cd2-a772-e781413c05de,22.722,uncertainty_mean,/semantic/uncertainty,0.0031862439595145395,1.0
8402ee7a-2186-4cd2-a772-e781413c05de,22.839000000000002,uncertainty_mean,/semantic/uncertainty,0.0030938534792231093,1.0
8402ee7a-2186-4cd2-a772-e781413c05de,22.944000000000003,uncertainty_mean,/semantic/uncertainty,0.0031563917602939165,1.0
8402ee7a-2186-4cd2-a772-e781413c05de,23.022000000000002,uncertainty_mean,/semantic/uncertainty,0.003091593302056192,1.0
8402ee7a-2186-4cd2-a772-e781413c05de,23.121000000000002,uncertainty_mean,/semantic/uncertainty,0.003007972118335805,1.0
8402ee7a-2186-4cd2-a772-e781413c05de,23.223000000000003,uncertainty_mean,/semantic/uncertainty,0.0029100087948557393,1.0
8402ee7a-2186-4cd2-a772-e781413c05de,23.34,uncertainty_mean,/semantic/uncertainty,0.002768614534174105,1.0
8402ee7a-2186-4cd2-a772-e781413c05de,23.421000000000003,uncertainty_mean,/semantic/uncertainty,0.002685459816626713,1.0
8402ee7a-2186-4cd2-a772-e781413c05de,23.523000000000003,uncertainty_mean,/semantic/uncertainty,0.002632378965779883,1.0
8402ee7a-2186-4cd2-a772-e781413c05de,23.622,uncertainty_mean,/semantic/uncertainty,0.0026020453321742446,1.0
8402ee7a-2186-4cd2-a772-e781413c05de,23.742,uncertainty_mean,/semantic/uncertainty,0.0025368347937666513,1.0
8402ee7a-2186-4cd2-a772-e781413c05de,23.841,uncertainty_mean,/semantic/uncertainty,0.002494382464081705,1.0
8402ee7a-2186-4cd2-a772-e781413c05de,23.922,uncertainty_mean,/semantic/uncertainty,0.0024325789134432203,1.0
8402ee7a-2186-4cd2-a772-e781413c05de,24.021,uncertainty_mean,/semantic/uncertainty,0.002401060673053858,1.0
8402ee7a-2186-4cd2-a772-e781413c05de,24.123,uncertainty_mean,/semantic/uncertainty,0.0023453022786613666,1.0
8402ee7a-2186-4cd2-a772-e781413c05de,24.243000000000002,uncertainty_mean,/semantic/uncertainty,0.0023305715110920507,1.0
8402ee7a-2186-4cd2-a772-e781413c05de,24.321,uncertainty_mean,/semantic/uncertainty,0.002320249155663537,1.0
8402ee7a-2186-4cd2-a772-e781413c05de,24.423000000000002,uncertainty_mean,/semantic/uncertainty,0.0023054997026781265,1.0
8402ee7a-2186-4cd2-a772-e781413c05de,24.522000000000002,uncertainty_mean,/semantic/uncertainty,0.0023015475412314977,1.0
8402ee7a-2186-4cd2-a772-e781413c05de,24.642000000000003,uncertainty_mean,/semantic/uncertainty,0.0022903812971941068,1.0
8402ee7a-2186-4cd2-a772-e781413c05de,24.744,uncertainty_mean,/semantic/uncertainty,0.002293268874085825,1.0
8402ee7a-2186-4cd2-a772-e781413c05de,24.822000000000003,uncertainty_mean,/semantic/uncertainty,0.0022863541157547,1.0
8402ee7a-2186-4cd2-a772-e781413c05de,24.921000000000003,uncertainty_mean,/semantic/uncertainty,0.0022916613485968185,1.0
8402ee7a-2186-4cd2-a772-e781413c05de,25.020000000000003,uncertainty_mean,/semantic/uncertainty,0.0022981790326294534,1.0
8402ee7a-2186-4cd2-a772-e781413c05de,25.143,uncertainty_mean,/semantic/uncertainty,0.002306217256210926,1.0
8402ee7a-2186-4cd2-a772-e781413c05de,25.218,uncertainty_mean,/semantic/uncertainty,0.0023259249715235934,1.0
8402ee7a-2186-4cd2-a772-e781413c05de,25.323,uncertainty_mean,/semantic/uncertainty,0.0023397581053728445,1.0
8402ee7a-2186-4cd2-a772-e781413c05de,25.422,uncertainty_mean,/semantic/uncertainty,0.002359761399552009,1.0
8402ee7a-2186-4cd2-a772-e781413c05de,25.542,uncertainty_mean,/semantic/uncertainty,0.002365126969970485,1.0
8402ee7a-2186-4cd2-a772-e781413c05de,25.644000000000002,uncertainty_mean,/semantic/uncertainty,0.002401639838114923,1.0
8402ee7a-2186-4cd2-a772-e781413c05de,25.719,uncertainty_mean,/semantic/uncertainty,0.0023935496838913472,1.0
8402ee7a-2186-4cd2-a772-e781413c05de,25.821,uncertainty_mean,/semantic/uncertainty,0.0023966106959722746,1.0
8402ee7a-2186-4cd2-a772-e781413c05de,25.923000000000002,uncertainty_mean,/semantic/uncertainty,0.0023879132210156643,1.0
8402ee7a-2186-4cd2-a772-e781413c05de,26.043000000000003,uncertainty_mean,/semantic/uncertainty,0.0023912307378829213,1.0
8402ee7a-2186-4cd2-a772-e781413c05de,26.121000000000002,uncertainty_mean,/semantic/uncertainty,0.0023860095391088857,1.0
8402ee7a-2186-4cd2-a772-e781413c05de,26.223000000000003,uncertainty_mean,/semantic/uncertainty,0.0023877699585452858,1.0
8402ee7a-2186-4cd2-a772-e781413c05de,26.322000000000003,uncertainty_mean,/semantic/uncertainty,0.00237835996431541,1.0
8402ee7a-2186-4cd2-a772-e781413c05de,26.442,uncertainty_mean,/semantic/uncertainty,0.0024029248259494255,1.0
8402ee7a-2186-4cd2-a772-e781413c05de,26.544,uncertainty_mean,/semantic/uncertainty,0.0024010971248201803,1.0
8402ee7a-2186-4cd2-a772-e781413c05de,26.622,uncertainty_mean,/semantic/uncertainty,0.0024043405641713395,1.0
8402ee7a-2186-4cd2-a772-e781413c05de,26.721,uncertainty_mean,/semantic/uncertainty,0.002405160896111459,1.0
8402ee7a-2186-4cd2-a772-e781413c05de,26.823,uncertainty_mean,/semantic/uncertainty,0.002411942797514435,1.0
8402ee7a-2186-4cd2-a772-e781413c05de,26.943,uncertainty_mean,/semantic/uncertainty,0.0024194502463893088,1.0
8402ee7a-2186-4cd2-a772-e781413c05de,27.021,uncertainty_mean,/semantic/uncertainty,0.0024267690337559365,1.0
8402ee7a-2186-4cd2-a772-e781413c05de,27.123,uncertainty_mean,/semantic/uncertainty,0.002440362145401398,1.0
8402ee7a-2186-4cd2-a772-e781413c05de,27.222,uncertainty_mean,/semantic/uncertainty,0.0024775143244926963,1.0
8402ee7a-2186-4cd2-a772-e781413c05de,27.339000000000002,uncertainty_mean,/semantic/uncertainty,0.00251488218204092,1.0
8402ee7a-2186-4cd2-a772-e781413c05de,27.444000000000003,uncertainty_mean,/semantic/uncertainty,0.00258611062495414,1.0
8402ee7a-2186-4cd2-a772-e781413c05de,27.522000000000002,uncertainty_mean,/semantic/uncertainty,0.002679446483234583,1.0
8402ee7a-2186-4cd2-a772-e781413c05de,27.621000000000002,uncertainty_mean,/semantic/uncertainty,0.0027768704075338962,1.0
8402ee7a-2186-4cd2-a772-e781413c05de,27.723000000000003,uncertainty_mean,/semantic/uncertainty,0.0028233892119835483,1.0
8402ee7a-2186-4cd2-a772-e781413c05de,27.840000000000003,uncertainty_mean,/semantic/uncertainty,0.0028240237712760853,1.0
8402ee7a-2186-4cd2-a772-e781413c05de,27.921000000000003,uncertainty_mean,/semantic/uncertainty,0.002821341104816906,1.0
8402ee7a-2186-4cd2-a772-e781413c05de,28.023000000000003,uncertainty_mean,/semantic/uncertainty,0.002809962743115915,1.0
8402ee7a-2186-4cd2-a772-e781413c05de,28.122000000000003,uncertainty_mean,/semantic/uncertainty,0.0028027521407258445,1.0
8402ee7a-2186-4cd2-a772-e781413c05de,28.242,uncertainty_mean,/semantic/uncertainty,0.0027822217905385037,1.0
8402ee7a-2186-4cd2-a772-e781413c05de,28.344,uncertainty_mean,/semantic/uncertainty,0.002748500904836219,1.0
8402ee7a-2186-4cd2-a772-e781413c05de,28.422,uncertainty_mean,/semantic/uncertainty,0.002714569909968526,1.0
8402ee7a-2186-4cd2-a772-e781413c05de,28.521,uncertainty_mean,/semantic/uncertainty,0.002675992510240963,1.0
8402ee7a-2186-4cd2-a772-e781413c05de,28.623,uncertainty_mean,/semantic/uncertainty,0.0026226920288036364,1.0
8402ee7a-2186-4cd2-a772-e781413c05de,28.740000000000002,uncertainty_mean,/semantic/uncertainty,0.0025758067638733807,1.0
8402ee7a-2186-4cd2-a772-e781413c05de,28.821,uncertainty_mean,/semantic/uncertainty,0.0025367282430324898,1.0
8402ee7a-2186-4cd2-a772-e781413c05de,28.923000000000002,uncertainty_mean,/semantic/uncertainty,0.0025023278446479284,1.0
8402ee7a-2186-4cd2-a772-e781413c05de,29.022000000000002,uncertainty_mean,/semantic/uncertainty,0.0024425774780974705,1.0
8402ee7a-2186-4cd2-a772-e781413c05de,29.142000000000003,uncertainty_mean,/semantic/uncertainty,0.002352986266760707,1.0
8402ee7a-2186-4cd2-a772-e781413c05de,29.244000000000003,uncertainty_mean,/semantic/uncertainty,0.0023122898861831823,1.0
8402ee7a-2186-4cd2-a772-e781413c05de,29.322000000000003,uncertainty_mean,/semantic/uncertainty,0.002242671725386695,1.0
8402ee7a-2186-4cd2-a772-e781413c05de,29.421000000000003,uncertainty_mean,/semantic/uncertainty,0.002142639328610076,1.0
8402ee7a-2186-4cd2-a772-e781413c05de,29.523000000000003,uncertainty_mean,/semantic/uncertainty,0.00205075334489786,1.0
8402ee7a-2186-4cd2-a772-e781413c05de,29.64,uncertainty_mean,/semantic/uncertainty,0.0019291075376851492,1.0
8402ee7a-2186-4cd2-a772-e781413c05de,29.721,uncertainty_mean,/semantic/uncertainty,0.001841950279509632,1.0
8402ee7a-2186-4cd2-a772-e781413c05de,29.823,uncertainty_mean,/semantic/uncertainty,0.0018520007115630163,1.0
8402ee7a-2186-4cd2-a772-e781413c05de,29.922,uncertainty_mean,/semantic/uncertainty,0.001907066960610718,1.0
8402ee7a-2186-4cd2-a772-e781413c05de,30.039,uncertainty_mean,/semantic/uncertainty,0.0019009827376453182,1.0
8402ee7a-2186-4cd2-a772-e781413c05de,30.144000000000002,uncertainty_mean,/semantic/uncertainty,0.0018800773695486228,1.0
8402ee7a-2186-4cd2-a772-e781413c05de,30.225,uncertainty_mean,/semantic/uncertainty,0.0018433498664356365,1.0
8402ee7a-2186-4cd2-a772-e781413c05de,30.321,uncertainty_mean,/semantic/uncertainty,0.0018457902066229793,1.0
8402ee7a-2186-4cd2-a772-e781413c05de,30.423000000000002,uncertainty_mean,/semantic/uncertainty,0.0018372458227446072,1.0
8402ee7a-2186-4cd2-a772-e781413c05de,30.543000000000003,uncertainty_mean,/semantic/uncertainty,0.0018400226358522135,1.0
8402ee7a-2186-4cd2-a772-e781413c05de,30.621000000000002,uncertainty_mean,/semantic/uncertainty,0.0018451091988881884,1.0
8402ee7a-2186-4cd2-a772-e781413c05de,30.723000000000003,uncertainty_mean,/semantic/uncertainty,0.0018506151345197115,1.0
8402ee7a-2186-4cd2-a772-e781413c05de,30.822000000000003,uncertainty_mean,/semantic/uncertainty,0.0018411168791820684,1.0
8402ee7a-2186-4cd2-a772-e781413c05de,30.939000000000004,uncertainty_mean,/semantic/uncertainty,0.0018443456943093928,1.0
8402ee7a-2186-4cd2-a772-e781413c05de,31.041,uncertainty_mean,/semantic/uncertainty,0.0018460324515814186,1.0
8402ee7a-2186-4cd2-a772-e781413c05de,31.122000000000003,uncertainty_mean,/semantic/uncertainty,0.0018484536263308786,1.0
8402ee7a-2186-4cd2-a772-e781413c05de,31.221000000000004,uncertainty_mean,/semantic/uncertainty,0.0018502532749088728,1.0
8402ee7a-2186-4cd2-a772-e781413c05de,31.323,uncertainty_mean,/semantic/uncertainty,0.001852764670140535,1.0
8402ee7a-2186-4cd2-a772-e781413c05de,31.443,uncertainty_mean,/semantic/uncertainty,0.0018564896228941367,1.0
8402ee7a-2186-4cd2-a772-e781413c05de,31.524,uncertainty_mean,/semantic/uncertainty,0.0018466739429313902,1.0
8402ee7a-2186-4cd2-a772-e781413c05de,31.623,uncertainty_mean,/semantic/uncertainty,0.0018501688269885956,1.0
8402ee7a-2186-4cd2-a772-e781413c05de,31.722,uncertainty_mean,/semantic/uncertainty,0.0018555042728708138,1.0
8402ee7a-2186-4cd2-a772-e781413c05de,31.839000000000002,uncertainty_mean,/semantic/uncertainty,0.0018575229946729208,1.0
8402ee7a-2186-4cd2-a772-e781413c05de,31.944000000000003,uncertainty_mean,/semantic/uncertainty,0.0018602753273829246,1.0
8402ee7a-2186-4cd2-a772-e781413c05de,32.022,uncertainty_mean,/semantic/uncertainty,0.0018615340828364543,1.0
8402ee7a-2186-4cd2-a772-e781413c05de,32.121,uncertainty_mean,/semantic/uncertainty,0.0018633291109719074,1.0
8402ee7a-2186-4cd2-a772-e781413c05de,32.223,uncertainty_mean,/semantic/uncertainty,0.0018647521741074868,1.0
8402ee7a-2186-4cd2-a772-e781413c05de,32.34,uncertainty_mean,/semantic/uncertainty,0.0018671216862432812,1.0
8402ee7a-2186-4cd2-a772-e781413c05de,32.421,uncertainty_mean,/semantic/uncertainty,0.0018696683422598308,1.0
8402ee7a-2186-4cd2-a772-e781413c05de,32.523,uncertainty_mean,/semantic/uncertainty,0.0018717824378617761,1.0
8402ee7a-2186-4cd2-a772-e781413c05de,32.622,uncertainty_mean,/semantic/uncertainty,0.0018715811727833002,1.0
8402ee7a-2186-4cd2-a772-e781413c05de,32.742000000000004,uncertainty_mean,/semantic/uncertainty,0.0018716552765278157,1.0
8402ee7a-2186-4cd2-a772-e781413c05de,32.844,uncertainty_mean,/semantic/uncertainty,0.001871435153837293,1.0
8402ee7a-2186-4cd2-a772-e781413c05de,32.925000000000004,uncertainty_mean,/semantic/uncertainty,0.0018715064809179023,1.0
8402ee7a-2186-4cd2-a772-e781413c05de,33.021,uncertainty_mean,/semantic/uncertainty,0.0018715304875601647,1.0
8402ee7a-2186-4cd2-a772-e781413c05de,13.110000000000001,valid_return_fraction,/scan,1.0,0.5
8402ee7a-2186-4cd2-a772-e781413c05de,13.209000000000001,valid_return_fraction,/scan,1.0,0.5
8402ee7a-2186-4cd2-a772-e781413c05de,13.311,valid_return_fraction,/scan,1.0,0.5
8402ee7a-2186-4cd2-a772-e781413c05de,13.41,valid_return_fraction,/scan,1.0,0.5
8402ee7a-2186-4cd2-a772-e781413c05de,13.509,valid_return_fraction,/scan,1.0,0.5
8402ee7a-2186-4cd2-a772-e781413c05de,13.611,valid_return_fraction,/scan,1.0,0.5
8402ee7a-2186-4cd2-a772-e781413c05de,13.71,valid_return_fraction,/scan,1.0,0.5
8402ee7a-2186-4cd2-a772-e781413c05de,13.809000000000001,valid_return_fraction,/scan,1.0,0.5
8402ee7a-2186-4cd2-a772-e781413c05de,13.914000000000001,valid_return_fraction,/scan,1.0,0.5
8402ee7a-2186-4cd2-a772-e781413c05de,14.010000000000002,valid_return_fraction,/scan,1.0,0.5
8402ee7a-2186-4cd2-a772-e781413c05de,14.109000000000002,valid_return_fraction,/scan,1.0,0.5
8402ee7a-2186-4cd2-a772-e781413c05de,14.208,valid_return_fraction,/scan,1.0,0.5
8402ee7a-2186-4cd2-a772-e781413c05de,14.31,valid_return_fraction,/scan,1.0,0.5
8402ee7a-2186-4cd2-a772-e781413c05de,14.409,valid_return_fraction,/scan,1.0,0.5
8402ee7a-2186-4cd2-a772-e781413c05de,14.511000000000001,valid_return_fraction,/scan,1.0,0.5
8402ee7a-2186-4cd2-a772-e781413c05de,14.610000000000001,valid_return_fraction,/scan,1.0,0.5
8402ee7a-2186-4cd2-a772-e781413c05de,14.709000000000001,valid_return_fraction,/scan,1.0,0.5
8402ee7a-2186-4cd2-a772-e781413c05de,14.811000000000002,valid_return_fraction,/scan,1.0,0.5
8402ee7a-2186-4cd2-a772-e781413c05de,14.907000000000002,valid_return_fraction,/scan,1.0,0.5
8402ee7a-2186-4cd2-a772-e781413c05de,15.009,valid_return_fraction,/scan,1.0,0.5
8402ee7a-2186-4cd2-a772-e781413c05de,15.111,valid_return_fraction,/scan,1.0,0.5
8402ee7a-2186-4cd2-a772-e781413c05de,15.21,valid_return_fraction,/scan,1.0,0.5
8402ee7a-2186-4cd2-a772-e781413c05de,15.309000000000001,valid_return_fraction,/scan,1.0,0.5
8402ee7a-2186-4cd2-a772-e781413c05de,15.411000000000001,valid_return_fraction,/scan,1.0,0.5
8402ee7a-2186-4cd2-a772-e781413c05de,15.510000000000002,valid_return_fraction,/scan,1.0,0.5
8402ee7a-2186-4cd2-a772-e781413c05de,15.609000000000002,valid_return_fraction,/scan,1.0,0.5
8402ee7a-2186-4cd2-a772-e781413c05de,15.714,valid_return_fraction,/scan,1.0,0.5
8402ee7a-2186-4cd2-a772-e781413c05de,15.81,valid_return_fraction,/scan,1.0,0.5
8402ee7a-2186-4cd2-a772-e781413c05de,15.909,valid_return_fraction,/scan,1.0,0.5
8402ee7a-2186-4cd2-a772-e781413c05de,16.011,valid_return_fraction,/scan,1.0,0.5
8402ee7a-2186-4cd2-a772-e781413c05de,16.107,valid_return_fraction,/scan,1.0,0.5
8402ee7a-2186-4cd2-a772-e781413c05de,16.209,valid_return_fraction,/scan,1.0,0.5
8402ee7a-2186-4cd2-a772-e781413c05de,16.311,valid_return_fraction,/scan,1.0,0.5
8402ee7a-2186-4cd2-a772-e781413c05de,16.407,valid_return_fraction,/scan,1.0,0.5
8402ee7a-2186-4cd2-a772-e781413c05de,16.509,valid_return_fraction,/scan,1.0,0.5
8402ee7a-2186-4cd2-a772-e781413c05de,16.611,valid_return_fraction,/scan,1.0,0.5
8402ee7a-2186-4cd2-a772-e781413c05de,16.71,valid_return_fraction,/scan,1.0,0.5
8402ee7a-2186-4cd2-a772-e781413c05de,16.809,valid_return_fraction,/scan,1.0,0.5
8402ee7a-2186-4cd2-a772-e781413c05de,16.911,valid_return_fraction,/scan,1.0,0.5
8402ee7a-2186-4cd2-a772-e781413c05de,17.013,valid_return_fraction,/scan,1.0,0.5
8402ee7a-2186-4cd2-a772-e781413c05de,17.109,valid_return_fraction,/scan,1.0,0.5
8402ee7a-2186-4cd2-a772-e781413c05de,17.214000000000002,valid_return_fraction,/scan,1.0,0.5
8402ee7a-2186-4cd2-a772-e781413c05de,17.310000000000002,valid_return_fraction,/scan,1.0,0.5
8402ee7a-2186-4cd2-a772-e781413c05de,17.406000000000002,valid_return_fraction,/scan,1.0,0.5
8402ee7a-2186-4cd2-a772-e781413c05de,17.511000000000003,valid_return_fraction,/scan,1.0,0.5
8402ee7a-2186-4cd2-a772-e781413c05de,17.61,valid_return_fraction,/scan,1.0,0.5
8402ee7a-2186-4cd2-a772-e781413c05de,17.709,valid_return_fraction,/scan,1.0,0.5
8402ee7a-2186-4cd2-a772-e781413c05de,17.811,valid_return_fraction,/scan,1.0,0.5
8402ee7a-2186-4cd2-a772-e781413c05de,17.91,valid_return_fraction,/scan,1.0,0.5
8402ee7a-2186-4cd2-a772-e781413c05de,18.009,valid_return_fraction,/scan,1.0,0.5
8402ee7a-2186-4cd2-a772-e781413c05de,18.111,valid_return_fraction,/scan,1.0,0.5
8402ee7a-2186-4cd2-a772-e781413c05de,18.21,valid_return_fraction,/scan,1.0,0.5
8402ee7a-2186-4cd2-a772-e781413c05de,18.309,valid_return_fraction,/scan,1.0,0.5
8402ee7a-2186-4cd2-a772-e781413c05de,18.411,valid_return_fraction,/scan,1.0,0.5
8402ee7a-2186-4cd2-a772-e781413c05de,18.51,valid_return_fraction,/scan,1.0,0.5
8402ee7a-2186-4cd2-a772-e781413c05de,18.609,valid_return_fraction,/scan,1.0,0.5
8402ee7a-2186-4cd2-a772-e781413c05de,18.711000000000002,valid_return_fraction,/scan,1.0,0.5
8402ee7a-2186-4cd2-a772-e781413c05de,18.810000000000002,valid_return_fraction,/scan,1.0,0.5
8402ee7a-2186-4cd2-a772-e781413c05de,18.909000000000002,valid_return_fraction,/scan,1.0,0.5
8402ee7a-2186-4cd2-a772-e781413c05de,19.011000000000003,valid_return_fraction,/scan,1.0,0.5
8402ee7a-2186-4cd2-a772-e781413c05de,19.11,valid_return_fraction,/scan,1.0,0.5
8402ee7a-2186-4cd2-a772-e781413c05de,19.206,valid_return_fraction,/scan,1.0,0.5
8402ee7a-2186-4cd2-a772-e781413c05de,19.311,valid_return_fraction,/scan,1.0,0.5
8402ee7a-2186-4cd2-a772-e781413c05de,19.41,valid_return_fraction,/scan,1.0,0.5
8402ee7a-2186-4cd2-a772-e781413c05de,19.509,valid_return_fraction,/scan,1.0,0.5
8402ee7a-2186-4cd2-a772-e781413c05de,19.611,valid_return_fraction,/scan,1.0,0.5
8402ee7a-2186-4cd2-a772-e781413c05de,19.71,valid_return_fraction,/scan,1.0,0.5
8402ee7a-2186-4cd2-a772-e781413c05de,19.809,valid_return_fraction,/scan,1.0,0.5
8402ee7a-2186-4cd2-a772-e781413c05de,19.911,valid_return_fraction,/scan,1.0,0.5
8402ee7a-2186-4cd2-a772-e781413c05de,20.01,valid_return_fraction,/scan,1.0,0.5
8402ee7a-2186-4cd2-a772-e781413c05de,20.109,valid_return_fraction,/scan,1.0,0.5
8402ee7a-2186-4cd2-a772-e781413c05de,20.211000000000002,valid_return_fraction,/scan,1.0,0.5
8402ee7a-2186-4cd2-a772-e781413c05de,20.310000000000002,valid_return_fraction,/scan,1.0,0.5
8402ee7a-2186-4cd2-a772-e781413c05de,20.409000000000002,valid_return_fraction,/scan,1.0,0.5
8402ee7a-2186-4cd2-a772-e781413c05de,20.511000000000003,valid_return_fraction,/scan,1.0,0.5
8402ee7a-2186-4cd2-a772-e781413c05de,20.610000000000003,valid_return_fraction,/scan,1.0,0.5
8402ee7a-2186-4cd2-a772-e781413c05de,20.709,valid_return_fraction,/scan,1.0,0.5
8402ee7a-2186-4cd2-a772-e781413c05de,20.811,valid_return_fraction,/scan,1.0,0.5
8402ee7a-2186-4cd2-a772-e781413c05de,20.913,valid_return_fraction,/scan,1.0,0.5
8402ee7a-2186-4cd2-a772-e781413c05de,21.009,valid_return_fraction,/scan,1.0,0.5
8402ee7a-2186-4cd2-a772-e781413c05de,21.111,valid_return_fraction,/scan,1.0,0.5
8402ee7a-2186-4cd2-a772-e781413c05de,21.21,valid_return_fraction,/scan,1.0,0.5
8402ee7a-2186-4cd2-a772-e781413c05de,21.309,valid_return_fraction,/scan,1.0,0.5
8402ee7a-2186-4cd2-a772-e781413c05de,21.411,valid_return_fraction,/scan,1.0,0.5
8402ee7a-2186-4cd2-a772-e781413c05de,21.51,valid_return_fraction,/scan,1.0,0.5
8402ee7a-2186-4cd2-a772-e781413c05de,21.609,valid_return_fraction,/scan,1.0,0.5
8402ee7a-2186-4cd2-a772-e781413c05de,21.711000000000002,valid_return_fraction,/scan,1.0,0.5
8402ee7a-2186-4cd2-a772-e781413c05de,21.810000000000002,valid_return_fraction,/scan,1.0,0.5
8402ee7a-2186-4cd2-a772-e781413c05de,21.909000000000002,valid_return_fraction,/scan,1.0,0.5
8402ee7a-2186-4cd2-a772-e781413c05de,22.011000000000003,valid_return_fraction,/scan,1.0,0.5
8402ee7a-2186-4cd2-a772-e781413c05de,22.113000000000003,valid_return_fraction,/scan,1.0,0.5
8402ee7a-2186-4cd2-a772-e781413c05de,22.209,valid_return_fraction,/scan,1.0,0.5
8402ee7a-2186-4cd2-a772-e781413c05de,22.311,valid_return_fraction,/scan,1.0,0.5
8402ee7a-2186-4cd2-a772-e781413c05de,22.41,valid_return_fraction,/scan,1.0,0.5
8402ee7a-2186-4cd2-a772-e781413c05de,22.509,valid_return_fraction,/scan,1.0,0.5
8402ee7a-2186-4cd2-a772-e781413c05de,22.611,valid_return_fraction,/scan,1.0,0.5
8402ee7a-2186-4cd2-a772-e781413c05de,22.71,valid_return_fraction,/scan,1.0,0.5
8402ee7a-2186-4cd2-a772-e781413c05de,22.809,valid_return_fraction,/scan,1.0,0.5
8402ee7a-2186-4cd2-a772-e781413c05de,22.911,valid_return_fraction,/scan,1.0,0.5
8402ee7a-2186-4cd2-a772-e781413c05de,23.01,valid_return_fraction,/scan,1.0,0.5
8402ee7a-2186-4cd2-a772-e781413c05de,23.109,valid_return_fraction,/scan,1.0,0.5
8402ee7a-2186-4cd2-a772-e781413c05de,23.211000000000002,valid_return_fraction,/scan,1.0,0.5
8402ee7a-2186-4cd2-a772-e781413c05de,23.310000000000002,valid_return_fraction,/scan,1.0,0.5
8402ee7a-2186-4cd2-a772-e781413c05de,23.409000000000002,valid_return_fraction,/scan,1.0,0.5
8402ee7a-2186-4cd2-a772-e781413c05de,23.514000000000003,valid_return_fraction,/scan,1.0,0.5
8402ee7a-2186-4cd2-a772-e781413c05de,23.610000000000003,valid_return_fraction,/scan,1.0,0.5
8402ee7a-2186-4cd2-a772-e781413c05de,23.709000000000003,valid_return_fraction,/scan,1.0,0.5
8402ee7a-2186-4cd2-a772-e781413c05de,23.811,valid_return_fraction,/scan,1.0,0.5
8402ee7a-2186-4cd2-a772-e781413c05de,23.91,valid_return_fraction,/scan,1.0,0.5
8402ee7a-2186-4cd2-a772-e781413c05de,24.006,valid_return_fraction,/scan,1.0,0.5
8402ee7a-2186-4cd2-a772-e781413c05de,24.111,valid_return_fraction,/scan,1.0,0.5
8402ee7a-2186-4cd2-a772-e781413c05de,24.21,valid_return_fraction,/scan,1.0,0.5
8402ee7a-2186-4cd2-a772-e781413c05de,24.309,valid_return_fraction,/scan,1.0,0.5
8402ee7a-2186-4cd2-a772-e781413c05de,24.408,valid_return_fraction,/scan,1.0,0.5
8402ee7a-2186-4cd2-a772-e781413c05de,24.51,valid_return_fraction,/scan,1.0,0.5
8402ee7a-2186-4cd2-a772-e781413c05de,24.609,valid_return_fraction,/scan,1.0,0.5
8402ee7a-2186-4cd2-a772-e781413c05de,24.711000000000002,valid_return_fraction,/scan,1.0,0.5
8402ee7a-2186-4cd2-a772-e781413c05de,24.810000000000002,valid_return_fraction,/scan,1.0,0.5
8402ee7a-2186-4cd2-a772-e781413c05de,24.909000000000002,valid_return_fraction,/scan,1.0,0.5
8402ee7a-2186-4cd2-a772-e781413c05de,25.011000000000003,valid_return_fraction,/scan,1.0,0.5
8402ee7a-2186-4cd2-a772-e781413c05de,25.110000000000003,valid_return_fraction,/scan,1.0,0.5
8402ee7a-2186-4cd2-a772-e781413c05de,25.209000000000003,valid_return_fraction,/scan,1.0,0.5
8402ee7a-2186-4cd2-a772-e781413c05de,25.311,valid_return_fraction,/scan,1.0,0.5
8402ee7a-2186-4cd2-a772-e781413c05de,25.41,valid_return_fraction,/scan,1.0,0.5
8402ee7a-2186-4cd2-a772-e781413c05de,25.509,valid_return_fraction,/scan,1.0,0.5
8402ee7a-2186-4cd2-a772-e781413c05de,25.611,valid_return_fraction,/scan,1.0,0.5
8402ee7a-2186-4cd2-a772-e781413c05de,25.71,valid_return_fraction,/scan,1.0,0.5
8402ee7a-2186-4cd2-a772-e781413c05de,25.809,valid_return_fraction,/scan,1.0,0.5
8402ee7a-2186-4cd2-a772-e781413c05de,25.911,valid_return_fraction,/scan,1.0,0.5
8402ee7a-2186-4cd2-a772-e781413c05de,26.01,valid_return_fraction,/scan,1.0,0.5
8402ee7a-2186-4cd2-a772-e781413c05de,26.109,valid_return_fraction,/scan,1.0,0.5
8402ee7a-2186-4cd2-a772-e781413c05de,26.211000000000002,valid_return_fraction,/scan,1.0,0.5
8402ee7a-2186-4cd2-a772-e781413c05de,26.310000000000002,valid_return_fraction,/scan,1.0,0.5
8402ee7a-2186-4cd2-a772-e781413c05de,26.409000000000002,valid_return_fraction,/scan,1.0,0.5
8402ee7a-2186-4cd2-a772-e781413c05de,26.511000000000003,valid_return_fraction,/scan,1.0,0.5
8402ee7a-2186-4cd2-a772-e781413c05de,26.607000000000003,valid_return_fraction,/scan,1.0,0.5
8402ee7a-2186-4cd2-a772-e781413c05de,26.709000000000003,valid_return_fraction,/scan,1.0,0.5
8402ee7a-2186-4cd2-a772-e781413c05de,26.811,valid_return_fraction,/scan,1.0,0.5
8402ee7a-2186-4cd2-a772-e781413c05de,26.91,valid_return_fraction,/scan,1.0,0.5
8402ee7a-2186-4cd2-a772-e781413c05de,27.009,valid_return_fraction,/scan,1.0,0.5
8402ee7a-2186-4cd2-a772-e781413c05de,27.111,valid_return_fraction,/scan,1.0,0.5
8402ee7a-2186-4cd2-a772-e781413c05de,27.21,valid_return_fraction,/scan,1.0,0.5
8402ee7a-2186-4cd2-a772-e781413c05de,27.309,valid_return_fraction,/scan,1.0,0.5
8402ee7a-2186-4cd2-a772-e781413c05de,27.411,valid_return_fraction,/scan,1.0,0.5
8402ee7a-2186-4cd2-a772-e781413c05de,27.51,valid_return_fraction,/scan,1.0,0.5
8402ee7a-2186-4cd2-a772-e781413c05de,27.609,valid_return_fraction,/scan,1.0,0.5
8402ee7a-2186-4cd2-a772-e781413c05de,27.711000000000002,valid_return_fraction,/scan,1.0,0.5
8402ee7a-2186-4cd2-a772-e781413c05de,27.810000000000002,valid_return_fraction,/scan,1.0,0.5
8402ee7a-2186-4cd2-a772-e781413c05de,27.909000000000002,valid_return_fraction,/scan,1.0,0.5
8402ee7a-2186-4cd2-a772-e781413c05de,28.008000000000003,valid_return_fraction,/scan,1.0,0.5
8402ee7a-2186-4cd2-a772-e781413c05de,28.110000000000003,valid_return_fraction,/scan,1.0,0.5
8402ee7a-2186-4cd2-a772-e781413c05de,28.209000000000003,valid_return_fraction,/scan,1.0,0.5
8402ee7a-2186-4cd2-a772-e781413c05de,28.314,valid_return_fraction,/scan,1.0,0.5
8402ee7a-2186-4cd2-a772-e781413c05de,28.41,valid_return_fraction,/scan,1.0,0.5
8402ee7a-2186-4cd2-a772-e781413c05de,28.509,valid_return_fraction,/scan,1.0,0.5
8402ee7a-2186-4cd2-a772-e781413c05de,28.611,valid_return_fraction,/scan,1.0,0.5
8402ee7a-2186-4cd2-a772-e781413c05de,28.71,valid_return_fraction,/scan,1.0,0.5
8402ee7a-2186-4cd2-a772-e781413c05de,28.809,valid_return_fraction,/scan,1.0,0.5
8402ee7a-2186-4cd2-a772-e781413c05de,28.911,valid_return_fraction,/scan,1.0,0.5
8402ee7a-2186-4cd2-a772-e781413c05de,29.01,valid_return_fraction,/scan,1.0,0.5
8402ee7a-2186-4cd2-a772-e781413c05de,29.109,valid_return_fraction,/scan,1.0,0.5
8402ee7a-2186-4cd2-a772-e781413c05de,29.211000000000002,valid_return_fraction,/scan,1.0,0.5
8402ee7a-2186-4cd2-a772-e781413c05de,29.310000000000002,valid_return_fraction,/scan,1.0,0.5
8402ee7a-2186-4cd2-a772-e781413c05de,29.409000000000002,valid_return_fraction,/scan,1.0,0.5
8402ee7a-2186-4cd2-a772-e781413c05de,29.511000000000003,valid_return_fraction,/scan,1.0,0.5
8402ee7a-2186-4cd2-a772-e781413c05de,29.610000000000003,valid_return_fraction,/scan,1.0,0.5
8402ee7a-2186-4cd2-a772-e781413c05de,29.709000000000003,valid_return_fraction,/scan,1.0,0.5
8402ee7a-2186-4cd2-a772-e781413c05de,29.811000000000003,valid_return_fraction,/scan,1.0,0.5
8402ee7a-2186-4cd2-a772-e781413c05de,29.91,valid_return_fraction,/scan,1.0,0.5
8402ee7a-2186-4cd2-a772-e781413c05de,30.009,valid_return_fraction,/scan,1.0,0.5
8402ee7a-2186-4cd2-a772-e781413c05de,30.111,valid_return_fraction,/scan,1.0,0.5
8402ee7a-2186-4cd2-a772-e781413c05de,30.21,valid_return_fraction,/scan,1.0,0.5
8402ee7a-2186-4cd2-a772-e781413c05de,30.309,valid_return_fraction,/scan,1.0,0.5
8402ee7a-2186-4cd2-a772-e781413c05de,30.411,valid_return_fraction,/scan,1.0,0.5
8402ee7a-2186-4cd2-a772-e781413c05de,30.513,valid_return_fraction,/scan,1.0,0.5
8402ee7a-2186-4cd2-a772-e781413c05de,30.609,valid_return_fraction,/scan,1.0,0.5
8402ee7a-2186-4cd2-a772-e781413c05de,30.711000000000002,valid_return_fraction,/scan,1.0,0.5
8402ee7a-2186-4cd2-a772-e781413c05de,30.810000000000002,valid_return_fraction,/scan,1.0,0.5
8402ee7a-2186-4cd2-a772-e781413c05de,30.909000000000002,valid_return_fraction,/scan,1.0,0.5
8402ee7a-2186-4cd2-a772-e781413c05de,31.011000000000003,valid_return_fraction,/scan,1.0,0.5
8402ee7a-2186-4cd2-a772-e781413c05de,31.110000000000003,valid_return_fraction,/scan,1.0,0.5
8402ee7a-2186-4cd2-a772-e781413c05de,31.209000000000003,valid_return_fraction,/scan,1.0,0.5
8402ee7a-2186-4cd2-a772-e781413c05de,31.311000000000003,valid_return_fraction,/scan,1.0,0.5
8402ee7a-2186-4cd2-a772-e781413c05de,31.410000000000004,valid_return_fraction,/scan,1.0,0.5
8402ee7a-2186-4cd2-a772-e781413c05de,31.512,valid_return_fraction,/scan,1.0,0.5
8402ee7a-2186-4cd2-a772-e781413c05de,31.611,valid_return_fraction,/scan,1.0,0.5
8402ee7a-2186-4cd2-a772-e781413c05de,31.71,valid_return_fraction,/scan,1.0,0.5
8402ee7a-2186-4cd2-a772-e781413c05de,31.806,valid_return_fraction,/scan,1.0,0.5
8402ee7a-2186-4cd2-a772-e781413c05de,31.911,valid_return_fraction,/scan,1.0,0.5
8402ee7a-2186-4cd2-a772-e781413c05de,32.010000000000005,valid_return_fraction,/scan,1.0,0.5
8402ee7a-2186-4cd2-a772-e781413c05de,32.109,valid_return_fraction,/scan,1.0,0.5
8402ee7a-2186-4cd2-a772-e781413c05de,32.211,valid_return_fraction,/scan,1.0,0.5
8402ee7a-2186-4cd2-a772-e781413c05de,32.31,valid_return_fraction,/scan,1.0,0.5
8402ee7a-2186-4cd2-a772-e781413c05de,32.409,valid_return_fraction,/scan,1.0,0.5
8402ee7a-2186-4cd2-a772-e781413c05de,32.508,valid_return_fraction,/scan,1.0,0.5
8402ee7a-2186-4cd2-a772-e781413c05de,32.61,valid_return_fraction,/scan,1.0,0.5
8402ee7a-2186-4cd2-a772-e781413c05de,32.709,valid_return_fraction,/scan,1.0,0.5
8402ee7a-2186-4cd2-a772-e781413c05de,32.811,valid_return_fraction,/scan,1.0,0.5
8402ee7a-2186-4cd2-a772-e781413c05de,32.910000000000004,valid_return_fraction,/scan,1.0,0.5
8402ee7a-2186-4cd2-a772-e781413c05de,33.009,valid_return_fraction,/scan,1.0,0.5
8402ee7a-2186-4cd2-a772-e781413c05de,33.114000000000004,valid_return_fraction,/scan,1.0,0.5
