run_id,timestamp,feature,source,value,max_age_seconds
8d722d33-c440-466d-9968-517118a74f9d,9.360000000000001,amcl_x,/amcl_pose,-2.0,2.0
8d722d33-c440-466d-9968-517118a74f9d,13.035,amcl_x,/amcl_pose,-1.7349056272343382,2.0
8d722d33-c440-466d-9968-517118a74f9d,14.511000000000001,amcl_x,/amcl_pose,-1.4683631470078615,2.0
8d722d33-c440-466d-9968-517118a74f9d,15.912,amcl_x,/amcl_pose,-1.2050602968986899,2.0
8d722d33-c440-466d-9968-517118a74f9d,17.316000000000003,amcl_x,/amcl_pose,-0.9495416663097089,2.0
8d722d33-c440-466d-9968-517118a74f9d,18.828,amcl_x,/amcl_pose,-0.6996243656063424,2.0
8d722d33-c440-466d-9968-517118a74f9d,20.313000000000002,amcl_x,/amcl_pose,-0.46018083980095714,2.0
8d722d33-c440-466d-9968-517118a74f9d,21.711000000000002,amcl_x,/amcl_pose,-0.20139961285321886,2.0
8d722d33-c440-466d-9968-517118a74f9d,23.112000000000002,amcl_x,/amcl_pose,0.048079178989432834,2.0
8d722d33-c440-466d-9968-517118a74f9d,24.732000000000003,amcl_x,/amcl_pose,0.3036290260785178,2.0
8d722d33-c440-466d-9968-517118a74f9d,26.613000000000003,amcl_x,/amcl_pose,0.5443742762796077,2.0
8d722d33-c440-466d-9968-517118a74f9d,9.360000000000001,amcl_y,/amcl_pose,-0.5,2.0
8d722d33-c440-466d-9968-517118a74f9d,13.035,amcl_y,/amcl_pose,-0.5069135606118971,2.0
8d722d33-c440-466d-9968-517118a74f9d,14.511000000000001,amcl_y,/amcl_pose,-0.5287738428513614,2.0
8d722d33-c440-466d-9968-517118a74f9d,15.912,amcl_y,/amcl_pose,-0.5380090999939136,2.0
8d722d33-c440-466d-9968-517118a74f9d,17.316000000000003,amcl_y,/amcl_pose,-0.5557257577244854,2.0
8d722d33-c440-466d-9968-517118a74f9d,18.828,amcl_y,/amcl_pose,-0.5812296647805878,2.0
8d722d33-c440-466d-9968-517118a74f9d,20.313000000000002,amcl_y,/amcl_pose,-0.5897618337052153,2.0
8d722d33-c440-466d-9968-517118a74f9d,21.711000000000002,amcl_y,/amcl_pose,-0.5931902856615084,2.0
8d722d33-c440-466d-9968-517118a74f9d,23.112000000000002,amcl_y,/amcl_pose,-0.593800311246223,2.0
8d722d33-c440-466d-9968-517118a74f9d,24.732000000000003,amcl_y,/amcl_pose,-0.5745436530352791,2.0
8d722d33-c440-466d-9968-517118a74f9d,26.613000000000003,amcl_y,/amcl_pose,-0.5774518943027784,2.0
8d722d33-c440-466d-9968-517118a74f9d,10.983,command_angular,/cmd_vel,0.004674932453781366,0.5
8d722d33-c440-466d-9968-517118a74f9d,11.052000000000001,command_angular,/cmd_vel,0.007640670519322157,0.5
8d722d33-c440-466d-9968-517118a74f9d,11.091000000000001,command_angular,/cmd_vel,-0.011687226593494415,0.5
8d722d33-c440-466d-9968-517118a74f9d,11.163,command_angular,/cmd_vel,-0.03635549545288086,0.5
8d722d33-c440-466d-9968-517118a74f9d,11.202,command_angular,/cmd_vel,-0.0477883405983448,0.5
8d722d33-c440-466d-9968-517118a74f9d,11.232000000000001,command_angular,/cmd_vel,-0.04409334063529968,0.5
8d722d33-c440-466d-9968-517118a74f9d,11.313,command_angular,/cmd_vel,-0.04266682267189026,0.5
8d722d33-c440-466d-9968-517118a74f9d,11.343,command_angular,/cmd_vel,-0.03261296823620796,0.5
8d722d33-c440-466d-9968-517118a74f9d,11.412,command_angular,/cmd_vel,-0.03428811579942703,0.5
8d722d33-c440-466d-9968-517118a74f9d,11.451,command_angular,/cmd_vel,-0.032543331384658813,0.5
8d722d33-c440-466d-9968-517118a74f9d,11.493,command_angular,/cmd_vel,-0.03319961205124855,0.5
8d722d33-c440-466d-9968-517118a74f9d,11.562000000000001,command_angular,/cmd_vel,-0.036100778728723526,0.5
8d722d33-c440-466d-9968-517118a74f9d,11.592,command_angular,/cmd_vel,-0.03950776532292366,0.5
8d722d33-c440-466d-9968-517118a74f9d,11.673,command_angular,/cmd_vel,-0.037019774317741394,0.5
8d722d33-c440-466d-9968-517118a74f9d,11.703000000000001,command_angular,/cmd_vel,-0.038860052824020386,0.5
8d722d33-c440-466d-9968-517118a74f9d,11.742,command_angular,/cmd_vel,-0.042763907462358475,0.5
8d722d33-c440-466d-9968-517118a74f9d,11.811,command_angular,/cmd_vel,-0.04115045815706253,0.5
8d722d33-c440-466d-9968-517118a74f9d,11.853000000000002,command_angular,/cmd_vel,-0.04425223171710968,0.5
8d722d33-c440-466d-9968-517118a74f9d,11.883000000000001,command_angular,/cmd_vel,-0.04698087275028229,0.5
8d722d33-c440-466d-9968-517118a74f9d,11.952,command_angular,/cmd_vel,-0.05278387665748596,0.5
8d722d33-c440-466d-9968-517118a74f9d,11.991000000000001,command_angular,/cmd_vel,-0.04846552014350891,0.5
8d722d33-c440-466d-9968-517118a74f9d,12.063,command_angular,/cmd_vel,-0.044600579887628555,0.5
8d722d33-c440-466d-9968-517118a74f9d,12.102,command_angular,/cmd_vel,-0.04457778483629227,0.5
8d722d33-c440-466d-9968-517118a74f9d,12.132000000000001,command_angular,/cmd_vel,-0.041389599442481995,0.5
8d722d33-c440-466d-9968-517118a74f9d,12.213000000000001,command_angular,/cmd_vel,-0.03716329485177994,0.5
8d722d33-c440-466d-9968-517118a74f9d,12.243,command_angular,/cmd_vel,-0.040374185889959335,0.5
8d722d33-c440-466d-9968-517118a74f9d,12.312000000000001,command_angular,/cmd_vel,-0.03620268404483795,0.5
8d722d33-c440-466d-9968-517118a74f9d,12.351,command_angular,/cmd_vel,-0.03595936670899391,0.5
8d722d33-c440-466d-9968-517118a74f9d,12.393,command_angular,/cmd_vel,-0.03862748667597771,0.5
8d722d33-c440-466d-9968-517118a74f9d,12.462000000000002,command_angular,/cmd_vel,-0.04058817774057388,0.5
8d722d33-c440-466d-9968-517118a74f9d,12.492,command_angular,/cmd_vel,-0.0376337394118309,0.5
8d722d33-c440-466d-9968-517118a74f9d,12.573,command_angular,/cmd_vel,-0.038965415209531784,0.5
8d722d33-c440-466d-9968-517118a74f9d,12.603000000000002,command_angular,/cmd_vel,-0.04267192631959915,0.5
8d722d33-c440-466d-9968-517118a74f9d,12.642000000000001,command_angular,/cmd_vel,-0.03262430056929588,0.5
8d722d33-c440-466d-9968-517118a74f9d,12.711,command_angular,/cmd_vel,-0.03598155081272125,0.5
8d722d33-c440-466d-9968-517118a74f9d,12.753,command_angular,/cmd_vel,-0.040493037551641464,0.5
8d722d33-c440-466d-9968-517118a74f9d,12.783000000000001,command_angular,/cmd_vel,-0.039157334715127945,0.5
8d722d33-c440-466d-9968-517118a74f9d,12.852,command_angular,/cmd_vel,-0.04091454669833183,0.5
8d722d33-c440-466d-9968-517118a74f9d,12.891,command_angular,/cmd_vel,-0.0321691557765007,0.5
8d722d33-c440-466d-9968-517118a74f9d,12.963000000000001,command_angular,/cmd_vel,-0.02810102328658104,0.5
8d722d33-c440-466d-9968-517118a74f9d,13.002,command_angular,/cmd_vel,-0.02808726578950882,0.5
8d722d33-c440-466d-9968-517118a74f9d,13.032,command_angular,/cmd_vel,-0.023168262094259262,0.5
8d722d33-c440-466d-9968-517118a74f9d,13.113000000000001,command_angular,/cmd_vel,-0.004906854126602411,0.5
8d722d33-c440-466d-9968-517118a74f9d,13.143,command_angular,/cmd_vel,-0.005593540146946907,0.5
8d722d33-c440-466d-9968-517118a74f9d,13.212000000000002,command_angular,/cmd_vel,-0.005289360880851746,0.5
8d722d33-c440-466d-9968-517118a74f9d,13.251000000000001,command_angular,/cmd_vel,0.0016371413366869092,0.5
8d722d33-c440-466d-9968-517118a74f9d,13.293000000000001,command_angular,/cmd_vel,-0.011156800203025341,0.5
8d722d33-c440-466d-9968-517118a74f9d,13.362,command_angular,/cmd_vel,-0.01888934150338173,0.5
8d722d33-c440-466d-9968-517118a74f9d,13.392000000000001,command_angular,/cmd_vel,-0.014742079190909863,0.5
8d722d33-c440-466d-9968-517118a74f9d,13.473,command_angular,/cmd_vel,-0.01805983856320381,0.5
8d722d33-c440-466d-9968-517118a74f9d,13.503,command_angular,/cmd_vel,-0.01576150208711624,0.5
8d722d33-c440-466d-9968-517118a74f9d,13.542000000000002,command_angular,/cmd_vel,-0.007765887305140495,0.5
8d722d33-c440-466d-9968-517118a74f9d,13.611,command_angular,/cmd_vel,-0.01543416641652584,0.5
8d722d33-c440-466d-9968-517118a74f9d,13.653,command_angular,/cmd_vel,-0.007766304537653923,0.5
8d722d33-c440-466d-9968-517118a74f9d,13.683000000000002,command_angular,/cmd_vel,-0.016895418986678123,0.5
8d722d33-c440-466d-9968-517118a74f9d,13.752,command_angular,/cmd_vel,-0.014117848128080368,0.5
8d722d33-c440-466d-9968-517118a74f9d,13.791,command_angular,/cmd_vel,-0.017843136563897133,0.5
8d722d33-c440-466d-9968-517118a74f9d,13.863000000000001,command_angular,/cmd_vel,-0.02635553665459156,0.5
8d722d33-c440-466d-9968-517118a74f9d,13.902000000000001,command_angular,/cmd_vel,-0.013747213408350945,0.5
8d722d33-c440-466d-9968-517118a74f9d,13.932,command_angular,/cmd_vel,-0.00276901270262897,0.5
8d722d33-c440-466d-9968-517118a74f9d,14.013000000000002,command_angular,/cmd_vel,0.0013323747552931309,0.5
8d722d33-c440-466d-9968-517118a74f9d,14.043000000000001,command_angular,/cmd_vel,-0.012782876379787922,0.5
8d722d33-c440-466d-9968-517118a74f9d,14.112,command_angular,/cmd_vel,-0.00548270670697093,0.5
8d722d33-c440-466d-9968-517118a74f9d,14.151000000000002,command_angular,/cmd_vel,-0.007037547416985035,0.5
8d722d33-c440-466d-9968-517118a74f9d,14.193000000000001,command_angular,/cmd_vel,0.0020295646972954273,0.5
8d722d33-c440-466d-9968-517118a74f9d,14.262,command_angular,/cmd_vel,0.0055818986147642136,0.5
8d722d33-c440-466d-9968-517118a74f9d,14.292000000000002,command_angular,/cmd_vel,0.013348189182579517,0.5
8d722d33-c440-466d-9968-517118a74f9d,14.373000000000001,command_angular,/cmd_vel,0.012915664352476597,0.5
8d722d33-c440-466d-9968-517118a74f9d,14.403,command_angular,/cmd_vel,0.015882637351751328,0.5
8d722d33-c440-466d-9968-517118a74f9d,14.442,command_angular,/cmd_vel,0.008256019093096256,0.5
8d722d33-c440-466d-9968-517118a74f9d,14.511000000000001,command_angular,/cmd_vel,0.005454430356621742,0.5
8d722d33-c440-466d-9968-517118a74f9d,14.553,command_angular,/cmd_vel,0.012708203867077827,0.5
8d722d33-c440-466d-9968-517118a74f9d,14.583,command_angular,/cmd_vel,0.013033056631684303,0.5
8d722d33-c440-466d-9968-517118a74f9d,14.652000000000001,command_angular,/cmd_vel,0.01063886284828186,0.5
8d722d33-c440-466d-9968-517118a74f9d,14.691,command_angular,/cmd_vel,0.012224412523210049,0.5
8d722d33-c440-466d-9968-517118a74f9d,14.763000000000002,command_angular,/cmd_vel,0.014324240386486053,0.5
8d722d33-c440-466d-9968-517118a74f9d,14.802000000000001,command_angular,/cmd_vel,0.016723757609725,0.5
8d722d33-c440-466d-9968-517118a74f9d,14.832,command_angular,/cmd_vel,0.016874009743332863,0.5
8d722d33-c440-466d-9968-517118a74f9d,14.913,command_angular,/cmd_vel,0.007140065543353558,0.5
8d722d33-c440-466d-9968-517118a74f9d,14.943000000000001,command_angular,/cmd_vel,0.013134864158928394,0.5
8d722d33-c440-466d-9968-517118a74f9d,15.012,command_angular,/cmd_vel,0.013107476755976677,0.5
8d722d33-c440-466d-9968-517118a74f9d,15.051,command_angular,/cmd_vel,0.009041475132107735,0.5
8d722d33-c440-466d-9968-517118a74f9d,15.093000000000002,command_angular,/cmd_vel,0.02036440186202526,0.5
8d722d33-c440-466d-9968-517118a74f9d,15.162,command_angular,/cmd_vel,0.01775278151035309,0.5
8d722d33-c440-466d-9968-517118a74f9d,15.192,command_angular,/cmd_vel,0.015501406975090504,0.5
8d722d33-c440-466d-9968-517118a74f9d,15.273000000000001,command_angular,/cmd_vel,0.0069026043638587,0.5
8d722d33-c440-466d-9968-517118a74f9d,15.303,command_angular,/cmd_vel,0.0007544449181295931,0.5
8d722d33-c440-466d-9968-517118a74f9d,15.342,command_angular,/cmd_vel,-0.00023871305165812373,0.5
8d722d33-c440-466d-9968-517118a74f9d,15.411000000000001,command_angular,/cmd_vel,0.002101682126522064,0.5
8d722d33-c440-466d-9968-517118a74f9d,15.453000000000001,command_angular,/cmd_vel,0.004555788356810808,0.5
8d722d33-c440-466d-9968-517118a74f9d,15.483,command_angular,/cmd_vel,0.01570633053779602,0.5
8d722d33-c440-466d-9968-517118a74f9d,15.552000000000001,command_angular,/cmd_vel,0.01630430296063423,0.5
8d722d33-c440-466d-9968-517118a74f9d,15.591000000000001,command_angular,/cmd_vel,0.020921865478157997,0.5
8d722d33-c440-466d-9968-517118a74f9d,15.663,command_angular,/cmd_vel,0.022309381514787674,0.5
8d722d33-c440-466d-9968-517118a74f9d,15.702000000000002,command_angular,/cmd_vel,0.02847389318048954,0.5
8d722d33-c440-466d-9968-517118a74f9d,15.732000000000001,command_angular,/cmd_vel,0.025181809440255165,0.5
8d722d33-c440-466d-9968-517118a74f9d,15.813,command_angular,/cmd_vel,0.02121121622622013,0.5
8d722d33-c440-466d-9968-517118a74f9d,15.843000000000002,command_angular,/cmd_vel,0.016431204974651337,0.5
8d722d33-c440-466d-9968-517118a74f9d,15.912,command_angular,/cmd_vel,0.017184332013130188,0.5
8d722d33-c440-466d-9968-517118a74f9d,15.951,command_angular,/cmd_vel,0.013323449529707432,0.5
8d722d33-c440-466d-9968-517118a74f9d,15.993,command_angular,/cmd_vel,0.010517464019358158,0.5
8d722d33-c440-466d-9968-517118a74f9d,16.062,command_angular,/cmd_vel,0.01643773727118969,0.5
8d722d33-c440-466d-9968-517118a74f9d,16.092000000000002,command_angular,/cmd_vel,0.019788535311818123,0.5
8d722d33-c440-466d-9968-517118a74f9d,16.173000000000002,command_angular,/cmd_vel,0.02147446572780609,0.5
8d722d33-c440-466d-9968-517118a74f9d,16.203,command_angular,/cmd_vel,0.0247974693775177,0.5
8d722d33-c440-466d-9968-517118a74f9d,16.242,command_angular,/cmd_vel,0.026610035449266434,0.5
8d722d33-c440-466d-9968-517118a74f9d,16.311,command_angular,/cmd_vel,0.03405454009771347,0.5
8d722d33-c440-466d-9968-517118a74f9d,16.353,command_angular,/cmd_vel,0.027793262153863907,0.5
8d722d33-c440-466d-9968-517118a74f9d,16.383000000000003,command_angular,/cmd_vel,0.022222833707928658,0.5
8d722d33-c440-466d-9968-517118a74f9d,16.452,command_angular,/cmd_vel,0.022263340651988983,0.5
8d722d33-c440-466d-9968-517118a74f9d,16.491,command_angular,/cmd_vel,0.019605111330747604,0.5
8d722d33-c440-466d-9968-517118a74f9d,16.563000000000002,command_angular,/cmd_vel,0.018625162541866302,0.5
8d722d33-c440-466d-9968-517118a74f9d,16.602,command_angular,/cmd_vel,0.025665562599897385,0.5
8d722d33-c440-466d-9968-517118a74f9d,16.632,command_angular,/cmd_vel,0.03251243382692337,0.5
8d722d33-c440-466d-9968-517118a74f9d,16.713,command_angular,/cmd_vel,0.023054426535964012,0.5
8d722d33-c440-466d-9968-517118a74f9d,16.743000000000002,command_angular,/cmd_vel,0.022734520956873894,0.5
8d722d33-c440-466d-9968-517118a74f9d,16.812,command_angular,/cmd_vel,0.02798982709646225,0.5
8d722d33-c440-466d-9968-517118a74f9d,16.851000000000003,command_angular,/cmd_vel,0.017328748479485512,0.5
8d722d33-c440-466d-9968-517118a74f9d,16.893,command_angular,/cmd_vel,0.011575696989893913,0.5
8d722d33-c440-466d-9968-517118a74f9d,16.962,command_angular,/cmd_vel,-0.0006742971017956734,0.5
8d722d33-c440-466d-9968-517118a74f9d,16.992,command_angular,/cmd_vel,-0.009155886247754097,0.5
8d722d33-c440-466d-9968-517118a74f9d,17.073,command_angular,/cmd_vel,-0.01216922141611576,0.5
8d722d33-c440-466d-9968-517118a74f9d,17.103,command_angular,/cmd_vel,-0.00527016818523407,0.5
8d722d33-c440-466d-9968-517118a74f9d,17.142,command_angular,/cmd_vel,-0.010508195497095585,0.5
8d722d33-c440-466d-9968-517118a74f9d,17.211000000000002,command_angular,/cmd_vel,0.0013932358706369996,0.5
8d722d33-c440-466d-9968-517118a74f9d,17.253,command_angular,/cmd_vel,0.0017034835182130337,0.5
8d722d33-c440-466d-9968-517118a74f9d,17.283,command_angular,/cmd_vel,0.00844394788146019,0.5
8d722d33-c440-466d-9968-517118a74f9d,17.352,command_angular,/cmd_vel,0.00561858993023634,0.5
8d722d33-c440-466d-9968-517118a74f9d,17.391000000000002,command_angular,/cmd_vel,0.0004898335319012403,0.5
8d722d33-c440-466d-9968-517118a74f9d,17.463,command_angular,/cmd_vel,0.0036599054001271725,0.5
8d722d33-c440-466d-9968-517118a74f9d,17.502000000000002,command_angular,/cmd_vel,0.003939070273190737,0.5
8d722d33-c440-466d-9968-517118a74f9d,17.532,command_angular,/cmd_vel,0.0012116540456190705,0.5
8d722d33-c440-466d-9968-517118a74f9d,17.613,command_angular,/cmd_vel,-0.0014802742516621947,0.5
8d722d33-c440-466d-9968-517118a74f9d,17.643,command_angular,/cmd_vel,0.0038166025187820196,0.5
8d722d33-c440-466d-9968-517118a74f9d,17.712,command_angular,/cmd_vel,0.0023428108543157578,0.5
8d722d33-c440-466d-9968-517118a74f9d,17.751,command_angular,/cmd_vel,0.010487756691873074,0.5
8d722d33-c440-466d-9968-517118a74f9d,17.793000000000003,command_angular,/cmd_vel,0.0106479087844491,0.5
8d722d33-c440-466d-9968-517118a74f9d,17.862000000000002,command_angular,/cmd_vel,0.008125905878841877,0.5
8d722d33-c440-466d-9968-517118a74f9d,17.892,command_angular,/cmd_vel,0.004961977247148752,0.5
8d722d33-c440-466d-9968-517118a74f9d,17.973000000000003,command_angular,/cmd_vel,0.007194377016276121,0.5
8d722d33-c440-466d-9968-517118a74f9d,18.003,command_angular,/cmd_vel,0.008176797069609165,0.5
8d722d33-c440-466d-9968-517118a74f9d,18.042,command_angular,/cmd_vel,0.012996513396501541,0.5
8d722d33-c440-466d-9968-517118a74f9d,18.111,command_angular,/cmd_vel,0.003759976476430893,0.5
8d722d33-c440-466d-9968-517118a74f9d,18.153000000000002,command_angular,/cmd_vel,0.0012426018947735429,0.5
8d722d33-c440-466d-9968-517118a74f9d,18.183,command_angular,/cmd_vel,0.013324234634637833,0.5
8d722d33-c440-466d-9968-517118a74f9d,18.252000000000002,command_angular,/cmd_vel,0.02517872489988804,0.5
8d722d33-c440-466d-9968-517118a74f9d,18.291,command_angular,/cmd_vel,0.030692419037222862,0.5
8d722d33-c440-466d-9968-517118a74f9d,18.363,command_angular,/cmd_vel,0.042635947465896606,0.5
8d722d33-c440-466d-9968-517118a74f9d,18.402,command_angular,/cmd_vel,0.04440012574195862,0.5
8d722d33-c440-466d-9968-517118a74f9d,18.432000000000002,command_angular,/cmd_vel,0.03451267629861832,0.5
8d722d33-c440-466d-9968-517118a74f9d,18.513,command_angular,/cmd_vel,0.025811487808823586,0.5
8d722d33-c440-466d-9968-517118a74f9d,18.543000000000003,command_angular,/cmd_vel,0.020434562116861343,0.5
8d722d33-c440-466d-9968-517118a74f9d,18.612000000000002,command_angular,/cmd_vel,0.02062433771789074,0.5
8d722d33-c440-466d-9968-517118a74f9d,18.651,command_angular,/cmd_vel,0.02788224071264267,0.5
8d722d33-c440-466d-9968-517118a74f9d,18.693,command_angular,/cmd_vel,0.03791968151926994,0.5
8d722d33-c440-466d-9968-517118a74f9d,18.762,command_angular,/cmd_vel,0.039331670850515366,0.5
8d722d33-c440-466d-9968-517118a74f9d,18.792,command_angular,/cmd_vel,0.04258805513381958,0.5
8d722d33-c440-466d-9968-517118a74f9d,18.873,command_angular,/cmd_vel,0.04032735154032707,0.5
8d722d33-c440-466d-9968-517118a74f9d,18.903000000000002,command_angular,/cmd_vel,0.03224538266658783,0.5
8d722d33-c440-466d-9968-517118a74f9d,18.942,command_angular,/cmd_vel,0.0268845371901989,0.5
8d722d33-c440-466d-9968-517118a74f9d,19.011000000000003,command_angular,/cmd_vel,0.03395858407020569,0.5
8d722d33-c440-466d-9968-517118a74f9d,19.053,command_angular,/cmd_vel,0.03482617437839508,0.5
8d722d33-c440-466d-9968-517118a74f9d,19.083000000000002,command_angular,/cmd_vel,0.03289267420768738,0.5
8d722d33-c440-466d-9968-517118a74f9d,19.152,command_angular,/cmd_vel,0.02896946296095848,0.5
8d722d33-c440-466d-9968-517118a74f9d,19.191000000000003,command_angular,/cmd_vel,0.01883283257484436,0.5
8d722d33-c440-466d-9968-517118a74f9d,19.263,command_angular,/cmd_vel,0.014304916374385357,0.5
8d722d33-c440-466d-9968-517118a74f9d,19.302,command_angular,/cmd_vel,0.015146004967391491,0.5
8d722d33-c440-466d-9968-517118a74f9d,19.332,command_angular,/cmd_vel,0.009122150018811226,0.5
8d722d33-c440-466d-9968-517118a74f9d,19.413,command_angular,/cmd_vel,0.013643991202116013,0.5
8d722d33-c440-466d-9968-517118a74f9d,19.443,command_angular,/cmd_vel,0.020266059786081314,0.5
8d722d33-c440-466d-9968-517118a74f9d,19.512,command_angular,/cmd_vel,0.024148425087332726,0.5
8d722d33-c440-466d-9968-517118a74f9d,19.551000000000002,command_angular,/cmd_vel,0.032280366867780685,0.5
8d722d33-c440-466d-9968-517118a74f9d,19.593,command_angular,/cmd_vel,0.028288261964917183,0.5
8d722d33-c440-466d-9968-517118a74f9d,19.662000000000003,command_angular,/cmd_vel,0.01497851312160492,0.5
8d722d33-c440-466d-9968-517118a74f9d,19.692,command_angular,/cmd_vel,0.012604080140590668,0.5
8d722d33-c440-466d-9968-517118a74f9d,19.773,command_angular,/cmd_vel,0.007058290299028158,0.5
8d722d33-c440-466d-9968-517118a74f9d,19.803,command_angular,/cmd_vel,0.03783353045582771,0.5
8d722d33-c440-466d-9968-517118a74f9d,19.842000000000002,command_angular,/cmd_vel,0.05101319029927254,0.5
8d722d33-c440-466d-9968-517118a74f9d,19.911,command_angular,/cmd_vel,0.055041708052158356,0.5
8d722d33-c440-466d-9968-517118a74f9d,19.953000000000003,command_angular,/cmd_vel,0.05123092606663704,0.5
8d722d33-c440-466d-9968-517118a74f9d,19.983,command_angular,/cmd_vel,0.04384081810712814,0.5
8d722d33-c440-466d-9968-517118a74f9d,20.052,command_angular,/cmd_vel,0.04939067363739014,0.5
8d722d33-c440-466d-9968-517118a74f9d,20.091,command_angular,/cmd_vel,0.036831699311733246,0.5
8d722d33-c440-466d-9968-517118a74f9d,20.163,command_angular,/cmd_vel,0.040994659066200256,0.5
8d722d33-c440-466d-9968-517118a74f9d,20.202,command_angular,/cmd_vel,0.03613271564245224,0.5
8d722d33-c440-466d-9968-517118a74f9d,20.232000000000003,command_angular,/cmd_vel,0.006005235482007265,0.5
8d722d33-c440-466d-9968-517118a74f9d,20.313000000000002,command_angular,/cmd_vel,-0.009515834972262383,0.5
8d722d33-c440-466d-9968-517118a74f9d,20.343,command_angular,/cmd_vel,9.978082380257547e-05,0.5
8d722d33-c440-466d-9968-517118a74f9d,20.412000000000003,command_angular,/cmd_vel,0.0045553590171039104,0.5
8d722d33-c440-466d-9968-517118a74f9d,20.451,command_angular,/cmd_vel,0.00459887832403183,0.5
8d722d33-c440-466d-9968-517118a74f9d,20.493000000000002,command_angular,/cmd_vel,0.014430424198508263,0.5
8d722d33-c440-466d-9968-517118a74f9d,20.562,command_angular,/cmd_vel,0.011363876983523369,0.5
8d722d33-c440-466d-9968-517118a74f9d,20.592000000000002,command_angular,/cmd_vel,0.007200532592833042,0.5
8d722d33-c440-466d-9968-517118a74f9d,20.673000000000002,command_angular,/cmd_vel,0.0013207502197474241,0.5
8d722d33-c440-466d-9968-517118a74f9d,20.703000000000003,command_angular,/cmd_vel,-0.005936773959547281,0.5
8d722d33-c440-466d-9968-517118a74f9d,20.742,command_angular,/cmd_vel,-0.003033617278560996,0.5
8d722d33-c440-466d-9968-517118a74f9d,20.811,command_angular,/cmd_vel,0.003334155073389411,0.5
8d722d33-c440-466d-9968-517118a74f9d,20.853,command_angular,/cmd_vel,0.0023689267691224813,0.5
8d722d33-c440-466d-9968-517118a74f9d,20.883000000000003,command_angular,/cmd_vel,0.0035968096926808357,0.5
8d722d33-c440-466d-9968-517118a74f9d,20.952,command_angular,/cmd_vel,0.0037954412400722504,0.5
8d722d33-c440-466d-9968-517118a74f9d,20.991,command_angular,/cmd_vel,0.0024173613637685776,0.5
8d722d33-c440-466d-9968-517118a74f9d,21.063000000000002,command_angular,/cmd_vel,0.003073140513151884,0.5
8d722d33-c440-466d-9968-517118a74f9d,21.102,command_angular,/cmd_vel,0.006061537656933069,0.5
8d722d33-c440-466d-9968-517118a74f9d,21.132,command_angular,/cmd_vel,0.009075933136045933,0.5
8d722d33-c440-466d-9968-517118a74f9d,21.213,command_angular,/cmd_vel,0.0019702098798006773,0.5
8d722d33-c440-466d-9968-517118a74f9d,21.243000000000002,command_angular,/cmd_vel,-0.0036627380177378654,0.5
8d722d33-c440-466d-9968-517118a74f9d,21.312,command_angular,/cmd_vel,-0.011956769041717052,0.5
8d722d33-c440-466d-9968-517118a74f9d,21.351000000000003,command_angular,/cmd_vel,-0.012959808111190796,0.5
8d722d33-c440-466d-9968-517118a74f9d,21.393,command_angular,/cmd_vel,-0.010866922326385975,0.5
8d722d33-c440-466d-9968-517118a74f9d,21.462,command_angular,/cmd_vel,-0.011111339554190636,0.5
8d722d33-c440-466d-9968-517118a74f9d,21.492,command_angular,/cmd_vel,0.0034355358220636845,0.5
8d722d33-c440-466d-9968-517118a74f9d,21.573,command_angular,/cmd_vel,0.002197478199377656,0.5
8d722d33-c440-466d-9968-517118a74f9d,21.603,command_angular,/cmd_vel,-0.0018109700176864862,0.5
8d722d33-c440-466d-9968-517118a74f9d,21.642000000000003,command_angular,/cmd_vel,-0.004683390725404024,0.5
8d722d33-c440-466d-9968-517118a74f9d,21.711000000000002,command_angular,/cmd_vel,-0.0031655689235776663,0.5
8d722d33-c440-466d-9968-517118a74f9d,21.753,command_angular,/cmd_vel,0.00035911399754695594,0.5
8d722d33-c440-466d-9968-517118a74f9d,21.783,command_angular,/cmd_vel,0.003765729023143649,0.5
8d722d33-c440-466d-9968-517118a74f9d,21.852,command_angular,/cmd_vel,0.002923328196629882,0.5
8d722d33-c440-466d-9968-517118a74f9d,21.891000000000002,command_angular,/cmd_vel,-0.0006345905712805688,0.5
8d722d33-c440-466d-9968-517118a74f9d,21.963,command_angular,/cmd_vel,0.00018607615493237972,0.5
8d722d33-c440-466d-9968-517118a74f9d,22.002000000000002,command_angular,/cmd_vel,-0.003106968943029642,0.5
8d722d33-c440-466d-9968-517118a74f9d,22.032,command_angular,/cmd_vel,-0.004604393616318703,0.5
8d722d33-c440-466d-9968-517118a74f9d,22.113000000000003,command_angular,/cmd_vel,0.0009350265609100461,0.5
8d722d33-c440-466d-9968-517118a74f9d,22.143,command_angular,/cmd_vel,0.004765172954648733,0.5
8d722d33-c440-466d-9968-517118a74f9d,22.212,command_angular,/cmd_vel,0.0031744949519634247,0.5
8d722d33-c440-466d-9968-517118a74f9d,22.251,command_angular,/cmd_vel,0.004390439949929714,0.5
8d722d33-c440-466d-9968-517118a74f9d,22.293000000000003,command_angular,/cmd_vel,-0.0034429379738867283,0.5
8d722d33-c440-466d-9968-517118a74f9d,22.362000000000002,command_angular,/cmd_vel,0.0033425185829401016,0.5
8d722d33-c440-466d-9968-517118a74f9d,22.392000000000003,command_angular,/cmd_vel,-0.0011272903066128492,0.5
8d722d33-c440-466d-9968-517118a74f9d,22.473000000000003,command_angular,/cmd_vel,0.002858175663277507,0.5
8d722d33-c440-466d-9968-517118a74f9d,22.5,command_angular,/cmd_vel,0.0045188236981630325,0.5
8d722d33-c440-466d-9968-517118a74f9d,22.542,command_angular,/cmd_vel,0.011948932893574238,0.5
8d722d33-c440-466d-9968-517118a74f9d,22.611,command_angular,/cmd_vel,0.011886335909366608,0.5
8d722d33-c440-466d-9968-517118a74f9d,22.653000000000002,command_angular,/cmd_vel,0.007336027454584837,0.5
8d722d33-c440-466d-9968-517118a74f9d,22.683,command_angular,/cmd_vel,0.006239395588636398,0.5
8d722d33-c440-466d-9968-517118a74f9d,22.752000000000002,command_angular,/cmd_vel,0.012291373685002327,0.5
8d722d33-c440-466d-9968-517118a74f9d,22.791,command_angular,/cmd_vel,0.014244956895709038,0.5
8d722d33-c440-466d-9968-517118a74f9d,22.863000000000003,command_angular,/cmd_vel,0.01679699867963791,0.5
8d722d33-c440-466d-9968-517118a74f9d,22.902,command_angular,/cmd_vel,0.016066404059529305,0.5
8d722d33-c440-466d-9968-517118a74f9d,22.932000000000002,command_angular,/cmd_vel,0.01723114773631096,0.5
8d722d33-c440-466d-9968-517118a74f9d,23.013,command_angular,/cmd_vel,0.021429603919386864,0.5
8d722d33-c440-466d-9968-517118a74f9d,23.043000000000003,command_angular,/cmd_vel,0.02177175134420395,0.5
8d722d33-c440-466d-9968-517118a74f9d,23.112000000000002,command_angular,/cmd_vel,0.018341626971960068,0.5
8d722d33-c440-466d-9968-517118a74f9d,23.151,command_angular,/cmd_vel,0.013569055125117302,0.5
8d722d33-c440-466d-9968-517118a74f9d,23.193,command_angular,/cmd_vel,0.011300339363515377,0.5
8d722d33-c440-466d-9968-517118a74f9d,23.262,command_angular,/cmd_vel,0.0017488121520727873,0.5
8d722d33-c440-466d-9968-517118a74f9d,23.292,command_angular,/cmd_vel,0.00481390580534935,0.5
8d722d33-c440-466d-9968-517118a74f9d,23.373,command_angular,/cmd_vel,-0.002649417845532298,0.5
8d722d33-c440-466d-9968-517118a74f9d,23.403000000000002,command_angular,/cmd_vel,-0.008373875170946121,0.5
8d722d33-c440-466d-9968-517118a74f9d,23.442,command_angular,/cmd_vel,-0.013288000598549843,0.5
8d722d33-c440-466d-9968-517118a74f9d,23.511000000000003,command_angular,/cmd_vel,-0.009640509262681007,0.5
8d722d33-c440-466d-9968-517118a74f9d,23.553,command_angular,/cmd_vel,-0.011214923113584518,0.5
8d722d33-c440-466d-9968-517118a74f9d,23.583000000000002,command_angular,/cmd_vel,-0.006529365200549364,0.5
8d722d33-c440-466d-9968-517118a74f9d,23.652,command_angular,/cmd_vel,-0.009835480712354183,0.5
8d722d33-c440-466d-9968-517118a74f9d,23.691000000000003,command_angular,/cmd_vel,-0.007457169704139233,0.5
8d722d33-c440-466d-9968-517118a74f9d,23.763,command_angular,/cmd_vel,-0.004380873870104551,0.5
8d722d33-c440-466d-9968-517118a74f9d,23.802000000000003,command_angular,/cmd_vel,-0.006305978167802095,0.5
8d722d33-c440-466d-9968-517118a74f9d,23.832,command_angular,/cmd_vel,-0.006042278837412596,0.5
8d722d33-c440-466d-9968-517118a74f9d,23.913,command_angular,/cmd_vel,-0.00026301946491003036,0.5
8d722d33-c440-466d-9968-517118a74f9d,23.943,command_angular,/cmd_vel,-0.0012899908469989896,0.5
8d722d33-c440-466d-9968-517118a74f9d,24.012,command_angular,/cmd_vel,-0.00463791424408555,0.5
8d722d33-c440-466d-9968-517118a74f9d,24.051000000000002,command_angular,/cmd_vel,-0.012035726569592953,0.5
8d722d33-c440-466d-9968-517118a74f9d,24.093,command_angular,/cmd_vel,-0.01052559819072485,0.5
8d722d33-c440-466d-9968-517118a74f9d,24.162000000000003,command_angular,/cmd_vel,-0.013923471793532372,0.5
8d722d33-c440-466d-9968-517118a74f9d,24.192,command_angular,/cmd_vel,-0.01090764719992876,0.5
8d722d33-c440-466d-9968-517118a74f9d,24.273000000000003,command_angular,/cmd_vel,-0.012415105476975441,0.5
8d722d33-c440-466d-9968-517118a74f9d,24.303,command_angular,/cmd_vel,-0.010686206631362438,0.5
8d722d33-c440-466d-9968-517118a74f9d,24.342000000000002,command_angular,/cmd_vel,-0.006944342516362667,0.5
8d722d33-c440-466d-9968-517118a74f9d,24.411,command_angular,/cmd_vel,-0.0030125980265438557,0.5
8d722d33-c440-466d-9968-517118a74f9d,24.453000000000003,command_angular,/cmd_vel,-0.005390334874391556,0.5
8d722d33-c440-466d-9968-517118a74f9d,24.483,command_angular,/cmd_vel,-0.007914393208920956,0.5
8d722d33-c440-466d-9968-517118a74f9d,24.552000000000003,command_angular,/cmd_vel,0.000689147156663239,0.5
8d722d33-c440-466d-9968-517118a74f9d,24.591,command_angular,/cmd_vel,-0.0028480011969804764,0.5
8d722d33-c440-466d-9968-517118a74f9d,24.663,command_angular,/cmd_vel,-0.006140529178082943,0.5
8d722d33-c440-466d-9968-517118a74f9d,24.702,command_angular,/cmd_vel,-0.010541205294430256,0.5
8d722d33-c440-466d-9968-517118a74f9d,24.732000000000003,command_angular,/cmd_vel,-0.013038445264101028,0.5
8d722d33-c440-466d-9968-517118a74f9d,24.813000000000002,command_angular,/cmd_vel,-0.009684273973107338,0.5
8d722d33-c440-466d-9968-517118a74f9d,24.843,command_angular,/cmd_vel,-0.010096214711666107,0.5
8d722d33-c440-466d-9968-517118a74f9d,24.912000000000003,command_angular,/cmd_vel,-0.0129889827221632,0.5
8d722d33-c440-466d-9968-517118a74f9d,24.951,command_angular,/cmd_vel,-0.00553597416728735,0.5
8d722d33-c440-466d-9968-517118a74f9d,24.993000000000002,command_angular,/cmd_vel,-0.0029157381504774094,0.5
8d722d33-c440-466d-9968-517118a74f9d,25.062,command_angular,/cmd_vel,-0.00100329564884305,0.5
8d722d33-c440-466d-9968-517118a74f9d,25.092000000000002,command_angular,/cmd_vel,-0.000566994771361351,0.5
8d722d33-c440-466d-9968-517118a74f9d,25.173000000000002,command_angular,/cmd_vel,0.0006665561231784523,0.5
8d722d33-c440-466d-9968-517118a74f9d,25.203000000000003,command_angular,/cmd_vel,0.0054996805265545845,0.5
8d722d33-c440-466d-9968-517118a74f9d,25.242,command_angular,/cmd_vel,0.0027846419252455235,0.5
8d722d33-c440-466d-9968-517118a74f9d,25.311,command_angular,/cmd_vel,0.00149283348582685,0.5
8d722d33-c440-466d-9968-517118a74f9d,25.353,command_angular,/cmd_vel,-0.0007312518428079784,0.5
8d722d33-c440-466d-9968-517118a74f9d,25.383000000000003,command_angular,/cmd_vel,-0.0023843490052968264,0.5
8d722d33-c440-466d-9968-517118a74f9d,25.452,command_angular,/cmd_vel,-0.0037012833636254072,0.5
8d722d33-c440-466d-9968-517118a74f9d,25.491000000000003,command_angular,/cmd_vel,-0.0037772359792143106,0.5
8d722d33-c440-466d-9968-517118a74f9d,25.560000000000002,command_angular,/cmd_vel,-0.0011933688074350357,0.5
8d722d33-c440-466d-9968-517118a74f9d,25.602,command_angular,/cmd_vel,0.004476969130337238,0.5
8d722d33-c440-466d-9968-517118a74f9d,25.632,command_angular,/cmd_vel,0.0036369585432112217,0.5
8d722d33-c440-466d-9968-517118a74f9d,25.713,command_angular,/cmd_vel,-0.013552836142480373,0.5
8d722d33-c440-466d-9968-517118a74f9d,25.743000000000002,command_angular,/cmd_vel,-0.02762262150645256,0.5
8d722d33-c440-466d-9968-517118a74f9d,25.812,command_angular,/cmd_vel,-0.03483165428042412,0.5
8d722d33-c440-466d-9968-517118a74f9d,25.851000000000003,command_angular,/cmd_vel,-0.024049878120422363,0.5
8d722d33-c440-466d-9968-517118a74f9d,25.893,command_angular,/cmd_vel,-0.01946336403489113,0.5
8d722d33-c440-466d-9968-517118a74f9d,25.962000000000003,command_angular,/cmd_vel,-0.020086638629436493,0.5
8d722d33-c440-466d-9968-517118a74f9d,25.992,command_angular,/cmd_vel,-0.026680612936615944,0.5
8d722d33-c440-466d-9968-517118a74f9d,26.073,command_angular,/cmd_vel,-0.015307985246181488,0.5
8d722d33-c440-466d-9968-517118a74f9d,26.103,command_angular,/cmd_vel,-0.014345744624733925,0.5
8d722d33-c440-466d-9968-517118a74f9d,26.142000000000003,command_angular,/cmd_vel,-0.01489664800465107,0.5
8d722d33-c440-466d-9968-517118a74f9d,26.211000000000002,command_angular,/cmd_vel,0.004136605188250542,0.5
8d722d33-c440-466d-9968-517118a74f9d,26.253,command_angular,/cmd_vel,0.01649562269449234,0.5
8d722d33-c440-466d-9968-517118a74f9d,26.283,command_angular,/cmd_vel,0.026176692917943,0.5
8d722d33-c440-466d-9968-517118a74f9d,26.352,command_angular,/cmd_vel,0.029064692556858063,0.5
8d722d33-c440-466d-9968-517118a74f9d,26.391000000000002,command_angular,/cmd_vel,0.028051288798451424,0.5
8d722d33-c440-466d-9968-517118a74f9d,26.463,command_angular,/cmd_vel,0.023825306445360184,0.5
8d722d33-c440-466d-9968-517118a74f9d,26.502000000000002,command_angular,/cmd_vel,0.025705406442284584,0.5
8d722d33-c440-466d-9968-517118a74f9d,26.532,command_angular,/cmd_vel,0.01926281675696373,0.5
8d722d33-c440-466d-9968-517118a74f9d,26.613000000000003,command_angular,/cmd_vel,0.020121321082115173,0.5
8d722d33-c440-466d-9968-517118a74f9d,26.643,command_angular,/cmd_vel,0.01819901540875435,0.5
8d722d33-c440-466d-9968-517118a74f9d,26.712000000000003,command_angular,/cmd_vel,0.016429513692855835,0.5
8d722d33-c440-466d-9968-517118a74f9d,26.751,command_angular,/cmd_vel,0.015635043382644653,0.5
8d722d33-c440-466d-9968-517118a74f9d,26.793000000000003,command_angular,/cmd_vel,0.020485548302531242,0.5
8d722d33-c440-466d-9968-517118a74f9d,26.862000000000002,command_angular,/cmd_vel,0.02001906931400299,0.5
8d722d33-c440-466d-9968-517118a74f9d,26.892000000000003,command_angular,/cmd_vel,0.019060460850596428,0.5
8d722d33-c440-466d-9968-517118a74f9d,26.973000000000003,command_angular,/cmd_vel,0.017067892476916313,0.5
8d722d33-c440-466d-9968-517118a74f9d,27.003,command_angular,/cmd_vel,0.013385441154241562,0.5
8d722d33-c440-466d-9968-517118a74f9d,27.042,command_angular,/cmd_vel,0.012591847218573093,0.5
8d722d33-c440-466d-9968-517118a74f9d,27.111,command_angular,/cmd_vel,0.01146235316991806,0.5
8d722d33-c440-466d-9968-517118a74f9d,27.153000000000002,command_angular,/cmd_vel,0.009113178588449955,0.5
8d722d33-c440-466d-9968-517118a74f9d,27.183000000000003,command_angular,/cmd_vel,0.003673034254461527,0.5
8d722d33-c440-466d-9968-517118a74f9d,27.252000000000002,command_angular,/cmd_vel,0.00274360878393054,0.5
8d722d33-c440-466d-9968-517118a74f9d,27.291,command_angular,/cmd_vel,0.004949492402374744,0.5
8d722d33-c440-466d-9968-517118a74f9d,27.363000000000003,command_angular,/cmd_vel,0.012741311453282833,0.5
8d722d33-c440-466d-9968-517118a74f9d,27.402,command_angular,/cmd_vel,0.01102219894528389,0.5
8d722d33-c440-466d-9968-517118a74f9d,27.432000000000002,command_angular,/cmd_vel,0.010909486562013626,0.5
8d722d33-c440-466d-9968-517118a74f9d,27.513,command_angular,/cmd_vel,0.009819108992815018,0.5
8d722d33-c440-466d-9968-517118a74f9d,27.543000000000003,command_angular,/cmd_vel,0.012142611667513847,0.5
8d722d33-c440-466d-9968-517118a74f9d,27.612000000000002,command_angular,/cmd_vel,0.01629817672073841,0.5
8d722d33-c440-466d-9968-517118a74f9d,27.651000000000003,command_angular,/cmd_vel,0.018202776089310646,0.5
8d722d33-c440-466d-9968-517118a74f9d,27.693,command_angular,/cmd_vel,0.01681697927415371,0.5
8d722d33-c440-466d-9968-517118a74f9d,27.762,command_angular,/cmd_vel,0.013359583914279938,0.5
8d722d33-c440-466d-9968-517118a74f9d,27.792,command_angular,/cmd_vel,0.012623457238078117,0.5
8d722d33-c440-466d-9968-517118a74f9d,27.873,command_angular,/cmd_vel,0.015779055655002594,0.5
8d722d33-c440-466d-9968-517118a74f9d,27.903000000000002,command_angular,/cmd_vel,0.015832362696528435,0.5
8d722d33-c440-466d-9968-517118a74f9d,27.942,command_angular,/cmd_vel,0.01975627802312374,0.5
8d722d33-c440-466d-9968-517118a74f9d,28.011000000000003,command_angular,/cmd_vel,0.018841730430722237,0.5
8d722d33-c440-466d-9968-517118a74f9d,28.053,command_angular,/cmd_vel,0.016348131000995636,0.5
8d722d33-c440-466d-9968-517118a74f9d,28.083000000000002,command_angular,/cmd_vel,0.012076626531779766,0.5
8d722d33-c440-466d-9968-517118a74f9d,28.152,command_angular,/cmd_vel,0.010929781943559647,0.5
8d722d33-c440-466d-9968-517118a74f9d,28.191000000000003,command_angular,/cmd_vel,0.01667880080640316,0.5
8d722d33-c440-466d-9968-517118a74f9d,28.263,command_angular,/cmd_vel,0.0191187746822834,0.5
8d722d33-c440-466d-9968-517118a74f9d,28.302000000000003,command_angular,/cmd_vel,0.014596930705010891,0.5
8d722d33-c440-466d-9968-517118a74f9d,28.332,command_angular,/cmd_vel,0.014948091469705105,0.5
8d722d33-c440-466d-9968-517118a74f9d,28.413,command_angular,/cmd_vel,0.01053155679255724,0.5
8d722d33-c440-466d-9968-517118a74f9d,28.443,command_angular,/cmd_vel,0.010249661281704903,0.5
8d722d33-c440-466d-9968-517118a74f9d,28.512,command_angular,/cmd_vel,0.004719320684671402,0.5
8d722d33-c440-466d-9968-517118a74f9d,28.551000000000002,command_angular,/cmd_vel,0.002516977721825242,0.5
8d722d33-c440-466d-9968-517118a74f9d,28.593000000000004,command_angular,/cmd_vel,0.005765852518379688,0.5
8d722d33-c440-466d-9968-517118a74f9d,28.662000000000003,command_angular,/cmd_vel,0.001209222013130784,0.5
8d722d33-c440-466d-9968-517118a74f9d,28.692,command_angular,/cmd_vel,0.006500715389847755,0.5
8d722d33-c440-466d-9968-517118a74f9d,28.773000000000003,command_angular,/cmd_vel,0.004266846459358931,0.5
8d722d33-c440-466d-9968-517118a74f9d,28.8,command_angular,/cmd_vel,0.008295859210193157,0.5
8d722d33-c440-466d-9968-517118a74f9d,28.842000000000002,command_angular,/cmd_vel,0.0074670640751719475,0.5
8d722d33-c440-466d-9968-517118a74f9d,28.911,command_angular,/cmd_vel,0.0,0.5
8d722d33-c440-466d-9968-517118a74f9d,28.953000000000003,command_angular,/cmd_vel,0.0,0.5
8d722d33-c440-466d-9968-517118a74f9d,28.983,command_angular,/cmd_vel,0.0,0.5
8d722d33-c440-466d-9968-517118a74f9d,29.052000000000003,command_angular,/cmd_vel,0.0,0.5
8d722d33-c440-466d-9968-517118a74f9d,29.091,command_angular,/cmd_vel,0.0,0.5
8d722d33-c440-466d-9968-517118a74f9d,29.163,command_angular,/cmd_vel,0.0,0.5
8d722d33-c440-466d-9968-517118a74f9d,29.202,command_angular,/cmd_vel,0.0,0.5
8d722d33-c440-466d-9968-517118a74f9d,29.232000000000003,command_angular,/cmd_vel,0.0,0.5
8d722d33-c440-466d-9968-517118a74f9d,29.313000000000002,command_angular,/cmd_vel,0.0,0.5
8d722d33-c440-466d-9968-517118a74f9d,29.343000000000004,command_angular,/cmd_vel,0.0,0.5
8d722d33-c440-466d-9968-517118a74f9d,29.421000000000003,command_angular,/cmd_vel,0.0,0.5
8d722d33-c440-466d-9968-517118a74f9d,29.451,command_angular,/cmd_vel,0.0,0.5
8d722d33-c440-466d-9968-517118a74f9d,29.493000000000002,command_angular,/cmd_vel,0.0,0.5
8d722d33-c440-466d-9968-517118a74f9d,29.562,command_angular,/cmd_vel,0.0,0.5
8d722d33-c440-466d-9968-517118a74f9d,29.592000000000002,command_angular,/cmd_vel,0.0,0.5
8d722d33-c440-466d-9968-517118a74f9d,29.673000000000002,command_angular,/cmd_vel,0.0,0.5
8d722d33-c440-466d-9968-517118a74f9d,10.983,command_linear,/cmd_vel,0.03537113592028618,0.5
8d722d33-c440-466d-9968-517118a74f9d,11.052000000000001,command_linear,/cmd_vel,0.07844805717468262,0.5
8d722d33-c440-466d-9968-517118a74f9d,11.091000000000001,command_linear,/cmd_vel,0.10009836405515671,0.5
8d722d33-c440-466d-9968-517118a74f9d,11.163,command_linear,/cmd_vel,0.11727119982242584,0.5
8d722d33-c440-466d-9968-517118a74f9d,11.202,command_linear,/cmd_vel,0.12472881376743317,0.5
8d722d33-c440-466d-9968-517118a74f9d,11.232000000000001,command_linear,/cmd_vel,0.12633739411830902,0.5
8d722d33-c440-466d-9968-517118a74f9d,11.313,command_linear,/cmd_vel,0.127003476023674,0.5
8d722d33-c440-466d-9968-517118a74f9d,11.343,command_linear,/cmd_vel,0.12996304035186768,0.5
8d722d33-c440-466d-9968-517118a74f9d,11.412,command_linear,/cmd_vel,0.13041186332702637,0.5
8d722d33-c440-466d-9968-517118a74f9d,11.451,command_linear,/cmd_vel,0.13430693745613098,0.5
8d722d33-c440-466d-9968-517118a74f9d,11.493,command_linear,/cmd_vel,0.13431811332702637,0.5
8d722d33-c440-466d-9968-517118a74f9d,11.562000000000001,command_linear,/cmd_vel,0.13649572432041168,0.5
8d722d33-c440-466d-9968-517118a74f9d,11.592,command_linear,/cmd_vel,0.13493184745311737,0.5
8d722d33-c440-466d-9968-517118a74f9d,11.673,command_linear,/cmd_vel,0.13429859280586243,0.5
8d722d33-c440-466d-9968-517118a74f9d,11.703000000000001,command_linear,/cmd_vel,0.13611356914043427,0.5
8d722d33-c440-466d-9968-517118a74f9d,11.742,command_linear,/cmd_vel,0.1352858543395996,0.5
8d722d33-c440-466d-9968-517118a74f9d,11.811,command_linear,/cmd_vel,0.13784925639629364,0.5
8d722d33-c440-466d-9968-517118a74f9d,11.853000000000002,command_linear,/cmd_vel,0.14006055891513824,0.5
8d722d33-c440-466d-9968-517118a74f9d,11.883000000000001,command_linear,/cmd_vel,0.14166253805160522,0.5
8d722d33-c440-466d-9968-517118a74f9d,11.952,command_linear,/cmd_vel,0.1423376202583313,0.5
8d722d33-c440-466d-9968-517118a74f9d,11.991000000000001,command_linear,/cmd_vel,0.13242924213409424,0.5
8d722d33-c440-466d-9968-517118a74f9d,12.063,command_linear,/cmd_vel,0.1373234987258911,0.5
8d722d33-c440-466d-9968-517118a74f9d,12.102,command_linear,/cmd_vel,0.1340540647506714,0.5
8d722d33-c440-466d-9968-517118a74f9d,12.132000000000001,command_linear,/cmd_vel,0.1329186111688614,0.5
8d722d33-c440-466d-9968-517118a74f9d,12.213000000000001,command_linear,/cmd_vel,0.1320325881242752,0.5
8d722d33-c440-466d-9968-517118a74f9d,12.243,command_linear,/cmd_vel,0.1349930465221405,0.5
8d722d33-c440-466d-9968-517118a74f9d,12.312000000000001,command_linear,/cmd_vel,0.1369941085577011,0.5
8d722d33-c440-466d-9968-517118a74f9d,12.351,command_linear,/cmd_vel,0.13972756266593933,0.5
8d722d33-c440-466d-9968-517118a74f9d,12.393,command_linear,/cmd_vel,0.13442721962928772,0.5
8d722d33-c440-466d-9968-517118a74f9d,12.462000000000002,command_linear,/cmd_vel,0.13628333806991577,0.5
8d722d33-c440-466d-9968-517118a74f9d,12.492,command_linear,/cmd_vel,0.13954848051071167,0.5
8d722d33-c440-466d-9968-517118a74f9d,12.573,command_linear,/cmd_vel,0.14481879770755768,0.5
8d722d33-c440-466d-9968-517118a74f9d,12.603000000000002,command_linear,/cmd_vel,0.1441170573234558,0.5
8d722d33-c440-466d-9968-517118a74f9d,12.642000000000001,command_linear,/cmd_vel,0.14585193991661072,0.5
8d722d33-c440-466d-9968-517118a74f9d,12.711,command_linear,/cmd_vel,0.1498609334230423,0.5
8d722d33-c440-466d-9968-517118a74f9d,12.753,command_linear,/cmd_vel,0.15157310664653778,0.5
8d722d33-c440-466d-9968-517118a74f9d,12.783000000000001,command_linear,/cmd_vel,0.15116696059703827,0.5
8d722d33-c440-466d-9968-517118a74f9d,12.852,command_linear,/cmd_vel,0.15191103518009186,0.5
8d722d33-c440-466d-9968-517118a74f9d,12.891,command_linear,/cmd_vel,0.15355008840560913,0.5
8d722d33-c440-466d-9968-517118a74f9d,12.963000000000001,command_linear,/cmd_vel,0.1529655158519745,0.5
8d722d33-c440-466d-9968-517118a74f9d,13.002,command_linear,/cmd_vel,0.15106144547462463,0.5
8d722d33-c440-466d-9968-517118a74f9d,13.032,command_linear,/cmd_vel,0.15414227545261383,0.5
8d722d33-c440-466d-9968-517118a74f9d,13.113000000000001,command_linear,/cmd_vel,0.1540442705154419,0.5
8d722d33-c440-466d-9968-517118a74f9d,13.143,command_linear,/cmd_vel,0.1555793285369873,0.5
8d722d33-c440-466d-9968-517118a74f9d,13.212000000000002,command_linear,/cmd_vel,0.15825025737285614,0.5
8d722d33-c440-466d-9968-517118a74f9d,13.251000000000001,command_linear,/cmd_vel,0.16108761727809906,0.5
8d722d33-c440-466d-9968-517118a74f9d,13.293000000000001,command_linear,/cmd_vel,0.16259390115737915,0.5
8d722d33-c440-466d-9968-517118a74f9d,13.362,command_linear,/cmd_vel,0.15686087310314178,0.5
8d722d33-c440-466d-9968-517118a74f9d,13.392000000000001,command_linear,/cmd_vel,0.15871693193912506,0.5
8d722d33-c440-466d-9968-517118a74f9d,13.473,command_linear,/cmd_vel,0.1588836908340454,0.5
8d722d33-c440-466d-9968-517118a74f9d,13.503,command_linear,/cmd_vel,0.15932856500148773,0.5
8d722d33-c440-466d-9968-517118a74f9d,13.542000000000002,command_linear,/cmd_vel,0.15909908711910248,0.5
8d722d33-c440-466d-9968-517118a74f9d,13.611,command_linear,/cmd_vel,0.1668512523174286,0.5
8d722d33-c440-466d-9968-517118a74f9d,13.653,command_linear,/cmd_vel,0.16935783624649048,0.5
8d722d33-c440-466d-9968-517118a74f9d,13.683000000000002,command_linear,/cmd_vel,0.17342114448547363,0.5
8d722d33-c440-466d-9968-517118a74f9d,13.752,command_linear,/cmd_vel,0.1812620311975479,0.5
8d722d33-c440-466d-9968-517118a74f9d,13.791,command_linear,/cmd_vel,0.18240003287792206,0.5
8d722d33-c440-466d-9968-517118a74f9d,13.863000000000001,command_linear,/cmd_vel,0.17991700768470764,0.5
8d722d33-c440-466d-9968-517118a74f9d,13.902000000000001,command_linear,/cmd_vel,0.1762659102678299,0.5
8d722d33-c440-466d-9968-517118a74f9d,13.932,command_linear,/cmd_vel,0.17315000295639038,0.5
8d722d33-c440-466d-9968-517118a74f9d,14.013000000000002,command_linear,/cmd_vel,0.1731513887643814,0.5
8d722d33-c440-466d-9968-517118a74f9d,14.043000000000001,command_linear,/cmd_vel,0.17601987719535828,0.5
8d722d33-c440-466d-9968-517118a74f9d,14.112,command_linear,/cmd_vel,0.1767406165599823,0.5
8d722d33-c440-466d-9968-517118a74f9d,14.151000000000002,command_linear,/cmd_vel,0.1747341901063919,0.5
8d722d33-c440-466d-9968-517118a74f9d,14.193000000000001,command_linear,/cmd_vel,0.17894253134727478,0.5
8d722d33-c440-466d-9968-517118a74f9d,14.262,command_linear,/cmd_vel,0.1748179793357849,0.5
8d722d33-c440-466d-9968-517118a74f9d,14.292000000000002,command_linear,/cmd_vel,0.17818045616149902,0.5
8d722d33-c440-466d-9968-517118a74f9d,14.373000000000001,command_linear,/cmd_vel,0.17630062997341156,0.5
8d722d33-c440-466d-9968-517118a74f9d,14.403,command_linear,/cmd_vel,0.1803286075592041,0.5
8d722d33-c440-466d-9968-517118a74f9d,14.442,command_linear,/cmd_vel,0.18327826261520386,0.5
8d722d33-c440-466d-9968-517118a74f9d,14.511000000000001,command_linear,/cmd_vel,0.18450208008289337,0.5
8d722d33-c440-466d-9968-517118a74f9d,14.553,command_linear,/cmd_vel,0.18564605712890625,0.5
8d722d33-c440-466d-9968-517118a74f9d,14.583,command_linear,/cmd_vel,0.1884092092514038,0.5
8d722d33-c440-466d-9968-517118a74f9d,14.652000000000001,command_linear,/cmd_vel,0.18931713700294495,0.5
8d722d33-c440-466d-9968-517118a74f9d,14.691,command_linear,/cmd_vel,0.18476951122283936,0.5
8d722d33-c440-466d-9968-517118a74f9d,14.763000000000002,command_linear,/cmd_vel,0.17843511700630188,0.5
8d722d33-c440-466d-9968-517118a74f9d,14.802000000000001,command_linear,/cmd_vel,0.17546547949314117,0.5
8d722d33-c440-466d-9968-517118a74f9d,14.832,command_linear,/cmd_vel,0.1799343079328537,0.5
8d722d33-c440-466d-9968-517118a74f9d,14.913,command_linear,/cmd_vel,0.1848107874393463,0.5
8d722d33-c440-466d-9968-517118a74f9d,14.943000000000001,command_linear,/cmd_vel,0.18332940340042114,0.5
8d722d33-c440-466d-9968-517118a74f9d,15.012,command_linear,/cmd_vel,0.18210406601428986,0.5
8d722d33-c440-466d-9968-517118a74f9d,15.051,command_linear,/cmd_vel,0.1850675344467163,0.5
8d722d33-c440-466d-9968-517118a74f9d,15.093000000000002,command_linear,/cmd_vel,0.18426460027694702,0.5
8d722d33-c440-466d-9968-517118a74f9d,15.162,command_linear,/cmd_vel,0.18259525299072266,0.5
8d722d33-c440-466d-9968-517118a74f9d,15.192,command_linear,/cmd_vel,0.18645688891410828,0.5
8d722d33-c440-466d-9968-517118a74f9d,15.273000000000001,command_linear,/cmd_vel,0.185501366853714,0.5
8d722d33-c440-466d-9968-517118a74f9d,15.303,command_linear,/cmd_vel,0.18672582507133484,0.5
8d722d33-c440-466d-9968-517118a74f9d,15.342,command_linear,/cmd_vel,0.18828222155570984,0.5
8d722d33-c440-466d-9968-517118a74f9d,15.411000000000001,command_linear,/cmd_vel,0.18956507742404938,0.5
8d722d33-c440-466d-9968-517118a74f9d,15.453000000000001,command_linear,/cmd_vel,0.18802738189697266,0.5
8d722d33-c440-466d-9968-517118a74f9d,15.483,command_linear,/cmd_vel,0.18198613822460175,0.5
8d722d33-c440-466d-9968-517118a74f9d,15.552000000000001,command_linear,/cmd_vel,0.17861169576644897,0.5
8d722d33-c440-466d-9968-517118a74f9d,15.591000000000001,command_linear,/cmd_vel,0.18193647265434265,0.5
8d722d33-c440-466d-9968-517118a74f9d,15.663,command_linear,/cmd_vel,0.1776173859834671,0.5
8d722d33-c440-466d-9968-517118a74f9d,15.702000000000002,command_linear,/cmd_vel,0.1810602992773056,0.5
8d722d33-c440-466d-9968-517118a74f9d,15.732000000000001,command_linear,/cmd_vel,0.18182197213172913,0.5
8d722d33-c440-466d-9968-517118a74f9d,15.813,command_linear,/cmd_vel,0.18427254259586334,0.5
8d722d33-c440-466d-9968-517118a74f9d,15.843000000000002,command_linear,/cmd_vel,0.18332631886005402,0.5
8d722d33-c440-466d-9968-517118a74f9d,15.912,command_linear,/cmd_vel,0.18489108979701996,0.5
8d722d33-c440-466d-9968-517118a74f9d,15.951,command_linear,/cmd_vel,0.1836606115102768,0.5
8d722d33-c440-466d-9968-517118a74f9d,15.993,command_linear,/cmd_vel,0.1815594583749771,0.5
8d722d33-c440-466d-9968-517118a74f9d,16.062,command_linear,/cmd_vel,0.17655831575393677,0.5
8d722d33-c440-466d-9968-517118a74f9d,16.092000000000002,command_linear,/cmd_vel,0.1770983636379242,0.5
8d722d33-c440-466d-9968-517118a74f9d,16.173000000000002,command_linear,/cmd_vel,0.17645810544490814,0.5
8d722d33-c440-466d-9968-517118a74f9d,16.203,command_linear,/cmd_vel,0.17351806163787842,0.5
8d722d33-c440-466d-9968-517118a74f9d,16.242,command_linear,/cmd_vel,0.18179523944854736,0.5
8d722d33-c440-466d-9968-517118a74f9d,16.311,command_linear,/cmd_vel,0.18244020640850067,0.5
8d722d33-c440-466d-9968-517118a74f9d,16.353,command_linear,/cmd_vel,0.18299588561058044,0.5
8d722d33-c440-466d-9968-517118a74f9d,16.383000000000003,command_linear,/cmd_vel,0.184244766831398,0.5
8d722d33-c440-466d-9968-517118a74f9d,16.452,command_linear,/cmd_vel,0.18443363904953003,0.5
8d722d33-c440-466d-9968-517118a74f9d,16.491,command_linear,/cmd_vel,0.18335027992725372,0.5
8d722d33-c440-466d-9968-517118a74f9d,16.563000000000002,command_linear,/cmd_vel,0.18152102828025818,0.5
8d722d33-c440-466d-9968-517118a74f9d,16.602,command_linear,/cmd_vel,0.18060827255249023,0.5
8d722d33-c440-466d-9968-517118a74f9d,16.632,command_linear,/cmd_vel,0.17681844532489777,0.5
8d722d33-c440-466d-9968-517118a74f9d,16.713,command_linear,/cmd_vel,0.17589841783046722,0.5
8d722d33-c440-466d-9968-517118a74f9d,16.743000000000002,command_linear,/cmd_vel,0.1765585094690323,0.5
8d722d33-c440-466d-9968-517118a74f9d,16.812,command_linear,/cmd_vel,0.1774381697177887,0.5
8d722d33-c440-466d-9968-517118a74f9d,16.851000000000003,command_linear,/cmd_vel,0.18366681039333344,0.5
8d722d33-c440-466d-9968-517118a74f9d,16.893,command_linear,/cmd_vel,0.17455130815505981,0.5
8d722d33-c440-466d-9968-517118a74f9d,16.962,command_linear,/cmd_vel,0.17497240006923676,0.5
8d722d33-c440-466d-9968-517118a74f9d,16.992,command_linear,/cmd_vel,0.17248031497001648,0.5
8d722d33-c440-466d-9968-517118a74f9d,17.073,command_linear,/cmd_vel,0.1763213574886322,0.5
8d722d33-c440-466d-9968-517118a74f9d,17.103,command_linear,/cmd_vel,0.1769324243068695,0.5
8d722d33-c440-466d-9968-517118a74f9d,17.142,command_linear,/cmd_vel,0.17613548040390015,0.5
8d722d33-c440-466d-9968-517118a74f9d,17.211000000000002,command_linear,/cmd_vel,0.17555853724479675,0.5
8d722d33-c440-466d-9968-517118a74f9d,17.253,command_linear,/cmd_vel,0.17195390164852142,0.5
8d722d33-c440-466d-9968-517118a74f9d,17.283,command_linear,/cmd_vel,0.17323945462703705,0.5
8d722d33-c440-466d-9968-517118a74f9d,17.352,command_linear,/cmd_vel,0.17144234478473663,0.5
8d722d33-c440-466d-9968-517118a74f9d,17.391000000000002,command_linear,/cmd_vel,0.1684418022632599,0.5
8d722d33-c440-466d-9968-517118a74f9d,17.463,command_linear,/cmd_vel,0.17510193586349487,0.5
8d722d33-c440-466d-9968-517118a74f9d,17.502000000000002,command_linear,/cmd_vel,0.1760491281747818,0.5
8d722d33-c440-466d-9968-517118a74f9d,17.532,command_linear,/cmd_vel,0.1725814938545227,0.5
8d722d33-c440-466d-9968-517118a74f9d,17.613,command_linear,/cmd_vel,0.16803017258644104,0.5
8d722d33-c440-466d-9968-517118a74f9d,17.643,command_linear,/cmd_vel,0.16814368963241577,0.5
8d722d33-c440-466d-9968-517118a74f9d,17.712,command_linear,/cmd_vel,0.16782554984092712,0.5
8d722d33-c440-466d-9968-517118a74f9d,17.751,command_linear,/cmd_vel,0.16926929354667664,0.5
8d722d33-c440-466d-9968-517118a74f9d,17.793000000000003,command_linear,/cmd_vel,0.1703982949256897,0.5
8d722d33-c440-466d-9968-517118a74f9d,17.862000000000002,command_linear,/cmd_vel,0.1700732260942459,0.5
8d722d33-c440-466d-9968-517118a74f9d,17.892,command_linear,/cmd_vel,0.16641007363796234,0.5
8d722d33-c440-466d-9968-517118a74f9d,17.973000000000003,command_linear,/cmd_vel,0.16793256998062134,0.5
8d722d33-c440-466d-9968-517118a74f9d,18.003,command_linear,/cmd_vel,0.1636146456003189,0.5
8d722d33-c440-466d-9968-517118a74f9d,18.042,command_linear,/cmd_vel,0.16736729443073273,0.5
8d722d33-c440-466d-9968-517118a74f9d,18.111,command_linear,/cmd_vel,0.16556891798973083,0.5
8d722d33-c440-466d-9968-517118a74f9d,18.153000000000002,command_linear,/cmd_vel,0.16723686456680298,0.5
8d722d33-c440-466d-9968-517118a74f9d,18.183,command_linear,/cmd_vel,0.16535192728042603,0.5
8d722d33-c440-466d-9968-517118a74f9d,18.252000000000002,command_linear,/cmd_vel,0.16909894347190857,0.5
8d722d33-c440-466d-9968-517118a74f9d,18.291,command_linear,/cmd_vel,0.16860608756542206,0.5
8d722d33-c440-466d-9968-517118a74f9d,18.363,command_linear,/cmd_vel,0.16959582269191742,0.5
8d722d33-c440-466d-9968-517118a74f9d,18.402,command_linear,/cmd_vel,0.17145608365535736,0.5
8d722d33-c440-466d-9968-517118a74f9d,18.432000000000002,command_linear,/cmd_vel,0.16965369880199432,0.5
8d722d33-c440-466d-9968-517118a74f9d,18.513,command_linear,/cmd_vel,0.17162494361400604,0.5
8d722d33-c440-466d-9968-517118a74f9d,18.543000000000003,command_linear,/cmd_vel,0.17482297122478485,0.5
8d722d33-c440-466d-9968-517118a74f9d,18.612000000000002,command_linear,/cmd_vel,0.17754659056663513,0.5
8d722d33-c440-466d-9968-517118a74f9d,18.651,command_linear,/cmd_vel,0.1779542714357376,0.5
8d722d33-c440-466d-9968-517118a74f9d,18.693,command_linear,/cmd_vel,0.17280028760433197,0.5
8d722d33-c440-466d-9968-517118a74f9d,18.762,command_linear,/cmd_vel,0.17042431235313416,0.5
8d722d33-c440-466d-9968-517118a74f9d,18.792,command_linear,/cmd_vel,0.17290225625038147,0.5
8d722d33-c440-466d-9968-517118a74f9d,18.873,command_linear,/cmd_vel,0.17243334650993347,0.5
8d722d33-c440-466d-9968-517118a74f9d,18.903000000000002,command_linear,/cmd_vel,0.1681087166070938,0.5
8d722d33-c440-466d-9968-517118a74f9d,18.942,command_linear,/cmd_vel,0.1698615550994873,0.5
8d722d33-c440-466d-9968-517118a74f9d,19.011000000000003,command_linear,/cmd_vel,0.17033204436302185,0.5
8d722d33-c440-466d-9968-517118a74f9d,19.053,command_linear,/cmd_vel,0.17296424508094788,0.5
8d722d33-c440-466d-9968-517118a74f9d,19.083000000000002,command_linear,/cmd_vel,0.17128221690654755,0.5
8d722d33-c440-466d-9968-517118a74f9d,19.152,command_linear,/cmd_vel,0.16876286268234253,0.5
8d722d33-c440-466d-9968-517118a74f9d,19.191000000000003,command_linear,/cmd_vel,0.17281973361968994,0.5
8d722d33-c440-466d-9968-517118a74f9d,19.263,command_linear,/cmd_vel,0.1758531928062439,0.5
8d722d33-c440-466d-9968-517118a74f9d,19.302,command_linear,/cmd_vel,0.17217998206615448,0.5
8d722d33-c440-466d-9968-517118a74f9d,19.332,command_linear,/cmd_vel,0.17642280459403992,0.5
8d722d33-c440-466d-9968-517118a74f9d,19.413,command_linear,/cmd_vel,0.18075166642665863,0.5
8d722d33-c440-466d-9968-517118a74f9d,19.443,command_linear,/cmd_vel,0.1697152853012085,0.5
8d722d33-c440-466d-9968-517118a74f9d,19.512,command_linear,/cmd_vel,0.16929054260253906,0.5
8d722d33-c440-466d-9968-517118a74f9d,19.551000000000002,command_linear,/cmd_vel,0.17177481949329376,0.5
8d722d33-c440-466d-9968-517118a74f9d,19.593,command_linear,/cmd_vel,0.17047031223773956,0.5
8d722d33-c440-466d-9968-517118a74f9d,19.662000000000003,command_linear,/cmd_vel,0.16719895601272583,0.5
8d722d33-c440-466d-9968-517118a74f9d,19.692,command_linear,/cmd_vel,0.17281955480575562,0.5
8d722d33-c440-466d-9968-517118a74f9d,19.773,command_linear,/cmd_vel,0.174600288271904,0.5
8d722d33-c440-466d-9968-517118a74f9d,19.803,command_linear,/cmd_vel,0.1720818430185318,0.5
8d722d33-c440-466d-9968-517118a74f9d,19.842000000000002,command_linear,/cmd_vel,0.17006346583366394,0.5
8d722d33-c440-466d-9968-517118a74f9d,19.911,command_linear,/cmd_vel,0.17172692716121674,0.5
8d722d33-c440-466d-9968-517118a74f9d,19.953000000000003,command_linear,/cmd_vel,0.1746063530445099,0.5
8d722d33-c440-466d-9968-517118a74f9d,19.983,command_linear,/cmd_vel,0.17116999626159668,0.5
8d722d33-c440-466d-9968-517118a74f9d,20.052,command_linear,/cmd_vel,0.17314037680625916,0.5
8d722d33-c440-466d-9968-517118a74f9d,20.091,command_linear,/cmd_vel,0.17204496264457703,0.5
8d722d33-c440-466d-9968-517118a74f9d,20.163,command_linear,/cmd_vel,0.17430086433887482,0.5
8d722d33-c440-466d-9968-517118a74f9d,20.202,command_linear,/cmd_vel,0.1791926473379135,0.5
8d722d33-c440-466d-9968-517118a74f9d,20.232000000000003,command_linear,/cmd_vel,0.17745140194892883,0.5
8d722d33-c440-466d-9968-517118a74f9d,20.313000000000002,command_linear,/cmd_vel,0.17874549329280853,0.5
8d722d33-c440-466d-9968-517118a74f9d,20.343,command_linear,/cmd_vel,0.17618858814239502,0.5
8d722d33-c440-466d-9968-517118a74f9d,20.412000000000003,command_linear,/cmd_vel,0.1764669418334961,0.5
8d722d33-c440-466d-9968-517118a74f9d,20.451,command_linear,/cmd_vel,0.18028634786605835,0.5
8d722d33-c440-466d-9968-517118a74f9d,20.493000000000002,command_linear,/cmd_vel,0.18437400460243225,0.5
8d722d33-c440-466d-9968-517118a74f9d,20.562,command_linear,/cmd_vel,0.1856243908405304,0.5
8d722d33-c440-466d-9968-517118a74f9d,20.592000000000002,command_linear,/cmd_vel,0.18242530524730682,0.5
8d722d33-c440-466d-9968-517118a74f9d,20.673000000000002,command_linear,/cmd_vel,0.1843331754207611,0.5
8d722d33-c440-466d-9968-517118a74f9d,20.703000000000003,command_linear,/cmd_vel,0.18000656366348267,0.5
8d722d33-c440-466d-9968-517118a74f9d,20.742,command_linear,/cmd_vel,0.1787542700767517,0.5
8d722d33-c440-466d-9968-517118a74f9d,20.811,command_linear,/cmd_vel,0.17910732328891754,0.5
8d722d33-c440-466d-9968-517118a74f9d,20.853,command_linear,/cmd_vel,0.18298625946044922,0.5
8d722d33-c440-466d-9968-517118a74f9d,20.883000000000003,command_linear,/cmd_vel,0.1834057867527008,0.5
8d722d33-c440-466d-9968-517118a74f9d,20.952,command_linear,/cmd_vel,0.18032264709472656,0.5
8d722d33-c440-466d-9968-517118a74f9d,20.991,command_linear,/cmd_vel,0.18047785758972168,0.5
8d722d33-c440-466d-9968-517118a74f9d,21.063000000000002,command_linear,/cmd_vel,0.18309377133846283,0.5
8d722d33-c440-466d-9968-517118a74f9d,21.102,command_linear,/cmd_vel,0.1854390799999237,0.5
8d722d33-c440-466d-9968-517118a74f9d,21.132,command_linear,/cmd_vel,0.18153101205825806,0.5
8d722d33-c440-466d-9968-517118a74f9d,21.213,command_linear,/cmd_vel,0.18293222784996033,0.5
8d722d33-c440-466d-9968-517118a74f9d,21.243000000000002,command_linear,/cmd_vel,0.18471907079219818,0.5
8d722d33-c440-466d-9968-517118a74f9d,21.312,command_linear,/cmd_vel,0.1831708550453186,0.5
8d722d33-c440-466d-9968-517118a74f9d,21.351000000000003,command_linear,/cmd_vel,0.1847752183675766,0.5
8d722d33-c440-466d-9968-517118a74f9d,21.393,command_linear,/cmd_vel,0.1899212747812271,0.5
8d722d33-c440-466d-9968-517118a74f9d,21.462,command_linear,/cmd_vel,0.18920239806175232,0.5
8d722d33-c440-466d-9968-517118a74f9d,21.492,command_linear,/cmd_vel,0.19142960011959076,0.5
8d722d33-c440-466d-9968-517118a74f9d,21.573,command_linear,/cmd_vel,0.18930584192276,0.5
8d722d33-c440-466d-9968-517118a74f9d,21.603,command_linear,/cmd_vel,0.19045494496822357,0.5
8d722d33-c440-466d-9968-517118a74f9d,21.642000000000003,command_linear,/cmd_vel,0.18574567139148712,0.5
8d722d33-c440-466d-9968-517118a74f9d,21.711000000000002,command_linear,/cmd_vel,0.1846483051776886,0.5
8d722d33-c440-466d-9968-517118a74f9d,21.753,command_linear,/cmd_vel,0.1875796616077423,0.5
8d722d33-c440-466d-9968-517118a74f9d,21.783,command_linear,/cmd_vel,0.1886725276708603,0.5
8d722d33-c440-466d-9968-517118a74f9d,21.852,command_linear,/cmd_vel,0.1880616545677185,0.5
8d722d33-c440-466d-9968-517118a74f9d,21.891000000000002,command_linear,/cmd_vel,0.18928517401218414,0.5
8d722d33-c440-466d-9968-517118a74f9d,21.963,command_linear,/cmd_vel,0.18803763389587402,0.5
8d722d33-c440-466d-9968-517118a74f9d,22.002000000000002,command_linear,/cmd_vel,0.18656066060066223,0.5
8d722d33-c440-466d-9968-517118a74f9d,22.032,command_linear,/cmd_vel,0.1854710429906845,0.5
8d722d33-c440-466d-9968-517118a74f9d,22.113000000000003,command_linear,/cmd_vel,0.18118183314800262,0.5
8d722d33-c440-466d-9968-517118a74f9d,22.143,command_linear,/cmd_vel,0.18155884742736816,0.5
8d722d33-c440-466d-9968-517118a74f9d,22.212,command_linear,/cmd_vel,0.18555337190628052,0.5
8d722d33-c440-466d-9968-517118a74f9d,22.251,command_linear,/cmd_vel,0.1876833438873291,0.5
8d722d33-c440-466d-9968-517118a74f9d,22.293000000000003,command_linear,/cmd_vel,0.18578340113162994,0.5
8d722d33-c440-466d-9968-517118a74f9d,22.362000000000002,command_linear,/cmd_vel,0.18430207669734955,0.5
8d722d33-c440-466d-9968-517118a74f9d,22.392000000000003,command_linear,/cmd_vel,0.18259985744953156,0.5
8d722d33-c440-466d-9968-517118a74f9d,22.473000000000003,command_linear,/cmd_vel,0.18512478470802307,0.5
8d722d33-c440-466d-9968-517118a74f9d,22.5,command_linear,/cmd_vel,0.1884668469429016,0.5
8d722d33-c440-466d-9968-517118a74f9d,22.542,command_linear,/cmd_vel,0.18610738217830658,0.5
8d722d33-c440-466d-9968-517118a74f9d,22.611,command_linear,/cmd_vel,0.18575669825077057,0.5
8d722d33-c440-466d-9968-517118a74f9d,22.653000000000002,command_linear,/cmd_vel,0.18659543991088867,0.5
8d722d33-c440-466d-9968-517118a74f9d,22.683,command_linear,/cmd_vel,0.1784963607788086,0.5
8d722d33-c440-466d-9968-517118a74f9d,22.752000000000002,command_linear,/cmd_vel,0.18015450239181519,0.5
8d722d33-c440-466d-9968-517118a74f9d,22.791,command_linear,/cmd_vel,0.17828768491744995,0.5
8d722d33-c440-466d-9968-517118a74f9d,22.863000000000003,command_linear,/cmd_vel,0.17845873534679413,0.5
8d722d33-c440-466d-9968-517118a74f9d,22.902,command_linear,/cmd_vel,0.17382042109966278,0.5
8d722d33-c440-466d-9968-517118a74f9d,22.932000000000002,command_linear,/cmd_vel,0.17137190699577332,0.5
8d722d33-c440-466d-9968-517118a74f9d,23.013,command_linear,/cmd_vel,0.17065301537513733,0.5
8d722d33-c440-466d-9968-517118a74f9d,23.043000000000003,command_linear,/cmd_vel,0.17256657779216766,0.5
8d722d33-c440-466d-9968-517118a74f9d,23.112000000000002,command_linear,/cmd_vel,0.1678505539894104,0.5
8d722d33-c440-466d-9968-517118a74f9d,23.151,command_linear,/cmd_vel,0.17100393772125244,0.5
8d722d33-c440-466d-9968-517118a74f9d,23.193,command_linear,/cmd_vel,0.1671074777841568,0.5
8d722d33-c440-466d-9968-517118a74f9d,23.262,command_linear,/cmd_vel,0.16754880547523499,0.5
8d722d33-c440-466d-9968-517118a74f9d,23.292,command_linear,/cmd_vel,0.16655664145946503,0.5
8d722d33-c440-466d-9968-517118a74f9d,23.373,command_linear,/cmd_vel,0.16562038660049438,0.5
8d722d33-c440-466d-9968-517118a74f9d,23.403000000000002,command_linear,/cmd_vel,0.16559329628944397,0.5
8d722d33-c440-466d-9968-517118a74f9d,23.442,command_linear,/cmd_vel,0.1657966524362564,0.5
8d722d33-c440-466d-9968-517118a74f9d,23.511000000000003,command_linear,/cmd_vel,0.1643989235162735,0.5
8d722d33-c440-466d-9968-517118a74f9d,23.553,command_linear,/cmd_vel,0.16719956696033478,0.5
8d722d33-c440-466d-9968-517118a74f9d,23.583000000000002,command_linear,/cmd_vel,0.166321262717247,0.5
8d722d33-c440-466d-9968-517118a74f9d,23.652,command_linear,/cmd_vel,0.16595853865146637,0.5
8d722d33-c440-466d-9968-517118a74f9d,23.691000000000003,command_linear,/cmd_vel,0.16411136090755463,0.5
8d722d33-c440-466d-9968-517118a74f9d,23.763,command_linear,/cmd_vel,0.16142354905605316,0.5
8d722d33-c440-466d-9968-517118a74f9d,23.802000000000003,command_linear,/cmd_vel,0.15913470089435577,0.5
8d722d33-c440-466d-9968-517118a74f9d,23.832,command_linear,/cmd_vel,0.1583106368780136,0.5
8d722d33-c440-466d-9968-517118a74f9d,23.913,command_linear,/cmd_vel,0.15806782245635986,0.5
8d722d33-c440-466d-9968-517118a74f9d,23.943,command_linear,/cmd_vel,0.15858395397663116,0.5
8d722d33-c440-466d-9968-517118a74f9d,24.012,command_linear,/cmd_vel,0.1596980094909668,0.5
8d722d33-c440-466d-9968-517118a74f9d,24.051000000000002,command_linear,/cmd_vel,0.156429722905159,0.5
8d722d33-c440-466d-9968-517118a74f9d,24.093,command_linear,/cmd_vel,0.1562085598707199,0.5
8d722d33-c440-466d-9968-517118a74f9d,24.162000000000003,command_linear,/cmd_vel,0.152303084731102,0.5
8d722d33-c440-466d-9968-517118a74f9d,24.192,command_linear,/cmd_vel,0.15127772092819214,0.5
8d722d33-c440-466d-9968-517118a74f9d,24.273000000000003,command_linear,/cmd_vel,0.15022920072078705,0.5
8d722d33-c440-466d-9968-517118a74f9d,24.303,command_linear,/cmd_vel,0.15018662810325623,0.5
8d722d33-c440-466d-9968-517118a74f9d,24.342000000000002,command_linear,/cmd_vel,0.15274570882320404,0.5
8d722d33-c440-466d-9968-517118a74f9d,24.411,command_linear,/cmd_vel,0.15280365943908691,0.5
8d722d33-c440-466d-9968-517118a74f9d,24.453000000000003,command_linear,/cmd_vel,0.1551171839237213,0.5
8d722d33-c440-466d-9968-517118a74f9d,24.483,command_linear,/cmd_vel,0.1508135348558426,0.5
8d722d33-c440-466d-9968-517118a74f9d,24.552000000000003,command_linear,/cmd_vel,0.14939852058887482,0.5
8d722d33-c440-466d-9968-517118a74f9d,24.591,command_linear,/cmd_vel,0.1480516791343689,0.5
8d722d33-c440-466d-9968-517118a74f9d,24.663,command_linear,/cmd_vel,0.1481492966413498,0.5
8d722d33-c440-466d-9968-517118a74f9d,24.702,command_linear,/cmd_vel,0.14644335210323334,0.5
8d722d33-c440-466d-9968-517118a74f9d,24.732000000000003,command_linear,/cmd_vel,0.14356370270252228,0.5
8d722d33-c440-466d-9968-517118a74f9d,24.813000000000002,command_linear,/cmd_vel,0.14837680757045746,0.5
8d722d33-c440-466d-9968-517118a74f9d,24.843,command_linear,/cmd_vel,0.1445106565952301,0.5
8d722d33-c440-466d-9968-517118a74f9d,24.912000000000003,command_linear,/cmd_vel,0.14372414350509644,0.5
8d722d33-c440-466d-9968-517118a74f9d,24.951,command_linear,/cmd_vel,0.14481879770755768,0.5
8d722d33-c440-466d-9968-517118a74f9d,24.993000000000002,command_linear,/cmd_vel,0.14636626839637756,0.5
8d722d33-c440-466d-9968-517118a74f9d,25.062,command_linear,/cmd_vel,0.1455647498369217,0.5
8d722d33-c440-466d-9968-517118a74f9d,25.092000000000002,command_linear,/cmd_vel,0.1469494253396988,0.5
8d722d33-c440-466d-9968-517118a74f9d,25.173000000000002,command_linear,/cmd_vel,0.14646755158901215,0.5
8d722d33-c440-466d-9968-517118a74f9d,25.203000000000003,command_linear,/cmd_vel,0.14418098330497742,0.5
8d722d33-c440-466d-9968-517118a74f9d,25.242,command_linear,/cmd_vel,0.14303886890411377,0.5
8d722d33-c440-466d-9968-517118a74f9d,25.311,command_linear,/cmd_vel,0.14011050760746002,0.5
8d722d33-c440-466d-9968-517118a74f9d,25.353,command_linear,/cmd_vel,0.14207689464092255,0.5
8d722d33-c440-466d-9968-517118a74f9d,25.383000000000003,command_linear,/cmd_vel,0.13600975275039673,0.5
8d722d33-c440-466d-9968-517118a74f9d,25.452,command_linear,/cmd_vel,0.13672639429569244,0.5
8d722d33-c440-466d-9968-517118a74f9d,25.491000000000003,command_linear,/cmd_vel,0.13541731238365173,0.5
8d722d33-c440-466d-9968-517118a74f9d,25.560000000000002,command_linear,/cmd_vel,0.1345377266407013,0.5
8d722d33-c440-466d-9968-517118a74f9d,25.602,command_linear,/cmd_vel,0.13425645232200623,0.5
8d722d33-c440-466d-9968-517118a74f9d,25.632,command_linear,/cmd_vel,0.13335444033145905,0.5
8d722d33-c440-466d-9968-517118a74f9d,25.713,command_linear,/cmd_vel,0.13268959522247314,0.5
8d722d33-c440-466d-9968-517118a74f9d,25.743000000000002,command_linear,/cmd_vel,0.13083504140377045,0.5
8d722d33-c440-466d-9968-517118a74f9d,25.812,command_linear,/cmd_vel,0.13083036243915558,0.5
8d722d33-c440-466d-9968-517118a74f9d,25.851000000000003,command_linear,/cmd_vel,0.131830096244812,0.5
8d722d33-c440-466d-9968-517118a74f9d,25.893,command_linear,/cmd_vel,0.13616475462913513,0.5
8d722d33-c440-466d-9968-517118a74f9d,25.962000000000003,command_linear,/cmd_vel,0.1351674646139145,0.5
8d722d33-c440-466d-9968-517118a74f9d,25.992,command_linear,/cmd_vel,0.13181239366531372,0.5
8d722d33-c440-466d-9968-517118a74f9d,26.073,command_linear,/cmd_vel,0.1314202845096588,0.5
8d722d33-c440-466d-9968-517118a74f9d,26.103,command_linear,/cmd_vel,0.13101378083229065,0.5
8d722d33-c440-466d-9968-517118a74f9d,26.142000000000003,command_linear,/cmd_vel,0.128360778093338,0.5
8d722d33-c440-466d-9968-517118a74f9d,26.211000000000002,command_linear,/cmd_vel,0.12977644801139832,0.5
8d722d33-c440-466d-9968-517118a74f9d,26.253,command_linear,/cmd_vel,0.13020361959934235,0.5
8d722d33-c440-466d-9968-517118a74f9d,26.283,command_linear,/cmd_vel,0.12654080986976624,0.5
8d722d33-c440-466d-9968-517118a74f9d,26.352,command_linear,/cmd_vel,0.12242284417152405,0.5
8d722d33-c440-466d-9968-517118a74f9d,26.391000000000002,command_linear,/cmd_vel,0.12186698615550995,0.5
8d722d33-c440-466d-9968-517118a74f9d,26.463,command_linear,/cmd_vel,0.1202426552772522,0.5
8d722d33-c440-466d-9968-517118a74f9d,26.502000000000002,command_linear,/cmd_vel,0.11858098208904266,0.5
8d722d33-c440-466d-9968-517118a74f9d,26.532,command_linear,/cmd_vel,0.1189790591597557,0.5
8d722d33-c440-466d-9968-517118a74f9d,26.613000000000003,command_linear,/cmd_vel,0.11608891934156418,0.5
8d722d33-c440-466d-9968-517118a74f9d,26.643,command_linear,/cmd_vel,0.11759528517723083,0.5
8d722d33-c440-466d-9968-517118a74f9d,26.712000000000003,command_linear,/cmd_vel,0.11637239158153534,0.5
8d722d33-c440-466d-9968-517118a74f9d,26.751,command_linear,/cmd_vel,0.11496121436357498,0.5
8d722d33-c440-466d-9968-517118a74f9d,26.793000000000003,command_linear,/cmd_vel,0.11587534844875336,0.5
8d722d33-c440-466d-9968-517118a74f9d,26.862000000000002,command_linear,/cmd_vel,0.11385411769151688,0.5
8d722d33-c440-466d-9968-517118a74f9d,26.892000000000003,command_linear,/cmd_vel,0.11169494688510895,0.5
8d722d33-c440-466d-9968-517118a74f9d,26.973000000000003,command_linear,/cmd_vel,0.11014611274003983,0.5
8d722d33-c440-466d-9968-517118a74f9d,27.003,command_linear,/cmd_vel,0.1083974838256836,0.5
8d722d33-c440-466d-9968-517118a74f9d,27.042,command_linear,/cmd_vel,0.10744541883468628,0.5
8d722d33-c440-466d-9968-517118a74f9d,27.111,command_linear,/cmd_vel,0.1067131832242012,0.5
8d722d33-c440-466d-9968-517118a74f9d,27.153000000000002,command_linear,/cmd_vel,0.10736566036939621,0.5
8d722d33-c440-466d-9968-517118a74f9d,27.183000000000003,command_linear,/cmd_vel,0.10659950226545334,0.5
8d722d33-c440-466d-9968-517118a74f9d,27.252000000000002,command_linear,/cmd_vel,0.10344266146421432,0.5
8d722d33-c440-466d-9968-517118a74f9d,27.291,command_linear,/cmd_vel,0.10340825468301773,0.5
8d722d33-c440-466d-9968-517118a74f9d,27.363000000000003,command_linear,/cmd_vel,0.0995306521654129,0.5
8d722d33-c440-466d-9968-517118a74f9d,27.402,command_linear,/cmd_vel,0.10019948333501816,0.5
8d722d33-c440-466d-9968-517118a74f9d,27.432000000000002,command_linear,/cmd_vel,0.10082986950874329,0.5
8d722d33-c440-466d-9968-517118a74f9d,27.513,command_linear,/cmd_vel,0.1017119288444519,0.5
8d722d33-c440-466d-9968-517118a74f9d,27.543000000000003,command_linear,/cmd_vel,0.09964701533317566,0.5
8d722d33-c440-466d-9968-517118a74f9d,27.612000000000002,command_linear,/cmd_vel,0.10026323795318604,0.5
8d722d33-c440-466d-9968-517118a74f9d,27.651000000000003,command_linear,/cmd_vel,0.10267466306686401,0.5
8d722d33-c440-466d-9968-517118a74f9d,27.693,command_linear,/cmd_vel,0.10113784670829773,0.5
8d722d33-c440-466d-9968-517118a74f9d,27.762,command_linear,/cmd_vel,0.10135900974273682,0.5
8d722d33-c440-466d-9968-517118a74f9d,27.792,command_linear,/cmd_vel,0.10277163982391357,0.5
8d722d33-c440-466d-9968-517118a74f9d,27.873,command_linear,/cmd_vel,0.10183116048574448,0.5
8d722d33-c440-466d-9968-517118a74f9d,27.903000000000002,command_linear,/cmd_vel,0.09930214285850525,0.5
8d722d33-c440-466d-9968-517118a74f9d,27.942,command_linear,/cmd_vel,0.09619137644767761,0.5
8d722d33-c440-466d-9968-517118a74f9d,28.011000000000003,command_linear,/cmd_vel,0.09653463959693909,0.5
8d722d33-c440-466d-9968-517118a74f9d,28.053,command_linear,/cmd_vel,0.09338158369064331,0.5
8d722d33-c440-466d-9968-517118a74f9d,28.083000000000002,command_linear,/cmd_vel,0.0912298932671547,0.5
8d722d33-c440-466d-9968-517118a74f9d,28.152,command_linear,/cmd_vel,0.08879566192626953,0.5
8d722d33-c440-466d-9968-517118a74f9d,28.191000000000003,command_linear,/cmd_vel,0.09231066703796387,0.5
8d722d33-c440-466d-9968-517118a74f9d,28.263,command_linear,/cmd_vel,0.08856753259897232,0.5
8d722d33-c440-466d-9968-517118a74f9d,28.302000000000003,command_linear,/cmd_vel,0.0882529690861702,0.5
8d722d33-c440-466d-9968-517118a74f9d,28.332,command_linear,/cmd_vel,0.087076336145401,0.5
8d722d33-c440-466d-9968-517118a74f9d,28.413,command_linear,/cmd_vel,0.08251602202653885,0.5
8d722d33-c440-466d-9968-517118a74f9d,28.443,command_linear,/cmd_vel,0.08322007209062576,0.5
8d722d33-c440-466d-9968-517118a74f9d,28.512,command_linear,/cmd_vel,0.08178804814815521,0.5
8d722d33-c440-466d-9968-517118a74f9d,28.551000000000002,command_linear,/cmd_vel,0.08218391239643097,0.5
8d722d33-c440-466d-9968-517118a74f9d,28.593000000000004,command_linear,/cmd_vel,0.0758742094039917,0.5
8d722d33-c440-466d-9968-517118a74f9d,28.662000000000003,command_linear,/cmd_vel,0.07476265728473663,0.5
8d722d33-c440-466d-9968-517118a74f9d,28.692,command_linear,/cmd_vel,0.07698200643062592,0.5
8d722d33-c440-466d-9968-517118a74f9d,28.773000000000003,command_linear,/cmd_vel,0.08035065233707428,0.5
8d722d33-c440-466d-9968-517118a74f9d,28.8,command_linear,/cmd_vel,0.0789148136973381,0.5
8d722d33-c440-466d-9968-517118a74f9d,28.842000000000002,command_linear,/cmd_vel,0.08082722127437592,0.5
8d722d33-c440-466d-9968-517118a74f9d,28.911,command_linear,/cmd_vel,0.0,0.5
8d722d33-c440-466d-9968-517118a74f9d,28.953000000000003,command_linear,/cmd_vel,0.0,0.5
8d722d33-c440-466d-9968-517118a74f9d,28.983,command_linear,/cmd_vel,0.0,0.5
8d722d33-c440-466d-9968-517118a74f9d,29.052000000000003,command_linear,/cmd_vel,0.0,0.5
8d722d33-c440-466d-9968-517118a74f9d,29.091,command_linear,/cmd_vel,0.0,0.5
8d722d33-c440-466d-9968-517118a74f9d,29.163,command_linear,/cmd_vel,0.0,0.5
8d722d33-c440-466d-9968-517118a74f9d,29.202,command_linear,/cmd_vel,0.0,0.5
8d722d33-c440-466d-9968-517118a74f9d,29.232000000000003,command_linear,/cmd_vel,0.0,0.5
8d722d33-c440-466d-9968-517118a74f9d,29.313000000000002,command_linear,/cmd_vel,0.0,0.5
8d722d33-c440-466d-9968-517118a74f9d,29.343000000000004,command_linear,/cmd_vel,0.0,0.5
8d722d33-c440-466d-9968-517118a74f9d,29.421000000000003,command_linear,/cmd_vel,0.0,0.5
8d722d33-c440-466d-9968-517118a74f9d,29.451,command_linear,/cmd_vel,0.0,0.5
8d722d33-c440-466d-9968-517118a74f9d,29.493000000000002,command_linear,/cmd_vel,0.0,0.5
8d722d33-c440-466d-9968-517118a74f9d,29.562,command_linear,/cmd_vel,0.0,0.5
8d722d33-c440-466d-9968-517118a74f9d,29.592000000000002,command_linear,/cmd_vel,0.0,0.5
8d722d33-c440-466d-9968-517118a74f9d,29.673000000000002,command_linear,/cmd_vel,0.0,0.5
8d722d33-c440-466d-9968-517118a74f9d,10.953000000000001,global_path_curvature,/plan,0.42091238777663653,2.0
8d722d33-c440-466d-9968-517118a74f9d,11.985000000000001,global_path_curvature,/plan,0.3768556958259323,2.0
8d722d33-c440-466d-9968-517118a74f9d,13.014000000000001,global_path_curvature,/plan,0.4949477248740721,2.0
8d722d33-c440-466d-9968-517118a74f9d,14.034,global_path_curvature,/plan,0.4648064852246902,2.0
8d722d33-c440-466d-9968-517118a74f9d,15.063,global_path_curvature,/plan,0.4980770209369563,2.0
8d722d33-c440-466d-9968-517118a74f9d,16.083000000000002,global_path_curvature,/plan,0.5619029238850622,2.0
8d722d33-c440-466d-9968-517118a74f9d,17.115000000000002,global_path_curvature,/plan,0.504683259861837,2.0
8d722d33-c440-466d-9968-517118a74f9d,18.144000000000002,global_path_curvature,/plan,0.31278093342722,2.0
8d722d33-c440-466d-9968-517118a74f9d,19.164,global_path_curvature,/plan,0.5989421480085582,2.0
8d722d33-c440-466d-9968-517118a74f9d,20.184,global_path_curvature,/plan,1.1370655756561285,2.0
8d722d33-c440-466d-9968-517118a74f9d,21.204,global_path_curvature,/plan,0.7109308020405072,2.0
8d722d33-c440-466d-9968-517118a74f9d,22.233,global_path_curvature,/plan,0.8578975542303349,2.0
8d722d33-c440-466d-9968-517118a74f9d,23.262,global_path_curvature,/plan,1.297757656886907,2.0
8d722d33-c440-466d-9968-517118a74f9d,24.285,global_path_curvature,/plan,1.4825526285129247,2.0
8d722d33-c440-466d-9968-517118a74f9d,25.314,global_path_curvature,/plan,1.8857860484961415,2.0
8d722d33-c440-466d-9968-517118a74f9d,26.334000000000003,global_path_curvature,/plan,3.1534860829661495,2.0
8d722d33-c440-466d-9968-517118a74f9d,27.363000000000003,global_path_curvature,/plan,3.7354955444768088,2.0
8d722d33-c440-466d-9968-517118a74f9d,28.383000000000003,global_path_curvature,/plan,6.384068575369876,2.0
8d722d33-c440-466d-9968-517118a74f9d,10.953000000000001,global_path_length,/plan,3.0484609400020948,2.0
8d722d33-c440-466d-9968-517118a74f9d,11.985000000000001,global_path_length,/plan,2.948723668379926,2.0
8d722d33-c440-466d-9968-517118a74f9d,13.014000000000001,global_path_length,/plan,2.7989208680361983,2.0
8d722d33-c440-466d-9968-517118a74f9d,14.034,global_path_length,/plan,2.597866226484546,2.0
8d722d33-c440-466d-9968-517118a74f9d,15.063,global_path_length,/plan,2.432058498923326,2.0
8d722d33-c440-466d-9968-517118a74f9d,16.083000000000002,global_path_length,/plan,2.23183481965375,2.0
8d722d33-c440-466d-9968-517118a74f9d,17.115000000000002,global_path_length,/plan,2.0246433485991764,2.0
8d722d33-c440-466d-9968-517118a74f9d,18.144000000000002,global_path_length,/plan,1.8221062009898934,2.0
8d722d33-c440-466d-9968-517118a74f9d,19.164,global_path_length,/plan,1.6808851436251768,2.0
8d722d33-c440-466d-9968-517118a74f9d,20.184,global_path_length,/plan,1.481000656505211,2.0
8d722d33-c440-466d-9968-517118a74f9d,21.204,global_path_length,/plan,1.3323358534568288,2.0
8d722d33-c440-466d-9968-517118a74f9d,22.233,global_path_length,/plan,1.1315103724361415,2.0
8d722d33-c440-466d-9968-517118a74f9d,23.262,global_path_length,/plan,0.9369626355389988,2.0
8d722d33-c440-466d-9968-517118a74f9d,24.285,global_path_length,/plan,0.7869201953870163,2.0
8d722d33-c440-466d-9968-517118a74f9d,25.314,global_path_length,/plan,0.63748293268302,2.0
8d722d33-c440-466d-9968-517118a74f9d,26.334000000000003,global_path_length,/plan,0.4805132083151848,2.0
8d722d33-c440-466d-9968-517118a74f9d,27.363000000000003,global_path_length,/plan,0.3863582190090888,2.0
8d722d33-c440-466d-9968-517118a74f9d,28.383000000000003,global_path_length,/plan,0.2908973824499333,2.0
8d722d33-c440-466d-9968-517118a74f9d,9.360000000000001,measured_angular,/odom,-4.918890518317656e-20,0.5
8d722d33-c440-466d-9968-517118a74f9d,9.396,measured_angular,/odom,4.304029203527949e-20,0.5
8d722d33-c440-466d-9968-517118a74f9d,9.432,measured_angular,/odom,-5.533751833107363e-20,0.5
8d722d33-c440-466d-9968-517118a74f9d,9.468,measured_angular,/odom,-1.4756671554952966e-19,0.5
8d722d33-c440-466d-9968-517118a74f9d,9.504000000000001,measured_angular,/odom,-1.2604656953188992e-19,0.5
8d722d33-c440-466d-9968-517118a74f9d,9.540000000000001,measured_angular,/odom,-1.32195182679787e-19,0.5
8d722d33-c440-466d-9968-517118a74f9d,9.576,measured_angular,/odom,-6.763474462686778e-20,0.5
8d722d33-c440-466d-9968-517118a74f9d,9.612,measured_angular,/odom,-1.0145211694030167e-19,0.5
8d722d33-c440-466d-9968-517118a74f9d,9.648000000000001,measured_angular,/odom,-1.1682364981004433e-19,0.5
8d722d33-c440-466d-9968-517118a74f9d,9.684000000000001,measured_angular,/odom,-9.83778103663531e-20,0.5
8d722d33-c440-466d-9968-517118a74f9d,9.72,measured_angular,/odom,-2.459445259158828e-20,0.5
8d722d33-c440-466d-9968-517118a74f9d,9.756,measured_angular,/odom,-4.304029203527949e-20,0.5
8d722d33-c440-466d-9968-517118a74f9d,9.792,measured_angular,/odom,-6.763474462686777e-20,0.5
8d722d33-c440-466d-9968-517118a74f9d,9.828000000000001,measured_angular,/odom,-5.841182490502217e-20,0.5
8d722d33-c440-466d-9968-517118a74f9d,9.864,measured_angular,/odom,-5.2263211757125094e-20,0.5
8d722d33-c440-466d-9968-517118a74f9d,9.9,measured_angular,/odom,-3.0743065739485344e-20,0.5
8d722d33-c440-466d-9968-517118a74f9d,9.936,measured_angular,/odom,-7.993197092266191e-20,0.5
8d722d33-c440-466d-9968-517118a74f9d,9.972000000000001,measured_angular,/odom,-6.148613147897065e-21,0.5
8d722d33-c440-466d-9968-517118a74f9d,10.011000000000001,measured_angular,/odom,-2.459445259158828e-20,0.5
8d722d33-c440-466d-9968-517118a74f9d,10.044,measured_angular,/odom,-9.222919721845604e-20,0.5
8d722d33-c440-466d-9968-517118a74f9d,10.08,measured_angular,/odom,-1.3526948925373556e-19,0.5
8d722d33-c440-466d-9968-517118a74f9d,10.116000000000001,measured_angular,/odom,-5.533751833107363e-20,0.5
8d722d33-c440-466d-9968-517118a74f9d,10.152000000000001,measured_angular,/odom,2.407412430484045e-36,0.5
8d722d33-c440-466d-9968-517118a74f9d,10.188,measured_angular,/odom,-7.993197092266191e-20,0.5
8d722d33-c440-466d-9968-517118a74f9d,10.224,measured_angular,/odom,-9.222919721845609e-21,0.5
8d722d33-c440-466d-9968-517118a74f9d,10.26,measured_angular,/odom,-7.070905120081631e-20,0.5
8d722d33-c440-466d-9968-517118a74f9d,10.296000000000001,measured_angular,/odom,-1.229722629579414e-20,0.5
8d722d33-c440-466d-9968-517118a74f9d,10.332,measured_angular,/odom,-7.993197092266191e-20,0.5
8d722d33-c440-466d-9968-517118a74f9d,10.368,measured_angular,/odom,-1.0452642351425018e-19,0.5
8d722d33-c440-466d-9968-517118a74f9d,10.404,measured_angular,/odom,-1.4141810240163262e-19,0.5
8d722d33-c440-466d-9968-517118a74f9d,10.440000000000001,measured_angular,/odom,-5.2263211757125094e-20,0.5
8d722d33-c440-466d-9968-517118a74f9d,10.476,measured_angular,/odom,-6.763474462686778e-20,0.5
8d722d33-c440-466d-9968-517118a74f9d,10.512,measured_angular,/odom,-1.2297226295794142e-20,0.5
8d722d33-c440-466d-9968-517118a74f9d,10.548,measured_angular,/odom,-9.530350379240459e-20,0.5
8d722d33-c440-466d-9968-517118a74f9d,10.584000000000001,measured_angular,/odom,-1.8445839443691214e-20,0.5
8d722d33-c440-466d-9968-517118a74f9d,10.620000000000001,measured_angular,/odom,-1.5371532869742675e-20,0.5
8d722d33-c440-466d-9968-517118a74f9d,10.656,measured_angular,/odom,-1.1682364981004433e-19,0.5
8d722d33-c440-466d-9968-517118a74f9d,10.692,measured_angular,/odom,-1.3526948925373556e-19,0.5
8d722d33-c440-466d-9968-517118a74f9d,10.728000000000002,measured_angular,/odom,-1.0760073008819872e-19,0.5
8d722d33-c440-466d-9968-517118a74f9d,10.764000000000001,measured_angular,/odom,-3.074306573948531e-21,0.5
8d722d33-c440-466d-9968-517118a74f9d,10.8,measured_angular,/odom,-7.993197092266191e-20,0.5
8d722d33-c440-466d-9968-517118a74f9d,10.836,measured_angular,/odom,-1.5371532869742678e-20,0.5
8d722d33-c440-466d-9968-517118a74f9d,10.872,measured_angular,/odom,-1.4141810240163265e-19,0.5
8d722d33-c440-466d-9968-517118a74f9d,10.911000000000001,measured_angular,/odom,-1.5371532869742672e-20,0.5
8d722d33-c440-466d-9968-517118a74f9d,10.944,measured_angular,/odom,-2.4594452591588274e-20,0.5
8d722d33-c440-466d-9968-517118a74f9d,10.98,measured_angular,/odom,-8.608058407055898e-20,0.5
8d722d33-c440-466d-9968-517118a74f9d,11.016,measured_angular,/odom,0.004674932442604575,0.5
8d722d33-c440-466d-9968-517118a74f9d,11.052000000000001,measured_angular,/odom,0.00467493245373201,0.5
8d722d33-c440-466d-9968-517118a74f9d,11.088000000000001,measured_angular,/odom,0.007640670521261476,0.5
8d722d33-c440-466d-9968-517118a74f9d,11.124,measured_angular,/odom,-0.009488857403572273,0.5
8d722d33-c440-466d-9968-517118a74f9d,11.16,measured_angular,/odom,-0.01168722659334018,0.5
8d722d33-c440-466d-9968-517118a74f9d,11.196000000000002,measured_angular,/odom,-0.03248818783846722,0.5
8d722d33-c440-466d-9968-517118a74f9d,11.232000000000001,measured_angular,/odom,-0.046101771536316845,0.5
8d722d33-c440-466d-9968-517118a74f9d,11.268,measured_angular,/odom,-0.04409334063516282,0.5
8d722d33-c440-466d-9968-517118a74f9d,11.304,measured_angular,/odom,-0.044093340635268,0.5
8d722d33-c440-466d-9968-517118a74f9d,11.34,measured_angular,/odom,-0.04295212626857463,0.5
8d722d33-c440-466d-9968-517118a74f9d,11.376000000000001,measured_angular,/odom,-0.03301835370799485,0.5
8d722d33-c440-466d-9968-517118a74f9d,11.412,measured_angular,/odom,-0.03261296823635726,0.5
8d722d33-c440-466d-9968-517118a74f9d,11.448,measured_angular,/odom,-0.03428811579951817,0.5
8d722d33-c440-466d-9968-517118a74f9d,11.484,measured_angular,/odom,-0.03254333138940223,0.5
8d722d33-c440-466d-9968-517118a74f9d,11.520000000000001,measured_angular,/odom,-0.0330683559161728,0.5
8d722d33-c440-466d-9968-517118a74f9d,11.556000000000001,measured_angular,/odom,-0.0331996120513228,0.5
8d722d33-c440-466d-9968-517118a74f9d,11.592,measured_angular,/odom,-0.035810662052731326,0.5
8d722d33-c440-466d-9968-517118a74f9d,11.628,measured_angular,/odom,-0.03950776532292608,0.5
8d722d33-c440-466d-9968-517118a74f9d,11.664000000000001,measured_angular,/odom,-0.0395077653229712,0.5
8d722d33-c440-466d-9968-517118a74f9d,11.700000000000001,measured_angular,/odom,-0.037517372525896577,0.5
8d722d33-c440-466d-9968-517118a74f9d,11.736,measured_angular,/odom,-0.03886005281881123,0.5
8d722d33-c440-466d-9968-517118a74f9d,11.772,measured_angular,/odom,-0.04237352198765035,0.5
8d722d33-c440-466d-9968-517118a74f9d,11.811,measured_angular,/odom,-0.042763907462410024,0.5
8d722d33-c440-466d-9968-517118a74f9d,11.844000000000001,measured_angular,/odom,-0.04115045816151247,0.5
8d722d33-c440-466d-9968-517118a74f9d,11.88,measured_angular,/odom,-0.04363187699631133,0.5
8d722d33-c440-466d-9968-517118a74f9d,11.916,measured_angular,/odom,-0.04698087275031381,0.5
8d722d33-c440-466d-9968-517118a74f9d,11.952,measured_angular,/odom,-0.046980872750354105,0.5
8d722d33-c440-466d-9968-517118a74f9d,11.988000000000001,measured_angular,/odom,-0.052783876657491256,0.5
8d722d33-c440-466d-9968-517118a74f9d,12.024000000000001,measured_angular,/odom,-0.04846552015640182,0.5
8d722d33-c440-466d-9968-517118a74f9d,12.06,measured_angular,/odom,-0.048465520143637794,0.5
8d722d33-c440-466d-9968-517118a74f9d,12.096,measured_angular,/odom,-0.044600579898304245,0.5
8d722d33-c440-466d-9968-517118a74f9d,12.132000000000001,measured_angular,/odom,-0.04458006434184192,0.5
8d722d33-c440-466d-9968-517118a74f9d,12.168000000000001,measured_angular,/odom,-0.04138959944265608,0.5
8d722d33-c440-466d-9968-517118a74f9d,12.204,measured_angular,/odom,-0.04138959944260127,0.5
8d722d33-c440-466d-9968-517118a74f9d,12.24,measured_angular,/odom,-0.038008555782003545,0.5
8d722d33-c440-466d-9968-517118a74f9d,12.276000000000002,measured_angular,/odom,-0.04037418588084731,0.5
8d722d33-c440-466d-9968-517118a74f9d,12.312000000000001,measured_angular,/odom,-0.040374185890060484,0.5
8d722d33-c440-466d-9968-517118a74f9d,12.348,measured_angular,/odom,-0.036202684044992564,0.5
8d722d33-c440-466d-9968-517118a74f9d,12.384,measured_angular,/odom,-0.03595936670959402,0.5
8d722d33-c440-466d-9968-517118a74f9d,12.42,measured_angular,/odom,-0.038093862675514886,0.5
8d722d33-c440-466d-9968-517118a74f9d,12.456000000000001,measured_angular,/odom,-0.0386274866760479,0.5
8d722d33-c440-466d-9968-517118a74f9d,12.492,measured_angular,/odom,-0.04039210862854094,0.5
8d722d33-c440-466d-9968-517118a74f9d,12.528,measured_angular,/odom,-0.037633739411937546,0.5
8d722d33-c440-466d-9968-517118a74f9d,12.564,measured_angular,/odom,-0.037633739411950445,0.5
8d722d33-c440-466d-9968-517118a74f9d,12.600000000000001,measured_angular,/odom,-0.03869908004596924,0.5
8d722d33-c440-466d-9968-517118a74f9d,12.636000000000001,measured_angular,/odom,-0.04267192631962437,0.5
8d722d33-c440-466d-9968-517118a74f9d,12.672,measured_angular,/odom,-0.03403382574762452,0.5
8d722d33-c440-466d-9968-517118a74f9d,12.708,measured_angular,/odom,-0.032624300569451516,0.5
8d722d33-c440-466d-9968-517118a74f9d,12.744000000000002,measured_angular,/odom,-0.035981550803096715,0.5
8d722d33-c440-466d-9968-517118a74f9d,12.780000000000001,measured_angular,/odom,-0.04004188886500478,0.5
8d722d33-c440-466d-9968-517118a74f9d,12.816,measured_angular,/odom,-0.03915733471898232,0.5
8d722d33-c440-466d-9968-517118a74f9d,12.852,measured_angular,/odom,-0.03915733471521388,0.5
8d722d33-c440-466d-9968-517118a74f9d,12.888000000000002,measured_angular,/odom,-0.040914546698385346,0.5
8d722d33-c440-466d-9968-517118a74f9d,12.924000000000001,measured_angular,/odom,-0.032443694893311836,0.5
8d722d33-c440-466d-9968-517118a74f9d,12.96,measured_angular,/odom,-0.03216915577665859,0.5
8d722d33-c440-466d-9968-517118a74f9d,12.996,measured_angular,/odom,-0.02810102329821555,0.5
8d722d33-c440-466d-9968-517118a74f9d,13.032,measured_angular,/odom,-0.028088641539521335,0.5
8d722d33-c440-466d-9968-517118a74f9d,13.068000000000001,measured_angular,/odom,-0.023168262094419512,0.5
8d722d33-c440-466d-9968-517118a74f9d,13.104000000000001,measured_angular,/odom,-0.02316826209440017,0.5
8d722d33-c440-466d-9968-517118a74f9d,13.14,measured_angular,/odom,-0.01043755816193569,0.5
8d722d33-c440-466d-9968-517118a74f9d,13.176,measured_angular,/odom,-0.005593540145132023,0.5
8d722d33-c440-466d-9968-517118a74f9d,13.212000000000002,measured_angular,/odom,-0.005593540147066209,0.5
8d722d33-c440-466d-9968-517118a74f9d,13.248000000000001,measured_angular,/odom,-0.00528936088092536,0.5
8d722d33-c440-466d-9968-517118a74f9d,13.284,measured_angular,/odom,0.0015444910955479422,0.5
8d722d33-c440-466d-9968-517118a74f9d,13.32,measured_angular,/odom,-0.007839223551089307,0.5
8d722d33-c440-466d-9968-517118a74f9d,13.356000000000002,measured_angular,/odom,-0.011156800202980183,0.5
8d722d33-c440-466d-9968-517118a74f9d,13.392000000000001,measured_angular,/odom,-0.0179428332218716,0.5
8d722d33-c440-466d-9968-517118a74f9d,13.428,measured_angular,/odom,-0.014742079190902094,0.5
8d722d33-c440-466d-9968-517118a74f9d,13.464,measured_angular,/odom,-0.014742079190902094,0.5
8d722d33-c440-466d-9968-517118a74f9d,13.5,measured_angular,/odom,-0.017396286679385437,0.5
8d722d33-c440-466d-9968-517118a74f9d,13.536000000000001,measured_angular,/odom,-0.015761502093608583,0.5
8d722d33-c440-466d-9968-517118a74f9d,13.572000000000001,measured_angular,/odom,-0.008765010284129989,0.5
8d722d33-c440-466d-9968-517118a74f9d,13.608,measured_angular,/odom,-0.0077658873052766225,0.5
8d722d33-c440-466d-9968-517118a74f9d,13.644,measured_angular,/odom,-0.015267338483312288,0.5
8d722d33-c440-466d-9968-517118a74f9d,13.680000000000001,measured_angular,/odom,-0.009466663122754456,0.5
8d722d33-c440-466d-9968-517118a74f9d,13.716000000000001,measured_angular,/odom,-0.016582507515837182,0.5
8d722d33-c440-466d-9968-517118a74f9d,13.752,measured_angular,/odom,-0.01689541898667797,0.5
8d722d33-c440-466d-9968-517118a74f9d,13.788,measured_angular,/odom,-0.014117848127817462,0.5
8d722d33-c440-466d-9968-517118a74f9d,13.824000000000002,measured_angular,/odom,-0.017843136553387293,0.5
8d722d33-c440-466d-9968-517118a74f9d,13.860000000000001,measured_angular,/odom,-0.017843136563928608,0.5
8d722d33-c440-466d-9968-517118a74f9d,13.896,measured_angular,/odom,-0.026104296621722107,0.5
8d722d33-c440-466d-9968-517118a74f9d,13.932,measured_angular,/odom,-0.015729710417999566,0.5
8d722d33-c440-466d-9968-517118a74f9d,13.968000000000002,measured_angular,/odom,-0.0027690127168670106,0.5
8d722d33-c440-466d-9968-517118a74f9d,14.004000000000001,measured_angular,/odom,-0.002769012702779686,0.5
8d722d33-c440-466d-9968-517118a74f9d,14.040000000000001,measured_angular,/odom,0.0005120972520727028,0.5
8d722d33-c440-466d-9968-517118a74f9d,14.076,measured_angular,/odom,-0.011759826112861702,0.5
8d722d33-c440-466d-9968-517118a74f9d,14.112,measured_angular,/odom,-0.012782876379721206,0.5
8d722d33-c440-466d-9968-517118a74f9d,14.148000000000001,measured_angular,/odom,-0.0054827067107351005,0.5
8d722d33-c440-466d-9968-517118a74f9d,14.184000000000001,measured_angular,/odom,-0.007037547412820683,0.5
8d722d33-c440-466d-9968-517118a74f9d,14.22,measured_angular,/odom,-9.056896228599857e-05,0.5
8d722d33-c440-466d-9968-517118a74f9d,14.256,measured_angular,/odom,0.002029564697204262,0.5
8d722d33-c440-466d-9968-517118a74f9d,14.292000000000002,measured_angular,/odom,0.005226665212672273,0.5
8d722d33-c440-466d-9968-517118a74f9d,14.328000000000001,measured_angular,/odom,0.013348189177494751,0.5
8d722d33-c440-466d-9968-517118a74f9d,14.364,measured_angular,/odom,0.013348189182510743,0.5
8d722d33-c440-466d-9968-517118a74f9d,14.4,measured_angular,/odom,0.013002169319580606,0.5
8d722d33-c440-466d-9968-517118a74f9d,14.436000000000002,measured_angular,/odom,0.015882637343645572,0.5
8d722d33-c440-466d-9968-517118a74f9d,14.472000000000001,measured_angular,/odom,0.009181342766524154,0.5
8d722d33-c440-466d-9968-517118a74f9d,14.511000000000001,measured_angular,/odom,0.008256019093219848,0.5
8d722d33-c440-466d-9968-517118a74f9d,14.544,measured_angular,/odom,0.005454430364642789,0.5
8d722d33-c440-466d-9968-517118a74f9d,14.58,measured_angular,/odom,0.011132071793629017,0.5
8d722d33-c440-466d-9968-517118a74f9d,14.616000000000001,measured_angular,/odom,0.013033056631710435,0.5
8d722d33-c440-466d-9968-517118a74f9d,14.652000000000001,measured_angular,/odom,0.013033056631684647,0.5
8d722d33-c440-466d-9968-517118a74f9d,14.688,measured_angular,/odom,0.010638862848386657,0.5
8d722d33-c440-466d-9968-517118a74f9d,14.724,measured_angular,/odom,0.012224412518483652,0.5
8d722d33-c440-466d-9968-517118a74f9d,14.760000000000002,measured_angular,/odom,0.012224412523215962,0.5
8d722d33-c440-466d-9968-517118a74f9d,14.796000000000001,measured_angular,/odom,0.014324240380106133,0.5
8d722d33-c440-466d-9968-517118a74f9d,14.832,measured_angular,/odom,0.016483805880451254,0.5
8d722d33-c440-466d-9968-517118a74f9d,14.868,measured_angular,/odom,0.016874009743503712,0.5
8d722d33-c440-466d-9968-517118a74f9d,14.904000000000002,measured_angular,/odom,0.016874009743465028,0.5
8d722d33-c440-466d-9968-517118a74f9d,14.940000000000001,measured_angular,/odom,0.009460248831124675,0.5
8d722d33-c440-466d-9968-517118a74f9d,14.976,measured_angular,/odom,0.013134864142048355,0.5
8d722d33-c440-466d-9968-517118a74f9d,15.012,measured_angular,/odom,0.013134864158953144,0.5
8d722d33-c440-466d-9968-517118a74f9d,15.048000000000002,measured_angular,/odom,0.013107476756012726,0.5
8d722d33-c440-466d-9968-517118a74f9d,15.084000000000001,measured_angular,/odom,0.009041475143788096,0.5
8d722d33-c440-466d-9968-517118a74f9d,15.120000000000001,measured_angular,/odom,0.017567523811163742,0.5
8d722d33-c440-466d-9968-517118a74f9d,15.156,measured_angular,/odom,0.020364401861912868,0.5
8d722d33-c440-466d-9968-517118a74f9d,15.192,measured_angular,/odom,0.01801394355279375,0.5
8d722d33-c440-466d-9968-517118a74f9d,15.228000000000002,measured_angular,/odom,0.015501406975278844,0.5
8d722d33-c440-466d-9968-517118a74f9d,15.264000000000001,measured_angular,/odom,0.015501406975214372,0.5
8d722d33-c440-466d-9968-517118a74f9d,15.3,measured_angular,/odom,0.008882245171439639,0.5
8d722d33-c440-466d-9968-517118a74f9d,15.336,measured_angular,/odom,0.0007692608802118319,0.5
8d722d33-c440-466d-9968-517118a74f9d,15.372000000000002,measured_angular,/odom,-0.0001393972516846191,0.5
8d722d33-c440-466d-9968-517118a74f9d,15.411000000000001,measured_angular,/odom,-0.00023871305167435646,0.5
8d722d33-c440-466d-9968-517118a74f9d,15.444,measured_angular,/odom,0.002101682120116551,0.5
8d722d33-c440-466d-9968-517118a74f9d,15.48,measured_angular,/odom,0.004064967103741104,0.5
8d722d33-c440-466d-9968-517118a74f9d,15.516000000000002,measured_angular,/odom,0.01519127628784261,0.5
8d722d33-c440-466d-9968-517118a74f9d,15.552000000000001,measured_angular,/odom,0.015706330537692676,0.5
8d722d33-c440-466d-9968-517118a74f9d,15.588000000000001,measured_angular,/odom,0.016304302960541566,0.5
8d722d33-c440-466d-9968-517118a74f9d,15.624,measured_angular,/odom,0.0209218654654147,0.5
8d722d33-c440-466d-9968-517118a74f9d,15.66,measured_angular,/odom,0.02092186547816744,0.5
8d722d33-c440-466d-9968-517118a74f9d,15.696000000000002,measured_angular,/odom,0.02230938151062791,0.5
8d722d33-c440-466d-9968-517118a74f9d,15.732000000000001,measured_angular,/odom,0.027840990830290097,0.5
8d722d33-c440-466d-9968-517118a74f9d,15.768,measured_angular,/odom,0.02518180944035086,0.5
8d722d33-c440-466d-9968-517118a74f9d,15.804,measured_angular,/odom,0.02518180944035086,0.5
8d722d33-c440-466d-9968-517118a74f9d,15.840000000000002,measured_angular,/odom,0.022005334880426976,0.5
8d722d33-c440-466d-9968-517118a74f9d,15.876000000000001,measured_angular,/odom,0.01643120498812958,0.5
8d722d33-c440-466d-9968-517118a74f9d,15.912,measured_angular,/odom,0.016431204974783693,0.5
8d722d33-c440-466d-9968-517118a74f9d,15.948,measured_angular,/odom,0.01718433201320426,0.5
8d722d33-c440-466d-9968-517118a74f9d,15.984000000000002,measured_angular,/odom,0.013323449540578059,0.5
8d722d33-c440-466d-9968-517118a74f9d,16.02,measured_angular,/odom,0.011078661129261824,0.5
8d722d33-c440-466d-9968-517118a74f9d,16.056,measured_angular,/odom,0.010517464019431011,0.5
8d722d33-c440-466d-9968-517118a74f9d,16.092000000000002,measured_angular,/odom,0.015845709929060897,0.5
8d722d33-c440-466d-9968-517118a74f9d,16.128,measured_angular,/odom,0.019788535311764777,0.5
8d722d33-c440-466d-9968-517118a74f9d,16.164,measured_angular,/odom,0.01978853531190662,0.5
8d722d33-c440-466d-9968-517118a74f9d,16.2,measured_angular,/odom,0.02113727963985968,0.5
8d722d33-c440-466d-9968-517118a74f9d,16.236,measured_angular,/odom,0.024797469368026383,0.5
8d722d33-c440-466d-9968-517118a74f9d,16.272000000000002,measured_angular,/odom,0.026428778837596055,0.5
8d722d33-c440-466d-9968-517118a74f9d,16.311,measured_angular,/odom,0.026610035449316165,0.5
8d722d33-c440-466d-9968-517118a74f9d,16.344,measured_angular,/odom,0.03391008961197535,0.5
8d722d33-c440-466d-9968-517118a74f9d,16.380000000000003,measured_angular,/odom,0.029071645554706683,0.5
8d722d33-c440-466d-9968-517118a74f9d,16.416,measured_angular,/odom,0.022222833723817358,0.5
8d722d33-c440-466d-9968-517118a74f9d,16.452,measured_angular,/odom,0.022222833708034396,0.5
8d722d33-c440-466d-9968-517118a74f9d,16.488,measured_angular,/odom,0.022263340652058736,0.5
8d722d33-c440-466d-9968-517118a74f9d,16.524,measured_angular,/odom,0.01960511133825843,0.5
8d722d33-c440-466d-9968-517118a74f9d,16.560000000000002,measured_angular,/odom,0.01960511133085694,0.5
8d722d33-c440-466d-9968-517118a74f9d,16.596,measured_angular,/odom,0.01862516254457667,0.5
8d722d33-c440-466d-9968-517118a74f9d,16.632,measured_angular,/odom,0.024857482568475003,0.5
8d722d33-c440-466d-9968-517118a74f9d,16.668000000000003,measured_angular,/odom,0.03251243382449655,0.5
8d722d33-c440-466d-9968-517118a74f9d,16.704,measured_angular,/odom,0.03251243382694651,0.5
8d722d33-c440-466d-9968-517118a74f9d,16.740000000000002,measured_angular,/odom,0.025291828749860783,0.5
8d722d33-c440-466d-9968-517118a74f9d,16.776,measured_angular,/odom,0.02273452095795486,0.5
8d722d33-c440-466d-9968-517118a74f9d,16.812,measured_angular,/odom,0.022734520957013553,0.5
8d722d33-c440-466d-9968-517118a74f9d,16.848000000000003,measured_angular,/odom,0.027989827096456345,0.5
8d722d33-c440-466d-9968-517118a74f9d,16.884,measured_angular,/odom,0.017794856371669988,0.5
8d722d33-c440-466d-9968-517118a74f9d,16.92,measured_angular,/odom,0.012726307303604046,0.5
8d722d33-c440-466d-9968-517118a74f9d,16.956,measured_angular,/odom,0.011575696990008252,0.5
8d722d33-c440-466d-9968-517118a74f9d,16.992,measured_angular,/odom,0.0012007011603069485,0.5
8d722d33-c440-466d-9968-517118a74f9d,17.028000000000002,measured_angular,/odom,-0.009155886240554502,0.5
8d722d33-c440-466d-9968-517118a74f9d,17.064,measured_angular,/odom,-0.009155886247685202,0.5
8d722d33-c440-466d-9968-517118a74f9d,17.1,measured_angular,/odom,-0.011566554373650114,0.5
8d722d33-c440-466d-9968-517118a74f9d,17.136000000000003,measured_angular,/odom,-0.005270168187736339,0.5
8d722d33-c440-466d-9968-517118a74f9d,17.172,measured_angular,/odom,-0.009984392751132092,0.5
8d722d33-c440-466d-9968-517118a74f9d,17.208000000000002,measured_angular,/odom,-0.010508195497179861,0.5
8d722d33-c440-466d-9968-517118a74f9d,17.244,measured_angular,/odom,0.0008030927002518377,0.5
8d722d33-c440-466d-9968-517118a74f9d,17.28,measured_angular,/odom,0.0016414339875699998,0.5
8d722d33-c440-466d-9968-517118a74f9d,17.316000000000003,measured_angular,/odom,0.008369901426168131,0.5
8d722d33-c440-466d-9968-517118a74f9d,17.352,measured_angular,/odom,0.00844394788128862,0.5
8d722d33-c440-466d-9968-517118a74f9d,17.388,measured_angular,/odom,0.005618589930181212,0.5
8d722d33-c440-466d-9968-517118a74f9d,17.424,measured_angular,/odom,0.0004898335461596545,0.5
8d722d33-c440-466d-9968-517118a74f9d,17.46,measured_angular,/odom,0.0004898335318982529,0.5
8d722d33-c440-466d-9968-517118a74f9d,17.496000000000002,measured_angular,/odom,0.0036599053917330962,0.5
8d722d33-c440-466d-9968-517118a74f9d,17.532,measured_angular,/odom,0.003911153785097132,0.5
8d722d33-c440-466d-9968-517118a74f9d,17.568,measured_angular,/odom,0.0012116540456987405,0.5
8d722d33-c440-466d-9968-517118a74f9d,17.604000000000003,measured_angular,/odom,0.0012116540455440058,0.5
8d722d33-c440-466d-9968-517118a74f9d,17.64,measured_angular,/odom,-0.000941888584806406,0.5
8d722d33-c440-466d-9968-517118a74f9d,17.676000000000002,measured_angular,/odom,0.003816602503671565,0.5
8d722d33-c440-466d-9968-517118a74f9d,17.712,measured_angular,/odom,0.0038166025189645325,0.5
8d722d33-c440-466d-9968-517118a74f9d,17.748,measured_angular,/odom,0.002342810854414516,0.5
8d722d33-c440-466d-9968-517118a74f9d,17.784000000000002,measured_angular,/odom,0.010273262085185846,0.5
8d722d33-c440-466d-9968-517118a74f9d,17.82,measured_angular,/odom,0.010631893574744792,0.5
8d722d33-c440-466d-9968-517118a74f9d,17.856,measured_angular,/odom,0.010647908784396202,0.5
8d722d33-c440-466d-9968-517118a74f9d,17.892,measured_angular,/odom,0.008378106176532858,0.5
8d722d33-c440-466d-9968-517118a74f9d,17.928,measured_angular,/odom,0.004961977247204951,0.5
8d722d33-c440-466d-9968-517118a74f9d,17.964000000000002,measured_angular,/odom,0.004961977247282319,0.5
8d722d33-c440-466d-9968-517118a74f9d,18.0,measured_angular,/odom,0.006747897056430174,0.5
8d722d33-c440-466d-9968-517118a74f9d,18.036,measured_angular,/odom,0.008176797066719973,0.5
8d722d33-c440-466d-9968-517118a74f9d,18.072000000000003,measured_angular,/odom,0.012514541750569225,0.5
8d722d33-c440-466d-9968-517118a74f9d,18.111,measured_angular,/odom,0.01299651339656715,0.5
8d722d33-c440-466d-9968-517118a74f9d,18.144000000000002,measured_angular,/odom,0.004083630194429416,0.5
8d722d33-c440-466d-9968-517118a74f9d,18.18,measured_angular,/odom,0.001746076818375166,0.5
8d722d33-c440-466d-9968-517118a74f9d,18.216,measured_angular,/odom,0.012707908052530493,0.5
8d722d33-c440-466d-9968-517118a74f9d,18.252000000000002,measured_angular,/odom,0.013324234634532028,0.5
8d722d33-c440-466d-9968-517118a74f9d,18.288,measured_angular,/odom,0.025178724883350795,0.5
8d722d33-c440-466d-9968-517118a74f9d,18.324,measured_angular,/odom,0.030692419021595647,0.5
8d722d33-c440-466d-9968-517118a74f9d,18.36,measured_angular,/odom,0.030692419037069145,0.5
8d722d33-c440-466d-9968-517118a74f9d,18.396,measured_angular,/odom,0.04204159458946537,0.5
8d722d33-c440-466d-9968-517118a74f9d,18.432000000000002,measured_angular,/odom,0.044223707909493606,0.5
8d722d33-c440-466d-9968-517118a74f9d,18.468,measured_angular,/odom,0.0345126763094983,0.5
8d722d33-c440-466d-9968-517118a74f9d,18.504,measured_angular,/odom,0.03451267629853792,0.5
8d722d33-c440-466d-9968-517118a74f9d,18.540000000000003,measured_angular,/odom,0.02782184438052699,0.5
8d722d33-c440-466d-9968-517118a74f9d,18.576,measured_angular,/odom,0.020434562132331142,0.5
8d722d33-c440-466d-9968-517118a74f9d,18.612000000000002,measured_angular,/odom,0.02043456211708975,0.5
8d722d33-c440-466d-9968-517118a74f9d,18.648,measured_angular,/odom,0.02062433771818236,0.5
8d722d33-c440-466d-9968-517118a74f9d,18.684,measured_angular,/odom,0.02775645039287014,0.5
8d722d33-c440-466d-9968-517118a74f9d,18.720000000000002,measured_angular,/odom,0.03651219332915476,0.5
8d722d33-c440-466d-9968-517118a74f9d,18.756,measured_angular,/odom,0.037919681519469735,0.5
8d722d33-c440-466d-9968-517118a74f9d,18.792,measured_angular,/odom,0.03919047191327748,0.5
8d722d33-c440-466d-9968-517118a74f9d,18.828,measured_angular,/odom,0.04258805513392775,0.5
8d722d33-c440-466d-9968-517118a74f9d,18.864,measured_angular,/odom,0.04258805513400512,0.5
8d722d33-c440-466d-9968-517118a74f9d,18.900000000000002,measured_angular,/odom,0.040779492265510794,0.5
8d722d33-c440-466d-9968-517118a74f9d,18.936,measured_angular,/odom,0.03245357957663082,0.5
8d722d33-c440-466d-9968-517118a74f9d,18.972,measured_angular,/odom,0.02742062175327949,0.5
8d722d33-c440-466d-9968-517118a74f9d,19.008000000000003,measured_angular,/odom,0.02688453719044991,0.5
8d722d33-c440-466d-9968-517118a74f9d,19.044,measured_angular,/odom,0.03385117936235846,0.5
8d722d33-c440-466d-9968-517118a74f9d,19.080000000000002,measured_angular,/odom,0.034652656314656735,0.5
8d722d33-c440-466d-9968-517118a74f9d,19.116,measured_angular,/odom,0.032892674207669184,0.5
8d722d33-c440-466d-9968-517118a74f9d,19.152,measured_angular,/odom,0.0328926742076176,0.5
8d722d33-c440-466d-9968-517118a74f9d,19.188000000000002,measured_angular,/odom,0.02896946296112904,0.5
8d722d33-c440-466d-9968-517118a74f9d,19.224,measured_angular,/odom,0.019246495642337658,0.5
8d722d33-c440-466d-9968-517118a74f9d,19.26,measured_angular,/odom,0.01883283257498094,0.5
8d722d33-c440-466d-9968-517118a74f9d,19.296000000000003,measured_angular,/odom,0.014304916387603195,0.5
8d722d33-c440-466d-9968-517118a74f9d,19.332,measured_angular,/odom,0.015061896105665065,0.5
8d722d33-c440-466d-9968-517118a74f9d,19.368000000000002,measured_angular,/odom,0.009122150019253126,0.5
8d722d33-c440-466d-9968-517118a74f9d,19.404,measured_angular,/odom,0.009122150018737344,0.5
8d722d33-c440-466d-9968-517118a74f9d,19.44,measured_angular,/odom,0.012739622953129104,0.5
8d722d33-c440-466d-9968-517118a74f9d,19.476000000000003,measured_angular,/odom,0.020266059783826337,0.5
8d722d33-c440-466d-9968-517118a74f9d,19.512,measured_angular,/odom,0.020266059786147362,0.5
8d722d33-c440-466d-9968-517118a74f9d,19.548000000000002,measured_angular,/odom,0.024148425087478314,0.5
8d722d33-c440-466d-9968-517118a74f9d,19.584,measured_angular,/odom,0.03206717266709007,0.5
8d722d33-c440-466d-9968-517118a74f9d,19.62,measured_angular,/odom,0.029086682956563366,0.5
8d722d33-c440-466d-9968-517118a74f9d,19.656000000000002,measured_angular,/odom,0.028288261964808416,0.5
8d722d33-c440-466d-9968-517118a74f9d,19.692,measured_angular,/odom,0.017171437811856885,0.5
8d722d33-c440-466d-9968-517118a74f9d,19.728,measured_angular,/odom,0.012604080141079416,0.5
8d722d33-c440-466d-9968-517118a74f9d,19.764000000000003,measured_angular,/odom,0.012604080140924682,0.5
8d722d33-c440-466d-9968-517118a74f9d,19.8,measured_angular,/odom,0.008167448283235621,0.5
8d722d33-c440-466d-9968-517118a74f9d,19.836000000000002,measured_angular,/odom,0.031445910290716264,0.5
8d722d33-c440-466d-9968-517118a74f9d,19.872,measured_angular,/odom,0.04885929230888676,0.5
8d722d33-c440-466d-9968-517118a74f9d,19.911,measured_angular,/odom,0.05101319029908763,0.5
8d722d33-c440-466d-9968-517118a74f9d,19.944000000000003,measured_angular,/odom,0.055041708040936346,0.5
8d722d33-c440-466d-9968-517118a74f9d,19.98,measured_angular,/odom,0.05199308247469614,0.5
8d722d33-c440-466d-9968-517118a74f9d,20.016000000000002,measured_angular,/odom,0.04397982892370438,0.5
8d722d33-c440-466d-9968-517118a74f9d,20.052,measured_angular,/odom,0.043840818107219,0.5
8d722d33-c440-466d-9968-517118a74f9d,20.088,measured_angular,/odom,0.04939067363739865,0.5
8d722d33-c440-466d-9968-517118a74f9d,20.124000000000002,measured_angular,/odom,0.03754349421230329,0.5
8d722d33-c440-466d-9968-517118a74f9d,20.16,measured_angular,/odom,0.036831699312007755,0.5
8d722d33-c440-466d-9968-517118a74f9d,20.196,measured_angular,/odom,0.04099465905481333,0.5
8d722d33-c440-466d-9968-517118a74f9d,20.232000000000003,measured_angular,/odom,0.036618909998853796,0.5
8d722d33-c440-466d-9968-517118a74f9d,20.268,measured_angular,/odom,0.009656227614255518,0.5
8d722d33-c440-466d-9968-517118a74f9d,20.304000000000002,measured_angular,/odom,0.006005235482328743,0.5
8d722d33-c440-466d-9968-517118a74f9d,20.34,measured_angular,/odom,-0.005107406746516519,0.5
8d722d33-c440-466d-9968-517118a74f9d,20.376,measured_angular,/odom,-0.0002617807827523441,0.5
8d722d33-c440-466d-9968-517118a74f9d,20.412000000000003,measured_angular,/odom,9.978082396982948e-05,0.5
8d722d33-c440-466d-9968-517118a74f9d,20.448,measured_angular,/odom,0.004555359017087291,0.5
8d722d33-c440-466d-9968-517118a74f9d,20.484,measured_angular,/odom,0.004598878324047831,0.5
8d722d33-c440-466d-9968-517118a74f9d,20.52,measured_angular,/odom,0.013064114996069298,0.5
8d722d33-c440-466d-9968-517118a74f9d,20.556,measured_angular,/odom,0.014430424198225822,0.5
8d722d33-c440-466d-9968-517118a74f9d,20.592000000000002,measured_angular,/odom,0.011670531713744608,0.5
8d722d33-c440-466d-9968-517118a74f9d,20.628,measured_angular,/odom,0.007200532592889605,0.5
8d722d33-c440-466d-9968-517118a74f9d,20.664,measured_angular,/odom,0.007200532592863816,0.5
8d722d33-c440-466d-9968-517118a74f9d,20.700000000000003,measured_angular,/odom,0.0024967067110870356,0.5
8d722d33-c440-466d-9968-517118a74f9d,20.736,measured_angular,/odom,-0.005936773955882126,0.5
8d722d33-c440-466d-9968-517118a74f9d,20.772000000000002,measured_angular,/odom,-0.0033239329547926294,0.5
8d722d33-c440-466d-9968-517118a74f9d,20.811,measured_angular,/odom,-0.003033617278454324,0.5
8d722d33-c440-466d-9968-517118a74f9d,20.844,measured_angular,/odom,0.0032973778202398532,0.5
8d722d33-c440-466d-9968-517118a74f9d,20.880000000000003,measured_angular,/odom,0.002561972432808141,0.5
8d722d33-c440-466d-9968-517118a74f9d,20.916,measured_angular,/odom,0.003596809692645639,0.5
8d722d33-c440-466d-9968-517118a74f9d,20.952,measured_angular,/odom,0.003596809692645639,0.5
8d722d33-c440-466d-9968-517118a74f9d,20.988,measured_angular,/odom,0.0037954412402215554,0.5
8d722d33-c440-466d-9968-517118a74f9d,21.024,measured_angular,/odom,0.0024173613675511326,0.5
8d722d33-c440-466d-9968-517118a74f9d,21.060000000000002,measured_angular,/odom,0.0024173613637085483,0.5
8d722d33-c440-466d-9968-517118a74f9d,21.096,measured_angular,/odom,0.0030731405114308276,0.5
8d722d33-c440-466d-9968-517118a74f9d,21.132,measured_angular,/odom,0.005762697934198632,0.5
8d722d33-c440-466d-9968-517118a74f9d,21.168000000000003,measured_angular,/odom,0.009075933135971015,0.5
8d722d33-c440-466d-9968-517118a74f9d,21.204,measured_angular,/odom,0.009075933136048384,0.5
8d722d33-c440-466d-9968-517118a74f9d,21.240000000000002,measured_angular,/odom,0.003501926876652561,0.5
8d722d33-c440-466d-9968-517118a74f9d,21.276,measured_angular,/odom,-0.003662738001786181,0.5
8d722d33-c440-466d-9968-517118a74f9d,21.312,measured_angular,/odom,-0.003662738017775456,0.5
8d722d33-c440-466d-9968-517118a74f9d,21.348000000000003,measured_angular,/odom,-0.011956769035239756,0.5
8d722d33-c440-466d-9968-517118a74f9d,21.384,measured_angular,/odom,-0.012959808108280988,0.5
8d722d33-c440-466d-9968-517118a74f9d,21.42,measured_angular,/odom,-0.01128549948890339,0.5
8d722d33-c440-466d-9968-517118a74f9d,21.456000000000003,measured_angular,/odom,-0.010866922326399608,0.5
8d722d33-c440-466d-9968-517118a74f9d,21.492,measured_angular,/odom,-0.01108689783077495,0.5
8d722d33-c440-466d-9968-517118a74f9d,21.528000000000002,measured_angular,/odom,0.003180848260099954,0.5
8d722d33-c440-466d-9968-517118a74f9d,21.564,measured_angular,/odom,0.003435535821964886,0.5
8d722d33-c440-466d-9968-517118a74f9d,21.6,measured_angular,/odom,0.002445089727151799,0.5
8d722d33-c440-466d-9968-517118a74f9d,21.636000000000003,measured_angular,/odom,-0.0018109700063721787,0.5
8d722d33-c440-466d-9968-517118a74f9d,21.672,measured_angular,/odom,-0.0043961486467127674,0.5
8d722d33-c440-466d-9968-517118a74f9d,21.711000000000002,measured_angular,/odom,-0.0046833907251772455,0.5
8d722d33-c440-466d-9968-517118a74f9d,21.744,measured_angular,/odom,-0.003165568927854788,0.5
8d722d33-c440-466d-9968-517118a74f9d,21.78,measured_angular,/odom,-0.00034582259634327584,0.5
8d722d33-c440-466d-9968-517118a74f9d,21.816000000000003,measured_angular,/odom,0.0037657290136335667,0.5
8d722d33-c440-466d-9968-517118a74f9d,21.852,measured_angular,/odom,0.00376572902327871,0.5
8d722d33-c440-466d-9968-517118a74f9d,21.888,measured_angular,/odom,0.0029233281966769046,0.5
8d722d33-c440-466d-9968-517118a74f9d,21.924000000000003,measured_angular,/odom,-0.0006345905610775879,0.5
8d722d33-c440-466d-9968-517118a74f9d,21.96,measured_angular,/odom,-0.0006345905711353575,0.5
8d722d33-c440-466d-9968-517118a74f9d,21.996000000000002,measured_angular,/odom,0.00018607615249897303,0.5
8d722d33-c440-466d-9968-517118a74f9d,22.032,measured_angular,/odom,-0.0027776644240083983,0.5
8d722d33-c440-466d-9968-517118a74f9d,22.068,measured_angular,/odom,-0.0046043936163357455,0.5
8d722d33-c440-466d-9968-517118a74f9d,22.104000000000003,measured_angular,/odom,-0.0046043936163357455,0.5
8d722d33-c440-466d-9968-517118a74f9d,22.14,measured_angular,/odom,-0.00017285749043262772,0.5
8d722d33-c440-466d-9968-517118a74f9d,22.176000000000002,measured_angular,/odom,0.004765172943805109,0.5
8d722d33-c440-466d-9968-517118a74f9d,22.212,measured_angular,/odom,0.004765172954533397,0.5
8d722d33-c440-466d-9968-517118a74f9d,22.248,measured_angular,/odom,0.0031744949521054014,0.5
8d722d33-c440-466d-9968-517118a74f9d,22.284000000000002,measured_angular,/odom,0.004390439946507738,0.5
8d722d33-c440-466d-9968-517118a74f9d,22.32,measured_angular,/odom,-0.0016929245747930675,0.5
8d722d33-c440-466d-9968-517118a74f9d,22.356,measured_angular,/odom,-0.0034429379737690225,0.5
8d722d33-c440-466d-9968-517118a74f9d,22.392000000000003,measured_angular,/odom,0.0025854272523632856,0.5
8d722d33-c440-466d-9968-517118a74f9d,22.428,measured_angular,/odom,-0.0011272903065528122,0.5
8d722d33-c440-466d-9968-517118a74f9d,22.464000000000002,measured_angular,/odom,-0.0011272903066043903,0.5
8d722d33-c440-466d-9968-517118a74f9d,22.5,measured_angular,/odom,0.0020610824582985143,0.5
8d722d33-c440-466d-9968-517118a74f9d,22.536,measured_angular,/odom,0.004518823693682117,0.5
8d722d33-c440-466d-9968-517118a74f9d,22.572000000000003,measured_angular,/odom,0.011062911033505892,0.5
8d722d33-c440-466d-9968-517118a74f9d,22.611,measured_angular,/odom,0.011948932893619025,0.5
8d722d33-c440-466d-9968-517118a74f9d,22.644000000000002,measured_angular,/odom,0.011886335909628402,0.5
8d722d33-c440-466d-9968-517118a74f9d,22.68,measured_angular,/odom,0.008246089158438585,0.5
8d722d33-c440-466d-9968-517118a74f9d,22.716,measured_angular,/odom,0.0062393955912596714,0.5
8d722d33-c440-466d-9968-517118a74f9d,22.752000000000002,measured_angular,/odom,0.006239395588680757,0.5
8d722d33-c440-466d-9968-517118a74f9d,22.788,measured_angular,/odom,0.012291373684789584,0.5
8d722d33-c440-466d-9968-517118a74f9d,22.824,measured_angular,/odom,0.014244956890150946,0.5
8d722d33-c440-466d-9968-517118a74f9d,22.860000000000003,measured_angular,/odom,0.0142449568957214,0.5
8d722d33-c440-466d-9968-517118a74f9d,22.896,measured_angular,/odom,0.016796998672490147,0.5
8d722d33-c440-466d-9968-517118a74f9d,22.932000000000002,measured_angular,/odom,0.016139463523280925,0.5
8d722d33-c440-466d-9968-517118a74f9d,22.968,measured_angular,/odom,0.0172311477361763,0.5
8d722d33-c440-466d-9968-517118a74f9d,23.004,measured_angular,/odom,0.0172311477361763,0.5
8d722d33-c440-466d-9968-517118a74f9d,23.040000000000003,measured_angular,/odom,0.02058991267085547,0.5
8d722d33-c440-466d-9968-517118a74f9d,23.076,measured_angular,/odom,0.021771751343567843,0.5
8d722d33-c440-466d-9968-517118a74f9d,23.112000000000002,measured_angular,/odom,0.02177175134434152,0.5
8d722d33-c440-466d-9968-517118a74f9d,23.148,measured_angular,/odom,0.018341626971855887,0.5
8d722d33-c440-466d-9968-517118a74f9d,23.184,measured_angular,/odom,0.013569055138858144,0.5
8d722d33-c440-466d-9968-517118a74f9d,23.220000000000002,measured_angular,/odom,0.011754082522060649,0.5
8d722d33-c440-466d-9968-517118a74f9d,23.256,measured_angular,/odom,0.011300339363644746,0.5
8d722d33-c440-466d-9968-517118a74f9d,23.292,measured_angular,/odom,0.003059117621393646,0.5
8d722d33-c440-466d-9968-517118a74f9d,23.328000000000003,measured_angular,/odom,0.004813905805298895,0.5
8d722d33-c440-466d-9968-517118a74f9d,23.364,measured_angular,/odom,0.004813905805247316,0.5
8d722d33-c440-466d-9968-517118a74f9d,23.400000000000002,measured_angular,/odom,-0.0010104207293546571,0.5
8d722d33-c440-466d-9968-517118a74f9d,23.436,measured_angular,/odom,-0.008373875154831328,0.5
8d722d33-c440-466d-9968-517118a74f9d,23.472,measured_angular,/odom,-0.012796588041937224,0.5
8d722d33-c440-466d-9968-517118a74f9d,23.508000000000003,measured_angular,/odom,-0.013288000598577127,0.5
8d722d33-c440-466d-9968-517118a74f9d,23.544,measured_angular,/odom,-0.009640509273212009,0.5
8d722d33-c440-466d-9968-517118a74f9d,23.580000000000002,measured_angular,/odom,-0.010900040338900277,0.5
8d722d33-c440-466d-9968-517118a74f9d,23.616000000000003,measured_angular,/odom,-0.0065293652137890625,0.5
8d722d33-c440-466d-9968-517118a74f9d,23.652,measured_angular,/odom,-0.006529365200585016,0.5
8d722d33-c440-466d-9968-517118a74f9d,23.688000000000002,measured_angular,/odom,-0.009835480712025205,0.5
8d722d33-c440-466d-9968-517118a74f9d,23.724,measured_angular,/odom,-0.0074571697113630835,0.5
8d722d33-c440-466d-9968-517118a74f9d,23.76,measured_angular,/odom,-0.0074571697045547475,0.5
8d722d33-c440-466d-9968-517118a74f9d,23.796000000000003,measured_angular,/odom,-0.004380873878709216,0.5
8d722d33-c440-466d-9968-517118a74f9d,23.832,measured_angular,/odom,-0.006113467732462198,0.5
8d722d33-c440-466d-9968-517118a74f9d,23.868000000000002,measured_angular,/odom,-0.006042278837084804,0.5
8d722d33-c440-466d-9968-517118a74f9d,23.904,measured_angular,/odom,-0.006042278837136383,0.5
8d722d33-c440-466d-9968-517118a74f9d,23.94,measured_angular,/odom,-0.0014188713554184852,0.5
8d722d33-c440-466d-9968-517118a74f9d,23.976000000000003,measured_angular,/odom,-0.0012899908443029877,0.5
8d722d33-c440-466d-9968-517118a74f9d,24.012,measured_angular,/odom,-0.0012899908472945294,0.5
8d722d33-c440-466d-9968-517118a74f9d,24.048000000000002,measured_angular,/odom,-0.004637914243647176,0.5
8d722d33-c440-466d-9968-517118a74f9d,24.084000000000003,measured_angular,/odom,-0.011895945316691223,0.5
8d722d33-c440-466d-9968-517118a74f9d,24.12,measured_angular,/odom,-0.010827623870775595,0.5
8d722d33-c440-466d-9968-517118a74f9d,24.156000000000002,measured_angular,/odom,-0.010525598190738878,0.5
8d722d33-c440-466d-9968-517118a74f9d,24.192,measured_angular,/odom,-0.01358368442396885,0.5
8d722d33-c440-466d-9968-517118a74f9d,24.228,measured_angular,/odom,-0.010907647199454043,0.5
8d722d33-c440-466d-9968-517118a74f9d,24.264000000000003,measured_angular,/odom,-0.010907647199454043,0.5
8d722d33-c440-466d-9968-517118a74f9d,24.3,measured_angular,/odom,-0.012264359645236091,0.5
8d722d33-c440-466d-9968-517118a74f9d,24.336000000000002,measured_angular,/odom,-0.010686206635903939,0.5
8d722d33-c440-466d-9968-517118a74f9d,24.372,measured_angular,/odom,-0.00731852893791121,0.5
8d722d33-c440-466d-9968-517118a74f9d,24.411,measured_angular,/odom,-0.006944342516019758,0.5
8d722d33-c440-466d-9968-517118a74f9d,24.444000000000003,measured_angular,/odom,-0.0030125980375446423,0.5
8d722d33-c440-466d-9968-517118a74f9d,24.48,measured_angular,/odom,-0.004914787498026086,0.5
8d722d33-c440-466d-9968-517118a74f9d,24.516000000000002,measured_angular,/odom,-0.007914393202383881,0.5
8d722d33-c440-466d-9968-517118a74f9d,24.552000000000003,measured_angular,/odom,-0.007914393209295371,0.5
8d722d33-c440-466d-9968-517118a74f9d,24.588,measured_angular,/odom,0.0006891471495153441,0.5
8d722d33-c440-466d-9968-517118a74f9d,24.624000000000002,measured_angular,/odom,-0.002848001187522204,0.5
8d722d33-c440-466d-9968-517118a74f9d,24.66,measured_angular,/odom,-0.0028480011974252387,0.5
8d722d33-c440-466d-9968-517118a74f9d,24.696,measured_angular,/odom,-0.0061405291688937024,0.5
8d722d33-c440-466d-9968-517118a74f9d,24.732000000000003,measured_angular,/odom,-0.010101137670322755,0.5
8d722d33-c440-466d-9968-517118a74f9d,24.768,measured_angular,/odom,-0.013038445264378662,0.5
8d722d33-c440-466d-9968-517118a74f9d,24.804000000000002,measured_angular,/odom,-0.013038445264378662,0.5
8d722d33-c440-466d-9968-517118a74f9d,24.84,measured_angular,/odom,-0.010355108240487446,0.5
8d722d33-c440-466d-9968-517118a74f9d,24.876,measured_angular,/odom,-0.010096214710412334,0.5
8d722d33-c440-466d-9968-517118a74f9d,24.912000000000003,measured_angular,/odom,-0.010096214711237585,0.5
8d722d33-c440-466d-9968-517118a74f9d,24.948,measured_angular,/odom,-0.012988982722173617,0.5
8d722d33-c440-466d-9968-517118a74f9d,24.984,measured_angular,/odom,-0.005681275043598161,0.5
8d722d33-c440-466d-9968-517118a74f9d,25.020000000000003,measured_angular,/odom,-0.0034397853613354263,0.5
8d722d33-c440-466d-9968-517118a74f9d,25.056,measured_angular,/odom,-0.002915738150857026,0.5
8d722d33-c440-466d-9968-517118a74f9d,25.092000000000002,measured_angular,/odom,-0.0011945399043905972,0.5
8d722d33-c440-466d-9968-517118a74f9d,25.128,measured_angular,/odom,-0.0005669947714847099,0.5
8d722d33-c440-466d-9968-517118a74f9d,25.164,measured_angular,/odom,-0.0005669947714331315,0.5
8d722d33-c440-466d-9968-517118a74f9d,25.200000000000003,measured_angular,/odom,0.0004198459410045468,0.5
8d722d33-c440-466d-9968-517118a74f9d,25.236,measured_angular,/odom,0.005499680512677099,0.5
8d722d33-c440-466d-9968-517118a74f9d,25.272000000000002,measured_angular,/odom,0.003056145793009544,0.5
8d722d33-c440-466d-9968-517118a74f9d,25.311,measured_angular,/odom,0.002784641925331284,0.5
8d722d33-c440-466d-9968-517118a74f9d,25.344,measured_angular,/odom,0.0014928334893452495,0.5
8d722d33-c440-466d-9968-517118a74f9d,25.380000000000003,measured_angular,/odom,-0.00028643477101091463,0.5
8d722d33-c440-466d-9968-517118a74f9d,25.416,measured_angular,/odom,-0.002384349001217205,0.5
8d722d33-c440-466d-9968-517118a74f9d,25.452,measured_angular,/odom,-0.0023843490056013614,0.5
8d722d33-c440-466d-9968-517118a74f9d,25.488000000000003,measured_angular,/odom,-0.0037012833634234845,0.5
8d722d33-c440-466d-9968-517118a74f9d,25.524,measured_angular,/odom,-0.003777235979203665,0.5
8d722d33-c440-466d-9968-517118a74f9d,25.560000000000002,measured_angular,/odom,-0.0037772359793068213,0.5
8d722d33-c440-466d-9968-517118a74f9d,25.596,measured_angular,/odom,-0.0011933688143235038,0.5
8d722d33-c440-466d-9968-517118a74f9d,25.632,measured_angular,/odom,0.003909935320923852,0.5
8d722d33-c440-466d-9968-517118a74f9d,25.668000000000003,measured_angular,/odom,0.0036369585434401137,0.5
8d722d33-c440-466d-9968-517118a74f9d,25.704,measured_angular,/odom,0.0036369585433885356,0.5
8d722d33-c440-466d-9968-517118a74f9d,25.740000000000002,measured_angular,/odom,-0.008476918219685088,0.5
8d722d33-c440-466d-9968-517118a74f9d,25.776000000000003,measured_angular,/odom,-0.026608664394014363,0.5
8d722d33-c440-466d-9968-517118a74f9d,25.812,measured_angular,/odom,-0.02762262150611844,0.5
8d722d33-c440-466d-9968-517118a74f9d,25.848000000000003,measured_angular,/odom,-0.03483165427677966,0.5
8d722d33-c440-466d-9968-517118a74f9d,25.884,measured_angular,/odom,-0.024528055766725978,0.5
8d722d33-c440-466d-9968-517118a74f9d,25.92,measured_angular,/odom,-0.020380666864730168,0.5
8d722d33-c440-466d-9968-517118a74f9d,25.956000000000003,measured_angular,/odom,-0.019463364035087326,0.5
8d722d33-c440-466d-9968-517118a74f9d,25.992,measured_angular,/odom,-0.020024311168301105,0.5
8d722d33-c440-466d-9968-517118a74f9d,26.028000000000002,measured_angular,/odom,-0.026680612935138494,0.5
8d722d33-c440-466d-9968-517118a74f9d,26.064,measured_angular,/odom,-0.02668061293673742,0.5
8d722d33-c440-466d-9968-517118a74f9d,26.1,measured_angular,/odom,-0.016982510816528587,0.5
8d722d33-c440-466d-9968-517118a74f9d,26.136000000000003,measured_angular,/odom,-0.014345744627475898,0.5
8d722d33-c440-466d-9968-517118a74f9d,26.172,measured_angular,/odom,-0.01484155766559197,0.5
8d722d33-c440-466d-9968-517118a74f9d,26.211000000000002,measured_angular,/odom,-0.014896648004954206,0.5
8d722d33-c440-466d-9968-517118a74f9d,26.244000000000003,measured_angular,/odom,0.0020266291769814376,0.5
8d722d33-c440-466d-9968-517118a74f9d,26.28,measured_angular,/odom,0.013352015656897795,0.5
8d722d33-c440-466d-9968-517118a74f9d,26.316000000000003,measured_angular,/odom,0.02617669290727521,0.5
8d722d33-c440-466d-9968-517118a74f9d,26.352,measured_angular,/odom,0.026176692917590873,0.5
8d722d33-c440-466d-9968-517118a74f9d,26.388,measured_angular,/odom,0.029064692556586214,0.5
8d722d33-c440-466d-9968-517118a74f9d,26.424000000000003,measured_angular,/odom,0.028051288800991024,0.5
8d722d33-c440-466d-9968-517118a74f9d,26.46,measured_angular,/odom,0.028051288798205797,0.5
8d722d33-c440-466d-9968-517118a74f9d,26.496000000000002,measured_angular,/odom,0.023825306456800865,0.5
8d722d33-c440-466d-9968-517118a74f9d,26.532,measured_angular,/odom,0.025517396437282604,0.5
8d722d33-c440-466d-9968-517118a74f9d,26.568,measured_angular,/odom,0.019262816758431327,0.5
8d722d33-c440-466d-9968-517118a74f9d,26.604000000000003,measured_angular,/odom,0.01926281675719345,0.5
8d722d33-c440-466d-9968-517118a74f9d,26.64,measured_angular,/odom,0.01994962021465974,0.5
8d722d33-c440-466d-9968-517118a74f9d,26.676000000000002,measured_angular,/odom,0.01819901541403681,0.5
8d722d33-c440-466d-9968-517118a74f9d,26.712000000000003,measured_angular,/odom,0.018199015408517934,0.5
8d722d33-c440-466d-9968-517118a74f9d,26.748,measured_angular,/odom,0.016429513693096788,0.5
8d722d33-c440-466d-9968-517118a74f9d,26.784000000000002,measured_angular,/odom,0.015635043384431332,0.5
8d722d33-c440-466d-9968-517118a74f9d,26.82,measured_angular,/odom,0.020000497796688384,0.5
8d722d33-c440-466d-9968-517118a74f9d,26.856,measured_angular,/odom,0.020485548302217806,0.5
8d722d33-c440-466d-9968-517118a74f9d,26.892000000000003,measured_angular,/odom,0.020065717214217887,0.5
8d722d33-c440-466d-9968-517118a74f9d,26.928,measured_angular,/odom,0.01906046085094602,0.5
8d722d33-c440-466d-9968-517118a74f9d,26.964000000000002,measured_angular,/odom,0.01906046085094602,0.5
8d722d33-c440-466d-9968-517118a74f9d,27.0,measured_angular,/odom,0.017466406157256933,0.5
8d722d33-c440-466d-9968-517118a74f9d,27.036,measured_angular,/odom,0.013385441165019893,0.5
8d722d33-c440-466d-9968-517118a74f9d,27.072000000000003,measured_angular,/odom,0.012671206614358516,0.5
8d722d33-c440-466d-9968-517118a74f9d,27.108,measured_angular,/odom,0.012591847218493818,0.5
8d722d33-c440-466d-9968-517118a74f9d,27.144000000000002,measured_angular,/odom,0.011462353173059086,0.5
8d722d33-c440-466d-9968-517118a74f9d,27.180000000000003,measured_angular,/odom,0.009583013511285847,0.5
8d722d33-c440-466d-9968-517118a74f9d,27.216,measured_angular,/odom,0.003673034269457395,0.5
8d722d33-c440-466d-9968-517118a74f9d,27.252000000000002,measured_angular,/odom,0.003673034254190217,0.5
8d722d33-c440-466d-9968-517118a74f9d,27.288,measured_angular,/odom,0.0027436087839092485,0.5
8d722d33-c440-466d-9968-517118a74f9d,27.324,measured_angular,/odom,0.0049494923961631975,0.5
8d722d33-c440-466d-9968-517118a74f9d,27.360000000000003,measured_angular,/odom,0.0049494924022494375,0.5
8d722d33-c440-466d-9968-517118a74f9d,27.396,measured_angular,/odom,0.012562129525946491,0.5
8d722d33-c440-466d-9968-517118a74f9d,27.432000000000002,measured_angular,/odom,0.011194110200612558,0.5
8d722d33-c440-466d-9968-517118a74f9d,27.468,measured_angular,/odom,0.010909486561875613,0.5
8d722d33-c440-466d-9968-517118a74f9d,27.504,measured_angular,/odom,0.010909486561927192,0.5
8d722d33-c440-466d-9968-517118a74f9d,27.540000000000003,measured_angular,/odom,0.010037184509733826,0.5
8d722d33-c440-466d-9968-517118a74f9d,27.576,measured_angular,/odom,0.012142611660668292,0.5
8d722d33-c440-466d-9968-517118a74f9d,27.612000000000002,measured_angular,/odom,0.012142611667321893,0.5
8d722d33-c440-466d-9968-517118a74f9d,27.648000000000003,measured_angular,/odom,0.01629817672098204,0.5
8d722d33-c440-466d-9968-517118a74f9d,27.684,measured_angular,/odom,0.018202776084325346,0.5
8d722d33-c440-466d-9968-517118a74f9d,27.720000000000002,measured_angular,/odom,0.017094138641024447,0.5
8d722d33-c440-466d-9968-517118a74f9d,27.756,measured_angular,/odom,0.016816979274203243,0.5
8d722d33-c440-466d-9968-517118a74f9d,27.792,measured_angular,/odom,0.013705323459991533,0.5
8d722d33-c440-466d-9968-517118a74f9d,27.828000000000003,measured_angular,/odom,0.012623457238038278,0.5
8d722d33-c440-466d-9968-517118a74f9d,27.864,measured_angular,/odom,0.0126234572379867,0.5
8d722d33-c440-466d-9968-517118a74f9d,27.900000000000002,measured_angular,/odom,0.01514793596285004,0.5
8d722d33-c440-466d-9968-517118a74f9d,27.936000000000003,measured_angular,/odom,0.015832362696282597,0.5
8d722d33-c440-466d-9968-517118a74f9d,27.972,measured_angular,/odom,0.019363886479252062,0.5
8d722d33-c440-466d-9968-517118a74f9d,28.011000000000003,measured_angular,/odom,0.019756278023157874,0.5
8d722d33-c440-466d-9968-517118a74f9d,28.044,measured_angular,/odom,0.01884173043365999,0.5
8d722d33-c440-466d-9968-517118a74f9d,28.080000000000002,measured_angular,/odom,0.016846850894105373,0.5
8d722d33-c440-466d-9968-517118a74f9d,28.116000000000003,measured_angular,/odom,0.01207662654344003,0.5
8d722d33-c440-466d-9968-517118a74f9d,28.152,measured_angular,/odom,0.012076626531525442,0.5
8d722d33-c440-466d-9968-517118a74f9d,28.188000000000002,measured_angular,/odom,0.010929781943975262,0.5
8d722d33-c440-466d-9968-517118a74f9d,28.224,measured_angular,/odom,0.01667880079044944,0.5
8d722d33-c440-466d-9968-517118a74f9d,28.26,measured_angular,/odom,0.01667880080643871,0.5
8d722d33-c440-466d-9968-517118a74f9d,28.296000000000003,measured_angular,/odom,0.01911877467522769,0.5
8d722d33-c440-466d-9968-517118a74f9d,28.332,measured_angular,/odom,0.015049115115513174,0.5
8d722d33-c440-466d-9968-517118a74f9d,28.368000000000002,measured_angular,/odom,0.014948091469541114,0.5
8d722d33-c440-466d-9968-517118a74f9d,28.404000000000003,measured_angular,/odom,0.014948091469541114,0.5
8d722d33-c440-466d-9968-517118a74f9d,28.44,measured_angular,/odom,0.011414863740205778,0.5
8d722d33-c440-466d-9968-517118a74f9d,28.476000000000003,measured_angular,/odom,0.010249661283037025,0.5
8d722d33-c440-466d-9968-517118a74f9d,28.512,measured_angular,/odom,0.01024966128226335,0.5
8d722d33-c440-466d-9968-517118a74f9d,28.548000000000002,measured_angular,/odom,0.004719320684920265,0.5
8d722d33-c440-466d-9968-517118a74f9d,28.584000000000003,measured_angular,/odom,0.002516977727904666,0.5
8d722d33-c440-466d-9968-517118a74f9d,28.62,measured_angular,/odom,0.0054409650290469895,0.5
8d722d33-c440-466d-9968-517118a74f9d,28.656000000000002,measured_angular,/odom,0.005765852518161378,0.5
8d722d33-c440-466d-9968-517118a74f9d,28.692,measured_angular,/odom,0.0016648850764147346,0.5
8d722d33-c440-466d-9968-517118a74f9d,28.728,measured_angular,/odom,0.006500715389657699,0.5
8d722d33-c440-466d-9968-517118a74f9d,28.764000000000003,measured_angular,/odom,0.006500715389657699,0.5
8d722d33-c440-466d-9968-517118a74f9d,28.8,measured_angular,/odom,0.004713620251995501,0.5
8d722d33-c440-466d-9968-517118a74f9d,28.836000000000002,measured_angular,/odom,0.008295859198405559,0.5
8d722d33-c440-466d-9968-517118a74f9d,28.872000000000003,measured_angular,/odom,0.007549943590998573,0.5
8d722d33-c440-466d-9968-517118a74f9d,28.908,measured_angular,/odom,0.007467064075024163,0.5
8d722d33-c440-466d-9968-517118a74f9d,28.944000000000003,measured_angular,/odom,0.0001467064264882867,0.5
8d722d33-c440-466d-9968-517118a74f9d,28.98,measured_angular,/odom,-1.9599756067714723e-12,0.5
8d722d33-c440-466d-9968-517118a74f9d,29.016000000000002,measured_angular,/odom,-6.189396652962546e-13,0.5
8d722d33-c440-466d-9968-517118a74f9d,29.052000000000003,measured_angular,/odom,0.0,0.5
8d722d33-c440-466d-9968-517118a74f9d,29.088,measured_angular,/odom,0.0,0.5
8d722d33-c440-466d-9968-517118a74f9d,29.124000000000002,measured_angular,/odom,0.0,0.5
8d722d33-c440-466d-9968-517118a74f9d,29.16,measured_angular,/odom,0.0,0.5
8d722d33-c440-466d-9968-517118a74f9d,29.196,measured_angular,/odom,0.0,0.5
8d722d33-c440-466d-9968-517118a74f9d,29.232000000000003,measured_angular,/odom,0.0,0.5
8d722d33-c440-466d-9968-517118a74f9d,29.268,measured_angular,/odom,0.0,0.5
8d722d33-c440-466d-9968-517118a74f9d,29.304000000000002,measured_angular,/odom,0.0,0.5
8d722d33-c440-466d-9968-517118a74f9d,29.340000000000003,measured_angular,/odom,0.0,0.5
8d722d33-c440-466d-9968-517118a74f9d,29.376,measured_angular,/odom,0.0,0.5
8d722d33-c440-466d-9968-517118a74f9d,29.412000000000003,measured_angular,/odom,0.0,0.5
8d722d33-c440-466d-9968-517118a74f9d,29.448,measured_angular,/odom,0.0,0.5
8d722d33-c440-466d-9968-517118a74f9d,29.484,measured_angular,/odom,0.0,0.5
8d722d33-c440-466d-9968-517118a74f9d,29.520000000000003,measured_angular,/odom,0.0,0.5
8d722d33-c440-466d-9968-517118a74f9d,29.556,measured_angular,/odom,0.0,0.5
8d722d33-c440-466d-9968-517118a74f9d,29.592000000000002,measured_angular,/odom,0.0,0.5
8d722d33-c440-466d-9968-517118a74f9d,29.628,measured_angular,/odom,0.0,0.5
8d722d33-c440-466d-9968-517118a74f9d,29.664,measured_angular,/odom,0.0,0.5
8d722d33-c440-466d-9968-517118a74f9d,9.360000000000001,measured_linear,/odom,8.82325986723229e-22,0.5
8d722d33-c440-466d-9968-517118a74f9d,9.396,measured_linear,/odom,-1.411721578757167e-20,0.5
8d722d33-c440-466d-9968-517118a74f9d,9.432,measured_linear,/odom,7.940933880509066e-21,0.5
8d722d33-c440-466d-9968-517118a74f9d,9.468,measured_linear,/odom,-2.6469779601696904e-21,0.5
8d722d33-c440-466d-9968-517118a74f9d,9.504000000000001,measured_linear,/odom,-9.26442286059391e-21,0.5
8d722d33-c440-466d-9968-517118a74f9d,9.540000000000001,measured_linear,/odom,-4.411629933616125e-22,0.5
8d722d33-c440-466d-9968-517118a74f9d,9.576,measured_linear,/odom,1.4117215787571673e-20,0.5
8d722d33-c440-466d-9968-517118a74f9d,9.612,measured_linear,/odom,1.3234889800848447e-21,0.5
8d722d33-c440-466d-9968-517118a74f9d,9.648000000000001,measured_linear,/odom,-9.705585853955524e-21,0.5
8d722d33-c440-466d-9968-517118a74f9d,9.684000000000001,measured_linear,/odom,6.176281907062606e-21,0.5
8d722d33-c440-466d-9968-517118a74f9d,9.72,measured_linear,/odom,1.76465197344646e-21,0.5
8d722d33-c440-466d-9968-517118a74f9d,9.756,measured_linear,/odom,-9.705585853955525e-21,0.5
8d722d33-c440-466d-9968-517118a74f9d,9.792,measured_linear,/odom,2.646977960169689e-21,0.5
8d722d33-c440-466d-9968-517118a74f9d,9.828000000000001,measured_linear,/odom,-3.0881409535313042e-21,0.5
8d722d33-c440-466d-9968-517118a74f9d,9.864,measured_linear,/odom,-4.411629933616147e-22,0.5
8d722d33-c440-466d-9968-517118a74f9d,9.9,measured_linear,/odom,7.058607893785837e-21,0.5
8d722d33-c440-466d-9968-517118a74f9d,9.936,measured_linear,/odom,-5.2939559203393786e-21,0.5
8d722d33-c440-466d-9968-517118a74f9d,9.972000000000001,measured_linear,/odom,-1.2352563814125212e-20,0.5
8d722d33-c440-466d-9968-517118a74f9d,10.011000000000001,measured_linear,/odom,-2.029349769463428e-20,0.5
8d722d33-c440-466d-9968-517118a74f9d,10.044,measured_linear,/odom,-5.2939559203393786e-21,0.5
8d722d33-c440-466d-9968-517118a74f9d,10.08,measured_linear,/odom,3.529303946892919e-21,0.5
8d722d33-c440-466d-9968-517118a74f9d,10.116000000000001,measured_linear,/odom,-8.823259867232298e-22,0.5
8d722d33-c440-466d-9968-517118a74f9d,10.152000000000001,measured_linear,/odom,-1.2352563814125214e-20,0.5
8d722d33-c440-466d-9968-517118a74f9d,10.188,measured_linear,/odom,-8.823259867232296e-22,0.5
8d722d33-c440-466d-9968-517118a74f9d,10.224,measured_linear,/odom,-1.6323030754379748e-20,0.5
8d722d33-c440-466d-9968-517118a74f9d,10.26,measured_linear,/odom,-9.26442286059391e-21,0.5
8d722d33-c440-466d-9968-517118a74f9d,10.296000000000001,measured_linear,/odom,-1.2352563814125214e-20,0.5
8d722d33-c440-466d-9968-517118a74f9d,10.332,measured_linear,/odom,-8.823259867232296e-21,0.5
8d722d33-c440-466d-9968-517118a74f9d,10.368,measured_linear,/odom,-1.8528845721187823e-20,0.5
8d722d33-c440-466d-9968-517118a74f9d,10.404,measured_linear,/odom,1.5881867761018128e-20,0.5
8d722d33-c440-466d-9968-517118a74f9d,10.440000000000001,measured_linear,/odom,4.411629933616138e-22,0.5
8d722d33-c440-466d-9968-517118a74f9d,10.476,measured_linear,/odom,4.411629933616148e-21,0.5
8d722d33-c440-466d-9968-517118a74f9d,10.512,measured_linear,/odom,-7.058607893785835e-21,0.5
8d722d33-c440-466d-9968-517118a74f9d,10.548,measured_linear,/odom,-7.499770887147452e-21,0.5
8d722d33-c440-466d-9968-517118a74f9d,10.584000000000001,measured_linear,/odom,-3.529303946892918e-21,0.5
8d722d33-c440-466d-9968-517118a74f9d,10.620000000000001,measured_linear,/odom,-3.970466940254532e-21,0.5
8d722d33-c440-466d-9968-517118a74f9d,10.656,measured_linear,/odom,-8.823259867232296e-21,0.5
8d722d33-c440-466d-9968-517118a74f9d,10.692,measured_linear,/odom,-1.3234889800848443e-20,0.5
8d722d33-c440-466d-9968-517118a74f9d,10.728000000000002,measured_linear,/odom,-4.411629933616155e-22,0.5
8d722d33-c440-466d-9968-517118a74f9d,10.764000000000001,measured_linear,/odom,-4.8527929269777626e-21,0.5
8d722d33-c440-466d-9968-517118a74f9d,10.8,measured_linear,/odom,1.764651973446458e-21,0.5
8d722d33-c440-466d-9968-517118a74f9d,10.836,measured_linear,/odom,-1.014674884731714e-20,0.5
8d722d33-c440-466d-9968-517118a74f9d,10.872,measured_linear,/odom,-2.6469779601696886e-21,0.5
8d722d33-c440-466d-9968-517118a74f9d,10.911000000000001,measured_linear,/odom,-1.3676052794210057e-20,0.5
8d722d33-c440-466d-9968-517118a74f9d,10.944,measured_linear,/odom,-2.6469779601696878e-21,0.5
8d722d33-c440-466d-9968-517118a74f9d,10.98,measured_linear,/odom,-8.8232598672323e-22,0.5
8d722d33-c440-466d-9968-517118a74f9d,11.016,measured_linear,/odom,0.01649999999183315,0.5
8d722d33-c440-466d-9968-517118a74f9d,11.052000000000001,measured_linear,/odom,0.035371135920286165,0.5
8d722d33-c440-466d-9968-517118a74f9d,11.088000000000001,measured_linear,/odom,0.05487113591211297,0.5
8d722d33-c440-466d-9968-517118a74f9d,11.124,measured_linear,/odom,0.09031658154022493,0.5
8d722d33-c440-466d-9968-517118a74f9d,11.16,measured_linear,/odom,0.10009836405515668,0.5
8d722d33-c440-466d-9968-517118a74f9d,11.196000000000002,measured_linear,/odom,0.1131847819340791,0.5
8d722d33-c440-466d-9968-517118a74f9d,11.232000000000001,measured_linear,/odom,0.1233915295818833,0.5
8d722d33-c440-466d-9968-517118a74f9d,11.268,measured_linear,/odom,0.12633739411830844,0.5
8d722d33-c440-466d-9968-517118a74f9d,11.304,measured_linear,/odom,0.1263373941183084,0.5
8d722d33-c440-466d-9968-517118a74f9d,11.34,measured_linear,/odom,0.126870259642421,0.5
8d722d33-c440-466d-9968-517118a74f9d,11.376000000000001,measured_linear,/odom,0.1299630403510744,0.5
8d722d33-c440-466d-9968-517118a74f9d,11.412,measured_linear,/odom,0.1299630403518673,0.5
8d722d33-c440-466d-9968-517118a74f9d,11.448,measured_linear,/odom,0.13041186332702592,0.5
8d722d33-c440-466d-9968-517118a74f9d,11.484,measured_linear,/odom,0.13421743004216127,0.5
8d722d33-c440-466d-9968-517118a74f9d,11.520000000000001,measured_linear,/odom,0.13431587815284246,0.5
8d722d33-c440-466d-9968-517118a74f9d,11.556000000000001,measured_linear,/odom,0.13431811332702617,0.5
8d722d33-c440-466d-9968-517118a74f9d,11.592,measured_linear,/odom,0.13627796322047586,0.5
8d722d33-c440-466d-9968-517118a74f9d,11.628,measured_linear,/odom,0.13493184745311665,0.5
8d722d33-c440-466d-9968-517118a74f9d,11.664000000000001,measured_linear,/odom,0.1349318474531176,0.5
8d722d33-c440-466d-9968-517118a74f9d,11.700000000000001,measured_linear,/odom,0.13442524373548903,0.5
8d722d33-c440-466d-9968-517118a74f9d,11.736,measured_linear,/odom,0.13611356913993722,0.5
8d722d33-c440-466d-9968-517118a74f9d,11.772,measured_linear,/odom,0.1353686258199029,0.5
8d722d33-c440-466d-9968-517118a74f9d,11.811,measured_linear,/odom,0.1352858543395984,0.5
8d722d33-c440-466d-9968-517118a74f9d,11.844000000000001,measured_linear,/odom,0.1378492563955958,0.5
8d722d33-c440-466d-9968-517118a74f9d,11.88,measured_linear,/odom,0.13961829841076176,0.5
8d722d33-c440-466d-9968-517118a74f9d,11.916,measured_linear,/odom,0.1416625380516047,0.5
8d722d33-c440-466d-9968-517118a74f9d,11.952,measured_linear,/odom,0.14166253805160448,0.5
8d722d33-c440-466d-9968-517118a74f9d,11.988000000000001,measured_linear,/odom,0.1423376202583306,0.5
8d722d33-c440-466d-9968-517118a74f9d,12.024000000000001,measured_linear,/odom,0.13360175557406911,0.5
8d722d33-c440-466d-9968-517118a74f9d,12.06,measured_linear,/odom,0.13242924213409388,0.5
8d722d33-c440-466d-9968-517118a74f9d,12.096,measured_linear,/odom,0.13713407306538233,0.5
8d722d33-c440-466d-9968-517118a74f9d,12.132000000000001,measured_linear,/odom,0.13440795154660568,0.5
8d722d33-c440-466d-9968-517118a74f9d,12.168000000000001,measured_linear,/odom,0.1329186111688599,0.5
8d722d33-c440-466d-9968-517118a74f9d,12.204,measured_linear,/odom,0.13291861116886314,0.5
8d722d33-c440-466d-9968-517118a74f9d,12.24,measured_linear,/odom,0.13220979273343933,0.5
8d722d33-c440-466d-9968-517118a74f9d,12.276000000000002,measured_linear,/odom,0.13499304652132793,0.5
8d722d33-c440-466d-9968-517118a74f9d,12.312000000000001,measured_linear,/odom,0.13499304652213745,0.5
8d722d33-c440-466d-9968-517118a74f9d,12.348,measured_linear,/odom,0.13699410855770172,0.5
8d722d33-c440-466d-9968-517118a74f9d,12.384,measured_linear,/odom,0.1397275626651942,0.5
8d722d33-c440-466d-9968-517118a74f9d,12.42,measured_linear,/odom,0.1357173225417202,0.5
8d722d33-c440-466d-9968-517118a74f9d,12.456000000000001,measured_linear,/odom,0.1344272196292846,0.5
8d722d33-c440-466d-9968-517118a74f9d,12.492,measured_linear,/odom,0.1360977262253445,0.5
8d722d33-c440-466d-9968-517118a74f9d,12.528,measured_linear,/odom,0.1395484805106401,0.5
8d722d33-c440-466d-9968-517118a74f9d,12.564,measured_linear,/odom,0.13954848051071223,0.5
8d722d33-c440-466d-9968-517118a74f9d,12.600000000000001,measured_linear,/odom,0.14353770254706363,0.5
8d722d33-c440-466d-9968-517118a74f9d,12.636000000000001,measured_linear,/odom,0.1441170573234544,0.5
8d722d33-c440-466d-9968-517118a74f9d,12.672,measured_linear,/odom,0.145678451656836,0.5
8d722d33-c440-466d-9968-517118a74f9d,12.708,measured_linear,/odom,0.14585193991661174,0.5
8d722d33-c440-466d-9968-517118a74f9d,12.744000000000002,measured_linear,/odom,0.1497600340713006,0.5
8d722d33-c440-466d-9968-517118a74f9d,12.780000000000001,measured_linear,/odom,0.1514018893237152,0.5
8d722d33-c440-466d-9968-517118a74f9d,12.816,measured_linear,/odom,0.15116696059714746,0.5
8d722d33-c440-466d-9968-517118a74f9d,12.852,measured_linear,/odom,0.15116696059703508,0.5
8d722d33-c440-466d-9968-517118a74f9d,12.888000000000002,measured_linear,/odom,0.15191103518009075,0.5
8d722d33-c440-466d-9968-517118a74f9d,12.924000000000001,measured_linear,/odom,0.15355008840517298,0.5
8d722d33-c440-466d-9968-517118a74f9d,12.96,measured_linear,/odom,0.15355008840560735,0.5
8d722d33-c440-466d-9968-517118a74f9d,12.996,measured_linear,/odom,0.1529655158521386,0.5
8d722d33-c440-466d-9968-517118a74f9d,13.032,measured_linear,/odom,0.15125185251288104,0.5
8d722d33-c440-466d-9968-517118a74f9d,13.068000000000001,measured_linear,/odom,0.1541422754525901,0.5
8d722d33-c440-466d-9968-517118a74f9d,13.104000000000001,measured_linear,/odom,0.1541422754526095,0.5
8d722d33-c440-466d-9968-517118a74f9d,13.14,measured_linear,/odom,0.15406387150292503,0.5
8d722d33-c440-466d-9968-517118a74f9d,13.176,measured_linear,/odom,0.15557932853656473,0.5
8d722d33-c440-466d-9968-517118a74f9d,13.212000000000002,measured_linear,/odom,0.15557932853698847,0.5
8d722d33-c440-466d-9968-517118a74f9d,13.248000000000001,measured_linear,/odom,0.15825025737285967,0.5
8d722d33-c440-466d-9968-517118a74f9d,13.284,measured_linear,/odom,0.16108761727733623,0.5
8d722d33-c440-466d-9968-517118a74f9d,13.32,measured_linear,/odom,0.1622926443810966,0.5
8d722d33-c440-466d-9968-517118a74f9d,13.356000000000002,measured_linear,/odom,0.16259390115737904,0.5
8d722d33-c440-466d-9968-517118a74f9d,13.392000000000001,measured_linear,/odom,0.15770747871553986,0.5
8d722d33-c440-466d-9968-517118a74f9d,13.428,measured_linear,/odom,0.15871693193912534,0.5
8d722d33-c440-466d-9968-517118a74f9d,13.464,measured_linear,/odom,0.1587169319391272,0.5
8d722d33-c440-466d-9968-517118a74f9d,13.5,measured_linear,/odom,0.15885033905501295,0.5
8d722d33-c440-466d-9968-517118a74f9d,13.536000000000001,measured_linear,/odom,0.1593285650013691,0.5
8d722d33-c440-466d-9968-517118a74f9d,13.572000000000001,measured_linear,/odom,0.15912203490741533,0.5
8d722d33-c440-466d-9968-517118a74f9d,13.608,measured_linear,/odom,0.1590990871191013,0.5
8d722d33-c440-466d-9968-517118a74f9d,13.644,measured_linear,/odom,0.16620081927563868,0.5
8d722d33-c440-466d-9968-517118a74f9d,13.680000000000001,measured_linear,/odom,0.1688565194600089,0.5
8d722d33-c440-466d-9968-517118a74f9d,13.716000000000001,measured_linear,/odom,0.17331481366045692,0.5
8d722d33-c440-466d-9968-517118a74f9d,13.752,measured_linear,/odom,0.17342114448546941,0.5
8d722d33-c440-466d-9968-517118a74f9d,13.788,measured_linear,/odom,0.18107794252502643,0.5
8d722d33-c440-466d-9968-517118a74f9d,13.824000000000002,measured_linear,/odom,0.18240003287760823,0.5
8d722d33-c440-466d-9968-517118a74f9d,13.860000000000001,measured_linear,/odom,0.1824000328779237,0.5
8d722d33-c440-466d-9968-517118a74f9d,13.896,measured_linear,/odom,0.17991700768536975,0.5
8d722d33-c440-466d-9968-517118a74f9d,13.932,measured_linear,/odom,0.17669612975221943,0.5
8d722d33-c440-466d-9968-517118a74f9d,13.968000000000002,measured_linear,/odom,0.1731500029564283,0.5
8d722d33-c440-466d-9968-517118a74f9d,14.004000000000001,measured_linear,/odom,0.17315000295638852,0.5
8d722d33-c440-466d-9968-517118a74f9d,14.040000000000001,measured_linear,/odom,0.17315111160278912,0.5
8d722d33-c440-466d-9968-517118a74f9d,14.076,measured_linear,/odom,0.17601987719455908,0.5
8d722d33-c440-466d-9968-517118a74f9d,14.112,measured_linear,/odom,0.1760198771953538,0.5
8d722d33-c440-466d-9968-517118a74f9d,14.148000000000001,measured_linear,/odom,0.1767406165599848,0.5
8d722d33-c440-466d-9968-517118a74f9d,14.184000000000001,measured_linear,/odom,0.17473419010693805,0.5
8d722d33-c440-466d-9968-517118a74f9d,14.22,measured_linear,/odom,0.17798002897387588,0.5
8d722d33-c440-466d-9968-517118a74f9d,14.256,measured_linear,/odom,0.17894253134727775,0.5
8d722d33-c440-466d-9968-517118a74f9d,14.292000000000002,measured_linear,/odom,0.1753428897392125,0.5
8d722d33-c440-466d-9968-517118a74f9d,14.328000000000001,measured_linear,/odom,0.17818045616140216,0.5
8d722d33-c440-466d-9968-517118a74f9d,14.364,measured_linear,/odom,0.17818045616150027,0.5
8d722d33-c440-466d-9968-517118a74f9d,14.4,measured_linear,/odom,0.17667659521154455,0.5
8d722d33-c440-466d-9968-517118a74f9d,14.436000000000002,measured_linear,/odom,0.18022580979953073,0.5
8d722d33-c440-466d-9968-517118a74f9d,14.472000000000001,measured_linear,/odom,0.1829832971087871,0.5
8d722d33-c440-466d-9968-517118a74f9d,14.511000000000001,measured_linear,/odom,0.18327826261519967,0.5
8d722d33-c440-466d-9968-517118a74f9d,14.544,measured_linear,/odom,0.18450208008256402,0.5
8d722d33-c440-466d-9968-517118a74f9d,14.58,measured_linear,/odom,0.18541726171939682,0.5
8d722d33-c440-466d-9968-517118a74f9d,14.616000000000001,measured_linear,/odom,0.18840920925140373,0.5
8d722d33-c440-466d-9968-517118a74f9d,14.652000000000001,measured_linear,/odom,0.1884092092514037,0.5
8d722d33-c440-466d-9968-517118a74f9d,14.688,measured_linear,/odom,0.1893171370029441,0.5
8d722d33-c440-466d-9968-517118a74f9d,14.724,measured_linear,/odom,0.1849242738021007,0.5
8d722d33-c440-466d-9968-517118a74f9d,14.760000000000002,measured_linear,/odom,0.18476951122285423,0.5
8d722d33-c440-466d-9968-517118a74f9d,14.796000000000001,measured_linear,/odom,0.17880199585133724,0.5
8d722d33-c440-466d-9968-517118a74f9d,14.832,measured_linear,/odom,0.17576244324527718,0.5
8d722d33-c440-466d-9968-517118a74f9d,14.868,measured_linear,/odom,0.17993430793245557,0.5
8d722d33-c440-466d-9968-517118a74f9d,14.904000000000002,measured_linear,/odom,0.1799343079328497,0.5
8d722d33-c440-466d-9968-517118a74f9d,14.940000000000001,measured_linear,/odom,0.1836478435860545,0.5
8d722d33-c440-466d-9968-517118a74f9d,14.976,measured_linear,/odom,0.18332940340083556,0.5
8d722d33-c440-466d-9968-517118a74f9d,15.012,measured_linear,/odom,0.18332940340042664,0.5
8d722d33-c440-466d-9968-517118a74f9d,15.048000000000002,measured_linear,/odom,0.1821040660143029,0.5
8d722d33-c440-466d-9968-517118a74f9d,15.084000000000001,measured_linear,/odom,0.18506753444590962,0.5
8d722d33-c440-466d-9968-517118a74f9d,15.120000000000001,measured_linear,/odom,0.18442518711112946,0.5
8d722d33-c440-466d-9968-517118a74f9d,15.156,measured_linear,/odom,0.18426460027693992,0.5
8d722d33-c440-466d-9968-517118a74f9d,15.192,measured_linear,/odom,0.1827621877198075,0.5
8d722d33-c440-466d-9968-517118a74f9d,15.228000000000002,measured_linear,/odom,0.18645688891386997,0.5
8d722d33-c440-466d-9968-517118a74f9d,15.264000000000001,measured_linear,/odom,0.18645688891410495,0.5
8d722d33-c440-466d-9968-517118a74f9d,15.3,measured_linear,/odom,0.185692471266032,0.5
8d722d33-c440-466d-9968-517118a74f9d,15.336,measured_linear,/odom,0.1867258250709917,0.5
8d722d33-c440-466d-9968-517118a74f9d,15.372000000000002,measured_linear,/odom,0.18812658190685744,0.5
8d722d33-c440-466d-9968-517118a74f9d,15.411000000000001,measured_linear,/odom,0.188282221555706,0.5
8d722d33-c440-466d-9968-517118a74f9d,15.444,measured_linear,/odom,0.18956507742370346,0.5
8d722d33-c440-466d-9968-517118a74f9d,15.48,measured_linear,/odom,0.18833492100280477,0.5
8d722d33-c440-466d-9968-517118a74f9d,15.516000000000002,measured_linear,/odom,0.18229438696074074,0.5
8d722d33-c440-466d-9968-517118a74f9d,15.552000000000001,measured_linear,/odom,0.18198613822459905,0.5
8d722d33-c440-466d-9968-517118a74f9d,15.588000000000001,measured_linear,/odom,0.17861169576654695,0.5
8d722d33-c440-466d-9968-517118a74f9d,15.624,measured_linear,/odom,0.1819039949646606,0.5
8d722d33-c440-466d-9968-517118a74f9d,15.66,measured_linear,/odom,0.1819364726543482,0.5
8d722d33-c440-466d-9968-517118a74f9d,15.696000000000002,measured_linear,/odom,0.17774929465173933,0.5
8d722d33-c440-466d-9968-517118a74f9d,15.732000000000001,measured_linear,/odom,0.18067171661761233,0.5
8d722d33-c440-466d-9968-517118a74f9d,15.768,measured_linear,/odom,0.18182197213174228,0.5
8d722d33-c440-466d-9968-517118a74f9d,15.804,measured_linear,/odom,0.18182197213174228,0.5
8d722d33-c440-466d-9968-517118a74f9d,15.840000000000002,measured_linear,/odom,0.18378242850236778,0.5
8d722d33-c440-466d-9968-517118a74f9d,15.876000000000001,measured_linear,/odom,0.1833263188603033,0.5
8d722d33-c440-466d-9968-517118a74f9d,15.912,measured_linear,/odom,0.18332631886004977,0.5
8d722d33-c440-466d-9968-517118a74f9d,15.948,measured_linear,/odom,0.18489108979703645,0.5
8d722d33-c440-466d-9968-517118a74f9d,15.984000000000002,measured_linear,/odom,0.16529455035954985,0.5
8d722d33-c440-466d-9968-517118a74f9d,16.02,measured_linear,/odom,0.16378172010234673,0.5
8d722d33-c440-466d-9968-517118a74f9d,16.056,measured_linear,/odom,0.16340351253747887,0.5
8d722d33-c440-466d-9968-517118a74f9d,16.092000000000002,measured_linear,/odom,0.15953268985156477,0.5
8d722d33-c440-466d-9968-517118a74f9d,16.128,measured_linear,/odom,0.15938852727412078,0.5
8d722d33-c440-466d-9968-517118a74f9d,16.164,measured_linear,/odom,0.15938852727413244,0.5
8d722d33-c440-466d-9968-517118a74f9d,16.2,measured_linear,/odom,0.15892754137531717,0.5
8d722d33-c440-466d-9968-517118a74f9d,16.236,measured_linear,/odom,0.15616625547481666,0.5
8d722d33-c440-466d-9968-517118a74f9d,16.272000000000002,measured_linear,/odom,0.16219087749278718,0.5
8d722d33-c440-466d-9968-517118a74f9d,16.311,measured_linear,/odom,0.16361571550369938,0.5
8d722d33-c440-466d-9968-517118a74f9d,16.344,measured_linear,/odom,0.1641961857674984,0.5
8d722d33-c440-466d-9968-517118a74f9d,16.380000000000003,measured_linear,/odom,0.16459627479300298,0.5
8d722d33-c440-466d-9968-517118a74f9d,16.416,measured_linear,/odom,0.16582029014795222,0.5
8d722d33-c440-466d-9968-517118a74f9d,16.452,measured_linear,/odom,0.16582029014825858,0.5
8d722d33-c440-466d-9968-517118a74f9d,16.488,measured_linear,/odom,0.16599027514458575,0.5
8d722d33-c440-466d-9968-517118a74f9d,16.524,measured_linear,/odom,0.16501525193479696,0.5
8d722d33-c440-466d-9968-517118a74f9d,16.560000000000002,measured_linear,/odom,0.1650152519345338,0.5
8d722d33-c440-466d-9968-517118a74f9d,16.596,measured_linear,/odom,0.16336892545268933,0.5
8d722d33-c440-466d-9968-517118a74f9d,16.632,measured_linear,/odom,0.16262959331297622,0.5
8d722d33-c440-466d-9968-517118a74f9d,16.668000000000003,measured_linear,/odom,0.1591366007926032,0.5
8d722d33-c440-466d-9968-517118a74f9d,16.704,measured_linear,/odom,0.15913660079240666,0.5
8d722d33-c440-466d-9968-517118a74f9d,16.740000000000002,measured_linear,/odom,0.15847418099663557,0.5
8d722d33-c440-466d-9968-517118a74f9d,16.776,measured_linear,/odom,0.15890265852196273,0.5
8d722d33-c440-466d-9968-517118a74f9d,16.812,measured_linear,/odom,0.15890265852212093,0.5
8d722d33-c440-466d-9968-517118a74f9d,16.848000000000003,measured_linear,/odom,0.15969435274601598,0.5
8d722d33-c440-466d-9968-517118a74f9d,16.884,measured_linear,/odom,0.16498897403085577,0.5
8d722d33-c440-466d-9968-517118a74f9d,16.92,measured_linear,/odom,0.15957815334900152,0.5
8d722d33-c440-466d-9968-517118a74f9d,16.956,measured_linear,/odom,0.1570961773395685,0.5
8d722d33-c440-466d-9968-517118a74f9d,16.992,measured_linear,/odom,0.1574372617899189,0.5
8d722d33-c440-466d-9968-517118a74f9d,17.028000000000002,measured_linear,/odom,0.1552322834730224,0.5
8d722d33-c440-466d-9968-517118a74f9d,17.064,measured_linear,/odom,0.1552322834730108,0.5
8d722d33-c440-466d-9968-517118a74f9d,17.1,measured_linear,/odom,0.15792214025879825,0.5
8d722d33-c440-466d-9968-517118a74f9d,17.136000000000003,measured_linear,/odom,0.15923918187618236,0.5
8d722d33-c440-466d-9968-517118a74f9d,17.172,measured_linear,/odom,0.15859365731495934,0.5
8d722d33-c440-466d-9968-517118a74f9d,17.208000000000002,measured_linear,/odom,0.1585219323635112,0.5
8d722d33-c440-466d-9968-517118a74f9d,17.244,measured_linear,/odom,0.15800268352046842,0.5
8d722d33-c440-466d-9968-517118a74f9d,17.28,measured_linear,/odom,0.15546176309555015,0.5
8d722d33-c440-466d-9968-517118a74f9d,17.316000000000003,measured_linear,/odom,0.15591550916402186,0.5
8d722d33-c440-466d-9968-517118a74f9d,17.352,measured_linear,/odom,0.15591550916433494,0.5
8d722d33-c440-466d-9968-517118a74f9d,17.388,measured_linear,/odom,0.1542981103062702,0.5
8d722d33-c440-466d-9968-517118a74f9d,17.424,measured_linear,/odom,0.1515976708645861,0.5
8d722d33-c440-466d-9968-517118a74f9d,17.46,measured_linear,/odom,0.1515976220369275,0.5
8d722d33-c440-466d-9968-517118a74f9d,17.496000000000002,measured_linear,/odom,0.15720291822745702,0.5
8d722d33-c440-466d-9968-517118a74f9d,17.532,measured_linear,/odom,0.15835896804905492,0.5
8d722d33-c440-466d-9968-517118a74f9d,17.568,measured_linear,/odom,0.15532334446916263,0.5
8d722d33-c440-466d-9968-517118a74f9d,17.604000000000003,measured_linear,/odom,0.15532334446906934,0.5
8d722d33-c440-466d-9968-517118a74f9d,17.64,measured_linear,/odom,0.15218601207129923,0.5
8d722d33-c440-466d-9968-517118a74f9d,17.676000000000002,measured_linear,/odom,0.1513293206691546,0.5
8d722d33-c440-466d-9968-517118a74f9d,17.712,measured_linear,/odom,0.15132932066917126,0.5
8d722d33-c440-466d-9968-517118a74f9d,17.748,measured_linear,/odom,0.1510429948568215,0.5
8d722d33-c440-466d-9968-517118a74f9d,17.784000000000002,measured_linear,/odom,0.15234236419165326,0.5
8d722d33-c440-466d-9968-517118a74f9d,17.82,measured_linear,/odom,0.15325685530874544,0.5
8d722d33-c440-466d-9968-517118a74f9d,17.856,measured_linear,/odom,0.15335846543313328,0.5
8d722d33-c440-466d-9968-517118a74f9d,17.892,measured_linear,/odom,0.1530951596797292,0.5
8d722d33-c440-466d-9968-517118a74f9d,17.928,measured_linear,/odom,0.14976906627432118,0.5
8d722d33-c440-466d-9968-517118a74f9d,17.964000000000002,measured_linear,/odom,0.14976906627415798,0.5
8d722d33-c440-466d-9968-517118a74f9d,18.0,measured_linear,/odom,0.1508652636405106,0.5
8d722d33-c440-466d-9968-517118a74f9d,18.036,measured_linear,/odom,0.14737179423558233,0.5
8d722d33-c440-466d-9968-517118a74f9d,18.072000000000003,measured_linear,/odom,0.1502250881972678,0.5
8d722d33-c440-466d-9968-517118a74f9d,18.111,measured_linear,/odom,0.15063056498764163,0.5
8d722d33-c440-466d-9968-517118a74f9d,18.144000000000002,measured_linear,/odom,0.14901202619118317,0.5
8d722d33-c440-466d-9968-517118a74f9d,18.18,measured_linear,/odom,0.15021294772584626,0.5
8d722d33-c440-466d-9968-517118a74f9d,18.216,measured_linear,/odom,0.14881673455285904,0.5
8d722d33-c440-466d-9968-517118a74f9d,18.252000000000002,measured_linear,/odom,0.14881673455238278,0.5
8d722d33-c440-466d-9968-517118a74f9d,18.288,measured_linear,/odom,0.15218904912453143,0.5
8d722d33-c440-466d-9968-517118a74f9d,18.324,measured_linear,/odom,0.1517454788090067,0.5
8d722d33-c440-466d-9968-517118a74f9d,18.36,measured_linear,/odom,0.15174547880888012,0.5
8d722d33-c440-466d-9968-517118a74f9d,18.396,measured_linear,/odom,0.15263624042248683,0.5
8d722d33-c440-466d-9968-517118a74f9d,18.432000000000002,measured_linear,/odom,0.15414305180266985,0.5
8d722d33-c440-466d-9968-517118a74f9d,18.468,measured_linear,/odom,0.15268832892179066,0.5
8d722d33-c440-466d-9968-517118a74f9d,18.504,measured_linear,/odom,0.15268832892179396,0.5
8d722d33-c440-466d-9968-517118a74f9d,18.540000000000003,measured_linear,/odom,0.15410762518595303,0.5
8d722d33-c440-466d-9968-517118a74f9d,18.576,measured_linear,/odom,0.1573228516165437,0.5
8d722d33-c440-466d-9968-517118a74f9d,18.612000000000002,measured_linear,/odom,0.15734067410230757,0.5
8d722d33-c440-466d-9968-517118a74f9d,18.648,measured_linear,/odom,0.1597919315099683,0.5
8d722d33-c440-466d-9968-517118a74f9d,18.684,measured_linear,/odom,0.1601588442920754,0.5
8d722d33-c440-466d-9968-517118a74f9d,18.720000000000002,measured_linear,/odom,0.15617797593482918,0.5
8d722d33-c440-466d-9968-517118a74f9d,18.756,measured_linear,/odom,0.15552025884389864,0.5
8d722d33-c440-466d-9968-517118a74f9d,18.792,measured_linear,/odom,0.15359571889099644,0.5
8d722d33-c440-466d-9968-517118a74f9d,18.828,measured_linear,/odom,0.1556120306253428,0.5
8d722d33-c440-466d-9968-517118a74f9d,18.864,measured_linear,/odom,0.15561203062532614,0.5
8d722d33-c440-466d-9968-517118a74f9d,18.900000000000002,measured_linear,/odom,0.1552744156123398,0.5
8d722d33-c440-466d-9968-517118a74f9d,18.936,measured_linear,/odom,0.1514170616387045,0.5
8d722d33-c440-466d-9968-517118a74f9d,18.972,measured_linear,/odom,0.15271764412477576,0.5
8d722d33-c440-466d-9968-517118a74f9d,19.008000000000003,measured_linear,/odom,0.15287539958953378,0.5
8d722d33-c440-466d-9968-517118a74f9d,19.044,measured_linear,/odom,0.15329883992661442,0.5
8d722d33-c440-466d-9968-517118a74f9d,19.080000000000002,measured_linear,/odom,0.15519402444297833,0.5
8d722d33-c440-466d-9968-517118a74f9d,19.116,measured_linear,/odom,0.15415399521588546,0.5
8d722d33-c440-466d-9968-517118a74f9d,19.152,measured_linear,/odom,0.15415399521588546,0.5
8d722d33-c440-466d-9968-517118a74f9d,19.188000000000002,measured_linear,/odom,0.15188657641411643,0.5
8d722d33-c440-466d-9968-517118a74f9d,19.224,measured_linear,/odom,0.1554426418723387,0.5
8d722d33-c440-466d-9968-517118a74f9d,19.26,measured_linear,/odom,0.15553776025770016,0.5
8d722d33-c440-466d-9968-517118a74f9d,19.296000000000003,measured_linear,/odom,0.15826486219809313,0.5
8d722d33-c440-466d-9968-517118a74f9d,19.332,measured_linear,/odom,0.1553531617936388,0.5
8d722d33-c440-466d-9968-517118a74f9d,19.368000000000002,measured_linear,/odom,0.15878052413434432,0.5
8d722d33-c440-466d-9968-517118a74f9d,19.404,measured_linear,/odom,0.1587805241346374,0.5
8d722d33-c440-466d-9968-517118a74f9d,19.44,measured_linear,/odom,0.16177770708812103,0.5
8d722d33-c440-466d-9968-517118a74f9d,19.476000000000003,measured_linear,/odom,0.15338030537563777,0.5
8d722d33-c440-466d-9968-517118a74f9d,19.512,measured_linear,/odom,0.15274375677108432,0.5
8d722d33-c440-466d-9968-517118a74f9d,19.548000000000002,measured_linear,/odom,0.15236148834228302,0.5
8d722d33-c440-466d-9968-517118a74f9d,19.584,measured_linear,/odom,0.15459733754335847,0.5
8d722d33-c440-466d-9968-517118a74f9d,19.62,measured_linear,/odom,0.15365809232027794,0.5
8d722d33-c440-466d-9968-517118a74f9d,19.656000000000002,measured_linear,/odom,0.1534232810139624,0.5
8d722d33-c440-466d-9968-517118a74f9d,19.692,measured_linear,/odom,0.15079790453274566,0.5
8d722d33-c440-466d-9968-517118a74f9d,19.728,measured_linear,/odom,0.15553759932453337,0.5
8d722d33-c440-466d-9968-517118a74f9d,19.764000000000003,measured_linear,/odom,0.15553759932517286,0.5
8d722d33-c440-466d-9968-517118a74f9d,19.8,measured_linear,/odom,0.15681972742034866,0.5
8d722d33-c440-466d-9968-517118a74f9d,19.836000000000002,measured_linear,/odom,0.15487365871732717,0.5
8d722d33-c440-466d-9968-517118a74f9d,19.872,measured_linear,/odom,0.15323877319744053,0.5
8d722d33-c440-466d-9968-517118a74f9d,19.911,measured_linear,/odom,0.15305711925026944,0.5
8d722d33-c440-466d-9968-517118a74f9d,19.944000000000003,measured_linear,/odom,0.1545542344447015,0.5
8d722d33-c440-466d-9968-517118a74f9d,19.98,measured_linear,/odom,0.15662742108036307,0.5
8d722d33-c440-466d-9968-517118a74f9d,20.016000000000002,measured_linear,/odom,0.15409226874673942,0.5
8d722d33-c440-466d-9968-517118a74f9d,20.052,measured_linear,/odom,0.1540529966354498,0.5
8d722d33-c440-466d-9968-517118a74f9d,20.088,measured_linear,/odom,0.15582633912562538,0.5
8d722d33-c440-466d-9968-517118a74f9d,20.124000000000002,measured_linear,/odom,0.15484046638038154,0.5
8d722d33-c440-466d-9968-517118a74f9d,20.16,measured_linear,/odom,0.15484046638013174,0.5
8d722d33-c440-466d-9968-517118a74f9d,20.196,measured_linear,/odom,0.15687077790441206,0.5
8d722d33-c440-466d-9968-517118a74f9d,20.232000000000003,measured_linear,/odom,0.16066286166308788,0.5
8d722d33-c440-466d-9968-517118a74f9d,20.268,measured_linear,/odom,0.15970626175399905,0.5
8d722d33-c440-466d-9968-517118a74f9d,20.304000000000002,measured_linear,/odom,0.15970626175406566,0.5
8d722d33-c440-466d-9968-517118a74f9d,20.34,measured_linear,/odom,0.16063800752129323,0.5
8d722d33-c440-466d-9968-517118a74f9d,20.376,measured_linear,/odom,0.15856972932880686,0.5
8d722d33-c440-466d-9968-517118a74f9d,20.412000000000003,measured_linear,/odom,0.15856972932816737,0.5
8d722d33-c440-466d-9968-517118a74f9d,20.448,measured_linear,/odom,0.1588202476501377,0.5
8d722d33-c440-466d-9968-517118a74f9d,20.484,measured_linear,/odom,0.16218396653558398,0.5
8d722d33-c440-466d-9968-517118a74f9d,20.52,measured_linear,/odom,0.16547082592865636,0.5
8d722d33-c440-466d-9968-517118a74f9d,20.556,measured_linear,/odom,0.1659366041421884,0.5
8d722d33-c440-466d-9968-517118a74f9d,20.592000000000002,measured_linear,/odom,0.1669494169947272,0.5
8d722d33-c440-466d-9968-517118a74f9d,20.628,measured_linear,/odom,0.16418277472264545,0.5
8d722d33-c440-466d-9968-517118a74f9d,20.664,measured_linear,/odom,0.16418277472259546,0.5
8d722d33-c440-466d-9968-517118a74f9d,20.700000000000003,measured_linear,/odom,0.1655564412469812,0.5
8d722d33-c440-466d-9968-517118a74f9d,20.736,measured_linear,/odom,0.16200590729745,0.5
8d722d33-c440-466d-9968-517118a74f9d,20.772000000000002,measured_linear,/odom,0.16099154949217875,0.5
8d722d33-c440-466d-9968-517118a74f9d,20.811,measured_linear,/odom,0.1608788430690611,0.5
8d722d33-c440-466d-9968-517118a74f9d,20.844,measured_linear,/odom,0.16119659095994332,0.5
8d722d33-c440-466d-9968-517118a74f9d,20.880000000000003,measured_linear,/odom,0.16391032074714817,0.5
8d722d33-c440-466d-9968-517118a74f9d,20.916,measured_linear,/odom,0.1650652080774162,0.5
8d722d33-c440-466d-9968-517118a74f9d,20.952,measured_linear,/odom,0.1650652080774162,0.5
8d722d33-c440-466d-9968-517118a74f9d,20.988,measured_linear,/odom,0.16229038238527949,0.5
8d722d33-c440-466d-9968-517118a74f9d,21.024,measured_linear,/odom,0.162430071830727,0.5
8d722d33-c440-466d-9968-517118a74f9d,21.060000000000002,measured_linear,/odom,0.1624300718307703,0.5
8d722d33-c440-466d-9968-517118a74f9d,21.096,measured_linear,/odom,0.1647843942040017,0.5
8d722d33-c440-466d-9968-517118a74f9d,21.132,measured_linear,/odom,0.16668409421982336,0.5
8d722d33-c440-466d-9968-517118a74f9d,21.168000000000003,measured_linear,/odom,0.1633779108526601,0.5
8d722d33-c440-466d-9968-517118a74f9d,21.204,measured_linear,/odom,0.16337791085243691,0.5
8d722d33-c440-466d-9968-517118a74f9d,21.240000000000002,measured_linear,/odom,0.16438678622210603,0.5
8d722d33-c440-466d-9968-517118a74f9d,21.276,measured_linear,/odom,0.16624716371252848,0.5
8d722d33-c440-466d-9968-517118a74f9d,21.312,measured_linear,/odom,0.16624716371298812,0.5
8d722d33-c440-466d-9968-517118a74f9d,21.348000000000003,measured_linear,/odom,0.16485376954077371,0.5
8d722d33-c440-466d-9968-517118a74f9d,21.384,measured_linear,/odom,0.1662976965304153,0.5
8d722d33-c440-466d-9968-517118a74f9d,21.42,measured_linear,/odom,0.16980971207017473,0.5
8d722d33-c440-466d-9968-517118a74f9d,21.456000000000003,measured_linear,/odom,0.17092914730313158,0.5
8d722d33-c440-466d-9968-517118a74f9d,21.492,measured_linear,/odom,0.1703468571605216,0.5
8d722d33-c440-466d-9968-517118a74f9d,21.528000000000002,measured_linear,/odom,0.17228664010764064,0.5
8d722d33-c440-466d-9968-517118a74f9d,21.564,measured_linear,/odom,0.17228664010765726,0.5
8d722d33-c440-466d-9968-517118a74f9d,21.6,measured_linear,/odom,0.1707575342064349,0.5
8d722d33-c440-466d-9968-517118a74f9d,21.636000000000003,measured_linear,/odom,0.1714094504711261,0.5
8d722d33-c440-466d-9968-517118a74f9d,21.672,measured_linear,/odom,0.16774877349730044,0.5
8d722d33-c440-466d-9968-517118a74f9d,21.711000000000002,measured_linear,/odom,0.16717110425233495,0.5
8d722d33-c440-466d-9968-517118a74f9d,21.744,measured_linear,/odom,0.16618347466019978,0.5
8d722d33-c440-466d-9968-517118a74f9d,21.78,measured_linear,/odom,0.16829405128884314,0.5
8d722d33-c440-466d-9968-517118a74f9d,21.816000000000003,measured_linear,/odom,0.16980527490349395,0.5
8d722d33-c440-466d-9968-517118a74f9d,21.852,measured_linear,/odom,0.16980527490378042,0.5
8d722d33-c440-466d-9968-517118a74f9d,21.888,measured_linear,/odom,0.1692554891109621,0.5
8d722d33-c440-466d-9968-517118a74f9d,21.924000000000003,measured_linear,/odom,0.17035665661064625,0.5
8d722d33-c440-466d-9968-517118a74f9d,21.96,measured_linear,/odom,0.1703566566109527,0.5
8d722d33-c440-466d-9968-517118a74f9d,21.996000000000002,measured_linear,/odom,0.16923387050661542,0.5
8d722d33-c440-466d-9968-517118a74f9d,22.032,measured_linear,/odom,0.16803752213750855,0.5
8d722d33-c440-466d-9968-517118a74f9d,22.068,measured_linear,/odom,0.1669239386916066,0.5
8d722d33-c440-466d-9968-517118a74f9d,22.104000000000003,measured_linear,/odom,0.1669239386916066,0.5
8d722d33-c440-466d-9968-517118a74f9d,22.14,measured_linear,/odom,0.16395173649178865,0.5
8d722d33-c440-466d-9968-517118a74f9d,22.176000000000002,measured_linear,/odom,0.16340296268454238,0.5
8d722d33-c440-466d-9968-517118a74f9d,22.212,measured_linear,/odom,0.16340296268462895,0.5
8d722d33-c440-466d-9968-517118a74f9d,22.248,measured_linear,/odom,0.16699803471539987,0.5
8d722d33-c440-466d-9968-517118a74f9d,22.284000000000002,measured_linear,/odom,0.1689150094980918,0.5
8d722d33-c440-466d-9968-517118a74f9d,22.32,measured_linear,/odom,0.167547050714959,0.5
8d722d33-c440-466d-9968-517118a74f9d,22.356,measured_linear,/odom,0.16720506101847055,0.5
8d722d33-c440-466d-9968-517118a74f9d,22.392000000000003,measured_linear,/odom,0.166005188227053,0.5
8d722d33-c440-466d-9968-517118a74f9d,22.428,measured_linear,/odom,0.16433987170460518,0.5
8d722d33-c440-466d-9968-517118a74f9d,22.464000000000002,measured_linear,/odom,0.16433987170461184,0.5
8d722d33-c440-466d-9968-517118a74f9d,22.5,measured_linear,/odom,0.1661578193300728,0.5
8d722d33-c440-466d-9968-517118a74f9d,22.536,measured_linear,/odom,0.16958937664667162,0.5
8d722d33-c440-466d-9968-517118a74f9d,22.572000000000003,measured_linear,/odom,0.1677089957898792,0.5
8d722d33-c440-466d-9968-517118a74f9d,22.611,measured_linear,/odom,0.16749664396047528,0.5
8d722d33-c440-466d-9968-517118a74f9d,22.644000000000002,measured_linear,/odom,0.16718102842577467,0.5
8d722d33-c440-466d-9968-517118a74f9d,22.68,measured_linear,/odom,0.1677849224207584,0.5
8d722d33-c440-466d-9968-517118a74f9d,22.716,measured_linear,/odom,0.16129455894667963,0.5
8d722d33-c440-466d-9968-517118a74f9d,22.752000000000002,measured_linear,/odom,0.16064672470090471,0.5
8d722d33-c440-466d-9968-517118a74f9d,22.788,measured_linear,/odom,0.16213905215265112,0.5
8d722d33-c440-466d-9968-517118a74f9d,22.824,measured_linear,/odom,0.16045891642615606,0.5
8d722d33-c440-466d-9968-517118a74f9d,22.860000000000003,measured_linear,/odom,0.16045891642570312,0.5
8d722d33-c440-466d-9968-517118a74f9d,22.896,measured_linear,/odom,0.16061286181206172,0.5
8d722d33-c440-466d-9968-517118a74f9d,22.932000000000002,measured_linear,/odom,0.157003275555323,0.5
8d722d33-c440-466d-9968-517118a74f9d,22.968,measured_linear,/odom,0.15423471629620214,0.5
8d722d33-c440-466d-9968-517118a74f9d,23.004,measured_linear,/odom,0.1542347162962021,0.5
8d722d33-c440-466d-9968-517118a74f9d,23.040000000000003,measured_linear,/odom,0.15371711432952795,0.5
8d722d33-c440-466d-9968-517118a74f9d,23.076,measured_linear,/odom,0.15530992001249633,0.5
8d722d33-c440-466d-9968-517118a74f9d,23.112000000000002,measured_linear,/odom,0.15530992001295596,0.5
8d722d33-c440-466d-9968-517118a74f9d,23.148,measured_linear,/odom,0.15106549859087437,0.5
8d722d33-c440-466d-9968-517118a74f9d,23.184,measured_linear,/odom,0.15388973941250272,0.5
8d722d33-c440-466d-9968-517118a74f9d,23.220000000000002,measured_linear,/odom,0.1511787741897086,0.5
8d722d33-c440-466d-9968-517118a74f9d,23.256,measured_linear,/odom,0.1503967300057374,0.5
8d722d33-c440-466d-9968-517118a74f9d,23.292,measured_linear,/odom,0.15075420543539497,0.5
8d722d33-c440-466d-9968-517118a74f9d,23.328000000000003,measured_linear,/odom,0.14990097731352628,0.5
8d722d33-c440-466d-9968-517118a74f9d,23.364,measured_linear,/odom,0.1499009773135196,0.5
8d722d33-c440-466d-9968-517118a74f9d,23.400000000000002,measured_linear,/odom,0.149226873815278,0.5
8d722d33-c440-466d-9968-517118a74f9d,23.436,measured_linear,/odom,0.14903396666049454,0.5
8d722d33-c440-466d-9968-517118a74f9d,23.472,measured_linear,/odom,0.14919868513934453,0.5
8d722d33-c440-466d-9968-517118a74f9d,23.508000000000003,measured_linear,/odom,0.14921698719262413,0.5
8d722d33-c440-466d-9968-517118a74f9d,23.544,measured_linear,/odom,0.14795903116499923,0.5
8d722d33-c440-466d-9968-517118a74f9d,23.580000000000002,measured_linear,/odom,0.14997549444368596,0.5
8d722d33-c440-466d-9968-517118a74f9d,23.616000000000003,measured_linear,/odom,0.14968913644577866,0.5
8d722d33-c440-466d-9968-517118a74f9d,23.652,measured_linear,/odom,0.14968913644556547,0.5
8d722d33-c440-466d-9968-517118a74f9d,23.688000000000002,measured_linear,/odom,0.14936268478634052,0.5
8d722d33-c440-466d-9968-517118a74f9d,23.724,measured_linear,/odom,0.14770022481724657,0.5
8d722d33-c440-466d-9968-517118a74f9d,23.76,measured_linear,/odom,0.14770022481679357,0.5
8d722d33-c440-466d-9968-517118a74f9d,23.796000000000003,measured_linear,/odom,0.1452811941510812,0.5
8d722d33-c440-466d-9968-517118a74f9d,23.832,measured_linear,/odom,0.1434272271400361,0.5
8d722d33-c440-466d-9968-517118a74f9d,23.868000000000002,measured_linear,/odom,0.14247957319021065,0.5
8d722d33-c440-466d-9968-517118a74f9d,23.904,measured_linear,/odom,0.1424795731902173,0.5
8d722d33-c440-466d-9968-517118a74f9d,23.94,measured_linear,/odom,0.14230474680668737,0.5
8d722d33-c440-466d-9968-517118a74f9d,23.976000000000003,measured_linear,/odom,0.1427255585788556,0.5
8d722d33-c440-466d-9968-517118a74f9d,24.012,measured_linear,/odom,0.14272555857898883,0.5
8d722d33-c440-466d-9968-517118a74f9d,24.048000000000002,measured_linear,/odom,0.14372820854185786,0.5
8d722d33-c440-466d-9968-517118a74f9d,24.084000000000003,measured_linear,/odom,0.14081089640817224,0.5
8d722d33-c440-466d-9968-517118a74f9d,24.12,measured_linear,/odom,0.1406275132299495,0.5
8d722d33-c440-466d-9968-517118a74f9d,24.156000000000002,measured_linear,/odom,0.14058770388370334,0.5
8d722d33-c440-466d-9968-517118a74f9d,24.192,measured_linear,/odom,0.13750576178407134,0.5
8d722d33-c440-466d-9968-517118a74f9d,24.228,measured_linear,/odom,0.13614994883537349,0.5
8d722d33-c440-466d-9968-517118a74f9d,24.264000000000003,measured_linear,/odom,0.13614994883537349,0.5
8d722d33-c440-466d-9968-517118a74f9d,24.3,measured_linear,/odom,0.13530064746766657,0.5
8d722d33-c440-466d-9968-517118a74f9d,24.336000000000002,measured_linear,/odom,0.13516796529294606,0.5
8d722d33-c440-466d-9968-517118a74f9d,24.372,measured_linear,/odom,0.13724082067547938,0.5
8d722d33-c440-466d-9968-517118a74f9d,24.411,measured_linear,/odom,0.1374711379408922,0.5
8d722d33-c440-466d-9968-517118a74f9d,24.444000000000003,measured_linear,/odom,0.1375232934951676,0.5
8d722d33-c440-466d-9968-517118a74f9d,24.48,measured_linear,/odom,0.13918903112355888,0.5
8d722d33-c440-466d-9968-517118a74f9d,24.516000000000002,measured_linear,/odom,0.13584950978740684,0.5
8d722d33-c440-466d-9968-517118a74f9d,24.552000000000003,measured_linear,/odom,0.13573218137025167,0.5
8d722d33-c440-466d-9968-517118a74f9d,24.588,measured_linear,/odom,0.134458668530002,0.5
8d722d33-c440-466d-9968-517118a74f9d,24.624000000000002,measured_linear,/odom,0.1332465112212611,0.5
8d722d33-c440-466d-9968-517118a74f9d,24.66,measured_linear,/odom,0.133246511220928,0.5
8d722d33-c440-466d-9968-517118a74f9d,24.696,measured_linear,/odom,0.133334366977238,0.5
8d722d33-c440-466d-9968-517118a74f9d,24.732000000000003,measured_linear,/odom,0.1319525519017617,0.5
8d722d33-c440-466d-9968-517118a74f9d,24.768,measured_linear,/odom,0.12920733243230179,0.5
8d722d33-c440-466d-9968-517118a74f9d,24.804000000000002,measured_linear,/odom,0.12920733243230179,0.5
8d722d33-c440-466d-9968-517118a74f9d,24.84,measured_linear,/odom,0.13250958849789776,0.5
8d722d33-c440-466d-9968-517118a74f9d,24.876,measured_linear,/odom,0.13013754452442905,0.5
8d722d33-c440-466d-9968-517118a74f9d,24.912000000000003,measured_linear,/odom,0.13005959093571165,0.5
8d722d33-c440-466d-9968-517118a74f9d,24.948,measured_linear,/odom,0.12935172915457427,0.5
8d722d33-c440-466d-9968-517118a74f9d,24.984,measured_linear,/odom,0.13033691793655544,0.5
8d722d33-c440-466d-9968-517118a74f9d,25.020000000000003,measured_linear,/odom,0.13145109683236011,0.5
8d722d33-c440-466d-9968-517118a74f9d,25.056,measured_linear,/odom,0.13172964155671263,0.5
8d722d33-c440-466d-9968-517118a74f9d,25.092000000000002,measured_linear,/odom,0.13108041152379846,0.5
8d722d33-c440-466d-9968-517118a74f9d,25.128,measured_linear,/odom,0.13225448280574703,0.5
8d722d33-c440-466d-9968-517118a74f9d,25.164,measured_linear,/odom,0.13225448280574037,0.5
8d722d33-c440-466d-9968-517118a74f9d,25.200000000000003,measured_linear,/odom,0.13190753370534436,0.5
8d722d33-c440-466d-9968-517118a74f9d,25.236,measured_linear,/odom,0.12976288497509095,0.5
8d722d33-c440-466d-9968-517118a74f9d,25.272000000000002,measured_linear,/odom,0.12883777231008417,0.5
8d722d33-c440-466d-9968-517118a74f9d,25.311,measured_linear,/odom,0.12873498201371625,0.5
8d722d33-c440-466d-9968-517118a74f9d,25.344,measured_linear,/odom,0.1260994568474305,0.5
8d722d33-c440-466d-9968-517118a74f9d,25.380000000000003,measured_linear,/odom,0.12751525551031762,0.5
8d722d33-c440-466d-9968-517118a74f9d,25.416,measured_linear,/odom,0.12269086301714084,0.5
8d722d33-c440-466d-9968-517118a74f9d,25.452,measured_linear,/odom,0.12240877747534241,0.5
8d722d33-c440-466d-9968-517118a74f9d,25.488000000000003,measured_linear,/odom,0.12305375486609817,0.5
8d722d33-c440-466d-9968-517118a74f9d,25.524,measured_linear,/odom,0.12187558114564068,0.5
8d722d33-c440-466d-9968-517118a74f9d,25.560000000000002,measured_linear,/odom,0.12187558114532093,0.5
8d722d33-c440-466d-9968-517118a74f9d,25.596,measured_linear,/odom,0.12108395397683715,0.5
8d722d33-c440-466d-9968-517118a74f9d,25.632,measured_linear,/odom,0.1208561217785631,0.5
8d722d33-c440-466d-9968-517118a74f9d,25.668000000000003,measured_linear,/odom,0.1200189962983078,0.5
8d722d33-c440-466d-9968-517118a74f9d,25.704,measured_linear,/odom,0.12001899629830115,0.5
8d722d33-c440-466d-9968-517118a74f9d,25.740000000000002,measured_linear,/odom,0.1195403078199919,0.5
8d722d33-c440-466d-9968-517118a74f9d,25.776000000000003,measured_linear,/odom,0.11775153726386156,0.5
8d722d33-c440-466d-9968-517118a74f9d,25.812,measured_linear,/odom,0.11775153726344191,0.5
8d722d33-c440-466d-9968-517118a74f9d,25.848000000000003,measured_linear,/odom,0.11774732619528773,0.5
8d722d33-c440-466d-9968-517118a74f9d,25.884,measured_linear,/odom,0.11864708662006063,0.5
8d722d33-c440-466d-9968-517118a74f9d,25.92,measured_linear,/odom,0.12164792140141768,0.5
8d722d33-c440-466d-9968-517118a74f9d,25.956000000000003,measured_linear,/odom,0.12254827916626132,0.5
8d722d33-c440-466d-9968-517118a74f9d,25.992,measured_linear,/odom,0.12174047425414614,0.5
8d722d33-c440-466d-9968-517118a74f9d,26.028000000000002,measured_linear,/odom,0.11863115429889823,0.5
8d722d33-c440-466d-9968-517118a74f9d,26.064,measured_linear,/odom,0.11863115429881167,0.5
8d722d33-c440-466d-9968-517118a74f9d,26.1,measured_linear,/odom,0.11831354588281107,0.5
8d722d33-c440-466d-9968-517118a74f9d,26.136000000000003,measured_linear,/odom,0.11791240274915406,0.5
8d722d33-c440-466d-9968-517118a74f9d,26.172,measured_linear,/odom,0.11576347053114278,0.5
8d722d33-c440-466d-9968-517118a74f9d,26.211000000000002,measured_linear,/odom,0.11552470028397543,0.5
8d722d33-c440-466d-9968-517118a74f9d,26.244000000000003,measured_linear,/odom,0.11679880320994541,0.5
8d722d33-c440-466d-9968-517118a74f9d,26.28,measured_linear,/odom,0.11710636675348553,0.5
8d722d33-c440-466d-9968-517118a74f9d,26.316000000000003,measured_linear,/odom,0.11388672888296147,0.5
8d722d33-c440-466d-9968-517118a74f9d,26.352,measured_linear,/odom,0.1138867288828016,0.5
8d722d33-c440-466d-9968-517118a74f9d,26.388,measured_linear,/odom,0.11018055975464902,0.5
8d722d33-c440-466d-9968-517118a74f9d,26.424000000000003,measured_linear,/odom,0.10968028754010817,0.5
8d722d33-c440-466d-9968-517118a74f9d,26.46,measured_linear,/odom,0.10968028753998826,0.5
8d722d33-c440-466d-9968-517118a74f9d,26.496000000000002,measured_linear,/odom,0.10821838974991227,0.5
8d722d33-c440-466d-9968-517118a74f9d,26.532,measured_linear,/odom,0.10687243446747763,0.5
8d722d33-c440-466d-9968-517118a74f9d,26.568,measured_linear,/odom,0.10708115324375989,0.5
8d722d33-c440-466d-9968-517118a74f9d,26.604000000000003,measured_linear,/odom,0.10708115324375989,0.5
8d722d33-c440-466d-9968-517118a74f9d,26.64,measured_linear,/odom,0.10500025257539569,0.5
8d722d33-c440-466d-9968-517118a74f9d,26.676000000000002,measured_linear,/odom,0.10583575665913392,0.5
8d722d33-c440-466d-9968-517118a74f9d,26.712000000000003,measured_linear,/odom,0.10583575665950029,0.5
8d722d33-c440-466d-9968-517118a74f9d,26.748,measured_linear,/odom,0.10473515242339859,0.5
8d722d33-c440-466d-9968-517118a74f9d,26.784000000000002,measured_linear,/odom,0.103465092927566,0.5
8d722d33-c440-466d-9968-517118a74f9d,26.82,measured_linear,/odom,0.1042055415359866,0.5
8d722d33-c440-466d-9968-517118a74f9d,26.856,measured_linear,/odom,0.10428781360387163,0.5
8d722d33-c440-466d-9968-517118a74f9d,26.892000000000003,measured_linear,/odom,0.1026506166910246,0.5
8d722d33-c440-466d-9968-517118a74f9d,26.928,measured_linear,/odom,0.10052545219657594,0.5
8d722d33-c440-466d-9968-517118a74f9d,26.964000000000002,measured_linear,/odom,0.10052545219657594,0.5
8d722d33-c440-466d-9968-517118a74f9d,27.0,measured_linear,/odom,0.0994102916125672,0.5
8d722d33-c440-466d-9968-517118a74f9d,27.036,measured_linear,/odom,0.09755773544354529,0.5
8d722d33-c440-466d-9968-517118a74f9d,27.072000000000003,measured_linear,/odom,0.09678656280068143,0.5
8d722d33-c440-466d-9968-517118a74f9d,27.108,measured_linear,/odom,0.09670087695127227,0.5
8d722d33-c440-466d-9968-517118a74f9d,27.144000000000002,measured_linear,/odom,0.09604186490196787,0.5
8d722d33-c440-466d-9968-517118a74f9d,27.180000000000003,measured_linear,/odom,0.09651164844616034,0.5
8d722d33-c440-466d-9968-517118a74f9d,27.216,measured_linear,/odom,0.09593955203909932,0.5
8d722d33-c440-466d-9968-517118a74f9d,27.252000000000002,measured_linear,/odom,0.09593955203892612,0.5
8d722d33-c440-466d-9968-517118a74f9d,27.288,measured_linear,/odom,0.09309839531787656,0.5
8d722d33-c440-466d-9968-517118a74f9d,27.324,measured_linear,/odom,0.09306742921476818,0.5
8d722d33-c440-466d-9968-517118a74f9d,27.360000000000003,measured_linear,/odom,0.09306742921475486,0.5
8d722d33-c440-466d-9968-517118a74f9d,27.396,measured_linear,/odom,0.08965657117645744,0.5
8d722d33-c440-466d-9968-517118a74f9d,27.432000000000002,measured_linear,/odom,0.09011934019607537,0.5
8d722d33-c440-466d-9968-517118a74f9d,27.468,measured_linear,/odom,0.09074688255787056,0.5
8d722d33-c440-466d-9968-517118a74f9d,27.504,measured_linear,/odom,0.09074688255787722,0.5
8d722d33-c440-466d-9968-517118a74f9d,27.540000000000003,measured_linear,/odom,0.09138196527934239,0.5
8d722d33-c440-466d-9968-517118a74f9d,27.576,measured_linear,/odom,0.08968231380035663,0.5
8d722d33-c440-466d-9968-517118a74f9d,27.612000000000002,measured_linear,/odom,0.0896823137998437,0.5
8d722d33-c440-466d-9968-517118a74f9d,27.648000000000003,measured_linear,/odom,0.09023691415786184,0.5
8d722d33-c440-466d-9968-517118a74f9d,27.684,measured_linear,/odom,0.0924071967595741,0.5
8d722d33-c440-466d-9968-517118a74f9d,27.720000000000002,measured_linear,/odom,0.09130068898238974,0.5
8d722d33-c440-466d-9968-517118a74f9d,27.756,measured_linear,/odom,0.09102406203748581,0.5
8d722d33-c440-466d-9968-517118a74f9d,27.792,measured_linear,/odom,0.09120320409529371,0.5
8d722d33-c440-466d-9968-517118a74f9d,27.828000000000003,measured_linear,/odom,0.09249447584154247,0.5
8d722d33-c440-466d-9968-517118a74f9d,27.864,measured_linear,/odom,0.09249447584154913,0.5
8d722d33-c440-466d-9968-517118a74f9d,27.900000000000002,measured_linear,/odom,0.09181733071826237,0.5
8d722d33-c440-466d-9968-517118a74f9d,27.936000000000003,measured_linear,/odom,0.08937192857332966,0.5
8d722d33-c440-466d-9968-517118a74f9d,27.972,measured_linear,/odom,0.08686217675763831,0.5
8d722d33-c440-466d-9968-517118a74f9d,28.011000000000003,measured_linear,/odom,0.08657223880291998,0.5
8d722d33-c440-466d-9968-517118a74f9d,28.044,measured_linear,/odom,0.08688117563714794,0.5
8d722d33-c440-466d-9968-517118a74f9d,28.080000000000002,measured_linear,/odom,0.08462475041704387,0.5
8d722d33-c440-466d-9968-517118a74f9d,28.116000000000003,measured_linear,/odom,0.08210690394098387,0.5
8d722d33-c440-466d-9968-517118a74f9d,28.152,measured_linear,/odom,0.08210690394045761,0.5
8d722d33-c440-466d-9968-517118a74f9d,28.188000000000002,measured_linear,/odom,0.07991609573362313,0.5
8d722d33-c440-466d-9968-517118a74f9d,28.224,measured_linear,/odom,0.08303324987326555,0.5
8d722d33-c440-466d-9968-517118a74f9d,28.26,measured_linear,/odom,0.08307960033417494,0.5
8d722d33-c440-466d-9968-517118a74f9d,28.296000000000003,measured_linear,/odom,0.07977766143946852,0.5
8d722d33-c440-466d-9968-517118a74f9d,28.332,measured_linear,/odom,0.079455982893748,0.5
8d722d33-c440-466d-9968-517118a74f9d,28.368000000000002,measured_linear,/odom,0.07836870253088436,0.5
8d722d33-c440-466d-9968-517118a74f9d,28.404000000000003,measured_linear,/odom,0.07836870253088436,0.5
8d722d33-c440-466d-9968-517118a74f9d,28.44,measured_linear,/odom,0.07522570463712519,0.5
8d722d33-c440-466d-9968-517118a74f9d,28.476000000000003,measured_linear,/odom,0.07489806488138573,0.5
8d722d33-c440-466d-9968-517118a74f9d,28.512,measured_linear,/odom,0.07489806488156558,0.5
8d722d33-c440-466d-9968-517118a74f9d,28.548000000000002,measured_linear,/odom,0.0736092433333413,0.5
8d722d33-c440-466d-9968-517118a74f9d,28.584000000000003,measured_linear,/odom,0.07396552115667143,0.5
8d722d33-c440-466d-9968-517118a74f9d,28.62,measured_linear,/odom,0.06918040827311289,0.5
8d722d33-c440-466d-9968-517118a74f9d,28.656000000000002,measured_linear,/odom,0.06828678846361624,0.5
8d722d33-c440-466d-9968-517118a74f9d,28.692,measured_linear,/odom,0.06738643124722055,0.5
8d722d33-c440-466d-9968-517118a74f9d,28.728,measured_linear,/odom,0.06928380578759663,0.5
8d722d33-c440-466d-9968-517118a74f9d,28.764000000000003,measured_linear,/odom,0.06928380578759663,0.5
8d722d33-c440-466d-9968-517118a74f9d,28.8,measured_linear,/odom,0.07167605270782083,0.5
8d722d33-c440-466d-9968-517118a74f9d,28.836000000000002,measured_linear,/odom,0.07102333232796854,0.5
8d722d33-c440-466d-9968-517118a74f9d,28.872000000000003,measured_linear,/odom,0.07257238246450416,0.5
8d722d33-c440-466d-9968-517118a74f9d,28.908,measured_linear,/odom,0.07274449914691063,0.5
8d722d33-c440-466d-9968-517118a74f9d,28.944000000000003,measured_linear,/odom,0.05789449915428069,0.5
8d722d33-c440-466d-9968-517118a74f9d,28.98,measured_linear,/odom,0.025494499154308244,0.5
8d722d33-c440-466d-9968-517118a74f9d,29.016000000000002,measured_linear,/odom,0.0007788998315527706,0.5
8d722d33-c440-466d-9968-517118a74f9d,29.052000000000003,measured_linear,/odom,0.0,0.5
8d722d33-c440-466d-9968-517118a74f9d,29.088,measured_linear,/odom,0.0,0.5
8d722d33-c440-466d-9968-517118a74f9d,29.124000000000002,measured_linear,/odom,0.0,0.5
8d722d33-c440-466d-9968-517118a74f9d,29.16,measured_linear,/odom,0.0,0.5
8d722d33-c440-466d-9968-517118a74f9d,29.196,measured_linear,/odom,0.0,0.5
8d722d33-c440-466d-9968-517118a74f9d,29.232000000000003,measured_linear,/odom,0.0,0.5
8d722d33-c440-466d-9968-517118a74f9d,29.268,measured_linear,/odom,0.0,0.5
8d722d33-c440-466d-9968-517118a74f9d,29.304000000000002,measured_linear,/odom,0.0,0.5
8d722d33-c440-466d-9968-517118a74f9d,29.340000000000003,measured_linear,/odom,0.0,0.5
8d722d33-c440-466d-9968-517118a74f9d,29.376,measured_linear,/odom,0.0,0.5
8d722d33-c440-466d-9968-517118a74f9d,29.412000000000003,measured_linear,/odom,0.0,0.5
8d722d33-c440-466d-9968-517118a74f9d,29.448,measured_linear,/odom,0.0,0.5
8d722d33-c440-466d-9968-517118a74f9d,29.484,measured_linear,/odom,0.0,0.5
8d722d33-c440-466d-9968-517118a74f9d,29.520000000000003,measured_linear,/odom,0.0,0.5
8d722d33-c440-466d-9968-517118a74f9d,29.556,measured_linear,/odom,0.0,0.5
8d722d33-c440-466d-9968-517118a74f9d,29.592000000000002,measured_linear,/odom,0.0,0.5
8d722d33-c440-466d-9968-517118a74f9d,29.628,measured_linear,/odom,0.0,0.5
8d722d33-c440-466d-9968-517118a74f9d,29.664,measured_linear,/odom,0.0,0.5
8d722d33-c440-466d-9968-517118a74f9d,9.411000000000001,minimum_front_range,/scan,0.930754542350769,0.5
8d722d33-c440-466d-9968-517118a74f9d,9.51,minimum_front_range,/scan,0.9247369766235352,0.5
8d722d33-c440-466d-9968-517118a74f9d,9.612,minimum_front_range,/scan,0.9087626934051514,0.5
8d722d33-c440-466d-9968-517118a74f9d,9.711,minimum_front_range,/scan,0.9284772276878357,0.5
8d722d33-c440-466d-9968-517118a74f9d,9.81,minimum_front_range,/scan,0.9320869445800781,0.5
8d722d33-c440-466d-9968-517118a74f9d,9.909,minimum_front_range,/scan,0.9296746850013733,0.5
8d722d33-c440-466d-9968-517118a74f9d,10.011000000000001,minimum_front_range,/scan,0.9347058534622192,0.5
8d722d33-c440-466d-9968-517118a74f9d,10.113000000000001,minimum_front_range,/scan,0.922588586807251,0.5
8d722d33-c440-466d-9968-517118a74f9d,10.209000000000001,minimum_front_range,/scan,0.9238101243972778,0.5
8d722d33-c440-466d-9968-517118a74f9d,10.311,minimum_front_range,/scan,0.9256513714790344,0.5
8d722d33-c440-466d-9968-517118a74f9d,10.41,minimum_front_range,/scan,0.9273707866668701,0.5
8d722d33-c440-466d-9968-517118a74f9d,10.509,minimum_front_range,/scan,0.9143368005752563,0.5
8d722d33-c440-466d-9968-517118a74f9d,10.611,minimum_front_range,/scan,0.9248838424682617,0.5
8d722d33-c440-466d-9968-517118a74f9d,10.713000000000001,minimum_front_range,/scan,0.9307801723480225,0.5
8d722d33-c440-466d-9968-517118a74f9d,10.812000000000001,minimum_front_range,/scan,0.9268971085548401,0.5
8d722d33-c440-466d-9968-517118a74f9d,10.911000000000001,minimum_front_range,/scan,0.9351379871368408,0.5
8d722d33-c440-466d-9968-517118a74f9d,11.010000000000002,minimum_front_range,/scan,0.9308896064758301,0.5
8d722d33-c440-466d-9968-517118a74f9d,11.109,minimum_front_range,/scan,0.9110067486763,0.5
8d722d33-c440-466d-9968-517118a74f9d,11.211,minimum_front_range,/scan,0.912187397480011,0.5
8d722d33-c440-466d-9968-517118a74f9d,11.31,minimum_front_range,/scan,0.9029965996742249,0.5
8d722d33-c440-466d-9968-517118a74f9d,11.409,minimum_front_range,/scan,0.8913280367851257,0.5
8d722d33-c440-466d-9968-517118a74f9d,11.514000000000001,minimum_front_range,/scan,0.8947263956069946,0.5
8d722d33-c440-466d-9968-517118a74f9d,11.610000000000001,minimum_front_range,/scan,0.8673862218856812,0.5
8d722d33-c440-466d-9968-517118a74f9d,11.709000000000001,minimum_front_range,/scan,0.8554093241691589,0.5
8d722d33-c440-466d-9968-517118a74f9d,11.811,minimum_front_range,/scan,0.8616219758987427,0.5
8d722d33-c440-466d-9968-517118a74f9d,11.91,minimum_front_range,/scan,0.8550701141357422,0.5
8d722d33-c440-466d-9968-517118a74f9d,12.009,minimum_front_range,/scan,0.8446069955825806,0.5
8d722d33-c440-466d-9968-517118a74f9d,12.111,minimum_front_range,/scan,0.835066556930542,0.5
8d722d33-c440-466d-9968-517118a74f9d,12.21,minimum_front_range,/scan,0.8335481286048889,0.5
8d722d33-c440-466d-9968-517118a74f9d,12.309000000000001,minimum_front_range,/scan,0.8319364190101624,0.5
8d722d33-c440-466d-9968-517118a74f9d,12.411000000000001,minimum_front_range,/scan,0.8140133023262024,0.5
8d722d33-c440-466d-9968-517118a74f9d,12.510000000000002,minimum_front_range,/scan,0.801557183265686,0.5
8d722d33-c440-466d-9968-517118a74f9d,12.609,minimum_front_range,/scan,0.8021383285522461,0.5
8d722d33-c440-466d-9968-517118a74f9d,12.714,minimum_front_range,/scan,0.8216720223426819,0.5
8d722d33-c440-466d-9968-517118a74f9d,12.81,minimum_front_range,/scan,0.8267155289649963,0.5
8d722d33-c440-466d-9968-517118a74f9d,12.909,minimum_front_range,/scan,1.7306748628616333,0.5
8d722d33-c440-466d-9968-517118a74f9d,13.011000000000001,minimum_front_range,/scan,1.7218738794326782,0.5
8d722d33-c440-466d-9968-517118a74f9d,13.110000000000001,minimum_front_range,/scan,1.6869487762451172,0.5
8d722d33-c440-466d-9968-517118a74f9d,13.209000000000001,minimum_front_range,/scan,1.6918140649795532,0.5
8d722d33-c440-466d-9968-517118a74f9d,13.311,minimum_front_range,/scan,1.677513837814331,0.5
8d722d33-c440-466d-9968-517118a74f9d,13.41,minimum_front_range,/scan,1.6524162292480469,0.5
8d722d33-c440-466d-9968-517118a74f9d,13.509,minimum_front_range,/scan,1.644855260848999,0.5
8d722d33-c440-466d-9968-517118a74f9d,13.611,minimum_front_range,/scan,1.6347051858901978,0.5
8d722d33-c440-466d-9968-517118a74f9d,13.71,minimum_front_range,/scan,1.5994077920913696,0.5
8d722d33-c440-466d-9968-517118a74f9d,13.809000000000001,minimum_front_range,/scan,1.5902645587921143,0.5
8d722d33-c440-466d-9968-517118a74f9d,13.911000000000001,minimum_front_range,/scan,1.5630183219909668,0.5
8d722d33-c440-466d-9968-517118a74f9d,14.010000000000002,minimum_front_range,/scan,1.5582352876663208,0.5
8d722d33-c440-466d-9968-517118a74f9d,14.109000000000002,minimum_front_range,/scan,1.5415267944335938,0.5
8d722d33-c440-466d-9968-517118a74f9d,14.211,minimum_front_range,/scan,1.5227798223495483,0.5
8d722d33-c440-466d-9968-517118a74f9d,14.31,minimum_front_range,/scan,1.5135648250579834,0.5
8d722d33-c440-466d-9968-517118a74f9d,14.409,minimum_front_range,/scan,1.4909005165100098,0.5
8d722d33-c440-466d-9968-517118a74f9d,14.511000000000001,minimum_front_range,/scan,1.4864284992218018,0.5
8d722d33-c440-466d-9968-517118a74f9d,14.610000000000001,minimum_front_range,/scan,1.4595344066619873,0.5
8d722d33-c440-466d-9968-517118a74f9d,14.709000000000001,minimum_front_range,/scan,1.448251724243164,0.5
8d722d33-c440-466d-9968-517118a74f9d,14.811000000000002,minimum_front_range,/scan,1.4309650659561157,0.5
8d722d33-c440-466d-9968-517118a74f9d,14.91,minimum_front_range,/scan,1.4111164808273315,0.5
8d722d33-c440-466d-9968-517118a74f9d,15.009,minimum_front_range,/scan,1.3947237730026245,0.5
8d722d33-c440-466d-9968-517118a74f9d,15.111,minimum_front_range,/scan,1.3797037601470947,0.5
8d722d33-c440-466d-9968-517118a74f9d,15.21,minimum_front_range,/scan,1.362131118774414,0.5
8d722d33-c440-466d-9968-517118a74f9d,15.309000000000001,minimum_front_range,/scan,1.3504396677017212,0.5
8d722d33-c440-466d-9968-517118a74f9d,15.411000000000001,minimum_front_range,/scan,1.3232669830322266,0.5
8d722d33-c440-466d-9968-517118a74f9d,15.510000000000002,minimum_front_range,/scan,1.2998863458633423,0.5
8d722d33-c440-466d-9968-517118a74f9d,15.609000000000002,minimum_front_range,/scan,1.2914793491363525,0.5
8d722d33-c440-466d-9968-517118a74f9d,15.711,minimum_front_range,/scan,1.2828683853149414,0.5
8d722d33-c440-466d-9968-517118a74f9d,15.81,minimum_front_range,/scan,1.2618408203125,0.5
8d722d33-c440-466d-9968-517118a74f9d,15.909,minimum_front_range,/scan,1.2510874271392822,0.5
8d722d33-c440-466d-9968-517118a74f9d,16.011,minimum_front_range,/scan,1.2276321649551392,0.5
8d722d33-c440-466d-9968-517118a74f9d,16.11,minimum_front_range,/scan,1.2066776752471924,0.5
8d722d33-c440-466d-9968-517118a74f9d,16.209,minimum_front_range,/scan,1.2012968063354492,0.5
8d722d33-c440-466d-9968-517118a74f9d,16.311,minimum_front_range,/scan,1.1866090297698975,0.5
8d722d33-c440-466d-9968-517118a74f9d,16.41,minimum_front_range,/scan,1.1661666631698608,0.5
8d722d33-c440-466d-9968-517118a74f9d,16.509,minimum_front_range,/scan,1.1498268842697144,0.5
8d722d33-c440-466d-9968-517118a74f9d,16.611,minimum_front_range,/scan,1.131442666053772,0.5
8d722d33-c440-466d-9968-517118a74f9d,16.71,minimum_front_range,/scan,1.1188279390335083,0.5
8d722d33-c440-466d-9968-517118a74f9d,16.809,minimum_front_range,/scan,1.1147637367248535,0.5
8d722d33-c440-466d-9968-517118a74f9d,16.911,minimum_front_range,/scan,1.0724273920059204,0.5
8d722d33-c440-466d-9968-517118a74f9d,17.01,minimum_front_range,/scan,1.0628772974014282,0.5
8d722d33-c440-466d-9968-517118a74f9d,17.109,minimum_front_range,/scan,1.0448403358459473,0.5
8d722d33-c440-466d-9968-517118a74f9d,17.211000000000002,minimum_front_range,/scan,1.0386230945587158,0.5
8d722d33-c440-466d-9968-517118a74f9d,17.310000000000002,minimum_front_range,/scan,1.0309869050979614,0.5
8d722d33-c440-466d-9968-517118a74f9d,17.409000000000002,minimum_front_range,/scan,1.0257527828216553,0.5
8d722d33-c440-466d-9968-517118a74f9d,17.511000000000003,minimum_front_range,/scan,1.0126322507858276,0.5
8d722d33-c440-466d-9968-517118a74f9d,17.61,minimum_front_range,/scan,0.9785814881324768,0.5
8d722d33-c440-466d-9968-517118a74f9d,17.709,minimum_front_range,/scan,0.9799954891204834,0.5
8d722d33-c440-466d-9968-517118a74f9d,17.811,minimum_front_range,/scan,0.9832281470298767,0.5
8d722d33-c440-466d-9968-517118a74f9d,17.91,minimum_front_range,/scan,0.9767171740531921,0.5
8d722d33-c440-466d-9968-517118a74f9d,18.009,minimum_front_range,/scan,0.9489979147911072,0.5
8d722d33-c440-466d-9968-517118a74f9d,18.111,minimum_front_range,/scan,0.9420447945594788,0.5
8d722d33-c440-466d-9968-517118a74f9d,18.21,minimum_front_range,/scan,0.9499014019966125,0.5
8d722d33-c440-466d-9968-517118a74f9d,18.309,minimum_front_range,/scan,0.93707275390625,0.5
8d722d33-c440-466d-9968-517118a74f9d,18.411,minimum_front_range,/scan,0.9333183765411377,0.5
8d722d33-c440-466d-9968-517118a74f9d,18.51,minimum_front_range,/scan,0.8976647853851318,0.5
8d722d33-c440-466d-9968-517118a74f9d,18.609,minimum_front_range,/scan,0.9299600124359131,0.5
8d722d33-c440-466d-9968-517118a74f9d,18.711000000000002,minimum_front_range,/scan,0.9225890636444092,0.5
8d722d33-c440-466d-9968-517118a74f9d,18.810000000000002,minimum_front_range,/scan,0.897563099861145,0.5
8d722d33-c440-466d-9968-517118a74f9d,18.909000000000002,minimum_front_range,/scan,0.8771845698356628,0.5
8d722d33-c440-466d-9968-517118a74f9d,19.011000000000003,minimum_front_range,/scan,0.8994076251983643,0.5
8d722d33-c440-466d-9968-517118a74f9d,19.11,minimum_front_range,/scan,1.7644875049591064,0.5
8d722d33-c440-466d-9968-517118a74f9d,19.209,minimum_front_range,/scan,1.7617939710617065,0.5
8d722d33-c440-466d-9968-517118a74f9d,19.311,minimum_front_range,/scan,1.7219866514205933,0.5
8d722d33-c440-466d-9968-517118a74f9d,19.41,minimum_front_range,/scan,1.7220234870910645,0.5
8d722d33-c440-466d-9968-517118a74f9d,19.509,minimum_front_range,/scan,1.7022243738174438,0.5
8d722d33-c440-466d-9968-517118a74f9d,19.611,minimum_front_range,/scan,1.6999768018722534,0.5
8d722d33-c440-466d-9968-517118a74f9d,19.71,minimum_front_range,/scan,1.6735574007034302,0.5
8d722d33-c440-466d-9968-517118a74f9d,19.809,minimum_front_range,/scan,1.6527843475341797,0.5
8d722d33-c440-466d-9968-517118a74f9d,19.911,minimum_front_range,/scan,1.6400352716445923,0.5
8d722d33-c440-466d-9968-517118a74f9d,20.01,minimum_front_range,/scan,1.6229497194290161,0.5
8d722d33-c440-466d-9968-517118a74f9d,20.109,minimum_front_range,/scan,1.6007157564163208,0.5
8d722d33-c440-466d-9968-517118a74f9d,20.211000000000002,minimum_front_range,/scan,1.59182608127594,0.5
8d722d33-c440-466d-9968-517118a74f9d,20.310000000000002,minimum_front_range,/scan,1.5714190006256104,0.5
8d722d33-c440-466d-9968-517118a74f9d,20.409000000000002,minimum_front_range,/scan,1.5606719255447388,0.5
8d722d33-c440-466d-9968-517118a74f9d,20.511000000000003,minimum_front_range,/scan,1.5482807159423828,0.5
8d722d33-c440-466d-9968-517118a74f9d,20.610000000000003,minimum_front_range,/scan,1.5155301094055176,0.5
8d722d33-c440-466d-9968-517118a74f9d,20.709,minimum_front_range,/scan,1.498363733291626,0.5
8d722d33-c440-466d-9968-517118a74f9d,20.811,minimum_front_range,/scan,1.4901100397109985,0.5
8d722d33-c440-466d-9968-517118a74f9d,20.91,minimum_front_range,/scan,1.4618009328842163,0.5
8d722d33-c440-466d-9968-517118a74f9d,21.009,minimum_front_range,/scan,1.4357335567474365,0.5
8d722d33-c440-466d-9968-517118a74f9d,21.111,minimum_front_range,/scan,1.4286762475967407,0.5
8d722d33-c440-466d-9968-517118a74f9d,21.21,minimum_front_range,/scan,1.415417194366455,0.5
8d722d33-c440-466d-9968-517118a74f9d,21.309,minimum_front_range,/scan,1.3963673114776611,0.5
8d722d33-c440-466d-9968-517118a74f9d,21.411,minimum_front_range,/scan,1.3895072937011719,0.5
8d722d33-c440-466d-9968-517118a74f9d,21.51,minimum_front_range,/scan,1.3509305715560913,0.5
8d722d33-c440-466d-9968-517118a74f9d,21.609,minimum_front_range,/scan,1.3504409790039062,0.5
8d722d33-c440-466d-9968-517118a74f9d,21.711000000000002,minimum_front_range,/scan,1.3313062191009521,0.5
8d722d33-c440-466d-9968-517118a74f9d,21.810000000000002,minimum_front_range,/scan,1.3126193284988403,0.5
8d722d33-c440-466d-9968-517118a74f9d,21.912000000000003,minimum_front_range,/scan,1.2971909046173096,0.5
8d722d33-c440-466d-9968-517118a74f9d,22.011000000000003,minimum_front_range,/scan,1.2853604555130005,0.5
8d722d33-c440-466d-9968-517118a74f9d,22.110000000000003,minimum_front_range,/scan,1.2482681274414062,0.5
8d722d33-c440-466d-9968-517118a74f9d,22.209,minimum_front_range,/scan,1.250475287437439,0.5
8d722d33-c440-466d-9968-517118a74f9d,22.311,minimum_front_range,/scan,1.2209107875823975,0.5
8d722d33-c440-466d-9968-517118a74f9d,22.41,minimum_front_range,/scan,1.2051286697387695,0.5
8d722d33-c440-466d-9968-517118a74f9d,22.509,minimum_front_range,/scan,1.1990984678268433,0.5
8d722d33-c440-466d-9968-517118a74f9d,22.611,minimum_front_range,/scan,1.173848032951355,0.5
8d722d33-c440-466d-9968-517118a74f9d,22.71,minimum_front_range,/scan,1.1525169610977173,0.5
8d722d33-c440-466d-9968-517118a74f9d,22.809,minimum_front_range,/scan,1.1277040243148804,0.5
8d722d33-c440-466d-9968-517118a74f9d,22.911,minimum_front_range,/scan,1.1312718391418457,0.5
8d722d33-c440-466d-9968-517118a74f9d,23.01,minimum_front_range,/scan,1.1089056730270386,0.5
8d722d33-c440-466d-9968-517118a74f9d,23.106,minimum_front_range,/scan,1.0880306959152222,0.5
8d722d33-c440-466d-9968-517118a74f9d,23.211000000000002,minimum_front_range,/scan,1.0747987031936646,0.5
8d722d33-c440-466d-9968-517118a74f9d,23.310000000000002,minimum_front_range,/scan,1.0548731088638306,0.5
8d722d33-c440-466d-9968-517118a74f9d,23.409000000000002,minimum_front_range,/scan,1.0361961126327515,0.5
8d722d33-c440-466d-9968-517118a74f9d,23.514000000000003,minimum_front_range,/scan,1.0296682119369507,0.5
8d722d33-c440-466d-9968-517118a74f9d,23.610000000000003,minimum_front_range,/scan,1.021647334098816,0.5
8d722d33-c440-466d-9968-517118a74f9d,23.709000000000003,minimum_front_range,/scan,1.0080233812332153,0.5
8d722d33-c440-466d-9968-517118a74f9d,23.811,minimum_front_range,/scan,1.0025826692581177,0.5
8d722d33-c440-466d-9968-517118a74f9d,23.91,minimum_front_range,/scan,0.9791421890258789,0.5
8d722d33-c440-466d-9968-517118a74f9d,24.009,minimum_front_range,/scan,0.9603649377822876,0.5
8d722d33-c440-466d-9968-517118a74f9d,24.111,minimum_front_range,/scan,0.9416074752807617,0.5
8d722d33-c440-466d-9968-517118a74f9d,24.21,minimum_front_range,/scan,0.936189591884613,0.5
8d722d33-c440-466d-9968-517118a74f9d,24.309,minimum_front_range,/scan,0.9233264327049255,0.5
8d722d33-c440-466d-9968-517118a74f9d,24.411,minimum_front_range,/scan,0.9121821522712708,0.5
8d722d33-c440-466d-9968-517118a74f9d,24.51,minimum_front_range,/scan,0.9060903787612915,0.5
8d722d33-c440-466d-9968-517118a74f9d,24.609,minimum_front_range,/scan,0.8896111845970154,0.5
8d722d33-c440-466d-9968-517118a74f9d,24.711000000000002,minimum_front_range,/scan,0.8698817491531372,0.5
8d722d33-c440-466d-9968-517118a74f9d,24.810000000000002,minimum_front_range,/scan,0.8828825950622559,0.5
8d722d33-c440-466d-9968-517118a74f9d,24.909000000000002,minimum_front_range,/scan,0.8539391160011292,0.5
8d722d33-c440-466d-9968-517118a74f9d,25.011000000000003,minimum_front_range,/scan,0.840389609336853,0.5
8d722d33-c440-466d-9968-517118a74f9d,25.110000000000003,minimum_front_range,/scan,0.8302161693572998,0.5
8d722d33-c440-466d-9968-517118a74f9d,25.209000000000003,minimum_front_range,/scan,0.8256535530090332,0.5
8d722d33-c440-466d-9968-517118a74f9d,25.311,minimum_front_range,/scan,0.8271939158439636,0.5
8d722d33-c440-466d-9968-517118a74f9d,25.41,minimum_front_range,/scan,0.8119313716888428,0.5
8d722d33-c440-466d-9968-517118a74f9d,25.509,minimum_front_range,/scan,0.8122233152389526,0.5
8d722d33-c440-466d-9968-517118a74f9d,25.611,minimum_front_range,/scan,0.7935109734535217,0.5
8d722d33-c440-466d-9968-517118a74f9d,25.71,minimum_front_range,/scan,0.8072816729545593,0.5
8d722d33-c440-466d-9968-517118a74f9d,25.809,minimum_front_range,/scan,0.797709047794342,0.5
8d722d33-c440-466d-9968-517118a74f9d,25.911,minimum_front_range,/scan,0.7821015119552612,0.5
8d722d33-c440-466d-9968-517118a74f9d,26.01,minimum_front_range,/scan,0.8085728883743286,0.5
8d722d33-c440-466d-9968-517118a74f9d,26.109,minimum_front_range,/scan,0.8035746216773987,0.5
8d722d33-c440-466d-9968-517118a74f9d,26.211000000000002,minimum_front_range,/scan,1.9678621292114258,0.5
8d722d33-c440-466d-9968-517118a74f9d,26.310000000000002,minimum_front_range,/scan,1.9562643766403198,0.5
8d722d33-c440-466d-9968-517118a74f9d,26.409000000000002,minimum_front_range,/scan,1.9304736852645874,0.5
8d722d33-c440-466d-9968-517118a74f9d,26.511000000000003,minimum_front_range,/scan,1.915510654449463,0.5
8d722d33-c440-466d-9968-517118a74f9d,26.610000000000003,minimum_front_range,/scan,1.912157654762268,0.5
8d722d33-c440-466d-9968-517118a74f9d,26.709000000000003,minimum_front_range,/scan,1.8914545774459839,0.5
8d722d33-c440-466d-9968-517118a74f9d,26.811,minimum_front_range,/scan,1.8860307931900024,0.5
8d722d33-c440-466d-9968-517118a74f9d,26.91,minimum_front_range,/scan,1.883874773979187,0.5
8d722d33-c440-466d-9968-517118a74f9d,27.009,minimum_front_range,/scan,1.8749995231628418,0.5
8d722d33-c440-466d-9968-517118a74f9d,27.111,minimum_front_range,/scan,1.8516483306884766,0.5
8d722d33-c440-466d-9968-517118a74f9d,27.21,minimum_front_range,/scan,1.8493047952651978,0.5
8d722d33-c440-466d-9968-517118a74f9d,27.309,minimum_front_range,/scan,1.8359609842300415,0.5
8d722d33-c440-466d-9968-517118a74f9d,27.411,minimum_front_range,/scan,1.819871187210083,0.5
8d722d33-c440-466d-9968-517118a74f9d,27.51,minimum_front_range,/scan,1.8167208433151245,0.5
8d722d33-c440-466d-9968-517118a74f9d,27.609,minimum_front_range,/scan,1.8142882585525513,0.5
8d722d33-c440-466d-9968-517118a74f9d,27.711000000000002,minimum_front_range,/scan,1.8023390769958496,0.5
8d722d33-c440-466d-9968-517118a74f9d,27.810000000000002,minimum_front_range,/scan,1.787180781364441,0.5
8d722d33-c440-466d-9968-517118a74f9d,27.909000000000002,minimum_front_range,/scan,1.7758733034133911,0.5
8d722d33-c440-466d-9968-517118a74f9d,28.011000000000003,minimum_front_range,/scan,1.7681097984313965,0.5
8d722d33-c440-466d-9968-517118a74f9d,28.110000000000003,minimum_front_range,/scan,1.7663110494613647,0.5
8d722d33-c440-466d-9968-517118a74f9d,28.209000000000003,minimum_front_range,/scan,1.7522903680801392,0.5
8d722d33-c440-466d-9968-517118a74f9d,28.311000000000003,minimum_front_range,/scan,1.7294858694076538,0.5
8d722d33-c440-466d-9968-517118a74f9d,28.41,minimum_front_range,/scan,1.7097527980804443,0.5
8d722d33-c440-466d-9968-517118a74f9d,28.509,minimum_front_range,/scan,1.729821801185608,0.5
8d722d33-c440-466d-9968-517118a74f9d,28.611,minimum_front_range,/scan,1.7131985425949097,0.5
8d722d33-c440-466d-9968-517118a74f9d,28.71,minimum_front_range,/scan,1.705190658569336,0.5
8d722d33-c440-466d-9968-517118a74f9d,28.809,minimum_front_range,/scan,1.6968556642532349,0.5
8d722d33-c440-466d-9968-517118a74f9d,28.911,minimum_front_range,/scan,1.7047576904296875,0.5
8d722d33-c440-466d-9968-517118a74f9d,29.01,minimum_front_range,/scan,1.7004317045211792,0.5
8d722d33-c440-466d-9968-517118a74f9d,29.109,minimum_front_range,/scan,1.6885349750518799,0.5
8d722d33-c440-466d-9968-517118a74f9d,29.211000000000002,minimum_front_range,/scan,1.6940667629241943,0.5
8d722d33-c440-466d-9968-517118a74f9d,29.310000000000002,minimum_front_range,/scan,1.6924030780792236,0.5
8d722d33-c440-466d-9968-517118a74f9d,29.409000000000002,minimum_front_range,/scan,1.6905503273010254,0.5
8d722d33-c440-466d-9968-517118a74f9d,29.511000000000003,minimum_front_range,/scan,1.704323410987854,0.5
8d722d33-c440-466d-9968-517118a74f9d,29.610000000000003,minimum_front_range,/scan,1.6810418367385864,0.5
8d722d33-c440-466d-9968-517118a74f9d,9.411000000000001,minimum_left_range,/scan,0.9452155232429504,0.5
8d722d33-c440-466d-9968-517118a74f9d,9.51,minimum_left_range,/scan,0.9504711627960205,0.5
8d722d33-c440-466d-9968-517118a74f9d,9.612,minimum_left_range,/scan,0.9447254538536072,0.5
8d722d33-c440-466d-9968-517118a74f9d,9.711,minimum_left_range,/scan,0.940754234790802,0.5
8d722d33-c440-466d-9968-517118a74f9d,9.81,minimum_left_range,/scan,0.9507094025611877,0.5
8d722d33-c440-466d-9968-517118a74f9d,9.909,minimum_left_range,/scan,0.9477323889732361,0.5
8d722d33-c440-466d-9968-517118a74f9d,10.011000000000001,minimum_left_range,/scan,0.9531595706939697,0.5
8d722d33-c440-466d-9968-517118a74f9d,10.113000000000001,minimum_left_range,/scan,0.9501298666000366,0.5
8d722d33-c440-466d-9968-517118a74f9d,10.209000000000001,minimum_left_range,/scan,0.9424307942390442,0.5
8d722d33-c440-466d-9968-517118a74f9d,10.311,minimum_left_range,/scan,0.9478899240493774,0.5
8d722d33-c440-466d-9968-517118a74f9d,10.41,minimum_left_range,/scan,0.9453184008598328,0.5
8d722d33-c440-466d-9968-517118a74f9d,10.509,minimum_left_range,/scan,0.9350195527076721,0.5
8d722d33-c440-466d-9968-517118a74f9d,10.611,minimum_left_range,/scan,0.9491793513298035,0.5
8d722d33-c440-466d-9968-517118a74f9d,10.713000000000001,minimum_left_range,/scan,0.9358677864074707,0.5
8d722d33-c440-466d-9968-517118a74f9d,10.812000000000001,minimum_left_range,/scan,0.9447436332702637,0.5
8d722d33-c440-466d-9968-517118a74f9d,10.911000000000001,minimum_left_range,/scan,0.9450005292892456,0.5
8d722d33-c440-466d-9968-517118a74f9d,11.010000000000002,minimum_left_range,/scan,0.9466884732246399,0.5
8d722d33-c440-466d-9968-517118a74f9d,11.109,minimum_left_range,/scan,0.9339810609817505,0.5
8d722d33-c440-466d-9968-517118a74f9d,11.211,minimum_left_range,/scan,0.9229099154472351,0.5
8d722d33-c440-466d-9968-517118a74f9d,11.31,minimum_left_range,/scan,0.9092923402786255,0.5
8d722d33-c440-466d-9968-517118a74f9d,11.409,minimum_left_range,/scan,0.9004175066947937,0.5
8d722d33-c440-466d-9968-517118a74f9d,11.514000000000001,minimum_left_range,/scan,0.8742437362670898,0.5
8d722d33-c440-466d-9968-517118a74f9d,11.610000000000001,minimum_left_range,/scan,0.8655023574829102,0.5
8d722d33-c440-466d-9968-517118a74f9d,11.709000000000001,minimum_left_range,/scan,0.8635610342025757,0.5
8d722d33-c440-466d-9968-517118a74f9d,11.811,minimum_left_range,/scan,0.8390957117080688,0.5
8d722d33-c440-466d-9968-517118a74f9d,11.91,minimum_left_range,/scan,0.8232758045196533,0.5
8d722d33-c440-466d-9968-517118a74f9d,12.009,minimum_left_range,/scan,0.8243699073791504,0.5
8d722d33-c440-466d-9968-517118a74f9d,12.111,minimum_left_range,/scan,0.7981669902801514,0.5
8d722d33-c440-466d-9968-517118a74f9d,12.21,minimum_left_range,/scan,0.7980265021324158,0.5
8d722d33-c440-466d-9968-517118a74f9d,12.309000000000001,minimum_left_range,/scan,0.7652237415313721,0.5
8d722d33-c440-466d-9968-517118a74f9d,12.411000000000001,minimum_left_range,/scan,0.781949520111084,0.5
8d722d33-c440-466d-9968-517118a74f9d,12.510000000000002,minimum_left_range,/scan,0.7644989490509033,0.5
8d722d33-c440-466d-9968-517118a74f9d,12.609,minimum_left_range,/scan,0.7457176446914673,0.5
8d722d33-c440-466d-9968-517118a74f9d,12.714,minimum_left_range,/scan,0.7462407350540161,0.5
8d722d33-c440-466d-9968-517118a74f9d,12.81,minimum_left_range,/scan,0.7289239764213562,0.5
8d722d33-c440-466d-9968-517118a74f9d,12.909,minimum_left_range,/scan,0.7156890630722046,0.5
8d722d33-c440-466d-9968-517118a74f9d,13.011000000000001,minimum_left_range,/scan,0.6980399489402771,0.5
8d722d33-c440-466d-9968-517118a74f9d,13.110000000000001,minimum_left_range,/scan,0.6902931928634644,0.5
8d722d33-c440-466d-9968-517118a74f9d,13.209000000000001,minimum_left_range,/scan,0.678820788860321,0.5
8d722d33-c440-466d-9968-517118a74f9d,13.311,minimum_left_range,/scan,0.6602054238319397,0.5
8d722d33-c440-466d-9968-517118a74f9d,13.41,minimum_left_range,/scan,0.6581183671951294,0.5
8d722d33-c440-466d-9968-517118a74f9d,13.509,minimum_left_range,/scan,0.6448475122451782,0.5
8d722d33-c440-466d-9968-517118a74f9d,13.611,minimum_left_range,/scan,0.6276638507843018,0.5
8d722d33-c440-466d-9968-517118a74f9d,13.71,minimum_left_range,/scan,0.6279874444007874,0.5
8d722d33-c440-466d-9968-517118a74f9d,13.809000000000001,minimum_left_range,/scan,0.6179161667823792,0.5
8d722d33-c440-466d-9968-517118a74f9d,13.911000000000001,minimum_left_range,/scan,0.5884504318237305,0.5
8d722d33-c440-466d-9968-517118a74f9d,14.010000000000002,minimum_left_range,/scan,0.5866051912307739,0.5
8d722d33-c440-466d-9968-517118a74f9d,14.109000000000002,minimum_left_range,/scan,0.5683302283287048,0.5
8d722d33-c440-466d-9968-517118a74f9d,14.211,minimum_left_range,/scan,0.5642634630203247,0.5
8d722d33-c440-466d-9968-517118a74f9d,14.31,minimum_left_range,/scan,0.5467495322227478,0.5
8d722d33-c440-466d-9968-517118a74f9d,14.409,minimum_left_range,/scan,0.545831024646759,0.5
8d722d33-c440-466d-9968-517118a74f9d,14.511000000000001,minimum_left_range,/scan,0.523985743522644,0.5
8d722d33-c440-466d-9968-517118a74f9d,14.610000000000001,minimum_left_range,/scan,0.5199708342552185,0.5
8d722d33-c440-466d-9968-517118a74f9d,14.709000000000001,minimum_left_range,/scan,0.5111694931983948,0.5
8d722d33-c440-466d-9968-517118a74f9d,14.811000000000002,minimum_left_range,/scan,0.49426156282424927,0.5
8d722d33-c440-466d-9968-517118a74f9d,14.91,minimum_left_range,/scan,0.49234718084335327,0.5
8d722d33-c440-466d-9968-517118a74f9d,15.009,minimum_left_range,/scan,0.46495145559310913,0.5
8d722d33-c440-466d-9968-517118a74f9d,15.111,minimum_left_range,/scan,0.4547973871231079,0.5
8d722d33-c440-466d-9968-517118a74f9d,15.21,minimum_left_range,/scan,0.4621830880641937,0.5
8d722d33-c440-466d-9968-517118a74f9d,15.309000000000001,minimum_left_range,/scan,0.4526895582675934,0.5
8d722d33-c440-466d-9968-517118a74f9d,15.411000000000001,minimum_left_range,/scan,0.4498239755630493,0.5
8d722d33-c440-466d-9968-517118a74f9d,15.510000000000002,minimum_left_range,/scan,0.4384027421474457,0.5
8d722d33-c440-466d-9968-517118a74f9d,15.609000000000002,minimum_left_range,/scan,0.4281589388847351,0.5
8d722d33-c440-466d-9968-517118a74f9d,15.711,minimum_left_range,/scan,0.42097046971321106,0.5
8d722d33-c440-466d-9968-517118a74f9d,15.81,minimum_left_range,/scan,0.4119548797607422,0.5
8d722d33-c440-466d-9968-517118a74f9d,15.909,minimum_left_range,/scan,0.4153599739074707,0.5
8d722d33-c440-466d-9968-517118a74f9d,16.011,minimum_left_range,/scan,0.42267706990242004,0.5
8d722d33-c440-466d-9968-517118a74f9d,16.11,minimum_left_range,/scan,0.40575066208839417,0.5
8d722d33-c440-466d-9968-517118a74f9d,16.209,minimum_left_range,/scan,0.40823593735694885,0.5
8d722d33-c440-466d-9968-517118a74f9d,16.311,minimum_left_range,/scan,0.4045584201812744,0.5
8d722d33-c440-466d-9968-517118a74f9d,16.41,minimum_left_range,/scan,0.4115448594093323,0.5
8d722d33-c440-466d-9968-517118a74f9d,16.509,minimum_left_range,/scan,0.388578325510025,0.5
8d722d33-c440-466d-9968-517118a74f9d,16.611,minimum_left_range,/scan,0.3973844647407532,0.5
8d722d33-c440-466d-9968-517118a74f9d,16.71,minimum_left_range,/scan,0.39399445056915283,0.5
8d722d33-c440-466d-9968-517118a74f9d,16.809,minimum_left_range,/scan,0.3906717598438263,0.5
8d722d33-c440-466d-9968-517118a74f9d,16.911,minimum_left_range,/scan,0.3978070616722107,0.5
8d722d33-c440-466d-9968-517118a74f9d,17.01,minimum_left_range,/scan,0.39443522691726685,0.5
8d722d33-c440-466d-9968-517118a74f9d,17.109,minimum_left_range,/scan,0.3870414197444916,0.5
8d722d33-c440-466d-9968-517118a74f9d,17.211000000000002,minimum_left_range,/scan,0.3922506272792816,0.5
8d722d33-c440-466d-9968-517118a74f9d,17.310000000000002,minimum_left_range,/scan,0.3898886442184448,0.5
8d722d33-c440-466d-9968-517118a74f9d,17.409000000000002,minimum_left_range,/scan,0.39305272698402405,0.5
8d722d33-c440-466d-9968-517118a74f9d,17.511000000000003,minimum_left_range,/scan,0.4068610966205597,0.5
8d722d33-c440-466d-9968-517118a74f9d,17.61,minimum_left_range,/scan,0.41307979822158813,0.5
8d722d33-c440-466d-9968-517118a74f9d,17.709,minimum_left_range,/scan,0.41424572467803955,0.5
8d722d33-c440-466d-9968-517118a74f9d,17.811,minimum_left_range,/scan,0.41579946875572205,0.5
8d722d33-c440-466d-9968-517118a74f9d,17.91,minimum_left_range,/scan,0.42478352785110474,0.5
8d722d33-c440-466d-9968-517118a74f9d,18.009,minimum_left_range,/scan,0.4382648169994354,0.5
8d722d33-c440-466d-9968-517118a74f9d,18.111,minimum_left_range,/scan,0.4347655475139618,0.5
8d722d33-c440-466d-9968-517118a74f9d,18.21,minimum_left_range,/scan,0.44360628724098206,0.5
8d722d33-c440-466d-9968-517118a74f9d,18.309,minimum_left_range,/scan,0.4490230083465576,0.5
8d722d33-c440-466d-9968-517118a74f9d,18.411,minimum_left_range,/scan,0.46446651220321655,0.5
8d722d33-c440-466d-9968-517118a74f9d,18.51,minimum_left_range,/scan,0.4567888379096985,0.5
8d722d33-c440-466d-9968-517118a74f9d,18.609,minimum_left_range,/scan,0.4717300236225128,0.5
8d722d33-c440-466d-9968-517118a74f9d,18.711000000000002,minimum_left_range,/scan,0.4610327482223511,0.5
8d722d33-c440-466d-9968-517118a74f9d,18.810000000000002,minimum_left_range,/scan,0.4782164990901947,0.5
8d722d33-c440-466d-9968-517118a74f9d,18.909000000000002,minimum_left_range,/scan,0.5063933730125427,0.5
8d722d33-c440-466d-9968-517118a74f9d,19.011000000000003,minimum_left_range,/scan,0.5035064816474915,0.5
8d722d33-c440-466d-9968-517118a74f9d,19.11,minimum_left_range,/scan,0.5217738747596741,0.5
8d722d33-c440-466d-9968-517118a74f9d,19.209,minimum_left_range,/scan,0.532808244228363,0.5
8d722d33-c440-466d-9968-517118a74f9d,19.311,minimum_left_range,/scan,0.5351313948631287,0.5
8d722d33-c440-466d-9968-517118a74f9d,19.41,minimum_left_range,/scan,0.5461742877960205,0.5
8d722d33-c440-466d-9968-517118a74f9d,19.509,minimum_left_range,/scan,0.5505857467651367,0.5
8d722d33-c440-466d-9968-517118a74f9d,19.611,minimum_left_range,/scan,0.5711823105812073,0.5
8d722d33-c440-466d-9968-517118a74f9d,19.71,minimum_left_range,/scan,0.5795267820358276,0.5
8d722d33-c440-466d-9968-517118a74f9d,19.809,minimum_left_range,/scan,0.5904133319854736,0.5
8d722d33-c440-466d-9968-517118a74f9d,19.911,minimum_left_range,/scan,0.598735511302948,0.5
8d722d33-c440-466d-9968-517118a74f9d,20.01,minimum_left_range,/scan,0.6101198792457581,0.5
8d722d33-c440-466d-9968-517118a74f9d,20.109,minimum_left_range,/scan,0.6177131533622742,0.5
8d722d33-c440-466d-9968-517118a74f9d,20.211000000000002,minimum_left_range,/scan,0.6229507923126221,0.5
8d722d33-c440-466d-9968-517118a74f9d,20.310000000000002,minimum_left_range,/scan,0.6153226494789124,0.5
8d722d33-c440-466d-9968-517118a74f9d,20.409000000000002,minimum_left_range,/scan,0.6098477244377136,0.5
8d722d33-c440-466d-9968-517118a74f9d,20.511000000000003,minimum_left_range,/scan,0.6057496666908264,0.5
8d722d33-c440-466d-9968-517118a74f9d,20.610000000000003,minimum_left_range,/scan,0.5875092148780823,0.5
8d722d33-c440-466d-9968-517118a74f9d,20.709,minimum_left_range,/scan,0.566550612449646,0.5
8d722d33-c440-466d-9968-517118a74f9d,20.811,minimum_left_range,/scan,0.5692233443260193,0.5
8d722d33-c440-466d-9968-517118a74f9d,20.91,minimum_left_range,/scan,0.5431585311889648,0.5
8d722d33-c440-466d-9968-517118a74f9d,21.009,minimum_left_range,/scan,0.5392547249794006,0.5
8d722d33-c440-466d-9968-517118a74f9d,21.111,minimum_left_range,/scan,0.5282910466194153,0.5
8d722d33-c440-466d-9968-517118a74f9d,21.21,minimum_left_range,/scan,0.5121328830718994,0.5
8d722d33-c440-466d-9968-517118a74f9d,21.309,minimum_left_range,/scan,0.5115904211997986,0.5
8d722d33-c440-466d-9968-517118a74f9d,21.411,minimum_left_range,/scan,0.48900341987609863,0.5
8d722d33-c440-466d-9968-517118a74f9d,21.51,minimum_left_range,/scan,0.4840584993362427,0.5
8d722d33-c440-466d-9968-517118a74f9d,21.609,minimum_left_range,/scan,0.4754151999950409,0.5
8d722d33-c440-466d-9968-517118a74f9d,21.711000000000002,minimum_left_range,/scan,0.4668837785720825,0.5
8d722d33-c440-466d-9968-517118a74f9d,21.810000000000002,minimum_left_range,/scan,0.4473353624343872,0.5
8d722d33-c440-466d-9968-517118a74f9d,21.912000000000003,minimum_left_range,/scan,0.4452861249446869,0.5
8d722d33-c440-466d-9968-517118a74f9d,22.011000000000003,minimum_left_range,/scan,0.4420308768749237,0.5
8d722d33-c440-466d-9968-517118a74f9d,22.110000000000003,minimum_left_range,/scan,0.42730897665023804,0.5
8d722d33-c440-466d-9968-517118a74f9d,22.209,minimum_left_range,/scan,0.432192862033844,0.5
8d722d33-c440-466d-9968-517118a74f9d,22.311,minimum_left_range,/scan,0.41963961720466614,0.5
8d722d33-c440-466d-9968-517118a74f9d,22.41,minimum_left_range,/scan,0.42153218388557434,0.5
8d722d33-c440-466d-9968-517118a74f9d,22.509,minimum_left_range,/scan,0.4156562387943268,0.5
8d722d33-c440-466d-9968-517118a74f9d,22.611,minimum_left_range,/scan,0.405682235956192,0.5
8d722d33-c440-466d-9968-517118a74f9d,22.71,minimum_left_range,/scan,0.38311469554901123,0.5
8d722d33-c440-466d-9968-517118a74f9d,22.809,minimum_left_range,/scan,0.4098610281944275,0.5
8d722d33-c440-466d-9968-517118a74f9d,22.911,minimum_left_range,/scan,0.40498974919319153,0.5
8d722d33-c440-466d-9968-517118a74f9d,23.01,minimum_left_range,/scan,0.39680686593055725,0.5
8d722d33-c440-466d-9968-517118a74f9d,23.106,minimum_left_range,/scan,0.3992403447628021,0.5
8d722d33-c440-466d-9968-517118a74f9d,23.211000000000002,minimum_left_range,/scan,0.40001851320266724,0.5
8d722d33-c440-466d-9968-517118a74f9d,23.310000000000002,minimum_left_range,/scan,0.39387017488479614,0.5
8d722d33-c440-466d-9968-517118a74f9d,23.409000000000002,minimum_left_range,/scan,0.3982115387916565,0.5
8d722d33-c440-466d-9968-517118a74f9d,23.514000000000003,minimum_left_range,/scan,0.3884558379650116,0.5
8d722d33-c440-466d-9968-517118a74f9d,23.610000000000003,minimum_left_range,/scan,0.3918367326259613,0.5
8d722d33-c440-466d-9968-517118a74f9d,23.709000000000003,minimum_left_range,/scan,0.4084608256816864,0.5
8d722d33-c440-466d-9968-517118a74f9d,23.811,minimum_left_range,/scan,0.41460782289505005,0.5
8d722d33-c440-466d-9968-517118a74f9d,23.91,minimum_left_range,/scan,0.4106985628604889,0.5
8d722d33-c440-466d-9968-517118a74f9d,24.009,minimum_left_range,/scan,0.4096297323703766,0.5
8d722d33-c440-466d-9968-517118a74f9d,24.111,minimum_left_range,/scan,0.40368229150772095,0.5
8d722d33-c440-466d-9968-517118a74f9d,24.21,minimum_left_range,/scan,0.41557714343070984,0.5
8d722d33-c440-466d-9968-517118a74f9d,24.309,minimum_left_range,/scan,0.4218619763851166,0.5
8d722d33-c440-466d-9968-517118a74f9d,24.411,minimum_left_range,/scan,0.4162496030330658,0.5
8d722d33-c440-466d-9968-517118a74f9d,24.51,minimum_left_range,/scan,0.4279944598674774,0.5
8d722d33-c440-466d-9968-517118a74f9d,24.609,minimum_left_range,/scan,0.442507266998291,0.5
8d722d33-c440-466d-9968-517118a74f9d,24.711000000000002,minimum_left_range,/scan,0.4457634389400482,0.5
8d722d33-c440-466d-9968-517118a74f9d,24.810000000000002,minimum_left_range,/scan,0.4465213418006897,0.5
8d722d33-c440-466d-9968-517118a74f9d,24.909000000000002,minimum_left_range,/scan,0.4511828124523163,0.5
8d722d33-c440-466d-9968-517118a74f9d,25.011000000000003,minimum_left_range,/scan,0.4635920226573944,0.5
8d722d33-c440-466d-9968-517118a74f9d,25.110000000000003,minimum_left_range,/scan,0.4638623893260956,0.5
8d722d33-c440-466d-9968-517118a74f9d,25.209000000000003,minimum_left_range,/scan,0.47766581177711487,0.5
8d722d33-c440-466d-9968-517118a74f9d,25.311,minimum_left_range,/scan,0.47564101219177246,0.5
8d722d33-c440-466d-9968-517118a74f9d,25.41,minimum_left_range,/scan,0.4779069721698761,0.5
8d722d33-c440-466d-9968-517118a74f9d,25.509,minimum_left_range,/scan,0.4884319305419922,0.5
8d722d33-c440-466d-9968-517118a74f9d,25.611,minimum_left_range,/scan,0.4918261766433716,0.5
8d722d33-c440-466d-9968-517118a74f9d,25.71,minimum_left_range,/scan,0.5071694254875183,0.5
8d722d33-c440-466d-9968-517118a74f9d,25.809,minimum_left_range,/scan,0.5105646848678589,0.5
8d722d33-c440-466d-9968-517118a74f9d,25.911,minimum_left_range,/scan,0.512298583984375,0.5
8d722d33-c440-466d-9968-517118a74f9d,26.01,minimum_left_range,/scan,0.5178046822547913,0.5
8d722d33-c440-466d-9968-517118a74f9d,26.109,minimum_left_range,/scan,0.5294554233551025,0.5
8d722d33-c440-466d-9968-517118a74f9d,26.211000000000002,minimum_left_range,/scan,0.535288393497467,0.5
8d722d33-c440-466d-9968-517118a74f9d,26.310000000000002,minimum_left_range,/scan,0.5535021424293518,0.5
8d722d33-c440-466d-9968-517118a74f9d,26.409000000000002,minimum_left_range,/scan,0.556298017501831,0.5
8d722d33-c440-466d-9968-517118a74f9d,26.511000000000003,minimum_left_range,/scan,0.556727945804596,0.5
8d722d33-c440-466d-9968-517118a74f9d,26.610000000000003,minimum_left_range,/scan,0.5861354470252991,0.5
8d722d33-c440-466d-9968-517118a74f9d,26.709000000000003,minimum_left_range,/scan,0.5914901494979858,0.5
8d722d33-c440-466d-9968-517118a74f9d,26.811,minimum_left_range,/scan,0.5962122082710266,0.5
8d722d33-c440-466d-9968-517118a74f9d,26.91,minimum_left_range,/scan,0.5836502909660339,0.5
8d722d33-c440-466d-9968-517118a74f9d,27.009,minimum_left_range,/scan,0.6087354421615601,0.5
8d722d33-c440-466d-9968-517118a74f9d,27.111,minimum_left_range,/scan,0.6180203557014465,0.5
8d722d33-c440-466d-9968-517118a74f9d,27.21,minimum_left_range,/scan,0.5895400643348694,0.5
8d722d33-c440-466d-9968-517118a74f9d,27.309,minimum_left_range,/scan,0.6046888828277588,0.5
8d722d33-c440-466d-9968-517118a74f9d,27.411,minimum_left_range,/scan,0.5841944217681885,0.5
8d722d33-c440-466d-9968-517118a74f9d,27.51,minimum_left_range,/scan,0.5834421515464783,0.5
8d722d33-c440-466d-9968-517118a74f9d,27.609,minimum_left_range,/scan,0.5781842470169067,0.5
8d722d33-c440-466d-9968-517118a74f9d,27.711000000000002,minimum_left_range,/scan,0.5771123766899109,0.5
8d722d33-c440-466d-9968-517118a74f9d,27.810000000000002,minimum_left_range,/scan,0.5588418245315552,0.5
8d722d33-c440-466d-9968-517118a74f9d,27.909000000000002,minimum_left_range,/scan,0.545819103717804,0.5
8d722d33-c440-466d-9968-517118a74f9d,28.011000000000003,minimum_left_range,/scan,0.5444978475570679,0.5
8d722d33-c440-466d-9968-517118a74f9d,28.110000000000003,minimum_left_range,/scan,0.54900723695755,0.5
8d722d33-c440-466d-9968-517118a74f9d,28.209000000000003,minimum_left_range,/scan,0.5306205749511719,0.5
8d722d33-c440-466d-9968-517118a74f9d,28.311000000000003,minimum_left_range,/scan,0.5268532633781433,0.5
8d722d33-c440-466d-9968-517118a74f9d,28.41,minimum_left_range,/scan,0.5217548608779907,0.5
8d722d33-c440-466d-9968-517118a74f9d,28.509,minimum_left_range,/scan,0.5249312520027161,0.5
8d722d33-c440-466d-9968-517118a74f9d,28.611,minimum_left_range,/scan,0.5116442441940308,0.5
8d722d33-c440-466d-9968-517118a74f9d,28.71,minimum_left_range,/scan,0.5102060437202454,0.5
8d722d33-c440-466d-9968-517118a74f9d,28.809,minimum_left_range,/scan,0.5014844536781311,0.5
8d722d33-c440-466d-9968-517118a74f9d,28.911,minimum_left_range,/scan,0.5011820793151855,0.5
8d722d33-c440-466d-9968-517118a74f9d,29.01,minimum_left_range,/scan,0.4919302761554718,0.5
8d722d33-c440-466d-9968-517118a74f9d,29.109,minimum_left_range,/scan,0.508470356464386,0.5
8d722d33-c440-466d-9968-517118a74f9d,29.211000000000002,minimum_left_range,/scan,0.5020081400871277,0.5
8d722d33-c440-466d-9968-517118a74f9d,29.310000000000002,minimum_left_range,/scan,0.5015710592269897,0.5
8d722d33-c440-466d-9968-517118a74f9d,29.409000000000002,minimum_left_range,/scan,0.4877399504184723,0.5
8d722d33-c440-466d-9968-517118a74f9d,29.511000000000003,minimum_left_range,/scan,0.5068371295928955,0.5
8d722d33-c440-466d-9968-517118a74f9d,29.610000000000003,minimum_left_range,/scan,0.49944108724594116,0.5
8d722d33-c440-466d-9968-517118a74f9d,9.411000000000001,minimum_right_range,/scan,0.0,0.5
8d722d33-c440-466d-9968-517118a74f9d,9.51,minimum_right_range,/scan,0.0,0.5
8d722d33-c440-466d-9968-517118a74f9d,9.612,minimum_right_range,/scan,0.0,0.5
8d722d33-c440-466d-9968-517118a74f9d,9.711,minimum_right_range,/scan,0.0,0.5
8d722d33-c440-466d-9968-517118a74f9d,9.81,minimum_right_range,/scan,0.0,0.5
8d722d33-c440-466d-9968-517118a74f9d,9.909,minimum_right_range,/scan,0.0,0.5
8d722d33-c440-466d-9968-517118a74f9d,10.011000000000001,minimum_right_range,/scan,0.0,0.5
8d722d33-c440-466d-9968-517118a74f9d,10.113000000000001,minimum_right_range,/scan,0.0,0.5
8d722d33-c440-466d-9968-517118a74f9d,10.209000000000001,minimum_right_range,/scan,0.0,0.5
8d722d33-c440-466d-9968-517118a74f9d,10.311,minimum_right_range,/scan,0.0,0.5
8d722d33-c440-466d-9968-517118a74f9d,10.41,minimum_right_range,/scan,0.0,0.5
8d722d33-c440-466d-9968-517118a74f9d,10.509,minimum_right_range,/scan,0.0,0.5
8d722d33-c440-466d-9968-517118a74f9d,10.611,minimum_right_range,/scan,0.0,0.5
8d722d33-c440-466d-9968-517118a74f9d,10.713000000000001,minimum_right_range,/scan,0.0,0.5
8d722d33-c440-466d-9968-517118a74f9d,10.812000000000001,minimum_right_range,/scan,0.0,0.5
8d722d33-c440-466d-9968-517118a74f9d,10.911000000000001,minimum_right_range,/scan,0.0,0.5
8d722d33-c440-466d-9968-517118a74f9d,11.010000000000002,minimum_right_range,/scan,0.0,0.5
8d722d33-c440-466d-9968-517118a74f9d,11.109,minimum_right_range,/scan,0.0,0.5
8d722d33-c440-466d-9968-517118a74f9d,11.211,minimum_right_range,/scan,0.0,0.5
8d722d33-c440-466d-9968-517118a74f9d,11.31,minimum_right_range,/scan,0.0,0.5
8d722d33-c440-466d-9968-517118a74f9d,11.409,minimum_right_range,/scan,0.0,0.5
8d722d33-c440-466d-9968-517118a74f9d,11.514000000000001,minimum_right_range,/scan,0.0,0.5
8d722d33-c440-466d-9968-517118a74f9d,11.610000000000001,minimum_right_range,/scan,0.0,0.5
8d722d33-c440-466d-9968-517118a74f9d,11.709000000000001,minimum_right_range,/scan,0.0,0.5
8d722d33-c440-466d-9968-517118a74f9d,11.811,minimum_right_range,/scan,0.0,0.5
8d722d33-c440-466d-9968-517118a74f9d,11.91,minimum_right_range,/scan,0.0,0.5
8d722d33-c440-466d-9968-517118a74f9d,12.009,minimum_right_range,/scan,0.0,0.5
8d722d33-c440-466d-9968-517118a74f9d,12.111,minimum_right_range,/scan,0.0,0.5
8d722d33-c440-466d-9968-517118a74f9d,12.21,minimum_right_range,/scan,0.0,0.5
8d722d33-c440-466d-9968-517118a74f9d,12.309000000000001,minimum_right_range,/scan,0.0,0.5
8d722d33-c440-466d-9968-517118a74f9d,12.411000000000001,minimum_right_range,/scan,0.0,0.5
8d722d33-c440-466d-9968-517118a74f9d,12.510000000000002,minimum_right_range,/scan,0.0,0.5
8d722d33-c440-466d-9968-517118a74f9d,12.609,minimum_right_range,/scan,0.0,0.5
8d722d33-c440-466d-9968-517118a74f9d,12.714,minimum_right_range,/scan,0.0,0.5
8d722d33-c440-466d-9968-517118a74f9d,12.81,minimum_right_range,/scan,0.0,0.5
8d722d33-c440-466d-9968-517118a74f9d,12.909,minimum_right_range,/scan,0.0,0.5
8d722d33-c440-466d-9968-517118a74f9d,13.011000000000001,minimum_right_range,/scan,0.0,0.5
8d722d33-c440-466d-9968-517118a74f9d,13.110000000000001,minimum_right_range,/scan,0.0,0.5
8d722d33-c440-466d-9968-517118a74f9d,13.209000000000001,minimum_right_range,/scan,0.0,0.5
8d722d33-c440-466d-9968-517118a74f9d,13.311,minimum_right_range,/scan,0.0,0.5
8d722d33-c440-466d-9968-517118a74f9d,13.41,minimum_right_range,/scan,0.0,0.5
8d722d33-c440-466d-9968-517118a74f9d,13.509,minimum_right_range,/scan,0.0,0.5
8d722d33-c440-466d-9968-517118a74f9d,13.611,minimum_right_range,/scan,0.0,0.5
8d722d33-c440-466d-9968-517118a74f9d,13.71,minimum_right_range,/scan,0.0,0.5
8d722d33-c440-466d-9968-517118a74f9d,13.809000000000001,minimum_right_range,/scan,0.0,0.5
8d722d33-c440-466d-9968-517118a74f9d,13.911000000000001,minimum_right_range,/scan,0.0,0.5
8d722d33-c440-466d-9968-517118a74f9d,14.010000000000002,minimum_right_range,/scan,0.0,0.5
8d722d33-c440-466d-9968-517118a74f9d,14.109000000000002,minimum_right_range,/scan,0.0,0.5
8d722d33-c440-466d-9968-517118a74f9d,14.211,minimum_right_range,/scan,0.0,0.5
8d722d33-c440-466d-9968-517118a74f9d,14.31,minimum_right_range,/scan,0.0,0.5
8d722d33-c440-466d-9968-517118a74f9d,14.409,minimum_right_range,/scan,0.0,0.5
8d722d33-c440-466d-9968-517118a74f9d,14.511000000000001,minimum_right_range,/scan,0.0,0.5
8d722d33-c440-466d-9968-517118a74f9d,14.610000000000001,minimum_right_range,/scan,0.0,0.5
8d722d33-c440-466d-9968-517118a74f9d,14.709000000000001,minimum_right_range,/scan,0.0,0.5
8d722d33-c440-466d-9968-517118a74f9d,14.811000000000002,minimum_right_range,/scan,0.0,0.5
8d722d33-c440-466d-9968-517118a74f9d,14.91,minimum_right_range,/scan,0.0,0.5
8d722d33-c440-466d-9968-517118a74f9d,15.009,minimum_right_range,/scan,0.0,0.5
8d722d33-c440-466d-9968-517118a74f9d,15.111,minimum_right_range,/scan,0.0,0.5
8d722d33-c440-466d-9968-517118a74f9d,15.21,minimum_right_range,/scan,0.0,0.5
8d722d33-c440-466d-9968-517118a74f9d,15.309000000000001,minimum_right_range,/scan,0.0,0.5
8d722d33-c440-466d-9968-517118a74f9d,15.411000000000001,minimum_right_range,/scan,0.0,0.5
8d722d33-c440-466d-9968-517118a74f9d,15.510000000000002,minimum_right_range,/scan,0.0,0.5
8d722d33-c440-466d-9968-517118a74f9d,15.609000000000002,minimum_right_range,/scan,0.0,0.5
8d722d33-c440-466d-9968-517118a74f9d,15.711,minimum_right_range,/scan,0.0,0.5
8d722d33-c440-466d-9968-517118a74f9d,15.81,minimum_right_range,/scan,0.0,0.5
8d722d33-c440-466d-9968-517118a74f9d,15.909,minimum_right_range,/scan,0.0,0.5
8d722d33-c440-466d-9968-517118a74f9d,16.011,minimum_right_range,/scan,0.0,0.5
8d722d33-c440-466d-9968-517118a74f9d,16.11,minimum_right_range,/scan,0.0,0.5
8d722d33-c440-466d-9968-517118a74f9d,16.209,minimum_right_range,/scan,0.0,0.5
8d722d33-c440-466d-9968-517118a74f9d,16.311,minimum_right_range,/scan,0.0,0.5
8d722d33-c440-466d-9968-517118a74f9d,16.41,minimum_right_range,/scan,0.0,0.5
8d722d33-c440-466d-9968-517118a74f9d,16.509,minimum_right_range,/scan,0.0,0.5
8d722d33-c440-466d-9968-517118a74f9d,16.611,minimum_right_range,/scan,0.0,0.5
8d722d33-c440-466d-9968-517118a74f9d,16.71,minimum_right_range,/scan,0.0,0.5
8d722d33-c440-466d-9968-517118a74f9d,16.809,minimum_right_range,/scan,0.0,0.5
8d722d33-c440-466d-9968-517118a74f9d,16.911,minimum_right_range,/scan,0.0,0.5
8d722d33-c440-466d-9968-517118a74f9d,17.01,minimum_right_range,/scan,0.0,0.5
8d722d33-c440-466d-9968-517118a74f9d,17.109,minimum_right_range,/scan,0.0,0.5
8d722d33-c440-466d-9968-517118a74f9d,17.211000000000002,minimum_right_range,/scan,0.0,0.5
8d722d33-c440-466d-9968-517118a74f9d,17.310000000000002,minimum_right_range,/scan,0.0,0.5
8d722d33-c440-466d-9968-517118a74f9d,17.409000000000002,minimum_right_range,/scan,0.0,0.5
8d722d33-c440-466d-9968-517118a74f9d,17.511000000000003,minimum_right_range,/scan,0.0,0.5
8d722d33-c440-466d-9968-517118a74f9d,17.61,minimum_right_range,/scan,0.0,0.5
8d722d33-c440-466d-9968-517118a74f9d,17.709,minimum_right_range,/scan,0.0,0.5
8d722d33-c440-466d-9968-517118a74f9d,17.811,minimum_right_range,/scan,0.0,0.5
8d722d33-c440-466d-9968-517118a74f9d,17.91,minimum_right_range,/scan,0.0,0.5
8d722d33-c440-466d-9968-517118a74f9d,18.009,minimum_right_range,/scan,0.0,0.5
8d722d33-c440-466d-9968-517118a74f9d,18.111,minimum_right_range,/scan,0.0,0.5
8d722d33-c440-466d-9968-517118a74f9d,18.21,minimum_right_range,/scan,0.0,0.5
8d722d33-c440-466d-9968-517118a74f9d,18.309,minimum_right_range,/scan,0.0,0.5
8d722d33-c440-466d-9968-517118a74f9d,18.411,minimum_right_range,/scan,0.0,0.5
8d722d33-c440-466d-9968-517118a74f9d,18.51,minimum_right_range,/scan,0.0,0.5
8d722d33-c440-466d-9968-517118a74f9d,18.609,minimum_right_range,/scan,0.0,0.5
8d722d33-c440-466d-9968-517118a74f9d,18.711000000000002,minimum_right_range,/scan,0.0,0.5
8d722d33-c440-466d-9968-517118a74f9d,18.810000000000002,minimum_right_range,/scan,0.0,0.5
8d722d33-c440-466d-9968-517118a74f9d,18.909000000000002,minimum_right_range,/scan,0.0,0.5
8d722d33-c440-466d-9968-517118a74f9d,19.011000000000003,minimum_right_range,/scan,0.0,0.5
8d722d33-c440-466d-9968-517118a74f9d,19.11,minimum_right_range,/scan,0.0,0.5
8d722d33-c440-466d-9968-517118a74f9d,19.209,minimum_right_range,/scan,0.0,0.5
8d722d33-c440-466d-9968-517118a74f9d,19.311,minimum_right_range,/scan,0.0,0.5
8d722d33-c440-466d-9968-517118a74f9d,19.41,minimum_right_range,/scan,0.0,0.5
8d722d33-c440-466d-9968-517118a74f9d,19.509,minimum_right_range,/scan,0.0,0.5
8d722d33-c440-466d-9968-517118a74f9d,19.611,minimum_right_range,/scan,0.0,0.5
8d722d33-c440-466d-9968-517118a74f9d,19.71,minimum_right_range,/scan,0.0,0.5
8d722d33-c440-466d-9968-517118a74f9d,19.809,minimum_right_range,/scan,0.0,0.5
8d722d33-c440-466d-9968-517118a74f9d,19.911,minimum_right_range,/scan,0.0,0.5
8d722d33-c440-466d-9968-517118a74f9d,20.01,minimum_right_range,/scan,0.0,0.5
8d722d33-c440-466d-9968-517118a74f9d,20.109,minimum_right_range,/scan,0.0,0.5
8d722d33-c440-466d-9968-517118a74f9d,20.211000000000002,minimum_right_range,/scan,0.0,0.5
8d722d33-c440-466d-9968-517118a74f9d,20.310000000000002,minimum_right_range,/scan,0.0,0.5
8d722d33-c440-466d-9968-517118a74f9d,20.409000000000002,minimum_right_range,/scan,0.0,0.5
8d722d33-c440-466d-9968-517118a74f9d,20.511000000000003,minimum_right_range,/scan,0.0,0.5
8d722d33-c440-466d-9968-517118a74f9d,20.610000000000003,minimum_right_range,/scan,0.0,0.5
8d722d33-c440-466d-9968-517118a74f9d,20.709,minimum_right_range,/scan,0.0,0.5
8d722d33-c440-466d-9968-517118a74f9d,20.811,minimum_right_range,/scan,0.0,0.5
8d722d33-c440-466d-9968-517118a74f9d,20.91,minimum_right_range,/scan,0.0,0.5
8d722d33-c440-466d-9968-517118a74f9d,21.009,minimum_right_range,/scan,0.0,0.5
8d722d33-c440-466d-9968-517118a74f9d,21.111,minimum_right_range,/scan,0.0,0.5
8d722d33-c440-466d-9968-517118a74f9d,21.21,minimum_right_range,/scan,0.0,0.5
8d722d33-c440-466d-9968-517118a74f9d,21.309,minimum_right_range,/scan,0.0,0.5
8d722d33-c440-466d-9968-517118a74f9d,21.411,minimum_right_range,/scan,0.0,0.5
8d722d33-c440-466d-9968-517118a74f9d,21.51,minimum_right_range,/scan,0.0,0.5
8d722d33-c440-466d-9968-517118a74f9d,21.609,minimum_right_range,/scan,0.0,0.5
8d722d33-c440-466d-9968-517118a74f9d,21.711000000000002,minimum_right_range,/scan,0.0,0.5
8d722d33-c440-466d-9968-517118a74f9d,21.810000000000002,minimum_right_range,/scan,0.0,0.5
8d722d33-c440-466d-9968-517118a74f9d,21.912000000000003,minimum_right_range,/scan,0.0,0.5
8d722d33-c440-466d-9968-517118a74f9d,22.011000000000003,minimum_right_range,/scan,0.0,0.5
8d722d33-c440-466d-9968-517118a74f9d,22.110000000000003,minimum_right_range,/scan,0.0,0.5
8d722d33-c440-466d-9968-517118a74f9d,22.209,minimum_right_range,/scan,0.0,0.5
8d722d33-c440-466d-9968-517118a74f9d,22.311,minimum_right_range,/scan,0.0,0.5
8d722d33-c440-466d-9968-517118a74f9d,22.41,minimum_right_range,/scan,0.0,0.5
8d722d33-c440-466d-9968-517118a74f9d,22.509,minimum_right_range,/scan,0.0,0.5
8d722d33-c440-466d-9968-517118a74f9d,22.611,minimum_right_range,/scan,0.0,0.5
8d722d33-c440-466d-9968-517118a74f9d,22.71,minimum_right_range,/scan,0.0,0.5
8d722d33-c440-466d-9968-517118a74f9d,22.809,minimum_right_range,/scan,0.0,0.5
8d722d33-c440-466d-9968-517118a74f9d,22.911,minimum_right_range,/scan,0.0,0.5
8d722d33-c440-466d-9968-517118a74f9d,23.01,minimum_right_range,/scan,0.0,0.5
8d722d33-c440-466d-9968-517118a74f9d,23.106,minimum_right_range,/scan,0.0,0.5
8d722d33-c440-466d-9968-517118a74f9d,23.211000000000002,minimum_right_range,/scan,0.0,0.5
8d722d33-c440-466d-9968-517118a74f9d,23.310000000000002,minimum_right_range,/scan,0.0,0.5
8d722d33-c440-466d-9968-517118a74f9d,23.409000000000002,minimum_right_range,/scan,0.0,0.5
8d722d33-c440-466d-9968-517118a74f9d,23.514000000000003,minimum_right_range,/scan,0.0,0.5
8d722d33-c440-466d-9968-517118a74f9d,23.610000000000003,minimum_right_range,/scan,0.0,0.5
8d722d33-c440-466d-9968-517118a74f9d,23.709000000000003,minimum_right_range,/scan,0.0,0.5
8d722d33-c440-466d-9968-517118a74f9d,23.811,minimum_right_range,/scan,0.0,0.5
8d722d33-c440-466d-9968-517118a74f9d,23.91,minimum_right_range,/scan,0.0,0.5
8d722d33-c440-466d-9968-517118a74f9d,24.009,minimum_right_range,/scan,0.0,0.5
8d722d33-c440-466d-9968-517118a74f9d,24.111,minimum_right_range,/scan,0.0,0.5
8d722d33-c440-466d-9968-517118a74f9d,24.21,minimum_right_range,/scan,0.0,0.5
8d722d33-c440-466d-9968-517118a74f9d,24.309,minimum_right_range,/scan,0.0,0.5
8d722d33-c440-466d-9968-517118a74f9d,24.411,minimum_right_range,/scan,0.0,0.5
8d722d33-c440-466d-9968-517118a74f9d,24.51,minimum_right_range,/scan,0.0,0.5
8d722d33-c440-466d-9968-517118a74f9d,24.609,minimum_right_range,/scan,0.0,0.5
8d722d33-c440-466d-9968-517118a74f9d,24.711000000000002,minimum_right_range,/scan,0.0,0.5
8d722d33-c440-466d-9968-517118a74f9d,24.810000000000002,minimum_right_range,/scan,0.0,0.5
8d722d33-c440-466d-9968-517118a74f9d,24.909000000000002,minimum_right_range,/scan,0.0,0.5
8d722d33-c440-466d-9968-517118a74f9d,25.011000000000003,minimum_right_range,/scan,0.0,0.5
8d722d33-c440-466d-9968-517118a74f9d,25.110000000000003,minimum_right_range,/scan,0.0,0.5
8d722d33-c440-466d-9968-517118a74f9d,25.209000000000003,minimum_right_range,/scan,0.0,0.5
8d722d33-c440-466d-9968-517118a74f9d,25.311,minimum_right_range,/scan,0.0,0.5
8d722d33-c440-466d-9968-517118a74f9d,25.41,minimum_right_range,/scan,0.0,0.5
8d722d33-c440-466d-9968-517118a74f9d,25.509,minimum_right_range,/scan,0.0,0.5
8d722d33-c440-466d-9968-517118a74f9d,25.611,minimum_right_range,/scan,0.0,0.5
8d722d33-c440-466d-9968-517118a74f9d,25.71,minimum_right_range,/scan,0.0,0.5
8d722d33-c440-466d-9968-517118a74f9d,25.809,minimum_right_range,/scan,0.0,0.5
8d722d33-c440-466d-9968-517118a74f9d,25.911,minimum_right_range,/scan,0.0,0.5
8d722d33-c440-466d-9968-517118a74f9d,26.01,minimum_right_range,/scan,0.0,0.5
8d722d33-c440-466d-9968-517118a74f9d,26.109,minimum_right_range,/scan,0.0,0.5
8d722d33-c440-466d-9968-517118a74f9d,26.211000000000002,minimum_right_range,/scan,0.0,0.5
8d722d33-c440-466d-9968-517118a74f9d,26.310000000000002,minimum_right_range,/scan,0.0,0.5
8d722d33-c440-466d-9968-517118a74f9d,26.409000000000002,minimum_right_range,/scan,0.0,0.5
8d722d33-c440-466d-9968-517118a74f9d,26.511000000000003,minimum_right_range,/scan,0.0,0.5
8d722d33-c440-466d-9968-517118a74f9d,26.610000000000003,minimum_right_range,/scan,0.0,0.5
8d722d33-c440-466d-9968-517118a74f9d,26.709000000000003,minimum_right_range,/scan,0.0,0.5
8d722d33-c440-466d-9968-517118a74f9d,26.811,minimum_right_range,/scan,0.0,0.5
8d722d33-c440-466d-9968-517118a74f9d,26.91,minimum_right_range,/scan,0.0,0.5
8d722d33-c440-466d-9968-517118a74f9d,27.009,minimum_right_range,/scan,0.0,0.5
8d722d33-c440-466d-9968-517118a74f9d,27.111,minimum_right_range,/scan,0.0,0.5
8d722d33-c440-466d-9968-517118a74f9d,27.21,minimum_right_range,/scan,0.0,0.5
8d722d33-c440-466d-9968-517118a74f9d,27.309,minimum_right_range,/scan,0.0,0.5
8d722d33-c440-466d-9968-517118a74f9d,27.411,minimum_right_range,/scan,0.0,0.5
8d722d33-c440-466d-9968-517118a74f9d,27.51,minimum_right_range,/scan,0.0,0.5
8d722d33-c440-466d-9968-517118a74f9d,27.609,minimum_right_range,/scan,0.0,0.5
8d722d33-c440-466d-9968-517118a74f9d,27.711000000000002,minimum_right_range,/scan,0.0,0.5
8d722d33-c440-466d-9968-517118a74f9d,27.810000000000002,minimum_right_range,/scan,0.0,0.5
8d722d33-c440-466d-9968-517118a74f9d,27.909000000000002,minimum_right_range,/scan,0.0,0.5
8d722d33-c440-466d-9968-517118a74f9d,28.011000000000003,minimum_right_range,/scan,0.0,0.5
8d722d33-c440-466d-9968-517118a74f9d,28.110000000000003,minimum_right_range,/scan,0.0,0.5
8d722d33-c440-466d-9968-517118a74f9d,28.209000000000003,minimum_right_range,/scan,0.0,0.5
8d722d33-c440-466d-9968-517118a74f9d,28.311000000000003,minimum_right_range,/scan,0.0,0.5
8d722d33-c440-466d-9968-517118a74f9d,28.41,minimum_right_range,/scan,0.0,0.5
8d722d33-c440-466d-9968-517118a74f9d,28.509,minimum_right_range,/scan,0.0,0.5
8d722d33-c440-466d-9968-517118a74f9d,28.611,minimum_right_range,/scan,0.0,0.5
8d722d33-c440-466d-9968-517118a74f9d,28.71,minimum_right_range,/scan,0.0,0.5
8d722d33-c440-466d-9968-517118a74f9d,28.809,minimum_right_range,/scan,0.0,0.5
8d722d33-c440-466d-9968-517118a74f9d,28.911,minimum_right_range,/scan,0.0,0.5
8d722d33-c440-466d-9968-517118a74f9d,29.01,minimum_right_range,/scan,0.0,0.5
8d722d33-c440-466d-9968-517118a74f9d,29.109,minimum_right_range,/scan,0.0,0.5
8d722d33-c440-466d-9968-517118a74f9d,29.211000000000002,minimum_right_range,/scan,0.0,0.5
8d722d33-c440-466d-9968-517118a74f9d,29.310000000000002,minimum_right_range,/scan,0.0,0.5
8d722d33-c440-466d-9968-517118a74f9d,29.409000000000002,minimum_right_range,/scan,0.0,0.5
8d722d33-c440-466d-9968-517118a74f9d,29.511000000000003,minimum_right_range,/scan,0.0,0.5
8d722d33-c440-466d-9968-517118a74f9d,29.610000000000003,minimum_right_range,/scan,0.0,0.5
8d722d33-c440-466d-9968-517118a74f9d,9.360000000000001,odom_x,/odom,2.2371907111862343e-07,0.5
8d722d33-c440-466d-9968-517118a74f9d,9.396,odom_x,/odom,2.2371907111862317e-07,0.5
8d722d33-c440-466d-9968-517118a74f9d,9.432,odom_x,/odom,2.2371907111862324e-07,0.5
8d722d33-c440-466d-9968-517118a74f9d,9.468,odom_x,/odom,2.237190711186231e-07,0.5
8d722d33-c440-466d-9968-517118a74f9d,9.504000000000001,odom_x,/odom,2.2371907111862253e-07,0.5
8d722d33-c440-466d-9968-517118a74f9d,9.540000000000001,odom_x,/odom,2.2371907111862264e-07,0.5
8d722d33-c440-466d-9968-517118a74f9d,9.576,odom_x,/odom,2.2371907111862303e-07,0.5
8d722d33-c440-466d-9968-517118a74f9d,9.612,odom_x,/odom,2.2371907111862306e-07,0.5
8d722d33-c440-466d-9968-517118a74f9d,9.648000000000001,odom_x,/odom,2.237190711186227e-07,0.5
8d722d33-c440-466d-9968-517118a74f9d,9.684000000000001,odom_x,/odom,2.2371907111862282e-07,0.5
8d722d33-c440-466d-9968-517118a74f9d,9.72,odom_x,/odom,2.2371907111862277e-07,0.5
8d722d33-c440-466d-9968-517118a74f9d,9.756,odom_x,/odom,2.2371907111862248e-07,0.5
8d722d33-c440-466d-9968-517118a74f9d,9.792,odom_x,/odom,2.237190711186225e-07,0.5
8d722d33-c440-466d-9968-517118a74f9d,9.828000000000001,odom_x,/odom,2.2371907111862248e-07,0.5
8d722d33-c440-466d-9968-517118a74f9d,9.864,odom_x,/odom,2.2371907111862232e-07,0.5
8d722d33-c440-466d-9968-517118a74f9d,9.9,odom_x,/odom,2.2371907111862232e-07,0.5
8d722d33-c440-466d-9968-517118a74f9d,9.936,odom_x,/odom,2.2371907111862219e-07,0.5
8d722d33-c440-466d-9968-517118a74f9d,9.972000000000001,odom_x,/odom,2.2371907111862184e-07,0.5
8d722d33-c440-466d-9968-517118a74f9d,10.011000000000001,odom_x,/odom,2.2371907111862126e-07,0.5
8d722d33-c440-466d-9968-517118a74f9d,10.044,odom_x,/odom,2.2371907111862102e-07,0.5
8d722d33-c440-466d-9968-517118a74f9d,10.08,odom_x,/odom,2.2371907111862084e-07,0.5
8d722d33-c440-466d-9968-517118a74f9d,10.116000000000001,odom_x,/odom,2.2371907111862102e-07,0.5
8d722d33-c440-466d-9968-517118a74f9d,10.152000000000001,odom_x,/odom,2.2371907111862084e-07,0.5
8d722d33-c440-466d-9968-517118a74f9d,10.188,odom_x,/odom,2.2371907111862078e-07,0.5
8d722d33-c440-466d-9968-517118a74f9d,10.224,odom_x,/odom,2.2371907111862036e-07,0.5
8d722d33-c440-466d-9968-517118a74f9d,10.26,odom_x,/odom,2.2371907111862007e-07,0.5
8d722d33-c440-466d-9968-517118a74f9d,10.296000000000001,odom_x,/odom,2.237190711186195e-07,0.5
8d722d33-c440-466d-9968-517118a74f9d,10.332,odom_x,/odom,2.237190711186193e-07,0.5
8d722d33-c440-466d-9968-517118a74f9d,10.368,odom_x,/odom,2.2371907111861882e-07,0.5
8d722d33-c440-466d-9968-517118a74f9d,10.404,odom_x,/odom,2.2371907111861933e-07,0.5
8d722d33-c440-466d-9968-517118a74f9d,10.440000000000001,odom_x,/odom,2.237190711186192e-07,0.5
8d722d33-c440-466d-9968-517118a74f9d,10.476,odom_x,/odom,2.2371907111861933e-07,0.5
8d722d33-c440-466d-9968-517118a74f9d,10.512,odom_x,/odom,2.2371907111861914e-07,0.5
8d722d33-c440-466d-9968-517118a74f9d,10.548,odom_x,/odom,2.2371907111861896e-07,0.5
8d722d33-c440-466d-9968-517118a74f9d,10.584000000000001,odom_x,/odom,2.2371907111861877e-07,0.5
8d722d33-c440-466d-9968-517118a74f9d,10.620000000000001,odom_x,/odom,2.2371907111861845e-07,0.5
8d722d33-c440-466d-9968-517118a74f9d,10.656,odom_x,/odom,2.2371907111861824e-07,0.5
8d722d33-c440-466d-9968-517118a74f9d,10.692,odom_x,/odom,2.237190711186178e-07,0.5
8d722d33-c440-466d-9968-517118a74f9d,10.728000000000002,odom_x,/odom,2.2371907111861782e-07,0.5
8d722d33-c440-466d-9968-517118a74f9d,10.764000000000001,odom_x,/odom,2.2371907111861766e-07,0.5
8d722d33-c440-466d-9968-517118a74f9d,10.8,odom_x,/odom,2.2371907111861769e-07,0.5
8d722d33-c440-466d-9968-517118a74f9d,10.836,odom_x,/odom,2.2371907111861745e-07,0.5
8d722d33-c440-466d-9968-517118a74f9d,10.872,odom_x,/odom,2.237190711186173e-07,0.5
8d722d33-c440-466d-9968-517118a74f9d,10.911000000000001,odom_x,/odom,2.237190711186169e-07,0.5
8d722d33-c440-466d-9968-517118a74f9d,10.944,odom_x,/odom,2.2371907111861673e-07,0.5
8d722d33-c440-466d-9968-517118a74f9d,10.98,odom_x,/odom,2.237190711186167e-07,0.5
8d722d33-c440-466d-9968-517118a74f9d,11.016,odom_x,/odom,0.0004952237164730159,0.5
8d722d33-c440-466d-9968-517118a74f9d,11.052000000000001,odom_x,/odom,0.001761471168312774,0.5
8d722d33-c440-466d-9968-517118a74f9d,11.088000000000001,odom_x,/odom,0.0036288318637892787,0.5
8d722d33-c440-466d-9968-517118a74f9d,11.124,odom_x,/odom,0.006775555700989703,0.5
8d722d33-c440-466d-9968-517118a74f9d,11.16,odom_x,/odom,0.010379096752006843,0.5
8d722d33-c440-466d-9968-517118a74f9d,11.196000000000002,odom_x,/odom,0.014375229611657755,0.5
8d722d33-c440-466d-9968-517118a74f9d,11.232000000000001,odom_x,/odom,0.018780594269423388,0.5
8d722d33-c440-466d-9968-517118a74f9d,11.268,odom_x,/odom,0.023323885837507413,0.5
8d722d33-c440-466d-9968-517118a74f9d,11.304,odom_x,/odom,0.02787197186676331,0.5
8d722d33-c440-466d-9968-517118a74f9d,11.34,odom_x,/odom,0.03243600112972585,0.5
8d722d33-c440-466d-9968-517118a74f9d,11.376000000000001,odom_x,/odom,0.037096759115875344,0.5
8d722d33-c440-466d-9968-517118a74f9d,11.412,odom_x,/odom,0.041775225827931604,0.5
8d722d33-c440-466d-9968-517118a74f9d,11.448,odom_x,/odom,0.04646844727378234,0.5
8d722d33-c440-466d-9968-517118a74f9d,11.484,odom_x,/odom,0.0512771109373568,0.5
8d722d33-c440-466d-9968-517118a74f9d,11.520000000000001,odom_x,/odom,0.05611202675589066,0.5
8d722d33-c440-466d-9968-517118a74f9d,11.556000000000001,odom_x,/odom,0.06094699879895321,0.5
8d722d33-c440-466d-9968-517118a74f9d,11.592,odom_x,/odom,0.06584067222319023,0.5
8d722d33-c440-466d-9968-517118a74f9d,11.628,odom_x,/odom,0.07070223532285073,0.5
8d722d33-c440-466d-9968-517118a74f9d,11.664000000000001,odom_x,/odom,0.07555898742817331,0.5
8d722d33-c440-466d-9968-517118a74f9d,11.700000000000001,odom_x,/odom,0.08040041647357321,0.5
8d722d33-c440-466d-9968-517118a74f9d,11.736,odom_x,/odom,0.085288552505735,0.5
8d722d33-c440-466d-9968-517118a74f9d,11.772,odom_x,/odom,0.090165081548242,0.5
8d722d33-c440-466d-9968-517118a74f9d,11.811,odom_x,/odom,0.09503399059093333,0.5
8d722d33-c440-466d-9968-517118a74f9d,11.844000000000001,odom_x,/odom,0.0999795949632451,0.5
8d722d33-c440-466d-9968-517118a74f9d,11.88,odom_x,/odom,0.10499343167317617,0.5
8d722d33-c440-466d-9968-517118a74f9d,11.916,odom_x,/odom,0.1100864114895285,0.5
8d722d33-c440-466d-9968-517118a74f9d,11.952,odom_x,/odom,0.1151839426163531,0.5
8d722d33-c440-466d-9968-517118a74f9d,11.988000000000001,odom_x,/odom,0.12030345818939318,0.5
8d722d33-c440-466d-9968-517118a74f9d,12.024000000000001,odom_x,/odom,0.12516276306725155,0.5
8d722d33-c440-466d-9968-517118a74f9d,12.06,odom_x,/odom,0.12992720570181363,0.5
8d722d33-c440-466d-9968-517118a74f9d,12.096,odom_x,/odom,0.1348324005080334,0.5
8d722d33-c440-466d-9968-517118a74f9d,12.132000000000001,odom_x,/odom,0.1396849182783481,0.5
8d722d33-c440-466d-9968-517118a74f9d,12.168000000000001,odom_x,/odom,0.1444694881921349,0.5
8d722d33-c440-466d-9968-517118a74f9d,12.204,odom_x,/odom,0.14925036111787524,0.5
8d722d33-c440-466d-9968-517118a74f9d,12.24,odom_x,/odom,0.15400969289942115,0.5
8d722d33-c440-466d-9968-517118a74f9d,12.276000000000002,odom_x,/odom,0.15884683649343317,0.5
8d722d33-c440-466d-9968-517118a74f9d,12.312000000000001,odom_x,/odom,0.16370140494685148,0.5
8d722d33-c440-466d-9968-517118a74f9d,12.348,odom_x,/odom,0.16862161704627918,0.5
8d722d33-c440-466d-9968-517118a74f9d,12.384,odom_x,/odom,0.17362942178163193,0.5
8d722d33-c440-466d-9968-517118a74f9d,12.42,odom_x,/odom,0.1785331261064989,0.5
8d722d33-c440-466d-9968-517118a74f9d,12.456000000000001,odom_x,/odom,0.18336607161005686,0.5
8d722d33-c440-466d-9968-517118a74f9d,12.492,odom_x,/odom,0.18824870481270112,0.5
8d722d33-c440-466d-9968-517118a74f9d,12.528,odom_x,/odom,0.19325444352908164,0.5
8d722d33-c440-466d-9968-517118a74f9d,12.564,odom_x,/odom,0.19827038303111935,0.5
8d722d33-c440-466d-9968-517118a74f9d,12.600000000000001,odom_x,/odom,0.20340541534957363,0.5
8d722d33-c440-466d-9968-517118a74f9d,12.636000000000001,odom_x,/odom,0.20858683330297795,0.5
8d722d33-c440-466d-9968-517118a74f9d,12.672,odom_x,/odom,0.21381246324592565,0.5
8d722d33-c440-466d-9968-517118a74f9d,12.708,odom_x,/odom,0.2190533012475172,0.5
8d722d33-c440-466d-9968-517118a74f9d,12.744000000000002,odom_x,/odom,0.2244107582420485,0.5
8d722d33-c440-466d-9968-517118a74f9d,12.780000000000001,odom_x,/odom,0.22984092285180957,0.5
8d722d33-c440-466d-9968-517118a74f9d,12.816,odom_x,/odom,0.2352738029605847,0.5
8d722d33-c440-466d-9968-517118a74f9d,12.852,odom_x,/odom,0.2407037458463164,0.5
8d722d33-c440-466d-9968-517118a74f9d,12.888000000000002,odom_x,/odom,0.24615766041038484,0.5
8d722d33-c440-466d-9968-517118a74f9d,12.924000000000001,odom_x,/odom,0.2516623406510768,0.5
8d722d33-c440-466d-9968-517118a74f9d,12.96,odom_x,/odom,0.257176381817619,0.5
8d722d33-c440-466d-9968-517118a74f9d,12.996,odom_x,/odom,0.26267249602773757,0.5
8d722d33-c440-466d-9968-517118a74f9d,13.032,odom_x,/odom,0.2681134355026874,0.5
8d722d33-c440-466d-9968-517118a74f9d,13.068000000000001,odom_x,/odom,0.27363806059516355,0.5
8d722d33-c440-466d-9968-517118a74f9d,13.104000000000001,odom_x,/odom,0.27917180256183444,0.5
8d722d33-c440-466d-9968-517118a74f9d,13.14,odom_x,/odom,0.284702899869864,0.5
8d722d33-c440-466d-9968-517118a74f9d,13.176,odom_x,/odom,0.29027864312696944,0.5
8d722d33-c440-466d-9968-517118a74f9d,13.212000000000002,odom_x,/odom,0.2958634856298816,0.5
8d722d33-c440-466d-9968-517118a74f9d,13.248000000000001,odom_x,/odom,0.30153613203338814,0.5
8d722d33-c440-466d-9968-517118a74f9d,13.284,odom_x,/odom,0.30730159792598943,0.5
8d722d33-c440-466d-9968-517118a74f9d,13.32,odom_x,/odom,0.31312007062026403,0.5
8d722d33-c440-466d-9968-517118a74f9d,13.356000000000002,odom_x,/odom,0.3189564030703586,0.5
8d722d33-c440-466d-9968-517118a74f9d,13.392000000000001,odom_x,/odom,0.3246463627999563,0.5
8d722d33-c440-466d-9968-517118a74f9d,13.428,odom_x,/odom,0.3303375038016618,0.5
8d722d33-c440-466d-9968-517118a74f9d,13.464,odom_x,/odom,0.33603396082931514,0.5
8d722d33-c440-466d-9968-517118a74f9d,13.5,odom_x,/odom,0.3417341588396898,0.5
8d722d33-c440-466d-9968-517118a74f9d,13.536000000000001,odom_x,/odom,0.34744937937229087,0.5
8d722d33-c440-466d-9968-517118a74f9d,13.572000000000001,odom_x,/odom,0.35316086096028226,0.5
8d722d33-c440-466d-9968-517118a74f9d,13.608,odom_x,/odom,0.358870151286147,0.5
8d722d33-c440-466d-9968-517118a74f9d,13.644,odom_x,/odom,0.3647916360987949,0.5
8d722d33-c440-466d-9968-517118a74f9d,13.680000000000001,odom_x,/odom,0.37083865888192163,0.5
8d722d33-c440-466d-9968-517118a74f9d,13.716000000000001,odom_x,/odom,0.3770337818066523,0.5
8d722d33-c440-466d-9968-517118a74f9d,13.752,odom_x,/odom,0.3832560784560983,0.5
8d722d33-c440-466d-9968-517118a74f9d,13.788,odom_x,/odom,0.38971597973670935,0.5
8d722d33-c440-466d-9968-517118a74f9d,13.824000000000002,odom_x,/odom,0.3962530257780925,0.5
8d722d33-c440-466d-9968-517118a74f9d,13.860000000000001,odom_x,/odom,0.40279652692836726,0.5
8d722d33-c440-466d-9968-517118a74f9d,13.896,odom_x,/odom,0.4092653932933468,0.5
8d722d33-c440-466d-9968-517118a74f9d,13.932,odom_x,/odom,0.4156226831441578,0.5
8d722d33-c440-466d-9968-517118a74f9d,13.968000000000002,odom_x,/odom,0.4218429862107108,0.5
8d722d33-c440-466d-9968-517118a74f9d,14.004000000000001,odom_x,/odom,0.4280535743665395,0.5
8d722d33-c440-466d-9968-517118a74f9d,14.040000000000001,odom_x,/odom,0.43426416001841417,0.5
8d722d33-c440-466d-9968-517118a74f9d,14.076,odom_x,/odom,0.4405604401585701,0.5
8d722d33-c440-466d-9968-517118a74f9d,14.112,odom_x,/odom,0.4468736253496499,0.5
8d722d33-c440-466d-9968-517118a74f9d,14.148000000000001,odom_x,/odom,0.4532103128387016,0.5
8d722d33-c440-466d-9968-517118a74f9d,14.184000000000001,odom_x,/odom,0.45948906808523804,0.5
8d722d33-c440-466d-9968-517118a74f9d,14.22,odom_x,/odom,0.4658527357184256,0.5
8d722d33-c440-466d-9968-517118a74f9d,14.256,odom_x,/odom,0.47227035280522234,0.5
8d722d33-c440-466d-9968-517118a74f9d,14.292000000000002,odom_x,/odom,0.4785804479146909,0.5
8d722d33-c440-466d-9968-517118a74f9d,14.328000000000001,odom_x,/odom,0.4849598335201618,0.5
8d722d33-c440-466d-9968-517118a74f9d,14.364,odom_x,/odom,0.49135061664725055,0.5
8d722d33-c440-466d-9968-517118a74f9d,14.4,odom_x,/odom,0.4976967107522247,0.5
8d722d33-c440-466d-9968-517118a74f9d,14.436000000000002,odom_x,/odom,0.5041379320287913,0.5
8d722d33-c440-466d-9968-517118a74f9d,14.472000000000001,odom_x,/odom,0.5106859357391936,0.5
8d722d33-c440-466d-9968-517118a74f9d,14.511000000000001,odom_x,/odom,0.5172605620824714,0.5
8d722d33-c440-466d-9968-517118a74f9d,14.544,odom_x,/odom,0.5238719189828913,0.5
8d722d33-c440-466d-9968-517118a74f9d,14.58,odom_x,/odom,0.5305180932425587,0.5
8d722d33-c440-466d-9968-517118a74f9d,14.616000000000001,odom_x,/odom,0.5372690640846092,0.5
8d722d33-c440-466d-9968-517118a74f9d,14.652000000000001,odom_x,/odom,0.544028559429392,0.5
8d722d33-c440-466d-9968-517118a74f9d,14.688,odom_x,/odom,0.5508181571253327,0.5
8d722d33-c440-466d-9968-517118a74f9d,14.724,odom_x,/odom,0.5574793508585779,0.5
8d722d33-c440-466d-9968-517118a74f9d,14.760000000000002,odom_x,/odom,0.5641089621771058,0.5
8d722d33-c440-466d-9968-517118a74f9d,14.796000000000001,odom_x,/odom,0.5705603868960262,0.5
8d722d33-c440-466d-9968-517118a74f9d,14.832,odom_x,/odom,0.5768833190089162,0.5
8d722d33-c440-466d-9968-517118a74f9d,14.868,odom_x,/odom,0.5833225245887094,0.5
8d722d33-c440-466d-9968-517118a74f9d,14.904000000000002,odom_x,/odom,0.589779798836212,0.5
8d722d33-c440-466d-9968-517118a74f9d,14.940000000000001,odom_x,/odom,0.5963484088169538,0.5
8d722d33-c440-466d-9968-517118a74f9d,14.976,odom_x,/odom,0.6029368471398292,0.5
8d722d33-c440-466d-9968-517118a74f9d,15.012,odom_x,/odom,0.6095166667863062,0.5
8d722d33-c440-466d-9968-517118a74f9d,15.048000000000002,odom_x,/odom,0.616056413587732,0.5
8d722d33-c440-466d-9968-517118a74f9d,15.084000000000001,odom_x,/odom,0.622681349017628,0.5
8d722d33-c440-466d-9968-517118a74f9d,15.120000000000001,odom_x,/odom,0.6293050069982075,0.5
8d722d33-c440-466d-9968-517118a74f9d,15.156,odom_x,/odom,0.6359194143335458,0.5
8d722d33-c440-466d-9968-517118a74f9d,15.192,odom_x,/odom,0.6424892305314105,0.5
8d722d33-c440-466d-9968-517118a74f9d,15.228000000000002,odom_x,/odom,0.649168866457081,0.5
8d722d33-c440-466d-9968-517118a74f9d,15.264000000000001,odom_x,/odom,0.6558629108731273,0.5
8d722d33-c440-466d-9968-517118a74f9d,15.3,odom_x,/odom,0.6625343293749145,0.5
8d722d33-c440-466d-9968-517118a74f9d,15.336,odom_x,/odom,0.669231041854094,0.5
8d722d33-c440-466d-9968-517118a74f9d,15.372000000000002,odom_x,/odom,0.6759770009645266,0.5
8d722d33-c440-466d-9968-517118a74f9d,15.411000000000001,odom_x,/odom,0.6827369262530695,0.5
8d722d33-c440-466d-9968-517118a74f9d,15.444,odom_x,/odom,0.6895352440185863,0.5
8d722d33-c440-466d-9968-517118a74f9d,15.48,odom_x,/odom,0.6963044794638449,0.5
8d722d33-c440-466d-9968-517118a74f9d,15.516000000000002,odom_x,/odom,0.7028839207431247,0.5
8d722d33-c440-466d-9968-517118a74f9d,15.552000000000001,odom_x,/odom,0.7094182536177844,0.5
8d722d33-c440-466d-9968-517118a74f9d,15.588000000000001,odom_x,/odom,0.7158429085111235,0.5
8d722d33-c440-466d-9968-517118a74f9d,15.624,odom_x,/odom,0.7223551613043069,0.5
8d722d33-c440-466d-9968-517118a74f9d,15.66,odom_x,/odom,0.728888631624073,0.5
8d722d33-c440-466d-9968-517118a74f9d,15.696000000000002,odom_x,/odom,0.735297143922438,0.5
8d722d33-c440-466d-9968-517118a74f9d,15.732000000000001,odom_x,/odom,0.7417676538116105,0.5
8d722d33-c440-466d-9968-517118a74f9d,15.768,odom_x,/odom,0.7482959097272542,0.5
8d722d33-c440-466d-9968-517118a74f9d,15.804,odom_x,/odom,0.7548268450657343,0.5
8d722d33-c440-466d-9968-517118a74f9d,15.840000000000002,odom_x,/odom,0.7614168468571978,0.5
8d722d33-c440-466d-9968-517118a74f9d,15.876000000000001,odom_x,/odom,0.768008174689032,0.5
8d722d33-c440-466d-9968-517118a74f9d,15.912,odom_x,/odom,0.7745940921764224,0.5
8d722d33-c440-466d-9968-517118a74f9d,15.948,odom_x,/odom,0.781231797244792,0.5
8d722d33-c440-466d-9968-517118a74f9d,15.984000000000002,odom_x,/odom,0.7871770100939567,0.5
8d722d33-c440-466d-9968-517118a74f9d,16.02,odom_x,/odom,0.7930704701121798,0.5
8d722d33-c440-466d-9968-517118a74f9d,16.056,odom_x,/odom,0.7989414252006211,0.5
8d722d33-c440-466d-9968-517118a74f9d,16.092000000000002,odom_x,/odom,0.8046966414332232,0.5
8d722d33-c440-466d-9968-517118a74f9d,16.128,odom_x,/odom,0.810422269122079,0.5
8d722d33-c440-466d-9968-517118a74f9d,16.164,odom_x,/odom,0.8161496024202742,0.5
8d722d33-c440-466d-9968-517118a74f9d,16.2,odom_x,/odom,0.8218633832711684,0.5
8d722d33-c440-466d-9968-517118a74f9d,16.236,odom_x,/odom,0.8274912977092181,0.5
8d722d33-c440-466d-9968-517118a74f9d,16.272000000000002,odom_x,/odom,0.8332840965476539,0.5
8d722d33-c440-466d-9968-517118a74f9d,16.311,odom_x,/odom,0.8391645126120973,0.5
8d722d33-c440-466d-9968-517118a74f9d,16.344,odom_x,/odom,0.8450626666176413,0.5
8d722d33-c440-466d-9968-517118a74f9d,16.380000000000003,odom_x,/odom,0.8509766693431643,0.5
8d722d33-c440-466d-9968-517118a74f9d,16.416,odom_x,/odom,0.8569306410651822,0.5
8d722d33-c440-466d-9968-517118a74f9d,16.452,odom_x,/odom,0.8628916052205442,0.5
8d722d33-c440-466d-9968-517118a74f9d,16.488,odom_x,/odom,0.8688584251191113,0.5
8d722d33-c440-466d-9968-517118a74f9d,16.524,odom_x,/odom,0.8747967834683296,0.5
8d722d33-c440-466d-9968-517118a74f9d,16.560000000000002,odom_x,/odom,0.8807295165743374,0.5
8d722d33-c440-466d-9968-517118a74f9d,16.596,odom_x,/odom,0.8866131328381713,0.5
8d722d33-c440-466d-9968-517118a74f9d,16.632,odom_x,/odom,0.8924649499194113,0.5
8d722d33-c440-466d-9968-517118a74f9d,16.668000000000003,odom_x,/odom,0.8981993824317913,0.5
8d722d33-c440-466d-9968-517118a74f9d,16.704,odom_x,/odom,0.9039217881386858,0.5
8d722d33-c440-466d-9968-517118a74f9d,16.740000000000002,odom_x,/odom,0.9096246400292852,0.5
8d722d33-c440-466d-9968-517118a74f9d,16.776,odom_x,/odom,0.9153355936873283,0.5
8d722d33-c440-466d-9968-517118a74f9d,16.812,odom_x,/odom,0.9210503202272896,0.5
8d722d33-c440-466d-9968-517118a74f9d,16.848000000000003,odom_x,/odom,0.9267913756637096,0.5
8d722d33-c440-466d-9968-517118a74f9d,16.884,odom_x,/odom,0.9326937169587611,0.5
8d722d33-c440-466d-9968-517118a74f9d,16.92,odom_x,/odom,0.9384676318670885,0.5
8d722d33-c440-466d-9968-517118a74f9d,16.956,odom_x,/odom,0.9441180789181868,0.5
8d722d33-c440-466d-9968-517118a74f9d,16.992,odom_x,/odom,0.9497788223107901,0.5
8d722d33-c440-466d-9968-517118a74f9d,17.028000000000002,odom_x,/odom,0.9553689937025686,0.5
8d722d33-c440-466d-9968-517118a74f9d,17.064,odom_x,/odom,0.9609523652827422,0.5
8d722d33-c440-466d-9968-517118a74f9d,17.1,odom_x,/odom,0.9666162751642099,0.5
8d722d33-c440-466d-9968-517118a74f9d,17.136000000000003,odom_x,/odom,0.9723419509523291,0.5
8d722d33-c440-466d-9968-517118a74f9d,17.172,odom_x,/odom,0.9780498672286929,0.5
8d722d33-c440-466d-9968-517118a74f9d,17.208000000000002,odom_x,/odom,0.983751242079499,0.5
8d722d33-c440-466d-9968-517118a74f9d,17.244,odom_x,/odom,0.9894369937481964,0.5
8d722d33-c440-466d-9968-517118a74f9d,17.28,odom_x,/odom,0.995043488963138,0.5
8d722d33-c440-466d-9968-517118a74f9d,17.316000000000003,odom_x,/odom,1.0006441722463029,0.5
8d722d33-c440-466d-9968-517118a74f9d,17.352,odom_x,/odom,1.0062518640922837,0.5
8d722d33-c440-466d-9968-517118a74f9d,17.388,odom_x,/odom,1.0118062945606823,0.5
8d722d33-c440-466d-9968-517118a74f9d,17.424,odom_x,/odom,1.017274971846558,0.5
8d722d33-c440-466d-9968-517118a74f9d,17.46,odom_x,/odom,1.0227274644059967,0.5
8d722d33-c440-466d-9968-517118a74f9d,17.496000000000002,odom_x,/odom,1.0283479750111393,0.5
8d722d33-c440-466d-9968-517118a74f9d,17.532,odom_x,/odom,1.0340390993230624,0.5
8d722d33-c440-466d-9968-517118a74f9d,17.568,odom_x,/odom,1.0396362794730474,0.5
8d722d33-c440-466d-9968-517118a74f9d,17.604000000000003,odom_x,/odom,1.0452228545190465,0.5
8d722d33-c440-466d-9968-517118a74f9d,17.64,odom_x,/odom,1.050715400036628,0.5
8d722d33-c440-466d-9968-517118a74f9d,17.676000000000002,odom_x,/odom,1.0561577173970145,0.5
8d722d33-c440-466d-9968-517118a74f9d,17.712,odom_x,/odom,1.0616006783537602,0.5
8d722d33-c440-466d-9968-517118a74f9d,17.748,odom_x,/odom,1.0670342255428382,0.5
8d722d33-c440-466d-9968-517118a74f9d,17.784000000000002,odom_x,/odom,1.072505902649812,0.5
8d722d33-c440-466d-9968-517118a74f9d,17.82,odom_x,/odom,1.0780128658136765,0.5
8d722d33-c440-466d-9968-517118a74f9d,17.856,odom_x,/odom,1.0835290537011182,0.5
8d722d33-c440-466d-9968-517118a74f9d,17.892,odom_x,/odom,1.0890374303303934,0.5
8d722d33-c440-466d-9968-517118a74f9d,17.928,odom_x,/odom,1.0944363154584809,0.5
8d722d33-c440-466d-9968-517118a74f9d,17.964000000000002,odom_x,/odom,1.0998235685145918,0.5
8d722d33-c440-466d-9968-517118a74f9d,18.0,odom_x,/odom,1.1052437236072485,0.5
8d722d33-c440-466d-9968-517118a74f9d,18.036,odom_x,/odom,1.1105674317315528,0.5
8d722d33-c440-466d-9968-517118a74f9d,18.072000000000003,odom_x,/odom,1.1159534458532023,0.5
8d722d33-c440-466d-9968-517118a74f9d,18.111,odom_x,/odom,1.121371961835773,0.5
8d722d33-c440-466d-9968-517118a74f9d,18.144000000000002,odom_x,/odom,1.126742034793632,0.5
8d722d33-c440-466d-9968-517118a74f9d,18.18,odom_x,/odom,1.13213842985629,0.5
8d722d33-c440-466d-9968-517118a74f9d,18.216,odom_x,/odom,1.1375020087428636,0.5
8d722d33-c440-466d-9968-517118a74f9d,18.252000000000002,odom_x,/odom,1.142855513185299,0.5
8d722d33-c440-466d-9968-517118a74f9d,18.288,odom_x,/odom,1.1483183406640378,0.5
8d722d33-c440-466d-9968-517118a74f9d,18.324,odom_x,/odom,1.1537801919940835,0.5
8d722d33-c440-466d-9968-517118a74f9d,18.36,odom_x,/odom,1.1592396003179686,0.5
8d722d33-c440-466d-9968-517118a74f9d,18.396,odom_x,/odom,1.1647259515355761,0.5
8d722d33-c440-466d-9968-517118a74f9d,18.432000000000002,odom_x,/odom,1.1702631078722667,0.5
8d722d33-c440-466d-9968-517118a74f9d,18.468,odom_x,/odom,1.1757620776616906,0.5
8d722d33-c440-466d-9968-517118a74f9d,18.504,odom_x,/odom,1.181256392667323,0.5
8d722d33-c440-466d-9968-517118a74f9d,18.540000000000003,odom_x,/odom,1.1867934593206915,0.5
8d722d33-c440-466d-9968-517118a74f9d,18.576,odom_x,/odom,1.1924377243509146,0.5
8d722d33-c440-466d-9968-517118a74f9d,18.612000000000002,odom_x,/odom,1.1980999013926854,0.5
8d722d33-c440-466d-9968-517118a74f9d,18.648,odom_x,/odom,1.2038430537879266,0.5
8d722d33-c440-466d-9968-517118a74f9d,18.684,odom_x,/odom,1.2096046851545776,0.5
8d722d33-c440-466d-9968-517118a74f9d,18.720000000000002,odom_x,/odom,1.2152492839679125,0.5
8d722d33-c440-466d-9968-517118a74f9d,18.756,odom_x,/odom,1.2208465144894347,0.5
8d722d33-c440-466d-9968-517118a74f9d,18.792,odom_x,/odom,1.2263861955683604,0.5
8d722d33-c440-466d-9968-517118a74f9d,18.828,odom_x,/odom,1.2319803857145162,0.5
8d722d33-c440-466d-9968-517118a74f9d,18.864,odom_x,/odom,1.237581432489921,0.5
8d722d33-c440-466d-9968-517118a74f9d,18.900000000000002,odom_x,/odom,1.2431725051113505,0.5
8d722d33-c440-466d-9968-517118a74f9d,18.936,odom_x,/odom,1.248645465928921,0.5
8d722d33-c440-466d-9968-517118a74f9d,18.972,odom_x,/odom,1.2541341831852715,0.5
8d722d33-c440-466d-9968-517118a74f9d,19.008000000000003,odom_x,/odom,1.2596371733839458,0.5
8d722d33-c440-466d-9968-517118a74f9d,19.044,odom_x,/odom,1.265152942626116,0.5
8d722d33-c440-466d-9968-517118a74f9d,19.080000000000002,odom_x,/odom,1.2707281861959259,0.5
8d722d33-c440-466d-9968-517118a74f9d,19.116,odom_x,/odom,1.2762819766819284,0.5
8d722d33-c440-466d-9968-517118a74f9d,19.152,odom_x,/odom,1.2818312897487318,0.5
8d722d33-c440-466d-9968-517118a74f9d,19.188000000000002,odom_x,/odom,1.287305833803965,0.5
8d722d33-c440-466d-9968-517118a74f9d,19.224,odom_x,/odom,1.2928802934552865,0.5
8d722d33-c440-466d-9968-517118a74f9d,19.26,odom_x,/odom,1.2984795388974053,0.5
8d722d33-c440-466d-9968-517118a74f9d,19.296000000000003,odom_x,/odom,1.3041606172096287,0.5
8d722d33-c440-466d-9968-517118a74f9d,19.332,odom_x,/odom,1.3097707425063678,0.5
8d722d33-c440-466d-9968-517118a74f9d,19.368000000000002,odom_x,/odom,1.3154719651023938,0.5
8d722d33-c440-466d-9968-517118a74f9d,19.404,odom_x,/odom,1.321188007436913,0.5
8d722d33-c440-466d-9968-517118a74f9d,19.44,odom_x,/odom,1.3269939734028915,0.5
8d722d33-c440-466d-9968-517118a74f9d,19.476000000000003,odom_x,/odom,1.3325633072345497,0.5
8d722d33-c440-466d-9968-517118a74f9d,19.512,odom_x,/odom,1.3380620612180392,0.5
8d722d33-c440-466d-9968-517118a74f9d,19.548000000000002,odom_x,/odom,1.3435482106281955,0.5
8d722d33-c440-466d-9968-517118a74f9d,19.584,odom_x,/odom,1.3491002965108971,0.5
8d722d33-c440-466d-9968-517118a74f9d,19.62,odom_x,/odom,1.3546376230177188,0.5
8d722d33-c440-466d-9968-517118a74f9d,19.656000000000002,odom_x,/odom,1.3601608573563078,0.5
8d722d33-c440-466d-9968-517118a74f9d,19.692,odom_x,/odom,1.3656053228368512,0.5
8d722d33-c440-466d-9968-517118a74f9d,19.728,odom_x,/odom,1.371182406847167,0.5
8d722d33-c440-466d-9968-517118a74f9d,19.764000000000003,odom_x,/odom,1.3767817349441518,0.5
8d722d33-c440-466d-9968-517118a74f9d,19.8,odom_x,/odom,1.3824195192994861,0.5
8d722d33-c440-466d-9968-517118a74f9d,19.836000000000002,odom_x,/odom,1.3880085270252314,0.5
8d722d33-c440-466d-9968-517118a74f9d,19.872,odom_x,/odom,1.3935348526200846,0.5
8d722d33-c440-466d-9968-517118a74f9d,19.911,odom_x,/odom,1.39904476697457,0.5
8d722d33-c440-466d-9968-517118a74f9d,19.944000000000003,odom_x,/odom,1.4045995085310308,0.5
8d722d33-c440-466d-9968-517118a74f9d,19.98,odom_x,/odom,1.4102253155226434,0.5
8d722d33-c440-466d-9968-517118a74f9d,20.016000000000002,odom_x,/odom,1.415790504600176,0.5
8d722d33-c440-466d-9968-517118a74f9d,20.052,odom_x,/odom,1.4213358417217423,0.5
8d722d33-c440-466d-9968-517118a74f9d,20.088,odom_x,/odom,1.4269395515802878,0.5
8d722d33-c440-466d-9968-517118a74f9d,20.124000000000002,odom_x,/odom,1.4325188551527488,0.5
8d722d33-c440-466d-9968-517118a74f9d,20.16,odom_x,/odom,1.4380921079685847,0.5
8d722d33-c440-466d-9968-517118a74f9d,20.196,odom_x,/odom,1.4437261062299784,0.5
8d722d33-c440-466d-9968-517118a74f9d,20.232000000000003,odom_x,/odom,1.4494858496826621,0.5
8d722d33-c440-466d-9968-517118a74f9d,20.268,odom_x,/odom,1.4552384844791528,0.5
8d722d33-c440-466d-9968-517118a74f9d,20.304000000000002,odom_x,/odom,1.4609863851666538,0.5
8d722d33-c440-466d-9968-517118a74f9d,20.34,odom_x,/odom,1.466762215408227,0.5
8d722d33-c440-466d-9968-517118a74f9d,20.376,odom_x,/odom,1.4724830244550295,0.5
8d722d33-c440-466d-9968-517118a74f9d,20.412000000000003,odom_x,/odom,1.4781900303198503,0.5
8d722d33-c440-466d-9968-517118a74f9d,20.448,odom_x,/odom,1.4839052917732958,0.5
8d722d33-c440-466d-9968-517118a74f9d,20.484,odom_x,/odom,1.4897221673070515,0.5
8d722d33-c440-466d-9968-517118a74f9d,20.52,odom_x,/odom,1.495658205633878,0.5
8d722d33-c440-466d-9968-517118a74f9d,20.556,odom_x,/odom,1.5016302093432836,0.5
8d722d33-c440-466d-9968-517118a74f9d,20.592000000000002,odom_x,/odom,1.5076325177384167,0.5
8d722d33-c440-466d-9968-517118a74f9d,20.628,odom_x,/odom,1.5135504533044168,0.5
8d722d33-c440-466d-9968-517118a74f9d,20.664,odom_x,/odom,1.5194591783418867,0.5
8d722d33-c440-466d-9968-517118a74f9d,20.700000000000003,odom_x,/odom,1.5254090686664175,0.5
8d722d33-c440-466d-9968-517118a74f9d,20.736,odom_x,/odom,1.531254685705012,0.5
8d722d33-c440-466d-9968-517118a74f9d,20.772000000000002,odom_x,/odom,1.5370546495286583,0.5
8d722d33-c440-466d-9968-517118a74f9d,20.811,odom_x,/odom,1.5428444892370303,0.5
8d722d33-c440-466d-9968-517118a74f9d,20.844,odom_x,/odom,1.5486438628250407,0.5
8d722d33-c440-466d-9968-517118a74f9d,20.880000000000003,odom_x,/odom,1.5545265129659123,0.5
8d722d33-c440-466d-9968-517118a74f9d,20.916,odom_x,/odom,1.5604658552644421,0.5
8d722d33-c440-466d-9968-517118a74f9d,20.952,odom_x,/odom,1.5664063105879968,0.5
8d722d33-c440-466d-9968-517118a74f9d,20.988,odom_x,/odom,1.572255430627489,0.5
8d722d33-c440-466d-9968-517118a74f9d,21.024,odom_x,/odom,1.578100176039512,0.5
8d722d33-c440-466d-9968-517118a74f9d,21.060000000000002,odom_x,/odom,1.5839457462228377,0.5
8d722d33-c440-466d-9968-517118a74f9d,21.096,odom_x,/odom,1.5898619085227372,0.5
8d722d33-c440-466d-9968-517118a74f9d,21.132,odom_x,/odom,1.5958491426306012,0.5
8d722d33-c440-466d-9968-517118a74f9d,21.168000000000003,odom_x,/odom,1.6017417476678188,0.5
8d722d33-c440-466d-9968-517118a74f9d,21.204,odom_x,/odom,1.6076213031563584,0.5
8d722d33-c440-466d-9968-517118a74f9d,21.240000000000002,odom_x,/odom,1.6135310717020515,0.5
8d722d33-c440-466d-9968-517118a74f9d,21.276,odom_x,/odom,1.619504193087103,0.5
8d722d33-c440-466d-9968-517118a74f9d,21.312,odom_x,/odom,1.6254869805348795,0.5
8d722d33-c440-466d-9968-517118a74f9d,21.348000000000003,odom_x,/odom,1.6314238415713174,0.5
8d722d33-c440-466d-9968-517118a74f9d,21.384,odom_x,/odom,1.63739989552229,0.5
8d722d33-c440-466d-9968-517118a74f9d,21.42,odom_x,/odom,1.6434900057085897,0.5
8d722d33-c440-466d-9968-517118a74f9d,21.456000000000003,odom_x,/odom,1.6496415289867146,0.5
8d722d33-c440-466d-9968-517118a74f9d,21.492,odom_x,/odom,1.6557756489637783,0.5
8d722d33-c440-466d-9968-517118a74f9d,21.528000000000002,odom_x,/odom,1.6619701073390645,0.5
8d722d33-c440-466d-9968-517118a74f9d,21.564,odom_x,/odom,1.6681705595968133,0.5
8d722d33-c440-466d-9968-517118a74f9d,21.6,odom_x,/odom,1.6743251352800232,0.5
8d722d33-c440-466d-9968-517118a74f9d,21.636000000000003,odom_x,/odom,1.6804877928998527,0.5
8d722d33-c440-466d-9968-517118a74f9d,21.672,odom_x,/odom,1.6865468806370643,0.5
8d722d33-c440-466d-9968-517118a74f9d,21.711000000000002,odom_x,/odom,1.6925632455850654,0.5
8d722d33-c440-466d-9968-517118a74f9d,21.744,odom_x,/odom,1.6985500122932078,0.5
8d722d33-c440-466d-9968-517118a74f9d,21.78,odom_x,/odom,1.704594166307639,0.5
8d722d33-c440-466d-9968-517118a74f9d,21.816000000000003,odom_x,/odom,1.7106994612817015,0.5
8d722d33-c440-466d-9968-517118a74f9d,21.852,odom_x,/odom,1.7168106361209903,0.5
8d722d33-c440-466d-9968-517118a74f9d,21.888,odom_x,/odom,1.7229036551328891,0.5
8d722d33-c440-466d-9968-517118a74f9d,21.924000000000003,odom_x,/odom,1.7290280412563166,0.5
8d722d33-c440-466d-9968-517118a74f9d,21.96,odom_x,/odom,1.7351590355636672,0.5
8d722d33-c440-466d-9968-517118a74f9d,21.996000000000002,odom_x,/odom,1.7412563583059426,0.5
8d722d33-c440-466d-9968-517118a74f9d,22.032,odom_x,/odom,1.7473110706970632,0.5
8d722d33-c440-466d-9968-517118a74f9d,22.068,odom_x,/odom,1.7533214904613283,0.5
8d722d33-c440-466d-9968-517118a74f9d,22.104000000000003,odom_x,/odom,1.7593289932902014,0.5
8d722d33-c440-466d-9968-517118a74f9d,22.14,odom_x,/odom,1.7652473734985292,0.5
8d722d33-c440-466d-9968-517118a74f9d,22.176000000000002,odom_x,/odom,1.7711261302553887,0.5
8d722d33-c440-466d-9968-517118a74f9d,22.212,odom_x,/odom,1.7770068981227316,0.5
8d722d33-c440-466d-9968-517118a74f9d,22.248,odom_x,/odom,1.783003562289796,0.5
8d722d33-c440-466d-9968-517118a74f9d,22.284000000000002,odom_x,/odom,1.7890711655905878,0.5
8d722d33-c440-466d-9968-517118a74f9d,22.32,odom_x,/odom,1.795109226310325,0.5
8d722d33-c440-466d-9968-517118a74f9d,22.356,odom_x,/odom,1.8011267896532572,0.5
8d722d33-c440-466d-9968-517118a74f9d,22.392000000000003,odom_x,/odom,1.8071083760580853,0.5
8d722d33-c440-466d-9968-517118a74f9d,22.428,odom_x,/odom,1.8130274201784538,0.5
8d722d33-c440-466d-9968-517118a74f9d,22.464000000000002,odom_x,/odom,1.818941875508436,0.5
8d722d33-c440-466d-9968-517118a74f9d,22.5,odom_x,/odom,1.8249108541184835,0.5
8d722d33-c440-466d-9968-517118a74f9d,22.536,odom_x,/odom,1.8309963616738425,0.5
8d722d33-c440-466d-9968-517118a74f9d,22.572000000000003,odom_x,/odom,1.8370434816025505,0.5
8d722d33-c440-466d-9968-517118a74f9d,22.611,odom_x,/odom,1.8430714321061563,0.5
8d722d33-c440-466d-9968-517118a74f9d,22.644000000000002,odom_x,/odom,1.8490898512506582,0.5
8d722d33-c440-466d-9968-517118a74f9d,22.68,odom_x,/odom,1.8551244268915728,0.5
8d722d33-c440-466d-9968-517118a74f9d,22.716,odom_x,/odom,1.8609688460431828,0.5
8d722d33-c440-466d-9968-517118a74f9d,22.752000000000002,odom_x,/odom,1.8667500824808334,0.5
8d722d33-c440-466d-9968-517118a74f9d,22.788,odom_x,/odom,1.872580498936077,0.5
8d722d33-c440-466d-9968-517118a74f9d,22.824,odom_x,/odom,1.8783649317841342,0.5
8d722d33-c440-466d-9968-517118a74f9d,22.860000000000003,odom_x,/odom,1.8841392058363773,0.5
8d722d33-c440-466d-9968-517118a74f9d,22.896,odom_x,/odom,1.889918007742842,0.5
8d722d33-c440-466d-9968-517118a74f9d,22.932000000000002,odom_x,/odom,1.8955893922490379,0.5
8d722d33-c440-466d-9968-517118a74f9d,22.968,odom_x,/odom,1.901146012926636,0.5
8d722d33-c440-466d-9968-517118a74f9d,23.004,odom_x,/odom,1.9066959223796736,0.5
8d722d33-c440-466d-9968-517118a74f9d,23.040000000000003,odom_x,/odom,1.9122302002091054,0.5
8d722d33-c440-466d-9968-517118a74f9d,23.076,odom_x,/odom,1.9178082250837056,0.5
8d722d33-c440-466d-9968-517118a74f9d,23.112000000000002,odom_x,/odom,1.9233964376647539,0.5
8d722d33-c440-466d-9968-517118a74f9d,23.148,odom_x,/odom,1.9288491581025702,0.5
8d722d33-c440-466d-9968-517118a74f9d,23.184,odom_x,/odom,1.934369090744745,0.5
8d722d33-c440-466d-9968-517118a74f9d,23.220000000000002,odom_x,/odom,1.9398246719741439,0.5
8d722d33-c440-466d-9968-517118a74f9d,23.256,odom_x,/odom,1.9452357001551852,0.5
8d722d33-c440-466d-9968-517118a74f9d,23.292,odom_x,/odom,1.950657386168171,0.5
8d722d33-c440-466d-9968-517118a74f9d,23.328000000000003,odom_x,/odom,1.956053172220853,0.5
8d722d33-c440-466d-9968-517118a74f9d,23.364,odom_x,/odom,1.9614462482356523,0.5
8d722d33-c440-466d-9968-517118a74f9d,23.400000000000002,odom_x,/odom,1.9668190916386636,0.5
8d722d33-c440-466d-9968-517118a74f9d,23.436,odom_x,/odom,1.972181127320411,0.5
8d722d33-c440-466d-9968-517118a74f9d,23.472,odom_x,/odom,1.9775480208789287,0.5
8d722d33-c440-466d-9968-517118a74f9d,23.508000000000003,odom_x,/odom,1.9829166486407033,0.5
8d722d33-c440-466d-9968-517118a74f9d,23.544,odom_x,/odom,1.9882476390379833,0.5
8d722d33-c440-466d-9968-517118a74f9d,23.580000000000002,odom_x,/odom,1.9936316110047871,0.5
8d722d33-c440-466d-9968-517118a74f9d,23.616000000000003,odom_x,/odom,1.9990221736050717,0.5
8d722d33-c440-466d-9968-517118a74f9d,23.652,odom_x,/odom,2.0044080384435223,0.5
8d722d33-c440-466d-9968-517118a74f9d,23.688000000000002,odom_x,/odom,2.0097831866934133,0.5
8d722d33-c440-466d-9968-517118a74f9d,23.724,odom_x,/odom,2.015107565336184,0.5
8d722d33-c440-466d-9968-517118a74f9d,23.76,odom_x,/odom,2.0204220208301176,0.5
8d722d33-c440-466d-9968-517118a74f9d,23.796000000000003,odom_x,/odom,2.025663981618978,0.5
8d722d33-c440-466d-9968-517118a74f9d,23.832,odom_x,/odom,2.03083587444742,0.5
8d722d33-c440-466d-9968-517118a74f9d,23.868000000000002,odom_x,/odom,2.0359648105237764,0.5
8d722d33-c440-466d-9968-517118a74f9d,23.904,odom_x,/odom,2.0410915578193722,0.5
8d722d33-c440-466d-9968-517118a74f9d,23.94,odom_x,/odom,2.0462130903233,0.5
8d722d33-c440-466d-9968-517118a74f9d,23.976000000000003,odom_x,/odom,2.0513459359102777,0.5
8d722d33-c440-466d-9968-517118a74f9d,24.012,odom_x,/odom,2.0564815745942777,0.5
8d722d33-c440-466d-9968-517118a74f9d,24.048000000000002,odom_x,/odom,2.0616503003244415,0.5
8d722d33-c440-466d-9968-517118a74f9d,24.084000000000003,odom_x,/odom,2.06673459520035,0.5
8d722d33-c440-466d-9968-517118a74f9d,24.12,odom_x,/odom,2.0717958152176568,0.5
8d722d33-c440-466d-9968-517118a74f9d,24.156000000000002,odom_x,/odom,2.0768547059976905,0.5
8d722d33-c440-466d-9968-517118a74f9d,24.192,odom_x,/odom,2.081821240760139,0.5
8d722d33-c440-466d-9968-517118a74f9d,24.228,odom_x,/odom,2.0867233362556754,0.5
8d722d33-c440-466d-9968-517118a74f9d,24.264000000000003,odom_x,/odom,2.0916227200579915,0.5
8d722d33-c440-466d-9968-517118a74f9d,24.3,odom_x,/odom,2.0964966918580523,0.5
8d722d33-c440-466d-9968-517118a74f9d,24.336000000000002,odom_x,/odom,2.1013610829007434,0.5
8d722d33-c440-466d-9968-517118a74f9d,24.372,odom_x,/odom,2.106287453180405,0.5
8d722d33-c440-466d-9968-517118a74f9d,24.411,odom_x,/odom,2.11123457854431,0.5
8d722d33-c440-466d-9968-517118a74f9d,24.444000000000003,odom_x,/odom,2.116183294983758,0.5
8d722d33-c440-466d-9968-517118a74f9d,24.48,odom_x,/odom,2.1211822955986603,0.5
8d722d33-c440-466d-9968-517118a74f9d,24.516000000000002,odom_x,/odom,2.1260936642945736,0.5
8d722d33-c440-466d-9968-517118a74f9d,24.552000000000003,odom_x,/odom,2.130978319824586,0.5
8d722d33-c440-466d-9968-517118a74f9d,24.588,odom_x,/odom,2.1358209846995573,0.5
8d722d33-c440-466d-9968-517118a74f9d,24.624000000000002,odom_x,/odom,2.140623480847192,0.5
8d722d33-c440-466d-9968-517118a74f9d,24.66,odom_x,/odom,2.1454187192035197,0.5
8d722d33-c440-466d-9968-517118a74f9d,24.696,odom_x,/odom,2.1502166102878713,0.5
8d722d33-c440-466d-9968-517118a74f9d,24.732000000000003,odom_x,/odom,2.1549736202556544,0.5
8d722d33-c440-466d-9968-517118a74f9d,24.768,odom_x,/odom,2.159631368294435,0.5
8d722d33-c440-466d-9968-517118a74f9d,24.804000000000002,odom_x,/odom,2.1642813984896137,0.5
8d722d33-c440-466d-9968-517118a74f9d,24.84,odom_x,/odom,2.1690305177433333,0.5
8d722d33-c440-466d-9968-517118a74f9d,24.876,odom_x,/odom,2.1737345206839698,0.5
8d722d33-c440-466d-9968-517118a74f9d,24.912000000000003,odom_x,/odom,2.178415355135433,0.5
8d722d33-c440-466d-9968-517118a74f9d,24.948,odom_x,/odom,2.1830728811626616,0.5
8d722d33-c440-466d-9968-517118a74f9d,24.984,odom_x,/odom,2.187757872713366,0.5
8d722d33-c440-466d-9968-517118a74f9d,25.020000000000003,odom_x,/odom,2.1924822101793016,0.5
8d722d33-c440-466d-9968-517118a74f9d,25.056,odom_x,/odom,2.1972232678401253,0.5
8d722d33-c440-466d-9968-517118a74f9d,25.092000000000002,odom_x,/odom,2.201944862678757,0.5
8d722d33-c440-466d-9968-517118a74f9d,25.128,odom_x,/odom,2.2067010847053883,0.5
8d722d33-c440-466d-9968-517118a74f9d,25.164,odom_x,/odom,2.211461046599625,0.5
8d722d33-c440-466d-9968-517118a74f9d,25.200000000000003,odom_x,/odom,2.2162106037674714,0.5
8d722d33-c440-466d-9968-517118a74f9d,25.236,odom_x,/odom,2.220893227590144,0.5
8d722d33-c440-466d-9968-517118a74f9d,25.272000000000002,odom_x,/odom,2.225535743084979,0.5
8d722d33-c440-466d-9968-517118a74f9d,25.311,odom_x,/odom,2.230168998939642,0.5
8d722d33-c440-466d-9968-517118a74f9d,25.344,odom_x,/odom,2.234723200835623,0.5
8d722d33-c440-466d-9968-517118a74f9d,25.380000000000003,odom_x,/odom,2.2393040527188317,0.5
8d722d33-c440-466d-9968-517118a74f9d,25.416,odom_x,/odom,2.243750830815119,0.5
8d722d33-c440-466d-9968-517118a74f9d,25.452,odom_x,/odom,2.248156403136714,0.5
8d722d33-c440-466d-9968-517118a74f9d,25.488000000000003,odom_x,/odom,2.2525832648324378,0.5
8d722d33-c440-466d-9968-517118a74f9d,25.524,odom_x,/odom,2.2569767381442882,0.5
8d722d33-c440-466d-9968-517118a74f9d,25.560000000000002,odom_x,/odom,2.2613631576234248,0.5
8d722d33-c440-466d-9968-517118a74f9d,25.596,odom_x,/odom,2.2657258443636135,0.5
8d722d33-c440-466d-9968-517118a74f9d,25.632,odom_x,/odom,2.2700769479805105,0.5
8d722d33-c440-466d-9968-517118a74f9d,25.668000000000003,odom_x,/odom,2.274398977008155,0.5
8d722d33-c440-466d-9968-517118a74f9d,25.704,odom_x,/odom,2.278718558462768,0.5
8d722d33-c440-466d-9968-517118a74f9d,25.740000000000002,odom_x,/odom,2.283023780682811,0.5
8d722d33-c440-466d-9968-517118a74f9d,25.776000000000003,odom_x,/odom,2.287271819635932,0.5
8d722d33-c440-466d-9968-517118a74f9d,25.812,odom_x,/odom,2.2915099359943425,0.5
8d722d33-c440-466d-9968-517118a74f9d,25.848000000000003,odom_x,/odom,2.2957480089057016,0.5
8d722d33-c440-466d-9968-517118a74f9d,25.884,odom_x,/odom,2.3000131501512193,0.5
8d722d33-c440-466d-9968-517118a74f9d,25.92,odom_x,/odom,2.304373765529044,0.5
8d722d33-c440-466d-9968-517118a74f9d,25.956000000000003,odom_x,/odom,2.3087848456307203,0.5
8d722d33-c440-466d-9968-517118a74f9d,25.992,odom_x,/odom,2.313171747628143,0.5
8d722d33-c440-466d-9968-517118a74f9d,26.028000000000002,odom_x,/odom,2.317451955941705,0.5
8d722d33-c440-466d-9968-517118a74f9d,26.064,odom_x,/odom,2.3217222107146207,0.5
8d722d33-c440-466d-9968-517118a74f9d,26.1,odom_x,/odom,2.3259829907595773,0.5
8d722d33-c440-466d-9968-517118a74f9d,26.136000000000003,odom_x,/odom,2.3302296527808637,0.5
8d722d33-c440-466d-9968-517118a74f9d,26.172,odom_x,/odom,2.334409686253102,0.5
8d722d33-c440-466d-9968-517118a74f9d,26.211000000000002,odom_x,/odom,2.338568260253089,0.5
8d722d33-c440-466d-9968-517118a74f9d,26.244000000000003,odom_x,/odom,2.342765072131542,0.5
8d722d33-c440-466d-9968-517118a74f9d,26.28,odom_x,/odom,2.346978743584013,0.5
8d722d33-c440-466d-9968-517118a74f9d,26.316000000000003,odom_x,/odom,2.3510900042172143,0.5
8d722d33-c440-466d-9968-517118a74f9d,26.352,odom_x,/odom,2.355189535172076,0.5
8d722d33-c440-466d-9968-517118a74f9d,26.388,odom_x,/odom,2.3591697363477957,0.5
8d722d33-c440-466d-9968-517118a74f9d,26.424000000000003,odom_x,/odom,2.3631207329375936,0.5
8d722d33-c440-466d-9968-517118a74f9d,26.46,odom_x,/odom,2.367068663077233,0.5
8d722d33-c440-466d-9968-517118a74f9d,26.496000000000002,odom_x,/odom,2.370972677882162,0.5
8d722d33-c440-466d-9968-517118a74f9d,26.532,odom_x,/odom,2.374827488645352,0.5
8d722d33-c440-466d-9968-517118a74f9d,26.568,odom_x,/odom,2.378680602148517,0.5
8d722d33-c440-466d-9968-517118a74f9d,26.604000000000003,odom_x,/odom,2.3825347371208365,0.5
8d722d33-c440-466d-9968-517118a74f9d,26.64,odom_x,/odom,2.3863264033826264,0.5
8d722d33-c440-466d-9968-517118a74f9d,26.676000000000002,odom_x,/odom,2.390127469316609,0.5
8d722d33-c440-466d-9968-517118a74f9d,26.712000000000003,odom_x,/odom,2.3939366129670407,0.5
8d722d33-c440-466d-9968-517118a74f9d,26.748,odom_x,/odom,2.3977093921878625,0.5
8d722d33-c440-466d-9968-517118a74f9d,26.784000000000002,odom_x,/odom,2.4014407283638968,0.5
8d722d33-c440-466d-9968-517118a74f9d,26.82,odom_x,/odom,2.405186598966718,0.5
8d722d33-c440-466d-9968-517118a74f9d,26.856,odom_x,/odom,2.4089398047778636,0.5
8d722d33-c440-466d-9968-517118a74f9d,26.892000000000003,odom_x,/odom,2.412643841567437,0.5
8d722d33-c440-466d-9968-517118a74f9d,26.928,odom_x,/odom,2.4162673388886367,0.5
8d722d33-c440-466d-9968-517118a74f9d,26.964000000000002,odom_x,/odom,2.419884942370634,0.5
8d722d33-c440-466d-9968-517118a74f9d,27.0,odom_x,/odom,2.423469037753538,0.5
8d722d33-c440-466d-9968-517118a74f9d,27.036,odom_x,/odom,2.426989160876327,0.5
8d722d33-c440-466d-9968-517118a74f9d,27.072000000000003,odom_x,/odom,2.4304766719900903,0.5
8d722d33-c440-466d-9968-517118a74f9d,27.108,odom_x,/odom,2.4339564288461397,0.5
8d722d33-c440-466d-9968-517118a74f9d,27.144000000000002,odom_x,/odom,2.437416379162447,0.5
8d722d33-c440-466d-9968-517118a74f9d,27.180000000000003,odom_x,/odom,2.4408864237270196,0.5
8d722d33-c440-466d-9968-517118a74f9d,27.216,odom_x,/odom,2.444342807406966,0.5
8d722d33-c440-466d-9968-517118a74f9d,27.252000000000002,odom_x,/odom,2.447795041604295,0.5
8d722d33-c440-466d-9968-517118a74f9d,27.288,odom_x,/odom,2.4511539720017623,0.5
8d722d33-c440-466d-9968-517118a74f9d,27.324,odom_x,/odom,2.45450301811084,0.5
8d722d33-c440-466d-9968-517118a74f9d,27.360000000000003,odom_x,/odom,2.457851860313483,0.5
8d722d33-c440-466d-9968-517118a74f9d,27.396,odom_x,/odom,2.461098398061327,0.5
8d722d33-c440-466d-9968-517118a74f9d,27.432000000000002,odom_x,/odom,2.4643378388994606,0.5
8d722d33-c440-466d-9968-517118a74f9d,27.468,odom_x,/odom,2.467601366755938,0.5
8d722d33-c440-466d-9968-517118a74f9d,27.504,odom_x,/odom,2.4708665546666304,0.5
8d722d33-c440-466d-9968-517118a74f9d,27.540000000000003,odom_x,/odom,2.474150744167045,0.5
8d722d33-c440-466d-9968-517118a74f9d,27.576,odom_x,/odom,2.477388691048935,0.5
8d722d33-c440-466d-9968-517118a74f9d,27.612000000000002,odom_x,/odom,2.48061544662511,0.5
8d722d33-c440-466d-9968-517118a74f9d,27.648000000000003,odom_x,/odom,2.4838604390080397,0.5
8d722d33-c440-466d-9968-517118a74f9d,27.684,odom_x,/odom,2.487172095780577,0.5
8d722d33-c440-466d-9968-517118a74f9d,27.720000000000002,odom_x,/odom,2.4904635174039185,0.5
8d722d33-c440-466d-9968-517118a74f9d,27.756,odom_x,/odom,2.4937382808050486,0.5
8d722d33-c440-466d-9968-517118a74f9d,27.792,odom_x,/odom,2.4970183474283205,0.5
8d722d33-c440-466d-9968-517118a74f9d,27.828000000000003,odom_x,/odom,2.500342073896418,0.5
8d722d33-c440-466d-9968-517118a74f9d,27.864,odom_x,/odom,2.5036695557673525,0.5
8d722d33-c440-466d-9968-517118a74f9d,27.900000000000002,odom_x,/odom,2.5069766778685127,0.5
8d722d33-c440-466d-9968-517118a74f9d,27.936000000000003,odom_x,/odom,2.510205346225901,0.5
8d722d33-c440-466d-9968-517118a74f9d,27.972,odom_x,/odom,2.513345056838961,0.5
8d722d33-c440-466d-9968-517118a74f9d,28.011000000000003,odom_x,/odom,2.5164592036689393,0.5
8d722d33-c440-466d-9968-517118a74f9d,28.044,odom_x,/odom,2.519582523742198,0.5
8d722d33-c440-466d-9968-517118a74f9d,28.080000000000002,odom_x,/odom,2.5226399766278353,0.5
8d722d33-c440-466d-9968-517118a74f9d,28.116000000000003,odom_x,/odom,2.5256048791953707,0.5
8d722d33-c440-466d-9968-517118a74f9d,28.152,odom_x,/odom,2.5285581186215165,0.5
8d722d33-c440-466d-9968-517118a74f9d,28.188000000000002,odom_x,/odom,2.5314390744354967,0.5
8d722d33-c440-466d-9968-517118a74f9d,28.224,odom_x,/odom,2.534406834916032,0.5
8d722d33-c440-466d-9968-517118a74f9d,28.26,odom_x,/odom,2.537394871206335,0.5
8d722d33-c440-466d-9968-517118a74f9d,28.296000000000003,odom_x,/odom,2.5402838633751217,0.5
8d722d33-c440-466d-9968-517118a74f9d,28.332,odom_x,/odom,2.5431429395585465,0.5
8d722d33-c440-466d-9968-517118a74f9d,28.368000000000002,odom_x,/odom,2.5459644912163575,0.5
8d722d33-c440-466d-9968-517118a74f9d,28.404000000000003,odom_x,/odom,2.5487828000239072,0.5
8d722d33-c440-466d-9968-517118a74f9d,28.44,odom_x,/odom,2.5515068551365063,0.5
8d722d33-c440-466d-9968-517118a74f9d,28.476000000000003,odom_x,/odom,2.5541964438446,0.5
8d722d33-c440-466d-9968-517118a74f9d,28.512,odom_x,/odom,2.556889783619647,0.5
8d722d33-c440-466d-9968-517118a74f9d,28.548000000000002,odom_x,/odom,2.5595406037206105,0.5
8d722d33-c440-466d-9968-517118a74f9d,28.584000000000003,odom_x,/odom,2.562198219958413,0.5
8d722d33-c440-466d-9968-517118a74f9d,28.62,odom_x,/odom,2.5647145654398624,0.5
8d722d33-c440-466d-9968-517118a74f9d,28.656000000000002,odom_x,/odom,2.5671700749337214,0.5
8d722d33-c440-466d-9968-517118a74f9d,28.692,odom_x,/odom,2.569598585847837,0.5
8d722d33-c440-466d-9968-517118a74f9d,28.728,odom_x,/odom,2.5720839268143694,0.5
8d722d33-c440-466d-9968-517118a74f9d,28.764000000000003,odom_x,/odom,2.5745752250244625,0.5
8d722d33-c440-466d-9968-517118a74f9d,28.8,odom_x,/odom,2.5771381796686805,0.5
8d722d33-c440-466d-9968-517118a74f9d,28.836000000000002,odom_x,/odom,2.5796997191519573,0.5
8d722d33-c440-466d-9968-517118a74f9d,28.872000000000003,odom_x,/odom,2.582299893664033,0.5
8d722d33-c440-466d-9968-517118a74f9d,28.908,odom_x,/odom,2.5849155053280133,0.5
8d722d33-c440-466d-9968-517118a74f9d,28.944000000000003,odom_x,/odom,2.5870861405952335,0.5
8d722d33-c440-466d-9968-517118a74f9d,28.98,odom_x,/odom,2.5880998968477824,0.5
8d722d33-c440-466d-9968-517118a74f9d,29.016000000000002,odom_x,/odom,2.588178933716112,0.5
8d722d33-c440-466d-9968-517118a74f9d,29.052000000000003,odom_x,/odom,2.588178933716112,0.5
8d722d33-c440-466d-9968-517118a74f9d,29.088,odom_x,/odom,2.588178933716112,0.5
8d722d33-c440-466d-9968-517118a74f9d,29.124000000000002,odom_x,/odom,2.588178933716112,0.5
8d722d33-c440-466d-9968-517118a74f9d,29.16,odom_x,/odom,2.588178933716112,0.5
8d722d33-c440-466d-9968-517118a74f9d,29.196,odom_x,/odom,2.588178933716112,0.5
8d722d33-c440-466d-9968-517118a74f9d,29.232000000000003,odom_x,/odom,2.588178933716112,0.5
8d722d33-c440-466d-9968-517118a74f9d,29.268,odom_x,/odom,2.588178933716112,0.5
8d722d33-c440-466d-9968-517118a74f9d,29.304000000000002,odom_x,/odom,2.588178933716112,0.5
8d722d33-c440-466d-9968-517118a74f9d,29.340000000000003,odom_x,/odom,2.588178933716112,0.5
8d722d33-c440-466d-9968-517118a74f9d,29.376,odom_x,/odom,2.588178933716112,0.5
8d722d33-c440-466d-9968-517118a74f9d,29.412000000000003,odom_x,/odom,2.588178933716112,0.5
8d722d33-c440-466d-9968-517118a74f9d,29.448,odom_x,/odom,2.588178933716112,0.5
8d722d33-c440-466d-9968-517118a74f9d,29.484,odom_x,/odom,2.588178933716112,0.5
8d722d33-c440-466d-9968-517118a74f9d,29.520000000000003,odom_x,/odom,2.588178933716112,0.5
8d722d33-c440-466d-9968-517118a74f9d,29.556,odom_x,/odom,2.588178933716112,0.5
8d722d33-c440-466d-9968-517118a74f9d,29.592000000000002,odom_x,/odom,2.588178933716112,0.5
8d722d33-c440-466d-9968-517118a74f9d,29.628,odom_x,/odom,2.588178933716112,0.5
8d722d33-c440-466d-9968-517118a74f9d,29.664,odom_x,/odom,2.588178933716112,0.5
8d722d33-c440-466d-9968-517118a74f9d,9.360000000000001,odom_y,/odom,3.32272248079217e-16,0.5
8d722d33-c440-466d-9968-517118a74f9d,9.396,odom_y,/odom,3.322722480792162e-16,0.5
8d722d33-c440-466d-9968-517118a74f9d,9.432,odom_y,/odom,3.322722480792166e-16,0.5
8d722d33-c440-466d-9968-517118a74f9d,9.468,odom_y,/odom,3.322722480792162e-16,0.5
8d722d33-c440-466d-9968-517118a74f9d,9.504000000000001,odom_y,/odom,3.3227224807921458e-16,0.5
8d722d33-c440-466d-9968-517118a74f9d,9.540000000000001,odom_y,/odom,3.3227224807921497e-16,0.5
8d722d33-c440-466d-9968-517118a74f9d,9.576,odom_y,/odom,3.3227224807921625e-16,0.5
8d722d33-c440-466d-9968-517118a74f9d,9.612,odom_y,/odom,3.322722480792163e-16,0.5
8d722d33-c440-466d-9968-517118a74f9d,9.648000000000001,odom_y,/odom,3.322722480792154e-16,0.5
8d722d33-c440-466d-9968-517118a74f9d,9.684000000000001,odom_y,/odom,3.3227224807921576e-16,0.5
8d722d33-c440-466d-9968-517118a74f9d,9.72,odom_y,/odom,3.3227224807921566e-16,0.5
8d722d33-c440-466d-9968-517118a74f9d,9.756,odom_y,/odom,3.3227224807921497e-16,0.5
8d722d33-c440-466d-9968-517118a74f9d,9.792,odom_y,/odom,3.322722480792151e-16,0.5
8d722d33-c440-466d-9968-517118a74f9d,9.828000000000001,odom_y,/odom,3.3227224807921487e-16,0.5
8d722d33-c440-466d-9968-517118a74f9d,9.864,odom_y,/odom,3.3227224807921443e-16,0.5
8d722d33-c440-466d-9968-517118a74f9d,9.9,odom_y,/odom,3.3227224807921443e-16,0.5
8d722d33-c440-466d-9968-517118a74f9d,9.936,odom_y,/odom,3.3227224807921413e-16,0.5
8d722d33-c440-466d-9968-517118a74f9d,9.972000000000001,odom_y,/odom,3.3227224807921305e-16,0.5
8d722d33-c440-466d-9968-517118a74f9d,10.011000000000001,odom_y,/odom,3.322722480792113e-16,0.5
8d722d33-c440-466d-9968-517118a74f9d,10.044,odom_y,/odom,3.322722480792109e-16,0.5
8d722d33-c440-466d-9968-517118a74f9d,10.08,odom_y,/odom,3.322722480792106e-16,0.5
8d722d33-c440-466d-9968-517118a74f9d,10.116000000000001,odom_y,/odom,3.3227224807921107e-16,0.5
8d722d33-c440-466d-9968-517118a74f9d,10.152000000000001,odom_y,/odom,3.322722480792104e-16,0.5
8d722d33-c440-466d-9968-517118a74f9d,10.188,odom_y,/odom,3.3227224807921033e-16,0.5
8d722d33-c440-466d-9968-517118a74f9d,10.224,odom_y,/odom,3.322722480792089e-16,0.5
8d722d33-c440-466d-9968-517118a74f9d,10.26,odom_y,/odom,3.3227224807920807e-16,0.5
8d722d33-c440-466d-9968-517118a74f9d,10.296000000000001,odom_y,/odom,3.3227224807920634e-16,0.5
8d722d33-c440-466d-9968-517118a74f9d,10.332,odom_y,/odom,3.3227224807920585e-16,0.5
8d722d33-c440-466d-9968-517118a74f9d,10.368,odom_y,/odom,3.3227224807920437e-16,0.5
8d722d33-c440-466d-9968-517118a74f9d,10.404,odom_y,/odom,3.322722480792058e-16,0.5
8d722d33-c440-466d-9968-517118a74f9d,10.440000000000001,odom_y,/odom,3.3227224807920545e-16,0.5
8d722d33-c440-466d-9968-517118a74f9d,10.476,odom_y,/odom,3.322722480792059e-16,0.5
8d722d33-c440-466d-9968-517118a74f9d,10.512,odom_y,/odom,3.3227224807920516e-16,0.5
8d722d33-c440-466d-9968-517118a74f9d,10.548,odom_y,/odom,3.3227224807920457e-16,0.5
8d722d33-c440-466d-9968-517118a74f9d,10.584000000000001,odom_y,/odom,3.322722480792042e-16,0.5
8d722d33-c440-466d-9968-517118a74f9d,10.620000000000001,odom_y,/odom,3.3227224807920324e-16,0.5
8d722d33-c440-466d-9968-517118a74f9d,10.656,odom_y,/odom,3.322722480792026e-16,0.5
8d722d33-c440-466d-9968-517118a74f9d,10.692,odom_y,/odom,3.3227224807920126e-16,0.5
8d722d33-c440-466d-9968-517118a74f9d,10.728000000000002,odom_y,/odom,3.3227224807920126e-16,0.5
8d722d33-c440-466d-9968-517118a74f9d,10.764000000000001,odom_y,/odom,3.3227224807920067e-16,0.5
8d722d33-c440-466d-9968-517118a74f9d,10.8,odom_y,/odom,3.322722480792006e-16,0.5
8d722d33-c440-466d-9968-517118a74f9d,10.836,odom_y,/odom,3.322722480792e-16,0.5
8d722d33-c440-466d-9968-517118a74f9d,10.872,odom_y,/odom,3.3227224807919944e-16,0.5
8d722d33-c440-466d-9968-517118a74f9d,10.911000000000001,odom_y,/odom,3.322722480791982e-16,0.5
8d722d33-c440-466d-9968-517118a74f9d,10.944,odom_y,/odom,3.3227224807919766e-16,0.5
8d722d33-c440-466d-9968-517118a74f9d,10.98,odom_y,/odom,3.3227224807919766e-16,0.5
8d722d33-c440-466d-9968-517118a74f9d,11.016,odom_y,/odom,4.512625587447515e-08,0.5
8d722d33-c440-466d-9968-517118a74f9d,11.052000000000001,odom_y,/odom,3.298205467145873e-07,0.5
8d722d33-c440-466d-9968-517118a74f9d,11.088000000000001,odom_y,/odom,1.1761723240301519e-06,0.5
8d722d33-c440-466d-9968-517118a74f9d,11.124,odom_y,/odom,2.7843603664048894e-06,0.5
8d722d33-c440-466d-9968-517118a74f9d,11.16,odom_y,/odom,3.2366900252262874e-06,0.5
8d722d33-c440-466d-9968-517118a74f9d,11.196000000000002,odom_y,/odom,1.0929294292801228e-06,0.5
8d722d33-c440-466d-9968-517118a74f9d,11.232000000000001,odom_y,/odom,-7.271282741822385e-06,0.5
8d722d33-c440-466d-9968-517118a74f9d,11.268,odom_y,/odom,-2.3335896891981357e-05,0.5
8d722d33-c440-466d-9968-517118a74f9d,11.304,odom_y,/odom,-4.6635613111277144e-05,0.5
8d722d33-c440-466d-9968-517118a74f9d,11.34,odom_y,/odom,-7.721407032157415e-05,0.5
8d722d33-c440-466d-9968-517118a74f9d,11.376000000000001,odom_y,/odom,-0.00011507743123251357,0.5
8d722d33-c440-466d-9968-517118a74f9d,11.412,odom_y,/odom,-0.00015860394059848923,0.5
8d722d33-c440-466d-9968-517118a74f9d,11.448,odom_y,/odom,-0.000207898099392902,0.5
8d722d33-c440-466d-9968-517118a74f9d,11.484,odom_y,/odom,-0.0002642469454480604,0.5
8d722d33-c440-466d-9968-517118a74f9d,11.520000000000001,odom_y,/odom,-0.0003265858370741749,0.5
8d722d33-c440-466d-9968-517118a74f9d,11.556000000000001,odom_y,/odom,-0.000394698796628161,0.5
8d722d33-c440-466d-9968-517118a74f9d,11.592,odom_y,/odom,-0.0004696419702610701,0.5
8d722d33-c440-466d-9968-517118a74f9d,11.628,odom_y,/odom,-0.0005506356124622798,0.5
8d722d33-c440-466d-9968-517118a74f9d,11.664000000000001,odom_y,/odom,-0.0006384598132711329,0.5
8d722d33-c440-466d-9968-517118a74f9d,11.700000000000001,odom_y,/odom,-0.0007327953754121834,0.5
8d722d33-c440-466d-9968-517118a74f9d,11.736,odom_y,/odom,-0.0008347047609293466,0.5
8d722d33-c440-466d-9968-517118a74f9d,11.772,odom_y,/odom,-0.0009433752779644292,0.5
8d722d33-c440-466d-9968-517118a74f9d,11.811,odom_y,/odom,-0.0010593584638337809,0.5
8d722d33-c440-466d-9968-517118a74f9d,11.844000000000001,odom_y,/odom,-0.0011846967415892837,0.5
8d722d33-c440-466d-9968-517118a74f9d,11.88,odom_y,/odom,-0.0013193295192410355,0.5
8d722d33-c440-466d-9968-517118a74f9d,11.916,odom_y,/odom,-0.0014643756620236349,0.5
8d722d33-c440-466d-9968-517118a74f9d,11.952,odom_y,/odom,-0.0016181749008012374,0.5
8d722d33-c440-466d-9968-517118a74f9d,11.988000000000001,odom_y,/odom,-0.0017817560152696545,0.5
8d722d33-c440-466d-9968-517118a74f9d,12.024000000000001,odom_y,/odom,-0.0019459394902176365,0.5
8d722d33-c440-466d-9968-517118a74f9d,12.06,odom_y,/odom,-0.0021153089777800186,0.5
8d722d33-c440-466d-9968-517118a74f9d,12.096,odom_y,/odom,-0.002298037039225223,0.5
8d722d33-c440-466d-9968-517118a74f9d,12.132000000000001,odom_y,/odom,-0.0024865732880719796,0.5
8d722d33-c440-466d-9968-517118a74f9d,12.168000000000001,odom_y,/odom,-0.0026799443241598045,0.5
8d722d33-c440-466d-9968-517118a74f9d,12.204,odom_y,/odom,-0.0028803058884833022,0.5
8d722d33-c440-466d-9968-517118a74f9d,12.24,odom_y,/odom,-0.003086702971569409,0.5
8d722d33-c440-466d-9968-517118a74f9d,12.276000000000002,odom_y,/odom,-0.003303209700872178,0.5
8d722d33-c440-466d-9968-517118a74f9d,12.312000000000001,odom_y,/odom,-0.0035275484514423355,0.5
8d722d33-c440-466d-9968-517118a74f9d,12.348,odom_y,/odom,-0.0037617803454498885,0.5
8d722d33-c440-466d-9968-517118a74f9d,12.384,odom_y,/odom,-0.004006716563077111,0.5
8d722d33-c440-466d-9968-517118a74f9d,12.42,odom_y,/odom,-0.004252991526528738,0.5
8d722d33-c440-466d-9968-517118a74f9d,12.456000000000001,odom_y,/odom,-0.00450245468336679,0.5
8d722d33-c440-466d-9968-517118a74f9d,12.492,odom_y,/odom,-0.004761397160388085,0.5
8d722d33-c440-466d-9968-517118a74f9d,12.528,odom_y,/odom,-0.00503396556639718,0.5
8d722d33-c440-466d-9968-517118a74f9d,12.564,odom_y,/odom,-0.005313901049209721,0.5
8d722d33-c440-466d-9968-517118a74f9d,12.600000000000001,odom_y,/odom,-0.005607547603861479,0.5
8d722d33-c440-466d-9968-517118a74f9d,12.636000000000001,odom_y,/odom,-0.005911384710440166,0.5
8d722d33-c440-466d-9968-517118a74f9d,12.672,odom_y,/odom,-0.00622538847349072,0.5
8d722d33-c440-466d-9968-517118a74f9d,12.708,odom_y,/odom,-0.006546554488405587,0.5
8d722d33-c440-466d-9968-517118a74f9d,12.744000000000002,odom_y,/odom,-0.00688142303014175,0.5
8d722d33-c440-466d-9968-517118a74f9d,12.780000000000001,odom_y,/odom,-0.007228132072988308,0.5
8d722d33-c440-466d-9968-517118a74f9d,12.816,odom_y,/odom,-0.007582838865098902,0.5
8d722d33-c440-466d-9968-517118a74f9d,12.852,odom_y,/odom,-0.007945046709533297,0.5
8d722d33-c440-466d-9968-517118a74f9d,12.888000000000002,odom_y,/odom,-0.008316723859753728,0.5
8d722d33-c440-466d-9968-517118a74f9d,12.924000000000001,odom_y,/odom,-0.00869944077540891,0.5
8d722d33-c440-466d-9968-517118a74f9d,12.96,odom_y,/odom,-0.009089254351527383,0.5
8d722d33-c440-466d-9968-517118a74f9d,12.996,odom_y,/odom,-0.009483915469844293,0.5
8d722d33-c440-466d-9968-517118a74f9d,13.032,odom_y,/odom,-0.00988015303075233,0.5
8d722d33-c440-466d-9968-517118a74f9d,13.068000000000001,odom_y,/odom,-0.01028769834791934,0.5
8d722d33-c440-466d-9968-517118a74f9d,13.104000000000001,odom_y,/odom,-0.010700556802002081,0.5
8d722d33-c440-466d-9968-517118a74f9d,13.14,odom_y,/odom,-0.011117230813719434,0.5
8d722d33-c440-466d-9968-517118a74f9d,13.176,odom_y,/odom,-0.011538640581276639,0.5
8d722d33-c440-466d-9968-517118a74f9d,13.212000000000002,odom_y,/odom,-0.011961866419582096,0.5
8d722d33-c440-466d-9968-517118a74f9d,13.248000000000001,odom_y,/odom,-0.012392869458819313,0.5
8d722d33-c440-466d-9968-517118a74f9d,13.284,odom_y,/odom,-0.012831539147201525,0.5
8d722d33-c440-466d-9968-517118a74f9d,13.32,odom_y,/odom,-0.013274438854830099,0.5
8d722d33-c440-466d-9968-517118a74f9d,13.356000000000002,odom_y,/odom,-0.013720853086523663,0.5
8d722d33-c440-466d-9968-517118a74f9d,13.392000000000001,odom_y,/odom,-0.014158784383476623,0.5
8d722d33-c440-466d-9968-517118a74f9d,13.428,odom_y,/odom,-0.01460029644698306,0.5
8d722d33-c440-466d-9968-517118a74f9d,13.464,odom_y,/odom,-0.01504526401578658,0.5
8d722d33-c440-466d-9968-517118a74f9d,13.5,odom_y,/odom,-0.015493720208492368,0.5
8d722d33-c440-466d-9968-517118a74f9d,13.536000000000001,odom_y,/odom,-0.015946894095761496,0.5
8d722d33-c440-466d-9968-517118a74f9d,13.572000000000001,odom_y,/odom,-0.01640259753824027,0.5
8d722d33-c440-466d-9968-517118a74f9d,13.608,odom_y,/odom,-0.016859794500157198,0.5
8d722d33-c440-466d-9968-517118a74f9d,13.644,odom_y,/odom,-0.017336210382021277,0.5
8d722d33-c440-466d-9968-517118a74f9d,13.680000000000001,odom_y,/odom,-0.017825715115298228,0.5
8d722d33-c440-466d-9968-517118a74f9d,13.716000000000001,odom_y,/odom,-0.018329726696327594,0.5
8d722d33-c440-466d-9968-517118a74f9d,13.752,odom_y,/odom,-0.01883971198267321,0.5
8d722d33-c440-466d-9968-517118a74f9d,13.788,odom_y,/odom,-0.019372863243937347,0.5
8d722d33-c440-466d-9968-517118a74f9d,13.824000000000002,odom_y,/odom,-0.019916027895077154,0.5
8d722d33-c440-466d-9968-517118a74f9d,13.860000000000001,odom_y,/odom,-0.020463947339714576,0.5
8d722d33-c440-466d-9968-517118a74f9d,13.896,odom_y,/odom,-0.021010450752296295,0.5
8d722d33-c440-466d-9968-517118a74f9d,13.932,odom_y,/odom,-0.021552842912827986,0.5
8d722d33-c440-466d-9968-517118a74f9d,13.968000000000002,odom_y,/odom,-0.022085826743219173,0.5
8d722d33-c440-466d-9968-517118a74f9d,14.004000000000001,odom_y,/odom,-0.022618622776758007,0.5
8d722d33-c440-466d-9968-517118a74f9d,14.040000000000001,odom_y,/odom,-0.023151836977227443,0.5
8d722d33-c440-466d-9968-517118a74f9d,14.076,odom_y,/odom,-0.02369312698608379,0.5
8d722d33-c440-466d-9968-517118a74f9d,14.112,odom_y,/odom,-0.024238705911695635,0.5
8d722d33-c440-466d-9968-517118a74f9d,14.148000000000001,odom_y,/odom,-0.024788570890264837,0.5
8d722d33-c440-466d-9968-517118a74f9d,14.184000000000001,odom_y,/odom,-0.02533478780533701,0.5
8d722d33-c440-466d-9968-517118a74f9d,14.22,odom_y,/odom,-0.02588958493468422,0.5
8d722d33-c440-466d-9968-517118a74f9d,14.256,odom_y,/odom,-0.026448751790930203,0.5
8d722d33-c440-466d-9968-517118a74f9d,14.292000000000002,odom_y,/odom,-0.026997859558802913,0.5
8d722d33-c440-466d-9968-517118a74f9d,14.328000000000001,odom_y,/odom,-0.02755100108599897,0.5
8d722d33-c440-466d-9968-517118a74f9d,14.364,odom_y,/odom,-0.028102049701112467,0.5
8d722d33-c440-466d-9968-517118a74f9d,14.4,odom_y,/odom,-0.028646198585562343,0.5
8d722d33-c440-466d-9968-517118a74f9d,14.436000000000002,odom_y,/odom,-0.02919523140385886,0.5
8d722d33-c440-466d-9968-517118a74f9d,14.472000000000001,odom_y,/odom,-0.029750093796005954,0.5
8d722d33-c440-466d-9968-517118a74f9d,14.511000000000001,odom_y,/odom,-0.030305181582769094,0.5
8d722d33-c440-466d-9968-517118a74f9d,14.544,odom_y,/odom,-0.030861624036935906,0.5
8d722d33-c440-466d-9968-517118a74f9d,14.58,odom_y,/odom,-0.03141929957099575,0.5
8d722d33-c440-466d-9968-517118a74f9d,14.616000000000001,odom_y,/odom,-0.031982733063337085,0.5
8d722d33-c440-466d-9968-517118a74f9d,14.652000000000001,odom_y,/odom,-0.032543686616961456,0.5
8d722d33-c440-466d-9968-517118a74f9d,14.688,odom_y,/odom,-0.033104177915296996,0.5
8d722d33-c440-466d-9968-517118a74f9d,14.724,odom_y,/odom,-0.03365137181538358,0.5
8d722d33-c440-466d-9968-517118a74f9d,14.760000000000002,odom_y,/odom,-0.03419303400055347,0.5
8d722d33-c440-466d-9968-517118a74f9d,14.796000000000001,odom_y,/odom,-0.03471711890672559,0.5
8d722d33-c440-466d-9968-517118a74f9d,14.832,odom_y,/odom,-0.03522733217663346,0.5
8d722d33-c440-466d-9968-517118a74f9d,14.868,odom_y,/odom,-0.035743018107545196,0.5
8d722d33-c440-466d-9968-517118a74f9d,14.904000000000002,odom_y,/odom,-0.036256208427223616,0.5
8d722d33-c440-466d-9968-517118a74f9d,14.940000000000001,odom_y,/odom,-0.03677469253410822,0.5
8d722d33-c440-466d-9968-517118a74f9d,14.976,odom_y,/odom,-0.03729239353093969,0.5
8d722d33-c440-466d-9968-517118a74f9d,15.012,odom_y,/odom,-0.03780630512267622,0.5
8d722d33-c440-466d-9968-517118a74f9d,15.048000000000002,odom_y,/odom,-0.03831397927731942,0.5
8d722d33-c440-466d-9968-517118a74f9d,15.084000000000001,odom_y,/odom,-0.03882545700301078,0.5
8d722d33-c440-466d-9968-517118a74f9d,15.120000000000001,odom_y,/odom,-0.03933412119504008,0.5
8d722d33-c440-466d-9968-517118a74f9d,15.156,odom_y,/odom,-0.039837386184371534,0.5
8d722d33-c440-466d-9968-517118a74f9d,15.192,odom_y,/odom,-0.04033259279094541,0.5
8d722d33-c440-466d-9968-517118a74f9d,15.228000000000002,odom_y,/odom,-0.04083198580358582,0.5
8d722d33-c440-466d-9968-517118a74f9d,15.264000000000001,odom_y,/odom,-0.04132870136766374,0.5
8d722d33-c440-466d-9968-517118a74f9d,15.3,odom_y,/odom,-0.04182042483600664,0.5
8d722d33-c440-466d-9968-517118a74f9d,15.336,odom_y,/odom,-0.042312717504408306,0.5
8d722d33-c440-466d-9968-517118a74f9d,15.372000000000002,odom_y,/odom,-0.042808493133006414,0.5
8d722d33-c440-466d-9968-517118a74f9d,15.411000000000001,odom_y,/odom,-0.043305345981805014,0.5
8d722d33-c440-466d-9968-517118a74f9d,15.444,odom_y,/odom,-0.04380487924962427,0.5
8d722d33-c440-466d-9968-517118a74f9d,15.48,odom_y,/odom,-0.04430163602841309,0.5
8d722d33-c440-466d-9968-517118a74f9d,15.516000000000002,odom_y,/odom,-0.04478257923075762,0.5
8d722d33-c440-466d-9968-517118a74f9d,15.552000000000001,odom_y,/odom,-0.04525656001015957,0.5
8d722d33-c440-466d-9968-517118a74f9d,15.588000000000001,odom_y,/odom,-0.045718877998843346,0.5
8d722d33-c440-466d-9968-517118a74f9d,15.624,odom_y,/odom,-0.046183270919193185,0.5
8d722d33-c440-466d-9968-517118a74f9d,15.66,odom_y,/odom,-0.04664425263128691,0.5
8d722d33-c440-466d-9968-517118a74f9d,15.696000000000002,odom_y,/odom,-0.04709146495021031,0.5
8d722d33-c440-466d-9968-517118a74f9d,15.732000000000001,odom_y,/odom,-0.047537361789724404,0.5
8d722d33-c440-466d-9968-517118a74f9d,15.768,odom_y,/odom,-0.04798089857297144,0.5
8d722d33-c440-466d-9968-517118a74f9d,15.804,odom_y,/odom,-0.04841866810936714,0.5
8d722d33-c440-466d-9968-517118a74f9d,15.840000000000002,odom_y,/odom,-0.048854598541309045,0.5
8d722d33-c440-466d-9968-517118a74f9d,15.876000000000001,odom_y,/odom,-0.049285914149695687,0.5
8d722d33-c440-466d-9968-517118a74f9d,15.912,odom_y,/odom,-0.04971294619218024,0.5
8d722d33-c440-466d-9968-517118a74f9d,15.948,odom_y,/odom,-0.0501393161847843,0.5
8d722d33-c440-466d-9968-517118a74f9d,15.984000000000002,odom_y,/odom,-0.05051780253143371,0.5
8d722d33-c440-466d-9968-517118a74f9d,16.02,odom_y,/odom,-0.05089027918003455,0.5
8d722d33-c440-466d-9968-517118a74f9d,16.056,odom_y,/odom,-0.05125906555034918,0.5
8d722d33-c440-466d-9968-517118a74f9d,16.092000000000002,odom_y,/odom,-0.051618056674475415,0.5
8d722d33-c440-466d-9968-517118a74f9d,16.128,odom_y,/odom,-0.051971538587810055,0.5
8d722d33-c440-466d-9968-517118a74f9d,16.164,odom_y,/odom,-0.052321033227339005,0.5
8d722d33-c440-466d-9968-517118a74f9d,16.2,odom_y,/odom,-0.05266553985530928,0.5
8d722d33-c440-466d-9968-517118a74f9d,16.236,odom_y,/odom,-0.053000291326235995,0.5
8d722d33-c440-466d-9968-517118a74f9d,16.272000000000002,odom_y,/odom,-0.053339530594800615,0.5
8d722d33-c440-466d-9968-517118a74f9d,16.311,odom_y,/odom,-0.053678288493783394,0.5
8d722d33-c440-466d-9968-517118a74f9d,16.344,odom_y,/odom,-0.05401186756931109,0.5
8d722d33-c440-466d-9968-517118a74f9d,16.380000000000003,odom_y,/odom,-0.05433939117457568,0.5
8d722d33-c440-466d-9968-517118a74f9d,16.416,odom_y,/odom,-0.05466349216781447,0.5
8d722d33-c440-466d-9968-517118a74f9d,16.452,odom_y,/odom,-0.054983176661725704,0.5
8d722d33-c440-466d-9968-517118a74f9d,16.488,odom_y,/odom,-0.05529838423131688,0.5
8d722d33-c440-466d-9968-517118a74f9d,16.524,odom_y,/odom,-0.05560751554412097,0.5
8d722d33-c440-466d-9968-517118a74f9d,16.560000000000002,odom_y,/odom,-0.0559121459378667,0.5
8d722d33-c440-466d-9968-517118a74f9d,16.596,odom_y,/odom,-0.056210165991990774,0.5
8d722d33-c440-466d-9968-517118a74f9d,16.632,odom_y,/odom,-0.05650223323955438,0.5
8d722d33-c440-466d-9968-517118a74f9d,16.668000000000003,odom_y,/odom,-0.05678260267321814,0.5
8d722d33-c440-466d-9968-517118a74f9d,16.704,odom_y,/odom,-0.05705567111386959,0.5
8d722d33-c440-466d-9968-517118a74f9d,16.740000000000002,odom_y,/odom,-0.05732151531803011,0.5
8d722d33-c440-466d-9968-517118a74f9d,16.776,odom_y,/odom,-0.05758287516735128,0.5
8d722d33-c440-466d-9968-517118a74f9d,16.812,odom_y,/odom,-0.057839721187865546,0.5
8d722d33-c440-466d-9968-517118a74f9d,16.848000000000003,odom_y,/odom,-0.058092584201072,0.5
8d722d33-c440-466d-9968-517118a74f9d,16.884,odom_y,/odom,-0.05834730821621717,0.5
8d722d33-c440-466d-9968-517118a74f9d,16.92,odom_y,/odom,-0.05859312784619423,0.5
8d722d33-c440-466d-9968-517118a74f9d,16.956,odom_y,/odom,-0.058831250586074774,0.5
8d722d33-c440-466d-9968-517118a74f9d,16.992,odom_y,/odom,-0.05906806932172101,0.5
8d722d33-c440-466d-9968-517118a74f9d,17.028000000000002,odom_y,/odom,-0.05930264339137291,0.5
8d722d33-c440-466d-9968-517118a74f9d,17.064,odom_y,/odom,-0.05953876549866856,0.5
8d722d33-c440-466d-9968-517118a74f9d,17.1,odom_y,/odom,-0.059780306334206966,0.5
8d722d33-c440-466d-9968-517118a74f9d,17.136000000000003,odom_y,/odom,-0.060026368992171404,0.5
8d722d33-c440-466d-9968-517118a74f9d,17.172,odom_y,/odom,-0.060273062557843385,0.5
8d722d33-c440-466d-9968-517118a74f9d,17.208000000000002,odom_y,/odom,-0.060521601412732634,0.5
8d722d33-c440-466d-9968-517118a74f9d,17.244,odom_y,/odom,-0.06077084650962892,0.5
8d722d33-c440-466d-9968-517118a74f9d,17.28,odom_y,/odom,-0.061016376551624577,0.5
8d722d33-c440-466d-9968-517118a74f9d,17.316000000000003,odom_y,/odom,-0.06126084699210956,0.5
8d722d33-c440-466d-9968-517118a74f9d,17.352,odom_y,/odom,-0.061503937780277004,0.5
8d722d33-c440-466d-9968-517118a74f9d,17.388,odom_y,/odom,-0.06174326638451995,0.5
8d722d33-c440-466d-9968-517118a74f9d,17.424,odom_y,/odom,-0.061978141047214504,0.5
8d722d33-c440-466d-9968-517118a74f9d,17.46,odom_y,/odom,-0.062212209930009255,0.5
8d722d33-c440-466d-9968-517118a74f9d,17.496000000000002,odom_y,/odom,-0.062453167062678984,0.5
8d722d33-c440-466d-9968-517118a74f9d,17.532,odom_y,/odom,-0.06269639494707432,0.5
8d722d33-c440-466d-9968-517118a74f9d,17.568,odom_y,/odom,-0.06293504638756926,0.5
8d722d33-c440-466d-9968-517118a74f9d,17.604000000000003,odom_y,/odom,-0.06317299937300752,0.5
8d722d33-c440-466d-9968-517118a74f9d,17.64,odom_y,/odom,-0.06340682537885449,0.5
8d722d33-c440-466d-9968-517118a74f9d,17.676000000000002,odom_y,/odom,-0.06363841365804412,0.5
8d722d33-c440-466d-9968-517118a74f9d,17.712,odom_y,/odom,-0.06386929459255371,0.5
8d722d33-c440-466d-9968-517118a74f9d,17.748,odom_y,/odom,-0.06409914968699132,0.5
8d722d33-c440-466d-9968-517118a74f9d,17.784000000000002,odom_y,/odom,-0.0643296232552311,0.5
8d722d33-c440-466d-9968-517118a74f9d,17.82,odom_y,/odom,-0.06455952089450634,0.5
8d722d33-c440-466d-9968-517118a74f9d,17.856,odom_y,/odom,-0.06478768780170473,0.5
8d722d33-c440-466d-9968-517118a74f9d,17.892,odom_y,/odom,-0.0650135577404085,0.5
8d722d33-c440-466d-9968-517118a74f9d,17.928,odom_y,/odom,-0.06523360012762859,0.5
8d722d33-c440-466d-9968-517118a74f9d,17.964000000000002,odom_y,/odom,-0.0654522013986718,0.5
8d722d33-c440-466d-9968-517118a74f9d,18.0,odom_y,/odom,-0.06567106972498579,0.5
8d722d33-c440-466d-9968-517118a74f9d,18.036,odom_y,/odom,-0.06588462510679782,0.5
8d722d33-c440-466d-9968-517118a74f9d,18.072000000000003,odom_y,/odom,-0.0660988230459478,0.5
8d722d33-c440-466d-9968-517118a74f9d,18.111,odom_y,/odom,-0.06631180892063081,0.5
8d722d33-c440-466d-9968-517118a74f9d,18.144000000000002,odom_y,/odom,-0.06652095474205777,0.5
8d722d33-c440-466d-9968-517118a74f9d,18.18,odom_y,/odom,-0.06673046581108438,0.5
8d722d33-c440-466d-9968-517118a74f9d,18.216,odom_y,/odom,-0.06693770479977983,0.5
8d722d33-c440-466d-9968-517118a74f9d,18.252000000000002,odom_y,/odom,-0.06714203438710474,0.5
8d722d33-c440-466d-9968-517118a74f9d,18.288,odom_y,/odom,-0.06734701106315825,0.5
8d722d33-c440-466d-9968-517118a74f9d,18.324,odom_y,/odom,-0.06754664242068573,0.5
8d722d33-c440-466d-9968-517118a74f9d,18.36,odom_y,/odom,-0.06774015830172096,0.5
8d722d33-c440-466d-9968-517118a74f9d,18.396,odom_y,/odom,-0.06792781411830794,0.5
8d722d33-c440-466d-9968-517118a74f9d,18.432000000000002,odom_y,/odom,-0.0681086481755331,0.5
8d722d33-c440-466d-9968-517118a74f9d,18.468,odom_y,/odom,-0.06828022630768776,0.5
8d722d33-c440-466d-9968-517118a74f9d,18.504,odom_y,/odom,-0.06844480867152931,0.5
8d722d33-c440-466d-9968-517118a74f9d,18.540000000000003,odom_y,/odom,-0.06860413641625258,0.5
8d722d33-c440-466d-9968-517118a74f9d,18.576,odom_y,/odom,-0.06876156597495259,0.5
8d722d33-c440-466d-9968-517118a74f9d,18.612000000000002,odom_y,/odom,-0.0689153170558679,0.5
8d722d33-c440-466d-9968-517118a74f9d,18.648,odom_y,/odom,-0.06906701999986156,0.5
8d722d33-c440-466d-9968-517118a74f9d,18.684,odom_y,/odom,-0.06921442621815772,0.5
8d722d33-c440-466d-9968-517118a74f9d,18.720000000000002,odom_y,/odom,-0.06935269043146244,0.5
8d722d33-c440-466d-9968-517118a74f9d,18.756,odom_y,/odom,-0.06948221109249322,0.5
8d722d33-c440-466d-9968-517118a74f9d,18.792,odom_y,/odom,-0.06960276486537652,0.5
8d722d33-c440-466d-9968-517118a74f9d,18.828,odom_y,/odom,-0.0697162986518408,0.5
8d722d33-c440-466d-9968-517118a74f9d,18.864,odom_y,/odom,-0.06982138791854174,0.5
8d722d33-c440-466d-9968-517118a74f9d,18.900000000000002,odom_y,/odom,-0.06991781884844299,0.5
8d722d33-c440-466d-9968-517118a74f9d,18.936,odom_y,/odom,-0.07000477680275928,0.5
8d722d33-c440-466d-9968-517118a74f9d,18.972,odom_y,/odom,-0.0700858622445559,0.5
8d722d33-c440-466d-9968-517118a74f9d,19.008000000000003,odom_y,/odom,-0.0701618036517053,0.5
8d722d33-c440-466d-9968-517118a74f9d,19.044,odom_y,/odom,-0.07023210707699223,0.5
8d722d33-c440-466d-9968-517118a74f9d,19.080000000000002,odom_y,/odom,-0.07029632600365635,0.5
8d722d33-c440-466d-9968-517118a74f9d,19.116,odom_y,/odom,-0.0703535202572129,0.5
8d722d33-c440-466d-9968-517118a74f9d,19.152,odom_y,/odom,-0.070404092822279,0.5
8d722d33-c440-466d-9968-517118a74f9d,19.188000000000002,odom_y,/odom,-0.07044782907756633,0.5
8d722d33-c440-466d-9968-517118a74f9d,19.224,odom_y,/odom,-0.07048718762066829,0.5
8d722d33-c440-466d-9968-517118a74f9d,19.26,odom_y,/odom,-0.07052288950096873,0.5
8d722d33-c440-466d-9968-517118a74f9d,19.296000000000003,odom_y,/odom,-0.07055557919429405,0.5
8d722d33-c440-466d-9968-517118a74f9d,19.332,odom_y,/odom,-0.0705849208376488,0.5
8d722d33-c440-466d-9968-517118a74f9d,19.368000000000002,odom_y,/odom,-0.07061214618118032,0.5
8d722d33-c440-466d-9968-517118a74f9d,19.404,odom_y,/odom,-0.07063756300197901,0.5
8d722d33-c440-466d-9968-517118a74f9d,19.44,odom_y,/odom,-0.07066125588146989,0.5
8d722d33-c440-466d-9968-517118a74f9d,19.476000000000003,odom_y,/odom,-0.07068077525540685,0.5
8d722d33-c440-466d-9968-517118a74f9d,19.512,odom_y,/odom,-0.07069602219725721,0.5
8d722d33-c440-466d-9968-517118a74f9d,19.548000000000002,odom_y,/odom,-0.07070690988958957,0.5
8d722d33-c440-466d-9968-517118a74f9d,19.584,odom_y,/odom,-0.07071256158670333,0.5
8d722d33-c440-466d-9968-517118a74f9d,19.62,odom_y,/odom,-0.07071198125191659,0.5
8d722d33-c440-466d-9968-517118a74f9d,19.656000000000002,odom_y,/odom,-0.07070572856076301,0.5
8d722d33-c440-466d-9968-517118a74f9d,19.692,odom_y,/odom,-0.07069466337201141,0.5
8d722d33-c440-466d-9968-517118a74f9d,19.728,odom_y,/odom,-0.07068038253825075,0.5
8d722d33-c440-466d-9968-517118a74f9d,19.764000000000003,odom_y,/odom,-0.07066350681132222,0.5
8d722d33-c440-466d-9968-517118a74f9d,19.8,odom_y,/odom,-0.07064420510281497,0.5
8d722d33-c440-466d-9968-517118a74f9d,19.836000000000002,odom_y,/odom,-0.0706221982564798,0.5
8d722d33-c440-466d-9968-517118a74f9d,19.872,odom_y,/odom,-0.0705926749711199,0.5
8d722d33-c440-466d-9968-517118a74f9d,19.911,odom_y,/odom,-0.07055323355387763,0.5
8d722d33-c440-466d-9968-517118a74f9d,19.944000000000003,odom_y,/odom,-0.07050298237414492,0.5
8d722d33-c440-466d-9968-517118a74f9d,19.98,odom_y,/odom,-0.07044111031731229,0.5
8d722d33-c440-466d-9968-517118a74f9d,20.016000000000002,odom_y,/odom,-0.07037012542398176,0.5
8d722d33-c440-466d-9968-517118a74f9d,20.052,odom_y,/odom,-0.07029060168748806,0.5
8d722d33-c440-466d-9968-517118a74f9d,20.088,odom_y,/odom,-0.07020091985804139,0.5
8d722d33-c440-466d-9968-517118a74f9d,20.124000000000002,odom_y,/odom,-0.07010249972072351,0.5
8d722d33-c440-466d-9968-517118a74f9d,20.16,odom_y,/odom,-0.06999672989650052,0.5
8d722d33-c440-466d-9968-517118a74f9d,20.196,odom_y,/odom,-0.06988203334187752,0.5
8d722d33-c440-466d-9968-517118a74f9d,20.232000000000003,odom_y,/odom,-0.06975655467294702,0.5
8d722d33-c440-466d-9968-517118a74f9d,20.268,odom_y,/odom,-0.06962553012292506,0.5
8d722d33-c440-466d-9968-517118a74f9d,20.304000000000002,odom_y,/odom,-0.06949312825664522,0.5
8d722d33-c440-466d-9968-517118a74f9d,20.34,odom_y,/odom,-0.0693594154315461,0.5
8d722d33-c440-466d-9968-517118a74f9d,20.376,odom_y,/odom,-0.06922803083448355,0.5
8d722d33-c440-466d-9968-517118a74f9d,20.412000000000003,odom_y,/odom,-0.06909698351630225,0.5
8d722d33-c440-466d-9968-517118a74f9d,20.448,odom_y,/odom,-0.06896534067755523,0.5
8d722d33-c440-466d-9968-517118a74f9d,20.484,odom_y,/odom,-0.06883040146868509,0.5
8d722d33-c440-466d-9968-517118a74f9d,20.52,odom_y,/odom,-0.06869116803051664,0.5
8d722d33-c440-466d-9968-517118a74f9d,20.556,odom_y,/odom,-0.06854807841372203,0.5
8d722d33-c440-466d-9968-517118a74f9d,20.592000000000002,odom_y,/odom,-0.06840132751140651,0.5
8d722d33-c440-466d-9968-517118a74f9d,20.628,odom_y,/odom,-0.0682545721711639,0.5
8d722d33-c440-466d-9968-517118a74f9d,20.664,odom_y,/odom,-0.06810650842751287,0.5
8d722d33-c440-466d-9968-517118a74f9d,20.700000000000003,odom_y,/odom,-0.06795614907974544,0.5
8d722d33-c440-466d-9968-517118a74f9d,20.736,odom_y,/odom,-0.06780870020827327,0.5
8d722d33-c440-466d-9968-517118a74f9d,20.772000000000002,odom_y,/odom,-0.06766346541313827,0.5
8d722d33-c440-466d-9968-517118a74f9d,20.811,odom_y,/odom,-0.06751913627246874,0.5
8d722d33-c440-466d-9968-517118a74f9d,20.844,odom_y,/odom,-0.06737474632036543,0.5
8d722d33-c440-466d-9968-517118a74f9d,20.880000000000003,odom_y,/odom,-0.06722764069587876,0.5
8d722d33-c440-466d-9968-517118a74f9d,20.916,odom_y,/odom,-0.06707849003044784,0.5
8d722d33-c440-466d-9968-517118a74f9d,20.952,odom_y,/odom,-0.06692854270374592,0.5
8d722d33-c440-466d-9968-517118a74f9d,20.988,odom_y,/odom,-0.06678012592463671,0.5
8d722d33-c440-466d-9968-517118a74f9d,21.024,odom_y,/odom,-0.06663112135796599,0.5
8d722d33-c440-466d-9968-517118a74f9d,21.060000000000002,odom_y,/odom,-0.06648158272503459,0.5
8d722d33-c440-466d-9968-517118a74f9d,21.096,odom_y,/odom,-0.06632967388917778,0.5
8d722d33-c440-466d-9968-517118a74f9d,21.132,odom_y,/odom,-0.06617509728081519,0.5
8d722d33-c440-466d-9968-517118a74f9d,21.168000000000003,odom_y,/odom,-0.06602143121800139,0.5
8d722d33-c440-466d-9968-517118a74f9d,21.204,odom_y,/odom,-0.06586618346992772,0.5
8d722d33-c440-466d-9968-517118a74f9d,21.240000000000002,odom_y,/odom,-0.06570852877739462,0.5
8d722d33-c440-466d-9968-517118a74f9d,21.276,odom_y,/odom,-0.06554908978088238,0.5
8d722d33-c440-466d-9968-517118a74f9d,21.312,odom_y,/odom,-0.06539016495445805,0.5
8d722d33-c440-466d-9968-517118a74f9d,21.348000000000003,odom_y,/odom,-0.06523395223090395,0.5
8d722d33-c440-466d-9968-517118a74f9d,21.384,odom_y,/odom,-0.06507934841024321,0.5
8d722d33-c440-466d-9968-517118a74f9d,21.42,odom_y,/odom,-0.06492453830933909,0.5
8d722d33-c440-466d-9968-517118a74f9d,21.456000000000003,odom_y,/odom,-0.06477059286675543,0.5
8d722d33-c440-466d-9968-517118a74f9d,21.492,odom_y,/odom,-0.06461949847614727,0.5
8d722d33-c440-466d-9968-517118a74f9d,21.528000000000002,odom_y,/odom,-0.06446820910876849,0.5
8d722d33-c440-466d-9968-517118a74f9d,21.564,odom_y,/odom,-0.06431604711499997,0.5
8d722d33-c440-466d-9968-517118a74f9d,21.6,odom_y,/odom,-0.06416431101297504,0.5
8d722d33-c440-466d-9968-517118a74f9d,21.636000000000003,odom_y,/odom,-0.0640121809272894,0.5
8d722d33-c440-466d-9968-517118a74f9d,21.672,odom_y,/odom,-0.06386316465737119,0.5
8d722d33-c440-466d-9968-517118a74f9d,21.711000000000002,odom_y,/odom,-0.06371619683670705,0.5
8d722d33-c440-466d-9968-517118a74f9d,21.744,odom_y,/odom,-0.06357084806513091,0.5
8d722d33-c440-466d-9968-517118a74f9d,21.78,odom_y,/odom,-0.06342462990077717,0.5
8d722d33-c440-466d-9968-517118a74f9d,21.816000000000003,odom_y,/odom,-0.06327663599353228,0.5
8d722d33-c440-466d-9968-517118a74f9d,21.852,odom_y,/odom,-0.06312768129714945,0.5
8d722d33-c440-466d-9968-517118a74f9d,21.888,odom_y,/odom,-0.06297842039362501,0.5
8d722d33-c440-466d-9968-517118a74f9d,21.924000000000003,odom_y,/odom,-0.06282801798848131,0.5
8d722d33-c440-466d-9968-517118a74f9d,21.96,odom_y,/odom,-0.06267758253091703,0.5
8d722d33-c440-466d-9968-517118a74f9d,21.996000000000002,odom_y,/odom,-0.06252805006614712,0.5
8d722d33-c440-466d-9968-517118a74f9d,22.032,odom_y,/odom,-0.062379726116388715,0.5
8d722d33-c440-466d-9968-517118a74f9d,22.068,odom_y,/odom,-0.06223327396461773,0.5
8d722d33-c440-466d-9968-517118a74f9d,22.104000000000003,odom_y,/odom,-0.06208788836015197,0.5
8d722d33-c440-466d-9968-517118a74f9d,22.14,odom_y,/odom,-0.061945378292960845,0.5
8d722d33-c440-466d-9968-517118a74f9d,22.176000000000002,odom_y,/odom,-0.06180340820076832,0.5
8d722d33-c440-466d-9968-517118a74f9d,22.212,odom_y,/odom,-0.06166039151969805,0.5
8d722d33-c440-466d-9968-517118a74f9d,22.248,odom_y,/odom,-0.06151367065056993,0.5
8d722d33-c440-466d-9968-517118a74f9d,22.284000000000002,odom_y,/odom,-0.06136442677663667,0.5
8d722d33-c440-466d-9968-517118a74f9d,22.32,odom_y,/odom,-0.06121531673270602,0.5
8d722d33-c440-466d-9968-517118a74f9d,22.356,odom_y,/odom,-0.061067352558210844,0.5
8d722d33-c440-466d-9968-517118a74f9d,22.392000000000003,odom_y,/odom,-0.060920613887320216,0.5
8d722d33-c440-466d-9968-517118a74f9d,22.428,odom_y,/odom,-0.06077514619849108,0.5
8d722d33-c440-466d-9968-517118a74f9d,22.464000000000002,odom_y,/odom,-0.06063002820324517,0.5
8d722d33-c440-466d-9968-517118a74f9d,22.5,odom_y,/odom,-0.06048362386935631,0.5
8d722d33-c440-466d-9968-517118a74f9d,22.536,odom_y,/odom,-0.060333656278713406,0.5
8d722d33-c440-466d-9968-517118a74f9d,22.572000000000003,odom_y,/odom,-0.060183222297073555,0.5
8d722d33-c440-466d-9968-517118a74f9d,22.611,odom_y,/odom,-0.060030725995812086,0.5
8d722d33-c440-466d-9968-517118a74f9d,22.644000000000002,odom_y,/odom,-0.059875885293180935,0.5
8d722d33-c440-466d-9968-517118a74f9d,22.68,odom_y,/odom,-0.05971826327071893,0.5
8d722d33-c440-466d-9968-517118a74f9d,22.716,odom_y,/odom,-0.05956409679350817,0.5
8d722d33-c440-466d-9968-517118a74f9d,22.752000000000002,odom_y,/odom,-0.059410289007624836,0.5
8d722d33-c440-466d-9968-517118a74f9d,22.788,odom_y,/odom,-0.0592533280979855,0.5
8d722d33-c440-466d-9968-517118a74f9d,22.824,odom_y,/odom,-0.05909490977959785,0.5
8d722d33-c440-466d-9968-517118a74f9d,22.860000000000003,odom_y,/odom,-0.05893380980582563,0.5
8d722d33-c440-466d-9968-517118a74f9d,22.896,odom_y,/odom,-0.05876943295833992,0.5
8d722d33-c440-466d-9968-517118a74f9d,22.932000000000002,odom_y,/odom,-0.05860473753057187,0.5
8d722d33-c440-466d-9968-517118a74f9d,22.968,odom_y,/odom,-0.05844004887677595,0.5
8d722d33-c440-466d-9968-517118a74f9d,23.004,odom_y,/odom,-0.05827211225809968,0.5
8d722d33-c440-466d-9968-517118a74f9d,23.040000000000003,odom_y,/odom,-0.0581010282094914,0.5
8d722d33-c440-466d-9968-517118a74f9d,23.076,odom_y,/odom,-0.05792430206991111,0.5
8d722d33-c440-466d-9968-517118a74f9d,23.112000000000002,odom_y,/odom,-0.05774287303582683,0.5
8d722d33-c440-466d-9968-517118a74f9d,23.148,odom_y,/odom,-0.05756185284128925,0.5
8d722d33-c440-466d-9968-517118a74f9d,23.184,odom_y,/odom,-0.05737527088260627,0.5
8d722d33-c440-466d-9968-517118a74f9d,23.220000000000002,odom_y,/odom,-0.05718829202331889,0.5
8d722d33-c440-466d-9968-517118a74f9d,23.256,odom_y,/odom,-0.057000605504189804,0.5
8d722d33-c440-466d-9968-517118a74f9d,23.292,odom_y,/odom,-0.05681082479192781,0.5
8d722d33-c440-466d-9968-517118a74f9d,23.328000000000003,odom_y,/odom,-0.056621285693977376,0.5
8d722d33-c440-466d-9968-517118a74f9d,23.364,odom_y,/odom,-0.05643090787721576,0.5
8d722d33-c440-466d-9968-517118a74f9d,23.400000000000002,odom_y,/odom,-0.05624061844216499,0.5
8d722d33-c440-466d-9968-517118a74f9d,23.436,odom_y,/odom,-0.056051519011391014,0.5
8d722d33-c440-466d-9968-517118a74f9d,23.472,odom_y,/odom,-0.05586412042034254,0.5
8d722d33-c440-466d-9968-517118a74f9d,23.508000000000003,odom_y,/odom,-0.055679202560033864,0.5
8d722d33-c440-466d-9968-517118a74f9d,23.544,odom_y,/odom,-0.055497889745018104,0.5
8d722d33-c440-466d-9968-517118a74f9d,23.580000000000002,odom_y,/odom,-0.05531672843517299,0.5
8d722d33-c440-466d-9968-517118a74f9d,23.616000000000003,odom_y,/odom,-0.05513718669531459,0.5
8d722d33-c440-466d-9968-517118a74f9d,23.652,odom_y,/odom,-0.05495908195442428,0.5
8d722d33-c440-466d-9968-517118a74f9d,23.688000000000002,odom_y,/odom,-0.05478286535745538,0.5
8d722d33-c440-466d-9968-517118a74f9d,23.724,odom_y,/odom,-0.054610038736175266,0.5
8d722d33-c440-466d-9968-517118a74f9d,23.76,odom_y,/odom,-0.054438969914455994,0.5
8d722d33-c440-466d-9968-517118a74f9d,23.796000000000003,odom_y,/odom,-0.05427144049805277,0.5
8d722d33-c440-466d-9968-517118a74f9d,23.832,odom_y,/odom,-0.054107075367704004,0.5
8d722d33-c440-466d-9968-517118a74f9d,23.868000000000002,odom_y,/odom,-0.05394521056458384,0.5
8d722d33-c440-466d-9968-517118a74f9d,23.904,odom_y,/odom,-0.05378453151287036,0.5
8d722d33-c440-466d-9968-517118a74f9d,23.94,odom_y,/odom,-0.053624893944581496,0.5
8d722d33-c440-466d-9968-517118a74f9d,23.976000000000003,odom_y,/odom,-0.05346507785393642,0.5
8d722d33-c440-466d-9968-517118a74f9d,24.012,odom_y,/odom,-0.05330541083930272,0.5
8d722d33-c440-466d-9968-517118a74f9d,24.048000000000002,odom_y,/odom,-0.05314521761273811,0.5
8d722d33-c440-466d-9968-517118a74f9d,24.084000000000003,odom_y,/odom,-0.052988939313967365,0.5
8d722d33-c440-466d-9968-517118a74f9d,24.12,odom_y,/odom,-0.05283548347869755,0.5
8d722d33-c440-466d-9968-517118a74f9d,24.156000000000002,odom_y,/odom,-0.052684032537626616,0.5
8d722d33-c440-466d-9968-517118a74f9d,24.192,odom_y,/odom,-0.05253739526901178,0.5
8d722d33-c440-466d-9968-517118a74f9d,24.228,odom_y,/odom,-0.05239488254603826,0.5
8d722d33-c440-466d-9968-517118a74f9d,24.264000000000003,odom_y,/odom,-0.05225437648611192,0.5
8d722d33-c440-466d-9968-517118a74f9d,24.3,odom_y,/odom,-0.05211658771064562,0.5
8d722d33-c440-466d-9968-517118a74f9d,24.336000000000002,odom_y,/odom,-0.05198113348333516,0.5
8d722d33-c440-466d-9968-517118a74f9d,24.372,odom_y,/odom,-0.05184566974086294,0.5
8d722d33-c440-466d-9968-517118a74f9d,24.411,odom_y,/odom,-0.05171089159733724,0.5
8d722d33-c440-466d-9968-517118a74f9d,24.444000000000003,odom_y,/odom,-0.05157706480385153,0.5
8d722d33-c440-466d-9968-517118a74f9d,24.48,odom_y,/odom,-0.051442527098801184,0.5
8d722d33-c440-466d-9968-517118a74f9d,24.516000000000002,odom_y,/odom,-0.051311429001239216,0.5
8d722d33-c440-466d-9968-517118a74f9d,24.552000000000003,odom_y,/odom,-0.05118243338601915,0.5
8d722d33-c440-466d-9968-517118a74f9d,24.588,odom_y,/odom,-0.051055329879068745,0.5
8d722d33-c440-466d-9968-517118a74f9d,24.624000000000002,odom_y,/odom,-0.05092938356322598,0.5
8d722d33-c440-466d-9968-517118a74f9d,24.66,odom_y,/odom,-0.05080411132705105,0.5
8d722d33-c440-466d-9968-517118a74f9d,24.696,odom_y,/odom,-0.050679459685621014,0.5
8d722d33-c440-466d-9968-517118a74f9d,24.732000000000003,odom_y,/odom,-0.050557124895865016,0.5
8d722d33-c440-466d-9968-517118a74f9d,24.768,odom_y,/odom,-0.05043926453288005,0.5
8d722d33-c440-466d-9968-517118a74f9d,24.804000000000002,odom_y,/odom,-0.05032378367638187,0.5
8d722d33-c440-466d-9968-517118a74f9d,24.84,odom_y,/odom,-0.050207951919376693,0.5
8d722d33-c440-466d-9968-517118a74f9d,24.876,odom_y,/odom,-0.05009490705856181,0.5
8d722d33-c440-466d-9968-517118a74f9d,24.912000000000003,odom_y,/odom,-0.04998412366379426,0.5
8d722d33-c440-466d-9968-517118a74f9d,24.948,odom_y,/odom,-0.04987578914035611,0.5
8d722d33-c440-466d-9968-517118a74f9d,24.984,odom_y,/odom,-0.049768586503738,0.5
8d722d33-c440-466d-9968-517118a74f9d,25.020000000000003,odom_y,/odom,-0.04966134853238421,0.5
8d722d33-c440-466d-9968-517118a74f9d,25.056,odom_y,/odom,-0.04955425303155631,0.5
8d722d33-c440-466d-9968-517118a74f9d,25.092000000000002,odom_y,/odom,-0.04944800143409845,0.5
8d722d33-c440-466d-9968-517118a74f9d,25.128,odom_y,/odom,-0.04934112148864915,0.5
8d722d33-c440-466d-9968-517118a74f9d,25.164,odom_y,/odom,-0.04923425493328464,0.5
8d722d33-c440-466d-9968-517118a74f9d,25.200000000000003,odom_y,/odom,-0.0491276720935542,0.5
8d722d33-c440-466d-9968-517118a74f9d,25.236,odom_y,/odom,-0.04902220822905366,0.5
8d722d33-c440-466d-9968-517118a74f9d,25.272000000000002,odom_y,/odom,-0.04891686654742993,0.5
8d722d33-c440-466d-9968-517118a74f9d,25.311,odom_y,/odom,-0.04881125567128214,0.5
8d722d33-c440-466d-9968-517118a74f9d,25.344,odom_y,/odom,-0.04870706395802359,0.5
8d722d33-c440-466d-9968-517118a74f9d,25.380000000000003,odom_y,/odom,-0.048602094406957994,0.5
8d722d33-c440-466d-9968-517118a74f9d,25.416,odom_y,/odom,-0.04850038515315581,0.5
8d722d33-c440-466d-9968-517118a74f9d,25.452,odom_y,/odom,-0.048399994337016514,0.5
8d722d33-c440-466d-9968-517118a74f9d,25.488000000000003,odom_y,/odom,-0.04829958691518112,0.5
8d722d33-c440-466d-9968-517118a74f9d,25.524,odom_y,/odom,-0.048200525438268506,0.5
8d722d33-c440-466d-9968-517118a74f9d,25.560000000000002,odom_y,/odom,-0.04810222000794247,0.5
8d722d33-c440-466d-9968-517118a74f9d,25.596,odom_y,/odom,-0.04800489890268722,0.5
8d722d33-c440-466d-9968-517118a74f9d,25.632,odom_y,/odom,-0.047907779114240885,0.5
8d722d33-c440-466d-9968-517118a74f9d,25.668000000000003,odom_y,/odom,-0.04781069393691359,0.5
8d722d33-c440-466d-9968-517118a74f9d,25.704,odom_y,/odom,-0.04771309728435594,0.5
8d722d33-c440-466d-9968-517118a74f9d,25.740000000000002,odom_y,/odom,-0.047615726278397344,0.5
8d722d33-c440-466d-9968-517118a74f9d,25.776000000000003,odom_y,/odom,-0.04752213652168961,0.5
8d722d33-c440-466d-9968-517118a74f9d,25.812,odom_y,/odom,-0.0474329264328391,0.5
8d722d33-c440-466d-9968-517118a74f9d,25.848000000000003,odom_y,/odom,-0.047348382266724505,0.5
8d722d33-c440-466d-9968-517118a74f9d,25.884,odom_y,/odom,-0.04726811816135734,0.5
8d722d33-c440-466d-9968-517118a74f9d,25.92,odom_y,/odom,-0.04718972041610442,0.5
8d722d33-c440-466d-9968-517118a74f9d,25.956000000000003,odom_y,/odom,-0.047113535365228464,0.5
8d722d33-c440-466d-9968-517118a74f9d,25.992,odom_y,/odom,-0.047040868118987306,0.5
8d722d33-c440-466d-9968-517118a74f9d,26.028000000000002,odom_y,/odom,-0.04697347931700047,0.5
8d722d33-c440-466d-9968-517118a74f9d,26.064,odom_y,/odom,-0.04691034952659511,0.5
8d722d33-c440-466d-9968-517118a74f9d,26.1,odom_y,/odom,-0.04685101025774212,0.5
8d722d33-c440-466d-9968-517118a74f9d,26.136000000000003,odom_y,/odom,-0.046794231882898156,0.5
8d722d33-c440-466d-9968-517118a74f9d,26.172,odom_y,/odom,-0.04674052499503333,0.5
8d722d33-c440-466d-9968-517118a74f9d,26.211000000000002,odom_y,/odom,-0.04668932602030353,0.5
8d722d33-c440-466d-9968-517118a74f9d,26.244000000000003,odom_y,/odom,-0.04663910968181639,0.5
8d722d33-c440-466d-9968-517118a74f9d,26.28,odom_y,/odom,-0.046587804445950655,0.5
8d722d33-c440-466d-9968-517118a74f9d,26.316000000000003,odom_y,/odom,-0.046534880339931514,0.5
8d722d33-c440-466d-9968-517118a74f9d,26.352,odom_y,/odom,-0.04647824926696075,0.5
8d722d33-c440-466d-9968-517118a74f9d,26.388,odom_y,/odom,-0.0464193476451375,0.5
8d722d33-c440-466d-9968-517118a74f9d,26.424000000000003,odom_y,/odom,-0.04635678953156947,0.5
8d722d33-c440-466d-9968-517118a74f9d,26.46,odom_y,/odom,-0.04629028883220475,0.5
8d722d33-c440-466d-9968-517118a74f9d,26.496000000000002,odom_y,/odom,-0.0462207937422036,0.5
8d722d33-c440-466d-9968-517118a74f9d,26.532,odom_y,/odom,-0.04614878696217499,0.5
8d722d33-c440-466d-9968-517118a74f9d,26.568,odom_y,/odom,-0.046073619274013704,0.5
8d722d33-c440-466d-9968-517118a74f9d,26.604000000000003,odom_y,/odom,-0.045995754518647756,0.5
8d722d33-c440-466d-9968-517118a74f9d,26.64,odom_y,/odom,-0.0459165027070055,0.5
8d722d33-c440-466d-9968-517118a74f9d,26.676000000000002,odom_y,/odom,-0.04583438801081555,0.5
8d722d33-c440-466d-9968-517118a74f9d,26.712000000000003,odom_y,/odom,-0.04574960059692915,0.5
8d722d33-c440-466d-9968-517118a74f9d,26.748,odom_y,/odom,-0.04566325149345464,0.5
8d722d33-c440-466d-9968-517118a74f9d,26.784000000000002,odom_y,/odom,-0.04557567994130366,0.5
8d722d33-c440-466d-9968-517118a74f9d,26.82,odom_y,/odom,-0.045485468384400145,0.5
8d722d33-c440-466d-9968-517118a74f9d,26.856,odom_y,/odom,-0.045392333029975036,0.5
8d722d33-c440-466d-9968-517118a74f9d,26.892000000000003,odom_y,/odom,-0.045297706372089505,0.5
8d722d33-c440-466d-9968-517118a74f9d,26.928,odom_y,/odom,-0.045202572246287966,0.5
8d722d33-c440-466d-9968-517118a74f9d,26.964000000000002,odom_y,/odom,-0.04510510651824762,0.5
8d722d33-c440-466d-9968-517118a74f9d,27.0,odom_y,/odom,-0.04500614315110302,0.5
8d722d33-c440-466d-9968-517118a74f9d,27.036,odom_y,/odom,-0.044906928178407836,0.5
8d722d33-c440-466d-9968-517118a74f9d,27.072000000000003,odom_y,/odom,-0.04480697145840998,0.5
8d722d33-c440-466d-9968-517118a74f9d,27.108,odom_y,/odom,-0.04470565383444627,0.5
8d722d33-c440-466d-9968-517118a74f9d,27.144000000000002,odom_y,/odom,-0.04460339271900577,0.5
8d722d33-c440-466d-9968-517118a74f9d,27.180000000000003,odom_y,/odom,-0.04449946187791902,0.5
8d722d33-c440-466d-9968-517118a74f9d,27.216,odom_y,/odom,-0.04439502533213261,0.5
8d722d33-c440-466d-9968-517118a74f9d,27.252000000000002,odom_y,/odom,-0.04429024757740973,0.5
8d722d33-c440-466d-9968-517118a74f9d,27.288,odom_y,/odom,-0.0441879047742285,0.5
8d722d33-c440-466d-9968-517118a74f9d,27.324,odom_y,/odom,-0.04408543882154955,0.5
8d722d33-c440-466d-9968-517118a74f9d,27.360000000000003,odom_y,/odom,-0.043982385527492326,0.5
8d722d33-c440-466d-9968-517118a74f9d,27.396,odom_y,/odom,-0.043881602553713046,0.5
8d722d33-c440-466d-9968-517118a74f9d,27.432000000000002,odom_y,/odom,-0.04377962059475379,0.5
8d722d33-c440-466d-9968-517118a74f9d,27.468,odom_y,/odom,-0.04367558386782053,0.5
8d722d33-c440-466d-9968-517118a74f9d,27.504,odom_y,/odom,-0.04357021078738414,0.5
8d722d33-c440-466d-9968-517118a74f9d,27.540000000000003,odom_y,/odom,-0.04346296081049441,0.5
8d722d33-c440-466d-9968-517118a74f9d,27.576,odom_y,/odom,-0.043355977046288234,0.5
8d722d33-c440-466d-9968-517118a74f9d,27.612000000000002,odom_y,/odom,-0.043247952757146706,0.5
8d722d33-c440-466d-9968-517118a74f9d,27.648000000000003,odom_y,/odom,-0.04313769320434605,0.5
8d722d33-c440-466d-9968-517118a74f9d,27.684,odom_y,/odom,-0.04302314289649632,0.5
8d722d33-c440-466d-9968-517118a74f9d,27.720000000000002,odom_y,/odom,-0.042907179616301805,0.5
8d722d33-c440-466d-9968-517118a74f9d,27.756,odom_y,/odom,-0.042789805641703586,0.5
8d722d33-c440-466d-9968-517118a74f9d,27.792,odom_y,/odom,-0.04267036783609758,0.5
8d722d33-c440-466d-9968-517118a74f9d,27.828000000000003,odom_y,/odom,-0.04254776321831737,0.5
8d722d33-c440-466d-9968-517118a74f9d,27.864,odom_y,/odom,-0.042423506326739024,0.5
8d722d33-c440-466d-9968-517118a74f9d,27.900000000000002,odom_y,/odom,-0.04229842288696594,0.5
8d722d33-c440-466d-9968-517118a74f9d,27.936000000000003,odom_y,/odom,-0.042174489806322726,0.5
8d722d33-c440-466d-9968-517118a74f9d,27.972,odom_y,/odom,-0.04205205762231758,0.5
8d722d33-c440-466d-9968-517118a74f9d,28.011000000000003,odom_y,/odom,-0.04192841138291364,0.5
8d722d33-c440-466d-9968-517118a74f9d,28.044,odom_y,/odom,-0.04180221120617553,0.5
8d722d33-c440-466d-9968-517118a74f9d,28.080000000000002,odom_y,/odom,-0.04167666239071347,0.5
8d722d33-c440-466d-9968-517118a74f9d,28.116000000000003,odom_y,/odom,-0.04155330522030555,0.5
8d722d33-c440-466d-9968-517118a74f9d,28.152,odom_y,/odom,-0.041429138571666725,0.5
8d722d33-c440-466d-9968-517118a74f9d,28.188000000000002,odom_y,/odom,-0.041306807533822563,0.5
8d722d33-c440-466d-9968-517118a74f9d,28.224,odom_y,/odom,-0.04117940069275882,0.5
8d722d33-c440-466d-9968-517118a74f9d,28.26,odom_y,/odom,-0.04104933929069543,0.5
8d722d33-c440-466d-9968-517118a74f9d,28.296000000000003,odom_y,/odom,-0.04092176883017941,0.5
8d722d33-c440-466d-9968-517118a74f9d,28.332,odom_y,/odom,-0.04079367682879401,0.5
8d722d33-c440-466d-9968-517118a74f9d,28.368000000000002,odom_y,/odom,-0.0406657511384197,0.5
8d722d33-c440-466d-9968-517118a74f9d,28.404000000000003,odom_y,/odom,-0.04053645204193586,0.5
8d722d33-c440-466d-9968-517118a74f9d,28.44,odom_y,/odom,-0.040410111838497194,0.5
8d722d33-c440-466d-9968-517118a74f9d,28.476000000000003,odom_y,/odom,-0.04028432616465571,0.5
8d722d33-c440-466d-9968-517118a74f9d,28.512,odom_y,/odom,-0.04015736927010283,0.5
8d722d33-c440-466d-9968-517118a74f9d,28.548000000000002,odom_y,/odom,-0.04003165889148676,0.5
8d722d33-c440-466d-9968-517118a74f9d,28.584000000000003,odom_y,/odom,-0.039905244744317774,0.5
8d722d33-c440-466d-9968-517118a74f9d,28.62,odom_y,/odom,-0.03978524007443301,0.5
8d722d33-c440-466d-9968-517118a74f9d,28.656000000000002,odom_y,/odom,-0.03966763104318899,0.5
8d722d33-c440-466d-9968-517118a74f9d,28.692,odom_y,/odom,-0.039550922472527575,0.5
8d722d33-c440-466d-9968-517118a74f9d,28.728,odom_y,/odom,-0.03943116130551935,0.5
8d722d33-c440-466d-9968-517118a74f9d,28.764000000000003,odom_y,/odom,-0.03931053094137553,0.5
8d722d33-c440-466d-9968-517118a74f9d,28.8,odom_y,/odom,-0.03918587341884738,0.5
8d722d33-c440-466d-9968-517118a74f9d,28.836000000000002,odom_y,/odom,-0.0390607526312049,0.5
8d722d33-c440-466d-9968-517118a74f9d,28.872000000000003,odom_y,/odom,-0.03893299088571531,0.5
8d722d33-c440-466d-9968-517118a74f9d,28.908,odom_y,/odom,-0.03880376497380634,0.5
8d722d33-c440-466d-9968-517118a74f9d,28.944000000000003,odom_y,/odom,-0.03869613604331365,0.5
8d722d33-c440-466d-9968-517118a74f9d,28.98,odom_y,/odom,-0.03864586419612479,0.5
8d722d33-c440-466d-9968-517118a74f9d,29.016000000000002,odom_y,/odom,-0.03864194478319199,0.5
8d722d33-c440-466d-9968-517118a74f9d,29.052000000000003,odom_y,/odom,-0.03864194478319199,0.5
8d722d33-c440-466d-9968-517118a74f9d,29.088,odom_y,/odom,-0.03864194478319199,0.5
8d722d33-c440-466d-9968-517118a74f9d,29.124000000000002,odom_y,/odom,-0.03864194478319199,0.5
8d722d33-c440-466d-9968-517118a74f9d,29.16,odom_y,/odom,-0.03864194478319199,0.5
8d722d33-c440-466d-9968-517118a74f9d,29.196,odom_y,/odom,-0.03864194478319199,0.5
8d722d33-c440-466d-9968-517118a74f9d,29.232000000000003,odom_y,/odom,-0.03864194478319199,0.5
8d722d33-c440-466d-9968-517118a74f9d,29.268,odom_y,/odom,-0.03864194478319199,0.5
8d722d33-c440-466d-9968-517118a74f9d,29.304000000000002,odom_y,/odom,-0.03864194478319199,0.5
8d722d33-c440-466d-9968-517118a74f9d,29.340000000000003,odom_y,/odom,-0.03864194478319199,0.5
8d722d33-c440-466d-9968-517118a74f9d,29.376,odom_y,/odom,-0.03864194478319199,0.5
8d722d33-c440-466d-9968-517118a74f9d,29.412000000000003,odom_y,/odom,-0.03864194478319199,0.5
8d722d33-c440-466d-9968-517118a74f9d,29.448,odom_y,/odom,-0.03864194478319199,0.5
8d722d33-c440-466d-9968-517118a74f9d,29.484,odom_y,/odom,-0.03864194478319199,0.5
8d722d33-c440-466d-9968-517118a74f9d,29.520000000000003,odom_y,/odom,-0.03864194478319199,0.5
8d722d33-c440-466d-9968-517118a74f9d,29.556,odom_y,/odom,-0.03864194478319199,0.5
8d722d33-c440-466d-9968-517118a74f9d,29.592000000000002,odom_y,/odom,-0.03864194478319199,0.5
8d722d33-c440-466d-9968-517118a74f9d,29.628,odom_y,/odom,-0.03864194478319199,0.5
8d722d33-c440-466d-9968-517118a74f9d,29.664,odom_y,/odom,-0.03864194478319199,0.5
8d722d33-c440-466d-9968-517118a74f9d,9.360000000000001,pose_covariance_trace,/amcl_pose,1.0946799022804343e-13,2.0
8d722d33-c440-466d-9968-517118a74f9d,13.035,pose_covariance_trace,/amcl_pose,0.031229033134750214,2.0
8d722d33-c440-466d-9968-517118a74f9d,14.511000000000001,pose_covariance_trace,/amcl_pose,0.05470814257125363,2.0
8d722d33-c440-466d-9968-517118a74f9d,15.912,pose_covariance_trace,/amcl_pose,0.07453425980686373,2.0
8d722d33-c440-466d-9968-517118a74f9d,17.316000000000003,pose_covariance_trace,/amcl_pose,0.08911901243467668,2.0
8d722d33-c440-466d-9968-517118a74f9d,18.828,pose_covariance_trace,/amcl_pose,0.10882498616695943,2.0
8d722d33-c440-466d-9968-517118a74f9d,20.313000000000002,pose_covariance_trace,/amcl_pose,0.12430331544195086,2.0
8d722d33-c440-466d-9968-517118a74f9d,21.711000000000002,pose_covariance_trace,/amcl_pose,0.12243424829645232,2.0
8d722d33-c440-466d-9968-517118a74f9d,23.112000000000002,pose_covariance_trace,/amcl_pose,0.15374158514674316,2.0
8d722d33-c440-466d-9968-517118a74f9d,24.732000000000003,pose_covariance_trace,/amcl_pose,0.15981682138348302,2.0
8d722d33-c440-466d-9968-517118a74f9d,26.613000000000003,pose_covariance_trace,/amcl_pose,0.19343710905820516,2.0
8d722d33-c440-466d-9968-517118a74f9d,9.411000000000001,valid_return_fraction,/scan,1.0,0.5
8d722d33-c440-466d-9968-517118a74f9d,9.51,valid_return_fraction,/scan,1.0,0.5
8d722d33-c440-466d-9968-517118a74f9d,9.612,valid_return_fraction,/scan,1.0,0.5
8d722d33-c440-466d-9968-517118a74f9d,9.711,valid_return_fraction,/scan,1.0,0.5
8d722d33-c440-466d-9968-517118a74f9d,9.81,valid_return_fraction,/scan,1.0,0.5
8d722d33-c440-466d-9968-517118a74f9d,9.909,valid_return_fraction,/scan,1.0,0.5
8d722d33-c440-466d-9968-517118a74f9d,10.011000000000001,valid_return_fraction,/scan,1.0,0.5
8d722d33-c440-466d-9968-517118a74f9d,10.113000000000001,valid_return_fraction,/scan,1.0,0.5
8d722d33-c440-466d-9968-517118a74f9d,10.209000000000001,valid_return_fraction,/scan,1.0,0.5
8d722d33-c440-466d-9968-517118a74f9d,10.311,valid_return_fraction,/scan,1.0,0.5
8d722d33-c440-466d-9968-517118a74f9d,10.41,valid_return_fraction,/scan,1.0,0.5
8d722d33-c440-466d-9968-517118a74f9d,10.509,valid_return_fraction,/scan,1.0,0.5
8d722d33-c440-466d-9968-517118a74f9d,10.611,valid_return_fraction,/scan,1.0,0.5
8d722d33-c440-466d-9968-517118a74f9d,10.713000000000001,valid_return_fraction,/scan,1.0,0.5
8d722d33-c440-466d-9968-517118a74f9d,10.812000000000001,valid_return_fraction,/scan,1.0,0.5
8d722d33-c440-466d-9968-517118a74f9d,10.911000000000001,valid_return_fraction,/scan,1.0,0.5
8d722d33-c440-466d-9968-517118a74f9d,11.010000000000002,valid_return_fraction,/scan,1.0,0.5
8d722d33-c440-466d-9968-517118a74f9d,11.109,valid_return_fraction,/scan,1.0,0.5
8d722d33-c440-466d-9968-517118a74f9d,11.211,valid_return_fraction,/scan,1.0,0.5
8d722d33-c440-466d-9968-517118a74f9d,11.31,valid_return_fraction,/scan,1.0,0.5
8d722d33-c440-466d-9968-517118a74f9d,11.409,valid_return_fraction,/scan,1.0,0.5
8d722d33-c440-466d-9968-517118a74f9d,11.514000000000001,valid_return_fraction,/scan,1.0,0.5
8d722d33-c440-466d-9968-517118a74f9d,11.610000000000001,valid_return_fraction,/scan,1.0,0.5
8d722d33-c440-466d-9968-517118a74f9d,11.709000000000001,valid_return_fraction,/scan,1.0,0.5
8d722d33-c440-466d-9968-517118a74f9d,11.811,valid_return_fraction,/scan,1.0,0.5
8d722d33-c440-466d-9968-517118a74f9d,11.91,valid_return_fraction,/scan,1.0,0.5
8d722d33-c440-466d-9968-517118a74f9d,12.009,valid_return_fraction,/scan,1.0,0.5
8d722d33-c440-466d-9968-517118a74f9d,12.111,valid_return_fraction,/scan,1.0,0.5
8d722d33-c440-466d-9968-517118a74f9d,12.21,valid_return_fraction,/scan,1.0,0.5
8d722d33-c440-466d-9968-517118a74f9d,12.309000000000001,valid_return_fraction,/scan,1.0,0.5
8d722d33-c440-466d-9968-517118a74f9d,12.411000000000001,valid_return_fraction,/scan,1.0,0.5
8d722d33-c440-466d-9968-517118a74f9d,12.510000000000002,valid_return_fraction,/scan,1.0,0.5
8d722d33-c440-466d-9968-517118a74f9d,12.609,valid_return_fraction,/scan,1.0,0.5
8d722d33-c440-466d-9968-517118a74f9d,12.714,valid_return_fraction,/scan,1.0,0.5
8d722d33-c440-466d-9968-517118a74f9d,12.81,valid_return_fraction,/scan,1.0,0.5
8d722d33-c440-466d-9968-517118a74f9d,12.909,valid_return_fraction,/scan,1.0,0.5
8d722d33-c440-466d-9968-517118a74f9d,13.011000000000001,valid_return_fraction,/scan,1.0,0.5
8d722d33-c440-466d-9968-517118a74f9d,13.110000000000001,valid_return_fraction,/scan,1.0,0.5
8d722d33-c440-466d-9968-517118a74f9d,13.209000000000001,valid_return_fraction,/scan,1.0,0.5
8d722d33-c440-466d-9968-517118a74f9d,13.311,valid_return_fraction,/scan,1.0,0.5
8d722d33-c440-466d-9968-517118a74f9d,13.41,valid_return_fraction,/scan,1.0,0.5
8d722d33-c440-466d-9968-517118a74f9d,13.509,valid_return_fraction,/scan,1.0,0.5
8d722d33-c440-466d-9968-517118a74f9d,13.611,valid_return_fraction,/scan,1.0,0.5
8d722d33-c440-466d-9968-517118a74f9d,13.71,valid_return_fraction,/scan,1.0,0.5
8d722d33-c440-466d-9968-517118a74f9d,13.809000000000001,valid_return_fraction,/scan,1.0,0.5
8d722d33-c440-466d-9968-517118a74f9d,13.911000000000001,valid_return_fraction,/scan,1.0,0.5
8d722d33-c440-466d-9968-517118a74f9d,14.010000000000002,valid_return_fraction,/scan,1.0,0.5
8d722d33-c440-466d-9968-517118a74f9d,14.109000000000002,valid_return_fraction,/scan,1.0,0.5
8d722d33-c440-466d-9968-517118a74f9d,14.211,valid_return_fraction,/scan,1.0,0.5
8d722d33-c440-466d-9968-517118a74f9d,14.31,valid_return_fraction,/scan,1.0,0.5
8d722d33-c440-466d-9968-517118a74f9d,14.409,valid_return_fraction,/scan,1.0,0.5
8d722d33-c440-466d-9968-517118a74f9d,14.511000000000001,valid_return_fraction,/scan,1.0,0.5
8d722d33-c440-466d-9968-517118a74f9d,14.610000000000001,valid_return_fraction,/scan,1.0,0.5
8d722d33-c440-466d-9968-517118a74f9d,14.709000000000001,valid_return_fraction,/scan,1.0,0.5
8d722d33-c440-466d-9968-517118a74f9d,14.811000000000002,valid_return_fraction,/scan,1.0,0.5
8d722d33-c440-466d-9968-517118a74f9d,14.91,valid_return_fraction,/scan,1.0,0.5
8d722d33-c440-466d-9968-517118a74f9d,15.009,valid_return_fraction,/scan,1.0,0.5
8d722d33-c440-466d-9968-517118a74f9d,15.111,valid_return_fraction,/scan,1.0,0.5
8d722d33-c440-466d-9968-517118a74f9d,15.21,valid_return_fraction,/scan,1.0,0.5
8d722d33-c440-466d-9968-517118a74f9d,15.309000000000001,valid_return_fraction,/scan,1.0,0.5
8d722d33-c440-466d-9968-517118a74f9d,15.411000000000001,valid_return_fraction,/scan,1.0,0.5
8d722d33-c440-466d-9968-517118a74f9d,15.510000000000002,valid_return_fraction,/scan,1.0,0.5
8d722d33-c440-466d-9968-517118a74f9d,15.609000000000002,valid_return_fraction,/scan,1.0,0.5
8d722d33-c440-466d-9968-517118a74f9d,15.711,valid_return_fraction,/scan,1.0,0.5
8d722d33-c440-466d-9968-517118a74f9d,15.81,valid_return_fraction,/scan,1.0,0.5
8d722d33-c440-466d-9968-517118a74f9d,15.909,valid_return_fraction,/scan,1.0,0.5
8d722d33-c440-466d-9968-517118a74f9d,16.011,valid_return_fraction,/scan,1.0,0.5
8d722d33-c440-466d-9968-517118a74f9d,16.11,valid_return_fraction,/scan,1.0,0.5
8d722d33-c440-466d-9968-517118a74f9d,16.209,valid_return_fraction,/scan,1.0,0.5
8d722d33-c440-466d-9968-517118a74f9d,16.311,valid_return_fraction,/scan,1.0,0.5
8d722d33-c440-466d-9968-517118a74f9d,16.41,valid_return_fraction,/scan,1.0,0.5
8d722d33-c440-466d-9968-517118a74f9d,16.509,valid_return_fraction,/scan,1.0,0.5
8d722d33-c440-466d-9968-517118a74f9d,16.611,valid_return_fraction,/scan,1.0,0.5
8d722d33-c440-466d-9968-517118a74f9d,16.71,valid_return_fraction,/scan,1.0,0.5
8d722d33-c440-466d-9968-517118a74f9d,16.809,valid_return_fraction,/scan,1.0,0.5
8d722d33-c440-466d-9968-517118a74f9d,16.911,valid_return_fraction,/scan,1.0,0.5
8d722d33-c440-466d-9968-517118a74f9d,17.01,valid_return_fraction,/scan,1.0,0.5
8d722d33-c440-466d-9968-517118a74f9d,17.109,valid_return_fraction,/scan,1.0,0.5
8d722d33-c440-466d-9968-517118a74f9d,17.211000000000002,valid_return_fraction,/scan,1.0,0.5
8d722d33-c440-466d-9968-517118a74f9d,17.310000000000002,valid_return_fraction,/scan,1.0,0.5
8d722d33-c440-466d-9968-517118a74f9d,17.409000000000002,valid_return_fraction,/scan,1.0,0.5
8d722d33-c440-466d-9968-517118a74f9d,17.511000000000003,valid_return_fraction,/scan,1.0,0.5
8d722d33-c440-466d-9968-517118a74f9d,17.61,valid_return_fraction,/scan,1.0,0.5
8d722d33-c440-466d-9968-517118a74f9d,17.709,valid_return_fraction,/scan,1.0,0.5
8d722d33-c440-466d-9968-517118a74f9d,17.811,valid_return_fraction,/scan,1.0,0.5
8d722d33-c440-466d-9968-517118a74f9d,17.91,valid_return_fraction,/scan,1.0,0.5
8d722d33-c440-466d-9968-517118a74f9d,18.009,valid_return_fraction,/scan,1.0,0.5
8d722d33-c440-466d-9968-517118a74f9d,18.111,valid_return_fraction,/scan,1.0,0.5
8d722d33-c440-466d-9968-517118a74f9d,18.21,valid_return_fraction,/scan,1.0,0.5
8d722d33-c440-466d-9968-517118a74f9d,18.309,valid_return_fraction,/scan,1.0,0.5
8d722d33-c440-466d-9968-517118a74f9d,18.411,valid_return_fraction,/scan,1.0,0.5
8d722d33-c440-466d-9968-517118a74f9d,18.51,valid_return_fraction,/scan,1.0,0.5
8d722d33-c440-466d-9968-517118a74f9d,18.609,valid_return_fraction,/scan,1.0,0.5
8d722d33-c440-466d-9968-517118a74f9d,18.711000000000002,valid_return_fraction,/scan,1.0,0.5
8d722d33-c440-466d-9968-517118a74f9d,18.810000000000002,valid_return_fraction,/scan,1.0,0.5
8d722d33-c440-466d-9968-517118a74f9d,18.909000000000002,valid_return_fraction,/scan,1.0,0.5
8d722d33-c440-466d-9968-517118a74f9d,19.011000000000003,valid_return_fraction,/scan,1.0,0.5
8d722d33-c440-466d-9968-517118a74f9d,19.11,valid_return_fraction,/scan,1.0,0.5
8d722d33-c440-466d-9968-517118a74f9d,19.209,valid_return_fraction,/scan,1.0,0.5
8d722d33-c440-466d-9968-517118a74f9d,19.311,valid_return_fraction,/scan,1.0,0.5
8d722d33-c440-466d-9968-517118a74f9d,19.41,valid_return_fraction,/scan,1.0,0.5
8d722d33-c440-466d-9968-517118a74f9d,19.509,valid_return_fraction,/scan,1.0,0.5
8d722d33-c440-466d-9968-517118a74f9d,19.611,valid_return_fraction,/scan,1.0,0.5
8d722d33-c440-466d-9968-517118a74f9d,19.71,valid_return_fraction,/scan,1.0,0.5
8d722d33-c440-466d-9968-517118a74f9d,19.809,valid_return_fraction,/scan,1.0,0.5
8d722d33-c440-466d-9968-517118a74f9d,19.911,valid_return_fraction,/scan,1.0,0.5
8d722d33-c440-466d-9968-517118a74f9d,20.01,valid_return_fraction,/scan,1.0,0.5
8d722d33-c440-466d-9968-517118a74f9d,20.109,valid_return_fraction,/scan,1.0,0.5
8d722d33-c440-466d-9968-517118a74f9d,20.211000000000002,valid_return_fraction,/scan,1.0,0.5
8d722d33-c440-466d-9968-517118a74f9d,20.310000000000002,valid_return_fraction,/scan,1.0,0.5
8d722d33-c440-466d-9968-517118a74f9d,20.409000000000002,valid_return_fraction,/scan,1.0,0.5
8d722d33-c440-466d-9968-517118a74f9d,20.511000000000003,valid_return_fraction,/scan,1.0,0.5
8d722d33-c440-466d-9968-517118a74f9d,20.610000000000003,valid_return_fraction,/scan,1.0,0.5
8d722d33-c440-466d-9968-517118a74f9d,20.709,valid_return_fraction,/scan,1.0,0.5
8d722d33-c440-466d-9968-517118a74f9d,20.811,valid_return_fraction,/scan,1.0,0.5
8d722d33-c440-466d-9968-517118a74f9d,20.91,valid_return_fraction,/scan,1.0,0.5
8d722d33-c440-466d-9968-517118a74f9d,21.009,valid_return_fraction,/scan,1.0,0.5
8d722d33-c440-466d-9968-517118a74f9d,21.111,valid_return_fraction,/scan,1.0,0.5
8d722d33-c440-466d-9968-517118a74f9d,21.21,valid_return_fraction,/scan,1.0,0.5
8d722d33-c440-466d-9968-517118a74f9d,21.309,valid_return_fraction,/scan,1.0,0.5
8d722d33-c440-466d-9968-517118a74f9d,21.411,valid_return_fraction,/scan,1.0,0.5
8d722d33-c440-466d-9968-517118a74f9d,21.51,valid_return_fraction,/scan,1.0,0.5
8d722d33-c440-466d-9968-517118a74f9d,21.609,valid_return_fraction,/scan,1.0,0.5
8d722d33-c440-466d-9968-517118a74f9d,21.711000000000002,valid_return_fraction,/scan,1.0,0.5
8d722d33-c440-466d-9968-517118a74f9d,21.810000000000002,valid_return_fraction,/scan,1.0,0.5
8d722d33-c440-466d-9968-517118a74f9d,21.912000000000003,valid_return_fraction,/scan,1.0,0.5
8d722d33-c440-466d-9968-517118a74f9d,22.011000000000003,valid_return_fraction,/scan,1.0,0.5
8d722d33-c440-466d-9968-517118a74f9d,22.110000000000003,valid_return_fraction,/scan,1.0,0.5
8d722d33-c440-466d-9968-517118a74f9d,22.209,valid_return_fraction,/scan,1.0,0.5
8d722d33-c440-466d-9968-517118a74f9d,22.311,valid_return_fraction,/scan,1.0,0.5
8d722d33-c440-466d-9968-517118a74f9d,22.41,valid_return_fraction,/scan,1.0,0.5
8d722d33-c440-466d-9968-517118a74f9d,22.509,valid_return_fraction,/scan,1.0,0.5
8d722d33-c440-466d-9968-517118a74f9d,22.611,valid_return_fraction,/scan,1.0,0.5
8d722d33-c440-466d-9968-517118a74f9d,22.71,valid_return_fraction,/scan,1.0,0.5
8d722d33-c440-466d-9968-517118a74f9d,22.809,valid_return_fraction,/scan,1.0,0.5
8d722d33-c440-466d-9968-517118a74f9d,22.911,valid_return_fraction,/scan,1.0,0.5
8d722d33-c440-466d-9968-517118a74f9d,23.01,valid_return_fraction,/scan,1.0,0.5
8d722d33-c440-466d-9968-517118a74f9d,23.106,valid_return_fraction,/scan,1.0,0.5
8d722d33-c440-466d-9968-517118a74f9d,23.211000000000002,valid_return_fraction,/scan,1.0,0.5
8d722d33-c440-466d-9968-517118a74f9d,23.310000000000002,valid_return_fraction,/scan,1.0,0.5
8d722d33-c440-466d-9968-517118a74f9d,23.409000000000002,valid_return_fraction,/scan,1.0,0.5
8d722d33-c440-466d-9968-517118a74f9d,23.514000000000003,valid_return_fraction,/scan,1.0,0.5
8d722d33-c440-466d-9968-517118a74f9d,23.610000000000003,valid_return_fraction,/scan,1.0,0.5
8d722d33-c440-466d-9968-517118a74f9d,23.709000000000003,valid_return_fraction,/scan,1.0,0.5
8d722d33-c440-466d-9968-517118a74f9d,23.811,valid_return_fraction,/scan,1.0,0.5
8d722d33-c440-466d-9968-517118a74f9d,23.91,valid_return_fraction,/scan,1.0,0.5
8d722d33-c440-466d-9968-517118a74f9d,24.009,valid_return_fraction,/scan,1.0,0.5
8d722d33-c440-466d-9968-517118a74f9d,24.111,valid_return_fraction,/scan,1.0,0.5
8d722d33-c440-466d-9968-517118a74f9d,24.21,valid_return_fraction,/scan,1.0,0.5
8d722d33-c440-466d-9968-517118a74f9d,24.309,valid_return_fraction,/scan,1.0,0.5
8d722d33-c440-466d-9968-517118a74f9d,24.411,valid_return_fraction,/scan,1.0,0.5
8d722d33-c440-466d-9968-517118a74f9d,24.51,valid_return_fraction,/scan,1.0,0.5
8d722d33-c440-466d-9968-517118a74f9d,24.609,valid_return_fraction,/scan,1.0,0.5
8d722d33-c440-466d-9968-517118a74f9d,24.711000000000002,valid_return_fraction,/scan,1.0,0.5
8d722d33-c440-466d-9968-517118a74f9d,24.810000000000002,valid_return_fraction,/scan,1.0,0.5
8d722d33-c440-466d-9968-517118a74f9d,24.909000000000002,valid_return_fraction,/scan,1.0,0.5
8d722d33-c440-466d-9968-517118a74f9d,25.011000000000003,valid_return_fraction,/scan,1.0,0.5
8d722d33-c440-466d-9968-517118a74f9d,25.110000000000003,valid_return_fraction,/scan,1.0,0.5
8d722d33-c440-466d-9968-517118a74f9d,25.209000000000003,valid_return_fraction,/scan,1.0,0.5
8d722d33-c440-466d-9968-517118a74f9d,25.311,valid_return_fraction,/scan,1.0,0.5
8d722d33-c440-466d-9968-517118a74f9d,25.41,valid_return_fraction,/scan,1.0,0.5
8d722d33-c440-466d-9968-517118a74f9d,25.509,valid_return_fraction,/scan,1.0,0.5
8d722d33-c440-466d-9968-517118a74f9d,25.611,valid_return_fraction,/scan,1.0,0.5
8d722d33-c440-466d-9968-517118a74f9d,25.71,valid_return_fraction,/scan,1.0,0.5
8d722d33-c440-466d-9968-517118a74f9d,25.809,valid_return_fraction,/scan,1.0,0.5
8d722d33-c440-466d-9968-517118a74f9d,25.911,valid_return_fraction,/scan,1.0,0.5
8d722d33-c440-466d-9968-517118a74f9d,26.01,valid_return_fraction,/scan,1.0,0.5
8d722d33-c440-466d-9968-517118a74f9d,26.109,valid_return_fraction,/scan,1.0,0.5
8d722d33-c440-466d-9968-517118a74f9d,26.211000000000002,valid_return_fraction,/scan,1.0,0.5
8d722d33-c440-466d-9968-517118a74f9d,26.310000000000002,valid_return_fraction,/scan,1.0,0.5
8d722d33-c440-466d-9968-517118a74f9d,26.409000000000002,valid_return_fraction,/scan,1.0,0.5
8d722d33-c440-466d-9968-517118a74f9d,26.511000000000003,valid_return_fraction,/scan,1.0,0.5
8d722d33-c440-466d-9968-517118a74f9d,26.610000000000003,valid_return_fraction,/scan,1.0,0.5
8d722d33-c440-466d-9968-517118a74f9d,26.709000000000003,valid_return_fraction,/scan,1.0,0.5
8d722d33-c440-466d-9968-517118a74f9d,26.811,valid_return_fraction,/scan,1.0,0.5
8d722d33-c440-466d-9968-517118a74f9d,26.91,valid_return_fraction,/scan,1.0,0.5
8d722d33-c440-466d-9968-517118a74f9d,27.009,valid_return_fraction,/scan,1.0,0.5
8d722d33-c440-466d-9968-517118a74f9d,27.111,valid_return_fraction,/scan,1.0,0.5
8d722d33-c440-466d-9968-517118a74f9d,27.21,valid_return_fraction,/scan,1.0,0.5
8d722d33-c440-466d-9968-517118a74f9d,27.309,valid_return_fraction,/scan,1.0,0.5
8d722d33-c440-466d-9968-517118a74f9d,27.411,valid_return_fraction,/scan,1.0,0.5
8d722d33-c440-466d-9968-517118a74f9d,27.51,valid_return_fraction,/scan,1.0,0.5
8d722d33-c440-466d-9968-517118a74f9d,27.609,valid_return_fraction,/scan,1.0,0.5
8d722d33-c440-466d-9968-517118a74f9d,27.711000000000002,valid_return_fraction,/scan,1.0,0.5
8d722d33-c440-466d-9968-517118a74f9d,27.810000000000002,valid_return_fraction,/scan,1.0,0.5
8d722d33-c440-466d-9968-517118a74f9d,27.909000000000002,valid_return_fraction,/scan,1.0,0.5
8d722d33-c440-466d-9968-517118a74f9d,28.011000000000003,valid_return_fraction,/scan,1.0,0.5
8d722d33-c440-466d-9968-517118a74f9d,28.110000000000003,valid_return_fraction,/scan,1.0,0.5
8d722d33-c440-466d-9968-517118a74f9d,28.209000000000003,valid_return_fraction,/scan,1.0,0.5
8d722d33-c440-466d-9968-517118a74f9d,28.311000000000003,valid_return_fraction,/scan,1.0,0.5
8d722d33-c440-466d-9968-517118a74f9d,28.41,valid_return_fraction,/scan,1.0,0.5
8d722d33-c440-466d-9968-517118a74f9d,28.509,valid_return_fraction,/scan,1.0,0.5
8d722d33-c440-466d-9968-517118a74f9d,28.611,valid_return_fraction,/scan,1.0,0.5
8d722d33-c440-466d-9968-517118a74f9d,28.71,valid_return_fraction,/scan,1.0,0.5
8d722d33-c440-466d-9968-517118a74f9d,28.809,valid_return_fraction,/scan,1.0,0.5
8d722d33-c440-466d-9968-517118a74f9d,28.911,valid_return_fraction,/scan,1.0,0.5
8d722d33-c440-466d-9968-517118a74f9d,29.01,valid_return_fraction,/scan,1.0,0.5
8d722d33-c440-466d-9968-517118a74f9d,29.109,valid_return_fraction,/scan,1.0,0.5
8d722d33-c440-466d-9968-517118a74f9d,29.211000000000002,valid_return_fraction,/scan,1.0,0.5
8d722d33-c440-466d-9968-517118a74f9d,29.310000000000002,valid_return_fraction,/scan,1.0,0.5
8d722d33-c440-466d-9968-517118a74f9d,29.409000000000002,valid_return_fraction,/scan,1.0,0.5
8d722d33-c440-466d-9968-517118a74f9d,29.511000000000003,valid_return_fraction,/scan,1.0,0.5
8d722d33-c440-466d-9968-517118a74f9d,29.610000000000003,valid_return_fraction,/scan,1.0,0.5
