run_id,timestamp,feature,source,value,max_age_seconds
cc8b7541-2e11-4ed6-b1f7-4e32b8a02f8a,9.039,amcl_x,/amcl_pose,-2.0,2.0
cc8b7541-2e11-4ed6-b1f7-4e32b8a02f8a,12.714,amcl_x,/amcl_pose,-1.7399304557077213,2.0
cc8b7541-2e11-4ed6-b1f7-4e32b8a02f8a,14.328000000000001,amcl_x,/amcl_pose,-1.4608555583094889,2.0
cc8b7541-2e11-4ed6-b1f7-4e32b8a02f8a,15.732000000000001,amcl_x,/amcl_pose,-1.2100672203669622,2.0
cc8b7541-2e11-4ed6-b1f7-4e32b8a02f8a,15.81,amcl_x,/amcl_pose,-1.3215828983388809,2.0
cc8b7541-2e11-4ed6-b1f7-4e32b8a02f8a,17.316000000000003,amcl_x,/amcl_pose,-1.0471345154602052,2.0
cc8b7541-2e11-4ed6-b1f7-4e32b8a02f8a,19.011000000000003,amcl_x,/amcl_pose,-0.7677743324684829,2.0
cc8b7541-2e11-4ed6-b1f7-4e32b8a02f8a,20.628,amcl_x,/amcl_pose,-0.506142085449361,2.0
cc8b7541-2e11-4ed6-b1f7-4e32b8a02f8a,22.032,amcl_x,/amcl_pose,-0.24315340972817703,2.0
cc8b7541-2e11-4ed6-b1f7-4e32b8a02f8a,23.412000000000003,amcl_x,/amcl_pose,0.01599456314124745,2.0
cc8b7541-2e11-4ed6-b1f7-4e32b8a02f8a,25.020000000000003,amcl_x,/amcl_pose,0.2644760330654431,2.0
cc8b7541-2e11-4ed6-b1f7-4e32b8a02f8a,26.928,amcl_x,/amcl_pose,0.5377861697307252,2.0
cc8b7541-2e11-4ed6-b1f7-4e32b8a02f8a,9.039,amcl_y,/amcl_pose,-0.5,2.0
cc8b7541-2e11-4ed6-b1f7-4e32b8a02f8a,12.714,amcl_y,/amcl_pose,-0.5093677156723886,2.0
cc8b7541-2e11-4ed6-b1f7-4e32b8a02f8a,14.328000000000001,amcl_y,/amcl_pose,-0.5313371817109106,2.0
cc8b7541-2e11-4ed6-b1f7-4e32b8a02f8a,15.732000000000001,amcl_y,/amcl_pose,-0.5588546204381073,2.0
cc8b7541-2e11-4ed6-b1f7-4e32b8a02f8a,15.81,amcl_y,/amcl_pose,-0.5568302815349765,2.0
cc8b7541-2e11-4ed6-b1f7-4e32b8a02f8a,17.316000000000003,amcl_y,/amcl_pose,-0.586048592596049,2.0
cc8b7541-2e11-4ed6-b1f7-4e32b8a02f8a,19.011000000000003,amcl_y,/amcl_pose,-0.5970332868423632,2.0
cc8b7541-2e11-4ed6-b1f7-4e32b8a02f8a,20.628,amcl_y,/amcl_pose,-0.597308871959088,2.0
cc8b7541-2e11-4ed6-b1f7-4e32b8a02f8a,22.032,amcl_y,/amcl_pose,-0.6019321995464976,2.0
cc8b7541-2e11-4ed6-b1f7-4e32b8a02f8a,23.412000000000003,amcl_y,/amcl_pose,-0.5889049014215979,2.0
cc8b7541-2e11-4ed6-b1f7-4e32b8a02f8a,25.020000000000003,amcl_y,/amcl_pose,-0.5734291656669557,2.0
cc8b7541-2e11-4ed6-b1f7-4e32b8a02f8a,26.928,amcl_y,/amcl_pose,-0.5655638945800471,2.0
cc8b7541-2e11-4ed6-b1f7-4e32b8a02f8a,10.728000000000002,command_angular,/cmd_vel,0.006626226473599672,0.5
cc8b7541-2e11-4ed6-b1f7-4e32b8a02f8a,10.809000000000001,command_angular,/cmd_vel,0.010765978135168552,0.5
cc8b7541-2e11-4ed6-b1f7-4e32b8a02f8a,10.839,command_angular,/cmd_vel,-0.017754632979631424,0.5
cc8b7541-2e11-4ed6-b1f7-4e32b8a02f8a,10.878,command_angular,/cmd_vel,-0.045551080256700516,0.5
cc8b7541-2e11-4ed6-b1f7-4e32b8a02f8a,10.947000000000001,command_angular,/cmd_vel,-0.06071202829480171,0.5
cc8b7541-2e11-4ed6-b1f7-4e32b8a02f8a,10.989,command_angular,/cmd_vel,-0.05555793642997742,0.5
cc8b7541-2e11-4ed6-b1f7-4e32b8a02f8a,11.058,command_angular,/cmd_vel,-0.04868222028017044,0.5
cc8b7541-2e11-4ed6-b1f7-4e32b8a02f8a,11.088000000000001,command_angular,/cmd_vel,-0.03779780864715576,0.5
cc8b7541-2e11-4ed6-b1f7-4e32b8a02f8a,11.127,command_angular,/cmd_vel,-0.03947743773460388,0.5
cc8b7541-2e11-4ed6-b1f7-4e32b8a02f8a,11.199,command_angular,/cmd_vel,-0.04029403626918793,0.5
cc8b7541-2e11-4ed6-b1f7-4e32b8a02f8a,11.238000000000001,command_angular,/cmd_vel,-0.03931660205125809,0.5
cc8b7541-2e11-4ed6-b1f7-4e32b8a02f8a,11.268,command_angular,/cmd_vel,-0.04153302311897278,0.5
cc8b7541-2e11-4ed6-b1f7-4e32b8a02f8a,11.349,command_angular,/cmd_vel,-0.04564104601740837,0.5
cc8b7541-2e11-4ed6-b1f7-4e32b8a02f8a,11.379000000000001,command_angular,/cmd_vel,-0.04228295385837555,0.5
cc8b7541-2e11-4ed6-b1f7-4e32b8a02f8a,11.448,command_angular,/cmd_vel,-0.04289864003658295,0.5
cc8b7541-2e11-4ed6-b1f7-4e32b8a02f8a,11.487,command_angular,/cmd_vel,-0.045433029532432556,0.5
cc8b7541-2e11-4ed6-b1f7-4e32b8a02f8a,11.529,command_angular,/cmd_vel,-0.04614070802927017,0.5
cc8b7541-2e11-4ed6-b1f7-4e32b8a02f8a,11.598,command_angular,/cmd_vel,-0.05361349880695343,0.5
cc8b7541-2e11-4ed6-b1f7-4e32b8a02f8a,11.628,command_angular,/cmd_vel,-0.050592754036188126,0.5
cc8b7541-2e11-4ed6-b1f7-4e32b8a02f8a,11.709000000000001,command_angular,/cmd_vel,-0.055403582751750946,0.5
cc8b7541-2e11-4ed6-b1f7-4e32b8a02f8a,11.739,command_angular,/cmd_vel,-0.051155973225831985,0.5
cc8b7541-2e11-4ed6-b1f7-4e32b8a02f8a,11.778,command_angular,/cmd_vel,-0.04366922006011009,0.5
cc8b7541-2e11-4ed6-b1f7-4e32b8a02f8a,11.847000000000001,command_angular,/cmd_vel,-0.044031597673892975,0.5
cc8b7541-2e11-4ed6-b1f7-4e32b8a02f8a,11.889000000000001,command_angular,/cmd_vel,-0.040841151028871536,0.5
cc8b7541-2e11-4ed6-b1f7-4e32b8a02f8a,11.958,command_angular,/cmd_vel,-0.04039105772972107,0.5
cc8b7541-2e11-4ed6-b1f7-4e32b8a02f8a,11.988000000000001,command_angular,/cmd_vel,-0.041595179587602615,0.5
cc8b7541-2e11-4ed6-b1f7-4e32b8a02f8a,12.027000000000001,command_angular,/cmd_vel,-0.03195466101169586,0.5
cc8b7541-2e11-4ed6-b1f7-4e32b8a02f8a,12.099,command_angular,/cmd_vel,-0.03195330128073692,0.5
cc8b7541-2e11-4ed6-b1f7-4e32b8a02f8a,12.138,command_angular,/cmd_vel,-0.03524554893374443,0.5
cc8b7541-2e11-4ed6-b1f7-4e32b8a02f8a,12.168000000000001,command_angular,/cmd_vel,-0.042101241648197174,0.5
cc8b7541-2e11-4ed6-b1f7-4e32b8a02f8a,12.249,command_angular,/cmd_vel,-0.03570867329835892,0.5
cc8b7541-2e11-4ed6-b1f7-4e32b8a02f8a,12.279,command_angular,/cmd_vel,-0.036949507892131805,0.5
cc8b7541-2e11-4ed6-b1f7-4e32b8a02f8a,12.348,command_angular,/cmd_vel,-0.04272868111729622,0.5
cc8b7541-2e11-4ed6-b1f7-4e32b8a02f8a,12.387,command_angular,/cmd_vel,-0.030910052359104156,0.5
cc8b7541-2e11-4ed6-b1f7-4e32b8a02f8a,12.429,command_angular,/cmd_vel,-0.033927079290151596,0.5
cc8b7541-2e11-4ed6-b1f7-4e32b8a02f8a,12.498000000000001,command_angular,/cmd_vel,-0.037830252200365067,0.5
cc8b7541-2e11-4ed6-b1f7-4e32b8a02f8a,12.528,command_angular,/cmd_vel,-0.03513627126812935,0.5
cc8b7541-2e11-4ed6-b1f7-4e32b8a02f8a,12.609,command_angular,/cmd_vel,-0.03665340691804886,0.5
cc8b7541-2e11-4ed6-b1f7-4e32b8a02f8a,12.639000000000001,command_angular,/cmd_vel,-0.032940495759248734,0.5
cc8b7541-2e11-4ed6-b1f7-4e32b8a02f8a,12.678,command_angular,/cmd_vel,-0.031190482899546623,0.5
cc8b7541-2e11-4ed6-b1f7-4e32b8a02f8a,12.747000000000002,command_angular,/cmd_vel,-0.03027413599193096,0.5
cc8b7541-2e11-4ed6-b1f7-4e32b8a02f8a,12.789000000000001,command_angular,/cmd_vel,-0.0235765241086483,0.5
cc8b7541-2e11-4ed6-b1f7-4e32b8a02f8a,12.858,command_angular,/cmd_vel,-0.016903650015592575,0.5
cc8b7541-2e11-4ed6-b1f7-4e32b8a02f8a,12.888000000000002,command_angular,/cmd_vel,-0.017944570630788803,0.5
cc8b7541-2e11-4ed6-b1f7-4e32b8a02f8a,12.927000000000001,command_angular,/cmd_vel,-0.019478149712085724,0.5
cc8b7541-2e11-4ed6-b1f7-4e32b8a02f8a,12.999,command_angular,/cmd_vel,-0.012453942559659481,0.5
cc8b7541-2e11-4ed6-b1f7-4e32b8a02f8a,13.038,command_angular,/cmd_vel,-0.01719692535698414,0.5
cc8b7541-2e11-4ed6-b1f7-4e32b8a02f8a,13.068000000000001,command_angular,/cmd_vel,-0.02129529044032097,0.5
cc8b7541-2e11-4ed6-b1f7-4e32b8a02f8a,13.149000000000001,command_angular,/cmd_vel,-0.017929205670952797,0.5
cc8b7541-2e11-4ed6-b1f7-4e32b8a02f8a,13.179,command_angular,/cmd_vel,-0.012823752127587795,0.5
cc8b7541-2e11-4ed6-b1f7-4e32b8a02f8a,13.248000000000001,command_angular,/cmd_vel,-0.011013351380825043,0.5
cc8b7541-2e11-4ed6-b1f7-4e32b8a02f8a,13.287,command_angular,/cmd_vel,-0.004408423788845539,0.5
cc8b7541-2e11-4ed6-b1f7-4e32b8a02f8a,13.329,command_angular,/cmd_vel,-0.013852948322892189,0.5
cc8b7541-2e11-4ed6-b1f7-4e32b8a02f8a,13.398000000000001,command_angular,/cmd_vel,-0.004900507163256407,0.5
cc8b7541-2e11-4ed6-b1f7-4e32b8a02f8a,13.428,command_angular,/cmd_vel,-0.011738806962966919,0.5
cc8b7541-2e11-4ed6-b1f7-4e32b8a02f8a,13.509,command_angular,/cmd_vel,-0.009281573817133904,0.5
cc8b7541-2e11-4ed6-b1f7-4e32b8a02f8a,13.539000000000001,command_angular,/cmd_vel,-0.011125268414616585,0.5
cc8b7541-2e11-4ed6-b1f7-4e32b8a02f8a,13.578000000000001,command_angular,/cmd_vel,-0.021499821916222572,0.5
cc8b7541-2e11-4ed6-b1f7-4e32b8a02f8a,13.647,command_angular,/cmd_vel,-0.010847676545381546,0.5
cc8b7541-2e11-4ed6-b1f7-4e32b8a02f8a,13.689,command_angular,/cmd_vel,0.0023778011091053486,0.5
cc8b7541-2e11-4ed6-b1f7-4e32b8a02f8a,13.758000000000001,command_angular,/cmd_vel,0.007341159973293543,0.5
cc8b7541-2e11-4ed6-b1f7-4e32b8a02f8a,13.788,command_angular,/cmd_vel,-0.006602799985557795,0.5
cc8b7541-2e11-4ed6-b1f7-4e32b8a02f8a,13.827000000000002,command_angular,/cmd_vel,-0.0015257237246260047,0.5
cc8b7541-2e11-4ed6-b1f7-4e32b8a02f8a,13.899000000000001,command_angular,/cmd_vel,-0.007994617335498333,0.5
cc8b7541-2e11-4ed6-b1f7-4e32b8a02f8a,13.938,command_angular,/cmd_vel,0.001373020000755787,0.5
cc8b7541-2e11-4ed6-b1f7-4e32b8a02f8a,13.968000000000002,command_angular,/cmd_vel,0.0011870209127664566,0.5
cc8b7541-2e11-4ed6-b1f7-4e32b8a02f8a,14.049000000000001,command_angular,/cmd_vel,0.004427121952176094,0.5
cc8b7541-2e11-4ed6-b1f7-4e32b8a02f8a,14.079,command_angular,/cmd_vel,0.0018747971625998616,0.5
cc8b7541-2e11-4ed6-b1f7-4e32b8a02f8a,14.148000000000001,command_angular,/cmd_vel,0.0032721618190407753,0.5
cc8b7541-2e11-4ed6-b1f7-4e32b8a02f8a,14.187000000000001,command_angular,/cmd_vel,-0.002885102294385433,0.5
cc8b7541-2e11-4ed6-b1f7-4e32b8a02f8a,14.229000000000001,command_angular,/cmd_vel,-0.0036212652921676636,0.5
cc8b7541-2e11-4ed6-b1f7-4e32b8a02f8a,14.298,command_angular,/cmd_vel,0.0036142191383987665,0.5
cc8b7541-2e11-4ed6-b1f7-4e32b8a02f8a,14.328000000000001,command_angular,/cmd_vel,0.006500026676803827,0.5
cc8b7541-2e11-4ed6-b1f7-4e32b8a02f8a,14.409,command_angular,/cmd_vel,0.006984374485909939,0.5
cc8b7541-2e11-4ed6-b1f7-4e32b8a02f8a,14.439,command_angular,/cmd_vel,0.006115255411714315,0.5
cc8b7541-2e11-4ed6-b1f7-4e32b8a02f8a,14.478000000000002,command_angular,/cmd_vel,0.009476728737354279,0.5
cc8b7541-2e11-4ed6-b1f7-4e32b8a02f8a,14.547,command_angular,/cmd_vel,0.01116954069584608,0.5
cc8b7541-2e11-4ed6-b1f7-4e32b8a02f8a,14.589,command_angular,/cmd_vel,0.009630835615098476,0.5
cc8b7541-2e11-4ed6-b1f7-4e32b8a02f8a,14.658000000000001,command_angular,/cmd_vel,0.0029808671679347754,0.5
cc8b7541-2e11-4ed6-b1f7-4e32b8a02f8a,14.688,command_angular,/cmd_vel,0.006275497376918793,0.5
cc8b7541-2e11-4ed6-b1f7-4e32b8a02f8a,14.727,command_angular,/cmd_vel,0.00729264784604311,0.5
cc8b7541-2e11-4ed6-b1f7-4e32b8a02f8a,14.799000000000001,command_angular,/cmd_vel,0.006536643952131271,0.5
cc8b7541-2e11-4ed6-b1f7-4e32b8a02f8a,14.838000000000001,command_angular,/cmd_vel,0.017716873437166214,0.5
cc8b7541-2e11-4ed6-b1f7-4e32b8a02f8a,14.868,command_angular,/cmd_vel,0.02801648899912834,0.5
cc8b7541-2e11-4ed6-b1f7-4e32b8a02f8a,14.949000000000002,command_angular,/cmd_vel,0.032744910567998886,0.5
cc8b7541-2e11-4ed6-b1f7-4e32b8a02f8a,14.979000000000001,command_angular,/cmd_vel,0.0262202937155962,0.5
cc8b7541-2e11-4ed6-b1f7-4e32b8a02f8a,15.048000000000002,command_angular,/cmd_vel,0.017589187249541283,0.5
cc8b7541-2e11-4ed6-b1f7-4e32b8a02f8a,15.087000000000002,command_angular,/cmd_vel,0.015675144270062447,0.5
cc8b7541-2e11-4ed6-b1f7-4e32b8a02f8a,15.129000000000001,command_angular,/cmd_vel,0.014485783874988556,0.5
cc8b7541-2e11-4ed6-b1f7-4e32b8a02f8a,15.198,command_angular,/cmd_vel,0.01729387603700161,0.5
cc8b7541-2e11-4ed6-b1f7-4e32b8a02f8a,15.228000000000002,command_angular,/cmd_vel,0.02828500047326088,0.5
cc8b7541-2e11-4ed6-b1f7-4e32b8a02f8a,15.309000000000001,command_angular,/cmd_vel,0.025876156985759735,0.5
cc8b7541-2e11-4ed6-b1f7-4e32b8a02f8a,15.339,command_angular,/cmd_vel,0.0318315289914608,0.5
cc8b7541-2e11-4ed6-b1f7-4e32b8a02f8a,15.378,command_angular,/cmd_vel,0.03302163630723953,0.5
cc8b7541-2e11-4ed6-b1f7-4e32b8a02f8a,15.447000000000001,command_angular,/cmd_vel,0.040004290640354156,0.5
cc8b7541-2e11-4ed6-b1f7-4e32b8a02f8a,15.489,command_angular,/cmd_vel,0.0347168892621994,0.5
cc8b7541-2e11-4ed6-b1f7-4e32b8a02f8a,15.558000000000002,command_angular,/cmd_vel,0.03141168877482414,0.5
cc8b7541-2e11-4ed6-b1f7-4e32b8a02f8a,15.588000000000001,command_angular,/cmd_vel,0.029218502342700958,0.5
cc8b7541-2e11-4ed6-b1f7-4e32b8a02f8a,15.627,command_angular,/cmd_vel,0.032768625766038895,0.5
cc8b7541-2e11-4ed6-b1f7-4e32b8a02f8a,15.699000000000002,command_angular,/cmd_vel,0.029716892167925835,0.5
cc8b7541-2e11-4ed6-b1f7-4e32b8a02f8a,15.738000000000001,command_angular,/cmd_vel,0.028110135346651077,0.5
cc8b7541-2e11-4ed6-b1f7-4e32b8a02f8a,15.768,command_angular,/cmd_vel,0.029301997274160385,0.5
cc8b7541-2e11-4ed6-b1f7-4e32b8a02f8a,15.849,command_angular,/cmd_vel,0.03088938072323799,0.5
cc8b7541-2e11-4ed6-b1f7-4e32b8a02f8a,15.879000000000001,command_angular,/cmd_vel,0.02377406880259514,0.5
cc8b7541-2e11-4ed6-b1f7-4e32b8a02f8a,15.948,command_angular,/cmd_vel,0.024450941011309624,0.5
cc8b7541-2e11-4ed6-b1f7-4e32b8a02f8a,15.987000000000002,command_angular,/cmd_vel,0.02880844846367836,0.5
cc8b7541-2e11-4ed6-b1f7-4e32b8a02f8a,16.029,command_angular,/cmd_vel,0.038408782333135605,0.5
cc8b7541-2e11-4ed6-b1f7-4e32b8a02f8a,16.098000000000003,command_angular,/cmd_vel,0.033475108444690704,0.5
cc8b7541-2e11-4ed6-b1f7-4e32b8a02f8a,16.128,command_angular,/cmd_vel,0.029143918305635452,0.5
cc8b7541-2e11-4ed6-b1f7-4e32b8a02f8a,16.209,command_angular,/cmd_vel,0.026631593704223633,0.5
cc8b7541-2e11-4ed6-b1f7-4e32b8a02f8a,16.239,command_angular,/cmd_vel,0.023893624544143677,0.5
cc8b7541-2e11-4ed6-b1f7-4e32b8a02f8a,16.278000000000002,command_angular,/cmd_vel,0.02412584237754345,0.5
cc8b7541-2e11-4ed6-b1f7-4e32b8a02f8a,16.347,command_angular,/cmd_vel,0.030950436368584633,0.5
cc8b7541-2e11-4ed6-b1f7-4e32b8a02f8a,16.389,command_angular,/cmd_vel,0.037839822471141815,0.5
cc8b7541-2e11-4ed6-b1f7-4e32b8a02f8a,16.458000000000002,command_angular,/cmd_vel,0.028716880828142166,0.5
cc8b7541-2e11-4ed6-b1f7-4e32b8a02f8a,16.488,command_angular,/cmd_vel,0.02555874176323414,0.5
cc8b7541-2e11-4ed6-b1f7-4e32b8a02f8a,16.527,command_angular,/cmd_vel,0.02947799675166607,0.5
cc8b7541-2e11-4ed6-b1f7-4e32b8a02f8a,16.599,command_angular,/cmd_vel,0.023037847131490707,0.5
cc8b7541-2e11-4ed6-b1f7-4e32b8a02f8a,16.638,command_angular,/cmd_vel,0.02709982544183731,0.5
cc8b7541-2e11-4ed6-b1f7-4e32b8a02f8a,16.668000000000003,command_angular,/cmd_vel,0.032430388033390045,0.5
cc8b7541-2e11-4ed6-b1f7-4e32b8a02f8a,16.749000000000002,command_angular,/cmd_vel,0.036441653966903687,0.5
cc8b7541-2e11-4ed6-b1f7-4e32b8a02f8a,16.779,command_angular,/cmd_vel,0.04965396970510483,0.5
cc8b7541-2e11-4ed6-b1f7-4e32b8a02f8a,16.848000000000003,command_angular,/cmd_vel,0.06766428053379059,0.5
cc8b7541-2e11-4ed6-b1f7-4e32b8a02f8a,16.887,command_angular,/cmd_vel,0.07526001334190369,0.5
cc8b7541-2e11-4ed6-b1f7-4e32b8a02f8a,16.929000000000002,command_angular,/cmd_vel,0.07494115829467773,0.5
cc8b7541-2e11-4ed6-b1f7-4e32b8a02f8a,16.998,command_angular,/cmd_vel,0.0677085742354393,0.5
cc8b7541-2e11-4ed6-b1f7-4e32b8a02f8a,17.028000000000002,command_angular,/cmd_vel,0.0641600489616394,0.5
cc8b7541-2e11-4ed6-b1f7-4e32b8a02f8a,17.109,command_angular,/cmd_vel,0.06119056046009064,0.5
cc8b7541-2e11-4ed6-b1f7-4e32b8a02f8a,17.139,command_angular,/cmd_vel,0.05531061813235283,0.5
cc8b7541-2e11-4ed6-b1f7-4e32b8a02f8a,17.178,command_angular,/cmd_vel,0.06101208180189133,0.5
cc8b7541-2e11-4ed6-b1f7-4e32b8a02f8a,17.247,command_angular,/cmd_vel,0.05751323327422142,0.5
cc8b7541-2e11-4ed6-b1f7-4e32b8a02f8a,17.289,command_angular,/cmd_vel,0.05103103816509247,0.5
cc8b7541-2e11-4ed6-b1f7-4e32b8a02f8a,17.358,command_angular,/cmd_vel,0.047438327223062515,0.5
cc8b7541-2e11-4ed6-b1f7-4e32b8a02f8a,17.388,command_angular,/cmd_vel,0.0538814477622509,0.5
cc8b7541-2e11-4ed6-b1f7-4e32b8a02f8a,17.427,command_angular,/cmd_vel,0.05281190201640129,0.5
cc8b7541-2e11-4ed6-b1f7-4e32b8a02f8a,17.499000000000002,command_angular,/cmd_vel,0.05775734782218933,0.5
cc8b7541-2e11-4ed6-b1f7-4e32b8a02f8a,17.538,command_angular,/cmd_vel,0.05392785742878914,0.5
cc8b7541-2e11-4ed6-b1f7-4e32b8a02f8a,17.568,command_angular,/cmd_vel,0.05654488503932953,0.5
cc8b7541-2e11-4ed6-b1f7-4e32b8a02f8a,17.649,command_angular,/cmd_vel,0.05530277639627457,0.5
cc8b7541-2e11-4ed6-b1f7-4e32b8a02f8a,17.679000000000002,command_angular,/cmd_vel,0.053803328424692154,0.5
cc8b7541-2e11-4ed6-b1f7-4e32b8a02f8a,17.748,command_angular,/cmd_vel,0.05399128794670105,0.5
cc8b7541-2e11-4ed6-b1f7-4e32b8a02f8a,17.787000000000003,command_angular,/cmd_vel,0.049152493476867676,0.5
cc8b7541-2e11-4ed6-b1f7-4e32b8a02f8a,17.829,command_angular,/cmd_vel,0.04138296842575073,0.5
cc8b7541-2e11-4ed6-b1f7-4e32b8a02f8a,17.898,command_angular,/cmd_vel,0.044075630605220795,0.5
cc8b7541-2e11-4ed6-b1f7-4e32b8a02f8a,17.928,command_angular,/cmd_vel,0.04156351089477539,0.5
cc8b7541-2e11-4ed6-b1f7-4e32b8a02f8a,18.009,command_angular,/cmd_vel,0.05056653544306755,0.5
cc8b7541-2e11-4ed6-b1f7-4e32b8a02f8a,18.039,command_angular,/cmd_vel,0.0465468093752861,0.5
cc8b7541-2e11-4ed6-b1f7-4e32b8a02f8a,18.078,command_angular,/cmd_vel,0.05080733448266983,0.5
cc8b7541-2e11-4ed6-b1f7-4e32b8a02f8a,18.147000000000002,command_angular,/cmd_vel,0.04953993111848831,0.5
cc8b7541-2e11-4ed6-b1f7-4e32b8a02f8a,18.189,command_angular,/cmd_vel,0.035467833280563354,0.5
cc8b7541-2e11-4ed6-b1f7-4e32b8a02f8a,18.258000000000003,command_angular,/cmd_vel,0.037325046956539154,0.5
cc8b7541-2e11-4ed6-b1f7-4e32b8a02f8a,18.288,command_angular,/cmd_vel,0.030766194686293602,0.5
cc8b7541-2e11-4ed6-b1f7-4e32b8a02f8a,18.327,command_angular,/cmd_vel,0.02624831721186638,0.5
cc8b7541-2e11-4ed6-b1f7-4e32b8a02f8a,18.399,command_angular,/cmd_vel,0.024268677458167076,0.5
cc8b7541-2e11-4ed6-b1f7-4e32b8a02f8a,18.438000000000002,command_angular,/cmd_vel,0.026459086686372757,0.5
cc8b7541-2e11-4ed6-b1f7-4e32b8a02f8a,18.468,command_angular,/cmd_vel,0.02933466248214245,0.5
cc8b7541-2e11-4ed6-b1f7-4e32b8a02f8a,18.549,command_angular,/cmd_vel,0.034329604357481,0.5
cc8b7541-2e11-4ed6-b1f7-4e32b8a02f8a,18.579,command_angular,/cmd_vel,0.033759213984012604,0.5
cc8b7541-2e11-4ed6-b1f7-4e32b8a02f8a,18.648,command_angular,/cmd_vel,0.03127236291766167,0.5
cc8b7541-2e11-4ed6-b1f7-4e32b8a02f8a,18.687,command_angular,/cmd_vel,0.02593921683728695,0.5
cc8b7541-2e11-4ed6-b1f7-4e32b8a02f8a,18.729000000000003,command_angular,/cmd_vel,0.03377765789628029,0.5
cc8b7541-2e11-4ed6-b1f7-4e32b8a02f8a,18.798000000000002,command_angular,/cmd_vel,0.036222510039806366,0.5
cc8b7541-2e11-4ed6-b1f7-4e32b8a02f8a,18.828,command_angular,/cmd_vel,0.030692746862769127,0.5
cc8b7541-2e11-4ed6-b1f7-4e32b8a02f8a,18.909000000000002,command_angular,/cmd_vel,0.026614008471369743,0.5
cc8b7541-2e11-4ed6-b1f7-4e32b8a02f8a,18.939,command_angular,/cmd_vel,0.018302757292985916,0.5
cc8b7541-2e11-4ed6-b1f7-4e32b8a02f8a,18.978,command_angular,/cmd_vel,-0.03559264540672302,0.5
cc8b7541-2e11-4ed6-b1f7-4e32b8a02f8a,19.047,command_angular,/cmd_vel,-0.04604417830705643,0.5
cc8b7541-2e11-4ed6-b1f7-4e32b8a02f8a,19.089000000000002,command_angular,/cmd_vel,-0.05159438028931618,0.5
cc8b7541-2e11-4ed6-b1f7-4e32b8a02f8a,19.158,command_angular,/cmd_vel,-0.03993009030818939,0.5
cc8b7541-2e11-4ed6-b1f7-4e32b8a02f8a,19.188000000000002,command_angular,/cmd_vel,-0.029612742364406586,0.5
cc8b7541-2e11-4ed6-b1f7-4e32b8a02f8a,19.227,command_angular,/cmd_vel,-0.024206487461924553,0.5
cc8b7541-2e11-4ed6-b1f7-4e32b8a02f8a,19.299,command_angular,/cmd_vel,-0.012015122920274734,0.5
cc8b7541-2e11-4ed6-b1f7-4e32b8a02f8a,19.338,command_angular,/cmd_vel,-0.013110354542732239,0.5
cc8b7541-2e11-4ed6-b1f7-4e32b8a02f8a,19.368000000000002,command_angular,/cmd_vel,-0.01822228729724884,0.5
cc8b7541-2e11-4ed6-b1f7-4e32b8a02f8a,19.449,command_angular,/cmd_vel,-0.017530066892504692,0.5
cc8b7541-2e11-4ed6-b1f7-4e32b8a02f8a,19.479000000000003,command_angular,/cmd_vel,-0.0221716295927763,0.5
cc8b7541-2e11-4ed6-b1f7-4e32b8a02f8a,19.548000000000002,command_angular,/cmd_vel,-0.017368782311677933,0.5
cc8b7541-2e11-4ed6-b1f7-4e32b8a02f8a,19.587,command_angular,/cmd_vel,-0.021950572729110718,0.5
cc8b7541-2e11-4ed6-b1f7-4e32b8a02f8a,19.629,command_angular,/cmd_vel,-0.026844393461942673,0.5
cc8b7541-2e11-4ed6-b1f7-4e32b8a02f8a,19.698,command_angular,/cmd_vel,-0.02463207021355629,0.5
cc8b7541-2e11-4ed6-b1f7-4e32b8a02f8a,19.728,command_angular,/cmd_vel,-0.02423742040991783,0.5
cc8b7541-2e11-4ed6-b1f7-4e32b8a02f8a,19.809,command_angular,/cmd_vel,-0.013538280501961708,0.5
cc8b7541-2e11-4ed6-b1f7-4e32b8a02f8a,19.839000000000002,command_angular,/cmd_vel,-0.013904099352657795,0.5
cc8b7541-2e11-4ed6-b1f7-4e32b8a02f8a,19.878,command_angular,/cmd_vel,-0.005815258249640465,0.5
cc8b7541-2e11-4ed6-b1f7-4e32b8a02f8a,19.947000000000003,command_angular,/cmd_vel,-0.006394055671989918,0.5
cc8b7541-2e11-4ed6-b1f7-4e32b8a02f8a,19.989,command_angular,/cmd_vel,-0.009670272469520569,0.5
cc8b7541-2e11-4ed6-b1f7-4e32b8a02f8a,20.058,command_angular,/cmd_vel,-0.0167398564517498,0.5
cc8b7541-2e11-4ed6-b1f7-4e32b8a02f8a,20.088,command_angular,/cmd_vel,-0.01371160987764597,0.5
cc8b7541-2e11-4ed6-b1f7-4e32b8a02f8a,20.127000000000002,command_angular,/cmd_vel,-0.012660669162869453,0.5
cc8b7541-2e11-4ed6-b1f7-4e32b8a02f8a,20.199,command_angular,/cmd_vel,-0.01728837750852108,0.5
cc8b7541-2e11-4ed6-b1f7-4e32b8a02f8a,20.238,command_angular,/cmd_vel,-0.010181713849306107,0.5
cc8b7541-2e11-4ed6-b1f7-4e32b8a02f8a,20.268,command_angular,/cmd_vel,-0.011906914412975311,0.5
cc8b7541-2e11-4ed6-b1f7-4e32b8a02f8a,20.349,command_angular,/cmd_vel,-0.016951274126768112,0.5
cc8b7541-2e11-4ed6-b1f7-4e32b8a02f8a,20.379,command_angular,/cmd_vel,-0.01045894343405962,0.5
cc8b7541-2e11-4ed6-b1f7-4e32b8a02f8a,20.448,command_angular,/cmd_vel,-0.01751084066927433,0.5
cc8b7541-2e11-4ed6-b1f7-4e32b8a02f8a,20.487000000000002,command_angular,/cmd_vel,-0.013660621829330921,0.5
cc8b7541-2e11-4ed6-b1f7-4e32b8a02f8a,20.529,command_angular,/cmd_vel,-0.0036818599328398705,0.5
cc8b7541-2e11-4ed6-b1f7-4e32b8a02f8a,20.598000000000003,command_angular,/cmd_vel,-0.011611983180046082,0.5
cc8b7541-2e11-4ed6-b1f7-4e32b8a02f8a,20.628,command_angular,/cmd_vel,-0.0119650699198246,0.5
cc8b7541-2e11-4ed6-b1f7-4e32b8a02f8a,20.709,command_angular,/cmd_vel,-0.012285255827009678,0.5
cc8b7541-2e11-4ed6-b1f7-4e32b8a02f8a,20.739,command_angular,/cmd_vel,-0.010599118657410145,0.5
cc8b7541-2e11-4ed6-b1f7-4e32b8a02f8a,20.778000000000002,command_angular,/cmd_vel,-0.009926794096827507,0.5
cc8b7541-2e11-4ed6-b1f7-4e32b8a02f8a,20.847,command_angular,/cmd_vel,-0.007311060093343258,0.5
cc8b7541-2e11-4ed6-b1f7-4e32b8a02f8a,20.889000000000003,command_angular,/cmd_vel,-0.0023008345160633326,0.5
cc8b7541-2e11-4ed6-b1f7-4e32b8a02f8a,20.958000000000002,command_angular,/cmd_vel,-0.008340753614902496,0.5
cc8b7541-2e11-4ed6-b1f7-4e32b8a02f8a,20.988,command_angular,/cmd_vel,0.0014453246258199215,0.5
cc8b7541-2e11-4ed6-b1f7-4e32b8a02f8a,21.027,command_angular,/cmd_vel,0.0036666670348495245,0.5
cc8b7541-2e11-4ed6-b1f7-4e32b8a02f8a,21.099,command_angular,/cmd_vel,-0.00035144781577400863,0.5
cc8b7541-2e11-4ed6-b1f7-4e32b8a02f8a,21.138,command_angular,/cmd_vel,-5.989393685013056e-05,0.5
cc8b7541-2e11-4ed6-b1f7-4e32b8a02f8a,21.168000000000003,command_angular,/cmd_vel,-0.0005604278994724154,0.5
cc8b7541-2e11-4ed6-b1f7-4e32b8a02f8a,21.249000000000002,command_angular,/cmd_vel,0.007794562261551619,0.5
cc8b7541-2e11-4ed6-b1f7-4e32b8a02f8a,21.279,command_angular,/cmd_vel,0.004267791286110878,0.5
cc8b7541-2e11-4ed6-b1f7-4e32b8a02f8a,21.348000000000003,command_angular,/cmd_vel,-0.000639494217466563,0.5
cc8b7541-2e11-4ed6-b1f7-4e32b8a02f8a,21.387,command_angular,/cmd_vel,-0.00427290191873908,0.5
cc8b7541-2e11-4ed6-b1f7-4e32b8a02f8a,21.429000000000002,command_angular,/cmd_vel,-0.00395498052239418,0.5
cc8b7541-2e11-4ed6-b1f7-4e32b8a02f8a,21.498,command_angular,/cmd_vel,0.0010422038612887263,0.5
cc8b7541-2e11-4ed6-b1f7-4e32b8a02f8a,21.528000000000002,command_angular,/cmd_vel,0.007669395767152309,0.5
cc8b7541-2e11-4ed6-b1f7-4e32b8a02f8a,21.609,command_angular,/cmd_vel,0.006143419072031975,0.5
cc8b7541-2e11-4ed6-b1f7-4e32b8a02f8a,21.639000000000003,command_angular,/cmd_vel,-0.0007881293422542512,0.5
cc8b7541-2e11-4ed6-b1f7-4e32b8a02f8a,21.678,command_angular,/cmd_vel,-0.004056758247315884,0.5
cc8b7541-2e11-4ed6-b1f7-4e32b8a02f8a,21.747,command_angular,/cmd_vel,-0.009660392999649048,0.5
cc8b7541-2e11-4ed6-b1f7-4e32b8a02f8a,21.789,command_angular,/cmd_vel,-0.008750071749091148,0.5
cc8b7541-2e11-4ed6-b1f7-4e32b8a02f8a,21.858,command_angular,/cmd_vel,-0.00790351815521717,0.5
cc8b7541-2e11-4ed6-b1f7-4e32b8a02f8a,21.888,command_angular,/cmd_vel,-0.0015607121167704463,0.5
cc8b7541-2e11-4ed6-b1f7-4e32b8a02f8a,21.927,command_angular,/cmd_vel,-0.0019088027765974402,0.5
cc8b7541-2e11-4ed6-b1f7-4e32b8a02f8a,21.999000000000002,command_angular,/cmd_vel,0.0002296882594237104,0.5
cc8b7541-2e11-4ed6-b1f7-4e32b8a02f8a,22.038,command_angular,/cmd_vel,0.0063992710784077644,0.5
cc8b7541-2e11-4ed6-b1f7-4e32b8a02f8a,22.068,command_angular,/cmd_vel,0.019795086234807968,0.5
cc8b7541-2e11-4ed6-b1f7-4e32b8a02f8a,22.149,command_angular,/cmd_vel,0.020308326929807663,0.5
cc8b7541-2e11-4ed6-b1f7-4e32b8a02f8a,22.179000000000002,command_angular,/cmd_vel,0.024951791390776634,0.5
cc8b7541-2e11-4ed6-b1f7-4e32b8a02f8a,22.248,command_angular,/cmd_vel,0.01929795928299427,0.5
cc8b7541-2e11-4ed6-b1f7-4e32b8a02f8a,22.287000000000003,command_angular,/cmd_vel,0.02300543338060379,0.5
cc8b7541-2e11-4ed6-b1f7-4e32b8a02f8a,22.329,command_angular,/cmd_vel,0.023794418200850487,0.5
cc8b7541-2e11-4ed6-b1f7-4e32b8a02f8a,22.398,command_angular,/cmd_vel,0.017336294054985046,0.5
cc8b7541-2e11-4ed6-b1f7-4e32b8a02f8a,22.428,command_angular,/cmd_vel,0.013438256457448006,0.5
cc8b7541-2e11-4ed6-b1f7-4e32b8a02f8a,22.509,command_angular,/cmd_vel,0.008736914955079556,0.5
cc8b7541-2e11-4ed6-b1f7-4e32b8a02f8a,22.539,command_angular,/cmd_vel,0.006289882585406303,0.5
cc8b7541-2e11-4ed6-b1f7-4e32b8a02f8a,22.578000000000003,command_angular,/cmd_vel,0.008963792584836483,0.5
cc8b7541-2e11-4ed6-b1f7-4e32b8a02f8a,22.647000000000002,command_angular,/cmd_vel,0.01142803393304348,0.5
cc8b7541-2e11-4ed6-b1f7-4e32b8a02f8a,22.689,command_angular,/cmd_vel,0.012037805281579494,0.5
cc8b7541-2e11-4ed6-b1f7-4e32b8a02f8a,22.758000000000003,command_angular,/cmd_vel,0.019264329224824905,0.5
cc8b7541-2e11-4ed6-b1f7-4e32b8a02f8a,22.788,command_angular,/cmd_vel,0.019230984151363373,0.5
cc8b7541-2e11-4ed6-b1f7-4e32b8a02f8a,22.827,command_angular,/cmd_vel,0.015975674614310265,0.5
cc8b7541-2e11-4ed6-b1f7-4e32b8a02f8a,22.899,command_angular,/cmd_vel,0.012673279270529747,0.5
cc8b7541-2e11-4ed6-b1f7-4e32b8a02f8a,22.938000000000002,command_angular,/cmd_vel,0.009571356698870659,0.5
cc8b7541-2e11-4ed6-b1f7-4e32b8a02f8a,22.968,command_angular,/cmd_vel,-0.0004220993723720312,0.5
cc8b7541-2e11-4ed6-b1f7-4e32b8a02f8a,23.049000000000003,command_angular,/cmd_vel,0.0040013547986745834,0.5
cc8b7541-2e11-4ed6-b1f7-4e32b8a02f8a,23.079,command_angular,/cmd_vel,0.003646909724920988,0.5
cc8b7541-2e11-4ed6-b1f7-4e32b8a02f8a,23.148,command_angular,/cmd_vel,-0.0014184279134497046,0.5
cc8b7541-2e11-4ed6-b1f7-4e32b8a02f8a,23.187,command_angular,/cmd_vel,-0.003542129648849368,0.5
cc8b7541-2e11-4ed6-b1f7-4e32b8a02f8a,23.229000000000003,command_angular,/cmd_vel,-0.00014196097617968917,0.5
cc8b7541-2e11-4ed6-b1f7-4e32b8a02f8a,23.298000000000002,command_angular,/cmd_vel,-0.007241264916956425,0.5
cc8b7541-2e11-4ed6-b1f7-4e32b8a02f8a,23.328000000000003,command_angular,/cmd_vel,-0.0030521166045218706,0.5
cc8b7541-2e11-4ed6-b1f7-4e32b8a02f8a,23.409000000000002,command_angular,/cmd_vel,-0.005458221770823002,0.5
cc8b7541-2e11-4ed6-b1f7-4e32b8a02f8a,23.439,command_angular,/cmd_vel,0.0033822704572230577,0.5
cc8b7541-2e11-4ed6-b1f7-4e32b8a02f8a,23.478,command_angular,/cmd_vel,0.008309590630233288,0.5
cc8b7541-2e11-4ed6-b1f7-4e32b8a02f8a,23.547,command_angular,/cmd_vel,0.007328358944505453,0.5
cc8b7541-2e11-4ed6-b1f7-4e32b8a02f8a,23.589000000000002,command_angular,/cmd_vel,0.005660143680870533,0.5
cc8b7541-2e11-4ed6-b1f7-4e32b8a02f8a,23.658,command_angular,/cmd_vel,0.008487209677696228,0.5
cc8b7541-2e11-4ed6-b1f7-4e32b8a02f8a,23.688000000000002,command_angular,/cmd_vel,0.0008516968227922916,0.5
cc8b7541-2e11-4ed6-b1f7-4e32b8a02f8a,23.727,command_angular,/cmd_vel,-0.0037418431602418423,0.5
cc8b7541-2e11-4ed6-b1f7-4e32b8a02f8a,23.799000000000003,command_angular,/cmd_vel,-0.011426291428506374,0.5
cc8b7541-2e11-4ed6-b1f7-4e32b8a02f8a,23.838,command_angular,/cmd_vel,-0.012026412412524223,0.5
cc8b7541-2e11-4ed6-b1f7-4e32b8a02f8a,23.868000000000002,command_angular,/cmd_vel,-0.009858330711722374,0.5
cc8b7541-2e11-4ed6-b1f7-4e32b8a02f8a,23.949,command_angular,/cmd_vel,-0.0030097635462880135,0.5
cc8b7541-2e11-4ed6-b1f7-4e32b8a02f8a,23.979000000000003,command_angular,/cmd_vel,-0.00808756798505783,0.5
cc8b7541-2e11-4ed6-b1f7-4e32b8a02f8a,24.048000000000002,command_angular,/cmd_vel,-0.008124982938170433,0.5
cc8b7541-2e11-4ed6-b1f7-4e32b8a02f8a,24.087,command_angular,/cmd_vel,0.0028607454150915146,0.5
cc8b7541-2e11-4ed6-b1f7-4e32b8a02f8a,24.129,command_angular,/cmd_vel,0.010315670631825924,0.5
cc8b7541-2e11-4ed6-b1f7-4e32b8a02f8a,24.198,command_angular,/cmd_vel,0.009866617619991302,0.5
cc8b7541-2e11-4ed6-b1f7-4e32b8a02f8a,24.228,command_angular,/cmd_vel,0.005993683822453022,0.5
cc8b7541-2e11-4ed6-b1f7-4e32b8a02f8a,24.309,command_angular,/cmd_vel,0.003293184330686927,0.5
cc8b7541-2e11-4ed6-b1f7-4e32b8a02f8a,24.339000000000002,command_angular,/cmd_vel,-0.003356297267600894,0.5
cc8b7541-2e11-4ed6-b1f7-4e32b8a02f8a,24.378,command_angular,/cmd_vel,-0.004719242919236422,0.5
cc8b7541-2e11-4ed6-b1f7-4e32b8a02f8a,24.447000000000003,command_angular,/cmd_vel,-0.01903950609266758,0.5
cc8b7541-2e11-4ed6-b1f7-4e32b8a02f8a,24.489,command_angular,/cmd_vel,-0.046326715499162674,0.5
cc8b7541-2e11-4ed6-b1f7-4e32b8a02f8a,24.558,command_angular,/cmd_vel,-0.05068522319197655,0.5
cc8b7541-2e11-4ed6-b1f7-4e32b8a02f8a,24.588,command_angular,/cmd_vel,-0.0525035560131073,0.5
cc8b7541-2e11-4ed6-b1f7-4e32b8a02f8a,24.627000000000002,command_angular,/cmd_vel,-0.05162181705236435,0.5
cc8b7541-2e11-4ed6-b1f7-4e32b8a02f8a,24.699,command_angular,/cmd_vel,-0.04280828312039375,0.5
cc8b7541-2e11-4ed6-b1f7-4e32b8a02f8a,24.738000000000003,command_angular,/cmd_vel,-0.035425033420324326,0.5
cc8b7541-2e11-4ed6-b1f7-4e32b8a02f8a,24.768,command_angular,/cmd_vel,-0.03329234942793846,0.5
cc8b7541-2e11-4ed6-b1f7-4e32b8a02f8a,24.849,command_angular,/cmd_vel,-0.03680460900068283,0.5
cc8b7541-2e11-4ed6-b1f7-4e32b8a02f8a,24.879,command_angular,/cmd_vel,-0.034066904336214066,0.5
cc8b7541-2e11-4ed6-b1f7-4e32b8a02f8a,24.948,command_angular,/cmd_vel,-0.028237909078598022,0.5
cc8b7541-2e11-4ed6-b1f7-4e32b8a02f8a,24.987000000000002,command_angular,/cmd_vel,-0.028765743598341942,0.5
cc8b7541-2e11-4ed6-b1f7-4e32b8a02f8a,25.029,command_angular,/cmd_vel,-0.029090942814946175,0.5
cc8b7541-2e11-4ed6-b1f7-4e32b8a02f8a,25.098000000000003,command_angular,/cmd_vel,-0.03305775672197342,0.5
cc8b7541-2e11-4ed6-b1f7-4e32b8a02f8a,25.128,command_angular,/cmd_vel,-0.02254190482199192,0.5
cc8b7541-2e11-4ed6-b1f7-4e32b8a02f8a,25.209000000000003,command_angular,/cmd_vel,-0.022304564714431763,0.5
cc8b7541-2e11-4ed6-b1f7-4e32b8a02f8a,25.239,command_angular,/cmd_vel,-0.01971285790205002,0.5
cc8b7541-2e11-4ed6-b1f7-4e32b8a02f8a,25.278000000000002,command_angular,/cmd_vel,-0.019590824842453003,0.5
cc8b7541-2e11-4ed6-b1f7-4e32b8a02f8a,25.347,command_angular,/cmd_vel,-0.02265787310898304,0.5
cc8b7541-2e11-4ed6-b1f7-4e32b8a02f8a,25.389000000000003,command_angular,/cmd_vel,-0.026151668280363083,0.5
cc8b7541-2e11-4ed6-b1f7-4e32b8a02f8a,25.458000000000002,command_angular,/cmd_vel,-0.027362149208784103,0.5
cc8b7541-2e11-4ed6-b1f7-4e32b8a02f8a,25.488000000000003,command_angular,/cmd_vel,-0.025103922933340073,0.5
cc8b7541-2e11-4ed6-b1f7-4e32b8a02f8a,25.527,command_angular,/cmd_vel,-0.024267084896564484,0.5
cc8b7541-2e11-4ed6-b1f7-4e32b8a02f8a,25.599,command_angular,/cmd_vel,-0.017356600612401962,0.5
cc8b7541-2e11-4ed6-b1f7-4e32b8a02f8a,25.638,command_angular,/cmd_vel,-0.013170597143471241,0.5
cc8b7541-2e11-4ed6-b1f7-4e32b8a02f8a,25.668000000000003,command_angular,/cmd_vel,-0.01699126698076725,0.5
cc8b7541-2e11-4ed6-b1f7-4e32b8a02f8a,25.749000000000002,command_angular,/cmd_vel,-0.02551354095339775,0.5
cc8b7541-2e11-4ed6-b1f7-4e32b8a02f8a,25.779,command_angular,/cmd_vel,-0.020464327186346054,0.5
cc8b7541-2e11-4ed6-b1f7-4e32b8a02f8a,25.848000000000003,command_angular,/cmd_vel,-0.018386585637927055,0.5
cc8b7541-2e11-4ed6-b1f7-4e32b8a02f8a,25.887,command_angular,/cmd_vel,-0.019183188676834106,0.5
cc8b7541-2e11-4ed6-b1f7-4e32b8a02f8a,25.929000000000002,command_angular,/cmd_vel,-0.020085681229829788,0.5
cc8b7541-2e11-4ed6-b1f7-4e32b8a02f8a,25.998,command_angular,/cmd_vel,-0.01805271953344345,0.5
cc8b7541-2e11-4ed6-b1f7-4e32b8a02f8a,26.028000000000002,command_angular,/cmd_vel,-0.022601895034313202,0.5
cc8b7541-2e11-4ed6-b1f7-4e32b8a02f8a,26.109,command_angular,/cmd_vel,-0.03005826286971569,0.5
cc8b7541-2e11-4ed6-b1f7-4e32b8a02f8a,26.139000000000003,command_angular,/cmd_vel,-0.03815405070781708,0.5
cc8b7541-2e11-4ed6-b1f7-4e32b8a02f8a,26.178,command_angular,/cmd_vel,-0.043844204396009445,0.5
cc8b7541-2e11-4ed6-b1f7-4e32b8a02f8a,26.247,command_angular,/cmd_vel,-0.03100806474685669,0.5
cc8b7541-2e11-4ed6-b1f7-4e32b8a02f8a,26.289,command_angular,/cmd_vel,-0.03291367366909981,0.5
cc8b7541-2e11-4ed6-b1f7-4e32b8a02f8a,26.358,command_angular,/cmd_vel,-0.03139810636639595,0.5
cc8b7541-2e11-4ed6-b1f7-4e32b8a02f8a,26.388,command_angular,/cmd_vel,-0.03585625812411308,0.5
cc8b7541-2e11-4ed6-b1f7-4e32b8a02f8a,26.427000000000003,command_angular,/cmd_vel,-0.03408712148666382,0.5
cc8b7541-2e11-4ed6-b1f7-4e32b8a02f8a,26.499000000000002,command_angular,/cmd_vel,-0.03183267265558243,0.5
cc8b7541-2e11-4ed6-b1f7-4e32b8a02f8a,26.538,command_angular,/cmd_vel,-0.025145893916487694,0.5
cc8b7541-2e11-4ed6-b1f7-4e32b8a02f8a,26.568,command_angular,/cmd_vel,-0.025261614471673965,0.5
cc8b7541-2e11-4ed6-b1f7-4e32b8a02f8a,26.649,command_angular,/cmd_vel,-0.025380389764904976,0.5
cc8b7541-2e11-4ed6-b1f7-4e32b8a02f8a,26.679000000000002,command_angular,/cmd_vel,-0.024554263800382614,0.5
cc8b7541-2e11-4ed6-b1f7-4e32b8a02f8a,26.748,command_angular,/cmd_vel,-0.025025010108947754,0.5
cc8b7541-2e11-4ed6-b1f7-4e32b8a02f8a,26.787000000000003,command_angular,/cmd_vel,-0.02527647092938423,0.5
cc8b7541-2e11-4ed6-b1f7-4e32b8a02f8a,26.829,command_angular,/cmd_vel,0.01816931739449501,0.5
cc8b7541-2e11-4ed6-b1f7-4e32b8a02f8a,26.898000000000003,command_angular,/cmd_vel,0.03712369129061699,0.5
cc8b7541-2e11-4ed6-b1f7-4e32b8a02f8a,26.928,command_angular,/cmd_vel,0.043065816164016724,0.5
cc8b7541-2e11-4ed6-b1f7-4e32b8a02f8a,27.009,command_angular,/cmd_vel,0.04022186994552612,0.5
cc8b7541-2e11-4ed6-b1f7-4e32b8a02f8a,27.039,command_angular,/cmd_vel,0.03839287906885147,0.5
cc8b7541-2e11-4ed6-b1f7-4e32b8a02f8a,27.078000000000003,command_angular,/cmd_vel,0.04267171025276184,0.5
cc8b7541-2e11-4ed6-b1f7-4e32b8a02f8a,27.147000000000002,command_angular,/cmd_vel,0.03885958716273308,0.5
cc8b7541-2e11-4ed6-b1f7-4e32b8a02f8a,27.189,command_angular,/cmd_vel,0.03706369549036026,0.5
cc8b7541-2e11-4ed6-b1f7-4e32b8a02f8a,27.258000000000003,command_angular,/cmd_vel,0.03531214967370033,0.5
cc8b7541-2e11-4ed6-b1f7-4e32b8a02f8a,27.288,command_angular,/cmd_vel,0.03672122210264206,0.5
cc8b7541-2e11-4ed6-b1f7-4e32b8a02f8a,27.327,command_angular,/cmd_vel,0.038311585783958435,0.5
cc8b7541-2e11-4ed6-b1f7-4e32b8a02f8a,27.399,command_angular,/cmd_vel,0.03595757111907005,0.5
cc8b7541-2e11-4ed6-b1f7-4e32b8a02f8a,27.438000000000002,command_angular,/cmd_vel,0.032207686454057693,0.5
cc8b7541-2e11-4ed6-b1f7-4e32b8a02f8a,27.468,command_angular,/cmd_vel,0.027600230649113655,0.5
cc8b7541-2e11-4ed6-b1f7-4e32b8a02f8a,27.549000000000003,command_angular,/cmd_vel,0.026715414598584175,0.5
cc8b7541-2e11-4ed6-b1f7-4e32b8a02f8a,27.579,command_angular,/cmd_vel,0.030172180384397507,0.5
cc8b7541-2e11-4ed6-b1f7-4e32b8a02f8a,27.648000000000003,command_angular,/cmd_vel,0.03105919435620308,0.5
cc8b7541-2e11-4ed6-b1f7-4e32b8a02f8a,27.687,command_angular,/cmd_vel,0.0343073233962059,0.5
cc8b7541-2e11-4ed6-b1f7-4e32b8a02f8a,27.729000000000003,command_angular,/cmd_vel,0.03376244008541107,0.5
cc8b7541-2e11-4ed6-b1f7-4e32b8a02f8a,27.798000000000002,command_angular,/cmd_vel,0.03189079090952873,0.5
cc8b7541-2e11-4ed6-b1f7-4e32b8a02f8a,27.828000000000003,command_angular,/cmd_vel,0.027106208726763725,0.5
cc8b7541-2e11-4ed6-b1f7-4e32b8a02f8a,27.909000000000002,command_angular,/cmd_vel,0.025644773617386818,0.5
cc8b7541-2e11-4ed6-b1f7-4e32b8a02f8a,27.939,command_angular,/cmd_vel,0.02631724625825882,0.5
cc8b7541-2e11-4ed6-b1f7-4e32b8a02f8a,27.978,command_angular,/cmd_vel,0.02307584136724472,0.5
cc8b7541-2e11-4ed6-b1f7-4e32b8a02f8a,28.047,command_angular,/cmd_vel,0.016303103417158127,0.5
cc8b7541-2e11-4ed6-b1f7-4e32b8a02f8a,28.089000000000002,command_angular,/cmd_vel,0.015457211062312126,0.5
cc8b7541-2e11-4ed6-b1f7-4e32b8a02f8a,28.158,command_angular,/cmd_vel,0.011745644733309746,0.5
cc8b7541-2e11-4ed6-b1f7-4e32b8a02f8a,28.188000000000002,command_angular,/cmd_vel,0.011939698830246925,0.5
cc8b7541-2e11-4ed6-b1f7-4e32b8a02f8a,28.227,command_angular,/cmd_vel,0.006795011926442385,0.5
cc8b7541-2e11-4ed6-b1f7-4e32b8a02f8a,28.299000000000003,command_angular,/cmd_vel,0.005474323406815529,0.5
cc8b7541-2e11-4ed6-b1f7-4e32b8a02f8a,28.338,command_angular,/cmd_vel,0.00881738867610693,0.5
cc8b7541-2e11-4ed6-b1f7-4e32b8a02f8a,28.368000000000002,command_angular,/cmd_vel,0.004752655979245901,0.5
cc8b7541-2e11-4ed6-b1f7-4e32b8a02f8a,28.449,command_angular,/cmd_vel,0.010360394604504108,0.5
cc8b7541-2e11-4ed6-b1f7-4e32b8a02f8a,28.479000000000003,command_angular,/cmd_vel,0.008356442674994469,0.5
cc8b7541-2e11-4ed6-b1f7-4e32b8a02f8a,28.548000000000002,command_angular,/cmd_vel,0.01233220286667347,0.5
cc8b7541-2e11-4ed6-b1f7-4e32b8a02f8a,28.587000000000003,command_angular,/cmd_vel,0.0115084582939744,0.5
cc8b7541-2e11-4ed6-b1f7-4e32b8a02f8a,28.629,command_angular,/cmd_vel,0.011818500235676765,0.5
cc8b7541-2e11-4ed6-b1f7-4e32b8a02f8a,28.698,command_angular,/cmd_vel,0.015384109690785408,0.5
cc8b7541-2e11-4ed6-b1f7-4e32b8a02f8a,28.728,command_angular,/cmd_vel,0.016540849581360817,0.5
cc8b7541-2e11-4ed6-b1f7-4e32b8a02f8a,28.809,command_angular,/cmd_vel,0.013086335733532906,0.5
cc8b7541-2e11-4ed6-b1f7-4e32b8a02f8a,28.839000000000002,command_angular,/cmd_vel,0.01206587441265583,0.5
cc8b7541-2e11-4ed6-b1f7-4e32b8a02f8a,28.878,command_angular,/cmd_vel,0.011724862270057201,0.5
cc8b7541-2e11-4ed6-b1f7-4e32b8a02f8a,28.947000000000003,command_angular,/cmd_vel,0.005358237773180008,0.5
cc8b7541-2e11-4ed6-b1f7-4e32b8a02f8a,28.989,command_angular,/cmd_vel,0.0,0.5
cc8b7541-2e11-4ed6-b1f7-4e32b8a02f8a,29.058000000000003,command_angular,/cmd_vel,0.0,0.5
cc8b7541-2e11-4ed6-b1f7-4e32b8a02f8a,29.088,command_angular,/cmd_vel,0.0,0.5
cc8b7541-2e11-4ed6-b1f7-4e32b8a02f8a,29.127000000000002,command_angular,/cmd_vel,0.0,0.5
cc8b7541-2e11-4ed6-b1f7-4e32b8a02f8a,29.199,command_angular,/cmd_vel,0.0,0.5
cc8b7541-2e11-4ed6-b1f7-4e32b8a02f8a,29.238000000000003,command_angular,/cmd_vel,0.0,0.5
cc8b7541-2e11-4ed6-b1f7-4e32b8a02f8a,29.268,command_angular,/cmd_vel,0.0,0.5
cc8b7541-2e11-4ed6-b1f7-4e32b8a02f8a,29.349,command_angular,/cmd_vel,0.0,0.5
cc8b7541-2e11-4ed6-b1f7-4e32b8a02f8a,29.379,command_angular,/cmd_vel,0.0,0.5
cc8b7541-2e11-4ed6-b1f7-4e32b8a02f8a,29.448,command_angular,/cmd_vel,0.0,0.5
cc8b7541-2e11-4ed6-b1f7-4e32b8a02f8a,29.487000000000002,command_angular,/cmd_vel,0.0,0.5
cc8b7541-2e11-4ed6-b1f7-4e32b8a02f8a,29.529000000000003,command_angular,/cmd_vel,0.0,0.5
cc8b7541-2e11-4ed6-b1f7-4e32b8a02f8a,29.598000000000003,command_angular,/cmd_vel,0.0,0.5
cc8b7541-2e11-4ed6-b1f7-4e32b8a02f8a,29.628,command_angular,/cmd_vel,0.0,0.5
cc8b7541-2e11-4ed6-b1f7-4e32b8a02f8a,10.728000000000002,command_linear,/cmd_vel,0.034221962094306946,0.5
cc8b7541-2e11-4ed6-b1f7-4e32b8a02f8a,10.809000000000001,command_linear,/cmd_vel,0.0776873454451561,0.5
cc8b7541-2e11-4ed6-b1f7-4e32b8a02f8a,10.839,command_linear,/cmd_vel,0.09926266968250275,0.5
cc8b7541-2e11-4ed6-b1f7-4e32b8a02f8a,10.878,command_linear,/cmd_vel,0.11692366003990173,0.5
cc8b7541-2e11-4ed6-b1f7-4e32b8a02f8a,10.947000000000001,command_linear,/cmd_vel,0.12601125240325928,0.5
cc8b7541-2e11-4ed6-b1f7-4e32b8a02f8a,10.989,command_linear,/cmd_vel,0.12741747498512268,0.5
cc8b7541-2e11-4ed6-b1f7-4e32b8a02f8a,11.058,command_linear,/cmd_vel,0.12368343025445938,0.5
cc8b7541-2e11-4ed6-b1f7-4e32b8a02f8a,11.088000000000001,command_linear,/cmd_vel,0.12684626877307892,0.5
cc8b7541-2e11-4ed6-b1f7-4e32b8a02f8a,11.127,command_linear,/cmd_vel,0.12738606333732605,0.5
cc8b7541-2e11-4ed6-b1f7-4e32b8a02f8a,11.199,command_linear,/cmd_vel,0.13268917798995972,0.5
cc8b7541-2e11-4ed6-b1f7-4e32b8a02f8a,11.238000000000001,command_linear,/cmd_vel,0.12885400652885437,0.5
cc8b7541-2e11-4ed6-b1f7-4e32b8a02f8a,11.268,command_linear,/cmd_vel,0.13220654428005219,0.5
cc8b7541-2e11-4ed6-b1f7-4e32b8a02f8a,11.349,command_linear,/cmd_vel,0.13107790052890778,0.5
cc8b7541-2e11-4ed6-b1f7-4e32b8a02f8a,11.379000000000001,command_linear,/cmd_vel,0.13091358542442322,0.5
cc8b7541-2e11-4ed6-b1f7-4e32b8a02f8a,11.448,command_linear,/cmd_vel,0.13072089850902557,0.5
cc8b7541-2e11-4ed6-b1f7-4e32b8a02f8a,11.487,command_linear,/cmd_vel,0.1306944191455841,0.5
cc8b7541-2e11-4ed6-b1f7-4e32b8a02f8a,11.529,command_linear,/cmd_vel,0.13470551371574402,0.5
cc8b7541-2e11-4ed6-b1f7-4e32b8a02f8a,11.598,command_linear,/cmd_vel,0.13707292079925537,0.5
cc8b7541-2e11-4ed6-b1f7-4e32b8a02f8a,11.628,command_linear,/cmd_vel,0.1376807540655136,0.5
cc8b7541-2e11-4ed6-b1f7-4e32b8a02f8a,11.709000000000001,command_linear,/cmd_vel,0.14196991920471191,0.5
cc8b7541-2e11-4ed6-b1f7-4e32b8a02f8a,11.739,command_linear,/cmd_vel,0.13391700387001038,0.5
cc8b7541-2e11-4ed6-b1f7-4e32b8a02f8a,11.778,command_linear,/cmd_vel,0.1371355503797531,0.5
cc8b7541-2e11-4ed6-b1f7-4e32b8a02f8a,11.847000000000001,command_linear,/cmd_vel,0.13593095541000366,0.5
cc8b7541-2e11-4ed6-b1f7-4e32b8a02f8a,11.889000000000001,command_linear,/cmd_vel,0.13553224503993988,0.5
cc8b7541-2e11-4ed6-b1f7-4e32b8a02f8a,11.958,command_linear,/cmd_vel,0.13684304058551788,0.5
cc8b7541-2e11-4ed6-b1f7-4e32b8a02f8a,11.988000000000001,command_linear,/cmd_vel,0.13747525215148926,0.5
cc8b7541-2e11-4ed6-b1f7-4e32b8a02f8a,12.027000000000001,command_linear,/cmd_vel,0.1410624086856842,0.5
cc8b7541-2e11-4ed6-b1f7-4e32b8a02f8a,12.099,command_linear,/cmd_vel,0.1458948850631714,0.5
cc8b7541-2e11-4ed6-b1f7-4e32b8a02f8a,12.138,command_linear,/cmd_vel,0.14117345213890076,0.5
cc8b7541-2e11-4ed6-b1f7-4e32b8a02f8a,12.168000000000001,command_linear,/cmd_vel,0.14069430530071259,0.5
cc8b7541-2e11-4ed6-b1f7-4e32b8a02f8a,12.249,command_linear,/cmd_vel,0.14465530216693878,0.5
cc8b7541-2e11-4ed6-b1f7-4e32b8a02f8a,12.279,command_linear,/cmd_vel,0.14935901761054993,0.5
cc8b7541-2e11-4ed6-b1f7-4e32b8a02f8a,12.348,command_linear,/cmd_vel,0.1464836150407791,0.5
cc8b7541-2e11-4ed6-b1f7-4e32b8a02f8a,12.387,command_linear,/cmd_vel,0.14807675778865814,0.5
cc8b7541-2e11-4ed6-b1f7-4e32b8a02f8a,12.429,command_linear,/cmd_vel,0.15247322618961334,0.5
cc8b7541-2e11-4ed6-b1f7-4e32b8a02f8a,12.498000000000001,command_linear,/cmd_vel,0.1541445106267929,0.5
cc8b7541-2e11-4ed6-b1f7-4e32b8a02f8a,12.528,command_linear,/cmd_vel,0.15061628818511963,0.5
cc8b7541-2e11-4ed6-b1f7-4e32b8a02f8a,12.609,command_linear,/cmd_vel,0.15261635184288025,0.5
cc8b7541-2e11-4ed6-b1f7-4e32b8a02f8a,12.639000000000001,command_linear,/cmd_vel,0.15413904190063477,0.5
cc8b7541-2e11-4ed6-b1f7-4e32b8a02f8a,12.678,command_linear,/cmd_vel,0.15105435252189636,0.5
cc8b7541-2e11-4ed6-b1f7-4e32b8a02f8a,12.747000000000002,command_linear,/cmd_vel,0.14972467720508575,0.5
cc8b7541-2e11-4ed6-b1f7-4e32b8a02f8a,12.789000000000001,command_linear,/cmd_vel,0.1528383046388626,0.5
cc8b7541-2e11-4ed6-b1f7-4e32b8a02f8a,12.858,command_linear,/cmd_vel,0.15135669708251953,0.5
cc8b7541-2e11-4ed6-b1f7-4e32b8a02f8a,12.888000000000002,command_linear,/cmd_vel,0.154771625995636,0.5
cc8b7541-2e11-4ed6-b1f7-4e32b8a02f8a,12.927000000000001,command_linear,/cmd_vel,0.15843042731285095,0.5
cc8b7541-2e11-4ed6-b1f7-4e32b8a02f8a,12.999,command_linear,/cmd_vel,0.15886856615543365,0.5
cc8b7541-2e11-4ed6-b1f7-4e32b8a02f8a,13.038,command_linear,/cmd_vel,0.16090497374534607,0.5
cc8b7541-2e11-4ed6-b1f7-4e32b8a02f8a,13.068000000000001,command_linear,/cmd_vel,0.1551574319601059,0.5
cc8b7541-2e11-4ed6-b1f7-4e32b8a02f8a,13.149000000000001,command_linear,/cmd_vel,0.15690143406391144,0.5
cc8b7541-2e11-4ed6-b1f7-4e32b8a02f8a,13.179,command_linear,/cmd_vel,0.15643370151519775,0.5
cc8b7541-2e11-4ed6-b1f7-4e32b8a02f8a,13.248000000000001,command_linear,/cmd_vel,0.1576954424381256,0.5
cc8b7541-2e11-4ed6-b1f7-4e32b8a02f8a,13.287,command_linear,/cmd_vel,0.1579231172800064,0.5
cc8b7541-2e11-4ed6-b1f7-4e32b8a02f8a,13.329,command_linear,/cmd_vel,0.16369910538196564,0.5
cc8b7541-2e11-4ed6-b1f7-4e32b8a02f8a,13.398000000000001,command_linear,/cmd_vel,0.16567333042621613,0.5
cc8b7541-2e11-4ed6-b1f7-4e32b8a02f8a,13.428,command_linear,/cmd_vel,0.17019051313400269,0.5
cc8b7541-2e11-4ed6-b1f7-4e32b8a02f8a,13.509,command_linear,/cmd_vel,0.17732103168964386,0.5
cc8b7541-2e11-4ed6-b1f7-4e32b8a02f8a,13.539000000000001,command_linear,/cmd_vel,0.18081794679164886,0.5
cc8b7541-2e11-4ed6-b1f7-4e32b8a02f8a,13.578000000000001,command_linear,/cmd_vel,0.17815250158309937,0.5
cc8b7541-2e11-4ed6-b1f7-4e32b8a02f8a,13.647,command_linear,/cmd_vel,0.17485712468624115,0.5
cc8b7541-2e11-4ed6-b1f7-4e32b8a02f8a,13.689,command_linear,/cmd_vel,0.17276638746261597,0.5
cc8b7541-2e11-4ed6-b1f7-4e32b8a02f8a,13.758000000000001,command_linear,/cmd_vel,0.1725691854953766,0.5
cc8b7541-2e11-4ed6-b1f7-4e32b8a02f8a,13.788,command_linear,/cmd_vel,0.1761280745267868,0.5
cc8b7541-2e11-4ed6-b1f7-4e32b8a02f8a,13.827000000000002,command_linear,/cmd_vel,0.17538446187973022,0.5
cc8b7541-2e11-4ed6-b1f7-4e32b8a02f8a,13.899000000000001,command_linear,/cmd_vel,0.17247354984283447,0.5
cc8b7541-2e11-4ed6-b1f7-4e32b8a02f8a,13.938,command_linear,/cmd_vel,0.17737236618995667,0.5
cc8b7541-2e11-4ed6-b1f7-4e32b8a02f8a,13.968000000000002,command_linear,/cmd_vel,0.17248809337615967,0.5
cc8b7541-2e11-4ed6-b1f7-4e32b8a02f8a,14.049000000000001,command_linear,/cmd_vel,0.1754278838634491,0.5
cc8b7541-2e11-4ed6-b1f7-4e32b8a02f8a,14.079,command_linear,/cmd_vel,0.17402485013008118,0.5
cc8b7541-2e11-4ed6-b1f7-4e32b8a02f8a,14.148000000000001,command_linear,/cmd_vel,0.17829623818397522,0.5
cc8b7541-2e11-4ed6-b1f7-4e32b8a02f8a,14.187000000000001,command_linear,/cmd_vel,0.18187803030014038,0.5
cc8b7541-2e11-4ed6-b1f7-4e32b8a02f8a,14.229000000000001,command_linear,/cmd_vel,0.18373097479343414,0.5
cc8b7541-2e11-4ed6-b1f7-4e32b8a02f8a,14.298,command_linear,/cmd_vel,0.18392251431941986,0.5
cc8b7541-2e11-4ed6-b1f7-4e32b8a02f8a,14.328000000000001,command_linear,/cmd_vel,0.18683955073356628,0.5
cc8b7541-2e11-4ed6-b1f7-4e32b8a02f8a,14.409,command_linear,/cmd_vel,0.18815651535987854,0.5
cc8b7541-2e11-4ed6-b1f7-4e32b8a02f8a,14.439,command_linear,/cmd_vel,0.18269683420658112,0.5
cc8b7541-2e11-4ed6-b1f7-4e32b8a02f8a,14.478000000000002,command_linear,/cmd_vel,0.17620700597763062,0.5
cc8b7541-2e11-4ed6-b1f7-4e32b8a02f8a,14.547,command_linear,/cmd_vel,0.17243625223636627,0.5
cc8b7541-2e11-4ed6-b1f7-4e32b8a02f8a,14.589,command_linear,/cmd_vel,0.17722690105438232,0.5
cc8b7541-2e11-4ed6-b1f7-4e32b8a02f8a,14.658000000000001,command_linear,/cmd_vel,0.18340745568275452,0.5
cc8b7541-2e11-4ed6-b1f7-4e32b8a02f8a,14.688,command_linear,/cmd_vel,0.18154413998126984,0.5
cc8b7541-2e11-4ed6-b1f7-4e32b8a02f8a,14.727,command_linear,/cmd_vel,0.1804349273443222,0.5
cc8b7541-2e11-4ed6-b1f7-4e32b8a02f8a,14.799000000000001,command_linear,/cmd_vel,0.18487843871116638,0.5
cc8b7541-2e11-4ed6-b1f7-4e32b8a02f8a,14.838000000000001,command_linear,/cmd_vel,0.1832563430070877,0.5
cc8b7541-2e11-4ed6-b1f7-4e32b8a02f8a,14.868,command_linear,/cmd_vel,0.1816498041152954,0.5
cc8b7541-2e11-4ed6-b1f7-4e32b8a02f8a,14.949000000000002,command_linear,/cmd_vel,0.18496911227703094,0.5
cc8b7541-2e11-4ed6-b1f7-4e32b8a02f8a,14.979000000000001,command_linear,/cmd_vel,0.18428131937980652,0.5
cc8b7541-2e11-4ed6-b1f7-4e32b8a02f8a,15.048000000000002,command_linear,/cmd_vel,0.18458865582942963,0.5
cc8b7541-2e11-4ed6-b1f7-4e32b8a02f8a,15.087000000000002,command_linear,/cmd_vel,0.18622325360774994,0.5
cc8b7541-2e11-4ed6-b1f7-4e32b8a02f8a,15.129000000000001,command_linear,/cmd_vel,0.18735739588737488,0.5
cc8b7541-2e11-4ed6-b1f7-4e32b8a02f8a,15.198,command_linear,/cmd_vel,0.18537983298301697,0.5
cc8b7541-2e11-4ed6-b1f7-4e32b8a02f8a,15.228000000000002,command_linear,/cmd_vel,0.18004071712493896,0.5
cc8b7541-2e11-4ed6-b1f7-4e32b8a02f8a,15.309000000000001,command_linear,/cmd_vel,0.17720821499824524,0.5
cc8b7541-2e11-4ed6-b1f7-4e32b8a02f8a,15.339,command_linear,/cmd_vel,0.1807447373867035,0.5
cc8b7541-2e11-4ed6-b1f7-4e32b8a02f8a,15.378,command_linear,/cmd_vel,0.1760493814945221,0.5
cc8b7541-2e11-4ed6-b1f7-4e32b8a02f8a,15.447000000000001,command_linear,/cmd_vel,0.1805845946073532,0.5
cc8b7541-2e11-4ed6-b1f7-4e32b8a02f8a,15.489,command_linear,/cmd_vel,0.18179455399513245,0.5
cc8b7541-2e11-4ed6-b1f7-4e32b8a02f8a,15.558000000000002,command_linear,/cmd_vel,0.1837558001279831,0.5
cc8b7541-2e11-4ed6-b1f7-4e32b8a02f8a,15.588000000000001,command_linear,/cmd_vel,0.18266193568706512,0.5
cc8b7541-2e11-4ed6-b1f7-4e32b8a02f8a,15.627,command_linear,/cmd_vel,0.18314041197299957,0.5
cc8b7541-2e11-4ed6-b1f7-4e32b8a02f8a,15.699000000000002,command_linear,/cmd_vel,0.18158197402954102,0.5
cc8b7541-2e11-4ed6-b1f7-4e32b8a02f8a,15.738000000000001,command_linear,/cmd_vel,0.18026307225227356,0.5
cc8b7541-2e11-4ed6-b1f7-4e32b8a02f8a,15.768,command_linear,/cmd_vel,0.17528432607650757,0.5
cc8b7541-2e11-4ed6-b1f7-4e32b8a02f8a,15.849,command_linear,/cmd_vel,0.1760614663362503,0.5
cc8b7541-2e11-4ed6-b1f7-4e32b8a02f8a,15.879000000000001,command_linear,/cmd_vel,0.17528265714645386,0.5
cc8b7541-2e11-4ed6-b1f7-4e32b8a02f8a,15.948,command_linear,/cmd_vel,0.17341874539852142,0.5
cc8b7541-2e11-4ed6-b1f7-4e32b8a02f8a,15.987000000000002,command_linear,/cmd_vel,0.182378351688385,0.5
cc8b7541-2e11-4ed6-b1f7-4e32b8a02f8a,16.029,command_linear,/cmd_vel,0.18264763057231903,0.5
cc8b7541-2e11-4ed6-b1f7-4e32b8a02f8a,16.098000000000003,command_linear,/cmd_vel,0.18306609988212585,0.5
cc8b7541-2e11-4ed6-b1f7-4e32b8a02f8a,16.128,command_linear,/cmd_vel,0.18439391255378723,0.5
cc8b7541-2e11-4ed6-b1f7-4e32b8a02f8a,16.209,command_linear,/cmd_vel,0.18466448783874512,0.5
cc8b7541-2e11-4ed6-b1f7-4e32b8a02f8a,16.239,command_linear,/cmd_vel,0.18400946259498596,0.5
cc8b7541-2e11-4ed6-b1f7-4e32b8a02f8a,16.278000000000002,command_linear,/cmd_vel,0.18207292258739471,0.5
cc8b7541-2e11-4ed6-b1f7-4e32b8a02f8a,16.347,command_linear,/cmd_vel,0.18095694482326508,0.5
cc8b7541-2e11-4ed6-b1f7-4e32b8a02f8a,16.389,command_linear,/cmd_vel,0.17782951891422272,0.5
cc8b7541-2e11-4ed6-b1f7-4e32b8a02f8a,16.458000000000002,command_linear,/cmd_vel,0.1754758059978485,0.5
cc8b7541-2e11-4ed6-b1f7-4e32b8a02f8a,16.488,command_linear,/cmd_vel,0.17595738172531128,0.5
cc8b7541-2e11-4ed6-b1f7-4e32b8a02f8a,16.527,command_linear,/cmd_vel,0.1769014596939087,0.5
cc8b7541-2e11-4ed6-b1f7-4e32b8a02f8a,16.599,command_linear,/cmd_vel,0.1826796531677246,0.5
cc8b7541-2e11-4ed6-b1f7-4e32b8a02f8a,16.638,command_linear,/cmd_vel,0.17261077463626862,0.5
cc8b7541-2e11-4ed6-b1f7-4e32b8a02f8a,16.668000000000003,command_linear,/cmd_vel,0.17401406168937683,0.5
cc8b7541-2e11-4ed6-b1f7-4e32b8a02f8a,16.749000000000002,command_linear,/cmd_vel,0.170107901096344,0.5
cc8b7541-2e11-4ed6-b1f7-4e32b8a02f8a,16.779,command_linear,/cmd_vel,0.1736733317375183,0.5
cc8b7541-2e11-4ed6-b1f7-4e32b8a02f8a,16.848000000000003,command_linear,/cmd_vel,0.17246785759925842,0.5
cc8b7541-2e11-4ed6-b1f7-4e32b8a02f8a,16.887,command_linear,/cmd_vel,0.16812005639076233,0.5
cc8b7541-2e11-4ed6-b1f7-4e32b8a02f8a,16.929000000000002,command_linear,/cmd_vel,0.16723990440368652,0.5
cc8b7541-2e11-4ed6-b1f7-4e32b8a02f8a,16.998,command_linear,/cmd_vel,0.16066783666610718,0.5
cc8b7541-2e11-4ed6-b1f7-4e32b8a02f8a,17.028000000000002,command_linear,/cmd_vel,0.15991154313087463,0.5
cc8b7541-2e11-4ed6-b1f7-4e32b8a02f8a,17.109,command_linear,/cmd_vel,0.15465672314167023,0.5
cc8b7541-2e11-4ed6-b1f7-4e32b8a02f8a,17.139,command_linear,/cmd_vel,0.1480291783809662,0.5
cc8b7541-2e11-4ed6-b1f7-4e32b8a02f8a,17.178,command_linear,/cmd_vel,0.15160371363162994,0.5
cc8b7541-2e11-4ed6-b1f7-4e32b8a02f8a,17.247,command_linear,/cmd_vel,0.14886681735515594,0.5
cc8b7541-2e11-4ed6-b1f7-4e32b8a02f8a,17.289,command_linear,/cmd_vel,0.14711762964725494,0.5
cc8b7541-2e11-4ed6-b1f7-4e32b8a02f8a,17.358,command_linear,/cmd_vel,0.1445723921060562,0.5
cc8b7541-2e11-4ed6-b1f7-4e32b8a02f8a,17.388,command_linear,/cmd_vel,0.1443033367395401,0.5
cc8b7541-2e11-4ed6-b1f7-4e32b8a02f8a,17.427,command_linear,/cmd_vel,0.14278031885623932,0.5
cc8b7541-2e11-4ed6-b1f7-4e32b8a02f8a,17.499000000000002,command_linear,/cmd_vel,0.14438582956790924,0.5
cc8b7541-2e11-4ed6-b1f7-4e32b8a02f8a,17.538,command_linear,/cmd_vel,0.14510412514209747,0.5
cc8b7541-2e11-4ed6-b1f7-4e32b8a02f8a,17.568,command_linear,/cmd_vel,0.1453847885131836,0.5
cc8b7541-2e11-4ed6-b1f7-4e32b8a02f8a,17.649,command_linear,/cmd_vel,0.14238399267196655,0.5
cc8b7541-2e11-4ed6-b1f7-4e32b8a02f8a,17.679000000000002,command_linear,/cmd_vel,0.1470729112625122,0.5
cc8b7541-2e11-4ed6-b1f7-4e32b8a02f8a,17.748,command_linear,/cmd_vel,0.14672765135765076,0.5
cc8b7541-2e11-4ed6-b1f7-4e32b8a02f8a,17.787000000000003,command_linear,/cmd_vel,0.14971742033958435,0.5
cc8b7541-2e11-4ed6-b1f7-4e32b8a02f8a,17.829,command_linear,/cmd_vel,0.14556419849395752,0.5
cc8b7541-2e11-4ed6-b1f7-4e32b8a02f8a,17.898,command_linear,/cmd_vel,0.14180026948451996,0.5
cc8b7541-2e11-4ed6-b1f7-4e32b8a02f8a,17.928,command_linear,/cmd_vel,0.1388399749994278,0.5
cc8b7541-2e11-4ed6-b1f7-4e32b8a02f8a,18.009,command_linear,/cmd_vel,0.1474846750497818,0.5
cc8b7541-2e11-4ed6-b1f7-4e32b8a02f8a,18.039,command_linear,/cmd_vel,0.15053176879882812,0.5
cc8b7541-2e11-4ed6-b1f7-4e32b8a02f8a,18.078,command_linear,/cmd_vel,0.15489979088306427,0.5
cc8b7541-2e11-4ed6-b1f7-4e32b8a02f8a,18.147000000000002,command_linear,/cmd_vel,0.15879802405834198,0.5
cc8b7541-2e11-4ed6-b1f7-4e32b8a02f8a,18.189,command_linear,/cmd_vel,0.15617245435714722,0.5
cc8b7541-2e11-4ed6-b1f7-4e32b8a02f8a,18.258000000000003,command_linear,/cmd_vel,0.15500272810459137,0.5
cc8b7541-2e11-4ed6-b1f7-4e32b8a02f8a,18.288,command_linear,/cmd_vel,0.15681442618370056,0.5
cc8b7541-2e11-4ed6-b1f7-4e32b8a02f8a,18.327,command_linear,/cmd_vel,0.15921714901924133,0.5
cc8b7541-2e11-4ed6-b1f7-4e32b8a02f8a,18.399,command_linear,/cmd_vel,0.15921147167682648,0.5
cc8b7541-2e11-4ed6-b1f7-4e32b8a02f8a,18.438000000000002,command_linear,/cmd_vel,0.15706171095371246,0.5
cc8b7541-2e11-4ed6-b1f7-4e32b8a02f8a,18.468,command_linear,/cmd_vel,0.15478181838989258,0.5
cc8b7541-2e11-4ed6-b1f7-4e32b8a02f8a,18.549,command_linear,/cmd_vel,0.158824160695076,0.5
cc8b7541-2e11-4ed6-b1f7-4e32b8a02f8a,18.579,command_linear,/cmd_vel,0.16095687448978424,0.5
cc8b7541-2e11-4ed6-b1f7-4e32b8a02f8a,18.648,command_linear,/cmd_vel,0.15768000483512878,0.5
cc8b7541-2e11-4ed6-b1f7-4e32b8a02f8a,18.687,command_linear,/cmd_vel,0.1605261117219925,0.5
cc8b7541-2e11-4ed6-b1f7-4e32b8a02f8a,18.729000000000003,command_linear,/cmd_vel,0.16227391362190247,0.5
cc8b7541-2e11-4ed6-b1f7-4e32b8a02f8a,18.798000000000002,command_linear,/cmd_vel,0.1648542881011963,0.5
cc8b7541-2e11-4ed6-b1f7-4e32b8a02f8a,18.828,command_linear,/cmd_vel,0.16227377951145172,0.5
cc8b7541-2e11-4ed6-b1f7-4e32b8a02f8a,18.909000000000002,command_linear,/cmd_vel,0.16000095009803772,0.5
cc8b7541-2e11-4ed6-b1f7-4e32b8a02f8a,18.939,command_linear,/cmd_vel,0.1625310778617859,0.5
cc8b7541-2e11-4ed6-b1f7-4e32b8a02f8a,18.978,command_linear,/cmd_vel,0.1616213172674179,0.5
cc8b7541-2e11-4ed6-b1f7-4e32b8a02f8a,19.047,command_linear,/cmd_vel,0.1577012985944748,0.5
cc8b7541-2e11-4ed6-b1f7-4e32b8a02f8a,19.089000000000002,command_linear,/cmd_vel,0.16127145290374756,0.5
cc8b7541-2e11-4ed6-b1f7-4e32b8a02f8a,19.158,command_linear,/cmd_vel,0.1648944616317749,0.5
cc8b7541-2e11-4ed6-b1f7-4e32b8a02f8a,19.188000000000002,command_linear,/cmd_vel,0.15530194342136383,0.5
cc8b7541-2e11-4ed6-b1f7-4e32b8a02f8a,19.227,command_linear,/cmd_vel,0.15388430655002594,0.5
cc8b7541-2e11-4ed6-b1f7-4e32b8a02f8a,19.299,command_linear,/cmd_vel,0.1551714539527893,0.5
cc8b7541-2e11-4ed6-b1f7-4e32b8a02f8a,19.338,command_linear,/cmd_vel,0.15556548535823822,0.5
cc8b7541-2e11-4ed6-b1f7-4e32b8a02f8a,19.368000000000002,command_linear,/cmd_vel,0.1516968458890915,0.5
cc8b7541-2e11-4ed6-b1f7-4e32b8a02f8a,19.449,command_linear,/cmd_vel,0.15515975654125214,0.5
cc8b7541-2e11-4ed6-b1f7-4e32b8a02f8a,19.479000000000003,command_linear,/cmd_vel,0.15892450511455536,0.5
cc8b7541-2e11-4ed6-b1f7-4e32b8a02f8a,19.548000000000002,command_linear,/cmd_vel,0.15636010468006134,0.5
cc8b7541-2e11-4ed6-b1f7-4e32b8a02f8a,19.587,command_linear,/cmd_vel,0.15828950703144073,0.5
cc8b7541-2e11-4ed6-b1f7-4e32b8a02f8a,19.629,command_linear,/cmd_vel,0.15744870901107788,0.5
cc8b7541-2e11-4ed6-b1f7-4e32b8a02f8a,19.698,command_linear,/cmd_vel,0.1624867022037506,0.5
cc8b7541-2e11-4ed6-b1f7-4e32b8a02f8a,19.728,command_linear,/cmd_vel,0.16102951765060425,0.5
cc8b7541-2e11-4ed6-b1f7-4e32b8a02f8a,19.809,command_linear,/cmd_vel,0.1608831286430359,0.5
cc8b7541-2e11-4ed6-b1f7-4e32b8a02f8a,19.839000000000002,command_linear,/cmd_vel,0.15937793254852295,0.5
cc8b7541-2e11-4ed6-b1f7-4e32b8a02f8a,19.878,command_linear,/cmd_vel,0.1613379418849945,0.5
cc8b7541-2e11-4ed6-b1f7-4e32b8a02f8a,19.947000000000003,command_linear,/cmd_vel,0.1654970794916153,0.5
cc8b7541-2e11-4ed6-b1f7-4e32b8a02f8a,19.989,command_linear,/cmd_vel,0.16515223681926727,0.5
cc8b7541-2e11-4ed6-b1f7-4e32b8a02f8a,20.058,command_linear,/cmd_vel,0.1669376790523529,0.5
cc8b7541-2e11-4ed6-b1f7-4e32b8a02f8a,20.088,command_linear,/cmd_vel,0.16516204178333282,0.5
cc8b7541-2e11-4ed6-b1f7-4e32b8a02f8a,20.127000000000002,command_linear,/cmd_vel,0.16588856279850006,0.5
cc8b7541-2e11-4ed6-b1f7-4e32b8a02f8a,20.199,command_linear,/cmd_vel,0.16958123445510864,0.5
cc8b7541-2e11-4ed6-b1f7-4e32b8a02f8a,20.238,command_linear,/cmd_vel,0.17336148023605347,0.5
cc8b7541-2e11-4ed6-b1f7-4e32b8a02f8a,20.268,command_linear,/cmd_vel,0.17482976615428925,0.5
cc8b7541-2e11-4ed6-b1f7-4e32b8a02f8a,20.349,command_linear,/cmd_vel,0.17623040080070496,0.5
cc8b7541-2e11-4ed6-b1f7-4e32b8a02f8a,20.379,command_linear,/cmd_vel,0.18028856813907623,0.5
cc8b7541-2e11-4ed6-b1f7-4e32b8a02f8a,20.448,command_linear,/cmd_vel,0.1746181696653366,0.5
cc8b7541-2e11-4ed6-b1f7-4e32b8a02f8a,20.487000000000002,command_linear,/cmd_vel,0.1722784787416458,0.5
cc8b7541-2e11-4ed6-b1f7-4e32b8a02f8a,20.529,command_linear,/cmd_vel,0.17176252603530884,0.5
cc8b7541-2e11-4ed6-b1f7-4e32b8a02f8a,20.598000000000003,command_linear,/cmd_vel,0.17502427101135254,0.5
cc8b7541-2e11-4ed6-b1f7-4e32b8a02f8a,20.628,command_linear,/cmd_vel,0.17592689394950867,0.5
cc8b7541-2e11-4ed6-b1f7-4e32b8a02f8a,20.709,command_linear,/cmd_vel,0.17279669642448425,0.5
cc8b7541-2e11-4ed6-b1f7-4e32b8a02f8a,20.739,command_linear,/cmd_vel,0.17406637966632843,0.5
cc8b7541-2e11-4ed6-b1f7-4e32b8a02f8a,20.778000000000002,command_linear,/cmd_vel,0.17771536111831665,0.5
cc8b7541-2e11-4ed6-b1f7-4e32b8a02f8a,20.847,command_linear,/cmd_vel,0.18033507466316223,0.5
cc8b7541-2e11-4ed6-b1f7-4e32b8a02f8a,20.889000000000003,command_linear,/cmd_vel,0.17712357640266418,0.5
cc8b7541-2e11-4ed6-b1f7-4e32b8a02f8a,20.958000000000002,command_linear,/cmd_vel,0.17961576581001282,0.5
cc8b7541-2e11-4ed6-b1f7-4e32b8a02f8a,20.988,command_linear,/cmd_vel,0.18037690222263336,0.5
cc8b7541-2e11-4ed6-b1f7-4e32b8a02f8a,21.027,command_linear,/cmd_vel,0.17703160643577576,0.5
cc8b7541-2e11-4ed6-b1f7-4e32b8a02f8a,21.099,command_linear,/cmd_vel,0.17768123745918274,0.5
cc8b7541-2e11-4ed6-b1f7-4e32b8a02f8a,21.138,command_linear,/cmd_vel,0.18357473611831665,0.5
cc8b7541-2e11-4ed6-b1f7-4e32b8a02f8a,21.168000000000003,command_linear,/cmd_vel,0.18097788095474243,0.5
cc8b7541-2e11-4ed6-b1f7-4e32b8a02f8a,21.249000000000002,command_linear,/cmd_vel,0.1830262839794159,0.5
cc8b7541-2e11-4ed6-b1f7-4e32b8a02f8a,21.279,command_linear,/cmd_vel,0.17905698716640472,0.5
cc8b7541-2e11-4ed6-b1f7-4e32b8a02f8a,21.348000000000003,command_linear,/cmd_vel,0.18059992790222168,0.5
cc8b7541-2e11-4ed6-b1f7-4e32b8a02f8a,21.387,command_linear,/cmd_vel,0.17519016563892365,0.5
cc8b7541-2e11-4ed6-b1f7-4e32b8a02f8a,21.429000000000002,command_linear,/cmd_vel,0.17361018061637878,0.5
cc8b7541-2e11-4ed6-b1f7-4e32b8a02f8a,21.498,command_linear,/cmd_vel,0.178442120552063,0.5
cc8b7541-2e11-4ed6-b1f7-4e32b8a02f8a,21.528000000000002,command_linear,/cmd_vel,0.17882652580738068,0.5
cc8b7541-2e11-4ed6-b1f7-4e32b8a02f8a,21.609,command_linear,/cmd_vel,0.17873384058475494,0.5
cc8b7541-2e11-4ed6-b1f7-4e32b8a02f8a,21.639000000000003,command_linear,/cmd_vel,0.1809225082397461,0.5
cc8b7541-2e11-4ed6-b1f7-4e32b8a02f8a,21.678,command_linear,/cmd_vel,0.181489959359169,0.5
cc8b7541-2e11-4ed6-b1f7-4e32b8a02f8a,21.747,command_linear,/cmd_vel,0.1814398616552353,0.5
cc8b7541-2e11-4ed6-b1f7-4e32b8a02f8a,21.789,command_linear,/cmd_vel,0.18219608068466187,0.5
cc8b7541-2e11-4ed6-b1f7-4e32b8a02f8a,21.858,command_linear,/cmd_vel,0.17926901578903198,0.5
cc8b7541-2e11-4ed6-b1f7-4e32b8a02f8a,21.888,command_linear,/cmd_vel,0.18155726790428162,0.5
cc8b7541-2e11-4ed6-b1f7-4e32b8a02f8a,21.927,command_linear,/cmd_vel,0.18631938099861145,0.5
cc8b7541-2e11-4ed6-b1f7-4e32b8a02f8a,21.999000000000002,command_linear,/cmd_vel,0.18889740109443665,0.5
cc8b7541-2e11-4ed6-b1f7-4e32b8a02f8a,22.038,command_linear,/cmd_vel,0.1867748349905014,0.5
cc8b7541-2e11-4ed6-b1f7-4e32b8a02f8a,22.068,command_linear,/cmd_vel,0.18604826927185059,0.5
cc8b7541-2e11-4ed6-b1f7-4e32b8a02f8a,22.149,command_linear,/cmd_vel,0.18408793210983276,0.5
cc8b7541-2e11-4ed6-b1f7-4e32b8a02f8a,22.179000000000002,command_linear,/cmd_vel,0.18638776242733002,0.5
cc8b7541-2e11-4ed6-b1f7-4e32b8a02f8a,22.248,command_linear,/cmd_vel,0.18882711231708527,0.5
cc8b7541-2e11-4ed6-b1f7-4e32b8a02f8a,22.287000000000003,command_linear,/cmd_vel,0.1872972995042801,0.5
cc8b7541-2e11-4ed6-b1f7-4e32b8a02f8a,22.329,command_linear,/cmd_vel,0.1876695603132248,0.5
cc8b7541-2e11-4ed6-b1f7-4e32b8a02f8a,22.398,command_linear,/cmd_vel,0.18934081494808197,0.5
cc8b7541-2e11-4ed6-b1f7-4e32b8a02f8a,22.428,command_linear,/cmd_vel,0.1822386533021927,0.5
cc8b7541-2e11-4ed6-b1f7-4e32b8a02f8a,22.509,command_linear,/cmd_vel,0.1839875727891922,0.5
cc8b7541-2e11-4ed6-b1f7-4e32b8a02f8a,22.539,command_linear,/cmd_vel,0.18293944001197815,0.5
cc8b7541-2e11-4ed6-b1f7-4e32b8a02f8a,22.578000000000003,command_linear,/cmd_vel,0.1855866014957428,0.5
cc8b7541-2e11-4ed6-b1f7-4e32b8a02f8a,22.647000000000002,command_linear,/cmd_vel,0.18328602612018585,0.5
cc8b7541-2e11-4ed6-b1f7-4e32b8a02f8a,22.689,command_linear,/cmd_vel,0.18223533034324646,0.5
cc8b7541-2e11-4ed6-b1f7-4e32b8a02f8a,22.758000000000003,command_linear,/cmd_vel,0.18280264735221863,0.5
cc8b7541-2e11-4ed6-b1f7-4e32b8a02f8a,22.788,command_linear,/cmd_vel,0.1855757087469101,0.5
cc8b7541-2e11-4ed6-b1f7-4e32b8a02f8a,22.827,command_linear,/cmd_vel,0.18227142095565796,0.5
cc8b7541-2e11-4ed6-b1f7-4e32b8a02f8a,22.899,command_linear,/cmd_vel,0.18400977551937103,0.5
cc8b7541-2e11-4ed6-b1f7-4e32b8a02f8a,22.938000000000002,command_linear,/cmd_vel,0.17898322641849518,0.5
cc8b7541-2e11-4ed6-b1f7-4e32b8a02f8a,22.968,command_linear,/cmd_vel,0.17994025349617004,0.5
cc8b7541-2e11-4ed6-b1f7-4e32b8a02f8a,23.049000000000003,command_linear,/cmd_vel,0.17980961501598358,0.5
cc8b7541-2e11-4ed6-b1f7-4e32b8a02f8a,23.079,command_linear,/cmd_vel,0.1779518872499466,0.5
cc8b7541-2e11-4ed6-b1f7-4e32b8a02f8a,23.148,command_linear,/cmd_vel,0.1781122088432312,0.5
cc8b7541-2e11-4ed6-b1f7-4e32b8a02f8a,23.187,command_linear,/cmd_vel,0.17754049599170685,0.5
cc8b7541-2e11-4ed6-b1f7-4e32b8a02f8a,23.229000000000003,command_linear,/cmd_vel,0.17766205966472626,0.5
cc8b7541-2e11-4ed6-b1f7-4e32b8a02f8a,23.298000000000002,command_linear,/cmd_vel,0.18053680658340454,0.5
cc8b7541-2e11-4ed6-b1f7-4e32b8a02f8a,23.328000000000003,command_linear,/cmd_vel,0.17967988550662994,0.5
cc8b7541-2e11-4ed6-b1f7-4e32b8a02f8a,23.409000000000002,command_linear,/cmd_vel,0.1783590316772461,0.5
cc8b7541-2e11-4ed6-b1f7-4e32b8a02f8a,23.439,command_linear,/cmd_vel,0.17599238455295563,0.5
cc8b7541-2e11-4ed6-b1f7-4e32b8a02f8a,23.478,command_linear,/cmd_vel,0.16982334852218628,0.5
cc8b7541-2e11-4ed6-b1f7-4e32b8a02f8a,23.547,command_linear,/cmd_vel,0.16547860205173492,0.5
cc8b7541-2e11-4ed6-b1f7-4e32b8a02f8a,23.589000000000002,command_linear,/cmd_vel,0.16453568637371063,0.5
cc8b7541-2e11-4ed6-b1f7-4e32b8a02f8a,23.658,command_linear,/cmd_vel,0.16286584734916687,0.5
cc8b7541-2e11-4ed6-b1f7-4e32b8a02f8a,23.688000000000002,command_linear,/cmd_vel,0.1640905737876892,0.5
cc8b7541-2e11-4ed6-b1f7-4e32b8a02f8a,23.727,command_linear,/cmd_vel,0.16612638533115387,0.5
cc8b7541-2e11-4ed6-b1f7-4e32b8a02f8a,23.799000000000003,command_linear,/cmd_vel,0.16380438208580017,0.5
cc8b7541-2e11-4ed6-b1f7-4e32b8a02f8a,23.838,command_linear,/cmd_vel,0.16482460498809814,0.5
cc8b7541-2e11-4ed6-b1f7-4e32b8a02f8a,23.868000000000002,command_linear,/cmd_vel,0.16016879677772522,0.5
cc8b7541-2e11-4ed6-b1f7-4e32b8a02f8a,23.949,command_linear,/cmd_vel,0.15956524014472961,0.5
cc8b7541-2e11-4ed6-b1f7-4e32b8a02f8a,23.979000000000003,command_linear,/cmd_vel,0.15975914895534515,0.5
cc8b7541-2e11-4ed6-b1f7-4e32b8a02f8a,24.048000000000002,command_linear,/cmd_vel,0.16018851101398468,0.5
cc8b7541-2e11-4ed6-b1f7-4e32b8a02f8a,24.087,command_linear,/cmd_vel,0.16243690252304077,0.5
cc8b7541-2e11-4ed6-b1f7-4e32b8a02f8a,24.129,command_linear,/cmd_vel,0.1649789810180664,0.5
cc8b7541-2e11-4ed6-b1f7-4e32b8a02f8a,24.198,command_linear,/cmd_vel,0.16820110380649567,0.5
cc8b7541-2e11-4ed6-b1f7-4e32b8a02f8a,24.228,command_linear,/cmd_vel,0.16516560316085815,0.5
cc8b7541-2e11-4ed6-b1f7-4e32b8a02f8a,24.309,command_linear,/cmd_vel,0.16288430988788605,0.5
cc8b7541-2e11-4ed6-b1f7-4e32b8a02f8a,24.339000000000002,command_linear,/cmd_vel,0.1597510725259781,0.5
cc8b7541-2e11-4ed6-b1f7-4e32b8a02f8a,24.378,command_linear,/cmd_vel,0.16081814467906952,0.5
cc8b7541-2e11-4ed6-b1f7-4e32b8a02f8a,24.447000000000003,command_linear,/cmd_vel,0.1617194265127182,0.5
cc8b7541-2e11-4ed6-b1f7-4e32b8a02f8a,24.489,command_linear,/cmd_vel,0.1595461368560791,0.5
cc8b7541-2e11-4ed6-b1f7-4e32b8a02f8a,24.558,command_linear,/cmd_vel,0.16177769005298615,0.5
cc8b7541-2e11-4ed6-b1f7-4e32b8a02f8a,24.588,command_linear,/cmd_vel,0.15789897739887238,0.5
cc8b7541-2e11-4ed6-b1f7-4e32b8a02f8a,24.627000000000002,command_linear,/cmd_vel,0.15631599724292755,0.5
cc8b7541-2e11-4ed6-b1f7-4e32b8a02f8a,24.699,command_linear,/cmd_vel,0.15543507039546967,0.5
cc8b7541-2e11-4ed6-b1f7-4e32b8a02f8a,24.738000000000003,command_linear,/cmd_vel,0.1579083502292633,0.5
cc8b7541-2e11-4ed6-b1f7-4e32b8a02f8a,24.768,command_linear,/cmd_vel,0.15937332808971405,0.5
cc8b7541-2e11-4ed6-b1f7-4e32b8a02f8a,24.849,command_linear,/cmd_vel,0.1597640961408615,0.5
cc8b7541-2e11-4ed6-b1f7-4e32b8a02f8a,24.879,command_linear,/cmd_vel,0.15865209698677063,0.5
cc8b7541-2e11-4ed6-b1f7-4e32b8a02f8a,24.948,command_linear,/cmd_vel,0.1565934419631958,0.5
cc8b7541-2e11-4ed6-b1f7-4e32b8a02f8a,24.987000000000002,command_linear,/cmd_vel,0.15555061399936676,0.5
cc8b7541-2e11-4ed6-b1f7-4e32b8a02f8a,25.029,command_linear,/cmd_vel,0.15262067317962646,0.5
cc8b7541-2e11-4ed6-b1f7-4e32b8a02f8a,25.098000000000003,command_linear,/cmd_vel,0.15503643453121185,0.5
cc8b7541-2e11-4ed6-b1f7-4e32b8a02f8a,25.128,command_linear,/cmd_vel,0.14665108919143677,0.5
cc8b7541-2e11-4ed6-b1f7-4e32b8a02f8a,25.209000000000003,command_linear,/cmd_vel,0.14596717059612274,0.5
cc8b7541-2e11-4ed6-b1f7-4e32b8a02f8a,25.239,command_linear,/cmd_vel,0.14353935420513153,0.5
cc8b7541-2e11-4ed6-b1f7-4e32b8a02f8a,25.278000000000002,command_linear,/cmd_vel,0.1462935209274292,0.5
cc8b7541-2e11-4ed6-b1f7-4e32b8a02f8a,25.347,command_linear,/cmd_vel,0.14398163557052612,0.5
cc8b7541-2e11-4ed6-b1f7-4e32b8a02f8a,25.389000000000003,command_linear,/cmd_vel,0.14170952141284943,0.5
cc8b7541-2e11-4ed6-b1f7-4e32b8a02f8a,25.458000000000002,command_linear,/cmd_vel,0.13880912959575653,0.5
cc8b7541-2e11-4ed6-b1f7-4e32b8a02f8a,25.488000000000003,command_linear,/cmd_vel,0.13664716482162476,0.5
cc8b7541-2e11-4ed6-b1f7-4e32b8a02f8a,25.527,command_linear,/cmd_vel,0.13754141330718994,0.5
cc8b7541-2e11-4ed6-b1f7-4e32b8a02f8a,25.599,command_linear,/cmd_vel,0.13684417307376862,0.5
cc8b7541-2e11-4ed6-b1f7-4e32b8a02f8a,25.638,command_linear,/cmd_vel,0.14239460229873657,0.5
cc8b7541-2e11-4ed6-b1f7-4e32b8a02f8a,25.668000000000003,command_linear,/cmd_vel,0.14341503381729126,0.5
cc8b7541-2e11-4ed6-b1f7-4e32b8a02f8a,25.749000000000002,command_linear,/cmd_vel,0.1414058655500412,0.5
cc8b7541-2e11-4ed6-b1f7-4e32b8a02f8a,25.779,command_linear,/cmd_vel,0.13724654912948608,0.5
cc8b7541-2e11-4ed6-b1f7-4e32b8a02f8a,25.848000000000003,command_linear,/cmd_vel,0.1388566642999649,0.5
cc8b7541-2e11-4ed6-b1f7-4e32b8a02f8a,25.887,command_linear,/cmd_vel,0.13597752153873444,0.5
cc8b7541-2e11-4ed6-b1f7-4e32b8a02f8a,25.929000000000002,command_linear,/cmd_vel,0.13651949167251587,0.5
cc8b7541-2e11-4ed6-b1f7-4e32b8a02f8a,25.998,command_linear,/cmd_vel,0.1358422040939331,0.5
cc8b7541-2e11-4ed6-b1f7-4e32b8a02f8a,26.028000000000002,command_linear,/cmd_vel,0.1350453644990921,0.5
cc8b7541-2e11-4ed6-b1f7-4e32b8a02f8a,26.109,command_linear,/cmd_vel,0.13600941002368927,0.5
cc8b7541-2e11-4ed6-b1f7-4e32b8a02f8a,26.139000000000003,command_linear,/cmd_vel,0.13366590440273285,0.5
cc8b7541-2e11-4ed6-b1f7-4e32b8a02f8a,26.178,command_linear,/cmd_vel,0.1307917684316635,0.5
cc8b7541-2e11-4ed6-b1f7-4e32b8a02f8a,26.247,command_linear,/cmd_vel,0.13225814700126648,0.5
cc8b7541-2e11-4ed6-b1f7-4e32b8a02f8a,26.289,command_linear,/cmd_vel,0.1320415884256363,0.5
cc8b7541-2e11-4ed6-b1f7-4e32b8a02f8a,26.358,command_linear,/cmd_vel,0.13003814220428467,0.5
cc8b7541-2e11-4ed6-b1f7-4e32b8a02f8a,26.388,command_linear,/cmd_vel,0.1304531693458557,0.5
cc8b7541-2e11-4ed6-b1f7-4e32b8a02f8a,26.427000000000003,command_linear,/cmd_vel,0.13171006739139557,0.5
cc8b7541-2e11-4ed6-b1f7-4e32b8a02f8a,26.499000000000002,command_linear,/cmd_vel,0.13175326585769653,0.5
cc8b7541-2e11-4ed6-b1f7-4e32b8a02f8a,26.538,command_linear,/cmd_vel,0.13123807311058044,0.5
cc8b7541-2e11-4ed6-b1f7-4e32b8a02f8a,26.568,command_linear,/cmd_vel,0.12744303047657013,0.5
cc8b7541-2e11-4ed6-b1f7-4e32b8a02f8a,26.649,command_linear,/cmd_vel,0.1251067966222763,0.5
cc8b7541-2e11-4ed6-b1f7-4e32b8a02f8a,26.679000000000002,command_linear,/cmd_vel,0.12537971138954163,0.5
cc8b7541-2e11-4ed6-b1f7-4e32b8a02f8a,26.748,command_linear,/cmd_vel,0.12572525441646576,0.5
cc8b7541-2e11-4ed6-b1f7-4e32b8a02f8a,26.787000000000003,command_linear,/cmd_vel,0.12348765134811401,0.5
cc8b7541-2e11-4ed6-b1f7-4e32b8a02f8a,26.829,command_linear,/cmd_vel,0.12418012320995331,0.5
cc8b7541-2e11-4ed6-b1f7-4e32b8a02f8a,26.898000000000003,command_linear,/cmd_vel,0.12584926187992096,0.5
cc8b7541-2e11-4ed6-b1f7-4e32b8a02f8a,26.928,command_linear,/cmd_vel,0.12560416758060455,0.5
cc8b7541-2e11-4ed6-b1f7-4e32b8a02f8a,27.009,command_linear,/cmd_vel,0.12328572571277618,0.5
cc8b7541-2e11-4ed6-b1f7-4e32b8a02f8a,27.039,command_linear,/cmd_vel,0.12261833250522614,0.5
cc8b7541-2e11-4ed6-b1f7-4e32b8a02f8a,27.078000000000003,command_linear,/cmd_vel,0.11833052337169647,0.5
cc8b7541-2e11-4ed6-b1f7-4e32b8a02f8a,27.147000000000002,command_linear,/cmd_vel,0.11888743937015533,0.5
cc8b7541-2e11-4ed6-b1f7-4e32b8a02f8a,27.189,command_linear,/cmd_vel,0.11869703233242035,0.5
cc8b7541-2e11-4ed6-b1f7-4e32b8a02f8a,27.258000000000003,command_linear,/cmd_vel,0.11938530206680298,0.5
cc8b7541-2e11-4ed6-b1f7-4e32b8a02f8a,27.288,command_linear,/cmd_vel,0.11706549674272537,0.5
cc8b7541-2e11-4ed6-b1f7-4e32b8a02f8a,27.327,command_linear,/cmd_vel,0.11760823428630829,0.5
cc8b7541-2e11-4ed6-b1f7-4e32b8a02f8a,27.399,command_linear,/cmd_vel,0.11912339180707932,0.5
cc8b7541-2e11-4ed6-b1f7-4e32b8a02f8a,27.438000000000002,command_linear,/cmd_vel,0.11637566983699799,0.5
cc8b7541-2e11-4ed6-b1f7-4e32b8a02f8a,27.468,command_linear,/cmd_vel,0.11642131954431534,0.5
cc8b7541-2e11-4ed6-b1f7-4e32b8a02f8a,27.549000000000003,command_linear,/cmd_vel,0.11786875873804092,0.5
cc8b7541-2e11-4ed6-b1f7-4e32b8a02f8a,27.579,command_linear,/cmd_vel,0.11643242835998535,0.5
cc8b7541-2e11-4ed6-b1f7-4e32b8a02f8a,27.648000000000003,command_linear,/cmd_vel,0.11394379287958145,0.5
cc8b7541-2e11-4ed6-b1f7-4e32b8a02f8a,27.687,command_linear,/cmd_vel,0.11036022007465363,0.5
cc8b7541-2e11-4ed6-b1f7-4e32b8a02f8a,27.729000000000003,command_linear,/cmd_vel,0.11097730696201324,0.5
cc8b7541-2e11-4ed6-b1f7-4e32b8a02f8a,27.798000000000002,command_linear,/cmd_vel,0.1080443412065506,0.5
cc8b7541-2e11-4ed6-b1f7-4e32b8a02f8a,27.828000000000003,command_linear,/cmd_vel,0.10584911704063416,0.5
cc8b7541-2e11-4ed6-b1f7-4e32b8a02f8a,27.909000000000002,command_linear,/cmd_vel,0.1037331074476242,0.5
cc8b7541-2e11-4ed6-b1f7-4e32b8a02f8a,27.939,command_linear,/cmd_vel,0.10684624314308167,0.5
cc8b7541-2e11-4ed6-b1f7-4e32b8a02f8a,27.978,command_linear,/cmd_vel,0.10214900225400925,0.5
cc8b7541-2e11-4ed6-b1f7-4e32b8a02f8a,28.047,command_linear,/cmd_vel,0.10234008729457855,0.5
cc8b7541-2e11-4ed6-b1f7-4e32b8a02f8a,28.089000000000002,command_linear,/cmd_vel,0.10117077082395554,0.5
cc8b7541-2e11-4ed6-b1f7-4e32b8a02f8a,28.158,command_linear,/cmd_vel,0.09717917442321777,0.5
cc8b7541-2e11-4ed6-b1f7-4e32b8a02f8a,28.188000000000002,command_linear,/cmd_vel,0.09790411591529846,0.5
cc8b7541-2e11-4ed6-b1f7-4e32b8a02f8a,28.227,command_linear,/cmd_vel,0.09655207395553589,0.5
cc8b7541-2e11-4ed6-b1f7-4e32b8a02f8a,28.299000000000003,command_linear,/cmd_vel,0.09729611128568649,0.5
cc8b7541-2e11-4ed6-b1f7-4e32b8a02f8a,28.338,command_linear,/cmd_vel,0.09093071520328522,0.5
cc8b7541-2e11-4ed6-b1f7-4e32b8a02f8a,28.368000000000002,command_linear,/cmd_vel,0.09009461104869843,0.5
cc8b7541-2e11-4ed6-b1f7-4e32b8a02f8a,28.449,command_linear,/cmd_vel,0.09270772337913513,0.5
cc8b7541-2e11-4ed6-b1f7-4e32b8a02f8a,28.479000000000003,command_linear,/cmd_vel,0.09607939422130585,0.5
cc8b7541-2e11-4ed6-b1f7-4e32b8a02f8a,28.548000000000002,command_linear,/cmd_vel,0.09472700953483582,0.5
cc8b7541-2e11-4ed6-b1f7-4e32b8a02f8a,28.587000000000003,command_linear,/cmd_vel,0.09632306545972824,0.5
cc8b7541-2e11-4ed6-b1f7-4e32b8a02f8a,28.629,command_linear,/cmd_vel,0.09732328355312347,0.5
cc8b7541-2e11-4ed6-b1f7-4e32b8a02f8a,28.698,command_linear,/cmd_vel,0.09549269080162048,0.5
cc8b7541-2e11-4ed6-b1f7-4e32b8a02f8a,28.728,command_linear,/cmd_vel,0.09216050058603287,0.5
cc8b7541-2e11-4ed6-b1f7-4e32b8a02f8a,28.809,command_linear,/cmd_vel,0.09149755537509918,0.5
cc8b7541-2e11-4ed6-b1f7-4e32b8a02f8a,28.839000000000002,command_linear,/cmd_vel,0.08586040884256363,0.5
cc8b7541-2e11-4ed6-b1f7-4e32b8a02f8a,28.878,command_linear,/cmd_vel,0.0892195925116539,0.5
cc8b7541-2e11-4ed6-b1f7-4e32b8a02f8a,28.947000000000003,command_linear,/cmd_vel,0.0871056541800499,0.5
cc8b7541-2e11-4ed6-b1f7-4e32b8a02f8a,28.989,command_linear,/cmd_vel,0.0,0.5
cc8b7541-2e11-4ed6-b1f7-4e32b8a02f8a,29.058000000000003,command_linear,/cmd_vel,0.0,0.5
cc8b7541-2e11-4ed6-b1f7-4e32b8a02f8a,29.088,command_linear,/cmd_vel,0.0,0.5
cc8b7541-2e11-4ed6-b1f7-4e32b8a02f8a,29.127000000000002,command_linear,/cmd_vel,0.0,0.5
cc8b7541-2e11-4ed6-b1f7-4e32b8a02f8a,29.199,command_linear,/cmd_vel,0.0,0.5
cc8b7541-2e11-4ed6-b1f7-4e32b8a02f8a,29.238000000000003,command_linear,/cmd_vel,0.0,0.5
cc8b7541-2e11-4ed6-b1f7-4e32b8a02f8a,29.268,command_linear,/cmd_vel,0.0,0.5
cc8b7541-2e11-4ed6-b1f7-4e32b8a02f8a,29.349,command_linear,/cmd_vel,0.0,0.5
cc8b7541-2e11-4ed6-b1f7-4e32b8a02f8a,29.379,command_linear,/cmd_vel,0.0,0.5
cc8b7541-2e11-4ed6-b1f7-4e32b8a02f8a,29.448,command_linear,/cmd_vel,0.0,0.5
cc8b7541-2e11-4ed6-b1f7-4e32b8a02f8a,29.487000000000002,command_linear,/cmd_vel,0.0,0.5
cc8b7541-2e11-4ed6-b1f7-4e32b8a02f8a,29.529000000000003,command_linear,/cmd_vel,0.0,0.5
cc8b7541-2e11-4ed6-b1f7-4e32b8a02f8a,29.598000000000003,command_linear,/cmd_vel,0.0,0.5
cc8b7541-2e11-4ed6-b1f7-4e32b8a02f8a,29.628,command_linear,/cmd_vel,0.0,0.5
cc8b7541-2e11-4ed6-b1f7-4e32b8a02f8a,10.647,global_path_curvature,/plan,0.4343925408746744,2.0
cc8b7541-2e11-4ed6-b1f7-4e32b8a02f8a,11.676,global_path_curvature,/plan,0.385192212370843,2.0
cc8b7541-2e11-4ed6-b1f7-4e32b8a02f8a,12.705,global_path_curvature,/plan,0.47282724506461427,2.0
cc8b7541-2e11-4ed6-b1f7-4e32b8a02f8a,13.725000000000001,global_path_curvature,/plan,0.48511710653338386,2.0
cc8b7541-2e11-4ed6-b1f7-4e32b8a02f8a,14.757000000000001,global_path_curvature,/plan,0.49064019491643596,2.0
cc8b7541-2e11-4ed6-b1f7-4e32b8a02f8a,15.777000000000001,global_path_curvature,/plan,0.5548359312076432,2.0
cc8b7541-2e11-4ed6-b1f7-4e32b8a02f8a,16.797,global_path_curvature,/plan,0.8812165182603192,2.0
cc8b7541-2e11-4ed6-b1f7-4e32b8a02f8a,17.826,global_path_curvature,/plan,0.5652821175815179,2.0
cc8b7541-2e11-4ed6-b1f7-4e32b8a02f8a,18.855,global_path_curvature,/plan,1.1010555469853092,2.0
cc8b7541-2e11-4ed6-b1f7-4e32b8a02f8a,19.875,global_path_curvature,/plan,1.028564130638342,2.0
cc8b7541-2e11-4ed6-b1f7-4e32b8a02f8a,20.895,global_path_curvature,/plan,1.6083435524712928,2.0
cc8b7541-2e11-4ed6-b1f7-4e32b8a02f8a,21.927,global_path_curvature,/plan,0.961760864869365,2.0
cc8b7541-2e11-4ed6-b1f7-4e32b8a02f8a,22.956000000000003,global_path_curvature,/plan,1.0450232161000477,2.0
cc8b7541-2e11-4ed6-b1f7-4e32b8a02f8a,23.976000000000003,global_path_curvature,/plan,0.9417091199832316,2.0
cc8b7541-2e11-4ed6-b1f7-4e32b8a02f8a,25.005000000000003,global_path_curvature,/plan,1.4479675136977754,2.0
cc8b7541-2e11-4ed6-b1f7-4e32b8a02f8a,26.025000000000002,global_path_curvature,/plan,1.476678808373232,2.0
cc8b7541-2e11-4ed6-b1f7-4e32b8a02f8a,27.057000000000002,global_path_curvature,/plan,2.4186361850864464,2.0
cc8b7541-2e11-4ed6-b1f7-4e32b8a02f8a,28.077,global_path_curvature,/plan,3.1473140950593272,2.0
cc8b7541-2e11-4ed6-b1f7-4e32b8a02f8a,10.647,global_path_length,/plan,3.0492165497482127,2.0
cc8b7541-2e11-4ed6-b1f7-4e32b8a02f8a,11.676,global_path_length,/plan,2.9486207166487732,2.0
cc8b7541-2e11-4ed6-b1f7-4e32b8a02f8a,12.705,global_path_length,/plan,2.799598503899296,2.0
cc8b7541-2e11-4ed6-b1f7-4e32b8a02f8a,13.725000000000001,global_path_length,/plan,2.6501030404726835,2.0
cc8b7541-2e11-4ed6-b1f7-4e32b8a02f8a,14.757000000000001,global_path_length,/plan,2.4318706778697883,2.0
cc8b7541-2e11-4ed6-b1f7-4e32b8a02f8a,15.777000000000001,global_path_length,/plan,2.2317483904411173,2.0
cc8b7541-2e11-4ed6-b1f7-4e32b8a02f8a,16.797,global_path_length,/plan,2.1362924455220393,2.0
cc8b7541-2e11-4ed6-b1f7-4e32b8a02f8a,17.826,global_path_length,/plan,2.031810823995928,2.0
cc8b7541-2e11-4ed6-b1f7-4e32b8a02f8a,18.855,global_path_length,/plan,1.8482891713241136,2.0
cc8b7541-2e11-4ed6-b1f7-4e32b8a02f8a,19.875,global_path_length,/plan,1.5848125724202262,2.0
cc8b7541-2e11-4ed6-b1f7-4e32b8a02f8a,20.895,global_path_length,/plan,1.4871710139586116,2.0
cc8b7541-2e11-4ed6-b1f7-4e32b8a02f8a,21.927,global_path_length,/plan,1.287952232376291,2.0
cc8b7541-2e11-4ed6-b1f7-4e32b8a02f8a,22.956000000000003,global_path_length,/plan,1.1297200141188193,2.0
cc8b7541-2e11-4ed6-b1f7-4e32b8a02f8a,23.976000000000003,global_path_length,/plan,0.9243329161693004,2.0
cc8b7541-2e11-4ed6-b1f7-4e32b8a02f8a,25.005000000000003,global_path_length,/plan,0.7865620829215356,2.0
cc8b7541-2e11-4ed6-b1f7-4e32b8a02f8a,26.025000000000002,global_path_length,/plan,0.6343742301183264,2.0
cc8b7541-2e11-4ed6-b1f7-4e32b8a02f8a,27.057000000000002,global_path_length,/plan,0.4748208791011117,2.0
cc8b7541-2e11-4ed6-b1f7-4e32b8a02f8a,28.077,global_path_length,/plan,0.3781311466139238,2.0
cc8b7541-2e11-4ed6-b1f7-4e32b8a02f8a,9.072000000000001,measured_angular,/odom,-2.1520146017639738e-20,0.5
cc8b7541-2e11-4ed6-b1f7-4e32b8a02f8a,9.111,measured_angular,/odom,-7.070905120081631e-20,0.5
cc8b7541-2e11-4ed6-b1f7-4e32b8a02f8a,9.144,measured_angular,/odom,-3.6891678887382416e-20,0.5
cc8b7541-2e11-4ed6-b1f7-4e32b8a02f8a,9.18,measured_angular,/odom,-1.2604656953188992e-19,0.5
cc8b7541-2e11-4ed6-b1f7-4e32b8a02f8a,9.216000000000001,measured_angular,/odom,-1.5371532869742672e-20,0.5
cc8b7541-2e11-4ed6-b1f7-4e32b8a02f8a,9.252,measured_angular,/odom,-6.14861314789707e-20,0.5
cc8b7541-2e11-4ed6-b1f7-4e32b8a02f8a,9.288,measured_angular,/odom,1.8445839443691208e-20,0.5
cc8b7541-2e11-4ed6-b1f7-4e32b8a02f8a,9.324,measured_angular,/odom,-1.8445839443691208e-20,0.5
cc8b7541-2e11-4ed6-b1f7-4e32b8a02f8a,9.360000000000001,measured_angular,/odom,-4.918890518317656e-20,0.5
cc8b7541-2e11-4ed6-b1f7-4e32b8a02f8a,9.396,measured_angular,/odom,4.304029203527949e-20,0.5
cc8b7541-2e11-4ed6-b1f7-4e32b8a02f8a,9.432,measured_angular,/odom,-5.533751833107363e-20,0.5
cc8b7541-2e11-4ed6-b1f7-4e32b8a02f8a,9.468,measured_angular,/odom,-1.4756671554952966e-19,0.5
cc8b7541-2e11-4ed6-b1f7-4e32b8a02f8a,9.504000000000001,measured_angular,/odom,-1.2604656953188992e-19,0.5
cc8b7541-2e11-4ed6-b1f7-4e32b8a02f8a,9.540000000000001,measured_angular,/odom,-1.32195182679787e-19,0.5
cc8b7541-2e11-4ed6-b1f7-4e32b8a02f8a,9.576,measured_angular,/odom,-6.763474462686778e-20,0.5
cc8b7541-2e11-4ed6-b1f7-4e32b8a02f8a,9.612,measured_angular,/odom,-1.0145211694030167e-19,0.5
cc8b7541-2e11-4ed6-b1f7-4e32b8a02f8a,9.648000000000001,measured_angular,/odom,-1.1682364981004433e-19,0.5
cc8b7541-2e11-4ed6-b1f7-4e32b8a02f8a,9.684000000000001,measured_angular,/odom,-9.83778103663531e-20,0.5
cc8b7541-2e11-4ed6-b1f7-4e32b8a02f8a,9.72,measured_angular,/odom,-2.459445259158828e-20,0.5
cc8b7541-2e11-4ed6-b1f7-4e32b8a02f8a,9.756,measured_angular,/odom,-4.304029203527949e-20,0.5
cc8b7541-2e11-4ed6-b1f7-4e32b8a02f8a,9.792,measured_angular,/odom,-6.763474462686777e-20,0.5
cc8b7541-2e11-4ed6-b1f7-4e32b8a02f8a,9.828000000000001,measured_angular,/odom,-5.841182490502217e-20,0.5
cc8b7541-2e11-4ed6-b1f7-4e32b8a02f8a,9.864,measured_angular,/odom,-5.2263211757125094e-20,0.5
cc8b7541-2e11-4ed6-b1f7-4e32b8a02f8a,9.9,measured_angular,/odom,-3.0743065739485344e-20,0.5
cc8b7541-2e11-4ed6-b1f7-4e32b8a02f8a,9.936,measured_angular,/odom,-7.993197092266191e-20,0.5
cc8b7541-2e11-4ed6-b1f7-4e32b8a02f8a,9.972000000000001,measured_angular,/odom,-6.148613147897065e-21,0.5
cc8b7541-2e11-4ed6-b1f7-4e32b8a02f8a,10.011000000000001,measured_angular,/odom,-2.459445259158828e-20,0.5
cc8b7541-2e11-4ed6-b1f7-4e32b8a02f8a,10.044,measured_angular,/odom,-9.222919721845604e-20,0.5
cc8b7541-2e11-4ed6-b1f7-4e32b8a02f8a,10.08,measured_angular,/odom,-1.3526948925373556e-19,0.5
cc8b7541-2e11-4ed6-b1f7-4e32b8a02f8a,10.116000000000001,measured_angular,/odom,-5.533751833107363e-20,0.5
cc8b7541-2e11-4ed6-b1f7-4e32b8a02f8a,10.152000000000001,measured_angular,/odom,2.407412430484045e-36,0.5
cc8b7541-2e11-4ed6-b1f7-4e32b8a02f8a,10.188,measured_angular,/odom,-7.993197092266191e-20,0.5
cc8b7541-2e11-4ed6-b1f7-4e32b8a02f8a,10.224,measured_angular,/odom,-9.222919721845609e-21,0.5
cc8b7541-2e11-4ed6-b1f7-4e32b8a02f8a,10.26,measured_angular,/odom,-7.070905120081631e-20,0.5
cc8b7541-2e11-4ed6-b1f7-4e32b8a02f8a,10.296000000000001,measured_angular,/odom,-1.229722629579414e-20,0.5
cc8b7541-2e11-4ed6-b1f7-4e32b8a02f8a,10.332,measured_angular,/odom,-7.993197092266191e-20,0.5
cc8b7541-2e11-4ed6-b1f7-4e32b8a02f8a,10.368,measured_angular,/odom,-1.0452642351425018e-19,0.5
cc8b7541-2e11-4ed6-b1f7-4e32b8a02f8a,10.404,measured_angular,/odom,-1.4141810240163262e-19,0.5
cc8b7541-2e11-4ed6-b1f7-4e32b8a02f8a,10.440000000000001,measured_angular,/odom,-5.2263211757125094e-20,0.5
cc8b7541-2e11-4ed6-b1f7-4e32b8a02f8a,10.476,measured_angular,/odom,-6.763474462686778e-20,0.5
cc8b7541-2e11-4ed6-b1f7-4e32b8a02f8a,10.512,measured_angular,/odom,-1.2297226295794142e-20,0.5
cc8b7541-2e11-4ed6-b1f7-4e32b8a02f8a,10.548,measured_angular,/odom,-9.530350379240459e-20,0.5
cc8b7541-2e11-4ed6-b1f7-4e32b8a02f8a,10.584000000000001,measured_angular,/odom,-1.8445839443691214e-20,0.5
cc8b7541-2e11-4ed6-b1f7-4e32b8a02f8a,10.620000000000001,measured_angular,/odom,-1.5371532869742675e-20,0.5
cc8b7541-2e11-4ed6-b1f7-4e32b8a02f8a,10.656,measured_angular,/odom,-1.1682364981004433e-19,0.5
cc8b7541-2e11-4ed6-b1f7-4e32b8a02f8a,10.692,measured_angular,/odom,-1.3526948925373556e-19,0.5
cc8b7541-2e11-4ed6-b1f7-4e32b8a02f8a,10.728000000000002,measured_angular,/odom,-1.0760073008819872e-19,0.5
cc8b7541-2e11-4ed6-b1f7-4e32b8a02f8a,10.764000000000001,measured_angular,/odom,0.006626226473762473,0.5
cc8b7541-2e11-4ed6-b1f7-4e32b8a02f8a,10.8,measured_angular,/odom,0.006626226473533189,0.5
cc8b7541-2e11-4ed6-b1f7-4e32b8a02f8a,10.836,measured_angular,/odom,0.009938027792772105,0.5
cc8b7541-2e11-4ed6-b1f7-4e32b8a02f8a,10.872,measured_angular,/odom,-0.01234638845153779,0.5
cc8b7541-2e11-4ed6-b1f7-4e32b8a02f8a,10.908000000000001,measured_angular,/odom,-0.037652856538571575,0.5
cc8b7541-2e11-4ed6-b1f7-4e32b8a02f8a,10.944,measured_angular,/odom,-0.04555108025629627,0.5
cc8b7541-2e11-4ed6-b1f7-4e32b8a02f8a,10.98,measured_angular,/odom,-0.05947983864370186,0.5
cc8b7541-2e11-4ed6-b1f7-4e32b8a02f8a,11.016,measured_angular,/odom,-0.05658875481720497,0.5
cc8b7541-2e11-4ed6-b1f7-4e32b8a02f8a,11.052000000000001,measured_angular,/odom,-0.055557936429986424,0.5
cc8b7541-2e11-4ed6-b1f7-4e32b8a02f8a,11.088000000000001,measured_angular,/odom,-0.04945736352982216,0.5
cc8b7541-2e11-4ed6-b1f7-4e32b8a02f8a,11.124,measured_angular,/odom,-0.03779780866114884,0.5
cc8b7541-2e11-4ed6-b1f7-4e32b8a02f8a,11.16,measured_angular,/odom,-0.039477437730022616,0.5
cc8b7541-2e11-4ed6-b1f7-4e32b8a02f8a,11.196000000000002,measured_angular,/odom,-0.03947743773472994,0.5
cc8b7541-2e11-4ed6-b1f7-4e32b8a02f8a,11.232000000000001,measured_angular,/odom,-0.040294036266632124,0.5
cc8b7541-2e11-4ed6-b1f7-4e32b8a02f8a,11.268,measured_angular,/odom,-0.03941434547615481,0.5
cc8b7541-2e11-4ed6-b1f7-4e32b8a02f8a,11.304,measured_angular,/odom,-0.041533023119014426,0.5
cc8b7541-2e11-4ed6-b1f7-4e32b8a02f8a,11.34,measured_angular,/odom,-0.04153302311905391,0.5
cc8b7541-2e11-4ed6-b1f7-4e32b8a02f8a,11.376000000000001,measured_angular,/odom,-0.044819441426303286,0.5
cc8b7541-2e11-4ed6-b1f7-4e32b8a02f8a,11.412,measured_angular,/odom,-0.04228295386792337,0.5
cc8b7541-2e11-4ed6-b1f7-4e32b8a02f8a,11.448,measured_angular,/odom,-0.04228295385847487,0.5
cc8b7541-2e11-4ed6-b1f7-4e32b8a02f8a,11.484,measured_angular,/odom,-0.042898640036660475,0.5
cc8b7541-2e11-4ed6-b1f7-4e32b8a02f8a,11.520000000000001,measured_angular,/odom,-0.04543302952537105,0.5
cc8b7541-2e11-4ed6-b1f7-4e32b8a02f8a,11.556000000000001,measured_angular,/odom,-0.045999172327715276,0.5
cc8b7541-2e11-4ed6-b1f7-4e32b8a02f8a,11.592,measured_angular,/odom,-0.04614070802935064,0.5
cc8b7541-2e11-4ed6-b1f7-4e32b8a02f8a,11.628,measured_angular,/odom,-0.05271894063028485,0.5
cc8b7541-2e11-4ed6-b1f7-4e32b8a02f8a,11.664000000000001,measured_angular,/odom,-0.05059275403627628,0.5
cc8b7541-2e11-4ed6-b1f7-4e32b8a02f8a,11.700000000000001,measured_angular,/odom,-0.05059275403628757,0.5
cc8b7541-2e11-4ed6-b1f7-4e32b8a02f8a,11.736,measured_angular,/odom,-0.05444141699490168,0.5
cc8b7541-2e11-4ed6-b1f7-4e32b8a02f8a,11.772,measured_angular,/odom,-0.05115597323841649,0.5
cc8b7541-2e11-4ed6-b1f7-4e32b8a02f8a,11.808000000000002,measured_angular,/odom,-0.04456657071425935,0.5
cc8b7541-2e11-4ed6-b1f7-4e32b8a02f8a,11.844000000000001,measured_angular,/odom,-0.04366922006029244,0.5
cc8b7541-2e11-4ed6-b1f7-4e32b8a02f8a,11.88,measured_angular,/odom,-0.04403159767308653,0.5
cc8b7541-2e11-4ed6-b1f7-4e32b8a02f8a,11.916,measured_angular,/odom,-0.04147924036700779,0.5
cc8b7541-2e11-4ed6-b1f7-4e32b8a02f8a,11.952,measured_angular,/odom,-0.04084115102900387,0.5
cc8b7541-2e11-4ed6-b1f7-4e32b8a02f8a,11.988000000000001,measured_angular,/odom,-0.0404360670609216,0.5
cc8b7541-2e11-4ed6-b1f7-4e32b8a02f8a,12.024000000000001,measured_angular,/odom,-0.041595179587672095,0.5
cc8b7541-2e11-4ed6-b1f7-4e32b8a02f8a,12.06,measured_angular,/odom,-0.03231871289632174,0.5
cc8b7541-2e11-4ed6-b1f7-4e32b8a02f8a,12.096,measured_angular,/odom,-0.03195466101186139,0.5
cc8b7541-2e11-4ed6-b1f7-4e32b8a02f8a,12.132000000000001,measured_angular,/odom,-0.03195330128053785,0.5
cc8b7541-2e11-4ed6-b1f7-4e32b8a02f8a,12.168000000000001,measured_angular,/odom,-0.03491632415956357,0.5
cc8b7541-2e11-4ed6-b1f7-4e32b8a02f8a,12.204,measured_angular,/odom,-0.04210124164576195,0.5
cc8b7541-2e11-4ed6-b1f7-4e32b8a02f8a,12.24,measured_angular,/odom,-0.04210124164824094,0.5
cc8b7541-2e11-4ed6-b1f7-4e32b8a02f8a,12.276000000000002,measured_angular,/odom,-0.03702644382111222,0.5
cc8b7541-2e11-4ed6-b1f7-4e32b8a02f8a,12.312000000000001,measured_angular,/odom,-0.0369495078884456,0.5
cc8b7541-2e11-4ed6-b1f7-4e32b8a02f8a,12.348,measured_angular,/odom,-0.03694950789224951,0.5
cc8b7541-2e11-4ed6-b1f7-4e32b8a02f8a,12.384,measured_angular,/odom,-0.04272868111732096,0.5
cc8b7541-2e11-4ed6-b1f7-4e32b8a02f8a,12.42,measured_angular,/odom,-0.03149191526819898,0.5
cc8b7541-2e11-4ed6-b1f7-4e32b8a02f8a,12.456000000000001,measured_angular,/odom,-0.03332367389530245,0.5
cc8b7541-2e11-4ed6-b1f7-4e32b8a02f8a,12.492,measured_angular,/odom,-0.03392707929026134,0.5
cc8b7541-2e11-4ed6-b1f7-4e32b8a02f8a,12.528,measured_angular,/odom,-0.03743993489832387,0.5
cc8b7541-2e11-4ed6-b1f7-4e32b8a02f8a,12.564,measured_angular,/odom,-0.03513627126826364,0.5
cc8b7541-2e11-4ed6-b1f7-4e32b8a02f8a,12.600000000000001,measured_angular,/odom,-0.03513627126822817,0.5
cc8b7541-2e11-4ed6-b1f7-4e32b8a02f8a,12.636000000000001,measured_angular,/odom,-0.0363499797837487,0.5
cc8b7541-2e11-4ed6-b1f7-4e32b8a02f8a,12.672,measured_angular,/odom,-0.03294049576969438,0.5
cc8b7541-2e11-4ed6-b1f7-4e32b8a02f8a,12.711,measured_angular,/odom,-0.03136548419074815,0.5
cc8b7541-2e11-4ed6-b1f7-4e32b8a02f8a,12.744000000000002,measured_angular,/odom,-0.031190482899650724,0.5
cc8b7541-2e11-4ed6-b1f7-4e32b8a02f8a,12.780000000000001,measured_angular,/odom,-0.03027413599468141,0.5
cc8b7541-2e11-4ed6-b1f7-4e32b8a02f8a,12.816,measured_angular,/odom,-0.024985807692392142,0.5
cc8b7541-2e11-4ed6-b1f7-4e32b8a02f8a,12.852,measured_angular,/odom,-0.023576524108761925,0.5
cc8b7541-2e11-4ed6-b1f7-4e32b8a02f8a,12.888000000000002,measured_angular,/odom,-0.017638224853229377,0.5
cc8b7541-2e11-4ed6-b1f7-4e32b8a02f8a,12.924000000000001,measured_angular,/odom,-0.017944570630855857,0.5
cc8b7541-2e11-4ed6-b1f7-4e32b8a02f8a,12.96,measured_angular,/odom,-0.01947814970757366,0.5
cc8b7541-2e11-4ed6-b1f7-4e32b8a02f8a,12.996,measured_angular,/odom,-0.019478149712125442,0.5
cc8b7541-2e11-4ed6-b1f7-4e32b8a02f8a,13.032,measured_angular,/odom,-0.012556363294732212,0.5
cc8b7541-2e11-4ed6-b1f7-4e32b8a02f8a,13.068000000000001,measured_angular,/odom,-0.016722627063831548,0.5
cc8b7541-2e11-4ed6-b1f7-4e32b8a02f8a,13.104000000000001,measured_angular,/odom,-0.021295290440444977,0.5
cc8b7541-2e11-4ed6-b1f7-4e32b8a02f8a,13.14,measured_angular,/odom,-0.021295290440335374,0.5
cc8b7541-2e11-4ed6-b1f7-4e32b8a02f8a,13.176,measured_angular,/odom,-0.018602422634247672,0.5
cc8b7541-2e11-4ed6-b1f7-4e32b8a02f8a,13.212000000000002,measured_angular,/odom,-0.01282375214211022,0.5
cc8b7541-2e11-4ed6-b1f7-4e32b8a02f8a,13.248000000000001,measured_angular,/odom,-0.012823752127655403,0.5
cc8b7541-2e11-4ed6-b1f7-4e32b8a02f8a,13.284,measured_angular,/odom,-0.011013351380918138,0.5
cc8b7541-2e11-4ed6-b1f7-4e32b8a02f8a,13.32,measured_angular,/odom,-0.004468916566722205,0.5
cc8b7541-2e11-4ed6-b1f7-4e32b8a02f8a,13.356000000000002,measured_angular,/odom,-0.011619590935777609,0.5
cc8b7541-2e11-4ed6-b1f7-4e32b8a02f8a,13.392000000000001,measured_angular,/odom,-0.01385294832289978,0.5
cc8b7541-2e11-4ed6-b1f7-4e32b8a02f8a,13.428,measured_angular,/odom,-0.006090995420317107,0.5
cc8b7541-2e11-4ed6-b1f7-4e32b8a02f8a,13.464,measured_angular,/odom,-0.01173880696048618,0.5
cc8b7541-2e11-4ed6-b1f7-4e32b8a02f8a,13.5,measured_angular,/odom,-0.011738806962949046,0.5
cc8b7541-2e11-4ed6-b1f7-4e32b8a02f8a,13.536000000000001,measured_angular,/odom,-0.009773020452767293,0.5
cc8b7541-2e11-4ed6-b1f7-4e32b8a02f8a,13.572000000000001,measured_angular,/odom,-0.01112526840922781,0.5
cc8b7541-2e11-4ed6-b1f7-4e32b8a02f8a,13.608,measured_angular,/odom,-0.020024911186845445,0.5
cc8b7541-2e11-4ed6-b1f7-4e32b8a02f8a,13.644,measured_angular,/odom,-0.02149982191618596,0.5
cc8b7541-2e11-4ed6-b1f7-4e32b8a02f8a,13.680000000000001,measured_angular,/odom,-0.011312891112728643,0.5
cc8b7541-2e11-4ed6-b1f7-4e32b8a02f8a,13.716000000000001,measured_angular,/odom,-0.0011123899901997441,0.5
cc8b7541-2e11-4ed6-b1f7-4e32b8a02f8a,13.752,measured_angular,/odom,0.0023778011089204383,0.5
cc8b7541-2e11-4ed6-b1f7-4e32b8a02f8a,13.788,measured_angular,/odom,0.006844824072785212,0.5
cc8b7541-2e11-4ed6-b1f7-4e32b8a02f8a,13.824000000000002,measured_angular,/odom,-0.006408403967253065,0.5
cc8b7541-2e11-4ed6-b1f7-4e32b8a02f8a,13.860000000000001,measured_angular,/odom,-0.0015257237389154502,0.5
cc8b7541-2e11-4ed6-b1f7-4e32b8a02f8a,13.896,measured_angular,/odom,-0.0015257237246089179,0.5
cc8b7541-2e11-4ed6-b1f7-4e32b8a02f8a,13.932,measured_angular,/odom,-0.00794772795639508,0.5
cc8b7541-2e11-4ed6-b1f7-4e32b8a02f8a,13.968000000000002,measured_angular,/odom,9.949250746404557e-05,0.5
cc8b7541-2e11-4ed6-b1f7-4e32b8a02f8a,14.004000000000001,measured_angular,/odom,0.0011870209126186395,0.5
cc8b7541-2e11-4ed6-b1f7-4e32b8a02f8a,14.040000000000001,measured_angular,/odom,0.0011870209127475852,0.5
cc8b7541-2e11-4ed6-b1f7-4e32b8a02f8a,14.076,measured_angular,/odom,0.003779101735353062,0.5
cc8b7541-2e11-4ed6-b1f7-4e32b8a02f8a,14.112,measured_angular,/odom,0.0018747971696648827,0.5
cc8b7541-2e11-4ed6-b1f7-4e32b8a02f8a,14.148000000000001,measured_angular,/odom,0.0018747971625922076,0.5
cc8b7541-2e11-4ed6-b1f7-4e32b8a02f8a,14.184000000000001,measured_angular,/odom,0.0032721618191240724,0.5
cc8b7541-2e11-4ed6-b1f7-4e32b8a02f8a,14.22,measured_angular,/odom,-0.002869375865430599,0.5
cc8b7541-2e11-4ed6-b1f7-4e32b8a02f8a,14.256,measured_angular,/odom,-0.0034740326903692728,0.5
cc8b7541-2e11-4ed6-b1f7-4e32b8a02f8a,14.292000000000002,measured_angular,/odom,-0.0036212652921732923,0.5
cc8b7541-2e11-4ed6-b1f7-4e32b8a02f8a,14.328000000000001,measured_angular,/odom,0.0027671222319181443,0.5
cc8b7541-2e11-4ed6-b1f7-4e32b8a02f8a,14.364,measured_angular,/odom,0.006500026676678937,0.5
cc8b7541-2e11-4ed6-b1f7-4e32b8a02f8a,14.4,measured_angular,/odom,0.006500026676730515,0.5
cc8b7541-2e11-4ed6-b1f7-4e32b8a02f8a,14.436000000000002,measured_angular,/odom,0.006887504922709344,0.5
cc8b7541-2e11-4ed6-b1f7-4e32b8a02f8a,14.472000000000001,measured_angular,/odom,0.006115255413744079,0.5
cc8b7541-2e11-4ed6-b1f7-4e32b8a02f8a,14.508000000000001,measured_angular,/odom,0.00914058139490713,0.5
cc8b7541-2e11-4ed6-b1f7-4e32b8a02f8a,14.544,measured_angular,/odom,0.009476728737337094,0.5
cc8b7541-2e11-4ed6-b1f7-4e32b8a02f8a,14.58,measured_angular,/odom,0.011169540690797073,0.5
cc8b7541-2e11-4ed6-b1f7-4e32b8a02f8a,14.616000000000001,measured_angular,/odom,0.009938576635951098,0.5
cc8b7541-2e11-4ed6-b1f7-4e32b8a02f8a,14.652000000000001,measured_angular,/odom,0.009630835615234626,0.5
cc8b7541-2e11-4ed6-b1f7-4e32b8a02f8a,14.688,measured_angular,/odom,0.003710860876538246,0.5
cc8b7541-2e11-4ed6-b1f7-4e32b8a02f8a,14.724,measured_angular,/odom,0.006275497376983676,0.5
cc8b7541-2e11-4ed6-b1f7-4e32b8a02f8a,14.760000000000002,measured_angular,/odom,0.007292647843147447,0.5
cc8b7541-2e11-4ed6-b1f7-4e32b8a02f8a,14.796000000000001,measured_angular,/odom,0.00729264784608741,0.5
cc8b7541-2e11-4ed6-b1f7-4e32b8a02f8a,14.832,measured_angular,/odom,0.006536643954529924,0.5
cc8b7541-2e11-4ed6-b1f7-4e32b8a02f8a,14.868,measured_angular,/odom,0.016080827508589662,0.5
cc8b7541-2e11-4ed6-b1f7-4e32b8a02f8a,14.904000000000002,measured_angular,/odom,0.0280164889868831,0.5
cc8b7541-2e11-4ed6-b1f7-4e32b8a02f8a,14.940000000000001,measured_angular,/odom,0.028016488999068473,0.5
cc8b7541-2e11-4ed6-b1f7-4e32b8a02f8a,14.976,measured_angular,/odom,0.03179922624110624,0.5
cc8b7541-2e11-4ed6-b1f7-4e32b8a02f8a,15.012,measured_angular,/odom,0.026272755419188533,0.5
cc8b7541-2e11-4ed6-b1f7-4e32b8a02f8a,15.048000000000002,measured_angular,/odom,0.026220293715695092,0.5
cc8b7541-2e11-4ed6-b1f7-4e32b8a02f8a,15.084000000000001,measured_angular,/odom,0.01758918725715243,0.5
cc8b7541-2e11-4ed6-b1f7-4e32b8a02f8a,15.120000000000001,measured_angular,/odom,0.015675144275705852,0.5
cc8b7541-2e11-4ed6-b1f7-4e32b8a02f8a,15.156,measured_angular,/odom,0.014723655957554125,0.5
cc8b7541-2e11-4ed6-b1f7-4e32b8a02f8a,15.192,measured_angular,/odom,0.01448578387507623,0.5
cc8b7541-2e11-4ed6-b1f7-4e32b8a02f8a,15.228000000000002,measured_angular,/odom,0.017013066812886075,0.5
cc8b7541-2e11-4ed6-b1f7-4e32b8a02f8a,15.264000000000001,measured_angular,/odom,0.028285000459018494,0.5
cc8b7541-2e11-4ed6-b1f7-4e32b8a02f8a,15.3,measured_angular,/odom,0.028285000473266996,0.5
cc8b7541-2e11-4ed6-b1f7-4e32b8a02f8a,15.336,measured_angular,/odom,0.026357925689844,0.5
cc8b7541-2e11-4ed6-b1f7-4e32b8a02f8a,15.372000000000002,measured_angular,/odom,0.031831528974971234,0.5
cc8b7541-2e11-4ed6-b1f7-4e32b8a02f8a,15.408000000000001,measured_angular,/odom,0.0329026255719598,0.5
cc8b7541-2e11-4ed6-b1f7-4e32b8a02f8a,15.444,measured_angular,/odom,0.0330216363073082,0.5
cc8b7541-2e11-4ed6-b1f7-4e32b8a02f8a,15.48,measured_angular,/odom,0.039906025187775904,0.5
cc8b7541-2e11-4ed6-b1f7-4e32b8a02f8a,15.516000000000002,measured_angular,/odom,0.03577436955279865,0.5
cc8b7541-2e11-4ed6-b1f7-4e32b8a02f8a,15.552000000000001,measured_angular,/odom,0.03471688926224063,0.5
cc8b7541-2e11-4ed6-b1f7-4e32b8a02f8a,15.588000000000001,measured_angular,/odom,0.0317422088330961,0.5
cc8b7541-2e11-4ed6-b1f7-4e32b8a02f8a,15.624,measured_angular,/odom,0.02921850234283836,0.5
cc8b7541-2e11-4ed6-b1f7-4e32b8a02f8a,15.66,measured_angular,/odom,0.03276862575621252,0.5
cc8b7541-2e11-4ed6-b1f7-4e32b8a02f8a,15.696000000000002,measured_angular,/odom,0.03276862576614135,0.5
cc8b7541-2e11-4ed6-b1f7-4e32b8a02f8a,15.732000000000001,measured_angular,/odom,0.029716892176590248,0.5
cc8b7541-2e11-4ed6-b1f7-4e32b8a02f8a,15.768,measured_angular,/odom,0.02827081103337422,0.5
cc8b7541-2e11-4ed6-b1f7-4e32b8a02f8a,15.804,measured_angular,/odom,0.029301997274029296,0.5
cc8b7541-2e11-4ed6-b1f7-4e32b8a02f8a,15.840000000000002,measured_angular,/odom,0.029301997274119557,0.5
cc8b7541-2e11-4ed6-b1f7-4e32b8a02f8a,15.876000000000001,measured_angular,/odom,0.030571904029081897,0.5
cc8b7541-2e11-4ed6-b1f7-4e32b8a02f8a,15.912,measured_angular,/odom,0.023885600014726293,0.5
cc8b7541-2e11-4ed6-b1f7-4e32b8a02f8a,15.948,measured_angular,/odom,0.02377406880274066,0.5
cc8b7541-2e11-4ed6-b1f7-4e32b8a02f8a,15.984000000000002,measured_angular,/odom,0.024450941011313614,0.5
cc8b7541-2e11-4ed6-b1f7-4e32b8a02f8a,16.02,measured_angular,/odom,0.028808448452047452,0.5
cc8b7541-2e11-4ed6-b1f7-4e32b8a02f8a,16.056,measured_angular,/odom,0.03612868214530447,0.5
cc8b7541-2e11-4ed6-b1f7-4e32b8a02f8a,16.092000000000002,measured_angular,/odom,0.03840878233321031,0.5
cc8b7541-2e11-4ed6-b1f7-4e32b8a02f8a,16.128,measured_angular,/odom,0.033968475847568715,0.5
cc8b7541-2e11-4ed6-b1f7-4e32b8a02f8a,16.164,measured_angular,/odom,0.029143918305801864,0.5
cc8b7541-2e11-4ed6-b1f7-4e32b8a02f8a,16.2,measured_angular,/odom,0.02914391830578897,0.5
cc8b7541-2e11-4ed6-b1f7-4e32b8a02f8a,16.236,measured_angular,/odom,0.027134058631718617,0.5
cc8b7541-2e11-4ed6-b1f7-4e32b8a02f8a,16.272000000000002,measured_angular,/odom,0.023893624551845738,0.5
cc8b7541-2e11-4ed6-b1f7-4e32b8a02f8a,16.308,measured_angular,/odom,0.024102620593495584,0.5
cc8b7541-2e11-4ed6-b1f7-4e32b8a02f8a,16.344,measured_angular,/odom,0.02412584237763759,0.5
cc8b7541-2e11-4ed6-b1f7-4e32b8a02f8a,16.380000000000003,measured_angular,/odom,0.030867976950275273,0.5
cc8b7541-2e11-4ed6-b1f7-4e32b8a02f8a,16.416,measured_angular,/odom,0.03637300662074479,0.5
cc8b7541-2e11-4ed6-b1f7-4e32b8a02f8a,16.452,measured_angular,/odom,0.03783982247117564,0.5
cc8b7541-2e11-4ed6-b1f7-4e32b8a02f8a,16.488,measured_angular,/odom,0.0299414691822981,0.5
cc8b7541-2e11-4ed6-b1f7-4e32b8a02f8a,16.524,measured_angular,/odom,0.025558741763335606,0.5
cc8b7541-2e11-4ed6-b1f7-4e32b8a02f8a,16.560000000000002,measured_angular,/odom,0.029477996740855782,0.5
cc8b7541-2e11-4ed6-b1f7-4e32b8a02f8a,16.596,measured_angular,/odom,0.02947799675177749,0.5
cc8b7541-2e11-4ed6-b1f7-4e32b8a02f8a,16.632,measured_angular,/odom,0.023081862112116016,0.5
cc8b7541-2e11-4ed6-b1f7-4e32b8a02f8a,16.668000000000003,measured_angular,/odom,0.026693627598856108,0.5
cc8b7541-2e11-4ed6-b1f7-4e32b8a02f8a,16.704,measured_angular,/odom,0.03243038803330061,0.5
cc8b7541-2e11-4ed6-b1f7-4e32b8a02f8a,16.740000000000002,measured_angular,/odom,0.03243038803357139,0.5
cc8b7541-2e11-4ed6-b1f7-4e32b8a02f8a,16.776,measured_angular,/odom,0.0356394007687982,0.5
cc8b7541-2e11-4ed6-b1f7-4e32b8a02f8a,16.812,measured_angular,/odom,0.04881150652056521,0.5
cc8b7541-2e11-4ed6-b1f7-4e32b8a02f8a,16.848000000000003,measured_angular,/odom,0.04965396970504171,0.5
cc8b7541-2e11-4ed6-b1f7-4e32b8a02f8a,16.884,measured_angular,/odom,0.06706221833419572,0.5
cc8b7541-2e11-4ed6-b1f7-4e32b8a02f8a,16.92,measured_angular,/odom,0.07510044003938025,0.5
cc8b7541-2e11-4ed6-b1f7-4e32b8a02f8a,16.956,measured_angular,/odom,0.07500492930498336,0.5
cc8b7541-2e11-4ed6-b1f7-4e32b8a02f8a,16.992,measured_angular,/odom,0.07494115829467586,0.5
cc8b7541-2e11-4ed6-b1f7-4e32b8a02f8a,17.028000000000002,measured_angular,/odom,0.06855509106737176,0.5
cc8b7541-2e11-4ed6-b1f7-4e32b8a02f8a,17.064,measured_angular,/odom,0.06416004896189523,0.5
cc8b7541-2e11-4ed6-b1f7-4e32b8a02f8a,17.1,measured_angular,/odom,0.06416004896189523,0.5
cc8b7541-2e11-4ed6-b1f7-4e32b8a02f8a,17.136000000000003,measured_angular,/odom,0.061784458168593535,0.5
cc8b7541-2e11-4ed6-b1f7-4e32b8a02f8a,17.172,measured_angular,/odom,0.05531061814869359,0.5
cc8b7541-2e11-4ed6-b1f7-4e32b8a02f8a,17.208000000000002,measured_angular,/odom,0.060441935419357926,0.5
cc8b7541-2e11-4ed6-b1f7-4e32b8a02f8a,17.244,measured_angular,/odom,0.061012081802089745,0.5
cc8b7541-2e11-4ed6-b1f7-4e32b8a02f8a,17.28,measured_angular,/odom,0.057513233283962815,0.5
cc8b7541-2e11-4ed6-b1f7-4e32b8a02f8a,17.316000000000003,measured_angular,/odom,0.05237569671618607,0.5
cc8b7541-2e11-4ed6-b1f7-4e32b8a02f8a,17.352,measured_angular,/odom,0.051031038165387746,0.5
cc8b7541-2e11-4ed6-b1f7-4e32b8a02f8a,17.388,measured_angular,/odom,0.047797598327427825,0.5
cc8b7541-2e11-4ed6-b1f7-4e32b8a02f8a,17.424,measured_angular,/odom,0.05388144776103252,0.5
cc8b7541-2e11-4ed6-b1f7-4e32b8a02f8a,17.46,measured_angular,/odom,0.05281190201937145,0.5
cc8b7541-2e11-4ed6-b1f7-4e32b8a02f8a,17.496000000000002,measured_angular,/odom,0.05281190201645728,0.5
cc8b7541-2e11-4ed6-b1f7-4e32b8a02f8a,17.532,measured_angular,/odom,0.05775734780847954,0.5
cc8b7541-2e11-4ed6-b1f7-4e32b8a02f8a,17.568,measured_angular,/odom,0.054310806479078835,0.5
cc8b7541-2e11-4ed6-b1f7-4e32b8a02f8a,17.604000000000003,measured_angular,/odom,0.056544885039322215,0.5
cc8b7541-2e11-4ed6-b1f7-4e32b8a02f8a,17.64,measured_angular,/odom,0.05654488503929642,0.5
cc8b7541-2e11-4ed6-b1f7-4e32b8a02f8a,17.676000000000002,measured_angular,/odom,0.05555119812829908,0.5
cc8b7541-2e11-4ed6-b1f7-4e32b8a02f8a,17.712,measured_angular,/odom,0.053803328429226485,0.5
cc8b7541-2e11-4ed6-b1f7-4e32b8a02f8a,17.748,measured_angular,/odom,0.05380332842468759,0.5
cc8b7541-2e11-4ed6-b1f7-4e32b8a02f8a,17.784000000000002,measured_angular,/odom,0.05399128794675991,0.5
cc8b7541-2e11-4ed6-b1f7-4e32b8a02f8a,17.82,measured_angular,/odom,0.04915249349076456,0.5
cc8b7541-2e11-4ed6-b1f7-4e32b8a02f8a,17.856,measured_angular,/odom,0.043113825962763495,0.5
cc8b7541-2e11-4ed6-b1f7-4e32b8a02f8a,17.892,measured_angular,/odom,0.041382968425843505,0.5
cc8b7541-2e11-4ed6-b1f7-4e32b8a02f8a,17.928,measured_angular,/odom,0.04380636437954327,0.5
cc8b7541-2e11-4ed6-b1f7-4e32b8a02f8a,17.964000000000002,measured_angular,/odom,0.041563510895139245,0.5
cc8b7541-2e11-4ed6-b1f7-4e32b8a02f8a,18.0,measured_angular,/odom,0.041563510895139245,0.5
cc8b7541-2e11-4ed6-b1f7-4e32b8a02f8a,18.036,measured_angular,/odom,0.04846562805404701,0.5
cc8b7541-2e11-4ed6-b1f7-4e32b8a02f8a,18.072000000000003,measured_angular,/odom,0.04654680938694629,0.5
cc8b7541-2e11-4ed6-b1f7-4e32b8a02f8a,18.108,measured_angular,/odom,0.05038128196037269,0.5
cc8b7541-2e11-4ed6-b1f7-4e32b8a02f8a,18.144000000000002,measured_angular,/odom,0.050807334482735264,0.5
cc8b7541-2e11-4ed6-b1f7-4e32b8a02f8a,18.18,measured_angular,/odom,0.04953993112236096,0.5
cc8b7541-2e11-4ed6-b1f7-4e32b8a02f8a,18.216,measured_angular,/odom,0.03929667245530166,0.5
cc8b7541-2e11-4ed6-b1f7-4e32b8a02f8a,18.252000000000002,measured_angular,/odom,0.03546783328061694,0.5
cc8b7541-2e11-4ed6-b1f7-4e32b8a02f8a,18.288,measured_angular,/odom,0.0371393255836313,0.5
cc8b7541-2e11-4ed6-b1f7-4e32b8a02f8a,18.324,measured_angular,/odom,0.030766194688162597,0.5
cc8b7541-2e11-4ed6-b1f7-4e32b8a02f8a,18.36,measured_angular,/odom,0.02624831722492768,0.5
cc8b7541-2e11-4ed6-b1f7-4e32b8a02f8a,18.396,measured_angular,/odom,0.02624831721211047,0.5
cc8b7541-2e11-4ed6-b1f7-4e32b8a02f8a,18.432000000000002,measured_angular,/odom,0.02426867746402103,0.5
cc8b7541-2e11-4ed6-b1f7-4e32b8a02f8a,18.468,measured_angular,/odom,0.026240045757148035,0.5
cc8b7541-2e11-4ed6-b1f7-4e32b8a02f8a,18.504,measured_angular,/odom,0.02933466248210805,0.5
cc8b7541-2e11-4ed6-b1f7-4e32b8a02f8a,18.540000000000003,measured_angular,/odom,0.029334662482056472,0.5
cc8b7541-2e11-4ed6-b1f7-4e32b8a02f8a,18.576,measured_angular,/odom,0.03333061596867684,0.5
cc8b7541-2e11-4ed6-b1f7-4e32b8a02f8a,18.612000000000002,measured_angular,/odom,0.0337592139858648,0.5
cc8b7541-2e11-4ed6-b1f7-4e32b8a02f8a,18.648,measured_angular,/odom,0.033759213984136935,0.5
cc8b7541-2e11-4ed6-b1f7-4e32b8a02f8a,18.684,measured_angular,/odom,0.03127236291780548,0.5
cc8b7541-2e11-4ed6-b1f7-4e32b8a02f8a,18.720000000000002,measured_angular,/odom,0.02593921685258137,0.5
cc8b7541-2e11-4ed6-b1f7-4e32b8a02f8a,18.756,measured_angular,/odom,0.03202612555674136,0.5
cc8b7541-2e11-4ed6-b1f7-4e32b8a02f8a,18.792,measured_angular,/odom,0.033777657896323594,0.5
cc8b7541-2e11-4ed6-b1f7-4e32b8a02f8a,18.828,measured_angular,/odom,0.0359780248186207,0.5
cc8b7541-2e11-4ed6-b1f7-4e32b8a02f8a,18.864,measured_angular,/odom,0.03069274686289859,0.5
cc8b7541-2e11-4ed6-b1f7-4e32b8a02f8a,18.900000000000002,measured_angular,/odom,0.030692746862847016,0.5
cc8b7541-2e11-4ed6-b1f7-4e32b8a02f8a,18.936,measured_angular,/odom,0.027429756160976104,0.5
cc8b7541-2e11-4ed6-b1f7-4e32b8a02f8a,18.972,measured_angular,/odom,0.018533882434534937,0.5
cc8b7541-2e11-4ed6-b1f7-4e32b8a02f8a,19.011000000000003,measured_angular,/odom,-0.008686782825260067,0.5
cc8b7541-2e11-4ed6-b1f7-4e32b8a02f8a,19.044,measured_angular,/odom,-0.03559264540627942,0.5
cc8b7541-2e11-4ed6-b1f7-4e32b8a02f8a,19.080000000000002,measured_angular,/odom,-0.04559902498752521,0.5
cc8b7541-2e11-4ed6-b1f7-4e32b8a02f8a,19.116,measured_angular,/odom,-0.05048433987686425,0.5
cc8b7541-2e11-4ed6-b1f7-4e32b8a02f8a,19.152,measured_angular,/odom,-0.0515943802891695,0.5
cc8b7541-2e11-4ed6-b1f7-4e32b8a02f8a,19.188000000000002,measured_angular,/odom,-0.041662948337004804,0.5
cc8b7541-2e11-4ed6-b1f7-4e32b8a02f8a,19.224,measured_angular,/odom,-0.029612742377365282,0.5
cc8b7541-2e11-4ed6-b1f7-4e32b8a02f8a,19.26,measured_angular,/odom,-0.024206487477269258,0.5
cc8b7541-2e11-4ed6-b1f7-4e32b8a02f8a,19.296000000000003,measured_angular,/odom,-0.024206487461976282,0.5
cc8b7541-2e11-4ed6-b1f7-4e32b8a02f8a,19.332,measured_angular,/odom,-0.01265339586300753,0.5
cc8b7541-2e11-4ed6-b1f7-4e32b8a02f8a,19.368000000000002,measured_angular,/odom,-0.013000831377615363,0.5
cc8b7541-2e11-4ed6-b1f7-4e32b8a02f8a,19.404,measured_angular,/odom,-0.018222287297257143,0.5
cc8b7541-2e11-4ed6-b1f7-4e32b8a02f8a,19.44,measured_angular,/odom,-0.018222287297153986,0.5
cc8b7541-2e11-4ed6-b1f7-4e32b8a02f8a,19.476000000000003,measured_angular,/odom,-0.017668510975310373,0.5
cc8b7541-2e11-4ed6-b1f7-4e32b8a02f8a,19.512,measured_angular,/odom,-0.02217162957939563,0.5
cc8b7541-2e11-4ed6-b1f7-4e32b8a02f8a,19.548000000000002,measured_angular,/odom,-0.022171629592625464,0.5
cc8b7541-2e11-4ed6-b1f7-4e32b8a02f8a,19.584,measured_angular,/odom,-0.0173687823117673,0.5
cc8b7541-2e11-4ed6-b1f7-4e32b8a02f8a,19.62,measured_angular,/odom,-0.021950572716092225,0.5
cc8b7541-2e11-4ed6-b1f7-4e32b8a02f8a,19.656000000000002,measured_angular,/odom,-0.025865629301765298,0.5
cc8b7541-2e11-4ed6-b1f7-4e32b8a02f8a,19.692,measured_angular,/odom,-0.02684439346205168,0.5
cc8b7541-2e11-4ed6-b1f7-4e32b8a02f8a,19.728,measured_angular,/odom,-0.024853302544358767,0.5
cc8b7541-2e11-4ed6-b1f7-4e32b8a02f8a,19.764000000000003,measured_angular,/odom,-0.024237420409829992,0.5
cc8b7541-2e11-4ed6-b1f7-4e32b8a02f8a,19.8,measured_angular,/odom,-0.02423742040985578,0.5
cc8b7541-2e11-4ed6-b1f7-4e32b8a02f8a,19.836000000000002,measured_angular,/odom,-0.016148022504395426,0.5
cc8b7541-2e11-4ed6-b1f7-4e32b8a02f8a,19.872,measured_angular,/odom,-0.013904099351853622,0.5
cc8b7541-2e11-4ed6-b1f7-4e32b8a02f8a,19.911,measured_angular,/odom,-0.006833026493005427,0.5
cc8b7541-2e11-4ed6-b1f7-4e32b8a02f8a,19.944000000000003,measured_angular,/odom,-0.005815258249880309,0.5
cc8b7541-2e11-4ed6-b1f7-4e32b8a02f8a,19.98,measured_angular,/odom,-0.00639405567019619,0.5
cc8b7541-2e11-4ed6-b1f7-4e32b8a02f8a,20.016000000000002,measured_angular,/odom,-0.009015029100948913,0.5
cc8b7541-2e11-4ed6-b1f7-4e32b8a02f8a,20.052,measured_angular,/odom,-0.009670272469636169,0.5
cc8b7541-2e11-4ed6-b1f7-4e32b8a02f8a,20.088,measured_angular,/odom,-0.015925939635227673,0.5
cc8b7541-2e11-4ed6-b1f7-4e32b8a02f8a,20.124000000000002,measured_angular,/odom,-0.01371160987770648,0.5
cc8b7541-2e11-4ed6-b1f7-4e32b8a02f8a,20.16,measured_angular,/odom,-0.012660669165757385,0.5
cc8b7541-2e11-4ed6-b1f7-4e32b8a02f8a,20.196,measured_angular,/odom,-0.01266066916284321,0.5
cc8b7541-2e11-4ed6-b1f7-4e32b8a02f8a,20.232000000000003,measured_angular,/odom,-0.017288377495267786,0.5
cc8b7541-2e11-4ed6-b1f7-4e32b8a02f8a,20.268,measured_angular,/odom,-0.011003046601137335,0.5
cc8b7541-2e11-4ed6-b1f7-4e32b8a02f8a,20.304000000000002,measured_angular,/odom,-0.011906914413221784,0.5
cc8b7541-2e11-4ed6-b1f7-4e32b8a02f8a,20.34,measured_angular,/odom,-0.011906914413221784,0.5
cc8b7541-2e11-4ed6-b1f7-4e32b8a02f8a,20.376,measured_angular,/odom,-0.015942402169905504,0.5
cc8b7541-2e11-4ed6-b1f7-4e32b8a02f8a,20.412000000000003,measured_angular,/odom,-0.010508176521418134,0.5
cc8b7541-2e11-4ed6-b1f7-4e32b8a02f8a,20.448,measured_angular,/odom,-0.010458943434098944,0.5
cc8b7541-2e11-4ed6-b1f7-4e32b8a02f8a,20.484,measured_angular,/odom,-0.01751084066636821,0.5
cc8b7541-2e11-4ed6-b1f7-4e32b8a02f8a,20.52,measured_angular,/odom,-0.013660621840246731,0.5
cc8b7541-2e11-4ed6-b1f7-4e32b8a02f8a,20.556,measured_angular,/odom,-0.006075488529894451,0.5
cc8b7541-2e11-4ed6-b1f7-4e32b8a02f8a,20.592000000000002,measured_angular,/odom,-0.003681859932950752,0.5
cc8b7541-2e11-4ed6-b1f7-4e32b8a02f8a,20.628,measured_angular,/odom,-0.010625958508059677,0.5
cc8b7541-2e11-4ed6-b1f7-4e32b8a02f8a,20.664,measured_angular,/odom,-0.011965069919725926,0.5
cc8b7541-2e11-4ed6-b1f7-4e32b8a02f8a,20.700000000000003,measured_angular,/odom,-0.011965069919958028,0.5
cc8b7541-2e11-4ed6-b1f7-4e32b8a02f8a,20.736,measured_angular,/odom,-0.012221218644875687,0.5
cc8b7541-2e11-4ed6-b1f7-4e32b8a02f8a,20.772000000000002,measured_angular,/odom,-0.010599118662137698,0.5
cc8b7541-2e11-4ed6-b1f7-4e32b8a02f8a,20.811,measured_angular,/odom,-0.009994026554604438,0.5
cc8b7541-2e11-4ed6-b1f7-4e32b8a02f8a,20.844,measured_angular,/odom,-0.009926794096959648,0.5
cc8b7541-2e11-4ed6-b1f7-4e32b8a02f8a,20.880000000000003,measured_angular,/odom,-0.007311060100515969,0.5
cc8b7541-2e11-4ed6-b1f7-4e32b8a02f8a,20.916,measured_angular,/odom,-0.0033028796457932642,0.5
cc8b7541-2e11-4ed6-b1f7-4e32b8a02f8a,20.952,measured_angular,/odom,-0.0023008345160201553,0.5
cc8b7541-2e11-4ed6-b1f7-4e32b8a02f8a,20.988,measured_angular,/odom,-0.0077327697779666265,0.5
cc8b7541-2e11-4ed6-b1f7-4e32b8a02f8a,21.024,measured_angular,/odom,0.0014453246152360036,0.5
cc8b7541-2e11-4ed6-b1f7-4e32b8a02f8a,21.060000000000002,measured_angular,/odom,0.003666667028357302,0.5
cc8b7541-2e11-4ed6-b1f7-4e32b8a02f8a,21.096,measured_angular,/odom,0.0036666670348561676,0.5
cc8b7541-2e11-4ed6-b1f7-4e32b8a02f8a,21.132,measured_angular,/odom,-0.0003514478042953186,0.5
cc8b7541-2e11-4ed6-b1f7-4e32b8a02f8a,21.168000000000003,measured_angular,/odom,-8.904932506957435e-05,0.5
cc8b7541-2e11-4ed6-b1f7-4e32b8a02f8a,21.204,measured_angular,/odom,-0.0005604278995449468,0.5
cc8b7541-2e11-4ed6-b1f7-4e32b8a02f8a,21.240000000000002,measured_angular,/odom,-0.0005604278995707361,0.5
cc8b7541-2e11-4ed6-b1f7-4e32b8a02f8a,21.276,measured_angular,/odom,0.005888065189915826,0.5
cc8b7541-2e11-4ed6-b1f7-4e32b8a02f8a,21.312,measured_angular,/odom,0.004267791295638818,0.5
cc8b7541-2e11-4ed6-b1f7-4e32b8a02f8a,21.348000000000003,measured_angular,/odom,0.004267791285993675,0.5
cc8b7541-2e11-4ed6-b1f7-4e32b8a02f8a,21.384,measured_angular,/odom,-0.0006394942173429897,0.5
cc8b7541-2e11-4ed6-b1f7-4e32b8a02f8a,21.42,measured_angular,/odom,-0.004272901908874816,0.5
cc8b7541-2e11-4ed6-b1f7-4e32b8a02f8a,21.456000000000003,measured_angular,/odom,-0.004018564802537176,0.5
cc8b7541-2e11-4ed6-b1f7-4e32b8a02f8a,21.492,measured_angular,/odom,-0.003954980522226233,0.5
cc8b7541-2e11-4ed6-b1f7-4e32b8a02f8a,21.528000000000002,measured_angular,/odom,0.0005424854091814344,0.5
cc8b7541-2e11-4ed6-b1f7-4e32b8a02f8a,21.564,measured_angular,/odom,0.007669395765308761,0.5
cc8b7541-2e11-4ed6-b1f7-4e32b8a02f8a,21.6,measured_angular,/odom,0.00766939576719137,0.5
cc8b7541-2e11-4ed6-b1f7-4e32b8a02f8a,21.636000000000003,measured_angular,/odom,0.006448614415200263,0.5
cc8b7541-2e11-4ed6-b1f7-4e32b8a02f8a,21.672,measured_angular,/odom,-0.0006949744812155038,0.5
cc8b7541-2e11-4ed6-b1f7-4e32b8a02f8a,21.708000000000002,measured_angular,/odom,-0.0037298953473889514,0.5
cc8b7541-2e11-4ed6-b1f7-4e32b8a02f8a,21.744,measured_angular,/odom,-0.004056758247072748,0.5
cc8b7541-2e11-4ed6-b1f7-4e32b8a02f8a,21.78,measured_angular,/odom,-0.009660392983840456,0.5
cc8b7541-2e11-4ed6-b1f7-4e32b8a02f8a,21.816000000000003,measured_angular,/odom,-0.008932136001673032,0.5
cc8b7541-2e11-4ed6-b1f7-4e32b8a02f8a,21.852,measured_angular,/odom,-0.00875007174908429,0.5
cc8b7541-2e11-4ed6-b1f7-4e32b8a02f8a,21.888,measured_angular,/odom,-0.007988173517032984,0.5
cc8b7541-2e11-4ed6-b1f7-4e32b8a02f8a,21.924000000000003,measured_angular,/odom,-0.001560712117808532,0.5
cc8b7541-2e11-4ed6-b1f7-4e32b8a02f8a,21.96,measured_angular,/odom,-0.0019088027752295095,0.5
cc8b7541-2e11-4ed6-b1f7-4e32b8a02f8a,21.996000000000002,measured_angular,/odom,-0.001908802776518967,0.5
cc8b7541-2e11-4ed6-b1f7-4e32b8a02f8a,22.032,measured_angular,/odom,0.00022968825347305117,0.5
cc8b7541-2e11-4ed6-b1f7-4e32b8a02f8a,22.068,measured_angular,/odom,0.005765354496999061,0.5
cc8b7541-2e11-4ed6-b1f7-4e32b8a02f8a,22.104000000000003,measured_angular,/odom,0.01965550469820408,0.5
cc8b7541-2e11-4ed6-b1f7-4e32b8a02f8a,22.14,measured_angular,/odom,0.019795086234673832,0.5
cc8b7541-2e11-4ed6-b1f7-4e32b8a02f8a,22.176000000000002,measured_angular,/odom,0.020205678789132542,0.5
cc8b7541-2e11-4ed6-b1f7-4e32b8a02f8a,22.212,measured_angular,/odom,0.024951791377965663,0.5
cc8b7541-2e11-4ed6-b1f7-4e32b8a02f8a,22.248,measured_angular,/odom,0.02495179139086024,0.5
cc8b7541-2e11-4ed6-b1f7-4e32b8a02f8a,22.284000000000002,measured_angular,/odom,0.01929795928309399,0.5
cc8b7541-2e11-4ed6-b1f7-4e32b8a02f8a,22.32,measured_angular,/odom,0.023005433370228652,0.5
cc8b7541-2e11-4ed6-b1f7-4e32b8a02f8a,22.356,measured_angular,/odom,0.023636621234573014,0.5
cc8b7541-2e11-4ed6-b1f7-4e32b8a02f8a,22.392000000000003,measured_angular,/odom,0.02379441820077515,0.5
cc8b7541-2e11-4ed6-b1f7-4e32b8a02f8a,22.428,measured_angular,/odom,0.018027918902449182,0.5
cc8b7541-2e11-4ed6-b1f7-4e32b8a02f8a,22.464000000000002,measured_angular,/odom,0.013438256457280844,0.5
cc8b7541-2e11-4ed6-b1f7-4e32b8a02f8a,22.5,measured_angular,/odom,0.013438256457512949,0.5
cc8b7541-2e11-4ed6-b1f7-4e32b8a02f8a,22.536,measured_angular,/odom,0.009677183268888685,0.5
cc8b7541-2e11-4ed6-b1f7-4e32b8a02f8a,22.572000000000003,measured_angular,/odom,0.0062898825923151545,0.5
cc8b7541-2e11-4ed6-b1f7-4e32b8a02f8a,22.608,measured_angular,/odom,0.008696401577641314,0.5
cc8b7541-2e11-4ed6-b1f7-4e32b8a02f8a,22.644000000000002,measured_angular,/odom,0.008963792584899549,0.5
cc8b7541-2e11-4ed6-b1f7-4e32b8a02f8a,22.68,measured_angular,/odom,0.011428033926118072,0.5
cc8b7541-2e11-4ed6-b1f7-4e32b8a02f8a,22.716,measured_angular,/odom,0.011915851010148179,0.5
cc8b7541-2e11-4ed6-b1f7-4e32b8a02f8a,22.752000000000002,measured_angular,/odom,0.012037805281632806,0.5
cc8b7541-2e11-4ed6-b1f7-4e32b8a02f8a,22.788,measured_angular,/odom,0.01841902441591683,0.5
cc8b7541-2e11-4ed6-b1f7-4e32b8a02f8a,22.824,measured_angular,/odom,0.01923098415123976,0.5
cc8b7541-2e11-4ed6-b1f7-4e32b8a02f8a,22.860000000000003,measured_angular,/odom,0.015975674623403525,0.5
cc8b7541-2e11-4ed6-b1f7-4e32b8a02f8a,22.896,measured_angular,/odom,0.015975674614480472,0.5
cc8b7541-2e11-4ed6-b1f7-4e32b8a02f8a,22.932000000000002,measured_angular,/odom,0.012673279280000681,0.5
cc8b7541-2e11-4ed6-b1f7-4e32b8a02f8a,22.968,measured_angular,/odom,0.009881548964502912,0.5
cc8b7541-2e11-4ed6-b1f7-4e32b8a02f8a,23.004,measured_angular,/odom,-0.00042209936106446565,0.5
cc8b7541-2e11-4ed6-b1f7-4e32b8a02f8a,23.040000000000003,measured_angular,/odom,-0.000422099372256958,0.5
cc8b7541-2e11-4ed6-b1f7-4e32b8a02f8a,23.076,measured_angular,/odom,0.0031166639520830803,0.5
cc8b7541-2e11-4ed6-b1f7-4e32b8a02f8a,23.112000000000002,measured_angular,/odom,0.0036469097258140437,0.5
cc8b7541-2e11-4ed6-b1f7-4e32b8a02f8a,23.148,measured_angular,/odom,0.0036469097248856353,0.5
cc8b7541-2e11-4ed6-b1f7-4e32b8a02f8a,23.184,measured_angular,/odom,-0.0014184279135163686,0.5
cc8b7541-2e11-4ed6-b1f7-4e32b8a02f8a,23.220000000000002,measured_angular,/odom,-0.003542129642791286,0.5
cc8b7541-2e11-4ed6-b1f7-4e32b8a02f8a,23.256,measured_angular,/odom,-0.0008219947201675636,0.5
cc8b7541-2e11-4ed6-b1f7-4e32b8a02f8a,23.292,measured_angular,/odom,-0.0001419609759465387,0.5
cc8b7541-2e11-4ed6-b1f7-4e32b8a02f8a,23.328000000000003,measured_angular,/odom,-0.006421404108718391,0.5
cc8b7541-2e11-4ed6-b1f7-4e32b8a02f8a,23.364,measured_angular,/odom,-0.0030521166045671113,0.5
cc8b7541-2e11-4ed6-b1f7-4e32b8a02f8a,23.400000000000002,measured_angular,/odom,-0.003052116604515533,0.5
cc8b7541-2e11-4ed6-b1f7-4e32b8a02f8a,23.436,measured_angular,/odom,-0.004977000730913804,0.5
cc8b7541-2e11-4ed6-b1f7-4e32b8a02f8a,23.472,measured_angular,/odom,0.003098221209434495,0.5
cc8b7541-2e11-4ed6-b1f7-4e32b8a02f8a,23.511000000000003,measured_angular,/odom,0.007816858598580948,0.5
cc8b7541-2e11-4ed6-b1f7-4e32b8a02f8a,23.544,measured_angular,/odom,0.008309590629986456,0.5
cc8b7541-2e11-4ed6-b1f7-4e32b8a02f8a,23.580000000000002,measured_angular,/odom,0.007328358946753227,0.5
cc8b7541-2e11-4ed6-b1f7-4e32b8a02f8a,23.616000000000003,measured_angular,/odom,0.005993786738375616,0.5
cc8b7541-2e11-4ed6-b1f7-4e32b8a02f8a,23.652,measured_angular,/odom,0.005660143681149171,0.5
cc8b7541-2e11-4ed6-b1f7-4e32b8a02f8a,23.688000000000002,measured_angular,/odom,0.008204503070271508,0.5
cc8b7541-2e11-4ed6-b1f7-4e32b8a02f8a,23.724,measured_angular,/odom,0.0008516968276593857,0.5
cc8b7541-2e11-4ed6-b1f7-4e32b8a02f8a,23.76,measured_angular,/odom,-0.0037418431470104636,0.5
cc8b7541-2e11-4ed6-b1f7-4e32b8a02f8a,23.796000000000003,measured_angular,/odom,-0.003741843159956618,0.5
cc8b7541-2e11-4ed6-b1f7-4e32b8a02f8a,23.832,measured_angular,/odom,-0.01125784658016263,0.5
cc8b7541-2e11-4ed6-b1f7-4e32b8a02f8a,23.868000000000002,measured_angular,/odom,-0.011966400312200393,0.5
cc8b7541-2e11-4ed6-b1f7-4e32b8a02f8a,23.904,measured_angular,/odom,-0.009858330711630902,0.5
cc8b7541-2e11-4ed6-b1f7-4e32b8a02f8a,23.94,measured_angular,/odom,-0.009858330711527745,0.5
cc8b7541-2e11-4ed6-b1f7-4e32b8a02f8a,23.976000000000003,measured_angular,/odom,-0.004464333715144301,0.5
cc8b7541-2e11-4ed6-b1f7-4e32b8a02f8a,24.012,measured_angular,/odom,-0.008087567970701977,0.5
cc8b7541-2e11-4ed6-b1f7-4e32b8a02f8a,24.048000000000002,measured_angular,/odom,-0.008087567984886013,0.5
cc8b7541-2e11-4ed6-b1f7-4e32b8a02f8a,24.084000000000003,measured_angular,/odom,-0.008124982938406225,0.5
cc8b7541-2e11-4ed6-b1f7-4e32b8a02f8a,24.12,measured_angular,/odom,0.0023621725485698094,0.5
cc8b7541-2e11-4ed6-b1f7-4e32b8a02f8a,24.156000000000002,measured_angular,/odom,0.008679193045816347,0.5
cc8b7541-2e11-4ed6-b1f7-4e32b8a02f8a,24.192,measured_angular,/odom,0.010315670631650026,0.5
cc8b7541-2e11-4ed6-b1f7-4e32b8a02f8a,24.228,measured_angular,/odom,0.009911522922622948,0.5
cc8b7541-2e11-4ed6-b1f7-4e32b8a02f8a,24.264000000000003,measured_angular,/odom,0.005993683822429106,0.5
cc8b7541-2e11-4ed6-b1f7-4e32b8a02f8a,24.3,measured_angular,/odom,0.005993683822429106,0.5
cc8b7541-2e11-4ed6-b1f7-4e32b8a02f8a,24.336000000000002,measured_angular,/odom,0.003833284236682903,0.5
cc8b7541-2e11-4ed6-b1f7-4e32b8a02f8a,24.372,measured_angular,/odom,-0.0032913490893636114,0.5
cc8b7541-2e11-4ed6-b1f7-4e32b8a02f8a,24.411,measured_angular,/odom,-0.004582948349996133,0.5
cc8b7541-2e11-4ed6-b1f7-4e32b8a02f8a,24.444000000000003,measured_angular,/odom,-0.004719242919019694,0.5
cc8b7541-2e11-4ed6-b1f7-4e32b8a02f8a,24.48,measured_angular,/odom,-0.01797545341755675,0.5
cc8b7541-2e11-4ed6-b1f7-4e32b8a02f8a,24.516000000000002,measured_angular,/odom,-0.03595438977850906,0.5
cc8b7541-2e11-4ed6-b1f7-4e32b8a02f8a,24.552000000000003,measured_angular,/odom,-0.046326715498574325,0.5
cc8b7541-2e11-4ed6-b1f7-4e32b8a02f8a,24.588,measured_angular,/odom,-0.05024937241001037,0.5
cc8b7541-2e11-4ed6-b1f7-4e32b8a02f8a,24.624000000000002,measured_angular,/odom,-0.052503556013190754,0.5
cc8b7541-2e11-4ed6-b1f7-4e32b8a02f8a,24.66,measured_angular,/odom,-0.05162181705507557,0.5
cc8b7541-2e11-4ed6-b1f7-4e32b8a02f8a,24.696,measured_angular,/odom,-0.05162181705259981,0.5
cc8b7541-2e11-4ed6-b1f7-4e32b8a02f8a,24.732000000000003,measured_angular,/odom,-0.04308963653839364,0.5
cc8b7541-2e11-4ed6-b1f7-4e32b8a02f8a,24.768,measured_angular,/odom,-0.036301683380928346,0.5
cc8b7541-2e11-4ed6-b1f7-4e32b8a02f8a,24.804000000000002,measured_angular,/odom,-0.033292349428321,0.5
cc8b7541-2e11-4ed6-b1f7-4e32b8a02f8a,24.84,measured_angular,/odom,-0.033292349428321,0.5
cc8b7541-2e11-4ed6-b1f7-4e32b8a02f8a,24.876,measured_angular,/odom,-0.03610215707630039,0.5
cc8b7541-2e11-4ed6-b1f7-4e32b8a02f8a,24.912000000000003,measured_angular,/odom,-0.03406690434407443,0.5
cc8b7541-2e11-4ed6-b1f7-4e32b8a02f8a,24.948,measured_angular,/odom,-0.034066904336286105,0.5
cc8b7541-2e11-4ed6-b1f7-4e32b8a02f8a,24.984,measured_angular,/odom,-0.02823790907887483,0.5
cc8b7541-2e11-4ed6-b1f7-4e32b8a02f8a,25.020000000000003,measured_angular,/odom,-0.02876574359689656,0.5
cc8b7541-2e11-4ed6-b1f7-4e32b8a02f8a,25.056,measured_angular,/odom,-0.02902590297102791,0.5
cc8b7541-2e11-4ed6-b1f7-4e32b8a02f8a,25.092000000000002,measured_angular,/odom,-0.02909094281523127,0.5
cc8b7541-2e11-4ed6-b1f7-4e32b8a02f8a,25.128,measured_angular,/odom,-0.032661075320150015,0.5
cc8b7541-2e11-4ed6-b1f7-4e32b8a02f8a,25.164,measured_angular,/odom,-0.022541904835251574,0.5
cc8b7541-2e11-4ed6-b1f7-4e32b8a02f8a,25.200000000000003,measured_angular,/odom,-0.02254190482230542,0.5
cc8b7541-2e11-4ed6-b1f7-4e32b8a02f8a,25.236,measured_angular,/odom,-0.022352032736719943,0.5
cc8b7541-2e11-4ed6-b1f7-4e32b8a02f8a,25.272000000000002,measured_angular,/odom,-0.019712857909711754,0.5
cc8b7541-2e11-4ed6-b1f7-4e32b8a02f8a,25.308,measured_angular,/odom,-0.01960302814878514,0.5
cc8b7541-2e11-4ed6-b1f7-4e32b8a02f8a,25.344,measured_angular,/odom,-0.019590824842565684,0.5
cc8b7541-2e11-4ed6-b1f7-4e32b8a02f8a,25.380000000000003,measured_angular,/odom,-0.022657873100620323,0.5
cc8b7541-2e11-4ed6-b1f7-4e32b8a02f8a,25.416,measured_angular,/odom,-0.02545290923662122,0.5
cc8b7541-2e11-4ed6-b1f7-4e32b8a02f8a,25.452,measured_angular,/odom,-0.02615166828058895,0.5
cc8b7541-2e11-4ed6-b1f7-4e32b8a02f8a,25.488000000000003,measured_angular,/odom,-0.02724110111303692,0.5
cc8b7541-2e11-4ed6-b1f7-4e32b8a02f8a,25.524,measured_angular,/odom,-0.025103922933299265,0.5
cc8b7541-2e11-4ed6-b1f7-4e32b8a02f8a,25.560000000000002,measured_angular,/odom,-0.024267084899045784,0.5
cc8b7541-2e11-4ed6-b1f7-4e32b8a02f8a,25.596,measured_angular,/odom,-0.02426708489682792,0.5
cc8b7541-2e11-4ed6-b1f7-4e32b8a02f8a,25.632,measured_angular,/odom,-0.01744764906041333,0.5
cc8b7541-2e11-4ed6-b1f7-4e32b8a02f8a,25.668000000000003,measured_angular,/odom,-0.013589197501845377,0.5
cc8b7541-2e11-4ed6-b1f7-4e32b8a02f8a,25.704,measured_angular,/odom,-0.01699126698073112,0.5
cc8b7541-2e11-4ed6-b1f7-4e32b8a02f8a,25.740000000000002,measured_angular,/odom,-0.016991266980782696,0.5
cc8b7541-2e11-4ed6-b1f7-4e32b8a02f8a,25.776000000000003,measured_angular,/odom,-0.023556858737823594,0.5
cc8b7541-2e11-4ed6-b1f7-4e32b8a02f8a,25.812,measured_angular,/odom,-0.02046432720084147,0.5
cc8b7541-2e11-4ed6-b1f7-4e32b8a02f8a,25.848000000000003,measured_angular,/odom,-0.020464327186296392,0.5
cc8b7541-2e11-4ed6-b1f7-4e32b8a02f8a,25.884,measured_angular,/odom,-0.018386585637836836,0.5
cc8b7541-2e11-4ed6-b1f7-4e32b8a02f8a,25.92,measured_angular,/odom,-0.01918318867472011,0.5
cc8b7541-2e11-4ed6-b1f7-4e32b8a02f8a,25.956000000000003,measured_angular,/odom,-0.019905182716611444,0.5
cc8b7541-2e11-4ed6-b1f7-4e32b8a02f8a,25.992,measured_angular,/odom,-0.02008568122979214,0.5
cc8b7541-2e11-4ed6-b1f7-4e32b8a02f8a,26.028000000000002,measured_angular,/odom,-0.01825601570893256,0.5
cc8b7541-2e11-4ed6-b1f7-4e32b8a02f8a,26.064,measured_angular,/odom,-0.0226018950343033,0.5
cc8b7541-2e11-4ed6-b1f7-4e32b8a02f8a,26.1,measured_angular,/odom,-0.022601895034354877,0.5
cc8b7541-2e11-4ed6-b1f7-4e32b8a02f8a,26.136000000000003,measured_angular,/odom,-0.028421352498214692,0.5
cc8b7541-2e11-4ed6-b1f7-4e32b8a02f8a,26.172,measured_angular,/odom,-0.03794447190145079,0.5
cc8b7541-2e11-4ed6-b1f7-4e32b8a02f8a,26.208000000000002,measured_angular,/odom,-0.04327518901104491,0.5
cc8b7541-2e11-4ed6-b1f7-4e32b8a02f8a,26.244000000000003,measured_angular,/odom,-0.04384420439617118,0.5
cc8b7541-2e11-4ed6-b1f7-4e32b8a02f8a,26.28,measured_angular,/odom,-0.03177529271268606,0.5
cc8b7541-2e11-4ed6-b1f7-4e32b8a02f8a,26.316000000000003,measured_angular,/odom,-0.03253255187935053,0.5
cc8b7541-2e11-4ed6-b1f7-4e32b8a02f8a,26.352,measured_angular,/odom,-0.03291367366914978,0.5
cc8b7541-2e11-4ed6-b1f7-4e32b8a02f8a,26.388,measured_angular,/odom,-0.031549663100905186,0.5
cc8b7541-2e11-4ed6-b1f7-4e32b8a02f8a,26.424000000000003,measured_angular,/odom,-0.035856258123945245,0.5
cc8b7541-2e11-4ed6-b1f7-4e32b8a02f8a,26.46,measured_angular,/odom,-0.03408712149163303,0.5
cc8b7541-2e11-4ed6-b1f7-4e32b8a02f8a,26.496000000000002,measured_angular,/odom,-0.034087121486733096,0.5
cc8b7541-2e11-4ed6-b1f7-4e32b8a02f8a,26.532,measured_angular,/odom,-0.031832672662026225,0.5
cc8b7541-2e11-4ed6-b1f7-4e32b8a02f8a,26.568,measured_angular,/odom,-0.02588324968323873,0.5
cc8b7541-2e11-4ed6-b1f7-4e32b8a02f8a,26.604000000000003,measured_angular,/odom,-0.025261614471536693,0.5
cc8b7541-2e11-4ed6-b1f7-4e32b8a02f8a,26.64,measured_angular,/odom,-0.025261614471485117,0.5
cc8b7541-2e11-4ed6-b1f7-4e32b8a02f8a,26.676000000000002,measured_angular,/odom,-0.02535663470624213,0.5
cc8b7541-2e11-4ed6-b1f7-4e32b8a02f8a,26.712000000000003,measured_angular,/odom,-0.02455426380280283,0.5
cc8b7541-2e11-4ed6-b1f7-4e32b8a02f8a,26.748,measured_angular,/odom,-0.024554263800533386,0.5
cc8b7541-2e11-4ed6-b1f7-4e32b8a02f8a,26.784000000000002,measured_angular,/odom,-0.025025010108953534,0.5
cc8b7541-2e11-4ed6-b1f7-4e32b8a02f8a,26.82,measured_angular,/odom,-0.025276470929012723,0.5
cc8b7541-2e11-4ed6-b1f7-4e32b8a02f8a,26.856,measured_angular,/odom,-0.004131892219261505,0.5
cc8b7541-2e11-4ed6-b1f7-4e32b8a02f8a,26.892000000000003,measured_angular,/odom,0.018169317394332005,0.5
cc8b7541-2e11-4ed6-b1f7-4e32b8a02f8a,26.928,measured_angular,/odom,0.03314194167857399,0.5
cc8b7541-2e11-4ed6-b1f7-4e32b8a02f8a,26.964000000000002,measured_angular,/odom,0.043065816163323875,0.5
cc8b7541-2e11-4ed6-b1f7-4e32b8a02f8a,27.0,measured_angular,/odom,0.043065816163942824,0.5
cc8b7541-2e11-4ed6-b1f7-4e32b8a02f8a,27.036,measured_angular,/odom,0.04079065919705337,0.5
cc8b7541-2e11-4ed6-b1f7-4e32b8a02f8a,27.072000000000003,measured_angular,/odom,0.0383928790741935,0.5
cc8b7541-2e11-4ed6-b1f7-4e32b8a02f8a,27.111,measured_angular,/odom,0.04224382712213405,0.5
cc8b7541-2e11-4ed6-b1f7-4e32b8a02f8a,27.144000000000002,measured_angular,/odom,0.04267171025279031,0.5
cc8b7541-2e11-4ed6-b1f7-4e32b8a02f8a,27.180000000000003,measured_angular,/odom,0.03924079948238668,0.5
cc8b7541-2e11-4ed6-b1f7-4e32b8a02f8a,27.216,measured_angular,/odom,0.03742287382981225,0.5
cc8b7541-2e11-4ed6-b1f7-4e32b8a02f8a,27.252000000000002,measured_angular,/odom,0.03706369549024448,0.5
cc8b7541-2e11-4ed6-b1f7-4e32b8a02f8a,27.288,measured_angular,/odom,0.035487304260639466,0.5
cc8b7541-2e11-4ed6-b1f7-4e32b8a02f8a,27.324,measured_angular,/odom,0.036721222102564864,0.5
cc8b7541-2e11-4ed6-b1f7-4e32b8a02f8a,27.360000000000003,measured_angular,/odom,0.038311585779114345,0.5
cc8b7541-2e11-4ed6-b1f7-4e32b8a02f8a,27.396,measured_angular,/odom,0.03831158578380796,0.5
cc8b7541-2e11-4ed6-b1f7-4e32b8a02f8a,27.432000000000002,measured_angular,/odom,0.03595757112555187,0.5
cc8b7541-2e11-4ed6-b1f7-4e32b8a02f8a,27.468,measured_angular,/odom,0.032582674930962445,0.5
cc8b7541-2e11-4ed6-b1f7-4e32b8a02f8a,27.504,measured_angular,/odom,0.02760023064946997,0.5
cc8b7541-2e11-4ed6-b1f7-4e32b8a02f8a,27.540000000000003,measured_angular,/odom,0.027600230649418394,0.5
cc8b7541-2e11-4ed6-b1f7-4e32b8a02f8a,27.576,measured_angular,/odom,0.026892377811311215,0.5
cc8b7541-2e11-4ed6-b1f7-4e32b8a02f8a,27.612000000000002,measured_angular,/odom,0.030172180374338137,0.5
cc8b7541-2e11-4ed6-b1f7-4e32b8a02f8a,27.648000000000003,measured_angular,/odom,0.03017218038408644,0.5
cc8b7541-2e11-4ed6-b1f7-4e32b8a02f8a,27.684,measured_angular,/odom,0.031059194355870484,0.5
cc8b7541-2e11-4ed6-b1f7-4e32b8a02f8a,27.720000000000002,measured_angular,/odom,0.03430732338670447,0.5
cc8b7541-2e11-4ed6-b1f7-4e32b8a02f8a,27.756,measured_angular,/odom,0.03387141674934726,0.5
cc8b7541-2e11-4ed6-b1f7-4e32b8a02f8a,27.792,measured_angular,/odom,0.033762440085701166,0.5
cc8b7541-2e11-4ed6-b1f7-4e32b8a02f8a,27.828000000000003,measured_angular,/odom,0.03207795583192731,0.5
cc8b7541-2e11-4ed6-b1f7-4e32b8a02f8a,27.864,measured_angular,/odom,0.027106208726861186,0.5
cc8b7541-2e11-4ed6-b1f7-4e32b8a02f8a,27.900000000000002,measured_angular,/odom,0.027106208726912766,0.5
cc8b7541-2e11-4ed6-b1f7-4e32b8a02f8a,27.936000000000003,measured_angular,/odom,0.025937060643004762,0.5
cc8b7541-2e11-4ed6-b1f7-4e32b8a02f8a,27.972,measured_angular,/odom,0.026317246256644822,0.5
cc8b7541-2e11-4ed6-b1f7-4e32b8a02f8a,28.008000000000003,measured_angular,/odom,0.023399981865458688,0.5
cc8b7541-2e11-4ed6-b1f7-4e32b8a02f8a,28.044,measured_angular,/odom,0.023075841367560117,0.5
cc8b7541-2e11-4ed6-b1f7-4e32b8a02f8a,28.080000000000002,measured_angular,/odom,0.0163803772316724,0.5
cc8b7541-2e11-4ed6-b1f7-4e32b8a02f8a,28.116000000000003,measured_angular,/odom,0.015626389535906986,0.5
cc8b7541-2e11-4ed6-b1f7-4e32b8a02f8a,28.152,measured_angular,/odom,0.015457211062482806,0.5
cc8b7541-2e11-4ed6-b1f7-4e32b8a02f8a,28.188000000000002,measured_angular,/odom,0.012116801376419033,0.5
cc8b7541-2e11-4ed6-b1f7-4e32b8a02f8a,28.224,measured_angular,/odom,0.01193969882982796,0.5
cc8b7541-2e11-4ed6-b1f7-4e32b8a02f8a,28.26,measured_angular,/odom,0.006795011940807627,0.5
cc8b7541-2e11-4ed6-b1f7-4e32b8a02f8a,28.296000000000003,measured_angular,/odom,0.00679501192641728,0.5
cc8b7541-2e11-4ed6-b1f7-4e32b8a02f8a,28.332,measured_angular,/odom,0.005474323410531889,0.5
cc8b7541-2e11-4ed6-b1f7-4e32b8a02f8a,28.368000000000002,measured_angular,/odom,0.008483082139337232,0.5
cc8b7541-2e11-4ed6-b1f7-4e32b8a02f8a,28.404000000000003,measured_angular,/odom,0.004752655979336713,0.5
cc8b7541-2e11-4ed6-b1f7-4e32b8a02f8a,28.44,measured_angular,/odom,0.004752655979285135,0.5
cc8b7541-2e11-4ed6-b1f7-4e32b8a02f8a,28.476000000000003,measured_angular,/odom,0.009238846863801053,0.5
cc8b7541-2e11-4ed6-b1f7-4e32b8a02f8a,28.512,measured_angular,/odom,0.008356442681093468,0.5
cc8b7541-2e11-4ed6-b1f7-4e32b8a02f8a,28.548000000000002,measured_angular,/odom,0.008356442675316697,0.5
cc8b7541-2e11-4ed6-b1f7-4e32b8a02f8a,28.584000000000003,measured_angular,/odom,0.012332202866327411,0.5
cc8b7541-2e11-4ed6-b1f7-4e32b8a02f8a,28.62,measured_angular,/odom,0.011508458296288443,0.5
cc8b7541-2e11-4ed6-b1f7-4e32b8a02f8a,28.656000000000002,measured_angular,/odom,0.011756491846626542,0.5
cc8b7541-2e11-4ed6-b1f7-4e32b8a02f8a,28.692,measured_angular,/odom,0.011818500235758417,0.5
cc8b7541-2e11-4ed6-b1f7-4e32b8a02f8a,28.728,measured_angular,/odom,0.015027548735085647,0.5
cc8b7541-2e11-4ed6-b1f7-4e32b8a02f8a,28.764000000000003,measured_angular,/odom,0.016540849581392306,0.5
cc8b7541-2e11-4ed6-b1f7-4e32b8a02f8a,28.8,measured_angular,/odom,0.016540849581392306,0.5
cc8b7541-2e11-4ed6-b1f7-4e32b8a02f8a,28.836000000000002,measured_angular,/odom,0.013777238512611405,0.5
cc8b7541-2e11-4ed6-b1f7-4e32b8a02f8a,28.872000000000003,measured_angular,/odom,0.012065874415074418,0.5
cc8b7541-2e11-4ed6-b1f7-4e32b8a02f8a,28.908,measured_angular,/odom,0.011758963485264267,0.5
cc8b7541-2e11-4ed6-b1f7-4e32b8a02f8a,28.944000000000003,measured_angular,/odom,0.011724862269723387,0.5
cc8b7541-2e11-4ed6-b1f7-4e32b8a02f8a,28.98,measured_angular,/odom,0.005394900240877743,0.5
cc8b7541-2e11-4ed6-b1f7-4e32b8a02f8a,29.016000000000002,measured_angular,/odom,0.0010716475683102966,0.5
cc8b7541-2e11-4ed6-b1f7-4e32b8a02f8a,29.052000000000003,measured_angular,/odom,-1.9083973013301184e-12,0.5
cc8b7541-2e11-4ed6-b1f7-4e32b8a02f8a,29.088,measured_angular,/odom,-1.3410359414752182e-12,0.5
cc8b7541-2e11-4ed6-b1f7-4e32b8a02f8a,29.124000000000002,measured_angular,/odom,0.0,0.5
cc8b7541-2e11-4ed6-b1f7-4e32b8a02f8a,29.16,measured_angular,/odom,0.0,0.5
cc8b7541-2e11-4ed6-b1f7-4e32b8a02f8a,29.196,measured_angular,/odom,0.0,0.5
cc8b7541-2e11-4ed6-b1f7-4e32b8a02f8a,29.232000000000003,measured_angular,/odom,0.0,0.5
cc8b7541-2e11-4ed6-b1f7-4e32b8a02f8a,29.268,measured_angular,/odom,0.0,0.5
cc8b7541-2e11-4ed6-b1f7-4e32b8a02f8a,29.304000000000002,measured_angular,/odom,0.0,0.5
cc8b7541-2e11-4ed6-b1f7-4e32b8a02f8a,29.340000000000003,measured_angular,/odom,0.0,0.5
cc8b7541-2e11-4ed6-b1f7-4e32b8a02f8a,29.376,measured_angular,/odom,0.0,0.5
cc8b7541-2e11-4ed6-b1f7-4e32b8a02f8a,29.412000000000003,measured_angular,/odom,0.0,0.5
cc8b7541-2e11-4ed6-b1f7-4e32b8a02f8a,29.448,measured_angular,/odom,0.0,0.5
cc8b7541-2e11-4ed6-b1f7-4e32b8a02f8a,29.484,measured_angular,/odom,0.0,0.5
cc8b7541-2e11-4ed6-b1f7-4e32b8a02f8a,29.520000000000003,measured_angular,/odom,0.0,0.5
cc8b7541-2e11-4ed6-b1f7-4e32b8a02f8a,29.556,measured_angular,/odom,0.0,0.5
cc8b7541-2e11-4ed6-b1f7-4e32b8a02f8a,29.592000000000002,measured_angular,/odom,0.0,0.5
cc8b7541-2e11-4ed6-b1f7-4e32b8a02f8a,29.628,measured_angular,/odom,0.0,0.5
cc8b7541-2e11-4ed6-b1f7-4e32b8a02f8a,29.664,measured_angular,/odom,0.0,0.5
cc8b7541-2e11-4ed6-b1f7-4e32b8a02f8a,9.072000000000001,measured_linear,/odom,6.6174449004242214e-21,0.5
cc8b7541-2e11-4ed6-b1f7-4e32b8a02f8a,9.111,measured_linear,/odom,6.6174449004242214e-21,0.5
cc8b7541-2e11-4ed6-b1f7-4e32b8a02f8a,9.144,measured_linear,/odom,1.7646519734464588e-21,0.5
cc8b7541-2e11-4ed6-b1f7-4e32b8a02f8a,9.18,measured_linear,/odom,-8.382096873870681e-21,0.5
cc8b7541-2e11-4ed6-b1f7-4e32b8a02f8a,9.216000000000001,measured_linear,/odom,5.7351189137009924e-21,0.5
cc8b7541-2e11-4ed6-b1f7-4e32b8a02f8a,9.252,measured_linear,/odom,6.176281907062607e-21,0.5
cc8b7541-2e11-4ed6-b1f7-4e32b8a02f8a,9.288,measured_linear,/odom,-1.1470237827401983e-20,0.5
cc8b7541-2e11-4ed6-b1f7-4e32b8a02f8a,9.324,measured_linear,/odom,-7.940933880509067e-21,0.5
cc8b7541-2e11-4ed6-b1f7-4e32b8a02f8a,9.360000000000001,measured_linear,/odom,8.82325986723229e-22,0.5
cc8b7541-2e11-4ed6-b1f7-4e32b8a02f8a,9.396,measured_linear,/odom,-1.411721578757167e-20,0.5
cc8b7541-2e11-4ed6-b1f7-4e32b8a02f8a,9.432,measured_linear,/odom,7.940933880509066e-21,0.5
cc8b7541-2e11-4ed6-b1f7-4e32b8a02f8a,9.468,measured_linear,/odom,-2.6469779601696904e-21,0.5
cc8b7541-2e11-4ed6-b1f7-4e32b8a02f8a,9.504000000000001,measured_linear,/odom,-9.26442286059391e-21,0.5
cc8b7541-2e11-4ed6-b1f7-4e32b8a02f8a,9.540000000000001,measured_linear,/odom,-4.411629933616125e-22,0.5
cc8b7541-2e11-4ed6-b1f7-4e32b8a02f8a,9.576,measured_linear,/odom,1.4117215787571673e-20,0.5
cc8b7541-2e11-4ed6-b1f7-4e32b8a02f8a,9.612,measured_linear,/odom,1.3234889800848447e-21,0.5
cc8b7541-2e11-4ed6-b1f7-4e32b8a02f8a,9.648000000000001,measured_linear,/odom,-9.705585853955524e-21,0.5
cc8b7541-2e11-4ed6-b1f7-4e32b8a02f8a,9.684000000000001,measured_linear,/odom,6.176281907062606e-21,0.5
cc8b7541-2e11-4ed6-b1f7-4e32b8a02f8a,9.72,measured_linear,/odom,1.76465197344646e-21,0.5
cc8b7541-2e11-4ed6-b1f7-4e32b8a02f8a,9.756,measured_linear,/odom,-9.705585853955525e-21,0.5
cc8b7541-2e11-4ed6-b1f7-4e32b8a02f8a,9.792,measured_linear,/odom,2.646977960169689e-21,0.5
cc8b7541-2e11-4ed6-b1f7-4e32b8a02f8a,9.828000000000001,measured_linear,/odom,-3.0881409535313042e-21,0.5
cc8b7541-2e11-4ed6-b1f7-4e32b8a02f8a,9.864,measured_linear,/odom,-4.411629933616147e-22,0.5
cc8b7541-2e11-4ed6-b1f7-4e32b8a02f8a,9.9,measured_linear,/odom,7.058607893785837e-21,0.5
cc8b7541-2e11-4ed6-b1f7-4e32b8a02f8a,9.936,measured_linear,/odom,-5.2939559203393786e-21,0.5
cc8b7541-2e11-4ed6-b1f7-4e32b8a02f8a,9.972000000000001,measured_linear,/odom,-1.2352563814125212e-20,0.5
cc8b7541-2e11-4ed6-b1f7-4e32b8a02f8a,10.011000000000001,measured_linear,/odom,-2.029349769463428e-20,0.5
cc8b7541-2e11-4ed6-b1f7-4e32b8a02f8a,10.044,measured_linear,/odom,-5.2939559203393786e-21,0.5
cc8b7541-2e11-4ed6-b1f7-4e32b8a02f8a,10.08,measured_linear,/odom,3.529303946892919e-21,0.5
cc8b7541-2e11-4ed6-b1f7-4e32b8a02f8a,10.116000000000001,measured_linear,/odom,-8.823259867232298e-22,0.5
cc8b7541-2e11-4ed6-b1f7-4e32b8a02f8a,10.152000000000001,measured_linear,/odom,-1.2352563814125214e-20,0.5
cc8b7541-2e11-4ed6-b1f7-4e32b8a02f8a,10.188,measured_linear,/odom,-8.823259867232296e-22,0.5
cc8b7541-2e11-4ed6-b1f7-4e32b8a02f8a,10.224,measured_linear,/odom,-1.6323030754379748e-20,0.5
cc8b7541-2e11-4ed6-b1f7-4e32b8a02f8a,10.26,measured_linear,/odom,-9.26442286059391e-21,0.5
cc8b7541-2e11-4ed6-b1f7-4e32b8a02f8a,10.296000000000001,measured_linear,/odom,-1.2352563814125214e-20,0.5
cc8b7541-2e11-4ed6-b1f7-4e32b8a02f8a,10.332,measured_linear,/odom,-8.823259867232296e-21,0.5
cc8b7541-2e11-4ed6-b1f7-4e32b8a02f8a,10.368,measured_linear,/odom,-1.8528845721187823e-20,0.5
cc8b7541-2e11-4ed6-b1f7-4e32b8a02f8a,10.404,measured_linear,/odom,1.5881867761018128e-20,0.5
cc8b7541-2e11-4ed6-b1f7-4e32b8a02f8a,10.440000000000001,measured_linear,/odom,4.411629933616138e-22,0.5
cc8b7541-2e11-4ed6-b1f7-4e32b8a02f8a,10.476,measured_linear,/odom,4.411629933616148e-21,0.5
cc8b7541-2e11-4ed6-b1f7-4e32b8a02f8a,10.512,measured_linear,/odom,-7.058607893785835e-21,0.5
cc8b7541-2e11-4ed6-b1f7-4e32b8a02f8a,10.548,measured_linear,/odom,-7.499770887147452e-21,0.5
cc8b7541-2e11-4ed6-b1f7-4e32b8a02f8a,10.584000000000001,measured_linear,/odom,-3.529303946892918e-21,0.5
cc8b7541-2e11-4ed6-b1f7-4e32b8a02f8a,10.620000000000001,measured_linear,/odom,-3.970466940254532e-21,0.5
cc8b7541-2e11-4ed6-b1f7-4e32b8a02f8a,10.656,measured_linear,/odom,-8.823259867232296e-21,0.5
cc8b7541-2e11-4ed6-b1f7-4e32b8a02f8a,10.692,measured_linear,/odom,-1.3234889800848443e-20,0.5
cc8b7541-2e11-4ed6-b1f7-4e32b8a02f8a,10.728000000000002,measured_linear,/odom,-4.411629933616155e-22,0.5
cc8b7541-2e11-4ed6-b1f7-4e32b8a02f8a,10.764000000000001,measured_linear,/odom,0.01949999999182763,0.5
cc8b7541-2e11-4ed6-b1f7-4e32b8a02f8a,10.8,measured_linear,/odom,0.03422196209430694,0.5
cc8b7541-2e11-4ed6-b1f7-4e32b8a02f8a,10.836,measured_linear,/odom,0.04502196208777401,0.5
cc8b7541-2e11-4ed6-b1f7-4e32b8a02f8a,10.872,measured_linear,/odom,0.080721962086095,0.5
cc8b7541-2e11-4ed6-b1f7-4e32b8a02f8a,10.908000000000001,measured_linear,/odom,0.1108270658206129,0.5
cc8b7541-2e11-4ed6-b1f7-4e32b8a02f8a,10.944,measured_linear,/odom,0.11692366003990133,0.5
cc8b7541-2e11-4ed6-b1f7-4e32b8a02f8a,10.98,measured_linear,/odom,0.1250849746917549,0.5
cc8b7541-2e11-4ed6-b1f7-4e32b8a02f8a,11.016,measured_linear,/odom,0.12713623046837283,0.5
cc8b7541-2e11-4ed6-b1f7-4e32b8a02f8a,11.052000000000001,measured_linear,/odom,0.12741747498512163,0.5
cc8b7541-2e11-4ed6-b1f7-4e32b8a02f8a,11.088000000000001,measured_linear,/odom,0.12413023920161756,0.5
cc8b7541-2e11-4ed6-b1f7-4e32b8a02f8a,11.124,measured_linear,/odom,0.1268462687730403,0.5
cc8b7541-2e11-4ed6-b1f7-4e32b8a02f8a,11.16,measured_linear,/odom,0.12738606333717595,0.5
cc8b7541-2e11-4ed6-b1f7-4e32b8a02f8a,11.196000000000002,measured_linear,/odom,0.1273860633373255,0.5
cc8b7541-2e11-4ed6-b1f7-4e32b8a02f8a,11.232000000000001,measured_linear,/odom,0.13245886652325,0.5
cc8b7541-2e11-4ed6-b1f7-4e32b8a02f8a,11.268,measured_linear,/odom,0.1293210408221212,0.5
cc8b7541-2e11-4ed6-b1f7-4e32b8a02f8a,11.304,measured_linear,/odom,0.1322065442799556,0.5
cc8b7541-2e11-4ed6-b1f7-4e32b8a02f8a,11.34,measured_linear,/odom,0.13220654428005194,0.5
cc8b7541-2e11-4ed6-b1f7-4e32b8a02f8a,11.376000000000001,measured_linear,/odom,0.13130362927943778,0.5
cc8b7541-2e11-4ed6-b1f7-4e32b8a02f8a,11.412,measured_linear,/odom,0.13091358542447168,0.5
cc8b7541-2e11-4ed6-b1f7-4e32b8a02f8a,11.448,measured_linear,/odom,0.13091358542442222,0.5
cc8b7541-2e11-4ed6-b1f7-4e32b8a02f8a,11.484,measured_linear,/odom,0.13072089850902474,0.5
cc8b7541-2e11-4ed6-b1f7-4e32b8a02f8a,11.520000000000001,measured_linear,/odom,0.13069441914558763,0.5
cc8b7541-2e11-4ed6-b1f7-4e32b8a02f8a,11.556000000000001,measured_linear,/odom,0.13380218534360086,0.5
cc8b7541-2e11-4ed6-b1f7-4e32b8a02f8a,11.592,measured_linear,/odom,0.1347055137157445,0.5
cc8b7541-2e11-4ed6-b1f7-4e32b8a02f8a,11.628,measured_linear,/odom,0.13683618009024817,0.5
cc8b7541-2e11-4ed6-b1f7-4e32b8a02f8a,11.664000000000001,measured_linear,/odom,0.13768075406551303,0.5
cc8b7541-2e11-4ed6-b1f7-4e32b8a02f8a,11.700000000000001,measured_linear,/odom,0.13768075406551233,0.5
cc8b7541-2e11-4ed6-b1f7-4e32b8a02f8a,11.736,measured_linear,/odom,0.14098316966177615,0.5
cc8b7541-2e11-4ed6-b1f7-4e32b8a02f8a,11.772,measured_linear,/odom,0.13462758693914853,0.5
cc8b7541-2e11-4ed6-b1f7-4e32b8a02f8a,11.808000000000002,measured_linear,/odom,0.13679184107693634,0.5
cc8b7541-2e11-4ed6-b1f7-4e32b8a02f8a,11.844000000000001,measured_linear,/odom,0.13713555037975292,0.5
cc8b7541-2e11-4ed6-b1f7-4e32b8a02f8a,11.88,measured_linear,/odom,0.13593095541032985,0.5
cc8b7541-2e11-4ed6-b1f7-4e32b8a02f8a,11.916,measured_linear,/odom,0.13561198711406441,0.5
cc8b7541-2e11-4ed6-b1f7-4e32b8a02f8a,11.952,measured_linear,/odom,0.1355322450399395,0.5
cc8b7541-2e11-4ed6-b1f7-4e32b8a02f8a,11.988000000000001,measured_linear,/odom,0.13671196103060232,0.5
cc8b7541-2e11-4ed6-b1f7-4e32b8a02f8a,12.024000000000001,measured_linear,/odom,0.13747525215148795,0.5
cc8b7541-2e11-4ed6-b1f7-4e32b8a02f8a,12.06,measured_linear,/odom,0.1410036930313006,0.5
cc8b7541-2e11-4ed6-b1f7-4e32b8a02f8a,12.096,measured_linear,/odom,0.14106240868568404,0.5
cc8b7541-2e11-4ed6-b1f7-4e32b8a02f8a,12.132000000000001,measured_linear,/odom,0.145711637424104,0.5
cc8b7541-2e11-4ed6-b1f7-4e32b8a02f8a,12.168000000000001,measured_linear,/odom,0.1418177387250363,0.5
cc8b7541-2e11-4ed6-b1f7-4e32b8a02f8a,12.204,measured_linear,/odom,0.1406943053007102,0.5
cc8b7541-2e11-4ed6-b1f7-4e32b8a02f8a,12.24,measured_linear,/odom,0.14069430530071156,0.5
cc8b7541-2e11-4ed6-b1f7-4e32b8a02f8a,12.276000000000002,measured_linear,/odom,0.14376700310599994,0.5
cc8b7541-2e11-4ed6-b1f7-4e32b8a02f8a,12.312000000000001,measured_linear,/odom,0.14918864606490628,0.5
cc8b7541-2e11-4ed6-b1f7-4e32b8a02f8a,12.348,measured_linear,/odom,0.1493590176105517,0.5
cc8b7541-2e11-4ed6-b1f7-4e32b8a02f8a,12.384,measured_linear,/odom,0.146483615040779,0.5
cc8b7541-2e11-4ed6-b1f7-4e32b8a02f8a,12.42,measured_linear,/odom,0.14807675778824025,0.5
cc8b7541-2e11-4ed6-b1f7-4e32b8a02f8a,12.456000000000001,measured_linear,/odom,0.1514542856681229,0.5
cc8b7541-2e11-4ed6-b1f7-4e32b8a02f8a,12.492,measured_linear,/odom,0.15247322618961076,0.5
cc8b7541-2e11-4ed6-b1f7-4e32b8a02f8a,12.528,measured_linear,/odom,0.15397738218261342,0.5
cc8b7541-2e11-4ed6-b1f7-4e32b8a02f8a,12.564,measured_linear,/odom,0.1506162881852624,0.5
cc8b7541-2e11-4ed6-b1f7-4e32b8a02f8a,12.600000000000001,measured_linear,/odom,0.15061628818511852,0.5
cc8b7541-2e11-4ed6-b1f7-4e32b8a02f8a,12.636000000000001,measured_linear,/odom,0.1522163391107792,0.5
cc8b7541-2e11-4ed6-b1f7-4e32b8a02f8a,12.672,measured_linear,/odom,0.15413904190022393,0.5
cc8b7541-2e11-4ed6-b1f7-4e32b8a02f8a,12.711,measured_linear,/odom,0.15137129039848365,0.5
cc8b7541-2e11-4ed6-b1f7-4e32b8a02f8a,12.744000000000002,measured_linear,/odom,0.15105435252189273,0.5
cc8b7541-2e11-4ed6-b1f7-4e32b8a02f8a,12.780000000000001,measured_linear,/odom,0.14972467720544835,0.5
cc8b7541-2e11-4ed6-b1f7-4e32b8a02f8a,12.816,measured_linear,/odom,0.1522042164078918,0.5
cc8b7541-2e11-4ed6-b1f7-4e32b8a02f8a,12.852,measured_linear,/odom,0.15283830463886094,0.5
cc8b7541-2e11-4ed6-b1f7-4e32b8a02f8a,12.888000000000002,measured_linear,/odom,0.15150485783856732,0.5
cc8b7541-2e11-4ed6-b1f7-4e32b8a02f8a,12.924000000000001,measured_linear,/odom,0.15477162599552563,0.5
cc8b7541-2e11-4ed6-b1f7-4e32b8a02f8a,12.96,measured_linear,/odom,0.1583645471801278,0.5
cc8b7541-2e11-4ed6-b1f7-4e32b8a02f8a,12.996,measured_linear,/odom,0.15843042731284732,0.5
cc8b7541-2e11-4ed6-b1f7-4e32b8a02f8a,13.032,measured_linear,/odom,0.1588685661553272,0.5
cc8b7541-2e11-4ed6-b1f7-4e32b8a02f8a,13.068000000000001,measured_linear,/odom,0.16070133298578998,0.5
cc8b7541-2e11-4ed6-b1f7-4e32b8a02f8a,13.104000000000001,measured_linear,/odom,0.15515743196085618,0.5
cc8b7541-2e11-4ed6-b1f7-4e32b8a02f8a,13.14,measured_linear,/odom,0.15515743196009846,0.5
cc8b7541-2e11-4ed6-b1f7-4e32b8a02f8a,13.176,measured_linear,/odom,0.15655263364267963,0.5
cc8b7541-2e11-4ed6-b1f7-4e32b8a02f8a,13.212000000000002,measured_linear,/odom,0.15643370151533129,0.5
cc8b7541-2e11-4ed6-b1f7-4e32b8a02f8a,13.248000000000001,measured_linear,/odom,0.15643370151519992,0.5
cc8b7541-2e11-4ed6-b1f7-4e32b8a02f8a,13.284,measured_linear,/odom,0.1576954424381216,0.5
cc8b7541-2e11-4ed6-b1f7-4e32b8a02f8a,13.32,measured_linear,/odom,0.15792311727995387,0.5
cc8b7541-2e11-4ed6-b1f7-4e32b8a02f8a,13.356000000000002,measured_linear,/odom,0.1622663089497961,0.5
cc8b7541-2e11-4ed6-b1f7-4e32b8a02f8a,13.392000000000001,measured_linear,/odom,0.16369910538196292,0.5
cc8b7541-2e11-4ed6-b1f7-4e32b8a02f8a,13.428,measured_linear,/odom,0.16547590792126515,0.5
cc8b7541-2e11-4ed6-b1f7-4e32b8a02f8a,13.464,measured_linear,/odom,0.17019051313358532,0.5
cc8b7541-2e11-4ed6-b1f7-4e32b8a02f8a,13.5,measured_linear,/odom,0.1701905131339998,0.5
cc8b7541-2e11-4ed6-b1f7-4e32b8a02f8a,13.536000000000001,measured_linear,/odom,0.1753688242654474,0.5
cc8b7541-2e11-4ed6-b1f7-4e32b8a02f8a,13.572000000000001,measured_linear,/odom,0.18076825528048715,0.5
cc8b7541-2e11-4ed6-b1f7-4e32b8a02f8a,13.608,measured_linear,/odom,0.1784190461046655,0.5
cc8b7541-2e11-4ed6-b1f7-4e32b8a02f8a,13.644,measured_linear,/odom,0.17815250158310092,0.5
cc8b7541-2e11-4ed6-b1f7-4e32b8a02f8a,13.680000000000001,measured_linear,/odom,0.17488666237684047,0.5
cc8b7541-2e11-4ed6-b1f7-4e32b8a02f8a,13.716000000000001,measured_linear,/odom,0.17318453490792937,0.5
cc8b7541-2e11-4ed6-b1f7-4e32b8a02f8a,13.752,measured_linear,/odom,0.1727663874626177,0.5
cc8b7541-2e11-4ed6-b1f7-4e32b8a02f8a,13.788,measured_linear,/odom,0.1725889056921633,0.5
cc8b7541-2e11-4ed6-b1f7-4e32b8a02f8a,13.824000000000002,measured_linear,/odom,0.17612807452662416,0.5
cc8b7541-2e11-4ed6-b1f7-4e32b8a02f8a,13.860000000000001,measured_linear,/odom,0.17538446187994144,0.5
cc8b7541-2e11-4ed6-b1f7-4e32b8a02f8a,13.896,measured_linear,/odom,0.17538446187973328,0.5
cc8b7541-2e11-4ed6-b1f7-4e32b8a02f8a,13.932,measured_linear,/odom,0.1724735498436186,0.5
cc8b7541-2e11-4ed6-b1f7-4e32b8a02f8a,13.968000000000002,measured_linear,/odom,0.17669260291921046,0.5
cc8b7541-2e11-4ed6-b1f7-4e32b8a02f8a,14.004000000000001,measured_linear,/odom,0.17248809337667423,0.5
cc8b7541-2e11-4ed6-b1f7-4e32b8a02f8a,14.040000000000001,measured_linear,/odom,0.17248809337616172,0.5
cc8b7541-2e11-4ed6-b1f7-4e32b8a02f8a,14.076,measured_linear,/odom,0.17483992576519852,0.5
cc8b7541-2e11-4ed6-b1f7-4e32b8a02f8a,14.112,measured_linear,/odom,0.17402485013045996,0.5
cc8b7541-2e11-4ed6-b1f7-4e32b8a02f8a,14.148000000000001,measured_linear,/odom,0.17402485013008157,0.5
cc8b7541-2e11-4ed6-b1f7-4e32b8a02f8a,14.184000000000001,measured_linear,/odom,0.17829623818363394,0.5
cc8b7541-2e11-4ed6-b1f7-4e32b8a02f8a,14.22,measured_linear,/odom,0.18181985108753723,0.5
cc8b7541-2e11-4ed6-b1f7-4e32b8a02f8a,14.256,measured_linear,/odom,0.1833603858942684,0.5
cc8b7541-2e11-4ed6-b1f7-4e32b8a02f8a,14.292000000000002,measured_linear,/odom,0.18373097479344275,0.5
cc8b7541-2e11-4ed6-b1f7-4e32b8a02f8a,14.328000000000001,measured_linear,/odom,0.1839033603667754,0.5
cc8b7541-2e11-4ed6-b1f7-4e32b8a02f8a,14.364,measured_linear,/odom,0.1868395507335659,0.5
cc8b7541-2e11-4ed6-b1f7-4e32b8a02f8a,14.4,measured_linear,/odom,0.1868395507335733,0.5
cc8b7541-2e11-4ed6-b1f7-4e32b8a02f8a,14.436000000000002,measured_linear,/odom,0.18789312243426282,0.5
cc8b7541-2e11-4ed6-b1f7-4e32b8a02f8a,14.472000000000001,measured_linear,/odom,0.1829428023233918,0.5
cc8b7541-2e11-4ed6-b1f7-4e32b8a02f8a,14.508000000000001,measured_linear,/odom,0.17725395444809225,0.5
cc8b7541-2e11-4ed6-b1f7-4e32b8a02f8a,14.544,measured_linear,/odom,0.17620700597763367,0.5
cc8b7541-2e11-4ed6-b1f7-4e32b8a02f8a,14.58,measured_linear,/odom,0.17251332761152502,0.5
cc8b7541-2e11-4ed6-b1f7-4e32b8a02f8a,14.616000000000001,measured_linear,/odom,0.17608970640766716,0.5
cc8b7541-2e11-4ed6-b1f7-4e32b8a02f8a,14.652000000000001,measured_linear,/odom,0.17722690105437627,0.5
cc8b7541-2e11-4ed6-b1f7-4e32b8a02f8a,14.688,measured_linear,/odom,0.18245328929254453,0.5
cc8b7541-2e11-4ed6-b1f7-4e32b8a02f8a,14.724,measured_linear,/odom,0.18154413998126379,0.5
cc8b7541-2e11-4ed6-b1f7-4e32b8a02f8a,14.760000000000002,measured_linear,/odom,0.18043492734461558,0.5
cc8b7541-2e11-4ed6-b1f7-4e32b8a02f8a,14.796000000000001,measured_linear,/odom,0.18043492734430844,0.5
cc8b7541-2e11-4ed6-b1f7-4e32b8a02f8a,14.832,measured_linear,/odom,0.18473408757327392,0.5
cc8b7541-2e11-4ed6-b1f7-4e32b8a02f8a,14.868,measured_linear,/odom,0.1834185525779556,0.5
cc8b7541-2e11-4ed6-b1f7-4e32b8a02f8a,14.904000000000002,measured_linear,/odom,0.1816498041152951,0.5
cc8b7541-2e11-4ed6-b1f7-4e32b8a02f8a,14.940000000000001,measured_linear,/odom,0.18164980411529696,0.5
cc8b7541-2e11-4ed6-b1f7-4e32b8a02f8a,14.976,measured_linear,/odom,0.18427331982761216,0.5
cc8b7541-2e11-4ed6-b1f7-4e32b8a02f8a,15.012,measured_linear,/odom,0.18428131937999565,0.5
cc8b7541-2e11-4ed6-b1f7-4e32b8a02f8a,15.048000000000002,measured_linear,/odom,0.18428131937981984,0.5
cc8b7541-2e11-4ed6-b1f7-4e32b8a02f8a,15.084000000000001,measured_linear,/odom,0.1845886558294189,0.5
cc8b7541-2e11-4ed6-b1f7-4e32b8a02f8a,15.120000000000001,measured_linear,/odom,0.1862232536073094,0.5
cc8b7541-2e11-4ed6-b1f7-4e32b8a02f8a,15.156,measured_linear,/odom,0.18713056743113746,0.5
cc8b7541-2e11-4ed6-b1f7-4e32b8a02f8a,15.192,measured_linear,/odom,0.18735739588736092,0.5
cc8b7541-2e11-4ed6-b1f7-4e32b8a02f8a,15.228000000000002,measured_linear,/odom,0.18557758927399415,0.5
cc8b7541-2e11-4ed6-b1f7-4e32b8a02f8a,15.264000000000001,measured_linear,/odom,0.1800407171255773,0.5
cc8b7541-2e11-4ed6-b1f7-4e32b8a02f8a,15.3,measured_linear,/odom,0.1800407171249463,0.5
cc8b7541-2e11-4ed6-b1f7-4e32b8a02f8a,15.336,measured_linear,/odom,0.17777471542434845,0.5
cc8b7541-2e11-4ed6-b1f7-4e32b8a02f8a,15.372000000000002,measured_linear,/odom,0.18069108514690752,0.5
cc8b7541-2e11-4ed6-b1f7-4e32b8a02f8a,15.408000000000001,measured_linear,/odom,0.17668845267424513,0.5
cc8b7541-2e11-4ed6-b1f7-4e32b8a02f8a,15.444,measured_linear,/odom,0.1760493814945067,0.5
cc8b7541-2e11-4ed6-b1f7-4e32b8a02f8a,15.48,measured_linear,/odom,0.18043107329484,0.5
cc8b7541-2e11-4ed6-b1f7-4e32b8a02f8a,15.516000000000002,measured_linear,/odom,0.18155256211723575,0.5
cc8b7541-2e11-4ed6-b1f7-4e32b8a02f8a,15.552000000000001,measured_linear,/odom,0.18179455399512748,0.5
cc8b7541-2e11-4ed6-b1f7-4e32b8a02f8a,15.588000000000001,measured_linear,/odom,0.1835596755141463,0.5
cc8b7541-2e11-4ed6-b1f7-4e32b8a02f8a,15.624,measured_linear,/odom,0.18266193568706363,0.5
cc8b7541-2e11-4ed6-b1f7-4e32b8a02f8a,15.66,measured_linear,/odom,0.18314041197287634,0.5
cc8b7541-2e11-4ed6-b1f7-4e32b8a02f8a,15.696000000000002,measured_linear,/odom,0.18314041197300587,0.5
cc8b7541-2e11-4ed6-b1f7-4e32b8a02f8a,15.732000000000001,measured_linear,/odom,0.1815819740299614,0.5
cc8b7541-2e11-4ed6-b1f7-4e32b8a02f8a,15.768,measured_linear,/odom,0.18039496243035802,0.5
cc8b7541-2e11-4ed6-b1f7-4e32b8a02f8a,15.804,measured_linear,/odom,0.17528432607704464,0.5
cc8b7541-2e11-4ed6-b1f7-4e32b8a02f8a,15.840000000000002,measured_linear,/odom,0.17528432607650615,0.5
cc8b7541-2e11-4ed6-b1f7-4e32b8a02f8a,15.876000000000001,measured_linear,/odom,0.17590603828408677,0.5
cc8b7541-2e11-4ed6-b1f7-4e32b8a02f8a,15.912,measured_linear,/odom,0.17528265714665997,0.5
cc8b7541-2e11-4ed6-b1f7-4e32b8a02f8a,15.948,measured_linear,/odom,0.17528265714646013,0.5
cc8b7541-2e11-4ed6-b1f7-4e32b8a02f8a,15.984000000000002,measured_linear,/odom,0.17341874539852736,0.5
cc8b7541-2e11-4ed6-b1f7-4e32b8a02f8a,16.02,measured_linear,/odom,0.18148643042797397,0.5
cc8b7541-2e11-4ed6-b1f7-4e32b8a02f8a,16.056,measured_linear,/odom,0.18259377479546424,0.5
cc8b7541-2e11-4ed6-b1f7-4e32b8a02f8a,16.092000000000002,measured_linear,/odom,0.18264763057231906,0.5
cc8b7541-2e11-4ed6-b1f7-4e32b8a02f8a,16.128,measured_linear,/odom,0.1830242529510288,0.5
cc8b7541-2e11-4ed6-b1f7-4e32b8a02f8a,16.164,measured_linear,/odom,0.18439391255379486,0.5
cc8b7541-2e11-4ed6-b1f7-4e32b8a02f8a,16.2,measured_linear,/odom,0.184393912553793,0.5
cc8b7541-2e11-4ed6-b1f7-4e32b8a02f8a,16.236,measured_linear,/odom,0.18461037278167208,0.5
cc8b7541-2e11-4ed6-b1f7-4e32b8a02f8a,16.272000000000002,measured_linear,/odom,0.184009462595162,0.5
cc8b7541-2e11-4ed6-b1f7-4e32b8a02f8a,16.308,measured_linear,/odom,0.18226657658867623,0.5
cc8b7541-2e11-4ed6-b1f7-4e32b8a02f8a,16.344,measured_linear,/odom,0.18207292258738775,0.5
cc8b7541-2e11-4ed6-b1f7-4e32b8a02f8a,16.380000000000003,measured_linear,/odom,0.18095694482357,0.5
cc8b7541-2e11-4ed6-b1f7-4e32b8a02f8a,16.416,measured_linear,/odom,0.17846774668779744,0.5
cc8b7541-2e11-4ed6-b1f7-4e32b8a02f8a,16.452,measured_linear,/odom,0.1778295189142113,0.5
cc8b7541-2e11-4ed6-b1f7-4e32b8a02f8a,16.488,measured_linear,/odom,0.1757111772901221,0.5
cc8b7541-2e11-4ed6-b1f7-4e32b8a02f8a,16.524,measured_linear,/odom,0.1759573817253039,0.5
cc8b7541-2e11-4ed6-b1f7-4e32b8a02f8a,16.560000000000002,measured_linear,/odom,0.17690145969366428,0.5
cc8b7541-2e11-4ed6-b1f7-4e32b8a02f8a,16.596,measured_linear,/odom,0.17690145969391408,0.5
cc8b7541-2e11-4ed6-b1f7-4e32b8a02f8a,16.632,measured_linear,/odom,0.18240183381875164,0.5
cc8b7541-2e11-4ed6-b1f7-4e32b8a02f8a,16.668000000000003,measured_linear,/odom,0.17483832605160174,0.5
cc8b7541-2e11-4ed6-b1f7-4e32b8a02f8a,16.704,measured_linear,/odom,0.17401406168937594,0.5
cc8b7541-2e11-4ed6-b1f7-4e32b8a02f8a,16.740000000000002,measured_linear,/odom,0.1740140616893778,0.5
cc8b7541-2e11-4ed6-b1f7-4e32b8a02f8a,16.776,measured_linear,/odom,0.17097974927532028,0.5
cc8b7541-2e11-4ed6-b1f7-4e32b8a02f8a,16.812,measured_linear,/odom,0.17361678867244268,0.5
cc8b7541-2e11-4ed6-b1f7-4e32b8a02f8a,16.848000000000003,measured_linear,/odom,0.17367333173751534,0.5
cc8b7541-2e11-4ed6-b1f7-4e32b8a02f8a,16.884,measured_linear,/odom,0.17246785759927333,0.5
cc8b7541-2e11-4ed6-b1f7-4e32b8a02f8a,16.92,measured_linear,/odom,0.16825483651281373,0.5
cc8b7541-2e11-4ed6-b1f7-4e32b8a02f8a,16.956,measured_linear,/odom,0.16741593480132935,0.5
cc8b7541-2e11-4ed6-b1f7-4e32b8a02f8a,16.992,measured_linear,/odom,0.16723990440367836,0.5
cc8b7541-2e11-4ed6-b1f7-4e32b8a02f8a,17.028000000000002,measured_linear,/odom,0.1617394569891554,0.5
cc8b7541-2e11-4ed6-b1f7-4e32b8a02f8a,17.064,measured_linear,/odom,0.1599115431308677,0.5
cc8b7541-2e11-4ed6-b1f7-4e32b8a02f8a,17.1,measured_linear,/odom,0.1599115431308677,0.5
cc8b7541-2e11-4ed6-b1f7-4e32b8a02f8a,17.136000000000003,measured_linear,/odom,0.15593316913985839,0.5
cc8b7541-2e11-4ed6-b1f7-4e32b8a02f8a,17.172,measured_linear,/odom,0.14845468733490166,0.5
cc8b7541-2e11-4ed6-b1f7-4e32b8a02f8a,17.208000000000002,measured_linear,/odom,0.15118880658051928,0.5
cc8b7541-2e11-4ed6-b1f7-4e32b8a02f8a,17.244,measured_linear,/odom,0.1516037136316169,0.5
cc8b7541-2e11-4ed6-b1f7-4e32b8a02f8a,17.28,measured_linear,/odom,0.148866817355886,0.5
cc8b7541-2e11-4ed6-b1f7-4e32b8a02f8a,17.316000000000003,measured_linear,/odom,0.14746746718929576,0.5
cc8b7541-2e11-4ed6-b1f7-4e32b8a02f8a,17.352,measured_linear,/odom,0.14711762964723835,0.5
cc8b7541-2e11-4ed6-b1f7-4e32b8a02f8a,17.388,measured_linear,/odom,0.14482691586088134,0.5
cc8b7541-2e11-4ed6-b1f7-4e32b8a02f8a,17.424,measured_linear,/odom,0.14430333673952261,0.5
cc8b7541-2e11-4ed6-b1f7-4e32b8a02f8a,17.46,measured_linear,/odom,0.14278031885665013,0.5
cc8b7541-2e11-4ed6-b1f7-4e32b8a02f8a,17.496000000000002,measured_linear,/odom,0.14278031885623932,0.5
cc8b7541-2e11-4ed6-b1f7-4e32b8a02f8a,17.532,measured_linear,/odom,0.1443858295674579,0.5
cc8b7541-2e11-4ed6-b1f7-4e32b8a02f8a,17.568,measured_linear,/odom,0.14503229558446112,0.5
cc8b7541-2e11-4ed6-b1f7-4e32b8a02f8a,17.604000000000003,measured_linear,/odom,0.1453847885131661,0.5
cc8b7541-2e11-4ed6-b1f7-4e32b8a02f8a,17.64,measured_linear,/odom,0.14538478851316244,0.5
cc8b7541-2e11-4ed6-b1f7-4e32b8a02f8a,17.676000000000002,measured_linear,/odom,0.14298423142513245,0.5
cc8b7541-2e11-4ed6-b1f7-4e32b8a02f8a,17.712,measured_linear,/odom,0.14690401940217201,0.5
cc8b7541-2e11-4ed6-b1f7-4e32b8a02f8a,17.748,measured_linear,/odom,0.14707291126250616,0.5
cc8b7541-2e11-4ed6-b1f7-4e32b8a02f8a,17.784000000000002,measured_linear,/odom,0.14672765135766613,0.5
cc8b7541-2e11-4ed6-b1f7-4e32b8a02f8a,17.82,measured_linear,/odom,0.14971742033877228,0.5
cc8b7541-2e11-4ed6-b1f7-4e32b8a02f8a,17.856,measured_linear,/odom,0.14651016504878173,0.5
cc8b7541-2e11-4ed6-b1f7-4e32b8a02f8a,17.892,measured_linear,/odom,0.14556419849397112,0.5
cc8b7541-2e11-4ed6-b1f7-4e32b8a02f8a,17.928,measured_linear,/odom,0.14225305528741866,0.5
cc8b7541-2e11-4ed6-b1f7-4e32b8a02f8a,17.964000000000002,measured_linear,/odom,0.13883997499943107,0.5
cc8b7541-2e11-4ed6-b1f7-4e32b8a02f8a,18.0,measured_linear,/odom,0.13883997499943107,0.5
cc8b7541-2e11-4ed6-b1f7-4e32b8a02f8a,18.036,measured_linear,/odom,0.1449267950272855,0.5
cc8b7541-2e11-4ed6-b1f7-4e32b8a02f8a,18.072000000000003,measured_linear,/odom,0.15052705942307787,0.5
cc8b7541-2e11-4ed6-b1f7-4e32b8a02f8a,18.108,measured_linear,/odom,0.15432618646505541,0.5
cc8b7541-2e11-4ed6-b1f7-4e32b8a02f8a,18.144000000000002,measured_linear,/odom,0.15489979088309327,0.5
cc8b7541-2e11-4ed6-b1f7-4e32b8a02f8a,18.18,measured_linear,/odom,0.15870820073973224,0.5
cc8b7541-2e11-4ed6-b1f7-4e32b8a02f8a,18.216,measured_linear,/odom,0.156697568298092,0.5
cc8b7541-2e11-4ed6-b1f7-4e32b8a02f8a,18.252000000000002,measured_linear,/odom,0.15617245435713967,0.5
cc8b7541-2e11-4ed6-b1f7-4e32b8a02f8a,18.288,measured_linear,/odom,0.15511970073015896,0.5
cc8b7541-2e11-4ed6-b1f7-4e32b8a02f8a,18.324,measured_linear,/odom,0.15681442618368235,0.5
cc8b7541-2e11-4ed6-b1f7-4e32b8a02f8a,18.36,measured_linear,/odom,0.15921714901859785,0.5
cc8b7541-2e11-4ed6-b1f7-4e32b8a02f8a,18.396,measured_linear,/odom,0.15921714901925288,0.5
cc8b7541-2e11-4ed6-b1f7-4e32b8a02f8a,18.432000000000002,measured_linear,/odom,0.15921147167681965,0.5
cc8b7541-2e11-4ed6-b1f7-4e32b8a02f8a,18.468,measured_linear,/odom,0.15727668702660846,0.5
cc8b7541-2e11-4ed6-b1f7-4e32b8a02f8a,18.504,measured_linear,/odom,0.15478181838988192,0.5
cc8b7541-2e11-4ed6-b1f7-4e32b8a02f8a,18.540000000000003,measured_linear,/odom,0.15478181838988192,0.5
cc8b7541-2e11-4ed6-b1f7-4e32b8a02f8a,18.576,measured_linear,/odom,0.15791145800243914,0.5
cc8b7541-2e11-4ed6-b1f7-4e32b8a02f8a,18.612000000000002,measured_linear,/odom,0.16095687448921905,0.5
cc8b7541-2e11-4ed6-b1f7-4e32b8a02f8a,18.648,measured_linear,/odom,0.1609568744898001,0.5
cc8b7541-2e11-4ed6-b1f7-4e32b8a02f8a,18.684,measured_linear,/odom,0.15768000483519226,0.5
cc8b7541-2e11-4ed6-b1f7-4e32b8a02f8a,18.720000000000002,measured_linear,/odom,0.1605261117211894,0.5
cc8b7541-2e11-4ed6-b1f7-4e32b8a02f8a,18.756,measured_linear,/odom,0.16192435324146048,0.5
cc8b7541-2e11-4ed6-b1f7-4e32b8a02f8a,18.792,measured_linear,/odom,0.16227391362191684,0.5
cc8b7541-2e11-4ed6-b1f7-4e32b8a02f8a,18.828,measured_linear,/odom,0.1645962506525674,0.5
cc8b7541-2e11-4ed6-b1f7-4e32b8a02f8a,18.864,measured_linear,/odom,0.16227377951147184,0.5
cc8b7541-2e11-4ed6-b1f7-4e32b8a02f8a,18.900000000000002,measured_linear,/odom,0.16227377951147925,0.5
cc8b7541-2e11-4ed6-b1f7-4e32b8a02f8a,18.936,measured_linear,/odom,0.16045551598134294,0.5
cc8b7541-2e11-4ed6-b1f7-4e32b8a02f8a,18.972,measured_linear,/odom,0.16253107786107965,0.5
cc8b7541-2e11-4ed6-b1f7-4e32b8a02f8a,19.011000000000003,measured_linear,/odom,0.1617122933270247,0.5
cc8b7541-2e11-4ed6-b1f7-4e32b8a02f8a,19.044,measured_linear,/odom,0.16162131726741674,0.5
cc8b7541-2e11-4ed6-b1f7-4e32b8a02f8a,19.080000000000002,measured_linear,/odom,0.15779330046281995,0.5
cc8b7541-2e11-4ed6-b1f7-4e32b8a02f8a,19.116,measured_linear,/odom,0.16050040660997947,0.5
cc8b7541-2e11-4ed6-b1f7-4e32b8a02f8a,19.152,measured_linear,/odom,0.1612714529037403,0.5
cc8b7541-2e11-4ed6-b1f7-4e32b8a02f8a,19.188000000000002,measured_linear,/odom,0.16446985988521898,0.5
cc8b7541-2e11-4ed6-b1f7-4e32b8a02f8a,19.224,measured_linear,/odom,0.155720447065244,0.5
cc8b7541-2e11-4ed6-b1f7-4e32b8a02f8a,19.26,measured_linear,/odom,0.1538843065504188,0.5
cc8b7541-2e11-4ed6-b1f7-4e32b8a02f8a,19.296000000000003,measured_linear,/odom,0.15388430655002283,0.5
cc8b7541-2e11-4ed6-b1f7-4e32b8a02f8a,19.332,measured_linear,/odom,0.1551714539524666,0.5
cc8b7541-2e11-4ed6-b1f7-4e32b8a02f8a,19.368000000000002,measured_linear,/odom,0.15552608221757563,0.5
cc8b7541-2e11-4ed6-b1f7-4e32b8a02f8a,19.404,measured_linear,/odom,0.1516968458893301,0.5
cc8b7541-2e11-4ed6-b1f7-4e32b8a02f8a,19.44,measured_linear,/odom,0.15169684588909327,0.5
cc8b7541-2e11-4ed6-b1f7-4e32b8a02f8a,19.476000000000003,measured_linear,/odom,0.15442088334465995,0.5
cc8b7541-2e11-4ed6-b1f7-4e32b8a02f8a,19.512,measured_linear,/odom,0.15884803025618677,0.5
cc8b7541-2e11-4ed6-b1f7-4e32b8a02f8a,19.548000000000002,measured_linear,/odom,0.15892450511454753,0.5
cc8b7541-2e11-4ed6-b1f7-4e32b8a02f8a,19.584,measured_linear,/odom,0.15636010468004224,0.5
cc8b7541-2e11-4ed6-b1f7-4e32b8a02f8a,19.62,measured_linear,/odom,0.158289507030925,0.5
cc8b7541-2e11-4ed6-b1f7-4e32b8a02f8a,19.656000000000002,measured_linear,/odom,0.1576168686153771,0.5
cc8b7541-2e11-4ed6-b1f7-4e32b8a02f8a,19.692,measured_linear,/odom,0.15744870901107655,0.5
cc8b7541-2e11-4ed6-b1f7-4e32b8a02f8a,19.728,measured_linear,/odom,0.16177910356386385,0.5
cc8b7541-2e11-4ed6-b1f7-4e32b8a02f8a,19.764000000000003,measured_linear,/odom,0.16102951765059417,0.5
cc8b7541-2e11-4ed6-b1f7-4e32b8a02f8a,19.8,measured_linear,/odom,0.16102951765059048,0.5
cc8b7541-2e11-4ed6-b1f7-4e32b8a02f8a,19.836000000000002,measured_linear,/odom,0.16091240644460952,0.5
cc8b7541-2e11-4ed6-b1f7-4e32b8a02f8a,19.872,measured_linear,/odom,0.15937793254895785,0.5
cc8b7541-2e11-4ed6-b1f7-4e32b8a02f8a,19.911,measured_linear,/odom,0.16114194095083373,0.5
cc8b7541-2e11-4ed6-b1f7-4e32b8a02f8a,19.944000000000003,measured_linear,/odom,0.16133794188500175,0.5
cc8b7541-2e11-4ed6-b1f7-4e32b8a02f8a,19.98,measured_linear,/odom,0.16538116572980543,0.5
cc8b7541-2e11-4ed6-b1f7-4e32b8a02f8a,20.016000000000002,measured_linear,/odom,0.16522120535383084,0.5
cc8b7541-2e11-4ed6-b1f7-4e32b8a02f8a,20.052,measured_linear,/odom,0.16515223681926966,0.5
cc8b7541-2e11-4ed6-b1f7-4e32b8a02f8a,20.088,measured_linear,/odom,0.1667591348285387,0.5
cc8b7541-2e11-4ed6-b1f7-4e32b8a02f8a,20.124000000000002,measured_linear,/odom,0.1651620417833251,0.5
cc8b7541-2e11-4ed6-b1f7-4e32b8a02f8a,20.16,measured_linear,/odom,0.16588856279828496,0.5
cc8b7541-2e11-4ed6-b1f7-4e32b8a02f8a,20.196,measured_linear,/odom,0.1658885627984737,0.5
cc8b7541-2e11-4ed6-b1f7-4e32b8a02f8a,20.232000000000003,measured_linear,/odom,0.16951196728841228,0.5
cc8b7541-2e11-4ed6-b1f7-4e32b8a02f8a,20.268,measured_linear,/odom,0.17290543107884024,0.5
cc8b7541-2e11-4ed6-b1f7-4e32b8a02f8a,20.304000000000002,measured_linear,/odom,0.17482976615429785,0.5
cc8b7541-2e11-4ed6-b1f7-4e32b8a02f8a,20.34,measured_linear,/odom,0.17482976615429785,0.5
cc8b7541-2e11-4ed6-b1f7-4e32b8a02f8a,20.376,measured_linear,/odom,0.17595027387103573,0.5
cc8b7541-2e11-4ed6-b1f7-4e32b8a02f8a,20.412000000000003,measured_linear,/odom,0.18018275140415282,0.5
cc8b7541-2e11-4ed6-b1f7-4e32b8a02f8a,20.448,measured_linear,/odom,0.18028856813910865,0.5
cc8b7541-2e11-4ed6-b1f7-4e32b8a02f8a,20.484,measured_linear,/odom,0.17461816966608165,0.5
cc8b7541-2e11-4ed6-b1f7-4e32b8a02f8a,20.52,measured_linear,/odom,0.17227847874228633,0.5
cc8b7541-2e11-4ed6-b1f7-4e32b8a02f8a,20.556,measured_linear,/odom,0.17186571657672087,0.5
cc8b7541-2e11-4ed6-b1f7-4e32b8a02f8a,20.592000000000002,measured_linear,/odom,0.17176252603530176,0.5
cc8b7541-2e11-4ed6-b1f7-4e32b8a02f8a,20.628,measured_linear,/odom,0.17467192201523113,0.5
cc8b7541-2e11-4ed6-b1f7-4e32b8a02f8a,20.664,measured_linear,/odom,0.17592689394953695,0.5
cc8b7541-2e11-4ed6-b1f7-4e32b8a02f8a,20.700000000000003,measured_linear,/odom,0.17592689394950362,0.5
cc8b7541-2e11-4ed6-b1f7-4e32b8a02f8a,20.736,measured_linear,/odom,0.1734357556828307,0.5
cc8b7541-2e11-4ed6-b1f7-4e32b8a02f8a,20.772000000000002,measured_linear,/odom,0.17406637966596766,0.5
cc8b7541-2e11-4ed6-b1f7-4e32b8a02f8a,20.811,measured_linear,/odom,0.1772855648269345,0.5
cc8b7541-2e11-4ed6-b1f7-4e32b8a02f8a,20.844,measured_linear,/odom,0.17771536111833203,0.5
cc8b7541-2e11-4ed6-b1f7-4e32b8a02f8a,20.880000000000003,measured_linear,/odom,0.1803350746624521,0.5
cc8b7541-2e11-4ed6-b1f7-4e32b8a02f8a,20.916,measured_linear,/odom,0.177787025881689,0.5
cc8b7541-2e11-4ed6-b1f7-4e32b8a02f8a,20.952,measured_linear,/odom,0.17712357640265647,0.5
cc8b7541-2e11-4ed6-b1f7-4e32b8a02f8a,20.988,measured_linear,/odom,0.17936654686860157,0.5
cc8b7541-2e11-4ed6-b1f7-4e32b8a02f8a,21.024,measured_linear,/odom,0.18037690222264163,0.5
cc8b7541-2e11-4ed6-b1f7-4e32b8a02f8a,21.060000000000002,measured_linear,/odom,0.17706613601538393,0.5
cc8b7541-2e11-4ed6-b1f7-4e32b8a02f8a,21.096,measured_linear,/odom,0.17703160643578095,0.5
cc8b7541-2e11-4ed6-b1f7-4e32b8a02f8a,21.132,measured_linear,/odom,0.17768123745900422,0.5
cc8b7541-2e11-4ed6-b1f7-4e32b8a02f8a,21.168000000000003,measured_linear,/odom,0.18269603638490323,0.5
cc8b7541-2e11-4ed6-b1f7-4e32b8a02f8a,21.204,measured_linear,/odom,0.180977880954758,0.5
cc8b7541-2e11-4ed6-b1f7-4e32b8a02f8a,21.240000000000002,measured_linear,/odom,0.1809778809547617,0.5
cc8b7541-2e11-4ed6-b1f7-4e32b8a02f8a,21.276,measured_linear,/odom,0.18261660337393443,0.5
cc8b7541-2e11-4ed6-b1f7-4e32b8a02f8a,21.312,measured_linear,/odom,0.17915391684879547,0.5
cc8b7541-2e11-4ed6-b1f7-4e32b8a02f8a,21.348000000000003,measured_linear,/odom,0.17905698716641866,0.5
cc8b7541-2e11-4ed6-b1f7-4e32b8a02f8a,21.384,measured_linear,/odom,0.18059992790224744,0.5
cc8b7541-2e11-4ed6-b1f7-4e32b8a02f8a,21.42,measured_linear,/odom,0.17543114186673311,0.5
cc8b7541-2e11-4ed6-b1f7-4e32b8a02f8a,21.456000000000003,measured_linear,/odom,0.1739261776213234,0.5
cc8b7541-2e11-4ed6-b1f7-4e32b8a02f8a,21.492,measured_linear,/odom,0.17361018061637926,0.5
cc8b7541-2e11-4ed6-b1f7-4e32b8a02f8a,21.528000000000002,measured_linear,/odom,0.17777573256361942,0.5
cc8b7541-2e11-4ed6-b1f7-4e32b8a02f8a,21.564,measured_linear,/odom,0.17882652580737773,0.5
cc8b7541-2e11-4ed6-b1f7-4e32b8a02f8a,21.6,measured_linear,/odom,0.17882652580739625,0.5
cc8b7541-2e11-4ed6-b1f7-4e32b8a02f8a,21.636000000000003,measured_linear,/odom,0.17875237762931356,0.5
cc8b7541-2e11-4ed6-b1f7-4e32b8a02f8a,21.672,measured_linear,/odom,0.18092250823913414,0.5
cc8b7541-2e11-4ed6-b1f7-4e32b8a02f8a,21.708000000000002,measured_linear,/odom,0.18143321424706205,0.5
cc8b7541-2e11-4ed6-b1f7-4e32b8a02f8a,21.744,measured_linear,/odom,0.1814899593591675,0.5
cc8b7541-2e11-4ed6-b1f7-4e32b8a02f8a,21.78,measured_linear,/odom,0.18143986165522671,0.5
cc8b7541-2e11-4ed6-b1f7-4e32b8a02f8a,21.816000000000003,measured_linear,/odom,0.18204483687857725,0.5
cc8b7541-2e11-4ed6-b1f7-4e32b8a02f8a,21.852,measured_linear,/odom,0.18219608068467857,0.5
cc8b7541-2e11-4ed6-b1f7-4e32b8a02f8a,21.888,measured_linear,/odom,0.17956172227940143,0.5
cc8b7541-2e11-4ed6-b1f7-4e32b8a02f8a,21.924000000000003,measured_linear,/odom,0.18155726790429022,0.5
cc8b7541-2e11-4ed6-b1f7-4e32b8a02f8a,21.96,measured_linear,/odom,0.18614316968789862,0.5
cc8b7541-2e11-4ed6-b1f7-4e32b8a02f8a,21.996000000000002,measured_linear,/odom,0.18631938099863407,0.5
cc8b7541-2e11-4ed6-b1f7-4e32b8a02f8a,22.032,measured_linear,/odom,0.1888974010937239,0.5
cc8b7541-2e11-4ed6-b1f7-4e32b8a02f8a,22.068,measured_linear,/odom,0.1869870916014797,0.5
cc8b7541-2e11-4ed6-b1f7-4e32b8a02f8a,22.104000000000003,measured_linear,/odom,0.1860482692718805,0.5
cc8b7541-2e11-4ed6-b1f7-4e32b8a02f8a,22.14,measured_linear,/odom,0.1860482692718583,0.5
cc8b7541-2e11-4ed6-b1f7-4e32b8a02f8a,22.176000000000002,measured_linear,/odom,0.1844799995427711,0.5
cc8b7541-2e11-4ed6-b1f7-4e32b8a02f8a,22.212,measured_linear,/odom,0.18638776242670224,0.5
cc8b7541-2e11-4ed6-b1f7-4e32b8a02f8a,22.248,measured_linear,/odom,0.18638776242732397,0.5
cc8b7541-2e11-4ed6-b1f7-4e32b8a02f8a,22.284000000000002,measured_linear,/odom,0.18882711231708038,0.5
cc8b7541-2e11-4ed6-b1f7-4e32b8a02f8a,22.32,measured_linear,/odom,0.187297299504711,0.5
cc8b7541-2e11-4ed6-b1f7-4e32b8a02f8a,22.356,measured_linear,/odom,0.18759510815132827,0.5
cc8b7541-2e11-4ed6-b1f7-4e32b8a02f8a,22.392000000000003,measured_linear,/odom,0.18766956031321577,0.5
cc8b7541-2e11-4ed6-b1f7-4e32b8a02f8a,22.428,measured_linear,/odom,0.1891736894841308,0.5
cc8b7541-2e11-4ed6-b1f7-4e32b8a02f8a,22.464000000000002,measured_linear,/odom,0.182348869467915,0.5
cc8b7541-2e11-4ed6-b1f7-4e32b8a02f8a,22.5,measured_linear,/odom,0.18223865330221353,0.5
cc8b7541-2e11-4ed6-b1f7-4e32b8a02f8a,22.536,measured_linear,/odom,0.18363778889131468,0.5
cc8b7541-2e11-4ed6-b1f7-4e32b8a02f8a,22.572000000000003,measured_linear,/odom,0.18293944001225673,0.5
cc8b7541-2e11-4ed6-b1f7-4e32b8a02f8a,22.608,measured_linear,/odom,0.18532188534664168,0.5
cc8b7541-2e11-4ed6-b1f7-4e32b8a02f8a,22.644000000000002,measured_linear,/odom,0.18558660149573153,0.5
cc8b7541-2e11-4ed6-b1f7-4e32b8a02f8a,22.68,measured_linear,/odom,0.18328602612081765,0.5
cc8b7541-2e11-4ed6-b1f7-4e32b8a02f8a,22.716,measured_linear,/odom,0.18244546949891155,0.5
cc8b7541-2e11-4ed6-b1f7-4e32b8a02f8a,22.752000000000002,measured_linear,/odom,0.1822353303432278,0.5
cc8b7541-2e11-4ed6-b1f7-4e32b8a02f8a,22.788,measured_linear,/odom,0.18274591565117607,0.5
cc8b7541-2e11-4ed6-b1f7-4e32b8a02f8a,22.824,measured_linear,/odom,0.1855757087468916,0.5
cc8b7541-2e11-4ed6-b1f7-4e32b8a02f8a,22.860000000000003,measured_linear,/odom,0.18230184973567026,0.5
cc8b7541-2e11-4ed6-b1f7-4e32b8a02f8a,22.896,measured_linear,/odom,0.18227142095564866,0.5
cc8b7541-2e11-4ed6-b1f7-4e32b8a02f8a,22.932000000000002,measured_linear,/odom,0.18400977551890446,0.5
cc8b7541-2e11-4ed6-b1f7-4e32b8a02f8a,22.968,measured_linear,/odom,0.1796885362400487,0.5
cc8b7541-2e11-4ed6-b1f7-4e32b8a02f8a,23.004,measured_linear,/odom,0.17994025349615433,0.5
cc8b7541-2e11-4ed6-b1f7-4e32b8a02f8a,23.040000000000003,measured_linear,/odom,0.17994025349616175,0.5
cc8b7541-2e11-4ed6-b1f7-4e32b8a02f8a,23.076,measured_linear,/odom,0.1798357427120608,0.5
cc8b7541-2e11-4ed6-b1f7-4e32b8a02f8a,23.112000000000002,measured_linear,/odom,0.17795188725046412,0.5
cc8b7541-2e11-4ed6-b1f7-4e32b8a02f8a,23.148,measured_linear,/odom,0.17795188724996083,0.5
cc8b7541-2e11-4ed6-b1f7-4e32b8a02f8a,23.184,measured_linear,/odom,0.17811220884322854,0.5
cc8b7541-2e11-4ed6-b1f7-4e32b8a02f8a,23.220000000000002,measured_linear,/odom,0.17754049599187915,0.5
cc8b7541-2e11-4ed6-b1f7-4e32b8a02f8a,23.256,measured_linear,/odom,0.1776377469301001,0.5
cc8b7541-2e11-4ed6-b1f7-4e32b8a02f8a,23.292,measured_linear,/odom,0.17766205966472565,0.5
cc8b7541-2e11-4ed6-b1f7-4e32b8a02f8a,23.328000000000003,measured_linear,/odom,0.1802493318907435,0.5
cc8b7541-2e11-4ed6-b1f7-4e32b8a02f8a,23.364,measured_linear,/odom,0.17967988550661546,0.5
cc8b7541-2e11-4ed6-b1f7-4e32b8a02f8a,23.400000000000002,measured_linear,/odom,0.17967988550662287,0.5
cc8b7541-2e11-4ed6-b1f7-4e32b8a02f8a,23.436,measured_linear,/odom,0.17862320244349156,0.5
cc8b7541-2e11-4ed6-b1f7-4e32b8a02f8a,23.472,measured_linear,/odom,0.1759923845535916,0.5
cc8b7541-2e11-4ed6-b1f7-4e32b8a02f8a,23.511000000000003,measured_linear,/odom,0.1707740593331231,0.5
cc8b7541-2e11-4ed6-b1f7-4e32b8a02f8a,23.544,measured_linear,/odom,0.16982334852219486,0.5
cc8b7541-2e11-4ed6-b1f7-4e32b8a02f8a,23.580000000000002,measured_linear,/odom,0.1656130766999479,0.5
cc8b7541-2e11-4ed6-b1f7-4e32b8a02f8a,23.616000000000003,measured_linear,/odom,0.16472426950958258,0.5
cc8b7541-2e11-4ed6-b1f7-4e32b8a02f8a,23.652,measured_linear,/odom,0.164535686373742,0.5
cc8b7541-2e11-4ed6-b1f7-4e32b8a02f8a,23.688000000000002,measured_linear,/odom,0.1630328312520894,0.5
cc8b7541-2e11-4ed6-b1f7-4e32b8a02f8a,23.724,measured_linear,/odom,0.16409057378773034,0.5
cc8b7541-2e11-4ed6-b1f7-4e32b8a02f8a,23.76,measured_linear,/odom,0.16612638533062277,0.5
cc8b7541-2e11-4ed6-b1f7-4e32b8a02f8a,23.796000000000003,measured_linear,/odom,0.16612638533117788,0.5
cc8b7541-2e11-4ed6-b1f7-4e32b8a02f8a,23.832,measured_linear,/odom,0.16380438208638548,0.5
cc8b7541-2e11-4ed6-b1f7-4e32b8a02f8a,23.868000000000002,measured_linear,/odom,0.1647225826975962,0.5
cc8b7541-2e11-4ed6-b1f7-4e32b8a02f8a,23.904,measured_linear,/odom,0.16016879677813733,0.5
cc8b7541-2e11-4ed6-b1f7-4e32b8a02f8a,23.94,measured_linear,/odom,0.16016879677769325,0.5
cc8b7541-2e11-4ed6-b1f7-4e32b8a02f8a,23.976000000000003,measured_linear,/odom,0.15968595147148879,0.5
cc8b7541-2e11-4ed6-b1f7-4e32b8a02f8a,24.012,measured_linear,/odom,0.1597591489552815,0.5
cc8b7541-2e11-4ed6-b1f7-4e32b8a02f8a,24.048000000000002,measured_linear,/odom,0.1597591489553333,0.5
cc8b7541-2e11-4ed6-b1f7-4e32b8a02f8a,24.084000000000003,measured_linear,/odom,0.16018851101398113,0.5
cc8b7541-2e11-4ed6-b1f7-4e32b8a02f8a,24.12,measured_linear,/odom,0.16243690252243742,0.5
cc8b7541-2e11-4ed6-b1f7-4e32b8a02f8a,24.156000000000002,measured_linear,/odom,0.16447056531835685,0.5
cc8b7541-2e11-4ed6-b1f7-4e32b8a02f8a,24.192,measured_linear,/odom,0.1649789810180306,0.5
cc8b7541-2e11-4ed6-b1f7-4e32b8a02f8a,24.228,measured_linear,/odom,0.16785667924793152,0.5
cc8b7541-2e11-4ed6-b1f7-4e32b8a02f8a,24.264000000000003,measured_linear,/odom,0.16516560316089576,0.5
cc8b7541-2e11-4ed6-b1f7-4e32b8a02f8a,24.3,measured_linear,/odom,0.16516560316089574,0.5
cc8b7541-2e11-4ed6-b1f7-4e32b8a02f8a,24.336000000000002,measured_linear,/odom,0.16334056854310958,0.5
cc8b7541-2e11-4ed6-b1f7-4e32b8a02f8a,24.372,measured_linear,/odom,0.15976439626303277,0.5
cc8b7541-2e11-4ed6-b1f7-4e32b8a02f8a,24.411,measured_linear,/odom,0.16071143746350103,0.5
cc8b7541-2e11-4ed6-b1f7-4e32b8a02f8a,24.444000000000003,measured_linear,/odom,0.16081814467910532,0.5
cc8b7541-2e11-4ed6-b1f7-4e32b8a02f8a,24.48,measured_linear,/odom,0.1617194265124633,0.5
cc8b7541-2e11-4ed6-b1f7-4e32b8a02f8a,24.516000000000002,measured_linear,/odom,0.15998079478796906,0.5
cc8b7541-2e11-4ed6-b1f7-4e32b8a02f8a,24.552000000000003,measured_linear,/odom,0.15954613685607763,0.5
cc8b7541-2e11-4ed6-b1f7-4e32b8a02f8a,24.588,measured_linear,/odom,0.16155453473271447,0.5
cc8b7541-2e11-4ed6-b1f7-4e32b8a02f8a,24.624000000000002,measured_linear,/odom,0.15789897739912168,0.5
cc8b7541-2e11-4ed6-b1f7-4e32b8a02f8a,24.66,measured_linear,/odom,0.1563159972433503,0.5
cc8b7541-2e11-4ed6-b1f7-4e32b8a02f8a,24.696,measured_linear,/odom,0.15631599724292106,0.5
cc8b7541-2e11-4ed6-b1f7-4e32b8a02f8a,24.732000000000003,measured_linear,/odom,0.15543507039570414,0.5
cc8b7541-2e11-4ed6-b1f7-4e32b8a02f8a,24.768,measured_linear,/odom,0.1576610222451998,0.5
cc8b7541-2e11-4ed6-b1f7-4e32b8a02f8a,24.804000000000002,measured_linear,/odom,0.15937332808975876,0.5
cc8b7541-2e11-4ed6-b1f7-4e32b8a02f8a,24.84,measured_linear,/odom,0.15937332808975876,0.5
cc8b7541-2e11-4ed6-b1f7-4e32b8a02f8a,24.876,measured_linear,/odom,0.15968594253056673,0.5
cc8b7541-2e11-4ed6-b1f7-4e32b8a02f8a,24.912000000000003,measured_linear,/odom,0.158652096987059,0.5
cc8b7541-2e11-4ed6-b1f7-4e32b8a02f8a,24.948,measured_linear,/odom,0.15865209698674074,0.5
cc8b7541-2e11-4ed6-b1f7-4e32b8a02f8a,24.984,measured_linear,/odom,0.15659344196316355,0.5
cc8b7541-2e11-4ed6-b1f7-4e32b8a02f8a,25.020000000000003,measured_linear,/odom,0.15555061399964804,0.5
cc8b7541-2e11-4ed6-b1f7-4e32b8a02f8a,25.056,measured_linear,/odom,0.15320666134435906,0.5
cc8b7541-2e11-4ed6-b1f7-4e32b8a02f8a,25.092000000000002,measured_linear,/odom,0.15262067317960426,0.5
cc8b7541-2e11-4ed6-b1f7-4e32b8a02f8a,25.128,measured_linear,/odom,0.15479485839536472,0.5
cc8b7541-2e11-4ed6-b1f7-4e32b8a02f8a,25.164,measured_linear,/odom,0.14688962372690906,0.5
cc8b7541-2e11-4ed6-b1f7-4e32b8a02f8a,25.200000000000003,measured_linear,/odom,0.14665108919145925,0.5
cc8b7541-2e11-4ed6-b1f7-4e32b8a02f8a,25.236,measured_linear,/odom,0.14610395431539452,0.5
cc8b7541-2e11-4ed6-b1f7-4e32b8a02f8a,25.272000000000002,measured_linear,/odom,0.14353935420576835,0.5
cc8b7541-2e11-4ed6-b1f7-4e32b8a02f8a,25.308,measured_linear,/odom,0.146018104254401,0.5
cc8b7541-2e11-4ed6-b1f7-4e32b8a02f8a,25.344,measured_linear,/odom,0.14629352092737263,0.5
cc8b7541-2e11-4ed6-b1f7-4e32b8a02f8a,25.380000000000003,measured_linear,/odom,0.1439816355711591,0.5
cc8b7541-2e11-4ed6-b1f7-4e32b8a02f8a,25.416,measured_linear,/odom,0.14216394424496998,0.5
cc8b7541-2e11-4ed6-b1f7-4e32b8a02f8a,25.452,measured_linear,/odom,0.14170952141280652,0.5
cc8b7541-2e11-4ed6-b1f7-4e32b8a02f8a,25.488000000000003,measured_linear,/odom,0.1390991687782487,0.5
cc8b7541-2e11-4ed6-b1f7-4e32b8a02f8a,25.524,measured_linear,/odom,0.13664716482157205,0.5
cc8b7541-2e11-4ed6-b1f7-4e32b8a02f8a,25.560000000000002,measured_linear,/odom,0.13754141330695194,0.5
cc8b7541-2e11-4ed6-b1f7-4e32b8a02f8a,25.596,measured_linear,/odom,0.13754141330719616,0.5
cc8b7541-2e11-4ed6-b1f7-4e32b8a02f8a,25.632,measured_linear,/odom,0.13684417307400218,0.5
cc8b7541-2e11-4ed6-b1f7-4e32b8a02f8a,25.668000000000003,measured_linear,/odom,0.14158451645226813,0.5
cc8b7541-2e11-4ed6-b1f7-4e32b8a02f8a,25.704,measured_linear,/odom,0.14341503381725132,0.5
cc8b7541-2e11-4ed6-b1f7-4e32b8a02f8a,25.740000000000002,measured_linear,/odom,0.14341503381724388,0.5
cc8b7541-2e11-4ed6-b1f7-4e32b8a02f8a,25.776000000000003,measured_linear,/odom,0.141807699204044,0.5
cc8b7541-2e11-4ed6-b1f7-4e32b8a02f8a,25.812,measured_linear,/odom,0.13736248077274768,0.5
cc8b7541-2e11-4ed6-b1f7-4e32b8a02f8a,25.848000000000003,measured_linear,/odom,0.13724654912955864,0.5
cc8b7541-2e11-4ed6-b1f7-4e32b8a02f8a,25.884,measured_linear,/odom,0.1388566642999578,0.5
cc8b7541-2e11-4ed6-b1f7-4e32b8a02f8a,25.92,measured_linear,/odom,0.1359775215395172,0.5
cc8b7541-2e11-4ed6-b1f7-4e32b8a02f8a,25.956000000000003,measured_linear,/odom,0.13641109764563158,0.5
cc8b7541-2e11-4ed6-b1f7-4e32b8a02f8a,25.992,measured_linear,/odom,0.1365194916725339,0.5
cc8b7541-2e11-4ed6-b1f7-4e32b8a02f8a,26.028000000000002,measured_linear,/odom,0.13590993285198896,0.5
cc8b7541-2e11-4ed6-b1f7-4e32b8a02f8a,26.064,measured_linear,/odom,0.1350453644991608,0.5
cc8b7541-2e11-4ed6-b1f7-4e32b8a02f8a,26.1,measured_linear,/odom,0.1350453644991534,0.5
cc8b7541-2e11-4ed6-b1f7-4e32b8a02f8a,26.136000000000003,measured_linear,/odom,0.13581660091851094,0.5
cc8b7541-2e11-4ed6-b1f7-4e32b8a02f8a,26.172,measured_linear,/odom,0.13366590440338683,0.5
cc8b7541-2e11-4ed6-b1f7-4e32b8a02f8a,26.208000000000002,measured_linear,/odom,0.13107918202951802,0.5
cc8b7541-2e11-4ed6-b1f7-4e32b8a02f8a,26.244000000000003,measured_linear,/odom,0.13079176843170764,0.5
cc8b7541-2e11-4ed6-b1f7-4e32b8a02f8a,26.28,measured_linear,/odom,0.13225814700090766,0.5
cc8b7541-2e11-4ed6-b1f7-4e32b8a02f8a,26.316000000000003,measured_linear,/odom,0.13208490014086452,0.5
cc8b7541-2e11-4ed6-b1f7-4e32b8a02f8a,26.352,measured_linear,/odom,0.13204158842569463,0.5
cc8b7541-2e11-4ed6-b1f7-4e32b8a02f8a,26.388,measured_linear,/odom,0.13023848682699085,0.5
cc8b7541-2e11-4ed6-b1f7-4e32b8a02f8a,26.424000000000003,measured_linear,/odom,0.1304531693458566,0.5
cc8b7541-2e11-4ed6-b1f7-4e32b8a02f8a,26.46,measured_linear,/odom,0.13171006739112204,0.5
cc8b7541-2e11-4ed6-b1f7-4e32b8a02f8a,26.496000000000002,measured_linear,/odom,0.13171006739146987,0.5
cc8b7541-2e11-4ed6-b1f7-4e32b8a02f8a,26.532,measured_linear,/odom,0.13175326585768143,0.5
cc8b7541-2e11-4ed6-b1f7-4e32b8a02f8a,26.568,measured_linear,/odom,0.1312895923854418,0.5
cc8b7541-2e11-4ed6-b1f7-4e32b8a02f8a,26.604000000000003,measured_linear,/odom,0.1274430304767593,0.5
cc8b7541-2e11-4ed6-b1f7-4e32b8a02f8a,26.64,measured_linear,/odom,0.12744303047654468,0.5
cc8b7541-2e11-4ed6-b1f7-4e32b8a02f8a,26.676000000000002,measured_linear,/odom,0.12557404339379463,0.5
cc8b7541-2e11-4ed6-b1f7-4e32b8a02f8a,26.712000000000003,measured_linear,/odom,0.12537971138949872,0.5
cc8b7541-2e11-4ed6-b1f7-4e32b8a02f8a,26.748,measured_linear,/odom,0.1253797113895727,0.5
cc8b7541-2e11-4ed6-b1f7-4e32b8a02f8a,26.784000000000002,measured_linear,/odom,0.12572525441640892,0.5
cc8b7541-2e11-4ed6-b1f7-4e32b8a02f8a,26.82,measured_linear,/odom,0.12348765134876741,0.5
cc8b7541-2e11-4ed6-b1f7-4e32b8a02f8a,26.856,measured_linear,/odom,0.12404162883744943,0.5
cc8b7541-2e11-4ed6-b1f7-4e32b8a02f8a,26.892000000000003,measured_linear,/odom,0.12418012320999001,0.5
cc8b7541-2e11-4ed6-b1f7-4e32b8a02f8a,26.928,measured_linear,/odom,0.12568234801250502,0.5
cc8b7541-2e11-4ed6-b1f7-4e32b8a02f8a,26.964000000000002,measured_linear,/odom,0.12560416758057674,0.5
cc8b7541-2e11-4ed6-b1f7-4e32b8a02f8a,27.0,measured_linear,/odom,0.12560416758066556,0.5
cc8b7541-2e11-4ed6-b1f7-4e32b8a02f8a,27.036,measured_linear,/odom,0.12374941408695624,0.5
cc8b7541-2e11-4ed6-b1f7-4e32b8a02f8a,27.072000000000003,measured_linear,/odom,0.12261833250539016,0.5
cc8b7541-2e11-4ed6-b1f7-4e32b8a02f8a,27.111,measured_linear,/odom,0.11888808519956069,0.5
cc8b7541-2e11-4ed6-b1f7-4e32b8a02f8a,27.144000000000002,measured_linear,/odom,0.11833052337169025,0.5
cc8b7541-2e11-4ed6-b1f7-4e32b8a02f8a,27.180000000000003,measured_linear,/odom,0.11883174777012802,0.5
cc8b7541-2e11-4ed6-b1f7-4e32b8a02f8a,27.216,measured_linear,/odom,0.11873511374001684,0.5
cc8b7541-2e11-4ed6-b1f7-4e32b8a02f8a,27.252000000000002,measured_linear,/odom,0.11869703233241176,0.5
cc8b7541-2e11-4ed6-b1f7-4e32b8a02f8a,27.288,measured_linear,/odom,0.11931647509317116,0.5
cc8b7541-2e11-4ed6-b1f7-4e32b8a02f8a,27.324,measured_linear,/odom,0.11706549674274462,0.5
cc8b7541-2e11-4ed6-b1f7-4e32b8a02f8a,27.360000000000003,measured_linear,/odom,0.11760823428616322,0.5
cc8b7541-2e11-4ed6-b1f7-4e32b8a02f8a,27.396,measured_linear,/odom,0.11760823428627423,0.5
cc8b7541-2e11-4ed6-b1f7-4e32b8a02f8a,27.432000000000002,measured_linear,/odom,0.11912339180664144,0.5
cc8b7541-2e11-4ed6-b1f7-4e32b8a02f8a,27.468,measured_linear,/odom,0.11665044203469735,0.5
cc8b7541-2e11-4ed6-b1f7-4e32b8a02f8a,27.504,measured_linear,/odom,0.11642131954433901,0.5
cc8b7541-2e11-4ed6-b1f7-4e32b8a02f8a,27.540000000000003,measured_linear,/odom,0.11642131954433162,0.5
cc8b7541-2e11-4ed6-b1f7-4e32b8a02f8a,27.576,measured_linear,/odom,0.1175792708989117,0.5
cc8b7541-2e11-4ed6-b1f7-4e32b8a02f8a,27.612000000000002,measured_linear,/odom,0.11643242836035424,0.5
cc8b7541-2e11-4ed6-b1f7-4e32b8a02f8a,27.648000000000003,measured_linear,/odom,0.11643242835996195,0.5
cc8b7541-2e11-4ed6-b1f7-4e32b8a02f8a,27.684,measured_linear,/odom,0.11394379287958945,0.5
cc8b7541-2e11-4ed6-b1f7-4e32b8a02f8a,27.720000000000002,measured_linear,/odom,0.11041857735608987,0.5
cc8b7541-2e11-4ed6-b1f7-4e32b8a02f8a,27.756,measured_linear,/odom,0.11085388958436877,0.5
cc8b7541-2e11-4ed6-b1f7-4e32b8a02f8a,27.792,measured_linear,/odom,0.11097730696201977,0.5
cc8b7541-2e11-4ed6-b1f7-4e32b8a02f8a,27.828000000000003,measured_linear,/odom,0.10833763778289227,0.5
cc8b7541-2e11-4ed6-b1f7-4e32b8a02f8a,27.864,measured_linear,/odom,0.10584911704057583,0.5
cc8b7541-2e11-4ed6-b1f7-4e32b8a02f8a,27.900000000000002,measured_linear,/odom,0.10584911704056846,0.5
cc8b7541-2e11-4ed6-b1f7-4e32b8a02f8a,27.936000000000003,measured_linear,/odom,0.10415630936679114,0.5
cc8b7541-2e11-4ed6-b1f7-4e32b8a02f8a,27.972,measured_linear,/odom,0.10683492957266338,0.5
cc8b7541-2e11-4ed6-b1f7-4e32b8a02f8a,28.008000000000003,measured_linear,/odom,0.10278845043306303,0.5
cc8b7541-2e11-4ed6-b1f7-4e32b8a02f8a,28.044,measured_linear,/odom,0.10214900225396692,0.5
cc8b7541-2e11-4ed6-b1f7-4e32b8a02f8a,28.080000000000002,measured_linear,/odom,0.10234008729452052,0.5
cc8b7541-2e11-4ed6-b1f7-4e32b8a02f8a,28.116000000000003,measured_linear,/odom,0.10140463411837017,0.5
cc8b7541-2e11-4ed6-b1f7-4e32b8a02f8a,28.152,measured_linear,/odom,0.1011707708239292,0.5
cc8b7541-2e11-4ed6-b1f7-4e32b8a02f8a,28.188000000000002,measured_linear,/odom,0.09767749370446221,0.5
cc8b7541-2e11-4ed6-b1f7-4e32b8a02f8a,28.224,measured_linear,/odom,0.09790411591530379,0.5
cc8b7541-2e11-4ed6-b1f7-4e32b8a02f8a,28.26,measured_linear,/odom,0.09655207395590595,0.5
cc8b7541-2e11-4ed6-b1f7-4e32b8a02f8a,28.296000000000003,measured_linear,/odom,0.0965520739555433,0.5
cc8b7541-2e11-4ed6-b1f7-4e32b8a02f8a,28.332,measured_linear,/odom,0.09729611128545348,0.5
cc8b7541-2e11-4ed6-b1f7-4e32b8a02f8a,28.368000000000002,measured_linear,/odom,0.09194033402973498,0.5
cc8b7541-2e11-4ed6-b1f7-4e32b8a02f8a,28.404000000000003,measured_linear,/odom,0.09009461104874106,0.5
cc8b7541-2e11-4ed6-b1f7-4e32b8a02f8a,28.44,measured_linear,/odom,0.09009461104873366,0.5
cc8b7541-2e11-4ed6-b1f7-4e32b8a02f8a,28.476000000000003,measured_linear,/odom,0.09218510091237862,0.5
cc8b7541-2e11-4ed6-b1f7-4e32b8a02f8a,28.512,measured_linear,/odom,0.0960422271361431,0.5
cc8b7541-2e11-4ed6-b1f7-4e32b8a02f8a,28.548000000000002,measured_linear,/odom,0.09607939422127121,0.5
cc8b7541-2e11-4ed6-b1f7-4e32b8a02f8a,28.584000000000003,measured_linear,/odom,0.09472700953482664,0.5
cc8b7541-2e11-4ed6-b1f7-4e32b8a02f8a,28.62,measured_linear,/odom,0.096323065459251,0.5
cc8b7541-2e11-4ed6-b1f7-4e32b8a02f8a,28.656000000000002,measured_linear,/odom,0.0971232399341678,0.5
cc8b7541-2e11-4ed6-b1f7-4e32b8a02f8a,28.692,measured_linear,/odom,0.09732328355313384,0.5
cc8b7541-2e11-4ed6-b1f7-4e32b8a02f8a,28.728,measured_linear,/odom,0.09567575007728793,0.5
cc8b7541-2e11-4ed6-b1f7-4e32b8a02f8a,28.764000000000003,measured_linear,/odom,0.09216050058607668,0.5
cc8b7541-2e11-4ed6-b1f7-4e32b8a02f8a,28.8,measured_linear,/odom,0.09216050058598788,0.5
cc8b7541-2e11-4ed6-b1f7-4e32b8a02f8a,28.836000000000002,measured_linear,/odom,0.09163014441745757,0.5
cc8b7541-2e11-4ed6-b1f7-4e32b8a02f8a,28.872000000000003,measured_linear,/odom,0.08612412349739233,0.5
cc8b7541-2e11-4ed6-b1f7-4e32b8a02f8a,28.908,measured_linear,/odom,0.08884775577693294,0.5
cc8b7541-2e11-4ed6-b1f7-4e32b8a02f8a,28.944000000000003,measured_linear,/odom,0.08921959251166899,0.5
cc8b7541-2e11-4ed6-b1f7-4e32b8a02f8a,28.98,measured_linear,/odom,0.08710565418059701,0.5
cc8b7541-2e11-4ed6-b1f7-4e32b8a02f8a,29.016000000000002,measured_linear,/odom,0.07630565418657773,0.5
cc8b7541-2e11-4ed6-b1f7-4e32b8a02f8a,29.052000000000003,measured_linear,/odom,0.04060565418821197,0.5
cc8b7541-2e11-4ed6-b1f7-4e32b8a02f8a,29.088,measured_linear,/odom,0.006373957931786004,0.5
cc8b7541-2e11-4ed6-b1f7-4e32b8a02f8a,29.124000000000002,measured_linear,/odom,0.0,0.5
cc8b7541-2e11-4ed6-b1f7-4e32b8a02f8a,29.16,measured_linear,/odom,0.0,0.5
cc8b7541-2e11-4ed6-b1f7-4e32b8a02f8a,29.196,measured_linear,/odom,0.0,0.5
cc8b7541-2e11-4ed6-b1f7-4e32b8a02f8a,29.232000000000003,measured_linear,/odom,0.0,0.5
cc8b7541-2e11-4ed6-b1f7-4e32b8a02f8a,29.268,measured_linear,/odom,0.0,0.5
cc8b7541-2e11-4ed6-b1f7-4e32b8a02f8a,29.304000000000002,measured_linear,/odom,0.0,0.5
cc8b7541-2e11-4ed6-b1f7-4e32b8a02f8a,29.340000000000003,measured_linear,/odom,0.0,0.5
cc8b7541-2e11-4ed6-b1f7-4e32b8a02f8a,29.376,measured_linear,/odom,0.0,0.5
cc8b7541-2e11-4ed6-b1f7-4e32b8a02f8a,29.412000000000003,measured_linear,/odom,0.0,0.5
cc8b7541-2e11-4ed6-b1f7-4e32b8a02f8a,29.448,measured_linear,/odom,0.0,0.5
cc8b7541-2e11-4ed6-b1f7-4e32b8a02f8a,29.484,measured_linear,/odom,0.0,0.5
cc8b7541-2e11-4ed6-b1f7-4e32b8a02f8a,29.520000000000003,measured_linear,/odom,0.0,0.5
cc8b7541-2e11-4ed6-b1f7-4e32b8a02f8a,29.556,measured_linear,/odom,0.0,0.5
cc8b7541-2e11-4ed6-b1f7-4e32b8a02f8a,29.592000000000002,measured_linear,/odom,0.0,0.5
cc8b7541-2e11-4ed6-b1f7-4e32b8a02f8a,29.628,measured_linear,/odom,0.0,0.5
cc8b7541-2e11-4ed6-b1f7-4e32b8a02f8a,29.664,measured_linear,/odom,0.0,0.5
cc8b7541-2e11-4ed6-b1f7-4e32b8a02f8a,9.111,minimum_front_range,/scan,0.9307461380958557,0.5
cc8b7541-2e11-4ed6-b1f7-4e32b8a02f8a,9.207,minimum_front_range,/scan,0.9307767748832703,0.5
cc8b7541-2e11-4ed6-b1f7-4e32b8a02f8a,9.306000000000001,minimum_front_range,/scan,0.9171461462974548,0.5
cc8b7541-2e11-4ed6-b1f7-4e32b8a02f8a,9.411000000000001,minimum_front_range,/scan,0.9277045130729675,0.5
cc8b7541-2e11-4ed6-b1f7-4e32b8a02f8a,9.51,minimum_front_range,/scan,0.9275522828102112,0.5
cc8b7541-2e11-4ed6-b1f7-4e32b8a02f8a,9.609,minimum_front_range,/scan,0.9247093200683594,0.5
cc8b7541-2e11-4ed6-b1f7-4e32b8a02f8a,9.708,minimum_front_range,/scan,0.9346504211425781,0.5
cc8b7541-2e11-4ed6-b1f7-4e32b8a02f8a,9.81,minimum_front_range,/scan,0.9247628450393677,0.5
cc8b7541-2e11-4ed6-b1f7-4e32b8a02f8a,9.909,minimum_front_range,/scan,0.931770920753479,0.5
cc8b7541-2e11-4ed6-b1f7-4e32b8a02f8a,10.008000000000001,minimum_front_range,/scan,0.9175004363059998,0.5
cc8b7541-2e11-4ed6-b1f7-4e32b8a02f8a,10.110000000000001,minimum_front_range,/scan,0.9247795343399048,0.5
cc8b7541-2e11-4ed6-b1f7-4e32b8a02f8a,10.209000000000001,minimum_front_range,/scan,0.9247032999992371,0.5
cc8b7541-2e11-4ed6-b1f7-4e32b8a02f8a,10.311,minimum_front_range,/scan,0.932124674320221,0.5
cc8b7541-2e11-4ed6-b1f7-4e32b8a02f8a,10.407,minimum_front_range,/scan,0.9382997751235962,0.5
cc8b7541-2e11-4ed6-b1f7-4e32b8a02f8a,10.509,minimum_front_range,/scan,0.9163186550140381,0.5
cc8b7541-2e11-4ed6-b1f7-4e32b8a02f8a,10.611,minimum_front_range,/scan,0.9329149723052979,0.5
cc8b7541-2e11-4ed6-b1f7-4e32b8a02f8a,10.71,minimum_front_range,/scan,0.9325193166732788,0.5
cc8b7541-2e11-4ed6-b1f7-4e32b8a02f8a,10.806000000000001,minimum_front_range,/scan,0.928524911403656,0.5
cc8b7541-2e11-4ed6-b1f7-4e32b8a02f8a,10.911000000000001,minimum_front_range,/scan,0.9227187037467957,0.5
cc8b7541-2e11-4ed6-b1f7-4e32b8a02f8a,11.007000000000001,minimum_front_range,/scan,0.9174816012382507,0.5
cc8b7541-2e11-4ed6-b1f7-4e32b8a02f8a,11.106,minimum_front_range,/scan,0.9004581570625305,0.5
cc8b7541-2e11-4ed6-b1f7-4e32b8a02f8a,11.211,minimum_front_range,/scan,0.8919385671615601,0.5
cc8b7541-2e11-4ed6-b1f7-4e32b8a02f8a,11.31,minimum_front_range,/scan,0.8683096170425415,0.5
cc8b7541-2e11-4ed6-b1f7-4e32b8a02f8a,11.409,minimum_front_range,/scan,0.8834042549133301,0.5
cc8b7541-2e11-4ed6-b1f7-4e32b8a02f8a,11.511000000000001,minimum_front_range,/scan,0.8747959136962891,0.5
cc8b7541-2e11-4ed6-b1f7-4e32b8a02f8a,11.610000000000001,minimum_front_range,/scan,0.8586070537567139,0.5
cc8b7541-2e11-4ed6-b1f7-4e32b8a02f8a,11.709000000000001,minimum_front_range,/scan,0.8351544737815857,0.5
cc8b7541-2e11-4ed6-b1f7-4e32b8a02f8a,11.811,minimum_front_range,/scan,0.8399150371551514,0.5
cc8b7541-2e11-4ed6-b1f7-4e32b8a02f8a,11.907,minimum_front_range,/scan,0.8267595767974854,0.5
cc8b7541-2e11-4ed6-b1f7-4e32b8a02f8a,12.009,minimum_front_range,/scan,0.8279074430465698,0.5
cc8b7541-2e11-4ed6-b1f7-4e32b8a02f8a,12.108,minimum_front_range,/scan,0.829361081123352,0.5
cc8b7541-2e11-4ed6-b1f7-4e32b8a02f8a,12.21,minimum_front_range,/scan,0.8151457905769348,0.5
cc8b7541-2e11-4ed6-b1f7-4e32b8a02f8a,12.306000000000001,minimum_front_range,/scan,0.830470860004425,0.5
cc8b7541-2e11-4ed6-b1f7-4e32b8a02f8a,12.411000000000001,minimum_front_range,/scan,0.8276629447937012,0.5
cc8b7541-2e11-4ed6-b1f7-4e32b8a02f8a,12.507000000000001,minimum_front_range,/scan,0.8501017689704895,0.5
cc8b7541-2e11-4ed6-b1f7-4e32b8a02f8a,12.609,minimum_front_range,/scan,1.7351417541503906,0.5
cc8b7541-2e11-4ed6-b1f7-4e32b8a02f8a,12.711,minimum_front_range,/scan,1.7257846593856812,0.5
cc8b7541-2e11-4ed6-b1f7-4e32b8a02f8a,12.81,minimum_front_range,/scan,1.704239845275879,0.5
cc8b7541-2e11-4ed6-b1f7-4e32b8a02f8a,12.909,minimum_front_range,/scan,1.6874544620513916,0.5
cc8b7541-2e11-4ed6-b1f7-4e32b8a02f8a,13.011000000000001,minimum_front_range,/scan,1.6793724298477173,0.5
cc8b7541-2e11-4ed6-b1f7-4e32b8a02f8a,13.107000000000001,minimum_front_range,/scan,1.660785436630249,0.5
cc8b7541-2e11-4ed6-b1f7-4e32b8a02f8a,13.212000000000002,minimum_front_range,/scan,1.6568065881729126,0.5
cc8b7541-2e11-4ed6-b1f7-4e32b8a02f8a,13.311,minimum_front_range,/scan,1.6400400400161743,0.5
cc8b7541-2e11-4ed6-b1f7-4e32b8a02f8a,13.41,minimum_front_range,/scan,1.5966111421585083,0.5
cc8b7541-2e11-4ed6-b1f7-4e32b8a02f8a,13.509,minimum_front_range,/scan,1.602781891822815,0.5
cc8b7541-2e11-4ed6-b1f7-4e32b8a02f8a,13.611,minimum_front_range,/scan,1.5888831615447998,0.5
cc8b7541-2e11-4ed6-b1f7-4e32b8a02f8a,13.71,minimum_front_range,/scan,1.573641300201416,0.5
cc8b7541-2e11-4ed6-b1f7-4e32b8a02f8a,13.809000000000001,minimum_front_range,/scan,1.5554572343826294,0.5
cc8b7541-2e11-4ed6-b1f7-4e32b8a02f8a,13.908000000000001,minimum_front_range,/scan,1.5368216037750244,0.5
cc8b7541-2e11-4ed6-b1f7-4e32b8a02f8a,14.010000000000002,minimum_front_range,/scan,1.533189058303833,0.5
cc8b7541-2e11-4ed6-b1f7-4e32b8a02f8a,14.109000000000002,minimum_front_range,/scan,1.5020111799240112,0.5
cc8b7541-2e11-4ed6-b1f7-4e32b8a02f8a,14.211,minimum_front_range,/scan,1.4927735328674316,0.5
cc8b7541-2e11-4ed6-b1f7-4e32b8a02f8a,14.307,minimum_front_range,/scan,1.4755899906158447,0.5
cc8b7541-2e11-4ed6-b1f7-4e32b8a02f8a,14.409,minimum_front_range,/scan,1.4603731632232666,0.5
cc8b7541-2e11-4ed6-b1f7-4e32b8a02f8a,14.511000000000001,minimum_front_range,/scan,1.43329656124115,0.5
cc8b7541-2e11-4ed6-b1f7-4e32b8a02f8a,14.610000000000001,minimum_front_range,/scan,1.4226577281951904,0.5
cc8b7541-2e11-4ed6-b1f7-4e32b8a02f8a,14.709000000000001,minimum_front_range,/scan,1.4042773246765137,0.5
cc8b7541-2e11-4ed6-b1f7-4e32b8a02f8a,14.808000000000002,minimum_front_range,/scan,1.3812206983566284,0.5
cc8b7541-2e11-4ed6-b1f7-4e32b8a02f8a,14.91,minimum_front_range,/scan,1.3626500368118286,0.5
cc8b7541-2e11-4ed6-b1f7-4e32b8a02f8a,15.006,minimum_front_range,/scan,1.3609554767608643,0.5
cc8b7541-2e11-4ed6-b1f7-4e32b8a02f8a,15.111,minimum_front_range,/scan,1.3302655220031738,0.5
cc8b7541-2e11-4ed6-b1f7-4e32b8a02f8a,15.207,minimum_front_range,/scan,1.3314142227172852,0.5
cc8b7541-2e11-4ed6-b1f7-4e32b8a02f8a,15.309000000000001,minimum_front_range,/scan,1.3170385360717773,0.5
cc8b7541-2e11-4ed6-b1f7-4e32b8a02f8a,15.411000000000001,minimum_front_range,/scan,1.2966680526733398,0.5
cc8b7541-2e11-4ed6-b1f7-4e32b8a02f8a,15.510000000000002,minimum_front_range,/scan,1.2760505676269531,0.5
cc8b7541-2e11-4ed6-b1f7-4e32b8a02f8a,15.606000000000002,minimum_front_range,/scan,1.2577276229858398,0.5
cc8b7541-2e11-4ed6-b1f7-4e32b8a02f8a,15.711,minimum_front_range,/scan,1.2494524717330933,0.5
cc8b7541-2e11-4ed6-b1f7-4e32b8a02f8a,15.807,minimum_front_range,/scan,1.2253223657608032,0.5
cc8b7541-2e11-4ed6-b1f7-4e32b8a02f8a,15.906,minimum_front_range,/scan,1.2024918794631958,0.5
cc8b7541-2e11-4ed6-b1f7-4e32b8a02f8a,16.011,minimum_front_range,/scan,1.191376805305481,0.5
cc8b7541-2e11-4ed6-b1f7-4e32b8a02f8a,16.11,minimum_front_range,/scan,1.192541480064392,0.5
cc8b7541-2e11-4ed6-b1f7-4e32b8a02f8a,16.206,minimum_front_range,/scan,1.1598023176193237,0.5
cc8b7541-2e11-4ed6-b1f7-4e32b8a02f8a,16.308,minimum_front_range,/scan,1.1474162340164185,0.5
cc8b7541-2e11-4ed6-b1f7-4e32b8a02f8a,16.41,minimum_front_range,/scan,1.1427398920059204,0.5
cc8b7541-2e11-4ed6-b1f7-4e32b8a02f8a,16.509,minimum_front_range,/scan,1.1183704137802124,0.5
cc8b7541-2e11-4ed6-b1f7-4e32b8a02f8a,16.608,minimum_front_range,/scan,1.095621943473816,0.5
cc8b7541-2e11-4ed6-b1f7-4e32b8a02f8a,16.71,minimum_front_range,/scan,1.0888862609863281,0.5
cc8b7541-2e11-4ed6-b1f7-4e32b8a02f8a,16.809,minimum_front_range,/scan,1.0766079425811768,0.5
cc8b7541-2e11-4ed6-b1f7-4e32b8a02f8a,16.911,minimum_front_range,/scan,1.048130989074707,0.5
cc8b7541-2e11-4ed6-b1f7-4e32b8a02f8a,17.01,minimum_front_range,/scan,1.0433610677719116,0.5
cc8b7541-2e11-4ed6-b1f7-4e32b8a02f8a,17.109,minimum_front_range,/scan,1.0300995111465454,0.5
cc8b7541-2e11-4ed6-b1f7-4e32b8a02f8a,17.211000000000002,minimum_front_range,/scan,1.0149428844451904,0.5
cc8b7541-2e11-4ed6-b1f7-4e32b8a02f8a,17.310000000000002,minimum_front_range,/scan,1.0065264701843262,0.5
cc8b7541-2e11-4ed6-b1f7-4e32b8a02f8a,17.406000000000002,minimum_front_range,/scan,0.9853580594062805,0.5
cc8b7541-2e11-4ed6-b1f7-4e32b8a02f8a,17.511000000000003,minimum_front_range,/scan,0.9770714044570923,0.5
cc8b7541-2e11-4ed6-b1f7-4e32b8a02f8a,17.61,minimum_front_range,/scan,0.96063631772995,0.5
cc8b7541-2e11-4ed6-b1f7-4e32b8a02f8a,17.709,minimum_front_range,/scan,0.9550125598907471,0.5
cc8b7541-2e11-4ed6-b1f7-4e32b8a02f8a,17.811,minimum_front_range,/scan,0.9481519460678101,0.5
cc8b7541-2e11-4ed6-b1f7-4e32b8a02f8a,17.91,minimum_front_range,/scan,0.9295220971107483,0.5
cc8b7541-2e11-4ed6-b1f7-4e32b8a02f8a,18.009,minimum_front_range,/scan,0.9157003164291382,0.5
cc8b7541-2e11-4ed6-b1f7-4e32b8a02f8a,18.111,minimum_front_range,/scan,0.8896551132202148,0.5
cc8b7541-2e11-4ed6-b1f7-4e32b8a02f8a,18.21,minimum_front_range,/scan,0.8783465623855591,0.5
cc8b7541-2e11-4ed6-b1f7-4e32b8a02f8a,18.309,minimum_front_range,/scan,0.8726838231086731,0.5
cc8b7541-2e11-4ed6-b1f7-4e32b8a02f8a,18.408,minimum_front_range,/scan,0.8659408688545227,0.5
cc8b7541-2e11-4ed6-b1f7-4e32b8a02f8a,18.51,minimum_front_range,/scan,0.8627690076828003,0.5
cc8b7541-2e11-4ed6-b1f7-4e32b8a02f8a,18.609,minimum_front_range,/scan,0.8446854948997498,0.5
cc8b7541-2e11-4ed6-b1f7-4e32b8a02f8a,18.711000000000002,minimum_front_range,/scan,0.8184763193130493,0.5
cc8b7541-2e11-4ed6-b1f7-4e32b8a02f8a,18.810000000000002,minimum_front_range,/scan,0.8241342902183533,0.5
cc8b7541-2e11-4ed6-b1f7-4e32b8a02f8a,18.909000000000002,minimum_front_range,/scan,0.8109930157661438,0.5
cc8b7541-2e11-4ed6-b1f7-4e32b8a02f8a,19.011000000000003,minimum_front_range,/scan,0.7991564273834229,0.5
cc8b7541-2e11-4ed6-b1f7-4e32b8a02f8a,19.113,minimum_front_range,/scan,0.7940763235092163,0.5
cc8b7541-2e11-4ed6-b1f7-4e32b8a02f8a,19.206,minimum_front_range,/scan,0.8035896420478821,0.5
cc8b7541-2e11-4ed6-b1f7-4e32b8a02f8a,19.308,minimum_front_range,/scan,0.7790952920913696,0.5
cc8b7541-2e11-4ed6-b1f7-4e32b8a02f8a,19.407,minimum_front_range,/scan,0.7787154316902161,0.5
cc8b7541-2e11-4ed6-b1f7-4e32b8a02f8a,19.509,minimum_front_range,/scan,0.7396253347396851,0.5
cc8b7541-2e11-4ed6-b1f7-4e32b8a02f8a,19.611,minimum_front_range,/scan,0.771459698677063,0.5
cc8b7541-2e11-4ed6-b1f7-4e32b8a02f8a,19.707,minimum_front_range,/scan,0.7724893689155579,0.5
cc8b7541-2e11-4ed6-b1f7-4e32b8a02f8a,19.809,minimum_front_range,/scan,0.7739806771278381,0.5
cc8b7541-2e11-4ed6-b1f7-4e32b8a02f8a,19.908,minimum_front_range,/scan,1.6504408121109009,0.5
cc8b7541-2e11-4ed6-b1f7-4e32b8a02f8a,20.01,minimum_front_range,/scan,1.6258811950683594,0.5
cc8b7541-2e11-4ed6-b1f7-4e32b8a02f8a,20.109,minimum_front_range,/scan,1.6138806343078613,0.5
cc8b7541-2e11-4ed6-b1f7-4e32b8a02f8a,20.211000000000002,minimum_front_range,/scan,1.5848073959350586,0.5
cc8b7541-2e11-4ed6-b1f7-4e32b8a02f8a,20.310000000000002,minimum_front_range,/scan,1.5761226415634155,0.5
cc8b7541-2e11-4ed6-b1f7-4e32b8a02f8a,20.409000000000002,minimum_front_range,/scan,1.5516877174377441,0.5
cc8b7541-2e11-4ed6-b1f7-4e32b8a02f8a,20.511000000000003,minimum_front_range,/scan,1.5454922914505005,0.5
cc8b7541-2e11-4ed6-b1f7-4e32b8a02f8a,20.610000000000003,minimum_front_range,/scan,1.5114039182662964,0.5
cc8b7541-2e11-4ed6-b1f7-4e32b8a02f8a,20.706,minimum_front_range,/scan,1.5036475658416748,0.5
cc8b7541-2e11-4ed6-b1f7-4e32b8a02f8a,20.811,minimum_front_range,/scan,1.4865461587905884,0.5
cc8b7541-2e11-4ed6-b1f7-4e32b8a02f8a,20.91,minimum_front_range,/scan,1.479549765586853,0.5
cc8b7541-2e11-4ed6-b1f7-4e32b8a02f8a,21.009,minimum_front_range,/scan,1.4588128328323364,0.5
cc8b7541-2e11-4ed6-b1f7-4e32b8a02f8a,21.108,minimum_front_range,/scan,1.4312398433685303,0.5
cc8b7541-2e11-4ed6-b1f7-4e32b8a02f8a,21.21,minimum_front_range,/scan,1.423614263534546,0.5
cc8b7541-2e11-4ed6-b1f7-4e32b8a02f8a,21.309,minimum_front_range,/scan,1.4109424352645874,0.5
cc8b7541-2e11-4ed6-b1f7-4e32b8a02f8a,21.411,minimum_front_range,/scan,1.376481056213379,0.5
cc8b7541-2e11-4ed6-b1f7-4e32b8a02f8a,21.507,minimum_front_range,/scan,1.373708963394165,0.5
cc8b7541-2e11-4ed6-b1f7-4e32b8a02f8a,21.609,minimum_front_range,/scan,1.350148320198059,0.5
cc8b7541-2e11-4ed6-b1f7-4e32b8a02f8a,21.711000000000002,minimum_front_range,/scan,1.3411262035369873,0.5
cc8b7541-2e11-4ed6-b1f7-4e32b8a02f8a,21.810000000000002,minimum_front_range,/scan,1.3199270963668823,0.5
cc8b7541-2e11-4ed6-b1f7-4e32b8a02f8a,21.909000000000002,minimum_front_range,/scan,1.2992944717407227,0.5
cc8b7541-2e11-4ed6-b1f7-4e32b8a02f8a,22.011000000000003,minimum_front_range,/scan,1.2842811346054077,0.5
cc8b7541-2e11-4ed6-b1f7-4e32b8a02f8a,22.110000000000003,minimum_front_range,/scan,1.274537205696106,0.5
cc8b7541-2e11-4ed6-b1f7-4e32b8a02f8a,22.206000000000003,minimum_front_range,/scan,1.2467166185379028,0.5
cc8b7541-2e11-4ed6-b1f7-4e32b8a02f8a,22.311,minimum_front_range,/scan,1.2414742708206177,0.5
cc8b7541-2e11-4ed6-b1f7-4e32b8a02f8a,22.407,minimum_front_range,/scan,1.2249094247817993,0.5
cc8b7541-2e11-4ed6-b1f7-4e32b8a02f8a,22.506,minimum_front_range,/scan,1.1984632015228271,0.5
cc8b7541-2e11-4ed6-b1f7-4e32b8a02f8a,22.608,minimum_front_range,/scan,1.1679385900497437,0.5
cc8b7541-2e11-4ed6-b1f7-4e32b8a02f8a,22.71,minimum_front_range,/scan,1.1646145582199097,0.5
cc8b7541-2e11-4ed6-b1f7-4e32b8a02f8a,22.806,minimum_front_range,/scan,1.1550283432006836,0.5
cc8b7541-2e11-4ed6-b1f7-4e32b8a02f8a,22.911,minimum_front_range,/scan,1.1336454153060913,0.5
cc8b7541-2e11-4ed6-b1f7-4e32b8a02f8a,23.007,minimum_front_range,/scan,1.1212867498397827,0.5
cc8b7541-2e11-4ed6-b1f7-4e32b8a02f8a,23.109,minimum_front_range,/scan,1.0871872901916504,0.5
cc8b7541-2e11-4ed6-b1f7-4e32b8a02f8a,23.211000000000002,minimum_front_range,/scan,1.0868821144104004,0.5
cc8b7541-2e11-4ed6-b1f7-4e32b8a02f8a,23.310000000000002,minimum_front_range,/scan,1.0755560398101807,0.5
cc8b7541-2e11-4ed6-b1f7-4e32b8a02f8a,23.409000000000002,minimum_front_range,/scan,1.0469516515731812,0.5
cc8b7541-2e11-4ed6-b1f7-4e32b8a02f8a,23.511000000000003,minimum_front_range,/scan,1.0285662412643433,0.5
cc8b7541-2e11-4ed6-b1f7-4e32b8a02f8a,23.610000000000003,minimum_front_range,/scan,1.0212492942810059,0.5
cc8b7541-2e11-4ed6-b1f7-4e32b8a02f8a,23.709000000000003,minimum_front_range,/scan,1.003167748451233,0.5
cc8b7541-2e11-4ed6-b1f7-4e32b8a02f8a,23.811,minimum_front_range,/scan,0.9941784739494324,0.5
cc8b7541-2e11-4ed6-b1f7-4e32b8a02f8a,23.91,minimum_front_range,/scan,0.9680750966072083,0.5
cc8b7541-2e11-4ed6-b1f7-4e32b8a02f8a,24.009,minimum_front_range,/scan,0.9675028324127197,0.5
cc8b7541-2e11-4ed6-b1f7-4e32b8a02f8a,24.111,minimum_front_range,/scan,0.9445234537124634,0.5
cc8b7541-2e11-4ed6-b1f7-4e32b8a02f8a,24.21,minimum_front_range,/scan,0.9227419495582581,0.5
cc8b7541-2e11-4ed6-b1f7-4e32b8a02f8a,24.309,minimum_front_range,/scan,0.91404789686203,0.5
cc8b7541-2e11-4ed6-b1f7-4e32b8a02f8a,24.411,minimum_front_range,/scan,0.8899691700935364,0.5
cc8b7541-2e11-4ed6-b1f7-4e32b8a02f8a,24.51,minimum_front_range,/scan,0.8786112666130066,0.5
cc8b7541-2e11-4ed6-b1f7-4e32b8a02f8a,24.609,minimum_front_range,/scan,0.873202383518219,0.5
cc8b7541-2e11-4ed6-b1f7-4e32b8a02f8a,24.711000000000002,minimum_front_range,/scan,0.8536266684532166,0.5
cc8b7541-2e11-4ed6-b1f7-4e32b8a02f8a,24.810000000000002,minimum_front_range,/scan,0.8381598591804504,0.5
cc8b7541-2e11-4ed6-b1f7-4e32b8a02f8a,24.909000000000002,minimum_front_range,/scan,0.8198468089103699,0.5
cc8b7541-2e11-4ed6-b1f7-4e32b8a02f8a,25.011000000000003,minimum_front_range,/scan,0.817947268486023,0.5
cc8b7541-2e11-4ed6-b1f7-4e32b8a02f8a,25.110000000000003,minimum_front_range,/scan,0.813033401966095,0.5
cc8b7541-2e11-4ed6-b1f7-4e32b8a02f8a,25.209000000000003,minimum_front_range,/scan,0.7845019698143005,0.5
cc8b7541-2e11-4ed6-b1f7-4e32b8a02f8a,25.311,minimum_front_range,/scan,0.8006848692893982,0.5
cc8b7541-2e11-4ed6-b1f7-4e32b8a02f8a,25.41,minimum_front_range,/scan,0.7877947688102722,0.5
cc8b7541-2e11-4ed6-b1f7-4e32b8a02f8a,25.509,minimum_front_range,/scan,0.7598512768745422,0.5
cc8b7541-2e11-4ed6-b1f7-4e32b8a02f8a,25.611,minimum_front_range,/scan,0.7617558240890503,0.5
cc8b7541-2e11-4ed6-b1f7-4e32b8a02f8a,25.71,minimum_front_range,/scan,0.7558266520500183,0.5
cc8b7541-2e11-4ed6-b1f7-4e32b8a02f8a,25.809,minimum_front_range,/scan,0.7432909607887268,0.5
cc8b7541-2e11-4ed6-b1f7-4e32b8a02f8a,25.911,minimum_front_range,/scan,0.7498452067375183,0.5
cc8b7541-2e11-4ed6-b1f7-4e32b8a02f8a,26.01,minimum_front_range,/scan,0.7419508695602417,0.5
cc8b7541-2e11-4ed6-b1f7-4e32b8a02f8a,26.106,minimum_front_range,/scan,0.7371793389320374,0.5
cc8b7541-2e11-4ed6-b1f7-4e32b8a02f8a,26.211000000000002,minimum_front_range,/scan,0.7574242949485779,0.5
cc8b7541-2e11-4ed6-b1f7-4e32b8a02f8a,26.310000000000002,minimum_front_range,/scan,0.759769856929779,0.5
cc8b7541-2e11-4ed6-b1f7-4e32b8a02f8a,26.409000000000002,minimum_front_range,/scan,0.7824012041091919,0.5
cc8b7541-2e11-4ed6-b1f7-4e32b8a02f8a,26.511000000000003,minimum_front_range,/scan,1.8959273099899292,0.5
cc8b7541-2e11-4ed6-b1f7-4e32b8a02f8a,26.607000000000003,minimum_front_range,/scan,1.8827632665634155,0.5
cc8b7541-2e11-4ed6-b1f7-4e32b8a02f8a,26.709000000000003,minimum_front_range,/scan,1.8962414264678955,0.5
cc8b7541-2e11-4ed6-b1f7-4e32b8a02f8a,26.811,minimum_front_range,/scan,1.8839221000671387,0.5
cc8b7541-2e11-4ed6-b1f7-4e32b8a02f8a,26.91,minimum_front_range,/scan,1.8591053485870361,0.5
cc8b7541-2e11-4ed6-b1f7-4e32b8a02f8a,27.009,minimum_front_range,/scan,1.8620518445968628,0.5
cc8b7541-2e11-4ed6-b1f7-4e32b8a02f8a,27.111,minimum_front_range,/scan,1.8468751907348633,0.5
cc8b7541-2e11-4ed6-b1f7-4e32b8a02f8a,27.21,minimum_front_range,/scan,1.826562523841858,0.5
cc8b7541-2e11-4ed6-b1f7-4e32b8a02f8a,27.306,minimum_front_range,/scan,1.8139675855636597,0.5
cc8b7541-2e11-4ed6-b1f7-4e32b8a02f8a,27.411,minimum_front_range,/scan,1.8043749332427979,0.5
cc8b7541-2e11-4ed6-b1f7-4e32b8a02f8a,27.51,minimum_front_range,/scan,1.796980857849121,0.5
cc8b7541-2e11-4ed6-b1f7-4e32b8a02f8a,27.609,minimum_front_range,/scan,1.7897841930389404,0.5
cc8b7541-2e11-4ed6-b1f7-4e32b8a02f8a,27.711000000000002,minimum_front_range,/scan,1.7622796297073364,0.5
cc8b7541-2e11-4ed6-b1f7-4e32b8a02f8a,27.810000000000002,minimum_front_range,/scan,1.7603116035461426,0.5
cc8b7541-2e11-4ed6-b1f7-4e32b8a02f8a,27.909000000000002,minimum_front_range,/scan,1.7560023069381714,0.5
cc8b7541-2e11-4ed6-b1f7-4e32b8a02f8a,28.011000000000003,minimum_front_range,/scan,1.7311373949050903,0.5
cc8b7541-2e11-4ed6-b1f7-4e32b8a02f8a,28.110000000000003,minimum_front_range,/scan,1.724164366722107,0.5
cc8b7541-2e11-4ed6-b1f7-4e32b8a02f8a,28.209000000000003,minimum_front_range,/scan,1.7233372926712036,0.5
cc8b7541-2e11-4ed6-b1f7-4e32b8a02f8a,28.311000000000003,minimum_front_range,/scan,1.706981897354126,0.5
cc8b7541-2e11-4ed6-b1f7-4e32b8a02f8a,28.41,minimum_front_range,/scan,1.7029895782470703,0.5
cc8b7541-2e11-4ed6-b1f7-4e32b8a02f8a,28.509,minimum_front_range,/scan,1.6993255615234375,0.5
cc8b7541-2e11-4ed6-b1f7-4e32b8a02f8a,28.611,minimum_front_range,/scan,1.6707829236984253,0.5
cc8b7541-2e11-4ed6-b1f7-4e32b8a02f8a,28.707,minimum_front_range,/scan,1.6781888008117676,0.5
cc8b7541-2e11-4ed6-b1f7-4e32b8a02f8a,28.809,minimum_front_range,/scan,1.6535189151763916,0.5
cc8b7541-2e11-4ed6-b1f7-4e32b8a02f8a,28.911,minimum_front_range,/scan,1.65692138671875,0.5
cc8b7541-2e11-4ed6-b1f7-4e32b8a02f8a,29.01,minimum_front_range,/scan,1.656947374343872,0.5
cc8b7541-2e11-4ed6-b1f7-4e32b8a02f8a,29.109,minimum_front_range,/scan,1.6480320692062378,0.5
cc8b7541-2e11-4ed6-b1f7-4e32b8a02f8a,29.211000000000002,minimum_front_range,/scan,1.6550716161727905,0.5
cc8b7541-2e11-4ed6-b1f7-4e32b8a02f8a,29.307000000000002,minimum_front_range,/scan,1.6400963068008423,0.5
cc8b7541-2e11-4ed6-b1f7-4e32b8a02f8a,29.409000000000002,minimum_front_range,/scan,1.6520237922668457,0.5
cc8b7541-2e11-4ed6-b1f7-4e32b8a02f8a,29.511000000000003,minimum_front_range,/scan,1.6437791585922241,0.5
cc8b7541-2e11-4ed6-b1f7-4e32b8a02f8a,29.610000000000003,minimum_front_range,/scan,1.6359721422195435,0.5
cc8b7541-2e11-4ed6-b1f7-4e32b8a02f8a,9.111,minimum_left_range,/scan,0.9544572830200195,0.5
cc8b7541-2e11-4ed6-b1f7-4e32b8a02f8a,9.207,minimum_left_range,/scan,0.9469805359840393,0.5
cc8b7541-2e11-4ed6-b1f7-4e32b8a02f8a,9.306000000000001,minimum_left_range,/scan,0.9228664040565491,0.5
cc8b7541-2e11-4ed6-b1f7-4e32b8a02f8a,9.411000000000001,minimum_left_range,/scan,0.9510844945907593,0.5
cc8b7541-2e11-4ed6-b1f7-4e32b8a02f8a,9.51,minimum_left_range,/scan,0.9370462894439697,0.5
cc8b7541-2e11-4ed6-b1f7-4e32b8a02f8a,9.609,minimum_left_range,/scan,0.9377828240394592,0.5
cc8b7541-2e11-4ed6-b1f7-4e32b8a02f8a,9.708,minimum_left_range,/scan,0.9566035866737366,0.5
cc8b7541-2e11-4ed6-b1f7-4e32b8a02f8a,9.81,minimum_left_range,/scan,0.9433093070983887,0.5
cc8b7541-2e11-4ed6-b1f7-4e32b8a02f8a,9.909,minimum_left_range,/scan,0.9432680010795593,0.5
cc8b7541-2e11-4ed6-b1f7-4e32b8a02f8a,10.008000000000001,minimum_left_range,/scan,0.9526979327201843,0.5
cc8b7541-2e11-4ed6-b1f7-4e32b8a02f8a,10.110000000000001,minimum_left_range,/scan,0.9564340710639954,0.5
cc8b7541-2e11-4ed6-b1f7-4e32b8a02f8a,10.209000000000001,minimum_left_range,/scan,0.9314199090003967,0.5
cc8b7541-2e11-4ed6-b1f7-4e32b8a02f8a,10.311,minimum_left_range,/scan,0.9456909894943237,0.5
cc8b7541-2e11-4ed6-b1f7-4e32b8a02f8a,10.407,minimum_left_range,/scan,0.9370332956314087,0.5
cc8b7541-2e11-4ed6-b1f7-4e32b8a02f8a,10.509,minimum_left_range,/scan,0.9491249322891235,0.5
cc8b7541-2e11-4ed6-b1f7-4e32b8a02f8a,10.611,minimum_left_range,/scan,0.9436597228050232,0.5
cc8b7541-2e11-4ed6-b1f7-4e32b8a02f8a,10.71,minimum_left_range,/scan,0.938852071762085,0.5
cc8b7541-2e11-4ed6-b1f7-4e32b8a02f8a,10.806000000000001,minimum_left_range,/scan,0.938028872013092,0.5
cc8b7541-2e11-4ed6-b1f7-4e32b8a02f8a,10.911000000000001,minimum_left_range,/scan,0.9438841938972473,0.5
cc8b7541-2e11-4ed6-b1f7-4e32b8a02f8a,11.007000000000001,minimum_left_range,/scan,0.924186110496521,0.5
cc8b7541-2e11-4ed6-b1f7-4e32b8a02f8a,11.106,minimum_left_range,/scan,0.9095327258110046,0.5
cc8b7541-2e11-4ed6-b1f7-4e32b8a02f8a,11.211,minimum_left_range,/scan,0.888583779335022,0.5
cc8b7541-2e11-4ed6-b1f7-4e32b8a02f8a,11.31,minimum_left_range,/scan,0.8809354305267334,0.5
cc8b7541-2e11-4ed6-b1f7-4e32b8a02f8a,11.409,minimum_left_range,/scan,0.8709167242050171,0.5
cc8b7541-2e11-4ed6-b1f7-4e32b8a02f8a,11.511000000000001,minimum_left_range,/scan,0.8482118844985962,0.5
cc8b7541-2e11-4ed6-b1f7-4e32b8a02f8a,11.610000000000001,minimum_left_range,/scan,0.8470485806465149,0.5
cc8b7541-2e11-4ed6-b1f7-4e32b8a02f8a,11.709000000000001,minimum_left_range,/scan,0.832111656665802,0.5
cc8b7541-2e11-4ed6-b1f7-4e32b8a02f8a,11.811,minimum_left_range,/scan,0.8254262804985046,0.5
cc8b7541-2e11-4ed6-b1f7-4e32b8a02f8a,11.907,minimum_left_range,/scan,0.811324417591095,0.5
cc8b7541-2e11-4ed6-b1f7-4e32b8a02f8a,12.009,minimum_left_range,/scan,0.7928037047386169,0.5
cc8b7541-2e11-4ed6-b1f7-4e32b8a02f8a,12.108,minimum_left_range,/scan,0.7816296815872192,0.5
cc8b7541-2e11-4ed6-b1f7-4e32b8a02f8a,12.21,minimum_left_range,/scan,0.7812263369560242,0.5
cc8b7541-2e11-4ed6-b1f7-4e32b8a02f8a,12.306000000000001,minimum_left_range,/scan,0.762069821357727,0.5
cc8b7541-2e11-4ed6-b1f7-4e32b8a02f8a,12.411000000000001,minimum_left_range,/scan,0.7482036352157593,0.5
cc8b7541-2e11-4ed6-b1f7-4e32b8a02f8a,12.507000000000001,minimum_left_range,/scan,0.7212413549423218,0.5
cc8b7541-2e11-4ed6-b1f7-4e32b8a02f8a,12.609,minimum_left_range,/scan,0.7104923129081726,0.5
cc8b7541-2e11-4ed6-b1f7-4e32b8a02f8a,12.711,minimum_left_range,/scan,0.7089830040931702,0.5
cc8b7541-2e11-4ed6-b1f7-4e32b8a02f8a,12.81,minimum_left_range,/scan,0.6910123229026794,0.5
cc8b7541-2e11-4ed6-b1f7-4e32b8a02f8a,12.909,minimum_left_range,/scan,0.6812485456466675,0.5
cc8b7541-2e11-4ed6-b1f7-4e32b8a02f8a,13.011000000000001,minimum_left_range,/scan,0.6546025276184082,0.5
cc8b7541-2e11-4ed6-b1f7-4e32b8a02f8a,13.107000000000001,minimum_left_range,/scan,0.6568854451179504,0.5
cc8b7541-2e11-4ed6-b1f7-4e32b8a02f8a,13.212000000000002,minimum_left_range,/scan,0.6523520946502686,0.5
cc8b7541-2e11-4ed6-b1f7-4e32b8a02f8a,13.311,minimum_left_range,/scan,0.641539454460144,0.5
cc8b7541-2e11-4ed6-b1f7-4e32b8a02f8a,13.41,minimum_left_range,/scan,0.63039630651474,0.5
cc8b7541-2e11-4ed6-b1f7-4e32b8a02f8a,13.509,minimum_left_range,/scan,0.6164317727088928,0.5
cc8b7541-2e11-4ed6-b1f7-4e32b8a02f8a,13.611,minimum_left_range,/scan,0.6099345684051514,0.5
cc8b7541-2e11-4ed6-b1f7-4e32b8a02f8a,13.71,minimum_left_range,/scan,0.5930063128471375,0.5
cc8b7541-2e11-4ed6-b1f7-4e32b8a02f8a,13.809000000000001,minimum_left_range,/scan,0.5861506462097168,0.5
cc8b7541-2e11-4ed6-b1f7-4e32b8a02f8a,13.908000000000001,minimum_left_range,/scan,0.5732813477516174,0.5
cc8b7541-2e11-4ed6-b1f7-4e32b8a02f8a,14.010000000000002,minimum_left_range,/scan,0.560257613658905,0.5
cc8b7541-2e11-4ed6-b1f7-4e32b8a02f8a,14.109000000000002,minimum_left_range,/scan,0.5526534914970398,0.5
cc8b7541-2e11-4ed6-b1f7-4e32b8a02f8a,14.211,minimum_left_range,/scan,0.5366647243499756,0.5
cc8b7541-2e11-4ed6-b1f7-4e32b8a02f8a,14.307,minimum_left_range,/scan,0.530143141746521,0.5
cc8b7541-2e11-4ed6-b1f7-4e32b8a02f8a,14.409,minimum_left_range,/scan,0.518553614616394,0.5
cc8b7541-2e11-4ed6-b1f7-4e32b8a02f8a,14.511000000000001,minimum_left_range,/scan,0.5074433088302612,0.5
cc8b7541-2e11-4ed6-b1f7-4e32b8a02f8a,14.610000000000001,minimum_left_range,/scan,0.4829998314380646,0.5
cc8b7541-2e11-4ed6-b1f7-4e32b8a02f8a,14.709000000000001,minimum_left_range,/scan,0.48741230368614197,0.5
cc8b7541-2e11-4ed6-b1f7-4e32b8a02f8a,14.808000000000002,minimum_left_range,/scan,0.4814475178718567,0.5
cc8b7541-2e11-4ed6-b1f7-4e32b8a02f8a,14.91,minimum_left_range,/scan,0.46905243396759033,0.5
cc8b7541-2e11-4ed6-b1f7-4e32b8a02f8a,15.006,minimum_left_range,/scan,0.4653729796409607,0.5
cc8b7541-2e11-4ed6-b1f7-4e32b8a02f8a,15.111,minimum_left_range,/scan,0.45452916622161865,0.5
cc8b7541-2e11-4ed6-b1f7-4e32b8a02f8a,15.207,minimum_left_range,/scan,0.4505656063556671,0.5
cc8b7541-2e11-4ed6-b1f7-4e32b8a02f8a,15.309000000000001,minimum_left_range,/scan,0.4365318715572357,0.5
cc8b7541-2e11-4ed6-b1f7-4e32b8a02f8a,15.411000000000001,minimum_left_range,/scan,0.4369845986366272,0.5
cc8b7541-2e11-4ed6-b1f7-4e32b8a02f8a,15.510000000000002,minimum_left_range,/scan,0.4332408308982849,0.5
cc8b7541-2e11-4ed6-b1f7-4e32b8a02f8a,15.606000000000002,minimum_left_range,/scan,0.42748314142227173,0.5
cc8b7541-2e11-4ed6-b1f7-4e32b8a02f8a,15.711,minimum_left_range,/scan,0.42210912704467773,0.5
cc8b7541-2e11-4ed6-b1f7-4e32b8a02f8a,15.807,minimum_left_range,/scan,0.41941991448402405,0.5
cc8b7541-2e11-4ed6-b1f7-4e32b8a02f8a,15.906,minimum_left_range,/scan,0.409677118062973,0.5
cc8b7541-2e11-4ed6-b1f7-4e32b8a02f8a,16.011,minimum_left_range,/scan,0.39758971333503723,0.5
cc8b7541-2e11-4ed6-b1f7-4e32b8a02f8a,16.11,minimum_left_range,/scan,0.3987157344818115,0.5
cc8b7541-2e11-4ed6-b1f7-4e32b8a02f8a,16.206,minimum_left_range,/scan,0.39675548672676086,0.5
cc8b7541-2e11-4ed6-b1f7-4e32b8a02f8a,16.308,minimum_left_range,/scan,0.39147821068763733,0.5
cc8b7541-2e11-4ed6-b1f7-4e32b8a02f8a,16.41,minimum_left_range,/scan,0.3989437222480774,0.5
cc8b7541-2e11-4ed6-b1f7-4e32b8a02f8a,16.509,minimum_left_range,/scan,0.399154931306839,0.5
cc8b7541-2e11-4ed6-b1f7-4e32b8a02f8a,16.608,minimum_left_range,/scan,0.3947718143463135,0.5
cc8b7541-2e11-4ed6-b1f7-4e32b8a02f8a,16.71,minimum_left_range,/scan,0.40020957589149475,0.5
cc8b7541-2e11-4ed6-b1f7-4e32b8a02f8a,16.809,minimum_left_range,/scan,0.4022141993045807,0.5
cc8b7541-2e11-4ed6-b1f7-4e32b8a02f8a,16.911,minimum_left_range,/scan,0.3952505886554718,0.5
cc8b7541-2e11-4ed6-b1f7-4e32b8a02f8a,17.01,minimum_left_range,/scan,0.4028477370738983,0.5
cc8b7541-2e11-4ed6-b1f7-4e32b8a02f8a,17.109,minimum_left_range,/scan,0.40507742762565613,0.5
cc8b7541-2e11-4ed6-b1f7-4e32b8a02f8a,17.211000000000002,minimum_left_range,/scan,0.4125932455062866,0.5
cc8b7541-2e11-4ed6-b1f7-4e32b8a02f8a,17.310000000000002,minimum_left_range,/scan,0.4117470979690552,0.5
cc8b7541-2e11-4ed6-b1f7-4e32b8a02f8a,17.406000000000002,minimum_left_range,/scan,0.41052502393722534,0.5
cc8b7541-2e11-4ed6-b1f7-4e32b8a02f8a,17.511000000000003,minimum_left_range,/scan,0.423534095287323,0.5
cc8b7541-2e11-4ed6-b1f7-4e32b8a02f8a,17.61,minimum_left_range,/scan,0.42547398805618286,0.5
cc8b7541-2e11-4ed6-b1f7-4e32b8a02f8a,17.709,minimum_left_range,/scan,0.4237159788608551,0.5
cc8b7541-2e11-4ed6-b1f7-4e32b8a02f8a,17.811,minimum_left_range,/scan,0.42589494585990906,0.5
cc8b7541-2e11-4ed6-b1f7-4e32b8a02f8a,17.91,minimum_left_range,/scan,0.42742419242858887,0.5
cc8b7541-2e11-4ed6-b1f7-4e32b8a02f8a,18.009,minimum_left_range,/scan,0.4432954788208008,0.5
cc8b7541-2e11-4ed6-b1f7-4e32b8a02f8a,18.111,minimum_left_range,/scan,0.4477959871292114,0.5
cc8b7541-2e11-4ed6-b1f7-4e32b8a02f8a,18.21,minimum_left_range,/scan,0.43870052695274353,0.5
cc8b7541-2e11-4ed6-b1f7-4e32b8a02f8a,18.309,minimum_left_range,/scan,0.45438775420188904,0.5
cc8b7541-2e11-4ed6-b1f7-4e32b8a02f8a,18.408,minimum_left_range,/scan,0.4472499489784241,0.5
cc8b7541-2e11-4ed6-b1f7-4e32b8a02f8a,18.51,minimum_left_range,/scan,0.45822930335998535,0.5
cc8b7541-2e11-4ed6-b1f7-4e32b8a02f8a,18.609,minimum_left_range,/scan,0.4726564288139343,0.5
cc8b7541-2e11-4ed6-b1f7-4e32b8a02f8a,18.711000000000002,minimum_left_range,/scan,0.4740220010280609,0.5
cc8b7541-2e11-4ed6-b1f7-4e32b8a02f8a,18.810000000000002,minimum_left_range,/scan,0.48688825964927673,0.5
cc8b7541-2e11-4ed6-b1f7-4e32b8a02f8a,18.909000000000002,minimum_left_range,/scan,0.4889490604400635,0.5
cc8b7541-2e11-4ed6-b1f7-4e32b8a02f8a,19.011000000000003,minimum_left_range,/scan,0.5072667002677917,0.5
cc8b7541-2e11-4ed6-b1f7-4e32b8a02f8a,19.113,minimum_left_range,/scan,0.5025124549865723,0.5
cc8b7541-2e11-4ed6-b1f7-4e32b8a02f8a,19.206,minimum_left_range,/scan,0.5040675401687622,0.5
cc8b7541-2e11-4ed6-b1f7-4e32b8a02f8a,19.308,minimum_left_range,/scan,0.5031759738922119,0.5
cc8b7541-2e11-4ed6-b1f7-4e32b8a02f8a,19.407,minimum_left_range,/scan,0.531119167804718,0.5
cc8b7541-2e11-4ed6-b1f7-4e32b8a02f8a,19.509,minimum_left_range,/scan,0.5288295745849609,0.5
cc8b7541-2e11-4ed6-b1f7-4e32b8a02f8a,19.611,minimum_left_range,/scan,0.5298312902450562,0.5
cc8b7541-2e11-4ed6-b1f7-4e32b8a02f8a,19.707,minimum_left_range,/scan,0.5435959100723267,0.5
cc8b7541-2e11-4ed6-b1f7-4e32b8a02f8a,19.809,minimum_left_range,/scan,0.5689052939414978,0.5
cc8b7541-2e11-4ed6-b1f7-4e32b8a02f8a,19.908,minimum_left_range,/scan,0.5745422840118408,0.5
cc8b7541-2e11-4ed6-b1f7-4e32b8a02f8a,20.01,minimum_left_range,/scan,0.5896822214126587,0.5
cc8b7541-2e11-4ed6-b1f7-4e32b8a02f8a,20.109,minimum_left_range,/scan,0.5916303396224976,0.5
cc8b7541-2e11-4ed6-b1f7-4e32b8a02f8a,20.211000000000002,minimum_left_range,/scan,0.6075308918952942,0.5
cc8b7541-2e11-4ed6-b1f7-4e32b8a02f8a,20.310000000000002,minimum_left_range,/scan,0.6187509298324585,0.5
cc8b7541-2e11-4ed6-b1f7-4e32b8a02f8a,20.409000000000002,minimum_left_range,/scan,0.6028042435646057,0.5
cc8b7541-2e11-4ed6-b1f7-4e32b8a02f8a,20.511000000000003,minimum_left_range,/scan,0.5838484168052673,0.5
cc8b7541-2e11-4ed6-b1f7-4e32b8a02f8a,20.610000000000003,minimum_left_range,/scan,0.5660284161567688,0.5
cc8b7541-2e11-4ed6-b1f7-4e32b8a02f8a,20.706,minimum_left_range,/scan,0.5607504844665527,0.5
cc8b7541-2e11-4ed6-b1f7-4e32b8a02f8a,20.811,minimum_left_range,/scan,0.5525750517845154,0.5
cc8b7541-2e11-4ed6-b1f7-4e32b8a02f8a,20.91,minimum_left_range,/scan,0.5438426733016968,0.5
cc8b7541-2e11-4ed6-b1f7-4e32b8a02f8a,21.009,minimum_left_range,/scan,0.5331212878227234,0.5
cc8b7541-2e11-4ed6-b1f7-4e32b8a02f8a,21.108,minimum_left_range,/scan,0.5178514719009399,0.5
cc8b7541-2e11-4ed6-b1f7-4e32b8a02f8a,21.21,minimum_left_range,/scan,0.5073246955871582,0.5
cc8b7541-2e11-4ed6-b1f7-4e32b8a02f8a,21.309,minimum_left_range,/scan,0.49837544560432434,0.5
cc8b7541-2e11-4ed6-b1f7-4e32b8a02f8a,21.411,minimum_left_range,/scan,0.48168009519577026,0.5
cc8b7541-2e11-4ed6-b1f7-4e32b8a02f8a,21.507,minimum_left_range,/scan,0.47760146856307983,0.5
cc8b7541-2e11-4ed6-b1f7-4e32b8a02f8a,21.609,minimum_left_range,/scan,0.46425700187683105,0.5
cc8b7541-2e11-4ed6-b1f7-4e32b8a02f8a,21.711000000000002,minimum_left_range,/scan,0.4515785872936249,0.5
cc8b7541-2e11-4ed6-b1f7-4e32b8a02f8a,21.810000000000002,minimum_left_range,/scan,0.44415614008903503,0.5
cc8b7541-2e11-4ed6-b1f7-4e32b8a02f8a,21.909000000000002,minimum_left_range,/scan,0.4380172789096832,0.5
cc8b7541-2e11-4ed6-b1f7-4e32b8a02f8a,22.011000000000003,minimum_left_range,/scan,0.4263758361339569,0.5
cc8b7541-2e11-4ed6-b1f7-4e32b8a02f8a,22.110000000000003,minimum_left_range,/scan,0.41784584522247314,0.5
cc8b7541-2e11-4ed6-b1f7-4e32b8a02f8a,22.206000000000003,minimum_left_range,/scan,0.41450613737106323,0.5
cc8b7541-2e11-4ed6-b1f7-4e32b8a02f8a,22.311,minimum_left_range,/scan,0.4072394073009491,0.5
cc8b7541-2e11-4ed6-b1f7-4e32b8a02f8a,22.407,minimum_left_range,/scan,0.39626243710517883,0.5
cc8b7541-2e11-4ed6-b1f7-4e32b8a02f8a,22.506,minimum_left_range,/scan,0.39592623710632324,0.5
cc8b7541-2e11-4ed6-b1f7-4e32b8a02f8a,22.608,minimum_left_range,/scan,0.38719820976257324,0.5
cc8b7541-2e11-4ed6-b1f7-4e32b8a02f8a,22.71,minimum_left_range,/scan,0.3827439546585083,0.5
cc8b7541-2e11-4ed6-b1f7-4e32b8a02f8a,22.806,minimum_left_range,/scan,0.37998834252357483,0.5
cc8b7541-2e11-4ed6-b1f7-4e32b8a02f8a,22.911,minimum_left_range,/scan,0.37698817253112793,0.5
cc8b7541-2e11-4ed6-b1f7-4e32b8a02f8a,23.007,minimum_left_range,/scan,0.36577585339546204,0.5
cc8b7541-2e11-4ed6-b1f7-4e32b8a02f8a,23.109,minimum_left_range,/scan,0.3731708526611328,0.5
cc8b7541-2e11-4ed6-b1f7-4e32b8a02f8a,23.211000000000002,minimum_left_range,/scan,0.37185347080230713,0.5
cc8b7541-2e11-4ed6-b1f7-4e32b8a02f8a,23.310000000000002,minimum_left_range,/scan,0.36395004391670227,0.5
cc8b7541-2e11-4ed6-b1f7-4e32b8a02f8a,23.409000000000002,minimum_left_range,/scan,0.3674531877040863,0.5
cc8b7541-2e11-4ed6-b1f7-4e32b8a02f8a,23.511000000000003,minimum_left_range,/scan,0.36572930216789246,0.5
cc8b7541-2e11-4ed6-b1f7-4e32b8a02f8a,23.610000000000003,minimum_left_range,/scan,0.36401718854904175,0.5
cc8b7541-2e11-4ed6-b1f7-4e32b8a02f8a,23.709000000000003,minimum_left_range,/scan,0.36547961831092834,0.5
cc8b7541-2e11-4ed6-b1f7-4e32b8a02f8a,23.811,minimum_left_range,/scan,0.36137866973876953,0.5
cc8b7541-2e11-4ed6-b1f7-4e32b8a02f8a,23.91,minimum_left_range,/scan,0.37482750415802,0.5
cc8b7541-2e11-4ed6-b1f7-4e32b8a02f8a,24.009,minimum_left_range,/scan,0.37000611424446106,0.5
cc8b7541-2e11-4ed6-b1f7-4e32b8a02f8a,24.111,minimum_left_range,/scan,0.3703010380268097,0.5
cc8b7541-2e11-4ed6-b1f7-4e32b8a02f8a,24.21,minimum_left_range,/scan,0.37239745259284973,0.5
cc8b7541-2e11-4ed6-b1f7-4e32b8a02f8a,24.309,minimum_left_range,/scan,0.3802195191383362,0.5
cc8b7541-2e11-4ed6-b1f7-4e32b8a02f8a,24.411,minimum_left_range,/scan,0.3820663392543793,0.5
cc8b7541-2e11-4ed6-b1f7-4e32b8a02f8a,24.51,minimum_left_range,/scan,0.38553744554519653,0.5
cc8b7541-2e11-4ed6-b1f7-4e32b8a02f8a,24.609,minimum_left_range,/scan,0.39771583676338196,0.5
cc8b7541-2e11-4ed6-b1f7-4e32b8a02f8a,24.711000000000002,minimum_left_range,/scan,0.3992624282836914,0.5
cc8b7541-2e11-4ed6-b1f7-4e32b8a02f8a,24.810000000000002,minimum_left_range,/scan,0.41647598147392273,0.5
cc8b7541-2e11-4ed6-b1f7-4e32b8a02f8a,24.909000000000002,minimum_left_range,/scan,0.4142574965953827,0.5
cc8b7541-2e11-4ed6-b1f7-4e32b8a02f8a,25.011000000000003,minimum_left_range,/scan,0.4181816875934601,0.5
cc8b7541-2e11-4ed6-b1f7-4e32b8a02f8a,25.110000000000003,minimum_left_range,/scan,0.42167454957962036,0.5
cc8b7541-2e11-4ed6-b1f7-4e32b8a02f8a,25.209000000000003,minimum_left_range,/scan,0.43510618805885315,0.5
cc8b7541-2e11-4ed6-b1f7-4e32b8a02f8a,25.311,minimum_left_range,/scan,0.4381260573863983,0.5
cc8b7541-2e11-4ed6-b1f7-4e32b8a02f8a,25.41,minimum_left_range,/scan,0.4546179473400116,0.5
cc8b7541-2e11-4ed6-b1f7-4e32b8a02f8a,25.509,minimum_left_range,/scan,0.4554712474346161,0.5
cc8b7541-2e11-4ed6-b1f7-4e32b8a02f8a,25.611,minimum_left_range,/scan,0.47429534792900085,0.5
cc8b7541-2e11-4ed6-b1f7-4e32b8a02f8a,25.71,minimum_left_range,/scan,0.46945008635520935,0.5
cc8b7541-2e11-4ed6-b1f7-4e32b8a02f8a,25.809,minimum_left_range,/scan,0.4741342067718506,0.5
cc8b7541-2e11-4ed6-b1f7-4e32b8a02f8a,25.911,minimum_left_range,/scan,0.49285584688186646,0.5
cc8b7541-2e11-4ed6-b1f7-4e32b8a02f8a,26.01,minimum_left_range,/scan,0.48919299244880676,0.5
cc8b7541-2e11-4ed6-b1f7-4e32b8a02f8a,26.106,minimum_left_range,/scan,0.49920910596847534,0.5
cc8b7541-2e11-4ed6-b1f7-4e32b8a02f8a,26.211000000000002,minimum_left_range,/scan,0.5065355896949768,0.5
cc8b7541-2e11-4ed6-b1f7-4e32b8a02f8a,26.310000000000002,minimum_left_range,/scan,0.5207717418670654,0.5
cc8b7541-2e11-4ed6-b1f7-4e32b8a02f8a,26.409000000000002,minimum_left_range,/scan,0.5279930830001831,0.5
cc8b7541-2e11-4ed6-b1f7-4e32b8a02f8a,26.511000000000003,minimum_left_range,/scan,0.5379974842071533,0.5
cc8b7541-2e11-4ed6-b1f7-4e32b8a02f8a,26.607000000000003,minimum_left_range,/scan,0.5612720847129822,0.5
cc8b7541-2e11-4ed6-b1f7-4e32b8a02f8a,26.709000000000003,minimum_left_range,/scan,0.5509999990463257,0.5
cc8b7541-2e11-4ed6-b1f7-4e32b8a02f8a,26.811,minimum_left_range,/scan,0.5562772154808044,0.5
cc8b7541-2e11-4ed6-b1f7-4e32b8a02f8a,26.91,minimum_left_range,/scan,0.5811794996261597,0.5
cc8b7541-2e11-4ed6-b1f7-4e32b8a02f8a,27.009,minimum_left_range,/scan,0.5874491333961487,0.5
cc8b7541-2e11-4ed6-b1f7-4e32b8a02f8a,27.111,minimum_left_range,/scan,0.5830058455467224,0.5
cc8b7541-2e11-4ed6-b1f7-4e32b8a02f8a,27.21,minimum_left_range,/scan,0.5656928420066833,0.5
cc8b7541-2e11-4ed6-b1f7-4e32b8a02f8a,27.306,minimum_left_range,/scan,0.563784658908844,0.5
cc8b7541-2e11-4ed6-b1f7-4e32b8a02f8a,27.411,minimum_left_range,/scan,0.5471771359443665,0.5
cc8b7541-2e11-4ed6-b1f7-4e32b8a02f8a,27.51,minimum_left_range,/scan,0.5552138686180115,0.5
cc8b7541-2e11-4ed6-b1f7-4e32b8a02f8a,27.609,minimum_left_range,/scan,0.5379087924957275,0.5
cc8b7541-2e11-4ed6-b1f7-4e32b8a02f8a,27.711000000000002,minimum_left_range,/scan,0.5318931937217712,0.5
cc8b7541-2e11-4ed6-b1f7-4e32b8a02f8a,27.810000000000002,minimum_left_range,/scan,0.5312180519104004,0.5
cc8b7541-2e11-4ed6-b1f7-4e32b8a02f8a,27.909000000000002,minimum_left_range,/scan,0.5239043235778809,0.5
cc8b7541-2e11-4ed6-b1f7-4e32b8a02f8a,28.011000000000003,minimum_left_range,/scan,0.5180203318595886,0.5
cc8b7541-2e11-4ed6-b1f7-4e32b8a02f8a,28.110000000000003,minimum_left_range,/scan,0.5039244890213013,0.5
cc8b7541-2e11-4ed6-b1f7-4e32b8a02f8a,28.209000000000003,minimum_left_range,/scan,0.5076770782470703,0.5
cc8b7541-2e11-4ed6-b1f7-4e32b8a02f8a,28.311000000000003,minimum_left_range,/scan,0.49562811851501465,0.5
cc8b7541-2e11-4ed6-b1f7-4e32b8a02f8a,28.41,minimum_left_range,/scan,0.4864097535610199,0.5
cc8b7541-2e11-4ed6-b1f7-4e32b8a02f8a,28.509,minimum_left_range,/scan,0.4759456217288971,0.5
cc8b7541-2e11-4ed6-b1f7-4e32b8a02f8a,28.611,minimum_left_range,/scan,0.47653618454933167,0.5
cc8b7541-2e11-4ed6-b1f7-4e32b8a02f8a,28.707,minimum_left_range,/scan,0.45963799953460693,0.5
cc8b7541-2e11-4ed6-b1f7-4e32b8a02f8a,28.809,minimum_left_range,/scan,0.4652172923088074,0.5
cc8b7541-2e11-4ed6-b1f7-4e32b8a02f8a,28.911,minimum_left_range,/scan,0.46015045046806335,0.5
cc8b7541-2e11-4ed6-b1f7-4e32b8a02f8a,29.01,minimum_left_range,/scan,0.4559282660484314,0.5
cc8b7541-2e11-4ed6-b1f7-4e32b8a02f8a,29.109,minimum_left_range,/scan,0.44207045435905457,0.5
cc8b7541-2e11-4ed6-b1f7-4e32b8a02f8a,29.211000000000002,minimum_left_range,/scan,0.45188194513320923,0.5
cc8b7541-2e11-4ed6-b1f7-4e32b8a02f8a,29.307000000000002,minimum_left_range,/scan,0.4623984694480896,0.5
cc8b7541-2e11-4ed6-b1f7-4e32b8a02f8a,29.409000000000002,minimum_left_range,/scan,0.4543680250644684,0.5
cc8b7541-2e11-4ed6-b1f7-4e32b8a02f8a,29.511000000000003,minimum_left_range,/scan,0.4531541168689728,0.5
cc8b7541-2e11-4ed6-b1f7-4e32b8a02f8a,29.610000000000003,minimum_left_range,/scan,0.45327287912368774,0.5
cc8b7541-2e11-4ed6-b1f7-4e32b8a02f8a,9.111,minimum_right_range,/scan,0.0,0.5
cc8b7541-2e11-4ed6-b1f7-4e32b8a02f8a,9.207,minimum_right_range,/scan,0.0,0.5
cc8b7541-2e11-4ed6-b1f7-4e32b8a02f8a,9.306000000000001,minimum_right_range,/scan,0.0,0.5
cc8b7541-2e11-4ed6-b1f7-4e32b8a02f8a,9.411000000000001,minimum_right_range,/scan,0.0,0.5
cc8b7541-2e11-4ed6-b1f7-4e32b8a02f8a,9.51,minimum_right_range,/scan,0.0,0.5
cc8b7541-2e11-4ed6-b1f7-4e32b8a02f8a,9.609,minimum_right_range,/scan,0.0,0.5
cc8b7541-2e11-4ed6-b1f7-4e32b8a02f8a,9.708,minimum_right_range,/scan,0.0,0.5
cc8b7541-2e11-4ed6-b1f7-4e32b8a02f8a,9.81,minimum_right_range,/scan,0.0,0.5
cc8b7541-2e11-4ed6-b1f7-4e32b8a02f8a,9.909,minimum_right_range,/scan,0.0,0.5
cc8b7541-2e11-4ed6-b1f7-4e32b8a02f8a,10.008000000000001,minimum_right_range,/scan,0.0,0.5
cc8b7541-2e11-4ed6-b1f7-4e32b8a02f8a,10.110000000000001,minimum_right_range,/scan,0.0,0.5
cc8b7541-2e11-4ed6-b1f7-4e32b8a02f8a,10.209000000000001,minimum_right_range,/scan,0.0,0.5
cc8b7541-2e11-4ed6-b1f7-4e32b8a02f8a,10.311,minimum_right_range,/scan,0.0,0.5
cc8b7541-2e11-4ed6-b1f7-4e32b8a02f8a,10.407,minimum_right_range,/scan,0.0,0.5
cc8b7541-2e11-4ed6-b1f7-4e32b8a02f8a,10.509,minimum_right_range,/scan,0.0,0.5
cc8b7541-2e11-4ed6-b1f7-4e32b8a02f8a,10.611,minimum_right_range,/scan,0.0,0.5
cc8b7541-2e11-4ed6-b1f7-4e32b8a02f8a,10.71,minimum_right_range,/scan,0.0,0.5
cc8b7541-2e11-4ed6-b1f7-4e32b8a02f8a,10.806000000000001,minimum_right_range,/scan,0.0,0.5
cc8b7541-2e11-4ed6-b1f7-4e32b8a02f8a,10.911000000000001,minimum_right_range,/scan,0.0,0.5
cc8b7541-2e11-4ed6-b1f7-4e32b8a02f8a,11.007000000000001,minimum_right_range,/scan,0.0,0.5
cc8b7541-2e11-4ed6-b1f7-4e32b8a02f8a,11.106,minimum_right_range,/scan,0.0,0.5
cc8b7541-2e11-4ed6-b1f7-4e32b8a02f8a,11.211,minimum_right_range,/scan,0.0,0.5
cc8b7541-2e11-4ed6-b1f7-4e32b8a02f8a,11.31,minimum_right_range,/scan,0.0,0.5
cc8b7541-2e11-4ed6-b1f7-4e32b8a02f8a,11.409,minimum_right_range,/scan,0.0,0.5
cc8b7541-2e11-4ed6-b1f7-4e32b8a02f8a,11.511000000000001,minimum_right_range,/scan,0.0,0.5
cc8b7541-2e11-4ed6-b1f7-4e32b8a02f8a,11.610000000000001,minimum_right_range,/scan,0.0,0.5
cc8b7541-2e11-4ed6-b1f7-4e32b8a02f8a,11.709000000000001,minimum_right_range,/scan,0.0,0.5
cc8b7541-2e11-4ed6-b1f7-4e32b8a02f8a,11.811,minimum_right_range,/scan,0.0,0.5
cc8b7541-2e11-4ed6-b1f7-4e32b8a02f8a,11.907,minimum_right_range,/scan,0.0,0.5
cc8b7541-2e11-4ed6-b1f7-4e32b8a02f8a,12.009,minimum_right_range,/scan,0.0,0.5
cc8b7541-2e11-4ed6-b1f7-4e32b8a02f8a,12.108,minimum_right_range,/scan,0.0,0.5
cc8b7541-2e11-4ed6-b1f7-4e32b8a02f8a,12.21,minimum_right_range,/scan,0.0,0.5
cc8b7541-2e11-4ed6-b1f7-4e32b8a02f8a,12.306000000000001,minimum_right_range,/scan,0.0,0.5
cc8b7541-2e11-4ed6-b1f7-4e32b8a02f8a,12.411000000000001,minimum_right_range,/scan,0.0,0.5
cc8b7541-2e11-4ed6-b1f7-4e32b8a02f8a,12.507000000000001,minimum_right_range,/scan,0.0,0.5
cc8b7541-2e11-4ed6-b1f7-4e32b8a02f8a,12.609,minimum_right_range,/scan,0.0,0.5
cc8b7541-2e11-4ed6-b1f7-4e32b8a02f8a,12.711,minimum_right_range,/scan,0.0,0.5
cc8b7541-2e11-4ed6-b1f7-4e32b8a02f8a,12.81,minimum_right_range,/scan,0.0,0.5
cc8b7541-2e11-4ed6-b1f7-4e32b8a02f8a,12.909,minimum_right_range,/scan,0.0,0.5
cc8b7541-2e11-4ed6-b1f7-4e32b8a02f8a,13.011000000000001,minimum_right_range,/scan,0.0,0.5
cc8b7541-2e11-4ed6-b1f7-4e32b8a02f8a,13.107000000000001,minimum_right_range,/scan,0.0,0.5
cc8b7541-2e11-4ed6-b1f7-4e32b8a02f8a,13.212000000000002,minimum_right_range,/scan,0.0,0.5
cc8b7541-2e11-4ed6-b1f7-4e32b8a02f8a,13.311,minimum_right_range,/scan,0.0,0.5
cc8b7541-2e11-4ed6-b1f7-4e32b8a02f8a,13.41,minimum_right_range,/scan,0.0,0.5
cc8b7541-2e11-4ed6-b1f7-4e32b8a02f8a,13.509,minimum_right_range,/scan,0.0,0.5
cc8b7541-2e11-4ed6-b1f7-4e32b8a02f8a,13.611,minimum_right_range,/scan,0.0,0.5
cc8b7541-2e11-4ed6-b1f7-4e32b8a02f8a,13.71,minimum_right_range,/scan,0.0,0.5
cc8b7541-2e11-4ed6-b1f7-4e32b8a02f8a,13.809000000000001,minimum_right_range,/scan,0.0,0.5
cc8b7541-2e11-4ed6-b1f7-4e32b8a02f8a,13.908000000000001,minimum_right_range,/scan,0.0,0.5
cc8b7541-2e11-4ed6-b1f7-4e32b8a02f8a,14.010000000000002,minimum_right_range,/scan,0.0,0.5
cc8b7541-2e11-4ed6-b1f7-4e32b8a02f8a,14.109000000000002,minimum_right_range,/scan,0.0,0.5
cc8b7541-2e11-4ed6-b1f7-4e32b8a02f8a,14.211,minimum_right_range,/scan,0.0,0.5
cc8b7541-2e11-4ed6-b1f7-4e32b8a02f8a,14.307,minimum_right_range,/scan,0.0,0.5
cc8b7541-2e11-4ed6-b1f7-4e32b8a02f8a,14.409,minimum_right_range,/scan,0.0,0.5
cc8b7541-2e11-4ed6-b1f7-4e32b8a02f8a,14.511000000000001,minimum_right_range,/scan,0.0,0.5
cc8b7541-2e11-4ed6-b1f7-4e32b8a02f8a,14.610000000000001,minimum_right_range,/scan,0.0,0.5
cc8b7541-2e11-4ed6-b1f7-4e32b8a02f8a,14.709000000000001,minimum_right_range,/scan,0.0,0.5
cc8b7541-2e11-4ed6-b1f7-4e32b8a02f8a,14.808000000000002,minimum_right_range,/scan,0.0,0.5
cc8b7541-2e11-4ed6-b1f7-4e32b8a02f8a,14.91,minimum_right_range,/scan,0.0,0.5
cc8b7541-2e11-4ed6-b1f7-4e32b8a02f8a,15.006,minimum_right_range,/scan,0.0,0.5
cc8b7541-2e11-4ed6-b1f7-4e32b8a02f8a,15.111,minimum_right_range,/scan,0.0,0.5
cc8b7541-2e11-4ed6-b1f7-4e32b8a02f8a,15.207,minimum_right_range,/scan,0.0,0.5
cc8b7541-2e11-4ed6-b1f7-4e32b8a02f8a,15.309000000000001,minimum_right_range,/scan,0.0,0.5
cc8b7541-2e11-4ed6-b1f7-4e32b8a02f8a,15.411000000000001,minimum_right_range,/scan,0.0,0.5
cc8b7541-2e11-4ed6-b1f7-4e32b8a02f8a,15.510000000000002,minimum_right_range,/scan,0.0,0.5
cc8b7541-2e11-4ed6-b1f7-4e32b8a02f8a,15.606000000000002,minimum_right_range,/scan,0.0,0.5
cc8b7541-2e11-4ed6-b1f7-4e32b8a02f8a,15.711,minimum_right_range,/scan,0.0,0.5
cc8b7541-2e11-4ed6-b1f7-4e32b8a02f8a,15.807,minimum_right_range,/scan,0.0,0.5
cc8b7541-2e11-4ed6-b1f7-4e32b8a02f8a,15.906,minimum_right_range,/scan,0.0,0.5
cc8b7541-2e11-4ed6-b1f7-4e32b8a02f8a,16.011,minimum_right_range,/scan,0.0,0.5
cc8b7541-2e11-4ed6-b1f7-4e32b8a02f8a,16.11,minimum_right_range,/scan,0.0,0.5
cc8b7541-2e11-4ed6-b1f7-4e32b8a02f8a,16.206,minimum_right_range,/scan,0.0,0.5
cc8b7541-2e11-4ed6-b1f7-4e32b8a02f8a,16.308,minimum_right_range,/scan,0.0,0.5
cc8b7541-2e11-4ed6-b1f7-4e32b8a02f8a,16.41,minimum_right_range,/scan,0.0,0.5
cc8b7541-2e11-4ed6-b1f7-4e32b8a02f8a,16.509,minimum_right_range,/scan,0.0,0.5
cc8b7541-2e11-4ed6-b1f7-4e32b8a02f8a,16.608,minimum_right_range,/scan,0.0,0.5
cc8b7541-2e11-4ed6-b1f7-4e32b8a02f8a,16.71,minimum_right_range,/scan,0.0,0.5
cc8b7541-2e11-4ed6-b1f7-4e32b8a02f8a,16.809,minimum_right_range,/scan,0.0,0.5
cc8b7541-2e11-4ed6-b1f7-4e32b8a02f8a,16.911,minimum_right_range,/scan,0.0,0.5
cc8b7541-2e11-4ed6-b1f7-4e32b8a02f8a,17.01,minimum_right_range,/scan,0.0,0.5
cc8b7541-2e11-4ed6-b1f7-4e32b8a02f8a,17.109,minimum_right_range,/scan,0.0,0.5
cc8b7541-2e11-4ed6-b1f7-4e32b8a02f8a,17.211000000000002,minimum_right_range,/scan,0.0,0.5
cc8b7541-2e11-4ed6-b1f7-4e32b8a02f8a,17.310000000000002,minimum_right_range,/scan,0.0,0.5
cc8b7541-2e11-4ed6-b1f7-4e32b8a02f8a,17.406000000000002,minimum_right_range,/scan,0.0,0.5
cc8b7541-2e11-4ed6-b1f7-4e32b8a02f8a,17.511000000000003,minimum_right_range,/scan,0.0,0.5
cc8b7541-2e11-4ed6-b1f7-4e32b8a02f8a,17.61,minimum_right_range,/scan,0.0,0.5
cc8b7541-2e11-4ed6-b1f7-4e32b8a02f8a,17.709,minimum_right_range,/scan,0.0,0.5
cc8b7541-2e11-4ed6-b1f7-4e32b8a02f8a,17.811,minimum_right_range,/scan,0.0,0.5
cc8b7541-2e11-4ed6-b1f7-4e32b8a02f8a,17.91,minimum_right_range,/scan,0.0,0.5
cc8b7541-2e11-4ed6-b1f7-4e32b8a02f8a,18.009,minimum_right_range,/scan,0.0,0.5
cc8b7541-2e11-4ed6-b1f7-4e32b8a02f8a,18.111,minimum_right_range,/scan,0.0,0.5
cc8b7541-2e11-4ed6-b1f7-4e32b8a02f8a,18.21,minimum_right_range,/scan,0.0,0.5
cc8b7541-2e11-4ed6-b1f7-4e32b8a02f8a,18.309,minimum_right_range,/scan,0.0,0.5
cc8b7541-2e11-4ed6-b1f7-4e32b8a02f8a,18.408,minimum_right_range,/scan,0.0,0.5
cc8b7541-2e11-4ed6-b1f7-4e32b8a02f8a,18.51,minimum_right_range,/scan,0.0,0.5
cc8b7541-2e11-4ed6-b1f7-4e32b8a02f8a,18.609,minimum_right_range,/scan,0.0,0.5
cc8b7541-2e11-4ed6-b1f7-4e32b8a02f8a,18.711000000000002,minimum_right_range,/scan,0.0,0.5
cc8b7541-2e11-4ed6-b1f7-4e32b8a02f8a,18.810000000000002,minimum_right_range,/scan,0.0,0.5
cc8b7541-2e11-4ed6-b1f7-4e32b8a02f8a,18.909000000000002,minimum_right_range,/scan,0.0,0.5
cc8b7541-2e11-4ed6-b1f7-4e32b8a02f8a,19.011000000000003,minimum_right_range,/scan,0.0,0.5
cc8b7541-2e11-4ed6-b1f7-4e32b8a02f8a,19.113,minimum_right_range,/scan,0.0,0.5
cc8b7541-2e11-4ed6-b1f7-4e32b8a02f8a,19.206,minimum_right_range,/scan,0.0,0.5
cc8b7541-2e11-4ed6-b1f7-4e32b8a02f8a,19.308,minimum_right_range,/scan,0.0,0.5
cc8b7541-2e11-4ed6-b1f7-4e32b8a02f8a,19.407,minimum_right_range,/scan,0.0,0.5
cc8b7541-2e11-4ed6-b1f7-4e32b8a02f8a,19.509,minimum_right_range,/scan,0.0,0.5
cc8b7541-2e11-4ed6-b1f7-4e32b8a02f8a,19.611,minimum_right_range,/scan,0.0,0.5
cc8b7541-2e11-4ed6-b1f7-4e32b8a02f8a,19.707,minimum_right_range,/scan,0.0,0.5
cc8b7541-2e11-4ed6-b1f7-4e32b8a02f8a,19.809,minimum_right_range,/scan,0.0,0.5
cc8b7541-2e11-4ed6-b1f7-4e32b8a02f8a,19.908,minimum_right_range,/scan,0.0,0.5
cc8b7541-2e11-4ed6-b1f7-4e32b8a02f8a,20.01,minimum_right_range,/scan,0.0,0.5
cc8b7541-2e11-4ed6-b1f7-4e32b8a02f8a,20.109,minimum_right_range,/scan,0.0,0.5
cc8b7541-2e11-4ed6-b1f7-4e32b8a02f8a,20.211000000000002,minimum_right_range,/scan,0.0,0.5
cc8b7541-2e11-4ed6-b1f7-4e32b8a02f8a,20.310000000000002,minimum_right_range,/scan,0.0,0.5
cc8b7541-2e11-4ed6-b1f7-4e32b8a02f8a,20.409000000000002,minimum_right_range,/scan,0.0,0.5
cc8b7541-2e11-4ed6-b1f7-4e32b8a02f8a,20.511000000000003,minimum_right_range,/scan,0.0,0.5
cc8b7541-2e11-4ed6-b1f7-4e32b8a02f8a,20.610000000000003,minimum_right_range,/scan,0.0,0.5
cc8b7541-2e11-4ed6-b1f7-4e32b8a02f8a,20.706,minimum_right_range,/scan,0.0,0.5
cc8b7541-2e11-4ed6-b1f7-4e32b8a02f8a,20.811,minimum_right_range,/scan,0.0,0.5
cc8b7541-2e11-4ed6-b1f7-4e32b8a02f8a,20.91,minimum_right_range,/scan,0.0,0.5
cc8b7541-2e11-4ed6-b1f7-4e32b8a02f8a,21.009,minimum_right_range,/scan,0.0,0.5
cc8b7541-2e11-4ed6-b1f7-4e32b8a02f8a,21.108,minimum_right_range,/scan,0.0,0.5
cc8b7541-2e11-4ed6-b1f7-4e32b8a02f8a,21.21,minimum_right_range,/scan,0.0,0.5
cc8b7541-2e11-4ed6-b1f7-4e32b8a02f8a,21.309,minimum_right_range,/scan,0.0,0.5
cc8b7541-2e11-4ed6-b1f7-4e32b8a02f8a,21.411,minimum_right_range,/scan,0.0,0.5
cc8b7541-2e11-4ed6-b1f7-4e32b8a02f8a,21.507,minimum_right_range,/scan,0.0,0.5
cc8b7541-2e11-4ed6-b1f7-4e32b8a02f8a,21.609,minimum_right_range,/scan,0.0,0.5
cc8b7541-2e11-4ed6-b1f7-4e32b8a02f8a,21.711000000000002,minimum_right_range,/scan,0.0,0.5
cc8b7541-2e11-4ed6-b1f7-4e32b8a02f8a,21.810000000000002,minimum_right_range,/scan,0.0,0.5
cc8b7541-2e11-4ed6-b1f7-4e32b8a02f8a,21.909000000000002,minimum_right_range,/scan,0.0,0.5
cc8b7541-2e11-4ed6-b1f7-4e32b8a02f8a,22.011000000000003,minimum_right_range,/scan,0.0,0.5
cc8b7541-2e11-4ed6-b1f7-4e32b8a02f8a,22.110000000000003,minimum_right_range,/scan,0.0,0.5
cc8b7541-2e11-4ed6-b1f7-4e32b8a02f8a,22.206000000000003,minimum_right_range,/scan,0.0,0.5
cc8b7541-2e11-4ed6-b1f7-4e32b8a02f8a,22.311,minimum_right_range,/scan,0.0,0.5
cc8b7541-2e11-4ed6-b1f7-4e32b8a02f8a,22.407,minimum_right_range,/scan,0.0,0.5
cc8b7541-2e11-4ed6-b1f7-4e32b8a02f8a,22.506,minimum_right_range,/scan,0.0,0.5
cc8b7541-2e11-4ed6-b1f7-4e32b8a02f8a,22.608,minimum_right_range,/scan,0.0,0.5
cc8b7541-2e11-4ed6-b1f7-4e32b8a02f8a,22.71,minimum_right_range,/scan,0.0,0.5
cc8b7541-2e11-4ed6-b1f7-4e32b8a02f8a,22.806,minimum_right_range,/scan,0.0,0.5
cc8b7541-2e11-4ed6-b1f7-4e32b8a02f8a,22.911,minimum_right_range,/scan,0.0,0.5
cc8b7541-2e11-4ed6-b1f7-4e32b8a02f8a,23.007,minimum_right_range,/scan,0.0,0.5
cc8b7541-2e11-4ed6-b1f7-4e32b8a02f8a,23.109,minimum_right_range,/scan,0.0,0.5
cc8b7541-2e11-4ed6-b1f7-4e32b8a02f8a,23.211000000000002,minimum_right_range,/scan,0.0,0.5
cc8b7541-2e11-4ed6-b1f7-4e32b8a02f8a,23.310000000000002,minimum_right_range,/scan,0.0,0.5
cc8b7541-2e11-4ed6-b1f7-4e32b8a02f8a,23.409000000000002,minimum_right_range,/scan,0.0,0.5
cc8b7541-2e11-4ed6-b1f7-4e32b8a02f8a,23.511000000000003,minimum_right_range,/scan,0.0,0.5
cc8b7541-2e11-4ed6-b1f7-4e32b8a02f8a,23.610000000000003,minimum_right_range,/scan,0.0,0.5
cc8b7541-2e11-4ed6-b1f7-4e32b8a02f8a,23.709000000000003,minimum_right_range,/scan,0.0,0.5
cc8b7541-2e11-4ed6-b1f7-4e32b8a02f8a,23.811,minimum_right_range,/scan,0.0,0.5
cc8b7541-2e11-4ed6-b1f7-4e32b8a02f8a,23.91,minimum_right_range,/scan,0.0,0.5
cc8b7541-2e11-4ed6-b1f7-4e32b8a02f8a,24.009,minimum_right_range,/scan,0.0,0.5
cc8b7541-2e11-4ed6-b1f7-4e32b8a02f8a,24.111,minimum_right_range,/scan,0.0,0.5
cc8b7541-2e11-4ed6-b1f7-4e32b8a02f8a,24.21,minimum_right_range,/scan,0.0,0.5
cc8b7541-2e11-4ed6-b1f7-4e32b8a02f8a,24.309,minimum_right_range,/scan,0.0,0.5
cc8b7541-2e11-4ed6-b1f7-4e32b8a02f8a,24.411,minimum_right_range,/scan,0.0,0.5
cc8b7541-2e11-4ed6-b1f7-4e32b8a02f8a,24.51,minimum_right_range,/scan,0.0,0.5
cc8b7541-2e11-4ed6-b1f7-4e32b8a02f8a,24.609,minimum_right_range,/scan,0.0,0.5
cc8b7541-2e11-4ed6-b1f7-4e32b8a02f8a,24.711000000000002,minimum_right_range,/scan,0.0,0.5
cc8b7541-2e11-4ed6-b1f7-4e32b8a02f8a,24.810000000000002,minimum_right_range,/scan,0.0,0.5
cc8b7541-2e11-4ed6-b1f7-4e32b8a02f8a,24.909000000000002,minimum_right_range,/scan,0.0,0.5
cc8b7541-2e11-4ed6-b1f7-4e32b8a02f8a,25.011000000000003,minimum_right_range,/scan,0.0,0.5
cc8b7541-2e11-4ed6-b1f7-4e32b8a02f8a,25.110000000000003,minimum_right_range,/scan,0.0,0.5
cc8b7541-2e11-4ed6-b1f7-4e32b8a02f8a,25.209000000000003,minimum_right_range,/scan,0.0,0.5
cc8b7541-2e11-4ed6-b1f7-4e32b8a02f8a,25.311,minimum_right_range,/scan,0.0,0.5
cc8b7541-2e11-4ed6-b1f7-4e32b8a02f8a,25.41,minimum_right_range,/scan,0.0,0.5
cc8b7541-2e11-4ed6-b1f7-4e32b8a02f8a,25.509,minimum_right_range,/scan,0.0,0.5
cc8b7541-2e11-4ed6-b1f7-4e32b8a02f8a,25.611,minimum_right_range,/scan,0.0,0.5
cc8b7541-2e11-4ed6-b1f7-4e32b8a02f8a,25.71,minimum_right_range,/scan,0.0,0.5
cc8b7541-2e11-4ed6-b1f7-4e32b8a02f8a,25.809,minimum_right_range,/scan,0.0,0.5
cc8b7541-2e11-4ed6-b1f7-4e32b8a02f8a,25.911,minimum_right_range,/scan,0.0,0.5
cc8b7541-2e11-4ed6-b1f7-4e32b8a02f8a,26.01,minimum_right_range,/scan,0.0,0.5
cc8b7541-2e11-4ed6-b1f7-4e32b8a02f8a,26.106,minimum_right_range,/scan,0.0,0.5
cc8b7541-2e11-4ed6-b1f7-4e32b8a02f8a,26.211000000000002,minimum_right_range,/scan,0.0,0.5
cc8b7541-2e11-4ed6-b1f7-4e32b8a02f8a,26.310000000000002,minimum_right_range,/scan,0.0,0.5
cc8b7541-2e11-4ed6-b1f7-4e32b8a02f8a,26.409000000000002,minimum_right_range,/scan,0.0,0.5
cc8b7541-2e11-4ed6-b1f7-4e32b8a02f8a,26.511000000000003,minimum_right_range,/scan,0.0,0.5
cc8b7541-2e11-4ed6-b1f7-4e32b8a02f8a,26.607000000000003,minimum_right_range,/scan,0.0,0.5
cc8b7541-2e11-4ed6-b1f7-4e32b8a02f8a,26.709000000000003,minimum_right_range,/scan,0.0,0.5
cc8b7541-2e11-4ed6-b1f7-4e32b8a02f8a,26.811,minimum_right_range,/scan,0.0,0.5
cc8b7541-2e11-4ed6-b1f7-4e32b8a02f8a,26.91,minimum_right_range,/scan,0.0,0.5
cc8b7541-2e11-4ed6-b1f7-4e32b8a02f8a,27.009,minimum_right_range,/scan,0.0,0.5
cc8b7541-2e11-4ed6-b1f7-4e32b8a02f8a,27.111,minimum_right_range,/scan,0.0,0.5
cc8b7541-2e11-4ed6-b1f7-4e32b8a02f8a,27.21,minimum_right_range,/scan,0.0,0.5
cc8b7541-2e11-4ed6-b1f7-4e32b8a02f8a,27.306,minimum_right_range,/scan,0.0,0.5
cc8b7541-2e11-4ed6-b1f7-4e32b8a02f8a,27.411,minimum_right_range,/scan,0.0,0.5
cc8b7541-2e11-4ed6-b1f7-4e32b8a02f8a,27.51,minimum_right_range,/scan,0.0,0.5
cc8b7541-2e11-4ed6-b1f7-4e32b8a02f8a,27.609,minimum_right_range,/scan,0.0,0.5
cc8b7541-2e11-4ed6-b1f7-4e32b8a02f8a,27.711000000000002,minimum_right_range,/scan,0.0,0.5
cc8b7541-2e11-4ed6-b1f7-4e32b8a02f8a,27.810000000000002,minimum_right_range,/scan,0.0,0.5
cc8b7541-2e11-4ed6-b1f7-4e32b8a02f8a,27.909000000000002,minimum_right_range,/scan,0.0,0.5
cc8b7541-2e11-4ed6-b1f7-4e32b8a02f8a,28.011000000000003,minimum_right_range,/scan,0.0,0.5
cc8b7541-2e11-4ed6-b1f7-4e32b8a02f8a,28.110000000000003,minimum_right_range,/scan,0.0,0.5
cc8b7541-2e11-4ed6-b1f7-4e32b8a02f8a,28.209000000000003,minimum_right_range,/scan,0.0,0.5
cc8b7541-2e11-4ed6-b1f7-4e32b8a02f8a,28.311000000000003,minimum_right_range,/scan,0.0,0.5
cc8b7541-2e11-4ed6-b1f7-4e32b8a02f8a,28.41,minimum_right_range,/scan,0.0,0.5
cc8b7541-2e11-4ed6-b1f7-4e32b8a02f8a,28.509,minimum_right_range,/scan,0.0,0.5
cc8b7541-2e11-4ed6-b1f7-4e32b8a02f8a,28.611,minimum_right_range,/scan,0.0,0.5
cc8b7541-2e11-4ed6-b1f7-4e32b8a02f8a,28.707,minimum_right_range,/scan,0.0,0.5
cc8b7541-2e11-4ed6-b1f7-4e32b8a02f8a,28.809,minimum_right_range,/scan,0.0,0.5
cc8b7541-2e11-4ed6-b1f7-4e32b8a02f8a,28.911,minimum_right_range,/scan,0.0,0.5
cc8b7541-2e11-4ed6-b1f7-4e32b8a02f8a,29.01,minimum_right_range,/scan,0.0,0.5
cc8b7541-2e11-4ed6-b1f7-4e32b8a02f8a,29.109,minimum_right_range,/scan,0.0,0.5
cc8b7541-2e11-4ed6-b1f7-4e32b8a02f8a,29.211000000000002,minimum_right_range,/scan,0.0,0.5
cc8b7541-2e11-4ed6-b1f7-4e32b8a02f8a,29.307000000000002,minimum_right_range,/scan,0.0,0.5
cc8b7541-2e11-4ed6-b1f7-4e32b8a02f8a,29.409000000000002,minimum_right_range,/scan,0.0,0.5
cc8b7541-2e11-4ed6-b1f7-4e32b8a02f8a,29.511000000000003,minimum_right_range,/scan,0.0,0.5
cc8b7541-2e11-4ed6-b1f7-4e32b8a02f8a,29.610000000000003,minimum_right_range,/scan,0.0,0.5
cc8b7541-2e11-4ed6-b1f7-4e32b8a02f8a,9.072000000000001,odom_x,/odom,2.2371907111862404e-07,0.5
cc8b7541-2e11-4ed6-b1f7-4e32b8a02f8a,9.111,odom_x,/odom,2.2371907111862428e-07,0.5
cc8b7541-2e11-4ed6-b1f7-4e32b8a02f8a,9.144,odom_x,/odom,2.2371907111862433e-07,0.5
cc8b7541-2e11-4ed6-b1f7-4e32b8a02f8a,9.18,odom_x,/odom,2.23719071118624e-07,0.5
cc8b7541-2e11-4ed6-b1f7-4e32b8a02f8a,9.216000000000001,odom_x,/odom,2.237190711186241e-07,0.5
cc8b7541-2e11-4ed6-b1f7-4e32b8a02f8a,9.252,odom_x,/odom,2.237190711186243e-07,0.5
cc8b7541-2e11-4ed6-b1f7-4e32b8a02f8a,9.288,odom_x,/odom,2.2371907111862385e-07,0.5
cc8b7541-2e11-4ed6-b1f7-4e32b8a02f8a,9.324,odom_x,/odom,2.237190711186236e-07,0.5
cc8b7541-2e11-4ed6-b1f7-4e32b8a02f8a,9.360000000000001,odom_x,/odom,2.2371907111862343e-07,0.5
cc8b7541-2e11-4ed6-b1f7-4e32b8a02f8a,9.396,odom_x,/odom,2.2371907111862317e-07,0.5
cc8b7541-2e11-4ed6-b1f7-4e32b8a02f8a,9.432,odom_x,/odom,2.2371907111862324e-07,0.5
cc8b7541-2e11-4ed6-b1f7-4e32b8a02f8a,9.468,odom_x,/odom,2.237190711186231e-07,0.5
cc8b7541-2e11-4ed6-b1f7-4e32b8a02f8a,9.504000000000001,odom_x,/odom,2.2371907111862253e-07,0.5
cc8b7541-2e11-4ed6-b1f7-4e32b8a02f8a,9.540000000000001,odom_x,/odom,2.2371907111862264e-07,0.5
cc8b7541-2e11-4ed6-b1f7-4e32b8a02f8a,9.576,odom_x,/odom,2.2371907111862303e-07,0.5
cc8b7541-2e11-4ed6-b1f7-4e32b8a02f8a,9.612,odom_x,/odom,2.2371907111862306e-07,0.5
cc8b7541-2e11-4ed6-b1f7-4e32b8a02f8a,9.648000000000001,odom_x,/odom,2.237190711186227e-07,0.5
cc8b7541-2e11-4ed6-b1f7-4e32b8a02f8a,9.684000000000001,odom_x,/odom,2.2371907111862282e-07,0.5
cc8b7541-2e11-4ed6-b1f7-4e32b8a02f8a,9.72,odom_x,/odom,2.2371907111862277e-07,0.5
cc8b7541-2e11-4ed6-b1f7-4e32b8a02f8a,9.756,odom_x,/odom,2.2371907111862248e-07,0.5
cc8b7541-2e11-4ed6-b1f7-4e32b8a02f8a,9.792,odom_x,/odom,2.237190711186225e-07,0.5
cc8b7541-2e11-4ed6-b1f7-4e32b8a02f8a,9.828000000000001,odom_x,/odom,2.2371907111862248e-07,0.5
cc8b7541-2e11-4ed6-b1f7-4e32b8a02f8a,9.864,odom_x,/odom,2.2371907111862232e-07,0.5
cc8b7541-2e11-4ed6-b1f7-4e32b8a02f8a,9.9,odom_x,/odom,2.2371907111862232e-07,0.5
cc8b7541-2e11-4ed6-b1f7-4e32b8a02f8a,9.936,odom_x,/odom,2.2371907111862219e-07,0.5
cc8b7541-2e11-4ed6-b1f7-4e32b8a02f8a,9.972000000000001,odom_x,/odom,2.2371907111862184e-07,0.5
cc8b7541-2e11-4ed6-b1f7-4e32b8a02f8a,10.011000000000001,odom_x,/odom,2.2371907111862126e-07,0.5
cc8b7541-2e11-4ed6-b1f7-4e32b8a02f8a,10.044,odom_x,/odom,2.2371907111862102e-07,0.5
cc8b7541-2e11-4ed6-b1f7-4e32b8a02f8a,10.08,odom_x,/odom,2.2371907111862084e-07,0.5
cc8b7541-2e11-4ed6-b1f7-4e32b8a02f8a,10.116000000000001,odom_x,/odom,2.2371907111862102e-07,0.5
cc8b7541-2e11-4ed6-b1f7-4e32b8a02f8a,10.152000000000001,odom_x,/odom,2.2371907111862084e-07,0.5
cc8b7541-2e11-4ed6-b1f7-4e32b8a02f8a,10.188,odom_x,/odom,2.2371907111862078e-07,0.5
cc8b7541-2e11-4ed6-b1f7-4e32b8a02f8a,10.224,odom_x,/odom,2.2371907111862036e-07,0.5
cc8b7541-2e11-4ed6-b1f7-4e32b8a02f8a,10.26,odom_x,/odom,2.2371907111862007e-07,0.5
cc8b7541-2e11-4ed6-b1f7-4e32b8a02f8a,10.296000000000001,odom_x,/odom,2.237190711186195e-07,0.5
cc8b7541-2e11-4ed6-b1f7-4e32b8a02f8a,10.332,odom_x,/odom,2.237190711186193e-07,0.5
cc8b7541-2e11-4ed6-b1f7-4e32b8a02f8a,10.368,odom_x,/odom,2.2371907111861882e-07,0.5
cc8b7541-2e11-4ed6-b1f7-4e32b8a02f8a,10.404,odom_x,/odom,2.2371907111861933e-07,0.5
cc8b7541-2e11-4ed6-b1f7-4e32b8a02f8a,10.440000000000001,odom_x,/odom,2.237190711186192e-07,0.5
cc8b7541-2e11-4ed6-b1f7-4e32b8a02f8a,10.476,odom_x,/odom,2.2371907111861933e-07,0.5
cc8b7541-2e11-4ed6-b1f7-4e32b8a02f8a,10.512,odom_x,/odom,2.2371907111861914e-07,0.5
cc8b7541-2e11-4ed6-b1f7-4e32b8a02f8a,10.548,odom_x,/odom,2.2371907111861896e-07,0.5
cc8b7541-2e11-4ed6-b1f7-4e32b8a02f8a,10.584000000000001,odom_x,/odom,2.2371907111861877e-07,0.5
cc8b7541-2e11-4ed6-b1f7-4e32b8a02f8a,10.620000000000001,odom_x,/odom,2.2371907111861845e-07,0.5
cc8b7541-2e11-4ed6-b1f7-4e32b8a02f8a,10.656,odom_x,/odom,2.2371907111861824e-07,0.5
cc8b7541-2e11-4ed6-b1f7-4e32b8a02f8a,10.692,odom_x,/odom,2.237190711186178e-07,0.5
cc8b7541-2e11-4ed6-b1f7-4e32b8a02f8a,10.728000000000002,odom_x,/odom,2.2371907111861782e-07,0.5
cc8b7541-2e11-4ed6-b1f7-4e32b8a02f8a,10.764000000000001,odom_x,/odom,0.0005942237120740109,0.5
cc8b7541-2e11-4ed6-b1f7-4e32b8a02f8a,10.8,odom_x,/odom,0.0018262142749690504,0.5
cc8b7541-2e11-4ed6-b1f7-4e32b8a02f8a,10.836,odom_x,/odom,0.0033822045959211637,0.5
cc8b7541-2e11-4ed6-b1f7-4e32b8a02f8a,10.872,odom_x,/odom,0.006180194460247953,0.5
cc8b7541-2e11-4ed6-b1f7-4e32b8a02f8a,10.908000000000001,odom_x,/odom,0.010094460053538305,0.5
cc8b7541-2e11-4ed6-b1f7-4e32b8a02f8a,10.944,odom_x,/odom,0.014303706164930114,0.5
cc8b7541-2e11-4ed6-b1f7-4e32b8a02f8a,10.98,odom_x,/odom,0.018757771057266275,0.5
cc8b7541-2e11-4ed6-b1f7-4e32b8a02f8a,11.016,odom_x,/odom,0.02332785555610355,0.5
cc8b7541-2e11-4ed6-b1f7-4e32b8a02f8a,11.052000000000001,odom_x,/odom,0.027914754599336084,0.5
cc8b7541-2e11-4ed6-b1f7-4e32b8a02f8a,11.088000000000001,odom_x,/odom,0.03240296623311308,0.5
cc8b7541-2e11-4ed6-b1f7-4e32b8a02f8a,11.124,odom_x,/odom,0.03695917628190809,0.5
cc8b7541-2e11-4ed6-b1f7-4e32b8a02f8a,11.16,odom_x,/odom,0.041541481103735935,0.5
cc8b7541-2e11-4ed6-b1f7-4e32b8a02f8a,11.196000000000002,odom_x,/odom,0.04612693884572715,0.5
cc8b7541-2e11-4ed6-b1f7-4e32b8a02f8a,11.232000000000001,odom_x,/odom,0.05086446689767935,0.5
cc8b7541-2e11-4ed6-b1f7-4e32b8a02f8a,11.268,odom_x,/odom,0.05553957903091664,0.5
cc8b7541-2e11-4ed6-b1f7-4e32b8a02f8a,11.304,odom_x,/odom,0.06028711443721481,0.5
cc8b7541-2e11-4ed6-b1f7-4e32b8a02f8a,11.34,odom_x,/odom,0.06504562872960915,0.5
cc8b7541-2e11-4ed6-b1f7-4e32b8a02f8a,11.376000000000001,odom_x,/odom,0.06977691313446177,0.5
cc8b7541-2e11-4ed6-b1f7-4e32b8a02f8a,11.412,odom_x,/odom,0.07448956327377347,0.5
cc8b7541-2e11-4ed6-b1f7-4e32b8a02f8a,11.448,odom_x,/odom,0.07920105862133747,0.5
cc8b7541-2e11-4ed6-b1f7-4e32b8a02f8a,11.484,odom_x,/odom,0.08390601640391389,0.5
cc8b7541-2e11-4ed6-b1f7-4e32b8a02f8a,11.520000000000001,odom_x,/odom,0.08860940465807042,0.5
cc8b7541-2e11-4ed6-b1f7-4e32b8a02f8a,11.556000000000001,odom_x,/odom,0.09340560898603696,0.5
cc8b7541-2e11-4ed6-b1f7-4e32b8a02f8a,11.592,odom_x,/odom,0.0982527183424695,0.5
cc8b7541-2e11-4ed6-b1f7-4e32b8a02f8a,11.628,odom_x,/odom,0.1031634478444904,0.5
cc8b7541-2e11-4ed6-b1f7-4e32b8a02f8a,11.664000000000001,odom_x,/odom,0.10811521105896224,0.5
cc8b7541-2e11-4ed6-b1f7-4e32b8a02f8a,11.700000000000001,odom_x,/odom,0.11306847859943478,0.5
cc8b7541-2e11-4ed6-b1f7-4e32b8a02f8a,11.736,odom_x,/odom,0.11812040385607285,0.5
cc8b7541-2e11-4ed6-b1f7-4e32b8a02f8a,11.772,odom_x,/odom,0.12300715090757211,0.5
cc8b7541-2e11-4ed6-b1f7-4e32b8a02f8a,11.808000000000002,odom_x,/odom,0.12791013756980346,0.5
cc8b7541-2e11-4ed6-b1f7-4e32b8a02f8a,11.844000000000001,odom_x,/odom,0.13284238995120903,0.5
cc8b7541-2e11-4ed6-b1f7-4e32b8a02f8a,11.88,odom_x,/odom,0.1377381980331072,0.5
cc8b7541-2e11-4ed6-b1f7-4e32b8a02f8a,11.916,odom_x,/odom,0.14261687876653223,0.5
cc8b7541-2e11-4ed6-b1f7-4e32b8a02f8a,11.952,odom_x,/odom,0.14749044029400518,0.5
cc8b7541-2e11-4ed6-b1f7-4e32b8a02f8a,11.988000000000001,odom_x,/odom,0.15239900211614787,0.5
cc8b7541-2e11-4ed6-b1f7-4e32b8a02f8a,12.024000000000001,odom_x,/odom,0.1573398195172812,0.5
cc8b7541-2e11-4ed6-b1f7-4e32b8a02f8a,12.06,odom_x,/odom,0.16238788633248355,0.5
cc8b7541-2e11-4ed6-b1f7-4e32b8a02f8a,12.096,odom_x,/odom,0.16745889613266265,0.5
cc8b7541-2e11-4ed6-b1f7-4e32b8a02f8a,12.132000000000001,odom_x,/odom,0.17266885940630436,0.5
cc8b7541-2e11-4ed6-b1f7-4e32b8a02f8a,12.168000000000001,odom_x,/odom,0.177790798552655,0.5
cc8b7541-2e11-4ed6-b1f7-4e32b8a02f8a,12.204,odom_x,/odom,0.18284897556067695,0.5
cc8b7541-2e11-4ed6-b1f7-4e32b8a02f8a,12.24,odom_x,/odom,0.18790527390385606,0.5
cc8b7541-2e11-4ed6-b1f7-4e32b8a02f8a,12.276000000000002,odom_x,/odom,0.19305314554809683,0.5
cc8b7541-2e11-4ed6-b1f7-4e32b8a02f8a,12.312000000000001,odom_x,/odom,0.1983866702201545,0.5
cc8b7541-2e11-4ed6-b1f7-4e32b8a02f8a,12.348,odom_x,/odom,0.2037530232956679,0.5
cc8b7541-2e11-4ed6-b1f7-4e32b8a02f8a,12.384,odom_x,/odom,0.20902420030730334,0.5
cc8b7541-2e11-4ed6-b1f7-4e32b8a02f8a,12.42,odom_x,/odom,0.21433398047866734,0.5
cc8b7541-2e11-4ed6-b1f7-4e32b8a02f8a,12.456000000000001,odom_x,/odom,0.21975399474581553,0.5
cc8b7541-2e11-4ed6-b1f7-4e32b8a02f8a,12.492,odom_x,/odom,0.22523038231758746,0.5
cc8b7541-2e11-4ed6-b1f7-4e32b8a02f8a,12.528,odom_x,/odom,0.2307513121746986,0.5
cc8b7541-2e11-4ed6-b1f7-4e32b8a02f8a,12.564,odom_x,/odom,0.23617217737292867,0.5
cc8b7541-2e11-4ed6-b1f7-4e32b8a02f8a,12.600000000000001,odom_x,/odom,0.24158041553422652,0.5
cc8b7541-2e11-4ed6-b1f7-4e32b8a02f8a,12.636000000000001,odom_x,/odom,0.24703602577423445,0.5
cc8b7541-2e11-4ed6-b1f7-4e32b8a02f8a,12.672,odom_x,/odom,0.2525606145071748,0.5
cc8b7541-2e11-4ed6-b1f7-4e32b8a02f8a,12.711,odom_x,/odom,0.25801103354445704,0.5
cc8b7541-2e11-4ed6-b1f7-4e32b8a02f8a,12.744000000000002,odom_x,/odom,0.26343305058629674,0.5
cc8b7541-2e11-4ed6-b1f7-4e32b8a02f8a,12.780000000000001,odom_x,/odom,0.2688148322557516,0.5
cc8b7541-2e11-4ed6-b1f7-4e32b8a02f8a,12.816,odom_x,/odom,0.2742623773763678,0.5
cc8b7541-2e11-4ed6-b1f7-4e32b8a02f8a,12.852,odom_x,/odom,0.27974713556101116,0.5
cc8b7541-2e11-4ed6-b1f7-4e32b8a02f8a,12.888000000000002,odom_x,/odom,0.2851916757673426,0.5
cc8b7541-2e11-4ed6-b1f7-4e32b8a02f8a,12.924000000000001,odom_x,/odom,0.29073372862896296,0.5
cc8b7541-2e11-4ed6-b1f7-4e32b8a02f8a,12.96,odom_x,/odom,0.2963943603035262,0.5
cc8b7541-2e11-4ed6-b1f7-4e32b8a02f8a,12.996,odom_x,/odom,0.3020785146358386,0.5
cc8b7541-2e11-4ed6-b1f7-4e32b8a02f8a,13.032,odom_x,/odom,0.30777547781429565,0.5
cc8b7541-2e11-4ed6-b1f7-4e32b8a02f8a,13.068000000000001,odom_x,/odom,0.3135296139139707,0.5
cc8b7541-2e11-4ed6-b1f7-4e32b8a02f8a,13.104000000000001,odom_x,/odom,0.31912090307893426,0.5
cc8b7541-2e11-4ed6-b1f7-4e32b8a02f8a,13.14,odom_x,/odom,0.3246864351222882,0.5
cc8b7541-2e11-4ed6-b1f7-4e32b8a02f8a,13.176,odom_x,/odom,0.33029331728417993,0.5
cc8b7541-2e11-4ed6-b1f7-4e32b8a02f8a,13.212000000000002,odom_x,/odom,0.33590678606917196,0.5
cc8b7541-2e11-4ed6-b1f7-4e32b8a02f8a,13.248000000000001,odom_x,/odom,0.3415172330098539,0.5
cc8b7541-2e11-4ed6-b1f7-4e32b8a02f8a,13.284,odom_x,/odom,0.34716894692063055,0.5
cc8b7541-2e11-4ed6-b1f7-4e32b8a02f8a,13.32,odom_x,/odom,0.35283107965301863,0.5
cc8b7541-2e11-4ed6-b1f7-4e32b8a02f8a,13.356000000000002,odom_x,/odom,0.3586242521622811,0.5
cc8b7541-2e11-4ed6-b1f7-4e32b8a02f8a,13.392000000000001,odom_x,/odom,0.36449452047068487,0.5
cc8b7541-2e11-4ed6-b1f7-4e32b8a02f8a,13.428,odom_x,/odom,0.37041766811309057,0.5
cc8b7541-2e11-4ed6-b1f7-4e32b8a02f8a,13.464,odom_x,/odom,0.37650230541005103,0.5
cc8b7541-2e11-4ed6-b1f7-4e32b8a02f8a,13.5,odom_x,/odom,0.38260474485770746,0.5
cc8b7541-2e11-4ed6-b1f7-4e32b8a02f8a,13.536000000000001,odom_x,/odom,0.38886168723984754,0.5
cc8b7541-2e11-4ed6-b1f7-4e32b8a02f8a,13.572000000000001,odom_x,/odom,0.3953223619510533,0.5
cc8b7541-2e11-4ed6-b1f7-4e32b8a02f8a,13.608,odom_x,/odom,0.40173345567586854,0.5
cc8b7541-2e11-4ed6-b1f7-4e32b8a02f8a,13.644,odom_x,/odom,0.40812021633068557,0.5
cc8b7541-2e11-4ed6-b1f7-4e32b8a02f8a,13.680000000000001,odom_x,/odom,0.41440903379860955,0.5
cc8b7541-2e11-4ed6-b1f7-4e32b8a02f8a,13.716000000000001,odom_x,/odom,0.4206271371542554,0.5
cc8b7541-2e11-4ed6-b1f7-4e32b8a02f8a,13.752,odom_x,/odom,0.42682028661576643,0.5
cc8b7541-2e11-4ed6-b1f7-4e32b8a02f8a,13.788,odom_x,/odom,0.43300821193877237,0.5
cc8b7541-2e11-4ed6-b1f7-4e32b8a02f8a,13.824000000000002,odom_x,/odom,0.4393096885104054,0.5
cc8b7541-2e11-4ed6-b1f7-4e32b8a02f8a,13.860000000000001,odom_x,/odom,0.4456011544508294,0.5
cc8b7541-2e11-4ed6-b1f7-4e32b8a02f8a,13.896,odom_x,/odom,0.4518881442366291,0.5
cc8b7541-2e11-4ed6-b1f7-4e32b8a02f8a,13.932,odom_x,/odom,0.4580881008765801,0.5
cc8b7541-2e11-4ed6-b1f7-4e32b8a02f8a,13.968000000000002,odom_x,/odom,0.4643965830337603,0.5
cc8b7541-2e11-4ed6-b1f7-4e32b8a02f8a,14.004000000000001,odom_x,/odom,0.4705997948430053,0.5
cc8b7541-2e11-4ed6-b1f7-4e32b8a02f8a,14.040000000000001,odom_x,/odom,0.47678281249530663,0.5
cc8b7541-2e11-4ed6-b1f7-4e32b8a02f8a,14.076,odom_x,/odom,0.48303612335057233,0.5
cc8b7541-2e11-4ed6-b1f7-4e32b8a02f8a,14.112,odom_x,/odom,0.489282719639802,0.5
cc8b7541-2e11-4ed6-b1f7-4e32b8a02f8a,14.148000000000001,odom_x,/odom,0.49552097330902967,0.5
cc8b7541-2e11-4ed6-b1f7-4e32b8a02f8a,14.184000000000001,odom_x,/odom,0.5018958377568863,0.5
cc8b7541-2e11-4ed6-b1f7-4e32b8a02f8a,14.22,odom_x,/odom,0.5083925441892031,0.5
cc8b7541-2e11-4ed6-b1f7-4e32b8a02f8a,14.256,odom_x,/odom,0.5149566056152395,0.5
cc8b7541-2e11-4ed6-b1f7-4e32b8a02f8a,14.292000000000002,odom_x,/odom,0.5215427293769208,0.5
cc8b7541-2e11-4ed6-b1f7-4e32b8a02f8a,14.328000000000001,odom_x,/odom,0.528133966190902,0.5
cc8b7541-2e11-4ed6-b1f7-4e32b8a02f8a,14.364,odom_x,/odom,0.5348228728709117,0.5
cc8b7541-2e11-4ed6-b1f7-4e32b8a02f8a,14.4,odom_x,/odom,0.5415206379548941,0.5
cc8b7541-2e11-4ed6-b1f7-4e32b8a02f8a,14.436000000000002,odom_x,/odom,0.548250024104531,0.5
cc8b7541-2e11-4ed6-b1f7-4e32b8a02f8a,14.472000000000001,odom_x,/odom,0.554839538974428,0.5
cc8b7541-2e11-4ed6-b1f7-4e32b8a02f8a,14.508000000000001,odom_x,/odom,0.5612266308000952,0.5
cc8b7541-2e11-4ed6-b1f7-4e32b8a02f8a,14.544,odom_x,/odom,0.56754386356831,0.5
cc8b7541-2e11-4ed6-b1f7-4e32b8a02f8a,14.58,odom_x,/odom,0.5737509483292215,0.5
cc8b7541-2e11-4ed6-b1f7-4e32b8a02f8a,14.616000000000001,odom_x,/odom,0.5800425755826164,0.5
cc8b7541-2e11-4ed6-b1f7-4e32b8a02f8a,14.652000000000001,odom_x,/odom,0.586397007014151,0.5
cc8b7541-2e11-4ed6-b1f7-4e32b8a02f8a,14.688,odom_x,/odom,0.5929077623955336,0.5
cc8b7541-2e11-4ed6-b1f7-4e32b8a02f8a,14.724,odom_x,/odom,0.5994228159442421,0.5
cc8b7541-2e11-4ed6-b1f7-4e32b8a02f8a,14.760000000000002,odom_x,/odom,0.6058992964987963,0.5
cc8b7541-2e11-4ed6-b1f7-4e32b8a02f8a,14.796000000000001,odom_x,/odom,0.612369299622525,0.5
cc8b7541-2e11-4ed6-b1f7-4e32b8a02f8a,14.832,odom_x,/odom,0.6189679170896387,0.5
cc8b7541-2e11-4ed6-b1f7-4e32b8a02f8a,14.868,odom_x,/odom,0.6255539767008873,0.5
cc8b7541-2e11-4ed6-b1f7-4e32b8a02f8a,14.904000000000002,odom_x,/odom,0.6320731248072049,0.5
cc8b7541-2e11-4ed6-b1f7-4e32b8a02f8a,14.940000000000001,odom_x,/odom,0.6385880436780118,0.5
cc8b7541-2e11-4ed6-b1f7-4e32b8a02f8a,14.976,odom_x,/odom,0.6451819696520442,0.5
cc8b7541-2e11-4ed6-b1f7-4e32b8a02f8a,15.012,odom_x,/odom,0.6517965899224761,0.5
cc8b7541-2e11-4ed6-b1f7-4e32b8a02f8a,15.048000000000002,odom_x,/odom,0.6584076252679643,0.5
cc8b7541-2e11-4ed6-b1f7-4e32b8a02f8a,15.084000000000001,odom_x,/odom,0.6650292196903212,0.5
cc8b7541-2e11-4ed6-b1f7-4e32b8a02f8a,15.120000000000001,odom_x,/odom,0.6717009403234118,0.5
cc8b7541-2e11-4ed6-b1f7-4e32b8a02f8a,15.156,odom_x,/odom,0.6784098689507256,0.5
cc8b7541-2e11-4ed6-b1f7-4e32b8a02f8a,15.192,odom_x,/odom,0.6851326485822871,0.5
cc8b7541-2e11-4ed6-b1f7-4e32b8a02f8a,15.228000000000002,odom_x,/odom,0.6918025050519255,0.5
cc8b7541-2e11-4ed6-b1f7-4e32b8a02f8a,15.264000000000001,odom_x,/odom,0.6982863949708549,0.5
cc8b7541-2e11-4ed6-b1f7-4e32b8a02f8a,15.3,odom_x,/odom,0.7047478439052157,0.5
cc8b7541-2e11-4ed6-b1f7-4e32b8a02f8a,15.336,odom_x,/odom,0.7111420218767606,0.5
cc8b7541-2e11-4ed6-b1f7-4e32b8a02f8a,15.372000000000002,odom_x,/odom,0.7176069901073932,0.5
cc8b7541-2e11-4ed6-b1f7-4e32b8a02f8a,15.408000000000001,odom_x,/odom,0.7239739462038423,0.5
cc8b7541-2e11-4ed6-b1f7-4e32b8a02f8a,15.444,odom_x,/odom,0.7302942570112143,0.5
cc8b7541-2e11-4ed6-b1f7-4e32b8a02f8a,15.48,odom_x,/odom,0.7367462635309755,0.5
cc8b7541-2e11-4ed6-b1f7-4e32b8a02f8a,15.516000000000002,odom_x,/odom,0.743259620569336,0.5
cc8b7541-2e11-4ed6-b1f7-4e32b8a02f8a,15.552000000000001,odom_x,/odom,0.749788044354934,0.5
cc8b7541-2e11-4ed6-b1f7-4e32b8a02f8a,15.588000000000001,odom_x,/odom,0.7563698505336904,0.5
cc8b7541-2e11-4ed6-b1f7-4e32b8a02f8a,15.624,odom_x,/odom,0.762933750289196,0.5
cc8b7541-2e11-4ed6-b1f7-4e32b8a02f8a,15.66,odom_x,/odom,0.7695091844202908,0.5
cc8b7541-2e11-4ed6-b1f7-4e32b8a02f8a,15.696000000000002,odom_x,/odom,0.7760879976064664,0.5
cc8b7541-2e11-4ed6-b1f7-4e32b8a02f8a,15.732000000000001,odom_x,/odom,0.7826206450770538,0.5
cc8b7541-2e11-4ed6-b1f7-4e32b8a02f8a,15.768,odom_x,/odom,0.789108864543312,0.5
cc8b7541-2e11-4ed6-b1f7-4e32b8a02f8a,15.804,odom_x,/odom,0.795427606190244,0.5
cc8b7541-2e11-4ed6-b1f7-4e32b8a02f8a,15.840000000000002,odom_x,/odom,0.8017259289950077,0.5
cc8b7541-2e11-4ed6-b1f7-4e32b8a02f8a,15.876000000000001,odom_x,/odom,0.8080432795046099,0.5
cc8b7541-2e11-4ed6-b1f7-4e32b8a02f8a,15.912,odom_x,/odom,0.8143470032268806,0.5
cc8b7541-2e11-4ed6-b1f7-4e32b8a02f8a,15.948,odom_x,/odom,0.8206463821312723,0.5
cc8b7541-2e11-4ed6-b1f7-4e32b8a02f8a,15.984000000000002,odom_x,/odom,0.8268846711625997,0.5
cc8b7541-2e11-4ed6-b1f7-4e32b8a02f8a,16.02,odom_x,/odom,0.8333593544440392,0.5
cc8b7541-2e11-4ed6-b1f7-4e32b8a02f8a,16.056,odom_x,/odom,0.83992128166657,0.5
cc8b7541-2e11-4ed6-b1f7-4e32b8a02f8a,16.092000000000002,odom_x,/odom,0.846486925774174,0.5
cc8b7541-2e11-4ed6-b1f7-4e32b8a02f8a,16.128,odom_x,/odom,0.853064322207252,0.5
cc8b7541-2e11-4ed6-b1f7-4e32b8a02f8a,16.164,odom_x,/odom,0.8596896336323494,0.5
cc8b7541-2e11-4ed6-b1f7-4e32b8a02f8a,16.2,odom_x,/odom,0.8663192799429801,0.5
cc8b7541-2e11-4ed6-b1f7-4e32b8a02f8a,16.236,odom_x,/odom,0.872955754911093,0.5
cc8b7541-2e11-4ed6-b1f7-4e32b8a02f8a,16.272000000000002,odom_x,/odom,0.8795761493313631,0.5
cc8b7541-2e11-4ed6-b1f7-4e32b8a02f8a,16.308,odom_x,/odom,0.8861406678661873,0.5
cc8b7541-2e11-4ed6-b1f7-4e32b8a02f8a,16.344,odom_x,/odom,0.892688047776313,0.5
cc8b7541-2e11-4ed6-b1f7-4e32b8a02f8a,16.380000000000003,odom_x,/odom,0.8992022739274538,0.5
cc8b7541-2e11-4ed6-b1f7-4e32b8a02f8a,16.416,odom_x,/odom,0.9056355546823074,0.5
cc8b7541-2e11-4ed6-b1f7-4e32b8a02f8a,16.452,odom_x,/odom,0.9120313443812963,0.5
cc8b7541-2e11-4ed6-b1f7-4e32b8a02f8a,16.488,odom_x,/odom,0.9183639910670868,0.5
cc8b7541-2e11-4ed6-b1f7-4e32b8a02f8a,16.524,odom_x,/odom,0.9246916158476745,0.5
cc8b7541-2e11-4ed6-b1f7-4e32b8a02f8a,16.560000000000002,odom_x,/odom,0.9310492339439576,0.5
cc8b7541-2e11-4ed6-b1f7-4e32b8a02f8a,16.596,odom_x,/odom,0.9374127801069487,0.5
cc8b7541-2e11-4ed6-b1f7-4e32b8a02f8a,16.632,odom_x,/odom,0.9439414596141581,0.5
cc8b7541-2e11-4ed6-b1f7-4e32b8a02f8a,16.668000000000003,odom_x,/odom,0.9502782514463798,0.5
cc8b7541-2e11-4ed6-b1f7-4e32b8a02f8a,16.704,odom_x,/odom,0.9565344126260803,0.5
cc8b7541-2e11-4ed6-b1f7-4e32b8a02f8a,16.740000000000002,odom_x,/odom,0.9627950421680201,0.5
cc8b7541-2e11-4ed6-b1f7-4e32b8a02f8a,16.776,odom_x,/odom,0.9689649539553484,0.5
cc8b7541-2e11-4ed6-b1f7-4e32b8a02f8a,16.812,odom_x,/odom,0.9751908088500822,0.5
cc8b7541-2e11-4ed6-b1f7-4e32b8a02f8a,16.848000000000003,odom_x,/odom,0.9814400910249966,0.5
cc8b7541-2e11-4ed6-b1f7-4e32b8a02f8a,16.884,odom_x,/odom,0.9876499828089791,0.5
cc8b7541-2e11-4ed6-b1f7-4e32b8a02f8a,16.92,odom_x,/odom,0.9937303407772502,0.5
cc8b7541-2e11-4ed6-b1f7-4e32b8a02f8a,16.956,odom_x,/odom,0.9997598684546628,0.5
cc8b7541-2e11-4ed6-b1f7-4e32b8a02f8a,16.992,odom_x,/odom,1.005779197696664,0.5
cc8b7541-2e11-4ed6-b1f7-4e32b8a02f8a,17.028000000000002,odom_x,/odom,1.0116338486406915,0.5
cc8b7541-2e11-4ed6-b1f7-4e32b8a02f8a,17.064,odom_x,/odom,1.0173922124771133,0.5
cc8b7541-2e11-4ed6-b1f7-4e32b8a02f8a,17.1,odom_x,/odom,1.0231485025846572,0.5
cc8b7541-2e11-4ed6-b1f7-4e32b8a02f8a,17.136000000000003,odom_x,/odom,1.0287856110726028,0.5
cc8b7541-2e11-4ed6-b1f7-4e32b8a02f8a,17.172,odom_x,/odom,1.0341669692330264,0.5
cc8b7541-2e11-4ed6-b1f7-4e32b8a02f8a,17.208000000000002,odom_x,/odom,1.0395906739329017,0.5
cc8b7541-2e11-4ed6-b1f7-4e32b8a02f8a,17.244,odom_x,/odom,1.045048342826569,0.5
cc8b7541-2e11-4ed6-b1f7-4e32b8a02f8a,17.28,odom_x,/odom,1.0504239493312493,0.5
cc8b7541-2e11-4ed6-b1f7-4e32b8a02f8a,17.316000000000003,odom_x,/odom,1.0557411722913341,0.5
cc8b7541-2e11-4ed6-b1f7-4e32b8a02f8a,17.352,odom_x,/odom,1.0610374024441052,0.5
cc8b7541-2e11-4ed6-b1f7-4e32b8a02f8a,17.388,odom_x,/odom,1.0662648916621043,0.5
cc8b7541-2e11-4ed6-b1f7-4e32b8a02f8a,17.424,odom_x,/odom,1.0714605582399583,0.5
cc8b7541-2e11-4ed6-b1f7-4e32b8a02f8a,17.46,odom_x,/odom,1.0766096705752781,0.5
cc8b7541-2e11-4ed6-b1f7-4e32b8a02f8a,17.496000000000002,odom_x,/odom,1.0817495699104678,0.5
cc8b7541-2e11-4ed6-b1f7-4e32b8a02f8a,17.532,odom_x,/odom,1.0869375346587646,0.5
cc8b7541-2e11-4ed6-b1f7-4e32b8a02f8a,17.568,odom_x,/odom,1.0921544014762117,0.5
cc8b7541-2e11-4ed6-b1f7-4e32b8a02f8a,17.604000000000003,odom_x,/odom,1.0973868520508916,0.5
cc8b7541-2e11-4ed6-b1f7-4e32b8a02f8a,17.64,odom_x,/odom,1.1026199780115753,0.5
cc8b7541-2e11-4ed6-b1f7-4e32b8a02f8a,17.676000000000002,odom_x,/odom,1.1077809130456575,0.5
cc8b7541-2e11-4ed6-b1f7-4e32b8a02f8a,17.712,odom_x,/odom,1.1130412143581387,0.5
cc8b7541-2e11-4ed6-b1f7-4e32b8a02f8a,17.748,odom_x,/odom,1.1183344875954657,0.5
cc8b7541-2e11-4ed6-b1f7-4e32b8a02f8a,17.784000000000002,odom_x,/odom,1.1236161287693673,0.5
cc8b7541-2e11-4ed6-b1f7-4e32b8a02f8a,17.82,odom_x,/odom,1.1289861426762338,0.5
cc8b7541-2e11-4ed6-b1f7-4e32b8a02f8a,17.856,odom_x,/odom,1.1342776588704946,0.5
cc8b7541-2e11-4ed6-b1f7-4e32b8a02f8a,17.892,odom_x,/odom,1.1395156690428223,0.5
cc8b7541-2e11-4ed6-b1f7-4e32b8a02f8a,17.928,odom_x,/odom,1.144654152138067,0.5
cc8b7541-2e11-4ed6-b1f7-4e32b8a02f8a,17.964000000000002,odom_x,/odom,1.1496585959025722,0.5
cc8b7541-2e11-4ed6-b1f7-4e32b8a02f8a,18.0,odom_x,/odom,1.1546539132125961,0.5
cc8b7541-2e11-4ed6-b1f7-4e32b8a02f8a,18.036,odom_x,/odom,1.159831442869398,0.5
cc8b7541-2e11-4ed6-b1f7-4e32b8a02f8a,18.072000000000003,odom_x,/odom,1.165228364055354,0.5
cc8b7541-2e11-4ed6-b1f7-4e32b8a02f8a,18.108,odom_x,/odom,1.1707570827195577,0.5
cc8b7541-2e11-4ed6-b1f7-4e32b8a02f8a,18.144000000000002,odom_x,/odom,1.176328777136478,0.5
cc8b7541-2e11-4ed6-b1f7-4e32b8a02f8a,18.18,odom_x,/odom,1.1820141940471833,0.5
cc8b7541-2e11-4ed6-b1f7-4e32b8a02f8a,18.216,odom_x,/odom,1.1876622995929056,0.5
cc8b7541-2e11-4ed6-b1f7-4e32b8a02f8a,18.252000000000002,odom_x,/odom,1.193278594363894,0.5
cc8b7541-2e11-4ed6-b1f7-4e32b8a02f8a,18.288,odom_x,/odom,1.1988630031420762,0.5
cc8b7541-2e11-4ed6-b1f7-4e32b8a02f8a,18.324,odom_x,/odom,1.204496280280807,0.5
cc8b7541-2e11-4ed6-b1f7-4e32b8a02f8a,18.36,odom_x,/odom,1.210206689071422,0.5
cc8b7541-2e11-4ed6-b1f7-4e32b8a02f8a,18.396,odom_x,/odom,1.2159312258784223,0.5
cc8b7541-2e11-4ed6-b1f7-4e32b8a02f8a,18.432000000000002,odom_x,/odom,1.221655324441967,0.5
cc8b7541-2e11-4ed6-b1f7-4e32b8a02f8a,18.468,odom_x,/odom,1.2273211588836626,0.5
cc8b7541-2e11-4ed6-b1f7-4e32b8a02f8a,18.504,odom_x,/odom,1.2328922456515263,0.5
cc8b7541-2e11-4ed6-b1f7-4e32b8a02f8a,18.540000000000003,odom_x,/odom,1.2384561862473662,0.5
cc8b7541-2e11-4ed6-b1f7-4e32b8a02f8a,18.576,odom_x,/odom,1.2441135363607243,0.5
cc8b7541-2e11-4ed6-b1f7-4e32b8a02f8a,18.612000000000002,odom_x,/odom,1.2498859322923979,0.5
cc8b7541-2e11-4ed6-b1f7-4e32b8a02f8a,18.648,odom_x,/odom,1.2556707017329682,0.5
cc8b7541-2e11-4ed6-b1f7-4e32b8a02f8a,18.684,odom_x,/odom,1.2613479537969807,0.5
cc8b7541-2e11-4ed6-b1f7-4e32b8a02f8a,18.720000000000002,odom_x,/odom,1.2670994342027608,0.5
cc8b7541-2e11-4ed6-b1f7-4e32b8a02f8a,18.756,odom_x,/odom,1.2729094813075323,0.5
cc8b7541-2e11-4ed6-b1f7-4e32b8a02f8a,18.792,odom_x,/odom,1.2787400322289078,0.5
cc8b7541-2e11-4ed6-b1f7-4e32b8a02f8a,18.828,odom_x,/odom,1.2846396569032839,0.5
cc8b7541-2e11-4ed6-b1f7-4e32b8a02f8a,18.864,odom_x,/odom,1.2904770178310319,0.5
cc8b7541-2e11-4ed6-b1f7-4e32b8a02f8a,18.900000000000002,odom_x,/odom,1.2963062320527636,0.5
cc8b7541-2e11-4ed6-b1f7-4e32b8a02f8a,18.936,odom_x,/odom,1.302080605718402,0.5
cc8b7541-2e11-4ed6-b1f7-4e32b8a02f8a,18.972,odom_x,/odom,1.3079031591503625,0.5
cc8b7541-2e11-4ed6-b1f7-4e32b8a02f8a,19.011000000000003,odom_x,/odom,1.3137161733828822,0.5
cc8b7541-2e11-4ed6-b1f7-4e32b8a02f8a,19.044,odom_x,/odom,1.3195213756640478,0.5
cc8b7541-2e11-4ed6-b1f7-4e32b8a02f8a,19.080000000000002,odom_x,/odom,1.325212527748136,0.5
cc8b7541-2e11-4ed6-b1f7-4e32b8a02f8a,19.116,odom_x,/odom,1.330961884605763,0.5
cc8b7541-2e11-4ed6-b1f7-4e32b8a02f8a,19.152,odom_x,/odom,1.33675637799741,0.5
cc8b7541-2e11-4ed6-b1f7-4e32b8a02f8a,19.188000000000002,odom_x,/odom,1.3426472735653894,0.5
cc8b7541-2e11-4ed6-b1f7-4e32b8a02f8a,19.224,odom_x,/odom,1.3482893243796386,0.5
cc8b7541-2e11-4ed6-b1f7-4e32b8a02f8a,19.26,odom_x,/odom,1.3538282457727593,0.5
cc8b7541-2e11-4ed6-b1f7-4e32b8a02f8a,19.296000000000003,odom_x,/odom,1.3593589559170263,0.5
cc8b7541-2e11-4ed6-b1f7-4e32b8a02f8a,19.332,odom_x,/odom,1.364928450560823,0.5
cc8b7541-2e11-4ed6-b1f7-4e32b8a02f8a,19.368000000000002,odom_x,/odom,1.370516420668802,0.5
cc8b7541-2e11-4ed6-b1f7-4e32b8a02f8a,19.404,odom_x,/odom,1.3759832372979521,0.5
cc8b7541-2e11-4ed6-b1f7-4e32b8a02f8a,19.44,odom_x,/odom,1.3814360622883526,0.5
cc8b7541-2e11-4ed6-b1f7-4e32b8a02f8a,19.476000000000003,odom_x,/odom,1.3869706823374213,0.5
cc8b7541-2e11-4ed6-b1f7-4e32b8a02f8a,19.512,odom_x,/odom,1.3926588796054817,0.5
cc8b7541-2e11-4ed6-b1f7-4e32b8a02f8a,19.548000000000002,odom_x,/odom,1.3983721658119423,0.5
cc8b7541-2e11-4ed6-b1f7-4e32b8a02f8a,19.584,odom_x,/odom,1.404001159669121,0.5
cc8b7541-2e11-4ed6-b1f7-4e32b8a02f8a,19.62,odom_x,/odom,1.4096804756034345,0.5
cc8b7541-2e11-4ed6-b1f7-4e32b8a02f8a,19.656000000000002,odom_x,/odom,1.415351439447058,0.5
cc8b7541-2e11-4ed6-b1f7-4e32b8a02f8a,19.692,odom_x,/odom,1.4210125986526165,0.5
cc8b7541-2e11-4ed6-b1f7-4e32b8a02f8a,19.728,odom_x,/odom,1.4268037794634962,0.5
cc8b7541-2e11-4ed6-b1f7-4e32b8a02f8a,19.764000000000003,odom_x,/odom,1.4325985716129483,0.5
cc8b7541-2e11-4ed6-b1f7-4e32b8a02f8a,19.8,odom_x,/odom,1.4383892370770477,0.5
cc8b7541-2e11-4ed6-b1f7-4e32b8a02f8a,19.836000000000002,odom_x,/odom,1.4441766078504301,0.5
cc8b7541-2e11-4ed6-b1f7-4e32b8a02f8a,19.872,odom_x,/odom,1.449917252899714,0.5
cc8b7541-2e11-4ed6-b1f7-4e32b8a02f8a,19.911,odom_x,/odom,1.4557018527593364,0.5
cc8b7541-2e11-4ed6-b1f7-4e32b8a02f8a,19.944000000000003,odom_x,/odom,1.4615041322954962,0.5
cc8b7541-2e11-4ed6-b1f7-4e32b8a02f8a,19.98,odom_x,/odom,1.4674276433952833,0.5
cc8b7541-2e11-4ed6-b1f7-4e32b8a02f8a,20.016000000000002,odom_x,/odom,1.4733713581894068,0.5
cc8b7541-2e11-4ed6-b1f7-4e32b8a02f8a,20.052,odom_x,/odom,1.4793110290944653,0.5
cc8b7541-2e11-4ed6-b1f7-4e32b8a02f8a,20.088,odom_x,/odom,1.4852989699842891,0.5
cc8b7541-2e11-4ed6-b1f7-4e32b8a02f8a,20.124000000000002,odom_x,/odom,1.4912445662901446,0.5
cc8b7541-2e11-4ed6-b1f7-4e32b8a02f8a,20.16,odom_x,/odom,1.4972067393841653,0.5
cc8b7541-2e11-4ed6-b1f7-4e32b8a02f8a,20.196,odom_x,/odom,1.5031733834638503,0.5
cc8b7541-2e11-4ed6-b1f7-4e32b8a02f8a,20.232000000000003,odom_x,/odom,1.5092487639053214,0.5
cc8b7541-2e11-4ed6-b1f7-4e32b8a02f8a,20.268,odom_x,/odom,1.5154481378474274,0.5
cc8b7541-2e11-4ed6-b1f7-4e32b8a02f8a,20.304000000000002,odom_x,/odom,1.521732359478973,0.5
cc8b7541-2e11-4ed6-b1f7-4e32b8a02f8a,20.34,odom_x,/odom,1.5280210917842978,0.5
cc8b7541-2e11-4ed6-b1f7-4e32b8a02f8a,20.376,odom_x,/odom,1.5343435311660256,0.5
cc8b7541-2e11-4ed6-b1f7-4e32b8a02f8a,20.412000000000003,odom_x,/odom,1.5408013741679765,0.5
cc8b7541-2e11-4ed6-b1f7-4e32b8a02f8a,20.448,odom_x,/odom,1.5472868158731397,0.5
cc8b7541-2e11-4ed6-b1f7-4e32b8a02f8a,20.484,odom_x,/odom,1.5535933994466427,0.5
cc8b7541-2e11-4ed6-b1f7-4e32b8a02f8a,20.52,odom_x,/odom,1.5598049790627555,0.5
cc8b7541-2e11-4ed6-b1f7-4e32b8a02f8a,20.556,odom_x,/odom,1.565990255353035,0.5
cc8b7541-2e11-4ed6-b1f7-4e32b8a02f8a,20.592000000000002,odom_x,/odom,1.5721693809879553,0.5
cc8b7541-2e11-4ed6-b1f7-4e32b8a02f8a,20.628,odom_x,/odom,1.5784357763714294,0.5
cc8b7541-2e11-4ed6-b1f7-4e32b8a02f8a,20.664,odom_x,/odom,1.5847621543004518,0.5
cc8b7541-2e11-4ed6-b1f7-4e32b8a02f8a,20.700000000000003,odom_x,/odom,1.5910913379749239,0.5
cc8b7541-2e11-4ed6-b1f7-4e32b8a02f8a,20.736,odom_x,/odom,1.5973459346555925,0.5
cc8b7541-2e11-4ed6-b1f7-4e32b8a02f8a,20.772000000000002,odom_x,/odom,1.6036007630079703,0.5
cc8b7541-2e11-4ed6-b1f7-4e32b8a02f8a,20.811,odom_x,/odom,1.6099598038670075,0.5
cc8b7541-2e11-4ed6-b1f7-4e32b8a02f8a,20.844,odom_x,/odom,1.6163536909332186,0.5
cc8b7541-2e11-4ed6-b1f7-4e32b8a02f8a,20.880000000000003,odom_x,/odom,1.622826194737664,0.5
cc8b7541-2e11-4ed6-b1f7-4e32b8a02f8a,20.916,odom_x,/odom,1.629238060676808,0.5
cc8b7541-2e11-4ed6-b1f7-4e32b8a02f8a,20.952,odom_x,/odom,1.6356107973631295,0.5
cc8b7541-2e11-4ed6-b1f7-4e32b8a02f8a,20.988,odom_x,/odom,1.6420508156118996,0.5
cc8b7541-2e11-4ed6-b1f7-4e32b8a02f8a,21.024,odom_x,/odom,1.6485383877521669,0.5
cc8b7541-2e11-4ed6-b1f7-4e32b8a02f8a,21.060000000000002,odom_x,/odom,1.6549289591490686,0.5
cc8b7541-2e11-4ed6-b1f7-4e32b8a02f8a,21.096,odom_x,/odom,1.6612984066479994,0.5
cc8b7541-2e11-4ed6-b1f7-4e32b8a02f8a,21.132,odom_x,/odom,1.6676873139883446,0.5
cc8b7541-2e11-4ed6-b1f7-4e32b8a02f8a,21.168000000000003,odom_x,/odom,1.6742304750031567,0.5
cc8b7541-2e11-4ed6-b1f7-4e32b8a02f8a,21.204,odom_x,/odom,1.6807496779547104,0.5
cc8b7541-2e11-4ed6-b1f7-4e32b8a02f8a,21.240000000000002,odom_x,/odom,1.6872610993368744,0.5
cc8b7541-2e11-4ed6-b1f7-4e32b8a02f8a,21.276,odom_x,/odom,1.69382164433878,0.5
cc8b7541-2e11-4ed6-b1f7-4e32b8a02f8a,21.312,odom_x,/odom,1.700290604480103,0.5
cc8b7541-2e11-4ed6-b1f7-4e32b8a02f8a,21.348000000000003,odom_x,/odom,1.7067328221718847,0.5
cc8b7541-2e11-4ed6-b1f7-4e32b8a02f8a,21.384,odom_x,/odom,1.7132259088179769,0.5
cc8b7541-2e11-4ed6-b1f7-4e32b8a02f8a,21.42,odom_x,/odom,1.719568665374311,0.5
cc8b7541-2e11-4ed6-b1f7-4e32b8a02f8a,21.456000000000003,odom_x,/odom,1.7258338929118897,0.5
cc8b7541-2e11-4ed6-b1f7-4e32b8a02f8a,21.492,odom_x,/odom,1.7320802024840418,0.5
cc8b7541-2e11-4ed6-b1f7-4e32b8a02f8a,21.528000000000002,odom_x,/odom,1.7384514254878973,0.5
cc8b7541-2e11-4ed6-b1f7-4e32b8a02f8a,21.564,odom_x,/odom,1.744884252524128,0.5
cc8b7541-2e11-4ed6-b1f7-4e32b8a02f8a,21.6,odom_x,/odom,1.7513181712308146,0.5
cc8b7541-2e11-4ed6-b1f7-4e32b8a02f8a,21.636000000000003,odom_x,/odom,1.7577498079829186,0.5
cc8b7541-2e11-4ed6-b1f7-4e32b8a02f8a,21.672,odom_x,/odom,1.764245921831018,0.5
cc8b7541-2e11-4ed6-b1f7-4e32b8a02f8a,21.708000000000002,odom_x,/odom,1.7707704845982462,0.5
cc8b7541-2e11-4ed6-b1f7-4e32b8a02f8a,21.744,odom_x,/odom,1.7773001836742914,0.5
cc8b7541-2e11-4ed6-b1f7-4e32b8a02f8a,21.78,odom_x,/odom,1.7838284295563593,0.5
cc8b7541-2e11-4ed6-b1f7-4e32b8a02f8a,21.816000000000003,odom_x,/odom,1.7903745894640937,0.5
cc8b7541-2e11-4ed6-b1f7-4e32b8a02f8a,21.852,odom_x,/odom,1.7969298893424215,0.5
cc8b7541-2e11-4ed6-b1f7-4e32b8a02f8a,21.888,odom_x,/odom,1.8034062705815406,0.5
cc8b7541-2e11-4ed6-b1f7-4e32b8a02f8a,21.924000000000003,odom_x,/odom,1.8099318346043924,0.5
cc8b7541-2e11-4ed6-b1f7-4e32b8a02f8a,21.96,odom_x,/odom,1.8166017737583284,0.5
cc8b7541-2e11-4ed6-b1f7-4e32b8a02f8a,21.996000000000002,odom_x,/odom,1.823305568420797,0.5
cc8b7541-2e11-4ed6-b1f7-4e32b8a02f8a,22.032,odom_x,/odom,1.8300866704489513,0.5
cc8b7541-2e11-4ed6-b1f7-4e32b8a02f8a,22.068,odom_x,/odom,1.8368259388602177,0.5
cc8b7541-2e11-4ed6-b1f7-4e32b8a02f8a,22.104000000000003,odom_x,/odom,1.8435220608268867,0.5
cc8b7541-2e11-4ed6-b1f7-4e32b8a02f8a,22.14,odom_x,/odom,1.8502158431930962,0.5
cc8b7541-2e11-4ed6-b1f7-4e32b8a02f8a,22.176000000000002,odom_x,/odom,1.8568624399463287,0.5
cc8b7541-2e11-4ed6-b1f7-4e32b8a02f8a,22.212,odom_x,/odom,1.8635542919333705,0.5
cc8b7541-2e11-4ed6-b1f7-4e32b8a02f8a,22.248,odom_x,/odom,1.8702597158930399,0.5
cc8b7541-2e11-4ed6-b1f7-4e32b8a02f8a,22.284000000000002,odom_x,/odom,1.8770453788668662,0.5
cc8b7541-2e11-4ed6-b1f7-4e32b8a02f8a,22.32,odom_x,/odom,1.8837923028666268,0.5
cc8b7541-2e11-4ed6-b1f7-4e32b8a02f8a,22.356,odom_x,/odom,1.8905387645151512,0.5
cc8b7541-2e11-4ed6-b1f7-4e32b8a02f8a,22.392000000000003,odom_x,/odom,1.897289461315641,0.5
cc8b7541-2e11-4ed6-b1f7-4e32b8a02f8a,22.428,odom_x,/odom,1.904085028153779,0.5
cc8b7541-2e11-4ed6-b1f7-4e32b8a02f8a,22.464000000000002,odom_x,/odom,1.910676892768216,0.5
cc8b7541-2e11-4ed6-b1f7-4e32b8a02f8a,22.5,odom_x,/odom,1.9172317370305159,0.5
cc8b7541-2e11-4ed6-b1f7-4e32b8a02f8a,22.536,odom_x,/odom,1.92382839457437,0.5
cc8b7541-2e11-4ed6-b1f7-4e32b8a02f8a,22.572000000000003,odom_x,/odom,1.9304145226134444,0.5
cc8b7541-2e11-4ed6-b1f7-4e32b8a02f8a,22.608,odom_x,/odom,1.937065703489377,0.5
cc8b7541-2e11-4ed6-b1f7-4e32b8a02f8a,22.644000000000002,odom_x,/odom,1.9437405952113853,0.5
cc8b7541-2e11-4ed6-b1f7-4e32b8a02f8a,22.68,odom_x,/odom,1.9503464327740316,0.5
cc8b7541-2e11-4ed6-b1f7-4e32b8a02f8a,22.716,odom_x,/odom,1.956913167839286,0.5
cc8b7541-2e11-4ed6-b1f7-4e32b8a02f8a,22.752000000000002,odom_x,/odom,1.963467181494432,0.5
cc8b7541-2e11-4ed6-b1f7-4e32b8a02f8a,22.788,odom_x,/odom,1.970036349681493,0.5
cc8b7541-2e11-4ed6-b1f7-4e32b8a02f8a,22.824,odom_x,/odom,1.9767018311244848,0.5
cc8b7541-2e11-4ed6-b1f7-4e32b8a02f8a,22.860000000000003,odom_x,/odom,1.983277312906565,0.5
cc8b7541-2e11-4ed6-b1f7-4e32b8a02f8a,22.896,odom_x,/odom,1.9898319020835935,0.5
cc8b7541-2e11-4ed6-b1f7-4e32b8a02f8a,22.932000000000002,odom_x,/odom,1.9964384186600146,0.5
cc8b7541-2e11-4ed6-b1f7-4e32b8a02f8a,22.968,odom_x,/odom,2.0029257304691814,0.5
cc8b7541-2e11-4ed6-b1f7-4e32b8a02f8a,23.004,odom_x,/odom,2.009393263554294,0.5
cc8b7541-2e11-4ed6-b1f7-4e32b8a02f8a,23.040000000000003,odom_x,/odom,2.01586366828742,0.5
cc8b7541-2e11-4ed6-b1f7-4e32b8a02f8a,23.076,odom_x,/odom,2.022330935032042,0.5
cc8b7541-2e11-4ed6-b1f7-4e32b8a02f8a,23.112000000000002,odom_x,/odom,2.0287409279188093,0.5
cc8b7541-2e11-4ed6-b1f7-4e32b8a02f8a,23.148,odom_x,/odom,2.0351397467519594,0.5
cc8b7541-2e11-4ed6-b1f7-4e32b8a02f8a,23.184,odom_x,/odom,2.0415438331403273,0.5
cc8b7541-2e11-4ed6-b1f7-4e32b8a02f8a,23.220000000000002,odom_x,/odom,2.047931292264037,0.5
cc8b7541-2e11-4ed6-b1f7-4e32b8a02f8a,23.256,odom_x,/odom,2.054318269798486,0.5
cc8b7541-2e11-4ed6-b1f7-4e32b8a02f8a,23.292,odom_x,/odom,2.0607067080717396,0.5
cc8b7541-2e11-4ed6-b1f7-4e32b8a02f8a,23.328000000000003,odom_x,/odom,2.0671726980493355,0.5
cc8b7541-2e11-4ed6-b1f7-4e32b8a02f8a,23.364,odom_x,/odom,2.0736363434405054,0.5
cc8b7541-2e11-4ed6-b1f7-4e32b8a02f8a,23.400000000000002,odom_x,/odom,2.080097455121382,0.5
cc8b7541-2e11-4ed6-b1f7-4e32b8a02f8a,23.436,odom_x,/odom,2.0865269419488346,0.5
cc8b7541-2e11-4ed6-b1f7-4e32b8a02f8a,23.472,odom_x,/odom,2.0928697040580206,0.5
cc8b7541-2e11-4ed6-b1f7-4e32b8a02f8a,23.511000000000003,odom_x,/odom,2.09904186077699,0.5
cc8b7541-2e11-4ed6-b1f7-4e32b8a02f8a,23.544,odom_x,/odom,2.105148470318717,0.5
cc8b7541-2e11-4ed6-b1f7-4e32b8a02f8a,23.580000000000002,odom_x,/odom,2.1111288345279213,0.5
cc8b7541-2e11-4ed6-b1f7-4e32b8a02f8a,23.616000000000003,odom_x,/odom,2.1170564552831714,0.5
cc8b7541-2e11-4ed6-b1f7-4e32b8a02f8a,23.652,odom_x,/odom,2.122972714715532,0.5
cc8b7541-2e11-4ed6-b1f7-4e32b8a02f8a,23.688000000000002,odom_x,/odom,2.1288438753645704,0.5
cc8b7541-2e11-4ed6-b1f7-4e32b8a02f8a,23.724,odom_x,/odom,2.134740337655247,0.5
cc8b7541-2e11-4ed6-b1f7-4e32b8a02f8a,23.76,odom_x,/odom,2.1407014777464997,0.5
cc8b7541-2e11-4ed6-b1f7-4e32b8a02f8a,23.796000000000003,odom_x,/odom,2.1466748567734433,0.5
cc8b7541-2e11-4ed6-b1f7-4e32b8a02f8a,23.832,odom_x,/odom,2.152578724560295,0.5
cc8b7541-2e11-4ed6-b1f7-4e32b8a02f8a,23.868000000000002,odom_x,/odom,2.158496308927094,0.5
cc8b7541-2e11-4ed6-b1f7-4e32b8a02f8a,23.904,odom_x,/odom,2.1642746749723196,0.5
cc8b7541-2e11-4ed6-b1f7-4e32b8a02f8a,23.94,odom_x,/odom,2.1700342258313436,0.5
cc8b7541-2e11-4ed6-b1f7-4e32b8a02f8a,23.976000000000003,odom_x,/odom,2.1757793899979623,0.5
cc8b7541-2e11-4ed6-b1f7-4e32b8a02f8a,24.012,odom_x,/odom,2.1815231809370506,0.5
cc8b7541-2e11-4ed6-b1f7-4e32b8a02f8a,24.048000000000002,odom_x,/odom,2.1872682119329783,0.5
cc8b7541-2e11-4ed6-b1f7-4e32b8a02f8a,24.084000000000003,odom_x,/odom,2.193027474814141,0.5
cc8b7541-2e11-4ed6-b1f7-4e32b8a02f8a,24.12,odom_x,/odom,2.1988554484170826,0.5
cc8b7541-2e11-4ed6-b1f7-4e32b8a02f8a,24.156000000000002,odom_x,/odom,2.204757800627938,0.5
cc8b7541-2e11-4ed6-b1f7-4e32b8a02f8a,24.192,odom_x,/odom,2.21069052660663,0.5
cc8b7541-2e11-4ed6-b1f7-4e32b8a02f8a,24.228,odom_x,/odom,2.216709384691989,0.5
cc8b7541-2e11-4ed6-b1f7-4e32b8a02f8a,24.264000000000003,odom_x,/odom,2.222657838168303,0.5
cc8b7541-2e11-4ed6-b1f7-4e32b8a02f8a,24.3,odom_x,/odom,2.228597027780015,0.5
cc8b7541-2e11-4ed6-b1f7-4e32b8a02f8a,24.336000000000002,odom_x,/odom,2.2344814740937573,0.5
cc8b7541-2e11-4ed6-b1f7-4e32b8a02f8a,24.372,odom_x,/odom,2.2402450745696676,0.5
cc8b7541-2e11-4ed6-b1f7-4e32b8a02f8a,24.411,odom_x,/odom,2.2460183120819357,0.5
cc8b7541-2e11-4ed6-b1f7-4e32b8a02f8a,24.444000000000003,odom_x,/odom,2.2518011887571117,0.5
cc8b7541-2e11-4ed6-b1f7-4e32b8a02f8a,24.48,odom_x,/odom,2.257611162696662,0.5
cc8b7541-2e11-4ed6-b1f7-4e32b8a02f8a,24.516000000000002,odom_x,/odom,2.2633746557802765,0.5
cc8b7541-2e11-4ed6-b1f7-4e32b8a02f8a,24.552000000000003,odom_x,/odom,2.2691125042330706,0.5
cc8b7541-2e11-4ed6-b1f7-4e32b8a02f8a,24.588,odom_x,/odom,2.274910982476765,0.5
cc8b7541-2e11-4ed6-b1f7-4e32b8a02f8a,24.624000000000002,odom_x,/odom,2.2806047264758003,0.5
cc8b7541-2e11-4ed6-b1f7-4e32b8a02f8a,24.66,odom_x,/odom,2.2862371907544774,0.5
cc8b7541-2e11-4ed6-b1f7-4e32b8a02f8a,24.696,odom_x,/odom,2.291860568776841,0.5
cc8b7541-2e11-4ed6-b1f7-4e32b8a02f8a,24.732000000000003,odom_x,/odom,2.2974578996489208,0.5
cc8b7541-2e11-4ed6-b1f7-4e32b8a02f8a,24.768,odom_x,/odom,2.303116978515901,0.5
cc8b7541-2e11-4ed6-b1f7-4e32b8a02f8a,24.804000000000002,odom_x,/odom,2.3088468619393163,0.5
cc8b7541-2e11-4ed6-b1f7-4e32b8a02f8a,24.84,odom_x,/odom,2.3145813620476465,0.5
cc8b7541-2e11-4ed6-b1f7-4e32b8a02f8a,24.876,odom_x,/odom,2.320325457082123,0.5
cc8b7541-2e11-4ed6-b1f7-4e32b8a02f8a,24.912000000000003,odom_x,/odom,2.326041116044519,0.5
cc8b7541-2e11-4ed6-b1f7-4e32b8a02f8a,24.948,odom_x,/odom,2.33175030856099,0.5
cc8b7541-2e11-4ed6-b1f7-4e32b8a02f8a,24.984,odom_x,/odom,2.3373917705849916,0.5
cc8b7541-2e11-4ed6-b1f7-4e32b8a02f8a,25.020000000000003,odom_x,/odom,2.342995938396956,0.5
cc8b7541-2e11-4ed6-b1f7-4e32b8a02f8a,25.056,odom_x,/odom,2.348523703384003,0.5
cc8b7541-2e11-4ed6-b1f7-4e32b8a02f8a,25.092000000000002,odom_x,/odom,2.3540164615983064,0.5
cc8b7541-2e11-4ed6-b1f7-4e32b8a02f8a,25.128,odom_x,/odom,2.359574568651087,0.5
cc8b7541-2e11-4ed6-b1f7-4e32b8a02f8a,25.164,odom_x,/odom,2.364901197787913,0.5
cc8b7541-2e11-4ed6-b1f7-4e32b8a02f8a,25.200000000000003,odom_x,/odom,2.370179463231352,0.5
cc8b7541-2e11-4ed6-b1f7-4e32b8a02f8a,25.236,odom_x,/odom,2.3754414063513165,0.5
cc8b7541-2e11-4ed6-b1f7-4e32b8a02f8a,25.272000000000002,odom_x,/odom,2.380622404074189,0.5
cc8b7541-2e11-4ed6-b1f7-4e32b8a02f8a,25.308,odom_x,/odom,2.3858632574771157,0.5
cc8b7541-2e11-4ed6-b1f7-4e32b8a02f8a,25.344,odom_x,/odom,2.391128962390973,0.5
cc8b7541-2e11-4ed6-b1f7-4e32b8a02f8a,25.380000000000003,odom_x,/odom,2.3963253904524193,0.5
cc8b7541-2e11-4ed6-b1f7-4e32b8a02f8a,25.416,odom_x,/odom,2.401453499759821,0.5
cc8b7541-2e11-4ed6-b1f7-4e32b8a02f8a,25.452,odom_x,/odom,2.406554423984532,0.5
cc8b7541-2e11-4ed6-b1f7-4e32b8a02f8a,25.488000000000003,odom_x,/odom,2.4115771192747246,0.5
cc8b7541-2e11-4ed6-b1f7-4e32b8a02f8a,25.524,odom_x,/odom,2.416502442884432,0.5
cc8b7541-2e11-4ed6-b1f7-4e32b8a02f8a,25.560000000000002,odom_x,/odom,2.421448164653742,0.5
cc8b7541-2e11-4ed6-b1f7-4e32b8a02f8a,25.596,odom_x,/odom,2.426399304838412,0.5
cc8b7541-2e11-4ed6-b1f7-4e32b8a02f8a,25.632,odom_x,/odom,2.431329574131812,0.5
cc8b7541-2e11-4ed6-b1f7-4e32b8a02f8a,25.668000000000003,odom_x,/odom,2.436397894075407,0.5
cc8b7541-2e11-4ed6-b1f7-4e32b8a02f8a,25.704,odom_x,/odom,2.4415575166234835,0.5
cc8b7541-2e11-4ed6-b1f7-4e32b8a02f8a,25.740000000000002,odom_x,/odom,2.4467202308535727,0.5
cc8b7541-2e11-4ed6-b1f7-4e32b8a02f8a,25.776000000000003,odom_x,/odom,2.451834758250022,0.5
cc8b7541-2e11-4ed6-b1f7-4e32b8a02f8a,25.812,odom_x,/odom,2.456803913992226,0.5
cc8b7541-2e11-4ed6-b1f7-4e32b8a02f8a,25.848000000000003,odom_x,/odom,2.4617446642160217,0.5
cc8b7541-2e11-4ed6-b1f7-4e32b8a02f8a,25.884,odom_x,/odom,2.4667385707769314,0.5
cc8b7541-2e11-4ed6-b1f7-4e32b8a02f8a,25.92,odom_x,/odom,2.4716509551263224,0.5
cc8b7541-2e11-4ed6-b1f7-4e32b8a02f8a,25.956000000000003,odom_x,/odom,2.476559090484523,0.5
cc8b7541-2e11-4ed6-b1f7-4e32b8a02f8a,25.992,odom_x,/odom,2.481473746016654,0.5
cc8b7541-2e11-4ed6-b1f7-4e32b8a02f8a,26.028000000000002,odom_x,/odom,2.48637012865168,0.5
cc8b7541-2e11-4ed6-b1f7-4e32b8a02f8a,26.064,odom_x,/odom,2.4912341316192315,0.5
cc8b7541-2e11-4ed6-b1f7-4e32b8a02f8a,26.1,odom_x,/odom,2.496095753959903,0.5
cc8b7541-2e11-4ed6-b1f7-4e32b8a02f8a,26.136000000000003,odom_x,/odom,2.5009805203236235,0.5
cc8b7541-2e11-4ed6-b1f7-4e32b8a02f8a,26.172,odom_x,/odom,2.505806553541094,0.5
cc8b7541-2e11-4ed6-b1f7-4e32b8a02f8a,26.208000000000002,odom_x,/odom,2.510540919562422,0.5
cc8b7541-2e11-4ed6-b1f7-4e32b8a02f8a,26.244000000000003,odom_x,/odom,2.515249402425646,0.5
cc8b7541-2e11-4ed6-b1f7-4e32b8a02f8a,26.28,odom_x,/odom,2.520001851707474,0.5
cc8b7541-2e11-4ed6-b1f7-4e32b8a02f8a,26.316000000000003,odom_x,/odom,2.52475787496935,0.5
cc8b7541-2e11-4ed6-b1f7-4e32b8a02f8a,26.352,odom_x,/odom,2.5295112652696825,0.5
cc8b7541-2e11-4ed6-b1f7-4e32b8a02f8a,26.388,odom_x,/odom,2.5342105237963475,0.5
cc8b7541-2e11-4ed6-b1f7-4e32b8a02f8a,26.424000000000003,odom_x,/odom,2.538905399520376,0.5
cc8b7541-2e11-4ed6-b1f7-4e32b8a02f8a,26.46,odom_x,/odom,2.543639167423325,0.5
cc8b7541-2e11-4ed6-b1f7-4e32b8a02f8a,26.496000000000002,odom_x,/odom,2.5483804126046636,0.5
cc8b7541-2e11-4ed6-b1f7-4e32b8a02f8a,26.532,odom_x,/odom,2.5531228845301497,0.5
cc8b7541-2e11-4ed6-b1f7-4e32b8a02f8a,26.568,odom_x,/odom,2.5578516386726022,0.5
cc8b7541-2e11-4ed6-b1f7-4e32b8a02f8a,26.604000000000003,odom_x,/odom,2.5624528568743545,0.5
cc8b7541-2e11-4ed6-b1f7-4e32b8a02f8a,26.64,odom_x,/odom,2.5670402427718266,0.5
cc8b7541-2e11-4ed6-b1f7-4e32b8a02f8a,26.676000000000002,odom_x,/odom,2.571571499568242,0.5
cc8b7541-2e11-4ed6-b1f7-4e32b8a02f8a,26.712000000000003,odom_x,/odom,2.5760828421986814,0.5
cc8b7541-2e11-4ed6-b1f7-4e32b8a02f8a,26.748,odom_x,/odom,2.5805957505407426,0.5
cc8b7541-2e11-4ed6-b1f7-4e32b8a02f8a,26.784000000000002,odom_x,/odom,2.5851199840242143,0.5
cc8b7541-2e11-4ed6-b1f7-4e32b8a02f8a,26.82,odom_x,/odom,2.5895780589727933,0.5
cc8b7541-2e11-4ed6-b1f7-4e32b8a02f8a,26.856,odom_x,/odom,2.5940392575628204,0.5
cc8b7541-2e11-4ed6-b1f7-4e32b8a02f8a,26.892000000000003,odom_x,/odom,2.5985087967956444,0.5
cc8b7541-2e11-4ed6-b1f7-4e32b8a02f8a,26.928,odom_x,/odom,2.6030234663708773,0.5
cc8b7541-2e11-4ed6-b1f7-4e32b8a02f8a,26.964000000000002,odom_x,/odom,2.607545187783866,0.5
cc8b7541-2e11-4ed6-b1f7-4e32b8a02f8a,27.0,odom_x,/odom,2.6120662973619067,0.5
cc8b7541-2e11-4ed6-b1f7-4e32b8a02f8a,27.036,odom_x,/odom,2.616531881620923,0.5
cc8b7541-2e11-4ed6-b1f7-4e32b8a02f8a,27.072000000000003,odom_x,/odom,2.6209497207888046,0.5
cc8b7541-2e11-4ed6-b1f7-4e32b8a02f8a,27.111,odom_x,/odom,2.6252517397290442,0.5
cc8b7541-2e11-4ed6-b1f7-4e32b8a02f8a,27.144000000000002,odom_x,/odom,2.629511384680667,0.5
cc8b7541-2e11-4ed6-b1f7-4e32b8a02f8a,27.180000000000003,odom_x,/odom,2.6337861305993653,0.5
cc8b7541-2e11-4ed6-b1f7-4e32b8a02f8a,27.216,odom_x,/odom,2.638061370733421,0.5
cc8b7541-2e11-4ed6-b1f7-4e32b8a02f8a,27.252000000000002,odom_x,/odom,2.6423343681121496,0.5
cc8b7541-2e11-4ed6-b1f7-4e32b8a02f8a,27.288,odom_x,/odom,2.646625982448236,0.5
cc8b7541-2e11-4ed6-b1f7-4e32b8a02f8a,27.324,odom_x,/odom,2.6508472643991783,0.5
cc8b7541-2e11-4ed6-b1f7-4e32b8a02f8a,27.360000000000003,odom_x,/odom,2.6550778882938624,0.5
cc8b7541-2e11-4ed6-b1f7-4e32b8a02f8a,27.396,odom_x,/odom,2.6593117805149253,0.5
cc8b7541-2e11-4ed6-b1f7-4e32b8a02f8a,27.432000000000002,odom_x,/odom,2.663591131373863,0.5
cc8b7541-2e11-4ed6-b1f7-4e32b8a02f8a,27.468,odom_x,/odom,2.6678053814398432,0.5
cc8b7541-2e11-4ed6-b1f7-4e32b8a02f8a,27.504,odom_x,/odom,2.6719964002671635,0.5
cc8b7541-2e11-4ed6-b1f7-4e32b8a02f8a,27.540000000000003,odom_x,/odom,2.676187544189324,0.5
cc8b7541-2e11-4ed6-b1f7-4e32b8a02f8a,27.576,odom_x,/odom,2.6804134104505906,0.5
cc8b7541-2e11-4ed6-b1f7-4e32b8a02f8a,27.612000000000002,odom_x,/odom,2.6846135358860206,0.5
cc8b7541-2e11-4ed6-b1f7-4e32b8a02f8a,27.648000000000003,odom_x,/odom,2.6888050167209006,0.5
cc8b7541-2e11-4ed6-b1f7-4e32b8a02f8a,27.684,odom_x,/odom,2.6929143428028497,0.5
cc8b7541-2e11-4ed6-b1f7-4e32b8a02f8a,27.720000000000002,odom_x,/odom,2.6969104122490535,0.5
cc8b7541-2e11-4ed6-b1f7-4e32b8a02f8a,27.756,odom_x,/odom,2.7008979942719034,0.5
cc8b7541-2e11-4ed6-b1f7-4e32b8a02f8a,27.792,odom_x,/odom,2.7048929298974804,0.5
cc8b7541-2e11-4ed6-b1f7-4e32b8a02f8a,27.828000000000003,odom_x,/odom,2.7088086255926105,0.5
cc8b7541-2e11-4ed6-b1f7-4e32b8a02f8a,27.864,odom_x,/odom,2.7126254367615537,0.5
cc8b7541-2e11-4ed6-b1f7-4e32b8a02f8a,27.900000000000002,odom_x,/odom,2.716435611145171,0.5
cc8b7541-2e11-4ed6-b1f7-4e32b8a02f8a,27.936000000000003,odom_x,/odom,2.720194952828335,0.5
cc8b7541-2e11-4ed6-b1f7-4e32b8a02f8a,27.972,odom_x,/odom,2.7240218923194828,0.5
cc8b7541-2e11-4ed6-b1f7-4e32b8a02f8a,28.008000000000003,odom_x,/odom,2.727746073279068,0.5
cc8b7541-2e11-4ed6-b1f7-4e32b8a02f8a,28.044,odom_x,/odom,2.7314228400882845,0.5
cc8b7541-2e11-4ed6-b1f7-4e32b8a02f8a,28.080000000000002,odom_x,/odom,2.735105287890683,0.5
cc8b7541-2e11-4ed6-b1f7-4e32b8a02f8a,28.116000000000003,odom_x,/odom,2.73876078271501,0.5
cc8b7541-2e11-4ed6-b1f7-4e32b8a02f8a,28.152,odom_x,/odom,2.7424022084113515,0.5
cc8b7541-2e11-4ed6-b1f7-4e32b8a02f8a,28.188000000000002,odom_x,/odom,2.745938819695998,0.5
cc8b7541-2e11-4ed6-b1f7-4e32b8a02f8a,28.224,odom_x,/odom,2.7494604266162592,0.5
cc8b7541-2e11-4ed6-b1f7-4e32b8a02f8a,28.26,odom_x,/odom,2.7529436287057294,0.5
cc8b7541-2e11-4ed6-b1f7-4e32b8a02f8a,28.296000000000003,odom_x,/odom,2.7564187020095527,0.5
cc8b7541-2e11-4ed6-b1f7-4e32b8a02f8a,28.332,odom_x,/odom,2.7599160740566755,0.5
cc8b7541-2e11-4ed6-b1f7-4e32b8a02f8a,28.368000000000002,odom_x,/odom,2.7632572570618854,0.5
cc8b7541-2e11-4ed6-b1f7-4e32b8a02f8a,28.404000000000003,odom_x,/odom,2.766502372601842,0.5
cc8b7541-2e11-4ed6-b1f7-4e32b8a02f8a,28.44,odom_x,/odom,2.7697449680473905,0.5
cc8b7541-2e11-4ed6-b1f7-4e32b8a02f8a,28.476000000000003,odom_x,/odom,2.7730502463952953,0.5
cc8b7541-2e11-4ed6-b1f7-4e32b8a02f8a,28.512,odom_x,/odom,2.776486857421746,0.5
cc8b7541-2e11-4ed6-b1f7-4e32b8a02f8a,28.548000000000002,odom_x,/odom,2.7799447838743925,0.5
cc8b7541-2e11-4ed6-b1f7-4e32b8a02f8a,28.584000000000003,odom_x,/odom,2.7833580648324143,0.5
cc8b7541-2e11-4ed6-b1f7-4e32b8a02f8a,28.62,odom_x,/odom,2.7868151224522015,0.5
cc8b7541-2e11-4ed6-b1f7-4e32b8a02f8a,28.656000000000002,odom_x,/odom,2.7903057166948315,0.5
cc8b7541-2e11-4ed6-b1f7-4e32b8a02f8a,28.692,odom_x,/odom,2.793808273349906,0.5
cc8b7541-2e11-4ed6-b1f7-4e32b8a02f8a,28.728,odom_x,/odom,2.7972613793449947,0.5
cc8b7541-2e11-4ed6-b1f7-4e32b8a02f8a,28.764000000000003,odom_x,/odom,2.8005890361333683,0.5
cc8b7541-2e11-4ed6-b1f7-4e32b8a02f8a,28.8,odom_x,/odom,2.803905651692727,0.5
cc8b7541-2e11-4ed6-b1f7-4e32b8a02f8a,28.836000000000002,odom_x,/odom,2.807206312033476,0.5
cc8b7541-2e11-4ed6-b1f7-4e32b8a02f8a,28.872000000000003,odom_x,/odom,2.8103378363370815,0.5
cc8b7541-2e11-4ed6-b1f7-4e32b8a02f8a,28.908,odom_x,/odom,2.8135171902502885,0.5
cc8b7541-2e11-4ed6-b1f7-4e32b8a02f8a,28.944000000000003,odom_x,/odom,2.8167278040973818,0.5
cc8b7541-2e11-4ed6-b1f7-4e32b8a02f8a,28.98,odom_x,/odom,2.819874994506055,0.5
cc8b7541-2e11-4ed6-b1f7-4e32b8a02f8a,29.016000000000002,odom_x,/odom,2.8226856276136427,0.5
cc8b7541-2e11-4ed6-b1f7-4e32b8a02f8a,29.052000000000003,odom_x,/odom,2.824254777175928,0.5
cc8b7541-2e11-4ed6-b1f7-4e32b8a02f8a,29.088,odom_x,/odom,2.824581493670457,0.5
cc8b7541-2e11-4ed6-b1f7-4e32b8a02f8a,29.124000000000002,odom_x,/odom,2.824581493670457,0.5
cc8b7541-2e11-4ed6-b1f7-4e32b8a02f8a,29.16,odom_x,/odom,2.824581493670457,0.5
cc8b7541-2e11-4ed6-b1f7-4e32b8a02f8a,29.196,odom_x,/odom,2.824581493670457,0.5
cc8b7541-2e11-4ed6-b1f7-4e32b8a02f8a,29.232000000000003,odom_x,/odom,2.824581493670457,0.5
cc8b7541-2e11-4ed6-b1f7-4e32b8a02f8a,29.268,odom_x,/odom,2.824581493670457,0.5
cc8b7541-2e11-4ed6-b1f7-4e32b8a02f8a,29.304000000000002,odom_x,/odom,2.824581493670457,0.5
cc8b7541-2e11-4ed6-b1f7-4e32b8a02f8a,29.340000000000003,odom_x,/odom,2.824581493670457,0.5
cc8b7541-2e11-4ed6-b1f7-4e32b8a02f8a,29.376,odom_x,/odom,2.824581493670457,0.5
cc8b7541-2e11-4ed6-b1f7-4e32b8a02f8a,29.412000000000003,odom_x,/odom,2.824581493670457,0.5
cc8b7541-2e11-4ed6-b1f7-4e32b8a02f8a,29.448,odom_x,/odom,2.824581493670457,0.5
cc8b7541-2e11-4ed6-b1f7-4e32b8a02f8a,29.484,odom_x,/odom,2.824581493670457,0.5
cc8b7541-2e11-4ed6-b1f7-4e32b8a02f8a,29.520000000000003,odom_x,/odom,2.824581493670457,0.5
cc8b7541-2e11-4ed6-b1f7-4e32b8a02f8a,29.556,odom_x,/odom,2.824581493670457,0.5
cc8b7541-2e11-4ed6-b1f7-4e32b8a02f8a,29.592000000000002,odom_x,/odom,2.824581493670457,0.5
cc8b7541-2e11-4ed6-b1f7-4e32b8a02f8a,29.628,odom_x,/odom,2.824581493670457,0.5
cc8b7541-2e11-4ed6-b1f7-4e32b8a02f8a,29.664,odom_x,/odom,2.824581493670457,0.5
cc8b7541-2e11-4ed6-b1f7-4e32b8a02f8a,9.072000000000001,odom_y,/odom,3.3227224807921867e-16,0.5
cc8b7541-2e11-4ed6-b1f7-4e32b8a02f8a,9.111,odom_y,/odom,3.3227224807921946e-16,0.5
cc8b7541-2e11-4ed6-b1f7-4e32b8a02f8a,9.144,odom_y,/odom,3.322722480792196e-16,0.5
cc8b7541-2e11-4ed6-b1f7-4e32b8a02f8a,9.18,odom_y,/odom,3.3227224807921877e-16,0.5
cc8b7541-2e11-4ed6-b1f7-4e32b8a02f8a,9.216000000000001,odom_y,/odom,3.322722480792191e-16,0.5
cc8b7541-2e11-4ed6-b1f7-4e32b8a02f8a,9.252,odom_y,/odom,3.322722480792197e-16,0.5
cc8b7541-2e11-4ed6-b1f7-4e32b8a02f8a,9.288,odom_y,/odom,3.322722480792183e-16,0.5
cc8b7541-2e11-4ed6-b1f7-4e32b8a02f8a,9.324,odom_y,/odom,3.322722480792174e-16,0.5
cc8b7541-2e11-4ed6-b1f7-4e32b8a02f8a,9.360000000000001,odom_y,/odom,3.32272248079217e-16,0.5
cc8b7541-2e11-4ed6-b1f7-4e32b8a02f8a,9.396,odom_y,/odom,3.322722480792162e-16,0.5
cc8b7541-2e11-4ed6-b1f7-4e32b8a02f8a,9.432,odom_y,/odom,3.322722480792166e-16,0.5
cc8b7541-2e11-4ed6-b1f7-4e32b8a02f8a,9.468,odom_y,/odom,3.322722480792162e-16,0.5
cc8b7541-2e11-4ed6-b1f7-4e32b8a02f8a,9.504000000000001,odom_y,/odom,3.3227224807921458e-16,0.5
cc8b7541-2e11-4ed6-b1f7-4e32b8a02f8a,9.540000000000001,odom_y,/odom,3.3227224807921497e-16,0.5
cc8b7541-2e11-4ed6-b1f7-4e32b8a02f8a,9.576,odom_y,/odom,3.3227224807921625e-16,0.5
cc8b7541-2e11-4ed6-b1f7-4e32b8a02f8a,9.612,odom_y,/odom,3.322722480792163e-16,0.5
cc8b7541-2e11-4ed6-b1f7-4e32b8a02f8a,9.648000000000001,odom_y,/odom,3.322722480792154e-16,0.5
cc8b7541-2e11-4ed6-b1f7-4e32b8a02f8a,9.684000000000001,odom_y,/odom,3.3227224807921576e-16,0.5
cc8b7541-2e11-4ed6-b1f7-4e32b8a02f8a,9.72,odom_y,/odom,3.3227224807921566e-16,0.5
cc8b7541-2e11-4ed6-b1f7-4e32b8a02f8a,9.756,odom_y,/odom,3.3227224807921497e-16,0.5
cc8b7541-2e11-4ed6-b1f7-4e32b8a02f8a,9.792,odom_y,/odom,3.322722480792151e-16,0.5
cc8b7541-2e11-4ed6-b1f7-4e32b8a02f8a,9.828000000000001,odom_y,/odom,3.3227224807921487e-16,0.5
cc8b7541-2e11-4ed6-b1f7-4e32b8a02f8a,9.864,odom_y,/odom,3.3227224807921443e-16,0.5
cc8b7541-2e11-4ed6-b1f7-4e32b8a02f8a,9.9,odom_y,/odom,3.3227224807921443e-16,0.5
cc8b7541-2e11-4ed6-b1f7-4e32b8a02f8a,9.936,odom_y,/odom,3.3227224807921413e-16,0.5
cc8b7541-2e11-4ed6-b1f7-4e32b8a02f8a,9.972000000000001,odom_y,/odom,3.3227224807921305e-16,0.5
cc8b7541-2e11-4ed6-b1f7-4e32b8a02f8a,10.011000000000001,odom_y,/odom,3.322722480792113e-16,0.5
cc8b7541-2e11-4ed6-b1f7-4e32b8a02f8a,10.044,odom_y,/odom,3.322722480792109e-16,0.5
cc8b7541-2e11-4ed6-b1f7-4e32b8a02f8a,10.08,odom_y,/odom,3.322722480792106e-16,0.5
cc8b7541-2e11-4ed6-b1f7-4e32b8a02f8a,10.116000000000001,odom_y,/odom,3.3227224807921107e-16,0.5
cc8b7541-2e11-4ed6-b1f7-4e32b8a02f8a,10.152000000000001,odom_y,/odom,3.322722480792104e-16,0.5
cc8b7541-2e11-4ed6-b1f7-4e32b8a02f8a,10.188,odom_y,/odom,3.3227224807921033e-16,0.5
cc8b7541-2e11-4ed6-b1f7-4e32b8a02f8a,10.224,odom_y,/odom,3.322722480792089e-16,0.5
cc8b7541-2e11-4ed6-b1f7-4e32b8a02f8a,10.26,odom_y,/odom,3.3227224807920807e-16,0.5
cc8b7541-2e11-4ed6-b1f7-4e32b8a02f8a,10.296000000000001,odom_y,/odom,3.3227224807920634e-16,0.5
cc8b7541-2e11-4ed6-b1f7-4e32b8a02f8a,10.332,odom_y,/odom,3.3227224807920585e-16,0.5
cc8b7541-2e11-4ed6-b1f7-4e32b8a02f8a,10.368,odom_y,/odom,3.3227224807920437e-16,0.5
cc8b7541-2e11-4ed6-b1f7-4e32b8a02f8a,10.404,odom_y,/odom,3.322722480792058e-16,0.5
cc8b7541-2e11-4ed6-b1f7-4e32b8a02f8a,10.440000000000001,odom_y,/odom,3.3227224807920545e-16,0.5
cc8b7541-2e11-4ed6-b1f7-4e32b8a02f8a,10.476,odom_y,/odom,3.322722480792059e-16,0.5
cc8b7541-2e11-4ed6-b1f7-4e32b8a02f8a,10.512,odom_y,/odom,3.3227224807920516e-16,0.5
cc8b7541-2e11-4ed6-b1f7-4e32b8a02f8a,10.548,odom_y,/odom,3.3227224807920457e-16,0.5
cc8b7541-2e11-4ed6-b1f7-4e32b8a02f8a,10.584000000000001,odom_y,/odom,3.322722480792042e-16,0.5
cc8b7541-2e11-4ed6-b1f7-4e32b8a02f8a,10.620000000000001,odom_y,/odom,3.3227224807920324e-16,0.5
cc8b7541-2e11-4ed6-b1f7-4e32b8a02f8a,10.656,odom_y,/odom,3.322722480792026e-16,0.5
cc8b7541-2e11-4ed6-b1f7-4e32b8a02f8a,10.692,odom_y,/odom,3.3227224807920126e-16,0.5
cc8b7541-2e11-4ed6-b1f7-4e32b8a02f8a,10.728000000000002,odom_y,/odom,3.3227224807920126e-16,0.5
cc8b7541-2e11-4ed6-b1f7-4e32b8a02f8a,10.764000000000001,odom_y,/odom,8.351782076682605e-08,0.5
cc8b7541-2e11-4ed6-b1f7-4e32b8a02f8a,10.8,odom_y,/odom,4.975428528542299e-07,0.5
cc8b7541-2e11-4ed6-b1f7-4e32b8a02f8a,10.836,odom_y,/odom,1.4736107685082071e-06,0.5
cc8b7541-2e11-4ed6-b1f7-4e32b8a02f8a,10.872,odom_y,/odom,3.521590137953766e-06,0.5
cc8b7541-2e11-4ed6-b1f7-4e32b8a02f8a,10.908000000000001,odom_y,/odom,3.3624070923716824e-06,0.5
cc8b7541-2e11-4ed6-b1f7-4e32b8a02f8a,10.944,odom_y,/odom,-3.240207518816718e-06,0.5
cc8b7541-2e11-4ed6-b1f7-4e32b8a02f8a,10.98,odom_y,/odom,-1.8310062704075574e-05,0.5
cc8b7541-2e11-4ed6-b1f7-4e32b8a02f8a,11.016,odom_y,/odom,-4.344733148378235e-05,0.5
cc8b7541-2e11-4ed6-b1f7-4e32b8a02f8a,11.052000000000001,odom_y,/odom,-7.788731280242956e-05,0.5
cc8b7541-2e11-4ed6-b1f7-4e32b8a02f8a,11.088000000000001,odom_y,/odom,-0.00012023592920040693,0.5
cc8b7541-2e11-4ed6-b1f7-4e32b8a02f8a,11.124,odom_y,/odom,-0.00017058953712914275,0.5
cc8b7541-2e11-4ed6-b1f7-4e32b8a02f8a,11.16,odom_y,/odom,-0.00022757391957792096,0.5
cc8b7541-2e11-4ed6-b1f7-4e32b8a02f8a,11.196000000000002,odom_y,/odom,-0.00029110967726856144,0.5
cc8b7541-2e11-4ed6-b1f7-4e32b8a02f8a,11.232000000000001,odom_y,/odom,-0.0003635573211640929,0.5
cc8b7541-2e11-4ed6-b1f7-4e32b8a02f8a,11.268,odom_y,/odom,-0.0004417447050234483,0.5
cc8b7541-2e11-4ed6-b1f7-4e32b8a02f8a,11.304,odom_y,/odom,-0.000528056357289342,0.5
cc8b7541-2e11-4ed6-b1f7-4e32b8a02f8a,11.34,odom_y,/odom,-0.0006216762440790373,0.5
cc8b7541-2e11-4ed6-b1f7-4e32b8a02f8a,11.376000000000001,odom_y,/odom,-0.0007219858830536578,0.5
cc8b7541-2e11-4ed6-b1f7-4e32b8a02f8a,11.412,odom_y,/odom,-0.000829417331756578,0.5
cc8b7541-2e11-4ed6-b1f7-4e32b8a02f8a,11.448,odom_y,/odom,-0.0009440067598846711,0.5
cc8b7541-2e11-4ed6-b1f7-4e32b8a02f8a,11.484,odom_y,/odom,-0.00106564695020577,0.5
cc8b7541-2e11-4ed6-b1f7-4e32b8a02f8a,11.520000000000001,odom_y,/odom,-0.001194664450065436,0.5
cc8b7541-2e11-4ed6-b1f7-4e32b8a02f8a,11.556000000000001,odom_y,/odom,-0.001334127209285885,0.5
cc8b7541-2e11-4ed6-b1f7-4e32b8a02f8a,11.592,odom_y,/odom,-0.0014830944237576046,0.5
cc8b7541-2e11-4ed6-b1f7-4e32b8a02f8a,11.628,odom_y,/odom,-0.001642553447958159,0.5
cc8b7541-2e11-4ed6-b1f7-4e32b8a02f8a,11.664000000000001,odom_y,/odom,-0.0018126249236243813,0.5
cc8b7541-2e11-4ed6-b1f7-4e32b8a02f8a,11.700000000000001,odom_y,/odom,-0.001991781204903235,0.5
cc8b7541-2e11-4ed6-b1f7-4e32b8a02f8a,11.736,odom_y,/odom,-0.00218394875931832,0.5
cc8b7541-2e11-4ed6-b1f7-4e32b8a02f8a,11.772,odom_y,/odom,-0.0023792066019675947,0.5
cc8b7541-2e11-4ed6-b1f7-4e32b8a02f8a,11.808000000000002,odom_y,/odom,-0.002583877847186331,0.5
cc8b7541-2e11-4ed6-b1f7-4e32b8a02f8a,11.844000000000001,odom_y,/odom,-0.002797568560670579,0.5
cc8b7541-2e11-4ed6-b1f7-4e32b8a02f8a,11.88,odom_y,/odom,-0.003017409406978105,0.5
cc8b7541-2e11-4ed6-b1f7-4e32b8a02f8a,11.916,odom_y,/odom,-0.0032441073709762805,0.5
cc8b7541-2e11-4ed6-b1f7-4e32b8a02f8a,11.952,odom_y,/odom,-0.0034777825105273314,0.5
cc8b7541-2e11-4ed6-b1f7-4e32b8a02f8a,11.988000000000001,odom_y,/odom,-0.003720353935753849,0.5
cc8b7541-2e11-4ed6-b1f7-4e32b8a02f8a,12.024000000000001,odom_y,/odom,-0.00397180929344664,0.5
cc8b7541-2e11-4ed6-b1f7-4e32b8a02f8a,12.06,odom_y,/odom,-0.00423574552740963,0.5
cc8b7541-2e11-4ed6-b1f7-4e32b8a02f8a,12.096,odom_y,/odom,-0.00450675555940837,0.5
cc8b7541-2e11-4ed6-b1f7-4e32b8a02f8a,12.132000000000001,odom_y,/odom,-0.004791218223960592,0.5
cc8b7541-2e11-4ed6-b1f7-4e32b8a02f8a,12.168000000000001,odom_y,/odom,-0.005076919199674484,0.5
cc8b7541-2e11-4ed6-b1f7-4e32b8a02f8a,12.204,odom_y,/odom,-0.005366017907763803,0.5
cc8b7541-2e11-4ed6-b1f7-4e32b8a02f8a,12.24,odom_y,/odom,-0.005662693506413735,0.5
cc8b7541-2e11-4ed6-b1f7-4e32b8a02f8a,12.276000000000002,odom_y,/odom,-0.005972333696721843,0.5
cc8b7541-2e11-4ed6-b1f7-4e32b8a02f8a,12.312000000000001,odom_y,/odom,-0.006300170953028624,0.5
cc8b7541-2e11-4ed6-b1f7-4e32b8a02f8a,12.348,odom_y,/odom,-0.006637170842477305,0.5
cc8b7541-2e11-4ed6-b1f7-4e32b8a02f8a,12.384,odom_y,/odom,-0.006975690296616142,0.5
cc8b7541-2e11-4ed6-b1f7-4e32b8a02f8a,12.42,odom_y,/odom,-0.0073241840121782845,0.5
cc8b7541-2e11-4ed6-b1f7-4e32b8a02f8a,12.456000000000001,odom_y,/odom,-0.007686170236495569,0.5
cc8b7541-2e11-4ed6-b1f7-4e32b8a02f8a,12.492,odom_y,/odom,-0.008058585589969075,0.5
cc8b7541-2e11-4ed6-b1f7-4e32b8a02f8a,12.528,odom_y,/odom,-0.0084410315974042,0.5
cc8b7541-2e11-4ed6-b1f7-4e32b8a02f8a,12.564,odom_y,/odom,-0.00882370445516908,0.5
cc8b7541-2e11-4ed6-b1f7-4e32b8a02f8a,12.600000000000001,odom_y,/odom,-0.009212370317185707,0.5
cc8b7541-2e11-4ed6-b1f7-4e32b8a02f8a,12.636000000000001,odom_y,/odom,-0.009611454714093233,0.5
cc8b7541-2e11-4ed6-b1f7-4e32b8a02f8a,12.672,odom_y,/odom,-0.01002263386821051,0.5
cc8b7541-2e11-4ed6-b1f7-4e32b8a02f8a,12.711,odom_y,/odom,-0.010434689140273895,0.5
cc8b7541-2e11-4ed6-b1f7-4e32b8a02f8a,12.744000000000002,odom_y,/odom,-0.010850743297687265,0.5
cc8b7541-2e11-4ed6-b1f7-4e32b8a02f8a,12.780000000000001,odom_y,/odom,-0.011269723436704883,0.5
cc8b7541-2e11-4ed6-b1f7-4e32b8a02f8a,12.816,odom_y,/odom,-0.01169952833170978,0.5
cc8b7541-2e11-4ed6-b1f7-4e32b8a02f8a,12.852,odom_y,/odom,-0.01213702030131267,0.5
cc8b7541-2e11-4ed6-b1f7-4e32b8a02f8a,12.888000000000002,odom_y,/odom,-0.01257558930439433,0.5
cc8b7541-2e11-4ed6-b1f7-4e32b8a02f8a,12.924000000000001,odom_y,/odom,-0.013025547473677334,0.5
cc8b7541-2e11-4ed6-b1f7-4e32b8a02f8a,12.96,odom_y,/odom,-0.013488925978813519,0.5
cc8b7541-2e11-4ed6-b1f7-4e32b8a02f8a,12.996,odom_y,/odom,-0.013958231615296081,0.5
cc8b7541-2e11-4ed6-b1f7-4e32b8a02f8a,13.032,odom_y,/odom,-0.014432127877787212,0.5
cc8b7541-2e11-4ed6-b1f7-4e32b8a02f8a,13.068000000000001,odom_y,/odom,-0.014913683529512447,0.5
cc8b7541-2e11-4ed6-b1f7-4e32b8a02f8a,13.104000000000001,odom_y,/odom,-0.015385403461933272,0.5
cc8b7541-2e11-4ed6-b1f7-4e32b8a02f8a,13.14,odom_y,/odom,-0.015859253155142396,0.5
cc8b7541-2e11-4ed6-b1f7-4e32b8a02f8a,13.176,odom_y,/odom,-0.0163408059502213,0.5
cc8b7541-2e11-4ed6-b1f7-4e32b8a02f8a,13.212000000000002,odom_y,/odom,-0.016826246360090825,0.5
cc8b7541-2e11-4ed6-b1f7-4e32b8a02f8a,13.248000000000001,odom_y,/odom,-0.017314050020699447,0.5
cc8b7541-2e11-4ed6-b1f7-4e32b8a02f8a,13.284,odom_y,/odom,-0.017807915395585235,0.5
cc8b7541-2e11-4ed6-b1f7-4e32b8a02f8a,13.32,odom_y,/odom,-0.01830449117689954,0.5
cc8b7541-2e11-4ed6-b1f7-4e32b8a02f8a,13.356000000000002,odom_y,/odom,-0.018813919695725094,0.5
cc8b7541-2e11-4ed6-b1f7-4e32b8a02f8a,13.392000000000001,odom_y,/odom,-0.019332934062452085,0.5
cc8b7541-2e11-4ed6-b1f7-4e32b8a02f8a,13.428,odom_y,/odom,-0.019859098989879427,0.5
cc8b7541-2e11-4ed6-b1f7-4e32b8a02f8a,13.464,odom_y,/odom,-0.020401391049402025,0.5
cc8b7541-2e11-4ed6-b1f7-4e32b8a02f8a,13.5,odom_y,/odom,-0.020947858774942187,0.5
cc8b7541-2e11-4ed6-b1f7-4e32b8a02f8a,13.536000000000001,odom_y,/odom,-0.021510714472056287,0.5
cc8b7541-2e11-4ed6-b1f7-4e32b8a02f8a,13.572000000000001,odom_y,/odom,-0.022094248053536606,0.5
cc8b7541-2e11-4ed6-b1f7-4e32b8a02f8a,13.608,odom_y,/odom,-0.022676495631123696,0.5
cc8b7541-2e11-4ed6-b1f7-4e32b8a02f8a,13.644,odom_y,/odom,-0.02326142382822717,0.5
cc8b7541-2e11-4ed6-b1f7-4e32b8a02f8a,13.680000000000001,odom_y,/odom,-0.023841512124492346,0.5
cc8b7541-2e11-4ed6-b1f7-4e32b8a02f8a,13.716000000000001,odom_y,/odom,-0.024417015261683394,0.5
cc8b7541-2e11-4ed6-b1f7-4e32b8a02f8a,13.752,odom_y,/odom,-0.024989901684204993,0.5
cc8b7541-2e11-4ed6-b1f7-4e32b8a02f8a,13.788,odom_y,/odom,-0.025561457161340475,0.5
cc8b7541-2e11-4ed6-b1f7-4e32b8a02f8a,13.824000000000002,odom_y,/odom,-0.02614303599624174,0.5
cc8b7541-2e11-4ed6-b1f7-4e32b8a02f8a,13.860000000000001,odom_y,/odom,-0.026724757839476213,0.5
cc8b7541-2e11-4ed6-b1f7-4e32b8a02f8a,13.896,odom_y,/odom,-0.027306430337466714,0.5
cc8b7541-2e11-4ed6-b1f7-4e32b8a02f8a,13.932,odom_y,/odom,-0.027880890854084895,0.5
cc8b7541-2e11-4ed6-b1f7-4e32b8a02f8a,13.968000000000002,odom_y,/odom,-0.028466660324255506,0.5
cc8b7541-2e11-4ed6-b1f7-4e32b8a02f8a,14.004000000000001,odom_y,/odom,-0.029042447315841977,0.5
cc8b7541-2e11-4ed6-b1f7-4e32b8a02f8a,14.040000000000001,odom_y,/odom,-0.029616092850622968,0.5
cc8b7541-2e11-4ed6-b1f7-4e32b8a02f8a,14.076,odom_y,/odom,-0.03019582559234802,0.5
cc8b7541-2e11-4ed6-b1f7-4e32b8a02f8a,14.112,odom_y,/odom,-0.030774175276073755,0.5
cc8b7541-2e11-4ed6-b1f7-4e32b8a02f8a,14.148000000000001,odom_y,/odom,-0.03135131958326817,0.5
cc8b7541-2e11-4ed6-b1f7-4e32b8a02f8a,14.184000000000001,odom_y,/odom,-0.03194053204363121,0.5
cc8b7541-2e11-4ed6-b1f7-4e32b8a02f8a,14.22,odom_y,/odom,-0.032540738714172186,0.5
cc8b7541-2e11-4ed6-b1f7-4e32b8a02f8a,14.256,odom_y,/odom,-0.033147873859022695,0.5
cc8b7541-2e11-4ed6-b1f7-4e32b8a02f8a,14.292000000000002,odom_y,/odom,-0.03375790490542742,0.5
cc8b7541-2e11-4ed6-b1f7-4e32b8a02f8a,14.328000000000001,odom_y,/odom,-0.03436880658940288,0.5
cc8b7541-2e11-4ed6-b1f7-4e32b8a02f8a,14.364,odom_y,/odom,-0.03498764980836229,0.5
cc8b7541-2e11-4ed6-b1f7-4e32b8a02f8a,14.4,odom_y,/odom,-0.035605735268725694,0.5
cc8b7541-2e11-4ed6-b1f7-4e32b8a02f8a,14.436000000000002,odom_y,/odom,-0.0362251231413327,0.5
cc8b7541-2e11-4ed6-b1f7-4e32b8a02f8a,14.472000000000001,odom_y,/odom,-0.036830049559685774,0.5
cc8b7541-2e11-4ed6-b1f7-4e32b8a02f8a,14.508000000000001,odom_y,/odom,-0.03741475756949073,0.5
cc8b7541-2e11-4ed6-b1f7-4e32b8a02f8a,14.544,odom_y,/odom,-0.0379909135972894,0.5
cc8b7541-2e11-4ed6-b1f7-4e32b8a02f8a,14.58,odom_y,/odom,-0.038554760087568085,0.5
cc8b7541-2e11-4ed6-b1f7-4e32b8a02f8a,14.616000000000001,odom_y,/odom,-0.039123807848722436,0.5
cc8b7541-2e11-4ed6-b1f7-4e32b8a02f8a,14.652000000000001,odom_y,/odom,-0.03969630245206243,0.5
cc8b7541-2e11-4ed6-b1f7-4e32b8a02f8a,14.688,odom_y,/odom,-0.04028103438739274,0.5
cc8b7541-2e11-4ed6-b1f7-4e32b8a02f8a,14.724,odom_y,/odom,-0.040865071724929924,0.5
cc8b7541-2e11-4ed6-b1f7-4e32b8a02f8a,14.760000000000002,odom_y,/odom,-0.041444096180087646,0.5
cc8b7541-2e11-4ed6-b1f7-4e32b8a02f8a,14.796000000000001,odom_y,/odom,-0.04202083198793945,0.5
cc8b7541-2e11-4ed6-b1f7-4e32b8a02f8a,14.832,odom_y,/odom,-0.04260734625644832,0.5
cc8b7541-2e11-4ed6-b1f7-4e32b8a02f8a,14.868,odom_y,/odom,-0.04319050721296079,0.5
cc8b7541-2e11-4ed6-b1f7-4e32b8a02f8a,14.904000000000002,odom_y,/odom,-0.04376271568713736,0.5
cc8b7541-2e11-4ed6-b1f7-4e32b8a02f8a,14.940000000000001,odom_y,/odom,-0.04432794892392961,0.5
cc8b7541-2e11-4ed6-b1f7-4e32b8a02f8a,14.976,odom_y,/odom,-0.04489307036771036,0.5
cc8b7541-2e11-4ed6-b1f7-4e32b8a02f8a,15.012,odom_y,/odom,-0.045452726354240865,0.5
cc8b7541-2e11-4ed6-b1f7-4e32b8a02f8a,15.048000000000002,odom_y,/odom,-0.04600576889166824,0.5
cc8b7541-2e11-4ed6-b1f7-4e32b8a02f8a,15.084000000000001,odom_y,/odom,-0.04655422518087895,0.5
cc8b7541-2e11-4ed6-b1f7-4e32b8a02f8a,15.120000000000001,odom_y,/odom,-0.04710272473610729,0.5
cc8b7541-2e11-4ed6-b1f7-4e32b8a02f8a,15.156,odom_y,/odom,-0.047650529694359976,0.5
cc8b7541-2e11-4ed6-b1f7-4e32b8a02f8a,15.192,odom_y,/odom,-0.04819592290215155,0.5
cc8b7541-2e11-4ed6-b1f7-4e32b8a02f8a,15.228000000000002,odom_y,/odom,-0.048733334793058664,0.5
cc8b7541-2e11-4ed6-b1f7-4e32b8a02f8a,15.264000000000001,odom_y,/odom,-0.04925072717666675,0.5
cc8b7541-2e11-4ed6-b1f7-4e32b8a02f8a,15.3,odom_y,/odom,-0.0497597194843456,0.5
cc8b7541-2e11-4ed6-b1f7-4e32b8a02f8a,15.336,odom_y,/odom,-0.05025699667417689,0.5
cc8b7541-2e11-4ed6-b1f7-4e32b8a02f8a,15.372000000000002,odom_y,/odom,-0.050753184012651005,0.5
cc8b7541-2e11-4ed6-b1f7-4e32b8a02f8a,15.408000000000001,odom_y,/odom,-0.05123448257939905,0.5
cc8b7541-2e11-4ed6-b1f7-4e32b8a02f8a,15.444,odom_y,/odom,-0.05170468803548341,0.5
cc8b7541-2e11-4ed6-b1f7-4e32b8a02f8a,15.48,odom_y,/odom,-0.052176410523840366,0.5
cc8b7541-2e11-4ed6-b1f7-4e32b8a02f8a,15.516000000000002,odom_y,/odom,-0.05264350448904543,0.5
cc8b7541-2e11-4ed6-b1f7-4e32b8a02f8a,15.552000000000001,odom_y,/odom,-0.05310341543891607,0.5
cc8b7541-2e11-4ed6-b1f7-4e32b8a02f8a,15.588000000000001,odom_y,/odom,-0.05355903456420671,0.5
cc8b7541-2e11-4ed6-b1f7-4e32b8a02f8a,15.624,odom_y,/odom,-0.054006160053285616,0.5
cc8b7541-2e11-4ed6-b1f7-4e32b8a02f8a,15.66,odom_y,/odom,-0.05444682527234784,0.5
cc8b7541-2e11-4ed6-b1f7-4e32b8a02f8a,15.696000000000002,odom_y,/odom,-0.054879934987527135,0.5
cc8b7541-2e11-4ed6-b1f7-4e32b8a02f8a,15.732000000000001,odom_y,/odom,-0.05530252074270005,0.5
cc8b7541-2e11-4ed6-b1f7-4e32b8a02f8a,15.768,odom_y,/odom,-0.05571535920996763,0.5
cc8b7541-2e11-4ed6-b1f7-4e32b8a02f8a,15.804,odom_y,/odom,-0.05611087344939866,0.5
cc8b7541-2e11-4ed6-b1f7-4e32b8a02f8a,15.840000000000002,odom_y,/odom,-0.056498431487942195,0.5
cc8b7541-2e11-4ed6-b1f7-4e32b8a02f8a,15.876000000000001,odom_y,/odom,-0.05688038765053574,0.5
cc8b7541-2e11-4ed6-b1f7-4e32b8a02f8a,15.912,odom_y,/odom,-0.05725505603781735,0.5
cc8b7541-2e11-4ed6-b1f7-4e32b8a02f8a,15.948,odom_y,/odom,-0.05762402732930137,0.5
cc8b7541-2e11-4ed6-b1f7-4e32b8a02f8a,15.984000000000002,odom_y,/odom,-0.057984001408871465,0.5
cc8b7541-2e11-4ed6-b1f7-4e32b8a02f8a,16.02,odom_y,/odom,-0.05835151277913808,0.5
cc8b7541-2e11-4ed6-b1f7-4e32b8a02f8a,16.056,odom_y,/odom,-0.058716731672462864,0.5
cc8b7541-2e11-4ed6-b1f7-4e32b8a02f8a,16.092000000000002,odom_y,/odom,-0.059073206041620856,0.5
cc8b7541-2e11-4ed6-b1f7-4e32b8a02f8a,16.128,odom_y,/odom,-0.05942152540430455,0.5
cc8b7541-2e11-4ed6-b1f7-4e32b8a02f8a,16.164,odom_y,/odom,-0.05976477427889219,0.5
cc8b7541-2e11-4ed6-b1f7-4e32b8a02f8a,16.2,odom_y,/odom,-0.060101272089817866,0.5
cc8b7541-2e11-4ed6-b1f7-4e32b8a02f8a,16.236,odom_y,/odom,-0.06043126870900218,0.5
cc8b7541-2e11-4ed6-b1f7-4e32b8a02f8a,16.272000000000002,odom_y,/odom,-0.060754299397404864,0.5
cc8b7541-2e11-4ed6-b1f7-4e32b8a02f8a,16.308,odom_y,/odom,-0.06106892367349914,0.5
cc8b7541-2e11-4ed6-b1f7-4e32b8a02f8a,16.344,odom_y,/odom,-0.061377023164796145,0.5
cc8b7541-2e11-4ed6-b1f7-4e32b8a02f8a,16.380000000000003,odom_y,/odom,-0.06167735131545342,0.5
cc8b7541-2e11-4ed6-b1f7-4e32b8a02f8a,16.416,odom_y,/odom,-0.06196645853834525,0.5
cc8b7541-2e11-4ed6-b1f7-4e32b8a02f8a,16.452,odom_y,/odom,-0.06224523008247317,0.5
cc8b7541-2e11-4ed6-b1f7-4e32b8a02f8a,16.488,odom_y,/odom,-0.06251315990740648,0.5
cc8b7541-2e11-4ed6-b1f7-4e32b8a02f8a,16.524,odom_y,/odom,-0.06277453505759556,0.5
cc8b7541-2e11-4ed6-b1f7-4e32b8a02f8a,16.560000000000002,odom_y,/odom,-0.0630309733258721,0.5
cc8b7541-2e11-4ed6-b1f7-4e32b8a02f8a,16.596,odom_y,/odom,-0.0632809019035432,0.5
cc8b7541-2e11-4ed6-b1f7-4e32b8a02f8a,16.632,odom_y,/odom,-0.06353088234152184,0.5
cc8b7541-2e11-4ed6-b1f7-4e32b8a02f8a,16.668000000000003,odom_y,/odom,-0.0637680214647067,0.5
cc8b7541-2e11-4ed6-b1f7-4e32b8a02f8a,16.704,odom_y,/odom,-0.06399551516905831,0.5
cc8b7541-2e11-4ed6-b1f7-4e32b8a02f8a,16.740000000000002,odom_y,/odom,-0.06421585915387236,0.5
cc8b7541-2e11-4ed6-b1f7-4e32b8a02f8a,16.776,odom_y,/odom,-0.06442562034933029,0.5
cc8b7541-2e11-4ed6-b1f7-4e32b8a02f8a,16.812,odom_y,/odom,-0.06462821408545726,0.5
cc8b7541-2e11-4ed6-b1f7-4e32b8a02f8a,16.848000000000003,odom_y,/odom,-0.06482048001761317,0.5
cc8b7541-2e11-4ed6-b1f7-4e32b8a02f8a,16.884,odom_y,/odom,-0.0649990192647118,0.5
cc8b7541-2e11-4ed6-b1f7-4e32b8a02f8a,16.92,odom_y,/odom,-0.0651585495807072,0.5
cc8b7541-2e11-4ed6-b1f7-4e32b8a02f8a,16.956,odom_y,/odom,-0.06530042200837047,0.5
cc8b7541-2e11-4ed6-b1f7-4e32b8a02f8a,16.992,odom_y,/odom,-0.06542579369645712,0.5
cc8b7541-2e11-4ed6-b1f7-4e32b8a02f8a,17.028000000000002,odom_y,/odom,-0.06553240935853848,0.5
cc8b7541-2e11-4ed6-b1f7-4e32b8a02f8a,17.064,odom_y,/odom,-0.06562342941584141,0.5
cc8b7541-2e11-4ed6-b1f7-4e32b8a02f8a,17.1,odom_y,/odom,-0.06570111320974349,0.5
cc8b7541-2e11-4ed6-b1f7-4e32b8a02f8a,17.136000000000003,odom_y,/odom,-0.06576434903487993,0.5
cc8b7541-2e11-4ed6-b1f7-4e32b8a02f8a,17.172,odom_y,/odom,-0.06581321789227847,0.5
cc8b7541-2e11-4ed6-b1f7-4e32b8a02f8a,17.208000000000002,odom_y,/odom,-0.06585127431322714,0.5
cc8b7541-2e11-4ed6-b1f7-4e32b8a02f8a,17.244,odom_y,/odom,-0.06587764306355352,0.5
cc8b7541-2e11-4ed6-b1f7-4e32b8a02f8a,17.28,odom_y,/odom,-0.06589205740727137,0.5
cc8b7541-2e11-4ed6-b1f7-4e32b8a02f8a,17.316000000000003,odom_y,/odom,-0.0658955668719144,0.5
cc8b7541-2e11-4ed6-b1f7-4e32b8a02f8a,17.352,odom_y,/odom,-0.0658892477814483,0.5
cc8b7541-2e11-4ed6-b1f7-4e32b8a02f8a,17.388,odom_y,/odom,-0.06587361225691528,0.5
cc8b7541-2e11-4ed6-b1f7-4e32b8a02f8a,17.424,odom_y,/odom,-0.065848663282066,0.5
cc8b7541-2e11-4ed6-b1f7-4e32b8a02f8a,17.46,odom_y,/odom,-0.06581403002731091,0.5
cc8b7541-2e11-4ed6-b1f7-4e32b8a02f8a,17.496000000000002,odom_y,/odom,-0.06576967603826955,0.5
cc8b7541-2e11-4ed6-b1f7-4e32b8a02f8a,17.532,odom_y,/odom,-0.06571471388863963,0.5
cc8b7541-2e11-4ed6-b1f7-4e32b8a02f8a,17.568,odom_y,/odom,-0.06564881552147313,0.5
cc8b7541-2e11-4ed6-b1f7-4e32b8a02f8a,17.604000000000003,odom_y,/odom,-0.06557233444358397,0.5
cc8b7541-2e11-4ed6-b1f7-4e32b8a02f8a,17.64,odom_y,/odom,-0.06548519074707165,0.5
cc8b7541-2e11-4ed6-b1f7-4e32b8a02f8a,17.676000000000002,odom_y,/odom,-0.06538881561417176,0.5
cc8b7541-2e11-4ed6-b1f7-4e32b8a02f8a,17.712,odom_y,/odom,-0.06528014347169693,0.5
cc8b7541-2e11-4ed6-b1f7-4e32b8a02f8a,17.748,odom_y,/odom,-0.06516055458724511,0.5
cc8b7541-2e11-4ed6-b1f7-4e32b8a02f8a,17.784000000000002,odom_y,/odom,-0.06503097860218691,0.5
cc8b7541-2e11-4ed6-b1f7-4e32b8a02f8a,17.82,odom_y,/odom,-0.06488910090033997,0.5
cc8b7541-2e11-4ed6-b1f7-4e32b8a02f8a,17.856,odom_y,/odom,-0.06474026596706502,0.5
cc8b7541-2e11-4ed6-b1f7-4e32b8a02f8a,17.892,odom_y,/odom,-0.06458500727914564,0.5
cc8b7541-2e11-4ed6-b1f7-4e32b8a02f8a,17.928,odom_y,/odom,-0.06442491673253559,0.5
cc8b7541-2e11-4ed6-b1f7-4e32b8a02f8a,17.964000000000002,odom_y,/odom,-0.06426124500299678,0.5
cc8b7541-2e11-4ed6-b1f7-4e32b8a02f8a,18.0,odom_y,/odom,-0.06409038128038445,0.5
cc8b7541-2e11-4ed6-b1f7-4e32b8a02f8a,18.036,odom_y,/odom,-0.06390512071910873,0.5
cc8b7541-2e11-4ed6-b1f7-4e32b8a02f8a,18.072000000000003,odom_y,/odom,-0.06370261259362107,0.5
cc8b7541-2e11-4ed6-b1f7-4e32b8a02f8a,18.108,odom_y,/odom,-0.0634856163666519,0.5
cc8b7541-2e11-4ed6-b1f7-4e32b8a02f8a,18.144000000000002,odom_y,/odom,-0.06325678093533682,0.5
cc8b7541-2e11-4ed6-b1f7-4e32b8a02f8a,18.18,odom_y,/odom,-0.06301292883787482,0.5
cc8b7541-2e11-4ed6-b1f7-4e32b8a02f8a,18.216,odom_y,/odom,-0.06276114804541175,0.5
cc8b7541-2e11-4ed6-b1f7-4e32b8a02f8a,18.252000000000002,odom_y,/odom,-0.06250335828837222,0.5
cc8b7541-2e11-4ed6-b1f7-4e32b8a02f8a,18.288,odom_y,/odom,-0.06223978625567264,0.5
cc8b7541-2e11-4ed6-b1f7-4e32b8a02f8a,18.324,odom_y,/odom,-0.06196687650422812,0.5
cc8b7541-2e11-4ed6-b1f7-4e32b8a02f8a,18.36,odom_y,/odom,-0.06168420449089325,0.5
cc8b7541-2e11-4ed6-b1f7-4e32b8a02f8a,18.396,odom_y,/odom,-0.06139540317011981,0.5
cc8b7541-2e11-4ed6-b1f7-4e32b8a02f8a,18.432000000000002,odom_y,/odom,-0.061101343037681374,0.5
cc8b7541-2e11-4ed6-b1f7-4e32b8a02f8a,18.468,odom_y,/odom,-0.060805187838291544,0.5
cc8b7541-2e11-4ed6-b1f7-4e32b8a02f8a,18.504,odom_y,/odom,-0.06050843115747344,0.5
cc8b7541-2e11-4ed6-b1f7-4e32b8a02f8a,18.540000000000003,odom_y,/odom,-0.06020616106221927,0.5
cc8b7541-2e11-4ed6-b1f7-4e32b8a02f8a,18.576,odom_y,/odom,-0.059892577614856446,0.5
cc8b7541-2e11-4ed6-b1f7-4e32b8a02f8a,18.612000000000002,odom_y,/odom,-0.05956557351914771,0.5
cc8b7541-2e11-4ed6-b1f7-4e32b8a02f8a,18.648,odom_y,/odom,-0.059230819872176085,0.5
cc8b7541-2e11-4ed6-b1f7-4e32b8a02f8a,18.684,odom_y,/odom,-0.05889558446518008,0.5
cc8b7541-2e11-4ed6-b1f7-4e32b8a02f8a,18.720000000000002,odom_y,/odom,-0.05854983848841962,0.5
cc8b7541-2e11-4ed6-b1f7-4e32b8a02f8a,18.756,odom_y,/odom,-0.058194764442049435,0.5
cc8b7541-2e11-4ed6-b1f7-4e32b8a02f8a,18.792,odom_y,/odom,-0.05783143207256317,0.5
cc8b7541-2e11-4ed6-b1f7-4e32b8a02f8a,18.828,odom_y,/odom,-0.05745643521112166,0.5
cc8b7541-2e11-4ed6-b1f7-4e32b8a02f8a,18.864,odom_y,/odom,-0.057078274095347874,0.5
cc8b7541-2e11-4ed6-b1f7-4e32b8a02f8a,18.900000000000002,odom_y,/odom,-0.056694164294669044,0.5
cc8b7541-2e11-4ed6-b1f7-4e32b8a02f8a,18.936,odom_y,/odom,-0.05630745808944756,0.5
cc8b7541-2e11-4ed6-b1f7-4e32b8a02f8a,18.972,odom_y,/odom,-0.055912435362185604,0.5
cc8b7541-2e11-4ed6-b1f7-4e32b8a02f8a,19.011000000000003,odom_y,/odom,-0.05551543222160317,0.5
cc8b7541-2e11-4ed6-b1f7-4e32b8a02f8a,19.044,odom_y,/odom,-0.05512425285604796,0.5
cc8b7541-2e11-4ed6-b1f7-4e32b8a02f8a,19.080000000000002,odom_y,/odom,-0.05474875300860002,0.5
cc8b7541-2e11-4ed6-b1f7-4e32b8a02f8a,19.116,odom_y,/odom,-0.054379236434381174,0.5
cc8b7541-2e11-4ed6-b1f7-4e32b8a02f8a,19.152,odom_y,/odom,-0.054017533938254016,0.5
cc8b7541-2e11-4ed6-b1f7-4e32b8a02f8a,19.188000000000002,odom_y,/odom,-0.053660189679757685,0.5
cc8b7541-2e11-4ed6-b1f7-4e32b8a02f8a,19.224,odom_y,/odom,-0.053325317414409684,0.5
cc8b7541-2e11-4ed6-b1f7-4e32b8a02f8a,19.26,odom_y,/odom,-0.05300215484096062,0.5
cc8b7541-2e11-4ed6-b1f7-4e32b8a02f8a,19.296000000000003,odom_y,/odom,-0.05268432535547468,0.5
cc8b7541-2e11-4ed6-b1f7-4e32b8a02f8a,19.332,odom_y,/odom,-0.05236837100458202,0.5
cc8b7541-2e11-4ed6-b1f7-4e32b8a02f8a,19.368000000000002,odom_y,/odom,-0.052053911141760716,0.5
cc8b7541-2e11-4ed6-b1f7-4e32b8a02f8a,19.404,odom_y,/odom,-0.05174926999519436,0.5
cc8b7541-2e11-4ed6-b1f7-4e32b8a02f8a,19.44,odom_y,/odom,-0.05144899713453823,0.5
cc8b7541-2e11-4ed6-b1f7-4e32b8a02f8a,19.476000000000003,odom_y,/odom,-0.051147839873061804,0.5
cc8b7541-2e11-4ed6-b1f7-4e32b8a02f8a,19.512,odom_y,/odom,-0.05084226363874813,0.5
cc8b7541-2e11-4ed6-b1f7-4e32b8a02f8a,19.548000000000002,odom_y,/odom,-0.05053989165655165,0.5
cc8b7541-2e11-4ed6-b1f7-4e32b8a02f8a,19.584,odom_y,/odom,-0.05024607385209962,0.5
cc8b7541-2e11-4ed6-b1f7-4e32b8a02f8a,19.62,odom_y,/odom,-0.04995352558899148,0.5
cc8b7541-2e11-4ed6-b1f7-4e32b8a02f8a,19.656000000000002,odom_y,/odom,-0.0496661034056481,0.5
cc8b7541-2e11-4ed6-b1f7-4e32b8a02f8a,19.692,odom_y,/odom,-0.049384610377228015,0.5
cc8b7541-2e11-4ed6-b1f7-4e32b8a02f8a,19.728,odom_y,/odom,-0.04910214888722137,0.5
cc8b7541-2e11-4ed6-b1f7-4e32b8a02f8a,19.764000000000003,odom_y,/odom,-0.04882462329228159,0.5
cc8b7541-2e11-4ed6-b1f7-4e32b8a02f8a,19.8,odom_y,/odom,-0.04855236137837406,0.5
cc8b7541-2e11-4ed6-b1f7-4e32b8a02f8a,19.836000000000002,odom_y,/odom,-0.048284869391403064,0.5
cc8b7541-2e11-4ed6-b1f7-4e32b8a02f8a,19.872,odom_y,/odom,-0.04802251915345792,0.5
cc8b7541-2e11-4ed6-b1f7-4e32b8a02f8a,19.911,odom_y,/odom,-0.04776061538990116,0.5
cc8b7541-2e11-4ed6-b1f7-4e32b8a02f8a,19.944000000000003,odom_y,/odom,-0.047499189923886166,0.5
cc8b7541-2e11-4ed6-b1f7-4e32b8a02f8a,19.98,odom_y,/odom,-0.047233590416739316,0.5
cc8b7541-2e11-4ed6-b1f7-4e32b8a02f8a,20.016000000000002,odom_y,/odom,-0.046968607248879815,0.5
cc8b7541-2e11-4ed6-b1f7-4e32b8a02f8a,20.052,odom_y,/odom,-0.04670583765089417,0.5
cc8b7541-2e11-4ed6-b1f7-4e32b8a02f8a,20.088,odom_y,/odom,-0.04644344024600587,0.5
cc8b7541-2e11-4ed6-b1f7-4e32b8a02f8a,20.124000000000002,odom_y,/odom,-0.046186158030277154,0.5
cc8b7541-2e11-4ed6-b1f7-4e32b8a02f8a,20.16,odom_y,/odom,-0.04593103284138386,0.5
cc8b7541-2e11-4ed6-b1f7-4e32b8a02f8a,20.196,odom_y,/odom,-0.045678443064424354,0.5
cc8b7541-2e11-4ed6-b1f7-4e32b8a02f8a,20.232000000000003,odom_y,/odom,-0.04542438198268035,0.5
cc8b7541-2e11-4ed6-b1f7-4e32b8a02f8a,20.268,odom_y,/odom,-0.04516855389102361,0.5
cc8b7541-2e11-4ed6-b1f7-4e32b8a02f8a,20.304000000000002,odom_y,/odom,-0.04491174743937277,0.5
cc8b7541-2e11-4ed6-b1f7-4e32b8a02f8a,20.34,odom_y,/odom,-0.04465745455600572,0.5
cc8b7541-2e11-4ed6-b1f7-4e32b8a02f8a,20.376,odom_y,/odom,-0.04440477180683169,0.5
cc8b7541-2e11-4ed6-b1f7-4e32b8a02f8a,20.412000000000003,odom_y,/odom,-0.04415004343939871,0.5
cc8b7541-2e11-4ed6-b1f7-4e32b8a02f8a,20.448,odom_y,/odom,-0.04389669059809342,0.5
cc8b7541-2e11-4ed6-b1f7-4e32b8a02f8a,20.484,odom_y,/odom,-0.04365335260452552,0.5
cc8b7541-2e11-4ed6-b1f7-4e32b8a02f8a,20.52,odom_y,/odom,-0.04341729793798808,0.5
cc8b7541-2e11-4ed6-b1f7-4e32b8a02f8a,20.556,odom_y,/odom,-0.04318485510491353,0.5
cc8b7541-2e11-4ed6-b1f7-4e32b8a02f8a,20.592000000000002,odom_y,/odom,-0.04295361534726588,0.5
cc8b7541-2e11-4ed6-b1f7-4e32b8a02f8a,20.628,odom_y,/odom,-0.042720423346224085,0.5
cc8b7541-2e11-4ed6-b1f7-4e32b8a02f8a,20.664,odom_y,/odom,-0.04248761079542207,0.5
cc8b7541-2e11-4ed6-b1f7-4e32b8a02f8a,20.700000000000003,odom_y,/odom,-0.042257424076249675,0.5
cc8b7541-2e11-4ed6-b1f7-4e32b8a02f8a,20.736,odom_y,/odom,-0.04203265818804896,0.5
cc8b7541-2e11-4ed6-b1f7-4e32b8a02f8a,20.772000000000002,odom_y,/odom,-0.04181052457214373,0.5
cc8b7541-2e11-4ed6-b1f7-4e32b8a02f8a,20.811,odom_y,/odom,-0.04158708477857189,0.5
cc8b7541-2e11-4ed6-b1f7-4e32b8a02f8a,20.844,odom_y,/odom,-0.04136470851800473,0.5
cc8b7541-2e11-4ed6-b1f7-4e32b8a02f8a,20.880000000000003,odom_y,/odom,-0.04114170376593169,0.5
cc8b7541-2e11-4ed6-b1f7-4e32b8a02f8a,20.916,odom_y,/odom,-0.04092222526823325,0.5
cc8b7541-2e11-4ed6-b1f7-4e32b8a02f8a,20.952,odom_y,/odom,-0.04070468039644611,0.5
cc8b7541-2e11-4ed6-b1f7-4e32b8a02f8a,20.988,odom_y,/odom,-0.040485768604820685,0.5
cc8b7541-2e11-4ed6-b1f7-4e32b8a02f8a,21.024,odom_y,/odom,-0.04026624733455234,0.5
cc8b7541-2e11-4ed6-b1f7-4e32b8a02f8a,21.060000000000002,odom_y,/odom,-0.040049515699785564,0.5
cc8b7541-2e11-4ed6-b1f7-4e32b8a02f8a,21.096,odom_y,/odom,-0.03983266478073162,0.5
cc8b7541-2e11-4ed6-b1f7-4e32b8a02f8a,21.132,odom_y,/odom,-0.03961462827248454,0.5
cc8b7541-2e11-4ed6-b1f7-4e32b8a02f8a,21.168000000000003,odom_y,/odom,-0.039391377992209396,0.5
cc8b7541-2e11-4ed6-b1f7-4e32b8a02f8a,21.204,odom_y,/odom,-0.03916901061511166,0.5
cc8b7541-2e11-4ed6-b1f7-4e32b8a02f8a,21.240000000000002,odom_y,/odom,-0.038947039846274734,0.5
cc8b7541-2e11-4ed6-b1f7-4e32b8a02f8a,21.276,odom_y,/odom,-0.03872311561195145,0.5
cc8b7541-2e11-4ed6-b1f7-4e32b8a02f8a,21.312,odom_y,/odom,-0.038500914111703255,0.5
cc8b7541-2e11-4ed6-b1f7-4e32b8a02f8a,21.348000000000003,odom_y,/odom,-0.03827862699917136,0.5
cc8b7541-2e11-4ed6-b1f7-4e32b8a02f8a,21.384,odom_y,/odom,-0.03805406840171577,0.5
cc8b7541-2e11-4ed6-b1f7-4e32b8a02f8a,21.42,odom_y,/odom,-0.037835137434905346,0.5
cc8b7541-2e11-4ed6-b1f7-4e32b8a02f8a,21.456000000000003,odom_y,/odom,-0.037619821226345336,0.5
cc8b7541-2e11-4ed6-b1f7-4e32b8a02f8a,21.492,odom_y,/odom,-0.0374060504581081,0.5
cc8b7541-2e11-4ed6-b1f7-4e32b8a02f8a,21.528000000000002,odom_y,/odom,-0.037188590210737074,0.5
cc8b7541-2e11-4ed6-b1f7-4e32b8a02f8a,21.564,odom_y,/odom,-0.03696818675079274,0.5
cc8b7541-2e11-4ed6-b1f7-4e32b8a02f8a,21.6,odom_y,/odom,-0.0367459743767099,0.5
cc8b7541-2e11-4ed6-b1f7-4e32b8a02f8a,21.636000000000003,odom_y,/odom,-0.036522141617294786,0.5
cc8b7541-2e11-4ed6-b1f7-4e32b8a02f8a,21.672,odom_y,/odom,-0.036295155594233484,0.5
cc8b7541-2e11-4ed6-b1f7-4e32b8a02f8a,21.708000000000002,odom_y,/odom,-0.03606755093361354,0.5
cc8b7541-2e11-4ed6-b1f7-4e32b8a02f8a,21.744,odom_y,/odom,-0.035840697607246855,0.5
cc8b7541-2e11-4ed6-b1f7-4e32b8a02f8a,21.78,odom_y,/odom,-0.0356153071005168,0.5
cc8b7541-2e11-4ed6-b1f7-4e32b8a02f8a,21.816000000000003,odom_y,/odom,-0.03539151231072088,0.5
cc8b7541-2e11-4ed6-b1f7-4e32b8a02f8a,21.852,odom_y,/odom,-0.03516948333939789,0.5
cc8b7541-2e11-4ed6-b1f7-4e32b8a02f8a,21.888,odom_y,/odom,-0.03495211128787551,0.5
cc8b7541-2e11-4ed6-b1f7-4e32b8a02f8a,21.924000000000003,odom_y,/odom,-0.03473433577337339,0.5
cc8b7541-2e11-4ed6-b1f7-4e32b8a02f8a,21.96,odom_y,/odom,-0.034512153105066314,0.5
cc8b7541-2e11-4ed6-b1f7-4e32b8a02f8a,21.996000000000002,odom_y,/odom,-0.034289301775141806,0.5
cc8b7541-2e11-4ed6-b1f7-4e32b8a02f8a,22.032,odom_y,/odom,-0.03406416560347328,0.5
cc8b7541-2e11-4ed6-b1f7-4e32b8a02f8a,22.068,odom_y,/odom,-0.03383995195814745,0.5
cc8b7541-2e11-4ed6-b1f7-4e32b8a02f8a,22.104000000000003,odom_y,/odom,-0.03361447048613615,0.5
cc8b7541-2e11-4ed6-b1f7-4e32b8a02f8a,22.14,odom_y,/odom,-0.033384327160853926,0.5
cc8b7541-2e11-4ed6-b1f7-4e32b8a02f8a,22.176000000000002,odom_y,/odom,-0.03315104228463521,0.5
cc8b7541-2e11-4ed6-b1f7-4e32b8a02f8a,22.212,odom_y,/odom,-0.03291087768388965,0.5
cc8b7541-2e11-4ed6-b1f7-4e32b8a02f8a,22.248,odom_y,/odom,-0.03266421540617558,0.5
cc8b7541-2e11-4ed6-b1f7-4e32b8a02f8a,22.284000000000002,odom_y,/odom,-0.03240907642996137,0.5
cc8b7541-2e11-4ed6-b1f7-4e32b8a02f8a,22.32,odom_y,/odom,-0.03215038756093773,0.5
cc8b7541-2e11-4ed6-b1f7-4e32b8a02f8a,22.356,odom_y,/odom,-0.031886086166615,0.5
cc8b7541-2e11-4ed6-b1f7-4e32b8a02f8a,22.392000000000003,odom_y,/odom,-0.031615839076069775,0.5
cc8b7541-2e11-4ed6-b1f7-4e32b8a02f8a,22.428,odom_y,/odom,-0.03133839972175711,0.5
cc8b7541-2e11-4ed6-b1f7-4e32b8a02f8a,22.464000000000002,odom_y,/odom,-0.03106550580576271,0.5
cc8b7541-2e11-4ed6-b1f7-4e32b8a02f8a,22.5,odom_y,/odom,-0.030790957203245335,0.5
cc8b7541-2e11-4ed6-b1f7-4e32b8a02f8a,22.536,odom_y,/odom,-0.03051170623449481,0.5
cc8b7541-2e11-4ed6-b1f7-4e32b8a02f8a,22.572000000000003,odom_y,/odom,-0.030230968742851555,0.5
cc8b7541-2e11-4ed6-b1f7-4e32b8a02f8a,22.608,odom_y,/odom,-0.02994575765790198,0.5
cc8b7541-2e11-4ed6-b1f7-4e32b8a02f8a,22.644000000000002,odom_y,/odom,-0.029657394663296595,0.5
cc8b7541-2e11-4ed6-b1f7-4e32b8a02f8a,22.68,odom_y,/odom,-0.029369677616435906,0.5
cc8b7541-2e11-4ed6-b1f7-4e32b8a02f8a,22.716,odom_y,/odom,-0.029080932422020787,0.5
cc8b7541-2e11-4ed6-b1f7-4e32b8a02f8a,22.752000000000002,odom_y,/odom,-0.02878990701940042,0.5
cc8b7541-2e11-4ed6-b1f7-4e32b8a02f8a,22.788,odom_y,/odom,-0.028494890543689807,0.5
cc8b7541-2e11-4ed6-b1f7-4e32b8a02f8a,22.824,odom_y,/odom,-0.028190980030742174,0.5
cc8b7541-2e11-4ed6-b1f7-4e32b8a02f8a,22.860000000000003,odom_y,/odom,-0.02788688689527856,0.5
cc8b7541-2e11-4ed6-b1f7-4e32b8a02f8a,22.896,odom_y,/odom,-0.02757996635780474,0.5
cc8b7541-2e11-4ed6-b1f7-4e32b8a02f8a,22.932000000000002,odom_y,/odom,-0.027267077560412942,0.5
cc8b7541-2e11-4ed6-b1f7-4e32b8a02f8a,22.968,odom_y,/odom,-0.026957070166369557,0.5
cc8b7541-2e11-4ed6-b1f7-4e32b8a02f8a,23.004,odom_y,/odom,-0.026646656781670417,0.5
cc8b7541-2e11-4ed6-b1f7-4e32b8a02f8a,23.040000000000003,odom_y,/odom,-0.026336186354594896,0.5
cc8b7541-2e11-4ed6-b1f7-4e32b8a02f8a,23.076,odom_y,/odom,-0.026025735657542064,0.5
cc8b7541-2e11-4ed6-b1f7-4e32b8a02f8a,23.112000000000002,odom_y,/odom,-0.02571719469273841,0.5
cc8b7541-2e11-4ed6-b1f7-4e32b8a02f8a,23.148,odom_y,/odom,-0.025408347783349043,0.5
cc8b7541-2e11-4ed6-b1f7-4e32b8a02f8a,23.184,odom_y,/odom,-0.025098895673437063,0.5
cc8b7541-2e11-4ed6-b1f7-4e32b8a02f8a,23.220000000000002,odom_y,/odom,-0.024790739668607266,0.5
cc8b7541-2e11-4ed6-b1f7-4e32b8a02f8a,23.256,odom_y,/odom,-0.024483242486179262,0.5
cc8b7541-2e11-4ed6-b1f7-4e32b8a02f8a,23.292,odom_y,/odom,-0.02417575122359397,0.5
cc8b7541-2e11-4ed6-b1f7-4e32b8a02f8a,23.328000000000003,odom_y,/odom,-0.02386501289280892,0.5
cc8b7541-2e11-4ed6-b1f7-4e32b8a02f8a,23.364,odom_y,/odom,-0.02355560563894825,0.5
cc8b7541-2e11-4ed6-b1f7-4e32b8a02f8a,23.400000000000002,odom_y,/odom,-0.02324703475167683,0.5
cc8b7541-2e11-4ed6-b1f7-4e32b8a02f8a,23.436,odom_y,/odom,-0.022940805419178686,0.5
cc8b7541-2e11-4ed6-b1f7-4e32b8a02f8a,23.472,odom_y,/odom,-0.0226392668171519,0.5
cc8b7541-2e11-4ed6-b1f7-4e32b8a02f8a,23.511000000000003,odom_y,/odom,-0.022344821038549456,0.5
cc8b7541-2e11-4ed6-b1f7-4e32b8a02f8a,23.544,odom_y,/odom,-0.022051699286354844,0.5
cc8b7541-2e11-4ed6-b1f7-4e32b8a02f8a,23.580000000000002,odom_y,/odom,-0.021762921022003674,0.5
cc8b7541-2e11-4ed6-b1f7-4e32b8a02f8a,23.616000000000003,odom_y,/odom,-0.021475196134568383,0.5
cc8b7541-2e11-4ed6-b1f7-4e32b8a02f8a,23.652,odom_y,/odom,-0.02118679371279399,0.5
cc8b7541-2e11-4ed6-b1f7-4e32b8a02f8a,23.688000000000002,odom_y,/odom,-0.020899223668911282,0.5
cc8b7541-2e11-4ed6-b1f7-4e32b8a02f8a,23.724,odom_y,/odom,-0.020609282741557232,0.5
cc8b7541-2e11-4ed6-b1f7-4e32b8a02f8a,23.76,odom_y,/odom,-0.02031631265614475,0.5
cc8b7541-2e11-4ed6-b1f7-4e32b8a02f8a,23.796000000000003,odom_y,/odom,-0.020023533358816535,0.5
cc8b7541-2e11-4ed6-b1f7-4e32b8a02f8a,23.832,odom_y,/odom,-0.019735500990211177,0.5
cc8b7541-2e11-4ed6-b1f7-4e32b8a02f8a,23.868000000000002,odom_y,/odom,-0.01944924990434468,0.5
cc8b7541-2e11-4ed6-b1f7-4e32b8a02f8a,23.904,odom_y,/odom,-0.019172042523762995,0.5
cc8b7541-2e11-4ed6-b1f7-4e32b8a02f8a,23.94,odom_y,/odom,-0.018897791035037536,0.5
cc8b7541-2e11-4ed6-b1f7-4e32b8a02f8a,23.976000000000003,odom_y,/odom,-0.018625961357975864,0.5
cc8b7541-2e11-4ed6-b1f7-4e32b8a02f8a,24.012,odom_y,/odom,-0.0183552707193717,0.5
cc8b7541-2e11-4ed6-b1f7-4e32b8a02f8a,24.048000000000002,odom_y,/odom,-0.018086183267262055,0.5
cc8b7541-2e11-4ed6-b1f7-4e32b8a02f8a,24.084000000000003,odom_y,/odom,-0.017818113136234534,0.5
cc8b7541-2e11-4ed6-b1f7-4e32b8a02f8a,24.12,odom_y,/odom,-0.017547820034217808,0.5
cc8b7541-2e11-4ed6-b1f7-4e32b8a02f8a,24.156000000000002,odom_y,/odom,-0.01727317973169039,0.5
cc8b7541-2e11-4ed6-b1f7-4e32b8a02f8a,24.192,odom_y,/odom,-0.016995019291095318,0.5
cc8b7541-2e11-4ed6-b1f7-4e32b8a02f8a,24.228,odom_y,/odom,-0.01671060380622371,0.5
cc8b7541-2e11-4ed6-b1f7-4e32b8a02f8a,24.264000000000003,odom_y,/odom,-0.016427748690030514,0.5
cc8b7541-2e11-4ed6-b1f7-4e32b8a02f8a,24.3,odom_y,/odom,-0.016144045815776272,0.5
cc8b7541-2e11-4ed6-b1f7-4e32b8a02f8a,24.336000000000002,odom_y,/odom,-0.01586181410284985,0.5
cc8b7541-2e11-4ed6-b1f7-4e32b8a02f8a,24.372,odom_y,/odom,-0.015585131643684838,0.5
cc8b7541-2e11-4ed6-b1f7-4e32b8a02f8a,24.411,odom_y,/odom,-0.015308745177020152,0.5
cc8b7541-2e11-4ed6-b1f7-4e32b8a02f8a,24.444000000000003,odom_y,/odom,-0.015032872503690243,0.5
cc8b7541-2e11-4ed6-b1f7-4e32b8a02f8a,24.48,odom_y,/odom,-0.014757596250761236,0.5
cc8b7541-2e11-4ed6-b1f7-4e32b8a02f8a,24.516000000000002,odom_y,/odom,-0.014489179297562904,0.5
cc8b7541-2e11-4ed6-b1f7-4e32b8a02f8a,24.552000000000003,odom_y,/odom,-0.014230861027782272,0.5
cc8b7541-2e11-4ed6-b1f7-4e32b8a02f8a,24.588,odom_y,/odom,-0.0139797723894341,0.5
cc8b7541-2e11-4ed6-b1f7-4e32b8a02f8a,24.624000000000002,odom_y,/odom,-0.01374373061780017,0.5
cc8b7541-2e11-4ed6-b1f7-4e32b8a02f8a,24.66,odom_y,/odom,-0.013520833791619172,0.5
cc8b7541-2e11-4ed6-b1f7-4e32b8a02f8a,24.696,odom_y,/odom,-0.013308772404215989,0.5
cc8b7541-2e11-4ed6-b1f7-4e32b8a02f8a,24.732000000000003,odom_y,/odom,-0.013107525799348567,0.5
cc8b7541-2e11-4ed6-b1f7-4e32b8a02f8a,24.768,odom_y,/odom,-0.012912433993616211,0.5
cc8b7541-2e11-4ed6-b1f7-4e32b8a02f8a,24.804000000000002,odom_y,/odom,-0.012722077529678423,0.5
cc8b7541-2e11-4ed6-b1f7-4e32b8a02f8a,24.84,odom_y,/odom,-0.01253844704589764,0.5
cc8b7541-2e11-4ed6-b1f7-4e32b8a02f8a,24.876,odom_y,/odom,-0.012361564107445003,0.5
cc8b7541-2e11-4ed6-b1f7-4e32b8a02f8a,24.912000000000003,odom_y,/odom,-0.012192895350919993,0.5
cc8b7541-2e11-4ed6-b1f7-4e32b8a02f8a,24.948,odom_y,/odom,-0.012031436342423115,0.5
cc8b7541-2e11-4ed6-b1f7-4e32b8a02f8a,24.984,odom_y,/odom,-0.011878316157856783,0.5
cc8b7541-2e11-4ed6-b1f7-4e32b8a02f8a,25.020000000000003,odom_y,/odom,-0.01173195055458112,0.5
cc8b7541-2e11-4ed6-b1f7-4e32b8a02f8a,25.056,odom_y,/odom,-0.011593311860516637,0.5
cc8b7541-2e11-4ed6-b1f7-4e32b8a02f8a,25.092000000000002,odom_y,/odom,-0.01146131562235886,0.5
cc8b7541-2e11-4ed6-b1f7-4e32b8a02f8a,25.128,odom_y,/odom,-0.011333805834573257,0.5
cc8b7541-2e11-4ed6-b1f7-4e32b8a02f8a,25.164,odom_y,/odom,-0.011217114791025802,0.5
cc8b7541-2e11-4ed6-b1f7-4e32b8a02f8a,25.200000000000003,odom_y,/odom,-0.011105800998124995,0.5
cc8b7541-2e11-4ed6-b1f7-4e32b8a02f8a,25.236,odom_y,/odom,-0.010999091167056278,0.5
cc8b7541-2e11-4ed6-b1f7-4e32b8a02f8a,25.272000000000002,odom_y,/odom,-0.010898016991995878,0.5
cc8b7541-2e11-4ed6-b1f7-4e32b8a02f8a,25.308,odom_y,/odom,-0.010799507054616655,0.5
cc8b7541-2e11-4ed6-b1f7-4e32b8a02f8a,25.344,odom_y,/odom,-0.010704239125366794,0.5
cc8b7541-2e11-4ed6-b1f7-4e32b8a02f8a,25.380000000000003,odom_y,/odom,-0.010614085272609163,0.5
cc8b7541-2e11-4ed6-b1f7-4e32b8a02f8a,25.416,odom_y,/odom,-0.01052943268683901,0.5
cc8b7541-2e11-4ed6-b1f7-4e32b8a02f8a,25.452,odom_y,/odom,-0.010450004893434159,0.5
cc8b7541-2e11-4ed6-b1f7-4e32b8a02f8a,25.488000000000003,odom_y,/odom,-0.010376577003518198,0.5
cc8b7541-2e11-4ed6-b1f7-4e32b8a02f8a,25.524,odom_y,/odom,-0.010309256885128818,0.5
cc8b7541-2e11-4ed6-b1f7-4e32b8a02f8a,25.560000000000002,odom_y,/odom,-0.010246082730874354,0.5
cc8b7541-2e11-4ed6-b1f7-4e32b8a02f8a,25.596,odom_y,/odom,-0.010187165519070325,0.5
cc8b7541-2e11-4ed6-b1f7-4e32b8a02f8a,25.632,odom_y,/odom,-0.010132387946811653,0.5
cc8b7541-2e11-4ed6-b1f7-4e32b8a02f8a,25.668000000000003,odom_y,/odom,-0.01007906088854441,0.5
cc8b7541-2e11-4ed6-b1f7-4e32b8a02f8a,25.704,odom_y,/odom,-0.010027532668046532,0.5
cc8b7541-2e11-4ed6-b1f7-4e32b8a02f8a,25.740000000000002,odom_y,/odom,-0.009979128517000826,0.5
cc8b7541-2e11-4ed6-b1f7-4e32b8a02f8a,25.776000000000003,odom_y,/odom,-0.009934622982478014,0.5
cc8b7541-2e11-4ed6-b1f7-4e32b8a02f8a,25.812,odom_y,/odom,-0.00989553195556677,0.5
cc8b7541-2e11-4ed6-b1f7-4e32b8a02f8a,25.848000000000003,odom_y,/odom,-0.009860325659378172,0.5
cc8b7541-2e11-4ed6-b1f7-4e32b8a02f8a,25.884,odom_y,/odom,-0.009828264380184882,0.5
cc8b7541-2e11-4ed6-b1f7-4e32b8a02f8a,25.92,odom_y,/odom,-0.009800021993075201,0.5
cc8b7541-2e11-4ed6-b1f7-4e32b8a02f8a,25.956000000000003,odom_y,/odom,-0.009775233624851581,0.5
cc8b7541-2e11-4ed6-b1f7-4e32b8a02f8a,25.992,odom_y,/odom,-0.009753955699169708,0.5
cc8b7541-2e11-4ed6-b1f7-4e32b8a02f8a,26.028000000000002,odom_y,/odom,-0.009736195125550842,0.5
cc8b7541-2e11-4ed6-b1f7-4e32b8a02f8a,26.064,odom_y,/odom,-0.009722059584170117,0.5
cc8b7541-2e11-4ed6-b1f7-4e32b8a02f8a,26.1,odom_y,/odom,-0.009711884845347544,0.5
cc8b7541-2e11-4ed6-b1f7-4e32b8a02f8a,26.136000000000003,odom_y,/odom,-0.009705918098499125,0.5
cc8b7541-2e11-4ed6-b1f7-4e32b8a02f8a,26.172,odom_y,/odom,-0.009705618376085788,0.5
cc8b7541-2e11-4ed6-b1f7-4e32b8a02f8a,26.208000000000002,odom_y,/odom,-0.009712067346510004,0.5
cc8b7541-2e11-4ed6-b1f7-4e32b8a02f8a,26.244000000000003,odom_y,/odom,-0.009725897516338866,0.5
cc8b7541-2e11-4ed6-b1f7-4e32b8a02f8a,26.28,odom_y,/odom,-0.009746685743877824,0.5
cc8b7541-2e11-4ed6-b1f7-4e32b8a02f8a,26.316000000000003,odom_y,/odom,-0.009772920127503826,0.5
cc8b7541-2e11-4ed6-b1f7-4e32b8a02f8a,26.352,odom_y,/odom,-0.009804755342823455,0.5
cc8b7541-2e11-4ed6-b1f7-4e32b8a02f8a,26.388,odom_y,/odom,-0.009841716578670402,0.5
cc8b7541-2e11-4ed6-b1f7-4e32b8a02f8a,26.424000000000003,odom_y,/odom,-0.00988428354946303,0.5
cc8b7541-2e11-4ed6-b1f7-4e32b8a02f8a,26.46,odom_y,/odom,-0.009933210009496032,0.5
cc8b7541-2e11-4ed6-b1f7-4e32b8a02f8a,26.496000000000002,odom_y,/odom,-0.009988032903298496,0.5
cc8b7541-2e11-4ed6-b1f7-4e32b8a02f8a,26.532,odom_y,/odom,-0.010048556962989718,0.5
cc8b7541-2e11-4ed6-b1f7-4e32b8a02f8a,26.568,odom_y,/odom,-0.010114016166464549,0.5
cc8b7541-2e11-4ed6-b1f7-4e32b8a02f8a,26.604000000000003,odom_y,/odom,-0.010181917553561431,0.5
cc8b7541-2e11-4ed6-b1f7-4e32b8a02f8a,26.64,odom_y,/odom,-0.010253793106069076,0.5
cc8b7541-2e11-4ed6-b1f7-4e32b8a02f8a,26.676000000000002,odom_y,/odom,-0.010328906882099469,0.5
cc8b7541-2e11-4ed6-b1f7-4e32b8a02f8a,26.712000000000003,odom_y,/odom,-0.01040777515060961,0.5
cc8b7541-2e11-4ed6-b1f7-4e32b8a02f8a,26.748,odom_y,/odom,-0.010490662532186095,0.5
cc8b7541-2e11-4ed6-b1f7-4e32b8a02f8a,26.784000000000002,odom_y,/odom,-0.01057779119879352,0.5
cc8b7541-2e11-4ed6-b1f7-4e32b8a02f8a,26.82,odom_y,/odom,-0.010667671863789748,0.5
cc8b7541-2e11-4ed6-b1f7-4e32b8a02f8a,26.856,odom_y,/odom,-0.010761002168123746,0.5
cc8b7541-2e11-4ed6-b1f7-4e32b8a02f8a,26.892000000000003,odom_y,/odom,-0.010852922907289316,0.5
cc8b7541-2e11-4ed6-b1f7-4e32b8a02f8a,26.928,odom_y,/odom,-0.010942135088879687,0.5
cc8b7541-2e11-4ed6-b1f7-4e32b8a02f8a,26.964000000000002,odom_y,/odom,-0.011025230331030401,0.5
cc8b7541-2e11-4ed6-b1f7-4e32b8a02f8a,27.0,odom_y,/odom,-0.011101305609301757,0.5
cc8b7541-2e11-4ed6-b1f7-4e32b8a02f8a,27.036,odom_y,/odom,-0.011169636859568755,0.5
cc8b7541-2e11-4ed6-b1f7-4e32b8a02f8a,27.072000000000003,odom_y,/odom,-0.0112309038053164,0.5
cc8b7541-2e11-4ed6-b1f7-4e32b8a02f8a,27.111,odom_y,/odom,-0.011284447831170235,0.5
cc8b7541-2e11-4ed6-b1f7-4e32b8a02f8a,27.144000000000002,odom_y,/odom,-0.011330917781337683,0.5
cc8b7541-2e11-4ed6-b1f7-4e32b8a02f8a,27.180000000000003,odom_y,/odom,-0.011371147326737613,0.5
cc8b7541-2e11-4ed6-b1f7-4e32b8a02f8a,27.216,odom_y,/odom,-0.011405447059667716,0.5
cc8b7541-2e11-4ed6-b1f7-4e32b8a02f8a,27.252000000000002,odom_y,/odom,-0.011434010678776653,0.5
cc8b7541-2e11-4ed6-b1f7-4e32b8a02f8a,27.288,odom_y,/odom,-0.011457045388718723,0.5
cc8b7541-2e11-4ed6-b1f7-4e32b8a02f8a,27.324,odom_y,/odom,-0.011474245085300216,0.5
cc8b7541-2e11-4ed6-b1f7-4e32b8a02f8a,27.360000000000003,odom_y,/odom,-0.01148580061804644,0.5
cc8b7541-2e11-4ed6-b1f7-4e32b8a02f8a,27.396,odom_y,/odom,-0.011491530822720503,0.5
cc8b7541-2e11-4ed6-b1f7-4e32b8a02f8a,27.432000000000002,odom_y,/odom,-0.011491541358195217,0.5
cc8b7541-2e11-4ed6-b1f7-4e32b8a02f8a,27.468,odom_y,/odom,-0.011486267491111991,0.5
cc8b7541-2e11-4ed6-b1f7-4e32b8a02f8a,27.504,odom_y,/odom,-0.01147642660712955,0.5
cc8b7541-2e11-4ed6-b1f7-4e32b8a02f8a,27.540000000000003,odom_y,/odom,-0.011462418689361048,0.5
cc8b7541-2e11-4ed6-b1f7-4e32b8a02f8a,27.576,odom_y,/odom,-0.011444120085884723,0.5
cc8b7541-2e11-4ed6-b1f7-4e32b8a02f8a,27.612000000000002,odom_y,/odom,-0.01142171385662876,0.5
cc8b7541-2e11-4ed6-b1f7-4e32b8a02f8a,27.648000000000003,odom_y,/odom,-0.01139480423212458,0.5
cc8b7541-2e11-4ed6-b1f7-4e32b8a02f8a,27.684,odom_y,/odom,-0.011363906969618892,0.5
cc8b7541-2e11-4ed6-b1f7-4e32b8a02f8a,27.720000000000002,odom_y,/odom,-0.011329238837959879,0.5
cc8b7541-2e11-4ed6-b1f7-4e32b8a02f8a,27.756,odom_y,/odom,-0.011289728340062772,0.5
cc8b7541-2e11-4ed6-b1f7-4e32b8a02f8a,27.792,odom_y,/odom,-0.011245287474356382,0.5
cc8b7541-2e11-4ed6-b1f7-4e32b8a02f8a,27.828000000000003,odom_y,/odom,-0.0111970538654568,0.5
cc8b7541-2e11-4ed6-b1f7-4e32b8a02f8a,27.864,odom_y,/odom,-0.011145915598538787,0.5
cc8b7541-2e11-4ed6-b1f7-4e32b8a02f8a,27.900000000000002,odom_y,/odom,-0.011091142214211171,0.5
cc8b7541-2e11-4ed6-b1f7-4e32b8a02f8a,27.936000000000003,odom_y,/odom,-0.011033482239670968,0.5
cc8b7541-2e11-4ed6-b1f7-4e32b8a02f8a,27.972,odom_y,/odom,-0.010971192596367295,0.5
cc8b7541-2e11-4ed6-b1f7-4e32b8a02f8a,28.008000000000003,odom_y,/odom,-0.01090719140585935,0.5
cc8b7541-2e11-4ed6-b1f7-4e32b8a02f8a,28.044,odom_y,/odom,-0.010840921969273927,0.5
cc8b7541-2e11-4ed6-b1f7-4e32b8a02f8a,28.080000000000002,odom_y,/odom,-0.010771794779131224,0.5
cc8b7541-2e11-4ed6-b1f7-4e32b8a02f8a,28.116000000000003,odom_y,/odom,-0.010701040866963978,0.5
cc8b7541-2e11-4ed6-b1f7-4e32b8a02f8a,28.152,odom_y,/odom,-0.010628523378796849,0.5
cc8b7541-2e11-4ed6-b1f7-4e32b8a02f8a,28.188000000000002,odom_y,/odom,-0.010556263799964355,0.5
cc8b7541-2e11-4ed6-b1f7-4e32b8a02f8a,28.224,odom_y,/odom,-0.010482789216300978,0.5
cc8b7541-2e11-4ed6-b1f7-4e32b8a02f8a,28.26,odom_y,/odom,-0.010408843601804968,0.5
cc8b7541-2e11-4ed6-b1f7-4e32b8a02f8a,28.296000000000003,odom_y,/odom,-0.010334210221075339,0.5
cc8b7541-2e11-4ed6-b1f7-4e32b8a02f8a,28.332,odom_y,/odom,-0.01025829938993834,0.5
cc8b7541-2e11-4ed6-b1f7-4e32b8a02f8a,28.368000000000002,odom_y,/odom,-0.010185011816062023,0.5
cc8b7541-2e11-4ed6-b1f7-4e32b8a02f8a,28.404000000000003,odom_y,/odom,-0.010113006156512202,0.5
cc8b7541-2e11-4ed6-b1f7-4e32b8a02f8a,28.44,odom_y,/odom,-0.010040499487080084,0.5
cc8b7541-2e11-4ed6-b1f7-4e32b8a02f8a,28.476000000000003,odom_y,/odom,-0.009965873828719272,0.5
cc8b7541-2e11-4ed6-b1f7-4e32b8a02f8a,28.512,odom_y,/odom,-0.009887125828272779,0.5
cc8b7541-2e11-4ed6-b1f7-4e32b8a02f8a,28.548000000000002,odom_y,/odom,-0.009806847873674843,0.5
cc8b7541-2e11-4ed6-b1f7-4e32b8a02f8a,28.584000000000003,odom_y,/odom,-0.009726374445687426,0.5
cc8b7541-2e11-4ed6-b1f7-4e32b8a02f8a,28.62,odom_y,/odom,-0.009643368101331479,0.5
cc8b7541-2e11-4ed6-b1f7-4e32b8a02f8a,28.656000000000002,odom_y,/odom,-0.009558099402559458,0.5
cc8b7541-2e11-4ed6-b1f7-4e32b8a02f8a,28.692,odom_y,/odom,-0.00947105122763347,0.5
cc8b7541-2e11-4ed6-b1f7-4e32b8a02f8a,28.728,odom_y,/odom,-0.009383640416785188,0.5
cc8b7541-2e11-4ed6-b1f7-4e32b8a02f8a,28.764000000000003,odom_y,/odom,-0.009297515957600052,0.5
cc8b7541-2e11-4ed6-b1f7-4e32b8a02f8a,28.8,odom_y,/odom,-0.00920969851388702,0.5
cc8b7541-2e11-4ed6-b1f7-4e32b8a02f8a,28.836000000000002,odom_y,/odom,-0.009120429321492329,0.5
cc8b7541-2e11-4ed6-b1f7-4e32b8a02f8a,28.872000000000003,odom_y,/odom,-0.00903428241577261,0.5
cc8b7541-2e11-4ed6-b1f7-4e32b8a02f8a,28.908,odom_y,/odom,-0.00894543478243463,0.5
cc8b7541-2e11-4ed6-b1f7-4e32b8a02f8a,28.944000000000003,odom_y,/odom,-0.00885436105808985,0.5
cc8b7541-2e11-4ed6-b1f7-4e32b8a02f8a,28.98,odom_y,/odom,-0.008764006092792374,0.5
cc8b7541-2e11-4ed6-b1f7-4e32b8a02f8a,29.016000000000002,odom_y,/odom,-0.008682884337317733,0.5
cc8b7541-2e11-4ed6-b1f7-4e32b8a02f8a,29.052000000000003,odom_y,/odom,-0.008637576068648074,0.5
cc8b7541-2e11-4ed6-b1f7-4e32b8a02f8a,29.088,odom_y,/odom,-0.00862814232245288,0.5
cc8b7541-2e11-4ed6-b1f7-4e32b8a02f8a,29.124000000000002,odom_y,/odom,-0.00862814232245288,0.5
cc8b7541-2e11-4ed6-b1f7-4e32b8a02f8a,29.16,odom_y,/odom,-0.00862814232245288,0.5
cc8b7541-2e11-4ed6-b1f7-4e32b8a02f8a,29.196,odom_y,/odom,-0.00862814232245288,0.5
cc8b7541-2e11-4ed6-b1f7-4e32b8a02f8a,29.232000000000003,odom_y,/odom,-0.00862814232245288,0.5
cc8b7541-2e11-4ed6-b1f7-4e32b8a02f8a,29.268,odom_y,/odom,-0.00862814232245288,0.5
cc8b7541-2e11-4ed6-b1f7-4e32b8a02f8a,29.304000000000002,odom_y,/odom,-0.00862814232245288,0.5
cc8b7541-2e11-4ed6-b1f7-4e32b8a02f8a,29.340000000000003,odom_y,/odom,-0.00862814232245288,0.5
cc8b7541-2e11-4ed6-b1f7-4e32b8a02f8a,29.376,odom_y,/odom,-0.00862814232245288,0.5
cc8b7541-2e11-4ed6-b1f7-4e32b8a02f8a,29.412000000000003,odom_y,/odom,-0.00862814232245288,0.5
cc8b7541-2e11-4ed6-b1f7-4e32b8a02f8a,29.448,odom_y,/odom,-0.00862814232245288,0.5
cc8b7541-2e11-4ed6-b1f7-4e32b8a02f8a,29.484,odom_y,/odom,-0.00862814232245288,0.5
cc8b7541-2e11-4ed6-b1f7-4e32b8a02f8a,29.520000000000003,odom_y,/odom,-0.00862814232245288,0.5
cc8b7541-2e11-4ed6-b1f7-4e32b8a02f8a,29.556,odom_y,/odom,-0.00862814232245288,0.5
cc8b7541-2e11-4ed6-b1f7-4e32b8a02f8a,29.592000000000002,odom_y,/odom,-0.00862814232245288,0.5
cc8b7541-2e11-4ed6-b1f7-4e32b8a02f8a,29.628,odom_y,/odom,-0.00862814232245288,0.5
cc8b7541-2e11-4ed6-b1f7-4e32b8a02f8a,29.664,odom_y,/odom,-0.00862814232245288,0.5
cc8b7541-2e11-4ed6-b1f7-4e32b8a02f8a,9.039,pose_covariance_trace,/amcl_pose,1.0946799022804343e-13,2.0
cc8b7541-2e11-4ed6-b1f7-4e32b8a02f8a,12.714,pose_covariance_trace,/amcl_pose,0.028848378844229274,2.0
cc8b7541-2e11-4ed6-b1f7-4e32b8a02f8a,14.328000000000001,pose_covariance_trace,/amcl_pose,0.05557887850994025,2.0
cc8b7541-2e11-4ed6-b1f7-4e32b8a02f8a,15.732000000000001,pose_covariance_trace,/amcl_pose,0.07251644650792438,2.0
cc8b7541-2e11-4ed6-b1f7-4e32b8a02f8a,15.81,pose_covariance_trace,/amcl_pose,0.05568263456922057,2.0
cc8b7541-2e11-4ed6-b1f7-4e32b8a02f8a,17.316000000000003,pose_covariance_trace,/amcl_pose,0.07839403302099547,2.0
cc8b7541-2e11-4ed6-b1f7-4e32b8a02f8a,19.011000000000003,pose_covariance_trace,/amcl_pose,0.08582205772093413,2.0
cc8b7541-2e11-4ed6-b1f7-4e32b8a02f8a,20.628,pose_covariance_trace,/amcl_pose,0.10863957905803008,2.0
cc8b7541-2e11-4ed6-b1f7-4e32b8a02f8a,22.032,pose_covariance_trace,/amcl_pose,0.13159624935470793,2.0
cc8b7541-2e11-4ed6-b1f7-4e32b8a02f8a,23.412000000000003,pose_covariance_trace,/amcl_pose,0.13498785645390965,2.0
cc8b7541-2e11-4ed6-b1f7-4e32b8a02f8a,25.020000000000003,pose_covariance_trace,/amcl_pose,0.14895774233660738,2.0
cc8b7541-2e11-4ed6-b1f7-4e32b8a02f8a,26.928,pose_covariance_trace,/amcl_pose,0.1707004984041472,2.0
cc8b7541-2e11-4ed6-b1f7-4e32b8a02f8a,9.111,valid_return_fraction,/scan,1.0,0.5
cc8b7541-2e11-4ed6-b1f7-4e32b8a02f8a,9.207,valid_return_fraction,/scan,1.0,0.5
cc8b7541-2e11-4ed6-b1f7-4e32b8a02f8a,9.306000000000001,valid_return_fraction,/scan,1.0,0.5
cc8b7541-2e11-4ed6-b1f7-4e32b8a02f8a,9.411000000000001,valid_return_fraction,/scan,1.0,0.5
cc8b7541-2e11-4ed6-b1f7-4e32b8a02f8a,9.51,valid_return_fraction,/scan,1.0,0.5
cc8b7541-2e11-4ed6-b1f7-4e32b8a02f8a,9.609,valid_return_fraction,/scan,1.0,0.5
cc8b7541-2e11-4ed6-b1f7-4e32b8a02f8a,9.708,valid_return_fraction,/scan,1.0,0.5
cc8b7541-2e11-4ed6-b1f7-4e32b8a02f8a,9.81,valid_return_fraction,/scan,1.0,0.5
cc8b7541-2e11-4ed6-b1f7-4e32b8a02f8a,9.909,valid_return_fraction,/scan,1.0,0.5
cc8b7541-2e11-4ed6-b1f7-4e32b8a02f8a,10.008000000000001,valid_return_fraction,/scan,1.0,0.5
cc8b7541-2e11-4ed6-b1f7-4e32b8a02f8a,10.110000000000001,valid_return_fraction,/scan,1.0,0.5
cc8b7541-2e11-4ed6-b1f7-4e32b8a02f8a,10.209000000000001,valid_return_fraction,/scan,1.0,0.5
cc8b7541-2e11-4ed6-b1f7-4e32b8a02f8a,10.311,valid_return_fraction,/scan,1.0,0.5
cc8b7541-2e11-4ed6-b1f7-4e32b8a02f8a,10.407,valid_return_fraction,/scan,1.0,0.5
cc8b7541-2e11-4ed6-b1f7-4e32b8a02f8a,10.509,valid_return_fraction,/scan,1.0,0.5
cc8b7541-2e11-4ed6-b1f7-4e32b8a02f8a,10.611,valid_return_fraction,/scan,1.0,0.5
cc8b7541-2e11-4ed6-b1f7-4e32b8a02f8a,10.71,valid_return_fraction,/scan,1.0,0.5
cc8b7541-2e11-4ed6-b1f7-4e32b8a02f8a,10.806000000000001,valid_return_fraction,/scan,1.0,0.5
cc8b7541-2e11-4ed6-b1f7-4e32b8a02f8a,10.911000000000001,valid_return_fraction,/scan,1.0,0.5
cc8b7541-2e11-4ed6-b1f7-4e32b8a02f8a,11.007000000000001,valid_return_fraction,/scan,1.0,0.5
cc8b7541-2e11-4ed6-b1f7-4e32b8a02f8a,11.106,valid_return_fraction,/scan,1.0,0.5
cc8b7541-2e11-4ed6-b1f7-4e32b8a02f8a,11.211,valid_return_fraction,/scan,1.0,0.5
cc8b7541-2e11-4ed6-b1f7-4e32b8a02f8a,11.31,valid_return_fraction,/scan,1.0,0.5
cc8b7541-2e11-4ed6-b1f7-4e32b8a02f8a,11.409,valid_return_fraction,/scan,1.0,0.5
cc8b7541-2e11-4ed6-b1f7-4e32b8a02f8a,11.511000000000001,valid_return_fraction,/scan,1.0,0.5
cc8b7541-2e11-4ed6-b1f7-4e32b8a02f8a,11.610000000000001,valid_return_fraction,/scan,1.0,0.5
cc8b7541-2e11-4ed6-b1f7-4e32b8a02f8a,11.709000000000001,valid_return_fraction,/scan,1.0,0.5
cc8b7541-2e11-4ed6-b1f7-4e32b8a02f8a,11.811,valid_return_fraction,/scan,1.0,0.5
cc8b7541-2e11-4ed6-b1f7-4e32b8a02f8a,11.907,valid_return_fraction,/scan,1.0,0.5
cc8b7541-2e11-4ed6-b1f7-4e32b8a02f8a,12.009,valid_return_fraction,/scan,1.0,0.5
cc8b7541-2e11-4ed6-b1f7-4e32b8a02f8a,12.108,valid_return_fraction,/scan,1.0,0.5
cc8b7541-2e11-4ed6-b1f7-4e32b8a02f8a,12.21,valid_return_fraction,/scan,1.0,0.5
cc8b7541-2e11-4ed6-b1f7-4e32b8a02f8a,12.306000000000001,valid_return_fraction,/scan,1.0,0.5
cc8b7541-2e11-4ed6-b1f7-4e32b8a02f8a,12.411000000000001,valid_return_fraction,/scan,1.0,0.5
cc8b7541-2e11-4ed6-b1f7-4e32b8a02f8a,12.507000000000001,valid_return_fraction,/scan,1.0,0.5
cc8b7541-2e11-4ed6-b1f7-4e32b8a02f8a,12.609,valid_return_fraction,/scan,1.0,0.5
cc8b7541-2e11-4ed6-b1f7-4e32b8a02f8a,12.711,valid_return_fraction,/scan,1.0,0.5
cc8b7541-2e11-4ed6-b1f7-4e32b8a02f8a,12.81,valid_return_fraction,/scan,1.0,0.5
cc8b7541-2e11-4ed6-b1f7-4e32b8a02f8a,12.909,valid_return_fraction,/scan,1.0,0.5
cc8b7541-2e11-4ed6-b1f7-4e32b8a02f8a,13.011000000000001,valid_return_fraction,/scan,1.0,0.5
cc8b7541-2e11-4ed6-b1f7-4e32b8a02f8a,13.107000000000001,valid_return_fraction,/scan,1.0,0.5
cc8b7541-2e11-4ed6-b1f7-4e32b8a02f8a,13.212000000000002,valid_return_fraction,/scan,1.0,0.5
cc8b7541-2e11-4ed6-b1f7-4e32b8a02f8a,13.311,valid_return_fraction,/scan,1.0,0.5
cc8b7541-2e11-4ed6-b1f7-4e32b8a02f8a,13.41,valid_return_fraction,/scan,1.0,0.5
cc8b7541-2e11-4ed6-b1f7-4e32b8a02f8a,13.509,valid_return_fraction,/scan,1.0,0.5
cc8b7541-2e11-4ed6-b1f7-4e32b8a02f8a,13.611,valid_return_fraction,/scan,1.0,0.5
cc8b7541-2e11-4ed6-b1f7-4e32b8a02f8a,13.71,valid_return_fraction,/scan,1.0,0.5
cc8b7541-2e11-4ed6-b1f7-4e32b8a02f8a,13.809000000000001,valid_return_fraction,/scan,1.0,0.5
cc8b7541-2e11-4ed6-b1f7-4e32b8a02f8a,13.908000000000001,valid_return_fraction,/scan,1.0,0.5
cc8b7541-2e11-4ed6-b1f7-4e32b8a02f8a,14.010000000000002,valid_return_fraction,/scan,1.0,0.5
cc8b7541-2e11-4ed6-b1f7-4e32b8a02f8a,14.109000000000002,valid_return_fraction,/scan,1.0,0.5
cc8b7541-2e11-4ed6-b1f7-4e32b8a02f8a,14.211,valid_return_fraction,/scan,1.0,0.5
cc8b7541-2e11-4ed6-b1f7-4e32b8a02f8a,14.307,valid_return_fraction,/scan,1.0,0.5
cc8b7541-2e11-4ed6-b1f7-4e32b8a02f8a,14.409,valid_return_fraction,/scan,1.0,0.5
cc8b7541-2e11-4ed6-b1f7-4e32b8a02f8a,14.511000000000001,valid_return_fraction,/scan,1.0,0.5
cc8b7541-2e11-4ed6-b1f7-4e32b8a02f8a,14.610000000000001,valid_return_fraction,/scan,1.0,0.5
cc8b7541-2e11-4ed6-b1f7-4e32b8a02f8a,14.709000000000001,valid_return_fraction,/scan,1.0,0.5
cc8b7541-2e11-4ed6-b1f7-4e32b8a02f8a,14.808000000000002,valid_return_fraction,/scan,1.0,0.5
cc8b7541-2e11-4ed6-b1f7-4e32b8a02f8a,14.91,valid_return_fraction,/scan,1.0,0.5
cc8b7541-2e11-4ed6-b1f7-4e32b8a02f8a,15.006,valid_return_fraction,/scan,1.0,0.5
cc8b7541-2e11-4ed6-b1f7-4e32b8a02f8a,15.111,valid_return_fraction,/scan,1.0,0.5
cc8b7541-2e11-4ed6-b1f7-4e32b8a02f8a,15.207,valid_return_fraction,/scan,1.0,0.5
cc8b7541-2e11-4ed6-b1f7-4e32b8a02f8a,15.309000000000001,valid_return_fraction,/scan,1.0,0.5
cc8b7541-2e11-4ed6-b1f7-4e32b8a02f8a,15.411000000000001,valid_return_fraction,/scan,1.0,0.5
cc8b7541-2e11-4ed6-b1f7-4e32b8a02f8a,15.510000000000002,valid_return_fraction,/scan,1.0,0.5
cc8b7541-2e11-4ed6-b1f7-4e32b8a02f8a,15.606000000000002,valid_return_fraction,/scan,1.0,0.5
cc8b7541-2e11-4ed6-b1f7-4e32b8a02f8a,15.711,valid_return_fraction,/scan,1.0,0.5
cc8b7541-2e11-4ed6-b1f7-4e32b8a02f8a,15.807,valid_return_fraction,/scan,1.0,0.5
cc8b7541-2e11-4ed6-b1f7-4e32b8a02f8a,15.906,valid_return_fraction,/scan,1.0,0.5
cc8b7541-2e11-4ed6-b1f7-4e32b8a02f8a,16.011,valid_return_fraction,/scan,1.0,0.5
cc8b7541-2e11-4ed6-b1f7-4e32b8a02f8a,16.11,valid_return_fraction,/scan,1.0,0.5
cc8b7541-2e11-4ed6-b1f7-4e32b8a02f8a,16.206,valid_return_fraction,/scan,1.0,0.5
cc8b7541-2e11-4ed6-b1f7-4e32b8a02f8a,16.308,valid_return_fraction,/scan,1.0,0.5
cc8b7541-2e11-4ed6-b1f7-4e32b8a02f8a,16.41,valid_return_fraction,/scan,1.0,0.5
cc8b7541-2e11-4ed6-b1f7-4e32b8a02f8a,16.509,valid_return_fraction,/scan,1.0,0.5
cc8b7541-2e11-4ed6-b1f7-4e32b8a02f8a,16.608,valid_return_fraction,/scan,1.0,0.5
cc8b7541-2e11-4ed6-b1f7-4e32b8a02f8a,16.71,valid_return_fraction,/scan,1.0,0.5
cc8b7541-2e11-4ed6-b1f7-4e32b8a02f8a,16.809,valid_return_fraction,/scan,1.0,0.5
cc8b7541-2e11-4ed6-b1f7-4e32b8a02f8a,16.911,valid_return_fraction,/scan,1.0,0.5
cc8b7541-2e11-4ed6-b1f7-4e32b8a02f8a,17.01,valid_return_fraction,/scan,1.0,0.5
cc8b7541-2e11-4ed6-b1f7-4e32b8a02f8a,17.109,valid_return_fraction,/scan,1.0,0.5
cc8b7541-2e11-4ed6-b1f7-4e32b8a02f8a,17.211000000000002,valid_return_fraction,/scan,1.0,0.5
cc8b7541-2e11-4ed6-b1f7-4e32b8a02f8a,17.310000000000002,valid_return_fraction,/scan,1.0,0.5
cc8b7541-2e11-4ed6-b1f7-4e32b8a02f8a,17.406000000000002,valid_return_fraction,/scan,1.0,0.5
cc8b7541-2e11-4ed6-b1f7-4e32b8a02f8a,17.511000000000003,valid_return_fraction,/scan,1.0,0.5
cc8b7541-2e11-4ed6-b1f7-4e32b8a02f8a,17.61,valid_return_fraction,/scan,1.0,0.5
cc8b7541-2e11-4ed6-b1f7-4e32b8a02f8a,17.709,valid_return_fraction,/scan,1.0,0.5
cc8b7541-2e11-4ed6-b1f7-4e32b8a02f8a,17.811,valid_return_fraction,/scan,1.0,0.5
cc8b7541-2e11-4ed6-b1f7-4e32b8a02f8a,17.91,valid_return_fraction,/scan,1.0,0.5
cc8b7541-2e11-4ed6-b1f7-4e32b8a02f8a,18.009,valid_return_fraction,/scan,1.0,0.5
cc8b7541-2e11-4ed6-b1f7-4e32b8a02f8a,18.111,valid_return_fraction,/scan,1.0,0.5
cc8b7541-2e11-4ed6-b1f7-4e32b8a02f8a,18.21,valid_return_fraction,/scan,1.0,0.5
cc8b7541-2e11-4ed6-b1f7-4e32b8a02f8a,18.309,valid_return_fraction,/scan,1.0,0.5
cc8b7541-2e11-4ed6-b1f7-4e32b8a02f8a,18.408,valid_return_fraction,/scan,1.0,0.5
cc8b7541-2e11-4ed6-b1f7-4e32b8a02f8a,18.51,valid_return_fraction,/scan,1.0,0.5
cc8b7541-2e11-4ed6-b1f7-4e32b8a02f8a,18.609,valid_return_fraction,/scan,1.0,0.5
cc8b7541-2e11-4ed6-b1f7-4e32b8a02f8a,18.711000000000002,valid_return_fraction,/scan,1.0,0.5
cc8b7541-2e11-4ed6-b1f7-4e32b8a02f8a,18.810000000000002,valid_return_fraction,/scan,1.0,0.5
cc8b7541-2e11-4ed6-b1f7-4e32b8a02f8a,18.909000000000002,valid_return_fraction,/scan,1.0,0.5
cc8b7541-2e11-4ed6-b1f7-4e32b8a02f8a,19.011000000000003,valid_return_fraction,/scan,1.0,0.5
cc8b7541-2e11-4ed6-b1f7-4e32b8a02f8a,19.113,valid_return_fraction,/scan,1.0,0.5
cc8b7541-2e11-4ed6-b1f7-4e32b8a02f8a,19.206,valid_return_fraction,/scan,1.0,0.5
cc8b7541-2e11-4ed6-b1f7-4e32b8a02f8a,19.308,valid_return_fraction,/scan,1.0,0.5
cc8b7541-2e11-4ed6-b1f7-4e32b8a02f8a,19.407,valid_return_fraction,/scan,1.0,0.5
cc8b7541-2e11-4ed6-b1f7-4e32b8a02f8a,19.509,valid_return_fraction,/scan,1.0,0.5
cc8b7541-2e11-4ed6-b1f7-4e32b8a02f8a,19.611,valid_return_fraction,/scan,1.0,0.5
cc8b7541-2e11-4ed6-b1f7-4e32b8a02f8a,19.707,valid_return_fraction,/scan,1.0,0.5
cc8b7541-2e11-4ed6-b1f7-4e32b8a02f8a,19.809,valid_return_fraction,/scan,1.0,0.5
cc8b7541-2e11-4ed6-b1f7-4e32b8a02f8a,19.908,valid_return_fraction,/scan,1.0,0.5
cc8b7541-2e11-4ed6-b1f7-4e32b8a02f8a,20.01,valid_return_fraction,/scan,1.0,0.5
cc8b7541-2e11-4ed6-b1f7-4e32b8a02f8a,20.109,valid_return_fraction,/scan,1.0,0.5
cc8b7541-2e11-4ed6-b1f7-4e32b8a02f8a,20.211000000000002,valid_return_fraction,/scan,1.0,0.5
cc8b7541-2e11-4ed6-b1f7-4e32b8a02f8a,20.310000000000002,valid_return_fraction,/scan,1.0,0.5
cc8b7541-2e11-4ed6-b1f7-4e32b8a02f8a,20.409000000000002,valid_return_fraction,/scan,1.0,0.5
cc8b7541-2e11-4ed6-b1f7-4e32b8a02f8a,20.511000000000003,valid_return_fraction,/scan,1.0,0.5
cc8b7541-2e11-4ed6-b1f7-4e32b8a02f8a,20.610000000000003,valid_return_fraction,/scan,1.0,0.5
cc8b7541-2e11-4ed6-b1f7-4e32b8a02f8a,20.706,valid_return_fraction,/scan,1.0,0.5
cc8b7541-2e11-4ed6-b1f7-4e32b8a02f8a,20.811,valid_return_fraction,/scan,1.0,0.5
cc8b7541-2e11-4ed6-b1f7-4e32b8a02f8a,20.91,valid_return_fraction,/scan,1.0,0.5
cc8b7541-2e11-4ed6-b1f7-4e32b8a02f8a,21.009,valid_return_fraction,/scan,1.0,0.5
cc8b7541-2e11-4ed6-b1f7-4e32b8a02f8a,21.108,valid_return_fraction,/scan,1.0,0.5
cc8b7541-2e11-4ed6-b1f7-4e32b8a02f8a,21.21,valid_return_fraction,/scan,1.0,0.5
cc8b7541-2e11-4ed6-b1f7-4e32b8a02f8a,21.309,valid_return_fraction,/scan,1.0,0.5
cc8b7541-2e11-4ed6-b1f7-4e32b8a02f8a,21.411,valid_return_fraction,/scan,1.0,0.5
cc8b7541-2e11-4ed6-b1f7-4e32b8a02f8a,21.507,valid_return_fraction,/scan,1.0,0.5
cc8b7541-2e11-4ed6-b1f7-4e32b8a02f8a,21.609,valid_return_fraction,/scan,1.0,0.5
cc8b7541-2e11-4ed6-b1f7-4e32b8a02f8a,21.711000000000002,valid_return_fraction,/scan,1.0,0.5
cc8b7541-2e11-4ed6-b1f7-4e32b8a02f8a,21.810000000000002,valid_return_fraction,/scan,1.0,0.5
cc8b7541-2e11-4ed6-b1f7-4e32b8a02f8a,21.909000000000002,valid_return_fraction,/scan,1.0,0.5
cc8b7541-2e11-4ed6-b1f7-4e32b8a02f8a,22.011000000000003,valid_return_fraction,/scan,1.0,0.5
cc8b7541-2e11-4ed6-b1f7-4e32b8a02f8a,22.110000000000003,valid_return_fraction,/scan,1.0,0.5
cc8b7541-2e11-4ed6-b1f7-4e32b8a02f8a,22.206000000000003,valid_return_fraction,/scan,1.0,0.5
cc8b7541-2e11-4ed6-b1f7-4e32b8a02f8a,22.311,valid_return_fraction,/scan,1.0,0.5
cc8b7541-2e11-4ed6-b1f7-4e32b8a02f8a,22.407,valid_return_fraction,/scan,1.0,0.5
cc8b7541-2e11-4ed6-b1f7-4e32b8a02f8a,22.506,valid_return_fraction,/scan,1.0,0.5
cc8b7541-2e11-4ed6-b1f7-4e32b8a02f8a,22.608,valid_return_fraction,/scan,1.0,0.5
cc8b7541-2e11-4ed6-b1f7-4e32b8a02f8a,22.71,valid_return_fraction,/scan,1.0,0.5
cc8b7541-2e11-4ed6-b1f7-4e32b8a02f8a,22.806,valid_return_fraction,/scan,1.0,0.5
cc8b7541-2e11-4ed6-b1f7-4e32b8a02f8a,22.911,valid_return_fraction,/scan,1.0,0.5
cc8b7541-2e11-4ed6-b1f7-4e32b8a02f8a,23.007,valid_return_fraction,/scan,1.0,0.5
cc8b7541-2e11-4ed6-b1f7-4e32b8a02f8a,23.109,valid_return_fraction,/scan,1.0,0.5
cc8b7541-2e11-4ed6-b1f7-4e32b8a02f8a,23.211000000000002,valid_return_fraction,/scan,1.0,0.5
cc8b7541-2e11-4ed6-b1f7-4e32b8a02f8a,23.310000000000002,valid_return_fraction,/scan,1.0,0.5
cc8b7541-2e11-4ed6-b1f7-4e32b8a02f8a,23.409000000000002,valid_return_fraction,/scan,1.0,0.5
cc8b7541-2e11-4ed6-b1f7-4e32b8a02f8a,23.511000000000003,valid_return_fraction,/scan,1.0,0.5
cc8b7541-2e11-4ed6-b1f7-4e32b8a02f8a,23.610000000000003,valid_return_fraction,/scan,1.0,0.5
cc8b7541-2e11-4ed6-b1f7-4e32b8a02f8a,23.709000000000003,valid_return_fraction,/scan,1.0,0.5
cc8b7541-2e11-4ed6-b1f7-4e32b8a02f8a,23.811,valid_return_fraction,/scan,1.0,0.5
cc8b7541-2e11-4ed6-b1f7-4e32b8a02f8a,23.91,valid_return_fraction,/scan,1.0,0.5
cc8b7541-2e11-4ed6-b1f7-4e32b8a02f8a,24.009,valid_return_fraction,/scan,1.0,0.5
cc8b7541-2e11-4ed6-b1f7-4e32b8a02f8a,24.111,valid_return_fraction,/scan,1.0,0.5
cc8b7541-2e11-4ed6-b1f7-4e32b8a02f8a,24.21,valid_return_fraction,/scan,1.0,0.5
cc8b7541-2e11-4ed6-b1f7-4e32b8a02f8a,24.309,valid_return_fraction,/scan,1.0,0.5
cc8b7541-2e11-4ed6-b1f7-4e32b8a02f8a,24.411,valid_return_fraction,/scan,1.0,0.5
cc8b7541-2e11-4ed6-b1f7-4e32b8a02f8a,24.51,valid_return_fraction,/scan,1.0,0.5
cc8b7541-2e11-4ed6-b1f7-4e32b8a02f8a,24.609,valid_return_fraction,/scan,1.0,0.5
cc8b7541-2e11-4ed6-b1f7-4e32b8a02f8a,24.711000000000002,valid_return_fraction,/scan,1.0,0.5
cc8b7541-2e11-4ed6-b1f7-4e32b8a02f8a,24.810000000000002,valid_return_fraction,/scan,1.0,0.5
cc8b7541-2e11-4ed6-b1f7-4e32b8a02f8a,24.909000000000002,valid_return_fraction,/scan,1.0,0.5
cc8b7541-2e11-4ed6-b1f7-4e32b8a02f8a,25.011000000000003,valid_return_fraction,/scan,1.0,0.5
cc8b7541-2e11-4ed6-b1f7-4e32b8a02f8a,25.110000000000003,valid_return_fraction,/scan,1.0,0.5
cc8b7541-2e11-4ed6-b1f7-4e32b8a02f8a,25.209000000000003,valid_return_fraction,/scan,1.0,0.5
cc8b7541-2e11-4ed6-b1f7-4e32b8a02f8a,25.311,valid_return_fraction,/scan,1.0,0.5
cc8b7541-2e11-4ed6-b1f7-4e32b8a02f8a,25.41,valid_return_fraction,/scan,1.0,0.5
cc8b7541-2e11-4ed6-b1f7-4e32b8a02f8a,25.509,valid_return_fraction,/scan,1.0,0.5
cc8b7541-2e11-4ed6-b1f7-4e32b8a02f8a,25.611,valid_return_fraction,/scan,1.0,0.5
cc8b7541-2e11-4ed6-b1f7-4e32b8a02f8a,25.71,valid_return_fraction,/scan,1.0,0.5
cc8b7541-2e11-4ed6-b1f7-4e32b8a02f8a,25.809,valid_return_fraction,/scan,1.0,0.5
cc8b7541-2e11-4ed6-b1f7-4e32b8a02f8a,25.911,valid_return_fraction,/scan,1.0,0.5
cc8b7541-2e11-4ed6-b1f7-4e32b8a02f8a,26.01,valid_return_fraction,/scan,1.0,0.5
cc8b7541-2e11-4ed6-b1f7-4e32b8a02f8a,26.106,valid_return_fraction,/scan,1.0,0.5
cc8b7541-2e11-4ed6-b1f7-4e32b8a02f8a,26.211000000000002,valid_return_fraction,/scan,1.0,0.5
cc8b7541-2e11-4ed6-b1f7-4e32b8a02f8a,26.310000000000002,valid_return_fraction,/scan,1.0,0.5
cc8b7541-2e11-4ed6-b1f7-4e32b8a02f8a,26.409000000000002,valid_return_fraction,/scan,1.0,0.5
cc8b7541-2e11-4ed6-b1f7-4e32b8a02f8a,26.511000000000003,valid_return_fraction,/scan,1.0,0.5
cc8b7541-2e11-4ed6-b1f7-4e32b8a02f8a,26.607000000000003,valid_return_fraction,/scan,1.0,0.5
cc8b7541-2e11-4ed6-b1f7-4e32b8a02f8a,26.709000000000003,valid_return_fraction,/scan,1.0,0.5
cc8b7541-2e11-4ed6-b1f7-4e32b8a02f8a,26.811,valid_return_fraction,/scan,1.0,0.5
cc8b7541-2e11-4ed6-b1f7-4e32b8a02f8a,26.91,valid_return_fraction,/scan,1.0,0.5
cc8b7541-2e11-4ed6-b1f7-4e32b8a02f8a,27.009,valid_return_fraction,/scan,1.0,0.5
cc8b7541-2e11-4ed6-b1f7-4e32b8a02f8a,27.111,valid_return_fraction,/scan,1.0,0.5
cc8b7541-2e11-4ed6-b1f7-4e32b8a02f8a,27.21,valid_return_fraction,/scan,1.0,0.5
cc8b7541-2e11-4ed6-b1f7-4e32b8a02f8a,27.306,valid_return_fraction,/scan,1.0,0.5
cc8b7541-2e11-4ed6-b1f7-4e32b8a02f8a,27.411,valid_return_fraction,/scan,1.0,0.5
cc8b7541-2e11-4ed6-b1f7-4e32b8a02f8a,27.51,valid_return_fraction,/scan,1.0,0.5
cc8b7541-2e11-4ed6-b1f7-4e32b8a02f8a,27.609,valid_return_fraction,/scan,1.0,0.5
cc8b7541-2e11-4ed6-b1f7-4e32b8a02f8a,27.711000000000002,valid_return_fraction,/scan,1.0,0.5
cc8b7541-2e11-4ed6-b1f7-4e32b8a02f8a,27.810000000000002,valid_return_fraction,/scan,1.0,0.5
cc8b7541-2e11-4ed6-b1f7-4e32b8a02f8a,27.909000000000002,valid_return_fraction,/scan,1.0,0.5
cc8b7541-2e11-4ed6-b1f7-4e32b8a02f8a,28.011000000000003,valid_return_fraction,/scan,1.0,0.5
cc8b7541-2e11-4ed6-b1f7-4e32b8a02f8a,28.110000000000003,valid_return_fraction,/scan,1.0,0.5
cc8b7541-2e11-4ed6-b1f7-4e32b8a02f8a,28.209000000000003,valid_return_fraction,/scan,1.0,0.5
cc8b7541-2e11-4ed6-b1f7-4e32b8a02f8a,28.311000000000003,valid_return_fraction,/scan,1.0,0.5
cc8b7541-2e11-4ed6-b1f7-4e32b8a02f8a,28.41,valid_return_fraction,/scan,1.0,0.5
cc8b7541-2e11-4ed6-b1f7-4e32b8a02f8a,28.509,valid_return_fraction,/scan,1.0,0.5
cc8b7541-2e11-4ed6-b1f7-4e32b8a02f8a,28.611,valid_return_fraction,/scan,1.0,0.5
cc8b7541-2e11-4ed6-b1f7-4e32b8a02f8a,28.707,valid_return_fraction,/scan,1.0,0.5
cc8b7541-2e11-4ed6-b1f7-4e32b8a02f8a,28.809,valid_return_fraction,/scan,1.0,0.5
cc8b7541-2e11-4ed6-b1f7-4e32b8a02f8a,28.911,valid_return_fraction,/scan,1.0,0.5
cc8b7541-2e11-4ed6-b1f7-4e32b8a02f8a,29.01,valid_return_fraction,/scan,1.0,0.5
cc8b7541-2e11-4ed6-b1f7-4e32b8a02f8a,29.109,valid_return_fraction,/scan,1.0,0.5
cc8b7541-2e11-4ed6-b1f7-4e32b8a02f8a,29.211000000000002,valid_return_fraction,/scan,1.0,0.5
cc8b7541-2e11-4ed6-b1f7-4e32b8a02f8a,29.307000000000002,valid_return_fraction,/scan,1.0,0.5
cc8b7541-2e11-4ed6-b1f7-4e32b8a02f8a,29.409000000000002,valid_return_fraction,/scan,1.0,0.5
cc8b7541-2e11-4ed6-b1f7-4e32b8a02f8a,29.511000000000003,valid_return_fraction,/scan,1.0,0.5
cc8b7541-2e11-4ed6-b1f7-4e32b8a02f8a,29.610000000000003,valid_return_fraction,/scan,1.0,0.5
